2024-09-03 17:23:08
../stream-replay/logs/rtt-6205@128.txt
1 0.031358 0 
2 0.064363 0 
4 0.095956 0 
5 0.079635 0 
7 0.106214 0 
8 0.086286 0 
9 0.070015 0 
10 0.053902 0 
11 0.037187 0 
12 0.021097 0 
13 0.178661 0 
14 0.162985 0 
15 0.146291 0 
16 0.129971 0 
17 0.113521 0 
18 0.097082 0 
19 0.080960 0 
20 0.063986 0 
21 0.046130 0 
22 0.044403 0 
23 0.028004 0 
24 0.011656 0 
25 0.028635 0 
26 0.012250 0 
27 0.070119 0 
28 0.054081 0 
29 0.037841 0 
31 0.122075 0 
32 0.105498 0 
33 0.088965 0 
34 0.126595 0 
35 0.110062 0 
36 0.093686 0 
37 0.195296 0 
38 0.178966 0 
40 0.146761 0 
41 0.130364 0 
42 0.113340 0 
43 0.097226 0 
45 0.064151 0 
47 0.030765 0 
48 0.192762 0 
49 0.200503 0 
50 0.281618 0 
53 0.537371 0 
54 0.521564 0 
55 0.505689 0 
56 0.489651 0 
57 0.473024 0 
58 0.461179 0 
61 0.511237 0 
62 0.495128 0 
63 0.478917 0 
64 0.461961 0 
66 0.428364 0 
68 0.395925 0 
69 0.379299 0 
70 0.363279 0 
71 0.347083 0 
72 0.329807 0 
74 0.400570 0 
76 0.366981 0 
77 0.366542 0 
78 0.350578 0 
79 0.367611 0 
80 0.350974 0 
81 0.335058 0 
82 0.511599 0 
83 0.495116 0 
84 0.478451 0 
85 0.461930 0 
86 0.446004 0 
87 0.429519 0 
88 0.413019 0 
89 0.472528 0 
90 0.476185 0 
92 0.443539 0 
93 0.500462 0 
94 0.483783 0 
95 0.539621 0 
96 0.523278 0 
97 0.507077 0 
98 0.490811 0 
99 0.474248 0 
100 0.458110 0 
101 0.650041 0 
103 0.616782 0 
105 0.587653 0 
106 0.571759 0 
107 0.555418 0 
108 0.561923 0 
109 0.545914 0 
110 0.529526 0 
111 0.513149 0 
113 0.532098 0 
114 0.516063 0 
115 0.499207 0 
116 0.482742 0 
118 0.549407 0 
120 0.516064 0 
121 0.499553 0 
122 0.483119 0 
124 0.451639 0 
125 0.463118 0 
126 0.446728 0 
128 0.414313 0 
129 0.668442 0 
130 0.652135 0 
131 0.635839 0 
132 0.619160 0 
133 0.604040 0 
134 0.584511 0 
135 0.567598 0 
136 0.551167 0 
137 0.534799 0 
138 0.564039 0 
139 0.547023 0 
140 0.530488 0 
141 0.514539 0 
142 0.796878 0 
143 0.839030 0 
144 0.822780 0 
145 0.833639 0 
147 0.878299 0 
148 0.862228 0 
149 0.845791 0 
150 0.828353 0 
151 0.809567 0 
152 0.825344 0 
153 0.844909 0 
155 0.812242 0 
156 0.795695 0 
157 0.779474 0 
158 0.763287 0 
159 0.746770 0 
160 0.730767 0 
161 0.799213 0 
162 0.783205 0 
163 0.766592 0 
164 0.834187 0 
165 0.816672 0 
166 0.823070 0 
168 0.851566 0 
169 0.835898 0 
170 0.850950 0 
171 0.834559 0 
172 0.883168 0 
173 0.866889 0 
174 0.850270 0 
176 0.817824 0 
177 0.801186 0 
178 0.932032 0 
179 0.916222 0 
181 0.883447 0 
182 0.867108 0 
183 0.850755 0 
184 0.834327 0 
186 0.801959 0 
187 0.785559 0 
188 0.845292 0 
189 0.828905 0 
190 0.812266 0 
191 0.795998 0 
193 0.763211 0 
194 0.767525 0 
195 0.751299 0 
196 0.734287 0 
197 0.775464 0 
198 0.759463 0 
199 0.782989 0 
200 0.766086 0 
201 0.749994 0 
203 0.715759 0 
204 0.699428 0 
205 0.683193 0 
206 0.666845 0 
207 0.650746 0 
208 0.634278 0 
209 0.788769 0 
210 0.772518 0 
211 0.755945 0 
212 0.739274 0 
213 0.722960 0 
214 0.706561 0 
215 0.689622 0 
216 0.737558 0 
217 0.721374 0 
218 0.705721 0 
219 0.874545 0 
220 0.858944 0 
221 0.843076 0 
222 0.826795 0 
223 0.810352 0 
224 0.793706 0 
225 0.776899 0 
226 0.760890 0 
227 0.744107 0 
228 0.728577 0 
230 0.886874 0 
231 0.869708 0 
232 0.854764 0 
233 0.838422 0 
234 0.820288 0 
235 0.803781 0 
236 0.787757 0 
237 0.770854 0 
239 0.735762 0 
240 0.719605 0 
241 0.703427 0 
242 0.687224 0 
244 0.653895 0 
246 0.752386 0 
247 0.890826 0 
248 0.875656 0 
249 0.996868 0 
252 0.947924 0 
253 0.927546 0 
254 0.911052 0 
255 0.894742 0 
256 0.878553 0 
257 0.862230 0 
258 1.011327 0 
259 0.994616 0 
260 1.379457 0 
261 1.362896 0 
262 1.347208 0 
263 1.332127 0 
265 1.299401 0 
267 1.267028 0 
268 1.250786 0 
269 1.307781 0 
270 1.291360 0 
271 1.288800 0 
272 1.272089 0 
273 1.628473 0 
275 1.615494 0 
276 1.600035 0 
277 1.582905 0 
278 1.699009 0 
279 1.682695 0 
280 1.667000 0 
281 1.649833 0 
282 1.633937 0 
283 1.616720 0 
284 1.601086 0 
285 1.583685 0 
286 1.567938 0 
287 1.551200 0 
288 1.534328 0 
291 1.534774 0 
292 1.518165 0 
293 1.500343 0 
294 1.483887 0 
295 1.499667 0 
296 1.483351 0 
297 1.592037 0 
298 1.575039 0 
299 1.574471 0 
300 1.555882 0 
302 1.523288 0 
304 1.769525 0 
305 1.753043 0 
306 1.736872 0 
309 1.775281 0 
310 1.758724 0 
312 1.831285 0 
313 1.815188 0 
314 1.798936 0 
315 1.782365 0 
317 1.783063 0 
319 1.743937 0 
320 1.728555 0 
321 1.710879 0 
323 1.693433 0 
324 1.870279 0 
325 1.853993 0 
327 1.821549 0 
328 1.806144 0 
329 1.789684 0 
330 1.773029 0 
331 1.756800 0 
332 1.740417 0 
339 1.737858 0 
340 1.734871 0 
341 1.718455 0 
342 1.832864 0 
343 1.814603 0 
344 1.798576 0 
346 1.766221 0 
347 1.750390 0 
348 1.734004 0 
349 2.132246 0 
350 2.113070 0 
351 2.175240 0 
352 2.218001 0 
354 2.184922 0 
355 2.168310 0 
356 2.151944 0 
357 2.189165 0 
358 2.231268 0 
359 2.214755 0 
360 2.199203 0 
361 2.182746 0 
362 2.166383 0 
363 2.149919 0 
364 2.133419 0 
365 2.116602 0 
367 2.076219 0 
368 2.082777 0 
369 2.213316 0 
370 2.254743 0 
371 2.238577 0 
372 2.222502 0 
373 2.206367 0 
375 2.273188 0 
376 2.256920 0 
377 2.240587 0 
378 2.326626 0 
380 2.293444 0 
381 2.357694 0 
382 2.341120 0 
383 2.324802 0 
385 2.292183 0 
386 2.302694 0 
387 2.286325 0 
388 2.270011 0 
389 2.253934 0 
390 2.261473 0 
392 2.231344 0 
393 2.215098 0 
394 2.243432 0 
395 2.230626 0 
396 2.297526 0 
397 2.322551 0 
398 2.306398 0 
399 2.290163 0 
400 2.273848 0 
402 2.240828 0 
403 2.224922 0 
404 2.208400 0 
405 2.192672 0 
406 2.196575 0 
407 2.181136 0 
408 2.164896 0 
409 2.170024 0 
410 2.182993 0 
411 2.165821 0 
412 2.149436 0 
413 2.132495 0 
414 2.116081 0 
415 2.162185 0 
416 2.145989 0 
417 2.129818 0 
418 2.135063 0 
419 2.121158 0 
420 2.105024 0 
421 2.156568 0 
422 2.140266 0 
423 2.124145 0 
424 2.106695 0 
425 2.090271 0 
426 2.074134 0 
427 2.057568 0 
429 2.103589 0 
430 2.108169 0 
431 2.091786 0 
432 2.087031 0 
433 2.108533 0 
434 2.092743 0 
435 2.076608 0 
436 2.080044 0 
438 2.072184 0 
439 2.151782 0 
440 2.135384 0 
441 2.119129 0 
443 2.086713 0 
445 2.117166 0 
446 2.101042 0 
447 2.154880 0 
448 2.138643 0 
451 2.151160 0 
452 2.134592 0 
453 2.153128 0 
454 2.136841 0 
455 2.120672 0 
456 2.104593 0 
457 2.203496 0 
458 2.187627 0 
459 2.170713 0 
460 2.180647 0 
461 2.164976 0 
462 2.148598 0 
464 2.115898 0 
466 2.223412 0 
467 2.353291 0 
468 2.336584 0 
469 2.320486 0 
470 2.304351 0 
471 2.288210 0 
472 2.271876 0 
474 2.239546 0 
475 2.223342 0 
476 2.206432 0 
477 2.190208 0 
478 2.173624 0 
479 2.157250 0 
480 2.216763 0 
481 2.200346 0 
482 2.183669 0 
483 2.167070 0 
484 2.151569 0 
485 2.180700 0 
486 2.164619 0 
487 2.148235 0 
488 2.131986 0 
490 2.142904 0 
491 2.126430 0 
492 2.109476 0 
493 2.093101 0 
494 2.121416 0 
495 2.104880 0 
496 2.088525 0 
497 2.122562 0 
498 2.105968 0 
499 2.090006 0 
501 2.126064 0 
503 2.094274 0 
504 2.153510 0 
505 2.245266 0 
506 2.229017 0 
507 2.212318 0 
508 2.195955 0 
509 2.179832 0 
511 2.147380 0 
512 2.131483 0 
513 2.187030 0 
514 2.170799 0 
516 2.138471 0 
518 2.136941 0 
519 2.120728 0 
520 2.103874 0 
522 2.145085 0 
523 2.128763 0 
526 2.077694 0 
527 2.061548 0 
529 2.058211 0 
530 2.041654 0 
531 2.119769 0 
532 2.102576 0 
533 2.133319 0 
534 2.117779 0 
535 2.101295 0 
536 2.084704 0 
537 2.068168 0 
538 2.051979 0 
539 2.033226 0 
540 2.073269 0 
541 2.057314 0 
542 2.040922 0 
543 2.024571 0 
545 2.033599 0 
546 2.016910 0 
547 2.000216 0 
548 1.984155 0 
549 1.967714 0 
550 2.020680 0 
551 2.004359 0 
553 1.971678 0 
554 1.955321 0 
555 1.938849 0 
556 1.922575 0 
557 1.926454 0 
558 1.907525 0 
559 1.893879 0 
560 1.877395 0 
561 1.860945 0 
562 1.844340 0 
563 1.991512 0 
564 1.975528 0 
566 2.031610 0 
567 2.020065 0 
568 2.004127 0 
569 2.041009 0 
570 2.025088 0 
571 2.009043 0 
572 1.992471 0 
574 1.963861 0 
575 1.947499 0 
576 1.982433 0 
577 1.965798 0 
580 2.008471 0 
581 1.991827 0 
582 1.975730 0 
584 1.943352 0 
585 1.926825 0 
586 1.910418 0 
587 1.894198 0 
588 1.898113 0 
589 1.881717 0 
592 1.922696 0 
593 2.205514 0 
594 2.191060 0 
595 2.174432 0 
596 2.157948 0 
597 2.141602 0 
598 2.125126 0 
599 2.108465 0 
601 2.075476 0 
602 2.089956 0 
603 2.073694 0 
604 2.057616 0 
605 2.087553 0 
606 2.071298 0 
607 2.054631 0 
608 2.078351 0 
609 2.061734 0 
610 2.045518 0 
611 2.029246 0 
612 2.012804 0 
613 2.006556 0 
614 2.027748 0 
615 2.012509 0 
616 1.995516 0 
617 1.979131 0 
618 1.962593 0 
619 1.946330 0 
620 1.929753 0 
621 1.912813 0 
622 1.896732 0 
623 1.931197 0 
624 1.915113 0 
625 1.898985 0 
626 1.911242 0 
628 1.878423 0 
629 1.964931 0 
630 1.948578 0 
631 1.932305 0 
632 1.916397 0 
633 1.900018 0 
634 1.883745 0 
635 1.867327 0 
637 1.834979 0 
638 1.861501 0 
639 1.845180 0 
640 1.829091 0 
642 1.796412 0 
644 1.763136 0 
645 1.746461 0 
646 1.807637 0 
647 1.791352 0 
650 1.740021 0 
651 1.723799 0 
652 1.707969 0 
653 1.691459 0 
654 1.675191 0 
655 1.695998 0 
656 1.678499 0 
657 1.661937 0 
658 1.706868 0 
659 1.690443 0 
660 1.674057 0 
661 1.660717 0 
663 1.721960 0 
665 1.730812 0 
666 1.753403 0 
667 1.736810 0 
668 1.720661 0 
669 1.704041 0 
670 1.713104 0 
671 1.697139 0 
673 1.678499 0 
674 1.662154 0 
675 1.693312 0 
676 1.690809 0 
677 1.674429 0 
678 1.658075 0 
679 1.658761 0 
680 1.642417 0 
681 1.725104 0 
682 1.709016 0 
683 1.692425 0 
684 1.676520 0 
685 1.660259 0 
686 1.644096 0 
687 1.627350 0 
689 1.595309 0 
690 1.646572 0 
691 1.630389 0 
692 1.614104 0 
693 1.595006 0 
694 1.578662 0 
695 1.591575 0 
696 1.575163 0 
697 1.559192 0 
698 1.542998 0 
700 1.573093 0 
702 1.618083 0 
703 1.601939 0 
704 1.585616 0 
705 1.569404 0 
706 1.553299 0 
707 1.614768 0 
708 1.598456 0 
710 1.565460 0 
711 1.548842 0 
712 1.533030 0 
713 1.570188 0 
715 1.655616 0 
717 1.623096 0 
718 1.606829 0 
719 1.651606 0 
721 1.618101 0 
722 1.646248 0 
723 1.630390 0 
725 1.597668 0 
726 1.581661 0 
727 1.565262 0 
728 1.549415 0 
729 1.533045 0 
730 1.584119 0 
731 1.567461 0 
732 1.695225 0 
733 1.679050 0 
734 1.662222 0 
735 1.646321 0 
737 1.702869 0 
738 1.746722 0 
739 1.730286 0 
740 1.713919 0 
741 1.694161 0 
742 1.677961 0 
744 2.040086 0 
745 2.024360 0 
746 2.058664 0 
747 2.043473 0 
748 2.027536 0 
749 2.009341 0 
750 1.993743 0 
752 1.960766 0 
753 2.153936 0 
754 2.138190 0 
755 2.121796 0 
756 2.105291 0 
757 2.089724 0 
758 2.073009 0 
759 2.116108 0 
760 2.099902 0 
761 2.083640 0 
762 2.067771 0 
763 2.051318 0 
765 2.018810 0 
766 2.059142 0 
767 2.042724 0 
768 2.134402 0 
769 2.117567 0 
770 2.098582 0 
771 2.084376 0 
773 2.052067 0 
774 2.036758 0 
775 2.020344 0 
776 2.175263 0 
778 2.142803 0 
779 2.126886 0 
780 2.110475 0 
781 2.094397 0 
783 2.062164 0 
784 2.046152 0 
785 2.065119 0 
786 2.049294 0 
787 2.032090 0 
788 2.016021 0 
790 1.983674 0 
791 2.023917 0 
792 2.007550 0 
793 2.147564 0 
794 2.131774 0 
795 2.115120 0 
796 2.116210 0 
797 2.100200 0 
798 2.083623 0 
800 2.072943 0 
801 2.097075 0 
802 2.081516 0 
803 2.065020 0 
804 2.048322 0 
805 2.031862 0 
806 2.084402 0 
807 2.068188 0 
808 2.052296 0 
809 2.035532 0 
810 2.019618 0 
811 2.003979 0 
812 1.987658 0 
813 1.971157 0 
814 1.955256 0 
815 1.978181 0 
816 1.961922 0 
817 2.014652 0 
818 1.998346 0 
819 1.982965 0 
820 1.966660 0 
821 1.950530 0 
822 1.934067 0 
823 1.918040 0 
824 1.901536 0 
825 2.148578 0 
827 2.116016 0 
828 2.100571 0 
829 2.084473 0 
830 2.091842 0 
831 2.075650 0 
832 2.059087 0 
833 2.173404 0 
834 2.157352 0 
836 2.124944 0 
837 2.108690 0 
838 2.092783 0 
839 2.076503 0 
841 2.044025 0 
843 2.011057 0 
844 1.994758 0 
845 2.122722 0 
846 2.105803 0 
849 2.256197 0 
850 2.239920 0 
851 2.223726 0 
852 2.223816 0 
853 2.211573 0 
854 2.196330 0 
855 2.180001 0 
856 2.399680 0 
857 2.427811 0 
858 2.411375 0 
860 2.419838 0 
862 2.387288 0 
864 2.458329 0 
865 2.595682 0 
866 2.579211 0 
867 2.563133 0 
868 2.546972 0 
869 2.530496 0 
870 2.514523 0 
872 2.581863 0 
873 2.565965 0 
874 2.550034 0 
875 2.533796 0 
876 2.517393 0 
877 2.501118 0 
878 2.484788 0 
879 2.467710 0 
880 2.451163 0 
883 2.516083 0 
886 2.466999 0 
891 2.546429 0 
892 2.557502 0 
893 2.541461 0 
894 2.567105 0 
895 2.550947 0 
896 2.534804 0 
897 2.520112 0 
899 2.585132 0 
901 2.552549 0 
902 2.536315 0 
903 2.520014 0 
904 2.554181 0 
905 2.537738 0 
906 2.521767 0 
907 2.504985 0 
909 2.472603 0 
910 2.455907 0 
911 2.439862 0 
912 2.530126 0 
914 2.521064 0 
920 2.464883 0 
921 2.448633 0 
922 2.505857 0 
924 2.473642 0 
925 2.462585 0 
926 2.472039 0 
927 2.455516 0 
929 2.487036 0 
930 2.470614 0 
931 2.454579 0 
932 2.438201 0 
933 2.528803 0 
934 2.512726 0 
935 2.496437 0 
936 2.543731 0 
937 2.527382 0 
938 2.511534 0 
939 2.495377 0 
941 2.470384 0 
943 2.437673 0 
944 2.473258 0 
945 2.456859 0 
946 2.440410 0 
947 2.424304 0 
948 2.408400 0 
951 2.827722 0 
952 2.812363 0 
953 2.796187 0 
954 2.900220 0 
955 2.884105 0 
956 2.867586 0 
957 2.907738 0 
958 2.892004 0 
959 2.874653 0 
960 2.993839 0 
961 2.978101 0 
962 2.961776 0 
964 2.928585 0 
965 2.912164 0 
966 2.896097 0 
967 2.880096 0 
968 2.908682 0 
969 2.892365 0 
970 2.876550 0 
972 2.844101 0 
973 3.132535 0 
974 3.116260 0 
975 3.099640 0 
977 3.066342 0 
978 3.075670 0 
979 3.059616 0 
980 3.043319 0 
982 3.060454 0 
983 3.043929 0 
984 3.060750 0 
985 3.044277 0 
986 3.028279 0 
987 3.011720 0 
989 2.979046 0 
990 3.012711 0 
991 2.996166 0 
992 3.042849 0 
993 3.025693 0 
994 3.009900 0 
995 2.993554 0 
996 2.992128 0 
997 2.976044 0 
999 3.049086 0 
1000 3.032382 0 
1001 3.016461 0 
1002 2.999754 0 
1003 2.983506 0 
1004 2.967123 0 
1005 2.950839 0 
1006 2.934776 0 
1007 2.918747 0 
1008 2.901789 0 
1009 2.885866 0 
1011 2.921168 0 
1012 2.905092 0 
1013 2.923161 0 
1014 2.904857 0 
1015 2.888886 0 
1016 2.905693 0 
1017 2.888954 0 
1018 2.872855 0 
1019 2.856298 0 
1020 2.840182 0 
1021 2.824004 0 
1022 2.896667 0 
1023 2.880508 0 
1024 2.968175 0 
1026 2.934657 0 
1027 2.918166 0 
1028 2.901892 0 
1029 2.939844 0 
1030 2.922988 0 
1031 2.906708 0 
1032 2.916309 0 
1033 2.900548 0 
1035 2.909027 0 
1036 2.892596 0 
1037 2.876427 0 
1038 2.860171 0 
1040 2.827659 0 
1044 3.189937 0 
1045 3.173460 0 
1048 3.124874 0 
1049 3.108747 0 
1050 3.092523 0 
1052 3.059768 0 
1053 3.043475 0 
1054 3.036366 0 
1055 3.020163 0 
1056 3.003610 0 
1057 3.023919 0 
1058 3.007477 0 
1059 2.991494 0 
1061 2.958717 0 
1063 3.016887 0 
1064 3.000732 0 
1065 2.984598 0 
1066 2.967810 0 
1067 2.951332 0 
1068 2.934819 0 
1069 2.918532 0 
1071 2.932704 0 
1072 2.933115 0 
1073 2.916897 0 
1074 2.900494 0 
1075 2.884280 0 
1076 3.068732 0 
1077 3.052639 0 
1078 3.036143 0 
1079 3.019749 0 
1080 3.004126 0 
1081 2.986984 0 
1082 2.971196 0 
1083 2.955033 0 
1084 2.938892 0 
1085 2.922608 0 
1087 2.885906 0 
1088 2.870675 0 
1090 3.020808 0 
1091 3.004087 0 
1092 2.988066 0 
1093 2.971746 0 
1094 2.955555 0 
1095 2.939176 0 
1096 2.922697 0 
1098 2.902726 0 
1100 2.905835 0 
1101 2.889434 0 
1102 2.872744 0 
1103 2.960399 0 
1104 2.944561 0 
1105 2.964005 0 
1106 2.947482 0 
1108 2.915194 0 
1109 2.899030 0 
1110 2.882573 0 
1111 2.866365 0 
1113 2.936960 0 
1115 2.953334 0 
1116 2.936651 0 
1117 2.920726 0 
1119 2.987001 0 
1120 2.971069 0 
1121 2.954468 0 
1123 2.922266 0 
1124 2.984844 0 
1125 2.968521 0 
1126 2.952329 0 
1127 2.935868 0 
1128 2.919762 0 
1129 2.902946 0 
1130 2.886943 0 
1131 2.870816 0 
1132 2.854504 0 
1133 2.838130 0 
1134 2.821747 0 
1135 3.028784 0 
1136 3.012723 0 
1137 2.996504 0 
1138 3.227664 0 
1139 3.211558 0 
1140 3.195331 0 
1142 3.162511 0 
1143 3.145427 0 
1144 3.295413 0 
1145 3.279392 0 
1146 3.262940 0 
1147 3.248310 0 
1148 3.232211 0 
1150 3.199883 0 
1151 3.183309 0 
1152 3.197513 0 
1153 3.181456 0 
1154 3.165171 0 
1155 3.148985 0 
1156 3.132785 0 
1157 3.116603 0 
1158 3.100642 0 
1159 3.083940 0 
1160 3.066592 0 
1161 3.100675 0 
1163 3.068303 0 
1164 3.155664 0 
1165 3.139426 0 
1166 3.198972 0 
1167 3.183333 0 
1168 3.166984 0 
1169 3.150504 0 
1171 3.117952 0 
1172 3.101750 0 
1173 3.084853 0 
1174 3.161788 0 
1176 3.129864 0 
1177 3.113245 0 
1178 3.096890 0 
1179 3.080344 0 
1181 3.046196 0 
1182 3.030183 0 
1183 3.013892 0 
1184 2.997728 0 
1185 2.981366 0 
1186 2.965410 0 
1188 3.088194 0 
1189 3.071550 0 
1190 3.055348 0 
1191 3.038637 0 
1192 3.040886 0 
1193 3.024746 0 
1194 3.098794 0 
1195 3.082536 0 
1196 3.066241 0 
1198 3.048174 0 
1199 3.031975 0 
1200 3.015889 0 
1201 3.038185 0 
1202 3.021804 0 
1203 3.005448 0 
1204 2.989164 0 
1205 3.086561 0 
1206 3.070390 0 
1207 3.054350 0 
1208 3.037796 0 
1209 3.021610 0 
1210 3.005608 0 
1211 2.989233 0 
1212 2.972554 0 
1213 2.956445 0 
1214 2.991722 0 
1215 2.975667 0 
1216 3.015683 0 
1217 2.999574 0 
1218 2.981742 0 
1219 2.965318 0 
1220 2.949644 0 
1222 2.972823 0 
1223 2.956399 0 
1225 3.020473 0 
1226 3.004239 0 
1227 2.988040 0 
1228 2.971398 0 
1229 2.955406 0 
1230 2.939145 0 
1231 2.922818 0 
1232 2.902902 0 
1234 3.125295 0 
1235 3.176039 0 
1236 3.159720 0 
1237 3.143653 0 
1239 3.111323 0 
1241 3.135742 0 
1242 3.131159 0 
1243 3.136007 0 
1244 3.241764 0 
1247 3.192570 0 
1248 3.176370 0 
1249 3.175018 0 
1250 3.158322 0 
1251 3.142214 0 
1252 3.141622 0 
1253 3.152564 0 
1254 3.136593 0 
1255 3.119861 0 
1256 3.103931 0 
1257 3.085625 0 
1258 3.070131 0 
1260 3.037593 0 
1262 3.070733 0 
1263 3.055337 0 
1264 3.164964 0 
1265 3.147513 0 
1266 3.131414 0 
1267 3.115312 0 
1268 3.254932 0 
1270 3.222319 0 
1271 3.222420 0 
1272 3.206602 0 
1273 3.190315 0 
1274 3.174111 0 
1275 3.157001 0 
1276 3.140576 0 
1277 3.182519 0 
1278 3.166190 0 
1279 3.149373 0 
1280 3.131327 0 
1281 3.115535 0 
1282 3.098274 0 
1283 3.082184 0 
1284 3.065905 0 
1286 3.176990 0 
1287 3.160256 0 
1288 3.143769 0 
1289 3.127549 0 
1290 3.111564 0 
1291 3.095212 0 
1292 3.126827 0 
1293 3.110827 0 
1294 3.157656 0 
1295 3.141548 0 
1297 3.129087 0 
1299 3.096181 0 
1300 3.134539 0 
1301 3.118162 0 
1302 3.101964 0 
1303 3.086117 0 
1304 3.069821 0 
1305 3.185099 0 
1307 3.152339 0 
1308 3.136172 0 
1309 3.119953 0 
1310 3.103527 0 
1312 3.071477 0 
1314 3.057274 0 
1315 3.041322 0 
1316 3.025090 0 
1318 2.990797 0 
1319 3.035904 0 
1320 3.077048 0 
1322 3.043948 0 
1323 3.027510 0 
1325 3.308913 0 
1326 3.292752 0 
1327 3.275040 0 
1328 3.258826 0 
1329 3.242514 0 
1330 3.226284 0 
1331 3.209245 0 
1332 3.301921 0 
1333 3.285988 0 
1334 3.269834 0 
1335 3.353512 0 
1336 3.337373 0 
1337 3.321159 0 
1338 3.304890 0 
1339 3.288488 0 
1341 3.256854 0 
1342 3.240472 0 
1343 3.318148 0 
1344 3.301821 0 
1345 3.285554 0 
1346 3.269225 0 
1347 3.253080 0 
1349 3.220263 0 
1350 3.203690 0 
1351 3.187580 0 
1352 3.171197 0 
1353 3.155013 0 
1354 3.210214 0 
1355 3.194327 0 
1356 3.178125 0 
1357 3.193460 0 
1358 3.177138 0 
1359 3.160491 0 
1360 3.144506 0 
1362 3.271316 0 
1364 3.238065 0 
1365 3.310134 0 
1366 3.293583 0 
1367 3.277371 0 
1368 3.260656 0 
1370 3.228503 0 
1371 3.212317 0 
1372 3.223188 0 
1373 3.243149 0 
1375 3.209563 0 
1376 3.227942 0 
1377 3.211784 0 
1378 3.288543 0 
1380 3.255885 0 
1381 3.300990 0 
1382 3.284380 0 
1383 3.268412 0 
1384 3.251935 0 
1385 3.235928 0 
1387 3.266749 0 
1388 3.252160 0 
1389 3.269681 0 
1390 3.263338 0 
1391 3.289761 0 
1392 3.395521 0 
1393 3.379908 0 
1394 3.364355 0 
1395 3.347942 0 
1397 3.315349 0 
1398 3.361286 0 
1399 3.345068 0 
1400 3.328979 0 
1401 3.312680 0 
1402 3.296448 0 
1403 3.280145 0 
1404 3.334213 0 
1405 3.317907 0 
1406 3.301847 0 
1407 3.285580 0 
1408 3.269261 0 
1409 3.252805 0 
1410 3.305002 0 
1411 3.288868 0 
1412 3.272798 0 
1413 3.289735 0 
1414 3.273432 0 
1415 3.257360 0 
1416 3.241274 0 
1417 3.224729 0 
1418 3.208493 0 
1419 3.192647 0 
1420 3.273224 0 
1421 3.257351 0 
1422 3.240898 0 
1424 3.357814 0 
1425 3.341993 0 
1426 3.325835 0 
1427 3.309526 0 
1428 3.293688 0 
1429 3.277421 0 
1430 3.260948 0 
1431 3.244898 0 
1433 3.212326 0 
1434 3.195679 0 
1435 3.179395 0 
1436 3.163279 0 
1438 3.130488 0 
1440 3.152064 0 
1441 3.135683 0 
1442 3.298432 0 
1443 3.282385 0 
1446 3.282941 0 
1447 3.266457 0 
1448 3.250806 0 
1449 3.312532 0 
1450 3.296118 0 
1451 3.293739 0 
1452 3.277513 0 
1453 3.261393 0 
1454 3.244759 0 
1455 3.369862 0 
1456 3.353197 0 
1457 3.337533 0 
1459 3.404161 0 
1461 3.407636 0 
1462 3.449637 0 
1463 3.433434 0 
1464 3.440322 0 
1465 3.424234 0 
1466 3.408345 0 
1467 3.450431 0 
1469 3.417778 0 
1470 3.400780 0 
1471 3.384910 0 
1472 3.368739 0 
1473 3.413762 0 
1474 3.397553 0 
1475 3.381747 0 
1476 3.439399 0 
1477 3.503028 0 
1478 3.485497 0 
1479 3.468404 0 
1480 3.452058 0 
1481 3.435934 0 
1482 3.420249 0 
1483 3.403919 0 
1485 3.371183 0 
1486 3.566609 0 
1487 3.550660 0 
1488 3.591039 0 
1489 3.575285 0 
1490 3.558675 0 
1491 3.652281 0 
1492 3.636137 0 
1493 3.619568 0 
1494 3.618416 0 
1496 3.695817 0 
1498 3.663315 0 
1499 3.647123 0 
1500 3.688233 0 
1501 3.672013 0 
1502 3.655751 0 
1503 3.829115 0 
1504 3.813290 0 
1506 3.965792 0 
1507 3.949525 0 
1508 3.933284 0 
1509 3.917011 0 
1511 4.074502 0 
1513 4.042673 0 
1514 4.026342 0 
1515 4.009996 0 
1517 4.054150 0 
1518 4.038081 0 
1519 4.021838 0 
1521 3.988199 0 
1522 4.036720 0 
1523 4.057346 0 
1524 4.041205 0 
1525 4.079574 0 
1526 4.069437 0 
1527 4.215326 0 
1528 4.199979 0 
1529 4.183552 0 
1530 4.167283 0 
1531 4.149570 0 
1532 4.133666 0 
1533 4.148118 0 
1534 4.132099 0 
1535 4.115478 0 
1536 4.274771 0 
1537 4.258658 0 
1538 4.336927 0 
1540 4.361493 0 
1541 4.346087 0 
1542 4.330099 0 
1543 4.312393 0 
1544 4.365590 0 
1545 4.348216 0 
1546 4.332242 0 
1548 4.299959 0 
1549 4.283509 0 
1550 4.267509 0 
1551 4.251170 0 
1552 4.234910 0 
1553 4.218779 0 
1554 4.276259 0 
1555 4.259046 0 
1556 4.243094 0 
1557 4.274774 0 
1558 4.258730 0 
1559 4.242590 0 
1561 4.411207 0 
1562 4.395133 0 
1563 4.378994 0 
1564 4.362789 0 
1565 4.346767 0 
1566 4.330463 0 
1567 4.314166 0 
1569 4.281578 0 
1570 4.319555 0 
1571 4.303853 0 
1572 4.287355 0 
1574 4.330859 0 
1575 4.314524 0 
1576 4.298382 0 
1577 4.471565 0 
1579 4.439220 0 
1580 4.423128 0 
1581 4.406824 0 
1582 4.390822 0 
1584 4.449655 0 
1586 4.418520 0 
1587 4.450598 0 
1588 4.434632 0 
1589 4.418258 0 
1590 4.402145 0 
1591 4.386031 0 
1592 4.444807 0 
1593 4.428600 0 
1594 4.412467 0 
1596 4.479959 0 
1597 4.665094 0 
1598 4.649173 0 
1599 4.633350 0 
1600 4.617096 0 
1601 4.600856 0 
1602 4.584372 0 
1603 4.568552 0 
1604 4.552068 0 
1605 4.536171 0 
1606 4.555306 0 
1607 4.538716 0 
1608 4.522318 0 
1609 4.506522 0 
1610 4.636665 0 
1611 4.620229 0 
1612 4.670804 0 
1613 4.654788 0 
1614 4.638652 0 
1615 4.729918 0 
1616 4.713482 0 
1617 4.707258 0 
1618 4.691486 0 
1619 4.675578 0 
1620 4.659147 0 
1624 4.753184 0 
1625 4.737547 0 
1626 4.721483 0 
1627 4.705161 0 
1628 4.688641 0 
1629 4.672419 0 
1630 4.656173 0 
1632 4.623534 0 
1633 4.607189 0 
1634 4.591111 0 
1635 4.574341 0 
1637 4.541595 0 
1639 4.616282 0 
1640 4.658661 0 
1641 4.643174 0 
1642 4.626899 0 
1645 4.643060 0 
1646 4.626601 0 
1647 4.609956 0 
1648 4.594212 0 
1649 4.577707 0 
1650 4.561465 0 
1651 4.577178 0 
1652 4.560936 0 
1653 4.544517 0 
1654 4.528134 0 
1655 4.512268 0 
1656 4.496055 0 
1658 4.545838 0 
1661 4.496876 0 
1662 4.480449 0 
1663 4.612810 0 
1664 4.596734 0 
1665 4.580314 0 
1666 4.575388 0 
1668 4.542788 0 
1669 4.714459 0 
1670 4.774244 0 
1671 4.758531 0 
1672 4.742512 0 
1673 4.726279 0 
1674 4.709903 0 
1675 4.802047 0 
1676 4.785732 0 
1677 4.769193 0 
1678 4.753219 0 
1679 4.736847 0 
1680 4.720759 0 
1681 4.818002 0 
1682 4.801688 0 
1684 4.796813 0 
1685 4.827520 0 
1686 4.811021 0 
1687 4.921676 0 
1688 4.905557 0 
1689 4.888844 0 
1690 4.897457 0 
1691 4.881269 0 
1692 4.864894 0 
1693 4.857464 0 
1695 4.860411 0 
1697 4.827736 0 
1698 4.811389 0 
1699 4.814665 0 
1700 4.915282 0 
1701 4.940068 0 
1702 4.923931 0 
1703 4.907643 0 
1705 4.875064 0 
1706 4.891146 0 
1707 4.874546 0 
1708 4.858176 0 
1710 4.883339 0 
1712 4.858480 0 
1713 4.842421 0 
1714 4.826058 0 
1716 4.793747 0 
1721 4.708370 0 
1722 4.724283 0 
1723 4.708267 0 
1724 4.691746 0 
1726 4.799981 0 
1727 4.784255 0 
1728 4.767972 0 
1729 4.751684 0 
1730 4.735286 0 
1731 4.718995 0 
1732 4.703006 0 
1733 4.686794 0 
1734 4.726892 0 
1735 4.710231 0 
1736 4.694416 0 
1737 4.677846 0 
1739 4.851228 0 
1740 4.835095 0 
1741 4.818613 0 
1742 4.802377 0 
1743 4.786273 0 
1744 4.767207 0 
1745 4.750695 0 
1747 4.716728 0 
1748 4.700258 0 
1749 4.699884 0 
1750 4.683608 0 
1751 4.667451 0 
1752 4.651032 0 
1753 4.932536 0 
1754 4.964373 0 
1755 4.948063 0 
1756 4.932543 0 
1757 4.915910 0 
1758 4.899825 0 
1760 5.115338 0 
1761 5.097983 0 
1762 5.082026 0 
1763 5.065813 0 
1764 5.049742 0 
1765 5.033402 0 
1766 5.035051 0 
1768 5.066964 0 
1769 5.050694 0 
1771 5.132278 0 
1773 5.121135 0 
1774 5.104964 0 
1775 5.088788 0 
1776 5.072294 0 
1778 5.122693 0 
1779 5.172029 0 
1780 5.155783 0 
1781 5.137376 0 
1782 5.149818 0 
1783 5.133716 0 
1785 5.101190 0 
1786 5.090718 0 
1787 5.142641 0 
1788 5.126273 0 
1789 5.109921 0 
1790 5.093374 0 
1791 5.200316 0 
1792 5.184177 0 
1793 5.231124 0 
1795 5.203603 0 
1796 5.186958 0 
1797 5.170693 0 
1798 5.154392 0 
1799 5.138145 0 
1800 5.122340 0 
1801 5.106202 0 
1802 5.090037 0 
1803 5.073598 0 
1804 5.107744 0 
1805 5.093362 0 
1806 5.076344 0 
1807 5.060234 0 
1808 5.044023 0 
1809 5.027546 0 
1810 5.011696 0 
1811 5.047672 0 
1812 5.030476 0 
1813 5.014919 0 
1814 4.998705 0 
1815 4.982405 0 
1816 4.966393 0 
1817 4.948712 0 
1818 4.930388 0 
1819 5.012641 0 
1820 4.995760 0 
1822 4.962940 0 
1823 4.946078 0 
1824 4.929800 0 
1825 4.913431 0 
1826 4.983724 0 
1827 4.967478 0 
1828 4.951274 0 
1829 5.021481 0 
1831 5.048519 0 
1832 5.130205 0 
1833 5.114077 0 
1834 5.096981 0 
1836 5.064337 0 
1838 5.084807 0 
1839 5.067570 0 
1840 5.087074 0 
1841 5.072061 0 
1844 5.023948 0 
1845 5.043335 0 
1846 5.027131 0 
1847 5.010990 0 
1848 5.086890 0 
1849 5.094662 0 
1850 5.078679 0 
1851 5.061913 0 
1852 5.120193 0 
1853 5.104487 0 
1854 5.088012 0 
1855 5.107591 0 
1857 5.096540 0 
1860 5.105651 0 
1861 5.089672 0 
1862 5.091757 0 
1863 5.075603 0 
1864 5.059391 0 
1865 5.118363 0 
1867 5.085532 0 
1868 5.318177 0 
1869 5.301833 0 
1870 5.285786 0 
1871 5.269547 0 
1872 5.253203 0 
1873 5.237342 0 
1874 5.220358 0 
1875 5.310033 0 
1876 5.288918 0 
1877 5.273447 0 
1878 5.257309 0 
1879 5.241120 0 
1880 5.221506 0 
1881 5.204824 0 
1883 5.228576 0 
1884 5.422529 0 
1885 5.406063 0 
1886 5.389843 0 
1887 5.438951 0 
1888 5.422129 0 
1889 5.405831 0 
1890 5.389892 0 
1891 5.373977 0 
1892 5.516690 0 
1894 5.485243 0 
1896 5.452323 0 
1897 5.436239 0 
1898 5.419258 0 
1899 5.402932 0 
1900 5.386626 0 
1901 5.370187 0 
1902 5.354339 0 
1904 5.357535 0 
1905 5.341622 0 
1906 5.325408 0 
1907 5.310271 0 
1909 5.286093 0 
1911 5.254021 0 
1912 5.308080 0 
1913 5.463446 0 
1915 5.432134 0 
1916 5.416200 0 
1917 5.400022 0 
1919 5.367156 0 
1920 5.351533 0 
1921 5.335159 0 
1922 5.318765 0 
1923 5.302584 0 
1924 5.487147 0 
1925 5.470433 0 
1926 5.454099 0 
1927 5.438122 0 
1928 5.421772 0 
1929 5.405195 0 
1930 5.389836 0 
1931 5.373491 0 
1932 5.357173 0 
1933 5.340905 0 
1934 5.598207 0 
1935 5.612259 0 
1936 5.596544 0 
1938 5.688042 0 
1939 5.671987 0 
1940 5.656072 0 
1941 5.639905 0 
1942 5.623775 0 
1943 5.772519 0 
1944 5.756092 0 
1946 5.723910 0 
1947 5.708179 0 
1948 5.691513 0 
1949 5.675449 0 
1950 5.659176 0 
1951 5.642848 0 
1952 5.626650 0 
1953 5.610468 0 
1954 5.594243 0 
1955 5.578109 0 
1956 5.664323 0 
1957 5.647754 0 
1959 5.615342 0 
1960 5.676404 0 
1961 5.660169 0 
1962 5.644071 0 
1963 5.627689 0 
1964 5.655546 0 
1965 5.639600 0 
1967 5.606612 0 
1968 5.786553 0 
1969 5.771045 0 
1970 5.755335 0 
1972 5.723080 0 
1973 5.737139 0 
1974 5.718494 0 
1975 5.702431 0 
1977 5.670318 0 
1978 5.654170 0 
1979 5.695061 0 
1980 5.678505 0 
1981 5.662405 0 
1982 5.646150 0 
1984 5.613507 0 
1985 5.597247 0 
1986 5.666412 0 
1987 5.650200 0 
1988 5.631245 0 
1989 5.614868 0 
1990 5.598333 0 
1991 5.582259 0 
1992 5.701538 0 
1994 5.668899 0 
1995 5.652806 0 
1996 5.635862 0 
1997 5.619553 0 
1998 5.603443 0 
1999 5.587329 0 
2000 5.570242 0 
2001 5.553798 0 
2002 5.537742 0 
2003 5.630869 0 
2004 5.614912 0 
2005 5.598455 0 
2006 5.606207 0 
2007 5.589901 0 
2008 5.604707 0 
2009 5.588657 0 
2010 5.734257 0 
2011 5.718384 0 
2012 5.701876 0 
2013 5.685598 0 
2014 5.669075 0 
2015 5.653373 0 
2016 5.636685 0 
2017 5.620681 0 
2018 5.604752 0 
2019 5.588765 0 
2021 5.553183 0 
2022 5.536874 0 
2023 5.521764 0 
2024 5.505568 0 
2025 5.489194 0 
2026 5.473212 0 
2027 5.456671 0 
2028 5.440603 0 
2030 5.467615 0 
2031 5.451227 0 
2032 5.434816 0 
2033 5.418656 0 
2035 5.386207 0 
2037 5.437426 0 
2038 5.421189 0 
2039 5.749317 0 
2040 5.732850 0 
2043 5.684127 0 
2044 5.667495 0 
2045 5.651074 0 
2046 5.635155 0 
2047 5.618768 0 
2048 5.602378 0 
2049 5.586036 0 
2050 5.569668 0 
2051 5.553788 0 
2052 5.537386 0 
2053 5.521544 0 
2054 5.632164 0 
2056 5.598880 0 
2058 5.649790 0 
2061 5.784683 0 
2064 5.754486 0 
2066 5.721230 0 
2067 5.704421 0 
2068 5.688101 0 
2069 5.717664 0 
2070 5.701261 0 
2071 5.684810 0 
2072 5.743969 0 
2073 5.727717 0 
2074 5.711759 0 
2075 5.835797 0 
2076 5.848372 0 
2077 5.832460 0 
2078 5.816547 0 
2079 5.861420 0 
2080 5.845562 0 
2082 5.812850 0 
2083 5.868299 0 
2084 5.882098 0 
2085 5.865867 0 
2086 5.849773 0 
2087 5.905146 0 
2088 5.888986 0 
2089 5.872833 0 
2090 5.856369 0 
2091 5.840605 0 
2093 5.897448 0 
2095 5.864710 0 
2096 5.848275 0 
2097 6.047746 0 
2098 6.031583 0 
2099 6.015570 0 
2100 6.050847 0 
2101 6.034577 0 
2103 6.002399 0 
2104 5.986304 0 
2105 5.969543 0 
2106 5.953379 0 
2110 6.255514 0 
2111 6.239387 0 
2112 6.222911 0 
2114 6.198592 0 
2115 6.182031 0 
2116 6.224212 0 
2118 6.191783 0 
2119 6.175517 0 
2120 6.200604 0 
2121 6.192965 0 
2122 6.216552 0 
2123 6.223429 0 
2124 6.207222 0 
2125 6.190844 0 
2126 6.174406 0 
2127 6.158278 0 
2128 6.141053 0 
2129 6.124623 0 
2130 6.108260 0 
2131 6.407793 0 
2132 6.389121 0 
2133 6.372883 0 
2134 6.356587 0 
2135 6.340225 0 
2137 6.307952 0 
2138 6.291679 0 
2139 6.275310 0 
2140 6.259116 0 
2141 6.252560 0 
2142 6.235902 0 
2143 6.266589 0 
2145 6.234208 0 
2146 6.217849 0 
2147 6.381915 0 
2148 6.366330 0 
2149 6.350606 0 
2150 6.535124 0 
2169 6.264685 0 
2171 6.251920 0 
2172 6.235238 0 
2173 6.218790 0 
2176 6.209751 0 
2177 6.276487 0 
2178 6.260376 0 
2179 6.266270 0 
2180 6.249684 0 
2181 6.233428 0 
2183 6.377140 0 
2184 6.360844 0 
2185 6.344505 0 
2186 6.328299 0 
2187 6.309456 0 
2188 6.293168 0 
2189 6.277193 0 
2190 6.260731 0 
2191 6.245115 0 
2193 6.233824 0 
2194 6.217246 0 
2195 6.201598 0 
2196 6.688833 0 
2197 6.672387 0 
2198 6.656772 0 
2199 6.838106 0 
2200 6.821745 0 
2201 6.806154 0 
2202 6.870967 0 
2203 6.854455 0 
2204 6.838562 0 
2205 7.085922 0 
2206 7.070222 0 
2207 7.054088 0 
2208 7.038094 0 
2209 7.021137 0 
2210 7.004833 0 
2211 6.988621 0 
2212 7.026091 0 
2213 7.009992 0 
2214 6.994243 0 
2215 6.977597 0 
2216 6.961803 0 
2217 6.945104 0 
2218 6.928206 0 
2220 6.919757 0 
2221 6.903789 0 
2222 6.887438 0 
2223 6.871342 0 
2224 6.896683 0 
2225 6.879076 0 
2226 6.864099 0 
2227 6.847584 0 
2229 6.830805 0 
2230 6.877508 0 
2231 6.862221 0 
2232 6.845210 0 
2234 6.812730 0 
2236 6.779793 0 
2237 6.763633 0 
2238 6.771410 0 
2239 6.894408 0 
2242 6.845042 0 
2243 6.829426 0 
2244 6.886705 0 
2245 6.870320 0 
2246 6.854311 0 
2247 6.932696 0 
2248 6.941209 0 
2249 6.966633 0 
2250 7.019771 0 
2251 7.003552 0 
2252 6.987428 0 
2253 6.971348 0 
2255 6.938877 0 
2257 7.000220 0 
2258 6.983540 0 
2259 6.968089 0 
2260 6.989693 0 
2261 6.972885 0 
2262 6.956392 0 
2263 6.940580 0 
2265 7.034895 0 
2266 7.018862 0 
2267 7.002977 0 
2268 6.986607 0 
2269 6.970327 0 
2270 6.954109 0 
2271 6.937976 0 
2272 6.921901 0 
2273 6.905549 0 
2274 6.889136 0 
2275 6.873105 0 
2276 6.978481 0 
2277 6.962361 0 
2278 6.946974 0 
2279 6.930274 0 
2281 6.957729 0 
2282 6.940040 0 
2283 6.925179 0 
2284 6.909299 0 
2285 6.971986 0 
2286 6.955965 0 
2287 6.939488 0 
2288 6.923495 0 
2289 6.967652 0 
2290 6.950123 0 
2292 7.004003 0 
2294 6.972071 0 
2295 6.991636 0 
2296 7.077506 0 
2297 7.061254 0 
2298 7.045460 0 
2299 7.081767 0 
2300 7.066105 0 
2302 7.056507 0 
2303 7.040249 0 
2304 7.023488 0 
2305 7.075390 0 
2307 7.042955 0 
2309 7.010462 0 
2310 6.994392 0 
2311 7.043004 0 
2313 7.010337 0 
2314 6.994217 0 
2315 6.977857 0 
2317 6.944517 0 
2318 6.927790 0 
2319 6.911812 0 
2320 6.895233 0 
2321 6.879086 0 
2322 7.041693 0 
2323 7.025396 0 
2324 7.009351 0 
2325 6.993066 0 
2326 6.976738 0 
2327 6.960626 0 
2328 6.944061 0 
2329 6.927921 0 
2330 7.098468 0 
2331 7.082383 0 
2332 7.190343 0 
2333 7.174392 0 
2334 7.158258 0 
2336 7.229229 0 
2337 7.212998 0 
2338 7.250489 0 
2339 7.234644 0 
2340 7.218130 0 
2341 7.202091 0 
2342 7.228362 0 
2344 7.196097 0 
2345 7.179987 0 
2346 7.162953 0 
2347 7.166896 0 
2348 7.150647 0 
2349 7.134370 0 
2350 7.118287 0 
2351 7.102173 0 
2352 7.085916 0 
2353 7.069990 0 
2354 7.259875 0 
2355 7.243550 0 
2357 7.211392 0 
2358 7.238991 0 
2359 7.223378 0 
2360 7.270888 0 
2361 7.254633 0 
2362 7.238366 0 
2363 7.295776 0 
2365 7.263074 0 
2366 7.274333 0 
2367 7.321966 0 
2368 7.383676 0 
2370 7.351050 0 
2371 7.334800 0 
2372 7.318824 0 
2373 7.426140 0 
2375 7.518406 0 
2376 7.503114 0 
2377 7.636210 0 
2378 7.620019 0 
2379 7.603543 0 
2380 7.587153 0 
2382 7.624869 0 
2383 7.608624 0 
2384 7.779437 0 
2385 7.763306 0 
2386 7.791778 0 
2387 7.775983 0 
2388 7.759583 0 
2389 7.743568 0 
2390 7.727355 0 
2392 7.694921 0 
2393 7.774902 0 
2394 7.758258 0 
2395 7.742054 0 
2396 7.725969 0 
2397 7.899667 0 
2398 7.883244 0 
2399 7.867350 0 
2400 7.850819 0 
2401 7.834861 0 
2402 7.818383 0 
2403 7.802167 0 
2404 7.786320 0 
2405 7.770687 0 
2406 7.804950 0 
2407 7.788861 0 
2408 7.772612 0 
2409 7.756461 0 
2410 7.858617 0 
2411 7.842510 0 
2412 7.826148 0 
2413 7.809855 0 
2414 7.793560 0 
2415 7.777284 0 
2416 7.775447 0 
2417 7.759748 0 
2419 7.727138 0 
2420 7.774577 0 
2421 7.808415 0 
2422 7.791888 0 
2423 7.775402 0 
2424 7.759785 0 
2425 7.743322 0 
2426 7.727034 0 
2428 7.694214 0 
2429 7.678075 0 
2430 7.661176 0 
2431 7.645128 0 
2433 7.612594 0 
2435 7.700574 0 
2436 7.684672 0 
2437 8.030152 0 
2438 8.014422 0 
2441 7.964772 0 
2442 7.948306 0 
2443 7.931803 0 
2444 8.073321 0 
2445 8.057255 0 
2446 8.040805 0 
2447 8.024614 0 
2450 7.974451 0 
2451 7.958635 0 
2452 7.942236 0 
2454 7.920109 0 
2456 8.020209 0 
2457 8.004128 0 
2538 6.676513 0 
2539 6.659853 0 
2540 6.643946 0 
2541 6.672448 0 
2543 6.669961 0 
2544 6.653610 0 
2545 6.959263 0 
2546 6.943464 0 
2547 6.927231 0 
2548 6.910322 0 
2549 6.894913 0 
2550 6.878750 0 
2551 6.861916 0 
2552 6.845158 0 
2553 6.828502 0 
2554 6.812440 0 
2556 6.780179 0 
2557 6.764369 0 
2558 6.748066 0 
2559 6.731382 0 
2560 6.715693 0 
2561 6.699513 0 
2562 6.683167 0 
2564 6.651033 0 
2565 6.634845 0 
2566 6.618148 0 
2567 6.601755 0 
2569 6.569318 0 
2570 6.553597 0 
2571 6.537006 0 
2572 6.520976 0 
2574 6.612060 0 
2575 6.595729 0 
2576 6.786261 0 
2577 6.770458 0 
2578 6.753967 0 
2579 6.758645 0 
2581 6.726229 0 
2582 6.773531 0 
2583 6.757358 0 
2584 6.740854 0 
2585 6.724590 0 
2586 6.708803 0 
2587 6.719202 0 
2588 6.702983 0 
2589 6.686525 0 
2591 6.680667 0 
2592 6.692582 0 
2593 6.766195 0 
2594 6.750402 0 
2595 6.734113 0 
2596 6.717685 0 
2597 6.765514 0 
2598 6.752045 0 
2599 6.736516 0 
2600 6.720041 0 
2601 6.703955 0 
2602 6.687744 0 
2603 6.670454 0 
2604 6.654318 0 
2605 6.785530 0 
2606 6.769447 0 
2607 6.753227 0 
2608 6.736587 0 
2609 6.720476 0 
2610 6.704628 0 
2611 6.688290 0 
2612 6.672085 0 
2613 6.655352 0 
2614 6.638944 0 
2615 6.622872 0 
2616 6.675779 0 
2618 6.643434 0 
2619 6.657873 0 
2620 6.642064 0 
2621 6.625640 0 
2622 6.609800 0 
2623 6.593540 0 
2625 6.665848 0 
2627 6.632638 0 
2628 6.616089 0 
2629 6.600212 0 
2630 6.584001 0 
2632 6.551329 0 
2634 6.518895 0 
2635 6.502547 0 
2636 6.485808 0 
2637 6.469802 0 
2641 6.535469 0 
2642 6.519593 0 
2643 6.503334 0 
2644 6.642509 0 
2645 6.626331 0 
2646 6.609863 0 
2647 6.593646 0 
2648 6.577493 0 
2649 6.561323 0 
2650 6.545024 0 
2651 6.528646 0 
2653 6.538367 0 
2657 6.649179 0 
2658 6.633161 0 
2659 6.617210 0 
2660 6.601239 0 
2661 6.584843 0 
2663 6.552175 0 
2664 6.592646 0 
2665 6.579325 0 
2666 6.663516 0 
2667 6.647415 0 
2668 6.631514 0 
2669 6.615360 0 
2670 6.598824 0 
2671 6.582891 0 
2672 6.719675 0 
2673 6.703452 0 
2674 6.872907 0 
2675 6.856612 0 
2676 6.838486 0 
2677 6.822436 0 
2679 6.789901 0 
2680 6.773769 0 
2681 6.757529 0 
2682 6.741169 0 
2683 6.724857 0 
2684 6.708929 0 
2685 6.692673 0 
2686 6.803737 0 
2687 6.787815 0 
2688 6.771096 0 
2690 6.813470 0 
2694 6.812590 0 
2695 6.796466 0 
2696 6.780312 0 
2697 6.763866 0 
2698 6.747919 0 
2700 6.771950 0 
2701 6.755801 0 
2702 6.739472 0 
2703 6.723334 0 
2705 6.758983 0 
2707 6.857884 0 
2708 6.841182 0 
2709 6.824838 0 
2711 6.792711 0 
2712 6.776518 0 
2713 6.760406 0 
2715 6.826670 0 
2716 6.810557 0 
2717 6.794260 0 
2718 6.799398 0 
2719 6.788729 0 
2720 6.772943 0 
2721 6.835575 0 
2722 6.819292 0 
2723 6.803236 0 
2724 6.786849 0 
2725 6.770653 0 
2726 6.754520 0 
2727 6.738276 0 
2728 6.811328 0 
2729 6.794942 0 
2730 6.778220 0 
2731 6.813361 0 
2732 6.795099 0 
2734 6.762562 0 
2735 6.792234 0 
2736 6.776369 0 
2737 6.759973 0 
2738 6.742948 0 
2739 6.727514 0 
2740 6.710691 0 
2742 6.786872 0 
2743 6.770801 0 
2744 6.754749 0 
2745 6.865230 0 
2746 6.849180 0 
2747 6.833112 0 
2748 6.816832 0 
2749 6.862768 0 
2750 6.846809 0 
2751 6.830477 0 
2752 6.814387 0 
2753 6.797889 0 
2755 6.809633 0 
2756 6.793051 0 
2757 6.886908 0 
2758 6.870363 0 
2759 6.854637 0 
2760 6.838194 0 
2761 6.851020 0 
2763 6.818852 0 
2764 6.802212 0 
2765 6.786754 0 
2766 6.770046 0 
2768 6.737283 0 
2769 6.721154 0 
2770 6.704675 0 
2771 6.877519 0 
2773 6.845047 0 
2774 6.935427 0 
2775 6.919262 0 
2776 6.902776 0 
2777 6.886597 0 
2778 6.870373 0 
2780 6.837354 0 
2781 6.821557 0 
2782 6.830878 0 
2783 6.814834 0 
2784 6.857143 0 
2785 6.840708 0 
2786 6.824959 0 
2787 6.891210 0 
2788 6.875210 0 
2790 6.888714 0 
2791 6.872637 0 
2792 6.856427 0 
2793 6.866867 0 
2794 6.850426 0 
2795 6.833977 0 
2796 6.818170 0 
2797 7.021497 0 
2798 7.070682 0 
2799 7.152486 0 
2800 7.136366 0 
2801 7.119844 0 
2802 7.103958 0 
2803 7.174792 0 
2804 7.158737 0 
2805 7.274314 0 
2806 7.257837 0 
2807 7.241447 0 
2808 7.265310 0 
2809 7.249075 0 
2810 7.232652 0 
2811 7.216380 0 
2812 7.200369 0 
2813 7.184250 0 
2814 7.167716 0 
2815 7.151343 0 
2817 7.119316 0 
2818 7.200231 0 
2819 7.184560 0 
2820 7.410676 0 
2821 7.394274 0 
2822 7.378520 0 
2823 7.362761 0 
2824 7.345882 0 
2826 7.424598 0 
2942 5.523448 0 
2943 5.507018 0 
2944 5.537933 0 
2945 5.521690 0 
2946 5.505184 0 
2947 5.556783 0 
2948 5.540535 0 
2949 5.524382 0 
2950 5.507367 0 
2951 5.489538 0 
2952 5.474767 0 
2954 5.441956 0 
2955 5.426170 0 
2956 5.409689 0 
2957 5.458026 0 
2958 5.441712 0 
2959 5.425592 0 
2960 5.409407 0 
2962 5.376790 0 
2963 5.460034 0 
2964 5.444479 0 
2965 5.428128 0 
2967 5.395677 0 
2968 5.469538 0 
2969 5.852908 0 
2970 5.837099 0 
2972 5.804803 0 
2973 5.798434 0 
2974 5.782635 0 
2975 5.804146 0 
2976 5.964876 0 
2977 5.948449 0 
2981 5.883258 0 
2982 5.867343 0 
2983 5.851205 0 
2984 5.834837 0 
2985 5.959656 0 
2986 5.943038 0 
2987 5.927432 0 
2989 5.894291 0 
2990 5.878217 0 
2991 5.862233 0 
2992 5.845850 0 
2993 5.829796 0 
2994 5.813412 0 
2995 5.796993 0 
2996 5.977229 0 
2997 5.960291 0 
2998 5.944417 0 
2999 5.987232 0 
3000 5.971410 0 
3001 5.956064 0 
3002 5.939740 0 
3003 5.967255 0 
3004 5.951023 0 
3005 5.934337 0 
3006 5.918120 0 
3007 5.902083 0 
3008 5.885917 0 
3009 5.869083 0 
3010 5.852799 0 
3011 5.836682 0 
3012 5.820359 0 
3013 5.920679 0 
3014 5.904642 0 
3016 6.005477 0 
3017 6.022141 0 
3018 6.006455 0 
3019 5.989770 0 
3020 5.973493 0 
3021 5.957236 0 
3022 5.997752 0 
3023 5.981717 0 
3025 6.011845 0 
3026 5.995581 0 
3027 5.978938 0 
3028 5.962753 0 
3030 5.928557 0 
3032 5.895735 0 
3033 5.879775 0 
3034 6.016478 0 
3035 6.000319 0 
3038 6.089949 0 
3039 6.073936 0 
3040 6.057688 0 
3042 6.024923 0 
3043 6.008770 0 
3044 5.992906 0 
3045 6.148015 0 
3046 6.132197 0 
3047 6.115862 0 
3048 6.158816 0 
3049 6.143061 0 
3051 6.110731 0 
3053 6.183617 0 
3054 6.167477 0 
3055 6.151148 0 
3056 6.135134 0 
3057 6.119208 0 
3058 6.102951 0 
3059 6.087067 0 
3061 6.052893 0 
3062 6.037363 0 
3063 6.042939 0 
3064 6.153544 0 
3065 6.137379 0 
3066 6.118956 0 
3067 6.102588 0 
3068 6.086137 0 
3069 6.069830 0 
3070 6.053334 0 
3071 6.036465 0 
3072 6.020072 0 
3073 6.003667 0 
3074 5.987411 0 
3075 5.971241 0 
3077 6.022927 0 
3078 6.033261 0 
3079 6.016951 0 
3080 6.000872 0 
3081 6.178485 0 
3082 6.161583 0 
3083 6.145433 0 
3084 6.129643 0 
3085 6.113221 0 
3086 6.097053 0 
3088 6.137406 0 
3090 6.102563 0 
3091 6.086721 0 
3092 6.070465 0 
3093 6.118828 0 
3094 6.102793 0 
3095 6.086984 0 
3096 6.113981 0 
3098 6.081471 0 
3099 6.065550 0 
3100 6.049040 0 
3101 6.032558 0 
3103 6.000064 0 
3105 5.967670 0 
3106 6.232884 0 
3107 6.216578 0 
3109 6.183882 0 
3110 6.167995 0 
3111 6.151172 0 
3113 6.152056 0 
3114 6.135670 0 
3115 6.119417 0 
3116 6.167768 0 
3117 6.151344 0 
3118 6.134732 0 
3119 6.234859 0 
3120 6.218292 0 
3121 6.237428 0 
3122 6.221093 0 
3123 6.257216 0 
3124 6.348887 0 
3125 6.332550 0 
3126 6.316318 0 
3127 6.299778 0 
3128 6.283513 0 
3129 6.267214 0 
3130 6.250658 0 
3132 6.218406 0 
3133 6.202172 0 
3134 6.185871 0 
3135 6.169601 0 
3136 6.153159 0 
3137 6.294761 0 
3138 6.278726 0 
3140 6.572775 0 
3141 6.556244 0 
3142 6.540390 0 
3143 6.549182 0 
3144 6.532571 0 
3145 6.516570 0 
3146 6.531023 0 
3148 6.570022 0 
3149 6.553829 0 
3150 6.537822 0 
3151 6.588791 0 
3153 6.556584 0 
3154 6.559582 0 
3155 6.543372 0 
3156 6.526977 0 
3157 6.511053 0 
3159 6.687660 0 
3161 6.655469 0 
3162 6.639714 0 
3163 6.623168 0 
3164 6.674057 0 
3166 6.641218 0 
3167 6.624926 0 
3168 6.608268 0 
3169 6.592257 0 
3171 6.559793 0 
3172 6.543356 0 
3173 6.527124 0 
3174 6.773245 0 
3175 6.797607 0 
3176 6.781432 0 
3178 6.749187 0 
3179 6.733300 0 
3180 6.771277 0 
3181 6.755104 0 
3182 6.738812 0 
3183 6.721676 0 
3184 6.743978 0 
3185 6.728011 0 
3186 6.755992 0 
3188 6.723623 0 
3189 6.707234 0 
3190 6.691324 0 
3191 6.674634 0 
3192 6.658660 0 
3193 6.642442 0 
3194 6.773502 0 
3195 6.756922 0 
3196 6.740853 0 
3197 6.819792 0 
3198 6.803663 0 
3199 6.787072 0 
3200 6.769567 0 
3201 6.753931 0 
3202 6.737692 0 
3203 6.721539 0 
3204 6.833309 0 
3205 6.818084 0 
3206 6.813201 0 
3207 6.794789 0 
3208 6.777883 0 
3209 6.761075 0 
3210 6.744604 0 
3211 6.728602 0 
3212 6.734904 0 
3215 6.810743 0 
3216 6.853471 0 
3217 6.837210 0 
3218 6.899104 0 
3219 6.882796 0 
3220 6.866796 0 
3221 6.850626 0 
3222 6.834512 0 
3224 6.891500 0 
3225 6.908557 0 
3226 6.892594 0 
3227 6.876233 0 
3229 6.843011 0 
3231 7.107598 0 
3271 6.454162 0 
3272 6.437948 0 
3273 6.611110 0 
3274 6.594617 0 
3276 6.562600 0 
3277 6.546752 0 
3278 6.530398 0 
3279 6.514488 0 
3280 6.498058 0 
3281 6.497996 0 
3282 6.481756 0 
3283 6.577162 0 
3284 6.560904 0 
3285 6.544188 0 
3287 6.534642 0 
3289 6.555830 0 
3290 6.539567 0 
3291 6.523345 0 
3292 6.506943 0 
3293 6.490491 0 
3294 6.478646 0 
3295 6.488789 0 
3297 6.456030 0 
3298 6.440027 0 
3299 6.423730 0 
3300 6.412352 0 
3302 6.429908 0 
3304 6.472772 0 
3305 6.456323 0 
3306 6.439770 0 
3308 6.412838 0 
3309 6.509418 0 
3310 6.511226 0 
3312 6.498431 0 
3313 6.482161 0 
3314 6.466221 0 
3315 6.449800 0 
3316 6.433267 0 
3317 6.501843 0 
3318 6.486060 0 
3319 6.469939 0 
3320 6.453371 0 
3321 6.436955 0 
3322 6.425996 0 
3323 6.410228 0 
3324 6.514450 0 
3325 6.498259 0 
3326 6.482329 0 
3327 6.466639 0 
3328 6.635890 0 
3329 6.619923 0 
3331 6.760558 0 
3332 6.744459 0 
3333 6.728668 0 
3334 6.713015 0 
3335 6.696700 0 
3336 6.747360 0 
3337 6.731071 0 
3339 6.696805 0 
3340 6.680386 0 
3341 6.687280 0 
3342 6.671103 0 
3343 6.691856 0 
3344 6.675812 0 
3345 6.729477 0 
3346 6.713136 0 
3347 6.697057 0 
3348 6.680948 0 
3349 6.821508 0 
3350 6.805053 0 
3352 6.771987 0 
3353 7.077750 0 
3354 7.061437 0 
3355 7.045839 0 
3356 7.029784 0 
3357 7.013702 0 
3358 6.997612 0 
3360 6.965020 0 
3361 7.063242 0 
3362 7.047715 0 
3363 7.062067 0 
3365 7.029274 0 
3366 7.013246 0 
3367 6.997028 0 
3368 6.981130 0 
3370 7.163855 0 
3371 7.219434 0 
3372 7.203855 0 
3373 7.187762 0 
3374 7.171256 0 
3375 7.321883 0 
3377 7.289538 0 
3378 7.273211 0 
3379 7.256350 0 
3380 7.240391 0 
3381 7.223991 0 
3382 7.207529 0 
3383 7.364493 0 
3384 7.348334 0 
3385 7.332488 0 
3387 7.300231 0 
3388 7.284382 0 
3389 7.268154 0 
3390 7.252450 0 
3391 7.236098 0 
3392 7.219933 0 
3393 7.203456 0 
3394 7.187323 0 
3395 7.170715 0 
3396 7.156090 0 
3398 7.196126 0 
3401 7.286684 0 
3402 7.270513 0 
3403 7.253700 0 
3404 7.237528 0 
3405 7.257663 0 
3406 7.241414 0 
3407 7.224856 0 
3408 7.208837 0 
3409 7.191965 0 
3410 7.176151 0 
3411 7.166723 0 
3412 7.150645 0 
3414 7.118047 0 
3415 7.129424 0 
3416 7.113207 0 
3417 7.096812 0 
3418 7.202245 0 
3419 7.186282 0 
3420 7.165986 0 
3421 7.153289 0 
3424 7.175100 0 
3425 7.158808 0 
3426 7.142226 0 
3428 7.109960 0 
3430 7.310465 0 
3431 7.295021 0 
3432 7.279095 0 
3433 7.339768 0 
3436 7.290940 0 
3437 7.274278 0 
3438 7.257804 0 
3439 7.241583 0 
3440 7.225468 0 
3441 7.209235 0 
3442 7.192755 0 
3443 7.326471 0 
3444 7.310103 0 
3445 7.339118 0 
3446 7.323565 0 
3447 7.307243 0 
3449 7.338244 0 
3451 7.326231 0 
3452 7.500963 0 
3453 7.481258 0 
3454 7.464981 0 
3455 7.448776 0 
3456 7.432422 0 
3457 7.413703 0 
3459 7.534942 0 
3460 7.636230 0 
3461 7.620268 0 
3462 7.603844 0 
3463 7.586910 0 
3465 7.594337 0 
3466 7.577587 0 
3467 7.561415 0 
3468 7.544959 0 
3469 7.528901 0 
3470 7.542736 0 
3471 7.526254 0 
3472 7.509802 0 
3473 7.493370 0 
3475 7.514822 0 
3476 7.702525 0 
3477 7.686886 0 
3478 7.670540 0 
3479 7.653921 0 
3480 7.637672 0 
3481 7.621594 0 
3482 7.698304 0 
3483 7.681888 0 
3484 7.665936 0 
3486 7.727028 0 
3488 7.694456 0 
3489 7.678167 0 
3490 7.661610 0 
3491 7.663880 0 
3492 7.763021 0 
3493 7.747017 0 
3494 7.730686 0 
3496 7.756999 0 
3497 7.740527 0 
3498 7.724748 0 
3499 7.708576 0 
3501 7.765712 0 
3503 7.733702 0 
3504 7.717053 0 
3505 7.700685 0 
3507 7.762153 0 
3508 7.746096 0 
3509 7.729923 0 
3511 7.727415 0 
3512 7.710726 0 
3513 7.702273 0 
3514 7.843940 0 
3515 7.827641 0 
3516 7.811518 0 
3517 7.795166 0 
3518 7.778864 0 
3519 7.971749 0 
3520 7.955047 0 
3521 7.938577 0 
3522 7.922340 0 
3523 7.904809 0 
3524 7.888593 0 
3525 7.871993 0 
3526 7.855644 0 
3527 7.901223 0 
3528 7.885028 0 
3530 8.008512 0 
3531 7.992337 0 
3532 7.976054 0 
3533 7.960243 0 
3534 7.944410 0 
3535 7.926943 0 
3536 8.036085 0 
3538 8.003428 0 
3539 7.987201 0 
3540 7.971065 0 
3541 7.954638 0 
3542 7.938375 0 
3543 7.921417 0 
3544 7.905379 0 
3545 7.889222 0 
3546 7.981449 0 
3547 7.965323 0 
3548 7.949062 0 
3549 7.952252 0 
3551 7.919260 0 
3552 7.930252 0 
3553 7.913824 0 
3554 8.021962 0 
3555 8.005761 0 
3556 7.989548 0 
3557 8.120735 0 
3658 6.461483 0 
3659 6.499320 0 
3660 6.483064 0 
3661 6.540766 0 
3662 6.524649 0 
3663 6.508512 0 
3664 6.511561 0 
3666 6.629309 0 
3668 6.598715 0 
3669 6.582819 0 
3670 6.566232 0 
3671 6.656291 0 
3672 6.640117 0 
3674 6.607959 0 
3675 6.591742 0 
3676 6.575418 0 
3678 6.674398 0 
3679 6.658278 0 
3680 6.642335 0 
3681 6.860846 0 
3682 6.844778 0 
3683 6.828575 0 
3685 6.796597 0 
3687 6.764367 0 
3688 6.747761 0 
3689 6.731309 0 
3690 6.714760 0 
3691 6.731945 0 
3692 6.716543 0 
3693 6.697336 0 
3695 6.664792 0 
3696 6.648153 0 
3697 6.631822 0 
3698 6.613369 0 
3700 6.730975 0 
3702 6.697819 0 
3703 6.681646 0 
3704 6.665151 0 
3706 6.631818 0 
3707 6.615050 0 
3710 6.648075 0 
3711 6.631687 0 
3712 6.615168 0 
3716 7.049946 0 
3717 7.036006 0 
3718 7.019867 0 
3719 7.003518 0 
3720 6.987109 0 
3721 7.074145 0 
3722 7.057350 0 
3723 7.040579 0 
3724 7.024362 0 
3725 7.111567 0 
3726 7.095180 0 
3727 7.079155 0 
3729 7.047134 0 
3730 7.029716 0 
3731 7.013282 0 
3732 6.997230 0 
3733 6.981432 0 
3734 7.009584 0 
3735 7.046740 0 
3737 7.014018 0 
3738 6.998273 0 
3739 6.982015 0 
3740 6.965728 0 
3741 6.949471 0 
3742 6.932484 0 
3743 7.054962 0 
3744 7.039053 0 
3745 7.022946 0 
3746 7.081843 0 
3747 7.065603 0 
3748 7.049510 0 
3750 7.017129 0 
3751 7.001101 0 
3752 7.039018 0 
3753 7.023383 0 
3754 7.013068 0 
3755 7.012510 0 
3756 7.003857 0 
3758 7.000599 0 
3759 6.984355 0 
3760 7.015679 0 
3761 7.048682 0 
3763 7.016356 0 
3764 7.009599 0 
3765 6.993041 0 
3766 6.976800 0 
3768 7.004969 0 
3769 7.026895 0 
3770 7.207934 0 
3771 7.191963 0 
3772 7.175727 0 
3773 7.160022 0 
3775 7.127765 0 
3776 7.216529 0 
3777 7.200109 0 
3778 7.241062 0 
3779 7.224766 0 
3780 7.362909 0 
3781 7.346709 0 
3782 7.330613 0 
3783 7.314274 0 
3785 7.281219 0 
3786 7.264909 0 
3787 7.248915 0 
3788 7.232592 0 
3789 7.216227 0 
3790 7.199887 0 
3791 7.183137 0 
3792 7.167123 0 
3793 7.201429 0 
3794 7.184893 0 
3795 7.169493 0 
3796 7.152736 0 
3797 7.136850 0 
3798 7.258303 0 
3799 7.241907 0 
3800 7.225979 0 
3801 7.250772 0 
3802 7.234760 0 
3803 7.218520 0 
3804 7.202268 0 
3805 7.186095 0 
3806 7.269719 0 
3808 7.304775 0 
3809 7.288501 0 
3810 7.270364 0 
3812 7.265193 0 
3813 7.248834 0 
3814 7.231825 0 
3815 7.259886 0 
3816 7.265554 0 
3817 7.249219 0 
3818 7.354338 0 
3819 7.338139 0 
3821 7.379591 0 
3822 7.363314 0 
3823 7.347103 0 
3824 7.330801 0 
3826 7.298360 0 
3828 7.348854 0 
3829 7.332252 0 
3830 7.480486 0 
3831 7.464564 0 
3834 7.510914 0 
3835 7.495031 0 
3836 7.479401 0 
3837 7.590764 0 
3838 7.574589 0 
3839 7.556349 0 
3840 7.540298 0 
3841 7.643124 0 
3842 7.626686 0 
3843 7.610531 0 
3844 7.594342 0 
3845 7.578145 0 
3847 7.545735 0 
3849 7.542444 0 
3850 7.526266 0 
3851 7.509916 0 
3852 7.493790 0 
3853 7.613136 0 
3854 7.597092 0 
3855 7.580539 0 
3857 7.563538 0 
3858 7.547807 0 
3859 7.648889 0 
3860 7.632533 0 
3861 7.616173 0 
3862 7.702868 0 
3863 7.686564 0 
3864 7.670406 0 
3865 7.654203 0 
3866 7.706684 0 
3867 7.689349 0 
3868 7.673156 0 
3869 7.657176 0 
3870 7.641020 0 
3871 7.625013 0 
3873 7.592650 0 
3874 7.623896 0 
3875 7.607746 0 
3876 7.590604 0 
3877 7.573512 0 
3878 7.632666 0 
3879 7.615841 0 
3880 7.599638 0 
3881 7.583268 0 
3882 7.565944 0 
3884 7.533476 0 
3886 7.548721 0 
3887 7.532488 0 
3888 7.516302 0 
3889 7.500440 0 
3890 7.548420 0 
3891 7.532147 0 
3892 7.516148 0 
3894 7.483681 0 
3895 7.485244 0 
3896 7.469253 0 
3897 7.453115 0 
3899 7.472225 0 
3901 7.651459 0 
3902 7.635785 0 
3903 7.620036 0 
3905 7.587689 0 
3906 7.571666 0 
3907 7.555411 0 
3909 7.522695 0 
3910 7.506367 0 
3911 7.565701 0 
3912 7.549295 0 
3913 7.533325 0 
3914 7.557946 0 
3915 7.541971 0 
3916 7.525714 0 
3917 7.508855 0 
3918 7.493057 0 
3919 7.476924 0 
3920 7.460727 0 
3921 7.444409 0 
3922 7.427956 0 
3923 7.449057 0 
3924 7.432637 0 
3925 7.416145 0 
3926 7.427147 0 
3928 7.394583 0 
3929 7.401174 0 
3930 7.403408 0 
3931 7.387666 0 
3932 7.390338 0 
3933 7.374250 0 
3934 7.423584 0 
3936 7.391282 0 
3937 7.375037 0 
3938 7.554128 0 
3939 7.538317 0 
3940 7.520264 0 
3941 7.504803 0 
3942 7.488708 0 
4038 5.905401 0 
4039 5.889046 0 
4040 5.872641 0 
4041 5.856358 0 
4044 5.941686 0 
4046 5.909084 0 
4048 5.889638 0 
4049 5.873486 0 
4050 5.857114 0 
4051 5.841332 0 
4052 5.957636 0 
4053 5.975989 0 
4054 5.959925 0 
4056 5.927333 0 
4057 5.909858 0 
4058 6.055377 0 
4059 6.038846 0 
4060 6.040459 0 
4061 6.024229 0 
4062 6.007964 0 
4063 5.991066 0 
4064 5.974781 0 
4065 5.958302 0 
4066 5.942267 0 
4067 5.925365 0 
4068 5.909387 0 
4069 5.892978 0 
4070 5.876543 0 
4072 5.876738 0 
4073 6.068156 0 
4074 6.052037 0 
4075 6.035735 0 
4077 6.003734 0 
4078 5.987363 0 
4079 5.971350 0 
4080 6.080207 0 
4081 6.064218 0 
4083 6.031507 0 
4085 5.999384 0 
4086 5.982885 0 
4087 5.965911 0 
4088 5.949669 0 
4089 5.933867 0 
4090 6.023386 0 
4091 6.006928 0 
4093 5.974471 0 
4094 5.958211 0 
4095 5.942165 0 
4096 5.925722 0 
4098 5.893620 0 
4100 6.018328 0 
4101 6.002567 0 
4102 5.986048 0 
4104 5.953416 0 
4105 5.936582 0 
4106 5.920611 0 
4108 5.887880 0 
4110 5.855710 0 
4111 5.839020 0 
4112 5.822642 0 
4113 5.806302 0 
4114 5.963865 0 
4115 5.947332 0 
4116 5.931345 0 
4117 5.914942 0 
4118 5.898834 0 
4119 5.939670 0 
4120 5.923490 0 
4121 5.907061 0 
4122 5.923746 0 
4123 5.907528 0 
4124 5.944120 0 
4125 5.927720 0 
4127 6.125212 0 
4128 6.108936 0 
4129 6.092676 0 
4130 6.076341 0 
4131 6.135399 0 
4132 6.119640 0 
4133 6.242889 0 
4135 6.210173 0 
4136 6.192785 0 
4137 6.176456 0 
4138 6.160396 0 
4139 6.144109 0 
4140 6.247385 0 
4141 6.231413 0 
4142 6.302143 0 
4143 6.285624 0 
4144 6.270014 0 
4145 6.253046 0 
4146 6.236863 0 
4148 6.257333 0 
4152 6.354055 0 
4153 6.338068 0 
4154 6.321808 0 
4156 6.286698 0 
4157 6.270584 0 
4158 6.254057 0 
4159 6.307393 0 
4161 6.401039 0 
4162 6.385240 0 
4163 6.368879 0 
4164 6.473457 0 
4166 6.441379 0 
4167 6.475708 0 
4168 6.459588 0 
4169 6.443449 0 
4170 6.427231 0 
4175 6.469870 0 
4176 6.453784 0 
4177 6.437671 0 
4178 6.624414 0 
4179 6.610706 0 
4180 6.594352 0 
4183 6.691514 0 
4186 6.640285 0 
4187 6.623699 0 
4188 6.607503 0 
4189 6.591195 0 
4190 6.574845 0 
4192 6.640667 0 
4193 6.623531 0 
4194 6.607114 0 
4195 6.590994 0 
4196 6.573549 0 
4197 6.557782 0 
4198 6.541838 0 
4199 6.540866 0 
4200 6.524816 0 
4201 6.508613 0 
4202 6.492268 0 
4203 6.476081 0 
4204 6.520395 0 
4205 6.503834 0 
4206 6.488025 0 
4207 6.471587 0 
4208 6.455397 0 
4210 6.422765 0 
4211 6.406335 0 
4212 6.389875 0 
4213 6.370171 0 
4214 6.354015 0 
4215 6.337524 0 
4216 6.321844 0 
4217 6.579680 0 
4219 6.546996 0 
4220 6.530716 0 
4221 6.514491 0 
4222 6.498173 0 
4224 6.465415 0 
4226 6.432991 0 
4227 6.416917 0 
4228 6.400585 0 
4229 6.383768 0 
4232 6.335106 0 
4233 6.314685 0 
4235 6.574803 0 
4236 6.559588 0 
4237 6.543356 0 
4238 6.527215 0 
4239 6.510846 0 
4240 6.494271 0 
4241 6.478424 0 
4242 6.462986 0 
4243 6.508464 0 
4245 6.476137 0 
4247 6.504067 0 
4248 6.517014 0 
4249 6.500867 0 
4250 6.484120 0 
4251 6.468082 0 
4252 6.451573 0 
4253 6.529114 0 
4255 6.497249 0 
4256 6.619880 0 
4257 6.603393 0 
4258 6.617877 0 
4259 6.602460 0 
4260 6.617626 0 
4261 6.601372 0 
4262 6.585249 0 
4263 6.568269 0 
4264 6.551688 0 
4265 6.602646 0 
4266 6.586497 0 
4267 6.570201 0 
4268 6.554240 0 
4269 6.538146 0 
4271 6.586276 0 
4272 6.570186 0 
4273 6.644927 0 
4274 6.628930 0 
4275 6.612789 0 
4276 6.596457 0 
4277 6.593778 0 
4278 6.577832 0 
4279 6.561321 0 
4280 6.545126 0 
4282 6.643740 0 
4284 6.611396 0 
4285 6.595355 0 
4286 6.579426 0 
4287 6.563329 0 
4288 6.546000 0 
4289 6.529665 0 
4290 6.569815 0 
4292 6.537146 0 
4293 6.521027 0 
4294 6.580997 0 
4295 6.564798 0 
4297 6.643833 0 
4299 6.611720 0 
4300 6.595117 0 
4301 6.578552 0 
4303 6.669525 0 
4304 6.654048 0 
4305 6.637707 0 
4307 6.605150 0 
4308 6.589283 0 
4309 6.592336 0 
4310 6.576552 0 
4311 6.560292 0 
4312 6.570739 0 
4313 6.554768 0 
4314 6.555426 0 
4315 6.539419 0 
4316 6.543426 0 
4317 6.526796 0 
4318 6.510689 0 
4319 6.494636 0 
4320 6.477968 0 
4321 6.520582 0 
4322 6.504255 0 
4323 6.488439 0 
4324 6.472191 0 
4393 5.337724 0 
4394 5.321448 0 
4395 5.305227 0 
4396 5.348738 0 
4397 5.332355 0 
4398 5.315621 0 
4399 5.376384 0 
4400 5.360715 0 
4401 5.344381 0 
4402 5.491963 0 
4403 5.475871 0 
4404 5.459747 0 
4405 5.466214 0 
4406 5.449995 0 
4407 5.433807 0 
4409 5.401729 0 
4410 5.385519 0 
4737 0.008030 1 
4411 5.387978 0 
4412 5.371827 0 
4413 5.355463 0 
4414 5.339298 0 
4738 0.010105 1 
4739 0.013899 1 
4740 0.012167 1 
4741 0.005269 1 
4742 0.009401 1 
4743 0.004653 1 
4745 0.005978 1 
4746 0.009737 1 
4415 5.471622 0 
4416 5.455307 0 
4418 5.422431 0 
4419 5.406328 0 
4420 5.390079 0 
4421 5.373955 0 
4423 5.341508 0 
4425 5.308431 0 
4747 0.006341 1 
4748 0.006002 1 
4749 0.006518 1 
4750 0.005327 1 
4751 0.005687 1 
4426 5.365038 0 
4753 0.004784 1 
4754 0.007726 1 
4755 0.005572 1 
4756 0.004735 1 
4758 0.010445 1 
4759 0.005725 1 
4760 0.005268 1 
4761 0.005222 1 
4763 0.008278 1 
4427 5.566436 0 
4428 5.548272 0 
4431 5.500046 0 
4432 5.483376 0 
4764 0.012121 1 
4765 0.006461 1 
4766 0.005975 1 
4767 0.004779 1 
4768 0.005122 1 
4770 0.011511 1 
4771 0.005221 1 
4772 0.005322 1 
4773 0.005674 1 
4774 0.004976 1 
4775 0.005235 1 
4776 0.004846 1 
4777 0.007061 1 
4433 5.679572 0 
4434 5.663457 0 
4435 5.647730 0 
4778 0.007430 1 
4780 0.006164 1 
4781 0.007184 1 
4782 0.005397 1 
4783 0.007310 1 
4784 0.006691 1 
4785 0.005098 1 
4786 0.005401 1 
4787 0.005701 1 
4788 0.006531 1 
4789 0.010069 1 
4790 0.005099 1 
4791 0.009110 1 
4436 5.859743 0 
4437 5.843242 0 
4438 5.828142 0 
4439 5.810850 0 
4440 5.794782 0 
4441 5.778320 0 
4442 5.762237 0 
4792 0.004525 1 
4793 0.004804 1 
4794 0.005050 1 
4795 0.005213 1 
4796 0.005816 1 
4797 0.008419 1 
4798 0.005078 1 
4799 0.005198 1 
4800 0.005798 1 
4801 0.004658 1 
4802 0.007672 1 
4803 0.004976 1 
4804 0.005179 1 
4444 5.940912 0 
4805 0.005806 1 
4807 0.006605 1 
4808 0.012783 1 
4809 0.007970 1 
4810 0.007447 1 
4446 6.017302 0 
4447 6.000016 0 
4448 5.982654 0 
4449 5.966334 0 
4450 5.949808 0 
4451 5.932961 0 
4452 5.916754 0 
4454 5.883875 0 
4455 5.868123 0 
4456 5.850559 0 
4811 0.007567 1 
4812 0.004910 1 
4813 0.005558 1 
4457 5.875098 0 
4814 0.010852 1 
4816 0.009331 1 
4817 0.006016 1 
4821 0.005157 1 
4823 0.006114 1 
4824 0.007023 1 
4825 0.010028 1 
4458 6.057246 0 
4459 6.040457 0 
4460 6.024273 0 
4461 6.008161 0 
4462 5.992252 0 
4463 5.975741 0 
4464 5.959345 0 
4465 5.943440 0 
4466 5.926749 0 
4467 5.910841 0 
4468 5.894165 0 
4826 0.004852 1 
4829 0.005297 1 
4830 0.004775 1 
4831 0.008034 1 
4470 5.961829 0 
4471 5.945426 0 
4472 5.947992 0 
4473 5.931738 0 
4832 0.025179 1 
4833 0.009196 1 
4834 0.005833 1 
4835 0.006306 1 
4836 0.005565 1 
4837 0.005625 1 
4838 0.005424 1 
4839 0.005282 1 
4840 0.005410 1 
4842 0.005347 1 
4474 6.084662 0 
4475 6.068642 0 
4476 6.052377 0 
4477 6.036282 0 
4844 0.008310 1 
4845 0.009132 1 
4846 0.005134 1 
4847 0.006541 1 
4478 6.092571 0 
4479 6.076416 0 
4848 0.005378 1 
4849 0.006817 1 
4850 0.006510 1 
4481 6.113185 0 
4483 6.080689 0 
4484 6.064544 0 
4852 0.005347 1 
4853 0.008272 1 
4854 0.005472 1 
4855 0.006803 1 
4856 0.010198 1 
4857 0.013965 1 
4858 0.006985 1 
4485 6.162601 0 
4486 6.146190 0 
4487 6.130409 0 
4859 0.007722 1 
4860 0.007896 1 
4861 0.008017 1 
4862 0.012012 1 
4489 6.163155 0 
4863 0.008023 1 
4864 0.007831 1 
4865 0.006386 1 
4866 0.006806 1 
4868 0.007339 1 
4491 6.230022 0 
4492 6.213411 0 
4493 6.197159 0 
4494 6.181251 0 
4869 0.010207 1 
4870 0.007970 1 
4871 0.010483 1 
4872 0.010095 1 
4873 0.007241 1 
4874 0.006216 1 
4875 0.006184 1 
4876 0.010226 1 
4877 0.006759 1 
4496 6.292502 0 
4498 6.259919 0 
4499 6.240346 0 
4500 6.224136 0 
4879 0.009828 1 
4881 0.008509 1 
4882 0.009523 1 
4883 0.005112 1 
4884 0.006234 1 
4502 6.305385 0 
4503 6.289127 0 
4504 6.272679 0 
4506 6.240985 0 
4507 6.224698 0 
4508 6.208664 0 
4509 6.192354 0 
4885 0.010183 1 
4886 0.008648 1 
4887 0.006597 1 
4889 0.008492 1 
4890 0.009110 1 
4891 0.005466 1 
4892 0.005135 1 
4510 6.300916 0 
4511 6.284541 0 
4894 0.006311 1 
4512 6.311461 0 
4513 6.295385 0 
4514 6.279521 0 
4896 0.007107 1 
4897 0.004947 1 
4898 0.005695 1 
4515 6.320189 0 
4516 6.303768 0 
4517 6.287818 0 
4518 6.272095 0 
4519 6.255604 0 
4900 0.006188 1 
4901 0.007705 1 
4902 0.006702 1 
4904 0.007948 1 
4905 0.006110 1 
4906 0.006107 1 
4907 0.009579 1 
4520 6.391211 0 
4908 0.004893 1 
4521 6.382936 0 
4522 6.366679 0 
4523 6.350557 0 
4525 6.318127 0 
4526 6.302183 0 
4527 6.285939 0 
4528 6.269661 0 
4529 6.253686 0 
4530 6.237437 0 
4531 6.221169 0 
4533 6.187556 0 
4534 6.172386 0 
4909 0.006238 1 
4535 6.178956 0 
4536 6.162668 0 
4537 6.146444 0 
4910 0.007027 1 
4911 0.005787 1 
4912 0.006273 1 
4913 0.005685 1 
4914 0.010067 1 
4915 0.005784 1 
4916 0.004932 1 
4538 6.238650 0 
4539 6.222515 0 
4917 0.008000 1 
4918 0.006628 1 
4919 0.005270 1 
4540 6.260157 0 
4541 6.243884 0 
4542 6.227646 0 
4543 6.211481 0 
4544 6.195131 0 
4546 6.162612 0 
4547 6.145810 0 
4548 6.130095 0 
4549 6.113144 0 
4550 6.096272 0 
4551 6.079959 0 
4552 6.063517 0 
4554 6.030757 0 
4920 0.005829 1 
4921 0.006468 1 
4923 0.008046 1 
4924 0.005823 1 
4925 0.006322 1 
4926 0.007293 1 
4927 0.009701 1 
4928 0.009024 1 
4929 0.010704 1 
4555 6.189901 0 
4556 6.173644 0 
4557 6.157248 0 
4559 6.123768 0 
4560 6.108481 0 
4931 0.007242 1 
4932 0.013122 1 
4561 6.142116 0 
4562 6.125902 0 
4933 0.009996 1 
4934 0.005887 1 
4935 0.007450 1 
4936 0.008657 1 
4937 0.009881 1 
4938 0.010200 1 
4939 0.005943 1 
4940 0.005217 1 
4941 0.006798 1 
4942 0.006208 1 
4944 0.007150 1 
4945 0.007911 1 
4946 0.009351 1 
4947 0.008283 1 
4948 0.007260 1 
4949 0.006911 1 
4950 0.006734 1 
4952 0.006211 1 
4953 0.009201 1 
4954 0.009626 1 
4955 0.010504 1 
4564 6.486801 0 
4957 0.013042 1 
4958 0.009108 1 
4959 0.010666 1 
4960 0.007637 1 
4565 6.536680 0 
4566 6.520458 0 
4567 6.504113 0 
4568 6.488076 0 
4962 0.009304 1 
4963 0.014273 1 
4964 0.005598 1 
4569 6.532442 0 
4571 6.499777 0 
4965 0.007373 1 
4966 0.007407 1 
4572 6.504733 0 
4573 6.488588 0 
4967 0.009085 1 
4969 0.009965 1 
4970 0.007643 1 
4971 0.011234 1 
4972 0.006748 1 
4973 0.006168 1 
4974 0.006319 1 
4975 0.007783 1 
4976 0.009503 1 
4977 0.007760 1 
4575 6.657758 0 
4576 6.642001 0 
4577 6.625664 0 
4979 0.006494 1 
4980 0.005776 1 
4981 0.008753 1 
4982 0.006253 1 
4983 0.007424 1 
4984 0.005195 1 
4985 0.005832 1 
4578 6.728002 0 
4579 6.711881 0 
4581 6.683117 0 
4986 0.008153 1 
4987 0.007623 1 
4988 0.010145 1 
4989 0.007578 1 
4990 0.007342 1 
4582 6.739565 0 
4583 6.723341 0 
4584 6.706816 0 
4991 0.007612 1 
4992 0.005604 1 
4993 0.008094 1 
4994 0.012346 1 
4995 0.012641 1 
4996 0.013006 1 
4997 0.009732 1 
4998 0.008892 1 
4999 0.006626 1 
4585 6.832559 0 
4586 6.816912 0 
4587 6.801152 0 
4588 6.784917 0 
4589 6.768066 0 
4590 6.752219 0 
5000 0.006316 1 
5001 0.010302 1 
5002 0.006379 1 
5003 0.005973 1 
5004 0.009208 1 
5006 0.009886 1 
4591 6.856720 0 
4592 6.840442 0 
4593 6.824454 0 
4594 6.808774 0 
5007 0.012218 1 
5008 0.006449 1 
5009 0.007603 1 
5010 0.007197 1 
4595 6.867044 0 
5011 0.020453 1 
5012 0.013077 1 
5013 0.015151 1 
5015 0.011268 1 
5016 0.007135 1 
5017 0.006192 1 
4596 6.948025 0 
4597 6.930675 0 
4598 6.955393 0 
4599 6.939221 0 
4600 6.923417 0 
4601 6.906933 0 
4602 6.890799 0 
4603 6.874636 0 
4604 6.859385 0 
4605 6.843181 0 
4606 6.826947 0 
4608 6.794556 0 
4609 6.778584 0 
4610 6.762515 0 
4611 6.746240 0 
5020 0.014924 1 
5022 0.008488 1 
4612 6.792625 0 
4613 6.776455 0 
4614 6.760409 0 
5023 0.013968 1 
5024 0.016819 1 
5025 0.021530 1 
4615 6.816400 0 
5028 0.006244 1 
5029 0.011294 1 
4617 6.813864 0 
4618 6.797754 0 
5030 0.013100 1 
5031 0.035529 1 
5032 0.022232 1 
5033 0.013631 1 
5034 0.006183 1 
5035 0.007130 1 
5036 0.006366 1 
4619 6.883428 0 
4620 6.866823 0 
4622 6.833880 0 
4624 6.796521 0 
5037 0.005955 1 
5038 0.013207 1 
4625 6.827408 0 
5039 0.009066 1 
5041 0.007447 1 
4626 6.859769 0 
4627 6.843799 0 
4630 6.794803 0 
4631 6.778464 0 
5043 0.014560 1 
5044 0.012954 1 
4632 6.812675 0 
5045 0.009279 1 
5046 0.005734 1 
5047 0.011064 1 
5048 0.007349 1 
4633 6.856045 0 
4634 6.839622 0 
4635 6.823203 0 
4636 6.806790 0 
4637 6.789691 0 
4638 6.774237 0 
5049 0.007766 1 
5051 0.006647 1 
5052 0.008245 1 
5053 0.007521 1 
4639 6.845682 0 
4640 6.825701 0 
4641 6.809775 0 
5054 0.008483 1 
5055 0.005275 1 
5056 0.009564 1 
5057 0.011626 1 
5058 0.009676 1 
5059 0.006606 1 
5060 0.007056 1 
4643 6.876819 0 
5061 0.008292 1 
5062 0.009333 1 
5063 0.012786 1 
5064 0.011142 1 
5065 0.009994 1 
4645 6.932897 0 
4646 6.917016 0 
4647 6.900388 0 
4648 6.884052 0 
4649 6.867648 0 
4650 6.851147 0 
4651 6.834170 0 
4653 6.801708 0 
5067 0.017542 1 
5068 0.037553 1 
5069 0.021713 1 
5070 0.015960 1 
5071 0.011520 1 
5072 0.005528 1 
5073 0.006467 1 
5074 0.007786 1 
5075 0.005541 1 
4654 6.947722 0 
4655 6.931355 0 
4656 6.914623 0 
5076 0.010359 1 
5078 0.008861 1 
5080 0.007887 1 
5081 0.009176 1 
5082 0.010811 1 
5083 0.008234 1 
4657 7.039400 0 
4658 7.023001 0 
4659 7.006619 0 
4660 6.990733 0 
4661 6.974313 0 
4662 6.957524 0 
5084 0.010586 1 
5085 0.008032 1 
5086 0.007133 1 
4663 6.995517 0 
4664 6.979218 0 
4665 6.962940 0 
4666 6.946666 0 
4667 6.930572 0 
5088 0.012277 1 
5089 0.010479 1 
5090 0.006873 1 
5091 0.009966 1 
5093 0.013589 1 
5095 0.011907 1 
5096 0.006122 1 
5097 0.008808 1 
4669 7.064513 0 
5099 0.010570 1 
5100 0.024032 1 
5101 0.013391 1 
5103 0.007730 1 
5104 0.009151 1 
5105 0.010060 1 
5106 0.014683 1 
5107 0.006526 1 
5108 0.011653 1 
4670 7.228945 0 
4671 7.213491 0 
4672 7.197934 0 
4673 7.181426 0 
4674 7.164831 0 
5109 0.010658 1 
4675 7.156461 0 
4676 7.140496 0 
4677 7.123996 0 
5110 0.011085 1 
5111 0.007926 1 
5112 0.007871 1 
4678 7.165713 0 
4715 6.553068 0 
5113 0.008279 1 
5114 0.010246 1 
5115 0.012036 1 
5116 0.013207 1 
5117 0.009426 1 
5118 0.015211 1 
5119 0.013008 1 
5120 0.008596 1 
5122 0.013539 1 
4716 6.705705 0 
4717 6.689278 0 
4718 6.672451 0 
4719 6.656037 0 
5123 0.009404 1 
5124 0.015733 1 
5125 0.012301 1 
5126 0.015062 1 
5127 0.012374 1 
5128 0.011338 1 
5130 0.013833 1 
5131 0.011393 1 
5132 0.010422 1 
4720 6.798653 0 
4721 6.782351 0 
5133 0.014229 1 
5134 0.012774 1 
5135 0.009501 1 
4722 6.807639 0 
4724 6.775124 0 
5136 0.009260 1 
5137 0.006747 1 
5138 0.007403 1 
4725 6.815582 0 
4726 6.799450 0 
4727 6.783325 0 
5139 0.012403 1 
5140 0.007127 1 
5141 0.011074 1 
5143 0.019449 1 
4728 6.861092 0 
4729 6.845297 0 
4730 6.829762 0 
4732 6.797117 0 
4733 6.780855 0 
4734 6.764093 0 
5144 0.020518 1 
5145 0.009656 1 
4735 6.766674 0 
4736 6.750582 0 
5146 0.012251 1 
5147 0.011202 1 
5148 0.009474 1 
5149 0.014846 1 
5151 0.007363 1 
5152 0.009460 1 
5153 0.018534 1 
5154 0.018250 1 
4737 6.885906 0 
4738 6.870009 0 
4739 6.855082 0 
4740 6.837965 0 
4741 6.821064 0 
4742 6.804698 0 
4743 6.788323 0 
4745 6.755883 0 
4746 6.739430 0 
5156 0.017220 1 
5157 0.018132 1 
5158 0.013753 1 
5159 0.010512 1 
5161 0.008505 1 
5162 0.016093 1 
5163 0.006353 1 
4747 6.866301 0 
4748 6.850284 0 
5164 0.007668 1 
4749 6.834165 0 
5165 0.007848 1 
5166 0.011096 1 
5168 0.011245 1 
4750 6.903581 0 
5169 0.020212 1 
5170 0.029659 1 
5171 0.016929 1 
5172 0.008878 1 
5173 0.013915 1 
5174 0.018161 1 
5175 0.014048 1 
5176 0.010713 1 
5178 0.010287 1 
4751 7.048813 0 
4753 7.014898 0 
4754 6.998418 0 
4755 6.982718 0 
5179 0.017770 1 
5180 0.014754 1 
5181 0.012169 1 
4756 7.010970 0 
5182 0.012020 1 
5183 0.007755 1 
5184 0.011186 1 
5185 0.006093 1 
5186 0.009775 1 
5187 0.009501 1 
5188 0.007464 1 
4759 7.086239 0 
4760 7.071862 0 
4761 7.055792 0 
4763 7.023104 0 
5189 0.013833 1 
5190 0.012859 1 
5191 0.012252 1 
5192 0.012761 1 
5193 0.010771 1 
5194 0.011076 1 
5195 0.011262 1 
5196 0.010464 1 
5197 0.013918 1 
5198 0.010941 1 
5199 0.010576 1 
4764 7.172599 0 
4765 7.156270 0 
4766 7.139867 0 
5200 0.010838 1 
5201 0.008607 1 
5202 0.013244 1 
5203 0.012012 1 
5205 0.012912 1 
5206 0.019251 1 
5207 0.010435 1 
5208 0.009399 1 
5209 0.007261 1 
5210 0.008120 1 
5211 0.010476 1 
5212 0.010882 1 
5214 0.035150 1 
5215 0.020858 1 
5216 0.014400 1 
5217 0.008049 1 
5219 0.013492 1 
5221 0.016876 1 
5222 0.016477 1 
4767 7.508537 0 
4768 7.492217 0 
4770 7.459836 0 
4771 7.444791 0 
4772 7.428761 0 
4773 7.412697 0 
4774 7.396559 0 
5223 0.022491 1 
5224 0.020842 1 
5227 0.010536 1 
5228 0.010486 1 
5229 0.059374 1 
5230 0.042414 1 
5231 0.028981 1 
5232 0.018211 1 
5233 0.010196 1 
5234 0.009337 1 
4777 7.535501 0 
4778 7.520280 0 
4780 7.488030 0 
4781 7.471976 0 
4782 7.455735 0 
4783 7.439613 0 
4784 7.423462 0 
4785 7.407190 0 
4786 7.391090 0 
4787 7.374816 0 
5235 0.013679 1 
5236 0.009357 1 
4789 7.380991 0 
4790 7.364707 0 
4791 7.346660 0 
5237 0.010861 1 
5238 0.006583 1 
5240 0.015180 1 
5242 0.029792 1 
5243 0.013385 1 
5244 0.008487 1 
5245 0.008686 1 
5246 0.007159 1 
5247 0.010669 1 
5248 0.012711 1 
5250 0.016644 1 
5251 0.015685 1 
5252 0.012480 1 
5253 0.010808 1 
5254 0.014972 1 
5255 0.012713 1 
5256 0.021270 1 
5257 0.017744 1 
5258 0.009968 1 
4792 7.685907 0 
4793 7.670009 0 
4794 7.654336 0 
4795 7.638529 0 
4796 7.622249 0 
4797 7.605788 0 
5259 0.013803 1 
5260 0.018954 1 
4798 7.627515 0 
4799 7.611264 0 
5261 0.012997 1 
4800 7.603186 0 
4801 7.586348 0 
4802 7.569765 0 
4803 7.553370 0 
4804 7.537219 0 
4805 7.520890 0 
5262 0.018025 1 
5263 0.028525 1 
5264 0.012252 1 
5266 0.031458 1 
5267 0.032358 1 
5268 0.025503 1 
5269 0.015667 1 
4807 7.627827 0 
4808 7.612407 0 
5270 0.023505 1 
5271 0.020010 1 
5272 0.007767 1 
5273 0.013809 1 
5274 0.009812 1 
5275 0.012304 1 
5277 0.012718 1 
5279 0.012049 1 
5280 0.019761 1 
4809 7.778358 0 
4810 7.762251 0 
4811 7.745422 0 
4812 7.729059 0 
4813 7.713202 0 
4814 7.697342 0 
5281 0.023757 1 
5282 0.016905 1 
5283 0.008722 1 
5284 0.016106 1 
5285 0.012548 1 
5287 0.013482 1 
5288 0.008636 1 
5289 0.010350 1 
5290 0.011866 1 
5292 0.028890 1 
5294 0.016033 1 
4816 7.889619 0 
4817 7.875383 0 
4818 7.858517 0 
4819 7.842074 0 
4821 7.809280 0 
5295 0.021047 1 
5296 0.023917 1 
5298 0.008326 1 
5299 0.014512 1 
5300 0.007946 1 
5302 0.008789 1 
4823 7.896886 0 
4824 7.880630 0 
5303 0.010457 1 
5304 0.007099 1 
5305 0.010503 1 
5306 0.017577 1 
5307 0.013275 1 
5308 0.012197 1 
5309 0.009148 1 
5310 0.015590 1 
5311 0.009273 1 
5312 0.017297 1 
5313 0.013833 1 
5314 0.008238 1 
5315 0.009383 1 
5316 0.012519 1 
4825 8.106033 0 
4826 8.090031 0 
5317 0.011402 1 
5318 0.019472 1 
4829 8.072244 0 
4830 8.055501 0 
4831 8.039367 0 
4832 8.020387 0 
4833 8.004347 0 
4834 7.988164 0 
5319 0.017431 1 
5321 0.013989 1 
5322 0.013349 1 
5323 0.008235 1 
5324 0.013377 1 
5325 0.009297 1 
5326 0.010965 1 
4835 8.088439 0 
4836 8.071980 0 
4837 8.055722 0 
4838 8.039470 0 
4839 8.023074 0 
4840 8.006845 0 
5327 0.008803 1 
5329 0.008769 1 
5330 0.011637 1 
5331 0.020330 1 
5332 0.014119 1 
5333 0.010303 1 
4844 8.069309 0 
5334 0.013066 1 
4845 8.057420 0 
5335 0.018574 1 
5336 0.015484 1 
5337 0.011952 1 
5338 0.014111 1 
5339 0.011190 1 
5340 0.011907 1 
4846 8.138488 0 
4847 8.122145 0 
4848 8.105974 0 
4849 8.089572 0 
4850 8.073261 0 
4852 8.039656 0 
4853 8.023721 0 
4854 8.007397 0 
4855 7.991114 0 
4856 7.974517 0 
4857 7.958325 0 
4858 7.942251 0 
4859 7.925053 0 
5342 0.012361 1 
5343 0.022486 1 
5344 0.018745 1 
4860 7.992937 0 
4861 7.976733 0 
5345 0.020145 1 
5346 0.015902 1 
5347 0.011743 1 
5348 0.010852 1 
4862 8.010011 0 
4863 7.993781 0 
5350 0.012175 1 
5351 0.007465 1 
5352 0.012989 1 
5353 0.015506 1 
5355 0.008986 1 
5356 0.012423 1 
5357 0.021438 1 
5358 0.013383 1 
4864 8.137397 0 
4865 8.120422 0 
4866 8.103940 0 
4868 8.070853 0 
4869 8.054388 0 
4870 8.038055 0 
4871 8.021800 0 
4872 8.005158 0 
4873 7.988441 0 
4874 7.972230 0 
4875 7.956064 0 
4876 7.939430 0 
4877 7.923638 0 
5360 0.009683 1 
5361 0.011947 1 
5362 0.012470 1 
4879 7.962791 0 
4881 7.930096 0 
4882 7.913903 0 
4883 7.897613 0 
4884 7.881393 0 
4885 7.865295 0 
5363 0.008048 1 
5364 0.008956 1 
5365 0.007233 1 
4886 7.914989 0 
4887 7.898564 0 
4889 7.865867 0 
4890 7.849479 0 
4891 7.833722 0 
4892 7.817317 0 
5367 0.019631 1 
5368 0.022187 1 
5369 0.013489 1 
5370 0.012092 1 
5371 0.008424 1 
4894 7.858707 0 
4896 7.826113 0 
4897 7.809566 0 
4898 7.793289 0 
4900 7.760505 0 
4901 7.743943 0 
4902 7.727794 0 
5372 0.013246 1 
5373 0.011854 1 
4904 7.727612 0 
4905 7.711218 0 
4906 7.694433 0 
4907 7.678562 0 
4908 7.662026 0 
5374 0.035134 1 
5375 0.018513 1 
4909 7.707462 0 
4910 7.691157 0 
4911 7.674956 0 
4912 7.658321 0 
4913 7.641487 0 
4914 7.625386 0 
5377 0.014259 1 
4915 7.609472 0 
4916 7.592656 0 
4917 7.576496 0 
5378 0.006711 1 
4918 7.572089 0 
4919 7.555596 0 
4920 7.538985 0 
4921 7.522269 0 
4923 7.489343 0 
4924 7.473273 0 
4925 7.456823 0 
5379 0.012454 1 
5380 0.021575 1 
5381 0.012980 1 
5382 0.010985 1 
5383 0.019427 1 
5384 0.011403 1 
5385 0.009951 1 
5386 0.009405 1 
5387 0.022554 1 
5388 0.014282 1 
5389 0.012303 1 
4926 7.628983 0 
4927 7.612450 0 
4928 7.596385 0 
4929 7.578351 0 
4931 7.545692 0 
4932 7.529678 0 
4933 7.513417 0 
4934 7.497063 0 
4935 7.480306 0 
4937 7.447920 0 
4938 7.431713 0 
4939 7.413562 0 
4940 7.395534 0 
4941 7.382913 0 
4942 7.366153 0 
4944 7.333716 0 
4945 7.315263 0 
4946 7.299341 0 
4947 7.283226 0 
4948 7.266959 0 
4949 7.250521 0 
4950 7.234343 0 
5390 0.008497 1 
5391 0.007645 1 
4952 7.241131 0 
4953 7.225032 0 
4954 7.208655 0 
4955 7.192314 0 
4957 7.159898 0 
4958 7.143500 0 
4959 7.125920 0 
4960 7.110545 0 
4962 7.077597 0 
4963 7.061723 0 
4964 7.045508 0 
4965 7.029415 0 
5392 0.011239 1 
5393 0.013726 1 
5394 0.013917 1 
4969 7.006554 0 
4970 6.990744 0 
5395 0.014512 1 
5396 0.006360 1 
5397 0.007766 1 
5398 0.009994 1 
5399 0.020261 1 
5400 0.017921 1 
4971 7.073217 0 
4972 7.057160 0 
4973 7.040869 0 
4974 7.024400 0 
4975 7.007944 0 
4976 6.991829 0 
4977 6.975370 0 
4979 6.942836 0 
4980 6.926544 0 
4981 6.910461 0 
5401 0.009681 1 
5402 0.015334 1 
5404 0.012184 1 
5405 0.018495 1 
5406 0.012903 1 
5407 0.013168 1 
5408 0.011876 1 
4982 7.022442 0 
4983 7.005759 0 
4984 6.989896 0 
4985 6.973719 0 
5409 0.007884 1 
5410 0.016884 1 
4986 6.987074 0 
5411 0.012288 1 
5413 0.026167 1 
5414 0.010825 1 
4987 7.033547 0 
4988 7.015472 0 
4989 6.999997 0 
4990 6.983806 0 
4991 6.967453 0 
4992 6.951064 0 
4993 6.933416 0 
4994 6.916650 0 
4995 6.900692 0 
4996 6.884822 0 
4997 6.868550 0 
4998 6.852115 0 
5415 0.007305 1 
5416 0.005517 1 
5418 0.017784 1 
4999 6.904140 0 
5000 6.887687 0 
5001 6.871505 0 
5002 6.854998 0 
5003 6.838755 0 
5004 6.822370 0 
5006 6.789804 0 
5007 6.773171 0 
5008 6.757143 0 
5009 6.741133 0 
5010 6.724782 0 
5011 6.715214 0 
5012 6.697846 0 
5013 6.681649 0 
5420 0.030051 1 
5421 0.023370 1 
5015 6.739665 0 
5016 6.724278 0 
5017 6.708097 0 
5018 6.692037 0 
5020 6.659730 0 
5022 6.627363 0 
5422 0.051090 1 
5423 0.035030 1 
5426 0.015940 1 
5427 0.014826 1 
5428 0.055612 1 
5429 0.039444 1 
5430 0.035485 1 
5431 0.018925 1 
5432 0.009388 1 
5433 0.014488 1 
5434 0.011638 1 
5435 0.011722 1 
5436 0.017590 1 
5023 6.815864 0 
5024 6.801273 0 
5025 6.784719 0 
5437 0.016720 1 
5439 0.013283 1 
5441 0.021615 1 
5442 0.018946 1 
5443 0.015354 1 
5444 0.009256 1 
5445 0.014371 1 
5446 0.010287 1 
5447 0.011677 1 
5028 6.942978 0 
5029 6.927139 0 
5030 6.911023 0 
5031 6.894661 0 
5032 6.878747 0 
5033 6.862291 0 
5034 6.845855 0 
5449 0.019169 1 
5450 0.017874 1 
5451 0.013105 1 
5452 0.011545 1 
5453 0.010212 1 
5454 0.014868 1 
5455 0.014895 1 
5035 6.947208 0 
5036 6.930861 0 
5037 6.914468 0 
5038 6.897866 0 
5039 6.881515 0 
5041 6.848374 0 
5043 6.816281 0 
5044 6.799915 0 
5045 6.783755 0 
5046 6.767344 0 
5456 0.019536 1 
5457 0.010514 1 
5458 0.015149 1 
5459 0.010675 1 
5460 0.013829 1 
5461 0.016664 1 
5462 0.033249 1 
5463 0.017512 1 
5465 0.021648 1 
5466 0.030789 1 
5467 0.020035 1 
5051 6.869941 0 
5052 6.853934 0 
5053 6.837683 0 
5054 6.821464 0 
5055 6.805117 0 
5056 6.789140 0 
5057 6.773272 0 
5058 6.756503 0 
5059 6.740555 0 
5060 6.724348 0 
5061 6.708369 0 
5062 6.692835 0 
5063 6.677198 0 
5064 6.660891 0 
5065 6.644717 0 
5468 0.022657 1 
5469 0.014062 1 
5470 0.016448 1 
5471 0.010381 1 
5472 0.013123 1 
5473 0.014095 1 
5474 0.009167 1 
5476 0.015774 1 
5478 0.009877 1 
5479 0.017482 1 
5067 6.817252 0 
5480 0.014550 1 
5481 0.012808 1 
5482 0.012513 1 
5068 6.841724 0 
5069 6.824912 0 
5070 6.808944 0 
5071 6.797716 0 
5072 6.782007 0 
5073 6.766582 0 
5074 6.750515 0 
5075 6.734231 0 
5076 6.717479 0 
5078 6.683954 0 
5080 6.652089 0 
5081 6.635671 0 
5082 6.619356 0 
5483 0.014619 1 
5484 0.016701 1 
5486 0.013922 1 
5083 6.660843 0 
5084 6.644805 0 
5085 6.628398 0 
5086 6.612283 0 
5088 6.579159 0 
5089 6.563017 0 
5090 6.546772 0 
5091 6.530212 0 
5093 6.497748 0 
5487 0.010679 1 
5488 0.006880 1 
5489 0.011252 1 
5095 6.531329 0 
5491 0.019316 1 
5493 0.025245 1 
5096 6.576911 0 
5097 6.560891 0 
5099 6.528959 0 
5100 6.512819 0 
5101 6.496260 0 
5103 6.460410 0 
5104 6.444357 0 
5105 6.427990 0 
5106 6.411557 0 
5107 6.394768 0 
5108 6.379183 0 
5109 6.362972 0 
5110 6.347147 0 
5111 6.330767 0 
5112 6.314515 0 
5113 6.298166 0 
5114 6.281747 0 
5115 6.265333 0 
5116 6.249117 0 
5117 6.232531 0 
5118 6.214687 0 
5119 6.198392 0 
5120 6.183073 0 
5122 6.150425 0 
5123 6.134262 0 
5494 0.018351 1 
5495 0.024817 1 
5497 0.029485 1 
5498 0.021693 1 
5499 0.014061 1 
5501 0.013492 1 
5502 0.017754 1 
5503 0.007987 1 
5504 0.008529 1 
5505 0.008358 1 
5506 0.016026 1 
5507 0.015828 1 
5508 0.014241 1 
5509 0.010109 1 
5124 6.365732 0 
5125 6.349592 0 
5126 6.333190 0 
5127 6.316691 0 
5128 6.299637 0 
5130 6.267541 0 
5131 6.251232 0 
5132 6.235239 0 
5133 6.218572 0 
5134 6.202242 0 
5135 6.186532 0 
5136 6.169719 0 
5137 6.153562 0 
5138 6.137230 0 
5139 6.121050 0 
5140 6.104502 0 
5141 6.088340 0 
5143 6.056072 0 
5144 6.040793 0 
5145 6.025042 0 
5146 6.008774 0 
5147 5.992763 0 
5148 5.976248 0 
5149 5.960027 0 
5151 5.927280 0 
5152 5.911283 0 
5153 5.894919 0 
5154 5.878637 0 
5156 5.845658 0 
5157 5.827992 0 
5158 5.812014 0 
5159 5.795698 0 
5510 0.018982 1 
5511 0.010525 1 
5512 0.016598 1 
5161 5.815199 0 
5162 5.798723 0 
5163 5.782350 0 
5164 5.766011 0 
5165 5.749881 0 
5166 5.733433 0 
5168 5.700551 0 
5169 5.684093 0 
5170 5.667925 0 
5171 5.651570 0 
5172 5.635000 0 
5173 5.618865 0 
5174 5.602015 0 
5175 5.585888 0 
5176 5.569772 0 
5178 5.537180 0 
5179 5.520684 0 
5180 5.504293 0 
5181 5.487691 0 
5182 5.471418 0 
5513 0.017273 1 
5183 5.470980 0 
5184 5.454687 0 
5185 5.438399 0 
5186 5.421832 0 
5187 5.405578 0 
5188 5.385129 0 
5189 5.368429 0 
5190 5.352034 0 
5191 5.336124 0 
5514 0.009944 1 
5192 5.332623 0 
5193 5.316266 0 
5194 5.300105 0 
5195 5.283729 0 
5196 5.267639 0 
5197 5.251503 0 
5198 5.235287 0 
5199 5.219141 0 
5200 5.203004 0 
5201 5.187022 0 
5515 0.014452 1 
5516 0.027528 1 
5517 0.017233 1 
5518 0.010296 1 
5520 0.017446 1 
5521 0.008912 1 
5522 0.011984 1 
5523 0.011963 1 
5524 0.024511 1 
5525 0.020674 1 
5526 0.028579 1 
5528 0.016854 1 
5529 0.019689 1 
5530 0.018461 1 
5531 0.011632 1 
5532 0.013236 1 
5533 0.015481 1 
5534 0.012200 1 
5535 0.018107 1 
5536 0.013066 1 
5537 0.014171 1 
5538 0.014258 1 
5539 0.015791 1 
5541 0.016954 1 
5542 0.020870 1 
5543 0.013566 1 
5544 0.020380 1 
5545 0.014441 1 
5546 0.012994 1 
5547 0.012609 1 
5549 0.010448 1 
5550 0.009497 1 
5551 0.025393 1 
5552 0.015926 1 
5554 0.006066 1 
5555 0.009480 1 
5556 0.009734 1 
5557 0.024629 1 
5559 0.020014 1 
5560 0.017900 1 
5561 0.015224 1 
5562 0.007876 1 
5563 0.009907 1 
5564 0.019171 1 
5566 0.015269 1 
5567 0.011731 1 
5568 0.012536 1 
5569 0.020816 1 
5570 0.015524 1 
5571 0.018886 1 
5572 0.019505 1 
5573 0.017639 1 
5574 0.009014 1 
5576 0.013095 1 
5577 0.013486 1 
5578 0.021416 1 
5579 0.020315 1 
5580 0.011943 1 
5581 0.010641 1 
5582 0.012204 1 
5583 0.015685 1 
5584 0.017450 1 
5585 0.012129 1 
5586 0.023979 1 
5587 0.012589 1 
5588 0.008021 1 
5589 0.011024 1 
5590 0.017936 1 
5591 0.018194 1 
5592 0.012110 1 
5593 0.010984 1 
5594 0.012574 1 
5595 0.008471 1 
5596 0.012883 1 
5597 0.010080 1 
5598 0.011242 1 
5599 0.007042 1 
5600 0.010254 1 
5601 0.018440 1 
5603 0.015495 1 
5604 0.011022 1 
5605 0.015796 1 
5606 0.008507 1 
5607 0.009313 1 
5608 0.009155 1 
5609 0.017061 1 
5610 0.018147 1 
5612 0.016800 1 
5613 0.011905 1 
5614 0.006397 1 
5615 0.009991 1 
5617 0.014073 1 
5619 0.024029 1 
5620 0.025445 1 
5621 0.036851 1 
5622 0.039631 1 
5625 0.022162 1 
5626 0.028960 1 
5627 0.063102 1 
5628 0.046589 1 
5629 0.035030 1 
5630 0.018738 1 
5631 0.009383 1 
5632 0.021286 1 
5633 0.019707 1 
5634 0.012367 1 
5635 0.015224 1 
5636 0.009907 1 
5638 0.021696 1 
5640 0.024014 1 
5641 0.013498 1 
5642 0.013241 1 
5643 0.020111 1 
5644 0.020121 1 
5645 0.027539 1 
5646 0.011519 1 
5648 0.011256 1 
5649 0.017210 1 
5650 0.016387 1 
5651 0.013277 1 
5652 0.017855 1 
5653 0.018282 1 
5654 0.018535 1 
5655 0.013399 1 
5656 0.009791 1 
5657 0.021066 1 
5658 0.021034 1 
5659 0.017586 1 
5660 0.012929 1 
5661 0.006612 1 
5662 0.011743 1 
5664 0.027292 1 
5665 0.034423 1 
5666 0.018225 1 
5667 0.018313 1 
5668 0.017047 1 
5669 0.012042 1 
5670 0.014418 1 
5671 0.009994 1 
5672 0.016202 1 
5673 0.008608 1 
5675 0.021519 1 
5677 0.014120 1 
5678 0.012420 1 
5679 0.017756 1 
5680 0.011132 1 
5681 0.007619 1 
5682 0.021386 1 
5683 0.011019 1 
5685 0.034217 1 
5686 0.028735 1 
5687 0.018252 1 
5688 0.019272 1 
5690 0.013649 1 
5692 0.011161 1 
5693 0.013266 1 
5694 0.008221 1 
5696 0.011039 1 
5697 0.014241 1 
5698 0.010261 1 
5700 0.008992 1 
5701 0.012855 1 
5702 0.021469 1 
5703 0.011151 1 
5704 0.015222 1 
5705 0.015635 1 
5706 0.013206 1 
5707 0.013663 1 
5708 0.011605 1 
5709 0.008879 1 
5710 0.022163 1 
5711 0.011946 1 
5712 0.014525 1 
5713 0.020674 1 
5714 0.011620 1 
5715 0.012778 1 
5716 0.011299 1 
5717 0.010063 1 
5719 0.024295 1 
5720 0.015471 1 
5721 0.016880 1 
5722 0.011564 1 
5723 0.017716 1 
5724 0.011596 1 
5725 0.024456 1 
5727 0.012761 1 
5728 0.013903 1 
5729 0.011880 1 
5730 0.009855 1 
5731 0.014373 1 
5732 0.023625 1 
5733 0.012190 1 
5734 0.019876 1 
5735 0.016323 1 
5736 0.010757 1 
5737 0.010328 1 
5738 0.021100 1 
5740 0.020675 1 
5741 0.019157 1 
5742 0.015821 1 
5743 0.022511 1 
5744 0.018808 1 
5745 0.012096 1 
5746 0.009613 1 
5748 0.016982 1 
5749 0.022564 1 
5750 0.018330 1 
5751 0.014556 1 
5753 0.017042 1 
5754 0.010973 1 
5755 0.018280 1 
5756 0.008626 1 
5758 0.011693 1 
5759 0.019503 1 
5760 0.017060 1 
5761 0.009635 1 
5762 0.010841 1 
5763 0.009400 1 
5765 0.014180 1 
5766 0.014336 1 
5767 0.015060 1 
5768 0.012783 1 
5769 0.014334 1 
5770 0.011870 1 
5771 0.012172 1 
5772 0.010968 1 
5773 0.017744 1 
5775 0.015704 1 
5776 0.022238 1 
5777 0.013071 1 
5778 0.009215 1 
5779 0.008243 1 
5780 0.011360 1 
5781 0.028342 1 
5782 0.020518 1 
5783 0.017260 1 
5784 0.013036 1 
5785 0.008025 1 
5786 0.015326 1 
5787 0.017925 1 
5788 0.011692 1 
5789 0.007676 1 
5790 0.011913 1 
5791 0.015449 1 
5792 0.015079 1 
5793 0.019270 1 
5794 0.016069 1 
5795 0.014283 1 
5796 0.014737 1 
5797 0.013304 1 
5798 0.015882 1 
5799 0.009658 1 
5800 0.009759 1 
5802 0.009964 1 
5803 0.022549 1 
5804 0.010723 1 
5805 0.009435 1 
5806 0.011126 1 
5807 0.007761 1 
5808 0.011570 1 
5809 0.020747 1 
5811 0.028439 1 
5812 0.027837 1 
5813 0.011500 1 
5814 0.010500 1 
5816 0.012978 1 
5818 0.029150 1 
5819 0.030555 1 
5820 0.030540 1 
5821 0.034246 1 
5824 0.020617 1 
5825 0.007804 1 
5826 0.054079 1 
5827 0.037472 1 
5828 0.032519 1 
5829 0.015913 1 
5830 0.011594 1 
5831 0.027818 1 
5832 0.016736 1 
5833 0.012849 1 
5834 0.019312 1 
5835 0.018004 1 
5837 0.022255 1 
5839 0.023953 1 
5840 0.009038 1 
5841 0.008352 1 
5842 0.010752 1 
5843 0.020885 1 
5844 0.010838 1 
5845 0.009683 1 
5847 0.014554 1 
5848 0.023853 1 
5849 0.014668 1 
5850 0.011679 1 
5851 0.008871 1 
5852 0.013811 1 
5853 0.009338 1 
5854 0.023659 1 
5855 0.013232 1 
5856 0.014314 1 
5857 0.012620 1 
5858 0.014679 1 
5859 0.019030 1 
5860 0.017634 1 
5861 0.016140 1 
5863 0.022511 1 
5864 0.025156 1 
5865 0.018688 1 
5866 0.017838 1 
5867 0.013102 1 
5868 0.013625 1 
5869 0.018180 1 
5870 0.020764 1 
5871 0.009282 1 
5872 0.020210 1 
5874 0.020725 1 
5876 0.007843 1 
5877 0.012964 1 
5878 0.009961 1 
5879 0.009794 1 
5880 0.008422 1 
5881 0.019786 1 
5882 0.017172 1 
5884 0.017989 1 
5885 0.017854 1 
5886 0.013287 1 
5887 0.017206 1 
5889 0.018590 1 
5891 0.016961 1 
5892 0.015788 1 
5893 0.009858 1 
5895 0.012768 1 
5896 0.016406 1 
5897 0.012549 1 
5899 0.009624 1 
5900 0.012294 1 
5901 0.009659 1 
5902 0.011861 1 
5903 0.012366 1 
5904 0.012328 1 
5905 0.016502 1 
5906 0.015866 1 
5907 0.011625 1 
5908 0.008515 1 
5909 0.008862 1 
5910 0.015725 1 
5911 0.013052 1 
5912 0.012901 1 
5913 0.020848 1 
5914 0.020041 1 
5915 0.016807 1 
5916 0.022758 1 
5918 0.023311 1 
5919 0.010289 1 
5920 0.010675 1 
5921 0.008853 1 
5922 0.016624 1 
5923 0.021390 1 
5924 0.014318 1 
5926 0.009837 1 
5927 0.014044 1 
5928 0.012559 1 
5929 0.014126 1 
5930 0.019388 1 
5931 0.017333 1 
5932 0.011086 1 
5933 0.009278 1 
5934 0.012667 1 
5935 0.016426 1 
5936 0.016847 1 
5937 0.011770 1 
5939 0.014390 1 
5940 0.008566 1 
5941 0.018528 1 
5942 0.023614 1 
5943 0.009238 1 
5944 0.014627 1 
5945 0.010615 1 
5947 0.020465 1 
5948 0.016337 1 
5949 0.015663 1 
5950 0.019134 1 
5952 0.015933 1 
5953 0.015651 1 
5954 0.014332 1 
5955 0.020282 1 
5957 0.030818 1 
5958 0.020921 1 
5959 0.024027 1 
5960 0.018317 1 
5961 0.010338 1 
5962 0.015611 1 
5964 0.017296 1 
5965 0.046964 1 
5966 0.030354 1 
5967 0.027185 1 
5968 0.011606 1 
5969 0.020092 1 
5970 0.031902 1 
5971 0.015683 1 
5972 0.014168 1 
5974 0.020312 1 
5975 0.008810 1 
5976 0.016669 1 
5977 0.012119 1 
5978 0.015678 1 
5979 0.010955 1 
5980 0.010515 1 
5981 0.009133 1 
5982 0.014427 1 
5983 0.011473 1 
5984 0.016067 1 
5985 0.014657 1 
5986 0.018721 1 
5987 0.009270 1 
5988 0.011780 1 
5989 0.012280 1 
5990 0.022990 1 
5991 0.014619 1 
5992 0.014189 1 
5993 0.011917 1 
5994 0.017689 1 
5995 0.013868 1 
5996 0.010881 1 
5997 0.010929 1 
5998 0.017873 1 
5999 0.024180 1 
6001 0.018453 1 
6002 0.011276 1 
6003 0.018543 1 
6004 0.020862 1 
6005 0.010782 1 
6006 0.007956 1 
6007 0.013847 1 
6008 0.020112 1 
6010 0.016072 1 
6011 0.015188 1 
6012 0.013758 1 
6013 0.009261 1 
6015 0.021041 1 
6017 0.035895 1 
6018 0.030033 1 
6019 0.047956 1 
6020 0.031636 1 
6023 0.018716 1 
6024 0.018385 1 
6025 0.065239 1 
6026 0.049241 1 
6027 0.032524 1 
6028 0.037121 1 
6029 0.020705 1 
6030 0.017460 1 
6031 0.019643 1 
6032 0.023970 1 
6033 0.022185 1 
6034 0.017162 1 
6036 0.017768 1 
6038 0.022316 1 
6039 0.013137 1 
6040 0.013237 1 
6041 0.017938 1 
6042 0.013045 1 
6043 0.015061 1 
6044 0.010997 1 
6046 0.017971 1 
6047 0.017237 1 
6048 0.019730 1 
6049 0.009275 1 
6050 0.010595 1 
6051 0.010359 1 
6052 0.024995 1 
6053 0.016018 1 
6054 0.020959 1 
6055 0.017033 1 
6056 0.026121 1 
6057 0.015500 1 
6058 0.020367 1 
6059 0.024472 1 
6060 0.023821 1 
6062 0.021973 1 
6063 0.037878 1 
6064 0.021701 1 
6065 0.022836 1 
6066 0.007607 1 
6067 0.012097 1 
6068 0.012477 1 
6069 0.013586 1 
6070 0.012272 1 
6071 0.010339 1 
6073 0.018409 1 
6075 0.017756 1 
6076 0.009563 1 
6077 0.019911 1 
6078 0.012296 1 
6079 0.007969 1 
6080 0.014940 1 
6081 0.008923 1 
6083 0.019928 1 
6084 0.007795 1 
6085 0.013774 1 
6086 0.015255 1 
6088 0.013193 1 
6090 0.013880 1 
6091 0.012570 1 
6092 0.013345 1 
6094 0.019036 1 
6095 0.025437 1 
6096 0.014267 1 
6098 0.014035 1 
6099 0.015775 1 
6100 0.011021 1 
6101 0.012583 1 
6102 0.012829 1 
6103 0.012237 1 
6104 0.020669 1 
6105 0.015258 1 
6106 0.011769 1 
6107 0.012504 1 
6108 0.015207 1 
6109 0.018204 1 
6110 0.017237 1 
6111 0.009313 1 
6112 0.010948 1 
6113 0.017655 1 
6114 0.019685 1 
6115 0.013960 1 
6117 0.020777 1 
6118 0.012991 1 
6119 0.010186 1 
6120 0.012418 1 
6121 0.012506 1 
6122 0.018972 1 
6123 0.015246 1 
6125 0.015725 1 
6126 0.013621 1 
6127 0.014766 1 
6128 0.010095 1 
6129 0.017351 1 
6130 0.018039 1 
6131 0.016311 1 
6132 0.018898 1 
6133 0.015497 1 
6134 0.009463 1 
6135 0.015417 1 
6136 0.010368 1 
6138 0.018058 1 
6139 0.027942 1 
6140 0.015757 1 
6141 0.020879 1 
6142 0.018573 1 
6143 0.012290 1 
6144 0.019837 1 
6146 0.015857 1 
6147 0.017030 1 
6148 0.015399 1 
6149 0.017919 1 
6151 0.015896 1 
6152 0.008451 1 
6153 0.017226 1 
6154 0.014453 1 
6156 0.018591 1 
6157 0.024543 1 
6158 0.015180 1 
6159 0.007227 1 
6160 0.009506 1 
6161 0.010899 1 
6163 0.014110 1 
6164 0.010980 1 
6165 0.014938 1 
6166 0.011909 1 
6167 0.007623 1 
6168 0.009793 1 
6169 0.015885 1 
6170 0.012630 1 
6171 0.013890 1 
6173 0.015101 1 
6174 0.009301 1 
6175 0.008862 1 
6176 0.028322 1 
6177 0.011977 1 
6178 0.011682 1 
6179 0.008354 1 
6180 0.011899 1 
6181 0.016504 1 
6182 0.012974 1 
6183 0.016947 1 
6184 0.012911 1 
6185 0.025188 1 
6186 0.027256 1 
6187 0.015697 1 
6188 0.014340 1 
6189 0.011617 1 
6190 0.008702 1 
6191 0.010353 1 
6192 0.013174 1 
6193 0.023010 1 
6194 0.015652 1 
6195 0.010201 1 
6196 0.009685 1 
6197 0.014519 1 
6198 0.011651 1 
6200 0.014759 1 
6201 0.015246 1 
6202 0.009658 1 
6203 0.011218 1 
6204 0.015149 1 
6205 0.019237 1 
6206 0.023026 1 
6207 0.011690 1 
6209 0.016569 1 
6210 0.012626 1 
6211 0.005533 1 
6212 0.020859 1 
6214 0.014656 1 
6216 0.017158 1 
6217 0.021412 1 
6218 0.024775 1 
6219 0.022716 1 
6222 0.017592 1 
6223 0.014014 1 
6224 0.050984 1 
6225 0.034822 1 
6226 0.018540 1 
6227 0.015089 1 
6228 0.027316 1 
6229 0.027267 1 
6230 0.014485 1 
6231 0.021496 1 
6232 0.011225 1 
6233 0.011550 1 
6235 0.014955 1 
6237 0.023493 1 
6238 0.014232 1 
6239 0.017188 1 
6240 0.015978 1 
6241 0.007832 1 
6242 0.010344 1 
6243 0.016901 1 
6245 0.012623 1 
6246 0.017717 1 
6247 0.015960 1 
6248 0.014576 1 
6249 0.010522 1 
6250 0.011108 1 
6251 0.016242 1 
6252 0.012059 1 
6253 0.008362 1 
6254 0.016941 1 
6255 0.016490 1 
6256 0.015478 1 
6257 0.013449 1 
6258 0.022184 1 
6259 0.016897 1 
6261 0.045015 1 
6262 0.029614 1 
6263 0.017725 1 
6264 0.015993 1 
6265 0.020070 1 
6266 0.020724 1 
6267 0.010228 1 
6268 0.010540 1 
6269 0.009191 1 
6270 0.010830 1 
6272 0.025806 1 
6274 0.012635 1 
6275 0.013123 1 
6276 0.014110 1 
6277 0.009342 1 
6278 0.012156 1 
6279 0.013535 1 
6280 0.023745 1 
6282 0.011339 1 
6283 0.010473 1 
6284 0.011188 1 
6285 0.010689 1 
6287 0.020060 1 
6289 0.017152 1 
6290 0.011283 1 
6291 0.007560 1 
6293 0.021131 1 
6294 0.012145 1 
6295 0.012201 1 
6297 0.012538 1 
6298 0.013264 1 
6299 0.011962 1 
6300 0.014392 1 
6301 0.013097 1 
6302 0.010910 1 
6303 0.017668 1 
6304 0.010026 1 
6305 0.010946 1 
6306 0.018000 1 
6307 0.015972 1 
6308 0.012622 1 
6309 0.015566 1 
6310 0.009225 1 
6311 0.018330 1 
6312 0.017079 1 
6313 0.014947 1 
6314 0.009938 1 
6316 0.018740 1 
6317 0.021713 1 
6318 0.012500 1 
6319 0.007112 1 
6320 0.019654 1 
6321 0.016793 1 
6322 0.020717 1 
6324 0.011565 1 
6325 0.009908 1 
6326 0.014839 1 
6327 0.010690 1 
6328 0.011959 1 
6329 0.018095 1 
6330 0.011695 1 
6331 0.012913 1 
6332 0.007886 1 
6333 0.006750 1 
6334 0.010647 1 
6335 0.019416 1 
6337 0.024829 1 
6338 0.017413 1 
6339 0.013494 1 
6340 0.010700 1 
6341 0.020433 1 
6342 0.017701 1 
6343 0.009760 1 
6345 0.012020 1 
6346 0.011535 1 
6347 0.013529 1 
6348 0.013608 1 
6350 0.008670 1 
6351 0.013625 1 
6352 0.015173 1 
6353 0.011141 1 
6355 0.014466 1 
6356 0.014548 1 
6357 0.011028 1 
6358 0.011273 1 
6359 0.011941 1 
6360 0.018753 1 
6362 0.012218 1 
6363 0.018605 1 
6364 0.019086 1 
6365 0.018976 1 
6366 0.025157 1 
6367 0.013832 1 
6368 0.014822 1 
6369 0.020001 1 
6370 0.015891 1 
6372 0.022303 1 
6373 0.011181 1 
6374 0.009627 1 
6375 0.008934 1 
6376 0.021627 1 
6377 0.009939 1 
6378 0.025651 1 
6379 0.013326 1 
6380 0.024322 1 
6381 0.014976 1 
6382 0.012357 1 
6383 0.007993 1 
6384 0.012131 1 
6385 0.021836 1 
6386 0.024412 1 
6387 0.025688 1 
6388 0.017019 1 
6389 0.014705 1 
6390 0.017023 1 
6391 0.029984 1 
6392 0.017595 1 
6393 0.011069 1 
6394 0.008591 1 
6395 0.011605 1 
6396 0.020664 1 
6397 0.021911 1 
6399 0.031471 1 
6400 0.023880 1 
6401 0.012964 1 
6402 0.016666 1 
6403 0.011306 1 
6404 0.031273 1 
6405 0.017375 1 
6406 0.019734 1 
6408 0.022980 1 
6409 0.019160 1 
6410 0.008537 1 
6411 0.011658 1 
6413 0.017486 1 
6415 0.021050 1 
6416 0.024174 1 
6417 0.036461 1 
6418 0.029135 1 
6421 0.019216 1 
6422 0.016305 1 
6423 0.064367 1 
6424 0.047709 1 
6425 0.031314 1 
6426 0.017929 1 
6427 0.022628 1 
6428 0.023664 1 
6429 0.010310 1 
6430 0.013882 1 
6431 0.017618 1 
6432 0.034232 1 
6434 0.027126 1 
6436 0.022548 1 
6437 0.014422 1 
6438 0.010371 1 
6439 0.008228 1 
6440 0.013544 1 
6441 0.010976 1 
6442 0.010223 1 
6444 0.012796 1 
6445 0.026849 1 
6446 0.015329 1 
6447 0.015460 1 
6448 0.011932 1 
6449 0.016790 1 
6450 0.013309 1 
6451 0.019904 1 
6452 0.023024 1 
6453 0.013093 1 
6454 0.007647 1 
6455 0.009140 1 
6456 0.009049 1 
6457 0.025771 1 
6458 0.030355 1 
6460 0.038751 1 
6461 0.037657 1 
6462 0.021004 1 
6463 0.041035 1 
6464 0.024678 1 
6465 0.029812 1 
6466 0.013278 1 
6467 0.016423 1 
6468 0.007745 1 
6469 0.013633 1 
6471 0.031573 1 
6473 0.017573 1 
6474 0.020055 1 
6475 0.016394 1 
6476 0.017775 1 
6477 0.016007 1 
6478 0.020833 1 
6479 0.015816 1 
6481 0.015825 1 
6482 0.022980 1 
6483 0.013468 1 
6484 0.023115 1 
6486 0.026720 1 
6488 0.025575 1 
6489 0.014182 1 
6490 0.014493 1 
6492 0.014399 1 
6493 0.010096 1 
6494 0.021431 1 
6496 0.019663 1 
6497 0.013768 1 
6498 0.015096 1 
6499 0.014795 1 
6500 0.010181 1 
6501 0.017239 1 
6502 0.013743 1 
6503 0.022631 1 
6504 0.012085 1 
6505 0.013855 1 
6506 0.011822 1 
6507 0.019880 1 
6508 0.015165 1 
6509 0.019208 1 
6510 0.016350 1 
6511 0.026584 1 
6512 0.010010 1 
6513 0.021528 1 
6515 0.019026 1 
6516 0.011860 1 
6517 0.016562 1 
6518 0.013874 1 
6519 0.017673 1 
6520 0.011084 1 
6521 0.009751 1 
6523 0.014479 1 
6524 0.014110 1 
6525 0.014560 1 
6526 0.014267 1 
6527 0.018279 1 
6528 0.011494 1 
6529 0.013372 1 
6530 0.011726 1 
6531 0.007562 1 
6532 0.028885 1 
6533 0.027975 1 
6534 0.015086 1 
6536 0.013298 1 
6537 0.013427 1 
6538 0.021368 1 
6539 0.017627 1 
6540 0.013093 1 
6541 0.008261 1 
6542 0.009047 1 
6544 0.020606 1 
6545 0.017841 1 
6546 0.024111 1 
6547 0.017184 1 
6549 0.010309 1 
6550 0.016281 1 
6551 0.015132 1 
6552 0.012475 1 
6554 0.013363 1 
6555 0.022379 1 
6556 0.013329 1 
6557 0.021138 1 
6558 0.010857 1 
6559 0.016521 1 
6561 0.011888 1 
6562 0.018971 1 
6563 0.020563 1 
6564 0.011829 1 
6565 0.010070 1 
6566 0.009878 1 
6567 0.016755 1 
6568 0.015089 1 
6569 0.010782 1 
6571 0.014218 1 
6572 0.014120 1 
6573 0.010834 1 
6574 0.014947 1 
6575 0.013192 1 
6576 0.009136 1 
6577 0.008020 1 
6578 0.008697 1 
6579 0.019615 1 
6580 0.018894 1 
6581 0.011036 1 
6582 0.020160 1 
6583 0.010582 1 
6584 0.015350 1 
6585 0.009601 1 
6586 0.037367 1 
6587 0.031703 1 
6588 0.021988 1 
6589 0.018187 1 
6590 0.023127 1 
6591 0.022702 1 
6592 0.014683 1 
6593 0.017455 1 
6594 0.010746 1 
6595 0.013375 1 
6596 0.013862 1 
6598 0.010615 1 
6599 0.015401 1 
6600 0.015129 1 
6601 0.018225 1 
6602 0.024366 1 
6603 0.016620 1 
6604 0.010682 1 
6605 0.012555 1 
6607 0.040345 1 
6608 0.026114 1 
6609 0.008788 1 
6610 0.017345 1 
6612 0.018473 1 
6614 0.015406 1 
6615 0.022216 1 
6616 0.037487 1 
6617 0.020739 1 
6620 0.014119 1 
6621 0.013525 1 
6622 0.049454 1 
6623 0.031024 1 
6624 0.023519 1 
6625 0.015034 1 
6626 0.008276 1 
6627 0.011057 1 
6628 0.012250 1 
6629 0.019106 1 
6630 0.013465 1 
6631 0.012938 1 
6633 0.024300 1 
6635 0.031302 1 
6636 0.014927 1 
6637 0.015847 1 
6638 0.011182 1 
6639 0.007845 1 
6640 0.015745 1 
6641 0.012304 1 
6643 0.016245 1 
6644 0.017915 1 
6645 0.012274 1 
6646 0.014830 1 
6647 0.010627 1 
6648 0.015090 1 
6649 0.008034 1 
6650 0.009484 1 
6651 0.008890 1 
6652 0.018283 1 
6653 0.009968 1 
6654 0.019018 1 
6655 0.020434 1 
6656 0.012945 1 
6657 0.010530 1 
6659 0.043022 1 
6660 0.036457 1 
6661 0.028831 1 
6662 0.015811 1 
6663 0.009973 1 
6664 0.012338 1 
6665 0.014199 1 
6666 0.018335 1 
6667 0.014281 1 
6668 0.013457 1 
6670 0.021232 1 
6672 0.010480 1 
6673 0.016269 1 
6674 0.016460 1 
6675 0.009129 1 
6676 0.011221 1 
6677 0.012141 1 
6678 0.019093 1 
6680 0.013198 1 
6681 0.013134 1 
6682 0.014146 1 
6683 0.018616 1 
6685 0.020802 1 
6687 0.016619 1 
6688 0.013952 1 
6689 0.010228 1 
6691 0.023185 1 
6692 0.010914 1 
6693 0.014535 1 
6695 0.021332 1 
6696 0.014940 1 
6697 0.014672 1 
6698 0.019148 1 
6699 0.016935 1 
6700 0.029789 1 
6701 0.018926 1 
6702 0.013667 1 
6703 0.012877 1 
6704 0.012070 1 
6705 0.011949 1 
6706 0.013560 1 
6707 0.008711 1 
6708 0.007354 1 
6709 0.026890 1 
6710 0.016831 1 
6711 0.014430 1 
6712 0.014204 1 
6714 0.018914 1 
6715 0.025167 1 
6716 0.016235 1 
6717 0.012455 1 
6718 0.020206 1 
6719 0.017088 1 
6720 0.011656 1 
6722 0.029631 1 
6723 0.014727 1 
6724 0.013156 1 
6725 0.014691 1 
6726 0.010535 1 
6727 0.013849 1 
6728 0.023050 1 
6729 0.022662 1 
6730 0.026274 1 
6731 0.013070 1 
6732 0.023516 1 
6733 0.016113 1 
6735 0.017729 1 
6736 0.030876 1 
6737 0.028366 1 
6738 0.021774 1 
6739 0.013466 1 
6740 0.021574 1 
6741 0.011907 1 
6743 0.009124 1 
6744 0.011392 1 
6745 0.015055 1 
6746 0.026767 1 
6748 0.026709 1 
6749 0.017563 1 
6750 0.011893 1 
6751 0.016983 1 
6753 0.013590 1 
6754 0.018497 1 
6755 0.012341 1 
6756 0.020332 1 
6757 0.014791 1 
6758 0.012519 1 
6760 0.018656 1 
6761 0.020863 1 
6762 0.018651 1 
6763 0.010504 1 
6764 0.019502 1 
6765 0.009164 1 
6766 0.013992 1 
6767 0.013240 1 
6768 0.010229 1 
6770 0.011730 1 
6771 0.011312 1 
6772 0.013366 1 
6773 0.018745 1 
6774 0.022254 1 
6775 0.008916 1 
6776 0.013222 1 
6777 0.024934 1 
6778 0.015672 1 
6779 0.009978 1 
6780 0.007604 1 
6781 0.024727 1 
6782 0.011520 1 
6783 0.017329 1 
6784 0.009572 1 
6785 0.010964 1 
6786 0.011976 1 
6787 0.018355 1 
6788 0.019778 1 
6789 0.018486 1 
6790 0.028757 1 
6791 0.012084 1 
6792 0.010016 1 
6793 0.010491 1 
6794 0.012067 1 
6795 0.012991 1 
6797 0.012540 1 
6798 0.018947 1 
6799 0.011040 1 
6800 0.009483 1 
6801 0.012550 1 
6802 0.016926 1 
6803 0.017045 1 
6804 0.010099 1 
6806 0.023091 1 
6807 0.013759 1 
6808 0.014695 1 
6809 0.011847 1 
6811 0.014300 1 
6813 0.019768 1 
6814 0.032281 1 
6815 0.037151 1 
6816 0.023634 1 
6819 0.016108 1 
6820 0.020272 1 
6821 0.048987 1 
6822 0.036270 1 
6823 0.019670 1 
6824 0.013034 1 
6825 0.008987 1 
6826 0.017632 1 
6827 0.012145 1 
6828 0.009172 1 
6829 0.018956 1 
6830 0.011245 1 
6832 0.015190 1 
6834 0.020185 1 
6835 0.019880 1 
6836 0.013249 1 
6837 0.024187 1 
6838 0.017102 1 
6839 0.019078 1 
6840 0.018616 1 
6842 0.017161 1 
6843 0.020770 1 
6844 0.030385 1 
6845 0.021297 1 
6846 0.024471 1 
6847 0.009903 1 
6848 0.009936 1 
6849 0.011487 1 
6850 0.011575 1 
6851 0.018545 1 
6852 0.012527 1 
6853 0.017898 1 
6854 0.016215 1 
6855 0.014368 1 
6856 0.010229 1 
6858 0.029135 1 
6859 0.030419 1 
6860 0.017840 1 
6861 0.022016 1 
6862 0.012359 1 
6863 0.015036 1 
6864 0.011596 1 
6865 0.013750 1 
6866 0.014961 1 
6867 0.017488 1 
6869 0.025912 1 
6871 0.012690 1 
6872 0.014023 1 
6873 0.012066 1 
6874 0.052067 1 
6875 0.036435 1 
6876 0.026681 1 
6877 0.018504 1 
6879 0.021679 1 
6880 0.011123 1 
6881 0.020953 1 
6882 0.009832 1 
6884 0.022529 1 
6886 0.019967 1 
6887 0.008876 1 
6888 0.013201 1 
6890 0.018304 1 
6891 0.017594 1 
6892 0.014323 1 
6894 0.020770 1 
6895 0.016083 1 
6896 0.010006 1 
6897 0.012590 1 
6898 0.012519 1 
6899 0.017450 1 
6900 0.016198 1 
6901 0.016055 1 
6902 0.016963 1 
6903 0.012947 1 
6904 0.013052 1 
6905 0.014240 1 
6906 0.009901 1 
6907 0.007662 1 
6908 0.014846 1 
6909 0.011274 1 
6910 0.016424 1 
6911 0.015976 1 
6913 0.023462 1 
6914 0.013822 1 
6915 0.006437 1 
6916 0.011337 1 
6917 0.011018 1 
6918 0.011152 1 
6919 0.023488 1 
6921 0.014192 1 
6922 0.007843 1 
6923 0.007182 1 
6924 0.008605 1 
6925 0.011090 1 
6926 0.014305 1 
6927 0.010033 1 
6928 0.015459 1 
6929 0.012074 1 
6930 0.011817 1 
6931 0.015194 1 
6932 0.014267 1 
6934 0.013149 1 
6935 0.024175 1 
6936 0.010016 1 
6937 0.021876 1 
6938 0.021494 1 
6939 0.007801 1 
6940 0.008114 1 
6942 0.010083 1 
6943 0.017409 1 
6944 0.012158 1 
6945 0.015404 1 
6947 0.011092 1 
6948 0.009068 1 
6949 0.007872 1 
6950 0.010264 1 
6952 0.011533 1 
6953 0.014594 1 
6954 0.011864 1 
6955 0.012674 1 
6956 0.015301 1 
6957 0.014296 1 
6959 0.011671 1 
6960 0.021828 1 
6961 0.022863 1 
6962 0.016964 1 
6963 0.012820 1 
6964 0.012284 1 
6965 0.015229 1 
6966 0.012141 1 
6967 0.016368 1 
6969 0.016704 1 
6970 0.013500 1 
6971 0.016891 1 
6972 0.010876 1 
6973 0.007606 1 
6974 0.012767 1 
6975 0.018948 1 
6976 0.015175 1 
6977 0.014759 1 
6978 0.012254 1 
6979 0.011705 1 
6980 0.023227 1 
6981 0.014121 1 
6982 0.011755 1 
6983 0.010618 1 
6984 0.015452 1 
6985 0.019554 1 
6986 0.011748 1 
6987 0.009842 1 
6988 0.010479 1 
6989 0.008038 1 
6990 0.009255 1 
6991 0.008134 1 
6992 0.012880 1 
6993 0.026067 1 
6994 0.017831 1 
6996 0.011416 1 
6997 0.013201 1 
6998 0.010298 1 
6999 0.018097 1 
7000 0.013466 1 
7001 0.011690 1 
7002 0.010792 1 
7003 0.011021 1 
7005 0.022492 1 
7006 0.014849 1 
7007 0.014866 1 
7008 0.012196 1 
7010 0.015281 1 
7012 0.039005 1 
7013 0.032242 1 
7014 0.040223 1 
7015 0.023538 1 
7018 0.012471 1 
7019 0.012448 1 
7020 0.041117 1 
7021 0.025634 1 
7022 0.018722 1 
7023 0.024196 1 
7024 0.008014 1 
7025 0.013517 1 
7026 0.009312 1 
7027 0.012909 1 
7028 0.019770 1 
7029 0.016158 1 
7031 0.021305 1 
7033 0.023487 1 
7034 0.011830 1 
7035 0.020084 1 
7036 0.039502 1 
7037 0.025335 1 
7038 0.016110 1 
7039 0.010797 1 
7041 0.026677 1 
7042 0.028718 1 
7043 0.011546 1 
7044 0.014142 1 
7045 0.012115 1 
7046 0.011527 1 
7047 0.010858 1 
7048 0.023691 1 
7049 0.013320 1 
7050 0.013489 1 
7051 0.014723 1 
7052 0.021814 1 
7053 0.015123 1 
7054 0.030702 1 
7055 0.015425 1 
7057 0.030976 1 
7058 0.032754 1 
7059 0.016225 1 
7060 0.020647 1 
7061 0.014966 1 
7062 0.017348 1 
7063 0.016649 1 
7064 0.011454 1 
7065 0.017937 1 
7066 0.017221 1 
7068 0.020419 1 
7070 0.008703 1 
7071 0.009068 1 
7072 0.015239 1 
7073 0.017018 1 
7074 0.009852 1 
7075 0.015566 1 
7076 0.012765 1 
7078 0.022804 1 
7079 0.021221 1 
7080 0.011295 1 
7081 0.009130 1 
7083 0.022795 1 
7085 0.020441 1 
7086 0.011457 1 
7087 0.012395 1 
7089 0.017706 1 
7090 0.022657 1 
7091 0.020749 1 
7093 0.017056 1 
7094 0.016027 1 
7095 0.013494 1 
7096 0.022323 1 
7097 0.010554 1 
7098 0.014862 1 
7099 0.011831 1 
7100 0.018341 1 
7101 0.011627 1 
7102 0.011091 1 
7103 0.024428 1 
7104 0.018051 1 
7105 0.016787 1 
7106 0.020822 1 
7107 0.027544 1 
7108 0.019755 1 
7109 0.026490 1 
7110 0.012822 1 
7112 0.019957 1 
7113 0.011647 1 
7114 0.018450 1 
7115 0.014008 1 
7116 0.010696 1 
7117 0.015337 1 
7118 0.008487 1 
7120 0.013428 1 
7121 0.017214 1 
7122 0.021142 1 
7123 0.009261 1 
7124 0.013166 1 
7125 0.016075 1 
7126 0.010140 1 
7127 0.021664 1 
7128 0.013361 1 
7129 0.012373 1 
7130 0.023805 1 
7131 0.011580 1 
7133 0.011009 1 
7134 0.016991 1 
7135 0.007556 1 
7136 0.013347 1 
7137 0.015548 1 
7138 0.025884 1 
7139 0.012836 1 
7141 0.012009 1 
7142 0.019112 1 
7143 0.013404 1 
7144 0.015429 1 
7146 0.026594 1 
7147 0.016627 1 
7148 0.013020 1 
7149 0.011749 1 
7151 0.014270 1 
7152 0.027916 1 
7153 0.010153 1 
7154 0.019799 1 
7155 0.008676 1 
7156 0.012795 1 
7158 0.020139 1 
7159 0.020443 1 
7160 0.022720 1 
7161 0.012204 1 
7162 0.010945 1 
7163 0.011725 1 
7164 0.035191 1 
7165 0.022947 1 
7166 0.015832 1 
7168 0.015260 1 
7169 0.013235 1 
7170 0.011226 1 
7171 0.016030 1 
7172 0.011160 1 
7173 0.011016 1 
7174 0.011796 1 
7175 0.010030 1 
7176 0.015072 1 
7177 0.020200 1 
7178 0.013760 1 
7179 0.013571 1 
7180 0.012915 1 
7181 0.009535 1 
7182 0.015644 1 
7183 0.020191 1 
7184 0.014943 1 
7185 0.010298 1 
7186 0.008910 1 
7187 0.009510 1 
7188 0.009424 1 
7189 0.027710 1 
7190 0.015972 1 
7191 0.023640 1 
7192 0.032917 1 
7193 0.018027 1 
7195 0.018641 1 
7196 0.021898 1 
7197 0.017658 1 
7198 0.011383 1 
7199 0.015482 1 
7200 0.009815 1 
7201 0.014503 1 
7202 0.010987 1 
7204 0.014567 1 
7205 0.013287 1 
7206 0.006321 1 
7205 0.056730 0 
7206 0.040628 0 
7207 0.024554 0 
7209 0.006225 1 
7211 0.016352 1 
7212 0.024027 1 
7213 0.020603 1 
7214 0.019941 1 
7209 0.131110 0 
7211 0.098521 0 
7212 0.081883 0 
7217 0.008768 1 
7218 0.017597 1 
7213 0.105218 0 
7214 0.088901 0 
7217 0.038490 0 
7219 0.016198 1 
7218 0.045817 0 
7220 0.035926 1 
7221 0.020681 1 
7222 0.012585 1 
7223 0.010435 1 
7219 0.080099 0 
7220 0.063556 0 
7221 0.047265 0 
7222 0.029510 0 
7223 0.014703 0 
7224 0.014729 1 
7225 0.013827 1 
7226 0.014883 1 
7225 0.034814 0 
7226 0.019161 0 
7227 0.007306 0 
7227 0.014949 1 
7228 0.007633 1 
7230 0.013068 1 
7228 0.077089 0 
7230 0.043968 0 
7232 0.014200 0 
7232 0.020288 1 
7233 0.010485 1 
7234 0.009445 1 
7235 0.022794 1 
7233 0.060872 0 
7236 0.011413 0 
7236 0.013568 1 
7237 0.013553 1 
7238 0.010863 1 
7237 0.063051 0 
7238 0.046766 0 
7240 0.013708 1 
7240 0.025701 0 
7241 0.017627 1 
7242 0.010426 1 
7241 0.041388 0 
7243 0.009304 1 
7244 0.008816 1 
7243 0.036701 0 
7244 0.020942 0 
7245 0.012212 1 
7246 0.013050 1 
7245 0.037641 0 
7246 0.021793 0 
7247 0.014976 1 
7248 0.009506 1 
7249 0.010463 1 
7250 0.009933 1 
7247 0.068497 0 
7248 0.051666 0 
7249 0.041352 0 
7250 0.024969 0 
7251 0.016776 0 
7251 0.017473 1 
7252 0.016458 1 
7253 0.014507 1 
7254 0.009524 1 
7252 0.045702 0 
7253 0.029353 0 
7256 0.020782 1 
7257 0.020149 1 
7258 0.011402 1 
7259 0.014059 1 
7260 0.010008 1 
7258 0.056256 0 
7259 0.039803 0 
7260 0.023468 0 
7261 0.015749 1 
7262 0.006485 1 
7263 0.012054 1 
7261 0.047929 0 
7262 0.030946 0 
7264 0.014938 1 
7265 0.008947 1 
7263 0.049501 0 
7264 0.032951 0 
7267 0.019164 1 
7265 0.085611 0 
7269 0.023891 1 
7270 0.020334 1 
7271 0.012722 1 
7272 0.010441 1 
7273 0.020669 1 
7274 0.015424 1 
7275 0.015475 1 
7277 0.015711 1 
7278 0.016010 1 
7279 0.015638 1 
7280 0.013039 1 
7282 0.026149 1 
7284 0.019274 1 
7285 0.008852 1 
7286 0.013459 1 
7288 0.023828 1 
7289 0.011523 1 
7290 0.007925 1 
7292 0.009142 1 
7293 0.016658 1 
7294 0.017808 1 
7295 0.023322 1 
7296 0.026895 1 
7297 0.025872 1 
7298 0.015191 1 
7299 0.015369 1 
7300 0.021213 1 
7301 0.026225 1 
7302 0.021903 1 
7303 0.023340 1 
7304 0.007663 1 
7305 0.009774 1 
7306 0.012191 1 
7307 0.018068 1 
7308 0.011327 1 
7309 0.011400 1 
7311 0.014107 1 
7312 0.007096 1 
7313 0.010246 1 
7314 0.012557 1 
7315 0.013334 1 
7316 0.014545 1 
7317 0.011724 1 
7319 0.013433 1 
7320 0.009133 1 
7321 0.010881 1 
7322 0.013266 1 
7323 0.012237 1 
7324 0.022039 1 
7325 0.017107 1 
7326 0.016358 1 
7327 0.017700 1 
7328 0.011916 1 
7329 0.009088 1 
7330 0.008215 1 
7332 0.018526 1 
7333 0.015315 1 
7334 0.014506 1 
7335 0.020924 1 
7336 0.015494 1 
7337 0.014708 1 
7338 0.010560 1 
7340 0.011535 1 
7341 0.021637 1 
7342 0.016038 1 
7343 0.025766 1 
7345 0.017091 1 
7346 0.014607 1 
7347 0.016769 1 
7348 0.009234 1 
7350 0.016594 1 
7351 0.017668 1 
7352 0.016986 1 
7353 0.018993 1 
7354 0.019269 1 
7355 0.019318 1 
7357 0.024208 1 
7358 0.021539 1 
7359 0.033640 1 
7360 0.017034 1 
7361 0.011894 1 
7362 0.014891 1 
7363 0.021042 1 
7364 0.017888 1 
7365 0.015009 1 
7367 0.022952 1 
7368 0.017945 1 
7369 0.014162 1 
7370 0.020156 1 
7371 0.015488 1 
7372 0.014698 1 
7373 0.012714 1 
7374 0.013212 1 
7375 0.022109 1 
7376 0.012738 1 
7377 0.015181 1 
7378 0.009083 1 
7379 0.010926 1 
7380 0.017061 1 
7381 0.010936 1 
7382 0.009463 1 
7383 0.011068 1 
7384 0.018822 1 
7385 0.015023 1 
7386 0.018190 1 
7387 0.009957 1 
7388 0.013533 1 
7389 0.007348 1 
7390 0.010401 1 
7391 0.012119 1 
7392 0.020496 1 
7394 0.025778 1 
7395 0.018795 1 
7396 0.011539 1 
7397 0.015790 1 
7398 0.012870 1 
7399 0.015258 1 
7400 0.010120 1 
7401 0.007867 1 
7403 0.031545 1 
7404 0.013881 1 
7405 0.018502 1 
7406 0.011516 1 
7408 0.008354 1 
7410 0.017661 1 
7411 0.018118 1 
7412 0.033264 1 
7413 0.016816 1 
7416 0.014265 1 
7417 0.014517 1 
7418 0.049276 1 
7419 0.033107 1 
7420 0.020074 1 
7421 0.016647 1 
7422 0.012414 1 
7423 0.017762 1 
7424 0.011196 1 
7425 0.010809 1 
7426 0.007413 1 
7427 0.014198 1 
7429 0.015587 1 
7431 0.015149 1 
7432 0.007592 1 
7433 0.010237 1 
7434 0.013617 1 
7435 0.014112 1 
7436 0.011777 1 
7437 0.008223 1 
7439 0.012534 1 
7440 0.020976 1 
7441 0.014787 1 
7442 0.015925 1 
7443 0.010673 1 
7444 0.009572 1 
7445 0.011200 1 
7446 0.010640 1 
7447 0.009462 1 
7448 0.026136 1 
7449 0.015182 1 
7450 0.011481 1 
7451 0.015546 1 
7452 0.015666 1 
7453 0.014128 1 
7455 0.024890 1 
7456 0.021549 1 
7457 0.013122 1 
7458 0.017060 1 
7459 0.010358 1 
7460 0.013595 1 
7461 0.011071 1 
7462 0.007393 1 
7463 0.016179 1 
7464 0.012241 1 
7466 0.027607 1 
7468 0.010373 1 
7469 0.011565 1 
7470 0.012987 1 
7471 0.012590 1 
7472 0.008711 1 
7473 0.012637 1 
7474 0.008551 1 
7476 0.014619 1 
7477 0.007112 1 
7478 0.008163 1 
7479 0.014884 1 
7481 0.036889 1 
7483 0.018983 1 
7484 0.011790 1 
7485 0.022631 1 
7487 0.017234 1 
7488 0.012687 1 
7489 0.021398 1 
7491 0.020669 1 
7492 0.010749 1 
7493 0.012702 1 
7494 0.009742 1 
7495 0.013863 1 
7496 0.012765 1 
7497 0.019721 1 
7498 0.019234 1 
7499 0.022760 1 
7500 0.009778 1 
7501 0.010437 1 
7502 0.014128 1 
7503 0.007508 1 
7504 0.010746 1 
7505 0.017113 1 
7506 0.021138 1 
7507 0.016685 1 
7508 0.011778 1 
7510 0.048142 1 
7511 0.032691 1 
7512 0.029609 1 
7513 0.033888 1 
7514 0.023627 1 
7515 0.023330 1 
7516 0.017430 1 
7518 0.030872 1 
7519 0.021997 1 
7520 0.013674 1 
7521 0.010700 1 
7522 0.010091 1 
7523 0.014027 1 
7524 0.017774 1 
7525 0.021968 1 
7526 0.021868 1 
7527 0.013105 1 
7528 0.028880 1 
7529 0.020722 1 
7531 0.010491 1 
7532 0.008894 1 
7533 0.014237 1 
7534 0.020817 1 
7535 0.017999 1 
7536 0.024216 1 
7537 0.011247 1 
7539 0.009232 1 
7540 0.026331 1 
7541 0.021841 1 
7542 0.025879 1 
7544 0.018084 1 
7545 0.008250 1 
7546 0.025819 1 
7547 0.022281 1 
7549 0.017249 1 
7550 0.019025 1 
7551 0.010892 1 
7552 0.016618 1 
7553 0.014843 1 
7554 0.011158 1 
7556 0.015138 1 
7557 0.016005 1 
7558 0.017875 1 
7559 0.019721 1 
7560 0.013899 1 
7561 0.016473 1 
7562 0.024551 1 
7563 0.007981 1 
7564 0.013441 1 
7566 0.023070 1 
7567 0.015982 1 
7568 0.023427 1 
7569 0.024851 1 
7570 0.011200 1 
7571 0.015341 1 
7572 0.016498 1 
7573 0.009700 1 
7574 0.012535 1 
7575 0.010796 1 
7576 0.013127 1 
7577 0.015198 1 
7578 0.012669 1 
7579 0.010578 1 
7580 0.010867 1 
7581 0.007860 1 
7582 0.016370 1 
7583 0.011554 1 
7584 0.022282 1 
7585 0.007350 1 
7586 0.009758 1 
7587 0.021962 1 
7588 0.014500 1 
7589 0.019645 1 
7590 0.015299 1 
7591 0.011547 1 
7593 0.008375 1 
7594 0.026017 1 
7595 0.040276 1 
7596 0.027124 1 
7597 0.029456 1 
7598 0.027861 1 
7599 0.011069 1 
7600 0.017614 1 
7602 0.021414 1 
7603 0.015093 1 
7604 0.011403 1 
7605 0.010648 1 
7607 0.010436 1 
7609 0.021471 1 
7610 0.020389 1 
7611 0.023445 1 
7612 0.016974 1 
7615 0.024630 1 
7616 0.014527 1 
7617 0.045897 1 
7618 0.032450 1 
7619 0.019607 1 
7620 0.018392 1 
7621 0.009116 1 
7622 0.009932 1 
7623 0.013778 1 
7624 0.013908 1 
7625 0.010513 1 
7626 0.013097 1 
7628 0.016616 1 
7630 0.018460 1 
7631 0.015535 1 
7632 0.013309 1 
7633 0.023985 1 
7634 0.014070 1 
7635 0.019005 1 
7636 0.009990 1 
7638 0.015024 1 
7639 0.030466 1 
7640 0.036196 1 
7641 0.024354 1 
7642 0.022108 1 
7643 0.010405 1 
7644 0.018527 1 
7645 0.017782 1 
7646 0.018378 1 
7647 0.015178 1 
7648 0.010848 1 
7649 0.010129 1 
7650 0.007123 1 
7651 0.017302 1 
7652 0.008489 1 
7654 0.023911 1 
7655 0.027757 1 
7656 0.011647 1 
7657 0.014000 1 
7658 0.008916 1 
7659 0.012791 1 
7660 0.017799 1 
7661 0.016109 1 
7662 0.010338 1 
7663 0.014969 1 
7665 0.021704 1 
7667 0.015302 1 
7668 0.018338 1 
7669 0.013903 1 
7670 0.016479 1 
7671 0.014787 1 
7672 0.014335 1 
7673 0.056593 1 
7675 0.035603 1 
7676 0.023751 1 
7677 0.016429 1 
7678 0.012386 1 
7680 0.020061 1 
7682 0.023475 1 
7683 0.008758 1 
7684 0.015085 1 
7686 0.015236 1 
7687 0.016199 1 
7688 0.014032 1 
7690 0.029393 1 
7691 0.014870 1 
7692 0.018514 1 
7693 0.020270 1 
7694 0.026982 1 
7695 0.019348 1 
7696 0.016584 1 
7697 0.016109 1 
7698 0.015964 1 
7699 0.023000 1 
7700 0.013183 1 
7701 0.007192 1 
7702 0.010142 1 
7703 0.015398 1 
7704 0.017000 1 
7705 0.018184 1 
7706 0.024310 1 
7707 0.025901 1 
7709 0.017066 1 
7710 0.012751 1 
7711 0.009490 1 
7712 0.016059 1 
7713 0.013361 1 
7714 0.011892 1 
7715 0.020036 1 
7717 0.009054 1 
7718 0.017706 1 
7719 0.016681 1 
7720 0.012461 1 
7721 0.013010 1 
7722 0.010681 1 
7723 0.007342 1 
7724 0.022896 1 
7725 0.018619 1 
7726 0.021337 1 
7727 0.016150 1 
7728 0.010545 1 
7730 0.012725 1 
7731 0.017967 1 
7732 0.017808 1 
7733 0.017071 1 
7734 0.009677 1 
7735 0.011654 1 
7736 0.012649 1 
7738 0.019494 1 
7739 0.013055 1 
7740 0.019834 1 
7741 0.020583 1 
7743 0.017481 1 
7744 0.016545 1 
7745 0.026523 1 
7746 0.009981 1 
7748 0.013490 1 
7749 0.036681 1 
7750 0.029560 1 
7751 0.025124 1 
7752 0.018350 1 
7753 0.017751 1 
7755 0.025310 1 
7756 0.049099 1 
7757 0.032548 1 
7758 0.030977 1 
7759 0.032401 1 
7760 0.019813 1 
7761 0.016399 1 
7762 0.021358 1 
7763 0.014562 1 
7765 0.011686 1 
7766 0.016035 1 
7767 0.014476 1 
7768 0.014977 1 
7769 0.012794 1 
7770 0.014531 1 
7771 0.011669 1 
7772 0.016160 1 
7773 0.017189 1 
7774 0.023765 1 
7775 0.012271 1 
7776 0.017136 1 
7777 0.019666 1 
7778 0.017808 1 
7779 0.015023 1 
7780 0.019840 1 
7781 0.021198 1 
7782 0.015746 1 
7783 0.017750 1 
7784 0.009831 1 
7785 0.014556 1 
7786 0.016526 1 
7787 0.026222 1 
7788 0.013470 1 
7789 0.009293 1 
7790 0.009893 1 
7792 0.017583 1 
7793 0.011522 1 
7794 0.017539 1 
7795 0.016993 1 
7796 0.014207 1 
7797 0.013232 1 
7798 0.008444 1 
7799 0.011405 1 
7801 0.035899 1 
7802 0.024941 1 
7803 0.011652 1 
7804 0.025869 1 
7806 0.008420 1 
7808 0.029883 1 
7809 0.040197 1 
7810 0.042930 1 
7811 0.027486 1 
7814 0.030375 1 
7815 0.012942 1 
7816 0.030712 1 
7817 0.021336 1 
7818 0.013906 1 
7819 0.009839 1 
7820 0.015611 1 
7821 0.016264 1 
7822 0.028849 1 
7823 0.012674 1 
7824 0.015901 1 
7825 0.016109 1 
7827 0.015146 1 
7829 0.021182 1 
7830 0.020356 1 
7831 0.014788 1 
7832 0.014843 1 
7833 0.014846 1 
7834 0.010305 1 
7835 0.012177 1 
7837 0.028425 1 
7838 0.055591 1 
7839 0.039358 1 
7840 0.023210 1 
7841 0.018234 1 
7842 0.013002 1 
7843 0.008130 1 
7844 0.006710 1 
7845 0.011683 1 
7846 0.033051 1 
7847 0.018674 1 
7848 0.016766 1 
7849 0.011729 1 
7850 0.016009 1 
7851 0.011925 1 
7853 0.041851 1 
7854 0.049979 1 
7855 0.033195 1 
7856 0.016821 1 
7857 0.020420 1 
7858 0.027747 1 
7859 0.029502 1 
7860 0.020130 1 
7861 0.012477 1 
7862 0.009235 1 
7864 0.015158 1 
7866 0.014905 1 
7867 0.019929 1 
7868 0.011580 1 
7869 0.012302 1 
7870 0.013687 1 
7871 0.017977 1 
7872 0.009127 1 
