2024-09-03 17:18:03
../stream-replay/logs/rtt-6205@128.txt
1 0.117080 0 
5 0.092199 0 
6 0.075737 0 
7 0.059173 0 
9 0.139014 0 
10 0.123130 0 
11 0.184533 0 
12 0.167508 0 
13 0.151524 0 
15 0.275666 0 
16 0.259892 0 
17 0.244210 0 
18 0.227705 0 
19 0.280286 0 
20 0.263569 0 
21 0.246750 0 
22 0.230984 0 
23 0.214988 0 
24 0.198628 0 
25 0.181856 0 
26 0.368487 0 
27 0.352180 0 
28 0.335984 0 
29 0.319487 0 
31 0.287240 0 
32 0.271012 0 
33 0.254440 0 
34 0.451228 0 
35 0.434975 0 
36 0.418327 0 
37 0.401515 0 
38 0.385339 0 
40 0.352470 0 
41 0.335973 0 
42 0.319420 0 
43 0.303158 0 
45 0.270699 0 
47 0.238124 0 
48 0.221178 0 
49 0.338044 0 
50 0.321658 0 
53 0.272794 0 
54 0.256230 0 
55 0.239560 0 
56 0.315781 0 
57 0.299201 0 
58 0.278266 0 
59 0.289178 0 
60 0.272932 0 
62 0.312434 0 
63 0.296282 0 
64 0.279608 0 
66 0.247407 0 
68 0.246611 0 
69 0.230028 0 
70 0.214338 0 
71 0.243638 0 
72 0.227503 0 
73 0.211047 0 
74 0.195269 0 
76 0.162485 0 
77 0.205929 0 
78 0.189233 0 
79 0.243080 0 
80 0.226649 0 
82 0.266185 0 
83 0.249842 0 
84 0.265560 0 
85 0.247847 0 
86 0.232303 0 
87 0.217142 0 
88 0.200718 0 
89 0.346159 0 
90 0.329946 0 
92 0.405972 0 
93 0.503216 0 
94 0.486895 0 
95 0.470766 0 
96 0.454579 0 
97 0.438313 0 
98 0.421649 0 
99 0.405316 0 
100 0.386858 0 
101 0.370660 0 
103 0.389498 0 
105 0.396157 0 
106 0.460812 0 
107 0.444432 0 
108 0.477231 0 
109 0.460758 0 
110 0.454271 0 
111 0.491761 0 
113 0.458561 0 
114 0.442538 0 
115 0.425894 0 
116 0.408146 0 
118 0.416304 0 
120 0.521485 0 
121 0.505222 0 
122 0.489037 0 
124 0.456671 0 
125 0.440751 0 
126 0.424800 0 
128 0.391939 0 
129 0.375416 0 
130 0.359351 0 
131 0.413312 0 
132 0.397016 0 
133 0.380699 0 
134 0.364560 0 
135 0.348598 0 
136 0.331673 0 
137 0.315205 0 
138 0.298718 0 
139 0.359427 0 
140 0.342943 0 
141 0.326684 0 
142 0.344829 0 
143 0.329060 0 
144 0.407450 0 
145 0.390911 0 
147 0.440789 0 
148 0.426771 0 
149 0.410401 0 
150 0.416772 0 
151 0.400587 0 
152 0.384027 0 
153 0.440932 0 
155 0.408550 0 
156 0.392126 0 
157 0.376095 0 
158 0.359654 0 
159 0.343389 0 
160 0.326999 0 
161 0.402874 0 
162 0.386629 0 
163 0.370356 0 
164 0.479636 0 
165 0.463366 0 
166 0.446868 0 
168 0.414598 0 
169 0.398455 0 
170 0.382188 0 
171 0.469478 0 
172 0.453160 0 
173 0.436283 0 
174 0.421262 0 
176 0.388431 0 
177 0.372098 0 
178 0.516194 0 
179 0.500237 0 
181 0.467781 0 
182 0.451607 0 
183 0.435310 0 
184 0.418949 0 
186 0.386842 0 
187 0.418269 0 
188 0.401932 0 
189 0.385540 0 
190 0.369082 0 
191 0.353340 0 
193 0.320611 0 
194 0.402913 0 
195 0.386246 0 
196 0.411530 0 
197 0.395226 0 
198 0.378918 0 
199 0.490068 0 
200 0.473795 0 
201 0.458092 0 
203 0.425355 0 
204 0.408918 0 
205 0.392472 0 
206 0.376412 0 
207 0.354141 0 
208 0.336241 0 
209 0.320244 0 
210 0.307915 0 
212 0.355779 0 
213 0.339462 0 
214 0.323147 0 
215 0.307033 0 
216 0.290523 0 
217 0.274289 0 
218 0.257642 0 
219 0.422491 0 
220 0.406496 0 
221 0.390235 0 
222 0.374061 0 
223 0.358023 0 
224 0.341602 0 
225 0.322933 0 
226 0.308017 0 
227 0.291683 0 
228 0.379091 0 
230 0.346462 0 
231 0.330312 0 
232 0.314077 0 
233 0.297619 0 
234 0.533396 0 
235 0.517316 0 
236 0.500895 0 
237 0.484544 0 
239 0.452645 0 
240 0.435796 0 
241 0.419827 0 
242 0.403267 0 
244 0.371038 0 
246 0.379218 0 
247 0.547929 0 
248 0.531003 0 
249 0.515280 0 
252 0.466511 0 
253 0.449681 0 
254 0.433123 0 
255 0.469577 0 
256 0.453253 0 
257 0.437205 0 
258 0.420801 0 
259 0.540684 0 
260 0.525163 0 
261 0.508825 0 
262 0.492517 0 
263 0.475498 0 
265 0.442738 0 
267 0.408302 0 
268 0.456698 0 
269 0.441933 0 
270 0.426020 0 
271 0.409643 0 
272 0.668734 0 
273 0.652341 0 
275 0.620584 0 
276 0.604644 0 
277 0.646675 0 
278 0.630109 0 
279 0.613930 0 
280 0.647097 0 
281 0.630954 0 
282 0.610964 0 
283 0.797455 0 
284 0.780877 0 
285 0.763286 0 
286 0.742574 0 
287 0.726432 0 
288 0.709960 0 
289 0.811992 0 
291 0.891427 0 
292 0.919230 0 
293 0.903385 0 
294 1.171471 0 
295 1.154798 0 
296 1.138787 0 
297 1.123061 0 
298 1.103684 0 
299 1.087548 0 
300 1.071225 0 
302 1.038440 0 
304 1.013097 0 
305 1.052210 0 
306 1.035504 0 
307 1.114100 0 
308 1.097935 0 
309 1.081990 0 
310 1.065967 0 
312 1.031717 0 
313 1.016974 0 
314 0.998010 0 
315 0.981660 0 
317 0.947831 0 
319 1.117229 0 
320 1.101001 0 
321 1.085231 0 
323 1.138502 0 
324 1.121146 0 
325 1.105407 0 
327 1.101467 0 
328 1.133889 0 
329 1.117598 0 
330 1.101317 0 
331 1.083678 0 
332 1.067088 0 
333 1.093451 0 
334 1.076967 0 
335 1.060539 0 
336 1.044255 0 
337 1.028117 0 
338 1.011914 0 
339 0.995541 0 
340 1.017010 0 
341 1.012751 0 
342 1.091932 0 
343 1.076669 0 
344 1.080760 0 
346 1.087911 0 
347 1.071244 0 
348 1.097956 0 
349 1.082138 0 
350 1.066128 0 
351 1.049326 0 
352 1.109035 0 
354 1.076102 0 
355 1.107220 0 
356 1.091015 0 
357 1.074686 0 
358 1.058070 0 
359 1.041488 0 
360 1.025211 0 
361 1.008930 0 
362 0.992834 0 
363 1.024658 0 
364 1.008526 0 
365 0.991676 0 
367 1.142892 0 
368 1.126397 0 
369 1.110364 0 
370 1.092778 0 
371 1.076314 0 
372 1.155172 0 
373 1.138845 0 
375 1.100646 0 
376 1.156539 0 
377 1.140168 0 
378 1.124397 0 
380 1.091517 0 
381 1.074802 0 
382 1.058004 0 
383 1.041585 0 
385 1.063906 0 
386 1.047606 0 
387 1.252212 0 
388 1.235827 0 
389 1.219564 0 
390 1.203233 0 
392 1.170757 0 
393 1.245299 0 
394 1.229134 0 
395 1.415469 0 
396 1.399020 0 
397 1.382674 0 
398 1.366993 0 
399 1.350625 0 
400 1.334488 0 
402 1.365524 0 
403 1.349248 0 
404 1.332980 0 
405 1.315933 0 
406 1.299676 0 
407 1.329334 0 
408 1.312371 0 
409 1.296140 0 
410 1.279831 0 
411 1.263407 0 
412 1.247069 0 
413 1.349018 0 
414 1.332366 0 
415 1.313648 0 
416 1.491244 0 
417 1.475020 0 
418 1.459651 0 
419 1.477546 0 
420 1.461236 0 
421 1.444861 0 
422 1.428550 0 
423 1.412356 0 
424 1.395954 0 
425 1.439843 0 
426 1.419681 0 
427 1.403662 0 
429 1.370890 0 
430 1.353952 0 
431 1.437174 0 
432 1.421003 0 
433 1.499629 0 
434 1.483180 0 
435 1.466795 0 
436 1.450450 0 
438 1.482305 0 
439 1.466330 0 
440 1.450139 0 
441 1.433622 0 
443 1.400948 0 
445 1.368475 0 
446 1.496624 0 
447 1.710671 0 
448 1.693847 0 
451 1.644941 0 
452 1.628282 0 
453 1.612658 0 
454 1.596321 0 
455 1.579820 0 
456 1.663895 0 
457 1.647840 0 
458 1.632328 0 
459 1.669244 0 
460 1.652594 0 
461 1.636210 0 
462 1.674287 0 
464 1.642738 0 
466 1.607404 0 
467 1.591062 0 
468 1.574646 0 
469 1.558471 0 
470 1.541332 0 
471 1.531286 0 
472 1.515108 0 
474 1.482610 0 
475 1.540186 0 
476 1.521642 0 
477 1.505533 0 
478 1.489294 0 
479 1.472795 0 
480 1.645579 0 
481 1.628810 0 
482 1.612481 0 
483 1.596400 0 
484 1.579746 0 
485 1.563548 0 
486 1.547131 0 
487 1.531161 0 
488 1.514211 0 
490 1.749419 0 
491 1.826762 0 
492 1.811419 0 
493 1.794887 0 
494 1.881716 0 
495 1.865020 0 
496 1.849030 0 
497 1.832484 0 
498 1.816244 0 
499 1.800081 0 
501 1.766995 0 
503 1.735120 0 
504 1.727933 0 
505 1.796817 0 
506 1.780637 0 
507 1.763682 0 
508 1.826563 0 
509 1.810169 0 
511 1.905905 0 
512 1.889678 0 
513 1.873202 0 
514 2.017809 0 
516 2.047096 0 
518 2.014676 0 
519 1.996855 0 
520 1.980464 0 
522 1.947927 0 
523 1.931955 0 
524 1.914799 0 
526 1.905482 0 
527 1.888820 0 
528 1.872718 0 
529 1.926486 0 
530 1.909703 0 
531 1.893393 0 
532 1.952467 0 
533 1.936215 0 
534 1.919761 0 
535 2.000690 0 
536 1.984285 0 
537 1.967669 0 
538 1.950596 0 
539 2.039688 0 
540 2.023011 0 
541 2.066523 0 
542 2.050298 0 
543 2.070878 0 
545 2.038464 0 
546 2.021866 0 
547 2.051118 0 
548 2.034957 0 
549 2.037064 0 
550 2.020335 0 
551 2.158657 0 
553 2.126224 0 
554 2.109843 0 
555 2.093681 0 
556 2.076889 0 
557 2.059975 0 
558 2.043744 0 
559 2.026926 0 
560 2.010118 0 
561 1.994438 0 
562 1.977970 0 
563 2.000538 0 
564 1.984387 0 
566 1.951937 0 
567 1.935368 0 
568 1.919497 0 
569 1.990852 0 
570 1.974282 0 
571 2.125160 0 
572 2.109038 0 
574 2.076475 0 
575 2.060599 0 
576 2.044047 0 
577 2.116968 0 
579 2.084435 0 
580 2.065024 0 
581 2.048639 0 
582 2.032295 0 
584 2.091892 0 
585 2.074023 0 
586 2.138240 0 
587 2.121652 0 
588 2.105555 0 
589 2.089225 0 
591 2.056220 0 
592 2.039899 0 
593 2.125983 0 
594 2.109760 0 
595 2.242595 0 
596 2.226338 0 
597 2.210334 0 
598 2.194366 0 
599 2.177909 0 
601 2.138059 0 
602 2.121864 0 
603 2.105206 0 
604 2.235053 0 
605 2.219200 0 
606 2.202957 0 
607 2.186301 0 
608 2.169943 0 
609 2.172050 0 
610 2.155715 0 
611 2.139047 0 
612 2.189464 0 
614 2.339259 0 
615 2.404442 0 
616 2.495404 0 
617 2.478687 0 
618 2.654587 0 
619 2.638206 0 
620 2.697021 0 
621 2.680799 0 
622 2.664792 0 
623 2.649137 0 
624 2.632849 0 
625 2.762674 0 
626 2.746430 0 
628 2.713871 0 
629 2.697673 0 
630 2.681269 0 
631 2.664953 0 
632 2.648209 0 
633 2.632089 0 
634 2.783350 0 
635 2.767311 0 
637 2.735175 0 
638 2.718624 0 
639 2.702360 0 
640 2.686362 0 
642 2.653914 0 
644 2.621573 0 
645 2.667691 0 
646 2.714935 0 
647 2.698288 0 
650 2.767337 0 
651 2.751014 0 
652 2.735576 0 
653 2.718752 0 
654 2.871969 0 
655 2.855695 0 
656 2.839355 0 
657 2.845143 0 
658 2.829069 0 
659 2.813015 0 
660 2.796283 0 
661 2.780134 0 
663 2.897293 0 
665 2.979499 0 
666 2.963511 0 
667 2.946975 0 
668 2.931152 0 
669 2.914713 0 
670 2.923063 0 
671 2.906352 0 
673 3.047496 0 
674 3.030886 0 
675 3.013922 0 
676 2.997684 0 
677 2.982064 0 
678 2.965716 0 
679 3.144524 0 
680 3.128268 0 
681 3.111526 0 
682 3.264920 0 
683 3.248338 0 
684 3.232569 0 
685 3.216311 0 
686 3.200063 0 
687 3.183443 0 
689 3.311427 0 
690 3.291327 0 
691 3.275031 0 
692 3.258559 0 
693 3.339038 0 
694 3.363688 0 
695 3.347190 0 
696 3.330115 0 
697 3.314734 0 
698 3.298268 0 
700 3.265228 0 
702 3.232376 0 
703 3.279702 0 
704 3.263582 0 
705 3.247146 0 
706 3.296758 0 
707 3.279775 0 
708 3.263985 0 
710 3.272855 0 
711 3.257015 0 
712 3.240653 0 
713 3.224079 0 
715 3.306733 0 
717 3.273795 0 
718 3.257856 0 
719 3.241314 0 
721 3.391045 0 
722 3.374573 0 
723 3.357200 0 
725 3.324647 0 
726 3.308515 0 
727 3.292082 0 
728 3.309020 0 
729 3.292397 0 
730 3.275868 0 
731 3.479688 0 
732 3.463533 0 
733 3.447302 0 
734 3.431104 0 
735 3.415052 0 
736 3.398843 0 
737 3.472559 0 
738 3.456374 0 
739 3.474554 0 
740 3.458324 0 
741 3.466248 0 
742 3.507957 0 
744 3.472227 0 
745 3.456065 0 
746 3.440014 0 
747 3.423881 0 
748 3.474180 0 
749 3.458067 0 
750 3.533787 0 
752 3.501327 0 
753 3.484913 0 
754 3.529275 0 
755 3.519116 0 
756 3.503616 0 
757 3.486960 0 
758 3.470309 0 
759 3.454403 0 
760 3.586340 0 
761 3.570544 0 
762 3.554117 0 
763 3.538618 0 
765 3.506347 0 
766 3.489896 0 
767 3.473552 0 
768 3.667464 0 
769 3.651015 0 
770 3.634506 0 
771 3.618220 0 
773 3.585742 0 
774 3.569550 0 
775 3.553136 0 
776 3.536738 0 
778 3.504210 0 
779 3.488140 0 
780 3.471722 0 
781 3.455477 0 
783 3.422980 0 
784 3.405975 0 
785 3.436831 0 
786 3.420879 0 
787 3.404750 0 
788 3.544586 0 
790 3.512253 0 
791 3.495331 0 
792 3.479669 0 
793 3.462671 0 
794 3.446427 0 
795 3.430461 0 
796 3.414195 0 
797 3.553986 0 
798 3.538220 0 
800 3.501055 0 
801 3.585216 0 
802 3.568728 0 
803 3.552288 0 
804 3.559025 0 
805 3.543105 0 
806 3.526706 0 
807 3.510424 0 
808 3.535269 0 
809 3.519133 0 
810 3.546686 0 
811 3.530779 0 
812 3.514445 0 
813 3.548121 0 
814 3.532210 0 
815 3.515744 0 
816 3.499639 0 
817 3.482803 0 
818 3.542112 0 
819 3.526002 0 
820 3.509805 0 
821 3.574991 0 
822 3.559253 0 
823 3.542681 0 
824 3.527097 0 
825 3.565849 0 
827 3.533699 0 
828 3.517905 0 
829 3.503074 0 
830 3.539753 0 
831 3.523684 0 
832 3.507294 0 
833 3.491167 0 
834 3.474923 0 
836 3.692460 0 
837 3.676502 0 
838 3.670580 0 
839 3.653536 0 
841 3.621097 0 
843 3.740723 0 
844 3.722663 0 
845 3.936677 0 
846 3.920442 0 
849 3.871255 0 
850 3.879496 0 
851 3.914993 0 
852 3.898682 0 
853 3.930522 0 
854 3.914824 0 
855 3.896496 0 
856 3.880266 0 
857 3.864384 0 
858 4.024118 0 
859 4.008078 0 
860 3.991987 0 
862 3.959232 0 
864 3.926304 0 
865 3.922656 0 
866 3.906468 0 
867 4.021312 0 
868 4.005867 0 
869 3.988691 0 
870 3.972919 0 
872 4.009980 0 
873 3.994189 0 
874 4.058023 0 
875 4.041884 0 
876 4.025673 0 
877 4.009738 0 
878 3.993598 0 
879 3.977188 0 
880 3.960930 0 
881 4.056373 0 
882 4.040075 0 
883 4.231390 0 
884 4.215458 0 
885 4.199262 0 
886 4.183039 0 
888 4.339372 0 
889 4.323535 0 
890 4.302653 0 
891 4.286419 0 
892 4.286365 0 
893 4.272928 0 
894 4.256450 0 
895 4.261846 0 
896 4.245754 0 
897 4.228982 0 
899 4.333525 0 
901 4.301526 0 
902 4.373834 0 
903 4.423203 0 
904 4.406837 0 
905 4.391133 0 
906 4.374820 0 
907 4.439424 0 
909 4.406806 0 
911 4.473027 0 
912 4.457196 0 
914 4.590238 0 
916 4.556340 0 
917 4.539834 0 
918 4.523710 0 
920 4.490852 0 
921 4.474172 0 
922 4.457749 0 
924 4.425447 0 
925 4.409332 0 
926 4.506937 0 
927 4.490813 0 
928 4.474529 0 
929 4.458025 0 
930 4.442256 0 
931 4.426461 0 
932 4.408963 0 
933 4.393349 0 
934 4.417358 0 
935 4.401200 0 
936 4.384589 0 
937 4.397086 0 
938 4.380687 0 
939 4.634559 0 
940 4.618926 0 
941 4.602962 0 
943 4.641266 0 
944 4.628709 0 
945 4.612722 0 
946 4.596387 0 
947 4.579940 0 
948 4.598293 0 
949 4.581847 0 
951 4.715637 0 
952 4.789652 0 
953 4.773414 0 
954 4.757020 0 
955 4.759403 0 
956 4.743171 0 
957 4.920529 0 
958 4.904310 0 
959 4.888225 0 
960 4.872294 0 
961 4.857262 0 
962 4.841087 0 
964 4.808699 0 
965 5.011652 0 
966 4.995605 0 
968 4.962794 0 
969 4.946297 0 
970 5.033856 0 
972 5.001166 0 
973 5.003249 0 
974 4.987072 0 
975 5.002057 0 
977 4.969502 0 
978 4.981216 0 
979 4.964935 0 
980 4.948639 0 
982 4.916268 0 
983 4.900048 0 
985 5.067733 0 
987 5.035337 0 
989 5.079462 0 
990 5.114506 0 
991 5.098191 0 
992 5.091260 0 
993 5.075291 0 
994 5.058996 0 
995 5.205014 0 
996 5.188481 0 
997 5.171386 0 
999 5.138886 0 
1000 5.123014 0 
1001 5.130662 0 
1002 5.114656 0 
1003 5.098040 0 
1004 5.081925 0 
1006 5.088779 0 
1008 5.193414 0 
1009 5.177330 0 
1010 5.161650 0 
1011 5.145371 0 
1012 5.128858 0 
1013 5.112271 0 
1014 5.251566 0 
1015 5.236028 0 
1017 5.504979 0 
1018 5.488800 0 
1020 5.456574 0 
1021 5.440159 0 
1022 5.423932 0 
1023 5.430945 0 
1024 5.414950 0 
1026 5.381977 0 
1027 5.436563 0 
1028 5.420297 0 
1029 5.404130 0 
1030 5.399314 0 
1031 5.420875 0 
1032 5.404318 0 
1033 5.388215 0 
1035 5.428971 0 
1036 5.412874 0 
1037 5.396540 0 
1038 5.380315 0 
1040 5.347384 0 
1042 5.359756 0 
1043 5.472497 0 
1044 5.456588 0 
1045 5.440363 0 
1048 5.391338 0 
1049 5.438364 0 
1050 5.422292 0 
1051 5.405992 0 
1052 5.390198 0 
1053 5.606320 0 
1054 5.590477 0 
1055 5.573391 0 
1056 5.558091 0 
1057 5.541706 0 
1058 5.525938 0 
1059 5.557810 0 
1061 5.524254 0 
1063 5.490927 0 
1064 5.475084 0 
1065 5.459287 0 
1066 5.441994 0 
1067 5.425814 0 
1068 5.409376 0 
1069 5.393063 0 
1071 5.360548 0 
1072 5.344152 0 
1073 5.346909 0 
1074 5.438245 0 
1075 5.423545 0 
1076 5.406884 0 
1077 5.391043 0 
1078 5.489376 0 
1079 5.473336 0 
1080 5.456717 0 
1081 5.484904 0 
1082 5.468599 0 
1083 5.452095 0 
1084 5.495321 0 
1085 5.478701 0 
1087 5.448247 0 
1088 5.589415 0 
1089 5.614801 0 
1090 5.598254 0 
1091 5.580827 0 
1092 5.686819 0 
1093 5.670368 0 
1094 5.654300 0 
1095 5.637985 0 
1096 5.620796 0 
1100 5.592047 0 
1101 5.575739 0 
1102 5.652203 0 
1103 5.637859 0 
1104 5.621450 0 
1105 5.632253 0 
1106 5.622153 0 
1108 5.644834 0 
1109 5.628794 0 
1110 5.611989 0 
1111 5.596562 0 
1113 5.562293 0 
1115 5.690650 0 
1116 5.674407 0 
1117 5.658098 0 
1119 5.627077 0 
1120 5.612033 0 
1121 5.596226 0 
1123 5.563220 0 
1124 5.546778 0 
1125 5.530776 0 
1126 5.514480 0 
1127 5.497872 0 
1128 5.536006 0 
1129 5.520382 0 
1130 5.504201 0 
1131 5.541217 0 
1132 5.525017 0 
1133 5.507380 0 
1134 5.540977 0 
1135 5.524717 0 
1136 5.508420 0 
1137 5.603844 0 
1138 5.587345 0 
1139 5.613324 0 
1140 5.597075 0 
1142 5.740351 0 
1143 5.723333 0 
1144 5.707099 0 
1145 5.803955 0 
1146 5.787389 0 
1147 5.833801 0 
1148 5.818462 0 
1150 5.785476 0 
1151 5.769523 0 
1152 5.753006 0 
1153 5.736400 0 
1154 5.743238 0 
1155 5.874148 0 
1156 5.858021 0 
1157 5.938374 0 
1158 5.922189 0 
1159 5.906075 0 
1160 5.935971 0 
1161 5.920004 0 
1163 5.887265 0 
1164 6.159599 0 
1165 6.143493 0 
1166 6.192740 0 
1167 6.175860 0 
1168 6.211149 0 
1169 6.195298 0 
1171 6.163055 0 
1172 6.146664 0 
1173 6.130571 0 
1174 6.232252 0 
1176 6.269469 0 
1177 6.346913 0 
1178 6.330242 0 
1179 6.314417 0 
1181 6.434323 0 
1182 6.418375 0 
1183 6.402781 0 
1184 6.386331 0 
1185 6.370478 0 
1186 6.354214 0 
1188 6.321908 0 
1189 6.359768 0 
1190 6.343715 0 
1191 6.484802 0 
1192 6.468623 0 
1193 6.452450 0 
1194 6.532776 0 
1195 6.516234 0 
1196 6.663313 0 
1198 6.630080 0 
1199 6.614076 0 
1200 6.598245 0 
1201 6.581992 0 
1202 6.565727 0 
1203 6.662776 0 
1204 6.646471 0 
1205 6.630502 0 
1206 6.614486 0 
1207 6.598073 0 
1208 6.581578 0 
1209 6.605656 0 
1210 6.587537 0 
1211 6.570475 0 
1212 6.554675 0 
1213 6.538315 0 
1214 6.595520 0 
1215 6.707031 0 
1216 6.690567 0 
1217 6.674250 0 
1218 6.658608 0 
1219 6.712505 0 
1220 6.696416 0 
1221 6.679433 0 
1222 6.663734 0 
1223 6.647378 0 
1225 6.614423 0 
1226 6.597959 0 
1227 6.620583 0 
1228 6.676560 0 
1229 6.659961 0 
1230 6.643715 0 
1231 6.627770 0 
1232 6.611669 0 
1234 6.727046 0 
1235 6.715910 0 
1236 6.699244 0 
1237 6.682952 0 
1239 6.649979 0 
1241 6.679718 0 
1242 6.663387 0 
1243 6.746537 0 
1244 6.731503 0 
1247 6.681955 0 
1248 6.665856 0 
1249 6.649734 0 
1250 6.633267 0 
1251 6.617387 0 
1252 6.599173 0 
1253 6.628923 0 
1254 6.612350 0 
1255 6.596461 0 
1256 6.747511 0 
1257 6.749449 0 
1258 6.733212 0 
1260 6.701030 0 
1262 6.668363 0 
1263 6.652741 0 
1264 6.636199 0 
1265 6.620219 0 
1266 6.603362 0 
1267 6.587083 0 
1268 6.668882 0 
1270 6.737804 0 
1271 6.722569 0 
1272 6.827122 0 
1273 6.810616 0 
1274 6.794365 0 
1275 6.803786 0 
1276 6.787511 0 
1277 6.770985 0 
1278 6.753263 0 
1279 6.844897 0 
1280 6.828700 0 
1281 6.812822 0 
1282 6.848349 0 
1283 6.831910 0 
1284 6.816082 0 
1286 6.873070 0 
1287 7.056055 0 
1288 7.039597 0 
1289 7.023243 0 
1290 7.007078 0 
1291 6.990834 0 
1292 6.975152 0 
1293 7.032775 0 
1294 7.016694 0 
1295 7.015229 0 
1297 6.983009 0 
1299 7.150321 0 
1300 7.133654 0 
1301 7.117481 0 
1302 7.170391 0 
1303 7.154242 0 
1304 7.137827 0 
1305 7.143722 0 
1307 7.110993 0 
1308 7.094897 0 
1309 7.078543 0 
1310 7.088914 0 
1312 7.272862 0 
1314 7.240252 0 
1315 7.223621 0 
1316 7.218045 0 
1318 7.185887 0 
1319 7.169568 0 
1320 7.347562 0 
1322 7.315928 0 
1323 7.299746 0 
1324 7.412806 0 
1325 7.396614 0 
1326 7.380366 0 
1327 7.364519 0 
1328 7.398333 0 
1329 7.382058 0 
1330 7.377283 0 
1331 7.361364 0 
1332 7.344691 0 
1333 7.328573 0 
1334 7.312357 0 
1335 7.422000 0 
1336 7.405305 0 
1337 7.390361 0 
1338 7.373324 0 
1339 7.357173 0 
1341 7.599238 0 
1342 7.583339 0 
1343 7.567087 0 
1344 7.550902 0 
1345 7.554565 0 
1346 7.537662 0 
1347 7.521858 0 
1349 7.489606 0 
1350 7.473186 0 
1351 7.456918 0 
1352 7.478728 0 
1353 7.473162 0 
1354 7.456891 0 
1355 7.440912 0 
1356 7.572193 0 
1357 7.557977 0 
1358 7.543387 0 
1359 7.527070 0 
1360 7.513410 0 
1362 7.480492 0 
1363 7.543309 0 
1364 7.526654 0 
1365 7.616793 0 
1366 7.600457 0 
1367 7.583644 0 
1368 7.567514 0 
1370 7.534982 0 
1371 7.618797 0 
1372 7.638656 0 
1373 7.663981 0 
1375 7.631779 0 
1376 7.681537 0 
1377 7.664764 0 
1378 7.648443 0 
1380 7.615806 0 
1381 7.733996 0 
1382 7.718143 0 
1383 7.701939 0 
1384 7.685682 0 
1385 7.669490 0 
1387 7.670315 0 
1388 7.655029 0 
1389 7.758612 0 
1390 7.742332 0 
1391 7.726124 0 
1392 7.710110 0 
1393 7.693077 0 
1394 7.676670 0 
1395 7.660577 0 
1397 7.628073 0 
1398 7.752929 0 
1399 7.736917 0 
1400 7.720535 0 
1401 7.704038 0 
1402 7.687863 0 
1403 7.671492 0 
1404 7.655094 0 
1405 7.638970 0 
1406 7.623142 0 
1407 7.606952 0 
1408 7.590478 0 
1409 7.574254 0 
1410 7.750606 0 
1411 7.734626 0 
1412 7.718355 0 
1413 7.702119 0 
1414 7.724478 0 
1415 7.707184 0 
1416 7.724889 0 
1417 7.708076 0 
1418 7.691112 0 
1419 7.675826 0 
1420 7.659874 0 
1421 7.718992 0 
1422 7.703126 0 
1424 7.671193 0 
1425 7.654869 0 
1426 7.638608 0 
1427 7.728251 0 
1428 7.711503 0 
1429 7.695599 0 
1430 7.678862 0 
1431 7.663078 0 
1433 7.689110 0 
1434 7.672832 0 
1435 7.656698 0 
1436 7.640253 0 
1438 7.607902 0 
1440 7.599293 0 
1441 7.584081 0 
1442 7.681383 0 
1443 7.665334 0 
1446 7.709098 0 
1447 7.692120 0 
1448 7.676058 0 
1449 7.659755 0 
1450 7.643665 0 
1451 7.626349 0 
1452 7.626708 0 
1453 7.610404 0 
1454 7.623442 0 
1455 7.607328 0 
1456 7.591357 0 
1457 7.575122 0 
1459 7.594707 0 
1461 8.059313 0 
1462 8.043008 0 
1463 8.027094 0 
1464 8.012586 0 
1465 7.993582 0 
1466 7.977292 0 
1467 8.050979 0 
1469 8.017989 0 
1470 8.002287 0 
1471 7.986035 0 
1472 7.969477 0 
1473 8.110899 0 
1474 8.128252 0 
1475 8.112211 0 
1476 8.096005 0 
1477 8.079778 0 
1478 8.064247 0 
1479 8.118707 0 
1480 8.102511 0 
1481 8.086460 0 
1482 8.070282 0 
1483 8.053925 0 
1485 8.171019 0 
1486 8.223676 0 
1488 8.257256 0 
1489 8.240992 0 
1490 8.364014 0 
1491 8.347309 0 
1492 8.330899 0 
1493 8.453575 0 
1494 8.437509 0 
1496 8.404904 0 
1498 8.372201 0 
1499 8.354308 0 
1500 8.337000 0 
1501 8.320891 0 
1502 8.428081 0 
1503 8.412195 0 
1504 8.395729 0 
1506 8.433893 0 
1507 8.417744 0 
1508 8.401533 0 
1509 8.432765 0 
1511 8.400654 0 
1513 8.367907 0 
1514 8.351563 0 
1628 6.626933 0 
1629 6.610391 0 
1630 6.594119 0 
1632 6.560335 0 
1633 6.738247 0 
1634 6.722356 0 
1635 6.706453 0 
1637 6.673786 0 
1639 6.722044 0 
1640 6.705942 0 
1641 6.818093 0 
1642 6.802407 0 
1645 6.753755 0 
1646 6.737427 0 
1647 6.721109 0 
1648 6.704827 0 
1649 6.688364 0 
1650 6.671834 0 
1651 6.654701 0 
1652 6.638334 0 
1653 6.621884 0 
1654 6.695025 0 
1655 6.678691 0 
1656 6.662368 0 
1658 6.714890 0 
1660 6.747943 0 
1661 6.731858 0 
1662 6.853243 0 
1663 6.836543 0 
1664 6.820223 0 
1665 6.856825 0 
1666 6.840842 0 
1668 6.808416 0 
1669 7.041592 0 
1670 7.035062 0 
1671 7.050561 0 
1672 7.162588 0 
1673 7.146360 0 
1674 7.129804 0 
1675 7.234915 0 
1676 7.218691 0 
1677 7.202534 0 
1678 7.197772 0 
1679 7.337986 0 
1680 7.321983 0 
1681 7.334328 0 
1682 7.318622 0 
1684 7.455935 0 
1685 7.499071 0 
1686 7.482768 0 
1687 7.515036 0 
1688 7.499020 0 
1689 7.496724 0 
1690 7.558132 0 
1691 7.541772 0 
1692 7.526963 0 
1693 7.544066 0 
1695 7.513291 0 
1697 7.542778 0 
1698 7.526617 0 
1699 7.510332 0 
1700 7.513085 0 
1701 7.496660 0 
1702 7.480243 0 
1703 7.495537 0 
1705 7.462700 0 
1706 7.447107 0 
1707 7.430907 0 
1708 7.414944 0 
1710 7.419604 0 
1712 7.387615 0 
1713 7.441023 0 
1714 7.425287 0 
1716 7.505700 0 
1717 7.488972 0 
1718 7.472064 0 
1720 7.488678 0 
1721 7.473457 0 
1722 7.457099 0 
1723 7.441218 0 
1724 7.424811 0 
1725 7.408503 0 
1726 7.457365 0 
1727 7.441219 0 
1728 7.425224 0 
1729 7.408872 0 
1730 7.392480 0 
1731 7.376032 0 
1732 7.359994 0 
1733 7.442040 0 
1734 7.425658 0 
1735 7.409667 0 
1736 7.393936 0 
1737 7.377299 0 
1739 7.418907 0 
1740 7.403091 0 
1741 7.386404 0 
1742 7.370850 0 
1743 7.354001 0 
1744 7.506930 0 
1745 7.490541 0 
1749 7.425714 0 
1750 7.409455 0 
1751 7.393088 0 
1752 7.377633 0 
1753 7.361063 0 
1754 7.343772 0 
1755 7.327445 0 
1756 7.310361 0 
1757 7.325952 0 
1758 7.372074 0 
1760 7.339370 0 
1761 7.322978 0 
1762 7.306560 0 
1763 7.338965 0 
1764 7.322543 0 
1765 7.362913 0 
1766 7.346304 0 
1768 7.319876 0 
1769 7.556987 0 
1770 7.541152 0 
1771 7.525444 0 
1773 7.492702 0 
1774 7.476652 0 
1775 7.683619 0 
1776 7.667682 0 
1778 7.635143 0 
1779 7.618808 0 
1780 7.602525 0 
1781 7.656029 0 
1782 7.679940 0 
1785 7.631663 0 
1786 7.614886 0 
1787 7.646127 0 
1788 7.629778 0 
1789 7.614457 0 
1790 7.598186 0 
1791 7.682729 0 
1792 7.666647 0 
1793 7.660394 0 
1795 7.638402 0 
1796 7.622220 0 
1797 7.674384 0 
1798 7.657737 0 
1799 7.641963 0 
1800 7.625641 0 
1801 7.609363 0 
1802 7.592993 0 
1803 7.576761 0 
1804 7.560131 0 
1805 7.602156 0 
1806 7.586173 0 
1807 7.566056 0 
1808 7.549240 0 
1809 7.533611 0 
1810 7.517138 0 
1811 7.600006 0 
1812 7.583667 0 
1813 7.567183 0 
1814 7.551218 0 
1815 7.534873 0 
1816 7.518011 0 
1817 7.551103 0 
1818 7.533008 0 
1819 7.516493 0 
1820 7.499731 0 
1822 7.511654 0 
1823 7.495421 0 
1824 7.622396 0 
1825 7.606146 0 
1826 7.597668 0 
1827 7.581620 0 
1828 7.625322 0 
1829 7.609118 0 
1831 7.688103 0 
1832 7.738398 0 
1833 7.724994 0 
1834 7.708354 0 
1836 7.676196 0 
1838 7.680642 0 
1839 7.664165 0 
1840 7.919474 0 
1841 7.903376 0 
1844 7.854661 0 
1845 7.838439 0 
1846 7.913982 0 
1847 7.897893 0 
1848 7.881467 0 
1849 7.894244 0 
1850 7.876602 0 
1851 7.860375 0 
1852 7.884439 0 
1853 7.867994 0 
1854 7.862737 0 
1855 7.846521 0 
1857 7.813377 0 
1859 7.862363 0 
1860 7.848823 0 
1861 7.832814 0 
1862 7.816608 0 
1863 7.800383 0 
1864 7.880948 0 
1865 7.864688 0 
1867 7.832008 0 
1868 7.816375 0 
1869 7.799988 0 
1870 7.886783 0 
1871 7.870345 0 
1872 7.854315 0 
1873 7.899786 0 
1874 7.883520 0 
1875 7.866923 0 
1876 7.904854 0 
1877 7.888851 0 
1878 7.872649 0 
1879 7.879494 0 
1880 7.863007 0 
1881 7.845960 0 
1883 7.930198 0 
1884 7.941775 0 
1885 7.936535 0 
1886 7.920376 0 
1887 7.904003 0 
1888 7.912987 0 
1889 7.897015 0 
1890 7.880811 0 
1891 7.864533 0 
1892 7.848332 0 
1894 7.871100 0 
1896 7.834429 0 
1897 7.818174 0 
1898 7.801969 0 
1899 7.785525 0 
1900 7.769510 0 
1901 7.753506 0 
1902 7.737202 0 
1904 7.704508 0 
1905 7.688718 0 
1906 7.692317 0 
1907 7.676006 0 
1909 7.725275 0 
2021 6.230339 0 
2022 6.216507 0 
2023 6.200296 0 
2024 6.184277 0 
2025 6.168067 0 
2026 6.151727 0 
2027 6.139807 0 
2028 6.180288 0 
2030 6.188883 0 
2031 6.171435 0 
2032 6.154860 0 
2033 6.138881 0 
2035 6.106046 0 
2037 6.114804 0 
2038 6.098061 0 
2039 6.119483 0 
2040 6.111643 0 
2043 6.062294 0 
2044 6.085554 0 
2045 6.105128 0 
2046 6.102705 0 
2047 6.086368 0 
2048 6.070220 0 
2049 6.053796 0 
2050 6.037499 0 
2051 6.083000 0 
2052 6.066896 0 
2053 6.050707 0 
2054 6.034553 0 
2056 6.002056 0 
2058 6.031156 0 
2059 6.014689 0 
2060 6.096165 0 
2061 6.079107 0 
2062 6.062973 0 
2063 6.066820 0 
2064 6.050599 0 
2066 6.017604 0 
2067 6.001489 0 
2068 6.053604 0 
2069 6.037567 0 
2070 6.021321 0 
2071 6.005059 0 
2072 5.989291 0 
2073 5.973129 0 
2074 5.956766 0 
2075 5.940418 0 
2076 5.924052 0 
2077 5.974678 0 
2078 5.958331 0 
2079 5.941748 0 
2080 5.925924 0 
2082 5.891800 0 
2083 5.876132 0 
2084 5.859552 0 
2085 5.843528 0 
2086 5.829844 0 
2087 5.873748 0 
2088 5.857158 0 
2089 5.841034 0 
2090 5.859234 0 
2091 5.843185 0 
2093 5.830261 0 
2095 5.797860 0 
2096 5.781770 0 
2097 5.904100 0 
2098 5.887841 0 
2099 5.871426 0 
2100 5.855504 0 
2101 5.839775 0 
2103 5.807081 0 
2104 5.790471 0 
2105 5.774232 0 
2106 5.758119 0 
2108 5.763332 0 
2110 5.762182 0 
2111 5.746042 0 
2112 5.730143 0 
2114 5.753991 0 
2115 5.737338 0 
2116 5.727717 0 
2118 5.694000 0 
2119 5.677860 0 
2120 5.714568 0 
2121 5.698444 0 
2122 5.682168 0 
2123 5.666053 0 
2124 5.650035 0 
2125 5.633152 0 
2126 5.616529 0 
2127 5.599943 0 
2128 5.583806 0 
2129 5.596857 0 
2130 5.580999 0 
2131 5.564955 0 
2132 5.561602 0 
2133 5.545358 0 
2134 5.529238 0 
2135 5.604126 0 
2137 5.571248 0 
2138 5.555202 0 
2139 5.539194 0 
2140 5.523029 0 
2141 5.507025 0 
2142 5.490790 0 
2143 5.474129 0 
2145 5.441744 0 
2146 5.425435 0 
2147 5.487786 0 
2148 5.511021 0 
2149 5.494875 0 
2150 5.484630 0 
2151 5.468670 0 
2152 5.446829 0 
2153 5.430215 0 
2154 5.413878 0 
2155 5.641700 0 
2156 5.625565 0 
2158 5.593615 0 
2159 5.577559 0 
2160 5.561315 0 
2161 5.545600 0 
2162 5.529314 0 
2163 5.513159 0 
2164 5.525240 0 
2166 5.493020 0 
2167 5.476885 0 
2168 5.460685 0 
2169 5.553305 0 
2171 5.520482 0 
2172 5.504507 0 
2173 5.488584 0 
2174 5.472497 0 
2176 5.501947 0 
2177 5.485485 0 
2178 5.469340 0 
2179 5.459362 0 
2180 5.480212 0 
2181 5.464014 0 
2183 5.431637 0 
2184 5.455680 0 
2185 5.439247 0 
2186 5.423110 0 
2187 5.407140 0 
2188 5.390989 0 
2189 5.410929 0 
2190 5.394406 0 
2191 5.378362 0 
2194 5.418349 0 
2195 5.402249 0 
2196 5.504339 0 
2197 5.487954 0 
2198 5.472014 0 
2199 5.481631 0 
2200 5.464815 0 
2201 5.449166 0 
2202 5.441377 0 
2203 5.425157 0 
2204 5.441400 0 
2205 5.562843 0 
2206 5.546818 0 
2207 5.529419 0 
2208 5.513328 0 
2209 5.515109 0 
2210 5.498889 0 
2211 5.567200 0 
2212 5.550820 0 
2213 5.531900 0 
2214 5.640045 0 
2215 5.623793 0 
2216 5.607035 0 
2217 5.590927 0 
2218 5.613103 0 
2220 5.580605 0 
2221 5.605767 0 
2222 5.589695 0 
2223 5.600419 0 
2224 5.580971 0 
2225 5.564161 0 
2226 5.543320 0 
2227 5.575524 0 
2229 5.628449 0 
2230 5.611208 0 
2231 5.594075 0 
2232 5.577341 0 
2234 5.545124 0 
2236 5.603931 0 
2237 5.692373 0 
2238 5.761408 0 
2239 5.744869 0 
2242 5.693255 0 
2243 5.685223 0 
2244 5.668171 0 
2245 5.649151 0 
2246 5.632949 0 
2247 5.706161 0 
2248 5.688000 0 
2249 5.671591 0 
2250 5.655871 0 
2251 5.639188 0 
2252 5.622977 0 
2253 5.606528 0 
2255 5.574096 0 
2257 5.542212 0 
2258 5.525854 0 
2259 5.509467 0 
2260 5.491310 0 
2261 5.469353 0 
2262 5.455465 0 
2263 5.459667 0 
2265 5.675759 0 
2266 5.659661 0 
2267 5.643115 0 
2268 5.626667 0 
2269 5.610313 0 
2270 5.593788 0 
2271 5.577935 0 
2272 5.561527 0 
2273 5.572890 0 
2274 5.556615 0 
2275 5.690544 0 
2276 5.674543 0 
2277 5.658405 0 
2281 5.712112 0 
2282 5.713336 0 
2283 5.697175 0 
2284 5.718657 0 
2285 5.702545 0 
2286 5.682083 0 
2287 5.699834 0 
2288 5.719591 0 
2289 5.703444 0 
2294 5.651228 0 
2295 5.768648 0 
2296 5.752311 0 
2297 5.735168 0 
2298 5.716676 0 
2299 5.737565 0 
2300 5.721297 0 
2302 5.708518 0 
2303 5.691774 0 
2304 5.675464 0 
2305 5.690291 0 
2307 5.893231 0 
2393 4.577631 0 
2394 4.561453 0 
2395 4.545363 0 
2396 4.529197 0 
2397 4.513116 0 
2398 4.496410 0 
2399 4.480516 0 
2400 4.538128 0 
2401 4.522297 0 
2402 4.506083 0 
2403 4.523152 0 
2404 4.507106 0 
2405 4.490928 0 
2406 4.474431 0 
2407 4.571344 0 
2408 4.554708 0 
2409 4.539294 0 
2410 4.626384 0 
2411 4.611349 0 
2412 4.593381 0 
2413 4.576949 0 
2414 4.559801 0 
2415 4.556778 0 
2416 4.540100 0 
2417 4.523753 0 
2419 4.491633 0 
2420 4.574298 0 
2421 4.558048 0 
2422 4.542096 0 
2423 4.525787 0 
2424 4.509422 0 
2425 4.493091 0 
2426 4.559606 0 
2428 4.575238 0 
2429 4.558814 0 
2430 4.541935 0 
2431 4.525573 0 
2433 4.493153 0 
2435 4.475714 0 
2436 4.590450 0 
2437 4.667646 0 
2438 4.651436 0 
2441 4.600276 0 
2442 4.799241 0 
2443 4.783096 0 
2444 4.766864 0 
2445 4.750620 0 
2446 4.734178 0 
2447 4.717480 0 
2448 4.742886 0 
2449 4.739220 0 
2450 4.723340 0 
2451 4.795286 0 
2452 4.779160 0 
2454 4.772390 0 
2456 4.740295 0 
2457 4.724051 0 
2458 4.707920 0 
2459 4.691716 0 
2460 4.758652 0 
2461 4.742088 0 
2462 4.725768 0 
2464 4.839625 0 
2465 4.823174 0 
2466 4.857827 0 
2467 4.841114 0 
2468 4.824768 0 
2469 4.808617 0 
2470 4.791712 0 
2471 4.776604 0 
2473 4.859392 0 
2474 4.843414 0 
2475 4.883322 0 
2476 4.866729 0 
2477 4.850464 0 
2478 4.880406 0 
2480 4.847656 0 
2481 4.907254 0 
2482 4.890715 0 
2483 4.874578 0 
2484 4.858172 0 
2485 4.841791 0 
2486 4.900630 0 
2487 4.885004 0 
2488 4.868558 0 
2489 4.852074 0 
2491 4.902263 0 
2493 4.870390 0 
2494 4.854344 0 
2495 4.838314 0 
2496 4.954635 0 
2497 4.938360 0 
2498 4.922122 0 
2499 5.010067 0 
2501 4.978343 0 
2502 5.039875 0 
2503 5.070760 0 
2504 5.054665 0 
2506 5.021712 0 
2508 4.989707 0 
2509 4.973379 0 
2510 4.957205 0 
2512 4.924904 0 
2513 4.908721 0 
2514 4.892437 0 
2516 4.859128 0 
2517 4.842882 0 
2518 4.881315 0 
2519 4.865453 0 
2520 4.849321 0 
2521 4.833245 0 
2522 4.816937 0 
2523 5.110778 0 
2524 5.094504 0 
2525 5.077849 0 
2526 5.163130 0 
2527 5.147410 0 
2528 5.130993 0 
2529 5.114884 0 
2530 5.099204 0 
2531 5.082418 0 
2532 5.199590 0 
2533 5.183250 0 
2535 5.184574 0 
2536 5.167887 0 
2537 5.151881 0 
2538 5.136159 0 
2539 5.204010 0 
2540 5.186088 0 
2541 5.338195 0 
2543 5.306588 0 
2544 5.290143 0 
2545 5.340670 0 
2546 5.325681 0 
2547 5.309630 0 
2548 5.325394 0 
2549 5.309128 0 
2550 5.292929 0 
2551 5.374524 0 
2552 5.358403 0 
2553 5.342293 0 
2554 5.326053 0 
2556 5.293116 0 
2557 5.314258 0 
2558 5.297824 0 
2559 5.331198 0 
2560 5.314919 0 
2561 5.298921 0 
2562 5.282838 0 
2564 5.371545 0 
2565 5.355159 0 
2566 5.401641 0 
2567 5.427701 0 
2569 5.394475 0 
2570 5.378216 0 
2571 5.362009 0 
2572 5.394634 0 
2574 5.408926 0 
2575 5.392854 0 
2576 5.376609 0 
2577 5.360140 0 
2578 5.343928 0 
2579 5.327406 0 
2581 5.301030 0 
2582 5.482330 0 
2583 5.465866 0 
2584 5.450264 0 
2585 5.434100 0 
2586 5.463468 0 
2587 5.445560 0 
2588 5.429588 0 
2589 5.413678 0 
2591 5.381119 0 
2592 5.363925 0 
2593 5.346549 0 
2594 5.407733 0 
2595 5.391597 0 
2596 5.375355 0 
2597 5.385405 0 
2598 5.368933 0 
2599 5.352604 0 
2600 5.482967 0 
2601 5.466828 0 
2602 5.450784 0 
2603 5.481020 0 
2604 5.464875 0 
2605 5.448638 0 
2606 5.431973 0 
2607 5.415964 0 
2608 5.399710 0 
2609 5.508304 0 
2610 5.492488 0 
2611 5.475887 0 
2612 5.460050 0 
2613 5.443787 0 
2614 5.427509 0 
2615 5.411217 0 
2616 5.570677 0 
2618 5.539201 0 
2619 5.522690 0 
2620 5.506194 0 
2621 5.489836 0 
2622 5.474075 0 
2623 5.457668 0 
2624 5.440521 0 
2625 5.550224 0 
2627 5.539657 0 
2628 5.523312 0 
2629 5.507116 0 
2630 5.490914 0 
2632 5.457692 0 
2634 5.424748 0 
2635 5.438995 0 
2636 5.533261 0 
2637 5.514707 0 
2640 5.500220 0 
2641 5.483987 0 
2642 5.467810 0 
2643 5.654864 0 
2644 5.640836 0 
2645 5.624348 0 
2646 5.608138 0 
2647 5.591928 0 
2648 5.575634 0 
2649 5.557591 0 
2650 5.666088 0 
2651 5.649574 0 
2653 5.658614 0 
2655 5.626208 0 
2656 5.698122 0 
2657 5.681925 0 
2658 5.665445 0 
2659 5.929701 0 
2660 5.913256 0 
2661 5.897200 0 
2663 5.866450 0 
2664 5.850194 0 
2665 5.856915 0 
2666 5.840536 0 
2667 5.838941 0 
2668 6.114401 0 
2669 6.098119 0 
2670 6.081645 0 
2671 6.065062 0 
2672 6.049087 0 
2673 6.032436 0 
2674 6.053542 0 
2675 6.037231 0 
2676 6.020758 0 
2677 6.129398 0 
2679 6.137551 0 
2680 6.293479 0 
2681 6.276689 0 
2682 6.387270 0 
2683 6.371253 0 
2684 6.354603 0 
2685 6.336009 0 
2686 6.319841 0 
2687 6.303269 0 
2688 6.287135 0 
2690 6.254585 0 
2692 6.255223 0 
2693 6.243309 0 
2694 6.379047 0 
2695 6.362983 0 
2696 6.346376 0 
2697 6.496588 0 
2698 6.480251 0 
2700 6.447944 0 
2701 6.432392 0 
2702 6.413954 0 
2703 6.398242 0 
2705 6.490976 0 
2707 6.458332 0 
2708 6.442227 0 
2709 6.618737 0 
2711 6.586283 0 
2712 6.571158 0 
2713 6.555012 0 
2715 6.522676 0 
2716 6.505583 0 
2717 6.488940 0 
2718 6.472342 0 
2719 6.455696 0 
2720 6.469672 0 
2721 6.452167 0 
2722 6.436339 0 
2723 6.420082 0 
2724 6.403880 0 
2725 6.692762 0 
2726 6.676345 0 
2727 6.660786 0 
2728 6.645134 0 
2729 6.628618 0 
2730 6.613054 0 
2731 6.596360 0 
2732 6.580376 0 
2734 6.661298 0 
2735 6.644292 0 
2736 6.627838 0 
2737 6.611048 0 
2738 6.594994 0 
2739 6.610740 0 
2740 6.594442 0 
2742 6.559813 0 
2743 6.562696 0 
2744 6.546450 0 
2745 6.530319 0 
2746 6.514035 0 
2747 6.497533 0 
2748 6.481586 0 
2749 6.465002 0 
2750 6.561673 0 
2751 6.545315 0 
2752 6.528726 0 
2753 6.512477 0 
2755 6.480095 0 
2756 6.651714 0 
2757 6.635463 0 
2758 6.718716 0 
2759 6.702731 0 
2760 6.686764 0 
2761 6.670389 0 
2763 6.637207 0 
2764 6.620528 0 
2765 6.604439 0 
2766 6.588575 0 
2768 6.555542 0 
2769 6.539524 0 
2770 6.523168 0 
2771 6.507112 0 
2773 6.499808 0 
2774 6.482982 0 
2775 6.501482 0 
2776 6.485142 0 
2777 6.468777 0 
2778 6.452661 0 
2780 6.420519 0 
2781 6.403982 0 
2782 6.397758 0 
2783 6.381667 0 
2784 6.434785 0 
2785 6.418438 0 
2786 6.401818 0 
2787 6.385922 0 
2788 6.369601 0 
2790 6.336753 0 
2791 6.327335 0 
2792 6.310398 0 
2794 6.463590 0 
2795 6.446831 0 
2796 6.431454 0 
2797 6.415220 0 
2798 6.398703 0 
2799 6.382922 0 
2800 6.366753 0 
2801 6.350698 0 
2802 6.334465 0 
2803 6.318120 0 
2804 6.302312 0 
2805 6.285575 0 
2806 6.268725 0 
2807 6.252735 0 
2808 6.236581 0 
2809 6.241576 0 
2810 6.225595 0 
2811 6.209504 0 
2812 6.286994 0 
2813 6.271015 0 
2814 6.254074 0 
2815 6.417337 0 
2817 6.385388 0 
2818 6.378124 0 
2819 6.449068 0 
2820 6.432688 0 
2821 6.416528 0 
2822 6.400772 0 
2823 6.384609 0 
2824 6.368348 0 
2826 6.464215 0 
2827 6.447676 0 
2828 6.431543 0 
2829 6.415283 0 
2831 6.382635 0 
2833 6.350537 0 
2834 6.354523 0 
2835 6.605467 0 
2836 6.588575 0 
2839 6.627708 0 
2840 6.611203 0 
2841 6.594792 0 
2842 6.603415 0 
2843 6.587087 0 
2844 6.570736 0 
2845 6.554524 0 
2846 6.537718 0 
2847 6.521899 0 
2848 6.674787 0 
2849 6.658004 0 
2850 6.642052 0 
2852 6.635661 0 
2854 6.602846 0 
2855 6.586610 0 
2856 6.663863 0 
2857 6.647871 0 
2858 6.631786 0 
2859 6.615817 0 
2860 6.731045 0 
2862 6.698473 0 
2863 6.682988 0 
2864 6.781739 0 
2865 6.765538 0 
2866 6.749279 0 
2867 6.732887 0 
2868 6.716911 0 
2869 6.700400 0 
2870 6.684077 0 
2871 6.667652 0 
2872 6.651780 0 
2873 6.738488 0 
2874 6.723449 0 
2875 6.743023 0 
2876 6.728351 0 
2878 6.726600 0 
2879 6.762521 0 
2880 6.812605 0 
2881 6.796861 0 
2882 6.780772 0 
2883 6.972499 0 
2884 6.956416 0 
2885 6.939792 0 
2886 6.923772 0 
2887 6.907459 0 
2889 6.874639 0 
2891 6.842052 0 
2892 6.825834 0 
2893 6.809063 0 
2894 6.793227 0 
2895 6.777022 0 
2896 6.760812 0 
2897 6.875232 0 
2899 6.843029 0 
2900 6.826956 0 
2901 6.810989 0 
2902 6.794703 0 
2904 6.762214 0 
2906 6.728027 0 
2907 6.800721 0 
2908 6.784243 0 
2910 6.751250 0 
2911 6.792120 0 
2912 6.775579 0 
2914 6.742919 0 
2915 6.727144 0 
2916 6.727835 0 
2917 6.748208 0 
2918 6.731869 0 
2919 6.715085 0 
2920 6.760681 0 
2921 6.744347 0 
2922 6.728409 0 
2923 6.711821 0 
2924 6.695533 0 
2925 6.679559 0 
2926 6.711797 0 
2927 6.695853 0 
2928 6.679211 0 
2929 6.725708 0 
2930 6.709677 0 
2931 6.693585 0 
2933 6.660903 0 
2934 6.645020 0 
2935 6.628352 0 
2936 6.611794 0 
2937 6.742394 0 
2938 6.726267 0 
2939 6.730959 0 
2943 6.738213 0 
2944 6.782445 0 
2945 6.766131 0 
2946 6.750701 0 
2947 6.734284 0 
2948 6.717852 0 
2949 6.932292 0 
2950 6.915845 0 
2951 6.940829 0 
2952 6.926795 0 
3017 5.857997 0 
3018 5.871213 0 
3019 5.854651 0 
3020 6.057377 0 
3021 6.040689 0 
3022 6.022126 0 
3023 6.006152 0 
3025 5.973653 0 
3026 5.957409 0 
3027 5.941034 0 
3028 5.924732 0 
3030 5.892276 0 
3032 5.976757 0 
3033 5.961316 0 
3034 6.005403 0 
3035 5.988894 0 
3038 5.933619 0 
3039 5.917784 0 
3040 5.942999 0 
3041 5.926798 0 
3042 5.910658 0 
3043 5.893655 0 
3044 5.877792 0 
3045 5.927693 0 
3046 5.911510 0 
3047 5.895041 0 
3048 5.879111 0 
3049 5.862293 0 
3051 5.998826 0 
3053 5.967853 0 
3054 5.951520 0 
3055 5.935068 0 
3056 5.918977 0 
3057 5.956796 0 
3058 5.940470 0 
3059 5.924139 0 
3061 5.891841 0 
3062 5.875556 0 
3063 5.859266 0 
3064 5.841172 0 
3065 5.905292 0 
3066 5.889140 0 
3067 5.872859 0 
3068 5.856604 0 
3069 5.839839 0 
3070 5.823222 0 
3071 5.807014 0 
3072 5.791037 0 
3073 5.774568 0 
3074 5.758345 0 
3075 5.741699 0 
3077 5.709701 0 
3078 5.693309 0 
3079 5.677062 0 
3080 5.769488 0 
3081 5.755083 0 
3082 5.736884 0 
3083 5.719790 0 
3084 5.733858 0 
3085 5.717387 0 
3086 5.896960 0 
3088 5.863811 0 
3090 5.831765 0 
3091 5.815296 0 
3092 5.798414 0 
3093 5.781950 0 
3094 5.766067 0 
3095 5.749634 0 
3096 5.758163 0 
3098 5.725620 0 
3099 5.761067 0 
3100 5.745042 0 
3101 5.728635 0 
3103 5.696386 0 
3105 5.679217 0 
3106 5.662807 0 
3107 5.674587 0 
3109 5.640958 0 
3110 5.624666 0 
3111 5.608176 0 
3113 5.575411 0 
3114 5.558982 0 
3115 5.570651 0 
3116 5.554350 0 
3117 5.538076 0 
3119 5.605081 0 
3120 5.589062 0 
3121 5.572339 0 
3122 5.556119 0 
3123 5.540030 0 
3124 5.522793 0 
3126 5.568385 0 
3127 5.552005 0 
3128 5.536196 0 
3129 5.610932 0 
3130 5.594700 0 
3132 5.626933 0 
3133 5.610833 0 
3134 5.594564 0 
3135 5.578202 0 
3136 5.561416 0 
3137 5.545512 0 
3138 5.666077 0 
3140 5.633512 0 
3141 5.617080 0 
3142 5.600916 0 
3143 5.584564 0 
3144 5.568258 0 
3145 5.551365 0 
3146 5.678680 0 
3147 5.662860 0 
3148 5.646800 0 
3149 5.630314 0 
3150 5.805492 0 
3151 5.789146 0 
3153 5.756470 0 
3154 5.946387 0 
3155 5.930227 0 
3156 5.949997 0 
3157 5.933700 0 
3158 5.917400 0 
3159 5.901620 0 
3161 5.868864 0 
3162 5.958963 0 
3163 5.942874 0 
3164 6.111690 0 
3166 6.079274 0 
3167 6.063021 0 
3168 6.360337 0 
3169 6.344447 0 
3171 6.311883 0 
3172 6.295162 0 
3173 6.279407 0 
3174 6.263750 0 
3175 6.406425 0 
3176 6.390066 0 
3178 6.357358 0 
3179 6.341486 0 
3180 6.325034 0 
3181 6.309484 0 
3182 6.293006 0 
3183 6.276978 0 
3184 6.260562 0 
3185 6.243956 0 
3186 6.456956 0 
3188 6.424291 0 
3189 6.408248 0 
3190 6.392245 0 
3191 6.375878 0 
3192 6.359519 0 
3193 6.343235 0 
3194 6.326454 0 
3195 6.310409 0 
3196 6.294104 0 
3197 6.277557 0 
3198 6.261041 0 
3199 6.244580 0 
3200 6.284085 0 
3201 6.279219 0 
3202 6.263322 0 
3203 6.433120 0 
3204 6.416618 0 
3205 6.400565 0 
3206 6.384243 0 
3207 6.367848 0 
3208 6.351307 0 
3209 6.335253 0 
3210 6.318989 0 
3211 6.302458 0 
3212 6.286463 0 
3213 6.270486 0 
3215 6.237859 0 
3216 6.323577 0 
3217 6.307575 0 
3218 6.291814 0 
3219 6.275603 0 
3220 6.259320 0 
3221 6.243058 0 
3222 6.226656 0 
3224 6.251811 0 
3225 6.234819 0 
3226 6.218507 0 
3227 6.202370 0 
3229 6.169748 0 
3231 6.193195 0 
3232 6.210549 0 
3233 6.279632 0 
3234 6.585321 0 
3237 6.535921 0 
3238 6.520151 0 
3239 6.503781 0 
3240 6.487503 0 
3241 6.469110 0 
3242 6.452753 0 
3243 6.436631 0 
3244 6.440922 0 
3245 6.424984 0 
3246 6.494267 0 
3247 6.478012 0 
3248 6.461459 0 
3250 6.429564 0 
3252 6.448503 0 
3253 6.432265 0 
3254 6.416115 0 
3255 6.570308 0 
3256 6.554159 0 
3257 6.537576 0 
3258 6.521718 0 
3260 6.508421 0 
3261 6.492686 0 
3262 6.557374 0 
3263 6.541238 0 
3264 6.524962 0 
3265 6.508748 0 
3266 6.492522 0 
3267 6.476230 0 
3268 6.459939 0 
3269 6.443555 0 
3270 6.552715 0 
3271 6.537943 0 
3272 6.521943 0 
3273 6.505567 0 
3274 6.489247 0 
3276 6.469546 0 
3277 6.579266 0 
3278 6.562701 0 
3279 6.546169 0 
3280 6.530227 0 
3281 6.514085 0 
3282 6.497910 0 
3283 6.481584 0 
3284 6.466142 0 
3285 6.449703 0 
3287 6.417298 0 
3289 6.398308 0 
3290 6.382259 0 
3291 6.366120 0 
3292 6.425263 0 
3293 6.409199 0 
3294 6.392842 0 
3295 6.376410 0 
3297 6.446153 0 
3298 6.430316 0 
3299 6.414255 0 
3300 6.397608 0 
3302 6.386729 0 
3373 5.220906 0 
3377 5.437235 0 
3378 5.425162 0 
3379 5.459010 0 
3380 5.442012 0 
3381 5.425826 0 
3382 5.499176 0 
3383 5.481542 0 
3384 5.465494 0 
3385 5.520064 0 
3387 5.486862 0 
3388 5.505853 0 
3389 5.490062 0 
3390 5.473372 0 
3391 5.896776 0 
3392 5.880675 0 
3393 5.864144 0 
3394 5.846664 0 
3395 5.830157 0 
3396 5.813729 0 
3397 5.798009 0 
3398 5.781658 0 
3399 5.766358 0 
3400 5.750125 0 
3401 5.807283 0 
3402 5.790777 0 
3403 5.774481 0 
3404 5.821517 0 
3405 5.804739 0 
3406 5.788365 0 
3407 5.821515 0 
3408 5.805362 0 
3409 5.788580 0 
3410 5.771840 0 
3411 5.933977 0 
3412 5.917583 0 
3414 5.885146 0 
3415 5.971957 0 
3416 5.955284 0 
3417 5.939346 0 
3418 5.923791 0 
3419 5.907934 0 
3420 5.891546 0 
3421 5.980993 0 
3423 5.948986 0 
3424 5.932429 0 
3425 5.915600 0 
3426 5.899345 0 
3428 5.866752 0 
3430 5.834366 0 
3431 5.857905 0 
3432 5.888882 0 
3433 5.936487 0 
3436 5.887183 0 
3437 5.871255 0 
3438 5.940721 0 
3439 5.924235 0 
3440 5.907580 0 
3441 6.003681 0 
3442 5.987414 0 
3443 5.971209 0 
3444 6.021960 0 
3445 6.006347 0 
3446 5.991345 0 
3447 6.006854 0 
3449 5.976895 0 
3451 5.968474 0 
3452 5.951026 0 
3453 6.019579 0 
3454 6.003498 0 
3455 5.987145 0 
3456 5.970476 0 
3457 5.954094 0 
3459 5.921748 0 
3460 5.916950 0 
3461 5.903678 0 
3462 6.103234 0 
3463 6.086943 0 
3464 6.070441 0 
3465 6.064051 0 
3466 6.059312 0 
3467 6.042778 0 
3468 6.079670 0 
3469 6.063004 0 
3470 6.047240 0 
3471 6.123654 0 
3472 6.104300 0 
3473 6.087561 0 
3475 6.055037 0 
3476 6.252395 0 
3477 6.236168 0 
3478 6.220151 0 
3479 6.203882 0 
3480 6.187769 0 
3481 6.438329 0 
3482 6.422106 0 
3483 6.405635 0 
3484 6.470774 0 
3486 6.484861 0 
3488 6.452204 0 
3489 6.436235 0 
3490 6.419867 0 
3491 6.627968 0 
3492 6.611796 0 
3493 6.625995 0 
3494 6.609800 0 
3496 6.577515 0 
3497 6.561364 0 
3498 6.545053 0 
3499 6.528728 0 
3501 6.547972 0 
3503 6.547589 0 
3504 6.531511 0 
3505 6.515285 0 
3507 6.599424 0 
3508 6.633124 0 
3509 6.617129 0 
3511 6.584640 0 
3512 6.568652 0 
3513 6.552068 0 
3514 6.535935 0 
3515 6.519256 0 
3516 6.565409 0 
3517 6.565303 0 
3518 6.549023 0 
3519 6.532734 0 
3521 6.581448 0 
3522 6.564998 0 
3525 6.555262 0 
3526 6.644347 0 
3527 6.628033 0 
3528 6.611849 0 
3530 6.721714 0 
3531 6.705287 0 
3532 6.689787 0 
3533 6.694145 0 
3534 6.677886 0 
3535 6.829512 0 
3536 6.812066 0 
3538 6.779307 0 
3539 6.763207 0 
3540 6.746862 0 
3541 6.730295 0 
3542 6.714041 0 
3543 6.697622 0 
3544 6.681134 0 
3545 6.696889 0 
3546 6.680624 0 
3547 6.664585 0 
3548 6.648357 0 
3549 6.773851 0 
3551 6.741495 0 
3552 6.768900 0 
3553 6.752636 0 
3554 6.791134 0 
3555 6.775013 0 
3556 6.758825 0 
3557 6.742651 0 
3559 6.818656 0 
3560 6.802560 0 
3561 6.785412 0 
3562 6.995024 0 
3564 6.962377 0 
3565 6.945832 0 
3566 6.929277 0 
3567 6.913992 0 
3569 6.881549 0 
3570 6.935448 0 
3571 6.919322 0 
3572 6.902985 0 
3573 6.886737 0 
3574 6.870386 0 
3576 6.837679 0 
3577 6.821439 0 
3578 6.885247 0 
3579 6.868975 0 
3580 6.852560 0 
3581 6.974236 0 
3582 7.131755 0 
3583 7.116375 0 
3584 7.100341 0 
3586 7.067384 0 
3587 7.066757 0 
3588 7.050285 0 
3589 7.103011 0 
3590 7.209383 0 
3591 7.193408 0 
3592 7.177019 0 
3593 7.352810 0 
3594 7.337187 0 
3595 7.398957 0 
3596 7.431525 0 
3597 7.415015 0 
3598 7.398834 0 
3599 7.382695 0 
3600 7.366558 0 
3601 7.350106 0 
3602 7.334123 0 
3603 7.362943 0 
3604 7.440230 0 
3605 7.423738 0 
3606 7.407807 0 
3607 7.391691 0 
3608 7.375336 0 
3609 7.358521 0 
3610 7.342506 0 
3611 7.324148 0 
3613 7.328483 0 
3614 7.312478 0 
3615 7.295776 0 
3616 7.299407 0 
3617 7.282959 0 
3618 7.266752 0 
3619 7.250193 0 
3620 7.233757 0 
3622 7.331191 0 
3623 7.314770 0 
3624 7.298510 0 
3625 7.282460 0 
3627 7.439537 0 
3629 7.407640 0 
3630 7.494190 0 
3631 7.477454 0 
3632 7.518923 0 
3635 7.470013 0 
3636 7.496032 0 
3637 7.479824 0 
3638 7.463045 0 
3639 7.446943 0 
3640 7.430448 0 
3641 7.414227 0 
3642 7.437048 0 
3643 7.421203 0 
3644 7.404806 0 
3645 7.388500 0 
3646 7.371187 0 
3648 7.415505 0 
3650 7.395347 0 
3651 7.379091 0 
3652 7.363332 0 
3653 7.386506 0 
3654 7.370360 0 
3655 7.369644 0 
3656 7.353310 0 
3658 7.320856 0 
3659 7.362384 0 
3688 6.973605 0 
3689 6.957769 0 
3690 6.941336 0 
3691 6.924891 0 
3692 7.032991 0 
3693 7.016723 0 
3695 7.098311 0 
3696 7.082805 0 
3697 7.066453 0 
3698 7.050261 0 
3700 7.080086 0 
3702 7.187948 0 
3703 7.171992 0 
3704 7.155853 0 
3706 7.296920 0 
3707 7.294853 0 
3708 7.278103 0 
3710 7.343987 0 
3711 7.327757 0 
3712 7.311363 0 
3713 7.295098 0 
3714 7.279296 0 
3715 7.292132 0 
3716 7.275725 0 
3717 7.365353 0 
3718 7.349252 0 
3719 7.332766 0 
3720 7.356133 0 
3721 7.340036 0 
3722 7.323811 0 
3723 7.339375 0 
3724 7.376306 0 
3725 7.360121 0 
3726 7.420094 0 
3727 7.404510 0 
3729 7.372024 0 
3730 7.355910 0 
3731 7.397907 0 
3732 7.381628 0 
3733 7.365049 0 
3734 7.348728 0 
3735 7.372350 0 
3737 7.338699 0 
3738 7.322544 0 
3739 7.306167 0 
3740 7.289824 0 
3741 7.272913 0 
3742 7.428358 0 
3743 7.411919 0 
3744 7.395733 0 
3745 7.412767 0 
3746 7.396342 0 
3747 7.429875 0 
3748 7.414056 0 
3750 7.381845 0 
3751 7.376775 0 
3752 7.360588 0 
3753 7.494041 0 
3754 7.477837 0 
3755 7.461549 0 
3756 7.445518 0 
3758 7.520854 0 
3759 7.504358 0 
3760 7.487942 0 
3761 7.500335 0 
3763 7.467511 0 
3764 7.473799 0 
3766 7.547794 0 
3768 7.514882 0 
3769 7.500131 0 
3770 7.563079 0 
3771 7.547214 0 
3772 7.531125 0 
3773 7.562897 0 
3775 7.692827 0 
3776 7.674025 0 
3777 7.657869 0 
3778 7.641483 0 
3779 7.789258 0 
3780 7.773067 0 
3781 7.846129 0 
3782 7.929438 0 
3783 7.919942 0 
3785 7.927475 0 
3786 7.929577 0 
3787 7.913431 0 
3788 7.897189 0 
3789 7.880924 0 
3790 7.864564 0 
3791 7.848933 0 
3792 7.831823 0 
3793 7.815952 0 
3795 7.819025 0 
3796 7.802822 0 
3797 7.786684 0 
3798 7.770228 0 
3799 7.754268 0 
3800 7.737981 0 
3801 7.759946 0 
3802 7.743763 0 
3803 7.727210 0 
3804 7.710965 0 
3805 7.694695 0 
3806 7.707892 0 
3807 7.689777 0 
3808 7.673346 0 
3809 7.657665 0 
3810 7.870415 0 
3812 7.834997 0 
3813 7.906838 0 
3814 7.890755 0 
3815 7.874505 0 
3816 7.858955 0 
3817 7.842553 0 
3818 7.826207 0 
3819 7.809529 0 
3821 7.874083 0 
3822 7.930050 0 
3823 7.912327 0 
3824 7.896229 0 
3826 7.863616 0 
3828 7.900251 0 
3829 8.010795 0 
3830 7.995038 0 
3831 7.978812 0 
3834 7.929813 0 
3835 7.914082 0 
3836 7.897893 0 
3837 7.881421 0 
3838 7.944662 0 
3839 7.929253 0 
3840 7.913335 0 
3841 7.965275 0 
3842 7.949447 0 
3843 7.933151 0 
3844 7.916899 0 
3845 7.899897 0 
3847 7.920361 0 
3849 7.887945 0 
3850 7.871911 0 
3851 7.855585 0 
3852 7.839332 0 
3853 7.822938 0 
3854 7.806881 0 
3855 7.829571 0 
3857 7.797061 0 
3858 7.793644 0 
3859 7.777280 0 
3860 7.760752 0 
3861 7.744233 0 
3862 7.727880 0 
3863 7.770977 0 
3864 7.754645 0 
3865 7.738341 0 
3866 7.722181 0 
3867 7.715146 0 
3868 7.699040 0 
3869 7.715053 0 
3870 7.869550 0 
3871 7.853281 0 
3873 7.820782 0 
3874 7.853102 0 
3875 7.862174 0 
3876 7.846097 0 
3877 7.947037 0 
3878 7.931425 0 
3879 7.915156 0 
3880 7.907200 0 
3881 7.946836 0 
3882 7.930590 0 
3884 8.259260 0 
3886 8.226832 0 
3887 8.211300 0 
3888 8.196321 0 
3889 8.180111 0 
3890 8.163882 0 
3891 8.224855 0 
3892 8.208326 0 
3894 8.176437 0 
3895 8.260241 0 
3896 8.243558 0 
3897 8.227344 0 
3899 8.195122 0 
3901 8.162707 0 
3902 8.257205 0 
3903 8.241164 0 
3905 8.207991 0 
3906 8.231164 0 
3907 8.359462 0 
3909 8.336098 0 
3910 8.319852 0 
3911 8.379687 0 
3912 8.363453 0 
3913 8.347171 0 
3914 8.331012 0 
3915 8.314924 0 
3916 8.299131 0 
3917 8.283496 0 
3918 8.267252 0 
3919 8.251042 0 
3920 8.234484 0 
3921 8.218621 0 
3922 8.401698 0 
3923 8.385234 0 
3924 8.369523 0 
3925 8.353404 0 
3926 8.337316 0 
3928 8.304013 0 
3929 8.287813 0 
3930 8.570767 0 
3931 8.555645 0 
3932 8.538849 0 
3933 8.522994 0 
3934 8.506979 0 
3936 8.534559 0 
3937 8.512558 0 
3938 8.496527 0 
3939 8.480431 0 
3940 8.464189 0 
3941 8.447954 0 
3942 8.531158 0 
3943 8.514878 0 
3944 8.498307 0 
3945 8.482317 0 
3946 8.538150 0 
3947 8.521924 0 
3949 8.489375 0 
3950 8.472971 0 
3951 8.453596 0 
3952 8.437343 0 
3953 8.503746 0 
3954 8.487682 0 
3955 8.471275 0 
3957 8.438573 0 
3958 8.422517 0 
3959 8.439761 0 
3960 8.423449 0 
3962 8.465358 0 
3963 8.449021 0 
3964 8.432700 0 
3965 8.416822 0 
3967 8.384561 0 
3968 8.368219 0 
3969 8.352310 0 
3970 8.389989 0 
3971 8.410944 0 
3972 8.394586 0 
3974 8.382993 0 
3975 8.366554 0 
3976 8.350604 0 
4108 6.210435 0 
4109 6.194344 0 
4110 6.177825 0 
4111 6.181562 0 
4112 6.182887 0 
4113 6.166859 0 
4114 6.170272 0 
4115 6.154061 0 
4116 6.137843 0 
4117 6.198900 0 
4118 6.181830 0 
4119 6.165822 0 
4120 6.193917 0 
4121 6.177813 0 
4122 6.161263 0 
4123 6.163290 0 
4124 6.147336 0 
4125 6.348294 0 
4127 6.347475 0 
4128 6.467982 0 
4129 6.446529 0 
4130 6.453321 0 
4131 6.657673 0 
4132 6.642086 0 
4133 6.626902 0 
4135 6.594485 0 
4136 6.577853 0 
4137 6.561314 0 
4138 6.545310 0 
4139 6.533202 0 
4140 6.677468 0 
4141 6.661344 0 
4142 6.645164 0 
4143 6.777857 0 
4144 6.761669 0 
4145 6.745201 0 
4146 6.764890 0 
4148 6.731797 0 
4150 6.817021 0 
4151 6.810666 0 
4152 6.796950 0 
4153 6.935280 0 
4154 6.919392 0 
4156 6.887027 0 
4157 6.889762 0 
4158 6.873553 0 
4159 6.889637 0 
4161 6.857229 0 
4162 6.868301 0 
4163 6.851396 0 
4164 6.835641 0 
4166 6.865475 0 
4167 6.937897 0 
4168 6.921664 0 
4169 6.905540 0 
4170 6.889507 0 
4171 6.873183 0 
4173 6.840662 0 
4174 6.897568 0 
4175 6.880907 0 
4176 6.901157 0 
4177 6.885059 0 
4178 6.868598 0 
4179 6.871928 0 
4180 6.855594 0 
4181 6.839183 0 
4183 6.806867 0 
4184 6.902158 0 
4185 6.885868 0 
4186 6.870053 0 
4187 6.853737 0 
4188 6.833746 0 
4189 6.817803 0 
4190 6.801577 0 
4191 6.785309 0 
4192 6.769264 0 
4193 6.752727 0 
4194 6.736836 0 
4195 6.720522 0 
4196 6.746484 0 
4197 6.730389 0 
4198 6.713756 0 
4199 7.098835 0 
4200 7.106271 0 
4201 7.088864 0 
4202 7.073453 0 
4203 7.057669 0 
4204 7.041472 0 
4205 7.025239 0 
4206 7.163816 0 
4207 7.147494 0 
4208 7.130991 0 
4210 7.111796 0 
4211 7.095421 0 
4212 7.097155 0 
4213 7.081137 0 
4214 7.063304 0 
4215 7.131390 0 
4216 7.115227 0 
4217 7.098732 0 
4219 7.138714 0 
4222 7.164631 0 
4224 7.132283 0 
4226 7.099466 0 
4227 7.082305 0 
4228 7.113161 0 
4229 7.096741 0 
4232 7.047667 0 
4233 7.031359 0 
4234 7.014517 0 
4235 6.997801 0 
4236 6.981658 0 
4237 6.965524 0 
4238 6.949213 0 
4239 6.948864 0 
4240 6.986337 0 
4241 6.969369 0 
4242 6.970674 0 
4243 7.207496 0 
4245 7.175426 0 
4247 7.143215 0 
4248 7.126879 0 
4249 7.110475 0 
4250 7.094541 0 
4251 7.078268 0 
4252 7.066217 0 
4253 7.049932 0 
4255 7.015854 0 
4256 7.010641 0 
4257 6.994331 0 
4258 7.029418 0 
4259 7.013552 0 
4260 7.108171 0 
4261 7.091921 0 
4262 7.075653 0 
4263 7.059923 0 
4264 7.043592 0 
4265 7.054419 0 
4266 7.038187 0 
4267 7.021820 0 
4268 7.001192 0 
4269 7.040154 0 
4271 7.124059 0 
4272 7.108391 0 
4273 7.092195 0 
4274 7.116392 0 
4275 7.100272 0 
4276 7.084041 0 
4277 7.068449 0 
4278 7.052399 0 
4279 7.036144 0 
4280 7.244834 0 
4282 7.222518 0 
4284 7.190145 0 
4285 7.173539 0 
4286 7.203333 0 
4287 7.187145 0 
4288 7.283332 0 
4289 7.267055 0 
4290 7.250757 0 
4292 7.306681 0 
4293 7.290517 0 
4294 7.503231 0 
4295 7.486578 0 
4297 7.506202 0 
4299 7.473871 0 
4300 7.484578 0 
4301 7.468032 0 
4303 7.434764 0 
4304 7.418517 0 
4758 0.009778 1 
4759 0.014162 1 
4760 0.004854 1 
4305 7.496452 0 
4307 7.463335 0 
4308 7.447107 0 
4309 7.430792 0 
4310 7.415355 0 
4311 7.399068 0 
4312 7.382933 0 
4761 0.006798 1 
4763 0.005173 1 
4764 0.020028 1 
4765 0.006988 1 
4766 0.008260 1 
4767 0.004725 1 
4768 0.014096 1 
4770 0.007018 1 
4771 0.028165 1 
4772 0.011656 1 
4773 0.006407 1 
4774 0.009293 1 
4775 0.011326 1 
4776 0.008611 1 
4777 0.011362 1 
4778 0.009514 1 
4780 0.012368 1 
4781 0.007486 1 
4782 0.006888 1 
4783 0.015856 1 
4784 0.008378 1 
4785 0.004981 1 
4313 7.777880 0 
4786 0.008146 1 
4787 0.007295 1 
4788 0.008224 1 
4789 0.013633 1 
4790 0.006549 1 
4791 0.005233 1 
4792 0.009351 1 
4793 0.011651 1 
4794 0.009177 1 
4316 7.866040 0 
4317 7.850059 0 
4318 7.851086 0 
4795 0.011678 1 
4796 0.006414 1 
4797 0.005976 1 
4319 7.872071 0 
4320 7.855992 0 
4321 7.840023 0 
4322 7.823893 0 
4798 0.006851 1 
4323 7.831146 0 
4324 7.815203 0 
4799 0.009568 1 
4800 0.005898 1 
4326 7.800295 0 
4327 7.784084 0 
4328 7.767880 0 
4329 7.751425 0 
4801 0.012234 1 
4802 0.013985 1 
4803 0.007559 1 
4804 0.007807 1 
4805 0.013508 1 
4807 0.007263 1 
4808 0.010061 1 
4809 0.008372 1 
4810 0.013696 1 
4811 0.014773 1 
4330 7.931340 0 
4331 7.915137 0 
4332 7.898731 0 
4334 7.865487 0 
4335 7.849498 0 
4812 0.009639 1 
4813 0.005890 1 
4814 0.016436 1 
4816 0.007146 1 
4817 0.009542 1 
4821 0.005545 1 
4823 0.008191 1 
4824 0.009033 1 
4336 8.046646 0 
4337 8.030319 0 
4338 8.014207 0 
4825 0.011003 1 
4826 0.006302 1 
4339 8.021069 0 
4340 8.004006 0 
4341 7.988532 0 
4342 8.003337 0 
4343 7.987785 0 
4829 0.012252 1 
4830 0.012990 1 
4831 0.011555 1 
4832 0.035348 1 
4833 0.019048 1 
4834 0.009960 1 
4835 0.005377 1 
4344 8.103792 0 
4836 0.017599 1 
4837 0.006845 1 
4345 8.094204 0 
4347 8.062070 0 
4348 8.053608 0 
4349 8.037794 0 
4838 0.007972 1 
4839 0.007028 1 
4840 0.012115 1 
4350 8.095831 0 
4842 0.008212 1 
4844 0.013758 1 
4845 0.010451 1 
4351 8.135483 0 
4352 8.120659 0 
4353 8.103961 0 
4355 8.071517 0 
4846 0.005564 1 
4847 0.005402 1 
4848 0.012039 1 
4849 0.022582 1 
4850 0.008954 1 
4356 8.135739 0 
4357 8.119258 0 
4852 0.008606 1 
4853 0.007800 1 
4854 0.007625 1 
4855 0.012120 1 
4856 0.006714 1 
4857 0.005874 1 
4858 0.010454 1 
4859 0.008288 1 
4358 8.262369 0 
4360 8.229700 0 
4361 8.214335 0 
4362 8.197975 0 
4363 8.181862 0 
4365 8.149506 0 
4860 0.012619 1 
4861 0.018366 1 
4366 8.163715 0 
4367 8.147569 0 
4862 0.041532 1 
4863 0.045754 1 
4864 0.029810 1 
4865 0.013027 1 
4368 8.193217 0 
4369 8.177247 0 
4370 8.161243 0 
4372 8.128768 0 
4373 8.112422 0 
4374 8.096698 0 
4375 8.083147 0 
4376 8.066892 0 
4866 0.006109 1 
4377 8.055348 0 
4378 8.039019 0 
4868 0.029939 1 
4379 8.099883 0 
4869 0.045115 1 
4870 0.028700 1 
4871 0.021184 1 
4872 0.011080 1 
4380 8.113503 0 
4382 8.081193 0 
4383 8.064453 0 
4384 8.048446 0 
4873 0.006687 1 
4874 0.008083 1 
4875 0.006284 1 
4385 8.081202 0 
4386 8.065183 0 
4387 8.048512 0 
4388 8.032236 0 
4389 8.015500 0 
4390 7.998802 0 
4391 7.982591 0 
4392 7.965743 0 
4393 7.949348 0 
4876 0.017518 1 
4877 0.011461 1 
4394 7.982072 0 
4484 6.502030 0 
4879 0.011548 1 
4485 6.509307 0 
4881 0.007181 1 
4486 6.515869 0 
4487 6.499759 0 
4882 0.012638 1 
4883 0.005469 1 
4884 0.006158 1 
4885 0.006537 1 
4886 0.006037 1 
4887 0.006824 1 
4488 6.595004 0 
4489 6.579250 0 
4491 6.545721 0 
4492 6.529911 0 
4493 6.513606 0 
4494 6.497308 0 
4889 0.009778 1 
4890 0.006574 1 
4891 0.007911 1 
4892 0.009012 1 
4496 6.548113 0 
4498 6.515882 0 
4499 6.498952 0 
4500 6.482841 0 
4894 0.007575 1 
4896 0.011279 1 
4897 0.013230 1 
4898 0.013996 1 
4900 0.009120 1 
4901 0.009212 1 
4902 0.009561 1 
4904 0.014976 1 
4905 0.005043 1 
4906 0.005922 1 
4907 0.017447 1 
4908 0.019192 1 
4909 0.014868 1 
4910 0.009610 1 
4502 6.726529 0 
4503 6.712987 0 
4504 6.696572 0 
4506 6.664082 0 
4507 6.647864 0 
4508 6.631549 0 
4509 6.615193 0 
4510 6.599051 0 
4911 0.007946 1 
4912 0.005357 1 
4511 6.645182 0 
4512 6.629825 0 
4513 6.613092 0 
4514 6.596764 0 
4515 6.580386 0 
4516 6.564132 0 
4517 6.547886 0 
4913 0.030854 1 
4914 0.014656 1 
4915 0.005120 1 
4916 0.006833 1 
4917 0.007340 1 
4918 0.008771 1 
4919 0.006110 1 
4920 0.010627 1 
4921 0.017085 1 
4923 0.010977 1 
4924 0.006828 1 
4925 0.006379 1 
4518 6.713892 0 
4519 6.697435 0 
4520 6.682011 0 
4926 0.010560 1 
4927 0.007356 1 
4928 0.006432 1 
4929 0.013807 1 
4931 0.013024 1 
4932 0.014831 1 
4933 0.005149 1 
4934 0.003295 1 
4935 0.009741 1 
4936 0.016242 1 
4937 0.010243 1 
4521 6.870677 0 
4522 6.854157 0 
4938 0.018646 1 
4939 0.010716 1 
4940 0.008718 1 
4941 0.010523 1 
4942 0.011311 1 
4944 0.013539 1 
4523 6.960178 0 
4525 6.927710 0 
4945 0.006837 1 
4526 6.920284 0 
4946 0.012518 1 
4527 6.922797 0 
4528 6.906169 0 
4947 0.015936 1 
4948 0.007140 1 
4949 0.006956 1 
4950 0.013912 1 
4529 6.958520 0 
4530 6.942366 0 
4531 6.926073 0 
4533 6.893595 0 
4534 6.877383 0 
4535 6.860922 0 
4536 6.844616 0 
4537 6.828823 0 
4538 6.812618 0 
4952 0.010433 1 
4953 0.009824 1 
4539 6.862912 0 
4540 6.846332 0 
4541 6.830074 0 
4542 6.814032 0 
4954 0.026021 1 
4955 0.038401 1 
4957 0.014572 1 
4958 0.005616 1 
4543 6.866238 0 
4544 6.850329 0 
4546 6.815796 0 
4547 6.799627 0 
4548 6.783522 0 
4959 0.016510 1 
4960 0.007233 1 
4962 0.016600 1 
4963 0.012100 1 
4549 6.846423 0 
4550 6.830024 0 
4551 6.813257 0 
4964 0.007849 1 
4552 6.809445 0 
4554 6.776982 0 
4965 0.006564 1 
4966 0.012644 1 
4967 0.008438 1 
4969 0.015401 1 
4970 0.021954 1 
4555 6.872548 0 
4556 6.856474 0 
4971 0.013696 1 
4972 0.013217 1 
4973 0.006976 1 
4974 0.009343 1 
4975 0.016891 1 
4976 0.006426 1 
4977 0.006947 1 
4979 0.008523 1 
4980 0.008164 1 
4981 0.019963 1 
4982 0.014396 1 
4557 7.023767 0 
4559 6.992170 0 
4560 6.975755 0 
4561 6.958138 0 
4562 6.942154 0 
4564 6.909622 0 
4565 6.893502 0 
4566 6.877167 0 
4567 6.860734 0 
4568 6.844037 0 
4983 0.015990 1 
4569 6.844499 0 
4571 6.812232 0 
4572 6.796211 0 
4984 0.010051 1 
4985 0.006674 1 
4986 0.007620 1 
4573 6.827299 0 
4574 6.811459 0 
4575 6.794276 0 
4576 6.777923 0 
4577 6.760820 0 
4578 6.742887 0 
4579 6.727436 0 
4581 6.695162 0 
4582 6.678881 0 
4583 6.662148 0 
4584 6.645864 0 
4987 0.025444 1 
4988 0.008780 1 
4989 0.014071 1 
4990 0.013422 1 
4991 0.009363 1 
4992 0.013061 1 
4585 6.730320 0 
4586 6.713775 0 
4587 6.698216 0 
4993 0.007031 1 
4588 6.682755 0 
4994 0.011692 1 
4995 0.013572 1 
4996 0.011126 1 
4589 6.725882 0 
4590 6.708909 0 
4591 6.692942 0 
4592 6.676725 0 
4593 6.660515 0 
4594 6.644127 0 
4997 0.014267 1 
4998 0.007032 1 
4999 0.005462 1 
5000 0.024237 1 
5001 0.011678 1 
5002 0.016274 1 
4595 6.735555 0 
5003 0.018276 1 
4596 6.730991 0 
4597 6.714011 0 
4598 6.698527 0 
4599 6.682318 0 
4600 6.665950 0 
4601 6.649811 0 
5004 0.010894 1 
5006 0.021506 1 
5007 0.009231 1 
4602 6.699906 0 
4603 6.683666 0 
4604 6.667511 0 
4605 6.651196 0 
5008 0.010046 1 
5009 0.019632 1 
5010 0.008139 1 
5011 0.005892 1 
4606 6.688660 0 
4608 6.655663 0 
5012 0.017340 1 
5013 0.011636 1 
5015 0.024116 1 
5016 0.011424 1 
5017 0.011895 1 
4609 6.772322 0 
4610 6.755650 0 
4611 6.739583 0 
4612 6.723620 0 
4613 6.707221 0 
4614 6.691111 0 
4615 6.681856 0 
5020 0.006700 1 
5022 0.016318 1 
5023 0.012523 1 
5024 0.028357 1 
5025 0.016069 1 
5028 0.019960 1 
5029 0.008839 1 
4617 6.823348 0 
4618 6.807123 0 
4619 6.791087 0 
4620 6.774782 0 
4622 6.742332 0 
4624 6.710270 0 
4625 6.693978 0 
4626 6.678005 0 
5030 0.017886 1 
5031 0.037253 1 
5032 0.020898 1 
5033 0.013466 1 
5034 0.005217 1 
5035 0.008845 1 
4627 6.745216 0 
4630 6.696171 0 
4631 6.680455 0 
4632 6.664209 0 
4633 6.647601 0 
5036 0.009393 1 
4634 6.646388 0 
4635 6.629732 0 
4636 6.613354 0 
5037 0.012175 1 
5038 0.006588 1 
5039 0.006384 1 
4637 6.654929 0 
4638 6.638203 0 
4639 6.622410 0 
4640 6.605858 0 
5041 0.015832 1 
4641 6.625185 0 
4643 6.592803 0 
4645 6.569447 0 
4646 6.553252 0 
5043 0.032429 1 
5044 0.016730 1 
5045 0.014311 1 
5046 0.005923 1 
5047 0.013801 1 
4647 6.620112 0 
4648 6.603677 0 
4649 6.587231 0 
5048 0.010383 1 
5049 0.008205 1 
5051 0.007636 1 
4650 6.628255 0 
4651 6.612293 0 
4653 6.579694 0 
5052 0.012300 1 
5053 0.015573 1 
5054 0.005343 1 
5055 0.008588 1 
5056 0.021376 1 
5057 0.011794 1 
5058 0.009691 1 
4654 6.679099 0 
4655 6.662481 0 
4656 6.647383 0 
4657 6.631114 0 
4658 6.613353 0 
4659 6.597167 0 
4660 6.581070 0 
4661 6.564039 0 
5059 0.008219 1 
5060 0.008010 1 
5061 0.015942 1 
4662 6.606128 0 
4663 6.589466 0 
4664 6.572878 0 
5062 0.032638 1 
5063 0.021130 1 
5064 0.008482 1 
5065 0.018977 1 
4665 6.619269 0 
4666 6.602937 0 
4667 6.586382 0 
4669 6.553662 0 
5067 0.013153 1 
5068 0.021217 1 
5069 0.010951 1 
5070 0.005736 1 
4670 6.636756 0 
4671 6.620287 0 
5071 0.028415 1 
5072 0.012251 1 
5073 0.012991 1 
4672 6.629490 0 
4673 6.613318 0 
4674 6.596827 0 
5074 0.013395 1 
4675 6.605509 0 
5075 0.016421 1 
5076 0.011048 1 
5078 0.014196 1 
4676 6.667593 0 
4677 6.651330 0 
4678 6.635072 0 
4683 6.552756 0 
4684 6.536865 0 
4685 6.520473 0 
4686 6.504442 0 
4687 6.488172 0 
4688 6.471413 0 
5080 0.007313 1 
5081 0.010269 1 
5082 0.006737 1 
5083 0.007686 1 
4690 6.501923 0 
4691 6.484293 0 
4692 6.468008 0 
4693 6.451377 0 
5084 0.017088 1 
5085 0.010164 1 
5086 0.013742 1 
5088 0.010174 1 
4695 6.500588 0 
4697 6.466106 0 
4698 6.451855 0 
5089 0.017438 1 
5090 0.014850 1 
5091 0.006126 1 
5093 0.027882 1 
5095 0.015557 1 
5096 0.007208 1 
4699 6.575188 0 
5097 0.012036 1 
4701 6.570810 0 
4702 6.554666 0 
4703 6.537952 0 
4705 6.505497 0 
4706 6.486009 0 
5099 0.016568 1 
4707 6.487664 0 
4708 6.471608 0 
5100 0.010508 1 
5101 0.006678 1 
5103 0.020518 1 
5104 0.015160 1 
5105 0.008481 1 
5106 0.009475 1 
5107 0.007505 1 
4709 6.571623 0 
4710 6.555231 0 
4711 6.538764 0 
4712 6.522944 0 
4713 6.506769 0 
4714 6.490175 0 
5108 0.008964 1 
5109 0.015656 1 
5110 0.006648 1 
5111 0.009052 1 
5112 0.015160 1 
5113 0.009148 1 
4715 6.584069 0 
4716 6.567851 0 
4717 6.551265 0 
4718 6.535324 0 
4719 6.519488 0 
4720 6.503136 0 
4721 6.486502 0 
5114 0.010483 1 
5115 0.005755 1 
5116 0.008547 1 
5117 0.009595 1 
5118 0.021090 1 
5119 0.038839 1 
5120 0.030384 1 
5122 0.035128 1 
4722 6.649094 0 
4724 6.617331 0 
4726 6.584774 0 
4727 6.568669 0 
4728 6.552088 0 
5123 0.045367 1 
5124 0.028781 1 
5125 0.023713 1 
5127 0.009705 1 
5128 0.011770 1 
4729 6.594532 0 
4730 6.578343 0 
4732 6.545583 0 
4733 6.529125 0 
4738 6.457259 0 
4739 6.456633 0 
4740 6.440433 0 
4741 6.424105 0 
5130 0.020486 1 
5131 0.013897 1 
4742 6.493798 0 
4743 6.599458 0 
4745 6.566880 0 
4746 6.591006 0 
5134 0.233799 1 
5135 0.217005 1 
5136 0.201303 1 
5137 0.184792 1 
5138 0.168494 1 
5139 0.152372 1 
5140 0.135886 1 
5141 0.119739 1 
5146 0.037776 1 
5147 0.027177 1 
5148 0.012670 1 
5149 0.025666 1 
5151 0.016117 1 
5152 0.011368 1 
4749 6.664435 0 
4750 6.647944 0 
4751 6.631886 0 
4753 6.599062 0 
5153 0.018561 1 
5154 0.027592 1 
5156 0.015147 1 
4754 6.650505 0 
4755 6.633000 0 
5157 0.009280 1 
5158 0.011495 1 
5159 0.011734 1 
4756 6.689995 0 
4758 6.657686 0 
4759 6.641486 0 
5161 0.014733 1 
5162 0.022830 1 
5163 0.006976 1 
4760 6.664725 0 
4761 6.648616 0 
4763 6.616313 0 
5164 0.006094 1 
5165 0.020072 1 
5166 0.011340 1 
5168 0.020003 1 
5169 0.008964 1 
5170 0.015563 1 
5171 0.011802 1 
4765 6.718480 0 
4766 6.702351 0 
4767 6.686170 0 
4768 6.670048 0 
4770 6.637782 0 
5172 0.014128 1 
5173 0.010341 1 
5174 0.030794 1 
5175 0.018455 1 
5176 0.010135 1 
5178 0.008481 1 
4771 6.739818 0 
4772 6.723377 0 
5179 0.011201 1 
5180 0.017249 1 
5181 0.008038 1 
4773 6.743461 0 
4774 6.726873 0 
4876 5.044249 0 
4877 5.027766 0 
5182 0.010860 1 
5183 0.008116 1 
5184 0.009983 1 
5185 0.008173 1 
4879 5.079470 0 
4881 5.046986 0 
4882 5.030602 0 
4883 5.011214 0 
4884 4.995401 0 
4885 4.979393 0 
5186 0.028075 1 
5187 0.019041 1 
5188 0.010104 1 
5189 0.007184 1 
5190 0.008407 1 
5191 0.024006 1 
5192 0.030032 1 
5193 0.013702 1 
5194 0.009180 1 
5195 0.007818 1 
5196 0.011142 1 
5197 0.006619 1 
5198 0.008623 1 
4887 5.155656 0 
4889 5.122469 0 
4890 5.106960 0 
4891 5.090781 0 
4892 5.074851 0 
5199 0.009548 1 
5200 0.006534 1 
5201 0.014687 1 
5202 0.010304 1 
5203 0.005991 1 
5205 0.024828 1 
5206 0.014646 1 
5207 0.011203 1 
5208 0.013496 1 
5209 0.007843 1 
5210 0.008461 1 
5211 0.030563 1 
5212 0.013973 1 
5214 0.030679 1 
5215 0.014287 1 
4894 5.317346 0 
4896 5.283162 0 
4897 5.268460 0 
4898 5.252801 0 
4900 5.219310 0 
4901 5.203061 0 
4902 5.186428 0 
4904 5.154212 0 
4905 5.137908 0 
4906 5.121629 0 
4907 5.104979 0 
4908 5.088899 0 
4909 5.072006 0 
5216 0.011368 1 
4910 5.063056 0 
4911 5.046864 0 
5219 0.014469 1 
5221 0.018157 1 
5222 0.014273 1 
5223 0.033111 1 
5224 0.039941 1 
4912 5.218918 0 
4913 5.203367 0 
4914 5.187067 0 
4915 5.170933 0 
4916 5.154272 0 
4917 5.138110 0 
5227 0.029341 1 
5228 0.014048 1 
4918 5.136139 0 
4919 5.119783 0 
4920 5.102860 0 
5229 0.037523 1 
5230 0.033815 1 
5231 0.017586 1 
4921 5.145993 0 
5232 0.030220 1 
5233 0.017890 1 
5234 0.015043 1 
5235 0.012408 1 
5236 0.021010 1 
5237 0.014043 1 
5238 0.011495 1 
5240 0.012372 1 
4923 5.256422 0 
4924 5.240408 0 
4925 5.224387 0 
4926 5.208169 0 
4927 5.192179 0 
4928 5.176474 0 
4929 5.160339 0 
4931 5.127353 0 
5242 0.019034 1 
5243 0.015334 1 
5244 0.007684 1 
5245 0.007942 1 
4932 5.198195 0 
4933 5.177197 0 
4934 5.155743 0 
4935 5.142425 0 
4936 5.125754 0 
5246 0.020264 1 
5247 0.013675 1 
5248 0.027001 1 
5250 0.014088 1 
5251 0.013652 1 
5252 0.017589 1 
5253 0.007308 1 
5254 0.021183 1 
5255 0.018158 1 
5256 0.017433 1 
5257 0.010379 1 
4937 5.289753 0 
4938 5.270527 0 
4939 5.255250 0 
4940 5.238589 0 
4941 5.222640 0 
4942 5.206867 0 
4944 5.174272 0 
4945 5.157358 0 
5258 0.015553 1 
5259 0.012406 1 
4946 5.182076 0 
5260 0.011589 1 
5261 0.027053 1 
4947 5.204548 0 
4948 5.188802 0 
4949 5.172666 0 
4950 5.155220 0 
4952 5.121995 0 
4953 5.106030 0 
4954 5.090338 0 
4955 5.074254 0 
4957 5.040364 0 
5262 0.015804 1 
5263 0.009303 1 
5264 0.011823 1 
5266 0.033028 1 
5267 0.032601 1 
5268 0.016485 1 
5269 0.014672 1 
5270 0.013973 1 
4958 5.168192 0 
4959 5.151985 0 
4960 5.135412 0 
4962 5.102836 0 
4965 5.053483 0 
4966 5.036542 0 
5271 0.021811 1 
5272 0.013352 1 
5273 0.025508 1 
5274 0.014127 1 
5275 0.009811 1 
4967 5.095088 0 
4969 5.062393 0 
4970 5.046141 0 
4971 5.030786 0 
4972 5.014436 0 
4973 4.998244 0 
4974 4.981838 0 
4975 4.979047 0 
4976 4.962336 0 
4977 4.946145 0 
4979 4.912675 0 
4980 4.896718 0 
4981 4.880579 0 
5277 0.018619 1 
4982 4.916812 0 
4983 4.900195 0 
4984 4.883340 0 
5279 0.026486 1 
5280 0.018528 1 
5281 0.013360 1 
5282 0.007863 1 
4987 4.874012 0 
4988 4.857346 0 
4989 4.841127 0 
4990 4.825251 0 
4991 4.808841 0 
5283 0.016927 1 
5284 0.022289 1 
5285 0.035667 1 
5287 0.024457 1 
5288 0.013812 1 
4992 4.896380 0 
4993 4.880017 0 
4994 4.862645 0 
4995 4.846846 0 
4996 4.830621 0 
4997 4.814472 0 
4998 4.798265 0 
5289 0.022684 1 
5290 0.015560 1 
5292 0.029582 1 
5294 0.012340 1 
4999 4.876502 0 
5000 4.861458 0 
5001 4.845269 0 
5002 4.829019 0 
5003 4.812567 0 
5004 4.796123 0 
5006 4.763831 0 
5295 0.014096 1 
5007 4.764743 0 
5008 4.748171 0 
5009 4.731915 0 
5010 4.715872 0 
5011 4.699404 0 
5012 4.682995 0 
5013 4.666798 0 
5296 0.015542 1 
5298 0.028713 1 
5299 0.029618 1 
5300 0.021991 1 
5302 0.015743 1 
5303 0.013464 1 
5304 0.013294 1 
5305 0.021248 1 
5306 0.009968 1 
5015 4.809415 0 
5016 4.793045 0 
5017 4.776772 0 
5018 4.760649 0 
5020 4.728050 0 
5022 4.695228 0 
5023 4.679231 0 
5024 4.662197 0 
5025 4.645827 0 
5028 4.596772 0 
5029 4.580531 0 
5030 4.564306 0 
5031 4.583361 0 
5307 0.033739 1 
5308 0.017110 1 
5309 0.018157 1 
5310 0.012773 1 
5311 0.019810 1 
5312 0.031209 1 
5313 0.013096 1 
5314 0.019207 1 
5315 0.016648 1 
5032 4.716139 0 
5033 4.699831 0 
5316 0.032036 1 
5034 4.683636 0 
5035 4.667295 0 
5036 4.650684 0 
5037 4.634189 0 
5038 4.617263 0 
5317 0.033937 1 
5318 0.017572 1 
5039 4.622994 0 
5041 4.589808 0 
5043 4.556338 0 
5044 4.540564 0 
5045 4.524206 0 
5046 4.507945 0 
5047 4.491561 0 
5048 4.475433 0 
5049 4.459297 0 
5319 0.015256 1 
5051 4.470940 0 
5052 4.454734 0 
5053 4.438248 0 
5054 4.422287 0 
5055 4.405830 0 
5056 4.389290 0 
5057 4.372988 0 
5058 4.356585 0 
5059 4.340290 0 
5321 0.020342 1 
5322 0.007987 1 
5323 0.019994 1 
5324 0.018912 1 
5325 0.018672 1 
5326 0.023253 1 
5327 0.017926 1 
5060 4.437382 0 
5061 4.421457 0 
5062 4.405256 0 
5063 4.388908 0 
5064 4.372581 0 
5065 4.356310 0 
5067 4.322850 0 
5068 4.305445 0 
5069 4.288949 0 
5070 4.272269 0 
5071 4.255055 0 
5072 4.238871 0 
5073 4.222191 0 
5074 4.206110 0 
5075 4.189613 0 
5076 4.173075 0 
5078 4.154940 0 
5080 4.122024 0 
5329 0.025003 1 
5081 4.121438 0 
5082 4.105458 0 
5083 4.088979 0 
5084 4.072484 0 
5085 4.055995 0 
5086 4.039695 0 
5088 4.004097 0 
5089 3.988202 0 
5090 3.972242 0 
5091 3.955739 0 
5330 0.023903 1 
5331 0.010109 1 
5332 0.026983 1 
5095 3.935424 0 
5096 3.919260 0 
5097 3.902820 0 
5099 3.869899 0 
5100 3.854062 0 
5101 3.837715 0 
5103 3.805016 0 
5104 3.788815 0 
5333 0.021478 1 
5105 3.788476 0 
5106 3.772200 0 
5107 3.755876 0 
5108 3.739526 0 
5109 3.723674 0 
5110 3.707411 0 
5111 3.690832 0 
5112 3.674909 0 
5113 3.658072 0 
5114 3.642079 0 
5115 3.625484 0 
5116 3.609268 0 
5334 0.019055 1 
5335 0.027978 1 
5117 3.632247 0 
5118 3.615688 0 
5119 3.599258 0 
5120 3.582253 0 
5122 3.549835 0 
5123 3.533763 0 
5336 0.021921 1 
5337 0.011413 1 
5338 0.008440 1 
5339 0.012290 1 
5124 3.557928 0 
5125 3.541063 0 
5126 3.524733 0 
5127 3.508533 0 
5128 3.493273 0 
5130 3.460816 0 
5131 3.444427 0 
5132 3.428146 0 
5133 3.411446 0 
5134 3.394822 0 
5135 3.377450 0 
5136 3.362387 0 
5137 3.345852 0 
5138 3.329554 0 
5139 3.313431 0 
5140 3.296948 0 
5141 3.280800 0 
5143 3.247971 0 
5144 3.231631 0 
5145 3.215192 0 
5146 3.198905 0 
5147 3.182543 0 
5148 3.166182 0 
5149 3.149622 0 
5151 3.116644 0 
5152 3.100425 0 
5340 0.009071 1 
5342 0.017770 1 
5343 0.012548 1 
5344 0.010217 1 
5345 0.019008 1 
5346 0.013959 1 
5347 0.028779 1 
5348 0.013481 1 
5350 0.010694 1 
5351 0.019550 1 
5353 0.020575 1 
5355 0.024296 1 
5356 0.032769 1 
5357 0.016582 1 
5358 0.010088 1 
5153 3.410112 0 
5154 3.394072 0 
5156 3.359662 0 
5157 3.342169 0 
5158 3.327028 0 
5159 3.310652 0 
5161 3.278172 0 
5162 3.261561 0 
5163 3.245631 0 
5164 3.230068 0 
5165 3.213384 0 
5166 3.197061 0 
5168 3.164373 0 
5169 3.147938 0 
5170 3.130815 0 
5171 3.114336 0 
5172 3.098497 0 
5173 3.078643 0 
5174 3.062937 0 
5175 3.046700 0 
5176 3.030345 0 
5178 2.997730 0 
5179 2.981723 0 
5180 2.965210 0 
5181 2.949077 0 
5182 2.932737 0 
5183 2.926509 0 
5184 2.910451 0 
5185 2.892419 0 
5186 2.876182 0 
5360 0.028665 1 
5361 0.017574 1 
5362 0.028715 1 
5363 0.012179 1 
5364 0.012732 1 
5365 0.019859 1 
5367 0.023231 1 
5368 0.016421 1 
5192 2.934471 0 
5193 2.918142 0 
5194 2.901643 0 
5195 2.885010 0 
5196 2.869585 0 
5197 2.853221 0 
5198 2.836896 0 
5199 2.818897 0 
5200 2.814364 0 
5201 2.797749 0 
5202 2.781416 0 
5203 2.764689 0 
5205 2.732605 0 
5206 2.716967 0 
5207 2.700041 0 
5208 2.683705 0 
5209 2.666357 0 
5210 2.651387 0 
5211 2.635117 0 
5212 2.618505 0 
5370 0.023093 1 
5371 0.012436 1 
5372 0.008199 1 
5373 0.024495 1 
5374 0.016217 1 
5375 0.009126 1 
5214 2.691036 0 
5215 2.674639 0 
5216 2.658189 0 
5217 2.642982 0 
5219 2.609505 0 
5221 2.576080 0 
5222 2.559721 0 
5223 2.543482 0 
5224 2.527371 0 
5227 2.477673 0 
5228 2.460738 0 
5229 2.441701 0 
5230 2.425598 0 
5231 2.409242 0 
5232 2.392850 0 
5233 2.376586 0 
5234 2.360418 0 
5235 2.341273 0 
5236 2.325178 0 
5237 2.308940 0 
5238 2.292629 0 
5377 0.032556 1 
5378 0.034805 1 
5379 0.018024 1 
5380 0.014854 1 
5381 0.025988 1 
5382 0.015078 1 
5383 0.012058 1 
5384 0.011053 1 
5385 0.029186 1 
5386 0.016952 1 
5387 0.010454 1 
5388 0.016184 1 
5389 0.012369 1 
5390 0.010893 1 
5391 0.013935 1 
5392 0.027637 1 
5393 0.018030 1 
5394 0.010933 1 
5395 0.011098 1 
5396 0.006413 1 
5397 0.010489 1 
5398 0.013226 1 
5399 0.009382 1 
5400 0.011422 1 
5401 0.012640 1 
5402 0.009938 1 
5404 0.039729 1 
5405 0.029516 1 
5406 0.013448 1 
5407 0.024640 1 
5408 0.016754 1 
5409 0.015147 1 
5410 0.016368 1 
5411 0.014743 1 
5413 0.028475 1 
5414 0.012188 1 
5415 0.009849 1 
5416 0.020047 1 
5418 0.010649 1 
5420 0.013442 1 
5421 0.018196 1 
5422 0.022593 1 
5423 0.026009 1 
5426 0.026242 1 
5427 0.017690 1 
5428 0.014292 1 
5429 0.055798 1 
5430 0.039627 1 
5431 0.023249 1 
5432 0.055785 1 
5433 0.039771 1 
5434 0.038043 1 
5435 0.040661 1 
5436 0.024421 1 
5437 0.017656 1 
5439 0.016464 1 
5441 0.026340 1 
5442 0.018682 1 
5443 0.012154 1 
5444 0.008174 1 
5445 0.013191 1 
5446 0.007677 1 
5447 0.008153 1 
5449 0.017054 1 
5450 0.012562 1 
5451 0.011270 1 
5452 0.007395 1 
5453 0.008327 1 
5454 0.012393 1 
5455 0.008457 1 
5456 0.010713 1 
5457 0.011972 1 
5458 0.011306 1 
5459 0.007220 1 
5460 0.023293 1 
5461 0.011174 1 
5462 0.020648 1 
5463 0.010856 1 
5465 0.037294 1 
5466 0.020102 1 
5467 0.019126 1 
5468 0.060339 1 
5469 0.044391 1 
5470 0.043226 1 
5471 0.050008 1 
5472 0.034091 1 
5473 0.017559 1 
5474 0.007182 1 
5476 0.072407 1 
5478 0.054728 1 
5479 0.038536 1 
5480 0.022323 1 
5481 0.017383 1 
5482 0.014789 1 
5483 0.010097 1 
5484 0.006641 1 
5486 0.010788 1 
5487 0.007064 1 
5488 0.010995 1 
5489 0.007451 1 
5491 0.023542 1 
5493 0.012946 1 
5494 0.006620 1 
5495 0.013034 1 
5497 0.029390 1 
5498 0.017896 1 
5499 0.015502 1 
5501 0.026390 1 
5502 0.014354 1 
5503 0.015402 1 
5504 0.017524 1 
5505 0.009918 1 
5506 0.012069 1 
5507 0.020933 1 
5508 0.009585 1 
5509 0.008102 1 
5510 0.024778 1 
5511 0.014291 1 
5512 0.012070 1 
5513 0.008369 1 
5514 0.009559 1 
5515 0.010665 1 
5516 0.027070 1 
5517 0.018075 1 
5518 0.011065 1 
5520 0.020059 1 
5521 0.012277 1 
5522 0.007125 1 
5523 0.012411 1 
5524 0.011126 1 
5525 0.011687 1 
5526 0.014135 1 
5528 0.008302 1 
5529 0.021290 1 
5530 0.014994 1 
5531 0.009663 1 
5532 0.019913 1 
5533 0.014913 1 
5534 0.010061 1 
5535 0.015815 1 
5536 0.006428 1 
5537 0.007843 1 
5538 0.010256 1 
5539 0.008025 1 
5541 0.031941 1 
5542 0.022957 1 
5543 0.009161 1 
5544 0.009020 1 
5545 0.012929 1 
5546 0.008768 1 
5547 0.006241 1 
5549 0.048886 1 
5550 0.032424 1 
5551 0.029716 1 
5552 0.015326 1 
5554 0.044289 1 
5555 0.027972 1 
5556 0.014619 1 
5557 0.013723 1 
5559 0.008915 1 
5560 0.017997 1 
5561 0.009802 1 
5562 0.007189 1 
5563 0.011900 1 
5564 0.014089 1 
5566 0.021140 1 
5567 0.013585 1 
5568 0.016064 1 
5569 0.010179 1 
5570 0.024240 1 
5571 0.010258 1 
5572 0.024136 1 
5573 0.013663 1 
5574 0.011887 1 
5576 0.013076 1 
5577 0.007561 1 
5578 0.017040 1 
5579 0.010528 1 
5580 0.007664 1 
5581 0.008001 1 
5582 0.022394 1 
5583 0.014184 1 
5584 0.011942 1 
5585 0.015341 1 
5586 0.011479 1 
5587 0.012163 1 
5588 0.017271 1 
5589 0.008567 1 
5590 0.008693 1 
5591 0.024621 1 
5592 0.025457 1 
5593 0.009172 1 
5594 0.016992 1 
5595 0.016990 1 
5596 0.010749 1 
5597 0.020014 1 
5598 0.021019 1 
5599 0.013379 1 
5600 0.055059 1 
5601 0.038680 1 
5603 0.026863 1 
5604 0.023341 1 
5605 0.013771 1 
5606 0.010057 1 
5607 0.016787 1 
5608 0.011518 1 
5609 0.008816 1 
5610 0.011751 1 
5612 0.022823 1 
5613 0.010661 1 
5614 0.007944 1 
5615 0.004384 1 
5617 0.010182 1 
5619 0.020813 1 
5620 0.020847 1 
5621 0.032305 1 
5622 0.024726 1 
5625 0.020388 1 
5626 0.016701 1 
5627 0.015256 1 
5628 0.037352 1 
5629 0.021561 1 
5630 0.016049 1 
5631 0.009093 1 
5632 0.009737 1 
5633 0.014326 1 
5634 0.006902 1 
5635 0.011889 1 
5636 0.007860 1 
5638 0.012952 1 
5640 0.010595 1 
5641 0.017609 1 
5642 0.012159 1 
5643 0.007449 1 
5644 0.014119 1 
5645 0.008621 1 
5646 0.013359 1 
5648 0.008531 1 
5649 0.012098 1 
5650 0.009990 1 
5651 0.009074 1 
5652 0.011067 1 
5653 0.011972 1 
5654 0.008973 1 
5655 0.007165 1 
5656 0.006960 1 
5657 0.018658 1 
5658 0.012697 1 
5659 0.008970 1 
5660 0.017101 1 
5661 0.008425 1 
5662 0.009099 1 
5664 0.019005 1 
5665 0.033663 1 
5666 0.019823 1 
5667 0.033341 1 
5668 0.038895 1 
5669 0.024818 1 
5670 0.032436 1 
5671 0.020838 1 
5672 0.031889 1 
5673 0.022072 1 
5675 0.020506 1 
5677 0.009510 1 
5678 0.015488 1 
5679 0.011665 1 
5680 0.006238 1 
5681 0.007584 1 
5682 0.012335 1 
5683 0.007086 1 
5685 0.026708 1 
5686 0.015451 1 
5687 0.010752 1 
5688 0.013568 1 
5690 0.025828 1 
5692 0.014107 1 
5693 0.005771 1 
5694 0.017813 1 
5696 0.014973 1 
5697 0.017797 1 
5698 0.010995 1 
5700 0.016796 1 
5701 0.013037 1 
5702 0.007757 1 
5703 0.017500 1 
5704 0.005578 1 
5705 0.008317 1 
5706 0.018426 1 
5707 0.011111 1 
5708 0.007187 1 
5709 0.007454 1 
5710 0.010560 1 
5711 0.009109 1 
5712 0.006608 1 
5713 0.012972 1 
5714 0.014248 1 
5715 0.011569 1 
5716 0.014245 1 
5717 0.011789 1 
5719 0.013893 1 
5720 0.008278 1 
5721 0.007362 1 
5722 0.010695 1 
5723 0.008372 1 
5724 0.011666 1 
5725 0.058846 1 
5727 0.026541 1 
5728 0.019411 1 
5729 0.016292 1 
5730 0.008325 1 
5731 0.008719 1 
5732 0.034600 1 
5733 0.018573 1 
5734 0.024195 1 
5735 0.015248 1 
5736 0.010137 1 
5737 0.006895 1 
5738 0.015760 1 
5740 0.025855 1 
5741 0.015818 1 
5742 0.009821 1 
5743 0.011157 1 
5744 0.011138 1 
5745 0.008249 1 
5746 0.007255 1 
5748 0.015712 1 
5749 0.008580 1 
5750 0.024909 1 
5751 0.028555 1 
5753 0.028160 1 
5754 0.011793 1 
5755 0.015523 1 
5756 0.018407 1 
5758 0.017342 1 
5759 0.025006 1 
5760 0.011015 1 
5761 0.006803 1 
5762 0.009742 1 
5763 0.015039 1 
5765 0.007626 1 
5766 0.017810 1 
5767 0.013922 1 
5768 0.006337 1 
5769 0.010045 1 
5770 0.008987 1 
5771 0.013779 1 
5772 0.019919 1 
5773 0.008065 1 
5775 0.015847 1 
5776 0.008859 1 
5777 0.008768 1 
5778 0.021087 1 
5779 0.018604 1 
5780 0.009630 1 
5781 0.008204 1 
5782 0.007470 1 
5783 0.012409 1 
5784 0.030476 1 
5785 0.029315 1 
5786 0.050123 1 
5787 0.033614 1 
5788 0.027896 1 
5789 0.013782 1 
5790 0.006711 1 
5791 0.019299 1 
5792 0.020723 1 
5793 0.010064 1 
5794 0.017698 1 
5795 0.008888 1 
5796 0.029771 1 
5797 0.016431 1 
5798 0.014913 1 
5799 0.033255 1 
5800 0.022033 1 
5802 0.013494 1 
5803 0.032948 1 
5804 0.017255 1 
5805 0.035536 1 
5806 0.033751 1 
5807 0.021404 1 
5808 0.022473 1 
5809 0.021980 1 
5811 0.020091 1 
5812 0.009113 1 
5813 0.005465 1 
5814 0.005724 1 
5816 0.019108 1 
5818 0.010092 1 
5819 0.028982 1 
5820 0.021355 1 
5821 0.028538 1 
5824 0.029117 1 
5825 0.021414 1 
5826 0.012439 1 
5827 0.057044 1 
5828 0.055715 1 
5829 0.039291 1 
5830 0.022696 1 
5831 0.039803 1 
5832 0.023609 1 
5833 0.015244 1 
5835 0.185723 1 
5837 0.153483 1 
5839 0.138035 1 
5840 0.122008 1 
5841 0.105849 1 
5842 0.089630 1 
5843 0.087161 1 
5847 0.020477 1 
5848 0.046693 1 
5849 0.028264 1 
5850 0.031625 1 
5851 0.018753 1 
5852 0.017756 1 
5853 0.022723 1 
5854 0.017311 1 
5855 0.009037 1 
5856 0.017924 1 
5857 0.009041 1 
5858 0.010265 1 
5859 0.029982 1 
5860 0.040493 1 
5861 0.041959 1 
5863 0.032156 1 
5864 0.027976 1 
5865 0.024613 1 
5866 0.028008 1 
5867 0.011803 1 
5868 0.028749 1 
5869 0.012801 1 
5870 0.010632 1 
5871 0.011285 1 
5872 0.016343 1 
5874 0.021587 1 
5876 0.009667 1 
5877 0.013346 1 
5878 0.012473 1 
5879 0.007642 1 
5880 0.008628 1 
5881 0.024129 1 
5882 0.011783 1 
5884 0.020309 1 
5885 0.010450 1 
5886 0.009738 1 
5887 0.008348 1 
5889 0.013578 1 
5891 0.012935 1 
5892 0.007411 1 
5893 0.018177 1 
5895 0.015935 1 
5896 0.026909 1 
5897 0.022429 1 
5899 0.013384 1 
5900 0.013456 1 
5901 0.011063 1 
5902 0.005757 1 
5903 0.011213 1 
5904 0.008458 1 
5905 0.010698 1 
5906 0.011289 1 
5907 0.009085 1 
5908 0.009957 1 
5909 0.019275 1 
5910 0.012854 1 
5911 0.010781 1 
5912 0.012215 1 
5913 0.008712 1 
5914 0.012711 1 
5915 0.014992 1 
5916 0.019979 1 
5918 0.016795 1 
5919 0.021876 1 
5920 0.013932 1 
5921 0.021123 1 
5922 0.016126 1 
5923 0.013159 1 
5924 0.008630 1 
5926 0.022533 1 
5927 0.017145 1 
5928 0.023226 1 
5929 0.008802 1 
5930 0.007824 1 
5931 0.012579 1 
5932 0.008460 1 
5933 0.010170 1 
5934 0.029946 1 
5935 0.013769 1 
5936 0.015029 1 
5937 0.011947 1 
5939 0.012741 1 
5940 0.020453 1 
5941 0.009830 1 
5942 0.011852 1 
5943 0.010823 1 
5944 0.007194 1 
5945 0.006565 1 
5947 0.012315 1 
5948 0.009139 1 
5949 0.009016 1 
5950 0.009150 1 
5952 0.008475 1 
5953 0.013998 1 
5954 0.008901 1 
5955 0.006058 1 
5957 0.011487 1 
5958 0.027498 1 
5959 0.014240 1 
5960 0.013915 1 
5961 0.014581 1 
5962 0.018195 1 
5964 0.012813 1 
5965 0.025256 1 
5966 0.017040 1 
5967 0.010068 1 
5968 0.008927 1 
5969 0.012194 1 
5970 0.012408 1 
5971 0.013370 1 
5972 0.012252 1 
5974 0.015957 1 
5975 0.011181 1 
5976 0.010195 1 
5977 0.008779 1 
5978 0.012335 1 
5979 0.011862 1 
5980 0.008049 1 
5981 0.017894 1 
5982 0.015691 1 
5983 0.010063 1 
5984 0.014360 1 
5985 0.007417 1 
5986 0.010787 1 
5987 0.012746 1 
5988 0.006934 1 
5989 0.013173 1 
5990 0.026973 1 
5991 0.022846 1 
5992 0.036862 1 
5993 0.023268 1 
5994 0.012579 1 
5995 0.010703 1 
5996 0.012094 1 
5997 0.015525 1 
5998 0.008823 1 
5999 0.008762 1 
6001 0.022897 1 
6002 0.025570 1 
6003 0.016437 1 
6004 0.008429 1 
6005 0.008158 1 
6006 0.010103 1 
6007 0.012924 1 
6008 0.007176 1 
6010 0.015215 1 
6011 0.011712 1 
6012 0.016315 1 
6013 0.005899 1 
6015 0.019005 1 
6017 0.014593 1 
6018 0.024251 1 
6019 0.020929 1 
6020 0.013818 1 
6023 0.013174 1 
6024 0.015037 1 
6025 0.016680 1 
6026 0.040076 1 
6027 0.037179 1 
6028 0.022450 1 
6029 0.013516 1 
6030 0.013159 1 
6031 0.017452 1 
6032 0.013900 1 
6033 0.008981 1 
6034 0.016090 1 
6036 0.011325 1 
6038 0.023007 1 
6039 0.011951 1 
6040 0.017961 1 
6041 0.012201 1 
6042 0.006409 1 
6043 0.018485 1 
6044 0.011508 1 
6046 0.030660 1 
6047 0.017643 1 
6048 0.009035 1 
6049 0.007034 1 
6050 0.017706 1 
6051 0.013459 1 
6052 0.008535 1 
6053 0.014161 1 
6054 0.008312 1 
6055 0.009586 1 
6056 0.013713 1 
6057 0.007098 1 
6058 0.008770 1 
6059 0.012424 1 
6060 0.009946 1 
6062 0.036829 1 
6063 0.021033 1 
6064 0.013511 1 
6065 0.016605 1 
6066 0.016181 1 
6067 0.009773 1 
6068 0.021751 1 
6069 0.012826 1 
6070 0.011348 1 
6071 0.019277 1 
6073 0.014710 1 
6075 0.009946 1 
6076 0.007284 1 
6077 0.058090 1 
6078 0.041733 1 
6079 0.040259 1 
6080 0.062250 1 
6081 0.045902 1 
6083 0.045967 1 
6084 0.029382 1 
6085 0.020439 1 
6086 0.031566 1 
6088 0.061574 1 
6090 0.028697 1 
6091 0.012982 1 
6092 0.012987 1 
6094 0.015744 1 
6095 0.016187 1 
6096 0.023318 1 
6098 0.009564 1 
6099 0.012394 1 
6100 0.014401 1 
6101 0.008417 1 
6102 0.022255 1 
6103 0.026444 1 
6104 0.013135 1 
6105 0.015268 1 
6106 0.013917 1 
6107 0.007686 1 
6108 0.013137 1 
6109 0.011423 1 
6110 0.012345 1 
6111 0.013320 1 
6112 0.014949 1 
6113 0.012522 1 
6114 0.042685 1 
6115 0.026329 1 
6117 0.012165 1 
6118 0.014766 1 
6119 0.011117 1 
6120 0.005855 1 
6121 0.020068 1 
6122 0.011302 1 
6123 0.010236 1 
6125 0.007632 1 
6126 0.007388 1 
6127 0.011904 1 
6128 0.023394 1 
6129 0.037668 1 
6130 0.024518 1 
6131 0.016456 1 
6132 0.007382 1 
6133 0.012738 1 
6134 0.012292 1 
6135 0.008513 1 
6136 0.008908 1 
6138 0.009699 1 
6139 0.017753 1 
6140 0.013241 1 
6141 0.011645 1 
6142 0.019843 1 
6143 0.011758 1 
6144 0.015025 1 
6146 0.023363 1 
6147 0.015116 1 
6148 0.015058 1 
6149 0.019028 1 
6151 0.011111 1 
6152 0.019847 1 
6153 0.012435 1 
6154 0.008499 1 
6156 0.011262 1 
6157 0.012551 1 
6158 0.014793 1 
6159 0.015021 1 
6160 0.014576 1 
6161 0.010493 1 
6163 0.010132 1 
6164 0.018640 1 
6165 0.015592 1 
6166 0.009716 1 
6167 0.007777 1 
6168 0.021197 1 
6169 0.018997 1 
6170 0.015301 1 
6171 0.012341 1 
6173 0.013344 1 
6174 0.017573 1 
6175 0.011067 1 
6176 0.007207 1 
6177 0.019934 1 
6178 0.012420 1 
6179 0.008782 1 
6180 0.013388 1 
6181 0.013912 1 
6182 0.007863 1 
6183 0.012069 1 
6184 0.009629 1 
6185 0.008478 1 
6186 0.006044 1 
6187 0.020338 1 
6188 0.010927 1 
6189 0.010745 1 
6190 0.016644 1 
6191 0.006116 1 
6192 0.006743 1 
6193 0.013437 1 
6194 0.009498 1 
6195 0.015942 1 
6196 0.038989 1 
6197 0.023010 1 
6198 0.015385 1 
6200 0.010115 1 
6201 0.012801 1 
6202 0.026710 1 
6203 0.010432 1 
6204 0.007225 1 
6205 0.007039 1 
6206 0.017072 1 
6207 0.009126 1 
6209 0.027790 1 
6210 0.015337 1 
6211 0.007762 1 
6212 0.012645 1 
6214 0.011531 1 
6216 0.014877 1 
6217 0.022720 1 
6218 0.022813 1 
6219 0.019074 1 
6222 0.022383 1 
6223 0.021876 1 
6224 0.023728 1 
6225 0.036869 1 
6226 0.030123 1 
6227 0.030915 1 
6228 0.015610 1 
6229 0.008656 1 
6230 0.008563 1 
6231 0.014881 1 
6232 0.015226 1 
6233 0.008232 1 
6235 0.025527 1 
6237 0.033414 1 
6238 0.025901 1 
6239 0.009428 1 
6240 0.018462 1 
6241 0.016366 1 
6242 0.012774 1 
6243 0.015545 1 
6245 0.011508 1 
6246 0.021847 1 
6247 0.011728 1 
6248 0.009365 1 
6249 0.006609 1 
6250 0.013491 1 
6251 0.006784 1 
6252 0.014784 1 
6253 0.010704 1 
6254 0.009825 1 
6255 0.007371 1 
6256 0.019038 1 
6257 0.012922 1 
6258 0.027936 1 
6259 0.017148 1 
6261 0.029310 1 
6262 0.021472 1 
6263 0.016193 1 
6264 0.008689 1 
6265 0.021139 1 
6266 0.014264 1 
6267 0.013736 1 
6268 0.013427 1 
6269 0.011357 1 
6270 0.011223 1 
6272 0.014519 1 
6274 0.019294 1 
6275 0.012597 1 
6276 0.007957 1 
6277 0.028203 1 
6278 0.012001 1 
6279 0.014423 1 
6280 0.009539 1 
6282 0.012137 1 
6283 0.025799 1 
6284 0.022860 1 
6285 0.020389 1 
6287 0.019771 1 
6289 0.030093 1 
6290 0.017037 1 
6291 0.008595 1 
6293 0.020809 1 
6294 0.013982 1 
6295 0.012447 1 
6297 0.009856 1 
6298 0.009633 1 
6299 0.011323 1 
6300 0.011501 1 
6301 0.008898 1 
6302 0.014287 1 
6303 0.012525 1 
6304 0.013893 1 
6305 0.021346 1 
6306 0.021513 1 
6307 0.025339 1 
6308 0.021496 1 
6309 0.011974 1 
6310 0.014257 1 
6311 0.028161 1 
6312 0.018016 1 
6313 0.011382 1 
6314 0.013987 1 
6316 0.010069 1 
6317 0.009153 1 
6318 0.019337 1 
6319 0.011813 1 
6320 0.034377 1 
6321 0.027786 1 
6322 0.016410 1 
6324 0.007921 1 
6325 0.011081 1 
6326 0.008042 1 
6327 0.015545 1 
6328 0.008220 1 
6329 0.010837 1 
6330 0.017798 1 
6331 0.011592 1 
6332 0.006221 1 
6333 0.011653 1 
6334 0.010137 1 
6335 0.008575 1 
6337 0.012459 1 
6338 0.010913 1 
6339 0.008356 1 
6340 0.017767 1 
6341 0.007833 1 
6342 0.007190 1 
6343 0.015502 1 
6345 0.018723 1 
6346 0.029581 1 
6347 0.027402 1 
6348 0.015526 1 
6350 0.013568 1 
6351 0.013556 1 
6352 0.021259 1 
6353 0.009534 1 
6355 0.027626 1 
6356 0.013290 1 
6357 0.014165 1 
6358 0.013696 1 
6359 0.014590 1 
6360 0.010646 1 
6362 0.016366 1 
6363 0.012663 1 
6364 0.017987 1 
6365 0.015685 1 
6366 0.009087 1 
6367 0.013191 1 
6368 0.020519 1 
6369 0.010840 1 
6370 0.010408 1 
6372 0.013842 1 
6373 0.018227 1 
6374 0.022156 1 
6375 0.015744 1 
6376 0.010351 1 
6377 0.023941 1 
6378 0.009073 1 
6379 0.011230 1 
6380 0.017641 1 
6381 0.010233 1 
6382 0.009110 1 
6383 0.026547 1 
6384 0.009643 1 
6385 0.010923 1 
6386 0.009647 1 
6387 0.012392 1 
6388 0.009062 1 
6389 0.024751 1 
6390 0.013669 1 
6391 0.010915 1 
6392 0.009457 1 
6393 0.015224 1 
6394 0.008886 1 
6395 0.006305 1 
6396 0.017310 1 
6397 0.009800 1 
6399 0.035268 1 
6400 0.027801 1 
6401 0.031664 1 
6402 0.020253 1 
6403 0.011043 1 
6404 0.010442 1 
6405 0.007583 1 
6406 0.011638 1 
6408 0.030198 1 
6409 0.024133 1 
6410 0.008054 1 
6411 0.005188 1 
6413 0.009955 1 
6415 0.014077 1 
6416 0.015861 1 
6417 0.014754 1 
6418 0.014960 1 
6421 0.018855 1 
6422 0.015175 1 
6423 0.019434 1 
6424 0.029902 1 
6425 0.017692 1 
6426 0.012547 1 
6427 0.014307 1 
6428 0.011243 1 
6429 0.017060 1 
6430 0.026689 1 
6431 0.016754 1 
6432 0.010970 1 
6434 0.011392 1 
6436 0.020987 1 
6437 0.008076 1 
6438 0.010908 1 
6439 0.016127 1 
6440 0.017719 1 
6441 0.014042 1 
6442 0.008304 1 
6444 0.012328 1 
6445 0.027652 1 
6446 0.023011 1 
6447 0.009926 1 
6448 0.010246 1 
6449 0.021312 1 
6450 0.013906 1 
6451 0.010200 1 
6452 0.015827 1 
6453 0.014098 1 
6454 0.008955 1 
6455 0.026562 1 
6456 0.016641 1 
6457 0.009114 1 
6458 0.023360 1 
6460 0.041506 1 
6461 0.028607 1 
6462 0.015576 1 
6463 0.014118 1 
6464 0.018485 1 
6465 0.022320 1 
6466 0.012570 1 
6467 0.008396 1 
6468 0.016186 1 
6469 0.007198 1 
6471 0.026639 1 
6473 0.014195 1 
6474 0.013241 1 
6475 0.011557 1 
6476 0.014355 1 
6477 0.018143 1 
6478 0.015306 1 
6479 0.010146 1 
6481 0.014751 1 
6482 0.011347 1 
6483 0.082164 1 
6484 0.066396 1 
6486 0.043193 1 
6488 0.019376 1 
6489 0.038180 1 
6490 0.034621 1 
6492 0.030031 1 
6493 0.033827 1 
6494 0.017260 1 
6496 0.019633 1 
6497 0.011262 1 
6498 0.009017 1 
6499 0.045699 1 
6500 0.029887 1 
6501 0.031948 1 
6502 0.025522 1 
6503 0.013528 1 
6504 0.022028 1 
6505 0.014922 1 
6506 0.009382 1 
6507 0.009903 1 
6508 0.016372 1 
6509 0.008325 1 
6510 0.013171 1 
6511 0.019491 1 
6512 0.012079 1 
6513 0.007154 1 
6515 0.019714 1 
6516 0.010120 1 
6517 0.015445 1 
6518 0.013898 1 
6519 0.012341 1 
6520 0.014459 1 
6521 0.018360 1 
6523 0.010918 1 
6524 0.017843 1 
6525 0.016276 1 
6526 0.009298 1 
6527 0.017411 1 
6528 0.011584 1 
6529 0.014669 1 
6530 0.016169 1 
6531 0.010845 1 
6532 0.015183 1 
6533 0.022419 1 
6534 0.016051 1 
6536 0.019858 1 
6537 0.022513 1 
6538 0.012865 1 
6539 0.049747 1 
6540 0.033062 1 
6541 0.020132 1 
6542 0.014548 1 
6544 0.010928 1 
6545 0.014392 1 
6546 0.017088 1 
6547 0.017727 1 
6549 0.019689 1 
6550 0.010475 1 
6551 0.034096 1 
6552 0.024420 1 
6554 0.017349 1 
6555 0.026680 1 
6556 0.012310 1 
6557 0.033322 1 
6558 0.027079 1 
6559 0.010752 1 
6561 0.023547 1 
6562 0.020718 1 
6563 0.018408 1 
6564 0.012993 1 
6565 0.009939 1 
6566 0.013237 1 
6567 0.013778 1 
6568 0.017329 1 
6569 0.011862 1 
6571 0.013880 1 
6572 0.011543 1 
6573 0.012205 1 
6574 0.016154 1 
6575 0.014213 1 
6576 0.010349 1 
6577 0.016435 1 
6578 0.009026 1 
6579 0.020268 1 
6580 0.019986 1 
6581 0.013644 1 
6582 0.007176 1 
6583 0.015658 1 
6584 0.014406 1 
6585 0.010612 1 
6586 0.008765 1 
6587 0.012803 1 
6588 0.006846 1 
6589 0.026186 1 
6590 0.013944 1 
6591 0.007969 1 
6592 0.019032 1 
6593 0.009073 1 
6594 0.013298 1 
6595 0.016652 1 
6596 0.014202 1 
6598 0.008932 1 
6599 0.018416 1 
6600 0.008902 1 
6601 0.005705 1 
6602 0.037522 1 
6603 0.032761 1 
6604 0.016257 1 
6605 0.014621 1 
6607 0.033203 1 
6608 0.039229 1 
6609 0.023192 1 
6610 0.007035 1 
6612 0.008147 1 
6614 0.024715 1 
6615 0.030901 1 
6616 0.033756 1 
6617 0.021099 1 
6620 0.037040 1 
6621 0.021302 1 
6622 0.023477 1 
6623 0.031806 1 
6624 0.025304 1 
6625 0.015290 1 
6626 0.023148 1 
6627 0.011733 1 
6628 0.009748 1 
6629 0.014756 1 
6630 0.023667 1 
6631 0.014051 1 
6633 0.014448 1 
6635 0.027527 1 
6636 0.018912 1 
6637 0.011561 1 
6638 0.008715 1 
6639 0.024726 1 
6640 0.018146 1 
6641 0.009458 1 
6643 0.015100 1 
6644 0.013197 1 
6645 0.013608 1 
6646 0.012070 1 
6647 0.014731 1 
6648 0.024047 1 
6649 0.010895 1 
6650 0.013366 1 
6651 0.011390 1 
6652 0.015467 1 
6653 0.009198 1 
6654 0.008094 1 
6655 0.012111 1 
6656 0.006608 1 
6657 0.015575 1 
6659 0.019047 1 
6660 0.031035 1 
6661 0.015759 1 
6662 0.016326 1 
6663 0.017774 1 
6664 0.024742 1 
6665 0.019530 1 
6666 0.009707 1 
6667 0.012801 1 
6668 0.012309 1 
6670 0.022226 1 
6672 0.008637 1 
6673 0.014772 1 
6674 0.017077 1 
6675 0.009599 1 
6676 0.020430 1 
6677 0.011074 1 
6678 0.020234 1 
6680 0.022329 1 
6681 0.011692 1 
6682 0.020348 1 
6683 0.013067 1 
6685 0.027759 1 
6687 0.065942 1 
6688 0.049941 1 
6689 0.041585 1 
6691 0.014182 1 
6692 0.018447 1 
6693 0.009232 1 
6695 0.040612 1 
6696 0.038228 1 
6697 0.022109 1 
6698 0.022433 1 
6699 0.018394 1 
6700 0.014517 1 
6701 0.036298 1 
6702 0.019834 1 
6703 0.022659 1 
6704 0.027659 1 
6705 0.012822 1 
6706 0.011296 1 
6707 0.021200 1 
6708 0.012791 1 
6709 0.010354 1 
6710 0.029773 1 
6711 0.013223 1 
6712 0.009120 1 
6714 0.017254 1 
6715 0.011255 1 
6716 0.008029 1 
6717 0.011655 1 
6718 0.012752 1 
6719 0.011868 1 
6720 0.013225 1 
6722 0.007653 1 
6723 0.016489 1 
6724 0.009206 1 
6725 0.007416 1 
6726 0.020184 1 
6727 0.018001 1 
6728 0.007403 1 
6729 0.007732 1 
6730 0.006147 1 
6731 0.007742 1 
6732 0.012330 1 
6733 0.011239 1 
6735 0.009377 1 
6736 0.012923 1 
6737 0.008725 1 
6738 0.009882 1 
6739 0.014277 1 
6740 0.012000 1 
6741 0.007058 1 
6743 0.013214 1 
6744 0.008147 1 
6745 0.013655 1 
6746 0.017595 1 
6748 0.008358 1 
6749 0.008002 1 
6750 0.012797 1 
6751 0.015639 1 
6753 0.010996 1 
6754 0.027027 1 
6755 0.016715 1 
6756 0.007484 1 
6757 0.015661 1 
6758 0.011075 1 
6760 0.010193 1 
6761 0.018881 1 
6762 0.018814 1 
6763 0.008329 1 
6764 0.020177 1 
6765 0.011928 1 
6766 0.010041 1 
6767 0.014021 1 
6768 0.008794 1 
6770 0.031977 1 
6771 0.024702 1 
6772 0.013081 1 
6773 0.016222 1 
6774 0.011899 1 
6775 0.009847 1 
6776 0.017990 1 
6777 0.009574 1 
6778 0.014331 1 
6779 0.017415 1 
6780 0.010867 1 
6781 0.012168 1 
6782 0.021986 1 
6783 0.013794 1 
6784 0.007961 1 
6785 0.009229 1 
6786 0.014452 1 
6787 0.010159 1 
6788 0.008607 1 
6789 0.014582 1 
6790 0.014114 1 
6791 0.008559 1 
6792 0.011703 1 
6793 0.014888 1 
6794 0.010819 1 
6795 0.025527 1 
6797 0.010579 1 
6798 0.032653 1 
6799 0.018020 1 
6800 0.007734 1 
6801 0.014888 1 
6802 0.010067 1 
6803 0.010576 1 
6804 0.006608 1 
6806 0.035332 1 
6807 0.021109 1 
6808 0.014893 1 
6809 0.009123 1 
6811 0.017295 1 
6813 0.026760 1 
6814 0.018597 1 
6815 0.020241 1 
6816 0.017528 1 
6819 0.032077 1 
6820 0.023840 1 
6821 0.014684 1 
6822 0.046788 1 
6823 0.030424 1 
6824 0.014058 1 
6825 0.013399 1 
6826 0.013794 1 
6827 0.011827 1 
6828 0.017891 1 
6829 0.011356 1 
6830 0.010124 1 
6832 0.023071 1 
6834 0.015705 1 
6835 0.007921 1 
6836 0.013483 1 
6837 0.012928 1 
6838 0.008515 1 
6839 0.015787 1 
6840 0.009721 1 
6842 0.012926 1 
6843 0.022938 1 
6844 0.027409 1 
6845 0.015619 1 
6846 0.011833 1 
6847 0.011911 1 
6848 0.015830 1 
6849 0.007427 1 
6850 0.009062 1 
6851 0.031364 1 
6852 0.018401 1 
6853 0.027104 1 
6854 0.018693 1 
6855 0.011021 1 
6856 0.007590 1 
6858 0.014668 1 
6859 0.047115 1 
6860 0.031037 1 
6861 0.014763 1 
6862 0.009515 1 
6863 0.024603 1 
6864 0.009576 1 
6865 0.007900 1 
6866 0.016653 1 
6867 0.009763 1 
6869 0.023263 1 
6871 0.007491 1 
6872 0.012497 1 
6873 0.011871 1 
6874 0.009991 1 
6875 0.016546 1 
6876 0.027214 1 
6877 0.010595 1 
6879 0.014446 1 
6880 0.021673 1 
6881 0.012892 1 
6882 0.012388 1 
6884 0.014736 1 
6886 0.020722 1 
6887 0.034786 1 
6888 0.018637 1 
6890 0.017050 1 
6891 0.014653 1 
6892 0.016562 1 
6894 0.027707 1 
6895 0.011708 1 
6896 0.007063 1 
6897 0.010639 1 
6898 0.012103 1 
6899 0.012827 1 
6900 0.027623 1 
6901 0.011476 1 
6902 0.012090 1 
6903 0.009547 1 
6904 0.026657 1 
6905 0.014579 1 
6906 0.015034 1 
6907 0.017026 1 
6908 0.008946 1 
6909 0.012729 1 
6910 0.020531 1 
6911 0.014889 1 
6913 0.029719 1 
6914 0.016145 1 
6915 0.007843 1 
6916 0.009462 1 
6917 0.013693 1 
6918 0.015922 1 
6919 0.020296 1 
6921 0.012185 1 
6922 0.012424 1 
6923 0.018590 1 
6924 0.007210 1 
6925 0.007443 1 
6926 0.016860 1 
6927 0.007921 1 
6928 0.008516 1 
6929 0.012960 1 
6930 0.008243 1 
6931 0.009244 1 
6932 0.015789 1 
6934 0.010626 1 
6935 0.022118 1 
6936 0.008694 1 
6937 0.013590 1 
6938 0.023279 1 
6939 0.008989 1 
6940 0.010863 1 
6942 0.026427 1 
6943 0.010221 1 
6944 0.016071 1 
6945 0.011592 1 
6947 0.007844 1 
6948 0.008242 1 
6949 0.012530 1 
6950 0.019659 1 
6952 0.016815 1 
6953 0.026146 1 
6954 0.015610 1 
6955 0.009731 1 
6956 0.056375 1 
6957 0.042874 1 
6959 0.029289 1 
6960 0.026347 1 
6961 0.024389 1 
6962 0.008380 1 
6963 0.024984 1 
6964 0.011089 1 
6965 0.011086 1 
6966 0.025094 1 
6967 0.008521 1 
6969 0.019415 1 
6970 0.020373 1 
6971 0.013615 1 
6972 0.006279 1 
6973 0.024085 1 
6974 0.009394 1 
6975 0.014485 1 
6976 0.010687 1 
6977 0.010570 1 
6978 0.017134 1 
6979 0.012296 1 
6980 0.010029 1 
6981 0.017540 1 
6982 0.010382 1 
6983 0.014526 1 
6984 0.014107 1 
6985 0.024035 1 
6986 0.012836 1 
6987 0.011597 1 
6988 0.023656 1 
6989 0.023567 1 
6990 0.020426 1 
6991 0.018700 1 
6992 0.012727 1 
6993 0.006853 1 
6994 0.015900 1 
6996 0.016644 1 
6997 0.014625 1 
6998 0.015735 1 
6999 0.008053 1 
7000 0.025242 1 
7001 0.014224 1 
7002 0.009913 1 
7003 0.020015 1 
7005 0.020123 1 
7006 0.009322 1 
7007 0.007651 1 
7008 0.005865 1 
7010 0.018526 1 
7012 0.033977 1 
7013 0.036597 1 
7014 0.020208 1 
7015 0.013360 1 
7018 0.035573 1 
7019 0.025438 1 
7020 0.020306 1 
7021 0.045361 1 
7022 0.029221 1 
7023 0.015990 1 
7024 0.009040 1 
7025 0.023175 1 
7026 0.014172 1 
7027 0.012352 1 
7028 0.011122 1 
7029 0.009886 1 
7031 0.035985 1 
7033 0.017933 1 
7034 0.011948 1 
7035 0.018012 1 
7036 0.012081 1 
7037 0.017281 1 
7038 0.020066 1 
7039 0.011198 1 
7041 0.030083 1 
7042 0.014229 1 
7043 0.010615 1 
7044 0.016895 1 
7045 0.008777 1 
7046 0.009806 1 
7047 0.013776 1 
7048 0.008833 1 
7049 0.009362 1 
7050 0.028143 1 
7051 0.014932 1 
7052 0.011111 1 
7053 0.021906 1 
7054 0.007907 1 
7055 0.012982 1 
7057 0.030002 1 
7058 0.025033 1 
7059 0.022918 1 
7060 0.023011 1 
7061 0.016391 1 
7062 0.025165 1 
7063 0.017318 1 
7064 0.014952 1 
7065 0.011599 1 
7066 0.017250 1 
7068 0.031986 1 
7070 0.029205 1 
7071 0.016292 1 
7072 0.014551 1 
7073 0.008425 1 
7074 0.007435 1 
7075 0.016463 1 
7076 0.012426 1 
7078 0.021532 1 
7079 0.008217 1 
7080 0.008546 1 
7081 0.015607 1 
7083 0.018528 1 
7085 0.020831 1 
7086 0.016488 1 
7087 0.028458 1 
7089 0.017243 1 
7090 0.015590 1 
7091 0.018976 1 
7093 0.010089 1 
7094 0.009692 1 
7095 0.011468 1 
7096 0.009564 1 
7097 0.016058 1 
7098 0.011172 1 
7099 0.028376 1 
7100 0.016704 1 
7101 0.012521 1 
7102 0.009314 1 
7103 0.013903 1 
7104 0.007910 1 
7105 0.010767 1 
7106 0.009428 1 
7107 0.016126 1 
7108 0.014945 1 
7109 0.020410 1 
7110 0.011634 1 
7112 0.017125 1 
7113 0.009656 1 
7114 0.010268 1 
7115 0.006174 1 
7116 0.009330 1 
7117 0.011424 1 
7118 0.018947 1 
7120 0.007199 1 
7121 0.007851 1 
7122 0.013112 1 
7123 0.008925 1 
7124 0.013546 1 
7125 0.015465 1 
7126 0.013023 1 
7127 0.010809 1 
7128 0.017428 1 
7129 0.010751 1 
7130 0.011110 1 
7131 0.017401 1 
7133 0.009440 1 
7134 0.023531 1 
7135 0.016551 1 
7136 0.015006 1 
7137 0.038915 1 
7138 0.022401 1 
7139 0.021374 1 
7141 0.014748 1 
7142 0.011264 1 
7143 0.019006 1 
7144 0.020462 1 
7146 0.028313 1 
7147 0.012402 1 
7148 0.007419 1 
7149 0.017055 1 
7151 0.011276 1 
7152 0.010215 1 
7153 0.014450 1 
7154 0.011274 1 
7155 0.012326 1 
7156 0.011107 1 
7158 0.009369 1 
7159 0.015112 1 
7160 0.012856 1 
7161 0.007707 1 
7162 0.021677 1 
7163 0.018060 1 
7164 0.018100 1 
7165 0.010267 1 
7166 0.012759 1 
7168 0.023662 1 
7169 0.014479 1 
7170 0.050018 1 
7171 0.033515 1 
7172 0.033271 1 
7173 0.021323 1 
7174 0.015690 1 
7175 0.017649 1 
7176 0.011757 1 
7177 0.007151 1 
7178 0.019814 1 
7179 0.012333 1 
7180 0.008540 1 
7181 0.026328 1 
7182 0.015399 1 
7183 0.015326 1 
7184 0.014172 1 
7185 0.011535 1 
7186 0.007442 1 
7187 0.023435 1 
7188 0.029551 1 
7189 0.013034 1 
7190 0.010776 1 
7191 0.020240 1 
7192 0.016400 1 
7193 0.013136 1 
7195 0.017231 1 
7196 0.011545 1 
7197 0.010923 1 
7198 0.007217 1 
7199 0.008722 1 
7200 0.017996 1 
7201 0.013713 1 
7202 0.008948 1 
7204 0.025045 1 
7205 0.011574 1 
7206 0.010603 1 
7207 0.009381 1 
7209 0.005789 1 
7211 0.010411 1 
7212 0.024159 1 
7213 0.028632 1 
7214 0.021122 1 
7217 0.039511 1 
7218 0.034162 1 
7219 0.022138 1 
7220 0.033175 1 
7221 0.023053 1 
7222 0.018434 1 
7223 0.007934 1 
7224 0.017651 1 
7225 0.014452 1 
7226 0.018713 1 
7227 0.011345 1 
7228 0.017273 1 
7230 0.020666 1 
7232 0.014417 1 
7233 0.007221 1 
7234 0.018184 1 
7235 0.018040 1 
7236 0.013768 1 
7237 0.020586 1 
7238 0.009022 1 
7240 0.021467 1 
7241 0.034437 1 
7242 0.018370 1 
7243 0.014928 1 
7244 0.014343 1 
7245 0.019546 1 
7246 0.012437 1 
7247 0.018069 1 
7248 0.009260 1 
7249 0.020707 1 
7250 0.017601 1 
7251 0.012812 1 
7252 0.010304 1 
7253 0.028190 1 
7254 0.011268 1 
7256 0.032530 1 
7257 0.027179 1 
7258 0.017632 1 
7259 0.013067 1 
7260 0.025793 1 
7261 0.046843 1 
7262 0.030843 1 
7263 0.020129 1 
7264 0.019083 1 
7265 0.011255 1 
7267 0.018064 1 
7269 0.020465 1 
7270 0.009893 1 
7271 0.012469 1 
7272 0.011322 1 
7273 0.007370 1 
7274 0.028527 1 
7275 0.017916 1 
7277 0.011983 1 
7278 0.013298 1 
7279 0.013784 1 
7280 0.006853 1 
7282 0.032120 1 
7284 0.015061 1 
7285 0.008862 1 
7286 0.012920 1 
7288 0.015975 1 
7289 0.008667 1 
7290 0.012081 1 
7292 0.010921 1 
7293 0.021980 1 
7294 0.011717 1 
7295 0.007657 1 
7296 0.053494 1 
7297 0.037138 1 
7298 0.059053 1 
7299 0.043009 1 
7300 0.026134 1 
7301 0.024506 1 
7302 0.054976 1 
7303 0.046195 1 
7304 0.044253 1 
7305 0.027692 1 
7306 0.019798 1 
7307 0.016541 1 
7308 0.012071 1 
7309 0.014863 1 
7311 0.025168 1 
7312 0.024850 1 
7313 0.018112 1 
7314 0.007028 1 
7315 0.028701 1 
7316 0.017642 1 
7317 0.009726 1 
7319 0.031384 1 
7320 0.015431 1 
7321 0.021168 1 
7322 0.006213 1 
7323 0.015038 1 
7324 0.015372 1 
7325 0.012575 1 
7326 0.016165 1 
7327 0.010185 1 
7328 0.013640 1 
7329 0.010137 1 
7330 0.019254 1 
7332 0.012790 1 
7333 0.013100 1 
7334 0.010698 1 
7335 0.012310 1 
7336 0.005877 1 
7337 0.014706 1 
7338 0.016928 1 
7340 0.008744 1 
7341 0.007878 1 
7342 0.011358 1 
7343 0.021627 1 
7345 0.011983 1 
7346 0.010611 1 
7347 0.019489 1 
7348 0.014237 1 
7350 0.013734 1 
7351 0.013016 1 
7352 0.017051 1 
7353 0.014280 1 
7354 0.011680 1 
7355 0.014587 1 
7357 0.016343 1 
7358 0.014750 1 
7359 0.017735 1 
7360 0.007634 1 
7361 0.013281 1 
7362 0.016904 1 
7363 0.010557 1 
7364 0.012105 1 
7365 0.013145 1 
7367 0.016597 1 
7368 0.026163 1 
7369 0.009485 1 
7370 0.006829 1 
7371 0.010401 1 
7372 0.006423 1 
7373 0.006472 1 
7374 0.028644 1 
7375 0.015292 1 
7376 0.009731 1 
7377 0.008283 1 
7378 0.011906 1 
7379 0.009135 1 
7380 0.013400 1 
7381 0.015827 1 
7382 0.007865 1 
7383 0.007864 1 
7384 0.011220 1 
7385 0.007242 1 
7386 0.006505 1 
7387 0.016795 1 
7388 0.012092 1 
7389 0.009452 1 
7390 0.017248 1 
7391 0.013982 1 
7392 0.007647 1 
7394 0.013904 1 
7395 0.010892 1 
7396 0.007602 1 
7397 0.010376 1 
7398 0.013030 1 
7399 0.023422 1 
7400 0.015550 1 
7401 0.006148 1 
7403 0.016752 1 
7404 0.008238 1 
7405 0.011199 1 
7406 0.011026 1 
7408 0.007068 1 
7410 0.019547 1 
7411 0.020301 1 
7412 0.018931 1 
7413 0.013663 1 
7416 0.015190 1 
7417 0.022812 1 
7418 0.080058 1 
7419 0.063917 1 
7420 0.047446 1 
7421 0.045298 1 
7422 0.036782 1 
7423 0.019988 1 
7424 0.029644 1 
7425 0.012731 1 
7426 0.010273 1 
7427 0.011889 1 
7429 0.017548 1 
7431 0.022782 1 
7432 0.010468 1 
7433 0.010539 1 
7434 0.034136 1 
7435 0.015152 1 
7436 0.034481 1 
7437 0.018225 1 
7439 0.012057 1 
7440 0.015294 1 
7441 0.013022 1 
7442 0.009656 1 
7443 0.016016 1 
7444 0.015984 1 
7445 0.011373 1 
7446 0.019893 1 
7447 0.015908 1 
7448 0.018019 1 
7449 0.019815 1 
7450 0.013375 1 
7451 0.009408 1 
7452 0.011335 1 
7453 0.013121 1 
7455 0.031635 1 
7456 0.025990 1 
7457 0.015939 1 
7458 0.027541 1 
7459 0.011429 1 
7460 0.017814 1 
7461 0.025418 1 
7462 0.012060 1 
7463 0.012538 1 
7464 0.029842 1 
7466 0.030677 1 
7468 0.013268 1 
7469 0.007617 1 
7470 0.007790 1 
7471 0.015466 1 
7472 0.008157 1 
7473 0.010355 1 
7474 0.031520 1 
7476 0.011515 1 
7477 0.007363 1 
7478 0.010723 1 
7479 0.008801 1 
7481 0.020294 1 
7483 0.010988 1 
7484 0.012973 1 
7485 0.006926 1 
7487 0.019963 1 
7488 0.011006 1 
7489 0.027293 1 
7491 0.013610 1 
7492 0.014767 1 
7493 0.011630 1 
7494 0.008239 1 
7495 0.008943 1 
7496 0.023907 1 
7497 0.014224 1 
7498 0.009755 1 
7499 0.019139 1 
7500 0.010983 1 
7501 0.009849 1 
7502 0.010069 1 
7503 0.008819 1 
7504 0.010829 1 
7505 0.026394 1 
7506 0.017674 1 
7507 0.011144 1 
7508 0.021616 1 
7510 0.037284 1 
7511 0.020953 1 
7512 0.017613 1 
7513 0.011964 1 
7514 0.016043 1 
7515 0.021316 1 
7516 0.009499 1 
7518 0.012761 1 
7519 0.006744 1 
7520 0.012210 1 
7521 0.011640 1 
7522 0.007149 1 
7523 0.029607 1 
7524 0.013328 1 
7525 0.015604 1 
7526 0.016105 1 
7527 0.016127 1 
7528 0.013521 1 
7529 0.015672 1 
7531 0.014041 1 
7532 0.013389 1 
7533 0.021128 1 
7534 0.020926 1 
7535 0.011858 1 
7536 0.027824 1 
7537 0.015285 1 
7539 0.007552 1 
7540 0.022199 1 
7541 0.017460 1 
7542 0.019695 1 
7544 0.012069 1 
7545 0.008868 1 
7546 0.024898 1 
7547 0.015199 1 
7549 0.028744 1 
7550 0.020561 1 
7551 0.015184 1 
7552 0.017501 1 
7553 0.154732 1 
7554 0.176615 1 
7556 0.144350 1 
7557 0.161299 1 
7558 0.158320 1 
7559 0.141609 1 
7560 0.125351 1 
7561 0.142460 1 
7562 0.126311 1 
7563 0.109861 1 
7564 0.113434 1 
7566 0.079895 1 
7567 0.062708 1 
7568 0.046073 1 
7569 0.039594 1 
7570 0.027278 1 
7571 0.015037 1 
7572 0.013112 1 
7573 0.019986 1 
7574 0.012760 1 
7575 0.009173 1 
7576 0.013465 1 
7577 0.013439 1 
7578 0.010440 1 
7579 0.016986 1 
7580 0.008985 1 
7581 0.016189 1 
7582 0.025031 1 
7583 0.011353 1 
7584 0.007276 1 
7585 0.022288 1 
7586 0.014696 1 
7587 0.008236 1 
7588 0.014293 1 
7589 0.009384 1 
7590 0.010799 1 
7591 0.015015 1 
7593 0.010395 1 
7594 0.017231 1 
7595 0.024852 1 
7596 0.013667 1 
7597 0.018832 1 
7598 0.010440 1 
7599 0.009201 1 
7600 0.010525 1 
7602 0.037851 1 
7603 0.020198 1 
7604 0.011385 1 
7605 0.008437 1 
7607 0.013543 1 
7609 0.020719 1 
7610 0.034772 1 
7611 0.036593 1 
7612 0.021015 1 
7615 0.018614 1 
7616 0.010819 1 
7617 0.013398 1 
7618 0.027463 1 
7619 0.043223 1 
7620 0.033716 1 
7621 0.023622 1 
7622 0.010870 1 
7623 0.008235 1 
7624 0.031267 1 
7625 0.018041 1 
7626 0.011005 1 
7628 0.018373 1 
7630 0.014660 1 
7631 0.010821 1 
7632 0.008355 1 
7633 0.019561 1 
7634 0.015503 1 
7635 0.012270 1 
7636 0.007688 1 
7638 0.025044 1 
7639 0.023678 1 
7640 0.021221 1 
7641 0.016886 1 
7642 0.008525 1 
7643 0.021049 1 
7644 0.011788 1 
7645 0.012115 1 
7646 0.011262 1 
7647 0.013174 1 
7648 0.020216 1 
7649 0.017186 1 
7650 0.009277 1 
7651 0.008881 1 
7652 0.015316 1 
7654 0.036322 1 
7655 0.036598 1 
7656 0.021653 1 
7657 0.014880 1 
7658 0.027206 1 
7659 0.030650 1 
7660 0.014790 1 
7661 0.020668 1 
7662 0.010113 1 
7663 0.019272 1 
7665 0.033069 1 
7667 0.014808 1 
7668 0.015951 1 
7669 0.013834 1 
7670 0.023043 1 
7671 0.013657 1 
7672 0.012798 1 
7673 0.006796 1 
7675 0.015380 1 
7676 0.011086 1 
7677 0.017455 1 
7678 0.013376 1 
7680 0.026389 1 
7682 0.032622 1 
7683 0.021322 1 
7684 0.008608 1 
7686 0.025437 1 
7687 0.014259 1 
7688 0.010180 1 
7690 0.010277 1 
7691 0.008765 1 
7692 0.008814 1 
7693 0.008929 1 
7694 0.011262 1 
7695 0.012245 1 
7696 0.014985 1 
7697 0.013818 1 
7698 0.010043 1 
7699 0.011965 1 
7700 0.009233 1 
7701 0.010834 1 
7702 0.017777 1 
7703 0.009572 1 
7704 0.013664 1 
7705 0.021403 1 
7706 0.014598 1 
7707 0.014209 1 
7709 0.020125 1 
7710 0.011487 1 
7711 0.014937 1 
7712 0.013528 1 
7713 0.013834 1 
7714 0.023023 1 
7715 0.026057 1 
7717 0.018492 1 
7718 0.017622 1 
7719 0.008122 1 
7720 0.020844 1 
7721 0.011817 1 
7722 0.024178 1 
7723 0.020054 1 
7724 0.018847 1 
7725 0.014513 1 
7726 0.016256 1 
7727 0.015492 1 
7728 0.012089 1 
7730 0.017695 1 
7731 0.012159 1 
7732 0.024757 1 
7733 0.016281 1 
7734 0.017017 1 
7735 0.012775 1 
7736 0.016118 1 
7738 0.020079 1 
7739 0.017550 1 
7740 0.012269 1 
7741 0.013366 1 
7743 0.012774 1 
7744 0.066667 1 
7745 0.050622 1 
7746 0.037800 1 
7748 0.041114 1 
7749 0.023958 1 
7750 0.022060 1 
7751 0.018838 1 
7752 0.015019 1 
7753 0.009680 1 
7755 0.022111 1 
7756 0.017137 1 
7757 0.017564 1 
7758 0.008544 1 
7759 0.012445 1 
7760 0.017608 1 
7761 0.022068 1 
7762 0.010364 1 
7763 0.016628 1 
7765 0.013224 1 
7766 0.013818 1 
7767 0.008132 1 
7768 0.009479 1 
7769 0.012707 1 
7770 0.010086 1 
7771 0.008401 1 
7772 0.007200 1 
7773 0.011302 1 
7774 0.009107 1 
7775 0.016798 1 
7776 0.011032 1 
7777 0.013989 1 
7778 0.008510 1 
7779 0.010482 1 
7780 0.008497 1 
7781 0.016805 1 
7782 0.018132 1 
7783 0.014420 1 
7784 0.008869 1 
7785 0.019123 1 
7786 0.013840 1 
7787 0.024360 1 
7788 0.016927 1 
7789 0.038960 1 
7790 0.040431 1 
7792 0.016081 1 
7793 0.038618 1 
7794 0.021856 1 
7795 0.017205 1 
7796 0.015167 1 
7797 0.028081 1 
7798 0.020001 1 
7799 0.028072 1 
7801 0.021197 1 
7802 0.014984 1 
7803 0.004713 1 
7804 0.009265 1 
7806 0.016780 1 
7808 0.019648 1 
7809 0.024025 1 
7810 0.024497 1 
7811 0.015669 1 
7814 0.029805 1 
7815 0.034248 1 
7816 0.018072 1 
7817 0.042200 1 
7818 0.026099 1 
7819 0.016040 1 
7820 0.017046 1 
7821 0.028689 1 
7822 0.025880 1 
7823 0.011721 1 
7824 0.008708 1 
7825 0.018981 1 
7827 0.016204 1 
7829 0.016213 1 
7830 0.010360 1 
7831 0.020327 1 
7832 0.009358 1 
7833 0.007748 1 
7834 0.018084 1 
7835 0.010630 1 
7837 0.018820 1 
7838 0.009503 1 
7839 0.007622 1 
7840 0.007675 1 
7841 0.014351 1 
7842 0.010216 1 
7843 0.014535 1 
7844 0.014514 1 
7845 0.007425 1 
7846 0.010491 1 
7847 0.009212 1 
7848 0.006623 1 
7849 0.007595 1 
7850 0.010039 1 
7851 0.015069 1 
7853 0.024305 1 
7854 0.014726 1 
7855 0.010743 1 
7856 0.014747 1 
7857 0.018535 1 
7858 0.021791 1 
7859 0.025704 1 
7860 0.012745 1 
7861 0.009064 1 
7862 0.016957 1 
7864 0.017029 1 
7866 0.016409 1 
7867 0.008166 1 
7868 0.029376 1 
7869 0.017685 1 
7870 0.011567 1 
7871 0.022294 1 
7872 0.010039 1 
7874 0.019344 1 
7875 0.007920 1 
7876 0.011349 1 
7877 0.009738 1 
7879 0.017001 1 
7881 0.020914 1 
7882 0.013885 1 
7883 0.012228 1 
7885 0.012272 1 
7886 0.030813 1 
7887 0.033995 1 
7889 0.008895 1 
7890 0.014489 1 
7891 0.010744 1 
7892 0.013661 1 
7893 0.014061 1 
7894 0.012855 1 
