2024-09-03 17:18:14
../stream-replay/logs/rtt-6206@128.txt
1 0.065827 0 
2 0.046565 0 
4 0.020399 0 
5 0.091221 0 
6 0.071033 0 
7 0.234411 0 
8 0.218316 0 
9 0.202123 0 
10 0.186012 0 
11 0.169762 0 
12 0.151274 0 
13 0.192313 0 
14 0.175194 0 
15 0.156478 0 
16 0.439144 0 
17 0.422632 0 
18 0.406644 0 
19 0.389259 0 
20 0.524230 0 
21 0.507884 0 
22 0.617799 0 
23 0.601172 0 
24 0.584924 0 
25 0.569460 0 
26 0.598414 0 
27 0.582184 0 
28 0.566075 0 
29 0.549935 0 
31 0.607779 0 
32 0.591671 0 
33 0.575353 0 
34 0.559433 0 
35 0.543302 0 
36 0.527117 0 
37 0.540797 0 
38 0.524777 0 
40 0.765714 0 
41 0.779139 0 
42 0.762763 0 
43 0.746608 0 
45 0.712302 0 
47 0.679407 0 
48 0.818736 0 
49 0.904741 0 
50 0.896811 0 
53 1.037502 0 
54 1.017789 0 
55 1.001535 0 
56 0.985107 0 
57 0.965348 0 
58 0.984339 0 
59 0.968111 0 
60 0.951945 0 
61 0.935749 0 
62 0.919499 0 
63 0.900657 0 
64 0.887214 0 
66 0.971746 0 
68 1.093194 0 
69 1.077383 0 
70 1.151004 0 
71 1.135032 0 
72 1.118845 0 
73 1.165861 0 
74 1.149722 0 
76 1.115304 0 
77 1.193632 0 
78 1.174601 0 
79 1.158574 0 
80 1.142261 0 
81 1.126016 0 
82 1.192203 0 
83 1.172313 0 
84 1.156694 0 
85 1.388490 0 
86 1.368577 0 
87 1.352169 0 
88 1.429114 0 
89 1.412606 0 
90 1.421752 0 
92 1.684339 0 
93 1.743493 0 
94 1.727999 0 
95 1.712097 0 
96 1.695960 0 
97 1.679853 0 
98 1.663782 0 
99 1.647723 0 
100 1.631195 0 
101 1.615047 0 
103 1.694934 0 
105 1.662789 0 
106 1.646704 0 
107 1.630528 0 
108 1.610451 0 
109 1.680781 0 
110 1.664958 0 
111 1.649172 0 
113 1.610631 0 
114 1.594546 0 
115 1.578472 0 
116 1.562055 0 
118 1.526621 0 
120 1.490825 0 
121 1.524867 0 
122 1.504998 0 
124 1.571141 0 
125 1.550946 0 
126 1.534943 0 
128 1.687943 0 
129 1.671846 0 
130 1.655649 0 
131 1.639511 0 
132 1.895625 0 
133 1.879565 0 
134 1.863332 0 
135 1.847141 0 
136 1.831305 0 
137 1.820369 0 
138 1.797559 0 
139 1.781676 0 
140 1.775522 0 
141 1.759400 0 
142 1.784627 0 
143 1.767855 0 
144 1.752188 0 
145 1.736067 0 
147 1.840614 0 
148 1.844280 0 
149 1.828297 0 
150 1.808615 0 
151 1.792491 0 
152 1.902086 0 
153 1.885624 0 
155 1.975712 0 
156 1.959731 0 
157 1.937099 0 
158 1.971800 0 
159 1.955881 0 
160 1.940054 0 
161 2.070424 0 
162 2.052066 0 
163 2.031920 0 
165 2.115381 0 
166 2.163216 0 
168 2.201054 0 
169 2.184737 0 
170 2.168474 0 
171 2.151594 0 
172 2.135210 0 
173 2.119028 0 
174 2.102764 0 
176 2.067732 0 
177 2.097698 0 
178 2.114553 0 
179 2.098016 0 
181 2.107422 0 
182 2.402897 0 
183 2.386716 0 
184 2.372183 0 
186 2.337170 0 
187 2.393147 0 
188 2.376543 0 
189 2.360371 0 
190 2.341806 0 
191 2.325548 0 
193 2.285942 0 
194 2.488857 0 
195 2.472812 0 
196 2.454035 0 
197 2.437868 0 
198 2.421712 0 
199 2.398234 0 
200 2.381201 0 
201 2.364576 0 
203 2.329718 0 
204 2.313593 0 
205 2.503685 0 
206 2.488184 0 
207 2.471483 0 
208 2.458313 0 
209 2.442477 0 
210 2.426109 0 
211 2.455188 0 
212 2.438429 0 
213 2.422354 0 
214 2.406109 0 
215 2.389771 0 
216 2.373073 0 
217 2.500986 0 
218 2.484817 0 
219 2.468844 0 
220 2.449878 0 
221 2.434697 0 
222 2.418231 0 
223 2.398592 0 
224 2.378996 0 
225 2.508840 0 
226 2.492438 0 
227 2.519025 0 
228 2.502856 0 
230 2.496394 0 
231 2.585333 0 
232 2.568508 0 
233 2.552224 0 
234 2.535434 0 
235 2.618652 0 
236 2.598180 0 
237 2.578727 0 
239 2.568935 0 
240 2.632607 0 
241 2.616452 0 
242 2.600172 0 
244 2.561138 0 
246 2.808769 0 
247 2.872499 0 
248 2.856319 0 
249 2.841247 0 
252 2.800722 0 
253 2.784804 0 
254 2.873462 0 
255 2.857370 0 
256 2.841116 0 
257 2.824609 0 
258 2.887791 0 
259 2.871187 0 
260 2.848781 0 
261 2.828928 0 
263 2.877810 0 
265 2.855784 0 
267 2.822576 0 
268 2.806973 0 
269 2.790585 0 
270 2.849205 0 
271 2.896744 0 
272 2.880484 0 
273 2.864267 0 
275 2.912568 0 
276 2.896218 0 
277 2.961647 0 
278 2.945908 0 
279 2.929828 0 
280 2.936447 0 
281 2.920083 0 
282 2.903959 0 
283 2.887341 0 
284 2.871408 0 
285 2.855178 0 
286 2.859753 0 
287 2.842563 0 
288 2.826436 0 
289 3.003626 0 
291 3.007011 0 
292 2.990615 0 
293 2.974328 0 
294 2.977813 0 
295 2.961444 0 
296 2.945211 0 
297 2.929229 0 
298 3.055010 0 
299 3.038833 0 
300 3.022294 0 
302 2.990001 0 
304 3.010341 0 
305 2.993236 0 
306 2.977437 0 
307 2.961030 0 
308 3.031186 0 
309 3.015264 0 
310 3.044951 0 
312 3.012106 0 
313 2.995920 0 
314 3.194898 0 
315 3.178653 0 
317 3.146230 0 
319 3.114338 0 
320 3.098139 0 
321 3.081622 0 
323 3.090561 0 
324 3.074014 0 
325 3.069886 0 
327 3.032225 0 
328 3.079322 0 
329 3.063100 0 
330 3.047024 0 
331 3.168352 0 
332 3.152454 0 
333 3.134611 0 
334 3.117954 0 
335 3.101795 0 
336 3.084420 0 
337 3.067904 0 
338 3.051896 0 
339 3.174060 0 
340 3.157637 0 
341 3.141866 0 
342 3.267090 0 
343 3.251331 0 
344 3.235358 0 
346 3.202782 0 
347 3.202454 0 
348 3.186227 0 
349 3.169734 0 
350 3.469258 0 
351 3.452511 0 
352 3.604996 0 
354 3.572647 0 
355 3.556651 0 
356 3.540829 0 
357 3.523430 0 
358 3.507141 0 
359 3.590382 0 
360 3.574698 0 
361 3.557970 0 
362 3.542267 0 
363 3.525885 0 
364 3.508516 0 
365 3.492288 0 
367 3.537826 0 
368 3.522196 0 
369 3.626115 0 
370 3.609812 0 
371 3.593596 0 
372 3.577068 0 
373 3.560546 0 
375 3.528216 0 
376 3.511823 0 
377 3.545936 0 
378 3.529537 0 
380 3.683714 0 
381 3.667880 0 
382 3.651864 0 
383 3.635995 0 
385 3.602519 0 
386 3.586290 0 
387 3.569967 0 
388 3.555661 0 
389 3.674344 0 
390 3.658217 0 
392 3.622317 0 
393 3.606407 0 
394 3.589561 0 
395 3.573927 0 
396 3.557723 0 
397 3.587452 0 
398 3.673165 0 
399 3.656628 0 
400 3.640962 0 
402 3.607878 0 
403 3.627302 0 
404 3.607316 0 
405 3.666699 0 
406 3.650478 0 
407 3.633903 0 
408 3.617675 0 
409 3.610682 0 
410 3.642144 0 
411 3.625640 0 
412 3.609844 0 
413 3.626794 0 
414 3.610778 0 
415 3.594629 0 
416 3.578014 0 
417 3.641457 0 
418 3.624762 0 
419 3.609380 0 
420 3.592807 0 
421 3.587104 0 
422 3.570449 0 
423 3.684622 0 
424 3.668272 0 
425 3.652462 0 
426 3.653183 0 
427 3.637534 0 
429 3.605447 0 
430 3.611946 0 
431 3.595465 0 
432 3.623311 0 
433 3.607126 0 
434 3.591046 0 
435 3.572386 0 
436 3.655042 0 
438 3.622630 0 
439 3.606333 0 
440 3.590018 0 
441 3.573874 0 
443 3.541451 0 
445 3.505953 0 
446 3.490479 0 
447 3.472918 0 
448 3.648078 0 
451 3.599130 0 
452 3.583002 0 
453 3.640604 0 
454 3.624598 0 
455 3.608419 0 
456 3.592521 0 
457 3.575948 0 
458 3.719714 0 
459 3.704460 0 
460 3.717365 0 
461 3.701099 0 
462 3.684784 0 
464 3.652028 0 
466 3.824144 0 
467 3.807423 0 
468 3.791935 0 
469 3.864143 0 
470 3.847945 0 
471 3.831586 0 
472 3.997321 0 
474 3.961860 0 
476 4.112172 0 
477 4.133503 0 
478 4.172292 0 
479 4.152527 0 
480 4.136183 0 
481 4.132915 0 
482 4.116724 0 
483 4.096746 0 
484 4.076861 0 
485 4.082333 0 
488 4.128387 0 
490 4.099185 0 
491 4.138845 0 
492 4.123435 0 
493 4.203839 0 
494 4.187675 0 
495 4.171713 0 
496 4.155426 0 
497 4.222250 0 
498 4.206073 0 
499 4.189678 0 
501 4.170067 0 
503 4.209840 0 
504 4.193640 0 
505 4.171523 0 
506 4.155078 0 
507 4.139093 0 
508 4.122913 0 
509 4.238069 0 
511 4.204989 0 
512 4.321486 0 
513 4.303882 0 
514 4.287919 0 
516 4.288867 0 
519 4.403970 0 
520 4.388346 0 
522 4.605732 0 
523 4.586667 0 
524 4.679247 0 
526 4.647164 0 
527 4.630897 0 
528 4.615226 0 
529 4.692782 0 
530 4.676816 0 
531 4.804582 0 
532 4.788187 0 
533 4.771953 0 
535 4.789097 0 
536 4.769167 0 
537 4.816297 0 
538 4.800060 0 
539 4.783792 0 
540 4.817858 0 
541 4.805749 0 
542 4.789863 0 
543 4.773744 0 
545 4.826389 0 
546 4.809214 0 
547 4.792849 0 
548 4.776856 0 
549 4.760216 0 
550 4.743922 0 
551 4.728217 0 
553 4.695711 0 
555 4.893200 0 
556 4.871831 0 
557 4.855558 0 
558 5.017557 0 
559 5.001506 0 
560 4.978402 0 
561 5.198146 0 
562 5.181788 0 
563 5.165567 0 
564 5.149398 0 
566 5.117007 0 
567 5.100166 0 
568 5.083517 0 
569 5.061926 0 
570 5.046073 0 
571 5.030462 0 
572 5.015992 0 
574 4.983095 0 
575 5.155625 0 
576 5.138231 0 
577 5.395208 0 
579 5.361501 0 
580 5.345113 0 
581 5.328693 0 
582 5.430509 0 
584 5.397663 0 
585 5.673059 0 
586 5.657186 0 
587 5.640572 0 
588 5.654241 0 
589 5.637936 0 
591 5.605010 0 
592 5.615580 0 
593 5.649753 0 
594 5.633061 0 
595 5.616647 0 
596 5.631869 0 
597 5.615771 0 
598 5.599929 0 
599 5.580296 0 
601 5.577062 0 
602 5.560957 0 
603 5.538240 0 
604 5.521774 0 
605 5.505545 0 
606 5.489041 0 
608 5.656580 0 
609 5.634516 0 
610 5.614369 0 
611 5.598088 0 
612 5.581861 0 
613 5.562138 0 
614 5.545712 0 
615 5.528731 0 
616 5.542907 0 
617 5.526680 0 
618 5.510360 0 
619 5.493841 0 
620 5.477521 0 
621 5.461169 0 
622 5.630625 0 
623 5.614584 0 
624 5.596718 0 
625 5.667685 0 
626 5.651699 0 
628 5.618833 0 
629 5.647971 0 
630 5.629598 0 
631 5.759818 0 
632 5.743225 0 
633 5.725915 0 
634 5.737044 0 
635 5.716913 0 
637 5.753705 0 
638 5.742364 0 
639 5.722872 0 
640 5.706751 0 
642 5.674421 0 
644 5.880811 0 
645 5.884608 0 
646 5.900632 0 
647 6.037416 0 
650 5.989011 0 
651 5.973337 0 
652 5.957138 0 
653 5.940762 0 
654 5.924711 0 
655 5.905337 0 
656 5.888966 0 
657 5.931850 0 
658 5.915401 0 
659 5.899278 0 
660 5.917347 0 
661 5.901149 0 
663 5.868899 0 
665 6.001786 0 
666 5.985358 0 
667 5.969397 0 
668 5.951503 0 
669 5.935064 0 
670 5.934949 0 
671 5.992933 0 
673 5.952688 0 
674 5.936168 0 
675 5.928548 0 
676 5.912459 0 
677 5.919751 0 
678 5.899284 0 
679 5.883062 0 
680 5.869236 0 
681 5.985770 0 
682 5.970165 0 
683 5.952157 0 
684 5.935237 0 
685 5.918888 0 
686 5.903032 0 
687 5.886772 0 
689 6.060092 0 
690 6.043514 0 
691 6.348190 0 
692 6.331959 0 
693 6.316777 0 
694 6.300758 0 
695 6.284760 0 
696 6.268820 0 
697 6.252790 0 
698 6.305240 0 
700 6.268687 0 
702 6.236140 0 
703 6.219954 0 
704 6.203885 0 
705 6.293847 0 
706 6.277214 0 
707 6.283733 0 
708 6.267049 0 
710 6.234801 0 
711 6.301883 0 
712 6.285700 0 
713 6.269191 0 
715 6.311339 0 
717 6.312433 0 
718 6.295931 0 
719 6.279629 0 
721 6.269407 0 
722 6.253229 0 
723 6.453740 0 
725 6.421072 0 
726 6.404952 0 
727 6.388953 0 
728 6.372779 0 
729 6.357040 0 
730 6.416133 0 
731 6.601475 0 
732 6.585699 0 
733 6.594825 0 
734 6.578895 0 
735 6.694656 0 
736 6.678573 0 
737 6.662488 0 
738 6.645854 0 
739 6.630021 0 
740 6.718594 0 
741 6.706858 0 
742 6.819352 0 
744 6.787754 0 
745 6.783417 0 
746 6.766951 0 
747 6.748172 0 
748 7.039216 0 
749 7.023342 0 
750 7.007504 0 
752 6.975135 0 
753 6.958789 0 
754 6.936930 0 
755 6.920162 0 
758 6.940067 0 
759 6.921316 0 
760 6.905477 0 
761 6.889340 0 
762 6.869439 0 
763 6.849926 0 
765 6.824811 0 
766 6.823814 0 
767 6.807510 0 
773 6.912946 0 
785 7.540330 0 
786 7.524054 0 
788 7.613692 0 
790 7.575480 0 
792 7.853655 0 
793 7.837720 0 
794 8.056802 0 
795 8.040991 0 
796 8.024877 0 
797 8.001614 0 
798 7.985493 0 
800 7.951547 0 
803 8.147029 0 
806 8.204948 0 
807 8.188839 0 
808 8.303781 0 
812 8.304192 0 
813 8.287781 0 
814 8.273522 0 
815 8.257416 0 
816 8.240886 0 
817 8.333096 0 
818 8.317473 0 
824 8.449348 0 
825 8.433459 0 
827 8.397397 0 
828 8.393925 0 
829 8.377501 0 
830 8.365791 0 
831 8.349660 0 
833 8.479562 0 
834 8.463416 0 
836 8.446631 0 
837 8.554868 0 
838 8.538860 0 
839 8.522784 0 
841 8.489946 0 
843 8.473029 0 
844 8.467525 0 
845 8.485718 0 
846 8.465184 0 
849 8.412864 0 
850 8.396507 0 
851 8.380397 0 
852 8.382039 0 
853 8.365785 0 
854 8.366497 0 
855 8.350413 0 
856 8.334180 0 
857 8.315008 0 
858 8.293327 0 
859 8.276788 0 
860 8.363971 0 
862 8.331786 0 
864 8.353910 0 
865 8.338166 0 
866 8.323956 0 
867 8.307957 0 
868 8.316093 0 
869 8.623246 0 
870 8.607386 0 
872 8.569622 0 
874 8.746232 0 
875 8.866372 0 
876 8.849933 0 
877 8.827231 0 
878 8.811442 0 
879 8.792049 0 
880 8.776043 0 
881 9.036875 0 
882 9.021016 0 
883 9.005031 0 
884 9.067180 0 
885 9.050688 0 
886 9.034823 0 
888 9.136168 0 
889 9.278337 0 
890 9.262417 0 
891 9.246338 0 
892 9.230480 0 
893 9.214230 0 
894 9.195725 0 
895 9.179652 0 
896 9.162359 0 
897 9.142468 0 
899 9.488580 0 
901 9.546092 0 
902 9.530442 0 
903 9.586643 0 
904 9.570157 0 
905 9.551579 0 
906 9.668319 0 
907 9.652271 0 
909 9.620322 0 
910 9.604666 0 
911 9.586804 0 
912 9.570454 0 
914 9.551466 0 
916 9.519947 0 
917 9.503645 0 
918 9.522686 0 
920 9.489810 0 
921 9.474222 0 
922 9.457982 0 
924 9.561089 0 
925 9.545096 0 
926 9.528889 0 
927 9.512954 0 
928 9.496994 0 
929 9.480155 0 
930 9.610580 0 
931 9.594450 0 
932 9.580595 0 
934 9.699673 0 
935 9.684318 0 
936 9.793619 0 
937 9.777404 0 
938 9.761179 0 
939 9.744843 0 
940 9.728534 0 
941 9.732707 0 
943 9.699304 0 
944 9.683151 0 
945 9.657660 0 
946 9.654341 0 
947 9.698202 0 
948 9.682197 0 
949 9.720792 0 
951 9.688419 0 
952 9.669992 0 
953 9.653590 0 
954 9.748032 0 
955 9.731864 0 
956 9.780712 0 
957 9.764255 0 
958 9.748341 0 
959 9.732111 0 
960 9.715861 0 
961 9.773544 0 
962 9.757783 0 
964 9.734115 0 
965 9.718146 0 
966 9.724007 0 
967 9.707329 0 
968 9.688400 0 
969 9.712107 0 
970 9.696136 0 
972 9.663576 0 
973 9.766585 0 
974 9.750472 0 
975 9.734747 0 
977 9.702685 0 
978 9.720731 0 
979 9.704525 0 
980 9.688164 0 
982 9.655765 0 
983 9.639965 0 
985 9.783209 0 
986 9.765580 0 
987 9.749602 0 
989 9.717470 0 
990 9.701378 0 
991 9.733823 0 
992 9.756730 0 
993 9.853204 0 
994 9.836806 0 
995 9.820740 0 
996 9.804773 0 
997 9.788527 0 
999 9.796049 0 
1000 9.782725 0 
1001 9.767297 0 
1002 9.748544 0 
1003 9.732342 0 
1004 9.715760 0 
1005 9.774986 0 
1006 9.757231 0 
1007 9.740268 0 
1008 9.931066 0 
1009 9.915002 0 
1010 9.895363 0 
1011 9.879681 0 
1012 9.863509 0 
1013 9.847287 0 
1014 9.831349 0 
1015 9.815195 0 
1016 9.799205 0 
1017 9.790230 0 
1018 9.774167 0 
1019 9.757890 0 
1020 9.763547 0 
1021 9.752052 0 
1022 9.742376 0 
1023 9.726246 0 
1024 9.867461 0 
1026 9.834712 0 
1027 9.849442 0 
1028 9.838754 0 
1029 9.822488 0 
1030 9.860563 0 
1031 9.844465 0 
1032 9.828083 0 
1033 9.812228 0 
1036 9.831285 0 
1037 9.815610 0 
1038 9.799511 0 
1040 9.767039 0 
1154 7.950501 0 
1155 8.060454 0 
1156 8.040445 0 
1157 8.020489 0 
1158 8.004532 0 
1159 8.032574 0 
1160 8.016285 0 
1161 8.000477 0 
1163 7.974264 0 
1165 8.217492 0 
1166 8.202018 0 
1167 8.185475 0 
1168 8.164146 0 
1169 8.147624 0 
1171 8.115457 0 
1172 8.099288 0 
1173 8.080186 0 
1174 8.284060 0 
1176 8.252020 0 
1177 8.235690 0 
1178 8.219588 0 
1179 8.203434 0 
1181 8.165479 0 
1182 8.150166 0 
1183 8.133897 0 
1184 8.272215 0 
1185 8.255691 0 
1186 8.239820 0 
1188 8.283669 0 
1189 8.267138 0 
1190 8.287387 0 
1191 8.269270 0 
1192 8.252882 0 
1193 8.236767 0 
1194 8.220132 0 
1195 8.228476 0 
1196 8.205212 0 
1198 8.213995 0 
1199 8.197992 0 
1200 8.181540 0 
1201 8.165089 0 
1202 8.148968 0 
1203 8.305976 0 
1204 8.289187 0 
1205 8.273009 0 
1206 8.255420 0 
1207 8.239204 0 
1208 8.223006 0 
1210 8.191025 0 
1211 8.174803 0 
1212 8.314183 0 
1213 8.298262 0 
1214 8.282248 0 
1215 8.381392 0 
1216 8.372761 0 
1217 8.356763 0 
1218 8.460643 0 
1219 8.444504 0 
1220 8.429381 0 
1221 8.553012 0 
1222 8.537172 0 
1223 8.520909 0 
1225 8.489998 0 
1226 8.526050 0 
1227 8.514809 0 
1228 8.503156 0 
1229 8.487338 0 
1230 8.729521 0 
1231 8.713218 0 
1232 8.696780 0 
1234 9.216867 0 
1235 9.192834 0 
1236 9.176512 0 
1237 9.160349 0 
1239 9.127948 0 
1242 9.090290 0 
1243 9.094688 0 
1244 9.078515 0 
1247 9.171327 0 
1248 9.155676 0 
1249 9.139604 0 
1250 9.123149 0 
1251 9.106341 0 
1252 9.091053 0 
1253 9.074963 0 
1254 9.056750 0 
1256 9.162694 0 
1257 9.168401 0 
1258 9.192051 0 
1260 9.156574 0 
1262 9.123171 0 
1263 9.106673 0 
1264 9.228144 0 
1265 9.211992 0 
1266 9.190654 0 
1267 9.482673 0 
1268 9.465093 0 
1270 9.427021 0 
1271 9.410881 0 
1272 9.394252 0 
1273 9.421840 0 
1274 9.405720 0 
1276 9.501811 0 
1277 9.483097 0 
1278 9.461828 0 
1279 9.646438 0 
1280 9.630794 0 
1281 9.615168 0 
1282 9.599370 0 
1284 9.695159 0 
1287 9.884019 0 
1288 9.868392 0 
1289 9.851983 0 
1290 9.951512 0 
1291 9.935339 0 
1292 9.919255 0 
1293 9.903142 0 
1294 9.880553 0 
1295 9.920313 0 
1297 9.887994 0 
1299 9.874966 0 
1300 9.858748 0 
1301 9.842451 0 
1302 9.826288 0 
1303 9.810142 0 
1304 9.788834 0 
1307 9.844390 0 
1308 9.948384 0 
1309 9.924792 0 
1310 9.910659 0 
1312 9.878902 0 
1314 10.032568 0 
1315 10.016991 0 
1316 10.000685 0 
1318 9.998181 0 
1319 9.981341 0 
1320 10.032830 0 
1326 10.408474 0 
1327 10.390944 0 
1328 10.481178 0 
1329 10.465147 0 
1330 10.568800 0 
1331 10.552782 0 
1332 10.533131 0 
1333 10.521398 0 
1334 10.505113 0 
1335 10.488506 0 
1336 10.492784 0 
1337 10.476662 0 
1338 10.476819 0 
1339 10.460308 0 
1341 10.484440 0 
1342 10.467613 0 
1343 10.451792 0 
1344 10.435554 0 
1345 10.433845 0 
1347 10.441305 0 
1349 10.431682 0 
1350 10.414726 0 
1351 10.398427 0 
1352 10.382150 0 
1353 10.363449 0 
1354 10.345775 0 
1355 10.325926 0 
1356 10.309732 0 
1357 10.505173 0 
1358 10.489205 0 
1359 10.472141 0 
1363 10.397757 0 
1364 10.381417 0 
1365 10.361996 0 
1366 10.409834 0 
1367 10.393045 0 
1368 10.377142 0 
1370 10.421257 0 
1371 10.404527 0 
1372 10.466819 0 
1373 10.450191 0 
1375 10.428910 0 
1376 10.412703 0 
1377 10.396579 0 
1378 10.547410 0 
1380 10.515144 0 
1381 10.521931 0 
1382 10.505516 0 
1383 10.489385 0 
1384 10.470522 0 
1385 10.454001 0 
1387 10.448667 0 
1388 10.432370 0 
1389 10.590344 0 
1390 10.567811 0 
1391 10.551669 0 
1392 10.606236 0 
1393 10.590343 0 
1394 10.573964 0 
1395 10.558100 0 
1397 10.525855 0 
1398 10.562462 0 
1399 10.541676 0 
1400 10.525156 0 
1401 10.579123 0 
1402 10.562940 0 
1403 10.546884 0 
1404 10.530942 0 
1405 10.511850 0 
1406 10.488638 0 
1407 10.472402 0 
1408 10.456287 0 
1409 10.474926 0 
1410 10.458640 0 
1411 10.442603 0 
1412 10.501065 0 
1413 10.484588 0 
1414 10.468781 0 
1415 10.473873 0 
1416 10.457690 0 
1417 10.441860 0 
1418 10.589374 0 
1419 10.573311 0 
1420 10.555539 0 
1421 10.539282 0 
1422 10.523639 0 
1424 10.491574 0 
1425 10.485732 0 
1426 10.462823 0 
1427 10.507789 0 
1428 10.490189 0 
1429 10.473859 0 
1430 10.457566 0 
1431 10.461730 0 
1433 10.508209 0 
1434 10.491653 0 
1435 10.475795 0 
1436 10.459582 0 
1438 10.427280 0 
1440 10.458827 0 
1441 10.513356 0 
1614 7.612809 0 
1615 7.596344 0 
1616 7.696596 0 
1617 7.680944 0 
1618 7.664262 0 
1619 7.831280 0 
1620 7.815292 0 
1621 7.799119 0 
1623 7.935237 0 
1624 7.919584 0 
1625 7.924464 0 
1626 7.908214 0 
1627 7.890610 0 
1628 7.873729 0 
1629 7.892066 0 
1630 7.875541 0 
1632 7.843121 0 
1633 7.826886 0 
1634 7.810658 0 
1635 7.794391 0 
1637 7.757093 0 
1639 7.724032 0 
1640 7.708465 0 
1641 7.896717 0 
1642 7.878310 0 
1645 7.829270 0 
1646 7.813663 0 
1647 7.797209 0 
1648 7.781290 0 
1649 7.765217 0 
1650 7.749152 0 
1651 7.733072 0 
1652 7.717030 0 
1653 7.697868 0 
1654 7.681813 0 
1655 7.665624 0 
1656 7.649390 0 
1658 7.617015 0 
1660 7.584350 0 
1661 7.567909 0 
1662 7.594297 0 
1663 7.578130 0 
1664 7.561860 0 
1665 7.564050 0 
1666 7.547638 0 
1668 7.565920 0 
1670 7.533393 0 
1671 7.590400 0 
1672 7.574788 0 
1673 7.586260 0 
1674 7.568509 0 
1675 7.552088 0 
1676 7.542751 0 
1677 7.526356 0 
1678 7.510330 0 
1679 7.652237 0 
1680 7.636155 0 
1681 7.620649 0 
1682 7.751324 0 
1684 7.757526 0 
1686 7.987041 0 
1687 7.971034 0 
1688 7.954528 0 
1689 7.938751 0 
1690 7.922212 0 
1691 7.900995 0 
1692 7.880969 0 
1693 7.860596 0 
1695 7.934553 0 
1697 7.902278 0 
1698 7.948255 0 
1699 7.932234 0 
1700 7.916065 0 
1706 8.032517 0 
1707 8.016727 0 
1708 8.001307 0 
1714 8.118896 0 
1718 8.211206 0 
1720 8.171987 0 
1721 8.155723 0 
1722 8.139556 0 
1723 8.123164 0 
1724 8.107269 0 
1725 8.090691 0 
1726 8.128218 0 
1728 8.215254 0 
1729 8.198806 0 
1730 8.182750 0 
1731 8.166815 0 
1732 8.149229 0 
1733 8.132757 0 
1734 8.249695 0 
1735 8.234260 0 
1736 8.375102 0 
1737 8.358863 0 
1739 8.326661 0 
1740 8.310595 0 
1741 8.294668 0 
1742 8.278627 0 
1743 8.375487 0 
1744 8.385429 0 
1745 8.369123 0 
1747 8.335748 0 
1749 8.485888 0 
1750 8.469992 0 
1751 8.452549 0 
1752 8.483897 0 
1753 8.467588 0 
1756 8.454898 0 
1757 8.438664 0 
1758 8.420440 0 
1760 8.387926 0 
1761 8.399210 0 
1762 8.383022 0 
1763 8.401629 0 
1764 8.399417 0 
1765 8.389180 0 
1766 8.371321 0 
1768 8.338974 0 
1769 8.342708 0 
1770 8.325863 0 
1771 8.346123 0 
1773 8.314022 0 
1774 8.297742 0 
1775 8.322204 0 
1776 8.305987 0 
1778 8.604753 0 
1779 8.585039 0 
1780 8.569790 0 
1781 8.549418 0 
1782 8.533377 0 
1783 8.512761 0 
1785 8.575707 0 
1786 8.560049 0 
1787 8.543865 0 
1788 8.525194 0 
1789 8.581303 0 
1790 8.565226 0 
1791 8.549327 0 
1792 8.533453 0 
1793 8.516957 0 
1795 8.486607 0 
1796 8.470826 0 
1797 8.491703 0 
1798 8.475710 0 
1799 8.464300 0 
1800 8.448179 0 
1801 8.432133 0 
1802 8.412547 0 
1803 8.458502 0 
1804 8.442807 0 
1805 8.426525 0 
1806 8.407522 0 
1807 8.409334 0 
1809 8.373793 0 
1810 8.357159 0 
1811 8.358170 0 
1812 8.338749 0 
1813 8.322685 0 
1814 8.349239 0 
1815 8.407301 0 
1816 8.414765 0 
1817 8.398617 0 
1818 8.447313 0 
1819 8.431145 0 
1820 8.412335 0 
1822 8.483799 0 
1823 8.466607 0 
1824 8.514607 0 
1825 8.492719 0 
1826 8.476521 0 
1827 8.460473 0 
1828 8.444265 0 
1829 8.427861 0 
1831 8.419130 0 
1832 8.402803 0 
1833 8.386480 0 
1834 8.370339 0 
1836 8.338152 0 
1838 8.309079 0 
1839 8.334764 0 
1840 8.317969 0 
1841 8.346694 0 
1844 8.291446 0 
1845 8.356018 0 
1846 8.332644 0 
1847 8.316530 0 
1848 8.300376 0 
1849 8.280905 0 
1850 8.264596 0 
1851 8.248499 0 
1852 8.232961 0 
1853 8.265342 0 
1854 8.249229 0 
1855 8.232903 0 
1857 8.205849 0 
1859 8.169669 0 
1860 8.176342 0 
1861 8.160308 0 
1862 8.144102 0 
1863 8.128139 0 
1864 8.125936 0 
1865 8.106357 0 
1867 8.096636 0 
1868 8.104392 0 
1869 8.088171 0 
1870 8.193540 0 
1871 8.177600 0 
1872 8.161391 0 
1873 8.145392 0 
1874 8.129308 0 
1875 8.112949 0 
1877 8.116031 0 
1878 8.095157 0 
1879 8.102421 0 
1880 8.086185 0 
1881 8.069660 0 
1883 8.035699 0 
1884 8.031934 0 
1885 8.015704 0 
1886 7.999489 0 
1887 8.006432 0 
1888 7.990534 0 
1889 7.974512 0 
1890 7.958471 0 
1891 7.942997 0 
1892 7.938911 0 
1894 7.903576 0 
1896 7.871144 0 
1897 7.899477 0 
1898 7.883394 0 
1899 7.867282 0 
1900 7.844664 0 
2064 5.117362 0 
2066 5.084822 0 
2067 5.068016 0 
2068 5.052310 0 
2069 5.036158 0 
2070 5.118866 0 
2071 5.099387 0 
2072 5.082923 0 
2073 5.353581 0 
2074 5.337476 0 
2075 5.321414 0 
2076 5.305618 0 
2077 5.290209 0 
2078 5.274018 0 
2079 5.257564 0 
2080 5.241119 0 
2086 5.487597 0 
2090 5.420833 0 
2091 5.404527 0 
2093 5.372570 0 
2095 5.340305 0 
2096 5.323916 0 
2097 5.301129 0 
2098 5.284456 0 
2099 5.316422 0 
2100 5.300154 0 
2101 5.277597 0 
2103 5.269740 0 
2104 5.251402 0 
2105 5.300889 0 
2106 5.280077 0 
2108 5.247107 0 
2110 5.215357 0 
2111 5.196785 0 
2112 5.180727 0 
2114 5.147761 0 
2115 5.131876 0 
2116 5.132749 0 
2118 5.098032 0 
2119 5.082111 0 
2120 5.066057 0 
2121 5.049970 0 
2122 5.082787 0 
2124 5.216381 0 
2125 5.200376 0 
2126 5.357181 0 
2127 5.340831 0 
2128 5.324752 0 
2129 5.432200 0 
2130 5.415666 0 
2131 5.393795 0 
2132 5.487249 0 
2133 5.478566 0 
2134 5.462525 0 
2135 5.446189 0 
2138 5.466442 0 
2139 5.449950 0 
2140 5.433769 0 
2141 5.440884 0 
2142 5.476931 0 
2143 5.461535 0 
2145 5.434043 0 
2146 5.417836 0 
2147 5.429046 0 
2148 5.412169 0 
2149 5.396074 0 
2150 5.450844 0 
2151 5.434612 0 
2152 5.418403 0 
2153 5.475179 0 
2154 5.459376 0 
2155 5.443019 0 
2156 5.421657 0 
2158 5.430910 0 
2159 5.411725 0 
2160 5.395687 0 
2161 5.441133 0 
2162 5.420663 0 
2166 5.432677 0 
2167 5.416288 0 
2168 5.397979 0 
2171 5.660699 0 
2172 5.645038 0 
2173 5.629229 0 
2174 5.613035 0 
2176 5.580575 0 
2177 5.664340 0 
2178 5.648179 0 
2179 5.631860 0 
2180 5.622658 0 
2181 5.625283 0 
2183 5.593087 0 
2186 5.543203 0 
2187 5.599571 0 
2188 5.583481 0 
2189 5.566767 0 
2190 5.549679 0 
2191 5.533451 0 
2193 5.718927 0 
2194 5.702682 0 
2195 5.686328 0 
2196 5.693738 0 
2197 5.671397 0 
2198 5.655281 0 
2199 5.679198 0 
2200 5.663019 0 
2201 5.646863 0 
2203 5.785593 0 
2204 5.769347 0 
2205 5.762634 0 
2206 5.791498 0 
2207 5.775105 0 
2208 5.995538 0 
2209 5.979416 0 
2210 5.963896 0 
2211 5.947787 0 
2212 5.931655 0 
2213 5.986271 0 
2214 5.969441 0 
2215 5.953732 0 
2216 5.937398 0 
2217 5.962022 0 
2218 5.945936 0 
2220 5.922092 0 
2221 6.114672 0 
2222 6.099191 0 
2223 6.121376 0 
2224 6.104849 0 
2226 6.174505 0 
2227 6.158156 0 
2230 6.221944 0 
2231 6.218554 0 
2232 6.201689 0 
2234 6.169238 0 
2238 6.250006 0 
2239 6.297401 0 
2242 6.249130 0 
2243 6.421029 0 
2244 6.404978 0 
2245 6.387265 0 
2246 6.371001 0 
2247 6.354854 0 
2248 6.338516 0 
2249 6.350436 0 
2250 6.352615 0 
2251 6.336660 0 
2252 6.320610 0 
2253 6.304112 0 
2255 6.319355 0 
2257 6.326378 0 
2258 6.310251 0 
2261 6.349701 0 
2262 6.333379 0 
2263 6.317727 0 
2265 6.298564 0 
2266 6.278947 0 
2267 6.290106 0 
2268 6.273499 0 
2269 6.257258 0 
2270 6.330327 0 
2271 6.314021 0 
2272 6.297534 0 
2273 6.486005 0 
2274 6.469814 0 
2275 6.464418 0 
2276 6.449524 0 
2277 6.433101 0 
2278 6.416980 0 
2279 6.400975 0 
2281 6.477853 0 
2283 6.571208 0 
2284 6.555335 0 
2285 6.543007 0 
2286 6.526545 0 
2287 6.510543 0 
2288 6.494510 0 
2289 6.510939 0 
2290 6.494703 0 
2292 6.461469 0 
2294 6.429657 0 
2295 6.446671 0 
2296 6.428578 0 
2297 6.412294 0 
2298 6.396706 0 
2299 6.380088 0 
2300 6.363415 0 
2302 6.330560 0 
2303 6.309749 0 
2304 6.299063 0 
2305 6.432519 0 
2307 6.400334 0 
2309 6.368150 0 
2310 6.351871 0 
2311 6.335394 0 
2313 6.303113 0 
2314 6.355099 0 
2315 6.337837 0 
2317 6.305529 0 
2318 6.399755 0 
2319 6.383775 0 
2320 6.367335 0 
2321 6.351380 0 
2322 6.335099 0 
2323 6.318841 0 
2324 6.302774 0 
2325 6.286414 0 
2326 6.270279 0 
2327 6.253029 0 
2328 6.236807 0 
2329 6.323843 0 
2330 6.307760 0 
2331 6.291364 0 
2332 6.275507 0 
2333 6.259192 0 
2334 6.414793 0 
2336 6.382158 0 
2337 6.405314 0 
2338 6.562012 0 
2339 6.546052 0 
2340 6.530561 0 
2341 6.513151 0 
2344 6.526133 0 
2345 6.510273 0 
2346 6.494400 0 
2347 6.504240 0 
2348 6.568186 0 
2349 6.552024 0 
2350 6.563995 0 
2351 6.548123 0 
2366 6.303574 0 
2367 6.387824 0 
2368 6.481357 0 
2370 6.448852 0 
2371 6.432775 0 
2373 6.487697 0 
2375 6.479267 0 
2376 6.493891 0 
2377 6.535857 0 
2378 6.518341 0 
2379 6.501817 0 
2380 6.489144 0 
2382 6.519936 0 
2383 6.516000 0 
2384 6.499953 0 
2385 6.490390 0 
2386 6.474334 0 
2389 6.619057 0 
2390 6.604736 0 
2392 6.693190 0 
2393 6.676714 0 
2394 6.660565 0 
2395 6.644580 0 
2398 6.593471 0 
2401 6.618098 0 
2402 6.601976 0 
2403 6.585418 0 
2404 6.569111 0 
2409 6.634369 0 
2410 6.617987 0 
2411 6.762844 0 
2412 6.746771 0 
2413 6.730298 0 
2414 6.714501 0 
2415 6.746451 0 
2416 6.730486 0 
2417 6.708915 0 
2419 6.697637 0 
2420 6.681537 0 
2421 6.665459 0 
2422 6.641858 0 
2423 6.687285 0 
2424 6.671359 0 
2425 6.727658 0 
2426 6.711548 0 
2428 6.805742 0 
2429 6.842598 0 
2430 6.826901 0 
2431 6.810756 0 
2433 6.778350 0 
2435 6.776451 0 
2436 6.759774 0 
2437 6.747941 0 
2438 6.732421 0 
2441 6.695230 0 
2442 6.675628 0 
2443 6.677013 0 
2444 6.660797 0 
2445 6.660002 0 
2446 6.643879 0 
2447 6.638205 0 
2448 6.622153 0 
2449 6.605980 0 
2450 6.631339 0 
2451 6.609841 0 
2452 6.669448 0 
2454 6.656145 0 
2456 6.694681 0 
2457 6.678663 0 
2458 6.662102 0 
2460 6.667606 0 
2461 6.654661 0 
2462 6.638634 0 
2464 6.605908 0 
2466 6.798573 0 
2467 6.782069 0 
2468 6.764109 0 
2469 6.748241 0 
2470 6.731833 0 
2471 6.716125 0 
2475 6.763846 0 
2476 6.747523 0 
2477 6.731580 0 
2478 6.715044 0 
2481 6.844843 0 
2482 6.829397 0 
2483 6.805472 0 
2484 6.845139 0 
2485 6.859356 0 
2486 6.843281 0 
2487 6.827205 0 
2488 6.811036 0 
2489 6.794917 0 
2491 6.782031 0 
2493 6.748891 0 
2494 6.729176 0 
2495 6.727314 0 
2496 6.707728 0 
2497 6.691636 0 
2498 6.738883 0 
2499 6.722909 0 
2501 6.918702 0 
2502 6.899239 0 
2503 6.883253 0 
2504 7.057625 0 
2506 7.017853 0 
2508 7.043632 0 
2509 7.027485 0 
2510 7.132844 0 
2512 7.096984 0 
2513 7.089144 0 
2516 7.087100 0 
2517 7.070964 0 
2518 7.288450 0 
2519 7.272352 0 
2520 7.256309 0 
2521 7.239719 0 
2522 7.222906 0 
2523 7.342720 0 
2524 7.327573 0 
2525 7.311292 0 
2526 7.455858 0 
2527 7.435981 0 
2528 7.419476 0 
2529 7.403990 0 
2530 7.387825 0 
2531 7.419507 0 
2532 7.403236 0 
2533 7.387147 0 
2535 7.354574 0 
2536 7.338401 0 
2537 7.322238 0 
2538 7.315852 0 
2539 7.300031 0 
2541 7.373693 0 
2543 7.340845 0 
2544 7.423333 0 
2545 7.407098 0 
2546 7.389931 0 
2547 7.429907 0 
2549 7.514569 0 
2550 7.498326 0 
2551 7.481854 0 
2552 7.463268 0 
2553 7.567198 0 
2554 7.551023 0 
2556 7.538302 0 
2557 7.522068 0 
2558 7.505779 0 
2559 7.624914 0 
2560 7.606920 0 
2561 7.590772 0 
2562 7.574469 0 
2564 7.542289 0 
2566 7.620587 0 
2569 7.594341 0 
2570 7.578051 0 
2571 7.561513 0 
2572 7.545407 0 
2574 7.585497 0 
2576 7.552612 0 
2577 7.536395 0 
2581 7.545178 0 
2583 7.631974 0 
2585 7.759942 0 
2586 7.738144 0 
2588 7.790111 0 
2589 7.773837 0 
2591 7.741719 0 
2592 7.725454 0 
2593 7.732377 0 
2594 7.933105 0 
2595 7.921279 0 
2596 7.905005 0 
2597 7.888855 0 
2598 8.004531 0 
2601 8.030370 0 
2602 8.012940 0 
2603 7.993952 0 
2604 7.978181 0 
2605 7.961952 0 
2606 7.945813 0 
2607 8.018141 0 
2610 8.310451 0 
2611 8.294628 0 
2612 8.279071 0 
2613 8.263381 0 
2614 8.247023 0 
2615 8.230807 0 
2616 8.214535 0 
2618 8.181217 0 
2619 8.165135 0 
2620 8.149206 0 
2621 8.132986 0 
2622 8.116750 0 
2623 8.100602 0 
2624 8.084228 0 
2625 8.067961 0 
2627 8.163779 0 
2628 8.147692 0 
2629 8.131562 0 
2630 8.112094 0 
2632 8.079980 0 
2635 8.107134 0 
2636 8.090868 0 
2637 8.074416 0 
2640 8.025876 0 
2641 8.128137 0 
2642 8.110870 0 
2643 8.095065 0 
2644 8.078910 0 
2645 8.062756 0 
2646 8.046440 0 
2647 8.092774 0 
2648 8.100419 0 
2649 8.084125 0 
2650 8.067933 0 
2651 8.051845 0 
2653 8.019174 0 
2739 6.586416 0 
2740 6.950127 0 
2745 6.985431 0 
2746 6.969439 0 
2747 7.028341 0 
2748 7.008688 0 
2749 6.992580 0 
2750 7.058682 0 
2751 7.042598 0 
2752 7.026328 0 
2753 7.007012 0 
2755 6.973524 0 
2756 6.957568 0 
2757 6.940073 0 
2758 6.968108 0 
2759 6.952099 0 
2764 7.110709 0 
2765 7.094004 0 
2766 7.166696 0 
2768 7.129581 0 
2769 7.114083 0 
2770 7.099382 0 
2771 7.146643 0 
2773 7.111531 0 
2774 7.095752 0 
2775 7.075862 0 
2776 7.059244 0 
2777 7.043083 0 
2778 7.026744 0 
2780 6.991527 0 
2782 7.162990 0 
2783 7.149121 0 
2784 7.132618 0 
2785 7.116534 0 
2786 7.160034 0 
2787 7.143950 0 
2788 7.128006 0 
2790 7.149983 0 
2791 7.133298 0 
2792 7.117437 0 
2793 7.216334 0 
2794 7.200386 0 
2796 7.163506 0 
2797 7.206730 0 
2798 7.190743 0 
2799 7.174868 0 
2800 7.151736 0 
2801 7.135321 0 
2802 7.118440 0 
2803 7.100698 0 
2804 7.105442 0 
2805 7.171555 0 
2806 7.147692 0 
2807 7.131479 0 
2808 7.115432 0 
2809 7.099596 0 
2810 7.081185 0 
2811 7.162506 0 
2812 7.146122 0 
2813 7.129974 0 
2814 7.167797 0 
2815 7.151503 0 
2818 7.262602 0 
2819 7.272761 0 
2820 7.256780 0 
2822 7.224877 0 
2823 7.422860 0 
2824 7.407349 0 
2826 7.388422 0 
2827 7.372505 0 
2828 7.378125 0 
2829 7.357892 0 
2831 7.323596 0 
2833 7.290942 0 
2835 8.077945 0 
2836 8.062186 0 
2839 8.013649 0 
2840 7.997282 0 
2841 8.073007 0 
2842 8.056558 0 
2843 8.040307 0 
2844 8.113112 0 
2845 8.097099 0 
2846 8.103824 0 
2847 8.087717 0 
2848 8.071587 0 
2849 8.085498 0 
2850 8.163411 0 
2854 8.159260 0 
2855 8.193796 0 
2856 8.191565 0 
2857 8.175214 0 
2858 8.310620 0 
2859 8.294333 0 
2860 8.278273 0 
2862 8.245798 0 
2863 8.227227 0 
2864 8.329011 0 
2865 8.312569 0 
2866 8.327769 0 
2867 8.327595 0 
2868 8.311367 0 
2869 8.345315 0 
2870 8.328924 0 
2871 8.312983 0 
2872 8.296537 0 
2873 8.280623 0 
2874 8.325734 0 
2875 8.309615 0 
2876 8.291338 0 
2878 8.280651 0 
2880 8.352742 0 
2881 8.336716 0 
2882 8.320749 0 
2883 8.301078 0 
2884 8.339585 0 
2885 8.323168 0 
2886 8.307158 0 
2887 8.371223 0 
2889 8.421341 0 
2891 8.424353 0 
2892 8.448738 0 
2893 8.432714 0 
2894 8.416949 0 
2895 8.399632 0 
2896 8.395081 0 
2897 8.378562 0 
2899 8.654511 0 
2900 8.638202 0 
2901 8.623189 0 
2902 8.607117 0 
2904 8.596965 0 
2906 8.563808 0 
2907 8.556666 0 
2908 8.540660 0 
2910 8.610322 0 
2911 8.594132 0 
2912 8.573823 0 
2914 8.616246 0 
2915 8.604504 0 
2916 8.588598 0 
2917 8.635911 0 
2918 8.619865 0 
2919 8.602813 0 
2920 8.586882 0 
2921 8.570287 0 
2922 8.860800 0 
2923 8.841321 0 
2924 8.825315 0 
2925 8.810784 0 
2926 8.847734 0 
2927 8.823890 0 
2928 8.805213 0 
2930 8.905539 0 
2931 8.889679 0 
2933 8.854240 0 
2934 8.881120 0 
2935 8.977072 0 
2936 8.987884 0 
2937 8.971558 0 
2938 9.000045 0 
2939 8.983837 0 
2941 8.948894 0 
2942 8.943233 0 
2943 8.927348 0 
2944 8.904565 0 
2945 9.003190 0 
2946 8.987125 0 
2947 8.973600 0 
2948 8.957359 0 
2949 9.031556 0 
2950 9.015123 0 
2951 8.998693 0 
2952 8.982485 0 
2954 8.945065 0 
2955 8.928833 0 
2956 8.904903 0 
2957 8.911745 0 
2958 8.896013 0 
2959 8.923469 0 
2960 8.907314 0 
2962 8.874747 0 
2963 8.857987 0 
2965 8.920952 0 
2967 8.885890 0 
2968 8.869497 0 
2969 8.916939 0 
2970 8.900577 0 
2972 8.930896 0 
2973 8.909242 0 
2974 8.893298 0 
2975 8.880903 0 
2976 8.864644 0 
2977 8.845723 0 
2979 9.016972 0 
2980 8.999974 0 
2981 8.984147 0 
2982 8.968214 0 
2984 9.001950 0 
2985 9.029750 0 
2986 9.023676 0 
2987 9.004027 0 
2989 8.956534 0 
2990 9.001868 0 
2991 8.985835 0 
2992 9.009362 0 
2993 8.993184 0 
2994 8.974352 0 
2995 8.957757 0 
2996 8.948341 0 
2997 8.932138 0 
2999 9.001921 0 
3000 8.983155 0 
3001 8.967125 0 
3002 9.046924 0 
3003 9.030748 0 
3004 9.014695 0 
3005 8.998574 0 
3006 8.982535 0 
3008 9.046629 0 
3009 9.024045 0 
3010 9.008218 0 
3011 8.992362 0 
3012 9.027157 0 
3013 9.010900 0 
3014 8.994730 0 
3016 8.960787 0 
3017 8.940712 0 
3018 8.960755 0 
3019 8.944443 0 
3020 8.920816 0 
3021 8.981362 0 
3022 8.964943 0 
3023 8.949033 0 
3025 8.928929 0 
3026 8.912767 0 
3027 8.896739 0 
3028 8.880466 0 
3030 8.846904 0 
3124 7.446969 0 
3125 7.430446 0 
3126 7.414071 0 
3127 7.397521 0 
3128 7.387968 0 
3129 7.479043 0 
3130 7.462551 0 
3132 7.537082 0 
3133 7.520741 0 
3134 7.504494 0 
3135 7.488367 0 
3136 7.704347 0 
3137 7.688121 0 
3138 7.734273 0 
3140 7.699853 0 
3141 7.680100 0 
3142 7.664335 0 
3143 7.648299 0 
3144 7.632223 0 
3145 7.648656 0 
3146 7.632516 0 
3147 7.616334 0 
3148 7.600396 0 
3149 7.583890 0 
3150 7.567848 0 
3151 7.600199 0 
3153 7.624067 0 
3154 7.607815 0 
3155 7.596684 0 
3156 7.574006 0 
3157 7.632359 0 
3158 7.612769 0 
3159 7.596727 0 
3161 7.602752 0 
3162 7.586972 0 
3163 7.570551 0 
3164 7.554269 0 
3166 7.780564 0 
3167 7.764815 0 
3168 7.748669 0 
3169 7.732991 0 
3171 7.700111 0 
3172 7.683888 0 
3173 7.667628 0 
3174 7.651526 0 
3175 7.634309 0 
3176 7.617997 0 
3178 7.585078 0 
3179 7.564619 0 
3180 7.653370 0 
3181 7.636590 0 
3182 7.620771 0 
3183 7.604404 0 
3184 7.588510 0 
3185 7.569891 0 
3186 7.553588 0 
3188 7.521184 0 
3189 7.505003 0 
3190 7.488601 0 
3191 7.470583 0 
3192 7.454356 0 
3193 7.437914 0 
3194 7.421827 0 
3195 7.405690 0 
3196 7.389565 0 
3197 7.566608 0 
3198 7.550158 0 
3199 7.534043 0 
3200 7.545976 0 
3201 7.530207 0 
3202 7.584630 0 
3203 7.568079 0 
3204 7.554583 0 
3205 7.538649 0 
3206 7.551226 0 
3207 7.534953 0 
3208 7.514427 0 
3209 7.607937 0 
3210 7.589583 0 
3211 7.572779 0 
3212 7.556377 0 
3213 7.540365 0 
3215 7.508221 0 
3216 7.491567 0 
3217 7.475932 0 
3218 7.494292 0 
3219 7.477923 0 
3220 7.461596 0 
3221 7.445092 0 
3222 7.452524 0 
3224 7.420196 0 
3225 7.404127 0 
3226 7.388090 0 
3227 7.372085 0 
3229 7.332846 0 
3231 7.327825 0 
3232 7.353449 0 
3233 7.488458 0 
3234 7.472282 0 
3237 7.422645 0 
3238 7.406146 0 
3239 7.390507 0 
3240 7.406425 0 
3241 7.390126 0 
3242 7.368186 0 
3243 7.351820 0 
3244 7.335895 0 
3245 7.319536 0 
3246 7.303815 0 
3247 7.285347 0 
3248 7.268436 0 
3250 7.310074 0 
3252 7.278066 0 
3253 7.262034 0 
3254 7.242457 0 
3255 7.440589 0 
3256 7.424467 0 
3257 7.405502 0 
3258 7.389124 0 
3260 7.511440 0 
3261 7.483831 0 
3263 7.598380 0 
3264 7.582588 0 
3265 7.700465 0 
3266 7.683766 0 
3267 7.667744 0 
3268 7.750031 0 
3269 7.734036 0 
3270 7.717873 0 
3271 7.845012 0 
3272 7.828775 0 
3273 7.810656 0 
3274 7.794459 0 
3276 7.765154 0 
3277 7.813439 0 
3278 7.797085 0 
3279 7.781107 0 
3280 7.764612 0 
3281 7.748398 0 
3282 7.732198 0 
3283 7.716207 0 
3284 7.696646 0 
3285 7.680338 0 
3287 7.739096 0 
3289 7.706197 0 
3290 7.683246 0 
3291 7.666228 0 
3292 7.650285 0 
3293 7.633953 0 
3294 7.617712 0 
3295 7.638097 0 
3297 7.604833 0 
3298 7.892733 0 
3299 7.876322 0 
3300 7.860425 0 
3302 7.843649 0 
3304 7.804663 0 
3305 7.919480 0 
3306 7.903112 0 
3308 7.870938 0 
3310 7.894058 0 
3312 7.858568 0 
3313 7.958047 0 
3314 7.977053 0 
3315 7.960918 0 
3316 7.944779 0 
3317 7.952683 0 
3318 7.936477 0 
3319 8.037480 0 
3320 8.020967 0 
3321 8.004891 0 
3322 7.984079 0 
3323 7.967300 0 
3324 7.950981 0 
3325 7.934774 0 
3326 7.918068 0 
3327 7.947983 0 
3328 7.931692 0 
3329 7.915117 0 
3331 7.964881 0 
3332 7.949388 0 
3333 7.933247 0 
3334 7.917064 0 
3335 7.900513 0 
3336 7.884068 0 
3337 7.875539 0 
3339 7.840888 0 
3340 7.916346 0 
3341 7.900202 0 
3342 7.883877 0 
3343 7.867759 0 
3345 7.916870 0 
3346 7.927975 0 
3347 7.910856 0 
3348 7.894825 0 
3349 7.878493 0 
3350 7.905760 0 
3352 7.873430 0 
3353 7.906164 0 
3354 7.889951 0 
3355 7.873978 0 
3356 7.857501 0 
3357 7.878662 0 
3358 7.862449 0 
3360 7.829736 0 
3361 7.814991 0 
3362 7.798848 0 
3367 8.216096 0 
3368 8.208861 0 
3370 8.241212 0 
3371 8.225017 0 
3372 8.208740 0 
3373 8.192425 0 
3374 8.174783 0 
3375 8.157850 0 
3378 8.165695 0 
3379 8.149844 0 
3380 8.133214 0 
3381 8.113444 0 
3382 8.097356 0 
3383 8.080709 0 
3385 8.200794 0 
3387 8.166468 0 
3388 8.536908 0 
3389 8.520734 0 
3390 8.508312 0 
3391 8.525393 0 
3392 8.509686 0 
3393 8.511482 0 
3394 8.495567 0 
3395 8.500870 0 
3396 8.484637 0 
3397 8.610962 0 
3398 8.594959 0 
3399 8.578621 0 
3400 8.591747 0 
3401 8.575381 0 
3402 8.559126 0 
3403 8.829504 0 
3404 8.808850 0 
3405 8.792567 0 
3406 8.784203 0 
3407 8.767567 0 
3408 8.751743 0 
3409 8.735713 0 
3410 8.713549 0 
3411 8.880335 0 
3412 8.864114 0 
3555 6.459353 0 
3556 6.502915 0 
3557 6.486731 0 
3559 6.454179 0 
3560 6.496013 0 
3561 6.479269 0 
3562 6.462592 0 
3564 6.421544 0 
3565 6.520177 0 
3566 6.504493 0 
3567 6.488010 0 
3570 6.519374 0 
3572 6.664456 0 
3576 6.672244 0 
3577 6.656661 0 
3578 6.640742 0 
3579 6.624941 0 
3580 6.608680 0 
3581 6.629970 0 
3582 6.613379 0 
3583 6.597557 0 
3584 6.581737 0 
3586 6.596877 0 
3587 6.576971 0 
3588 6.560941 0 
3589 6.545099 0 
3590 6.525301 0 
3591 6.597378 0 
3592 6.581046 0 
3593 6.564720 0 
3594 6.568807 0 
3595 6.552362 0 
3596 6.533949 0 
3597 6.585758 0 
3598 6.569613 0 
3599 6.668775 0 
3600 6.652854 0 
3601 6.651276 0 
3602 6.700208 0 
3603 6.684166 0 
3604 6.667813 0 
3605 6.651187 0 
3606 6.635051 0 
3607 6.618437 0 
3608 6.602546 0 
3609 6.586535 0 
3610 6.570178 0 
3611 6.554043 0 
3613 6.521110 0 
3614 6.516471 0 
3615 6.500351 0 
3616 6.525425 0 
3618 6.565881 0 
3619 6.549666 0 
3620 6.533401 0 
3622 6.568271 0 
3623 6.552255 0 
3624 6.536028 0 
3625 6.519784 0 
3627 6.487195 0 
3629 6.454663 0 
3630 6.438550 0 
3631 6.422415 0 
3632 6.445350 0 
3635 6.397153 0 
3636 6.380802 0 
3637 6.462189 0 
3638 6.445975 0 
3639 6.428818 0 
3640 6.412585 0 
3641 6.394984 0 
3642 6.378646 0 
3643 6.412853 0 
3644 6.395824 0 
3645 6.379618 0 
3646 6.376648 0 
3648 6.344402 0 
3650 6.361409 0 
3651 6.346106 0 
3652 6.329951 0 
3653 6.313826 0 
3654 6.297479 0 
3655 6.318601 0 
3656 6.302699 0 
3658 6.270598 0 
3659 6.254673 0 
3660 6.238587 0 
3661 6.237979 0 
3662 6.221748 0 
3663 6.205279 0 
3664 6.249761 0 
3665 6.233906 0 
3666 6.217845 0 
3667 6.201891 0 
3668 6.186016 0 
3669 6.280924 0 
3670 6.264055 0 
3671 6.247801 0 
3672 6.227553 0 
3674 6.390372 0 
3675 6.374942 0 
3676 6.428812 0 
3677 6.451911 0 
3678 6.435354 0 
3679 6.419451 0 
3680 6.403117 0 
3681 6.384627 0 
3682 6.367836 0 
3683 6.344149 0 
3685 6.360748 0 
3687 6.322545 0 
3688 6.306330 0 
3689 6.290304 0 
3690 6.273956 0 
3691 6.258057 0 
3692 6.307582 0 
3693 6.284576 0 
3695 6.252038 0 
3696 6.235687 0 
3697 6.219595 0 
3698 6.197042 0 
3700 6.311907 0 
3702 6.328968 0 
3703 6.305480 0 
3704 6.352539 0 
3706 6.313328 0 
3707 6.308708 0 
3708 6.292844 0 
3710 6.279703 0 
3711 6.266104 0 
3712 6.250085 0 
3713 6.247972 0 
3714 6.231850 0 
3715 6.215734 0 
3716 6.210782 0 
3717 6.194635 0 
3718 6.214349 0 
3719 6.198068 0 
3720 6.182248 0 
3721 6.192731 0 
3722 6.174492 0 
3723 6.372959 0 
3724 6.458771 0 
3725 6.481946 0 
3726 6.465933 0 
3727 6.449848 0 
3729 6.809075 0 
3730 6.792372 0 
3731 6.776114 0 
3732 6.759658 0 
3733 6.743537 0 
3734 6.728194 0 
3735 6.711795 0 
3737 6.687865 0 
3738 6.796540 0 
3739 6.780472 0 
3740 6.764462 0 
3741 6.748281 0 
3742 6.734714 0 
3743 6.773780 0 
3744 6.826025 0 
3745 6.810061 0 
3746 6.793837 0 
3747 6.777886 0 
3748 6.764596 0 
3750 6.731834 0 
3751 6.746980 0 
3752 6.730824 0 
3753 6.715000 0 
3754 6.698966 0 
3755 6.682708 0 
3756 6.899087 0 
3758 6.866817 0 
3759 6.850451 0 
3760 6.941433 0 
3761 6.925393 0 
3763 6.888185 0 
3764 6.871903 0 
3765 6.849727 0 
3766 6.833240 0 
3768 6.866354 0 
3769 6.849715 0 
3770 6.827483 0 
3771 6.899123 0 
3772 6.883089 0 
3773 6.866912 0 
3775 6.824423 0 
3776 6.808129 0 
3777 6.784446 0 
3778 6.768124 0 
3779 6.751890 0 
3780 6.899718 0 
3781 6.891475 0 
3782 6.875601 0 
3783 6.859978 0 
3785 6.827492 0 
3786 7.138966 0 
3787 7.116882 0 
3788 7.100852 0 
3790 7.185906 0 
3791 7.170075 0 
3792 7.153649 0 
3793 7.207021 0 
3794 7.233289 0 
3795 7.217276 0 
3796 7.200197 0 
3797 7.183688 0 
3798 7.167261 0 
3799 7.428278 0 
3800 7.412518 0 
3801 7.450288 0 
3802 7.449519 0 
3803 7.433411 0 
3804 7.417427 0 
3805 7.557959 0 
3806 7.541776 0 
3807 7.525597 0 
3808 7.509551 0 
3809 7.489380 0 
3810 7.469380 0 
3812 7.436936 0 
3813 7.716736 0 
3814 7.700640 0 
3815 7.959047 0 
3816 7.942879 0 
3817 7.926657 0 
3818 8.151821 0 
3819 8.135411 0 
3821 8.155200 0 
3824 8.097828 0 
3826 8.130518 0 
3828 8.090398 0 
3829 8.163075 0 
3830 8.372690 0 
3831 8.356241 0 
3834 8.289832 0 
3835 8.274010 0 
3836 8.253341 0 
3837 8.237050 0 
3838 8.220586 0 
3839 8.204429 0 
3840 8.204254 0 
3841 8.181882 0 
3842 8.171912 0 
3926 6.755294 0 
3928 6.869901 0 
3929 6.853213 0 
3930 6.873005 0 
3931 6.852644 0 
3932 6.836892 0 
3933 6.820446 0 
3934 6.827878 0 
3937 6.828585 0 
3938 6.898941 0 
3939 6.882134 0 
3940 6.866191 0 
3941 6.859878 0 
3942 6.836202 0 
3943 6.896964 0 
3944 6.880979 0 
3945 6.864609 0 
3946 6.989192 0 
3947 6.973066 0 
3949 6.933821 0 
3950 7.077676 0 
3951 7.061532 0 
3952 7.086120 0 
3955 7.174884 0 
3957 7.140654 0 
3958 7.121598 0 
3959 7.105248 0 
3960 7.190280 0 
3962 7.158468 0 
3963 7.196079 0 
3964 7.180264 0 
3965 7.164030 0 
3967 7.131813 0 
3968 7.115388 0 
3969 7.133405 0 
3970 7.117245 0 
3971 7.101042 0 
3972 7.114403 0 
3974 7.081349 0 
3975 7.327050 0 
3976 7.311311 0 
3978 7.355604 0 
3979 7.380755 0 
3980 7.364777 0 
3982 7.432641 0 
3984 7.400248 0 
3985 7.384334 0 
3987 7.356617 0 
3988 7.340561 0 
3989 7.324764 0 
3990 7.320426 0 
3991 7.304282 0 
3992 7.288104 0 
3993 7.317684 0 
3994 7.301248 0 
3995 7.281408 0 
3996 7.259116 0 
3997 7.239475 0 
3998 7.293195 0 
3999 7.277226 0 
4000 7.261145 0 
4001 7.244161 0 
4002 7.227409 0 
4003 7.211550 0 
4004 7.195404 0 
4005 7.180905 0 
4006 7.205666 0 
4007 7.189503 0 
4008 7.173426 0 
4009 7.157265 0 
4011 7.122019 0 
4012 7.157126 0 
4013 7.141234 0 
4015 7.241655 0 
4016 7.224795 0 
4017 7.209792 0 
4018 7.312951 0 
4021 7.467492 0 
4022 7.451418 0 
4023 7.435189 0 
4025 7.400026 0 
4027 7.367072 0 
4028 7.351238 0 
4029 7.387806 0 
4030 7.440260 0 
4033 7.392146 0 
4034 7.374359 0 
4035 7.358315 0 
4036 7.391108 0 
4038 7.390429 0 
4039 7.374751 0 
4040 7.372310 0 
4041 7.349070 0 
4042 7.340181 0 
4043 7.316231 0 
4044 7.300160 0 
4046 7.283715 0 
4048 7.266277 0 
4049 7.250095 0 
4050 7.241098 0 
4051 7.221804 0 
4052 7.226527 0 
4053 7.210413 0 
4054 7.194435 0 
4056 7.159477 0 
4057 7.163802 0 
4058 7.147650 0 
4059 7.131467 0 
4060 7.144485 0 
4061 7.128238 0 
4062 7.109302 0 
4063 7.090498 0 
4065 7.301039 0 
4066 7.285052 0 
4067 7.269047 0 
4068 7.399923 0 
4069 7.384283 0 
4070 7.368156 0 
4072 7.335358 0 
4073 7.319686 0 
4074 7.303997 0 
4075 7.287862 0 
4076 7.276611 0 
4077 7.260333 0 
4078 7.447899 0 
4079 7.432048 0 
4080 7.415839 0 
4081 7.397109 0 
4083 7.447917 0 
4085 7.416196 0 
4086 7.399786 0 
4087 7.435566 0 
4088 7.419565 0 
4089 7.401452 0 
4090 7.437381 0 
4091 7.421351 0 
4093 7.403147 0 
4094 7.385811 0 
4095 7.369411 0 
4096 7.362274 0 
4098 7.330323 0 
4100 7.359467 0 
4101 7.343053 0 
4102 7.324053 0 
4104 7.529071 0 
4105 7.512839 0 
4106 7.496349 0 
4108 7.463993 0 
4109 7.448045 0 
4110 7.429282 0 
4111 7.413301 0 
4112 7.396803 0 
4115 7.601081 0 
4116 7.584821 0 
4117 7.618348 0 
4118 7.596504 0 
4121 7.657102 0 
4123 7.845941 0 
4124 7.830127 0 
4125 7.810571 0 
4128 7.861145 0 
4129 7.845124 0 
4130 7.878129 0 
4131 7.860220 0 
4132 7.843245 0 
4133 7.824613 0 
4135 7.815314 0 
4136 7.894683 0 
4137 7.871325 0 
4138 7.854950 0 
4139 7.840611 0 
4140 8.030095 0 
4141 8.014109 0 
4142 7.998039 0 
4143 7.982238 0 
4144 7.965959 0 
4145 8.007867 0 
4146 7.991798 0 
4614 0.110543 1 
4615 0.093782 1 
4617 0.059306 1 
4618 0.043552 1 
4624 0.006701 1 
4625 0.012989 1 
4626 0.007466 1 
4149 8.121595 0 
4150 8.105533 0 
4151 8.089360 0 
4152 8.073035 0 
4153 8.054810 0 
4154 8.038391 0 
4156 7.998640 0 
4627 0.023893 1 
4630 0.008341 1 
4631 0.009156 1 
4157 8.073162 0 
4158 8.053819 0 
4159 8.037968 0 
4632 0.071158 1 
4633 0.054988 1 
4634 0.038529 1 
4635 0.018706 1 
4636 0.007788 1 
4637 0.011384 1 
4638 0.008579 1 
4639 0.008759 1 
4161 8.116789 0 
4162 8.100676 0 
4163 8.084460 0 
4164 8.068364 0 
4168 8.008601 0 
4169 7.992464 0 
4640 0.028765 1 
4641 0.012727 1 
4170 8.026619 0 
4643 0.008083 1 
4645 0.007414 1 
4646 0.009017 1 
4647 0.007020 1 
4648 0.005629 1 
4649 0.007581 1 
4650 0.007908 1 
4651 0.008376 1 
4179 8.048935 0 
4653 0.012748 1 
4654 0.006659 1 
4655 0.007321 1 
4656 0.006547 1 
4657 0.010663 1 
4658 0.007720 1 
4659 0.007436 1 
4660 0.005895 1 
4661 0.007568 1 
4186 8.099848 0 
4187 8.083530 0 
4662 0.007820 1 
4188 8.082084 0 
4189 8.064074 0 
4190 8.048062 0 
4191 8.035614 0 
4192 8.019357 0 
4663 0.014215 1 
4664 0.006642 1 
4193 8.026662 0 
4194 8.010344 0 
4195 7.994490 0 
4196 7.978349 0 
4665 0.017293 1 
4666 0.011828 1 
4667 0.012746 1 
4669 0.012460 1 
4670 0.007732 1 
4671 0.009754 1 
4199 8.063668 0 
4200 8.047513 0 
4201 8.024075 0 
4202 8.007049 0 
4672 0.014003 1 
4673 0.008964 1 
4674 0.007399 1 
4675 0.014038 1 
4676 0.004924 1 
4677 0.006691 1 
4678 0.011027 1 
4680 0.015987 1 
4682 0.011091 1 
4683 0.005121 1 
4684 0.009094 1 
4685 0.009359 1 
4686 0.014590 1 
4687 0.016524 1 
4688 0.012910 1 
4210 8.156943 0 
4211 8.138604 0 
4212 8.122396 0 
4213 8.106209 0 
4214 8.090164 0 
4215 8.090656 0 
4690 0.012174 1 
4691 0.006328 1 
4322 6.302293 0 
4323 6.283768 0 
4692 0.017810 1 
4693 0.005391 1 
4695 0.010022 1 
4697 0.008708 1 
4698 0.014532 1 
4699 0.008450 1 
4701 0.008243 1 
4702 0.008593 1 
4703 0.008518 1 
4324 6.465356 0 
4326 6.432812 0 
4327 6.416656 0 
4328 6.400513 0 
4329 6.384494 0 
4705 0.009163 1 
4706 0.007702 1 
4330 6.435916 0 
4331 6.419446 0 
4332 6.403300 0 
4334 6.370653 0 
4335 6.351777 0 
4707 0.030910 1 
4708 0.014814 1 
4709 0.014829 1 
4336 6.360409 0 
4337 6.340293 0 
4338 6.324908 0 
4339 6.309095 0 
4340 6.293220 0 
4341 6.276791 0 
4342 6.253959 0 
4343 6.237607 0 
4344 6.221396 0 
4345 6.205054 0 
4347 6.172375 0 
4348 6.158020 0 
4349 6.142345 0 
4710 0.018759 1 
4711 0.010129 1 
4712 0.009645 1 
4713 0.005763 1 
4350 6.184441 0 
4351 6.164792 0 
4352 6.148326 0 
4353 6.132447 0 
4355 6.100096 0 
4356 6.081218 0 
4357 6.076041 0 
4714 0.013204 1 
4715 0.005558 1 
4716 0.022549 1 
4717 0.012430 1 
4718 0.017112 1 
4719 0.018322 1 
4358 6.174006 0 
4360 6.157191 0 
4361 6.141114 0 
4362 6.124984 0 
4363 6.108105 0 
4365 6.071887 0 
4720 0.045683 1 
4721 0.037199 1 
4722 0.014184 1 
4724 0.010529 1 
4725 0.023537 1 
4726 0.035271 1 
4727 0.041553 1 
4728 0.025421 1 
4729 0.017677 1 
4730 0.017270 1 
4732 0.005389 1 
4733 0.017839 1 
4366 6.275463 0 
4367 6.256592 0 
4368 6.240750 0 
4734 0.008763 1 
4735 0.008668 1 
4736 0.008764 1 
4737 0.007700 1 
4738 0.006595 1 
4739 0.005275 1 
4740 0.005661 1 
4741 0.005585 1 
4369 6.340669 0 
4370 6.324636 0 
4372 6.292388 0 
4742 0.005902 1 
4743 0.012295 1 
4745 0.006849 1 
4373 6.359686 0 
4746 0.010998 1 
4747 0.009037 1 
4748 0.006127 1 
4749 0.018819 1 
4750 0.006905 1 
4751 0.005723 1 
4374 6.448041 0 
4753 0.014488 1 
4754 0.015721 1 
4376 6.449435 0 
4755 0.011880 1 
4377 6.450826 0 
4378 6.435246 0 
4379 6.419049 0 
4756 0.009358 1 
4758 0.017229 1 
4759 0.012589 1 
4760 0.010349 1 
4761 0.006332 1 
4763 0.010295 1 
4764 0.013290 1 
4765 0.021970 1 
4766 0.021169 1 
4767 0.017433 1 
4768 0.007489 1 
4382 6.583992 0 
4383 6.567785 0 
4384 6.551177 0 
4385 6.534691 0 
4386 6.518707 0 
4387 6.502605 0 
4770 0.029029 1 
4771 0.017428 1 
4772 0.009229 1 
4773 0.009459 1 
4774 0.006529 1 
4775 0.008729 1 
4776 0.015848 1 
4777 0.009825 1 
4778 0.014503 1 
4780 0.007812 1 
4388 6.690656 0 
4389 6.674309 0 
4390 6.659115 0 
4781 0.009367 1 
4391 6.658387 0 
4392 6.641690 0 
4393 6.625461 0 
4394 6.609417 0 
4782 0.017972 1 
4783 0.008145 1 
4784 0.008296 1 
4395 6.650017 0 
4396 6.634030 0 
4397 6.617782 0 
4398 6.601628 0 
4785 0.019184 1 
4786 0.007766 1 
4787 0.007236 1 
4788 0.016027 1 
4789 0.011447 1 
4790 0.006481 1 
4791 0.006640 1 
4792 0.020818 1 
4793 0.010602 1 
4402 6.685555 0 
4403 6.669506 0 
4794 0.014688 1 
4795 0.013328 1 
4796 0.011602 1 
4797 0.009408 1 
4404 6.723390 0 
4405 6.707216 0 
4406 6.686065 0 
4407 6.669965 0 
4409 6.636184 0 
4798 0.010176 1 
4410 6.631765 0 
4411 6.614081 0 
4412 6.597906 0 
4799 0.006482 1 
4800 0.015690 1 
4801 0.007331 1 
4802 0.012141 1 
4803 0.005930 1 
4804 0.006250 1 
4805 0.006764 1 
4807 0.015393 1 
4808 0.012796 1 
4414 6.742481 0 
4415 6.723156 0 
4416 6.710384 0 
4418 6.678465 0 
4419 6.659763 0 
4420 6.643682 0 
4421 6.627579 0 
4423 6.595654 0 
4809 0.036204 1 
4425 6.600318 0 
4810 0.037121 1 
4811 0.021147 1 
4812 0.029310 1 
4813 0.012866 1 
4814 0.022655 1 
4426 6.664733 0 
4816 0.011669 1 
4817 0.018741 1 
4818 0.012300 1 
4821 0.017377 1 
4823 0.012398 1 
4824 0.016382 1 
4825 0.018340 1 
4826 0.017520 1 
4427 6.832132 0 
4428 6.816515 0 
4431 6.760482 0 
4432 6.744059 0 
4433 6.723505 0 
4434 6.707164 0 
4435 6.690938 0 
4436 6.669990 0 
4437 6.648814 0 
4829 0.010941 1 
4438 6.671078 0 
4439 6.653770 0 
4830 0.014914 1 
4831 0.009819 1 
4832 0.040151 1 
4833 0.023810 1 
4834 0.007466 1 
4441 6.695532 0 
4442 6.678377 0 
4835 0.009591 1 
4836 0.030927 1 
4837 0.019067 1 
4444 6.720259 0 
4446 6.687902 0 
4838 0.029161 1 
4839 0.013360 1 
4840 0.007838 1 
4842 0.019051 1 
4448 6.722690 0 
4844 0.012437 1 
4449 6.725271 0 
4450 6.709150 0 
4845 0.010014 1 
4846 0.010157 1 
4451 6.738800 0 
4452 6.722982 0 
4454 6.689920 0 
4847 0.015391 1 
4455 6.686834 0 
4848 0.021457 1 
4849 0.010695 1 
4456 6.711319 0 
4457 6.693577 0 
4458 6.673834 0 
4850 0.015263 1 
4852 0.007183 1 
4853 0.008887 1 
4854 0.017161 1 
4855 0.014224 1 
4856 0.009808 1 
4857 0.031622 1 
4858 0.015118 1 
4859 0.004914 1 
4860 0.018948 1 
4462 6.797661 0 
4861 0.013017 1 
4862 0.009898 1 
4863 0.007703 1 
4464 6.816978 0 
4465 6.800942 0 
4864 0.012398 1 
4865 0.013040 1 
4866 0.019842 1 
4868 0.012504 1 
4869 0.021112 1 
4870 0.012277 1 
4871 0.031335 1 
4872 0.024475 1 
4466 6.932012 0 
4467 6.915908 0 
4468 6.899666 0 
4873 0.023771 1 
4874 0.013937 1 
4875 0.010278 1 
4876 0.015876 1 
4877 0.020065 1 
4879 0.013916 1 
4881 0.012665 1 
4882 0.015470 1 
4883 0.007098 1 
4884 0.012600 1 
4885 0.020285 1 
4886 0.017664 1 
4887 0.010017 1 
4889 0.009974 1 
4890 0.008576 1 
4891 0.011696 1 
4892 0.012061 1 
4472 7.179762 0 
4473 7.160841 0 
4474 7.144792 0 
4475 7.128587 0 
4476 7.112376 0 
4477 7.096599 0 
4478 7.080487 0 
4479 7.064494 0 
4894 0.022684 1 
4481 7.066847 0 
4483 7.043139 0 
4484 7.027094 0 
4485 7.009454 0 
4486 6.992659 0 
4896 0.034390 1 
4897 0.043836 1 
4898 0.027682 1 
4900 0.014226 1 
4901 0.016620 1 
4902 0.008898 1 
4904 0.008409 1 
4905 0.009963 1 
4906 0.009578 1 
4907 0.007275 1 
4908 0.011466 1 
4489 7.148408 0 
4491 7.116783 0 
4909 0.022573 1 
4492 7.118150 0 
4910 0.012717 1 
4911 0.013064 1 
4912 0.013212 1 
4913 0.009391 1 
4496 7.115390 0 
4498 7.075093 0 
4499 7.059452 0 
4500 7.042850 0 
4502 7.010996 0 
4503 6.991791 0 
4914 0.024901 1 
4915 0.029940 1 
4916 0.019009 1 
4504 7.023365 0 
4506 6.991135 0 
4507 6.975169 0 
4508 6.958993 0 
4509 6.936622 0 
4510 6.920950 0 
4511 6.904634 0 
4917 0.010391 1 
4918 0.009372 1 
4919 0.007921 1 
4920 0.009316 1 
4921 0.021131 1 
4923 0.011708 1 
4924 0.021318 1 
4925 0.012244 1 
4926 0.008341 1 
4927 0.012979 1 
4515 7.023518 0 
4516 7.007183 0 
4928 0.023063 1 
4929 0.022320 1 
4931 0.007891 1 
4517 7.053951 0 
4518 7.037271 0 
4519 7.021058 0 
4520 7.004769 0 
4521 6.988188 0 
4522 6.972406 0 
4523 6.955863 0 
4525 6.923491 0 
4526 6.903879 0 
4527 6.887717 0 
4528 6.871519 0 
4529 6.855320 0 
4530 6.839130 0 
4531 6.822892 0 
4932 0.011304 1 
4933 0.014050 1 
4533 6.830133 0 
4534 6.808413 0 
4535 6.790531 0 
4934 0.011988 1 
4935 0.011457 1 
4536 6.832685 0 
4537 6.816616 0 
4538 6.799845 0 
4936 0.024538 1 
4937 0.008200 1 
4938 0.012219 1 
4939 0.014577 1 
4940 0.012773 1 
4539 6.856520 0 
4941 0.012118 1 
4942 0.012430 1 
4944 0.008187 1 
4540 6.910991 0 
4541 6.894612 0 
4542 6.892264 0 
4543 6.876125 0 
4544 6.856533 0 
4945 0.028354 1 
4946 0.012117 1 
4546 6.841061 0 
4547 6.823633 0 
4947 0.013523 1 
4548 6.817114 0 
4549 6.801016 0 
4948 0.020433 1 
4949 0.008239 1 
4550 6.812709 0 
4950 0.021081 1 
4952 0.010813 1 
4953 0.008522 1 
4954 0.015162 1 
4955 0.017347 1 
4957 0.011789 1 
4958 0.010629 1 
4959 0.016313 1 
4960 0.005988 1 
4551 6.977764 0 
4552 6.961883 0 
4554 6.926436 0 
4555 6.915697 0 
4556 6.898813 0 
4557 6.883198 0 
4559 6.871316 0 
4962 0.014148 1 
4963 0.026335 1 
4964 0.012366 1 
4965 0.015208 1 
4560 6.925269 0 
4561 6.908803 0 
4562 6.891871 0 
4564 6.859575 0 
4565 6.842574 0 
4566 6.826069 0 
4567 6.810152 0 
4568 6.793871 0 
4569 6.775960 0 
4966 0.016350 1 
4571 6.759218 0 
4572 6.742486 0 
4967 0.016822 1 
4969 0.113569 1 
4970 0.097342 1 
4971 0.081034 1 
4972 0.064868 1 
4973 0.049215 1 
4974 0.032853 1 
4975 0.047854 1 
4976 0.030612 1 
4977 0.018675 1 
4979 0.011403 1 
4980 0.010944 1 
4981 0.017218 1 
4982 0.014407 1 
4983 0.139629 1 
4985 0.138047 1 
4986 0.120190 1 
4987 0.104318 1 
4988 0.087931 1 
4989 0.071743 1 
4990 0.055542 1 
4991 0.040896 1 
4992 0.029989 1 
4993 0.012783 1 
4994 0.010415 1 
4995 0.008564 1 
4578 7.134210 0 
4579 7.117813 0 
4581 7.085375 0 
4582 7.069039 0 
4583 7.053406 0 
4996 0.018795 1 
4997 0.036663 1 
4998 0.029091 1 
4999 0.017980 1 
5000 0.011059 1 
5001 0.013477 1 
5002 0.010900 1 
5003 0.027292 1 
5004 0.019227 1 
5006 0.015019 1 
5007 0.010335 1 
5008 0.016837 1 
5009 0.009432 1 
5010 0.005925 1 
5011 0.019793 1 
5012 0.024050 1 
5013 0.009022 1 
4585 7.351821 0 
4586 7.332490 0 
4587 7.316977 0 
5015 0.027440 1 
5016 0.016656 1 
5017 0.017721 1 
4588 7.348863 0 
4589 7.332756 0 
4590 7.316714 0 
4591 7.300571 0 
4592 7.284209 0 
4593 7.268033 0 
4594 7.251673 0 
5020 0.007413 1 
5022 0.011525 1 
4597 7.271408 0 
4598 7.274842 0 
4599 7.258989 0 
4600 7.241351 0 
4601 7.225295 0 
4602 7.209888 0 
4603 7.193833 0 
5023 0.024957 1 
4604 7.190803 0 
4605 7.167474 0 
4606 7.151261 0 
5024 0.031922 1 
5025 0.021867 1 
4608 7.141479 0 
4609 7.125184 0 
4610 7.109061 0 
4611 7.093057 0 
4612 7.075525 0 
5028 0.014353 1 
5029 0.023747 1 
5030 0.014153 1 
4690 5.789456 0 
4691 5.773350 0 
4692 5.757095 0 
4693 5.733424 0 
4695 5.704174 0 
5031 0.023476 1 
5032 0.008590 1 
4697 5.716917 0 
4698 5.700514 0 
4699 5.684399 0 
4701 5.651886 0 
4702 5.635831 0 
4703 5.617668 0 
5033 0.016757 1 
4705 5.592627 0 
4706 5.576054 0 
5034 0.008937 1 
4707 5.567677 0 
5035 0.008655 1 
5036 0.037599 1 
5037 0.021810 1 
5038 0.008532 1 
5039 0.018028 1 
4710 5.642611 0 
4711 5.626439 0 
4712 5.609746 0 
5041 0.042872 1 
5043 0.015614 1 
5044 0.008735 1 
4714 5.626497 0 
4715 5.606286 0 
4716 5.590213 0 
4717 5.573972 0 
4718 5.550061 0 
5045 0.009011 1 
4719 5.545463 0 
5046 0.010343 1 
5047 0.007560 1 
5048 0.018191 1 
5049 0.007489 1 
5051 0.008253 1 
5052 0.014313 1 
5053 0.007342 1 
5054 0.023594 1 
5055 0.025514 1 
5056 0.008975 1 
5057 0.010288 1 
5058 0.009278 1 
5059 0.007744 1 
5060 0.008553 1 
5061 0.016912 1 
5062 0.009012 1 
5063 0.012013 1 
5064 0.025395 1 
5065 0.013469 1 
4721 5.882080 0 
4722 5.859459 0 
5067 0.040485 1 
4724 5.826021 0 
4725 5.810538 0 
5068 0.030076 1 
5069 0.019441 1 
5070 0.021292 1 
4727 5.811260 0 
5071 0.008846 1 
5072 0.010603 1 
5073 0.038118 1 
5074 0.031478 1 
5075 0.021233 1 
4728 5.884506 0 
4729 5.867870 0 
4730 5.852072 0 
5076 0.031129 1 
5078 0.017654 1 
5080 0.022405 1 
4732 5.909747 0 
4733 5.891274 0 
4734 5.874758 0 
4735 5.858655 0 
5081 0.028164 1 
5082 0.011940 1 
5083 0.016943 1 
5084 0.009968 1 
5085 0.028243 1 
5086 0.026501 1 
5088 0.014165 1 
5089 0.017486 1 
5090 0.010615 1 
5091 0.005695 1 
4736 6.023060 0 
4737 6.006982 0 
5093 0.017154 1 
5095 0.022341 1 
5096 0.027012 1 
5097 0.021796 1 
4740 6.070138 0 
4741 6.053525 0 
4742 6.037583 0 
5099 0.019178 1 
5100 0.025288 1 
5101 0.016271 1 
4743 6.066541 0 
5103 0.026172 1 
5104 0.027486 1 
5105 0.011684 1 
5106 0.009707 1 
5107 0.011130 1 
4747 6.099329 0 
4748 6.083128 0 
4749 6.066615 0 
4750 6.051709 0 
4751 6.035702 0 
4753 6.001895 0 
4754 5.985625 0 
4755 5.969431 0 
4756 5.953121 0 
5108 0.011511 1 
5109 0.030964 1 
5110 0.029102 1 
5111 0.013670 1 
5112 0.012108 1 
5113 0.010701 1 
4760 6.008960 0 
4761 5.992897 0 
4763 5.955269 0 
4764 5.939672 0 
4765 5.923605 0 
4766 5.907141 0 
5114 0.017842 1 
5115 0.034719 1 
5116 0.020581 1 
5117 0.012542 1 
5118 0.027245 1 
5119 0.029379 1 
5120 0.013134 1 
5122 0.015000 1 
5123 0.014500 1 
5124 0.013347 1 
5125 0.017261 1 
5126 0.015220 1 
5127 0.027356 1 
5128 0.025164 1 
4768 6.129580 0 
4770 6.096266 0 
4771 6.080045 0 
5130 0.007932 1 
5131 0.026313 1 
5132 0.015900 1 
5133 0.039500 1 
5134 0.023234 1 
5135 0.026104 1 
5136 0.034837 1 
5137 0.018557 1 
5138 0.011155 1 
5139 0.020507 1 
5140 0.020051 1 
4778 6.144621 0 
4780 6.109442 0 
5141 0.010364 1 
5143 0.012857 1 
5144 0.014039 1 
5145 0.025140 1 
5146 0.030437 1 
5147 0.014496 1 
5148 0.010445 1 
4781 6.221724 0 
4782 6.205121 0 
4783 6.188517 0 
4784 6.169783 0 
4785 6.153664 0 
5149 0.025675 1 
5151 0.016797 1 
5152 0.013999 1 
5153 0.022839 1 
4786 6.242103 0 
4787 6.224307 0 
4788 6.207867 0 
4789 6.192135 0 
4790 6.196093 0 
4791 6.179826 0 
4792 6.162122 0 
4793 6.143508 0 
4794 6.127152 0 
4795 6.106880 0 
5154 0.047928 1 
5156 0.018067 1 
5157 0.008094 1 
5158 0.033977 1 
5159 0.017719 1 
4796 6.174931 0 
4797 6.158905 0 
4798 6.142585 0 
4799 6.126806 0 
5161 0.025696 1 
5162 0.017382 1 
5163 0.019568 1 
5164 0.055119 1 
5165 0.039037 1 
5166 0.023113 1 
5168 0.027907 1 
5169 0.013884 1 
4800 6.267393 0 
4801 6.251325 0 
4802 6.235118 0 
4803 6.218950 0 
4804 6.202295 0 
4805 6.186217 0 
4807 6.148005 0 
4808 6.130708 0 
4809 6.114065 0 
4810 6.096614 0 
4811 6.080683 0 
5170 0.024357 1 
5171 0.012129 1 
5172 0.020235 1 
5173 0.025136 1 
5174 0.019070 1 
5175 0.008836 1 
4812 6.150984 0 
4813 6.134369 0 
4814 6.113739 0 
4816 6.071441 0 
5176 0.034836 1 
5178 0.021217 1 
4817 6.113506 0 
4818 6.097401 0 
4819 6.080983 0 
4821 6.046166 0 
4823 6.009555 0 
5179 0.029742 1 
5180 0.014595 1 
5181 0.029723 1 
5182 0.027715 1 
5183 0.016727 1 
5184 0.007589 1 
5185 0.023803 1 
5186 0.014946 1 
5187 0.013670 1 
5188 0.011060 1 
4824 6.183946 0 
5189 0.009040 1 
4825 6.187987 0 
4826 6.172341 0 
4829 6.123931 0 
4830 6.107907 0 
4831 6.091624 0 
4832 6.075243 0 
4833 6.058869 0 
5190 0.025835 1 
5191 0.024297 1 
4834 6.075067 0 
4835 6.058833 0 
4836 6.042842 0 
4837 6.025929 0 
4838 6.009849 0 
4839 5.993899 0 
5192 0.008854 1 
5193 0.014836 1 
5194 0.017303 1 
5195 0.006839 1 
5196 0.014991 1 
4840 6.068481 0 
4842 6.034278 0 
4844 6.002055 0 
4845 5.985972 0 
4846 5.962749 0 
4847 5.946392 0 
4848 5.930092 0 
4849 5.913726 0 
4850 5.897217 0 
4852 5.861989 0 
4853 5.842263 0 
4854 5.826121 0 
4855 5.810222 0 
4856 5.794103 0 
4857 5.774780 0 
4858 5.758222 0 
4859 5.741919 0 
4860 5.725613 0 
4861 5.709569 0 
4862 5.688990 0 
4863 5.672669 0 
5197 0.025147 1 
5198 0.016916 1 
4864 5.686822 0 
4865 5.670408 0 
4866 5.654597 0 
5199 0.014581 1 
5200 0.021467 1 
5201 0.025917 1 
5202 0.024123 1 
5203 0.013317 1 
4868 5.714951 0 
4869 5.698841 0 
4870 5.682617 0 
4871 5.666037 0 
4872 5.650290 0 
4873 5.633924 0 
4874 5.617877 0 
4875 5.598759 0 
4876 5.579049 0 
4877 5.562907 0 
4879 5.530247 0 
5205 0.039751 1 
5206 0.026791 1 
4881 5.546918 0 
4882 5.529227 0 
4883 5.512935 0 
4884 5.496788 0 
4885 5.480628 0 
4886 5.464487 0 
5207 0.026860 1 
5208 0.022964 1 
5209 0.016843 1 
5210 0.026914 1 
5211 0.020947 1 
5212 0.018252 1 
4890 5.493569 0 
4891 5.477207 0 
4892 5.460972 0 
4894 5.428802 0 
5214 0.023305 1 
5215 0.008873 1 
5216 0.006108 1 
5217 0.015707 1 
4896 5.520046 0 
4897 5.503978 0 
4898 5.487881 0 
4900 5.455541 0 
4901 5.437179 0 
4902 5.420563 0 
5219 0.032135 1 
5221 0.053352 1 
5222 0.050659 1 
5223 0.052629 1 
5224 0.032504 1 
5227 0.012286 1 
5228 0.010120 1 
4904 5.562066 0 
4905 5.545829 0 
4906 5.529548 0 
4907 5.512982 0 
4908 5.497002 0 
4909 5.480746 0 
4910 5.462592 0 
4911 5.446489 0 
4912 5.422546 0 
4913 5.406792 0 
4914 5.390772 0 
4915 5.374399 0 
4916 5.357918 0 
4917 5.342002 0 
4918 5.325774 0 
5229 0.053412 1 
5230 0.033871 1 
5231 0.017871 1 
4919 5.328523 0 
4920 5.312508 0 
4921 5.296346 0 
4923 5.257928 0 
4924 5.247753 0 
4925 5.231988 0 
4926 5.215782 0 
4927 5.199661 0 
4928 5.183445 0 
5232 0.017602 1 
5233 0.010695 1 
5234 0.013300 1 
5235 0.019589 1 
5236 0.024959 1 
5237 0.014968 1 
5238 0.015624 1 
5240 0.015461 1 
5242 0.014560 1 
5243 0.011083 1 
5244 0.015502 1 
5245 0.011066 1 
4934 5.278514 0 
4935 5.267808 0 
4936 5.251525 0 
4937 5.235244 0 
4938 5.218988 0 
4939 5.202750 0 
4940 5.185724 0 
4941 5.163625 0 
4942 5.147942 0 
4944 5.115413 0 
4945 5.099144 0 
4946 5.082897 0 
4947 5.066780 0 
4948 5.048423 0 
4949 5.031983 0 
4950 5.014629 0 
4952 4.976917 0 
4953 4.960745 0 
4954 4.943912 0 
4955 4.927702 0 
4957 4.894686 0 
5246 0.009422 1 
5247 0.063117 1 
5248 0.047213 1 
4960 4.939589 0 
4964 4.873791 0 
4966 4.841782 0 
4967 4.825652 0 
4969 4.790841 0 
4970 4.774546 0 
4971 4.758240 0 
4972 4.742037 0 
4973 4.725896 0 
4974 4.709941 0 
4975 4.693965 0 
4976 4.676809 0 
4977 4.660712 0 
4979 4.624746 0 
4980 4.608924 0 
4981 4.592754 0 
4982 4.576774 0 
4983 4.560172 0 
4984 4.543446 0 
4985 4.523712 0 
4986 4.506096 0 
5250 0.029096 1 
5251 0.020238 1 
5252 0.020150 1 
5253 0.020427 1 
5254 0.011852 1 
5255 0.008741 1 
5256 0.023656 1 
5257 0.014595 1 
4987 4.604324 0 
4988 4.587969 0 
4989 4.571784 0 
4990 4.555583 0 
4991 4.539121 0 
4992 4.523207 0 
4993 4.505990 0 
4994 4.489803 0 
4995 4.466054 0 
4996 4.446471 0 
4997 4.430264 0 
4998 4.414269 0 
4999 4.390476 0 
5000 4.374574 0 
5001 4.358251 0 
5002 4.342115 0 
5003 4.325269 0 
5004 4.308745 0 
5006 4.273980 0 
5007 4.258202 0 
5008 4.242072 0 
5009 4.225766 0 
5010 4.209600 0 
5011 4.193383 0 
5012 4.176857 0 
5013 4.160761 0 
5015 4.127134 0 
5016 4.110212 0 
5017 4.093899 0 
5018 4.075554 0 
5020 4.042498 0 
5022 4.009677 0 
5023 3.993382 0 
5024 3.977629 0 
5025 3.955663 0 
5028 3.906574 0 
5029 3.888635 0 
5030 3.872734 0 
5031 3.856342 0 
5032 3.840045 0 
5033 3.823751 0 
5034 3.807053 0 
5035 3.790982 0 
5036 3.774180 0 
5037 3.758313 0 
5038 3.742434 0 
5039 3.726096 0 
5041 3.692961 0 
5043 3.659868 0 
5044 3.643016 0 
5045 3.627188 0 
5258 0.009353 1 
5259 0.029862 1 
5046 3.653231 0 
5047 3.634830 0 
5048 3.618754 0 
5049 3.601696 0 
5051 3.569580 0 
5052 3.553395 0 
5053 3.537133 0 
5054 3.521108 0 
5055 3.504702 0 
5056 3.488173 0 
5057 3.471090 0 
5058 3.454766 0 
5059 3.438606 0 
5060 3.422600 0 
5061 3.406364 0 
5062 3.389867 0 
5063 3.374038 0 
5064 3.358039 0 
5065 3.341841 0 
5067 3.309334 0 
5068 3.292271 0 
5069 3.276823 0 
5070 3.258848 0 
5071 3.242703 0 
5072 3.226593 0 
5073 3.210503 0 
5074 3.194296 0 
5075 3.178180 0 
5076 3.161942 0 
5078 3.128309 0 
5080 3.095648 0 
5081 3.079735 0 
5082 3.063502 0 
5083 3.046793 0 
5084 3.030804 0 
5085 3.014610 0 
5086 2.998399 0 
5088 2.964452 0 
5260 0.020896 1 
5261 0.008878 1 
5262 0.006202 1 
5263 0.013506 1 
5264 0.013153 1 
5266 0.019529 1 
5267 0.019987 1 
5268 0.013353 1 
5269 0.033318 1 
5270 0.016124 1 
5271 0.008040 1 
5272 0.076559 1 
5273 0.060584 1 
5274 0.044394 1 
5275 0.066343 1 
5277 0.060139 1 
5279 0.026240 1 
5280 0.022991 1 
5281 0.020477 1 
5282 0.012460 1 
5283 0.007167 1 
5284 0.024889 1 
5285 0.017290 1 
5287 0.009760 1 
5288 0.018010 1 
5289 0.010701 1 
5290 0.014642 1 
5292 0.017298 1 
5294 0.010182 1 
5295 0.015002 1 
5296 0.023738 1 
5298 0.014399 1 
5299 0.021010 1 
5300 0.012046 1 
5302 0.022068 1 
5303 0.012902 1 
5304 0.023121 1 
5305 0.015984 1 
5306 0.008667 1 
5307 0.020794 1 
5308 0.033453 1 
5309 0.015132 1 
5310 0.039555 1 
5311 0.027317 1 
5312 0.055163 1 
5313 0.039072 1 
5314 0.041885 1 
5315 0.027816 1 
5316 0.013044 1 
5317 0.011170 1 
5318 0.084863 1 
5319 0.068730 1 
5321 0.043410 1 
5322 0.026870 1 
5323 0.010248 1 
5324 0.015929 1 
5325 0.011010 1 
5326 0.014417 1 
5327 0.014795 1 
5329 0.015239 1 
5330 0.012120 1 
5331 0.013051 1 
5332 0.010875 1 
5333 0.017412 1 
5334 0.019213 1 
5335 0.009215 1 
5336 0.016318 1 
5337 0.006236 1 
5338 0.028141 1 
5339 0.023822 1 
5340 0.014017 1 
5342 0.031168 1 
5343 0.015178 1 
5344 0.014569 1 
5345 0.017464 1 
5346 0.014749 1 
5347 0.015025 1 
5348 0.026891 1 
5350 0.007268 1 
5351 0.016481 1 
5352 0.017879 1 
5353 0.010014 1 
5355 0.007846 1 
5356 0.013753 1 
5357 0.024503 1 
5358 0.022068 1 
5360 0.020098 1 
5361 0.025293 1 
5362 0.013608 1 
5363 0.022234 1 
5364 0.015826 1 
5365 0.020305 1 
5367 0.015296 1 
5368 0.011375 1 
5369 0.041630 1 
5370 0.026144 1 
5371 0.017016 1 
5372 0.017166 1 
5373 0.021763 1 
5374 0.012909 1 
5375 0.011894 1 
5377 0.011363 1 
5378 0.008298 1 
5379 0.009848 1 
5380 0.010599 1 
5381 0.024732 1 
5382 0.015242 1 
5383 0.014246 1 
5384 0.005932 1 
5385 0.023857 1 
5386 0.013129 1 
5387 0.006516 1 
5388 0.079186 1 
5389 0.062869 1 
5390 0.046718 1 
5391 0.040139 1 
5392 0.023914 1 
5393 0.016581 1 
5394 0.029250 1 
5395 0.043470 1 
5396 0.026717 1 
5397 0.010790 1 
5398 0.008955 1 
5399 0.008928 1 
5400 0.023075 1 
5401 0.015846 1 
5402 0.006934 1 
5404 0.015826 1 
5405 0.011298 1 
5406 0.028554 1 
5407 0.014545 1 
5408 0.013157 1 
5409 0.012213 1 
5410 0.014962 1 
5411 0.013621 1 
5413 0.020952 1 
5414 0.011986 1 
5415 0.010978 1 
5416 0.011096 1 
5418 0.013450 1 
5420 0.011481 1 
5421 0.016212 1 
5422 0.026686 1 
5423 0.016449 1 
5426 0.012263 1 
5427 0.012258 1 
5428 0.048892 1 
5429 0.042077 1 
5430 0.036053 1 
5431 0.032830 1 
5432 0.016782 1 
5433 0.012035 1 
5434 0.023681 1 
5435 0.015709 1 
5436 0.028062 1 
5437 0.025266 1 
5439 0.011933 1 
5441 0.044636 1 
5442 0.049126 1 
5443 0.032821 1 
5444 0.017454 1 
5445 0.016468 1 
5446 0.016242 1 
5447 0.010580 1 
5449 0.014340 1 
5450 0.008901 1 
5451 0.008476 1 
5452 0.016555 1 
5453 0.007315 1 
5454 0.032332 1 
5455 0.016169 1 
5456 0.007085 1 
5457 0.024027 1 
5458 0.017959 1 
5459 0.017407 1 
5460 0.025810 1 
5461 0.017180 1 
5462 0.013823 1 
5463 0.017682 1 
5465 0.016391 1 
5466 0.021088 1 
5467 0.016418 1 
5468 0.014133 1 
5469 0.010390 1 
5470 0.000171 1 
5471 0.016624 1 
5472 0.010400 1 
5473 0.007647 1 
5474 0.009324 1 
5476 0.011243 1 
5478 0.017776 1 
5479 0.014992 1 
5480 0.010270 1 
5481 0.016494 1 
5482 0.009233 1 
5483 0.008625 1 
5484 0.019232 1 
5486 0.012533 1 
5487 0.014380 1 
5488 0.014044 1 
5489 0.011226 1 
5491 0.012274 1 
5493 0.015500 1 
5494 0.013731 1 
5495 0.008959 1 
5497 0.012438 1 
5498 0.014784 1 
5499 0.011839 1 
5501 0.028947 1 
5502 0.021540 1 
5503 0.015529 1 
5504 0.007102 1 
5505 0.048918 1 
5506 0.033006 1 
5507 0.034166 1 
5508 0.024192 1 
5509 0.027501 1 
5510 0.017990 1 
5511 0.008454 1 
5512 0.015952 1 
5513 0.017466 1 
5514 0.006556 1 
5515 0.014000 1 
5516 0.007092 1 
5517 0.009199 1 
5518 0.015946 1 
5520 0.031164 1 
5521 0.033978 1 
5522 0.017548 1 
5523 0.013242 1 
5524 0.014124 1 
5525 0.012592 1 
5526 0.014359 1 
5528 0.013471 1 
5529 0.008573 1 
5530 0.008754 1 
5531 0.011606 1 
5532 0.008458 1 
5533 0.028781 1 
5534 0.020423 1 
5535 0.007803 1 
5536 0.019966 1 
5537 0.013352 1 
5538 0.008890 1 
5539 0.010456 1 
5541 0.009527 1 
5542 0.027183 1 
5543 0.013473 1 
5544 0.012287 1 
5545 0.031084 1 
5546 0.014834 1 
5547 0.009124 1 
5549 0.011584 1 
5550 0.013753 1 
5551 0.024281 1 
5552 0.023251 1 
5554 0.005833 1 
5555 0.023129 1 
5556 0.008186 1 
5557 0.007025 1 
5559 0.011149 1 
5560 0.018171 1 
5561 0.032975 1 
5562 0.024570 1 
5563 0.027158 1 
5564 0.022137 1 
5566 0.011357 1 
5567 0.026943 1 
5568 0.028549 1 
5569 0.015978 1 
5570 0.024983 1 
5571 0.012516 1 
5572 0.009918 1 
5573 0.008627 1 
5574 0.013475 1 
5576 0.031224 1 
5577 0.012718 1 
5578 0.010923 1 
5579 0.024407 1 
5580 0.015729 1 
5581 0.011743 1 
5582 0.019099 1 
5583 0.014774 1 
5584 0.044861 1 
5585 0.029138 1 
5587 0.010879 1 
5588 0.024553 1 
5589 0.016262 1 
5591 0.028436 1 
5592 0.016441 1 
5593 0.013541 1 
5594 0.027140 1 
5595 0.012222 1 
5596 0.015417 1 
5597 0.005936 1 
5598 0.015082 1 
5599 0.006196 1 
5600 0.010217 1 
5601 0.016535 1 
5603 0.008174 1 
5604 0.024981 1 
5605 0.016826 1 
5606 0.024509 1 
5607 0.016491 1 
5608 0.014991 1 
5609 0.006165 1 
5610 0.017184 1 
5612 0.040733 1 
5613 0.024483 1 
5614 0.022070 1 
5615 0.008384 1 
5617 0.007423 1 
5619 0.038679 1 
5620 0.038987 1 
5621 0.058763 1 
5622 0.042631 1 
5625 0.040921 1 
5626 0.029639 1 
5627 0.054884 1 
5628 0.041590 1 
5629 0.025166 1 
5630 0.042029 1 
5631 0.030329 1 
5632 0.028248 1 
5633 0.026208 1 
5634 0.036492 1 
5635 0.020527 1 
5636 0.016929 1 
5638 0.040000 1 
5640 0.023268 1 
5641 0.036958 1 
5642 0.020020 1 
5643 0.015036 1 
5644 0.036879 1 
5645 0.022396 1 
5646 0.020850 1 
5648 0.009245 1 
5649 0.012606 1 
5650 0.023679 1 
5651 0.013878 1 
5652 0.008732 1 
5653 0.038449 1 
5654 0.018645 1 
5655 0.039920 1 
5656 0.023545 1 
5657 0.018288 1 
5658 0.023696 1 
5659 0.016251 1 
5660 0.009850 1 
5661 0.071331 1 
5662 0.055027 1 
5664 0.044462 1 
5665 0.027320 1 
5666 0.028292 1 
5670 0.265270 1 
5671 0.248403 1 
5672 0.232336 1 
5673 0.215762 1 
5675 0.183816 1 
5677 0.151430 1 
5678 0.135007 1 
5679 0.119041 1 
5680 0.102496 1 
5681 0.086311 1 
5682 0.070057 1 
5683 0.053546 1 
5685 0.020918 1 
5686 0.011236 1 
5687 0.025474 1 
5688 0.018810 1 
5690 0.025332 1 
5692 0.013566 1 
5693 0.024780 1 
5694 0.048914 1 
5696 0.046280 1 
5697 0.029714 1 
5698 0.034193 1 
5700 0.026934 1 
5701 0.022361 1 
5702 0.026323 1 
5703 0.010527 1 
5704 0.006965 1 
5705 0.019950 1 
5706 0.012201 1 
5707 0.011398 1 
5708 0.020063 1 
5709 0.014497 1 
5710 0.010562 1 
5711 0.020371 1 
5712 0.006093 1 
5713 0.011859 1 
5714 0.020195 1 
5715 0.017580 1 
5716 0.011149 1 
5717 0.027560 1 
5719 0.013312 1 
5720 0.009299 1 
5721 0.011145 1 
5722 0.009926 1 
5723 0.018444 1 
5724 0.016989 1 
5725 0.013378 1 
5727 0.010011 1 
5728 0.013936 1 
5729 0.043650 1 
5730 0.025466 1 
5731 0.009353 1 
5732 0.015941 1 
5733 0.014275 1 
5734 0.009636 1 
5735 0.016275 1 
5736 0.007811 1 
5737 0.014120 1 
5738 0.010436 1 
5740 0.010678 1 
5741 0.027804 1 
5742 0.020205 1 
5743 0.014268 1 
5744 0.005802 1 
5745 0.005497 1 
5746 0.012858 1 
5748 0.024511 1 
5749 0.010611 1 
5750 0.031987 1 
5751 0.026746 1 
5753 0.014255 1 
5754 0.021022 1 
5755 0.011067 1 
5756 0.016554 1 
5758 0.008442 1 
5759 0.022914 1 
5760 0.021325 1 
5761 0.010681 1 
5762 0.009588 1 
5763 0.011126 1 
5765 0.031018 1 
5766 0.014757 1 
5767 0.019179 1 
5768 0.018858 1 
5769 0.010280 1 
5770 0.010857 1 
5771 0.024082 1 
5772 0.010592 1 
5773 0.009516 1 
5775 0.011368 1 
5776 0.007854 1 
5777 0.013585 1 
5778 0.007751 1 
5779 0.008226 1 
5780 0.007447 1 
5781 0.006716 1 
5782 0.009482 1 
5783 0.015918 1 
5784 0.011318 1 
5785 0.009359 1 
5786 0.016532 1 
5787 0.011308 1 
5788 0.014813 1 
5789 0.019882 1 
5790 0.011968 1 
5791 0.015698 1 
5792 0.017966 1 
5793 0.007295 1 
5794 0.009421 1 
5795 0.008644 1 
5796 0.020063 1 
5797 0.008699 1 
5798 0.009400 1 
5799 0.009294 1 
5800 0.008891 1 
5802 0.016417 1 
5803 0.012954 1 
5804 0.013841 1 
5805 0.016496 1 
5806 0.012784 1 
5807 0.013783 1 
5808 0.028092 1 
5809 0.011899 1 
5811 0.019161 1 
5812 0.014563 1 
5813 0.009268 1 
5814 0.010995 1 
5816 0.009116 1 
5818 0.018582 1 
5819 0.059487 1 
5820 0.057704 1 
5821 0.042649 1 
5824 0.010189 1 
5825 0.030094 1 
5826 0.037856 1 
5827 0.026270 1 
5828 0.025551 1 
5829 0.008417 1 
5830 0.013601 1 
5831 0.029453 1 
5832 0.013453 1 
5833 0.009360 1 
5834 0.009166 1 
5835 0.011401 1 
5837 0.022815 1 
5839 0.012854 1 
5840 0.006708 1 
5841 0.008623 1 
5842 0.005896 1 
5843 0.023312 1 
5844 0.013498 1 
5845 0.010515 1 
5847 0.012065 1 
5848 0.009662 1 
5849 0.014458 1 
5850 0.014581 1 
5851 0.028238 1 
5852 0.023780 1 
5853 0.016843 1 
5854 0.007411 1 
5855 0.006715 1 
5856 0.027949 1 
5857 0.015149 1 
5858 0.008445 1 
5859 0.024486 1 
5860 0.011159 1 
5861 0.011072 1 
5863 0.017196 1 
5864 0.029967 1 
5865 0.015556 1 
5866 0.025121 1 
5867 0.010787 1 
5868 0.021658 1 
5869 0.009382 1 
5870 0.018067 1 
5871 0.016017 1 
5872 0.009691 1 
5874 0.017476 1 
5876 0.009495 1 
5877 0.021297 1 
5878 0.025124 1 
5879 0.015200 1 
5880 0.029253 1 
5881 0.012946 1 
5882 0.020883 1 
5884 0.012810 1 
5885 0.009674 1 
5886 0.013242 1 
5887 0.009857 1 
5889 0.035711 1 
5891 0.016565 1 
5892 0.014817 1 
5893 0.014199 1 
5895 0.025373 1 
5896 0.017251 1 
5897 0.016640 1 
5899 0.009555 1 
5900 0.009447 1 
5901 0.018412 1 
5902 0.011519 1 
5903 0.064078 1 
5904 0.094182 1 
5905 0.078048 1 
5906 0.061607 1 
5907 0.045371 1 
5908 0.029386 1 
5909 0.030690 1 
5910 0.040313 1 
5911 0.044636 1 
5912 0.025487 1 
5913 0.027232 1 
5914 0.019013 1 
5915 0.023005 1 
5916 0.025257 1 
5918 0.015228 1 
5919 0.013860 1 
5920 0.007772 1 
5921 0.021444 1 
5922 0.009940 1 
5923 0.012190 1 
5924 0.022632 1 
5926 0.009796 1 
5927 0.039158 1 
5928 0.023254 1 
5929 0.013388 1 
5930 0.012164 1 
5931 0.025875 1 
5932 0.015494 1 
5933 0.016874 1 
5934 0.009345 1 
5935 0.011936 1 
5936 0.016474 1 
5937 0.015397 1 
5939 0.033983 1 
5940 0.026461 1 
5941 0.010794 1 
5942 0.011391 1 
5943 0.008538 1 
5944 0.007787 1 
5945 0.021873 1 
5947 0.009196 1 
5948 0.008029 1 
5949 0.013353 1 
5950 0.013763 1 
5952 0.074627 1 
5953 0.053913 1 
5954 0.035698 1 
5955 0.019754 1 
5957 0.006605 1 
5958 0.021037 1 
5959 0.007016 1 
5960 0.008584 1 
5961 0.016152 1 
5962 0.006530 1 
5964 0.015819 1 
5965 0.010274 1 
5966 0.011404 1 
5967 0.025757 1 
5968 0.012555 1 
5969 0.023075 1 
5970 0.022717 1 
5971 0.015399 1 
5972 0.010530 1 
5974 0.014651 1 
5975 0.013354 1 
5976 0.014936 1 
5977 0.012343 1 
5978 0.007888 1 
5979 0.015445 1 
5980 0.010508 1 
5981 0.012410 1 
5982 0.015306 1 
5983 0.006305 1 
5984 0.011878 1 
5985 0.013763 1 
5986 0.007197 1 
5987 0.014798 1 
5988 0.021806 1 
5989 0.012300 1 
5990 0.009187 1 
5991 0.012126 1 
5992 0.018519 1 
5993 0.013994 1 
5994 0.010420 1 
5995 0.010010 1 
5996 0.010212 1 
5997 0.007334 1 
5998 0.010645 1 
5999 0.006126 1 
6001 0.012468 1 
6002 0.016299 1 
6003 0.008983 1 
6004 0.016034 1 
6005 0.006983 1 
6006 0.009163 1 
6007 0.018124 1 
6008 0.017806 1 
6010 0.025038 1 
6011 0.011200 1 
6012 0.016366 1 
6013 0.019771 1 
6015 0.005456 1 
6017 0.015838 1 
6018 0.032589 1 
6019 0.048451 1 
6020 0.027220 1 
6023 0.024209 1 
6024 0.020565 1 
6025 0.048579 1 
6026 0.032445 1 
6027 0.015851 1 
6028 0.024679 1 
6029 0.013968 1 
6030 0.008220 1 
6031 0.032261 1 
6032 0.016271 1 
6033 0.009014 1 
6034 0.016688 1 
6036 0.015187 1 
6038 0.013978 1 
6039 0.015076 1 
6040 0.027158 1 
6041 0.013671 1 
6042 0.012788 1 
6043 0.047865 1 
6044 0.031477 1 
6046 0.022124 1 
6047 0.012533 1 
6048 0.023100 1 
6049 0.031267 1 
6050 0.014993 1 
6051 0.011325 1 
6052 0.010069 1 
6053 0.023298 1 
6054 0.018400 1 
6055 0.023683 1 
6056 0.012707 1 
6057 0.018831 1 
6058 0.010803 1 
6059 0.025755 1 
6060 0.018257 1 
6062 0.030761 1 
6063 0.026910 1 
6064 0.018717 1 
6065 0.018741 1 
6066 0.010310 1 
6067 0.029390 1 
6068 0.023082 1 
6069 0.014197 1 
6070 0.006895 1 
6071 0.026729 1 
6073 0.021645 1 
6075 0.010388 1 
6076 0.010776 1 
6077 0.016675 1 
6078 0.016150 1 
6079 0.010782 1 
6080 0.026267 1 
6081 0.009776 1 
6083 0.026785 1 
6084 0.025285 1 
6085 0.013440 1 
6086 0.027359 1 
6088 0.029660 1 
6090 0.019337 1 
6091 0.012284 1 
6092 0.020676 1 
6094 0.011505 1 
6095 0.021645 1 
6096 0.011862 1 
6098 0.019040 1 
6099 0.015250 1 
6100 0.014363 1 
6101 0.009794 1 
6102 0.011432 1 
6103 0.011602 1 
6104 0.014229 1 
6105 0.020436 1 
6106 0.023207 1 
6107 0.008932 1 
6108 0.021839 1 
6109 0.010830 1 
6110 0.026217 1 
6111 0.015434 1 
6112 0.011534 1 
6113 0.012698 1 
6114 0.022444 1 
6115 0.013863 1 
6117 0.014573 1 
6118 0.009971 1 
6119 0.011873 1 
6120 0.016102 1 
6121 0.015788 1 
6122 0.034668 1 
6123 0.018394 1 
6125 0.023392 1 
6126 0.034017 1 
6127 0.016081 1 
6128 0.024085 1 
6129 0.022397 1 
6130 0.026485 1 
6131 0.022838 1 
6132 0.014960 1 
6133 0.011990 1 
6134 0.019062 1 
6135 0.011364 1 
6136 0.011744 1 
6138 0.016292 1 
6139 0.010081 1 
6140 0.035748 1 
6141 0.023610 1 
6142 0.017008 1 
6143 0.017758 1 
6144 0.019231 1 
6146 0.010098 1 
6147 0.015037 1 
6148 0.012133 1 
6149 0.011091 1 
6151 0.009464 1 
6152 0.011226 1 
6153 0.022984 1 
6154 0.007004 1 
6156 0.022851 1 
6157 0.012242 1 
6158 0.007722 1 
6159 0.021531 1 
6160 0.012464 1 
6161 0.006780 1 
6163 0.013709 1 
6164 0.015266 1 
6165 0.024056 1 
6166 0.020824 1 
6167 0.015467 1 
6168 0.009357 1 
6169 0.009811 1 
6170 0.013851 1 
6171 0.015198 1 
6173 0.016757 1 
6174 0.014935 1 
6175 0.015735 1 
6176 0.014111 1 
6177 0.026613 1 
6178 0.018864 1 
6179 0.015890 1 
6180 0.008843 1 
6181 0.022737 1 
6182 0.012229 1 
6183 0.021814 1 
6184 0.016983 1 
6185 0.011594 1 
6186 0.013087 1 
6187 0.023328 1 
6188 0.012447 1 
6189 0.014051 1 
6190 0.022015 1 
6191 0.030945 1 
6192 0.014980 1 
6193 0.022315 1 
6194 0.012387 1 
6195 0.007363 1 
6196 0.024940 1 
6197 0.015705 1 
6198 0.019590 1 
6200 0.011235 1 
6201 0.009037 1 
6202 0.016643 1 
6203 0.015569 1 
6204 0.013519 1 
6205 0.014645 1 
6206 0.010804 1 
6207 0.022385 1 
6209 0.019431 1 
6210 0.017846 1 
6211 0.021137 1 
6212 0.013209 1 
6214 0.019741 1 
6216 0.013057 1 
6217 0.028143 1 
6218 0.041963 1 
6219 0.035418 1 
6222 0.012025 1 
6223 0.013894 1 
6224 0.060838 1 
6225 0.041263 1 
6226 0.024889 1 
6227 0.020638 1 
6228 0.007923 1 
6229 0.009501 1 
6230 0.017603 1 
6231 0.006976 1 
6232 0.015033 1 
6233 0.007865 1 
6235 0.021055 1 
6237 0.017459 1 
6238 0.019340 1 
6239 0.017204 1 
6240 0.014358 1 
6241 0.014506 1 
6242 0.008093 1 
6243 0.008847 1 
6245 0.014305 1 
6246 0.008540 1 
6247 0.031371 1 
6248 0.024642 1 
6249 0.020218 1 
6250 0.019529 1 
6251 0.015186 1 
6252 0.006887 1 
6253 0.007682 1 
6254 0.014657 1 
6255 0.007477 1 
6256 0.018697 1 
6257 0.017856 1 
6258 0.013093 1 
6259 0.020908 1 
6261 0.016669 1 
6262 0.025488 1 
6263 0.021725 1 
6264 0.013767 1 
6265 0.014167 1 
6266 0.027613 1 
6267 0.011016 1 
6268 0.009120 1 
6269 0.017610 1 
6270 0.015920 1 
6272 0.030469 1 
6274 0.012685 1 
6275 0.024149 1 
6276 0.010381 1 
6277 0.019971 1 
6278 0.011474 1 
6279 0.016294 1 
6280 0.011831 1 
6282 0.024824 1 
6283 0.018244 1 
6284 0.014606 1 
6285 0.017792 1 
6287 0.033234 1 
6289 0.014890 1 
6290 0.015234 1 
6291 0.014852 1 
6293 0.010588 1 
6294 0.017966 1 
6295 0.014515 1 
6297 0.012546 1 
6298 0.018505 1 
6299 0.012404 1 
6300 0.081174 1 
6301 0.064649 1 
6302 0.060468 1 
6303 0.088907 1 
6304 0.072764 1 
6305 0.056284 1 
6306 0.040391 1 
6307 0.032051 1 
6308 0.016007 1 
6309 0.015549 1 
6310 0.018947 1 
6311 0.031139 1 
6312 0.028863 1 
6313 0.019210 1 
6314 0.073711 1 
6316 0.039451 1 
6317 0.035923 1 
6318 0.019411 1 
6319 0.026628 1 
6320 0.023738 1 
6321 0.011109 1 
6322 0.016469 1 
6324 0.022702 1 
6325 0.013353 1 
6326 0.015429 1 
6327 0.009744 1 
6328 0.018494 1 
6329 0.009844 1 
6330 0.008024 1 
6331 0.022191 1 
6332 0.017553 1 
6333 0.012135 1 
6334 0.012853 1 
6335 0.016853 1 
6337 0.020280 1 
6338 0.013021 1 
6339 0.014926 1 
6340 0.023582 1 
6341 0.014639 1 
6342 0.010799 1 
6343 0.023658 1 
6345 0.013767 1 
6346 0.017712 1 
6347 0.015607 1 
6348 0.013434 1 
6350 0.017335 1 
6351 0.022102 1 
6352 0.011744 1 
6353 0.012908 1 
6355 0.047121 1 
6358 0.021796 1 
6359 0.015654 1 
6360 0.013201 1 
6362 0.017742 1 
6363 0.017330 1 
6364 0.027350 1 
6365 0.020595 1 
6366 0.021765 1 
6367 0.013855 1 
6368 0.014620 1 
6369 0.007986 1 
6370 0.031165 1 
6372 0.024410 1 
6373 0.018755 1 
6374 0.024285 1 
6375 0.010957 1 
6376 0.015507 1 
6377 0.026409 1 
6378 0.021986 1 
6379 0.015613 1 
6380 0.022955 1 
6381 0.018034 1 
6382 0.023799 1 
6383 0.019165 1 
6384 0.015074 1 
6385 0.013497 1 
6386 0.025905 1 
6387 0.014071 1 
6388 0.032438 1 
6389 0.016315 1 
6390 0.012342 1 
6391 0.014448 1 
6392 0.017432 1 
6393 0.012220 1 
6394 0.031315 1 
6395 0.015152 1 
6396 0.011152 1 
6397 0.010952 1 
6399 0.014900 1 
6400 0.014840 1 
6401 0.017944 1 
6402 0.008815 1 
6403 0.005625 1 
6404 0.009530 1 
6405 0.011432 1 
6406 0.017745 1 
6408 0.017388 1 
6409 0.020608 1 
6410 0.022270 1 
6411 0.005986 1 
6413 0.011578 1 
6415 0.009598 1 
6416 0.034489 1 
6417 0.036204 1 
6418 0.031996 1 
6421 0.044217 1 
6422 0.032957 1 
6423 0.044957 1 
6424 0.028929 1 
6425 0.016026 1 
6426 0.012577 1 
6427 0.007462 1 
6428 0.027137 1 
6429 0.020309 1 
6430 0.022142 1 
6431 0.025918 1 
6432 0.015166 1 
6434 0.045723 1 
6436 0.016317 1 
6437 0.011522 1 
6438 0.008495 1 
6439 0.015043 1 
6440 0.016261 1 
6441 0.015567 1 
6442 0.018397 1 
6444 0.019644 1 
6445 0.023120 1 
6446 0.010785 1 
6447 0.016572 1 
6448 0.007354 1 
6449 0.029445 1 
6450 0.016989 1 
6451 0.015660 1 
6452 0.015257 1 
6453 0.027918 1 
6454 0.011437 1 
6455 0.012691 1 
6456 0.012873 1 
6457 0.010627 1 
6458 0.010662 1 
6460 0.013119 1 
6461 0.014402 1 
6462 0.026938 1 
6463 0.018153 1 
6464 0.010096 1 
6465 0.024684 1 
6466 0.013891 1 
6467 0.015637 1 
6468 0.011691 1 
6469 0.010370 1 
6471 0.021326 1 
6473 0.015111 1 
6474 0.028535 1 
6475 0.018548 1 
6476 0.011067 1 
6477 0.017886 1 
6478 0.019498 1 
6479 0.014206 1 
6481 0.028549 1 
6482 0.013134 1 
6483 0.009014 1 
6484 0.027726 1 
6486 0.023931 1 
6488 0.015532 1 
6489 0.011011 1 
6490 0.027782 1 
6492 0.018858 1 
6493 0.011003 1 
6494 0.017834 1 
6496 0.022008 1 
6497 0.013560 1 
6498 0.010880 1 
6499 0.015415 1 
6500 0.061298 1 
6501 0.052457 1 
6502 0.036298 1 
6503 0.038621 1 
6504 0.021073 1 
6505 0.013094 1 
6506 0.016245 1 
6507 0.007828 1 
6508 0.037537 1 
6509 0.035959 1 
6510 0.019931 1 
6511 0.033147 1 
6512 0.016731 1 
6513 0.015107 1 
6515 0.026245 1 
6516 0.013088 1 
6517 0.028083 1 
6518 0.023890 1 
6519 0.012226 1 
6520 0.017823 1 
6521 0.016943 1 
6523 0.010882 1 
6524 0.018364 1 
6525 0.011140 1 
6526 0.008741 1 
6527 0.013398 1 
6528 0.011469 1 
6529 0.010860 1 
6530 0.015815 1 
6531 0.013569 1 
6532 0.013402 1 
6533 0.016389 1 
6534 0.007695 1 
6536 0.015942 1 
6537 0.014237 1 
6538 0.009687 1 
6539 0.021169 1 
6540 0.011473 1 
6541 0.011810 1 
6542 0.008290 1 
6544 0.019787 1 
6545 0.016432 1 
6546 0.012131 1 
6547 0.010905 1 
6549 0.012174 1 
6550 0.019967 1 
6551 0.024667 1 
6552 0.012384 1 
6554 0.021145 1 
6555 0.013843 1 
6556 0.007998 1 
6557 0.010773 1 
6558 0.013290 1 
6559 0.010691 1 
6561 0.017153 1 
6562 0.016477 1 
6563 0.015636 1 
6564 0.009841 1 
6565 0.019305 1 
6566 0.020149 1 
6567 0.015526 1 
6568 0.007120 1 
6569 0.014259 1 
6571 0.012251 1 
6572 0.024609 1 
6573 0.020761 1 
6574 0.018995 1 
6575 0.015584 1 
6576 0.008488 1 
6577 0.014292 1 
6578 0.015321 1 
6579 0.017914 1 
6580 0.035687 1 
6581 0.019536 1 
6582 0.010650 1 
6583 0.015209 1 
6584 0.017049 1 
6585 0.009253 1 
6586 0.019236 1 
6587 0.013192 1 
6588 0.024971 1 
6589 0.013580 1 
6590 0.013665 1 
6591 0.015919 1 
6592 0.025604 1 
6593 0.011789 1 
6594 0.007188 1 
6595 0.008785 1 
6596 0.014557 1 
6598 0.025908 1 
6599 0.014016 1 
6600 0.013833 1 
6601 0.010809 1 
6602 0.010634 1 
6603 0.008023 1 
6604 0.023182 1 
6605 0.022184 1 
6607 0.040502 1 
6608 0.024703 1 
6609 0.008804 1 
6610 0.020079 1 
6612 0.007874 1 
6614 0.010285 1 
6615 0.036582 1 
6616 0.039002 1 
6617 0.022739 1 
6620 0.014241 1 
6621 0.008042 1 
6622 0.052737 1 
6623 0.035967 1 
6624 0.016962 1 
6625 0.013699 1 
6626 0.011815 1 
6627 0.015777 1 
6628 0.038219 1 
6629 0.022112 1 
6630 0.007062 1 
6631 0.018727 1 
6633 0.017401 1 
6635 0.019585 1 
6636 0.015055 1 
6637 0.014636 1 
6638 0.009142 1 
6639 0.009284 1 
6640 0.023525 1 
6641 0.022316 1 
6643 0.032506 1 
6644 0.018043 1 
6645 0.007742 1 
6646 0.031354 1 
6647 0.015338 1 
6648 0.012209 1 
6649 0.009411 1 
6650 0.009905 1 
6651 0.020847 1 
6652 0.022828 1 
6653 0.014557 1 
6654 0.012145 1 
6655 0.015024 1 
6656 0.014770 1 
6657 0.008588 1 
6659 0.026102 1 
6660 0.031240 1 
6661 0.024064 1 
6662 0.023688 1 
6663 0.006348 1 
6664 0.019341 1 
6665 0.008257 1 
6666 0.015328 1 
6667 0.023616 1 
6668 0.009033 1 
6670 0.028149 1 
6672 0.008105 1 
6673 0.017941 1 
6674 0.015302 1 
6675 0.007633 1 
6676 0.017826 1 
6677 0.016022 1 
6678 0.007711 1 
6680 0.011555 1 
6681 0.012205 1 
6682 0.021688 1 
6683 0.023680 1 
6685 0.021870 1 
6687 0.018154 1 
6688 0.025210 1 
6689 0.014040 1 
6691 0.049865 1 
6692 0.033698 1 
6693 0.038644 1 
6695 0.013308 1 
6696 0.013310 1 
6697 0.029615 1 
6698 0.012781 1 
6699 0.039338 1 
6700 0.023020 1 
6701 0.012794 1 
6702 0.006062 1 
6703 0.022811 1 
6704 0.013688 1 
6705 0.017589 1 
6706 0.024128 1 
6707 0.016115 1 
6708 0.013137 1 
6709 0.025675 1 
6710 0.009856 1 
6711 0.019189 1 
6712 0.016108 1 
6714 0.016034 1 
6715 0.023174 1 
6716 0.013178 1 
6717 0.037968 1 
6718 0.021220 1 
6719 0.016968 1 
6720 0.008689 1 
6722 0.013149 1 
6723 0.007060 1 
6724 0.034001 1 
6725 0.017864 1 
6726 0.010523 1 
6727 0.023557 1 
6728 0.012697 1 
6729 0.008857 1 
6730 0.015388 1 
6731 0.015867 1 
6732 0.011872 1 
6733 0.021379 1 
6735 0.010807 1 
6736 0.027797 1 
6737 0.012316 1 
6738 0.016149 1 
6739 0.021164 1 
6740 0.014762 1 
6741 0.005401 1 
6743 0.012332 1 
6744 0.018203 1 
6745 0.024024 1 
6746 0.034578 1 
6748 0.011836 1 
6749 0.014666 1 
6750 0.009540 1 
6751 0.021277 1 
6753 0.016861 1 
6754 0.021927 1 
6755 0.008707 1 
6756 0.010317 1 
6757 0.010743 1 
6758 0.012923 1 
6760 0.029379 1 
6761 0.038802 1 
6762 0.034083 1 
6763 0.017899 1 
6764 0.024981 1 
6765 0.016824 1 
6766 0.008728 1 
6767 0.016282 1 
6768 0.009971 1 
6770 0.015461 1 
6771 0.007852 1 
6772 0.006317 1 
6773 0.019725 1 
6774 0.020655 1 
6775 0.006701 1 
6776 0.018870 1 
6777 0.009694 1 
6778 0.010366 1 
6779 0.013123 1 
6780 0.010580 1 
6781 0.013374 1 
6782 0.014444 1 
6783 0.008934 1 
6784 0.012353 1 
6785 0.013524 1 
6786 0.019857 1 
6787 0.015200 1 
6788 0.020979 1 
6789 0.010538 1 
6790 0.010680 1 
6791 0.025988 1 
6792 0.028871 1 
6793 0.012283 1 
6794 0.021661 1 
6795 0.015736 1 
6797 0.024015 1 
6798 0.015275 1 
6799 0.015069 1 
6800 0.018749 1 
6801 0.011692 1 
6802 0.013291 1 
6803 0.023724 1 
6804 0.013093 1 
6806 0.038387 1 
6807 0.022683 1 
6808 0.016137 1 
6809 0.014481 1 
6811 0.005217 1 
6813 0.026246 1 
6814 0.014262 1 
6815 0.028287 1 
6816 0.025693 1 
6819 0.018023 1 
6820 0.020197 1 
6821 0.051083 1 
6822 0.034842 1 
6823 0.018372 1 
6824 0.008478 1 
6825 0.026051 1 
6826 0.013694 1 
6827 0.018677 1 
6828 0.015205 1 
6829 0.018667 1 
6830 0.007762 1 
6832 0.013181 1 
6834 0.017040 1 
6835 0.012778 1 
6836 0.018419 1 
6837 0.013967 1 
6838 0.013870 1 
6839 0.030843 1 
6840 0.021337 1 
6842 0.018456 1 
6843 0.020112 1 
6844 0.010781 1 
6845 0.020001 1 
6846 0.009572 1 
6847 0.010134 1 
6848 0.008937 1 
6849 0.014826 1 
6850 0.012093 1 
6851 0.024514 1 
6852 0.018099 1 
6853 0.013472 1 
6854 0.022067 1 
6855 0.017640 1 
6856 0.014721 1 
6858 0.030607 1 
6859 0.036644 1 
6860 0.020304 1 
6861 0.031752 1 
6862 0.015516 1 
6863 0.022074 1 
6864 0.021291 1 
6865 0.014936 1 
6866 0.013930 1 
6867 0.021585 1 
6869 0.045509 1 
6871 0.017438 1 
6872 0.018146 1 
6873 0.020612 1 
6874 0.011884 1 
6875 0.005463 1 
6876 0.026406 1 
6877 0.015483 1 
6879 0.015703 1 
6880 0.012182 1 
6881 0.007118 1 
6882 0.006152 1 
6884 0.017143 1 
6886 0.021637 1 
6887 0.024866 1 
6888 0.019756 1 
6890 0.015444 1 
6891 0.012457 1 
6892 0.017466 1 
6894 0.017394 1 
6895 0.015754 1 
6896 0.016793 1 
6897 0.009040 1 
6898 0.019226 1 
6899 0.013215 1 
6900 0.031766 1 
6901 0.023312 1 
6902 0.014132 1 
6903 0.009993 1 
6904 0.013176 1 
6905 0.010598 1 
6906 0.009797 1 
6907 0.012872 1 
6908 0.011800 1 
6909 0.011615 1 
6910 0.017217 1 
6911 0.006530 1 
6913 0.015190 1 
6914 0.007659 1 
6915 0.008933 1 
6916 0.014148 1 
6917 0.009013 1 
6918 0.015111 1 
6919 0.009561 1 
6921 0.013173 1 
6922 0.012946 1 
6923 0.011226 1 
6924 0.015033 1 
6925 0.013313 1 
6926 0.018748 1 
6927 0.011733 1 
6928 0.015697 1 
6929 0.015208 1 
6930 0.017059 1 
6931 0.016470 1 
6932 0.010845 1 
6934 0.023056 1 
6935 0.018791 1 
6936 0.018772 1 
6937 0.039917 1 
6938 0.035581 1 
6939 0.035414 1 
6940 0.028646 1 
6942 0.018112 1 
6943 0.011738 1 
6944 0.015851 1 
6945 0.025644 1 
6947 0.016891 1 
6948 0.023276 1 
6949 0.012425 1 
6950 0.010645 1 
6952 0.013423 1 
6953 0.013807 1 
6954 0.016923 1 
6955 0.007051 1 
6956 0.006835 1 
6957 0.006278 1 
6959 0.008015 1 
6960 0.015016 1 
6961 0.026565 1 
6962 0.024565 1 
6963 0.008319 1 
6964 0.011023 1 
6965 0.014402 1 
6966 0.006132 1 
6967 0.020680 1 
6969 0.048996 1 
6970 0.032798 1 
6971 0.028339 1 
6972 0.017713 1 
6973 0.019966 1 
6974 0.016279 1 
6975 0.007979 1 
6976 0.022838 1 
6977 0.018272 1 
6978 0.013073 1 
6979 0.022878 1 
6980 0.017505 1 
6981 0.019014 1 
6982 0.013456 1 
6983 0.011792 1 
6984 0.010861 1 
6985 0.023827 1 
6986 0.032879 1 
6987 0.020929 1 
6988 0.013121 1 
6989 0.027427 1 
6990 0.022867 1 
6991 0.027931 1 
6992 0.015418 1 
6993 0.014951 1 
6994 0.014749 1 
6996 0.007790 1 
6997 0.009625 1 
6998 0.020395 1 
6999 0.015014 1 
7000 0.013252 1 
7001 0.010664 1 
7002 0.010801 1 
7003 0.013863 1 
7005 0.017641 1 
7006 0.007329 1 
7007 0.006874 1 
7008 0.010415 1 
7010 0.006094 1 
7012 0.019618 1 
7013 0.040414 1 
7014 0.059364 1 
7015 0.043273 1 
7018 0.016757 1 
7019 0.008457 1 
7020 0.059754 1 
7021 0.040184 1 
7022 0.023759 1 
7023 0.013270 1 
7024 0.025808 1 
7025 0.015415 1 
7026 0.019999 1 
7027 0.008954 1 
7028 0.008769 1 
7029 0.027560 1 
7031 0.018176 1 
7033 0.018682 1 
7034 0.012310 1 
7035 0.020626 1 
7036 0.008365 1 
7037 0.012019 1 
7038 0.053415 1 
7039 0.031543 1 
7041 0.022758 1 
7042 0.030311 1 
7043 0.014095 1 
7044 0.027158 1 
7045 0.011312 1 
7046 0.027413 1 
7047 0.025076 1 
7048 0.018055 1 
7049 0.015667 1 
7050 0.038904 1 
7051 0.022855 1 
7052 0.018505 1 
7053 0.047263 1 
7054 0.031103 1 
7055 0.016973 1 
7057 0.085138 1 
7058 0.069078 1 
7059 0.052945 1 
7060 0.036813 1 
7061 0.020622 1 
7062 0.013510 1 
7063 0.026520 1 
7064 0.010130 1 
7065 0.008879 1 
7066 0.032370 1 
7068 0.011017 1 
7070 0.013821 1 
7071 0.013895 1 
7072 0.020282 1 
7073 0.012505 1 
7074 0.012058 1 
7075 0.017089 1 
7076 0.014364 1 
7078 0.035733 1 
7079 0.026965 1 
7080 0.016105 1 
7081 0.017526 1 
7083 0.025434 1 
7085 0.015799 1 
7086 0.009188 1 
7087 0.017325 1 
7089 0.014305 1 
7090 0.019641 1 
7091 0.022840 1 
7093 0.059058 1 
7094 0.042790 1 
7095 0.026650 1 
7096 0.047572 1 
7097 0.031380 1 
7098 0.064530 1 
7099 0.048736 1 
7100 0.066024 1 
7101 0.049628 1 
7102 0.051964 1 
7103 0.035531 1 
7104 0.019306 1 
7105 0.013603 1 
7106 0.014428 1 
7107 0.012272 1 
7108 0.031075 1 
7112 0.033898 1 
7113 0.024608 1 
7114 0.011689 1 
7115 0.006408 1 
7116 0.021524 1 
7117 0.027029 1 
7118 0.016934 1 
7120 0.021491 1 
7121 0.013011 1 
7122 0.017097 1 
7123 0.016402 1 
7124 0.013304 1 
7125 0.030986 1 
7126 0.014765 1 
7127 0.028500 1 
7128 0.012430 1 
7129 0.009711 1 
7130 0.012037 1 
7131 0.013974 1 
7133 0.025560 1 
7134 0.028598 1 
7135 0.017169 1 
7136 0.010133 1 
7137 0.019321 1 
7138 0.007928 1 
7139 0.010897 1 
7141 0.012787 1 
7142 0.008169 1 
7143 0.032915 1 
7144 0.021060 1 
7146 0.022533 1 
7147 0.010822 1 
7148 0.007246 1 
7149 0.008088 1 
7151 0.032804 1 
7152 0.022095 1 
7153 0.020854 1 
7154 0.010252 1 
7155 0.012663 1 
7156 0.008369 1 
7158 0.015384 1 
7159 0.019414 1 
7160 0.017738 1 
7161 0.010168 1 
7162 0.005398 1 
7163 0.022442 1 
7164 0.021228 1 
7165 0.006652 1 
7166 0.006308 1 
7168 0.008015 1 
7169 0.009152 1 
7170 0.021455 1 
7171 0.008974 1 
7172 0.009394 1 
7173 0.010664 1 
7174 0.010279 1 
7175 0.034808 1 
7176 0.017580 1 
7177 0.010273 1 
7178 0.014147 1 
7179 0.012609 1 
7180 0.007833 1 
7181 0.008383 1 
7182 0.021194 1 
7183 0.009880 1 
7184 0.012480 1 
7185 0.029675 1 
7186 0.018080 1 
7187 0.009815 1 
7188 0.010783 1 
7189 0.008868 1 
7190 0.006029 1 
7191 0.018928 1 
7192 0.017051 1 
7193 0.015515 1 
7195 0.008865 1 
7196 0.008700 1 
7197 0.018819 1 
7198 0.008806 1 
7199 0.006553 1 
7200 0.016600 1 
7201 0.007957 1 
7202 0.012517 1 
7204 0.022352 1 
7205 0.016707 1 
7206 0.021124 1 
7207 0.009719 1 
7209 0.015558 1 
7211 0.033001 1 
7212 0.095452 1 
7213 0.118895 1 
7214 0.102750 1 
7217 0.063014 1 
7218 0.047207 1 
7219 0.068006 1 
7220 0.051565 1 
7221 0.035263 1 
7222 0.019078 1 
7223 0.009643 1 
7224 0.010633 1 
7225 0.017561 1 
7226 0.011855 1 
7227 0.011945 1 
7228 0.035488 1 
7230 0.030794 1 
7232 0.013970 1 
7233 0.011085 1 
7234 0.016578 1 
7235 0.006839 1 
7236 0.010465 1 
7237 0.033282 1 
7238 0.019999 1 
7240 0.034117 1 
7241 0.014075 1 
7242 0.014207 1 
7243 0.027775 1 
7244 0.014363 1 
7245 0.014010 1 
7246 0.025656 1 
7247 0.013391 1 
7248 0.010796 1 
7249 0.042120 1 
7250 0.026040 1 
7251 0.011303 1 
7252 0.044479 1 
7253 0.028302 1 
7254 0.029797 1 
7256 0.038319 1 
7257 0.035605 1 
7258 0.028994 1 
7259 0.028344 1 
7260 0.030968 1 
7261 0.014859 1 
7262 0.011495 1 
7263 0.006505 1 
7264 0.012800 1 
7265 0.010922 1 
7267 0.034703 1 
7269 0.010539 1 
7270 0.007578 1 
7271 0.017068 1 
7272 0.008072 1 
7273 0.006543 1 
7274 0.035077 1 
7275 0.019348 1 
7277 0.020847 1 
7278 0.011266 1 
7279 0.023044 1 
7280 0.022503 1 
7282 0.029160 1 
7284 0.013457 1 
7285 0.034072 1 
7286 0.020922 1 
7288 0.010051 1 
7289 0.022630 1 
7290 0.016207 1 
7292 0.026299 1 
7293 0.010100 1 
7294 0.009809 1 
7295 0.006621 1 
7296 0.010523 1 
7297 0.017132 1 
7298 0.036783 1 
7299 0.021361 1 
7300 0.010118 1 
7301 0.009151 1 
7302 0.015905 1 
7303 0.017517 1 
7304 0.023072 1 
7305 0.018643 1 
7306 0.012964 1 
7307 0.028227 1 
7308 0.017378 1 
7309 0.008418 1 
7311 0.013849 1 
7312 0.011150 1 
7313 0.010488 1 
7314 0.009717 1 
7315 0.011292 1 
7316 0.024520 1 
7317 0.021312 1 
7319 0.013110 1 
7320 0.021743 1 
7321 0.028205 1 
7322 0.033727 1 
7323 0.014395 1 
7324 0.019676 1 
7325 0.016559 1 
7326 0.013645 1 
7327 0.011685 1 
7328 0.029325 1 
7329 0.013159 1 
7330 0.007859 1 
7332 0.024218 1 
7333 0.018248 1 
7334 0.021353 1 
7335 0.016936 1 
7336 0.011987 1 
7337 0.013753 1 
7338 0.023340 1 
7340 0.007655 1 
7341 0.023976 1 
7342 0.021071 1 
7343 0.017185 1 
7348 0.144975 1 
7350 0.112431 1 
7351 0.129225 1 
7352 0.112388 1 
7353 0.096120 1 
7354 0.077424 1 
7355 0.081941 1 
7357 0.049448 1 
7358 0.079113 1 
7359 0.061172 1 
7360 0.044324 1 
7361 0.036072 1 
7362 0.016369 1 
7363 0.016700 1 
7364 0.017994 1 
7365 0.013304 1 
7367 0.007988 1 
7368 0.022830 1 
7369 0.013452 1 
7370 0.021004 1 
7371 0.020713 1 
7372 0.008049 1 
7373 0.010135 1 
7374 0.017254 1 
7375 0.013506 1 
7376 0.009588 1 
7377 0.020767 1 
7378 0.015970 1 
7379 0.017808 1 
7380 0.012290 1 
7381 0.009454 1 
7382 0.013662 1 
7383 0.018749 1 
7384 0.013058 1 
7385 0.011653 1 
7386 0.008802 1 
7387 0.021991 1 
7388 0.013093 1 
7389 0.013499 1 
7390 0.010233 1 
7391 0.016040 1 
7392 0.010410 1 
7394 0.010464 1 
7395 0.029464 1 
7396 0.014446 1 
7397 0.007895 1 
7398 0.008459 1 
7399 0.018626 1 
7400 0.007750 1 
7401 0.017063 1 
7403 0.027056 1 
7404 0.025126 1 
7405 0.018620 1 
7406 0.008121 1 
7408 0.010687 1 
7410 0.012671 1 
7411 0.021786 1 
7412 0.031917 1 
7413 0.032853 1 
7416 0.015461 1 
7417 0.021641 1 
7418 0.060556 1 
7419 0.045558 1 
7420 0.030265 1 
7421 0.014788 1 
7422 0.007006 1 
7423 0.022209 1 
7424 0.009877 1 
7425 0.014819 1 
7426 0.021112 1 
7427 0.018161 1 
7429 0.018838 1 
7431 0.049404 1 
7432 0.033804 1 
7433 0.017418 1 
7434 0.015970 1 
7435 0.013308 1 
7436 0.015757 1 
7437 0.017281 1 
7439 0.011277 1 
7440 0.020370 1 
7441 0.007426 1 
7442 0.015299 1 
7443 0.008576 1 
7444 0.025940 1 
7445 0.017609 1 
7446 0.010081 1 
7447 0.028783 1 
7448 0.022589 1 
7449 0.019089 1 
7450 0.010947 1 
7451 0.012968 1 
7452 0.035087 1 
7453 0.018832 1 
7455 0.037989 1 
7456 0.028913 1 
7457 0.028353 1 
7458 0.017037 1 
7459 0.022847 1 
7460 0.015054 1 
7461 0.009659 1 
7462 0.017221 1 
7463 0.013368 1 
7464 0.010938 1 
7466 0.020930 1 
7468 0.009919 1 
7469 0.014762 1 
7470 0.008781 1 
7471 0.028500 1 
7472 0.016676 1 
7473 0.028273 1 
7474 0.027288 1 
7476 0.014690 1 
7477 0.007558 1 
7478 0.015681 1 
7479 0.016422 1 
7481 0.024303 1 
7483 0.012049 1 
7484 0.013781 1 
7485 0.013654 1 
7487 0.023179 1 
7488 0.023547 1 
7489 0.009979 1 
7491 0.010015 1 
7492 0.011876 1 
7493 0.017334 1 
7494 0.014167 1 
7495 0.011114 1 
7496 0.026744 1 
7497 0.014025 1 
7498 0.013853 1 
7499 0.016100 1 
7500 0.014108 1 
7501 0.011910 1 
7502 0.015582 1 
7503 0.011951 1 
7504 0.017921 1 
7505 0.030721 1 
7506 0.030715 1 
7507 0.037550 1 
7508 0.027082 1 
7510 0.015533 1 
7511 0.028500 1 
7512 0.010639 1 
7513 0.025294 1 
7514 0.018587 1 
7515 0.015242 1 
7516 0.010939 1 
7518 0.017645 1 
7519 0.012725 1 
7520 0.006932 1 
7521 0.019642 1 
7522 0.010930 1 
7523 0.025986 1 
7524 0.020394 1 
7525 0.024517 1 
7526 0.022883 1 
7527 0.014514 1 
7528 0.015187 1 
7529 0.019451 1 
7531 0.016795 1 
7532 0.015944 1 
7533 0.016477 1 
7534 0.087048 1 
7535 0.071026 1 
7536 0.054897 1 
7537 0.038611 1 
7539 0.017402 1 
7540 0.033530 1 
7541 0.017421 1 
7542 0.022820 1 
7544 0.013326 1 
7545 0.031405 1 
7546 0.020960 1 
7547 0.019814 1 
7549 0.013032 1 
7550 0.010922 1 
7551 0.009442 1 
7552 0.021862 1 
7553 0.012789 1 
7554 0.010693 1 
7556 0.011787 1 
7557 0.021652 1 
7558 0.027804 1 
7559 0.007960 1 
7560 0.008792 1 
7561 0.020652 1 
7562 0.008828 1 
7563 0.008080 1 
7564 0.012454 1 
7566 0.029191 1 
7567 0.013326 1 
7568 0.008415 1 
7569 0.009678 1 
7570 0.014213 1 
7571 0.008414 1 
7572 0.007945 1 
7573 0.018311 1 
7574 0.020774 1 
7575 0.009828 1 
7576 0.025395 1 
7577 0.014341 1 
7578 0.011763 1 
7579 0.018659 1 
7580 0.047153 1 
7581 0.038320 1 
7582 0.022438 1 
7583 0.019140 1 
7584 0.035104 1 
7585 0.041969 1 
7586 0.025633 1 
7587 0.033021 1 
7588 0.023467 1 
7589 0.015153 1 
7590 0.021638 1 
7591 0.024826 1 
7593 0.013630 1 
7594 0.023458 1 
7595 0.014930 1 
7596 0.014261 1 
7597 0.032454 1 
7598 0.016257 1 
7599 0.021430 1 
7600 0.014756 1 
7602 0.069432 1 
7603 0.053226 1 
7604 0.037019 1 
7605 0.034869 1 
7607 0.007586 1 
7609 0.016822 1 
7610 0.027241 1 
7611 0.032117 1 
7612 0.024461 1 
7615 0.016761 1 
7616 0.009118 1 
7617 0.045174 1 
7618 0.033702 1 
7619 0.017206 1 
7620 0.009910 1 
7621 0.014861 1 
7622 0.012902 1 
7623 0.012209 1 
7624 0.013166 1 
7625 0.011896 1 
7626 0.012317 1 
7628 0.014406 1 
7630 0.019878 1 
7631 0.011375 1 
7632 0.010168 1 
7633 0.024521 1 
7634 0.012856 1 
7635 0.009474 1 
7636 0.009538 1 
7638 0.011704 1 
7639 0.018348 1 
7640 0.016111 1 
7641 0.008603 1 
7642 0.018961 1 
7643 0.016660 1 
7644 0.010970 1 
7645 0.016862 1 
7646 0.011393 1 
7647 0.026448 1 
7648 0.030996 1 
7649 0.015188 1 
7650 0.008475 1 
7651 0.011661 1 
7652 0.014156 1 
7654 0.024121 1 
7655 0.030039 1 
7656 0.021992 1 
7657 0.022345 1 
7658 0.022511 1 
7659 0.008257 1 
7660 0.021352 1 
7661 0.011510 1 
7662 0.006965 1 
7663 0.016502 1 
7665 0.014683 1 
7667 0.014298 1 
7668 0.008223 1 
7669 0.007838 1 
7670 0.031743 1 
7671 0.015570 1 
7672 0.013201 1 
7673 0.013649 1 
7675 0.036526 1 
7676 0.025636 1 
7677 0.013421 1 
7678 0.011923 1 
7680 0.025729 1 
7682 0.011768 1 
7683 0.010948 1 
7684 0.063879 1 
