2024-09-03 17:18:26
../stream-replay/logs/rtt-6207@128.txt
2 0.143732 0 
7 0.060866 0 
9 0.141102 0 
10 0.124541 0 
11 0.186741 0 
12 0.170161 0 
13 0.153874 0 
16 0.261977 0 
17 0.245759 0 
18 0.229131 0 
19 0.279539 0 
20 0.263156 0 
21 0.247317 0 
22 0.230905 0 
23 0.214418 0 
24 0.400516 0 
25 0.384176 0 
26 0.367718 0 
27 0.351521 0 
28 0.335233 0 
29 0.318647 0 
31 0.286493 0 
32 0.269941 0 
33 0.253521 0 
34 0.449185 0 
35 0.431936 0 
36 0.415840 0 
37 0.399878 0 
38 0.383299 0 
40 0.350827 0 
41 0.334466 0 
42 0.318230 0 
43 0.302107 0 
45 0.269250 0 
47 0.236793 0 
48 0.235965 0 
49 0.336903 0 
50 0.320302 0 
53 0.271280 0 
54 0.254792 0 
55 0.330517 0 
56 0.314336 0 
57 0.297682 0 
58 0.278498 0 
59 0.288530 0 
60 0.271020 0 
62 0.309188 0 
63 0.292992 0 
64 0.275793 0 
66 0.243502 0 
68 0.243780 0 
69 0.227393 0 
70 0.210860 0 
71 0.240743 0 
72 0.224543 0 
73 0.208196 0 
74 0.192116 0 
76 0.159347 0 
77 0.142355 0 
78 0.185999 0 
79 0.169721 0 
80 0.153525 0 
81 0.137385 0 
82 0.190937 0 
84 0.231776 0 
85 0.214993 0 
86 0.229220 0 
87 0.212942 0 
88 0.196423 0 
89 0.180135 0 
90 0.164178 0 
92 0.295964 0 
93 0.387941 0 
94 0.484657 0 
95 0.468554 0 
96 0.452350 0 
97 0.435890 0 
98 0.419494 0 
99 0.402654 0 
100 0.385869 0 
101 0.369820 0 
103 0.337038 0 
105 0.312172 0 
106 0.378695 0 
107 0.362720 0 
108 0.346071 0 
109 0.460876 0 
110 0.454419 0 
111 0.491735 0 
113 0.459201 0 
114 0.442329 0 
115 0.426253 0 
116 0.408450 0 
118 0.415492 0 
120 0.382365 0 
121 0.366089 0 
122 0.488420 0 
124 0.455364 0 
125 0.440043 0 
126 0.423610 0 
128 0.390724 0 
129 0.374092 0 
130 0.357788 0 
131 0.341642 0 
132 0.396066 0 
133 0.379319 0 
134 0.364022 0 
135 0.347050 0 
136 0.330355 0 
137 0.314337 0 
138 0.297892 0 
139 0.281686 0 
140 0.342331 0 
141 0.325935 0 
142 0.344615 0 
143 0.328463 0 
144 0.312438 0 
145 0.390306 0 
147 0.357889 0 
148 0.424681 0 
149 0.408190 0 
150 0.391937 0 
151 0.400417 0 
152 0.383900 0 
153 0.365976 0 
155 0.410708 0 
156 0.394145 0 
157 0.377625 0 
158 0.361253 0 
159 0.344424 0 
160 0.328363 0 
161 0.403831 0 
162 0.386496 0 
163 0.370373 0 
164 0.354140 0 
165 0.463791 0 
166 0.447346 0 
168 0.414419 0 
169 0.398173 0 
170 0.382458 0 
171 0.366253 0 
172 0.453580 0 
173 0.435930 0 
174 0.419524 0 
176 0.386910 0 
177 0.371915 0 
178 0.354809 0 
179 0.499041 0 
181 0.466485 0 
182 0.449964 0 
183 0.434250 0 
184 0.417803 0 
186 0.385605 0 
187 0.369109 0 
188 0.352858 0 
189 0.383955 0 
190 0.368084 0 
191 0.351338 0 
193 0.318909 0 
194 0.302425 0 
195 0.384114 0 
196 0.368061 0 
197 0.393180 0 
198 0.375224 0 
199 0.486938 0 
200 0.470583 0 
201 0.453720 0 
203 0.420612 0 
204 0.404349 0 
205 0.388152 0 
206 0.371915 0 
207 0.354386 0 
208 0.338459 0 
209 0.321538 0 
210 0.305126 0 
211 0.288850 0 
212 0.315662 0 
214 0.322939 0 
215 0.308553 0 
216 0.292408 0 
217 0.275664 0 
218 0.259792 0 
219 0.242765 0 
220 0.227014 0 
221 0.210684 0 
222 0.375087 0 
223 0.358999 0 
224 0.342717 0 
225 0.322456 0 
226 0.308779 0 
227 0.292366 0 
228 0.276377 0 
230 0.243775 0 
231 0.330572 0 
232 0.314515 0 
233 0.298133 0 
234 0.281817 0 
235 0.265751 0 
236 0.249369 0 
237 0.232255 0 
239 0.453005 0 
240 0.436832 0 
241 0.419902 0 
242 0.403480 0 
244 0.370824 0 
246 0.338201 0 
247 0.363332 0 
248 0.530171 0 
249 0.514890 0 
252 0.465762 0 
253 0.449389 0 
254 0.433415 0 
255 0.416891 0 
256 0.400570 0 
257 0.384352 0 
258 0.368238 0 
259 0.404270 0 
260 0.388084 0 
261 0.371786 0 
262 0.355276 0 
263 0.475285 0 
265 0.442040 0 
267 0.407777 0 
268 0.390966 0 
269 0.374612 0 
270 0.358603 0 
271 0.342438 0 
272 0.390443 0 
273 0.373830 0 
275 0.341076 0 
276 0.603724 0 
277 0.587132 0 
278 0.570992 0 
279 0.554769 0 
280 0.538564 0 
281 0.579768 0 
282 0.559638 0 
283 0.544062 0 
284 0.576186 0 
285 0.559966 0 
286 0.741395 0 
287 0.724411 0 
288 0.707716 0 
289 0.691535 0 
291 0.774053 0 
292 0.869457 0 
293 0.853127 0 
294 0.837008 0 
295 0.864749 0 
296 0.848421 0 
297 0.829116 0 
298 1.099181 0 
299 1.085188 0 
300 1.068788 0 
302 1.035133 0 
304 1.002484 0 
305 0.986027 0 
306 0.969969 0 
307 0.958781 0 
308 0.942464 0 
309 0.980511 0 
310 1.059036 0 
312 1.026637 0 
313 1.014240 0 
314 0.997943 0 
315 0.981282 0 
317 0.948220 0 
319 0.915354 0 
320 0.898155 0 
321 0.882544 0 
323 1.048053 0 
324 1.031682 0 
325 1.013915 0 
327 0.982780 0 
328 0.966420 0 
329 1.035220 0 
330 1.019335 0 
331 1.002627 0 
332 1.063999 0 
333 1.047351 0 
334 1.031338 0 
335 1.015090 0 
336 0.998896 0 
337 0.982464 0 
338 1.008731 0 
339 0.992367 0 
340 0.976053 0 
341 0.959987 0 
342 0.941888 0 
343 0.961797 0 
344 0.959394 0 
346 1.022099 0 
347 1.005875 0 
348 0.989572 0 
349 0.994540 0 
350 0.978274 0 
351 1.044521 0 
352 1.028382 0 
354 0.995584 0 
355 0.976724 0 
356 0.959937 0 
357 0.943804 0 
358 1.001545 0 
359 1.032610 0 
360 1.016445 0 
361 1.000314 0 
362 0.983877 0 
363 0.967608 0 
364 0.950882 0 
365 0.933551 0 
367 0.900385 0 
368 0.932414 0 
369 0.915633 0 
370 1.082746 0 
371 1.066481 0 
372 1.049717 0 
373 1.033885 0 
375 0.993876 0 
376 0.977680 0 
377 0.960921 0 
378 1.038977 0 
380 1.006191 0 
381 0.989734 0 
382 1.036414 0 
383 1.019984 0 
385 0.987431 0 
386 0.971480 0 
387 0.954635 0 
388 0.938495 0 
389 0.921559 0 
390 0.905474 0 
392 0.927538 0 
393 0.910534 0 
394 1.112120 0 
395 1.095708 0 
396 1.079043 0 
397 1.062932 0 
398 1.136824 0 
399 1.120687 0 
400 1.103372 0 
402 1.274469 0 
403 1.258316 0 
404 1.241906 0 
405 1.225527 0 
406 1.209545 0 
407 1.193511 0 
408 1.240515 0 
409 1.224234 0 
410 1.207940 0 
411 1.190334 0 
412 1.174205 0 
413 1.157333 0 
414 1.187968 0 
415 1.172113 0 
416 1.155682 0 
417 1.138726 0 
418 1.240492 0 
419 1.224274 0 
420 1.402151 0 
421 1.385941 0 
422 1.369245 0 
423 1.353972 0 
424 1.371207 0 
425 1.354965 0 
426 1.338613 0 
427 1.322410 0 
429 1.290793 0 
430 1.334722 0 
431 1.318640 0 
432 1.302278 0 
433 1.286034 0 
434 1.269540 0 
435 1.352844 0 
436 1.337521 0 
438 1.399598 0 
439 1.383796 0 
440 1.367410 0 
441 1.351203 0 
443 1.318658 0 
445 1.346233 0 
446 1.331495 0 
447 1.464846 0 
448 1.448373 0 
451 1.398780 0 
452 1.609799 0 
453 1.593900 0 
454 1.577685 0 
455 1.560559 0 
456 1.544083 0 
457 1.527646 0 
458 1.511450 0 
459 1.495353 0 
460 1.580144 0 
461 1.564125 0 
462 1.547560 0 
464 1.568284 0 
466 1.535156 0 
467 1.572623 0 
468 1.556482 0 
469 1.539600 0 
470 1.523826 0 
471 1.507669 0 
472 1.491663 0 
474 1.458524 0 
475 1.440858 0 
476 1.431963 0 
477 1.415862 0 
478 1.398794 0 
479 1.456230 0 
480 1.439718 0 
481 1.423489 0 
482 1.407462 0 
483 1.391206 0 
484 1.374995 0 
485 1.547667 0 
486 1.531398 0 
487 1.515161 0 
488 1.499187 0 
490 1.466451 0 
491 1.522840 0 
492 1.506275 0 
493 1.742069 0 
494 1.762470 0 
495 1.745493 0 
496 1.729473 0 
497 1.713169 0 
498 1.696781 0 
499 1.680684 0 
501 1.751587 0 
503 1.719264 0 
504 1.702519 0 
505 1.686212 0 
506 1.668993 0 
507 1.653146 0 
508 1.645242 0 
509 1.714718 0 
511 1.681933 0 
512 1.744863 0 
513 1.728548 0 
514 1.712494 0 
516 1.810664 0 
518 1.936920 0 
519 1.920598 0 
520 1.964793 0 
522 1.932343 0 
523 1.915210 0 
524 1.899029 0 
526 1.863198 0 
527 1.847395 0 
528 1.831077 0 
529 1.814239 0 
530 1.797987 0 
531 1.805981 0 
532 1.860194 0 
533 1.843726 0 
534 1.827418 0 
535 1.886556 0 
536 1.869460 0 
537 1.853244 0 
538 1.836123 0 
539 1.819428 0 
540 1.900200 0 
541 1.883741 0 
542 1.972942 0 
543 1.956735 0 
545 1.983545 0 
546 1.967353 0 
547 1.951106 0 
548 1.934466 0 
549 1.955198 0 
550 1.939292 0 
551 1.967996 0 
553 1.935235 0 
554 1.936974 0 
555 1.920499 0 
556 1.904205 0 
557 1.887552 0 
558 2.026410 0 
559 2.009604 0 
560 1.993553 0 
561 1.975435 0 
562 1.960685 0 
563 1.944506 0 
564 1.928186 0 
566 1.895801 0 
567 1.917978 0 
568 1.901765 0 
569 1.884845 0 
570 1.868803 0 
571 1.852432 0 
572 1.924092 0 
574 1.891413 0 
575 1.874589 0 
576 2.025742 0 
577 2.009958 0 
579 1.974050 0 
580 1.957986 0 
581 1.941744 0 
582 2.014845 0 
584 1.979645 0 
585 1.963610 0 
586 1.946582 0 
587 2.022106 0 
588 2.005995 0 
589 1.989368 0 
591 2.037698 0 
592 2.021407 0 
594 1.988382 0 
595 1.972389 0 
596 2.059064 0 
597 2.041957 0 
599 2.145836 0 
601 2.121101 0 
602 2.104408 0 
603 2.088430 0 
604 2.072287 0 
605 2.055945 0 
606 2.039266 0 
607 2.023197 0 
608 2.006700 0 
609 2.136771 0 
610 2.120406 0 
611 2.103592 0 
612 2.087140 0 
613 2.070539 0 
614 2.072653 0 
615 2.056065 0 
616 2.040044 0 
617 2.089897 0 
618 2.073656 0 
619 2.057015 0 
620 2.183372 0 
621 2.207081 0 
622 2.272423 0 
623 2.256328 0 
624 2.346869 0 
625 2.329880 0 
626 2.313771 0 
628 2.471870 0 
629 2.455078 0 
630 2.515718 0 
631 2.499417 0 
632 2.483146 0 
633 2.613869 0 
634 2.597614 0 
635 2.580935 0 
637 2.548530 0 
638 2.532227 0 
639 2.515417 0 
640 2.499151 0 
642 2.466032 0 
644 2.602000 0 
645 2.585633 0 
646 2.568330 0 
647 2.614663 0 
650 2.565868 0 
651 2.549740 0 
652 2.596718 0 
653 2.580243 0 
654 2.564015 0 
655 2.547726 0 
656 2.531605 0 
657 2.632817 0 
658 2.616915 0 
659 2.600678 0 
660 2.584676 0 
661 2.567009 0 
663 2.703485 0 
665 2.694486 0 
666 2.678143 0 
667 2.661677 0 
668 2.645389 0 
669 2.629551 0 
670 2.613137 0 
671 2.596663 0 
673 2.711189 0 
674 2.695031 0 
675 2.792863 0 
676 2.776455 0 
677 2.760182 0 
678 2.744246 0 
679 2.727794 0 
680 2.711637 0 
681 2.720154 0 
682 2.742731 0 
683 2.861560 0 
684 2.844686 0 
685 2.828277 0 
686 2.812233 0 
687 2.795807 0 
689 2.955592 0 
690 3.109080 0 
691 3.092043 0 
692 3.075873 0 
693 3.059863 0 
694 3.043529 0 
695 3.026927 0 
696 3.010334 0 
697 2.993475 0 
698 3.134476 0 
702 3.069021 0 
703 3.052846 0 
704 3.036295 0 
705 3.119896 0 
706 3.144526 0 
707 3.128541 0 
708 3.112091 0 
710 3.079478 0 
711 3.063103 0 
712 3.046752 0 
713 3.029413 0 
715 3.060802 0 
717 3.093360 0 
718 3.077649 0 
719 3.061333 0 
721 3.070052 0 
722 3.053236 0 
723 3.036997 0 
725 3.004502 0 
726 2.988301 0 
727 3.088299 0 
728 3.072045 0 
729 3.055781 0 
730 3.039517 0 
731 3.023088 0 
732 3.187084 0 
733 3.172044 0 
734 3.155814 0 
735 3.139523 0 
736 3.123359 0 
737 3.106609 0 
738 3.090445 0 
739 3.105696 0 
740 3.088768 0 
741 3.292801 0 
742 3.276493 0 
744 3.243690 0 
745 3.227791 0 
746 3.211231 0 
747 3.195235 0 
748 3.269179 0 
749 3.287707 0 
750 3.271172 0 
752 3.238420 0 
753 3.246173 0 
754 3.287999 0 
755 3.272096 0 
756 3.255538 0 
757 3.238963 0 
758 3.222912 0 
759 3.274140 0 
760 3.258087 0 
761 3.241823 0 
762 3.225615 0 
763 3.300557 0 
765 3.268563 0 
766 3.319242 0 
767 3.303097 0 
768 3.287223 0 
769 3.270898 0 
770 3.254864 0 
771 3.387183 0 
773 3.354361 0 
774 3.335667 0 
775 3.319310 0 
776 3.303332 0 
778 3.270785 0 
779 3.339279 0 
780 3.445250 0 
781 3.428889 0 
783 3.396571 0 
784 3.380419 0 
785 3.364739 0 
786 3.348274 0 
787 3.331676 0 
788 3.315552 0 
790 3.282941 0 
791 3.266734 0 
792 3.250289 0 
793 3.234313 0 
794 3.217836 0 
795 3.201571 0 
796 3.232329 0 
797 3.216140 0 
798 3.199797 0 
800 3.322996 0 
801 3.306039 0 
802 3.290174 0 
803 3.273733 0 
804 3.257348 0 
805 3.240403 0 
806 3.223523 0 
807 3.207529 0 
808 3.191504 0 
809 3.175328 0 
810 3.159025 0 
811 3.299044 0 
812 3.282664 0 
813 3.273430 0 
814 3.346172 0 
815 3.329868 0 
816 3.313576 0 
817 3.320097 0 
818 3.303864 0 
819 3.287934 0 
820 3.312593 0 
821 3.296032 0 
822 3.279600 0 
823 3.307688 0 
824 3.291601 0 
825 3.275541 0 
827 3.292246 0 
828 3.276592 0 
829 3.260976 0 
830 3.244426 0 
831 3.385761 0 
832 3.369512 0 
833 3.353247 0 
834 3.337371 0 
836 3.360390 0 
837 3.345654 0 
838 3.329216 0 
839 3.315831 0 
841 3.283203 0 
843 3.301782 0 
844 3.286145 0 
845 3.530729 0 
846 3.515458 0 
849 3.618262 0 
850 3.602027 0 
851 3.585991 0 
852 3.569631 0 
853 3.553344 0 
854 3.694909 0 
855 3.678820 0 
856 3.662491 0 
857 3.715508 0 
858 3.700436 0 
859 3.683894 0 
860 3.691579 0 
862 3.659720 0 
864 3.727455 0 
865 3.712027 0 
866 3.695571 0 
867 3.679021 0 
868 3.838392 0 
869 3.822021 0 
870 3.805790 0 
872 3.773518 0 
873 3.757293 0 
874 3.753460 0 
875 3.737141 0 
876 3.852953 0 
877 3.837030 0 
878 3.820864 0 
879 3.804607 0 
880 3.859235 0 
881 3.843004 0 
882 3.826474 0 
883 3.890060 0 
884 3.873950 0 
885 3.857436 0 
886 3.841411 0 
888 3.920516 0 
889 4.108726 0 
890 4.094809 0 
891 4.077615 0 
892 4.200954 0 
893 4.184635 0 
894 4.217963 0 
895 4.202304 0 
896 4.185663 0 
897 4.169520 0 
899 4.137171 0 
901 4.104654 0 
902 4.101979 0 
903 4.085127 0 
904 4.068289 0 
905 4.074250 0 
906 4.150862 0 
907 4.178950 0 
909 4.146091 0 
910 4.219728 0 
911 4.203789 0 
912 4.253169 0 
914 4.221137 0 
916 4.267592 0 
917 4.251965 0 
918 4.235705 0 
921 4.453803 0 
922 4.437194 0 
924 4.404936 0 
925 4.388512 0 
926 4.371236 0 
927 4.355968 0 
928 4.339829 0 
929 4.323716 0 
930 4.306952 0 
931 4.290526 0 
932 4.271703 0 
933 4.257270 0 
934 4.354720 0 
935 4.338399 0 
936 4.322255 0 
937 4.305876 0 
938 4.290476 0 
939 4.273955 0 
940 4.257799 0 
941 4.241289 0 
943 4.248611 0 
944 4.232578 0 
945 4.245082 0 
946 4.228749 0 
947 4.211994 0 
948 4.466460 0 
949 4.450527 0 
951 4.487126 0 
952 4.466918 0 
953 4.450022 0 
954 4.434244 0 
955 4.455691 0 
956 4.439713 0 
957 4.423223 0 
958 4.406548 0 
959 4.389878 0 
960 4.540562 0 
961 4.524092 0 
962 4.507721 0 
964 4.583131 0 
965 4.566497 0 
966 4.745785 0 
967 4.729000 0 
968 4.713136 0 
969 4.696720 0 
970 4.680093 0 
972 4.647659 0 
973 4.850693 0 
974 4.835278 0 
975 4.819464 0 
977 4.787239 0 
978 4.874588 0 
979 4.858685 0 
980 4.842463 0 
982 4.828094 0 
983 4.812451 0 
984 4.826798 0 
985 4.810207 0 
986 4.793763 0 
987 4.805276 0 
989 4.773127 0 
990 4.757249 0 
991 4.901226 0 
992 4.925526 0 
993 4.909241 0 
994 4.893033 0 
995 4.952720 0 
996 4.936816 0 
999 4.938614 0 
1000 4.922096 0 
1001 4.915294 0 
1002 4.899228 0 
1003 5.045164 0 
1004 5.029027 0 
1005 5.013042 0 
1006 4.996743 0 
1007 4.980809 0 
1008 4.964737 0 
1009 4.947923 0 
1010 4.956487 0 
1011 4.940250 0 
1012 4.922733 0 
1013 4.945497 0 
1014 4.928769 0 
1015 5.049604 0 
1016 5.034106 0 
1017 5.015962 0 
1018 4.999810 0 
1019 4.983865 0 
1020 4.967382 0 
1021 4.950827 0 
1022 5.092512 0 
1023 5.075965 0 
1024 5.059863 0 
1027 5.290886 0 
1028 5.295457 0 
1029 5.277918 0 
1030 5.261491 0 
1031 5.268994 0 
1032 5.252496 0 
1033 5.236295 0 
1035 5.274112 0 
1036 5.258367 0 
1037 5.242095 0 
1038 5.225922 0 
1040 5.204594 0 
1042 5.210005 0 
1043 5.233039 0 
1044 5.251238 0 
1045 5.281260 0 
1048 5.230614 0 
1049 5.343858 0 
1050 5.327691 0 
1051 5.311200 0 
1052 5.295141 0 
1053 5.278903 0 
1054 5.262748 0 
1055 5.246709 0 
1056 5.230740 0 
1057 5.214483 0 
1058 5.260940 0 
1059 5.244432 0 
1061 5.441641 0 
1063 5.408982 0 
1064 5.392053 0 
1065 5.375960 0 
1067 5.382067 0 
1068 5.374829 0 
1069 5.358340 0 
1071 5.325824 0 
1072 5.309062 0 
1073 5.292879 0 
1074 5.276568 0 
1075 5.260393 0 
1076 5.244515 0 
1077 5.228350 0 
1078 5.211853 0 
1079 5.215483 0 
1080 5.308049 0 
1081 5.291843 0 
1082 5.274447 0 
1083 5.258808 0 
1084 5.353512 0 
1085 5.337062 0 
1087 5.348363 0 
1088 5.397338 0 
1089 5.381738 0 
1090 5.364765 0 
1091 5.348414 0 
1092 5.484576 0 
1093 5.470367 0 
1094 5.457154 0 
1095 5.481437 0 
1096 5.465759 0 
1098 5.555439 0 
1100 5.523262 0 
1101 5.507022 0 
1102 5.491261 0 
1103 5.474588 0 
1104 5.458290 0 
1105 5.478922 0 
1106 5.462735 0 
1108 5.523404 0 
1109 5.506519 0 
1110 5.490527 0 
1111 5.500416 0 
1113 5.473855 0 
1115 5.496375 0 
1116 5.479834 0 
1117 5.463890 0 
1119 5.431090 0 
1120 5.414940 0 
1121 5.559419 0 
1123 5.526798 0 
1124 5.510377 0 
1125 5.494080 0 
1126 5.477722 0 
1127 5.461614 0 
1128 5.445126 0 
1129 5.428618 0 
1130 5.414456 0 
1131 5.398675 0 
1132 5.382350 0 
1133 5.365792 0 
1134 5.349603 0 
1135 5.333569 0 
1136 5.317129 0 
1137 5.355850 0 
1138 5.339165 0 
1139 5.376321 0 
1140 5.358379 0 
1142 5.376068 0 
1143 5.359803 0 
1144 5.343382 0 
1145 5.438661 0 
1146 5.422384 0 
1147 5.448518 0 
1148 5.431949 0 
1150 5.399022 0 
1151 5.558514 0 
1152 5.542234 0 
1153 5.525488 0 
1154 5.622485 0 
1155 5.606169 0 
1156 5.590031 0 
1157 5.637612 0 
1158 5.621643 0 
1159 5.605339 0 
1160 5.587406 0 
1161 5.572135 0 
1163 5.561876 0 
1164 5.693478 0 
1165 5.677974 0 
1166 5.756926 0 
1167 5.740881 0 
1168 5.770874 0 
1169 5.754583 0 
1171 5.722187 0 
1172 5.994600 0 
1173 5.977914 0 
1174 6.027313 0 
1176 5.991727 0 
1177 6.027369 0 
1178 6.011179 0 
1179 5.994944 0 
1181 5.962328 0 
1182 5.946409 0 
1183 6.049381 0 
1184 6.033422 0 
1185 6.085778 0 
1186 6.069237 0 
1188 6.130992 0 
1189 6.159725 0 
1190 6.250824 0 
1191 6.235365 0 
1192 6.218934 0 
1193 6.200985 0 
1194 6.184254 0 
1195 6.168223 0 
1196 6.152025 0 
1198 6.174466 0 
1199 6.158055 0 
1200 6.141824 0 
1201 6.283079 0 
1202 6.266833 0 
1203 6.250692 0 
1204 6.234919 0 
1205 6.313346 0 
1206 6.297147 0 
1207 6.445461 0 
1208 6.429121 0 
1209 6.412704 0 
1210 6.397491 0 
1211 6.381179 0 
1212 6.364863 0 
1213 6.348957 0 
1214 6.445854 0 
1215 6.429233 0 
1216 6.413064 0 
1217 6.396917 0 
1218 6.380385 0 
1219 6.364398 0 
1220 6.387737 0 
1221 6.372060 0 
1222 6.355846 0 
1223 6.339497 0 
1225 6.306515 0 
1226 6.490735 0 
1227 6.474694 0 
1228 6.458646 0 
1229 6.442785 0 
1230 6.497513 0 
1231 6.481367 0 
1232 6.465203 0 
1234 6.432071 0 
1235 6.416250 0 
1236 6.399934 0 
1237 6.380148 0 
1239 6.347812 0 
1241 6.354489 0 
1242 6.410081 0 
1243 6.526459 0 
1244 6.531811 0 
1247 6.482903 0 
1248 6.529108 0 
1249 6.512674 0 
1250 6.496212 0 
1251 6.480293 0 
1252 6.464042 0 
1253 6.447223 0 
1254 6.430657 0 
1255 6.513766 0 
1256 6.498324 0 
1257 6.482051 0 
1258 6.466108 0 
1260 6.432788 0 
1262 6.400893 0 
1263 6.384535 0 
1264 6.368450 0 
1265 6.398483 0 
1266 6.382639 0 
1267 6.366373 0 
1268 6.350496 0 
1270 6.502651 0 
1271 6.486509 0 
1272 6.470099 0 
1273 6.453762 0 
1274 6.436975 0 
1275 6.421007 0 
1276 6.403987 0 
1277 6.386840 0 
1278 6.370623 0 
1279 6.355509 0 
1280 6.339103 0 
1281 6.323035 0 
1282 6.438300 0 
1283 6.489190 0 
1284 6.472600 0 
1286 6.587180 0 
1287 6.679529 0 
1288 6.663216 0 
1289 6.646692 0 
1290 6.631008 0 
1291 6.666317 0 
1292 6.649975 0 
1293 6.633778 0 
1294 6.617682 0 
1295 6.601435 0 
1297 6.568676 0 
1299 6.535933 0 
1300 6.610173 0 
1301 6.792547 0 
1302 6.776302 0 
1303 6.760031 0 
1304 6.743852 0 
1305 6.727629 0 
1307 6.695733 0 
1308 6.679562 0 
1309 6.737049 0 
1310 6.735491 0 
1312 6.703147 0 
1344 6.378098 0 
1345 6.431803 0 
1346 6.414962 0 
1347 6.420787 0 
1349 6.388300 0 
1350 6.370878 0 
1351 6.354906 0 
1352 6.338466 0 
1353 6.349104 0 
1354 6.332895 0 
1355 6.530198 0 
1356 6.514223 0 
1357 6.498070 0 
1358 6.481644 0 
1359 6.477185 0 
1360 6.461004 0 
1362 6.428680 0 
1363 6.606998 0 
1364 6.591208 0 
1365 6.703607 0 
1366 6.687631 0 
1367 6.671477 0 
1368 6.655453 0 
1370 6.671879 0 
1371 6.656064 0 
1372 6.651489 0 
1373 6.635501 0 
1375 6.602896 0 
1376 6.712622 0 
1377 6.695621 0 
1378 6.679569 0 
1380 6.648423 0 
1381 6.632330 0 
1382 6.616078 0 
1383 6.874485 0 
1384 6.858300 0 
1385 6.842432 0 
1387 6.830207 0 
1388 6.813872 0 
1389 6.838548 0 
1390 6.834083 0 
1391 6.818019 0 
1392 6.801448 0 
1393 6.932774 0 
1394 6.916532 0 
1395 6.904445 0 
1397 6.871464 0 
1398 6.854722 0 
1399 6.838505 0 
1400 6.903906 0 
1401 6.887693 0 
1402 6.871559 0 
1403 6.961887 0 
1404 6.945529 0 
1405 6.929198 0 
1406 6.912971 0 
1407 6.896749 0 
1408 6.880576 0 
1409 6.913367 0 
1410 6.897091 0 
1411 6.932173 0 
1412 6.915384 0 
1413 6.933669 0 
1414 6.958336 0 
1415 6.940913 0 
1416 6.989267 0 
1417 6.972662 0 
1418 6.956817 0 
1419 6.940536 0 
1420 6.924301 0 
1421 6.908070 0 
1422 7.026693 0 
1424 6.994390 0 
1425 6.978217 0 
1426 6.962138 0 
1427 6.979457 0 
1428 6.964175 0 
1429 6.947960 0 
1430 7.051358 0 
1431 7.034317 0 
1433 7.002155 0 
1434 6.985966 0 
1435 6.969712 0 
1436 6.953398 0 
1438 6.920385 0 
1440 6.887624 0 
1441 7.013208 0 
1442 6.997051 0 
1443 6.980437 0 
1446 6.929215 0 
1447 6.913796 0 
1448 6.897525 0 
1449 6.881256 0 
1450 7.057666 0 
1451 7.041478 0 
1452 7.022312 0 
1453 7.005996 0 
1454 7.062875 0 
1455 7.046902 0 
1456 7.031029 0 
1457 7.014464 0 
1459 7.056575 0 
1461 7.024960 0 
1462 7.009281 0 
1463 6.990998 0 
1464 7.080871 0 
1465 7.064852 0 
1466 7.048110 0 
1467 7.032232 0 
1469 6.999732 0 
1470 7.041430 0 
1471 7.023549 0 
1472 7.033540 0 
1473 7.017405 0 
1474 7.001264 0 
1475 6.985012 0 
1476 6.968707 0 
1477 6.952581 0 
1478 7.001550 0 
1479 6.984500 0 
1480 6.968285 0 
1481 7.000335 0 
1482 6.984257 0 
1483 6.968005 0 
1485 7.031264 0 
1486 7.015093 0 
1487 7.015216 0 
1488 7.029119 0 
1489 7.013125 0 
1490 6.996739 0 
1491 6.980135 0 
1492 6.963946 0 
1493 6.999747 0 
1494 6.983352 0 
1496 7.448005 0 
1498 7.415141 0 
1499 7.398623 0 
1500 7.383385 0 
1501 7.368096 0 
1502 7.351907 0 
1503 7.425568 0 
1504 7.409127 0 
1506 7.377135 0 
1507 7.360564 0 
1508 7.344944 0 
1509 7.328656 0 
1511 7.488425 0 
1513 7.457027 0 
1514 7.440630 0 
1515 7.494843 0 
1517 7.462649 0 
1518 7.594822 0 
1519 7.578453 0 
1521 7.546335 0 
1522 7.556509 0 
1523 7.583621 0 
1524 7.567615 0 
1525 7.551261 0 
1527 7.584754 0 
1528 7.708190 0 
1529 7.691862 0 
1530 7.675359 0 
1531 7.797805 0 
1532 7.781686 0 
1533 7.765187 0 
1534 7.749088 0 
1535 7.732819 0 
1536 7.716814 0 
1537 7.700484 0 
1538 7.807877 0 
1540 7.775616 0 
1541 7.759391 0 
1542 7.743017 0 
1543 7.797243 0 
1544 7.780988 0 
1545 7.812645 0 
1546 7.796412 0 
1548 7.763446 0 
1549 7.747587 0 
1550 7.731091 0 
1551 7.714920 0 
1552 7.849283 0 
1553 7.833432 0 
1554 7.817004 0 
1555 7.801004 0 
1556 7.784521 0 
1557 7.768406 0 
1558 7.945400 0 
1559 7.929116 0 
1561 7.896906 0 
1562 7.961515 0 
1563 7.945161 0 
1564 7.929163 0 
1565 7.912788 0 
1566 8.024799 0 
1567 8.008494 0 
1569 7.976014 0 
1570 7.959664 0 
1571 7.943409 0 
1572 7.927076 0 
1574 7.894281 0 
1575 7.877919 0 
1576 7.861694 0 
1577 7.845121 0 
1579 7.812824 0 
1580 7.796593 0 
1581 7.869614 0 
1582 7.853539 0 
1583 7.837303 0 
1584 7.821033 0 
1586 7.873933 0 
1587 7.871740 0 
1588 7.906987 0 
1589 8.027520 0 
1590 8.011252 0 
1591 7.994977 0 
1592 8.033848 0 
1593 8.017258 0 
1594 8.001131 0 
1596 8.217745 0 
1597 8.201538 0 
1598 8.226284 0 
1599 8.338142 0 
1600 8.321887 0 
1601 8.305581 0 
1602 8.410511 0 
1603 8.394162 0 
1604 8.377802 0 
1605 8.373275 0 
1606 8.357028 0 
1607 8.497701 0 
1609 8.493866 0 
1610 8.477836 0 
1613 8.598750 0 
1614 8.582967 0 
1615 8.566690 0 
1616 8.550380 0 
1617 8.601702 0 
1618 8.585709 0 
1619 8.569361 0 
1620 8.552991 0 
1621 8.577242 0 
1623 8.545118 0 
1624 8.620133 0 
1625 8.603832 0 
1626 8.623286 0 
1627 8.606945 0 
1628 8.590209 0 
1629 8.574367 0 
1630 8.621181 0 
1632 8.607146 0 
1633 8.591643 0 
1634 8.574849 0 
1635 8.558711 0 
1637 8.526347 0 
1730 7.035524 0 
1731 7.019380 0 
1732 7.003032 0 
1733 6.986852 0 
1734 7.006517 0 
1735 6.990071 0 
1736 6.973607 0 
1737 6.958103 0 
1739 6.995566 0 
1740 6.979071 0 
1741 7.075525 0 
1742 7.058234 0 
1743 7.042052 0 
1744 7.074400 0 
1745 7.057904 0 
1747 7.025328 0 
1748 7.007738 0 
1749 6.991588 0 
1750 7.040877 0 
1751 7.024660 0 
1752 7.008549 0 
1753 6.992164 0 
1754 6.975961 0 
1755 6.959941 0 
1756 7.042016 0 
1757 7.025979 0 
1758 7.008487 0 
1760 6.976149 0 
1761 6.959759 0 
1762 6.943622 0 
1763 7.001764 0 
1764 6.985755 0 
1765 6.969570 0 
1766 6.953001 0 
1768 6.920173 0 
1769 7.072958 0 
1770 7.057129 0 
1771 7.041134 0 
1773 7.008028 0 
1774 6.991884 0 
1775 6.975302 0 
1776 6.958826 0 
1778 6.926495 0 
1779 6.910026 0 
1780 6.893945 0 
1781 6.877955 0 
1782 6.893222 0 
1783 6.876698 0 
1785 6.907233 0 
1786 6.890989 0 
1787 6.923237 0 
1788 6.907075 0 
1789 6.890832 0 
1790 6.930922 0 
1791 6.915589 0 
1792 7.158128 0 
1793 7.141869 0 
1795 7.107818 0 
1796 7.091712 0 
1797 7.075700 0 
1798 7.059237 0 
1799 7.043101 0 
1800 7.250354 0 
1801 7.233883 0 
1802 7.217370 0 
1803 7.201360 0 
1804 7.185150 0 
1806 7.261765 0 
1807 7.245694 0 
1808 7.229351 0 
1809 7.213198 0 
1810 7.196577 0 
1811 7.226701 0 
1812 7.210345 0 
1813 7.195167 0 
1814 7.179087 0 
1815 7.162630 0 
1816 7.142995 0 
1817 7.126119 0 
1818 7.210723 0 
1819 7.194443 0 
1820 7.188421 0 
1822 7.165014 0 
1823 7.148751 0 
1824 7.132081 0 
1825 7.185556 0 
1826 7.169466 0 
1827 7.153342 0 
1828 7.137812 0 
1829 7.121728 0 
1831 7.089281 0 
1832 7.072918 0 
1833 7.056690 0 
1834 7.040440 0 
1836 7.007917 0 
1838 7.038251 0 
1839 7.022807 0 
1840 7.105979 0 
1841 7.089553 0 
1844 7.090815 0 
1845 7.074331 0 
1846 7.057881 0 
1847 7.086077 0 
1848 7.069881 0 
1849 7.053337 0 
1850 7.181055 0 
1851 7.166080 0 
1852 7.149643 0 
1853 7.199075 0 
1854 7.292259 0 
1855 7.275776 0 
1857 7.243761 0 
1859 7.285125 0 
1860 7.269059 0 
1861 7.287086 0 
1862 7.271674 0 
1863 7.255405 0 
1864 7.239196 0 
1865 7.222587 0 
1867 7.438968 0 
1868 7.422545 0 
1869 7.431283 0 
1870 7.414668 0 
1871 7.398874 0 
1872 7.382423 0 
1873 7.456085 0 
1874 7.439822 0 
1875 7.423631 0 
1876 7.435974 0 
1877 7.419780 0 
1878 7.405616 0 
1879 7.427731 0 
1880 7.411207 0 
1881 7.406299 0 
1883 7.374189 0 
1884 7.438152 0 
1885 7.423087 0 
1886 7.406676 0 
1887 7.484412 0 
1888 7.468125 0 
1889 7.451649 0 
1890 7.436023 0 
1891 7.419585 0 
1892 7.402990 0 
1894 7.473069 0 
1896 7.499213 0 
1897 7.482640 0 
1898 7.466338 0 
1899 7.450453 0 
1900 7.488004 0 
1901 7.472540 0 
1902 7.478669 0 
1904 7.446344 0 
1905 7.428105 0 
1906 7.528562 0 
1907 7.512041 0 
1909 7.506187 0 
1911 7.474848 0 
1912 7.468318 0 
1913 7.451676 0 
1915 7.447093 0 
1916 7.432724 0 
1917 7.416490 0 
1919 7.384031 0 
1920 7.368151 0 
1921 7.351460 0 
1922 7.390269 0 
1923 7.373980 0 
1924 7.357086 0 
1925 7.340939 0 
1926 7.324363 0 
1927 7.308459 0 
1928 7.292192 0 
1929 7.275783 0 
1930 7.259472 0 
1931 7.243048 0 
1932 7.226935 0 
1933 7.210900 0 
1934 7.215862 0 
1935 7.199968 0 
1936 7.183983 0 
1938 7.170450 0 
1939 7.153142 0 
1940 7.137567 0 
1941 7.185021 0 
1943 7.497589 0 
1944 7.483429 0 
1946 7.450949 0 
1947 7.434646 0 
1948 7.418682 0 
1949 7.402338 0 
1950 7.386410 0 
1951 7.370558 0 
1952 7.415921 0 
1953 7.399575 0 
1954 7.383709 0 
1955 7.408897 0 
1956 7.392711 0 
1957 7.376320 0 
1959 7.343638 0 
1960 7.327091 0 
1961 7.351643 0 
1962 7.334446 0 
1963 7.317892 0 
1964 7.301463 0 
1965 7.285045 0 
1967 7.252467 0 
1968 7.236503 0 
1969 7.265278 0 
1970 7.249218 0 
1972 7.216737 0 
1973 7.240224 0 
1974 7.259944 0 
1975 7.257240 0 
1977 7.224644 0 
1978 7.208410 0 
1979 7.192185 0 
1980 7.175838 0 
1981 7.221508 0 
1982 7.205157 0 
1984 7.172801 0 
1985 7.157179 0 
1986 7.202217 0 
1987 7.185499 0 
1988 7.169167 0 
1989 7.250390 0 
1990 7.234195 0 
1991 7.238582 0 
1992 7.220927 0 
1994 7.187930 0 
1995 7.172028 0 
1996 7.224103 0 
1997 7.207820 0 
1998 7.191818 0 
1999 7.175669 0 
2000 7.159825 0 
2001 7.143737 0 
2002 7.127528 0 
2003 7.111324 0 
2004 7.094949 0 
2005 7.144732 0 
2006 7.128302 0 
2007 7.111799 0 
2008 7.095648 0 
2009 7.079613 0 
2010 7.063071 0 
2011 7.046701 0 
2012 7.030436 0 
2013 7.014194 0 
2014 6.998032 0 
2015 6.981782 0 
2016 6.965045 0 
2017 7.005020 0 
2018 6.993152 0 
2154 4.758204 0 
2155 4.776271 0 
2156 4.760113 0 
2158 4.727706 0 
2159 4.810393 0 
2160 4.809165 0 
2161 4.837732 0 
2162 4.821153 0 
2163 4.804863 0 
2164 4.788548 0 
2166 4.755911 0 
2167 4.740054 0 
2168 4.723872 0 
2169 4.745410 0 
2171 4.743788 0 
2172 4.727575 0 
2173 4.711549 0 
2174 4.695228 0 
2176 4.661924 0 
2177 4.702136 0 
2178 4.685847 0 
2179 4.675360 0 
2180 4.658834 0 
2181 4.642624 0 
2183 4.662505 0 
2184 4.646111 0 
2185 4.629345 0 
2186 4.613216 0 
2187 4.596648 0 
2188 4.580238 0 
2189 4.563581 0 
2190 4.547370 0 
2191 4.561136 0 
2193 4.528927 0 
2194 4.512766 0 
2195 4.509946 0 
2196 4.493897 0 
2197 4.477638 0 
2198 4.461070 0 
2199 4.534213 0 
2200 4.518140 0 
2201 4.501569 0 
2202 4.485584 0 
2203 4.469252 0 
2204 4.452863 0 
2205 4.436344 0 
2206 4.420334 0 
2207 4.397688 0 
2208 4.381757 0 
2209 4.364993 0 
2210 4.350524 0 
2212 4.430093 0 
2214 4.397497 0 
2215 4.381305 0 
2216 4.371509 0 
2217 4.355278 0 
2218 4.339008 0 
2220 4.306695 0 
2221 4.534633 0 
2222 4.518317 0 
2223 4.500784 0 
2224 4.480949 0 
2225 4.464739 0 
2226 4.447495 0 
2227 4.430532 0 
2229 4.426855 0 
2230 4.410399 0 
2231 4.394204 0 
2232 4.378017 0 
2234 4.340830 0 
2236 4.308544 0 
2237 4.400412 0 
2238 4.446263 0 
2239 4.426158 0 
2242 4.384794 0 
2243 4.407202 0 
2244 4.391100 0 
2245 4.375083 0 
2246 4.359069 0 
2247 4.381980 0 
2248 4.366081 0 
2249 4.349877 0 
2250 4.333198 0 
2251 4.316606 0 
2252 4.299124 0 
2253 4.317969 0 
2255 4.280513 0 
2258 4.319052 0 
2259 4.303067 0 
2260 4.403091 0 
2261 4.382840 0 
2262 4.369940 0 
2263 4.380590 0 
2265 4.347113 0 
2266 4.337165 0 
2267 4.320167 0 
2268 4.336617 0 
2269 4.457830 0 
2270 4.441600 0 
2271 4.424923 0 
2272 4.426156 0 
2273 4.409392 0 
2274 4.394203 0 
2275 4.378232 0 
2276 4.445484 0 
2277 4.428001 0 
2278 4.411681 0 
2279 4.518246 0 
2281 4.522666 0 
2282 4.546535 0 
2283 4.527777 0 
2284 4.542018 0 
2285 4.524844 0 
2286 4.508559 0 
2287 4.492279 0 
2288 4.526174 0 
2289 4.560108 0 
2290 4.539784 0 
2292 4.542076 0 
2294 4.573247 0 
2295 4.580860 0 
2296 4.564296 0 
2297 4.547063 0 
2298 4.530095 0 
2299 4.617122 0 
2300 4.599858 0 
2302 4.591545 0 
2303 4.575041 0 
2304 4.557013 0 
2305 4.602483 0 
2307 4.577399 0 
2309 4.542835 0 
2310 4.526813 0 
2311 4.600367 0 
2313 4.564237 0 
2314 4.547287 0 
2315 4.531272 0 
2317 4.495060 0 
2318 4.478737 0 
2319 4.461900 0 
2320 4.447049 0 
2321 4.430634 0 
2322 4.414177 0 
2323 4.393361 0 
2324 4.376301 0 
2325 4.359611 0 
2326 4.343320 0 
2327 4.348610 0 
2328 4.577152 0 
2329 4.561069 0 
2330 4.544998 0 
2331 4.531579 0 
2332 4.516010 0 
2333 4.499249 0 
2334 4.482658 0 
2336 4.476976 0 
2337 4.460821 0 
2338 4.444090 0 
2339 4.579036 0 
2340 4.563068 0 
2344 4.593311 0 
2345 4.600887 0 
2346 4.585025 0 
2347 4.568886 0 
2348 4.552828 0 
2349 4.553951 0 
2350 4.537967 0 
2351 4.559383 0 
2352 4.542666 0 
2353 4.526454 0 
2354 4.510045 0 
2355 4.528542 0 
2357 4.535991 0 
2358 4.555223 0 
2359 4.538682 0 
2360 4.522416 0 
2361 4.506088 0 
2362 4.623889 0 
2363 4.607349 0 
2365 4.575006 0 
2366 4.594530 0 
2367 4.578297 0 
2368 4.587389 0 
2370 4.555032 0 
2371 4.538686 0 
2372 4.788656 0 
2373 4.772605 0 
2375 4.738282 0 
2376 4.829827 0 
2377 4.814020 0 
2378 4.797049 0 
2379 4.781101 0 
2380 4.764977 0 
2382 4.732708 0 
2383 4.790236 0 
2384 4.773850 0 
2385 4.757968 0 
2386 4.775575 0 
2387 4.759449 0 
2388 4.855843 0 
2389 4.839060 0 
2390 4.818090 0 
2393 4.875700 0 
2394 4.859361 0 
2395 4.843136 0 
2396 4.826998 0 
2397 4.810581 0 
2398 4.810213 0 
2399 4.794110 0 
2400 4.777931 0 
2401 4.851930 0 
2402 4.841682 0 
2403 4.825373 0 
2404 4.809305 0 
2405 4.792955 0 
2406 4.859946 0 
2407 4.843984 0 
2408 4.827518 0 
2409 4.859858 0 
2410 4.843594 0 
2411 4.826761 0 
2412 4.823371 0 
2413 4.806343 0 
2414 4.789801 0 
2415 4.773711 0 
2416 4.885204 0 
2417 4.868574 0 
2419 4.836906 0 
2420 4.915877 0 
2421 4.899747 0 
2422 4.883641 0 
2423 4.867315 0 
2424 4.851067 0 
2425 5.049100 0 
2426 5.032948 0 
2428 5.000011 0 
2429 4.984175 0 
2430 4.967928 0 
2431 4.951893 0 
2433 4.919187 0 
2435 4.940853 0 
2436 5.012161 0 
2437 5.022310 0 
2438 5.005687 0 
2441 5.040456 0 
2442 5.024626 0 
2443 5.154104 0 
2444 5.137852 0 
2445 5.121302 0 
2446 5.156343 0 
2447 5.139827 0 
2448 5.123529 0 
2449 5.107419 0 
2450 5.090854 0 
2451 5.074879 0 
2454 5.140893 0 
2456 5.164316 0 
2457 5.194521 0 
2458 5.177195 0 
2459 5.161357 0 
2460 5.144082 0 
2461 5.127948 0 
2462 5.111071 0 
2464 5.137016 0 
2465 5.138917 0 
2466 5.122512 0 
2467 5.106192 0 
2468 5.090081 0 
2469 5.073558 0 
2470 5.134354 0 
2471 5.118231 0 
2472 5.102060 0 
2473 5.168142 0 
2474 5.152148 0 
2475 5.136170 0 
2476 5.119883 0 
2477 5.103580 0 
2478 5.087588 0 
2480 5.292376 0 
2481 5.354119 0 
2482 5.385071 0 
2483 5.369063 0 
2484 5.352641 0 
2485 5.336058 0 
2486 5.319928 0 
2487 5.304047 0 
2488 5.287479 0 
2489 5.271506 0 
2491 5.238742 0 
2493 5.206496 0 
2494 5.190719 0 
2495 5.174388 0 
2496 5.213105 0 
2497 5.196414 0 
2498 5.180529 0 
2499 5.164604 0 
2501 5.131991 0 
2502 5.426345 0 
2503 5.410273 0 
2504 5.393963 0 
2506 5.462093 0 
2508 5.430751 0 
2509 5.414370 0 
2510 5.398083 0 
2512 5.499233 0 
2513 5.483056 0 
2514 5.500459 0 
2516 5.468112 0 
2517 5.452131 0 
2518 5.435880 0 
2519 5.503583 0 
2520 5.487460 0 
2521 5.471405 0 
2522 5.623595 0 
2523 5.607978 0 
2525 5.643311 0 
2526 5.627472 0 
2527 5.610593 0 
2528 5.624399 0 
2529 5.608407 0 
2530 5.689915 0 
2531 5.674064 0 
2532 5.657941 0 
2533 5.641708 0 
2535 5.608826 0 
2536 5.628360 0 
2537 5.612241 0 
2538 5.596071 0 
2539 5.631272 0 
2540 5.615062 0 
2541 5.719893 0 
2543 5.687941 0 
2544 5.671885 0 
2545 5.719038 0 
2546 5.702994 0 
2547 5.686930 0 
2548 5.712380 0 
2549 5.695899 0 
2550 5.679415 0 
2551 5.712882 0 
2552 5.696996 0 
2553 5.680652 0 
2554 5.710456 0 
2556 5.677823 0 
2557 5.661592 0 
2558 5.645251 0 
2559 5.628649 0 
2560 5.815781 0 
2561 5.799980 0 
2562 5.783966 0 
2564 5.751764 0 
2565 5.735635 0 
2566 5.764722 0 
2567 5.748760 0 
2569 5.715577 0 
2570 5.699323 0 
2571 5.682992 0 
2572 5.666830 0 
2574 5.633114 0 
2575 5.694990 0 
2576 5.678763 0 
2577 5.688190 0 
2578 5.671923 0 
2579 5.656048 0 
2581 5.769417 0 
2582 5.753186 0 
2583 5.784383 0 
2584 5.768248 0 
2585 5.751877 0 
2586 5.734822 0 
2587 5.719041 0 
2588 5.828115 0 
2589 5.811424 0 
2591 5.779282 0 
2592 5.762885 0 
2593 5.746822 0 
2594 5.730803 0 
2595 5.889050 0 
2596 5.873004 0 
2597 5.856908 0 
2598 5.841883 0 
2599 5.825425 0 
2600 5.809337 0 
2601 5.793283 0 
2602 5.777097 0 
2603 5.808659 0 
2604 5.870255 0 
2605 5.855331 0 
2606 5.843278 0 
2607 5.842485 0 
2608 5.826237 0 
2609 5.810041 0 
2610 5.793530 0 
2611 5.777267 0 
2612 5.761083 0 
2613 5.744554 0 
2614 5.764187 0 
2615 5.747902 0 
2616 5.731727 0 
2618 5.698707 0 
2619 5.682418 0 
2620 5.666307 0 
2621 5.769088 0 
2622 5.752432 0 
2623 5.733393 0 
2624 5.741254 0 
2625 5.725144 0 
2627 5.895589 0 
2628 5.881694 0 
2629 5.865740 0 
2630 5.849759 0 
2632 5.816661 0 
2634 5.783675 0 
2635 5.892760 0 
2636 5.918914 0 
2637 5.990669 0 
2640 5.942257 0 
2641 6.206056 0 
2642 6.189914 0 
2643 6.175338 0 
2644 6.159163 0 
2645 6.142973 0 
2646 6.126673 0 
2647 6.134312 0 
2648 6.119632 0 
2649 6.103263 0 
2650 6.391865 0 
2651 6.375353 0 
2653 6.342838 0 
2655 6.310114 0 
2656 6.331037 0 
2657 6.314878 0 
2658 6.298583 0 
2659 6.407504 0 
2660 6.391355 0 
2661 6.415228 0 
2663 6.383026 0 
2664 6.366217 0 
2665 6.524066 0 
2666 6.507541 0 
2667 6.490926 0 
2668 6.600595 0 
2669 6.584110 0 
2670 6.566226 0 
2671 6.551866 0 
2672 6.534755 0 
2673 6.518623 0 
2674 6.502261 0 
2675 6.485888 0 
2676 6.469866 0 
2677 6.487363 0 
2679 6.681678 0 
2680 6.762030 0 
2681 6.745794 0 
2682 6.729607 0 
2683 6.713865 0 
2684 6.697154 0 
2685 6.680799 0 
2686 6.664797 0 
2687 6.648322 0 
2688 6.758651 0 
2690 6.918478 0 
2692 6.886152 0 
2693 6.869759 0 
2694 6.854457 0 
2695 6.838950 0 
2696 6.822581 0 
2697 6.806112 0 
2698 6.790250 0 
2700 6.757596 0 
2701 6.740625 0 
2702 6.724413 0 
2703 6.737892 0 
2705 6.705627 0 
2707 6.672888 0 
2708 6.961784 0 
2709 6.945538 0 
2711 6.913329 0 
2712 6.898593 0 
2713 6.882355 0 
2715 6.848518 0 
2716 6.831034 0 
2717 6.813558 0 
2718 6.797963 0 
2719 6.894389 0 
2720 6.878191 0 
2721 6.862328 0 
2722 6.845752 0 
2723 6.861752 0 
2724 6.845313 0 
2725 6.828980 0 
2726 6.812945 0 
2727 6.814883 0 
2742 6.561266 0 
2743 6.543684 0 
2744 6.611571 0 
2745 6.595670 0 
2746 6.579272 0 
2748 6.577362 0 
2749 6.561442 0 
2750 6.545118 0 
2751 6.528903 0 
2752 6.512346 0 
2753 6.541189 0 
2755 6.649102 0 
2756 6.732017 0 
2757 6.716669 0 
2758 6.700456 0 
2759 6.684319 0 
2760 6.668051 0 
2761 6.651597 0 
2763 6.618786 0 
2764 6.602980 0 
2765 6.586831 0 
2766 6.570837 0 
2768 6.537070 0 
2769 6.520888 0 
2770 6.530311 0 
2771 6.513759 0 
2773 6.516019 0 
2774 6.499188 0 
2775 6.483888 0 
2776 6.467652 0 
2777 6.451814 0 
2778 6.435090 0 
2780 6.412553 0 
2781 6.466159 0 
2782 6.449808 0 
2783 6.433470 0 
2784 6.417410 0 
2785 6.407137 0 
2787 6.526142 0 
2788 6.543640 0 
2790 6.512530 0 
2791 6.496067 0 
2792 6.479540 0 
2793 6.462911 0 
2794 6.446459 0 
2795 6.430262 0 
2796 6.414248 0 
2797 6.398077 0 
2798 6.382071 0 
2799 6.365766 0 
2800 6.349086 0 
2801 6.333114 0 
2802 6.337955 0 
2803 6.321713 0 
2804 6.305441 0 
2805 6.383728 0 
2806 6.366898 0 
2807 6.351118 0 
2808 6.514533 0 
2809 6.498085 0 
2810 6.481635 0 
2811 6.473700 0 
2812 6.457494 0 
2813 6.528421 0 
2814 6.512258 0 
2815 6.495919 0 
2817 6.463706 0 
2818 6.446927 0 
2819 6.430604 0 
2820 6.542608 0 
2821 6.526322 0 
2822 6.510209 0 
2823 6.494069 0 
2824 6.478481 0 
2826 6.466819 0 
2827 6.450610 0 
2828 6.434423 0 
2829 6.417972 0 
2831 6.385863 0 
2833 6.527865 0 
2834 6.603129 0 
2835 6.675799 0 
2836 6.684451 0 
2839 6.633191 0 
2840 6.616865 0 
2841 6.600610 0 
2842 6.753425 0 
2843 6.737100 0 
2844 6.721172 0 
2845 6.704856 0 
2846 6.715007 0 
2847 6.698536 0 
2848 6.680189 0 
2849 6.757616 0 
2850 6.741524 0 
2852 6.709659 0 
2854 6.807037 0 
2855 6.791374 0 
2856 6.781222 0 
2857 6.874165 0 
2858 6.857792 0 
2859 6.841588 0 
2860 6.825012 0 
2862 6.792424 0 
2863 6.776498 0 
2864 6.760172 0 
2865 6.743199 0 
2866 6.830532 0 
2867 6.816035 0 
2868 6.834719 0 
2869 6.819291 0 
2870 6.803084 0 
2871 6.786672 0 
2872 6.803412 0 
2873 6.787255 0 
2874 6.770861 0 
2875 6.754862 0 
2876 6.791014 0 
2878 6.825818 0 
2879 7.015834 0 
2880 7.000466 0 
2881 6.984516 0 
2882 6.968572 0 
2883 6.952000 0 
2884 6.935809 0 
2885 6.919680 0 
2886 6.903695 0 
2887 6.887300 0 
2889 6.855338 0 
2891 6.953434 0 
2892 6.937119 0 
2893 6.919725 0 
2894 6.903511 0 
2895 6.887412 0 
2896 6.871103 0 
2897 6.854934 0 
2899 6.821862 0 
2900 6.806094 0 
2901 6.789822 0 
2902 6.773506 0 
2904 6.829264 0 
2906 6.797260 0 
2907 6.838393 0 
2908 6.821928 0 
2910 6.789556 0 
2911 6.827300 0 
2912 6.811352 0 
2914 6.774100 0 
2915 6.818894 0 
2916 6.802134 0 
2917 6.786186 0 
2918 6.770195 0 
2919 6.754118 0 
2920 6.789203 0 
2921 6.772554 0 
2922 6.756651 0 
2923 6.740611 0 
2924 6.786486 0 
2925 6.770513 0 
2926 6.754210 0 
2927 6.738123 0 
2928 6.721818 0 
2929 6.705452 0 
2930 6.689025 0 
2931 6.820334 0 
2933 6.787866 0 
2936 6.832378 0 
2937 6.876518 0 
2938 6.857628 0 
2939 6.841995 0 
2941 6.809492 0 
2942 7.023724 0 
2943 7.007748 0 
2944 6.991366 0 
2945 7.016141 0 
2946 7.001631 0 
2947 6.985484 0 
2948 6.968881 0 
2949 6.981480 0 
2950 6.965001 0 
2951 6.948845 0 
2952 7.150853 0 
2954 7.119037 0 
2955 7.102307 0 
2956 7.084317 0 
2957 7.068028 0 
2958 7.051808 0 
2959 7.035556 0 
2960 7.136387 0 
2962 7.103593 0 
2963 7.087095 0 
2964 7.071249 0 
2965 7.114801 0 
2967 7.082500 0 
2968 7.066592 0 
2969 7.050253 0 
2970 7.034226 0 
2972 7.001405 0 
2973 7.026397 0 
2974 7.010182 0 
2975 6.994546 0 
2976 7.043842 0 
2977 7.027610 0 
2979 6.994633 0 
2980 6.979480 0 
2981 7.132037 0 
2982 7.115906 0 
2983 7.100116 0 
2984 7.084205 0 
2985 7.072257 0 
2986 7.106421 0 
2987 7.090144 0 
2989 7.057932 0 
2990 7.041697 0 
2991 7.025441 0 
2992 7.009360 0 
2993 6.992477 0 
2994 6.976340 0 
2995 7.040318 0 
2996 7.024101 0 
2997 7.007653 0 
2998 6.991788 0 
2999 6.975551 0 
3000 6.959324 0 
3001 6.941464 0 
3002 6.926851 0 
3003 6.910807 0 
3004 6.894558 0 
3005 6.878361 0 
3006 6.862047 0 
3007 6.845819 0 
3008 6.829771 0 
3009 6.813732 0 
3010 6.797433 0 
3011 6.780625 0 
3012 6.764477 0 
3013 6.748514 0 
3014 6.840656 0 
3016 6.807693 0 
3017 6.822026 0 
3018 6.805631 0 
3019 6.789500 0 
3020 6.969226 0 
3021 6.952786 0 
3022 6.936597 0 
3023 6.920289 0 
3025 6.886065 0 
3026 6.870013 0 
3027 6.854040 0 
3028 6.837852 0 
3030 6.805383 0 
3032 6.798345 0 
3140 5.077922 0 
3141 5.061430 0 
3142 5.045034 0 
3143 5.028548 0 
3144 5.012249 0 
3145 5.011675 0 
3146 4.995243 0 
3147 5.007326 0 
3148 4.991339 0 
3149 4.974195 0 
3150 4.957909 0 
3151 4.941760 0 
3153 4.908882 0 
3154 4.919945 0 
3155 4.903486 0 
3156 4.986364 0 
3157 4.969810 0 
3158 4.953542 0 
3159 4.937325 0 
3161 4.904128 0 
3162 4.887863 0 
3164 4.934170 0 
3166 4.901941 0 
3167 4.886184 0 
3168 4.960538 0 
3169 4.944266 0 
3171 4.911894 0 
3172 4.961519 0 
3173 4.945217 0 
3174 4.929042 0 
3175 4.912193 0 
3176 4.896076 0 
3178 4.863991 0 
3179 4.985443 0 
3180 4.969412 0 
3181 4.953050 0 
3182 4.937028 0 
3183 5.064612 0 
3184 5.048330 0 
3185 5.032200 0 
3186 5.206736 0 
3188 5.174605 0 
3189 5.158788 0 
3190 5.347176 0 
3191 5.331197 0 
3192 5.314566 0 
3193 5.335423 0 
3194 5.318506 0 
3195 5.302654 0 
3196 5.286780 0 
3197 5.270465 0 
3198 5.360767 0 
3199 5.344389 0 
3200 5.327546 0 
3201 5.311700 0 
3202 5.479824 0 
3203 5.463722 0 
3204 5.447335 0 
3205 5.746980 0 
3206 5.730834 0 
3207 5.714254 0 
3208 5.698773 0 
3209 5.682388 0 
3210 5.664850 0 
3211 5.648824 0 
3212 5.632723 0 
3213 5.775508 0 
3215 5.742908 0 
3216 5.727148 0 
3217 5.711433 0 
3218 5.695260 0 
3219 5.677719 0 
3220 5.661685 0 
3221 5.645531 0 
3222 5.628944 0 
3224 5.827655 0 
3225 5.811170 0 
3226 5.794956 0 
3227 5.778785 0 
3229 5.746152 0 
3231 5.711446 0 
3232 5.694976 0 
3233 5.733377 0 
3234 5.718124 0 
3237 5.866326 0 
3238 5.850135 0 
3239 5.833773 0 
3240 5.817729 0 
3241 5.801355 0 
3242 5.785139 0 
3243 5.768982 0 
3244 5.752711 0 
3245 5.736457 0 
3246 5.720256 0 
3247 5.704003 0 
3248 5.688087 0 
3250 5.757391 0 
3252 5.725264 0 
3253 5.708246 0 
3254 5.692299 0 
3255 5.676416 0 
3256 5.659994 0 
3257 5.643783 0 
3258 5.627512 0 
3260 5.652604 0 
3261 5.692328 0 
3262 5.676123 0 
3263 5.659633 0 
3264 5.676759 0 
3265 5.660775 0 
3266 5.644662 0 
3267 5.628561 0 
3268 5.697551 0 
3269 5.681374 0 
3270 5.986644 0 
3271 5.970452 0 
3272 5.954098 0 
3273 5.937878 0 
3274 5.920964 0 
3276 5.888587 0 
3277 5.892905 0 
3278 5.877066 0 
3279 5.946553 0 
3280 5.930272 0 
3281 5.913797 0 
3282 5.897197 0 
3283 5.881310 0 
3284 5.864871 0 
3285 5.900595 0 
3287 5.867843 0 
3289 6.005361 0 
3290 5.989506 0 
3291 5.973022 0 
3292 5.976265 0 
3293 5.960172 0 
3294 5.943770 0 
3295 6.009037 0 
3297 5.976230 0 
3298 5.960103 0 
3299 5.943866 0 
3300 5.927742 0 
3302 5.894184 0 
3304 5.990610 0 
3305 5.974475 0 
3306 5.958346 0 
3308 5.925748 0 
3309 5.911242 0 
3310 5.895043 0 
3312 5.862428 0 
3313 5.846152 0 
3314 5.842345 0 
3315 5.826006 0 
3316 5.809394 0 
3317 5.918558 0 
3318 5.901907 0 
3319 5.885421 0 
3320 5.869737 0 
3321 5.853197 0 
3322 5.836979 0 
3323 5.820566 0 
3324 5.804950 0 
3325 5.788262 0 
3326 5.771555 0 
3327 5.768548 0 
3328 5.751212 0 
3329 5.808012 0 
3331 5.775911 0 
3332 5.759593 0 
3333 5.743192 0 
3334 5.829443 0 
3335 5.813145 0 
3336 5.796757 0 
3337 5.780664 0 
3339 5.767389 0 
3340 5.751089 0 
3341 5.733826 0 
3342 5.717704 0 
3344 5.963369 0 
3345 5.953724 0 
3346 5.936921 0 
3347 5.920850 0 
3348 5.954624 0 
3349 5.938484 0 
3350 5.922217 0 
3352 5.978706 0 
3353 5.961991 0 
3354 6.016294 0 
3355 6.035019 0 
3356 6.018689 0 
3357 6.002571 0 
3358 5.986059 0 
3360 6.394013 0 
3361 6.377899 0 
3362 6.362077 0 
3363 6.346062 0 
3365 6.313385 0 
3366 6.297273 0 
3367 6.280764 0 
3368 6.339815 0 
3370 6.304970 0 
3371 6.352595 0 
3372 6.335319 0 
3373 6.319067 0 
3374 6.351055 0 
3375 6.335073 0 
3377 6.302539 0 
3378 6.464970 0 
3379 6.447626 0 
3380 6.534301 0 
3381 6.518181 0 
3382 6.501291 0 
3383 6.485511 0 
3384 6.469310 0 
3385 6.453065 0 
3387 6.527894 0 
3388 6.511637 0 
3389 6.495411 0 
3390 6.479070 0 
3391 6.462981 0 
3392 6.446089 0 
3393 6.426431 0 
3394 6.410479 0 
3395 6.394401 0 
3396 6.376018 0 
3397 6.400439 0 
3398 6.383897 0 
3399 6.367202 0 
3400 6.397722 0 
3401 6.381495 0 
3402 6.365149 0 
3403 6.412491 0 
3404 6.396315 0 
3405 6.380206 0 
3406 6.449345 0 
3407 6.432903 0 
3408 6.416582 0 
3409 6.513562 0 
3410 6.497229 0 
3411 6.480478 0 
3412 6.463874 0 
3414 6.499209 0 
3415 6.483033 0 
3416 6.498699 0 
3417 6.485780 0 
3418 6.469889 0 
3419 6.476972 0 
3420 6.460891 0 
3421 6.445120 0 
3423 6.496305 0 
3424 6.479403 0 
3425 6.463492 0 
3426 6.447104 0 
3428 6.414819 0 
3430 6.378640 0 
3445 6.148336 0 
3446 6.347012 0 
3447 6.331025 0 
3449 6.319383 0 
3451 6.340151 0 
3452 6.323617 0 
3453 6.307067 0 
3454 6.291205 0 
3455 6.367739 0 
3456 6.351224 0 
3457 6.335331 0 
3459 6.302782 0 
3460 6.286484 0 
3461 6.483728 0 
3462 6.467485 0 
3463 6.450835 0 
3464 6.435912 0 
3465 6.419532 0 
3466 6.402903 0 
3467 6.653891 0 
3468 6.637593 0 
3469 6.621519 0 
3470 6.686071 0 
3471 6.688369 0 
3472 6.672336 0 
3473 6.682799 0 
3475 6.875166 0 
3476 6.889762 0 
3477 6.873444 0 
3478 6.856972 0 
3479 6.840421 0 
3480 6.824229 0 
3481 6.807256 0 
3482 6.842258 0 
3483 6.826069 0 
3484 6.809750 0 
3486 6.809777 0 
3488 6.776942 0 
3489 6.876608 0 
3490 6.859027 0 
3491 6.842840 0 
3492 6.826492 0 
3493 6.860650 0 
3494 6.844456 0 
3496 6.811492 0 
3497 6.795731 0 
3498 6.841703 0 
3499 6.825390 0 
3501 6.809102 0 
3503 6.776983 0 
3504 6.760898 0 
3505 6.744709 0 
3507 6.793207 0 
3508 6.815985 0 
3509 6.800122 0 
3511 6.767242 0 
3512 6.853039 0 
3513 6.836985 0 
3514 6.820877 0 
3515 6.947064 0 
3516 6.930642 0 
3517 6.936088 0 
3518 6.919973 0 
3519 6.903569 0 
3520 6.938399 0 
3521 7.033826 0 
3522 7.017970 0 
3523 7.001922 0 
3524 6.985910 0 
3525 6.969989 0 
3526 6.953653 0 
3527 6.974514 0 
3528 6.958379 0 
3530 6.925656 0 
3531 7.050128 0 
3532 7.033846 0 
3533 7.017365 0 
3534 7.037126 0 
3535 7.020861 0 
3536 7.005031 0 
3538 7.026883 0 
3539 7.010529 0 
3540 6.994154 0 
3541 6.978347 0 
3542 7.069929 0 
3543 7.053591 0 
3544 7.038191 0 
3545 7.021600 0 
3546 7.005600 0 
3547 6.988421 0 
3548 7.197809 0 
3549 7.181645 0 
3551 7.148805 0 
3552 7.133007 0 
3553 7.117069 0 
3554 7.170941 0 
3555 7.155051 0 
3556 7.138882 0 
3557 7.122658 0 
3559 7.089394 0 
3560 7.073481 0 
3561 7.057184 0 
3562 7.121227 0 
3564 7.088517 0 
3565 7.209887 0 
3566 7.194100 0 
3567 7.177577 0 
3569 7.318415 0 
3570 7.302381 0 
3571 7.301880 0 
3572 7.285715 0 
3573 7.269373 0 
3574 7.321742 0 
3576 7.411628 0 
3577 7.395464 0 
3578 7.570820 0 
3579 7.554607 0 
3580 7.664968 0 
3581 7.648117 0 
3582 7.632333 0 
3583 7.616135 0 
3584 7.600118 0 
3586 7.567281 0 
3587 7.596223 0 
3588 7.579798 0 
3589 7.657175 0 
3590 7.641167 0 
3591 7.624637 0 
3592 7.608336 0 
3593 7.591925 0 
3594 7.576210 0 
3595 7.559761 0 
3596 7.578677 0 
3597 7.562480 0 
3598 7.545962 0 
3599 7.547987 0 
3600 7.532054 0 
3601 7.515968 0 
3602 7.500733 0 
3603 7.516194 0 
3604 7.596707 0 
3605 7.580129 0 
3606 7.563323 0 
3607 7.736574 0 
3608 7.720177 0 
3609 7.703946 0 
3610 7.687701 0 
3611 7.774901 0 
3613 7.742196 0 
3614 7.726357 0 
3615 7.709973 0 
3616 7.693797 0 
3617 7.677452 0 
3618 7.718911 0 
3619 7.703036 0 
3620 7.686537 0 
3622 7.696013 0 
3623 7.679672 0 
3624 7.663466 0 
3625 7.647120 0 
3627 7.614451 0 
3629 7.620948 0 
3630 7.604781 0 
3631 7.678005 0 
3632 7.661541 0 
3635 7.652164 0 
3636 7.635705 0 
3637 7.634669 0 
3638 7.619058 0 
3639 7.602707 0 
3640 7.586406 0 
3641 7.569993 0 
3643 7.634147 0 
3644 7.667357 0 
3645 7.650669 0 
3646 7.634338 0 
3648 7.723207 0 
3650 7.691140 0 
3651 7.790037 0 
3652 7.772348 0 
3653 7.756960 0 
3654 7.802814 0 
3655 7.786541 0 
3656 7.771080 0 
3658 7.738310 0 
3659 7.863130 0 
3660 7.846903 0 
3661 7.830010 0 
3662 7.987461 0 
3663 7.971312 0 
3664 7.969029 0 
3665 7.952526 0 
3666 7.936762 0 
3667 8.018473 0 
3668 8.002073 0 
3669 7.985591 0 
3670 7.998209 0 
3671 7.981836 0 
3672 7.965732 0 
3674 8.039307 0 
3675 8.063140 0 
3676 8.046771 0 
3677 8.115031 0 
3678 8.099575 0 
3679 8.082981 0 
3680 8.066898 0 
3681 8.126498 0 
3682 8.110386 0 
3683 8.094151 0 
3685 8.060885 0 
3687 8.086843 0 
3688 8.070639 0 
3689 8.053905 0 
3690 8.037265 0 
3691 8.021284 0 
3692 8.004860 0 
3693 8.028324 0 
3695 7.995860 0 
3696 7.979681 0 
3697 7.971172 0 
3698 8.117305 0 
3700 8.118306 0 
3702 8.085242 0 
3703 8.119965 0 
3704 8.102226 0 
3706 8.069288 0 
3707 8.063812 0 
3708 8.047993 0 
3710 8.015362 0 
3711 8.001633 0 
3712 8.133382 0 
3713 8.117076 0 
3714 8.100799 0 
3715 8.156699 0 
3716 8.175355 0 
3717 8.158722 0 
3718 8.143598 0 
3719 8.155098 0 
3720 8.139305 0 
3721 8.122983 0 
3722 8.129719 0 
3723 8.216329 0 
3724 8.204740 0 
3725 8.188419 0 
3726 8.172112 0 
3727 8.155775 0 
3729 8.203998 0 
3730 8.236026 0 
3731 8.381925 0 
3732 8.365385 0 
3817 6.970118 0 
3818 6.954748 0 
3819 6.938624 0 
3821 7.159416 0 
3822 7.142965 0 
3823 7.126935 0 
3824 7.110504 0 
3826 7.077453 0 
3828 7.210345 0 
3830 7.177471 0 
3831 7.161177 0 
3834 7.143982 0 
3835 7.127609 0 
3836 7.111345 0 
3837 7.133214 0 
3838 7.117028 0 
3839 7.100568 0 
3840 7.084277 0 
3844 7.048194 0 
3845 7.032277 0 
3847 6.999858 0 
3850 7.268834 0 
3851 7.251837 0 
3852 7.235773 0 
3853 7.219262 0 
3854 7.202982 0 
3855 7.186860 0 
3857 7.154227 0 
3858 7.234743 0 
3859 7.218925 0 
3860 7.274856 0 
3861 7.258674 0 
3862 7.242608 0 
3863 7.295568 0 
3864 7.279292 0 
3865 7.262992 0 
3866 7.372397 0 
3867 7.356696 0 
3868 7.340528 0 
3869 7.324369 0 
3870 7.308327 0 
3871 7.291828 0 
3873 7.259917 0 
3874 7.300861 0 
3875 7.307113 0 
3876 7.291268 0 
3877 7.343371 0 
3878 7.327144 0 
3879 7.310727 0 
3880 7.295126 0 
3881 7.278740 0 
3882 7.262458 0 
3884 7.283446 0 
3886 7.250553 0 
3887 7.234319 0 
3888 7.218049 0 
3889 7.201550 0 
3890 7.184896 0 
3891 7.168883 0 
3892 7.191994 0 
3894 7.159559 0 
3895 7.142174 0 
3896 7.138804 0 
3897 7.122841 0 
3899 7.090449 0 
3901 7.116659 0 
3902 7.100996 0 
3903 7.084777 0 
3905 7.061718 0 
3906 7.077504 0 
3907 7.232132 0 
3909 7.200347 0 
3910 7.184103 0 
3911 7.167845 0 
3912 7.151233 0 
3913 7.135125 0 
3914 7.168135 0 
3915 7.151735 0 
3916 7.160754 0 
3917 7.144397 0 
3918 7.128346 0 
3919 7.229625 0 
3920 7.221704 0 
3921 7.205268 0 
3922 7.245318 0 
3923 7.228973 0 
3924 7.574376 0 
3925 7.558134 0 
3926 7.541556 0 
3928 7.511238 0 
3929 7.494197 0 
3930 7.555249 0 
3931 7.538907 0 
3932 7.521895 0 
3933 7.606113 0 
3934 7.588489 0 
3936 7.552002 0 
3937 7.535895 0 
3938 7.519765 0 
3939 7.503451 0 
3940 7.487287 0 
3941 7.471042 0 
3942 7.565429 0 
3943 7.549456 0 
3944 7.533290 0 
3945 7.556564 0 
3946 7.540012 0 
3947 7.677158 0 
3949 7.636534 0 
3950 7.697186 0 
3951 7.681179 0 
3952 7.664537 0 
3953 7.648366 0 
3954 7.632344 0 
3955 7.615834 0 
3957 7.583346 0 
3958 7.567094 0 
3959 7.752099 0 
3960 7.735874 0 
3962 7.703059 0 
3963 7.686644 0 
3964 7.670361 0 
3965 7.653919 0 
3967 7.621328 0 
3968 7.905964 0 
3969 7.890333 0 
3970 7.873848 0 
3971 7.857916 0 
3972 7.841452 0 
3974 7.868662 0 
3975 7.852524 0 
3976 7.836361 0 
3977 7.819727 0 
3978 7.803640 0 
3979 7.787626 0 
3980 7.869325 0 
3981 7.852407 0 
3982 7.907478 0 
3984 7.875212 0 
3985 7.858815 0 
3986 7.842748 0 
3987 7.825384 0 
3988 7.892164 0 
3989 7.876018 0 
3990 7.859620 0 
3991 7.843319 0 
3992 7.826952 0 
3993 7.810035 0 
3994 7.793471 0 
3995 7.810962 0 
3996 7.794825 0 
3997 7.778484 0 
3998 7.836865 0 
3999 7.820721 0 
4000 7.804059 0 
4001 7.788270 0 
4002 7.772301 0 
4003 7.756068 0 
4004 7.739551 0 
4005 7.722733 0 
4006 7.797619 0 
4007 7.781445 0 
4008 7.764930 0 
4009 7.748462 0 
4011 7.737226 0 
4012 7.720842 0 
4013 7.704555 0 
4014 7.714987 0 
4015 7.697383 0 
4016 7.682009 0 
4017 7.685339 0 
4018 7.686200 0 
4020 7.673409 0 
4021 7.657401 0 
4022 7.640539 0 
4023 7.624665 0 
4025 7.592546 0 
4027 7.636295 0 
4028 7.665187 0 
4029 7.884715 0 
4030 7.901210 0 
4033 7.852193 0 
4034 7.990914 0 
4035 7.974371 0 
4036 7.958114 0 
4037 8.162576 0 
4038 8.147474 0 
4039 8.131287 0 
4040 8.115268 0 
4041 8.099062 0 
4042 8.082908 0 
4043 8.066225 0 
4044 8.054118 0 
4046 8.179074 0 
4048 8.298138 0 
4049 8.282251 0 
4050 8.265829 0 
4051 8.284199 0 
4052 8.267998 0 
4053 8.251562 0 
4056 8.325074 0 
4057 8.317433 0 
4058 8.299742 0 
4059 8.283321 0 
4060 8.266886 0 
4061 8.407234 0 
4062 8.391305 0 
4063 8.374762 0 
4064 8.377567 0 
4065 8.360521 0 
4066 8.377285 0 
4067 8.361454 0 
4068 8.345174 0 
4069 8.328969 0 
4070 8.340435 0 
4072 8.368924 0 
4073 8.442290 0 
4074 8.425941 0 
4075 8.409635 0 
4076 8.393580 0 
4077 8.376012 0 
4078 8.431744 0 
4079 8.415413 0 
4080 8.399180 0 
4081 8.419448 0 
4083 8.384224 0 
4085 8.370864 0 
4086 8.354725 0 
4087 8.338767 0 
4088 8.322529 0 
4089 8.305938 0 
4090 8.401095 0 
4091 8.384270 0 
4093 8.352483 0 
4094 8.335105 0 
4095 8.319328 0 
4096 8.302330 0 
4098 8.269563 0 
4100 8.237062 0 
4101 8.263354 0 
4102 8.247094 0 
4104 8.214269 0 
4238 6.438067 0 
4239 6.420934 0 
4240 6.404767 0 
4241 6.388983 0 
4242 6.372997 0 
4243 6.356614 0 
4245 6.478244 0 
4247 6.449220 0 
4248 6.443129 0 
4249 6.444460 0 
4250 6.428195 0 
4251 6.411951 0 
4252 6.395696 0 
4253 6.463741 0 
4255 6.430928 0 
4256 6.487393 0 
4257 6.471353 0 
4259 6.490919 0 
4260 6.496868 0 
4261 6.480347 0 
4262 6.464074 0 
4263 6.447197 0 
4264 6.430944 0 
4265 6.460547 0 
4266 6.444780 0 
4267 6.428413 0 
4268 6.412055 0 
4269 6.395626 0 
4271 6.362496 0 
4272 6.347234 0 
4273 6.331013 0 
4274 6.314833 0 
4275 6.368394 0 
4276 6.352202 0 
4277 6.353998 0 
4278 6.591456 0 
4279 6.575213 0 
4280 6.558984 0 
4282 6.526951 0 
4284 6.494527 0 
4285 6.478672 0 
4286 6.461447 0 
4287 6.441746 0 
4288 6.425488 0 
4289 6.414464 0 
4290 6.397974 0 
4292 6.379246 0 
4293 6.415276 0 
4294 6.398198 0 
4295 6.382042 0 
4297 6.460549 0 
4299 6.428652 0 
4300 6.412254 0 
4301 6.395956 0 
4303 6.390009 0 
4304 6.373526 0 
4305 6.412635 0 
4307 6.379763 0 
4308 6.363732 0 
4309 6.463830 0 
4310 6.447711 0 
4311 6.431576 0 
4312 6.415399 0 
4313 6.398978 0 
4314 6.422597 0 
4315 6.406288 0 
4316 6.389341 0 
4317 6.373757 0 
4318 6.357276 0 
4319 6.566020 0 
4320 6.549593 0 
4321 6.533255 0 
4322 6.527619 0 
4323 6.510700 0 
4324 6.540737 0 
4326 6.619791 0 
4327 6.603287 0 
4328 6.587179 0 
4329 6.570296 0 
4330 6.643002 0 
4331 6.856129 0 
4332 6.840448 0 
4334 6.860034 0 
4335 6.843725 0 
4336 6.854242 0 
4337 6.838130 0 
4338 6.821740 0 
4339 6.800883 0 
4340 6.784452 0 
4754 0.006910 1 
4755 0.023363 1 
4756 0.010588 1 
4341 6.862909 0 
4342 6.846776 0 
4343 6.830541 0 
4344 6.814537 0 
4345 6.798117 0 
4347 6.763215 0 
4348 6.747229 0 
4758 0.013870 1 
4759 0.007176 1 
4760 0.005953 1 
4761 0.016846 1 
4763 0.009670 1 
4764 0.010259 1 
4765 0.011250 1 
4766 0.004727 1 
4767 0.009523 1 
4768 0.025232 1 
4770 0.009058 1 
4771 0.006807 1 
4772 0.008649 1 
4773 0.005824 1 
4774 0.008971 1 
4775 0.007012 1 
4776 0.005336 1 
4777 0.009796 1 
4778 0.005990 1 
4780 0.013559 1 
4781 0.009943 1 
4782 0.004662 1 
4349 7.141110 0 
4783 0.014487 1 
4784 0.007350 1 
4785 0.008075 1 
4786 0.013294 1 
4787 0.005924 1 
4788 0.006387 1 
4789 0.008341 1 
4790 0.009829 1 
4791 0.007752 1 
4352 7.229772 0 
4353 7.212869 0 
4355 7.196886 0 
4792 0.010464 1 
4793 0.005258 1 
4794 0.004304 1 
4356 7.218001 0 
4357 7.201932 0 
4358 7.186055 0 
4795 0.006171 1 
4360 7.176602 0 
4361 7.160593 0 
4362 7.143979 0 
4363 7.127691 0 
4796 0.010024 1 
4365 7.112855 0 
4797 0.006669 1 
4798 0.019377 1 
4799 0.011891 1 
4800 0.005408 1 
4801 0.005635 1 
4802 0.024982 1 
4803 0.008992 1 
4804 0.004720 1 
4805 0.011113 1 
4807 0.010825 1 
4808 0.015685 1 
4366 7.291360 0 
4367 7.275309 0 
4368 7.259230 0 
4369 7.245163 0 
4370 7.228918 0 
4372 7.196365 0 
4809 0.006434 1 
4810 0.007114 1 
4811 0.017131 1 
4812 0.007011 1 
4813 0.006624 1 
4814 0.008571 1 
4816 0.007214 1 
4817 0.014962 1 
4821 0.005826 1 
4373 7.393136 0 
4374 7.376932 0 
4375 7.384824 0 
4376 7.368716 0 
4377 7.352230 0 
4823 0.016591 1 
4824 0.012795 1 
4378 7.366414 0 
4379 7.350988 0 
4380 7.334954 0 
4825 0.008976 1 
4826 0.009440 1 
4829 0.011024 1 
4830 0.010970 1 
4831 0.004357 1 
4832 0.031301 1 
4833 0.015128 1 
4382 7.440099 0 
4383 7.423686 0 
4384 7.414952 0 
4385 7.398860 0 
4386 7.383237 0 
4387 7.367390 0 
4834 0.009968 1 
4835 0.005672 1 
4836 0.008374 1 
4837 0.005845 1 
4838 0.006691 1 
4388 7.424101 0 
4839 0.009945 1 
4840 0.006484 1 
4389 7.464252 0 
4390 7.448149 0 
4391 7.431625 0 
4392 7.415570 0 
4393 7.399736 0 
4842 0.011132 1 
4844 0.011571 1 
4845 0.013440 1 
4846 0.013021 1 
4394 7.465043 0 
4395 7.448599 0 
4396 7.432237 0 
4847 0.009446 1 
4848 0.017933 1 
4849 0.012119 1 
4850 0.005305 1 
4852 0.006890 1 
4853 0.007100 1 
4854 0.021581 1 
4855 0.018074 1 
4856 0.006489 1 
4397 7.575636 0 
4398 7.559110 0 
4399 7.543356 0 
4400 7.527143 0 
4401 7.510681 0 
4402 7.494426 0 
4403 7.478253 0 
4857 0.008430 1 
4858 0.014266 1 
4404 7.492537 0 
4405 7.476340 0 
4406 7.460017 0 
4859 0.036931 1 
4860 0.041705 1 
4861 0.025408 1 
4862 0.008772 1 
4407 7.507116 0 
4409 7.473545 0 
4410 7.456741 0 
4411 7.440266 0 
4412 7.424004 0 
4413 7.407351 0 
4414 7.391385 0 
4415 7.375015 0 
4416 7.358772 0 
4418 7.333240 0 
4863 0.008566 1 
4864 0.007285 1 
4865 0.025097 1 
4419 7.392869 0 
4420 7.376761 0 
4866 0.039755 1 
4868 0.017254 1 
4869 0.007584 1 
4421 7.390813 0 
4423 7.358433 0 
4425 7.325498 0 
4870 0.012812 1 
4871 0.007658 1 
4872 0.007869 1 
4426 7.358412 0 
4427 7.342485 0 
4428 7.326372 0 
4431 7.274694 0 
4873 0.014766 1 
4874 0.012503 1 
4875 0.010431 1 
4432 7.308415 0 
4433 7.291856 0 
4434 7.276087 0 
4435 7.268415 0 
4876 0.012504 1 
4877 0.006738 1 
4436 7.289726 0 
4437 7.273696 0 
4879 0.013265 1 
4881 0.009495 1 
4882 0.005799 1 
4883 0.009379 1 
4884 0.006380 1 
4438 7.369079 0 
4439 7.353528 0 
4440 7.337197 0 
4441 7.320864 0 
4442 7.304505 0 
4444 7.272188 0 
4885 0.013414 1 
4886 0.010215 1 
4887 0.008401 1 
4889 0.007781 1 
4890 0.006035 1 
4446 7.322437 0 
4447 7.306274 0 
4448 7.289227 0 
4449 7.273067 0 
4450 7.256480 0 
4891 0.011699 1 
4892 0.005292 1 
4894 0.009300 1 
4451 7.335699 0 
4896 0.008225 1 
4897 0.007101 1 
4898 0.010535 1 
4900 0.007409 1 
4901 0.010753 1 
4902 0.006661 1 
4904 0.014211 1 
4905 0.019691 1 
4906 0.010306 1 
4452 7.500626 0 
4454 7.469368 0 
4455 7.453659 0 
4456 7.437681 0 
4457 7.421157 0 
4458 7.404618 0 
4459 7.387665 0 
4460 7.370981 0 
4907 0.014570 1 
4908 0.008262 1 
4909 0.008906 1 
4461 7.417296 0 
4462 7.401420 0 
4463 7.385389 0 
4464 7.369402 0 
4465 7.353410 0 
4466 7.336961 0 
4467 7.320945 0 
4911 0.017070 1 
4912 0.009595 1 
4913 0.006941 1 
4914 0.007487 1 
4915 0.010135 1 
4916 0.009917 1 
4917 0.009026 1 
4918 0.013442 1 
4919 0.007180 1 
4920 0.008035 1 
4921 0.007599 1 
4923 0.009491 1 
4924 0.006404 1 
4925 0.006057 1 
4926 0.014236 1 
4927 0.006526 1 
4928 0.010078 1 
4929 0.014286 1 
4931 0.005294 1 
4932 0.020077 1 
4933 0.014102 1 
4934 0.008232 1 
4470 7.659504 0 
4935 0.019988 1 
4936 0.009336 1 
4937 0.009382 1 
4938 0.008671 1 
4939 0.008921 1 
4940 0.007568 1 
4941 0.010926 1 
4471 7.766277 0 
4472 7.750145 0 
4473 7.742578 0 
4474 7.726523 0 
4475 7.709546 0 
4942 0.008432 1 
4944 0.010072 1 
4945 0.007099 1 
4946 0.006506 1 
4947 0.008822 1 
4476 7.780372 0 
4477 7.764331 0 
4478 7.748121 0 
4479 7.731837 0 
4481 7.699463 0 
4948 0.007702 1 
4949 0.009357 1 
4950 0.025821 1 
4483 7.733773 0 
4484 7.716672 0 
4485 7.700251 0 
4486 7.684712 0 
4952 0.034825 1 
4953 0.025349 1 
4954 0.011442 1 
4955 0.010577 1 
4487 7.736243 0 
4488 7.719808 0 
4489 7.703892 0 
4491 7.670931 0 
4492 7.654674 0 
4493 7.637243 0 
4494 7.621085 0 
4957 0.006824 1 
4958 0.007057 1 
4959 0.016462 1 
4960 0.008787 1 
4499 7.619581 0 
4500 7.603566 0 
4502 7.584651 0 
4962 0.006196 1 
4963 0.010587 1 
4964 0.006662 1 
4965 0.013461 1 
4966 0.018523 1 
4967 0.016825 1 
4503 7.679909 0 
4504 7.663172 0 
4969 0.010809 1 
4970 0.006551 1 
4971 0.017389 1 
4972 0.011506 1 
4973 0.009012 1 
4974 0.006970 1 
4975 0.013399 1 
4976 0.008674 1 
4977 0.012113 1 
4506 7.814462 0 
4507 7.799044 0 
4508 7.782762 0 
4509 7.766549 0 
4510 7.750608 0 
4511 7.733715 0 
4512 7.717284 0 
4513 7.700857 0 
4514 7.684063 0 
4515 7.668860 0 
4979 0.013762 1 
4516 7.669530 0 
4517 7.653157 0 
4518 7.636952 0 
4519 7.620706 0 
4980 0.014122 1 
4981 0.013028 1 
4982 0.008864 1 
4983 0.008140 1 
4520 7.652377 0 
4521 7.636207 0 
4522 7.619678 0 
4523 7.603472 0 
4525 7.571460 0 
4602 6.304257 0 
4984 0.020348 1 
4985 0.007163 1 
4986 0.009403 1 
4987 0.010339 1 
4988 0.007280 1 
4989 0.016625 1 
4603 6.392102 0 
4604 6.375874 0 
4605 6.360122 0 
4606 6.343926 0 
4990 0.013468 1 
4991 0.019570 1 
4992 0.009672 1 
4993 0.007275 1 
4608 6.370753 0 
4609 6.354467 0 
4610 6.338337 0 
4611 6.321433 0 
4612 6.305436 0 
4613 6.289469 0 
4994 0.010460 1 
4995 0.007127 1 
4996 0.005028 1 
4997 0.020165 1 
4998 0.007511 1 
4999 0.012147 1 
5000 0.014158 1 
4614 6.392374 0 
4615 6.376335 0 
4617 6.344340 0 
4618 6.327605 0 
4619 6.311059 0 
4620 6.294828 0 
4622 6.262290 0 
5001 0.010587 1 
5002 0.007134 1 
5003 0.016950 1 
5004 0.008250 1 
4624 6.295784 0 
5006 0.020292 1 
5007 0.008971 1 
4625 6.332580 0 
5008 0.008491 1 
5009 0.015231 1 
5010 0.008808 1 
5011 0.008134 1 
5012 0.019657 1 
5013 0.013491 1 
4626 6.447675 0 
4627 6.431080 0 
4630 6.382651 0 
5015 0.029185 1 
4631 6.372779 0 
4632 6.356838 0 
5016 0.016043 1 
5017 0.008941 1 
5020 0.006072 1 
5022 0.016746 1 
5023 0.014239 1 
5024 0.015027 1 
5025 0.013390 1 
4633 6.514454 0 
4634 6.497666 0 
4635 6.482086 0 
4636 6.465683 0 
4637 6.449718 0 
4638 6.433227 0 
4639 6.417255 0 
4640 6.400855 0 
4641 6.384739 0 
4643 6.351984 0 
4645 6.319906 0 
5028 0.012726 1 
5029 0.012655 1 
5030 0.004006 1 
4646 6.386526 0 
4647 6.370024 0 
4648 6.354148 0 
4649 6.337732 0 
4650 6.320662 0 
4651 6.304248 0 
5031 0.032408 1 
5032 0.016010 1 
4653 6.286955 0 
5033 0.018828 1 
5034 0.013782 1 
5035 0.007977 1 
5036 0.012424 1 
4654 6.328106 0 
4655 6.311501 0 
4656 6.294955 0 
4657 6.277694 0 
4658 6.260635 0 
5037 0.016101 1 
5038 0.009724 1 
4659 6.279093 0 
4660 6.262810 0 
4661 6.246362 0 
5039 0.005803 1 
4662 6.239016 0 
4663 6.224053 0 
4664 6.207977 0 
5041 0.013842 1 
5043 0.020312 1 
5044 0.011773 1 
4665 6.273066 0 
4666 6.256731 0 
4667 6.240792 0 
5045 0.006544 1 
5046 0.015979 1 
5047 0.006399 1 
5048 0.009552 1 
5049 0.006646 1 
5051 0.009417 1 
5052 0.019495 1 
5053 0.018871 1 
5054 0.008388 1 
5055 0.005386 1 
4669 6.381182 0 
4670 6.366141 0 
4671 6.349991 0 
4672 6.333877 0 
4673 6.317719 0 
4674 6.301129 0 
4675 6.284849 0 
4676 6.268418 0 
5056 0.008601 1 
5057 0.005662 1 
5058 0.007319 1 
4677 6.310706 0 
4678 6.294664 0 
5059 0.022277 1 
5060 0.014043 1 
5061 0.006909 1 
5062 0.012902 1 
4680 6.323975 0 
4682 6.291144 0 
4683 6.275348 0 
4684 6.259159 0 
4685 6.242531 0 
4686 6.225855 0 
5063 0.006093 1 
5064 0.006014 1 
5065 0.014127 1 
4687 6.308658 0 
4688 6.291919 0 
4690 6.258431 0 
5067 0.037587 1 
5068 0.020057 1 
5069 0.008112 1 
4691 6.267981 0 
4692 6.251735 0 
4693 6.235422 0 
5070 0.012284 1 
5071 0.014140 1 
5072 0.014255 1 
5073 0.013227 1 
5074 0.020798 1 
5075 0.010699 1 
4695 6.305181 0 
4697 6.271711 0 
4698 6.255590 0 
4699 6.239069 0 
4701 6.206562 0 
4702 6.189940 0 
4703 6.170401 0 
4705 6.137416 0 
5076 0.010781 1 
5078 0.013394 1 
4706 6.184217 0 
4707 6.168122 0 
4708 6.151240 0 
4709 6.135438 0 
4710 6.119168 0 
5080 0.008882 1 
5081 0.007707 1 
5082 0.006644 1 
5083 0.017654 1 
5084 0.010662 1 
4711 6.184614 0 
4712 6.167901 0 
4713 6.151257 0 
5085 0.007718 1 
5086 0.010779 1 
5088 0.009328 1 
5089 0.015933 1 
5090 0.019560 1 
5091 0.010062 1 
4714 6.274875 0 
5093 0.018689 1 
4715 6.286253 0 
4716 6.270019 0 
4717 6.254172 0 
4718 6.238025 0 
4719 6.221458 0 
5095 0.016725 1 
5096 0.011869 1 
4720 6.224049 0 
4721 6.207547 0 
5097 0.008737 1 
5099 0.026952 1 
5100 0.018268 1 
5101 0.011337 1 
5103 0.007793 1 
4722 6.307725 0 
4724 6.274555 0 
4725 6.258304 0 
4726 6.242301 0 
4727 6.226077 0 
4728 6.210173 0 
4729 6.193448 0 
5104 0.013830 1 
5105 0.016011 1 
5106 0.006498 1 
5107 0.014200 1 
5108 0.016986 1 
5109 0.013898 1 
5110 0.007163 1 
4730 6.287277 0 
4732 6.254389 0 
4733 6.238529 0 
4734 6.222232 0 
4735 6.206248 0 
4736 6.189831 0 
5111 0.008379 1 
5112 0.013429 1 
5113 0.005118 1 
5114 0.025974 1 
5115 0.043813 1 
5116 0.036244 1 
5117 0.040839 1 
5118 0.040798 1 
5119 0.024474 1 
4737 6.354391 0 
4738 6.338190 0 
4739 6.321996 0 
4740 6.305729 0 
4741 6.290180 0 
4742 6.273894 0 
4743 6.257414 0 
4745 6.224811 0 
5120 0.034325 1 
5122 0.015405 1 
5123 0.009365 1 
4746 6.248827 0 
5124 0.013323 1 
4747 6.250588 0 
4748 6.234544 0 
4749 6.218269 0 
4750 6.201898 0 
4751 6.181529 0 
4753 6.148732 0 
5125 0.010205 1 
4754 6.140885 0 
5126 0.009146 1 
4755 6.140511 0 
4756 6.124065 0 
5127 0.019447 1 
5128 0.011697 1 
4758 6.178164 0 
4759 6.284136 0 
4760 6.267863 0 
4761 6.291632 0 
4764 6.243067 0 
5131 0.224206 1 
5132 0.208089 1 
5133 0.191424 1 
5134 0.175309 1 
5135 0.158479 1 
5136 0.141707 1 
5137 0.125519 1 
5138 0.109270 1 
5139 0.092242 1 
5143 0.032607 1 
5144 0.016331 1 
5145 0.015165 1 
5146 0.014389 1 
5147 0.006456 1 
5148 0.007040 1 
4767 6.315673 0 
4768 6.299282 0 
4770 6.266855 0 
4771 6.250867 0 
5149 0.010746 1 
5151 0.024685 1 
5152 0.015240 1 
4772 6.303600 0 
4773 6.287198 0 
4774 6.270944 0 
5153 0.012111 1 
5154 0.008587 1 
5156 0.006282 1 
5157 0.005560 1 
4775 6.327353 0 
4776 6.311577 0 
4777 6.295450 0 
5158 0.010819 1 
5159 0.010092 1 
4778 6.318419 0 
4780 6.286197 0 
4781 6.269986 0 
5161 0.020772 1 
5162 0.015958 1 
5163 0.014896 1 
5164 0.024253 1 
5165 0.011914 1 
5166 0.010293 1 
4784 6.355931 0 
4785 6.339572 0 
4786 6.321379 0 
4787 6.305076 0 
4788 6.288078 0 
5168 0.014670 1 
5169 0.051044 1 
5170 0.034355 1 
5171 0.017876 1 
5172 0.011746 1 
5173 0.008029 1 
5174 0.011003 1 
4789 6.390824 0 
4790 6.374012 0 
4791 6.358163 0 
4792 6.342009 0 
5175 0.008679 1 
5176 0.019752 1 
4793 6.362057 0 
4794 6.345251 0 
4795 6.328668 0 
4796 6.312661 0 
5178 0.011226 1 
5179 0.007605 1 
5180 0.008660 1 
5181 0.007604 1 
4797 6.368170 0 
4798 6.363806 0 
4799 6.347649 0 
4800 6.331594 0 
4801 6.315517 0 
5182 0.021286 1 
5183 0.022968 1 
5184 0.014308 1 
5185 0.006305 1 
5186 0.012249 1 
5187 0.027530 1 
5188 0.032423 1 
5189 0.015623 1 
5190 0.008402 1 
5191 0.008255 1 
5192 0.011850 1 
5193 0.007036 1 
4802 6.476696 0 
5194 0.008976 1 
4804 6.475268 0 
4805 6.459105 0 
4807 6.426960 0 
5195 0.011941 1 
5196 0.007096 1 
5197 0.008099 1 
5198 0.011676 1 
5199 0.008142 1 
5200 0.007047 1 
5201 0.026003 1 
5202 0.015456 1 
5203 0.012978 1 
5205 0.010672 1 
5206 0.010248 1 
5207 0.019302 1 
5208 0.015805 1 
5209 0.006441 1 
5210 0.024306 1 
5211 0.016636 1 
4808 6.685952 0 
4809 6.669434 0 
4810 6.653157 0 
4811 6.638756 0 
4812 6.622436 0 
4813 6.606344 0 
4814 6.590100 0 
4816 6.557608 0 
4817 6.541018 0 
4818 6.524783 0 
4819 6.508478 0 
4821 6.475747 0 
5212 0.013597 1 
4823 6.446443 0 
5214 0.025439 1 
5215 0.017584 1 
5216 0.008563 1 
5219 0.005824 1 
5221 0.025756 1 
4824 6.619266 0 
5222 0.048142 1 
5223 0.033848 1 
5224 0.017817 1 
4825 6.615272 0 
4826 6.597095 0 
4829 6.548918 0 
5227 0.016335 1 
4830 6.592763 0 
5228 0.018058 1 
5229 0.024324 1 
5230 0.033886 1 
5231 0.021228 1 
5232 0.029623 1 
5233 0.013644 1 
5234 0.009015 1 
5235 0.008010 1 
5236 0.015617 1 
5237 0.008785 1 
4831 6.719447 0 
4832 6.703465 0 
4833 6.688284 0 
4834 6.671813 0 
4835 6.653656 0 
4836 6.637395 0 
4837 6.621132 0 
4838 6.605271 0 
4839 6.588659 0 
5238 0.011440 1 
5240 0.009431 1 
4840 6.657335 0 
4842 6.625709 0 
5242 0.026944 1 
5243 0.020783 1 
5244 0.034425 1 
5245 0.018077 1 
5246 0.009831 1 
5247 0.008482 1 
5248 0.016788 1 
5250 0.009893 1 
5251 0.023104 1 
5252 0.013980 1 
5253 0.009961 1 
4844 6.772019 0 
4845 6.756294 0 
4846 6.740169 0 
4847 6.724901 0 
4848 6.708562 0 
4849 6.692811 0 
4850 6.676466 0 
4852 6.643940 0 
5254 0.012716 1 
5255 0.013755 1 
5256 0.008539 1 
5257 0.016202 1 
5258 0.014924 1 
4853 6.709130 0 
4854 6.693243 0 
4855 6.676989 0 
4856 6.661022 0 
4857 6.645205 0 
4858 6.628779 0 
4859 6.612131 0 
4860 6.596230 0 
5259 0.014478 1 
5260 0.008177 1 
5261 0.012315 1 
5262 0.008299 1 
5263 0.039235 1 
5264 0.022981 1 
5266 0.029498 1 
4861 6.724149 0 
4862 6.707619 0 
4863 6.689335 0 
4864 6.672933 0 
5267 0.028249 1 
5268 0.019408 1 
5269 0.031742 1 
5270 0.019996 1 
5271 0.014260 1 
4865 6.732035 0 
4866 6.715560 0 
4868 6.683873 0 
5272 0.012150 1 
4869 6.680565 0 
4870 6.664964 0 
4871 6.648698 0 
4872 6.632411 0 
4873 6.616488 0 
5273 0.016482 1 
5274 0.013140 1 
5275 0.022472 1 
4874 6.652245 0 
4875 6.635725 0 
5277 0.018191 1 
4876 6.660547 0 
4877 6.644558 0 
4879 6.611668 0 
4881 6.579302 0 
4882 6.562861 0 
4883 6.545202 0 
5279 0.021912 1 
5280 0.017458 1 
5281 0.040131 1 
5282 0.026039 1 
5283 0.021044 1 
5284 0.012710 1 
4884 6.631507 0 
4885 6.613832 0 
4886 6.597339 0 
4887 6.581315 0 
4889 6.547389 0 
5285 0.026632 1 
5287 0.011659 1 
5288 0.033274 1 
5289 0.017194 1 
5290 0.014039 1 
4890 6.625985 0 
4891 6.609965 0 
4892 6.593880 0 
4894 6.561273 0 
4896 6.528320 0 
4897 6.529559 0 
4898 6.513289 0 
4900 6.480787 0 
4901 6.464150 0 
5292 0.019231 1 
5294 0.032024 1 
5295 0.029165 1 
5296 0.017468 1 
5298 0.022676 1 
5299 0.018670 1 
5300 0.015113 1 
5302 0.015522 1 
4902 6.623274 0 
4904 6.590860 0 
4905 6.573950 0 
4906 6.557377 0 
4907 6.541404 0 
4908 6.525142 0 
4909 6.509101 0 
4910 6.492885 0 
4911 6.476368 0 
4912 6.460299 0 
4913 6.443614 0 
5303 0.032568 1 
5304 0.022880 1 
5305 0.010866 1 
5306 0.018085 1 
5307 0.024974 1 
5308 0.022988 1 
5309 0.016456 1 
5310 0.022502 1 
5311 0.022076 1 
5312 0.017477 1 
4914 6.613725 0 
4915 6.597237 0 
4916 6.580916 0 
4917 6.564753 0 
4918 6.548488 0 
5313 0.038019 1 
5314 0.021300 1 
4919 6.552860 0 
4920 6.536589 0 
4921 6.518731 0 
4923 6.486270 0 
4924 6.469923 0 
4925 6.453488 0 
4926 6.436971 0 
5315 0.018630 1 
5316 0.014939 1 
4927 6.465377 0 
4928 6.448981 0 
4929 6.432016 0 
4983 5.533423 0 
5317 0.023145 1 
5318 0.011385 1 
5319 0.023052 1 
5321 0.021277 1 
5322 0.020441 1 
5323 0.021142 1 
5324 0.007754 1 
4984 5.631475 0 
4985 5.615497 0 
4986 5.599206 0 
4987 5.582912 0 
4988 5.566650 0 
4989 5.550522 0 
4990 5.534119 0 
4991 5.518035 0 
4992 5.501815 0 
4993 5.485686 0 
4994 5.469800 0 
5325 0.028482 1 
4995 5.483585 0 
4996 5.467603 0 
4997 5.450894 0 
4998 5.434690 0 
4999 5.418693 0 
5000 5.402584 0 
5001 5.385932 0 
5326 0.024513 1 
5327 0.011247 1 
5329 0.014293 1 
5003 5.398350 0 
5004 5.382509 0 
5006 5.349835 0 
5007 5.333493 0 
5008 5.314144 0 
5009 5.297907 0 
5330 0.009914 1 
5010 5.298350 0 
5011 5.282695 0 
5012 5.266534 0 
5013 5.250320 0 
5015 5.217838 0 
5016 5.201243 0 
5017 5.184802 0 
5331 0.030581 1 
5022 5.140563 0 
5023 5.123929 0 
5332 0.024395 1 
5333 0.015300 1 
5334 0.010384 1 
5335 0.014205 1 
5024 5.149514 0 
5025 5.133351 0 
5028 5.084089 0 
5029 5.067938 0 
5030 5.049104 0 
5031 5.034212 0 
5032 5.017751 0 
5033 5.001250 0 
5034 4.985076 0 
5035 4.968863 0 
5036 4.952579 0 
5037 4.935845 0 
5038 4.919891 0 
5039 4.903595 0 
5041 4.871107 0 
5336 0.010763 1 
5337 0.006742 1 
5338 0.010562 1 
5339 0.009754 1 
5340 0.008052 1 
5342 0.016135 1 
5343 0.031219 1 
5344 0.015016 1 
5345 0.011951 1 
5346 0.013232 1 
5347 0.018014 1 
5348 0.019635 1 
5350 0.015150 1 
5351 0.010071 1 
5352 0.037420 1 
5353 0.021152 1 
5043 5.164525 0 
5044 5.148165 0 
5045 5.132954 0 
5046 5.116665 0 
5047 5.100232 0 
5048 5.083808 0 
5049 5.067108 0 
5051 5.035299 0 
5052 5.019064 0 
5053 5.002427 0 
5054 4.986286 0 
5055 4.969536 0 
5056 4.953143 0 
5057 4.936520 0 
5058 4.918741 0 
5059 4.902808 0 
5060 4.886224 0 
5061 4.870141 0 
5062 4.853839 0 
5063 4.837561 0 
5064 4.821363 0 
5065 4.805578 0 
5355 0.020297 1 
5356 0.021515 1 
5357 0.017052 1 
5358 0.016246 1 
5360 0.017059 1 
5361 0.023795 1 
5362 0.038140 1 
5363 0.021492 1 
5364 0.014494 1 
5365 0.007444 1 
5067 4.939487 0 
5068 4.921946 0 
5069 4.905932 0 
5367 0.016772 1 
5368 0.009482 1 
5369 0.018630 1 
5370 0.012578 1 
5371 0.009004 1 
5070 5.008229 0 
5071 4.991702 0 
5072 4.975824 0 
5073 4.958200 0 
5074 4.941467 0 
5075 4.925066 0 
5076 4.908444 0 
5078 4.876277 0 
5080 4.842217 0 
5081 4.826312 0 
5082 4.809241 0 
5083 4.792918 0 
5084 4.775450 0 
5085 4.759725 0 
5086 4.743263 0 
5088 4.710808 0 
5089 4.693766 0 
5090 4.677266 0 
5372 0.053827 1 
5373 0.037839 1 
5091 4.696097 0 
5093 4.663639 0 
5095 4.631115 0 
5096 4.615008 0 
5097 4.598773 0 
5099 4.565574 0 
5100 4.547081 0 
5101 4.530982 0 
5103 4.498483 0 
5104 4.481345 0 
5105 4.465828 0 
5106 4.449231 0 
5107 4.432792 0 
5108 4.413672 0 
5109 4.399663 0 
5110 4.383422 0 
5111 4.366271 0 
5112 4.350849 0 
5113 4.334042 0 
5374 0.039837 1 
5375 0.023626 1 
5377 0.022388 1 
5114 4.362232 0 
5115 4.346013 0 
5116 4.329891 0 
5117 4.315046 0 
5118 4.298710 0 
5119 4.282134 0 
5120 4.265949 0 
5122 4.233087 0 
5123 4.216908 0 
5378 0.018060 1 
5379 0.007070 1 
5380 0.008774 1 
5381 0.010401 1 
5382 0.019414 1 
5383 0.007900 1 
5384 0.013972 1 
5385 0.010986 1 
5386 0.010337 1 
5387 0.014721 1 
5388 0.018494 1 
5124 4.375831 0 
5125 4.359309 0 
5126 4.342822 0 
5127 4.326735 0 
5128 4.310441 0 
5130 4.277928 0 
5131 4.261586 0 
5132 4.245400 0 
5389 0.020014 1 
5390 0.013546 1 
5134 4.252721 0 
5391 0.013544 1 
5392 0.009229 1 
5393 0.012725 1 
5394 0.010156 1 
5395 0.011307 1 
5396 0.007961 1 
5397 0.014207 1 
5398 0.011654 1 
5399 0.007708 1 
5135 4.382446 0 
5136 4.365571 0 
5137 4.349503 0 
5138 4.332954 0 
5139 4.315923 0 
5140 4.299987 0 
5141 4.283726 0 
5143 4.250771 0 
5144 4.234283 0 
5145 4.218091 0 
5146 4.201481 0 
5147 4.185199 0 
5148 4.169490 0 
5149 4.152827 0 
5151 4.120230 0 
5152 4.111362 0 
5153 4.095132 0 
5154 4.077939 0 
5156 4.045759 0 
5157 4.029525 0 
5158 4.012757 0 
5159 3.994446 0 
5161 3.963151 0 
5162 3.946973 0 
5163 3.930486 0 
5164 3.914020 0 
5165 3.897094 0 
5166 3.880038 0 
5168 3.842716 0 
5169 3.827847 0 
5170 3.811082 0 
5171 3.794600 0 
5172 3.778509 0 
5400 0.041438 1 
5401 0.025448 1 
5402 0.015490 1 
5404 0.019043 1 
5173 3.822210 0 
5174 3.805893 0 
5405 0.018787 1 
5406 0.019267 1 
5407 0.012164 1 
5408 0.007201 1 
5409 0.006514 1 
5410 0.015268 1 
5411 0.012632 1 
5175 3.934959 0 
5176 3.918876 0 
5178 3.886336 0 
5179 3.869873 0 
5180 3.853550 0 
5181 3.836971 0 
5182 3.820318 0 
5183 3.804126 0 
5184 3.787907 0 
5185 3.771613 0 
5186 3.755059 0 
5187 3.738674 0 
5188 3.720937 0 
5189 3.704078 0 
5190 3.686779 0 
5191 3.670669 0 
5192 3.654130 0 
5193 3.637580 0 
5194 3.621013 0 
5413 0.029922 1 
5414 0.013595 1 
5415 0.006131 1 
5416 0.015839 1 
5195 3.658438 0 
5196 3.642108 0 
5197 3.625542 0 
5198 3.609523 0 
5199 3.593317 0 
5200 3.576725 0 
5201 3.560497 0 
5202 3.543803 0 
5203 3.527581 0 
5205 3.494821 0 
5206 3.478966 0 
5207 3.462770 0 
5208 3.446572 0 
5209 3.430069 0 
5210 3.414000 0 
5211 3.397718 0 
5212 3.380995 0 
5214 3.348717 0 
5215 3.331523 0 
5216 3.314702 0 
5217 3.298334 0 
5219 3.265736 0 
5418 0.009747 1 
5420 0.018554 1 
5421 0.017683 1 
5422 0.029302 1 
5423 0.020562 1 
5221 3.389069 0 
5222 3.372518 0 
5223 3.356351 0 
5224 3.340052 0 
5227 3.291158 0 
5228 3.274580 0 
5229 3.258324 0 
5230 3.241877 0 
5231 3.225516 0 
5232 3.209094 0 
5233 3.193044 0 
5234 3.176441 0 
5235 3.160349 0 
5426 0.043963 1 
5427 0.027844 1 
5428 0.075105 1 
5429 0.058774 1 
5430 0.042687 1 
5431 0.045315 1 
5432 0.029011 1 
5433 0.021999 1 
5434 0.030338 1 
5435 0.016603 1 
5436 0.007884 1 
5437 0.007276 1 
5439 0.009684 1 
5441 0.020509 1 
5442 0.011132 1 
5443 0.007457 1 
5444 0.012306 1 
5445 0.007242 1 
5446 0.009311 1 
5447 0.012915 1 
5449 0.014193 1 
5450 0.017995 1 
5451 0.008256 1 
5452 0.011260 1 
5453 0.005756 1 
5454 0.010557 1 
5455 0.006859 1 
5456 0.017831 1 
5457 0.016067 1 
5458 0.015632 1 
5459 0.014688 1 
5460 0.010234 1 
5461 0.009349 1 
5462 0.025305 1 
5463 0.017242 1 
5465 0.063985 1 
5466 0.070107 1 
5467 0.054409 1 
5468 0.038222 1 
5469 0.021424 1 
5470 0.011396 1 
5471 0.007535 1 
5472 0.025409 1 
5473 0.059049 1 
5474 0.056800 1 
5476 0.024613 1 
5478 0.013354 1 
5479 0.008710 1 
5480 0.008920 1 
5481 0.014158 1 
5482 0.013221 1 
5483 0.009607 1 
5484 0.012614 1 
5486 0.011939 1 
5487 0.019786 1 
5488 0.013124 1 
5489 0.013306 1 
5491 0.015240 1 
5493 0.031010 1 
5494 0.015956 1 
5495 0.017112 1 
5497 0.028200 1 
5498 0.015980 1 
5499 0.017424 1 
5501 0.011312 1 
5502 0.014036 1 
5503 0.023550 1 
5504 0.007304 1 
5505 0.010940 1 
5506 0.028102 1 
5507 0.017735 1 
5508 0.014944 1 
5509 0.010978 1 
5510 0.012113 1 
5511 0.012676 1 
5512 0.010072 1 
5513 0.013230 1 
5514 0.009821 1 
5515 0.023824 1 
5516 0.017411 1 
5517 0.015790 1 
5518 0.009401 1 
5520 0.012629 1 
5521 0.006939 1 
5522 0.014617 1 
5523 0.007708 1 
5524 0.010273 1 
5525 0.016221 1 
5526 0.012707 1 
5528 0.022347 1 
5529 0.015074 1 
5530 0.012298 1 
5531 0.017627 1 
5532 0.008230 1 
5533 0.009606 1 
5534 0.012254 1 
5535 0.008749 1 
5536 0.008274 1 
5537 0.020075 1 
5538 0.017475 1 
5539 0.008517 1 
5541 0.015049 1 
5542 0.010854 1 
5543 0.007966 1 
5544 0.061270 1 
5545 0.044924 1 
5546 0.034502 1 
5547 0.031242 1 
5549 0.013442 1 
5550 0.039048 1 
5551 0.030548 1 
5552 0.015119 1 
5554 0.011607 1 
5555 0.007220 1 
5556 0.022173 1 
5557 0.011750 1 
5559 0.015857 1 
5560 0.017873 1 
5561 0.006785 1 
5562 0.018048 1 
5563 0.015100 1 
5564 0.010138 1 
5566 0.017836 1 
5567 0.012085 1 
5568 0.025665 1 
5569 0.012389 1 
5570 0.014062 1 
5571 0.007837 1 
5572 0.018622 1 
5573 0.006499 1 
5574 0.006160 1 
5576 0.010162 1 
5577 0.008229 1 
5578 0.014885 1 
5579 0.015500 1 
5580 0.009417 1 
5581 0.013550 1 
5582 0.010219 1 
5583 0.006303 1 
5584 0.009963 1 
5585 0.013301 1 
5586 0.007333 1 
5587 0.029143 1 
5588 0.024337 1 
5589 0.013449 1 
5590 0.012023 1 
5591 0.021271 1 
5592 0.014926 1 
5593 0.016380 1 
5594 0.025035 1 
5595 0.012826 1 
5596 0.015373 1 
5597 0.041802 1 
5598 0.045859 1 
5599 0.029310 1 
5600 0.026121 1 
5601 0.009575 1 
5603 0.017000 1 
5604 0.014470 1 
5605 0.010569 1 
5606 0.011003 1 
5607 0.007614 1 
5608 0.006976 1 
5609 0.013476 1 
5610 0.008707 1 
5612 0.033067 1 
5613 0.016504 1 
5614 0.007878 1 
5615 0.008795 1 
5617 0.011726 1 
5619 0.022920 1 
5620 0.014637 1 
5621 0.025209 1 
5622 0.022259 1 
5625 0.018614 1 
5626 0.010624 1 
5627 0.014776 1 
5628 0.036732 1 
5629 0.020367 1 
5630 0.013126 1 
5631 0.011091 1 
5632 0.009376 1 
5633 0.009432 1 
5634 0.008461 1 
5635 0.007855 1 
5636 0.006752 1 
5638 0.017016 1 
5640 0.018864 1 
5641 0.008484 1 
5642 0.006182 1 
5643 0.012843 1 
5644 0.011798 1 
5645 0.006613 1 
5646 0.010369 1 
5648 0.016492 1 
5649 0.016598 1 
5650 0.011508 1 
5651 0.010474 1 
5652 0.007466 1 
5653 0.016411 1 
5654 0.009820 1 
5655 0.006295 1 
5656 0.022727 1 
5657 0.012505 1 
5658 0.012036 1 
5659 0.013948 1 
5660 0.022066 1 
5661 0.012615 1 
5662 0.019685 1 
5664 0.045534 1 
5665 0.053110 1 
5666 0.036028 1 
5667 0.023940 1 
5668 0.035147 1 
5669 0.025697 1 
5670 0.009521 1 
5671 0.007936 1 
5672 0.011439 1 
5673 0.012358 1 
5675 0.013890 1 
5677 0.007918 1 
5678 0.014517 1 
5679 0.007457 1 
5680 0.028912 1 
5681 0.023307 1 
5682 0.017926 1 
5683 0.008904 1 
5685 0.011809 1 
5686 0.011734 1 
5687 0.012652 1 
5688 0.009624 1 
5690 0.017225 1 
5692 0.011149 1 
5693 0.024434 1 
5694 0.012763 1 
5696 0.014863 1 
5697 0.019296 1 
5698 0.008947 1 
5700 0.011272 1 
5701 0.010295 1 
5702 0.007098 1 
5703 0.015886 1 
5704 0.010074 1 
5705 0.013587 1 
5706 0.015895 1 
5707 0.011022 1 
5708 0.008657 1 
5709 0.011580 1 
5710 0.010870 1 
5711 0.013002 1 
5712 0.019512 1 
5713 0.012168 1 
5714 0.009035 1 
5715 0.015480 1 
5716 0.008205 1 
5717 0.009129 1 
5719 0.013120 1 
5720 0.006991 1 
5721 0.027081 1 
5722 0.047924 1 
5723 0.031387 1 
5724 0.024127 1 
5725 0.021683 1 
5727 0.011573 1 
5728 0.039261 1 
5729 0.023870 1 
5730 0.029556 1 
5731 0.020582 1 
5732 0.015961 1 
5733 0.010828 1 
5734 0.021343 1 
5735 0.019822 1 
5737 0.021004 1 
5738 0.010202 1 
5740 0.016881 1 
5741 0.011799 1 
5742 0.007712 1 
5743 0.018160 1 
5744 0.010308 1 
5745 0.007720 1 
5746 0.010946 1 
5748 0.017810 1 
5749 0.033703 1 
5750 0.017510 1 
5751 0.021213 1 
5753 0.024653 1 
5754 0.020300 1 
5755 0.008934 1 
5756 0.016375 1 
5758 0.014941 1 
5759 0.020626 1 
5760 0.012228 1 
5761 0.010519 1 
5762 0.015861 1 
5763 0.009767 1 
5765 0.012903 1 
5766 0.011283 1 
5767 0.016723 1 
5768 0.022106 1 
5769 0.010135 1 
5770 0.008408 1 
5771 0.017208 1 
5772 0.006980 1 
5773 0.008899 1 
5775 0.008599 1 
5776 0.010085 1 
5777 0.008000 1 
5778 0.009980 1 
5779 0.008293 1 
5780 0.011347 1 
5781 0.031884 1 
5782 0.052896 1 
5783 0.036709 1 
5784 0.030403 1 
5785 0.014385 1 
5786 0.007611 1 
5787 0.021946 1 
5788 0.023314 1 
5789 0.012847 1 
5790 0.014632 1 
5791 0.023993 1 
5792 0.014397 1 
5793 0.019084 1 
5794 0.017677 1 
5795 0.008861 1 
5796 0.018842 1 
5797 0.019586 1 
5798 0.011508 1 
5799 0.031169 1 
5800 0.020221 1 
5802 0.027281 1 
5803 0.024593 1 
5804 0.023157 1 
5805 0.025212 1 
5806 0.024630 1 
5807 0.016147 1 
5808 0.012097 1 
5809 0.008266 1 
5811 0.028331 1 
5812 0.022202 1 
5813 0.005699 1 
5814 0.005799 1 
5816 0.015130 1 
5818 0.027576 1 
5819 0.025493 1 
5820 0.030637 1 
5821 0.023175 1 
5824 0.041541 1 
5825 0.042046 1 
5826 0.025856 1 
5827 0.043667 1 
5828 0.031072 1 
5829 0.018892 1 
5830 0.148185 1 
5831 0.190089 1 
5832 0.173901 1 
5833 0.157686 1 
5834 0.157948 1 
5835 0.141630 1 
5837 0.109152 1 
5842 0.039465 1 
5843 0.023176 1 
5844 0.044962 1 
5845 0.032520 1 
5847 0.018715 1 
5848 0.021677 1 
5849 0.020619 1 
5850 0.021003 1 
5851 0.013088 1 
5852 0.014876 1 
5853 0.011528 1 
5854 0.009262 1 
5855 0.033947 1 
5856 0.017593 1 
5857 0.045652 1 
5858 0.029496 1 
5859 0.020225 1 
5860 0.019939 1 
5861 0.016282 1 
5863 0.024234 1 
5864 0.032653 1 
5865 0.021970 1 
5866 0.014911 1 
5867 0.007042 1 
5868 0.020337 1 
5869 0.009678 1 
5870 0.007844 1 
5871 0.017582 1 
5872 0.013721 1 
5874 0.014705 1 
5876 0.009305 1 
5877 0.028469 1 
5878 0.012532 1 
5879 0.006687 1 
5880 0.020461 1 
5881 0.010024 1 
5882 0.013446 1 
5884 0.012108 1 
5885 0.011084 1 
5886 0.018222 1 
5887 0.017170 1 
5889 0.020813 1 
5891 0.015124 1 
5892 0.026026 1 
5893 0.020379 1 
5895 0.012483 1 
5896 0.012883 1 
5897 0.010997 1 
5899 0.011220 1 
5900 0.007808 1 
5901 0.012024 1 
5902 0.010898 1 
5903 0.008399 1 
5904 0.010595 1 
5905 0.025800 1 
5906 0.014593 1 
5907 0.009951 1 
5908 0.010475 1 
5909 0.007972 1 
5910 0.010977 1 
5911 0.014414 1 
5912 0.011547 1 
5913 0.013148 1 
5914 0.023076 1 
5915 0.021162 1 
5916 0.013164 1 
5918 0.014603 1 
5919 0.012090 1 
5920 0.007350 1 
5921 0.008215 1 
5922 0.021455 1 
5923 0.037935 1 
5924 0.024351 1 
5926 0.007252 1 
5927 0.011690 1 
5928 0.007905 1 
5929 0.009680 1 
5930 0.029006 1 
5931 0.014017 1 
5932 0.013747 1 
5933 0.011726 1 
5934 0.010055 1 
5935 0.010484 1 
5936 0.018007 1 
5937 0.007548 1 
5939 0.015061 1 
5940 0.011510 1 
5941 0.010990 1 
5942 0.026053 1 
5943 0.009832 1 
5944 0.006651 1 
5945 0.008875 1 
5947 0.010190 1 
5948 0.013441 1 
5949 0.017640 1 
5950 0.011027 1 
5952 0.011769 1 
5953 0.009255 1 
5954 0.023789 1 
5955 0.012013 1 
5957 0.011079 1 
5958 0.016348 1 
5959 0.007602 1 
5960 0.009677 1 
5961 0.022654 1 
5962 0.011580 1 
5964 0.014249 1 
5965 0.013381 1 
5966 0.014792 1 
5967 0.019341 1 
5968 0.010705 1 
5969 0.007357 1 
5970 0.023521 1 
5971 0.005190 1 
5972 0.011868 1 
5974 0.018155 1 
5975 0.009518 1 
5976 0.007057 1 
5977 0.014871 1 
5978 0.013569 1 
5979 0.012589 1 
5980 0.013370 1 
5981 0.010082 1 
5982 0.010226 1 
5983 0.009613 1 
5984 0.015002 1 
5985 0.010491 1 
5986 0.024064 1 
5987 0.020117 1 
5988 0.033566 1 
5989 0.020230 1 
5990 0.009548 1 
5991 0.015987 1 
5992 0.022856 1 
5993 0.011316 1 
5994 0.006520 1 
5995 0.010381 1 
5996 0.012626 1 
5997 0.019229 1 
5998 0.022898 1 
5999 0.013444 1 
6001 0.012370 1 
6002 0.015887 1 
6003 0.011950 1 
6004 0.007228 1 
6005 0.015158 1 
6006 0.011688 1 
6007 0.008384 1 
6008 0.013268 1 
6010 0.030119 1 
6011 0.014179 1 
6012 0.005355 1 
6013 0.008075 1 
6015 0.010688 1 
6017 0.019263 1 
6018 0.018300 1 
6019 0.026216 1 
6020 0.023735 1 
6023 0.018630 1 
6024 0.017781 1 
6025 0.016944 1 
6026 0.036544 1 
6027 0.024379 1 
6028 0.014617 1 
6029 0.007605 1 
6030 0.022335 1 
6031 0.011495 1 
6032 0.011039 1 
6033 0.009914 1 
6034 0.020846 1 
6036 0.016702 1 
6038 0.026760 1 
6039 0.017249 1 
6040 0.011088 1 
6041 0.007241 1 
6042 0.024854 1 
6043 0.012569 1 
6044 0.013935 1 
6046 0.023813 1 
6047 0.015755 1 
6048 0.019695 1 
6049 0.018586 1 
6050 0.008972 1 
6051 0.010841 1 
6052 0.008130 1 
6053 0.008340 1 
6054 0.022736 1 
6055 0.013176 1 
6056 0.007235 1 
6057 0.007738 1 
6058 0.031943 1 
6059 0.015757 1 
6060 0.008295 1 
6062 0.016113 1 
6063 0.016526 1 
6064 0.018279 1 
6065 0.017980 1 
6066 0.011070 1 
6067 0.014761 1 
6068 0.010279 1 
6069 0.010646 1 
6070 0.009144 1 
6071 0.010977 1 
6073 0.054971 1 
6075 0.075562 1 
6076 0.059484 1 
6077 0.043101 1 
6078 0.032832 1 
6079 0.043381 1 
6080 0.027324 1 
6081 0.026588 1 
6083 0.019643 1 
6084 0.052203 1 
6085 0.044188 1 
6086 0.027710 1 
6088 0.015208 1 
6090 0.014774 1 
6091 0.014843 1 
6092 0.022523 1 
6094 0.015026 1 
6095 0.017092 1 
6096 0.013560 1 
6098 0.021547 1 
6099 0.025654 1 
6100 0.011720 1 
6101 0.014380 1 
6102 0.012834 1 
6103 0.008734 1 
6104 0.012187 1 
6105 0.010608 1 
6106 0.011161 1 
6107 0.012273 1 
6108 0.012245 1 
6109 0.009698 1 
6110 0.040518 1 
6111 0.024862 1 
6112 0.014925 1 
6113 0.015075 1 
6114 0.017634 1 
6115 0.009253 1 
6117 0.018983 1 
6118 0.009277 1 
6119 0.008177 1 
6120 0.009889 1 
6121 0.008982 1 
6122 0.012491 1 
6123 0.021307 1 
6125 0.038075 1 
6126 0.025919 1 
6127 0.016292 1 
6128 0.006827 1 
6129 0.011439 1 
6130 0.012231 1 
6131 0.007947 1 
6132 0.006866 1 
6133 0.008937 1 
6134 0.006501 1 
6135 0.007057 1 
6136 0.010085 1 
6138 0.016332 1 
6139 0.017597 1 
6140 0.011200 1 
6141 0.018425 1 
6142 0.028058 1 
6143 0.011460 1 
6144 0.011007 1 
6146 0.007616 1 
6147 0.010572 1 
6148 0.025103 1 
6149 0.016648 1 
6151 0.015246 1 
6152 0.007448 1 
6153 0.008645 1 
6154 0.016582 1 
6156 0.014586 1 
6157 0.011997 1 
6158 0.008467 1 
6159 0.006798 1 
6160 0.013335 1 
6161 0.010925 1 
6163 0.024513 1 
6164 0.019205 1 
6165 0.014131 1 
6166 0.009647 1 
6167 0.012773 1 
6168 0.006775 1 
6169 0.012909 1 
6170 0.012328 1 
6171 0.007280 1 
6173 0.014959 1 
6174 0.013886 1 
6175 0.008463 1 
6176 0.008093 1 
6177 0.012558 1 
6178 0.008177 1 
6179 0.019942 1 
6180 0.007268 1 
6181 0.012388 1 
6182 0.006801 1 
6183 0.013849 1 
6184 0.008149 1 
6185 0.014700 1 
6186 0.010103 1 
6187 0.007112 1 
6188 0.006030 1 
6189 0.010673 1 
6190 0.009728 1 
6191 0.012530 1 
6192 0.030186 1 
6193 0.021886 1 
6194 0.007930 1 
6195 0.013363 1 
6196 0.008839 1 
6197 0.022933 1 
6198 0.018147 1 
6200 0.014218 1 
6201 0.020785 1 
6202 0.016345 1 
6203 0.011343 1 
6204 0.020985 1 
6205 0.019074 1 
6206 0.012134 1 
6207 0.018589 1 
6209 0.021762 1 
6210 0.012755 1 
6211 0.006103 1 
6212 0.007906 1 
6214 0.014883 1 
6216 0.028715 1 
6217 0.030664 1 
6218 0.044591 1 
6219 0.028099 1 
6222 0.012310 1 
6223 0.022942 1 
6224 0.017704 1 
6225 0.039834 1 
6226 0.028864 1 
6227 0.023952 1 
6228 0.010718 1 
6229 0.022098 1 
6230 0.020233 1 
6231 0.017789 1 
6232 0.012154 1 
6233 0.026401 1 
6235 0.014054 1 
6237 0.020838 1 
6238 0.012577 1 
6239 0.017791 1 
6240 0.009191 1 
6241 0.011987 1 
6242 0.019581 1 
6243 0.012654 1 
6245 0.021610 1 
6246 0.011600 1 
6247 0.020181 1 
6248 0.018663 1 
6249 0.013735 1 
6250 0.011455 1 
6251 0.007725 1 
6252 0.010854 1 
6253 0.007619 1 
6254 0.022646 1 
6255 0.012120 1 
6256 0.006462 1 
6257 0.014690 1 
6258 0.017633 1 
6259 0.013299 1 
6261 0.017910 1 
6262 0.021874 1 
6263 0.024600 1 
6264 0.015962 1 
6265 0.011988 1 
6266 0.009577 1 
6267 0.017315 1 
6268 0.008668 1 
6269 0.007017 1 
6270 0.017379 1 
6272 0.013467 1 
6274 0.010221 1 
6275 0.014277 1 
6276 0.014203 1 
6277 0.006789 1 
6278 0.007888 1 
6279 0.029729 1 
6280 0.015259 1 
6282 0.016874 1 
6283 0.011684 1 
6284 0.005749 1 
6285 0.024701 1 
6287 0.021510 1 
6289 0.018905 1 
6290 0.009404 1 
6291 0.011071 1 
6293 0.014853 1 
6294 0.016979 1 
6295 0.015883 1 
6297 0.008025 1 
6298 0.017549 1 
6299 0.014309 1 
6300 0.006109 1 
6301 0.029036 1 
6302 0.012661 1 
6303 0.028232 1 
6304 0.018575 1 
6305 0.011360 1 
6306 0.021116 1 
6307 0.021767 1 
6308 0.011676 1 
6309 0.009744 1 
6310 0.021548 1 
6311 0.011831 1 
6312 0.012057 1 
6313 0.008131 1 
6314 0.013769 1 
6316 0.028584 1 
6317 0.022054 1 
6318 0.012403 1 
6319 0.016508 1 
6320 0.012142 1 
6321 0.011211 1 
6322 0.010729 1 
6324 0.014774 1 
6325 0.011971 1 
6326 0.012947 1 
6327 0.006718 1 
6328 0.012061 1 
6329 0.016918 1 
6330 0.013971 1 
6331 0.008815 1 
6332 0.008204 1 
6333 0.008976 1 
6334 0.007117 1 
6335 0.009852 1 
6337 0.009808 1 
6338 0.009726 1 
6339 0.013768 1 
6340 0.010717 1 
6341 0.014549 1 
6342 0.025633 1 
6343 0.023454 1 
6345 0.017526 1 
6346 0.009625 1 
6347 0.011873 1 
6348 0.016991 1 
6350 0.007764 1 
6351 0.023516 1 
6352 0.012925 1 
6353 0.011668 1 
6355 0.010628 1 
6356 0.013888 1 
6357 0.011653 1 
6358 0.012038 1 
6359 0.010592 1 
6360 0.026215 1 
6362 0.011355 1 
6363 0.024162 1 
6364 0.016058 1 
6365 0.010900 1 
6366 0.011180 1 
6367 0.015803 1 
6368 0.014549 1 
6369 0.013046 1 
6370 0.017684 1 
6372 0.011152 1 
6373 0.016659 1 
6374 0.012422 1 
6375 0.009609 1 
6376 0.017261 1 
6377 0.017339 1 
6378 0.010835 1 
6379 0.018679 1 
6380 0.019628 1 
6381 0.008369 1 
6382 0.009734 1 
6383 0.008357 1 
6384 0.008948 1 
6385 0.025006 1 
6386 0.013281 1 
6387 0.020120 1 
6388 0.012917 1 
6389 0.009596 1 
6390 0.008837 1 
6391 0.014326 1 
6392 0.011763 1 
6393 0.007138 1 
6394 0.010772 1 
6395 0.032663 1 
6396 0.025429 1 
6397 0.029460 1 
6399 0.009613 1 
6400 0.015034 1 
6401 0.015839 1 
6402 0.010029 1 
6403 0.009993 1 
6404 0.028355 1 
6405 0.022884 1 
6406 0.013080 1 
6408 0.021078 1 
6409 0.010723 1 
6410 0.008233 1 
6411 0.007366 1 
6413 0.010564 1 
6415 0.009717 1 
6416 0.033141 1 
6417 0.029772 1 
6418 0.020733 1 
6421 0.010856 1 
6422 0.008322 1 
6423 0.015688 1 
6424 0.047381 1 
6425 0.031418 1 
6426 0.024891 1 
6427 0.014821 1 
6428 0.014998 1 
6429 0.017754 1 
6430 0.009412 1 
6431 0.007315 1 
6432 0.015049 1 
6434 0.010225 1 
6436 0.023637 1 
6437 0.012485 1 
6438 0.012375 1 
6439 0.007854 1 
6440 0.014392 1 
6441 0.025273 1 
6442 0.020440 1 
6444 0.010793 1 
6445 0.025720 1 
6446 0.011602 1 
6447 0.007373 1 
6448 0.015153 1 
6449 0.011525 1 
6450 0.007503 1 
6451 0.023536 1 
6452 0.016268 1 
6453 0.011778 1 
6454 0.020028 1 
6455 0.009209 1 
6456 0.038018 1 
6457 0.025301 1 
6458 0.011966 1 
6460 0.023330 1 
6461 0.018944 1 
6462 0.019100 1 
6463 0.019318 1 
6464 0.013297 1 
6465 0.007961 1 
6466 0.039705 1 
6467 0.023721 1 
6468 0.012273 1 
6469 0.014222 1 
6471 0.012518 1 
6473 0.017383 1 
6474 0.015658 1 
6475 0.007213 1 
6476 0.020101 1 
6477 0.011650 1 
6478 0.014004 1 
6479 0.078583 1 
6481 0.054746 1 
6482 0.038863 1 
6483 0.022566 1 
6484 0.015140 1 
6486 0.030832 1 
6488 0.046016 1 
6489 0.029613 1 
6490 0.013204 1 
6492 0.014973 1 
6493 0.020609 1 
6494 0.035038 1 
6496 0.025285 1 
6497 0.037158 1 
6498 0.021534 1 
6499 0.014159 1 
6500 0.017017 1 
6501 0.015360 1 
6502 0.010469 1 
6503 0.011837 1 
6504 0.011721 1 
6505 0.014794 1 
6506 0.008735 1 
6507 0.024468 1 
6508 0.010602 1 
6509 0.008897 1 
6510 0.025248 1 
6511 0.015347 1 
6512 0.010202 1 
6513 0.012998 1 
6515 0.017445 1 
6516 0.010350 1 
6517 0.014901 1 
6518 0.010633 1 
6519 0.009251 1 
6520 0.014196 1 
6521 0.013291 1 
6523 0.014444 1 
6524 0.009698 1 
6525 0.011646 1 
6526 0.016314 1 
6527 0.013545 1 
6528 0.011726 1 
6529 0.021247 1 
6530 0.009132 1 
6531 0.019483 1 
6532 0.013876 1 
6533 0.017354 1 
6534 0.007274 1 
6536 0.031635 1 
6537 0.014740 1 
6538 0.019662 1 
6539 0.013953 1 
6540 0.010037 1 
6541 0.021168 1 
6542 0.011713 1 
6544 0.023549 1 
6545 0.014124 1 
6546 0.025451 1 
6547 0.028788 1 
6549 0.011074 1 
6550 0.025458 1 
6551 0.023933 1 
6552 0.021846 1 
6554 0.022115 1 
6555 0.014425 1 
6556 0.017477 1 
6557 0.031535 1 
6558 0.015216 1 
6559 0.013203 1 
6561 0.018781 1 
6562 0.011582 1 
6563 0.019584 1 
6564 0.011757 1 
6565 0.011215 1 
6566 0.014481 1 
6567 0.022385 1 
6568 0.018659 1 
6569 0.026706 1 
6571 0.012036 1 
6572 0.009476 1 
6573 0.017286 1 
6574 0.011328 1 
6575 0.014727 1 
6576 0.014804 1 
6577 0.008268 1 
6578 0.011557 1 
6579 0.014800 1 
6580 0.015013 1 
6581 0.007314 1 
6582 0.010748 1 
6583 0.010489 1 
6584 0.007385 1 
6585 0.024166 1 
6586 0.017694 1 
6587 0.009438 1 
6588 0.017130 1 
6589 0.007468 1 
6590 0.012383 1 
6591 0.015197 1 
6592 0.012886 1 
6593 0.007873 1 
6594 0.007084 1 
6595 0.016073 1 
6596 0.007661 1 
6598 0.036098 1 
6599 0.030585 1 
6600 0.014688 1 
6601 0.013370 1 
6602 0.006790 1 
6603 0.031988 1 
6604 0.037492 1 
6605 0.021654 1 
6607 0.022713 1 
6608 0.011869 1 
6609 0.007254 1 
6610 0.017514 1 
6612 0.014741 1 
6614 0.014615 1 
6615 0.017027 1 
6616 0.037298 1 
6617 0.022092 1 
6620 0.011519 1 
6621 0.009269 1 
6622 0.025814 1 
6623 0.032095 1 
6624 0.022636 1 
6625 0.028295 1 
6626 0.026608 1 
6627 0.016937 1 
6628 0.014742 1 
6629 0.017629 1 
6630 0.006905 1 
6631 0.016570 1 
6633 0.014800 1 
6635 0.027903 1 
6636 0.020240 1 
6637 0.007576 1 
6638 0.007858 1 
6639 0.011356 1 
6640 0.011218 1 
6641 0.015692 1 
6643 0.016592 1 
6644 0.026176 1 
6645 0.013171 1 
6646 0.006955 1 
6647 0.011966 1 
6648 0.014889 1 
6649 0.009690 1 
6650 0.010454 1 
6651 0.010413 1 
6652 0.008096 1 
6653 0.010738 1 
6654 0.008973 1 
6655 0.013275 1 
6656 0.009092 1 
6657 0.017638 1 
6659 0.029795 1 
6660 0.027378 1 
6661 0.022035 1 
6662 0.016866 1 
6663 0.015117 1 
6664 0.015156 1 
6665 0.011668 1 
6666 0.013362 1 
6667 0.013031 1 
6668 0.010986 1 
6670 0.020481 1 
6672 0.011672 1 
6673 0.014602 1 
6674 0.019684 1 
6675 0.017541 1 
6676 0.006788 1 
6677 0.011237 1 
6678 0.007349 1 
6680 0.017992 1 
6681 0.014807 1 
6682 0.053094 1 
6683 0.070358 1 
6685 0.038044 1 
6687 0.014559 1 
6688 0.015497 1 
6689 0.010155 1 
6691 0.046965 1 
6692 0.042963 1 
6693 0.026944 1 
6695 0.022545 1 
6696 0.015612 1 
6697 0.009333 1 
6698 0.024478 1 
6699 0.012917 1 
6700 0.032148 1 
6701 0.017219 1 
6702 0.011245 1 
6703 0.006852 1 
6704 0.014961 1 
6705 0.006006 1 
6706 0.010440 1 
6707 0.017641 1 
6708 0.013254 1 
6709 0.015135 1 
6710 0.020650 1 
6711 0.007869 1 
6712 0.009433 1 
6714 0.013248 1 
6715 0.009773 1 
6716 0.010815 1 
6717 0.014813 1 
6718 0.009137 1 
6719 0.011918 1 
6720 0.009547 1 
6722 0.009582 1 
6723 0.015875 1 
6724 0.009954 1 
6725 0.005949 1 
6726 0.009901 1 
6727 0.011675 1 
6728 0.010005 1 
6729 0.015136 1 
6730 0.010245 1 
6731 0.010214 1 
6732 0.012974 1 
6733 0.007919 1 
6735 0.018096 1 
6736 0.011848 1 
6737 0.010180 1 
6738 0.014429 1 
6739 0.011544 1 
6740 0.007861 1 
6741 0.016548 1 
6743 0.015100 1 
6744 0.010375 1 
6745 0.012207 1 
6746 0.014934 1 
6748 0.014426 1 
6749 0.008778 1 
6750 0.009670 1 
6751 0.018688 1 
6753 0.018619 1 
6754 0.013583 1 
6755 0.008679 1 
6756 0.009587 1 
6757 0.017740 1 
6758 0.014722 1 
6760 0.019101 1 
6761 0.013247 1 
6762 0.013820 1 
6763 0.014083 1 
6764 0.009792 1 
6765 0.012116 1 
6766 0.033992 1 
6767 0.026355 1 
6768 0.014690 1 
6770 0.014245 1 
6771 0.012245 1 
6772 0.020612 1 
6773 0.006390 1 
6774 0.013586 1 
6775 0.018192 1 
6776 0.010692 1 
6777 0.012894 1 
6778 0.022922 1 
6779 0.014328 1 
6780 0.008784 1 
6781 0.009062 1 
6782 0.015901 1 
6783 0.009233 1 
6784 0.008276 1 
6785 0.016976 1 
6786 0.010213 1 
6787 0.008044 1 
6788 0.013347 1 
6789 0.008068 1 
6790 0.008903 1 
6791 0.028127 1 
6792 0.015212 1 
6793 0.011655 1 
6794 0.035611 1 
6795 0.019305 1 
6797 0.017725 1 
6798 0.012745 1 
6799 0.012967 1 
6800 0.007657 1 
6801 0.008977 1 
6802 0.011276 1 
6803 0.020833 1 
6804 0.014164 1 
6806 0.031989 1 
6807 0.016740 1 
6808 0.006308 1 
6809 0.006112 1 
6811 0.015604 1 
6813 0.017806 1 
6814 0.019675 1 
6815 0.035199 1 
6816 0.027269 1 
6819 0.024770 1 
6820 0.013330 1 
6821 0.014097 1 
6823 0.034198 1 
6824 0.017283 1 
6825 0.010634 1 
6826 0.010660 1 
6827 0.009129 1 
6828 0.020942 1 
6829 0.019210 1 
6830 0.013791 1 
6832 0.019262 1 
6834 0.030711 1 
6835 0.020302 1 
6836 0.011548 1 
6837 0.008714 1 
6838 0.012478 1 
6839 0.017237 1 
6840 0.017099 1 
6842 0.013854 1 
6843 0.014264 1 
6844 0.017895 1 
6845 0.009699 1 
6846 0.006994 1 
6847 0.012264 1 
6848 0.015450 1 
6849 0.029900 1 
6850 0.021515 1 
6851 0.013729 1 
6852 0.007095 1 
6853 0.012363 1 
6854 0.007451 1 
6855 0.015231 1 
6856 0.037314 1 
6858 0.015155 1 
6859 0.025143 1 
6860 0.015460 1 
6861 0.012716 1 
6862 0.012274 1 
6863 0.010648 1 
6864 0.007239 1 
6865 0.006676 1 
6866 0.012400 1 
6867 0.010497 1 
6869 0.015501 1 
6871 0.010730 1 
6872 0.017191 1 
6873 0.018280 1 
6874 0.014364 1 
6875 0.022119 1 
6876 0.021494 1 
6877 0.019231 1 
6879 0.013283 1 
6880 0.007141 1 
6881 0.031714 1 
6882 0.026680 1 
6884 0.023622 1 
6886 0.014342 1 
6887 0.010435 1 
6888 0.014727 1 
6890 0.016158 1 
6891 0.017194 1 
6892 0.009017 1 
6894 0.018530 1 
6895 0.013104 1 
6896 0.020561 1 
6897 0.017308 1 
6898 0.010948 1 
6899 0.010637 1 
6900 0.031989 1 
6901 0.015776 1 
6902 0.013412 1 
6903 0.017841 1 
6904 0.006867 1 
6905 0.006350 1 
6906 0.016700 1 
6907 0.020204 1 
6908 0.012997 1 
6909 0.034765 1 
6910 0.020490 1 
6911 0.014330 1 
6913 0.018874 1 
6914 0.020599 1 
6915 0.007674 1 
6916 0.019634 1 
6917 0.014901 1 
6918 0.010891 1 
6919 0.022242 1 
6921 0.010320 1 
6922 0.017198 1 
6923 0.009792 1 
6924 0.008333 1 
6925 0.012546 1 
6926 0.008852 1 
6927 0.009822 1 
6928 0.020199 1 
6929 0.015374 1 
6930 0.013750 1 
6931 0.016287 1 
6932 0.013394 1 
6934 0.027647 1 
6935 0.013612 1 
6936 0.010461 1 
6937 0.014219 1 
6938 0.010934 1 
6939 0.014858 1 
6940 0.021143 1 
6942 0.009937 1 
6943 0.011590 1 
6944 0.011257 1 
6945 0.016508 1 
6947 0.013418 1 
6948 0.011855 1 
6949 0.010020 1 
6950 0.012606 1 
6952 0.061546 1 
6953 0.045766 1 
6954 0.029520 1 
6955 0.013372 1 
6956 0.015685 1 
6957 0.012585 1 
6959 0.026483 1 
6960 0.012928 1 
6961 0.012761 1 
6962 0.011152 1 
6963 0.010445 1 
6964 0.007169 1 
6965 0.013072 1 
6966 0.014955 1 
6967 0.015542 1 
6969 0.025929 1 
6970 0.009417 1 
6971 0.016910 1 
6972 0.013541 1 
6973 0.013778 1 
6974 0.013511 1 
6975 0.010417 1 
6976 0.007168 1 
6977 0.019966 1 
6978 0.012909 1 
6979 0.014160 1 
6980 0.010708 1 
6981 0.008183 1 
6982 0.009355 1 
6983 0.011824 1 
6984 0.024711 1 
6985 0.025192 1 
6986 0.021560 1 
6987 0.020217 1 
6988 0.010634 1 
6989 0.008272 1 
6990 0.024124 1 
6991 0.017287 1 
6992 0.015036 1 
6993 0.012938 1 
6994 0.018300 1 
6996 0.024000 1 
6997 0.013841 1 
6998 0.011925 1 
6999 0.019181 1 
7000 0.012172 1 
7001 0.016730 1 
7002 0.015150 1 
7003 0.006494 1 
7005 0.013965 1 
7006 0.015624 1 
7007 0.009366 1 
7008 0.025887 1 
7010 0.017746 1 
7012 0.024451 1 
7013 0.015806 1 
7014 0.038428 1 
7015 0.022352 1 
7018 0.025908 1 
7019 0.012313 1 
7020 0.011213 1 
7021 0.030847 1 
7022 0.019903 1 
7023 0.024631 1 
7024 0.015903 1 
7025 0.010810 1 
7026 0.010243 1 
7027 0.032805 1 
7028 0.016839 1 
7029 0.013653 1 
7031 0.022517 1 
7033 0.029067 1 
7034 0.013502 1 
7035 0.007556 1 
7036 0.010547 1 
7037 0.023254 1 
7038 0.009851 1 
7039 0.015069 1 
7041 0.009668 1 
7042 0.009893 1 
7043 0.011947 1 
7044 0.006364 1 
7045 0.007167 1 
7046 0.022073 1 
7047 0.010883 1 
7048 0.009594 1 
7049 0.015986 1 
7050 0.015544 1 
7051 0.009489 1 
7052 0.013940 1 
7053 0.024182 1 
7054 0.019093 1 
7055 0.016875 1 
7057 0.035290 1 
7058 0.027586 1 
7059 0.016871 1 
7060 0.021530 1 
7061 0.019526 1 
7062 0.011155 1 
7063 0.008694 1 
7064 0.023244 1 
7065 0.023593 1 
7066 0.022822 1 
7068 0.017696 1 
7070 0.010386 1 
7071 0.014058 1 
7072 0.013305 1 
7073 0.006766 1 
7074 0.018956 1 
7075 0.009410 1 
7076 0.007163 1 
7078 0.010500 1 
7079 0.014799 1 
7080 0.009088 1 
7081 0.018283 1 
7083 0.025980 1 
7085 0.018215 1 
7086 0.013308 1 
7087 0.015934 1 
7089 0.017111 1 
7090 0.011743 1 
7091 0.013280 1 
7093 0.013535 1 
7094 0.010849 1 
7095 0.028078 1 
7096 0.014551 1 
7097 0.011377 1 
7098 0.011178 1 
7099 0.017088 1 
7100 0.010229 1 
7101 0.008680 1 
7102 0.012660 1 
7103 0.014182 1 
7104 0.013103 1 
7105 0.022056 1 
7106 0.009639 1 
7107 0.007640 1 
7108 0.015435 1 
7109 0.013139 1 
7110 0.009117 1 
7112 0.012023 1 
7113 0.008154 1 
7114 0.015881 1 
7115 0.006798 1 
7116 0.009198 1 
7117 0.011722 1 
7118 0.009403 1 
7120 0.010422 1 
7121 0.012572 1 
7122 0.014568 1 
7123 0.009119 1 
7124 0.015051 1 
7125 0.014387 1 
7126 0.015458 1 
7127 0.014750 1 
7128 0.008653 1 
7129 0.007499 1 
7130 0.021411 1 
7131 0.014535 1 
7133 0.036778 1 
7134 0.020764 1 
7135 0.019791 1 
7136 0.025510 1 
7137 0.012988 1 
7138 0.009844 1 
7139 0.017776 1 
7141 0.010978 1 
7142 0.027028 1 
7143 0.015468 1 
7144 0.014944 1 
7146 0.008599 1 
7147 0.009970 1 
7148 0.007726 1 
7149 0.013599 1 
7151 0.010331 1 
7152 0.014464 1 
7153 0.005992 1 
7154 0.006977 1 
7155 0.012659 1 
7156 0.010599 1 
7158 0.021448 1 
7159 0.019849 1 
7160 0.015570 1 
7161 0.008153 1 
7162 0.010728 1 
7163 0.008762 1 
7164 0.021155 1 
7165 0.012712 1 
7166 0.048137 1 
7168 0.035199 1 
7169 0.019012 1 
7170 0.020686 1 
7171 0.012375 1 
7172 0.007972 1 
7173 0.008047 1 
7174 0.014290 1 
7175 0.008910 1 
7176 0.036513 1 
7177 0.019375 1 
7178 0.010468 1 
7179 0.008722 1 
7180 0.012466 1 
7181 0.008809 1 
7182 0.005957 1 
7183 0.016602 1 
7184 0.022471 1 
7185 0.014195 1 
7186 0.014215 1 
7187 0.025192 1 
7188 0.012702 1 
7189 0.018505 1 
7190 0.009560 1 
7191 0.010106 1 
7192 0.008479 1 
7193 0.009032 1 
7195 0.020894 1 
7196 0.020863 1 
7197 0.010570 1 
7198 0.012181 1 
7199 0.011248 1 
7200 0.009388 1 
7201 0.008014 1 
7202 0.014884 1 
7204 0.023560 1 
7205 0.014490 1 
7206 0.004865 1 
7207 0.007236 1 
7209 0.011930 1 
7211 0.036902 1 
7212 0.029847 1 
7213 0.048136 1 
7214 0.031662 1 
7217 0.016587 1 
7218 0.010475 1 
7219 0.011872 1 
7220 0.043866 1 
7221 0.027447 1 
7222 0.020014 1 
7223 0.011313 1 
7224 0.014234 1 
7225 0.007442 1 
7226 0.013916 1 
7227 0.016039 1 
7228 0.008326 1 
7230 0.010816 1 
7232 0.020489 1 
7233 0.013644 1 
7234 0.008539 1 
7235 0.030420 1 
7236 0.036354 1 
7237 0.026919 1 
7238 0.019608 1 
7240 0.021343 1 
7241 0.014709 1 
7242 0.009345 1 
7243 0.010165 1 
7244 0.011128 1 
7245 0.027625 1 
7246 0.011364 1 
7247 0.009817 1 
7248 0.025186 1 
7249 0.021329 1 
7250 0.014337 1 
7251 0.031754 1 
7252 0.026465 1 
7253 0.015853 1 
7254 0.011934 1 
7256 0.056476 1 
7257 0.041747 1 
7258 0.031076 1 
7259 0.030720 1 
7260 0.013533 1 
7261 0.022993 1 
7262 0.016064 1 
7263 0.010460 1 
7264 0.029217 1 
7265 0.018942 1 
7267 0.020049 1 
7269 0.009840 1 
7270 0.021422 1 
7271 0.010197 1 
7272 0.007305 1 
7273 0.011160 1 
7274 0.011889 1 
7275 0.009073 1 
7277 0.023237 1 
7278 0.024400 1 
7279 0.012935 1 
7280 0.015444 1 
7282 0.021527 1 
7284 0.016754 1 
7285 0.006837 1 
7286 0.012429 1 
7288 0.015419 1 
7289 0.015144 1 
7290 0.010776 1 
7292 0.045621 1 
7293 0.069214 1 
7294 0.053081 1 
7295 0.036849 1 
7296 0.020519 1 
7297 0.063990 1 
7298 0.054140 1 
7299 0.038075 1 
7300 0.035987 1 
7301 0.019650 1 
7302 0.020769 1 
7303 0.010013 1 
7304 0.010196 1 
7305 0.012153 1 
7306 0.007605 1 
7307 0.016597 1 
7308 0.015887 1 
7309 0.009728 1 
7311 0.020860 1 
7312 0.009965 1 
7313 0.006842 1 
7314 0.017123 1 
7315 0.023921 1 
7316 0.011344 1 
7317 0.013317 1 
7319 0.017845 1 
7320 0.021980 1 
7321 0.014677 1 
7322 0.013187 1 
7323 0.017191 1 
7324 0.015747 1 
7325 0.027872 1 
7326 0.019950 1 
7327 0.011698 1 
7328 0.009905 1 
7329 0.011728 1 
7330 0.009564 1 
7332 0.023835 1 
7333 0.023355 1 
7334 0.012094 1 
7335 0.017295 1 
7336 0.012219 1 
7337 0.008942 1 
7338 0.007685 1 
7340 0.010390 1 
7341 0.013633 1 
7342 0.029087 1 
7343 0.023665 1 
7345 0.013585 1 
7346 0.009014 1 
7347 0.006047 1 
7348 0.010201 1 
7350 0.010394 1 
7351 0.013254 1 
7352 0.025122 1 
7353 0.012436 1 
7354 0.012623 1 
7355 0.010585 1 
7357 0.008396 1 
7358 0.016419 1 
7359 0.009943 1 
7360 0.007071 1 
7361 0.012040 1 
7362 0.006216 1 
7363 0.011874 1 
7364 0.021293 1 
7365 0.009191 1 
7367 0.012974 1 
7368 0.007558 1 
7369 0.007574 1 
7370 0.023344 1 
7371 0.010092 1 
7372 0.009609 1 
7373 0.009364 1 
7374 0.010160 1 
7375 0.010073 1 
7376 0.016239 1 
7377 0.015344 1 
7378 0.008229 1 
7379 0.009593 1 
7380 0.010402 1 
7381 0.008719 1 
7382 0.010040 1 
7383 0.016783 1 
7384 0.011573 1 
7385 0.008411 1 
7386 0.017377 1 
7387 0.011482 1 
7388 0.008102 1 
7389 0.009187 1 
7390 0.008744 1 
7391 0.006917 1 
7392 0.015291 1 
7394 0.010019 1 
7395 0.020010 1 
7396 0.011375 1 
7397 0.006844 1 
7398 0.008411 1 
7399 0.010977 1 
7400 0.007224 1 
7401 0.019553 1 
7403 0.014475 1 
7404 0.010322 1 
7405 0.006539 1 
7406 0.015655 1 
7408 0.011572 1 
7410 0.012556 1 
7411 0.020503 1 
7412 0.036201 1 
7413 0.093411 1 
7416 0.044647 1 
7417 0.028141 1 
7418 0.034667 1 
7419 0.044783 1 
7420 0.028245 1 
7421 0.019274 1 
7422 0.007646 1 
7423 0.017679 1 
7424 0.009490 1 
7425 0.014192 1 
7426 0.012020 1 
7427 0.018716 1 
7429 0.012068 1 
7431 0.023392 1 
7432 0.032986 1 
7433 0.016980 1 
7434 0.008912 1 
7435 0.017553 1 
7436 0.012888 1 
7437 0.010857 1 
7439 0.020315 1 
7440 0.018890 1 
7441 0.009087 1 
7442 0.017533 1 
7443 0.020660 1 
7444 0.015786 1 
7445 0.027005 1 
7446 0.012580 1 
7447 0.006572 1 
7448 0.016382 1 
7449 0.018931 1 
7450 0.010089 1 
7451 0.026473 1 
7452 0.022758 1 
7453 0.013017 1 
7455 0.030607 1 
7456 0.021203 1 
7457 0.024813 1 
7458 0.025267 1 
7459 0.042527 1 
7460 0.029970 1 
7461 0.039809 1 
7462 0.026249 1 
7463 0.010153 1 
7464 0.012754 1 
7466 0.027126 1 
7468 0.008775 1 
7469 0.006577 1 
7470 0.025779 1 
7471 0.009382 1 
7472 0.007262 1 
7473 0.015756 1 
7474 0.013408 1 
7476 0.021121 1 
7477 0.016090 1 
7478 0.014378 1 
7479 0.007118 1 
7481 0.016656 1 
7483 0.015745 1 
7484 0.007657 1 
7485 0.023409 1 
7487 0.021492 1 
7488 0.020013 1 
7489 0.012519 1 
7491 0.010026 1 
7492 0.020838 1 
7493 0.011356 1 
7494 0.009643 1 
7495 0.016174 1 
7496 0.010414 1 
7497 0.012372 1 
7498 0.006639 1 
7500 0.009561 1 
7501 0.022842 1 
7502 0.014769 1 
7503 0.008071 1 
7504 0.021340 1 
7505 0.023915 1 
7506 0.028863 1 
7507 0.023409 1 
7508 0.019489 1 
7510 0.029284 1 
7511 0.013021 1 
7512 0.009371 1 
7513 0.020030 1 
7514 0.019682 1 
7515 0.020233 1 
7516 0.019766 1 
7518 0.016648 1 
7519 0.019810 1 
7520 0.016064 1 
7521 0.007754 1 
7522 0.013617 1 
7523 0.014822 1 
7524 0.012299 1 
7525 0.023687 1 
7526 0.022093 1 
7527 0.015601 1 
7528 0.009195 1 
7529 0.013281 1 
7531 0.035916 1 
7532 0.019865 1 
7533 0.010696 1 
7534 0.013475 1 
7535 0.012486 1 
7536 0.014492 1 
7537 0.011353 1 
7539 0.012896 1 
7540 0.017088 1 
7541 0.027922 1 
7542 0.022656 1 
7544 0.024960 1 
7545 0.027457 1 
7546 0.011073 1 
7547 0.024161 1 
7550 0.167172 1 
7551 0.150842 1 
7552 0.181883 1 
7553 0.165602 1 
7554 0.149256 1 
7556 0.116270 1 
7557 0.111102 1 
7558 0.111443 1 
7559 0.094872 1 
7560 0.075596 1 
7561 0.059442 1 
7562 0.064538 1 
7563 0.049101 1 
7564 0.032556 1 
7566 0.017950 1 
7567 0.015186 1 
7568 0.012556 1 
7569 0.012431 1 
7570 0.011863 1 
7571 0.010764 1 
7572 0.023250 1 
7573 0.010665 1 
7574 0.022476 1 
7575 0.015026 1 
7576 0.013999 1 
7577 0.009414 1 
7578 0.018133 1 
7579 0.010677 1 
7580 0.017139 1 
7581 0.015459 1 
7582 0.017334 1 
7583 0.014000 1 
7584 0.013703 1 
7585 0.011381 1 
7586 0.011114 1 
7587 0.016295 1 
7588 0.007942 1 
7589 0.015498 1 
7590 0.015307 1 
7591 0.020451 1 
7593 0.011421 1 
7594 0.020416 1 
7595 0.012833 1 
7596 0.010029 1 
7597 0.013053 1 
7598 0.022634 1 
7599 0.016237 1 
7600 0.006358 1 
7602 0.022222 1 
7603 0.009976 1 
7604 0.004950 1 
7605 0.013905 1 
7607 0.012925 1 
7609 0.026165 1 
7610 0.029836 1 
7611 0.021964 1 
7612 0.008678 1 
7615 0.038100 1 
7616 0.027975 1 
7617 0.018085 1 
7618 0.031127 1 
7619 0.043791 1 
7620 0.025414 1 
7621 0.014539 1 
7622 0.011976 1 
7623 0.022019 1 
7624 0.013449 1 
7625 0.008584 1 
7626 0.009963 1 
7628 0.014026 1 
7630 0.019663 1 
7631 0.008578 1 
7632 0.012563 1 
7633 0.009476 1 
7634 0.020636 1 
7635 0.033430 1 
7636 0.016826 1 
7638 0.010614 1 
7639 0.016288 1 
7640 0.016864 1 
7641 0.010119 1 
7642 0.011317 1 
7643 0.009971 1 
7644 0.015806 1 
7645 0.018262 1 
7646 0.009363 1 
7647 0.014980 1 
7648 0.019734 1 
7649 0.008199 1 
7650 0.030785 1 
7651 0.020956 1 
7652 0.019152 1 
7654 0.042924 1 
7655 0.032068 1 
7656 0.015730 1 
7657 0.017078 1 
7658 0.008945 1 
7659 0.019605 1 
7660 0.044135 1 
7661 0.027747 1 
7662 0.016841 1 
7663 0.010375 1 
7665 0.011624 1 
7667 0.007614 1 
7668 0.008779 1 
7669 0.007505 1 
7670 0.017525 1 
7671 0.008842 1 
7672 0.016489 1 
7673 0.012009 1 
7675 0.015612 1 
7676 0.020022 1 
7677 0.025554 1 
7678 0.026595 1 
7680 0.024187 1 
7682 0.019404 1 
7683 0.014399 1 
7684 0.009173 1 
7686 0.010870 1 
7687 0.010515 1 
7688 0.018730 1 
7690 0.022634 1 
7691 0.019523 1 
7692 0.016866 1 
7693 0.008440 1 
7694 0.007099 1 
7695 0.015378 1 
7696 0.013166 1 
7697 0.020345 1 
7698 0.012530 1 
7699 0.007510 1 
7700 0.009149 1 
7701 0.016569 1 
7702 0.011247 1 
7703 0.018563 1 
7704 0.017053 1 
7705 0.016316 1 
7706 0.012932 1 
7707 0.013163 1 
7709 0.022276 1 
7710 0.025464 1 
7711 0.021602 1 
7712 0.030921 1 
7713 0.022663 1 
7714 0.018591 1 
7715 0.013851 1 
7717 0.013518 1 
7718 0.020669 1 
7719 0.024726 1 
7720 0.012943 1 
7721 0.012110 1 
7722 0.025658 1 
7723 0.009713 1 
7724 0.009167 1 
7725 0.019161 1 
7726 0.010000 1 
7727 0.009013 1 
7728 0.018217 1 
7730 0.023462 1 
7731 0.025810 1 
7732 0.018954 1 
7733 0.016993 1 
7734 0.018830 1 
7735 0.011395 1 
7736 0.009811 1 
7738 0.008903 1 
7739 0.077246 1 
7740 0.060817 1 
7741 0.044467 1 
7743 0.016602 1 
7744 0.036532 1 
7745 0.019760 1 
7746 0.026861 1 
7748 0.014877 1 
7749 0.018003 1 
7750 0.020927 1 
7751 0.018826 1 
7752 0.013294 1 
7753 0.015626 1 
7755 0.014523 1 
7756 0.019379 1 
7757 0.022175 1 
7758 0.012460 1 
7759 0.012722 1 
7760 0.017355 1 
7761 0.017700 1 
7762 0.021181 1 
7763 0.012991 1 
7765 0.020931 1 
7766 0.016916 1 
7767 0.008455 1 
7768 0.009492 1 
7769 0.007687 1 
7770 0.019471 1 
7771 0.012680 1 
7772 0.008353 1 
7773 0.011359 1 
7774 0.011783 1 
7775 0.010547 1 
7776 0.007614 1 
7777 0.023481 1 
7778 0.016612 1 
7779 0.012245 1 
7780 0.008122 1 
7781 0.018115 1 
7782 0.011659 1 
7783 0.022713 1 
7784 0.016096 1 
7785 0.054708 1 
7786 0.038447 1 
7787 0.021991 1 
7788 0.013489 1 
7789 0.030025 1 
7790 0.021616 1 
7792 0.015254 1 
7793 0.026124 1 
7794 0.019693 1 
7795 0.025252 1 
7796 0.018751 1 
7797 0.014075 1 
7798 0.012543 1 
7799 0.015125 1 
7801 0.031010 1 
7802 0.028117 1 
7803 0.013255 1 
7804 0.018015 1 
7806 0.010240 1 
7808 0.030624 1 
7809 0.044502 1 
7810 0.046585 1 
7811 0.031323 1 
7814 0.022775 1 
7815 0.013523 1 
7816 0.023683 1 
7817 0.040154 1 
7818 0.023770 1 
7819 0.010698 1 
7820 0.020541 1 
7821 0.017628 1 
7822 0.008955 1 
7823 0.012826 1 
7824 0.010504 1 
7825 0.012021 1 
7827 0.016881 1 
7829 0.013411 1 
7830 0.014524 1 
7831 0.009240 1 
7832 0.010235 1 
7833 0.015202 1 
7834 0.013848 1 
7835 0.006626 1 
7837 0.013408 1 
7838 0.027357 1 
7839 0.016670 1 
7840 0.018837 1 
7841 0.006772 1 
7842 0.009665 1 
7843 0.006934 1 
7844 0.007830 1 
7845 0.020698 1 
7846 0.016832 1 
7847 0.014416 1 
7848 0.012510 1 
7849 0.013501 1 
7850 0.009334 1 
7851 0.014414 1 
7853 0.022853 1 
7854 0.034999 1 
7855 0.018590 1 
7856 0.015436 1 
7857 0.023245 1 
7858 0.009998 1 
7859 0.008407 1 
7860 0.011918 1 
7861 0.020941 1 
7862 0.012120 1 
7864 0.025567 1 
7866 0.009142 1 
7867 0.015749 1 
7868 0.008257 1 
7869 0.008336 1 
7870 0.014941 1 
7871 0.009877 1 
7872 0.010558 1 
7874 0.010238 1 
7875 0.011577 1 
7876 0.031292 1 
7877 0.017888 1 
7879 0.024107 1 
7881 0.013292 1 
7882 0.026850 1 
7883 0.030221 1 
7885 0.011229 1 
7886 0.012163 1 
7887 0.015276 1 
7889 0.011457 1 
7890 0.010072 1 
