2024-09-03 16:47:50
../stream-replay/logs/rtt-6207@128.txt
1 0.332262 0 
2 0.316214 0 
4 0.346539 0 
5 0.330844 0 
6 0.314267 0 
7 0.297612 0 
8 0.281394 0 
9 0.265586 0 
10 0.249212 0 
11 0.232307 0 
12 0.216626 0 
13 0.200082 0 
14 0.183727 0 
15 0.167670 0 
16 0.150805 0 
17 0.134959 0 
18 0.118302 0 
19 0.102601 0 
20 0.085832 0 
21 0.069520 0 
22 0.053805 0 
23 0.175063 0 
24 0.161622 0 
25 0.145085 0 
26 0.129179 0 
27 0.138332 0 
28 0.122510 0 
29 0.106035 0 
31 0.137782 0 
32 0.121441 0 
33 0.105041 0 
34 0.153813 0 
35 0.183556 0 
36 0.166819 0 
37 0.150931 0 
38 0.134555 0 
40 0.101618 0 
41 0.149096 0 
42 0.130241 0 
43 0.113830 0 
45 0.079973 0 
47 0.047160 0 
48 0.030232 0 
49 0.059670 0 
50 0.060812 0 
53 0.225711 0 
54 0.209576 0 
55 0.219470 0 
56 0.203611 0 
57 0.187039 0 
58 0.170823 0 
59 0.193177 0 
60 0.177099 0 
61 0.160570 0 
62 0.144077 0 
63 0.225278 0 
64 0.209195 0 
66 0.175738 0 
68 0.139719 0 
69 0.122888 0 
70 0.106006 0 
71 0.086999 0 
72 0.070508 0 
73 0.054241 0 
74 0.073684 0 
76 0.041018 0 
77 0.096191 0 
78 0.080054 0 
79 0.092646 0 
80 0.071697 0 
81 0.055150 0 
82 0.042349 0 
83 0.119685 0 
84 0.103120 0 
85 0.086306 0 
86 0.070423 0 
87 0.053935 0 
88 0.037585 0 
89 0.020834 0 
90 0.134520 0 
92 0.101542 0 
93 0.235599 0 
94 0.219744 0 
95 0.203404 0 
96 0.186879 0 
97 0.170330 0 
98 0.153721 0 
99 0.135706 0 
100 0.120093 0 
101 0.103607 0 
103 0.109421 0 
105 0.077149 0 
106 0.061638 0 
107 0.067741 0 
108 0.049330 0 
109 0.032083 0 
110 0.015769 0 
111 0.062586 0 
113 0.029877 0 
114 0.132095 0 
115 0.116301 0 
116 0.098193 0 
118 0.063525 0 
120 0.019184 0 
121 0.058881 0 
122 0.043540 0 
124 0.010457 0 
125 0.143565 0 
126 0.127597 0 
128 0.094757 0 
129 0.078753 0 
130 0.062167 0 
131 0.046109 0 
133 0.077599 0 
134 0.060885 0 
135 0.168489 0 
136 0.152251 0 
137 0.135915 0 
138 0.120095 0 
139 0.103687 0 
140 0.087445 0 
141 0.070969 0 
142 0.054483 0 
143 0.153638 0 
144 0.136616 0 
145 0.120235 0 
147 0.087477 0 
148 0.071507 0 
149 0.055231 0 
150 0.038566 0 
151 0.023431 0 
152 0.049630 0 
153 0.034391 0 
155 0.067560 0 
156 0.235834 0 
157 0.219628 0 
158 0.203700 0 
159 0.187737 0 
160 0.171443 0 
161 0.156047 0 
162 0.140404 0 
163 0.124375 0 
164 0.108148 0 
165 0.091522 0 
166 0.074981 0 
168 0.073804 0 
169 0.057397 0 
170 0.039857 0 
171 0.024245 0 
172 0.104398 0 
173 0.086864 0 
174 0.070633 0 
176 0.037062 0 
177 0.064911 0 
178 0.049016 0 
179 0.033051 0 
181 0.046394 0 
182 0.030481 0 
183 0.014114 0 
184 0.209137 0 
186 0.176074 0 
187 0.159438 0 
188 0.142471 0 
189 0.126868 0 
190 0.110672 0 
191 0.094547 0 
193 0.061686 0 
194 0.119814 0 
195 0.105157 0 
196 0.089335 0 
197 0.072752 0 
198 0.056433 0 
199 0.270056 0 
200 0.253034 0 
201 0.236906 0 
203 0.204592 0 
204 0.188215 0 
205 0.243045 0 
206 0.227151 0 
207 0.210802 0 
208 0.194164 0 
209 0.177854 0 
210 0.196810 0 
211 0.263217 0 
212 0.246488 0 
213 0.229765 0 
214 0.213567 0 
215 0.195990 0 
216 0.179548 0 
217 0.158921 0 
218 0.142756 0 
219 0.363198 0 
220 0.345936 0 
221 0.328789 0 
222 0.312854 0 
223 0.296880 0 
224 0.280580 0 
225 0.264126 0 
226 0.248278 0 
227 0.348189 0 
228 0.332023 0 
230 0.299267 0 
231 0.281192 0 
232 0.264922 0 
233 0.248279 0 
234 0.360984 0 
235 0.343975 0 
236 0.327736 0 
237 0.311606 0 
239 0.278998 0 
240 0.262100 0 
241 0.246294 0 
242 0.229908 0 
244 0.197352 0 
246 0.208328 0 
247 0.205292 0 
248 0.186646 0 
249 0.171480 0 
252 0.259229 0 
253 0.242866 0 
254 0.226474 0 
255 0.210363 0 
256 0.194017 0 
257 0.176829 0 
258 0.160619 0 
259 0.143644 0 
260 0.127272 0 
261 0.185711 0 
262 0.169666 0 
263 0.153193 0 
265 0.119631 0 
268 0.109627 0 
269 0.093033 0 
270 0.075984 0 
271 0.059730 0 
272 0.043268 0 
273 0.160677 0 
275 0.127941 0 
276 0.111522 0 
277 0.094632 0 
278 0.078924 0 
279 0.062714 0 
280 0.046250 0 
281 0.169938 0 
282 0.153646 0 
283 0.137404 0 
284 0.192035 0 
285 0.174278 0 
286 0.158024 0 
287 0.142102 0 
288 0.125920 0 
289 0.109472 0 
291 0.075922 0 
292 0.080192 0 
293 0.064476 0 
294 0.048637 0 
295 0.031668 0 
296 0.160879 0 
297 0.140625 0 
298 0.113275 0 
299 0.103768 0 
300 0.086717 0 
302 0.069461 0 
304 0.036533 0 
305 0.020228 0 
306 0.044641 0 
307 0.027792 0 
308 0.010865 0 
309 0.098654 0 
310 0.081685 0 
312 0.087817 0 
313 0.069496 0 
314 0.053420 0 
315 0.107519 0 
317 0.075654 0 
319 0.088566 0 
320 0.072520 0 
321 0.056427 0 
323 0.023099 0 
324 0.094749 0 
325 0.078810 0 
327 0.046143 0 
328 0.030276 0 
329 0.014257 0 
330 0.147788 0 
331 0.131224 0 
332 0.115054 0 
333 0.098692 0 
334 0.082808 0 
336 0.207839 0 
337 0.189624 0 
338 0.218024 0 
339 0.201734 0 
340 0.185417 0 
341 0.169145 0 
342 0.152796 0 
343 0.136333 0 
344 0.119147 0 
346 0.295519 0 
347 0.279362 0 
348 0.262953 0 
349 0.246333 0 
350 0.229683 0 
351 0.212054 0 
352 0.196293 0 
354 0.163332 0 
355 0.214802 0 
356 0.198250 0 
357 0.178281 0 
358 0.162107 0 
359 0.186640 0 
360 0.171026 0 
361 0.163862 0 
362 0.147192 0 
363 0.130829 0 
364 0.156002 0 
365 0.137781 0 
367 0.107346 0 
368 0.288589 0 
369 0.272681 0 
370 0.255095 0 
371 0.406941 0 
372 0.390288 0 
373 0.374165 0 
375 0.341868 0 
376 0.324902 0 
377 0.309192 0 
378 0.336790 0 
380 0.335874 0 
381 0.319834 0 
382 0.303164 0 
383 0.352314 0 
385 0.316040 0 
386 0.299550 0 
387 0.283396 0 
388 0.267147 0 
389 0.250735 0 
390 0.234229 0 
392 0.212073 0 
393 0.196073 0 
394 0.259397 0 
395 0.242801 0 
396 0.226404 0 
397 0.209414 0 
398 0.193022 0 
399 0.176712 0 
400 0.214301 0 
402 0.180946 0 
403 0.161571 0 
404 0.147532 0 
405 0.131339 0 
406 0.115210 0 
407 0.097902 0 
408 0.081385 0 
409 0.065039 0 
410 0.217536 0 
411 0.201220 0 
412 0.185539 0 
413 0.240433 0 
414 0.223931 0 
415 0.207704 0 
416 0.191274 0 
417 0.175390 0 
418 0.219490 0 
419 0.202990 0 
420 0.186178 0 
421 0.170744 0 
422 0.154289 0 
423 0.138184 0 
424 0.273486 0 
425 0.254663 0 
426 0.237834 0 
427 0.218326 0 
429 0.184894 0 
430 0.169005 0 
431 0.152112 0 
432 0.135493 0 
433 0.119358 0 
434 0.102902 0 
435 0.086363 0 
436 0.070061 0 
438 0.035449 0 
439 0.061503 0 
440 0.242209 0 
441 0.226328 0 
443 0.195332 0 
445 0.161770 0 
446 0.467304 0 
447 0.530485 0 
448 0.514029 0 
451 0.472157 0 
452 0.455174 0 
453 0.650610 0 
455 0.654369 0 
456 0.638057 0 
457 0.621145 0 
458 0.718906 0 
459 0.702952 0 
460 0.686211 0 
461 0.688107 0 
462 0.671915 0 
464 0.639215 0 
466 0.606012 0 
467 0.624443 0 
468 0.608436 0 
469 0.592331 0 
470 0.576013 0 
471 0.701188 0 
472 0.685024 0 
474 0.656969 0 
475 0.641026 0 
476 0.624584 0 
477 0.607969 0 
478 0.591628 0 
479 0.573354 0 
480 0.556908 0 
481 0.540038 0 
482 0.523598 0 
483 0.506319 0 
484 0.490098 0 
485 0.473655 0 
486 0.457490 0 
487 0.441224 0 
488 0.424596 0 
490 0.391246 0 
491 0.375312 0 
492 0.358788 0 
493 0.365627 0 
494 0.394039 0 
495 0.376631 0 
496 0.359610 0 
497 0.342954 0 
498 0.326601 0 
499 0.310181 0 
501 0.315386 0 
503 0.283289 0 
504 0.386438 0 
505 0.369365 0 
506 0.353972 0 
507 0.337519 0 
508 0.320627 0 
509 0.304529 0 
511 0.271795 0 
512 0.256344 0 
513 0.236260 0 
514 0.220169 0 
516 0.184859 0 
518 0.151771 0 
519 0.136055 0 
520 0.118398 0 
522 0.084207 0 
523 0.117157 0 
524 0.101220 0 
526 0.068614 0 
527 0.052249 0 
528 0.035801 0 
529 0.083950 0 
530 0.067668 0 
531 0.051336 0 
532 0.102676 0 
533 0.083523 0 
534 0.065377 0 
535 0.050581 0 
536 0.034418 0 
537 0.017984 0 
538 0.051050 0 
539 0.034538 0 
540 0.017814 0 
541 0.104014 0 
542 0.087913 0 
543 0.071472 0 
545 0.038831 0 
546 0.022805 0 
547 0.069115 0 
548 0.053218 0 
549 0.034246 0 
550 0.017333 0 
551 0.039405 0 
553 0.006960 0 
554 0.081470 0 
555 0.065567 0 
556 0.048425 0 
557 0.031792 0 
558 0.050060 0 
559 0.045999 0 
560 0.029122 0 
561 0.081805 0 
562 0.065832 0 
563 0.049487 0 
564 0.093485 0 
566 0.060933 0 
567 0.044134 0 
568 0.027931 0 
569 0.065038 0 
570 0.048540 0 
571 0.103587 0 
572 0.086244 0 
574 0.051813 0 
575 0.031114 0 
576 0.015430 0 
577 0.063241 0 
579 0.033635 0 
580 0.094903 0 
581 0.078293 0 
582 0.062597 0 
584 0.029482 0 
585 0.031916 0 
586 0.016004 0 
587 0.037657 0 
588 0.021631 0 
589 0.029350 0 
591 0.052711 0 
592 0.036196 0 
593 0.034897 0 
594 0.016598 0 
595 0.044938 0 
596 0.028681 0 
597 0.057144 0 
598 0.040688 0 
599 0.051838 0 
601 0.138869 0 
602 0.122578 0 
603 0.106489 0 
604 0.113583 0 
605 0.097477 0 
606 0.081256 0 
607 0.064826 0 
608 0.048578 0 
609 0.032526 0 
610 0.030459 0 
611 0.027941 0 
612 0.011455 0 
613 0.042068 0 
614 0.025737 0 
615 0.009408 0 
616 0.083184 0 
617 0.066501 0 
618 0.050288 0 
619 0.033899 0 
620 0.017369 0 
621 0.018866 0 
622 0.033806 0 
623 0.018207 0 
624 0.034125 0 
625 0.017653 0 
626 0.030303 0 
628 0.055690 0 
629 0.039089 0 
630 0.034575 0 
631 0.018371 0 
632 0.017743 0 
633 0.058350 0 
634 0.117693 0 
635 0.101460 0 
637 0.129385 0 
639 0.096751 0 
640 0.080536 0 
642 0.048180 0 
644 0.031908 0 
645 0.099870 0 
646 0.081182 0 
647 0.066173 0 
650 0.069412 0 
651 0.052787 0 
652 0.035491 0 
653 0.064075 0 
654 0.047673 0 
655 0.055727 0 
656 0.037690 0 
657 0.084194 0 
658 0.067776 0 
659 0.051558 0 
660 0.068833 0 
661 0.052777 0 
663 0.073548 0 
665 0.041018 0 
666 0.061659 0 
667 0.044828 0 
668 0.028481 0 
669 0.113921 0 
670 0.097570 0 
671 0.080622 0 
673 0.048139 0 
674 0.099520 0 
675 0.083491 0 
676 0.067419 0 
677 0.077185 0 
678 0.060585 0 
679 0.044351 0 
680 0.028016 0 
681 0.026686 0 
682 0.051298 0 
683 0.033607 0 
684 0.018160 0 
685 0.021619 0 
686 0.032793 0 
687 0.038604 0 
689 0.120837 0 
690 0.143038 0 
691 0.126338 0 
692 0.110036 0 
693 0.161449 0 
694 0.143516 0 
695 0.127742 0 
696 0.111225 0 
697 0.093854 0 
698 0.077769 0 
700 0.103387 0 
702 0.071053 0 
703 0.054934 0 
704 0.038718 0 
705 0.021703 0 
706 0.048541 0 
707 0.032660 0 
708 0.016084 0 
710 0.010012 0 
711 0.010722 0 
712 0.088469 0 
713 0.072099 0 
715 0.039943 0 
717 0.046567 0 
718 0.030668 0 
719 0.025274 0 
721 0.028583 0 
722 0.039433 0 
723 0.023341 0 
725 0.012961 0 
726 0.009517 0 
727 0.037700 0 
728 0.021264 0 
729 0.013884 0 
730 0.012104 0 
731 0.129642 0 
732 0.113784 0 
733 0.097826 0 
734 0.081479 0 
735 0.065450 0 
736 0.048769 0 
737 0.087299 0 
738 0.071332 0 
739 0.055292 0 
740 0.072827 0 
741 0.057002 0 
742 0.040680 0 
744 0.021127 0 
745 0.012088 0 
746 0.017092 0 
747 0.079490 0 
748 0.063534 0 
749 0.047047 0 
750 0.189289 0 
752 0.156283 0 
753 0.139880 0 
754 0.122180 0 
755 0.107464 0 
756 0.091248 0 
757 0.074057 0 
758 0.058403 0 
759 0.042107 0 
760 0.055130 0 
761 0.036801 0 
762 0.020890 0 
763 0.015537 0 
765 0.210099 0 
766 0.194554 0 
767 0.178659 0 
768 0.163086 0 
769 0.310839 0 
770 0.294732 0 
771 0.278534 0 
773 0.245957 0 
774 0.229225 0 
775 0.212930 0 
776 0.196336 0 
778 0.162183 0 
779 0.146082 0 
780 0.129027 0 
781 0.112409 0 
783 0.077702 0 
784 0.060564 0 
785 0.042687 0 
786 0.025123 0 
787 0.035569 0 
788 0.018978 0 
790 0.034778 0 
791 0.138349 0 
792 0.121656 0 
793 0.104735 0 
794 0.088655 0 
795 0.071883 0 
796 0.053358 0 
797 0.260596 0 
798 0.245115 0 
800 0.212390 0 
802 0.277053 0 
803 0.261066 0 
806 0.210326 0 
807 0.225330 0 
808 0.209029 0 
809 0.192806 0 
810 0.176422 0 
811 0.160054 0 
812 0.185531 0 
814 0.191496 0 
815 0.175002 0 
817 0.218922 0 
818 0.202494 0 
819 0.183481 0 
820 0.168703 0 
821 0.152325 0 
822 0.135623 0 
823 0.119425 0 
827 0.054138 0 
829 0.223802 0 
830 0.207067 0 
831 0.189645 0 
832 0.173587 0 
833 0.156681 0 
834 0.136080 0 
836 0.102540 0 
837 0.148335 0 
838 0.132125 0 
839 0.115966 0 
841 0.083352 0 
843 0.050715 0 
844 0.062521 0 
845 0.050637 0 
846 0.043323 0 
849 0.055489 0 
850 0.038613 0 
851 0.085122 0 
852 0.068778 0 
853 0.052418 0 
854 0.036184 0 
855 0.044212 0 
856 0.028277 0 
857 0.012283 0 
858 0.034918 0 
859 0.055292 0 
860 0.038886 0 
862 0.140467 0 
864 0.140524 0 
865 0.124504 0 
866 0.107783 0 
867 0.091388 0 
868 0.074799 0 
869 0.058733 0 
870 0.042117 0 
872 0.009526 0 
873 0.154841 0 
874 0.138765 0 
875 0.122863 0 
876 0.106116 0 
877 0.089687 0 
878 0.073080 0 
879 0.055806 0 
880 0.195927 0 
881 0.179625 0 
882 0.163890 0 
883 0.378676 0 
884 0.362331 0 
885 0.346293 0 
886 0.369045 0 
888 0.430506 0 
889 0.414818 0 
890 0.398836 0 
891 0.382600 0 
892 0.365929 0 
893 0.349791 0 
894 0.333547 0 
895 0.317441 0 
896 0.301237 0 
897 0.284633 0 
899 0.251783 0 
901 0.219095 0 
902 0.202871 0 
903 0.186674 0 
904 0.170254 0 
905 0.255227 0 
906 0.239211 0 
907 0.223290 0 
909 0.276999 0 
910 0.260700 0 
911 0.244579 0 
914 0.224038 0 
916 0.192088 0 
917 0.318429 0 
918 0.302335 0 
920 0.269246 0 
921 0.381060 0 
922 0.364563 0 
924 0.329751 0 
925 0.313590 0 
926 0.297282 0 
927 0.279782 0 
928 0.264810 0 
929 0.248214 0 
930 0.232512 0 
931 0.216432 0 
932 0.200400 0 
933 0.203938 0 
934 0.187331 0 
935 0.171403 0 
936 0.154052 0 
937 0.174360 0 
938 0.158348 0 
939 0.142024 0 
940 0.125899 0 
941 0.248092 0 
943 0.212474 0 
944 0.195954 0 
945 0.180513 0 
946 0.163924 0 
947 0.145774 0 
948 0.129819 0 
949 0.113132 0 
951 0.080903 0 
952 0.209007 0 
953 0.192821 0 
954 0.176436 0 
955 0.160566 0 
956 0.194219 0 
957 0.178121 0 
958 0.162154 0 
959 0.332448 0 
960 0.316427 0 
961 0.300158 0 
962 0.283706 0 
964 0.251649 0 
965 0.235053 0 
966 0.218823 0 
967 0.201716 0 
968 0.185964 0 
969 0.169773 0 
970 0.153609 0 
972 0.120958 0 
973 0.202001 0 
974 0.185499 0 
975 0.169089 0 
977 0.136557 0 
978 0.120409 0 
979 0.104051 0 
980 0.215782 0 
982 0.183221 0 
983 0.220069 0 
984 0.203380 0 
985 0.187256 0 
986 0.447252 0 
987 0.431061 0 
989 0.397841 0 
990 0.382593 0 
991 0.366504 0 
992 0.350294 0 
993 0.333596 0 
994 0.317876 0 
995 0.299737 0 
996 0.283718 0 
997 0.267569 0 
999 0.235294 0 
1000 0.218908 0 
1001 0.268214 0 
1002 0.251972 0 
1003 0.235749 0 
1004 0.258786 0 
1005 0.242522 0 
1006 0.226270 0 
1007 0.210174 0 
1008 0.279530 0 
1009 0.262341 0 
1010 0.245729 0 
1011 0.304977 0 
1012 0.287839 0 
1013 0.272078 0 
1014 0.255499 0 
1015 0.264491 0 
1016 0.353723 0 
1017 0.337569 0 
1018 0.321188 0 
1019 0.394957 0 
1020 0.379370 0 
1021 0.363055 0 
1023 0.329964 0 
1024 0.310709 0 
1026 0.281298 0 
1028 0.321000 0 
1029 0.302109 0 
1032 0.666995 0 
1033 0.676839 0 
1036 0.826729 0 
1037 0.810811 0 
1038 0.794111 0 
1040 0.761192 0 
1042 0.729247 0 
1045 0.952691 0 
1048 0.903691 0 
1049 0.903378 0 
1050 0.887150 0 
1051 0.871263 0 
1052 0.855146 0 
1053 0.838599 0 
1054 0.821933 0 
1055 1.056492 0 
1056 1.040300 0 
1057 1.025043 0 
1058 1.003708 0 
1059 0.987405 0 
1061 0.948133 0 
1063 0.915871 0 
1064 0.899097 0 
1065 0.882972 0 
1066 0.866558 0 
1068 0.834330 0 
1069 0.817911 0 
1071 0.784223 0 
1072 0.768362 0 
1073 0.751571 0 
1076 0.753332 0 
1077 0.736979 0 
1078 0.721370 0 
1079 0.812918 0 
1080 0.796730 0 
1081 0.780093 0 
1082 0.764090 0 
1083 0.837257 0 
1084 0.820745 0 
1085 0.805358 0 
1087 0.772620 0 
1088 0.798271 0 
1091 0.798970 0 
1092 0.782400 0 
1094 0.836105 0 
1095 0.819947 0 
1096 0.803769 0 
1100 0.821929 0 
1101 0.917019 0 
1102 0.900955 0 
1103 0.884274 0 
1106 0.834575 0 
1108 0.802213 0 
1109 0.785328 0 
1111 0.820973 0 
1113 0.787660 0 
1116 0.783844 0 
1117 0.769795 0 
1119 0.737014 0 
1120 0.721496 0 
1121 0.723900 0 
1123 0.860280 0 
1124 0.843048 0 
1125 0.823527 0 
1126 0.807253 0 
1127 0.789843 0 
1128 0.772418 0 
1129 0.756732 0 
1130 0.740200 0 
1131 0.723721 0 
1132 0.707670 0 
1133 0.691438 0 
1134 0.772358 0 
1135 0.756166 0 
1136 0.737576 0 
1137 0.717589 0 
1138 0.698314 0 
1143 0.689914 0 
1144 0.674182 0 
1147 0.623260 0 
1148 0.695373 0 
1150 0.661408 0 
1151 0.645171 0 
1152 0.629220 0 
1153 0.613080 0 
1154 0.596672 0 
1155 0.579756 0 
1156 0.564106 0 
1158 0.624175 0 
1159 0.609318 0 
1160 0.592861 0 
1163 0.643359 0 
1164 0.627059 0 
1165 0.610003 0 
1166 0.593443 0 
1167 0.577553 0 
1168 0.561860 0 
1169 0.585442 0 
1171 0.553038 0 
1172 0.536913 0 
1173 0.517574 0 
1174 0.503165 0 
1176 0.470966 0 
1177 0.616484 0 
1178 0.600056 0 
1179 0.584011 0 
1181 0.694988 0 
1182 0.678788 0 
1183 0.662736 0 
1184 0.700098 0 
1185 0.684188 0 
1186 0.668271 0 
1188 0.635765 0 
1189 0.758299 0 
1190 0.742035 0 
1191 0.726047 0 
1192 0.708926 0 
1193 0.692665 0 
1194 0.709368 0 
1195 0.689774 0 
1196 0.674561 0 
1198 0.762121 0 
1199 0.745877 0 
1200 0.729813 0 
1201 0.713412 0 
1202 0.696019 0 
1203 0.679590 0 
1204 0.663664 0 
1205 0.647148 0 
1206 0.869031 0 
1207 0.853340 0 
1208 0.835860 0 
1211 0.896239 0 
1212 0.879642 0 
1213 0.863476 0 
1214 1.111722 0 
1215 1.097816 0 
1216 1.082687 0 
1217 1.150660 0 
1218 1.134433 0 
1219 1.118134 0 
1220 1.101937 0 
1221 1.085789 0 
1222 1.069665 0 
1223 1.053388 0 
1225 1.018004 0 
1226 1.001158 0 
1227 0.984905 0 
1228 0.968707 0 
1229 0.952582 0 
1230 0.936508 0 
1231 0.920430 0 
1232 0.904241 0 
1234 0.871487 0 
1235 0.924953 0 
1236 0.908568 0 
1237 0.892339 0 
1239 0.857570 0 
1241 0.824021 0 
1242 0.831458 0 
1243 0.918873 0 
1244 0.902648 0 
1247 0.852650 0 
1248 0.836662 0 
1249 0.820255 0 
1250 0.944789 0 
1251 0.928624 0 
1252 0.912251 0 
1253 0.895514 0 
1254 0.879281 0 
1255 0.862718 0 
1256 0.845603 0 
1257 0.829181 0 
1258 0.813292 0 
1262 1.110544 0 
1263 1.094558 0 
1264 1.078966 0 
1265 1.064467 0 
1266 1.048167 0 
1267 1.031991 0 
1268 1.081089 0 
1270 1.048128 0 
1271 1.033126 0 
1272 1.074278 0 
1273 1.058439 0 
1274 1.041862 0 
1275 1.025777 0 
1276 1.009545 0 
1277 1.029201 0 
1278 1.012363 0 
1279 0.996019 0 
1281 1.129689 0 
1282 1.113520 0 
1283 1.097334 0 
1284 1.080045 0 
1286 1.048558 0 
1287 1.327316 0 
1288 1.310944 0 
1289 1.405175 0 
1290 1.392207 0 
1291 1.376007 0 
1292 1.360106 0 
1293 1.459951 0 
1294 1.508606 0 
1295 1.492418 0 
1297 1.592534 0 
1299 1.589432 0 
1300 1.694250 0 
1301 1.723220 0 
1302 1.820884 0 
1303 1.803370 0 
1304 2.072166 0 
1305 2.055670 0 
1307 2.113463 0 
1308 2.097236 0 
1309 2.266228 0 
1310 2.250001 0 
1312 2.312173 0 
1314 2.279379 0 
1315 2.371910 0 
1316 2.355797 0 
1318 2.412122 0 
1319 2.396050 0 
1320 2.399568 0 
1322 2.367220 0 
1323 2.351576 0 
1324 2.335318 0 
1325 2.346221 0 
1326 2.330204 0 
1327 2.314160 0 
1328 2.425120 0 
1329 2.408324 0 
1330 2.392347 0 
1331 2.376429 0 
1332 2.434766 0 
1333 2.419557 0 
1334 2.401332 0 
1335 2.384940 0 
1336 2.368697 0 
1337 2.351968 0 
1338 2.405928 0 
1339 2.389245 0 
1341 2.356716 0 
1342 2.340796 0 
1343 2.324753 0 
1344 2.436689 0 
1345 2.420241 0 
1346 2.404024 0 
1347 2.412849 0 
1349 2.380176 0 
1350 2.364102 0 
1351 2.620424 0 
1352 2.604096 0 
1353 2.587870 0 
1354 2.571645 0 
1355 2.554546 0 
1356 2.538361 0 
1357 2.522397 0 
1358 2.506073 0 
1359 2.489635 0 
1360 2.589217 0 
1362 2.556980 0 
1363 2.540127 0 
1364 2.524177 0 
1365 2.507173 0 
1366 2.491405 0 
1367 2.475134 0 
1368 2.459277 0 
1370 2.426123 0 
1371 2.471739 0 
1372 2.454179 0 
1375 2.405423 0 
1376 2.388962 0 
1377 2.372825 0 
1378 2.547727 0 
1380 2.527046 0 
1381 2.510139 0 
1382 2.494148 0 
1383 2.477955 0 
1384 2.461885 0 
1385 2.445781 0 
1387 2.413120 0 
1388 2.397016 0 
1389 2.380330 0 
1390 2.364277 0 
1391 2.348025 0 
1397 2.352408 0 
1398 2.336224 0 
1399 2.319531 0 
1400 2.303218 0 
1401 2.287369 0 
1402 2.270836 0 
1403 2.497529 0 
1404 2.481116 0 
1405 2.462775 0 
1406 2.446465 0 
1407 2.507192 0 
1408 2.490870 0 
1409 2.474720 0 
1410 2.639184 0 
1411 2.622995 0 
1412 2.606885 0 
1413 2.591734 0 
1414 2.575202 0 
1415 2.559279 0 
1416 2.686898 0 
1417 2.670762 0 
1418 2.654155 0 
1419 2.638448 0 
1420 2.621945 0 
1421 2.606014 0 
1422 2.589807 0 
1424 2.557307 0 
1425 2.670201 0 
1427 2.692906 0 
1428 2.674592 0 
1429 2.659184 0 
1430 2.642731 0 
1431 2.627018 0 
1433 2.729568 0 
1434 2.712804 0 
1435 2.696614 0 
1436 2.680445 0 
1438 2.647995 0 
1440 2.614439 0 
1441 2.595232 0 
1442 2.661122 0 
1443 2.645766 0 
1446 2.596586 0 
1447 2.578961 0 
1448 2.563198 0 
1449 2.546849 0 
1450 2.681509 0 
1451 2.662838 0 
1452 2.648210 0 
1453 2.632015 0 
1454 2.615796 0 
1455 2.599229 0 
1456 2.582045 0 
1457 2.565898 0 
1461 2.539478 0 
1462 2.523233 0 
1463 2.507097 0 
1464 2.490223 0 
1465 2.473730 0 
1466 2.505222 0 
1467 2.488878 0 
1469 2.455748 0 
1470 2.439054 0 
1471 2.423356 0 
1472 2.407006 0 
1473 2.390726 0 
1474 2.374530 0 
1475 2.355397 0 
1476 2.338697 0 
1477 2.447361 0 
1478 2.471344 0 
1479 2.455294 0 
1480 2.438287 0 
1483 2.469749 0 
1485 2.535078 0 
1486 2.520087 0 
1487 2.586333 0 
1488 2.569546 0 
1489 2.553280 0 
1490 2.536616 0 
1492 2.628972 0 
1493 2.610877 0 
1494 2.592448 0 
1498 2.713442 0 
1499 2.697802 0 
1500 2.681625 0 
1501 2.702306 0 
1502 2.686131 0 
1503 2.669964 0 
1504 2.750187 0 
1506 2.717957 0 
1507 2.700633 0 
1509 3.014792 0 
1515 2.915282 0 
1517 2.881321 0 
1518 2.865160 0 
1519 2.848729 0 
1521 2.815781 0 
1522 2.799628 0 
1523 2.783617 0 
1524 2.767171 0 
1525 2.877620 0 
1526 2.862160 0 
1527 2.846562 0 
1528 2.829431 0 
1529 2.977076 0 
1530 2.958851 0 
1531 2.942659 0 
1532 2.987690 0 
1533 2.971318 0 
1534 2.954696 0 
1535 3.033577 0 
1536 3.017260 0 
1537 3.001264 0 
1538 3.044183 0 
1540 3.011466 0 
1541 2.995708 0 
1542 2.978993 0 
1543 3.034976 0 
1544 3.016947 0 
1545 3.000268 0 
1546 3.269373 0 
1548 3.237032 0 
1549 3.220694 0 
1550 3.204362 0 
1551 3.187907 0 
1552 3.252651 0 
1553 3.236904 0 
1554 3.220240 0 
1555 3.203847 0 
1556 3.212559 0 
1557 3.196372 0 
1558 3.179740 0 
1559 3.163557 0 
1561 3.215369 0 
1562 3.199114 0 
1563 3.182724 0 
1564 3.166956 0 
1565 3.150378 0 
1566 3.134322 0 
1567 3.121534 0 
1570 3.206435 0 
1571 3.190094 0 
1572 3.173264 0 
1574 3.219026 0 
1575 3.202602 0 
1576 3.186327 0 
1577 3.170384 0 
1579 3.150845 0 
1580 3.166146 0 
1581 3.149571 0 
1582 3.133385 0 
1583 3.117153 0 
1584 3.101134 0 
1586 3.067269 0 
1587 3.144452 0 
1588 3.128669 0 
1589 3.110798 0 
1590 3.182422 0 
1591 3.165763 0 
1592 3.260213 0 
1593 3.244157 0 
1594 3.227951 0 
1596 3.195221 0 
1597 3.179147 0 
1598 3.162554 0 
1599 3.146572 0 
1600 3.169240 0 
1601 3.227278 0 
1602 3.521425 0 
1603 3.505213 0 
1604 3.486040 0 
1605 3.470271 0 
1606 3.453994 0 
1607 3.437779 0 
1608 3.421711 0 
1609 3.405334 0 
1610 3.388898 0 
1611 3.372635 0 
1612 3.356639 0 
1613 3.340199 0 
1614 3.323037 0 
1615 3.306673 0 
1616 3.288689 0 
1617 3.272613 0 
1618 3.256199 0 
1619 3.274362 0 
1620 3.257896 0 
1621 3.241608 0 
1623 3.208300 0 
1624 3.192857 0 
1625 3.188089 0 
1626 3.171751 0 
1627 3.155575 0 
1628 3.138521 0 
1629 3.323648 0 
1630 3.307776 0 
1632 3.274463 0 
1633 3.257876 0 
1634 3.241860 0 
1635 3.225442 0 
1637 3.193112 0 
1639 3.160045 0 
1640 3.251389 0 
1641 3.483862 0 
1642 3.467423 0 
1645 3.419076 0 
1646 3.402802 0 
1647 3.386049 0 
1648 3.370151 0 
1649 3.353215 0 
1650 3.334089 0 
1651 3.421009 0 
1652 3.404789 0 
1653 3.388866 0 
1654 3.371260 0 
1655 3.354676 0 
1656 3.537021 0 
1658 3.503764 0 
1660 3.503419 0 
1661 3.477935 0 
1662 3.462363 0 
1663 3.445115 0 
1664 3.428785 0 
1665 3.412173 0 
1666 3.395778 0 
1668 3.360852 0 
1669 3.423375 0 
1670 3.407370 0 
1671 3.390995 0 
1672 3.458162 0 
1673 3.442343 0 
1674 3.425696 0 
1675 3.409243 0 
1676 3.393072 0 
1677 3.376450 0 
1678 3.360190 0 
1679 3.410932 0 
1681 3.419080 0 
1682 3.402847 0 
1684 3.415093 0 
1685 3.399751 0 
1686 3.425861 0 
1687 3.409514 0 
1688 3.393266 0 
1689 3.377427 0 
1690 3.451406 0 
1691 3.434972 0 
1692 3.418991 0 
1693 3.402772 0 
1695 3.370322 0 
1697 3.335429 0 
1698 3.319211 0 
1699 3.302142 0 
1700 3.308424 0 
1701 3.292147 0 
1702 3.275694 0 
1703 3.499947 0 
1705 3.467168 0 
1706 3.451349 0 
1707 3.545830 0 
1708 3.529741 0 
1710 3.496355 0 
1712 3.464452 0 
1713 3.448126 0 
1714 3.473832 0 
1716 3.437046 0 
1717 3.561235 0 
1718 3.544875 0 
1720 3.512558 0 
1721 3.496402 0 
1722 3.511313 0 
1723 3.610616 0 
1724 3.594456 0 
1725 3.578091 0 
1726 3.748131 0 
1727 3.731094 0 
1728 3.713995 0 
1729 3.695333 0 
1730 3.679321 0 
1731 3.661892 0 
1732 3.645637 0 
1733 3.650901 0 
1734 3.731660 0 
1735 3.715833 0 
1736 3.699476 0 
1737 3.683653 0 
1739 3.650388 0 
1740 3.634585 0 
1741 3.672826 0 
1742 3.652543 0 
1743 3.636434 0 
1744 3.620154 0 
1745 3.640259 0 
1747 3.607975 0 
1748 3.736554 0 
1752 3.766660 0 
1753 3.850163 0 
1754 3.833253 0 
1755 3.816994 0 
1756 3.801546 0 
1757 3.785194 0 
1758 3.768903 0 
1760 3.736552 0 
1766 4.008666 0 
1768 3.975451 0 
1769 3.959558 0 
1770 3.943347 0 
1771 3.927413 0 
1773 3.894463 0 
1774 3.877934 0 
1775 3.861734 0 
1776 3.845649 0 
1778 3.875119 0 
1779 3.859006 0 
1780 3.843375 0 
1781 3.826179 0 
1782 3.870251 0 
1783 3.853985 0 
1785 3.818725 0 
1786 3.802870 0 
1787 3.787073 0 
1788 3.770879 0 
1789 3.867057 0 
1790 3.850484 0 
1791 3.899548 0 
1792 3.883376 0 
1793 3.867199 0 
1795 3.926011 0 
1796 3.909618 0 
1797 3.893217 0 
1799 4.021476 0 
1800 4.006062 0 
1801 3.989739 0 
1802 4.028564 0 
1803 4.010593 0 
1804 3.994318 0 
1805 3.977996 0 
1806 3.961788 0 
1807 3.945984 0 
1809 4.015898 0 
1810 3.999443 0 
1811 3.982395 0 
1812 4.143519 0 
1813 4.127179 0 
1814 4.110930 0 
1815 4.095038 0 
1816 4.078795 0 
1817 4.062207 0 
1818 4.164541 0 
1819 4.148514 0 
1820 4.132385 0 
1822 4.208837 0 
1823 4.192753 0 
1824 4.176405 0 
1825 4.159862 0 
1826 4.197728 0 
1827 4.181376 0 
1828 4.165397 0 
1829 4.149045 0 
1831 4.184568 0 
1832 4.168264 0 
1833 4.152307 0 
1834 4.133520 0 
1836 4.097106 0 
1838 4.065006 0 
1839 4.085338 0 
1840 4.135514 0 
1841 4.119152 0 
1844 4.278306 0 
1845 4.261582 0 
1846 4.245353 0 
1847 4.229550 0 
1848 4.241614 0 
1849 4.222607 0 
1850 4.206446 0 
1851 4.285978 0 
1852 4.269462 0 
1853 4.316957 0 
1854 4.300700 0 
1855 4.284114 0 
1857 4.251944 0 
1859 4.218646 0 
1860 4.284607 0 
1861 4.268270 0 
1862 4.251372 0 
1863 4.234595 0 
1864 4.218123 0 
1865 4.202144 0 
1867 4.255120 0 
1868 4.237897 0 
1869 4.222572 0 
1870 4.205722 0 
1871 4.189892 0 
1872 4.173625 0 
1873 4.358488 0 
1874 4.339156 0 
1875 4.323319 0 
1876 4.398027 0 
1878 4.484749 0 
1879 4.471936 0 
1880 4.455820 0 
1881 4.577041 0 
1883 4.543744 0 
1884 4.528334 0 
1889 4.772833 0 
1890 4.756701 0 
1891 4.740464 0 
1892 4.723754 0 
1894 4.697058 0 
1896 4.730188 0 
1897 4.714350 0 
1898 4.697932 0 
1899 4.681203 0 
1900 4.664857 0 
1901 4.805197 0 
1902 4.829554 0 
1905 4.781052 0 
1907 4.748501 0 
1909 4.802987 0 
1911 4.769523 0 
1912 4.753312 0 
1915 4.740408 0 
1920 4.725284 0 
1921 4.709089 0 
1922 4.690129 0 
1923 4.673496 0 
1924 4.657113 0 
1925 4.771359 0 
1926 4.755166 0 
1927 4.739280 0 
1928 4.846920 0 
1929 4.830710 0 
1930 4.814416 0 
1931 4.798292 0 
1932 4.781340 0 
1933 4.766124 0 
1934 4.749053 0 
1935 4.732965 0 
1936 4.716578 0 
1938 4.684084 0 
1939 4.667409 0 
1940 4.651054 0 
1941 4.634770 0 
1942 4.649201 0 
1943 4.632758 0 
1944 4.616856 0 
1946 4.636610 0 
1947 4.620465 0 
1948 4.604851 0 
1949 4.588514 0 
1950 4.620244 0 
1951 4.604370 0 
1952 4.585713 0 
1953 4.571469 0 
1954 4.555160 0 
1955 4.538963 0 
1956 4.522691 0 
1957 4.550558 0 
1959 4.548812 0 
1960 4.532705 0 
1961 4.516216 0 
1962 4.499241 0 
1963 4.483701 0 
1964 4.467726 0 
1965 4.450200 0 
1967 4.417698 0 
1968 4.401590 0 
1969 4.385381 0 
1970 4.368887 0 
1972 4.336598 0 
1973 4.417614 0 
1974 4.401546 0 
1975 4.384785 0 
1977 4.463845 0 
1978 4.447361 0 
1979 4.431751 0 
1980 4.414402 0 
1981 4.397995 0 
1982 4.381138 0 
1984 4.348107 0 
1986 4.314616 0 
1987 4.297886 0 
1988 4.327964 0 
1989 4.311570 0 
1990 4.294972 0 
1991 4.278584 0 
1992 4.334260 0 
1994 4.300170 0 
1995 4.283889 0 
1996 4.267882 0 
1997 4.251821 0 
1998 4.250524 0 
1999 4.351639 0 
2000 4.335047 0 
2001 4.318668 0 
2002 4.338739 0 
2007 4.470616 0 
2008 4.456445 0 
2009 4.440035 0 
2010 4.423376 0 
2011 4.407468 0 
2012 4.391177 0 
2013 4.374988 0 
2014 4.554274 0 
2015 4.594983 0 
2016 4.578620 0 
2017 4.562927 0 
2018 4.546611 0 
2019 4.530764 0 
2021 4.498012 0 
2022 4.482733 0 
2024 4.637247 0 
2025 4.620979 0 
2026 4.603717 0 
2027 4.583885 0 
2028 4.571781 0 
2030 4.595762 0 
2031 4.577754 0 
2032 4.556848 0 
2033 4.541016 0 
2035 4.508408 0 
2037 4.529819 0 
2038 4.511761 0 
2039 4.494100 0 
2040 4.479583 0 
2043 4.467340 0 
2044 4.451184 0 
2045 4.549490 0 
2046 4.533117 0 
2047 4.516537 0 
2048 4.611917 0 
2049 4.595717 0 
2050 4.579023 0 
2051 4.562593 0 
2052 4.547079 0 
2053 4.530699 0 
2054 4.513894 0 
2056 4.481539 0 
2058 4.641979 0 
2059 4.625806 0 
2060 4.609517 0 
2061 4.621871 0 
2062 4.605432 0 
2063 4.589000 0 
2064 4.571234 0 
2066 4.670054 0 
2067 4.653957 0 
2068 4.637814 0 
2069 4.621235 0 
2070 4.604978 0 
2071 4.589051 0 
2072 4.572688 0 
2073 4.555868 0 
2074 4.538091 0 
2075 4.557929 0 
2076 4.541611 0 
2077 4.524403 0 
2078 4.508028 0 
2079 4.491758 0 
2080 4.629823 0 
2082 4.596625 0 
2083 4.579985 0 
2084 4.563266 0 
2085 4.547256 0 
2086 4.530785 0 
2087 4.514664 0 
2088 4.498656 0 
2089 4.482324 0 
2090 4.466357 0 
2091 4.450533 0 
2093 4.506409 0 
2095 4.473874 0 
2096 4.457330 0 
2097 4.558579 0 
2098 4.542072 0 
2099 4.526123 0 
2100 4.507871 0 
2101 4.491356 0 
2103 4.459179 0 
2104 4.443177 0 
2105 4.425867 0 
2106 4.409556 0 
2108 4.375953 0 
2110 4.341496 0 
2111 4.325708 0 
2112 4.359795 0 
2114 4.326952 0 
2115 4.430271 0 
2116 4.413715 0 
2118 4.380958 0 
2119 4.364244 0 
2120 4.357810 0 
2121 4.341567 0 
2122 4.325209 0 
2123 4.309090 0 
2124 4.309982 0 
2125 4.293723 0 
2126 4.277678 0 
2127 4.261849 0 
2128 4.371711 0 
2129 4.356587 0 
2130 4.340453 0 
2131 4.324346 0 
2132 4.377545 0 
2133 4.394633 0 
2134 4.379916 0 
2135 4.358618 0 
2137 4.325975 0 
2138 4.411069 0 
2139 4.395129 0 
2140 4.378420 0 
2141 4.362310 0 
2142 4.444533 0 
2143 4.428701 0 
2145 4.396389 0 
2146 4.462753 0 
2147 4.455691 0 
2148 4.496662 0 
2149 4.477919 0 
2150 4.461002 0 
2151 4.445089 0 
2152 4.426183 0 
2153 4.410696 0 
2154 4.394382 0 
2155 4.378258 0 
2156 4.362177 0 
2158 4.327074 0 
2159 4.428413 0 
2160 4.412594 0 
2161 4.395725 0 
2162 4.378160 0 
2163 4.362270 0 
2164 4.345708 0 
2166 4.313205 0 
2167 4.297161 0 
2168 4.280639 0 
2169 4.323654 0 
2171 4.288446 0 
2172 4.274809 0 
2173 4.324583 0 
2174 4.308502 0 
2176 4.275562 0 
2177 4.259351 0 
2178 4.243503 0 
2179 4.225455 0 
2180 4.210035 0 
2181 4.270330 0 
2183 4.237351 0 
2184 4.221372 0 
2185 4.220941 0 
2186 4.204762 0 
2187 4.244879 0 
2188 4.228784 0 
2189 4.211339 0 
2190 4.195583 0 
2191 4.177081 0 
2193 4.157554 0 
2194 4.140831 0 
2195 4.151448 0 
2196 4.137716 0 
2197 4.120792 0 
2198 4.104831 0 
2199 4.138849 0 
2200 4.122439 0 
2201 4.106067 0 
2203 4.307281 0 
2204 4.290767 0 
2205 4.274479 0 
2206 4.300846 0 
2207 4.285143 0 
2208 4.268473 0 
2209 4.252265 0 
2210 4.235472 0 
2211 4.303519 0 
2212 4.287394 0 
2213 4.271336 0 
2214 4.254699 0 
2215 4.301085 0 
2216 4.289279 0 
2217 4.274179 0 
2218 4.407027 0 
2220 4.373359 0 
2221 4.356140 0 
2222 4.339970 0 
2223 4.324522 0 
2224 4.307830 0 
2225 4.291990 0 
2226 4.275406 0 
2227 4.259492 0 
2229 4.238487 0 
2230 4.380292 0 
2231 4.363877 0 
2232 4.347819 0 
2234 4.314676 0 
2236 4.282062 0 
2237 4.265595 0 
2238 4.249179 0 
2239 4.232664 0 
2242 4.183662 0 
2243 4.167724 0 
2244 4.151823 0 
2245 4.134134 0 
2246 4.188909 0 
2247 4.172654 0 
2248 4.156479 0 
2249 4.199790 0 
2250 4.183517 0 
2251 4.167248 0 
2252 4.150615 0 
2253 4.134585 0 
2255 4.101940 0 
2257 4.097388 0 
2258 4.081203 0 
2259 4.065276 0 
2260 4.178277 0 
2261 4.161933 0 
2262 4.145970 0 
2263 4.130185 0 
2265 4.097457 0 
2266 4.080980 0 
2267 4.064498 0 
2268 4.048702 0 
2269 4.031652 0 
2270 4.015577 0 
2271 3.999125 0 
2272 3.983054 0 
2273 3.967172 0 
2274 3.950783 0 
2275 3.935098 0 
2277 4.130713 0 
2278 4.113674 0 
2279 4.096707 0 
2281 4.064472 0 
2282 4.048074 0 
2283 4.031776 0 
2284 4.015765 0 
2285 3.999497 0 
2286 3.982995 0 
2287 3.966697 0 
2288 3.950347 0 
2289 3.933965 0 
2290 3.914900 0 
2292 3.884313 0 
2294 3.851918 0 
2295 3.835239 0 
2296 3.818968 0 
2297 3.802604 0 
2298 3.786411 0 
2299 3.769791 0 
2300 3.750604 0 
2302 3.717216 0 
2303 3.755666 0 
2304 3.739463 0 
2305 3.723376 0 
2309 3.690706 0 
2310 3.674363 0 
2311 3.674973 0 
2313 3.642054 0 
2314 3.703785 0 
2315 3.687670 0 
2317 3.654778 0 
2318 3.635524 0 
2319 3.619136 0 
2320 3.603028 0 
2321 3.585535 0 
2322 3.569350 0 
2323 3.627151 0 
2324 3.611215 0 
2325 3.611864 0 
2326 3.595567 0 
2327 3.578626 0 
2328 3.562535 0 
2329 3.545799 0 
2330 3.529797 0 
2331 3.514112 0 
2332 3.498960 0 
2333 3.482836 0 
2334 3.463178 0 
2336 3.452005 0 
2337 3.433957 0 
2338 3.419291 0 
2339 3.402843 0 
2340 3.454445 0 
2341 3.438332 0 
2342 3.422323 0 
2344 3.389334 0 
2345 3.373367 0 
2346 3.354638 0 
2347 3.342036 0 
2348 3.382100 0 
2349 3.364707 0 
2350 3.349942 0 
2351 3.334149 0 
2352 3.317709 0 
2353 3.301529 0 
2354 3.285166 0 
2355 3.403403 0 
2357 3.371048 0 
2358 3.354038 0 
2359 3.337997 0 
2360 3.321736 0 
2361 3.305352 0 
2362 3.289266 0 
2363 3.272749 0 
2365 3.239920 0 
2366 3.223238 0 
2367 3.206774 0 
2368 3.187315 0 
2370 3.166507 0 
2371 3.295607 0 
2372 3.280015 0 
2373 3.263841 0 
2375 3.231036 0 
2376 3.214867 0 
2377 3.198795 0 
2378 3.182134 0 
2379 3.165592 0 
2380 3.149916 0 
2382 3.117054 0 
2383 3.171286 0 
2384 3.155169 0 
2385 3.139128 0 
2386 3.283524 0 
2387 3.267256 0 
2388 3.250803 0 
2389 3.234267 0 
2390 3.217847 0 
2392 3.185497 0 
2393 3.418725 0 
2394 3.401654 0 
2395 3.385312 0 
2397 3.390870 0 
2398 3.374827 0 
2399 3.358113 0 
2400 3.341861 0 
2401 3.325696 0 
2403 3.290733 0 
2406 3.239781 0 
2408 3.359568 0 
2409 3.343436 0 
2410 3.327130 0 
2411 3.309716 0 
2412 3.294161 0 
2413 3.277735 0 
2414 3.261648 0 
2415 3.245492 0 
2416 3.228909 0 
2417 3.212314 0 
2419 3.179891 0 
2420 3.163491 0 
2421 3.147397 0 
2422 3.268705 0 
2423 3.252576 0 
2425 3.286027 0 
2426 3.270336 0 
2428 3.500754 0 
2429 3.484067 0 
2430 3.467789 0 
2431 3.451661 0 
2433 3.417459 0 
2435 3.385395 0 
2436 3.528079 0 
2438 3.642930 0 
2441 3.595422 0 
2442 3.579408 0 
2443 3.562806 0 
2444 3.549232 0 
2445 3.558255 0 
2446 3.533294 0 
2447 3.517881 0 
2448 3.553129 0 
2449 3.537318 0 
2450 3.519271 0 
2454 3.474207 0 
2457 3.425255 0 
2458 3.468295 0 
2459 3.452124 0 
2460 3.436080 0 
2461 3.419509 0 
2462 3.403703 0 
2464 3.371288 0 
2465 3.355217 0 
2466 3.339142 0 
2467 3.323409 0 
2468 3.306994 0 
2469 3.290837 0 
2470 3.362478 0 
2471 3.346666 0 
2472 3.330401 0 
2473 3.332895 0 
2474 3.318081 0 
2475 3.301834 0 
2476 3.298137 0 
2477 3.282468 0 
2478 3.266554 0 
2480 3.260488 0 
2481 3.258976 0 
2482 3.243134 0 
2483 3.267736 0 
2484 3.251275 0 
2485 3.234277 0 
2486 3.218358 0 
2487 3.201911 0 
2488 3.185703 0 
2489 3.169740 0 
2491 3.229587 0 
2493 3.197076 0 
2494 3.181011 0 
2495 3.165017 0 
2496 3.148557 0 
2497 3.132296 0 
2498 3.115634 0 
2499 3.138833 0 
2501 3.106088 0 
2502 3.089858 0 
2503 3.073064 0 
2504 3.056970 0 
2506 3.023914 0 
2508 3.040298 0 
2509 3.021838 0 
2510 3.004608 0 
2512 2.972092 0 
2513 2.985775 0 
2514 2.968823 0 
2516 2.936241 0 
2517 2.920181 0 
2518 2.904129 0 
2519 2.887748 0 
2520 2.946322 0 
2521 2.929896 0 
2522 2.913691 0 
2523 2.897106 0 
2524 2.893172 0 
2525 2.877315 0 
2526 2.861063 0 
2527 2.844830 0 
2528 2.869034 0 
2529 2.852677 0 
2530 2.836267 0 
2531 2.819067 0 
2532 2.802933 0 
2533 2.786847 0 
2535 2.754330 0 
2536 2.737793 0 
2537 2.722011 0 
2538 2.705766 0 
2539 2.689541 0 
2540 2.673010 0 
2541 2.700535 0 
2543 2.663627 0 
2544 2.647619 0 
2545 2.631098 0 
2546 2.614536 0 
2547 2.598857 0 
2548 2.582389 0 
2549 2.566260 0 
2550 2.551212 0 
2551 2.670105 0 
2552 2.653952 0 
2553 2.637616 0 
2556 2.588605 0 
2557 2.572061 0 
2558 2.555837 0 
2559 2.538131 0 
2560 2.521897 0 
2561 2.505596 0 
2562 2.489433 0 
2564 2.456701 0 
2565 2.437767 0 
2566 2.422949 0 
2567 2.406607 0 
2569 2.369220 0 
2570 2.369895 0 
2571 2.353552 0 
2572 2.337610 0 
2574 2.344660 0 
2575 2.328853 0 
2576 2.359143 0 
2577 2.342841 0 
2578 2.326399 0 
2579 2.309222 0 
2581 2.276712 0 
2582 2.260175 0 
2583 2.243622 0 
2584 2.259724 0 
2585 2.243192 0 
2586 2.226789 0 
2587 2.210965 0 
2588 2.196413 0 
2589 2.234135 0 
2591 2.201644 0 
2592 2.185248 0 
2593 2.169138 0 
2594 2.152850 0 
2595 2.134996 0 
2596 2.118731 0 
2597 2.103972 0 
2598 2.087706 0 
2599 2.071474 0 
2600 2.063858 0 
2601 2.047094 0 
2607 2.068472 0 
2608 2.052348 0 
2609 2.034624 0 
2610 2.018731 0 
2611 2.002848 0 
2612 1.986515 0 
2613 1.970268 0 
2614 1.953635 0 
2615 1.937267 0 
2616 1.921128 0 
2618 1.888185 0 
2619 1.871805 0 
2620 1.855566 0 
2621 1.838810 0 
2622 1.864574 0 
2623 1.848376 0 
2624 1.831308 0 
2625 1.814893 0 
2627 1.781996 0 
2628 1.765640 0 
2629 1.749332 0 
2630 1.748234 0 
2632 1.715723 0 
2634 1.760364 0 
2635 1.741311 0 
2636 1.810721 0 
2637 1.793614 0 
2640 1.744031 0 
2641 1.749388 0 
2642 1.733382 0 
2643 1.717091 0 
2644 1.701830 0 
2645 1.685694 0 
2646 1.669453 0 
2647 1.653497 0 
2648 1.665819 0 
2649 1.649534 0 
2650 1.631999 0 
2651 1.614776 0 
2653 1.582750 0 
2655 1.575223 0 
2656 1.558296 0 
2657 1.541987 0 
2658 1.525694 0 
2659 1.547716 0 
2660 1.531318 0 
2661 1.513552 0 
2663 1.526839 0 
2664 1.510761 0 
2665 1.527602 0 
2666 1.511434 0 
2667 1.498918 0 
2668 1.483968 0 
2669 1.467411 0 
2670 1.451265 0 
2671 1.435113 0 
2672 1.447514 0 
2673 1.431304 0 
2674 1.414609 0 
2675 1.398296 0 
2676 1.381994 0 
2677 1.363520 0 
2679 1.386982 0 
2681 1.385825 0 
2682 1.368918 0 
2683 1.407015 0 
2684 1.390488 0 
2685 1.374159 0 
2686 1.356639 0 
2687 1.384898 0 
2688 1.368912 0 
2690 1.336733 0 
2692 1.303554 0 
2693 1.287250 0 
2694 1.271040 0 
2695 1.254771 0 
2696 1.238580 0 
2697 1.221985 0 
2698 1.205278 0 
2700 1.172492 0 
2701 1.156363 0 
2702 1.140450 0 
2703 1.133084 0 
2705 1.088903 0 
2707 1.085101 0 
2708 1.069005 0 
2709 1.052436 0 
2711 1.023338 0 
2712 1.122628 0 
2713 1.106453 0 
2715 1.068945 0 
2716 1.088034 0 
2717 1.072286 0 
2718 1.056208 0 
2719 1.040426 0 
2720 1.024294 0 
2721 1.024448 0 
2722 1.008259 0 
2723 1.004326 0 
2724 0.988380 0 
2725 0.972244 0 
2727 1.017519 0 
2728 1.001446 0 
2729 0.985172 0 
2730 0.969206 0 
2731 0.953114 0 
2734 0.995397 0 
2735 0.997018 0 
2736 0.981912 0 
2737 0.965740 0 
2738 0.949574 0 
2739 0.933351 0 
2740 0.916623 0 
2742 0.884142 0 
2743 0.868433 0 
2744 0.852083 0 
2745 0.836101 0 
2746 0.819958 0 
2747 0.801797 0 
2748 0.816287 0 
2749 0.822559 0 
2750 0.806342 0 
2751 0.789018 0 
2752 0.773649 0 
2753 0.758207 0 
2755 0.725933 0 
2756 0.724754 0 
2757 0.717886 0 
2758 0.701584 0 
2759 0.685726 0 
2760 0.669530 0 
2761 0.686380 0 
2764 0.745308 0 
2765 0.728805 0 
2766 0.712756 0 
2768 0.679891 0 
2769 0.664112 0 
2770 0.647814 0 
2771 0.631931 0 
2773 0.597492 0 
2774 0.580691 0 
2775 0.563698 0 
2776 0.546847 0 
2777 0.530644 0 
2778 0.514256 0 
2780 0.515289 0 
2781 0.499420 0 
2782 0.483273 0 
2783 0.466826 0 
2784 0.471453 0 
2785 0.455158 0 
2786 0.468047 0 
2787 0.453026 0 
2788 0.436697 0 
2790 0.404140 0 
2791 0.387951 0 
2792 0.371709 0 
2793 0.355432 0 
2794 0.395052 0 
2795 0.378374 0 
2796 0.423519 0 
2797 0.406930 0 
2798 0.430823 0 
2799 0.421627 0 
2800 0.405462 0 
2801 0.424363 0 
2802 0.407906 0 
2803 0.391992 0 
2804 0.375674 0 
2805 0.359244 0 
2806 0.342772 0 
2807 0.326737 0 
2808 0.321404 0 
2809 0.305041 0 
2810 0.362581 0 
2811 0.346178 0 
2812 0.329946 0 
2813 0.314273 0 
2814 0.372770 0 
2815 0.356656 0 
2817 0.323878 0 
2818 0.307669 0 
2819 0.292062 0 
2820 0.275199 0 
2821 0.258292 0 
2822 0.242615 0 
2823 0.226142 0 
2824 0.209894 0 
2826 0.177053 0 
2827 0.160886 0 
2828 0.144899 0 
2829 0.128658 0 
2831 0.095819 0 
2833 0.106951 0 
2834 0.091372 0 
2835 0.075037 0 
2836 0.058814 0 
2839 0.053684 0 
2840 0.037910 0 
2841 0.033575 0 
2845 0.109451 0 
2846 0.137446 0 
2847 0.121813 0 
2848 0.105834 0 
2849 0.089674 0 
2850 0.073654 0 
2852 0.041173 0 
2854 0.038344 0 
2855 0.054932 0 
2856 0.037481 0 
2857 0.021211 0 
2858 0.055646 0 
2859 0.039819 0 
2860 0.023861 0 
2862 0.043335 0 
2863 0.036793 0 
2864 0.035256 0 
2865 0.045328 0 
2866 0.029534 0 
2867 0.032574 0 
2868 0.039454 0 
2869 0.049732 0 
2870 0.049036 0 
2871 0.087154 0 
2872 0.071132 0 
2873 0.054885 0 
2874 0.108533 0 
2875 0.092527 0 
2876 0.076496 0 
2878 0.044011 0 
2879 0.027922 0 
2880 0.068298 0 
2881 0.052261 0 
2882 0.035717 0 
2883 0.050916 0 
2884 0.034369 0 
2885 0.017979 0 
2886 0.017823 0 
2887 0.024580 0 
2889 0.056807 0 
2891 0.024603 0 
2892 0.012901 0 
2893 0.022671 0 
2894 0.029008 0 
2895 0.012492 0 
2896 0.103765 0 
2897 0.126155 0 
2899 0.093051 0 
2900 0.076647 0 
2901 0.060538 0 
2902 0.044619 0 
2904 0.028471 0 
2906 0.017689 0 
2907 0.042196 0 
2908 0.025928 0 
2910 0.015228 0 
2911 0.066094 0 
2912 0.049834 0 
2914 0.082582 0 
2915 0.066530 0 
2916 0.050418 0 
2917 0.033847 0 
2918 0.035728 0 
2919 0.048048 0 
2920 0.031770 0 
2921 0.015163 0 
2922 0.022780 0 
2923 0.008926 0 
2924 0.023313 0 
2925 0.035478 0 
2926 0.066948 0 
2927 0.050915 0 
2928 0.125428 0 
2929 0.195316 0 
2930 0.178370 0 
2931 0.161916 0 
2933 0.129657 0 
2934 0.125476 0 
2935 0.163253 0 
2936 0.147152 0 
2937 0.131088 0 
2938 0.114797 0 
2939 0.098686 0 
2941 0.083372 0 
2942 0.067806 0 
2943 0.051414 0 
2944 0.035547 0 
2945 0.018658 0 
2946 0.070875 0 
2947 0.084063 0 
2948 0.067785 0 
2949 0.051813 0 
2950 0.035717 0 
2951 0.052177 0 
2952 0.035355 0 
2954 0.041849 0 
2955 0.047255 0 
2956 0.031246 0 
2957 0.044763 0 
2958 0.030185 0 
2959 0.048790 0 
2960 0.031684 0 
2962 0.033531 0 
2963 0.029746 0 
2964 0.030664 0 
2965 0.072097 0 
2967 0.039268 0 
2968 0.023063 0 
2969 0.075015 0 
2970 0.058886 0 
2972 0.061658 0 
2973 0.153758 0 
2974 0.137565 0 
2975 0.225919 0 
2976 0.209343 0 
2977 0.193612 0 
2979 0.161683 0 
2981 0.127884 0 
2982 0.112921 0 
2983 0.097508 0 
2984 0.092435 0 
2985 0.076283 0 
2986 0.060245 0 
2987 0.045156 0 
2989 0.018721 0 
2990 0.053935 0 
2991 0.042271 0 
2992 0.026354 0 
2993 0.040060 0 
2994 0.022966 0 
2995 0.008113 0 
2996 0.026714 0 
2997 0.037684 0 
2998 0.021341 0 
2999 0.025896 0 
3000 0.018709 0 
3001 0.034028 0 
3002 0.017288 0 
3003 0.028734 0 
3004 0.040976 0 
3005 0.024330 0 
3006 0.028394 0 
3007 0.012501 0 
3008 0.017774 0 
3009 0.026173 0 
3010 0.009187 0 
3011 0.027174 0 
3012 0.038723 0 
3013 0.066726 0 
3014 0.050371 0 
3016 0.017826 0 
3017 0.032021 0 
3018 0.015939 0 
3019 0.005873 0 
3020 0.032857 0 
3021 0.015887 0 
3022 0.065862 0 
3023 0.048540 0 
3025 0.144524 0 
3026 0.128592 0 
3030 0.122382 0 
3032 0.132530 0 
3033 0.124850 0 
3034 0.124861 0 
3035 0.109740 0 
3038 0.059813 0 
3039 0.092135 0 
3040 0.075647 0 
3041 0.059306 0 
3042 0.043456 0 
3043 0.026294 0 
3044 0.066330 0 
3045 0.049725 0 
3046 0.084859 0 
3047 0.069289 0 
3048 0.052432 0 
3049 0.059572 0 
3051 0.082823 0 
3053 0.050261 0 
3054 0.042762 0 
3055 0.026088 0 
3056 0.009285 0 
3057 0.022751 0 
3058 0.006614 0 
3059 0.070134 0 
3061 0.037682 0 
3062 0.021268 0 
3063 0.011661 0 
3064 0.012506 0 
3065 0.021325 0 
3066 0.012666 0 
3067 0.051237 0 
3068 0.035460 0 
3069 0.019045 0 
3070 0.018353 0 
3071 0.025612 0 
3072 0.031427 0 
3073 0.015600 0 
3074 0.017882 0 
3075 0.018297 0 
3077 0.065900 0 
3078 0.049736 0 
3079 0.046049 0 
3080 0.029627 0 
3081 0.133827 0 
3082 0.117219 0 
3083 0.100858 0 
3084 0.085361 0 
3085 0.068691 0 
3086 0.049830 0 
3090 0.127637 0 
3091 0.111020 0 
3092 0.121456 0 
3093 0.105207 0 
3094 0.088902 0 
3095 0.072899 0 
3096 0.056644 0 
3098 0.150026 0 
3099 0.133841 0 
3100 0.118174 0 
3101 0.100290 0 
3103 0.120052 0 
3105 0.110572 0 
3106 0.153720 0 
3107 0.137260 0 
3109 0.104743 0 
3110 0.084066 0 
3111 0.117000 0 
3113 0.082465 0 
3114 0.064970 0 
3115 0.048869 0 
3116 0.032701 0 
3117 0.016544 0 
3118 0.060274 0 
3119 0.082836 0 
3120 0.067318 0 
3121 0.050872 0 
3122 0.034811 0 
3123 0.312929 0 
3127 0.429266 0 
3128 0.413872 0 
3129 0.397640 0 
3130 0.597431 0 
3132 0.564546 0 
3133 0.548347 0 
3134 0.572646 0 
3135 0.556702 0 
3136 0.561307 0 
3137 0.545651 0 
3138 0.529971 0 
3140 0.604673 0 
3141 0.588476 0 
3144 0.538651 0 
3145 0.522359 0 
3146 0.572628 0 
3147 0.556822 0 
3148 0.540309 0 
3149 0.524447 0 
3151 0.672005 0 
3153 0.638527 0 
3154 0.622666 0 
3155 0.605448 0 
3157 0.641391 0 
3158 0.624565 0 
3159 0.609143 0 
3161 0.683627 0 
3162 0.666798 0 
3163 0.651115 0 
3164 0.633650 0 
3166 0.600328 0 
3167 0.600721 0 
3168 0.584650 0 
3169 0.568147 0 
3171 0.623052 0 
3172 0.607496 0 
3173 0.591012 0 
3174 0.574993 0 
3175 0.558642 0 
3176 0.541568 0 
3178 0.508438 0 
3179 0.492231 0 
3180 0.475842 0 
3181 0.713252 0 
3182 0.697402 0 
3183 0.681557 0 
3184 0.704977 0 
3185 0.688758 0 
3186 0.672854 0 
3189 0.623115 0 
3192 0.591964 0 
3193 0.575402 0 
3195 0.606247 0 
3196 0.592525 0 
3199 0.632841 0 
3200 0.616726 0 
3201 0.600082 0 
3202 0.584203 0 
3203 0.567989 0 
3204 0.551179 0 
3205 0.532629 0 
3206 0.516353 0 
3207 0.500164 0 
3208 0.483845 0 
3209 0.477721 0 
3210 0.511137 0 
3211 0.495158 0 
3212 0.479044 0 
3213 0.462786 0 
3215 0.429179 0 
3216 0.412959 0 
3217 0.451808 0 
3218 0.430405 0 
3219 0.421082 0 
3220 0.404668 0 
3221 0.450421 0 
3222 0.434305 0 
3224 0.401433 0 
3225 0.385004 0 
3226 0.367949 0 
3227 0.351264 0 
3229 0.318974 0 
3231 0.284102 0 
3232 0.272983 0 
3233 0.257312 0 
3234 0.240939 0 
3237 0.302120 0 
3238 0.280212 0 
3239 0.263716 0 
3240 0.287929 0 
3241 0.275060 0 
3242 0.257658 0 
3243 0.276409 0 
3244 0.257463 0 
3245 0.241011 0 
3246 0.274885 0 
3247 0.258878 0 
3248 0.242281 0 
3250 0.210730 0 
3252 0.178209 0 
3253 0.200695 0 
3254 0.184660 0 
3255 0.160698 0 
3256 0.150165 0 
3257 0.134348 0 
3258 0.117249 0 
3260 0.084731 0 
3261 0.408263 0 
3267 0.382865 0 
3268 0.366539 0 
3269 0.350063 0 
3270 0.333056 0 
3271 0.316658 0 
3272 0.300625 0 
3273 0.284281 0 
3274 0.267920 0 
3277 0.271854 0 
3278 0.256082 0 
3279 0.239880 0 
3280 0.223761 0 
3281 0.207557 0 
3282 0.191914 0 
3283 0.175453 0 
3284 0.159591 0 
3285 0.276746 0 
3287 0.243709 0 
3289 0.208184 0 
3290 0.191676 0 
3291 0.173609 0 
3292 0.155787 0 
3293 0.139367 0 
3294 0.122987 0 
3295 0.106618 0 
3297 0.073376 0 
3298 0.057671 0 
3299 0.041456 0 
3300 0.024473 0 
3302 0.070870 0 
3304 0.120914 0 
3305 0.104790 0 
3306 0.085677 0 
3308 0.129054 0 
3309 0.112833 0 
3310 0.184213 0 
3312 0.149529 0 
3313 0.133485 0 
3314 0.117653 0 
3315 0.210218 0 
3316 0.194172 0 
3317 0.177850 0 
3318 0.271204 0 
3319 0.254401 0 
3320 0.238845 0 
3321 0.376263 0 
3322 0.359970 0 
3323 0.359429 0 
3324 0.509516 0 
3325 0.493037 0 
3326 0.476176 0 
3327 0.713886 0 
3328 0.697057 0 
3329 0.681262 0 
3331 0.893059 0 
3332 0.876414 0 
3333 0.860061 0 
3334 0.844157 0 
3335 0.872586 0 
3336 0.854375 0 
3337 0.916636 0 
3339 0.950741 0 
3340 0.936885 0 
3341 0.920706 0 
3342 0.904509 0 
3343 0.954132 0 
3344 0.938126 0 
3345 0.922040 0 
3346 0.905707 0 
3347 0.889184 0 
3348 0.872870 0 
3349 0.856666 0 
3350 0.898595 0 
3352 0.962826 0 
3353 0.946311 0 
3354 0.930799 0 
3355 1.043466 0 
3356 1.027046 0 
3357 1.011399 0 
3358 0.995230 0 
3360 0.988555 0 
3361 0.971950 0 
3362 0.991382 0 
3363 0.975248 0 
3365 0.942319 0 
3366 1.081234 0 
3367 1.064899 0 
3368 1.048394 0 
3370 1.009444 0 
3371 0.993103 0 
3372 0.977325 0 
3373 1.001216 0 
3374 0.985830 0 
3375 0.969758 0 
3377 0.982829 0 
3378 0.966250 0 
3379 1.219273 0 
3380 1.288726 0 
3381 1.272455 0 
3382 1.257403 0 
3383 1.240670 0 
3384 1.224554 0 
3385 1.208355 0 
3387 1.175047 0 
3388 1.158891 0 
3389 1.141875 0 
3390 1.125437 0 
3391 1.109311 0 
3392 1.092827 0 
3393 1.076365 0 
3394 1.059894 0 
3395 1.044168 0 
3396 1.028163 0 
3397 1.023284 0 
3398 1.010173 0 
3399 0.994103 0 
3400 1.284509 0 
3401 1.268229 0 
3402 1.251736 0 
3403 1.236149 0 
3404 1.329613 0 
3405 1.313486 0 
3406 1.296649 0 
3407 1.280636 0 
3408 1.264533 0 
3409 1.247970 0 
3410 1.231929 0 
3411 1.215421 0 
3412 1.239310 0 
3414 1.206621 0 
3415 1.190358 0 
3416 1.174159 0 
3417 1.238196 0 
3418 1.221917 0 
3419 1.205652 0 
3420 1.261960 0 
3421 1.245826 0 
3423 1.212133 0 
3424 1.195719 0 
3425 1.179913 0 
3426 1.163748 0 
3428 1.131292 0 
3430 1.373628 0 
3432 1.341078 0 
3433 1.324844 0 
3436 1.274034 0 
3437 1.257689 0 
3438 1.241475 0 
3439 1.257117 0 
3440 1.433084 0 
3441 1.416845 0 
3442 1.400326 0 
3443 1.383953 0 
3444 1.367995 0 
3445 1.351148 0 
3446 1.334575 0 
3447 1.394122 0 
3449 1.362109 0 
3451 1.398829 0 
3452 1.382536 0 
3453 1.366047 0 
3454 1.496042 0 
3455 1.480004 0 
3456 1.460740 0 
3457 1.444961 0 
3459 1.414676 0 
3460 1.417501 0 
3461 1.449134 0 
3462 1.432875 0 
3463 1.416270 0 
3464 1.400392 0 
3465 1.384168 0 
3466 1.493781 0 
3467 1.477679 0 
3468 1.461661 0 
3469 1.476103 0 
3470 1.459652 0 
3471 1.440187 0 
3472 1.438650 0 
3473 1.500069 0 
3475 1.490534 0 
3476 1.474699 0 
3477 1.599810 0 
3478 1.583822 0 
3479 1.606342 0 
3480 1.591379 0 
3482 1.558805 0 
3483 1.542691 0 
3484 1.526303 0 
3486 1.565723 0 
3488 1.533852 0 
3489 1.518069 0 
3490 1.590606 0 
3491 1.574460 0 
3492 1.557994 0 
3493 1.612817 0 
3494 1.702660 0 
3496 1.669201 0 
3497 1.653494 0 
3498 1.636960 0 
3499 1.621015 0 
3501 1.662995 0 
3503 1.630143 0 
3504 1.644968 0 
3505 1.627991 0 
3507 1.917515 0 
3508 1.901831 0 
3509 1.885252 0 
3511 1.852690 0 
3512 1.833910 0 
3513 1.817915 0 
3514 1.801592 0 
3515 1.786051 0 
3516 1.769469 0 
3517 1.753371 0 
3518 1.736873 0 
3519 1.720796 0 
3520 1.704473 0 
3521 1.688405 0 
3523 1.656227 0 
3524 1.639706 0 
3525 1.623580 0 
3526 1.606434 0 
3527 1.590237 0 
3528 1.573511 0 
3530 1.539492 0 
3531 1.527519 0 
3532 1.569252 0 
3533 1.651578 0 
3534 1.631345 0 
3535 1.612341 0 
3536 1.599383 0 
3538 1.560903 0 
3539 1.546621 0 
3540 1.528858 0 
3541 1.512856 0 
3542 1.495894 0 
3543 1.479486 0 
3544 1.482823 0 
3545 1.468013 0 
3546 1.451513 0 
3547 1.431499 0 
3548 1.413220 0 
3549 1.396960 0 
3552 1.448860 0 
3553 1.432928 0 
3554 1.458250 0 
3555 1.441901 0 
3556 1.424842 0 
3557 1.408347 0 
3559 1.479052 0 
3560 1.461391 0 
3561 1.475986 0 
3562 1.558438 0 
3564 1.525799 0 
3565 1.508828 0 
3566 1.492275 0 
3567 1.474427 0 
3569 1.441779 0 
3570 1.424230 0 
3571 1.408284 0 
3572 1.391861 0 
3573 1.375437 0 
3574 1.359154 0 
3576 1.326473 0 
3577 1.467021 0 
3578 1.450775 0 
3579 1.434889 0 
3580 1.418709 0 
3581 1.402054 0 
3582 1.439501 0 
3583 1.423344 0 
3584 1.406874 0 
3586 1.586113 0 
3587 1.569964 0 
3588 1.553466 0 
3589 1.537032 0 
3590 1.520154 0 
3591 1.503776 0 
3592 1.487625 0 
3593 1.471184 0 
3594 1.454847 0 
3595 1.438363 0 
3596 1.422379 0 
3597 1.406102 0 
3598 1.390188 0 
3599 1.374236 0 
3600 1.357731 0 
3602 1.324819 0 
3603 1.309004 0 
3604 1.293288 0 
3605 1.276427 0 
3606 1.298380 0 
3607 1.282493 0 
3608 1.266230 0 
3609 1.249635 0 
3610 1.233226 0 
3611 1.377200 0 
3613 1.424383 0 
3614 1.408490 0 
3615 1.393156 0 
3616 1.376748 0 
3617 1.360671 0 
3618 1.376196 0 
3619 1.386180 0 
3620 1.370119 0 
3622 1.375826 0 
3623 1.359091 0 
3624 1.343328 0 
3625 1.327266 0 
3627 1.294297 0 
3629 1.359846 0 
3630 1.343331 0 
3631 1.401580 0 
3632 1.385280 0 
3635 1.336087 0 
3636 1.319682 0 
3637 1.303149 0 
3638 1.287517 0 
3639 1.271215 0 
3640 1.254225 0 
3641 1.238134 0 
3642 1.277189 0 
3643 1.260918 0 
3644 1.244842 0 
3645 1.226531 0 
3646 1.210312 0 
3648 1.304952 0 
3650 1.272470 0 
3651 1.256155 0 
3652 1.239442 0 
3653 1.222198 0 
3654 1.204480 0 
3655 1.189670 0 
3656 1.311816 0 
3658 1.279241 0 
3659 1.263178 0 
3660 1.246392 0 
3661 1.230447 0 
3662 1.214195 0 
3663 1.197892 0 
3664 1.181687 0 
3665 1.165788 0 
3667 1.288086 0 
3668 1.271937 0 
3669 1.255933 0 
3670 1.240010 0 
3671 1.222714 0 
3674 1.324393 0 
3675 1.305474 0 
3676 1.289958 0 
3677 1.273411 0 
3678 1.257062 0 
3679 1.240797 0 
3680 1.224547 0 
3681 1.205298 0 
3682 1.188854 0 
3683 1.170758 0 
3685 1.138083 0 
3687 1.105457 0 
3688 1.127954 0 
3689 1.112308 0 
3690 1.095984 0 
3691 1.079806 0 
3692 1.113108 0 
3693 1.097373 0 
3695 1.055971 0 
3696 1.039962 0 
3697 1.124339 0 
3698 1.108181 0 
3700 1.075567 0 
3702 1.078823 0 
3703 1.097449 0 
3704 1.081273 0 
3706 1.121238 0 
3707 1.105071 0 
3708 1.216519 0 
3710 1.183965 0 
3711 1.184239 0 
3712 1.168060 0 
3713 1.152261 0 
3714 1.518286 0 
3715 1.501813 0 
3716 1.485379 0 
3717 1.468559 0 
3718 1.451015 0 
3719 1.431325 0 
3720 1.415042 0 
3721 1.398619 0 
3722 1.382240 0 
3723 1.365746 0 
3724 1.349744 0 
3725 1.331756 0 
3726 1.315317 0 
3727 1.298132 0 
3729 1.264576 0 
3730 1.248375 0 
3731 1.336794 0 
3732 1.320525 0 
3733 1.303623 0 
3734 1.288036 0 
3735 1.271782 0 
3737 1.238263 0 
3738 1.221868 0 
3739 1.205692 0 
3740 1.189514 0 
3741 1.171772 0 
3742 1.156031 0 
3743 1.139530 0 
3744 1.118623 0 
3745 1.207059 0 
3746 1.189461 0 
3747 1.304678 0 
3748 1.288829 0 
3751 1.270996 0 
3752 1.254774 0 
3753 1.238562 0 
3754 1.222147 0 
3755 1.204326 0 
3756 1.187884 0 
3758 1.154952 0 
3759 1.219913 0 
3760 1.203966 0 
3761 1.325099 0 
3763 1.292716 0 
3764 1.276492 0 
3765 1.259024 0 
3766 1.242709 0 
3768 1.319725 0 
3769 1.302989 0 
3770 1.287296 0 
3771 1.270239 0 
3772 1.253794 0 
3773 1.237125 0 
3775 1.236522 0 
3776 1.219991 0 
3777 1.203774 0 
3778 1.308229 0 
3779 1.290678 0 
3780 1.271831 0 
3781 1.256207 0 
3782 1.239741 0 
3783 1.223558 0 
3785 1.190629 0 
3786 1.174783 0 
3787 1.158448 0 
3788 1.183424 0 
3789 1.166934 0 
3790 1.150492 0 
3791 1.134472 0 
3792 1.116259 0 
3793 1.099583 0 
3794 1.083839 0 
3795 1.106954 0 
3796 1.091007 0 
3797 1.073537 0 
3798 1.108609 0 
3799 1.092609 0 
3800 1.076431 0 
3801 1.167495 0 
3802 1.151285 0 
3803 1.134843 0 
3805 1.151637 0 
3806 1.135438 0 
3807 1.119352 0 
3808 1.127498 0 
3809 1.175381 0 
3810 1.158288 0 
3812 1.125590 0 
3813 1.123138 0 
3814 1.106723 0 
3815 1.090090 0 
3816 1.073799 0 
3817 1.105358 0 
3818 1.091856 0 
3819 1.075660 0 
3821 1.125591 0 
3822 1.110110 0 
3823 1.093690 0 
3824 1.077215 0 
3826 1.043984 0 
3828 1.118483 0 
3829 1.101535 0 
3830 1.312417 0 
3831 1.296055 0 
3834 1.243446 0 
3835 1.227316 0 
3836 1.211192 0 
3837 1.194459 0 
3838 1.178199 0 
3839 1.311548 0 
3840 1.292862 0 
3841 1.277080 0 
3842 1.260592 0 
3843 1.244350 0 
3844 1.221640 0 
3845 1.201644 0 
3847 1.166320 0 
3849 1.132096 0 
3850 1.116297 0 
3851 1.099057 0 
3852 1.109497 0 
3853 1.093391 0 
3854 1.076799 0 
3855 1.060012 0 
3857 1.157249 0 
3858 1.141170 0 
3859 1.121328 0 
3860 1.099568 0 
3861 1.087678 0 
3862 1.142300 0 
3863 1.126465 0 
3864 1.110388 0 
3865 1.094270 0 
3866 1.075727 0 
3867 1.060656 0 
3868 1.044357 0 
3869 1.027482 0 
3870 1.089301 0 
3871 1.073641 0 
3873 1.177710 0 
3874 1.202523 0 
3875 1.185932 0 
3876 1.167808 0 
3877 1.268646 0 
3878 1.251786 0 
3879 1.235821 0 
3880 1.219605 0 
3881 1.203104 0 
3882 1.187005 0 
3884 1.154186 0 
3886 1.174348 0 
3887 1.157419 0 
3888 1.141162 0 
3889 1.186330 0 
3890 1.170162 0 
3891 1.154032 0 
3892 1.138129 0 
3894 1.125482 0 
3895 1.109005 0 
3896 1.093466 0 
3897 1.102773 0 
3899 1.070247 0 
3901 1.037990 0 
3902 1.169465 0 
3903 1.152708 0 
3905 1.119118 0 
3906 1.103757 0 
3907 1.087376 0 
3909 1.054294 0 
3910 1.037406 0 
3911 1.020969 0 
3912 1.004721 0 
3913 1.037275 0 
3914 1.020898 0 
3915 1.004994 0 
3916 1.063466 0 
3917 1.047004 0 
3918 1.030829 0 
3919 1.014295 0 
3920 0.997998 0 
3921 0.981383 0 
3922 0.964786 0 
3925 1.372102 0 
3926 1.356039 0 
3928 1.320225 0 
3929 1.303443 0 
3930 1.287420 0 
3931 1.270418 0 
3933 1.303539 0 
3937 1.310854 0 
3938 1.294450 0 
3941 1.312121 0 
3942 1.394727 0 
3943 1.378408 0 
3944 1.361588 0 
3945 1.342688 0 
3946 1.326763 0 
3947 1.310840 0 
3949 1.278376 0 
3950 1.262005 0 
3951 1.245550 0 
3952 1.229420 0 
3953 1.212991 0 
3954 1.196620 0 
3957 1.176508 0 
3958 1.160810 0 
3960 1.401746 0 
3962 1.369128 0 
3963 1.352526 0 
3964 1.336305 0 
3965 1.319677 0 
3967 1.285444 0 
3968 1.269431 0 
3969 1.253877 0 
3970 1.237340 0 
3971 1.221208 0 
3972 1.204856 0 
3974 1.172168 0 
3975 1.155615 0 
3976 1.143579 0 
3977 1.123882 0 
3978 1.227021 0 
3979 1.289232 0 
3980 1.272894 0 
3981 1.254556 0 
3982 1.238308 0 
3984 1.205347 0 
3985 1.189590 0 
3986 1.173920 0 
3987 1.157492 0 
3988 1.141373 0 
3989 1.124586 0 
3990 1.157600 0 
3991 1.141681 0 
3992 1.276317 0 
3993 1.259780 0 
3994 1.243261 0 
3995 1.224730 0 
3996 1.208362 0 
3997 1.191481 0 
3998 1.174715 0 
3999 1.158596 0 
4000 1.142225 0 
4001 1.125725 0 
4002 1.109367 0 
4003 1.091477 0 
4004 1.075191 0 
4005 1.058904 0 
4006 1.041828 0 
4007 1.025450 0 
4008 1.009132 0 
4009 0.992847 0 
4011 1.181979 0 
4012 1.165390 0 
4013 1.146602 0 
4014 1.130914 0 
4015 1.114536 0 
4016 1.098410 0 
4017 1.081923 0 
4018 1.065104 0 
4020 1.030095 0 
4021 1.008893 0 
4022 0.996088 0 
4023 0.979985 0 
4025 1.113001 0 
4027 1.079967 0 
4028 1.064004 0 
4029 1.215373 0 
4030 1.320321 0 
4033 1.270898 0 
4034 1.254761 0 
4035 1.238667 0 
4036 1.221948 0 
4037 1.205680 0 
4038 1.189241 0 
4039 1.304423 0 
4040 1.287547 0 
4041 1.271105 0 
4042 1.254690 0 
4043 1.238328 0 
4044 1.222120 0 
4046 1.189730 0 
4048 1.156596 0 
4049 1.140865 0 
4050 1.551785 0 
4051 1.535340 0 
4052 1.519321 0 
4053 1.502844 0 
4054 1.487577 0 
4056 1.455231 0 
4057 1.574809 0 
4058 1.559278 0 
4059 1.542742 0 
4060 1.557362 0 
4061 1.540619 0 
4062 1.524352 0 
4063 1.507968 0 
4064 1.534213 0 
4065 1.517856 0 
4066 1.502202 0 
4067 1.485453 0 
4068 1.568879 0 
4069 1.551998 0 
4070 1.535442 0 
4072 1.584128 0 
4073 1.878503 0 
4074 1.860853 0 
4075 1.846640 0 
4076 1.830254 0 
4077 1.812533 0 
4078 1.797103 0 
4079 1.780938 0 
4080 1.764860 0 
4081 1.990947 0 
4083 1.958624 0 
4085 1.926919 0 
4086 1.910626 0 
4087 1.894315 0 
4088 1.877507 0 
4089 1.861458 0 
4090 1.926190 0 
4091 1.910049 0 
4093 1.877571 0 
4094 1.861217 0 
4095 1.845193 0 
4096 1.828695 0 
4098 1.904680 0 
4100 1.872766 0 
4101 1.856220 0 
4102 1.911744 0 
4104 1.879968 0 
4105 1.863581 0 
4106 1.847254 0 
4108 1.814211 0 
4109 1.797882 0 
4110 1.781590 0 
4111 1.940335 0 
4112 1.924010 0 
4113 1.907100 0 
4114 1.887363 0 
4115 1.871038 0 
4116 1.854789 0 
4117 1.852591 0 
4118 1.836367 0 
4119 1.843730 0 
4120 1.929771 0 
4121 1.913762 0 
4122 1.896985 0 
4123 1.880608 0 
4124 1.863955 0 
4125 1.847740 0 
4127 1.814293 0 
4128 1.854965 0 
4129 1.838800 0 
4130 1.822091 0 
4131 1.805266 0 
4132 1.789035 0 
4133 1.773029 0 
4135 1.742226 0 
4136 1.726038 0 
4137 1.722186 0 
4138 1.705786 0 
4139 1.788823 0 
4140 1.772722 0 
4141 1.756318 0 
4142 1.730734 0 
4143 1.714337 0 
4144 1.698323 0 
4145 1.680289 0 
4146 1.666610 0 
4148 1.633762 0 
4149 1.664971 0 
4150 1.648168 0 
4151 1.632214 0 
4152 1.615786 0 
4153 1.599266 0 
4154 1.582940 0 
4156 1.572618 0 
4157 1.556124 0 
4158 1.539698 0 
4159 1.538471 0 
4161 1.505539 0 
4162 1.487225 0 
4163 1.607040 0 
4164 1.591157 0 
4166 1.558407 0 
4167 1.537798 0 
4168 1.527599 0 
4169 1.511344 0 
4170 1.494994 0 
4171 1.521954 0 
4173 1.488617 0 
4174 1.556974 0 
4175 1.540549 0 
4176 1.524339 0 
4177 1.680385 0 
4178 1.663998 0 
4179 1.671153 0 
4180 1.713134 0 
4181 1.696940 0 
4183 1.664493 0 
4184 1.762147 0 
4185 1.745578 0 
4186 1.729545 0 
4187 1.713297 0 
4188 1.774330 0 
4189 1.757499 0 
4190 1.741718 0 
4191 1.725194 0 
4192 1.708159 0 
4193 1.688965 0 
4194 1.673024 0 
4195 1.776446 0 
4196 1.760237 0 
4197 1.744227 0 
4198 1.849480 0 
4199 1.826876 0 
4200 1.808670 0 
4201 2.014993 0 
4202 1.998741 0 
4203 1.982241 0 
4204 1.965708 0 
4205 1.949252 0 
4206 1.932847 0 
4207 1.916618 0 
4208 1.900032 0 
4210 1.864297 0 
4211 1.848040 0 
4212 1.831913 0 
4213 1.815109 0 
4214 1.794384 0 
4215 1.821937 0 
4216 1.805876 0 
4217 1.789950 0 
4219 1.792847 0 
4220 1.850664 0 
4221 1.834800 0 
4222 1.818258 0 
4224 1.785651 0 
4226 1.753216 0 
4227 1.989857 0 
4228 1.973998 0 
4229 1.957597 0 
4232 1.908729 0 
4233 1.892292 0 
4234 1.875855 0 
4235 1.859766 0 
4236 1.843379 0 
4237 1.826679 0 
4238 1.809346 0 
4239 1.792644 0 
4240 1.776438 0 
4241 1.805839 0 
4242 1.789607 0 
4243 1.772354 0 
4245 1.795246 0 
4247 1.762358 0 
4248 2.016018 0 
4249 2.001384 0 
4250 1.987550 0 
4251 2.077719 0 
4252 2.061775 0 
4253 2.045417 0 
4255 2.012276 0 
4257 1.979326 0 
4258 1.963147 0 
4260 1.929695 0 
4261 1.913588 0 
4262 1.940435 0 
4263 1.922577 0 
4264 1.906255 0 
4265 1.891068 0 
4266 1.874801 0 
4267 1.858400 0 
4268 1.841983 0 
4269 2.056129 0 
4271 2.124737 0 
4272 2.108894 0 
4273 2.091488 0 
4274 2.075456 0 
4275 2.059033 0 
4276 2.042747 0 
4277 2.030885 0 
4278 2.161222 0 
4279 2.145051 0 
4280 2.128927 0 
4284 2.149099 0 
4285 2.132617 0 
4288 2.151154 0 
4289 2.134932 0 
4290 2.117731 0 
4292 2.104475 0 
4293 2.088251 0 
4294 2.072179 0 
4295 2.182526 0 
4297 2.149171 0 
4299 2.169505 0 
4300 2.153190 0 
4301 2.136725 0 
4303 2.099749 0 
4304 2.084129 0 
4305 2.126082 0 
4307 2.093170 0 
4308 2.076995 0 
4309 2.061126 0 
4310 2.139487 0 
4311 2.122958 0 
4312 2.106315 0 
4313 2.153625 0 
4314 2.137804 0 
4315 2.120992 0 
4316 2.104691 0 
4317 2.088859 0 
4318 2.072477 0 
4319 2.056404 0 
4320 2.222280 0 
4321 2.205628 0 
4322 2.189518 0 
4323 2.173029 0 
4324 2.157060 0 
4326 2.124497 0 
4327 2.135949 0 
4328 2.119615 0 
4329 2.103020 0 
4330 2.086216 0 
4331 2.137557 0 
4332 2.119414 0 
4334 2.346472 0 
4335 2.330169 0 
4336 2.313609 0 
4337 2.297854 0 
4338 2.277658 0 
4339 2.261101 0 
4340 2.244496 0 
4341 2.228177 0 
4342 2.211493 0 
4343 2.195192 0 
4344 2.367105 0 
4345 2.350717 0 
4347 2.311174 0 
4348 2.297316 0 
4349 2.281197 0 
4350 2.264499 0 
4351 2.297674 0 
4352 2.281545 0 
4353 2.265526 0 
4355 2.329176 0 
4356 2.313719 0 
4357 2.296994 0 
4358 2.392833 0 
4360 2.360165 0 
4361 2.344327 0 
4362 2.327711 0 
4363 2.311496 0 
4365 2.278753 0 
4366 2.420984 0 
4367 2.403544 0 
4368 2.387859 0 
4369 2.371574 0 
4370 2.351546 0 
4372 2.318214 0 
4373 2.300846 0 
4374 2.345443 0 
4375 2.329369 0 
4376 2.312946 0 
4377 2.296084 0 
4378 2.543406 0 
4379 2.527267 0 
4380 2.510669 0 
4382 2.479782 0 
4383 2.463531 0 
4384 2.447437 0 
4385 2.431045 0 
4386 2.414588 0 
4387 2.397911 0 
4388 2.381988 0 
4389 2.393257 0 
4390 2.376437 0 
4391 2.360440 0 
4392 2.456292 0 
4393 2.440209 0 
4394 2.423553 0 
4395 2.441900 0 
4396 2.425412 0 
4397 2.409693 0 
4398 2.392404 0 
4399 2.470846 0 
4400 2.454952 0 
4401 2.438722 0 
4402 2.422819 0 
4403 2.466134 0 
4404 2.449740 0 
4405 2.433163 0 
4406 2.569132 0 
4407 2.552534 0 
4409 2.520308 0 
4410 2.702877 0 
4411 2.738784 0 
4412 2.722838 0 
4413 2.706794 0 
4414 2.690338 0 
4415 2.673718 0 
4416 2.657526 0 
4418 2.616512 0 
4419 2.600925 0 
4420 2.584662 0 
4421 2.568395 0 
4423 2.535978 0 
4425 2.502804 0 
4426 2.487397 0 
4427 2.471081 0 
4431 2.415464 0 
4432 2.399475 0 
4433 2.383421 0 
4434 2.406993 0 
4435 2.390867 0 
4436 2.374572 0 
4437 2.358459 0 
4438 2.341896 0 
4439 2.324558 0 
4440 2.315407 0 
4441 2.448748 0 
4442 2.432246 0 
4446 2.365660 0 
4447 2.349199 0 
4448 2.332799 0 
4449 2.312202 0 
4450 2.295954 0 
4451 2.327004 0 
4452 2.310577 0 
4454 2.401477 0 
4455 2.381581 0 
4456 2.368832 0 
4457 2.352728 0 
4458 2.336311 0 
4459 2.320152 0 
4460 2.302125 0 
4461 2.353208 0 
4462 2.336332 0 
4463 2.319415 0 
4464 2.303753 0 
4465 2.287469 0 
4466 2.271214 0 
4467 2.254989 0 
4468 2.241927 0 
4470 2.276299 0 
4471 2.260202 0 
4472 2.433382 0 
4473 2.417057 0 
4474 2.400437 0 
4475 2.383704 0 
4476 2.367802 0 
4477 2.351505 0 
4478 2.335101 0 
4479 2.318870 0 
4481 2.286229 0 
4483 2.253744 0 
4484 2.237721 0 
4485 2.221305 0 
4486 2.207372 0 
4487 2.220505 0 
4488 2.356663 0 
4489 2.340594 0 
4491 2.308424 0 
4492 2.292091 0 
4493 2.300905 0 
4494 2.314468 0 
4496 2.281453 0 
4498 2.351466 0 
4499 2.335187 0 
4500 2.317413 0 
4502 2.284935 0 
4503 2.268766 0 
4504 2.252596 0 
4506 2.219735 0 
4507 2.203346 0 
4508 2.186942 0 
4509 2.238822 0 
4510 2.221063 0 
4511 2.206669 0 
4512 2.271027 0 
4513 2.254348 0 
4514 2.237756 0 
4515 2.232635 0 
4516 2.279026 0 
4517 2.262665 0 
4518 2.246136 0 
4519 2.229950 0 
4520 2.269795 0 
4521 2.253644 0 
4522 2.335106 0 
4523 2.318894 0 
4525 2.285755 0 
4526 2.323483 0 
4527 2.307307 0 
4528 2.290910 0 
4529 2.444454 0 
4530 2.427767 0 
4531 2.409679 0 
4533 2.377276 0 
4534 2.359113 0 
4535 2.344480 0 
4536 2.328023 0 
4537 2.311884 0 
4538 2.295453 0 
4539 2.350376 0 
4540 2.334266 0 
4541 2.318117 0 
4542 2.301020 0 
4543 2.285225 0 
4544 2.268631 0 
4546 2.235695 0 
4547 2.264387 0 
4548 2.246068 0 
4549 2.263556 0 
4550 2.247356 0 
4551 2.230994 0 
4552 2.213691 0 
4554 2.293113 0 
4555 2.275899 0 
4556 2.422793 0 
4557 2.407003 0 
4559 2.373436 0 
4560 2.357840 0 
4561 2.369271 0 
4562 2.352174 0 
4564 2.319214 0 
4565 2.302941 0 
4566 2.286550 0 
4567 2.270274 0 
4568 2.428733 0 
4569 2.412305 0 
4571 2.379494 0 
4572 2.363092 0 
4573 2.346835 0 
4574 2.330358 0 
4575 2.314232 0 
4576 2.297451 0 
4577 2.281042 0 
4578 2.264862 0 
4579 2.246262 0 
4581 2.213513 0 
4582 2.245298 0 
4583 2.228381 0 
4584 2.212295 0 
4585 2.196620 0 
4586 2.211081 0 
4587 2.221467 0 
4588 2.205270 0 
4589 2.280455 0 
4590 2.263753 0 
4591 2.247622 0 
4592 2.231139 0 
4593 2.250323 0 
4594 2.234050 0 
4595 2.291486 0 
4596 2.274534 0 
4597 2.258673 0 
4598 2.242230 0 
4599 2.225780 0 
4600 2.209727 0 
4601 2.193760 0 
4602 2.186522 0 
4603 2.170657 0 
4604 2.154384 0 
4605 2.138275 0 
4606 2.121929 0 
4608 2.103514 0 
4609 2.087036 0 
4610 2.070982 0 
4611 2.054586 0 
4612 2.102421 0 
4613 2.086208 0 
4614 2.069939 0 
4615 2.053810 0 
4617 2.102012 0 
4618 2.085815 0 
4619 2.069173 0 
4620 2.053147 0 
4622 2.020103 0 
4624 1.987922 0 
4625 1.971206 0 
4626 2.153233 0 
4627 2.137274 0 
4630 2.088199 0 
4631 2.071950 0 
4632 2.055855 0 
4633 2.039963 0 
4634 2.023637 0 
4635 2.004223 0 
4636 1.988091 0 
4637 1.971843 0 
4638 1.955580 0 
4639 1.939275 0 
4640 1.923054 0 
4641 1.906906 0 
4643 1.926082 0 
4645 1.893616 0 
4646 2.021492 0 
4647 2.005048 0 
4648 1.989058 0 
4649 1.971203 0 
4650 1.978878 0 
4651 1.961724 0 
4653 2.014279 0 
4654 2.028060 0 
4655 2.011024 0 
4656 1.994556 0 
4657 1.977982 0 
4658 1.961804 0 
4659 1.944961 0 
4660 1.997219 0 
4661 1.980456 0 
4662 1.964723 0 
4663 1.948696 0 
4664 1.929512 0 
4665 1.922281 0 
4666 2.064296 0 
4667 2.048326 0 
4669 2.016062 0 
4670 1.999620 0 
4671 1.985188 0 
4672 1.969450 0 
4673 1.952832 0 
4674 1.936147 0 
4675 1.920132 0 
4676 1.902885 0 
4677 1.914129 0 
4678 1.897392 0 
4680 1.864357 0 
4682 1.830375 0 
4683 1.814075 0 
4684 1.888853 0 
4685 1.872404 0 
4686 1.856360 0 
4687 1.840309 0 
4688 1.823665 0 
4690 1.909153 0 
4691 1.892646 0 
4692 1.876080 0 
4695 1.895278 0 
4697 1.862206 0 
4698 1.845992 0 
4699 1.867490 0 
4701 1.833221 0 
4702 1.961172 0 
4703 1.938887 0 
4705 1.908490 0 
4706 1.892282 0 
4707 1.876183 0 
4708 1.859987 0 
4709 1.843761 0 
4710 1.827741 0 
4711 1.811266 0 
4712 1.794538 0 
4713 1.778531 0 
4714 1.762290 0 
4715 1.746120 0 
4716 1.729595 0 
4717 1.827528 0 
4718 1.810794 0 
4719 1.794869 0 
4720 1.777856 0 
4721 1.761428 0 
4722 1.745372 0 
4724 1.712041 0 
4725 1.695477 0 
4726 1.679378 0 
4727 1.662564 0 
4728 1.883377 0 
4729 1.864218 0 
4730 1.848089 0 
4732 1.812059 0 
4733 1.795970 0 
4734 1.777476 0 
4735 1.763342 0 
4736 1.746702 0 
4737 1.730735 0 
4738 1.712403 0 
4739 1.695704 0 
4740 1.675394 0 
4741 1.662268 0 
4742 1.645414 0 
4743 1.629636 0 
4745 1.596053 0 
4746 1.579458 0 
4747 1.563235 0 
4748 1.546596 0 
4749 1.526766 0 
4750 1.511036 0 
4751 1.496448 0 
4753 1.464736 0 
4754 1.448301 0 
4755 1.528057 0 
4756 1.512095 0 
4758 1.479321 0 
4759 1.463687 0 
4760 1.446990 0 
4761 1.429107 0 
4764 1.555001 0 
4765 1.538112 0 
4766 1.518845 0 
4767 1.504390 0 
4768 1.487144 0 
4770 1.454560 0 
4771 1.462410 0 
4772 1.446193 0 
4773 1.485393 0 
4774 1.520431 0 
4775 1.506220 0 
4776 1.538538 0 
4777 1.522678 0 
4778 1.506635 0 
4780 1.473535 0 
4781 1.457754 0 
4782 1.558011 0 
4783 1.541128 0 
4784 1.524787 0 
4785 1.508911 0 
4786 1.488778 0 
4787 1.474802 0 
4788 1.457935 0 
4789 1.441200 0 
4790 1.424493 0 
4791 1.408494 0 
4792 1.392197 0 
4793 1.375729 0 
4794 1.377250 0 
4795 1.357919 0 
4796 1.342963 0 
4797 1.589469 0 
4798 1.574115 0 
4799 1.557667 0 
4800 1.541336 0 
4801 1.657192 0 
4802 1.639179 0 
4803 1.623292 0 
4804 1.606921 0 
4805 1.590524 0 
4807 1.553720 0 
4808 1.533744 0 
4809 1.520380 0 
4810 1.503802 0 
4811 1.487444 0 
4812 1.475736 0 
4813 1.504756 0 
4814 1.488893 0 
4816 1.550965 0 
4817 1.534615 0 
4818 1.518419 0 
4819 1.502210 0 
4821 1.470892 0 
4824 1.422106 0 
4826 2.225631 0 
4829 2.176566 0 
4830 2.160706 0 
4831 2.144167 0 
4832 2.126966 0 
4833 2.163545 0 
4834 2.146599 0 
4835 2.130179 0 
4836 2.114450 0 
4837 2.098766 0 
4838 2.234507 0 
4839 2.218299 0 
4840 2.201854 0 
4844 2.325593 0 
4845 2.306997 0 
4846 2.289857 0 
4847 2.274281 0 
4848 2.257873 0 
4849 2.241343 0 
4850 2.225344 0 
4852 2.192858 0 
4853 2.176433 0 
4854 2.160820 0 
4855 2.144422 0 
4856 2.128236 0 
4857 2.154856 0 
4858 2.138056 0 
4859 2.121482 0 
4860 2.105241 0 
4861 2.418637 0 
4862 2.402024 0 
4863 2.385994 0 
4864 2.370289 0 
4865 2.354134 0 
4866 2.337874 0 
4868 2.304615 0 
4869 2.288730 0 
4870 2.272885 0 
4871 2.256831 0 
4872 2.240609 0 
4873 2.223876 0 
4874 2.328094 0 
4875 2.311753 0 
4876 2.295357 0 
4877 2.279994 0 
4879 2.249586 0 
4881 2.287043 0 
4882 2.270796 0 
4883 2.254498 0 
4884 2.381546 0 
4885 2.365346 0 
4886 2.348539 0 
4887 2.332314 0 
4889 2.299689 0 
4890 2.283467 0 
4891 2.267274 0 
4892 2.250916 0 
4894 2.217770 0 
4896 2.185294 0 
4897 2.169422 0 
4898 2.152759 0 
4900 2.138725 0 
4901 2.122610 0 
4902 2.147009 0 
4904 2.113233 0 
4905 2.096774 0 
4906 2.322333 0 
4907 2.306114 0 
4908 2.289777 0 
4909 2.273383 0 
4912 2.225529 0 
4913 2.209291 0 
4914 2.193049 0 
4915 2.176688 0 
4916 2.159551 0 
4917 2.142984 0 
4918 2.126766 0 
4919 2.343212 0 
4920 2.326863 0 
4921 2.310295 0 
4923 2.303078 0 
4924 2.285949 0 
4925 2.269690 0 
4926 2.253695 0 
4927 2.237369 0 
4928 2.220923 0 
4929 2.204354 0 
4931 2.171778 0 
4932 2.155560 0 
4933 2.138700 0 
4934 2.120996 0 
4935 2.106442 0 
4936 2.090006 0 
4937 2.073899 0 
4938 2.057593 0 
4939 2.040653 0 
4940 2.024503 0 
4941 2.008185 0 
4942 1.992633 0 
4944 1.959813 0 
4945 1.943066 0 
4946 1.926759 0 
4947 1.956720 0 
4948 1.940080 0 
4949 1.923838 0 
4950 1.907336 0 
4952 1.937754 0 
4953 1.919360 0 
4954 1.902701 0 
5067 0.020541 1 
5068 0.010231 1 
5069 0.005550 1 
5070 0.005614 1 
5071 0.016061 1 
5072 0.016912 1 
4955 1.970968 0 
4957 1.937505 0 
4958 1.921668 0 
4959 1.989319 0 
4960 1.972988 0 
4962 1.940283 0 
5073 0.145030 1 
5075 0.148187 1 
5076 0.131728 1 
5078 0.098190 1 
5080 0.065302 1 
5081 0.048778 1 
5082 0.032688 1 
5083 0.016393 1 
5084 0.013313 1 
5085 0.008476 1 
4963 2.081866 0 
4964 2.065268 0 
4965 2.048385 0 
4966 2.087132 0 
4967 2.070691 0 
4969 2.040380 0 
4970 2.024802 0 
4971 2.008275 0 
4972 1.992071 0 
4973 1.990008 0 
5086 0.135715 1 
4974 2.018817 0 
4975 2.002619 0 
4976 1.986268 0 
4977 1.970402 0 
4979 1.936828 0 
4980 1.921046 0 
4981 1.904496 0 
4982 1.939424 0 
4983 1.923172 0 
4984 1.906644 0 
4985 1.890437 0 
4986 1.874692 0 
4987 1.857144 0 
4988 1.840765 0 
4989 1.824840 0 
5089 0.264268 1 
5090 0.247440 1 
5091 0.231169 1 
5093 0.198523 1 
5095 0.163478 1 
5096 0.166750 1 
4990 1.941793 0 
4991 1.925354 0 
4992 1.909168 0 
4993 1.892802 0 
4994 1.876311 0 
4995 1.860435 0 
4996 1.881788 0 
5100 0.195804 1 
5101 0.179692 1 
5103 0.147194 1 
5104 0.129361 1 
5105 0.113178 1 
5106 0.096952 1 
5107 0.079482 1 
5108 0.063080 1 
5109 0.042523 1 
5110 0.025971 1 
5111 0.015486 1 
5112 0.005059 1 
5113 0.004631 1 
5114 0.009248 1 
5115 0.004527 1 
4997 2.084758 0 
4998 2.068586 0 
4999 2.052790 0 
5000 2.037183 0 
5116 0.142302 1 
5001 2.141048 0 
5002 2.124712 0 
5003 2.108624 0 
5004 2.092384 0 
5006 2.058370 0 
5010 2.064888 0 
5011 2.048897 0 
5012 2.032398 0 
5013 2.066729 0 
5015 2.031334 0 
5016 2.017431 0 
5017 2.000997 0 
5018 1.984780 0 
5020 1.952074 0 
5118 0.344389 1 
5119 0.328523 1 
5120 0.312386 1 
5122 0.279437 1 
5123 0.263346 1 
5124 0.246970 1 
5125 0.230406 1 
5126 0.214247 1 
5127 0.197723 1 
5128 0.192874 1 
5130 0.160143 1 
5022 2.019740 0 
5023 2.005368 0 
5132 0.220434 1 
5133 0.202958 1 
5134 0.194835 1 
5135 0.178305 1 
5136 0.161826 1 
5137 0.145320 1 
5138 0.129016 1 
5139 0.112754 1 
5140 0.096773 1 
5141 0.080915 1 
5143 0.047893 1 
5144 0.031303 1 
5024 2.047062 0 
5025 2.030997 0 
5028 1.981673 0 
5145 0.024772 1 
5146 0.013021 1 
5147 0.008572 1 
5148 0.009038 1 
5149 0.010613 1 
5029 2.036005 0 
5030 2.019689 0 
5031 2.003750 0 
5032 1.987416 0 
5033 1.971020 0 
5034 1.954611 0 
5035 1.938388 0 
5151 0.005261 1 
5152 0.013243 1 
5153 0.009505 1 
5036 1.981450 0 
5037 1.965324 0 
5038 1.949641 0 
5154 0.006529 1 
5156 0.006730 1 
5157 0.005355 1 
5158 0.010186 1 
5159 0.006465 1 
5161 0.006795 1 
5162 0.005966 1 
5163 0.005778 1 
5039 2.091036 0 
5164 0.013351 1 
5165 0.014513 1 
5166 0.005077 1 
5043 2.060140 0 
5044 2.044083 0 
5045 2.027928 0 
5046 2.011428 0 
5047 1.995064 0 
5049 1.962602 0 
5051 1.947767 0 
5052 1.934874 0 
5168 0.007159 1 
5169 0.007245 1 
5170 0.011930 1 
5054 2.034992 0 
5171 0.139589 1 
5055 2.072582 0 
5056 2.056019 0 
5058 2.032405 0 
5059 2.015484 0 
5060 1.999456 0 
5173 0.123182 1 
5174 0.107650 1 
5175 0.090974 1 
5176 0.074299 1 
5178 0.042451 1 
5179 0.026050 1 
5180 0.009548 1 
5181 0.005358 1 
5061 2.018849 0 
5062 2.002337 0 
5063 1.986135 0 
5182 0.007551 1 
5183 0.011506 1 
5184 0.005638 1 
5064 2.049959 0 
5065 2.101006 0 
5067 2.068090 0 
5068 2.051537 0 
5069 2.035779 0 
5070 2.019243 0 
5071 2.003109 0 
5072 1.986994 0 
5073 1.970304 0 
5074 1.954194 0 
5075 1.937239 0 
5076 1.928859 0 
5185 0.161694 1 
5188 0.112915 1 
5189 0.096299 1 
5190 0.080061 1 
5191 0.063629 1 
5192 0.068994 1 
5193 0.052964 1 
5194 0.036722 1 
5195 0.027884 1 
5196 0.022223 1 
5197 0.010265 1 
5198 0.006093 1 
5078 1.993754 0 
5080 1.960883 0 
5081 1.944360 0 
5082 1.928312 0 
5083 1.912022 0 
5084 1.895484 0 
5085 1.878843 0 
5086 1.857876 0 
5088 1.828199 0 
5199 0.006061 1 
5200 0.013615 1 
5089 1.855519 0 
5090 1.838631 0 
5091 1.822357 0 
5201 0.018854 1 
5202 0.008936 1 
5203 0.007000 1 
5205 0.011275 1 
5095 1.831721 0 
5096 1.815443 0 
5097 1.799270 0 
5099 1.766074 0 
5206 0.010647 1 
5100 1.767332 0 
5101 1.751328 0 
5103 1.718835 0 
5104 1.701004 0 
5105 1.685277 0 
5207 0.007926 1 
5208 0.008334 1 
5209 0.008716 1 
5210 0.007830 1 
5211 0.009677 1 
5212 0.007594 1 
5214 0.009980 1 
5215 0.012160 1 
5219 0.006334 1 
5106 1.895745 0 
5107 1.878315 0 
5108 1.862039 0 
5109 1.841926 0 
5110 1.825377 0 
5111 1.808477 0 
5221 0.015775 1 
5222 0.012322 1 
5223 0.013782 1 
5224 0.010835 1 
5112 1.874461 0 
5113 1.857733 0 
5114 1.840852 0 
5115 1.824820 0 
5116 1.808907 0 
5227 0.007480 1 
5228 0.012809 1 
5229 0.010945 1 
5230 0.030802 1 
5231 0.014536 1 
5232 0.013535 1 
5233 0.013245 1 
5117 1.927222 0 
5118 1.910247 0 
5119 1.894358 0 
5120 1.878217 0 
5122 1.845268 0 
5123 1.829174 0 
5124 1.812799 0 
5125 1.801435 0 
5234 0.009122 1 
5126 1.795111 0 
5235 0.007576 1 
5236 0.010330 1 
5237 0.007206 1 
5238 0.012322 1 
5240 0.012249 1 
5242 0.012754 1 
5243 0.006535 1 
5127 1.929527 0 
5128 1.912618 0 
5130 1.879874 0 
5131 1.863781 0 
5132 1.847726 0 
5133 1.830180 0 
5134 1.814147 0 
5135 1.797683 0 
5136 1.781208 0 
5137 1.764705 0 
5244 0.018215 1 
5245 0.006176 1 
5246 0.006988 1 
5247 0.009917 1 
5248 0.007168 1 
5250 0.013955 1 
5251 0.009795 1 
5252 0.008750 1 
5253 0.008296 1 
5254 0.013387 1 
5138 1.943635 0 
5139 1.927257 0 
5140 1.910860 0 
5141 1.894994 0 
5143 1.861971 0 
5144 1.845381 0 
5145 1.829588 0 
5146 1.812582 0 
5147 1.796535 0 
5148 1.780154 0 
5149 1.764036 0 
5151 1.731004 0 
5152 1.714741 0 
5153 1.698454 0 
5154 1.681824 0 
5255 0.014338 1 
5256 0.006141 1 
5257 0.020136 1 
5258 0.008329 1 
5259 0.008526 1 
5260 0.032390 1 
5261 0.015967 1 
5262 0.014872 1 
5263 0.014713 1 
5264 0.009150 1 
5266 0.014910 1 
5156 1.845858 0 
5157 1.829635 0 
5158 1.813799 0 
5159 1.797335 0 
5161 1.764997 0 
5162 1.748843 0 
5163 1.731155 0 
5164 1.714477 0 
5165 1.698867 0 
5166 1.681882 0 
5267 0.010950 1 
5268 0.007045 1 
5269 0.011258 1 
5270 0.011554 1 
5271 0.013845 1 
5272 0.008153 1 
5273 0.008742 1 
5168 1.770175 0 
5169 1.753346 0 
5170 1.737275 0 
5274 0.016711 1 
5171 1.741939 0 
5275 0.026540 1 
5172 1.778925 0 
5173 1.762716 0 
5277 0.026030 1 
5181 1.760426 0 
5182 1.743885 0 
5183 1.726519 0 
5184 1.710249 0 
5185 1.690833 0 
5186 1.674616 0 
5187 1.724579 0 
5188 1.708477 0 
5189 1.691863 0 
5190 1.675624 0 
5280 0.171949 1 
5281 0.172332 1 
5282 0.156153 1 
5283 0.139495 1 
5284 0.121897 1 
5285 0.105986 1 
5287 0.081947 1 
5288 0.066461 1 
5289 0.049984 1 
5290 0.033191 1 
5292 0.024643 1 
5191 1.739841 0 
5192 1.723332 0 
5193 1.707275 0 
5194 1.691052 0 
5195 1.673165 0 
5196 1.658104 0 
5197 1.641793 0 
5198 1.625552 0 
5294 0.008801 1 
5295 0.006785 1 
5199 1.627173 0 
5200 1.610910 0 
5201 1.594440 0 
5202 1.577775 0 
5203 1.560606 0 
5205 1.527315 0 
5206 1.650961 0 
5207 1.634356 0 
5208 1.617838 0 
5209 1.601432 0 
5210 1.585060 0 
5211 1.568804 0 
5212 1.552440 0 
5214 1.519468 0 
5215 1.502607 0 
5216 1.486785 0 
5217 1.469516 0 
5219 1.436636 0 
5221 1.402076 0 
5222 1.463932 0 
5223 1.448241 0 
5224 1.431855 0 
5227 1.380290 0 
5298 0.211498 1 
5299 0.196065 1 
5300 0.179345 1 
5302 0.147177 1 
5303 0.130845 1 
5304 0.114250 1 
5305 0.098117 1 
5306 0.081710 1 
5307 0.065402 1 
5308 0.048336 1 
5309 0.032115 1 
5310 0.026601 1 
5311 0.021421 1 
5312 0.022814 1 
5313 0.009140 1 
5314 0.007982 1 
5315 0.011873 1 
5316 0.007827 1 
5317 0.012810 1 
5230 1.483716 0 
5231 1.469729 0 
5232 1.453583 0 
5233 1.437181 0 
5234 1.418614 0 
5235 1.402559 0 
5236 1.384611 0 
5237 1.368013 0 
5238 1.349883 0 
5240 1.317410 0 
5243 1.267610 0 
5318 0.020238 1 
5319 0.007510 1 
5244 1.281258 0 
5245 1.265043 0 
5246 1.248791 0 
5247 1.232443 0 
5248 1.215859 0 
5321 0.013561 1 
5250 1.222423 0 
5251 1.205628 0 
5252 1.188898 0 
5253 1.172413 0 
5254 1.154982 0 
5255 1.138086 0 
5256 1.122375 0 
5257 1.106029 0 
5258 1.089414 0 
5322 0.007303 1 
5323 0.014695 1 
5324 0.010209 1 
5325 0.007939 1 
5326 0.006542 1 
5327 0.011428 1 
5259 1.179237 0 
5260 1.163631 0 
5261 1.147171 0 
5262 1.131000 0 
5263 1.114567 0 
5264 1.098506 0 
5266 1.087841 0 
5267 1.070346 0 
5268 1.054282 0 
5269 1.037786 0 
5270 1.021230 0 
5329 0.014047 1 
5330 0.006289 1 
5331 0.005974 1 
5271 1.042243 0 
5272 1.024180 0 
5275 0.976940 0 
5332 0.009944 1 
5333 0.009500 1 
5334 0.008984 1 
5277 0.971421 0 
5279 0.937057 0 
5280 0.921816 0 
5281 0.905463 0 
5282 0.889241 0 
5335 0.011440 1 
5336 0.010624 1 
5337 0.008665 1 
5283 0.917340 0 
5284 0.899935 0 
5285 0.884025 0 
5287 0.851032 0 
5288 0.835144 0 
5289 0.820616 0 
5290 0.803864 0 
5292 0.769908 0 
5294 0.737898 0 
5295 0.719789 0 
5296 0.704840 0 
5298 0.672331 0 
5338 0.007900 1 
5339 0.010807 1 
5340 0.009171 1 
5342 0.008355 1 
5343 0.011879 1 
5344 0.007065 1 
5299 0.784203 0 
5345 0.020425 1 
5300 0.785199 0 
5302 0.753042 0 
5303 0.736706 0 
5304 0.720163 0 
5305 0.704035 0 
5306 0.687898 0 
5307 0.671591 0 
5308 0.654526 0 
5309 0.638304 0 
5310 0.621824 0 
5311 0.605602 0 
5312 0.588215 0 
5313 0.572469 0 
5314 0.555897 0 
5315 0.539309 0 
5316 0.523357 0 
5317 0.505443 0 
5318 0.489162 0 
5319 0.472816 0 
5346 0.025445 1 
5347 0.015714 1 
5348 0.008691 1 
5350 0.010831 1 
5351 0.014442 1 
5352 0.014870 1 
5353 0.014854 1 
5355 0.007998 1 
5321 0.587672 0 
5322 0.571540 0 
5323 0.555208 0 
5324 0.537231 0 
5325 0.516517 0 
5356 0.008847 1 
5326 0.519738 0 
5327 0.503525 0 
5329 0.471226 0 
5330 0.454860 0 
5331 0.438354 0 
5332 0.421248 0 
5333 0.404441 0 
5357 0.007140 1 
5358 0.007179 1 
5360 0.014908 1 
5334 0.452923 0 
5335 0.436023 0 
5336 0.419470 0 
5337 0.403355 0 
5361 0.011382 1 
5362 0.007944 1 
5338 0.425913 0 
5339 0.409635 0 
5340 0.393401 0 
5342 0.360665 0 
5343 0.344265 0 
5344 0.328206 0 
5345 0.311732 0 
5346 0.295086 0 
5347 0.278689 0 
5348 0.262446 0 
5350 0.230222 0 
5351 0.213694 0 
5352 0.187588 0 
5363 0.013887 1 
5364 0.006895 1 
5365 0.008197 1 
5367 0.010185 1 
5368 0.015627 1 
5369 0.017442 1 
5370 0.008479 1 
5371 0.006513 1 
5372 0.012692 1 
5353 0.337073 0 
5355 0.305126 0 
5356 0.288937 0 
5357 0.272065 0 
5358 0.255862 0 
5360 0.222982 0 
5361 0.206727 0 
5362 0.190845 0 
5363 0.174169 0 
5373 0.024129 1 
5374 0.014212 1 
5364 0.188584 0 
5365 0.168802 0 
5367 0.132099 0 
5368 0.117703 0 
5369 0.100958 0 
5370 0.085094 0 
5371 0.067102 0 
5372 0.051968 0 
5375 0.016332 1 
5377 0.008507 1 
5378 0.016160 1 
5379 0.008725 1 
5380 0.009016 1 
5374 0.119598 0 
5375 0.103458 0 
5381 0.009560 1 
5377 0.087689 0 
5378 0.071736 0 
5379 0.055832 0 
5380 0.039513 0 
5381 0.023103 0 
5382 0.009067 1 
5383 0.011661 1 
5382 0.028320 0 
5383 0.012707 0 
5384 0.023902 1 
5385 0.007565 1 
5386 0.016626 1 
5387 0.012474 1 
5388 0.015096 1 
5384 0.081565 0 
5385 0.065192 0 
5386 0.049367 0 
5389 0.007671 1 
5390 0.019073 1 
5387 0.076247 0 
5388 0.060300 0 
5389 0.044227 0 
5391 0.018765 1 
5392 0.009931 1 
5393 0.021171 1 
5394 0.007648 1 
5391 0.075141 0 
5392 0.057768 0 
5395 0.014942 1 
5396 0.014125 1 
5397 0.015009 1 
5398 0.005543 1 
5399 0.006333 1 
5393 0.107437 0 
5394 0.091219 0 
5395 0.075057 0 
5396 0.059336 0 
5397 0.043058 0 
5400 0.006209 1 
5401 0.006495 1 
5402 0.017261 1 
5404 0.009940 1 
5398 0.127328 0 
5399 0.111305 0 
5400 0.094993 0 
5401 0.076538 0 
5402 0.059337 0 
5405 0.014856 1 
5406 0.022720 1 
5407 0.009385 1 
5404 0.066850 0 
5405 0.050204 0 
5406 0.033542 0 
5407 0.017493 0 
5408 0.019917 1 
5408 0.091458 0 
5409 0.075183 0 
5410 0.056957 0 
5411 0.059561 0 
5413 0.026947 0 
5414 0.064874 0 
5411 0.126730 1 
5415 0.077434 0 
5416 0.061713 0 
5418 0.028312 0 
5420 0.029958 0 
5413 0.148008 1 
5414 0.150492 1 
5415 0.134272 1 
5418 0.082350 1 
5420 0.089643 1 
5421 0.074985 0 
5422 0.058779 0 
5423 0.041961 0 
5421 0.081168 1 
5422 0.088022 1 
5423 0.071256 1 
5426 0.021963 1 
5427 0.028169 1 
5426 0.116057 0 
5427 0.100179 0 
5428 0.083962 0 
5429 0.067890 0 
5430 0.051628 0 
5431 0.035186 0 
5432 0.057391 0 
5433 0.040423 0 
5434 0.025125 0 
5435 0.074101 0 
5436 0.081966 0 
5437 0.065888 0 
5439 0.070097 0 
5441 0.037977 0 
5442 0.042388 0 
5443 0.025935 0 
5428 0.271127 1 
5429 0.255007 1 
5430 0.238746 1 
5431 0.222302 1 
5432 0.205925 1 
5433 0.208608 1 
5434 0.193436 1 
5435 0.177142 1 
5436 0.161103 1 
5437 0.188420 1 
5439 0.180052 1 
5441 0.147688 1 
5442 0.131100 1 
5443 0.114636 1 
5444 0.097825 1 
5445 0.106418 0 
5446 0.090371 0 
5447 0.073847 0 
5449 0.040884 0 
5450 0.024843 0 
5445 0.120733 1 
5446 0.104724 1 
5447 0.088200 1 
5449 0.059679 1 
5450 0.043773 1 
5451 0.027469 1 
5452 0.028790 1 
5453 0.016214 1 
5454 0.019418 1 
5455 0.013066 1 
5456 0.009850 1 
5457 0.010379 1 
5451 0.139948 0 
5458 0.023771 1 
5452 0.123373 0 
5453 0.107601 0 
5459 0.014163 1 
5460 0.017374 1 
5455 0.109788 0 
5456 0.093015 0 
5457 0.077718 0 
5458 0.061033 0 
5461 0.014435 1 
5462 0.012307 1 
5463 0.010236 1 
5459 0.082492 0 
5460 0.066144 0 
5461 0.049730 0 
5462 0.033962 0 
5463 0.017811 0 
5465 0.033144 1 
5466 0.024073 1 
5467 0.016191 1 
5465 0.062017 0 
5466 0.045302 0 
5467 0.028960 0 
5468 0.011549 1 
5469 0.005831 1 
5470 0.013354 1 
5468 0.048161 0 
5469 0.032733 0 
5471 0.012360 1 
5472 0.010025 1 
5473 0.018550 1 
5474 0.024370 1 
5470 0.097893 0 
5471 0.080040 0 
5472 0.065105 0 
5473 0.048737 0 
5474 0.031560 0 
5476 0.020532 1 
5476 0.036136 0 
5478 0.010249 1 
5479 0.013679 1 
5480 0.010907 1 
5481 0.012237 1 
5482 0.005453 1 
5478 0.091202 0 
5479 0.075485 0 
5480 0.059134 0 
5483 0.012457 1 
5484 0.010320 1 
5482 0.052454 0 
5483 0.036083 0 
5484 0.034301 0 
5486 0.010142 1 
5487 0.005917 1 
5488 0.011094 1 
5489 0.013379 1 
5486 0.078159 0 
5487 0.061279 0 
5491 0.019889 1 
5489 0.064679 0 
5493 0.015065 1 
5494 0.024538 1 
5495 0.018254 1 
5497 0.013911 1 
5493 0.088491 0 
5494 0.072447 0 
5495 0.056582 0 
5497 0.024664 0 
5498 0.014076 1 
5499 0.008597 1 
5501 0.018514 1 
5502 0.014832 1 
5503 0.007296 1 
5498 0.097189 0 
5499 0.081692 0 
5504 0.005829 1 
5505 0.007457 1 
5506 0.014703 1 
5507 0.017884 1 
5508 0.009546 1 
5509 0.007488 1 
5510 0.006905 1 
5501 0.159065 0 
5502 0.142858 0 
5503 0.126475 0 
5504 0.109711 0 
5505 0.093826 0 
5506 0.077106 0 
5511 0.023133 1 
5512 0.006941 1 
5513 0.011233 1 
5514 0.021713 1 
5515 0.019046 1 
5508 0.205418 0 
5509 0.188658 0 
5510 0.172273 0 
5511 0.156242 0 
5512 0.140184 0 
5516 0.074767 1 
5513 0.124018 0 
5517 0.058310 1 
5518 0.041734 1 
5514 0.107790 0 
5515 0.092140 0 
5516 0.075498 0 
5517 0.058777 0 
5518 0.042197 0 
5520 0.025636 1 
5521 0.017591 1 
5522 0.009480 1 
5520 0.043686 0 
5521 0.027224 0 
5523 0.007909 1 
5522 0.039380 0 
5524 0.008781 1 
5525 0.008210 1 
5526 0.017834 1 
5528 0.007359 1 
5524 0.085048 0 
5525 0.068977 0 
5526 0.052496 0 
5528 0.019764 0 
5529 0.011118 1 
5530 0.009272 1 
5531 0.011300 1 
5532 0.019261 1 
5533 0.012507 1 
5534 0.008026 1 
5529 0.102204 0 
5530 0.086179 0 
5531 0.069918 0 
5532 0.052839 0 
5533 0.035939 0 
5535 0.012646 1 
5536 0.009560 1 
5537 0.013772 1 
5538 0.009936 1 
5539 0.010044 1 
5541 0.008883 1 
5534 0.154133 0 
5535 0.136887 0 
5536 0.120738 0 
5537 0.104673 0 
5538 0.088327 0 
5539 0.072053 0 
5541 0.039720 0 
5542 0.025548 1 
5543 0.019114 1 
5544 0.013736 1 
5545 0.016898 1 
5546 0.017877 1 
5547 0.008399 1 
5549 0.016526 1 
5550 0.012403 1 
5551 0.025115 1 
5552 0.020882 1 
5542 0.196246 0 
5543 0.179589 0 
5544 0.162958 0 
5545 0.146887 0 
5546 0.130310 0 
5547 0.114218 0 
5554 0.007685 1 
5555 0.018470 1 
5556 0.012174 1 
5549 0.142719 0 
5550 0.126878 0 
5551 0.110906 0 
5552 0.094690 0 
5554 0.061777 0 
5556 0.033272 0 
5557 0.017056 0 
5557 0.031448 1 
5559 0.025227 1 
5560 0.023644 1 
5561 0.012221 1 
5562 0.013299 1 
5560 0.055245 0 
5561 0.039111 0 
5562 0.022814 0 
5563 0.006804 0 
5563 0.012995 1 
5564 0.021947 1 
5566 0.012579 1 
5567 0.016387 1 
5568 0.011101 1 
5569 0.027485 1 
5570 0.011468 1 
5571 0.012618 1 
5564 0.140383 0 
5566 0.107635 0 
5567 0.091832 0 
5568 0.074612 0 
5572 0.010919 1 
5569 0.074175 0 
5570 0.058143 0 
5572 0.025316 0 
5573 0.012340 1 
5574 0.019300 1 
5576 0.017728 1 
5577 0.030240 1 
5578 0.021869 1 
5576 0.095957 0 
5577 0.079647 0 
5578 0.062680 0 
5579 0.046662 0 
5580 0.030448 0 
5581 0.014665 0 
5581 0.016382 1 
5582 0.020953 1 
5583 0.031157 1 
5582 0.062514 0 
5583 0.046208 0 
5584 0.029454 0 
5584 0.036060 1 
5585 0.038557 1 
5586 0.032084 1 
5587 0.016659 1 
5588 0.040958 1 
5589 0.025137 1 
5585 0.168290 0 
5586 0.151877 0 
5587 0.136335 0 
5588 0.119591 0 
5589 0.103714 0 
5590 0.086913 0 
5591 0.071054 0 
5592 0.054547 0 
5593 0.067858 0 
5594 0.051519 0 
5595 0.035360 0 
5596 0.019257 0 
5597 0.050083 0 
5598 0.041282 0 
5599 0.027216 0 
5600 0.071862 0 
5601 0.055632 0 
5592 0.264143 1 
5603 0.131948 0 
5604 0.116875 0 
5605 0.095798 0 
5606 0.079293 0 
5607 0.063087 0 
5608 0.046937 0 
5594 0.291292 1 
5595 0.275179 1 
5599 0.226958 1 
5600 0.210723 1 
5601 0.194476 1 
5610 0.052506 0 
5603 0.264268 1 
5612 0.122907 0 
5613 0.106776 0 
5614 0.090548 0 
5604 0.273569 1 
5605 0.252240 1 
5615 0.151661 0 
5617 0.120221 0 
5619 0.086931 0 
5620 0.069634 0 
5622 0.053248 0 
5625 0.140401 0 
5626 0.124440 0 
5627 0.167237 0 
5628 0.151157 0 
5629 0.134338 0 
5630 0.117427 0 
5631 0.100706 0 
5632 0.084138 0 
5633 0.067935 0 
5634 0.051825 0 
5635 0.031746 0 
5636 0.009013 0 
5606 0.573475 1 
5607 0.557146 1 
5638 0.041323 0 
5612 0.566297 1 
5640 0.099084 0 
5641 0.082025 0 
5642 0.067852 0 
5614 0.547310 1 
5617 0.498791 1 
5619 0.479315 1 
5620 0.462061 1 
5643 0.082340 0 
5644 0.067355 0 
5645 0.050967 0 
5621 0.466140 1 
5622 0.449803 1 
5625 0.411187 1 
5626 0.420423 1 
5627 0.403821 1 
5628 0.387726 1 
5646 0.083634 0 
5629 0.379553 1 
5630 0.381657 1 
5631 0.372685 1 
5648 0.083876 0 
5649 0.066550 0 
5650 0.050202 0 
5651 0.032673 0 
5652 0.016691 0 
5632 0.370872 1 
5633 0.506336 1 
5634 0.490375 1 
5635 0.470301 1 
5636 0.447570 1 
5653 0.292570 0 
5654 0.277361 0 
5655 0.267068 0 
5656 0.253363 0 
5657 0.249483 0 
5658 0.315639 0 
5659 0.299234 0 
5660 0.282970 0 
5661 0.265846 0 
5662 0.249300 0 
5664 0.236295 0 
5665 0.220626 0 
5666 0.204371 0 
5667 0.187835 0 
5668 0.168990 0 
5669 0.153588 0 
5670 0.136664 0 
5671 0.120066 0 
5672 0.104038 0 
5673 0.083096 0 
5675 0.049488 0 
5677 0.016665 0 
5678 0.043530 0 
5679 0.027433 0 
5640 0.702513 1 
5641 0.685453 1 
5642 0.668913 1 
5643 0.667831 1 
5645 0.636423 1 
5646 0.619234 1 
5680 0.070309 0 
5681 0.053927 0 
5648 0.620389 1 
5682 0.074807 0 
5683 0.059204 0 
5685 0.026637 0 
5649 0.655534 1 
5650 0.639220 1 
5651 0.621690 1 
5652 0.605708 1 
5686 0.065993 0 
5687 0.049535 0 
5688 0.032690 0 
5653 0.625118 1 
5654 0.606128 1 
5655 0.592305 1 
5656 0.575783 1 
5690 0.017189 0 
5657 0.599295 1 
5658 0.583970 1 
5692 0.015720 0 
5693 0.034845 0 
5694 0.018208 0 
5696 0.015308 0 
5697 0.072951 0 
5698 0.056406 0 
5700 0.023186 0 
5701 0.040310 0 
5659 0.749637 1 
5660 0.733101 1 
5661 0.715969 1 
5662 0.699880 1 
5664 0.666222 1 
5666 0.674162 1 
5702 0.075869 0 
5703 0.059206 0 
5704 0.043129 0 
5667 0.680288 1 
5668 0.706697 1 
5669 0.690479 1 
5705 0.130699 0 
5706 0.114215 0 
5707 0.095934 0 
5708 0.080235 0 
5709 0.062846 0 
5710 0.046436 0 
5711 0.029163 0 
5712 0.012478 0 
5670 0.723554 1 
5671 0.706972 1 
5672 0.699442 1 
5673 0.703852 1 
5675 0.670325 1 
5713 0.178193 0 
5714 0.163013 0 
5715 0.146544 0 
5716 0.130445 0 
5717 0.113901 0 
5677 0.789138 1 
5678 0.782270 1 
5719 0.108351 0 
5720 0.091161 0 
5721 0.074298 0 
5722 0.056754 0 
5723 0.040388 0 
5724 0.023851 0 
5725 0.007746 0 
5681 0.773047 1 
5682 0.755113 1 
5683 0.748283 1 
5685 0.715724 1 
5727 0.035777 0 
5728 0.071608 0 
5729 0.055678 0 
5730 0.039188 0 
5731 0.022094 0 
5686 0.904980 1 
5687 0.900531 1 
5688 0.883753 1 
5692 0.871341 1 
5693 0.855150 1 
5694 0.838473 1 
5732 0.226615 0 
5733 0.208509 0 
5734 0.196375 0 
5735 0.182561 0 
5696 0.837269 1 
5698 0.803826 1 
5700 0.770600 1 
5701 0.782898 1 
5702 0.766346 1 
5703 0.749677 1 
5704 0.748399 1 
5705 0.732506 1 
5706 0.777287 1 
5707 0.816760 1 
5738 0.309002 0 
5740 0.275749 0 
5741 0.259416 0 
5742 0.238326 0 
5743 0.220726 0 
5744 0.204926 0 
5745 0.188480 0 
5746 0.171740 0 
5748 0.138972 0 
5749 0.122129 0 
5750 0.104916 0 
5751 0.088134 0 
5753 0.054777 0 
5708 0.819497 1 
5709 0.802130 1 
5710 0.785834 1 
5711 0.768570 1 
5712 0.803823 1 
5713 0.787414 1 
5714 0.800891 1 
5754 0.159291 0 
5755 0.143124 0 
5756 0.127121 0 
5758 0.093238 0 
5759 0.076888 0 
5760 0.061431 0 
5761 0.044266 0 
5762 0.027333 0 
5715 0.915618 1 
5719 0.922565 1 
5720 0.905432 1 
5721 0.899251 1 
5722 0.927738 1 
5723 0.911397 1 
5767 0.183974 0 
5768 0.167745 0 
5769 0.151546 0 
5770 0.135093 0 
5771 0.118782 0 
5772 0.101140 0 
5773 0.084940 0 
5775 0.192540 0 
5776 0.174625 0 
5777 0.158419 0 
5778 0.141599 0 
5779 0.125448 0 
5780 0.109469 0 
5781 0.093443 0 
5782 0.075699 0 
5783 0.059290 0 
5784 0.042970 0 
5785 0.053553 0 
5786 0.035882 0 
5787 0.019426 0 
5788 0.164817 0 
5789 0.148883 0 
5790 0.132094 0 
5791 0.115492 0 
5792 0.098909 0 
5793 0.082600 0 
5794 0.066266 0 
5795 0.050117 0 
5796 0.033894 0 
5797 0.017271 0 
5798 0.045178 0 
5799 0.028148 0 
5732 1.302651 1 
5733 1.284011 1 
5734 1.269785 1 
5735 1.253658 1 
5800 0.175521 0 
5802 0.143122 0 
5803 0.126820 0 
5804 0.109511 0 
5805 0.092994 0 
5806 0.076838 0 
5807 0.060395 0 
5808 0.043767 0 
5809 0.027261 0 
5811 0.147372 0 
5812 0.131875 0 
5813 0.115305 0 
5814 0.099346 0 
5816 0.066279 0 
5818 0.032891 0 
5819 0.140838 0 
5820 0.124657 0 
5821 0.108208 0 
5824 0.059297 0 
5825 0.042814 0 
5826 0.057130 0 
5827 0.040637 0 
5828 0.024625 0 
5829 0.008020 0 
5738 1.563062 1 
5740 1.529818 1 
5741 1.515131 1 
5830 0.106091 0 
5831 0.086749 0 
5832 0.070281 0 
5833 0.120220 0 
5834 0.104180 0 
5835 0.087985 0 
5837 0.055608 0 
5742 1.706177 1 
5743 1.738822 1 
5744 1.723142 1 
5745 1.707229 1 
5746 1.690652 1 
5748 1.657891 1 
5749 1.641296 1 
5750 1.624092 1 
5751 1.643344 1 
5839 0.183309 0 
5840 0.166937 0 
5841 0.151194 0 
5842 0.134777 0 
5843 0.118179 0 
5844 0.101681 0 
5845 0.085165 0 
5847 0.052644 0 
5848 0.036068 0 
5753 1.615936 1 
5754 1.631688 1 
5755 1.615469 1 
5756 1.620373 1 
5758 1.597518 1 
5849 0.162829 0 
5850 0.144780 0 
5851 0.128068 0 
5852 0.111477 0 
5853 0.096506 0 
5854 0.170238 0 
5855 0.153551 0 
5856 0.137086 0 
5857 0.117801 0 
5858 0.103678 0 
5859 0.087654 0 
5860 0.070943 0 
5861 0.054631 0 
5863 0.021766 0 
5759 1.831980 1 
5760 1.816158 1 
5761 1.798987 1 
5762 1.782053 1 
5864 0.106595 0 
5865 0.090998 0 
5866 0.075649 0 
5867 0.060131 0 
5763 1.791703 1 
5868 0.130859 0 
5869 0.114601 0 
5870 0.098660 0 
5871 0.081977 0 
5872 0.065598 0 
5874 0.031453 0 
5876 0.039921 0 
5877 0.023011 0 
5878 0.152534 0 
5879 0.136057 0 
5880 0.119253 0 
5881 0.102940 0 
5882 0.084872 0 
5884 0.051384 0 
5885 0.035393 0 
5886 0.019292 0 
5887 0.058496 0 
5889 0.081589 0 
5891 0.048924 0 
5892 0.032304 0 
5893 0.077887 0 
5895 0.045793 0 
5896 0.029419 0 
5897 0.012920 0 
5899 0.018902 0 
5900 0.130156 0 
5901 0.114112 0 
5902 0.097764 0 
5903 0.082068 0 
5904 0.065774 0 
5905 0.049677 0 
5767 2.364088 1 
5768 2.347875 1 
5769 2.331677 1 
5770 2.315216 1 
5906 0.094916 0 
5907 0.079040 0 
5908 0.061903 0 
5909 0.045814 0 
5910 0.073504 0 
5911 0.057592 0 
5912 0.040696 0 
5913 0.024266 0 
5771 2.475379 1 
5772 2.457815 1 
5773 2.441618 1 
5914 0.117728 0 
5915 0.101761 0 
5916 0.085277 0 
5918 0.049276 0 
5919 0.033689 0 
5775 2.436995 1 
5776 2.436610 1 
5777 2.420423 1 
5780 2.371761 1 
5781 2.355529 1 
5782 2.337623 1 
5784 2.322225 1 
5786 2.288429 1 
5787 2.271974 1 
5920 0.090446 0 
5921 0.063698 0 
5922 0.047031 0 
5923 0.030772 0 
5924 0.014488 0 
5788 2.424052 1 
5789 2.426004 1 
5790 2.409261 1 
5792 2.376053 1 
5793 2.376215 1 
5794 2.363064 1 
5795 2.346928 1 
5926 0.208744 0 
5927 0.192028 0 
5928 0.175992 0 
5929 0.159915 0 
5930 0.143307 0 
5931 0.126887 0 
5932 0.109167 0 
5933 0.093864 0 
5934 0.077277 0 
5935 0.058384 0 
5936 0.042161 0 
5937 0.077111 0 
5939 0.044505 0 
5940 0.028287 0 
5941 0.087342 0 
5942 0.071303 0 
5943 0.054868 0 
5944 0.038971 0 
5945 0.021568 0 
5797 2.543857 1 
5947 0.039911 0 
5948 0.025723 0 
5949 0.008574 0 
5950 0.084572 0 
5952 0.051677 0 
5953 0.034894 0 
5798 2.738601 1 
5799 2.721726 1 
5800 2.705460 1 
5802 2.677660 1 
5803 2.662519 1 
5954 0.141004 0 
5955 0.124936 0 
5957 0.092186 0 
5958 0.075969 0 
5959 0.059257 0 
5960 0.042646 0 
5961 0.026941 0 
5804 2.678878 1 
5806 2.646417 1 
5962 0.046806 0 
5964 0.023188 0 
5807 2.657919 1 
5808 2.641363 1 
5809 2.625097 1 
5811 2.632987 1 
5812 2.617944 1 
5813 2.601562 1 
5816 2.552156 1 
5818 2.521211 1 
5965 0.099698 0 
5966 0.191289 0 
5967 0.174917 0 
5968 0.158562 0 
5969 0.142128 0 
5970 0.124503 0 
5971 0.107845 0 
5972 0.112876 0 
5974 0.079902 0 
5975 0.064016 0 
5976 0.047224 0 
5977 0.042752 0 
5978 0.039810 0 
5819 2.767745 1 
5979 0.128960 0 
5980 0.112760 0 
5821 2.834270 1 
5824 2.785246 1 
5825 2.768661 1 
5826 2.752172 1 
5827 2.735635 1 
5828 2.731400 1 
5829 2.729792 1 
5830 2.713527 1 
5831 2.694066 1 
5981 0.196382 0 
5982 0.178511 0 
5983 0.163170 0 
5984 0.146645 0 
5985 0.130154 0 
5986 0.113666 0 
5987 0.097396 0 
5988 0.080850 0 
5989 0.064332 0 
5990 0.047781 0 
5991 0.031200 0 
5992 0.029744 0 
5832 2.703614 1 
5833 2.687751 1 
5834 2.671324 1 
5835 2.681405 1 
5837 2.690587 1 
5839 2.658118 1 
5840 2.641748 1 
5841 2.626116 1 
5842 2.609671 1 
5843 2.622536 1 
5844 2.606055 1 
5845 2.632632 1 
5847 2.600180 1 
5848 2.583710 1 
5849 2.565666 1 
5850 2.547564 1 
5851 2.534488 1 
5852 2.517866 1 
5853 2.563233 1 
5854 2.560397 1 
5855 2.543723 1 
5856 2.527279 1 
5857 2.508049 1 
5993 0.290140 0 
5994 0.273957 0 
5995 0.255914 0 
5996 0.240035 0 
5997 0.222476 0 
5998 0.205831 0 
5999 0.189600 0 
6001 0.157876 0 
6002 0.140878 0 
6003 0.125105 0 
6004 0.108902 0 
6005 0.092009 0 
6006 0.075694 0 
6007 0.058730 0 
5858 2.552661 1 
5859 2.536649 1 
5860 2.521044 1 
5861 2.504915 1 
5863 2.545690 1 
6008 0.198002 0 
6010 0.165485 0 
6011 0.148431 0 
6012 0.132372 0 
6013 0.115793 0 
6015 0.083144 0 
6017 0.049632 0 
6018 0.031957 0 
5864 2.743078 1 
5865 2.727421 1 
5867 2.735821 1 
5868 2.719422 1 
6019 0.275603 0 
6020 0.259409 0 
6023 0.208830 0 
6024 0.192883 0 
6025 0.176759 0 
6026 0.160293 0 
6027 0.143367 0 
6028 0.126982 0 
6029 0.110669 0 
6030 0.094406 0 
6031 0.078220 0 
6032 0.060119 0 
6033 0.039829 0 
6034 0.025935 0 
6036 0.041976 0 
6038 0.092432 0 
5869 2.918922 1 
5870 2.903440 1 
5871 2.886756 1 
5872 2.870346 1 
5874 2.851887 1 
5876 2.819809 1 
5879 2.785101 1 
5880 2.772543 1 
5881 2.929185 1 
5882 2.911145 1 
6039 0.291078 0 
6040 0.274897 0 
6041 0.258773 0 
6042 0.242425 0 
6043 0.225989 0 
5884 2.883515 1 
6053 0.186146 0 
6057 0.120646 0 
6059 0.086977 0 
6060 0.070901 0 
6062 0.071944 0 
6063 0.055466 0 
6064 0.109753 0 
6065 0.132026 0 
6066 0.115805 0 
6067 0.099783 0 
6068 0.083170 0 
6069 0.066420 0 
6070 0.050104 0 
6071 0.034440 0 
6073 0.040076 0 
5886 3.181151 1 
5887 3.164807 1 
6075 0.100637 0 
6076 0.083805 0 
6077 0.066421 0 
6078 0.050614 0 
6079 0.034431 0 
6080 0.018164 0 
5889 3.231033 1 
5891 3.198328 1 
5892 3.181705 1 
5893 3.200773 1 
5895 3.168262 1 
6081 0.086793 0 
6083 0.052171 0 
6084 0.036039 0 
5896 3.180558 1 
5897 3.165233 1 
5899 3.169022 1 
5900 3.152356 1 
6085 0.069551 0 
6086 0.052511 0 
6088 0.081517 0 
6090 0.135094 0 
6091 0.118413 0 
6092 0.102228 0 
6094 0.069497 0 
6095 0.053443 0 
6096 0.037339 0 
5901 3.348054 1 
5902 3.337165 1 
5903 3.320843 1 
5904 3.304481 1 
6098 0.085396 0 
6099 0.069273 0 
6100 0.052641 0 
5906 3.309557 1 
5907 3.293475 1 
5908 3.296174 1 
6101 0.093903 0 
6102 0.077634 0 
6103 0.059923 0 
5909 3.311251 1 
5910 3.294038 1 
6104 0.078318 0 
6105 0.078685 0 
6106 0.064206 0 
6107 0.048050 0 
6108 0.030960 0 
6109 0.198409 0 
6110 0.181142 0 
6111 0.165488 0 
6112 0.149343 0 
6113 0.226590 0 
6114 0.211056 0 
6115 0.194725 0 
6117 0.162101 0 
6118 0.145515 0 
6119 0.129829 0 
6120 0.113673 0 
6121 0.097567 0 
6122 0.131844 0 
6123 0.115303 0 
6125 0.082826 0 
6126 0.067207 0 
6127 0.050520 0 
6128 0.034068 0 
5911 3.689326 1 
5912 3.696781 1 
6129 0.095466 0 
6130 0.077699 0 
6131 0.060613 0 
6132 0.042508 0 
6133 0.026848 0 
5913 3.694726 1 
6134 0.015195 0 
5914 3.708151 1 
5915 3.692303 1 
5916 3.675824 1 
5918 3.639782 1 
5919 3.650186 1 
5922 3.588001 1 
5923 3.571525 1 
6135 0.069224 0 
6136 0.052516 0 
5924 3.570287 1 
6138 0.030665 0 
6139 0.013381 0 
5926 3.623080 1 
6140 0.090791 0 
6141 0.074343 0 
6142 0.058428 0 
6143 0.042118 0 
6144 0.024623 0 
5927 3.626819 1 
5928 3.610580 1 
5929 3.594340 1 
5930 3.577646 1 
6146 0.068799 0 
6147 0.052527 0 
6148 0.035863 0 
6149 0.019422 0 
5931 3.737731 1 
5932 3.719785 1 
5933 3.704405 1 
5934 3.687716 1 
5935 3.668816 1 
5936 3.652453 1 
5937 3.635947 1 
6151 0.139899 0 
6152 0.123277 0 
6153 0.107073 0 
6154 0.090262 0 
6156 0.057730 0 
6157 0.040964 0 
6158 0.025326 0 
5940 3.640454 1 
6159 0.019743 0 
6160 0.101666 0 
6161 0.084935 0 
6163 0.052865 0 
6164 0.063575 0 
6165 0.049029 0 
6166 0.033152 0 
6167 0.016797 0 
5941 3.775912 1 
5943 3.780231 1 
5944 3.764557 1 
5945 3.794186 1 
5947 3.759165 1 
5948 3.746963 1 
5949 3.729872 1 
5950 3.730269 1 
6168 0.151793 0 
6169 0.134462 0 
6170 0.118470 0 
6171 0.104901 0 
6173 0.071303 0 
6174 0.054669 0 
6175 0.038291 0 
5952 3.762189 1 
5953 3.744370 1 
5954 3.729009 1 
5955 3.713064 1 
6176 0.142386 0 
6177 0.123159 0 
6178 0.106346 0 
6179 0.090126 0 
6180 0.069287 0 
5957 3.885986 1 
5958 3.869707 1 
6181 0.196292 0 
6182 0.180124 0 
6183 0.163904 0 
6184 0.147684 0 
6185 0.131433 0 
6186 0.115219 0 
6187 0.098556 0 
6188 0.078962 0 
6189 0.079312 0 
6190 0.063574 0 
6191 0.046920 0 
6192 0.030633 0 
6193 0.014213 0 
6194 0.008938 0 
5961 3.897465 1 
5962 3.880918 1 
5964 3.848869 1 
5965 3.832302 1 
5966 3.815639 1 
6195 0.027106 0 
6196 0.010027 0 
6197 0.081548 0 
6198 0.065343 0 
6200 0.047883 0 
6201 0.030804 0 
6202 0.014387 0 
5967 3.952659 1 
5968 3.946927 1 
5969 3.931252 1 
5970 3.913492 1 
5971 3.896722 1 
5972 3.879406 1 
5974 3.846216 1 
5976 3.914583 1 
6203 0.158743 0 
6204 0.143179 0 
6205 0.126838 0 
6206 0.110467 0 
6207 0.094147 0 
6209 0.061397 0 
6210 0.044826 0 
6211 0.028682 0 
6212 0.012258 0 
5977 3.914827 1 
5978 3.909847 1 
5979 3.893410 1 
5980 3.877013 1 
6214 0.089849 0 
6216 0.057468 0 
6217 0.126476 0 
5981 4.147513 1 
5984 4.131693 1 
5985 4.116689 1 
5986 4.100206 1 
5987 4.083935 1 
5988 4.067390 1 
6219 0.263831 0 
6222 0.214758 0 
6223 0.198428 0 
6224 0.182416 0 
6225 0.166015 0 
6226 0.150090 0 
6227 0.133741 0 
6228 0.117431 0 
6229 0.099042 0 
6230 0.086250 0 
6231 0.069187 0 
6232 0.052595 0 
6233 0.035932 0 
5989 4.131022 1 
5990 4.114492 1 
5991 4.097914 1 
5992 4.080948 1 
5993 4.064782 1 
5994 4.083929 1 
5995 4.065936 1 
5996 4.069442 1 
5997 4.051717 1 
6235 0.132913 0 
6237 0.099796 0 
6238 0.084015 0 
6239 0.066281 0 
6240 0.049959 0 
6241 0.033944 0 
6242 0.017645 0 
6243 0.031961 0 
5998 4.096950 1 
5999 4.080937 1 
6001 4.048440 1 
6002 4.031432 1 
6003 4.015790 1 
6004 4.005225 1 
6005 3.988384 1 
6006 3.972387 1 
6007 3.955476 1 
6245 0.074389 0 
6246 0.058767 0 
6247 0.041278 0 
6248 0.025536 0 
6249 0.009328 0 
6008 4.121119 1 
6250 0.142558 0 
6251 0.126163 0 
6252 0.110123 0 
6011 4.118631 1 
6012 4.102638 1 
6015 4.053389 1 
6017 4.040401 1 
6018 4.023113 1 
6253 0.146828 0 
6254 0.130553 0 
6255 0.114115 0 
6256 0.091187 0 
6257 0.067272 0 
6258 0.054124 0 
6259 0.037145 0 
6261 0.164833 0 
6263 0.129871 0 
6264 0.113561 0 
6265 0.096437 0 
6266 0.080706 0 
6267 0.064173 0 
6020 4.227354 1 
6023 4.175358 1 
6024 4.172282 1 
6025 4.156275 1 
6268 0.134185 0 
6269 0.117666 0 
6270 0.098848 0 
6272 0.062151 0 
6029 4.141801 1 
6030 4.125642 1 
6031 4.111489 1 
6032 4.093406 1 
6033 4.073117 1 
6274 0.091950 0 
6275 0.075765 0 
6276 0.058188 0 
6277 0.042081 0 
6278 0.056666 0 
6279 0.040861 0 
6280 0.024840 0 
6034 4.130129 1 
6282 0.056028 0 
6283 0.120736 0 
6284 0.104811 0 
6285 0.088405 0 
6287 0.056304 0 
6289 0.023676 0 
6290 0.042536 0 
6291 0.026428 0 
6036 4.277421 1 
6038 4.244840 1 
6039 4.228019 1 
6040 4.211826 1 
6041 4.195936 1 
6293 0.047449 0 
6294 0.031469 0 
6044 4.188586 1 
6046 4.154802 1 
6047 4.141602 1 
6048 4.131905 1 
6049 4.115805 1 
6050 4.112525 1 
6051 4.096427 1 
6052 4.080186 1 
6053 4.063768 1 
6295 0.236017 0 
6297 0.201869 0 
6298 0.186508 0 
6299 0.170133 0 
6300 0.153580 0 
6301 0.137269 0 
6302 0.120959 0 
6303 0.104244 0 
6304 0.088217 0 
6305 0.072084 0 
6306 0.055702 0 
6307 0.039069 0 
6308 0.022590 0 
6054 4.280496 1 
6055 4.265034 1 
6056 4.248749 1 
6057 4.232396 1 
6058 4.215995 1 
6062 4.149298 1 
6063 4.146473 1 
6309 0.088872 0 
6310 0.072699 0 
6311 0.055934 0 
6312 0.040032 0 
6313 0.023354 0 
6314 0.095364 0 
6316 0.061933 0 
6317 0.043867 0 
6318 0.054880 0 
6319 0.038411 0 
6066 4.265336 1 
6067 4.249315 1 
6068 4.232699 1 
6069 4.216023 1 
6070 4.199400 1 
6071 4.183379 1 
6320 0.048982 0 
6321 0.032058 0 
6076 4.113273 1 
6322 0.025229 0 
6077 4.101847 1 
6078 4.086026 1 
6079 4.071603 1 
6080 4.063632 1 
6081 4.047307 1 
6083 4.062502 1 
6084 4.046030 1 
6085 4.058369 1 
6086 4.041370 1 
6088 4.009763 1 
6090 3.977082 1 
6091 4.000746 1 
6092 3.984665 1 
6094 3.951716 1 
6095 3.935695 1 
6324 0.130168 0 
6325 0.114294 0 
6326 0.097639 0 
6327 0.081659 0 
6096 3.969959 1 
6098 3.937399 1 
6099 3.954669 1 
6100 3.938062 1 
6101 3.922148 1 
6102 3.905906 1 
6103 3.888266 1 
6104 3.872405 1 
6105 3.853909 1 
6106 3.839428 1 
6107 3.823308 1 
6108 3.806259 1 
6328 0.149477 0 
6329 0.131755 0 
6330 0.115582 0 
6331 0.099042 0 
6332 0.082593 0 
6333 0.066404 0 
6334 0.049345 0 
6335 0.032223 0 
6109 3.840559 1 
6110 3.825222 1 
6111 3.809264 1 
6112 3.793112 1 
6113 3.776605 1 
6114 3.760445 1 
6115 3.744110 1 
6337 0.060496 0 
6338 0.043658 0 
6117 3.856927 1 
6118 3.840428 1 
6119 3.825647 1 
6120 3.809759 1 
6339 0.241737 0 
6340 0.224270 0 
6341 0.208884 0 
6342 0.225188 0 
6343 0.208526 0 
6345 0.176049 0 
6346 0.159977 0 
6347 0.144052 0 
6348 0.128146 0 
6350 0.098688 0 
6351 0.082303 0 
6352 0.097456 0 
6353 0.081312 0 
6355 0.048962 0 
6356 0.032694 0 
6123 3.991253 1 
6130 3.893011 1 
6131 3.901143 1 
6357 0.186590 0 
6358 0.167070 0 
6359 0.150948 0 
6360 0.185340 0 
6362 0.150996 0 
6363 0.134734 0 
6134 3.963471 1 
6135 3.947512 1 
6136 3.930758 1 
6138 3.897637 1 
6139 3.880341 1 
6140 3.864185 1 
6141 3.847698 1 
6142 3.831177 1 
6143 3.814857 1 
6364 0.133670 0 
6365 0.117646 0 
6366 0.100796 0 
6144 3.804716 1 
6367 0.084169 0 
6146 3.772996 1 
6147 3.760261 1 
6148 3.761633 1 
6149 3.745238 1 
6151 3.713088 1 
6368 0.098098 0 
6369 0.080174 0 
6370 0.063706 0 
6152 3.725331 1 
6153 3.709216 1 
6154 3.692408 1 
6156 3.659726 1 
6157 3.642926 1 
6158 3.627290 1 
6372 0.084376 0 
6373 0.068351 0 
6374 0.046661 0 
6375 0.036623 0 
6376 0.020341 0 
6159 3.646705 1 
6160 3.629895 1 
6161 3.613153 1 
6163 3.636879 1 
6164 3.626197 1 
6165 3.611516 1 
6166 3.595294 1 
6167 3.587477 1 
6168 3.571248 1 
6169 3.552930 1 
6170 3.536934 1 
6171 3.520425 1 
6377 0.084913 0 
6378 0.068712 0 
6379 0.051950 0 
6173 3.500883 1 
6174 3.484240 1 
6175 3.467860 1 
6176 3.451200 1 
6177 3.431700 1 
6178 3.415225 1 
6179 3.399628 1 
6380 0.086245 0 
6381 0.069783 0 
6382 0.053724 0 
6383 0.037566 0 
6384 0.021300 0 
6385 0.008847 0 
6386 0.071703 0 
6387 0.055697 0 
6180 3.550687 1 
6181 3.534221 1 
6182 3.517987 1 
6183 3.501744 1 
6184 3.485523 1 
6185 3.469272 1 
6189 3.403742 1 
6190 3.387995 1 
6191 3.371331 1 
6192 3.355046 1 
6388 0.216398 0 
6389 0.200216 0 
6390 0.184278 0 
6391 0.168092 0 
6392 0.151378 0 
6393 0.134373 0 
6394 0.117980 0 
6395 0.100012 0 
6396 0.079374 0 
6193 3.511561 1 
6194 3.495914 1 
6195 3.479845 1 
6196 3.462788 1 
6200 3.397443 1 
6201 3.380099 1 
6202 3.363681 1 
6397 0.186478 0 
6399 0.153984 0 
6400 0.137160 0 
6401 0.121402 0 
6402 0.104966 0 
6403 0.088594 0 
6404 0.072753 0 
6405 0.056006 0 
6406 0.040206 0 
6408 0.062137 0 
6409 0.046709 0 
6410 0.029844 0 
6411 0.090699 0 
6413 0.058018 0 
6207 3.651759 1 
6209 3.619037 1 
6210 3.602477 1 
6214 3.536747 1 
6415 0.210233 0 
6416 0.194107 0 
6417 0.177472 0 
6418 0.161202 0 
6421 0.110560 0 
6422 0.094562 0 
6423 0.078010 0 
6216 3.539601 1 
6217 3.523236 1 
6218 3.518739 1 
6219 3.502279 1 
6222 3.453194 1 
6223 3.436734 1 
6224 3.420571 1 
6424 0.086976 0 
6425 0.070686 0 
6426 0.052308 0 
6225 3.426979 1 
6226 3.410871 1 
6227 3.394441 1 
6228 3.377931 1 
6229 3.359535 1 
6230 3.345225 1 
6231 3.328151 1 
6232 3.326063 1 
6233 3.309460 1 
6235 3.284179 1 
6237 3.250673 1 
6427 0.074432 0 
6428 0.059148 0 
6238 3.329066 1 
6239 3.311347 1 
6240 3.295025 1 
6241 3.279007 1 
6242 3.263381 1 
6243 3.247017 1 
6429 0.167702 0 
6430 0.153250 0 
6431 0.135965 0 
6432 0.120824 0 
6434 0.086752 0 
6436 0.052762 0 
6245 3.264124 1 
6246 3.248523 1 
6247 3.232540 1 
6248 3.216800 1 
6249 3.200594 1 
6250 3.195528 1 
6251 3.179160 1 
6252 3.163124 1 
6253 3.146623 1 
6254 3.130326 1 
6255 3.113678 1 
6256 3.089721 1 
6437 0.062605 0 
6438 0.046413 0 
6439 0.030432 0 
6257 3.081241 1 
6258 3.067856 1 
6259 3.113629 1 
6261 3.081914 1 
6262 3.065769 1 
6263 3.046964 1 
6264 3.031055 1 
6265 3.033283 1 
6266 3.034763 1 
6267 3.018245 1 
6268 3.002138 1 
6269 2.985606 1 
6270 2.966788 1 
6272 2.929681 1 
6440 0.203446 0 
6441 0.186125 0 
6442 0.169620 0 
6444 0.133592 0 
6445 0.115654 0 
6446 0.130146 0 
6447 0.113586 0 
6448 0.097311 0 
6449 0.080978 0 
6450 0.159900 0 
6451 0.143380 0 
6452 0.126863 0 
6453 0.110523 0 
6454 0.148185 0 
6455 0.131930 0 
6456 0.114660 0 
6274 3.156545 1 
6457 0.115201 0 
6458 0.098866 0 
6276 3.143613 1 
6277 3.127434 1 
6278 3.110537 1 
6279 3.094583 1 
6280 3.078089 1 
6282 3.044836 1 
6283 3.029181 1 
6284 3.012819 1 
6285 2.996448 1 
6287 2.988181 1 
6289 2.965084 1 
6290 2.948662 1 
6297 2.843029 1 
6298 2.827680 1 
6299 2.811273 1 
6300 2.794711 1 
6301 2.778442 1 
6302 2.762129 1 
6303 2.745412 1 
6304 2.729385 1 
6305 2.713707 1 
6306 2.697335 1 
6460 0.131576 0 
6461 0.115207 0 
6307 2.692176 1 
6308 2.676153 1 
6309 2.659192 1 
6310 2.642701 1 
6311 2.625752 1 
6462 0.122955 0 
6463 0.106950 0 
6464 0.089899 0 
6465 0.073497 0 
6326 2.446711 1 
6327 2.430459 1 
6328 2.413503 1 
6329 2.395700 1 
6330 2.379322 1 
6331 2.362604 1 
6332 2.346053 1 
6333 2.329764 1 
6334 2.313065 1 
6335 2.295462 1 
6337 2.262722 1 
6338 2.245821 1 
6339 2.229216 1 
6340 2.211770 1 
6341 2.219443 1 
6342 2.203013 1 
6343 2.186291 1 
6345 2.153846 1 
6346 2.137248 1 
6347 2.120978 1 
6471 0.048911 0 
6473 0.016412 0 
6348 2.131076 1 
6350 2.097344 1 
6351 2.080948 1 
6474 0.020219 0 
6357 1.982413 1 
6358 1.965182 1 
6359 1.948772 1 
6360 1.932350 1 
6362 1.897295 1 
6363 1.881024 1 
6364 1.863927 1 
6365 1.847894 1 
6366 1.831041 1 
6367 1.814387 1 
6368 1.797476 1 
6369 1.779421 1 
6370 1.762848 1 
6372 1.730530 1 
6373 1.713965 1 
6475 0.007221 0 
6476 0.025531 0 
6374 1.736863 1 
6375 1.724517 1 
6376 1.708231 1 
6377 1.688509 1 
6378 1.672307 1 
6379 1.655546 1 
6380 1.639166 1 
6381 1.622642 1 
6382 1.606427 1 
6383 1.589961 1 
6384 1.573636 1 
6385 1.560292 1 
6386 1.543313 1 
6387 1.526838 1 
6388 1.510869 1 
6389 1.494700 1 
6390 1.478233 1 
6391 1.462040 1 
6392 1.445327 1 
6393 1.428320 1 
6394 1.411929 1 
6477 0.053820 0 
6478 0.036246 0 
6395 1.427584 1 
6396 1.406957 1 
6397 1.390357 1 
6399 1.357789 1 
6400 1.340900 1 
6401 1.325180 1 
6402 1.308743 1 
6403 1.292373 1 
6404 1.276193 1 
6405 1.259436 1 
6406 1.243346 1 
6408 1.210018 1 
6409 1.194466 1 
6415 1.118735 1 
6416 1.103330 1 
6417 1.086830 1 
6418 1.070841 1 
6421 1.020220 1 
6422 1.004196 1 
6423 0.987513 1 
6424 0.971983 1 
6425 0.955605 1 
6426 0.937337 1 
6427 0.921958 1 
6428 0.907205 1 
6429 0.888333 1 
6430 0.871737 1 
6431 0.854303 1 
6432 0.839152 1 
6434 0.805531 1 
6436 0.771501 1 
6437 0.755733 1 
6438 0.740317 1 
6439 0.723990 1 
6440 0.708040 1 
6441 0.691004 1 
6479 0.071615 0 
6481 0.104536 0 
6482 0.087754 0 
6483 0.071705 0 
6484 0.080638 0 
6486 0.047755 0 
6490 0.064147 0 
6492 0.080782 0 
6493 0.063771 0 
6494 0.047826 0 
6496 0.043764 0 
6497 0.027198 0 
6498 0.083829 0 
6499 0.067130 0 
6500 0.051170 0 
6501 0.034609 0 
6502 0.177546 0 
6503 0.161336 0 
6504 0.145412 0 
6505 0.129580 0 
6506 0.112870 0 
6507 0.096348 0 
6508 0.079734 0 
6509 0.063774 0 
6510 0.057006 0 
6511 0.040635 0 
6512 0.037487 0 
6513 0.021055 0 
6515 0.098336 0 
6516 0.081398 0 
6517 0.095808 0 
6518 0.079725 0 
6519 0.063215 0 
6520 0.160474 0 
6521 0.143838 0 
6523 0.111716 0 
6524 0.095262 0 
6525 0.085368 0 
6526 0.069187 0 
6527 0.053582 0 
6528 0.037242 0 
6529 0.021055 0 
6530 0.085251 0 
6531 0.069282 0 
6532 0.053034 0 
6533 0.036633 0 
6534 0.018988 0 
6536 0.022546 0 
6537 0.024972 0 
6538 0.020944 0 
6539 0.109025 0 
6540 0.092577 0 
6541 0.076169 0 
6542 0.059725 0 
6544 0.028072 0 
6545 0.025801 0 
6546 0.097834 0 
6547 0.081587 0 
6549 0.185364 0 
6550 0.167806 0 
6551 0.152647 0 
6552 0.136408 0 
6554 0.103876 0 
6555 0.127557 0 
6556 0.109046 0 
6557 0.090997 0 
6558 0.073849 0 
6559 0.075664 0 
6561 0.043688 0 
6562 0.027265 0 
6563 0.037835 0 
6564 0.021609 0 
6565 0.056134 0 
6566 0.101476 0 
6567 0.084842 0 
6568 0.068729 0 
6569 0.053019 0 
6571 0.015400 0 
6572 0.038869 0 
6573 0.022645 0 
6574 0.037052 0 
6575 0.085212 0 
6576 0.082053 0 
6577 0.065116 0 
6578 0.049654 0 
6579 0.033467 0 
6580 0.015031 0 
6581 0.103660 0 
6582 0.087538 0 
6583 0.070237 0 
6584 0.053846 0 
6585 0.037616 0 
6586 0.058236 0 
6587 0.041771 0 
6588 0.025295 0 
6589 0.093469 0 
6590 0.077292 0 
6591 0.061062 0 
6592 0.044711 0 
6593 0.132158 0 
6594 0.115820 0 
6595 0.099401 0 
6596 0.083167 0 
6598 0.050187 0 
6599 0.034087 0 
6600 0.017948 0 
6601 0.041903 0 
6602 0.026126 0 
6603 0.013540 0 
6604 0.061706 0 
6605 0.045365 0 
6607 0.074128 0 
6608 0.057920 0 
6609 0.041765 0 
6610 0.025434 0 
6612 0.021323 0 
6614 0.060173 0 
6615 0.045283 0 
6616 0.114674 0 
6617 0.098258 0 
6620 0.048446 0 
6621 0.031349 0 
6622 0.015369 0 
6623 0.079204 0 
6624 0.062879 0 
6625 0.122104 0 
6626 0.105003 0 
6627 0.087473 0 
6628 0.071404 0 
6629 0.055130 0 
6630 0.036149 0 
6631 0.027115 0 
6633 0.021054 0 
6635 0.055330 0 
6636 0.039153 0 
6637 0.022848 0 
6638 0.059591 0 
6639 0.042620 0 
6640 0.026351 0 
6641 0.038930 0 
6643 0.018300 0 
6644 0.074639 0 
6645 0.058156 0 
6646 0.115270 0 
6647 0.099240 0 
6648 0.092363 0 
6649 0.097112 0 
6650 0.080742 0 
6651 0.064413 0 
6652 0.048066 0 
6653 0.031467 0 
6654 0.015261 0 
6655 0.122024 0 
6656 0.105385 0 
6657 0.089214 0 
6659 0.093563 0 
6660 0.150180 0 
6661 0.133693 0 
6662 0.117640 0 
6663 0.100900 0 
6664 0.139422 0 
6665 0.123060 0 
6666 0.106766 0 
6667 0.090895 0 
6668 0.091775 0 
6670 0.059740 0 
6672 0.027333 0 
6673 0.145355 0 
6674 0.128834 0 
6675 0.112421 0 
6676 0.095910 0 
6677 0.079469 0 
6678 0.063293 0 
6680 0.124365 0 
6681 0.107720 0 
6682 0.091505 0 
6683 0.075839 0 
6685 0.041515 0 
6687 0.009411 0 
6688 0.133935 0 
6689 0.117168 0 
6691 0.085112 0 
6692 0.068212 0 
6693 0.052437 0 
6695 0.103387 0 
6696 0.173500 0 
6697 0.157658 0 
6698 0.141201 0 
6699 0.124645 0 
6700 0.108340 0 
6701 0.091913 0 
6702 0.075552 0 
6703 0.058922 0 
6704 0.042437 0 
6705 0.037162 0 
6706 0.020766 0 
6707 0.046828 0 
6708 0.126676 0 
6709 0.110391 0 
6710 0.093411 0 
6711 0.097049 0 
6712 0.079498 0 
6714 0.046917 0 
6715 0.030766 0 
6716 0.014884 0 
6717 0.116300 0 
6718 0.098770 0 
6719 0.082820 0 
6720 0.066390 0 
6722 0.033971 0 
6723 0.017586 0 
6724 0.032373 0 
6725 0.015668 0 
6726 0.010110 0 
6727 0.053048 0 
6728 0.036608 0 
6729 0.032278 0 
6730 0.015437 0 
6731 0.058901 0 
6732 0.041926 0 
6733 0.026599 0 
6735 0.026063 0 
6736 0.018313 0 
6737 0.014593 0 
6738 0.074043 0 
6739 0.059457 0 
6740 0.043235 0 
6741 0.055664 0 
6743 0.024028 0 
6744 0.015577 0 
6745 0.021945 0 
6746 0.033890 0 
6748 0.086709 0 
6749 0.070814 0 
6750 0.054647 0 
6751 0.038228 0 
6753 0.054298 0 
6754 0.037779 0 
6755 0.066699 0 
6756 0.050297 0 
6757 0.034305 0 
6758 0.017826 0 
6760 0.044609 0 
6761 0.074716 0 
6762 0.058009 0 
6763 0.041555 0 
6764 0.043053 0 
6765 0.025893 0 
6766 0.009621 0 
6767 0.081097 0 
6768 0.063978 0 
6770 0.054785 0 
6771 0.038667 0 
6772 0.054554 0 
6773 0.038082 0 
6774 0.104425 0 
6775 0.087745 0 
6776 0.071139 0 
6777 0.054595 0 
6778 0.038063 0 
6779 0.021938 0 
6780 0.103011 0 
6781 0.086912 0 
6782 0.070036 0 
6784 0.113261 0 
6785 0.097383 0 
6786 0.081280 0 
6787 0.064549 0 
6788 0.048434 0 
6789 0.118884 0 
6790 0.102826 0 
6791 0.086629 0 
6792 0.070592 0 
6793 0.054187 0 
6794 0.051559 0 
6795 0.035194 0 
6797 0.075379 0 
6798 0.058373 0 
6799 0.041972 0 
6800 0.124261 0 
6801 0.108102 0 
6802 0.091447 0 
6803 0.075343 0 
6804 0.058979 0 
6806 0.065312 0 
6807 0.049423 0 
6808 0.033174 0 
6809 0.017027 0 
6811 0.014030 0 
6813 0.145190 0 
6814 0.128756 0 
6815 0.112506 0 
6816 0.096134 0 
6824 0.084092 0 
6825 0.067716 0 
6826 0.051246 0 
6827 0.034472 0 
6828 0.044892 0 
6829 0.063005 0 
6830 0.042899 0 
6832 0.081490 0 
6834 0.049386 0 
6835 0.033176 0 
6836 0.115691 0 
6837 0.098505 0 
6838 0.082428 0 
6839 0.066094 0 
6840 0.049618 0 
6842 0.017123 0 
6843 0.084164 0 
6844 0.077845 0 
6845 0.067852 0 
6846 0.047829 0 
6847 0.030777 0 
6848 0.014423 0 
6849 0.031923 0 
6850 0.015719 0 
6851 0.039837 0 
6852 0.041797 0 
6853 0.058210 0 
6854 0.042154 0 
6855 0.025823 0 
6856 0.021878 0 
6858 0.065322 0 
6859 0.084710 0 
6860 0.066943 0 
6861 0.052341 0 
6862 0.035769 0 
6863 0.019666 0 
6864 0.019968 0 
6865 0.010242 0 
6866 0.036364 0 
6867 0.020100 0 
6869 0.066868 0 
6871 0.035267 0 
6872 0.018738 0 
6873 0.178030 0 
6874 0.159717 0 
6875 0.145724 0 
6876 0.129545 0 
6877 0.112828 0 
6879 0.078696 0 
6880 0.063324 0 
6881 0.047120 0 
6882 0.031009 0 
6884 0.016653 0 
6886 0.055373 0 
6887 0.038963 0 
6888 0.037549 0 
6890 0.030375 0 
6891 0.102844 0 
6894 0.094746 0 
6895 0.078539 0 
6896 0.186456 0 
6897 0.166301 0 
6898 0.145771 0 
6899 0.127292 0 
6900 0.109719 0 
6901 0.094223 0 
6902 0.077458 0 
6903 0.061469 0 
6904 0.045173 0 
6905 0.123150 0 
6906 0.106775 0 
6907 0.090929 0 
6908 0.074745 0 
6909 0.058494 0 
6910 0.042763 0 
6911 0.025703 0 
6913 0.056239 0 
6914 0.040196 0 
6915 0.030009 0 
6916 0.013749 0 
6917 0.039816 0 
6918 0.109675 0 
6919 0.092979 0 
6921 0.060660 0 
6922 0.043900 0 
6923 0.028910 0 
6924 0.012702 0 
6925 0.054941 0 
6926 0.038207 0 
6927 0.022103 0 
6928 0.092389 0 
6929 0.076033 0 
6930 0.059696 0 
6931 0.042349 0 
6932 0.025842 0 
6934 0.014333 0 
6935 0.039166 0 
6936 0.023020 0 
6937 0.027825 0 
6938 0.011160 0 
6939 0.012961 0 
6940 0.094971 0 
6942 0.061419 0 
6943 0.046273 0 
6944 0.029910 0 
6945 0.051788 0 
6947 0.018209 0 
6948 0.067766 0 
6949 0.051768 0 
6950 0.035838 0 
6952 0.017630 0 
6953 0.044674 0 
6954 0.026358 0 
6955 0.031279 0 
6956 0.015168 0 
6957 0.033279 0 
6959 0.024316 0 
6960 0.009005 0 
6961 0.038940 0 
6962 0.022343 0 
6963 0.063918 0 
6964 0.047660 0 
6965 0.031310 0 
6966 0.015144 0 
6967 0.057127 0 
6969 0.047370 0 
6970 0.107827 0 
6971 0.091370 0 
6972 0.074784 0 
6973 0.058622 0 
6974 0.042549 0 
6975 0.026073 0 
6977 0.047237 0 
6978 0.107160 0 
6979 0.091214 0 
6980 0.075141 0 
6981 0.057474 0 
6982 0.041339 0 
6983 0.025205 0 
6984 0.084753 0 
6985 0.068645 0 
6986 0.043905 0 
6987 0.031408 0 
6988 0.034640 0 
6989 0.018148 0 
6990 0.031408 0 
6991 0.015132 0 
6992 0.013121 0 
6993 0.136968 0 
6994 0.120732 0 
6996 0.088617 0 
6997 0.072309 0 
6998 0.055748 0 
6999 0.038671 0 
7000 0.022175 0 
7001 0.032989 0 
7002 0.064368 0 
7003 0.047966 0 
7005 0.165504 0 
7006 0.149776 0 
7007 0.133389 0 
7008 0.157445 0 
7012 0.092136 0 
7013 0.129328 0 
7014 0.156310 0 
7015 0.163949 0 
7018 0.111751 0 
7019 0.128555 0 
7020 0.112056 0 
7021 0.095387 0 
7022 0.079070 0 
7023 0.062385 0 
7024 0.046296 0 
7025 0.067969 0 
7026 0.051734 0 
7027 0.035297 0 
7028 0.134891 0 
7029 0.118569 0 
7031 0.086014 0 
7033 0.053285 0 
7034 0.036959 0 
7035 0.024641 0 
7036 0.018784 0 
7037 0.044969 0 
7038 0.028673 0 
7039 0.012478 0 
7041 0.056171 0 
7042 0.039598 0 
7043 0.023266 0 
7044 0.018283 0 
7045 0.044488 0 
7046 0.027844 0 
7047 0.011551 0 
7048 0.026381 0 
7049 0.010014 0 
7050 0.186382 0 
7051 0.169927 0 
7052 0.153911 0 
7053 0.137283 0 
7054 0.120919 0 
7055 0.105313 0 
7057 0.072154 0 
7058 0.079280 0 
7059 0.063088 0 
7060 0.046498 0 
7061 0.042298 0 
7062 0.026167 0 
7063 0.047571 0 
7065 0.062630 0 
7066 0.046196 0 
7070 0.043509 0 
7071 0.027401 0 
7072 0.177110 0 
7073 0.160741 0 
7074 0.144505 0 
7075 0.127619 0 
7076 0.112167 0 
7078 0.079582 0 
7079 0.062579 0 
7080 0.043646 0 
7081 0.025528 0 
7083 0.083121 0 
7085 0.048022 0 
7086 0.028652 0 
7087 0.178590 0 
7089 0.136952 0 
7090 0.125095 0 
7091 0.108601 0 
7093 0.076880 0 
7097 0.077578 0 
7099 0.045327 0 
7100 0.029448 0 
7101 0.173052 0 
7102 0.155168 0 
7103 0.138983 0 
7104 0.119941 0 
7105 0.104826 0 
7106 0.088551 0 
7107 0.072342 0 
7108 0.107305 0 
7109 0.091342 0 
7110 0.074937 0 
7112 0.040635 0 
7113 0.023650 0 
7114 0.062743 0 
7115 0.044911 0 
7116 0.037581 0 
7117 0.032304 0 
7118 0.027000 0 
7120 0.031895 0 
7121 0.015621 0 
7122 0.051268 0 
7123 0.034884 0 
7125 0.089942 0 
7126 0.088875 0 
7127 0.072407 0 
7128 0.055316 0 
7129 0.039283 0 
7130 0.022132 0 
7131 0.034071 0 
7133 0.054742 0 
7134 0.037724 0 
7135 0.021733 0 
7136 0.066429 0 
7137 0.047233 0 
7138 0.030360 0 
7139 0.176334 0 
7141 0.134446 0 
7142 0.119592 0 
7143 0.102189 0 
7144 0.086761 0 
7146 0.054590 0 
7147 0.077933 0 
7148 0.059961 0 
7149 0.083460 0 
7151 0.144748 0 
7152 0.129181 0 
7153 0.113254 0 
7154 0.096780 0 
7155 0.081407 0 
7156 0.064816 0 
7158 0.054899 0 
7159 0.038723 0 
7160 0.051949 0 
7161 0.034072 0 
7162 0.090029 0 
7163 0.074268 0 
7164 0.057552 0 
7165 0.067307 0 
7166 0.050435 0 
7168 0.041119 0 
7169 0.024604 0 
7170 0.069643 0 
7171 0.102654 0 
7172 0.081756 0 
7173 0.066171 0 
7174 0.050129 0 
7175 0.033072 0 
7176 0.036695 0 
7177 0.020368 0 
7178 0.026136 0 
7179 0.018230 0 
7180 0.074764 0 
7181 0.058975 0 
7182 0.042800 0 
7183 0.026273 0 
7184 0.098623 0 
7185 0.171286 0 
7186 0.155411 0 
7187 0.138960 0 
7188 0.122773 0 
7189 0.106508 0 
7190 0.089869 0 
7191 0.073166 0 
7192 0.057106 0 
7193 0.041116 0 
7195 0.160731 0 
7196 0.145199 0 
7197 0.128846 0 
7198 0.112394 0 
7199 0.093450 0 
7200 0.079768 0 
7201 0.119825 0 
7202 0.103625 0 
7204 0.071046 0 
7205 0.228452 0 
7206 0.211820 0 
7207 0.195127 0 
7209 0.163272 0 
7211 0.129929 0 
7212 0.114195 0 
7213 0.140098 0 
7214 0.123631 0 
7217 0.073999 0 
7218 0.058133 0 
7219 0.055450 0 
7220 0.072905 0 
7221 0.057188 0 
7222 0.040729 0 
7223 0.053150 0 
7224 0.034620 0 
7225 0.049362 0 
7226 0.032236 0 
7227 0.016250 0 
7228 0.030094 0 
7230 0.006955 0 
7232 0.070572 0 
7233 0.054157 0 
7234 0.037205 0 
7235 0.058678 0 
7236 0.044660 0 
7237 0.029207 0 
7238 0.011185 0 
7240 0.042253 0 
7241 0.070527 0 
7242 0.054302 0 
7243 0.037861 0 
7244 0.059496 0 
7245 0.175254 0 
7246 0.158775 0 
7247 0.142516 0 
7248 0.125964 0 
7249 0.109069 0 
7250 0.092344 0 
7251 0.076033 0 
7252 0.059188 0 
7253 0.041595 0 
7254 0.024822 0 
7256 0.056375 0 
7257 0.039586 0 
7258 0.104554 0 
7259 0.084845 0 
7260 0.125812 0 
7261 0.109310 0 
7262 0.092142 0 
7263 0.075781 0 
7264 0.059709 0 
7265 0.042854 0 
7267 0.062790 0 
7269 0.029719 0 
7270 0.013580 0 
7271 0.076198 0 
7272 0.058120 0 
7273 0.078960 0 
7274 0.062812 0 
7275 0.054617 0 
7277 0.047895 0 
7278 0.032340 0 
7279 0.015855 0 
7280 0.151764 0 
7282 0.117882 0 
7284 0.116687 0 
7285 0.100046 0 
7286 0.096230 0 
7288 0.063495 0 
7289 0.047328 0 
7290 0.031090 0 
7292 0.015170 0 
7293 0.020634 0 
7294 0.056940 0 
7295 0.040492 0 
7296 0.023711 0 
7297 0.036298 0 
7298 0.153588 0 
7299 0.136909 0 
7300 0.119912 0 
7301 0.103368 0 
7302 0.086760 0 
7303 0.103504 0 
7304 0.086591 0 
7305 0.070353 0 
7306 0.052535 0 
7307 0.092898 0 
7308 0.076273 0 
7309 0.059313 0 
7311 0.025943 0 
7312 0.022326 0 
7313 0.072259 0 
7314 0.055499 0 
7315 0.038381 0 
7316 0.065438 0 
7317 0.048842 0 
7319 0.070046 0 
7320 0.053609 0 
7321 0.037246 0 
7322 0.020969 0 
7323 0.074330 0 
7324 0.056735 0 
7325 0.058736 0 
7326 0.067037 0 
7327 0.046671 0 
7328 0.032137 0 
7329 0.016649 0 
7330 0.013985 0 
7332 0.026800 0 
7333 0.009684 0 
7334 0.020222 0 
7335 0.121662 0 
7336 0.133298 0 
7337 0.115083 0 
7338 0.100492 0 
7340 0.139021 0 
7341 0.183643 0 
7342 0.166512 0 
7343 0.151176 0 
7346 0.101557 0 
7347 0.085217 0 
7348 0.095613 0 
7350 0.062743 0 
7351 0.150042 0 
7352 0.133353 0 
7353 0.116992 0 
7354 0.100619 0 
7355 0.082793 0 
7357 0.051375 0 
7358 0.128933 0 
7359 0.223993 0 
7360 0.207514 0 
7361 0.187174 0 
7364 0.135901 0 
7365 0.119836 0 
7367 0.087219 0 
7368 0.070312 0 
7369 0.053878 0 
7370 0.036989 0 
7371 0.020693 0 
7372 0.014895 0 
7373 0.068433 0 
7374 0.082128 0 
7375 0.066083 0 
7376 0.048822 0 
7377 0.032704 0 
7378 0.015869 0 
7379 0.031492 0 
7380 0.092100 0 
7381 0.076216 0 
7382 0.059563 0 
7383 0.060325 0 
7384 0.044122 0 
7385 0.027654 0 
7386 0.072676 0 
7387 0.056434 0 
7388 0.040834 0 
7389 0.024603 0 
7390 0.063007 0 
7391 0.045966 0 
7392 0.060947 0 
7394 0.074582 0 
7395 0.057915 0 
7396 0.060262 0 
7397 0.044489 0 
7398 0.025172 0 
7399 0.008883 0 
7400 0.032074 0 
7401 0.016136 0 
7403 0.054530 0 
7404 0.037986 0 
7405 0.021307 0 
7406 0.039993 0 
7408 0.034930 0 
7410 0.038011 0 
7411 0.039690 0 
7412 0.030495 0 
7413 0.091350 0 
7416 0.042293 0 
7417 0.023715 0 
7418 0.037561 0 
7419 0.174036 0 
7420 0.155096 0 
7421 0.138518 0 
7422 0.121008 0 
7424 0.292872 0 
7425 0.276866 0 
7426 0.260726 0 
7427 0.244271 0 
7429 0.203702 0 
7431 0.299419 0 
7432 0.283308 0 
7433 0.267214 0 
7434 0.248692 0 
7435 0.248616 0 
7436 0.225008 0 
7437 0.208693 0 
7439 0.175077 0 
7440 0.199136 0 
7441 0.181952 0 
7442 0.166094 0 
7443 0.149829 0 
7444 0.131233 0 
7445 0.115376 0 
7446 0.099026 0 
7447 0.082627 0 
7448 0.065176 0 
7449 0.049228 0 
7450 0.096798 0 
7451 0.076445 0 
7452 0.059662 0 
7453 0.040867 0 
7456 0.088844 0 
7457 0.150064 0 
7458 0.131705 0 
7459 0.138937 0 
7460 0.123729 0 
7461 0.107523 0 
7462 0.088876 0 
7463 0.072249 0 
7464 0.058625 0 
7466 0.091558 0 
7468 0.059099 0 
7469 0.043196 0 
7470 0.027194 0 
7471 0.114536 0 
7472 0.092746 0 
7473 0.192084 0 
7474 0.176292 0 
7476 0.144049 0 
7477 0.127405 0 
7478 0.110820 0 
7479 0.092604 0 
7481 0.059726 0 
7483 0.101365 0 
7484 0.084892 0 
7485 0.068004 0 
7487 0.032085 0 
7488 0.016322 0 
7489 0.064790 0 
7491 0.030984 0 
7492 0.013098 0 
7493 0.040244 0 
7494 0.023595 0 
7495 0.090945 0 
7496 0.070607 0 
7497 0.054097 0 
7498 0.037753 0 
7499 0.021157 0 
7500 0.015484 0 
7501 0.069268 0 
7502 0.052689 0 
7503 0.036341 0 
7504 0.020151 0 
7505 0.072216 0 
7506 0.055874 0 
7507 0.039801 0 
7508 0.023930 0 
7510 0.035097 0 
7511 0.018521 0 
7512 0.064990 0 
7513 0.049045 0 
7514 0.050960 0 
7515 0.095078 0 
7516 0.079153 0 
7518 0.046567 0 
7519 0.029719 0 
7520 0.029656 0 
7521 0.012048 0 
7522 0.062539 0 
7523 0.046560 0 
7524 0.030035 0 
7525 0.068038 0 
7526 0.050703 0 
7527 0.034275 0 
7528 0.017806 0 
7529 0.098293 0 
7531 0.141232 0 
7532 0.124841 0 
7533 0.107624 0 
7534 0.091633 0 
7535 0.074818 0 
7536 0.057893 0 
7537 0.038254 0 
7539 0.174747 0 
7540 0.158275 0 
7541 0.140469 0 
7542 0.124337 0 
7544 0.089302 0 
7545 0.074737 0 
7546 0.057940 0 
7547 0.041902 0 
7549 0.098671 0 
7550 0.152360 0 
7551 0.135019 0 
7552 0.118589 0 
7553 0.102069 0 
7554 0.086151 0 
7556 0.052063 0 
7557 0.099712 0 
7558 0.083680 0 
7559 0.067570 0 
7560 0.101578 0 
7561 0.267142 0 
7562 0.248727 0 
7563 0.227466 0 
7566 0.176485 0 
7567 0.160410 0 
7568 0.145094 0 
7569 0.128380 0 
7570 0.112122 0 
7571 0.095335 0 
7572 0.078821 0 
7573 0.062003 0 
7574 0.050643 0 
7575 0.034425 0 
7576 0.037545 0 
7577 0.027929 0 
7578 0.010756 0 
7579 0.089469 0 
7580 0.073426 0 
7581 0.057138 0 
7582 0.040588 0 
7583 0.024099 0 
7584 0.042656 0 
7585 0.024899 0 
7586 0.040092 0 
7587 0.023611 0 
7588 0.011564 0 
7589 0.071188 0 
7590 0.083866 0 
7591 0.068147 0 
7593 0.039085 0 
7594 0.022765 0 
7595 0.006296 0 
7596 0.018089 0 
7597 0.048373 0 
7598 0.059547 0 
7599 0.043148 0 
7600 0.026749 0 
7602 0.099832 0 
7603 0.084303 0 
7604 0.067742 0 
7605 0.052327 0 
7607 0.073924 0 
7609 0.096086 0 
7611 0.165850 0 
7612 0.150187 0 
7615 0.098021 0 
7616 0.081615 0 
7617 0.065220 0 
7618 0.048692 0 
7619 0.032263 0 
7620 0.015357 0 
7621 0.042066 0 
7622 0.026320 0 
7623 0.060328 0 
7624 0.044951 0 
7625 0.028774 0 
7626 0.012400 0 
7628 0.039905 0 
7630 0.068722 0 
7631 0.053955 0 
7632 0.037117 0 
7633 0.020725 0 
7634 0.042528 0 
7635 0.026535 0 
7636 0.010168 0 
7638 0.072927 0 
7639 0.056335 0 
7640 0.040660 0 
7641 0.024611 0 
7642 0.053222 0 
7643 0.037420 0 
7644 0.017902 0 
7645 0.034683 0 
7646 0.018134 0 
7647 0.089010 0 
7648 0.075870 0 
7649 0.091134 0 
7650 0.075891 0 
7651 0.059620 0 
7652 0.142473 0 
7654 0.131923 0 
7655 0.111831 0 
7656 0.143215 0 
7657 0.127717 0 
7658 0.111327 0 
7659 0.102178 0 
7660 0.174899 0 
7661 0.158405 0 
7662 0.142291 0 
7663 0.126533 0 
7665 0.093900 0 
7667 0.126765 0 
7668 0.109818 0 
7669 0.093709 0 
7670 0.114672 0 
7671 0.098621 0 
7672 0.082200 0 
7673 0.113245 0 
7675 0.080847 0 
7676 0.064784 0 
7677 0.090939 0 
7678 0.074584 0 
7680 0.039269 0 
7682 0.035644 0 
7683 0.019339 0 
7686 0.038580 0 
7688 0.040379 0 
7690 0.023327 0 
7691 0.062680 0 
7692 0.046443 0 
7693 0.029605 0 
7694 0.045961 0 
7695 0.029881 0 
7696 0.051187 0 
7697 0.102011 0 
7698 0.085706 0 
7699 0.066828 0 
7700 0.050812 0 
7701 0.031842 0 
7702 0.195214 0 
7703 0.179077 0 
7704 0.161410 0 
7705 0.144224 0 
7707 0.148331 0 
7709 0.112887 0 
7710 0.094756 0 
7711 0.078733 0 
7712 0.068799 0 
7713 0.049487 0 
7714 0.031877 0 
7715 0.014283 0 
7717 0.069955 0 
7718 0.053826 0 
7719 0.037760 0 
7720 0.104302 0 
7721 0.087898 0 
7722 0.072106 0 
7723 0.055349 0 
7724 0.038482 0 
7725 0.118850 0 
7726 0.120354 0 
7727 0.103657 0 
7728 0.121363 0 
7730 0.089070 0 
7731 0.072203 0 
7732 0.055694 0 
7734 0.152565 0 
7735 0.145219 0 
7736 0.129724 0 
7738 0.096819 0 
7739 0.181083 0 
7740 0.164684 0 
7741 0.148392 0 
7743 0.112896 0 
7744 0.096631 0 
7745 0.076859 0 
7746 0.062055 0 
7748 0.029138 0 
7749 0.016124 0 
7750 0.073439 0 
7751 0.105477 0 
7752 0.089789 0 
7753 0.067218 0 
7755 0.026645 0 
7756 0.078715 0 
7757 0.114187 0 
7758 0.097656 0 
7759 0.079988 0 
7760 0.063728 0 
7761 0.045564 0 
7762 0.028041 0 
7763 0.011706 0 
7765 0.033502 0 
7766 0.016715 0 
7767 0.076283 0 
7768 0.053056 0 
7769 0.037829 0 
7770 0.020007 0 
7771 0.109103 0 
7772 0.092304 0 
7773 0.076143 0 
7774 0.141530 0 
7775 0.123467 0 
7776 0.107577 0 
7777 0.091495 0 
7778 0.075351 0 
7779 0.057950 0 
7780 0.040676 0 
7781 0.064851 0 
7782 0.098825 0 
7783 0.081329 0 
7784 0.065946 0 
7785 0.048850 0 
7786 0.032659 0 
7787 0.077606 0 
7788 0.059834 0 
7789 0.038495 0 
7790 0.054581 0 
7792 0.075313 0 
7793 0.161573 0 
7794 0.145576 0 
7795 0.129476 0 
7796 0.113443 0 
7797 0.191590 0 
7798 0.174985 0 
7799 0.158237 0 
7801 0.122154 0 
7802 0.105231 0 
7803 0.089264 0 
7804 0.072889 0 
7806 0.039686 0 
7808 0.046839 0 
