2024-09-02 20:30:02
../stream-replay/logs/stuttering-6206.txt
1725279996.4947505
1725279996.5030177
1725279996.534918
1725279996.5730166
1725279996.5736253
1725279996.5801785
1725279996.5990493
1725279996.6171315
1725279996.7113254
1725279996.7117956
1725279996.7126775
1725279996.7843366
1725279996.7849035
1725279996.7854767
1725279996.7966855
1725279996.7971869
1725279996.7978683
1725279996.798405
1725279996.8119984
1725279996.8126533
1725279996.8301318
1725279996.858598
1725279996.8590784
1725279996.894493
1725279996.8950734
1725279996.925294
1725279996.9258242
1725279996.9569185
1725279996.9721577
1725279996.9881217
1725279997.0118196
1725279997.064579
1725279997.064733
1725279997.0655572
1725279997.0775764
1725279997.0823762
1725279997.1271644
1725279997.1444263
1725279997.1726336
1725279997.1726546
1725279997.1959193
1725279997.2531319
1725279997.2777736
1725279997.2954497
1725279997.3182836
1725279997.336367
1725279997.3739884
1725279997.433088
1725279997.4336717
1725279997.4341986
1725279997.4346724
1725279997.4351182
1725279997.4743943
1725279997.4749084
1725279997.4974613
1725279997.4980922
1725279997.5142388
1725279997.5501559
1725279997.5949855
1725279997.595517
1725279997.6171644
1725279997.6364155
1725279997.6520212
1725279997.6652489
1725279997.6807442
1725279997.7200747
1725279997.7552052
1725279997.7558568
1725279997.7692838
1725279997.794479
1725279997.7949762
1725279997.838762
1725279997.8392746
1725279997.8468246
1725279997.8610048
1725279997.893974
1725279997.89449
1725279997.910286
1725279997.9257813
1725279997.9543004
1725279997.9821362
1725279998.0066662
1725279998.0127745
1725279998.028185
1725279998.0404515
1725279998.0532858
1725279998.0769856
1725279998.1086032
1725279998.1091297
1725279998.1233478
1725279998.1711707
1725279998.191839
1725279998.2031484
1725279998.2452662
1725279998.2457922
1725279998.2726038
1725279998.2734606
1725279998.2881255
1725279998.3348844
1725279998.3354492
1725279998.3682272
1725279998.3735259
1725279998.4536467
1725279998.4621663
1725279998.46266
1725279998.473443
1725279998.5219636
1725279998.5393114
1725279998.5399053
1725279998.5659075
1725279998.5802646
1725279998.6000967
1725279998.635119
1725279998.6355646
1725279998.6616068
1725279998.6770294
1725279998.6837256
1725279998.7085757
1725279998.71482
1725279998.7300563
1725279998.749784
1725279998.7670743
1725279998.801684
1725279998.8024952
1725279998.8310719
1725279998.8381002
1725279998.8514168
1725279998.919794
1725279998.920409
1725279998.943357
1725279998.9576364
1725279998.9585352
1725279998.9660819
1725279998.9810815
1725279999.0121992
1725279999.023734
1725279999.0418303
1725279999.0618477
1725279999.0925035
1725279999.0935187
1725279999.1220388
1725279999.1225376
1725279999.149056
1725279999.1707416
1725279999.1712954
1725279999.1847427
1725279999.219297
1725279999.269641
1725279999.2702534
1725279999.275028
1725279999.2896585
1725279999.300932
1725279999.3446267
1725279999.3650773
1725279999.3731942
1725279999.3940444
1725279999.4173048
1725279999.4352906
1725279999.4534671
1725279999.4638214
1725279999.4829552
1725279999.5333824
1725279999.536172
1725279999.5493202
1725279999.5818274
1725279999.5823705
1725279999.599823
1725279999.6494832
1725279999.667076
1725279999.6682687
1725279999.681885
1725279999.6985261
1725279999.7434475
1725279999.7446253
1725279999.7473679
1725279999.7767718
1725279999.7981195
1725279999.8104675
1725279999.8472238
1725279999.8473191
1725279999.8597176
1725279999.896869
1725279999.8974833
1725279999.929503
1725279999.9303708
1725279999.9537663
1725280000.0064118
1725280000.0068986
1725280000.0073862
1725280000.0162582
1725280000.0329373
1725280000.0606174
1725280000.0614603
1725280000.0899446
1725280000.0904827
1725280000.1125038
1725280000.1439025
1725280000.1444461
1725280000.1648564
1725280000.1670573
1725280000.1965191
1725280000.2220173
1725280000.2309632
1725280000.2816772
1725280000.2823067
1725280000.3010778
1725280000.3016348
1725280000.3268168
1725280000.3346283
1725280000.3643184
1725280000.4226902
1725280000.4233236
1725280000.42335
1725280000.4353452
1725280000.4631026
1725280000.5141027
1725280000.5314217
1725280000.5689898
1725280000.5696795
1725280000.6104126
1725280000.611003
1725280000.6377928
1725280000.6724188
1725280000.6730273
1725280000.6811993
1725280000.6952236
1725280000.7103937
1725280000.732037
1725280000.777242
1725280000.777759
1725280000.7783093
1725280000.8161645
1725280000.8460662
1725280000.8668988
1725280000.873082
1725280000.901151
1725280000.9020627
1725280000.9918911
1725280000.9923363
1725280000.9933763
1725280001.0308459
1725280001.0314226
1725280001.031948
1725280001.0459683
1725280001.0515966
1725280001.0686953
1725280001.09169
1725280001.1044848
1725280001.1333563
1725280001.1347013
1725280001.1565125
1725280001.1818545
1725280001.182652
1725280001.201847
1725280001.2664828
1725280001.2799864
1725280001.281105
1725280001.2969713
1725280001.297461
1725280001.312413
1725280001.3466396
1725280001.3543792
1725280001.3662217
1725280001.3803627
1725280001.4188945
1725280001.451749
1725280001.46012
1725280001.521458
1725280001.5219424
1725280001.5225093
1725280001.562814
1725280001.563473
1725280001.579255
1725280001.6077685
1725280001.6082282
1725280001.6238136
1725280001.6607969
1725280001.7193372
1725280001.7200084
1725280001.7326517
1725280001.7540066
1725280001.800341
1725280001.801372
1725280001.8362868
1725280001.8370774
1725280001.8565073
1725280001.8775163
1725280001.8949394
1725280001.921952
1725280001.922985
1725280001.9388742
1725280001.9559946
1725280001.9947803
1725280001.9952364
1725280002.0053072
1725280002.0228007
1725280002.0272028
1725280002.0519638
1725280002.0707877
1725280002.0929399
1725280002.1256337
1725280002.170302
1725280002.1707714
1725280002.171296
1725280002.274672
1725280002.275528
1725280002.2801683
1725280002.297795
1725280002.2983377
1725280002.2989128
1725280002.2994452
1725280002.313877
1725280002.3508406
1725280002.3518567
1725280002.3823004
1725280002.383009
1725280002.4127586
1725280002.413306
1725280002.4268253
1725280002.4430113
1725280002.5049365
1725280002.5058877
1725280002.5593336
1725280002.560624
1725280002.5623183
1725280002.5628452
1725280002.587436
1725280002.6332834
1725280002.6341567
1725280002.6603332
1725280002.6689718
1725280002.6949632
1725280002.7348864
1725280002.735441
1725280002.7774706
1725280002.778325
1725280002.7913182
1725280002.8472476
1725280002.8477266
1725280002.8482113
1725280002.8558645
1725280002.8913016
1725280002.921322
1725280002.9431589
1725280002.9437034
1725280002.9526002
1725280002.9771109
1725280002.9935148
1725280003.0152397
1725280003.0249794
1725280003.0678997
1725280003.093356
1725280003.0973153
1725280003.1688302
1725280003.1694045
1725280003.170365
1725280003.174346
1725280003.1749716
1725280003.2674103
1725280003.2679956
1725280003.2906876
1725280003.2912111
1725280003.2923033
1725280003.294097
1725280003.3028548
1725280003.303365
1725280003.3238702
1725280003.3727067
1725280003.3732858
1725280003.3737907
1725280003.397043
1725280003.3975408
1725280003.4279134
1725280003.4284573
1725280003.4974213
1725280003.4979253
1725280003.507182
1725280003.5182445
1725280003.537983
1725280003.541663
1725280003.5735278
1725280003.586888
1725280003.5929673
1725280003.6344147
1725280003.6743503
1725280003.6839995
1725280003.6840253
1725280003.7055032
1725280003.7282393
1725280003.7757087
1725280003.8172073
1725280003.946045
1725280003.946687
1725280003.94761
1725280003.964674
1725280003.965218
1725280003.9662263
1725280003.9693615
1725280003.998274
1725280004.0009596
1725280004.0017483
1725280004.0230105
1725280004.0236762
1725280004.0241885
1725280004.054733
1725280004.0813446
1725280004.1068828
1725280004.1239614
1725280004.1373801
1725280004.1827872
1725280004.1833954
1725280004.190894
1725280004.205258
1725280004.2420733
1725280004.269799
1725280004.2698715
1725280004.283407
1725280004.3039837
1725280004.3262873
1725280004.347921
1725280004.3488805
1725280004.3644645
1725280004.4069374
1725280004.407703
1725280004.4182532
1725280004.4686806
1725280004.4691453
1725280004.4696996
1725280004.545765
1725280004.5756407
1725280004.5773058
1725280004.5869367
1725280004.5874245
1725280004.5879338
1725280004.5938106
1725280004.6243136
1725280004.6249762
1725280004.6465096
1725280004.6795058
1725280004.7064297
1725280004.7341592
1725280004.7439492
1725280004.7573385
1725280004.7785296
1725280004.8058612
1725280004.8064742
1725280004.8394454
1725280004.8618524
1725280004.868373
1725280004.8915083
1725280004.9290762
1725280004.965234
1725280004.965699
1725280004.99873
1725280005.026235
1725280005.0367596
1725280005.0495021
1725280005.1164074
1725280005.117025
1725280005.1177015
1725280005.1404028
1725280005.1894987
1725280005.1903758
1725280005.202205
1725280005.2028947
1725280005.2210937
1725280005.2364979
1725280005.2616153
1725280005.2676039
1725280005.2795124
1725280005.3037112
1725280005.31401
1725280005.3384302
1725280005.3545294
1725280005.3617482
1725280005.4151113
1725280005.4156072
1725280005.4271183
1725280005.4586544
1725280005.479368
1725280005.4803677
1725280005.4995506
1725280005.530023
1725280005.5489519
1725280005.580827
1725280005.5813558
1725280005.6010165
1725280005.6386075
1725280005.6393933
1725280005.6474884
1725280005.6769476
1725280005.6815324
1725280005.695341
1725280005.73935
1725280005.7483692
1725280005.7615511
1725280005.7786407
1725280005.79776
1725280005.8090956
1725280005.8284009
1725280005.8616667
1725280005.8746905
1725280005.908965
1725280005.9103308
1725280005.929915
1725280005.9590383
1725280005.9730804
1725280005.9911191
1725280006.0180056
1725280006.051954
1725280006.085313
1725280006.085824
1725280006.0882478
1725280006.109536
1725280006.1204891
1725280006.1557581
1725280006.1803715
1725280006.21122
1725280006.2420292
1725280006.248065
1725280006.2481725
1725280006.2546308
1725280006.2759452
1725280006.2952902
1725280006.3215616
1725280006.335434
1725280006.3522394
1725280006.3634937
1725280006.3862336
1725280006.3991163
1725280006.4516628
1725280006.4521604
1725280006.5027094
1725280006.503304
1725280006.5038545
1725280006.5066824
1725280006.5340405
1725280006.534538
1725280006.6011033
1725280006.6016498
1725280006.6500244
1725280006.6513078
1725280006.6518302
1725280006.655248
1725280006.6553516
1725280006.6643958
1725280006.6733544
1725280006.6942265
1725280006.709309
1725280006.732698
1725280006.7681868
1725280006.7750058
1725280006.7994618
1725280006.8099692
1725280006.8206449
1725280006.8565593
1725280006.857118
1725280006.874015
1725280006.9266474
1725280006.9282792
1725280006.941955
1725280006.9502597
1725280006.9890547
1725280007.0384426
1725280007.053747
1725280007.0704663
1725280007.0755053
1725280007.1239285
1725280007.1412656
1725280007.158279
1725280007.245035
1725280007.2455525
1725280007.2460816
1725280007.2532773
1725280007.2807178
1725280007.2822611
1725280007.2897289
1725280007.2903214
1725280007.3296833
1725280007.3316252
1725280007.3625946
1725280007.377139
1725280007.397125
1725280007.4589825
1725280007.4594762
1725280007.4599812
1725280007.463355
1725280007.494462
1725280007.522455
1725280007.5236788
1725280007.5445154
1725280007.5599525
1725280007.6024277
1725280007.6029553
1725280007.6867726
1725280007.6872525
1725280007.6881316
1725280007.7341845
1725280007.7347002
1725280007.7352254
1725280007.73573
1725280007.7620623
1725280007.8024938
1725280007.8113241
1725280007.812315
1725280007.830457
1725280007.8314657
1725280007.8535938
1725280007.8541017
1725280007.8707523
1725280007.8958242
1725280007.9122057
1725280008.0049129
1725280008.005799
1725280008.006332
1725280008.014321
1725280008.0149646
1725280008.034132
1725280008.0482638
1725280008.072595
1725280008.0969114
1725280008.1218202
1725280008.1611116
1725280008.1616116
1725280008.1921983
1725280008.2348614
1725280008.2353737
1725280008.251517
1725280008.282633
1725280008.3126297
1725280008.32636
1725280008.348403
1725280008.367861
1725280008.3991344
1725280008.3996766
1725280008.4368236
1725280008.4382703
1725280008.4756145
1725280008.47672
1725280008.4860609
1725280008.511094
1725280008.548727
1725280008.549272
1725280008.549929
1725280008.5834146
1725280008.5843844
1725280008.618908
1725280008.6196024
1725280008.6391885
1725280008.6783142
1725280008.678789
1725280008.6955035
1725280008.7162206
1725280008.764994
1725280008.7926548
1725280008.7927663
1725280008.8187041
1725280008.8191707
1725280008.8245924
1725280008.8762202
1725280008.8767421
1725280008.8775845
1725280008.921221
1725280008.9217362
1725280008.933536
1725280008.9454887
1725280009.0107822
1725280009.0112772
1725280009.0128975
1725280009.0235624
1725280009.056393
1725280009.0575078
1725280009.0675216
1725280009.087336
1725280009.1375246
1725280009.138155
1725280009.1830785
1725280009.18408
1725280009.20436
1725280009.2148461
1725280009.2570262
1725280009.2577624
1725280009.3092823
1725280009.309489
1725280009.3170378
1725280009.330218
1725280009.34589
1725280009.3670092
1725280009.3845217
1725280009.4169817
1725280009.4279296
1725280009.4583101
1725280009.4597921
1725280009.475264
1725280009.5068455
1725280009.512325
1725280009.5311184
1725280009.5399013
1725280009.5838697
1725280009.5985463
1725280009.6155539
1725280009.6207361
1725280009.6717298
1725280009.6722448
1725280009.6729393
1725280009.684025
1725280009.7062554
1725280009.7216523
1725280009.746486
1725280009.7520566
1725280009.7662125
1725280009.782795
1725280009.8312788
1725280009.831785
1725280009.8496048
1725280009.8506777
1725280009.8736997
1725280009.8819654
1725280009.9052734
1725280009.9368362
1725280009.937827
1725280009.9455202
1725280009.9675133
1725280009.9843023
1725280010.0268035
1725280010.0472617
1725280010.0479107
1725280010.0663435
1725280010.1029506
1725280010.1034641
1725280010.1324706
1725280010.1330903
1725280010.1850057
1725280010.1857471
1725280010.1883292
1725280010.206806
1725280010.2418292
1725280010.2731445
1725280010.302367
1725280010.3213022
1725280010.348653
1725280010.3886
1725280010.388719
1725280010.4348037
1725280010.4432867
1725280010.445511
1725280010.4579914
1725280010.4877403
1725280010.4887264
1725280010.5041602
1725280010.5344567
1725280010.5349295
1725280010.5599275
1725280010.5863576
1725280010.62088
1725280010.6458092
1725280010.6476724
1725280010.6625803
1725280010.68416
1725280010.7109182
1725280010.7579312
1725280010.7588246
1725280010.7658665
1725280010.801509
1725280010.8020427
1725280010.8263052
1725280010.8268945
1725280010.8753908
1725280010.8818202
1725280010.8821766
1725280010.9011922
1725280010.9095273
1725280010.9235785
1725280010.9678984
1725280010.9769375
1725280010.9809155
1725280011.0472398
1725280011.0540237
1725280011.0548573
1725280011.0683806
1725280011.0841198
1725280011.0962412
1725280011.1188927
1725280011.1193984
1725280011.1575427
1725280011.157734
1725280011.205943
1725280011.2196944
1725280011.2401907
1725280011.2608483
1725280011.26993
1725280011.3425798
1725280011.3441656
1725280011.3464665
1725280011.3646526
1725280011.4007146
1725280011.4012513
1725280011.410791
1725280011.47524
1725280011.476207
1725280011.4818592
1725280011.495884
1725280011.567672
1725280011.5696764
1725280011.5702941
1725280011.6036513
1725280011.6238844
1725280011.6245375
1725280011.663763
1725280011.6642456
1725280011.6904953
1725280011.6986747
1725280011.7235973
1725280011.7241507
1725280011.7701342
1725280011.7707279
1725280011.7712066
1725280011.8127987
1725280011.8133173
1725280011.824313
1725280011.8383775
1725280011.8572037
1725280011.8745522
1725280011.9478657
1725280011.9484777
1725280011.9549253
1725280011.955424
1725280011.990092
1725280011.9910674
1725280012.0335577
1725280012.0341303
1725280012.0491977
1725280012.06278
1725280012.0799673
1725280012.1415937
1725280012.1423497
1725280012.156057
1725280012.1567142
1725280012.1849656
1725280012.1854796
1725280012.2161586
1725280012.2162597
1725280012.2501545
1725280012.269377
1725280012.2874682
1725280012.3309083
1725280012.331705
1725280012.3411622
1725280012.3416836
1725280012.3822536
1725280012.3967748
1725280012.428126
1725280012.4295795
1725280012.4583054
1725280012.4726987
1725280012.4928288
1725280012.5167885
1725280012.5624547
1725280012.5822499
1725280012.5828052
1725280012.583288
1725280012.6189885
1725280012.6194508
1725280012.6521988
1725280012.6640413
1725280012.6864905
1725280012.7099774
1725280012.7689936
1725280012.769482
1725280012.7908685
1725280012.79134
1725280012.7919035
1725280012.821465
1725280012.833343
1725280012.8532727
1725280012.8769112
1725280012.893439
1725280012.9149957
1725280012.9307015
1725280012.9307926
1725280012.95649
1725280012.9858854
1725280012.9863691
1725280013.006074
1725280013.0231411
1725280013.0407546
1725280013.0532722
1725280013.0661268
1725280013.0944622
1725280013.1050332
1725280013.1580884
1725280013.158576
1725280013.1590931
1725280013.1682894
1725280013.190136
1725280013.2282686
1725280013.2283826
1725280013.2294106
1725280013.2653337
1725280013.298038
1725280013.2983904
1725280013.3141303
1725280013.3408902
1725280013.3612013
1725280013.3616502
1725280013.3787744
1725280013.422861
1725280013.4234676
1725280013.4414654
1725280013.4580538
1725280013.4916089
1725280013.5331316
1725280013.5697725
1725280013.605074
1725280013.605754
1725280013.6270063
1725280013.6618445
1725280013.6625364
1725280013.725173
1725280013.725737
1725280013.726302
1725280013.7268453
1725280013.7470095
1725280013.771139
1725280013.7716565
1725280013.7946136
1725280013.810262
1725280013.835441
1725280013.8925524
1725280013.8930993
1725280013.8962765
1725280013.9141505
1725280013.931172
1725280013.9541063
1725280014.0222301
1725280014.0233223
1725280014.027952
1725280014.043935
1725280014.0522368
1725280014.0721521
1725280014.0855925
1725280014.1098537
1725280014.1103787
1725280014.1276984
1725280014.154331
1725280014.177791
1725280014.1784282
1725280014.1940854
1725280014.2230494
1725280014.2514215
1725280014.2690058
1725280014.284605
1725280014.3108292
1725280014.3141398
1725280014.325409
1725280014.3587685
1725280014.3593478
1725280014.3736768
1725280014.3866608
1725280014.4232717
1725280014.443222
1725280014.4742823
1725280014.4910183
1725280014.5080774
1725280014.5407329
1725280014.541199
1725280014.556232
1725280014.6119478
1725280014.6130667
1725280014.6214414
1725280014.6399415
1725280014.656741
1725280014.6863523
1725280014.7397468
1725280014.7402537
1725280014.7497413
1725280014.789929
1725280014.8206038
1725280014.821494
1725280014.8479748
1725280014.8802989
1725280014.886478
1725280014.8951638
1725280014.930012
1725280014.9308245
1725280014.9626143
1725280014.963088
1725280014.983651
1725280015.0284293
1725280015.0296466
1725280015.030146
1725280015.051314
1725280015.065144
1725280015.0980003
1725280015.115069
1725280015.1151776
1725280015.1547768
1725280015.1708653
1725280015.1777909
1725280015.2155123
1725280015.2159495
1725280015.2511842
1725280015.2740166
1725280015.3016496
1725280015.3021934
1725280015.3146422
1725280015.354563
1725280015.3551
1725280015.355656
1725280015.3801177
1725280015.3933592
1725280015.4090028
1725280015.459357
1725280015.4598622
1725280015.460402
1725280015.4784272
1725280015.4999497
1725280015.518461
1725280015.5347755
1725280015.5632718
1725280015.5683198
1725280015.5874467
1725280015.5995765
1725280015.642791
1725280015.6605713
1725280015.6913407
1725280015.7411299
1725280015.7416072
1725280015.7421875
1725280015.7485409
1725280015.7708788
1725280015.814681
1725280015.852518
1725280015.8533213
1725280015.8535416
1725280015.8603666
1725280015.8806827
1725280015.9174135
1725280015.931351
1725280015.9696853
1725280015.9697819
1725280015.979815
1725280016.0000226
1725280016.0079308
1725280016.0245962
1725280016.058573
1725280016.0744276
1725280016.088795
1725280016.1083732
1725280016.1303043
1725280016.1489286
1725280016.1602445
1725280016.1889496
1725280016.1894345
1725280016.2142258
1725280016.2325907
1725280016.247842
1725280016.2584815
1725280016.2805393
1725280016.3245897
1725280016.3250604
1725280016.326229
1725280016.3539097
1725280016.355278
1725280016.3696058
1725280016.3906243
1725280016.4099445
1725280016.429508
1725280016.457077
1725280016.4575922
1725280016.4714198
1725280016.495785
1725280016.5310645
1725280016.5430121
1725280016.5553908
1725280016.5793219
1725280016.5926144
1725280016.6114244
1725280016.6181905
1725280016.635377
1725280016.6794326
1725280016.6879911
1725280016.7375462
1725280016.7375712
1725280016.7674592
1725280016.7839248
1725280016.8214986
1725280016.8517673
1725280016.856499
1725280016.891575
1725280016.9136662
1725280016.9188442
1725280016.9541407
1725280016.9736183
1725280016.9740908
1725280016.9827242
1725280017.0050375
1725280017.0132453
1725280017.051015
1725280017.051161
1725280017.0753083
1725280017.0978432
1725280017.1306696
1725280017.1445062
1725280017.1690176
1725280017.1993272
1725280017.1999311
1725280017.221006
1725280017.2360442
1725280017.2712166
1725280017.2788055
1725280017.2996228
1725280017.3114061
1725280017.329749
1725280017.3386269
1725280017.3616421
1725280017.3892822
1725280017.390036
1725280017.4058502
1725280017.4309192
1725280017.4432132
1725280017.4579685
1725280017.4698653
1725280017.4893138
1725280017.5693002
1725280017.6217332
1725280017.6218488
1725280017.6219678
1725280017.625103
1725280017.6568713
1725280017.6574392
1725280017.658307
1725280017.6659362
1725280017.6991322
1725280017.7337453
1725280017.7447252
1725280017.7661154
1725280017.769255
1725280017.7887082
1725280017.8143985
1725280017.8406904
1725280017.8407977
1725280017.868756
1725280017.9146452
1725280017.9152114
1725280017.915804
1725280017.9499223
1725280018.0026686
1725280018.0031257
1725280018.0318573
1725280018.0588632
1725280018.080629
1725280018.0812123
1725280018.1112275
1725280018.1435094
1725280018.1823223
1725280018.1832895
1725280018.1839826
1725280018.20248
1725280018.2186193
1725280018.2500007
1725280018.2505558
1725280018.280996
1725280018.2815292
1725280018.2970412
1725280018.3168104
1725280018.3258195
1725280018.3543608
1725280018.4048283
1725280018.4054346
1725280018.4123533
1725280018.4280832
1725280018.4424489
1725280018.4606354
1725280018.4817166
1725280018.516983
1725280018.530457
1725280018.5311363
1725280018.5579984
1725280018.581523
1725280018.6643856
1725280018.66509
1725280018.6655805
1725280018.6705267
1725280018.671085
1725280018.6775587
1725280018.6965399
1725280018.7262554
1725280018.7267456
1725280018.7431242
1725280018.7934065
1725280018.8232486
1725280018.8239295
1725280018.8436959
1725280018.845298
1725280018.8956065
1725280018.896091
1725280018.9287503
1725280018.9288986
1725280018.9539223
1725280018.9873042
1725280019.010685
1725280019.011189
1725280019.0306327
1725280019.0454893
1725280019.0720117
1725280019.0977757
1725280019.1091943
1725280019.1350462
1725280019.1450243
1725280019.1619372
1725280019.200486
1725280019.2237053
1725280019.2326968
1725280019.2627406
1725280019.263264
1725280019.2760236
1725280019.298826
1725280019.3124597
1725280019.3473537
1725280019.3694718
1725280019.3808794
1725280019.399838
1725280019.437037
1725280019.457952
1725280019.458115
1725280019.4581838
1725280019.4741127
1725280019.5030444
1725280019.5087748
1725280019.5249612
1725280019.5373435
1725280019.583397
1725280019.5839357
1725280019.6099308
1725280019.610522
1725280019.646222
1725280019.646776
1725280019.67678
1725280019.6772685
1725280019.6874337
1725280019.7052174
1725280019.7598443
1725280019.7603402
1725280019.761344
1725280019.7692988
1725280019.8081274
1725280019.8266175
1725280019.8429644
1725280019.854618
1725280019.8760123
1725280019.8810556
1725280019.8986163
1725280019.918587
1725280019.9900548
1725280019.9949055
1725280019.994923
1725280019.9949398
1725280020.0253425
1725280020.074121
1725280020.0852091
1725280020.1354706
1725280020.1371684
1725280020.2176185
1725280020.2187042
1725280020.219398
1725280020.2292395
1725280020.2302709
1725280020.2430363
1725280020.2574437
1725280020.2719908
1725280020.28971
1725280020.3148205
1725280020.3604407
1725280020.3605494
1725280020.3743455
1725280020.4067073
1725280020.4310012
1725280020.515657
1725280020.51614
1725280020.5169957
1725280020.5258734
1725280020.555825
1725280020.5569973
1725280020.5675325
1725280020.5681353
1725280020.5873969
1725280020.6026182
1725280020.6143558
1725280020.634098
1725280020.6537762
1725280020.6964495
1725280020.6981099
1725280020.6999657
1725280020.7123327
1725280020.7315784
1725280020.749846
1725280020.7786448
1725280020.8325257
1725280020.8505933
1725280020.852055
1725280020.8526928
1725280020.8720994
1725280020.8985345
1725280020.8989723
1725280020.9154768
1725280020.9459693
1725280020.946715
1725280021.0010018
1725280021.0332453
1725280021.03383
1725280021.04576
1725280021.0594602
1725280021.0750232
1725280021.114984
1725280021.1160164
1725280021.1496246
1725280021.1586082
1725280021.1785634
1725280021.2041006
1725280021.2290192
1725280021.252111
1725280021.284171
1725280021.2860174
1725280021.3337593
1725280021.346931
1725280021.3769557
1725280021.3885088
1725280021.405866
1725280021.4528768
1725280021.4534564
1725280021.4541564
1725280021.4749901
1725280021.5143137
1725280021.5159404
1725280021.5207224
1725280021.5321426
1725280021.545992
1725280021.5759628
1725280021.579643
1725280021.5995612
1725280021.6231124
1725280021.6305327
1725280021.651315
1725280021.667294
1725280021.7054365
1725280021.7141316
1725280021.7415726
1725280021.7421584
1725280021.7722404
1725280021.7828054
1725280021.819996
1725280021.8349986
1725280021.8496618
1725280021.8637447
1725280021.8741877
1725280021.8879097
1725280021.9193523
1725280021.9266722
1725280021.9738126
1725280021.9742994
1725280021.9747818
1725280022.0074086
1725280022.0075436
1725280022.0370033
1725280022.0614052
1725280022.0745246
1725280022.0866876
1725280022.1035385
1725280022.114983
1725280022.131721
1725280022.1801677
1725280022.1839812
1725280022.1976528
1725280022.213558
1725280022.25756
1725280022.2600505
1725280022.2861767
1725280022.2998257
1725280022.3358283
1725280022.3442013
1725280022.3962948
1725280022.3968434
1725280022.3973231
1725280022.416412
1725280022.483919
1725280022.4851758
1725280022.4980667
1725280022.4986522
1725280022.5688112
1725280022.5693524
1725280022.573918
1725280022.5745125
1725280022.590507
1725280022.6156197
1725280022.6359613
1725280022.652021
1725280022.6730516
1725280022.6830795
1725280022.7009428
1725280022.7203994
1725280022.7382562
1725280022.752043
1725280022.7674332
1725280022.7830532
1725280022.8051016
1725280022.855281
1725280022.8559244
1725280022.8589993
1725280022.9116004
1725280022.9128995
1725280022.9284885
1725280022.9290679
1725280022.9398282
1725280022.9603136
1725280022.972
1725280022.994739
1725280022.9952228
1725280023.047116
1725280023.0476282
1725280023.078203
1725280023.0800996
1725280023.1600332
1725280023.16079
1725280023.161318
1725280023.1619077
1725280023.1624098
1725280023.17977
1725280023.2384436
1725280023.2396207
1725280023.239645
1725280023.2591274
1725280023.3385277
1725280023.3407407
1725280023.351057
1725280023.3833673
1725280023.384173
1725280023.435472
1725280023.4454231
1725280023.4644623
1725280023.4929547
1725280023.518557
1725280023.51865
1725280023.52169
1725280023.5459144
1725280023.5620992
1725280023.5720568
1725280023.6053047
1725280023.6453776
1725280023.646723
1725280023.6731794
1725280023.7079742
1725280023.7086673
1725280023.7262542
1725280023.7617478
1725280023.762225
1725280023.7840624
1725280023.8007696
1725280023.8191462
1725280023.892637
1725280023.8931942
1725280023.9106042
1725280023.9111269
1725280023.9116237
1725280023.92922
1725280023.9347978
1725280023.9570765
1725280023.9700384
1725280023.9962435
1725280024.0015452
1725280024.0151856
1725280024.0317607
1725280024.087277
1725280024.118868
1725280024.1195216
1725280024.1200948
1725280024.1426122
1725280024.1445239
1725280024.190226
1725280024.190766
1725280024.1987998
1725280024.24157
1725280024.2784696
1725280024.2790177
1725280024.2948854
1725280024.315335
1725280024.3478985
1725280024.3485131
1725280024.3728867
1725280024.3888602
1725280024.4415946
1725280024.4421039
1725280024.44776
1725280024.473874
1725280024.5000098
1725280024.5331275
1725280024.546776
1725280024.555425
1725280024.6001732
1725280024.6014585
1725280024.6285965
1725280024.6891844
1725280024.6893284
1725280024.6894639
1725280024.7132719
1725280024.7644975
1725280024.7653546
1725280024.786536
1725280024.787329
1725280024.8154843
1725280024.8160563
1725280024.823634
1725280024.8624313
1725280024.86295
1725280024.8729422
1725280024.9194088
1725280024.9222817
1725280024.9228454
1725280024.9669502
1725280024.9782808
1725280024.9971821
1725280025.029743
1725280025.0301998
1725280025.0604467
1725280025.062551
1725280025.123692
1725280025.1241863
1725280025.1253595
1725280025.164928
1725280025.1654117
1725280025.1659229
1725280025.1859665
1725280025.2258177
1725280025.2273502
1725280025.2860785
1725280025.2861784
1725280025.2869961
1725280025.2934194
1725280025.3093963
1725280025.331878
1725280025.352506
1725280025.3823807
1725280025.3827038
1725280025.4513273
1725280025.4518552
1725280025.4522786
1725280025.5132403
1725280025.5142019
1725280025.5380347
1725280025.5475154
1725280025.5480554
1725280025.558927
1725280025.5817626
1725280025.6414313
1725280025.6480927
1725280025.6486974
1725280025.6609168
1725280025.6839533
1725280025.6968145
1725280025.7260628
1725280025.7399595
1725280025.784578
1725280025.785129
1725280025.7859585
1725280025.801084
1725280025.8256407
1725280025.8365123
1725280025.855149
1725280025.9063478
1725280025.9070802
1725280025.922792
1725280025.9471765
1725280025.9476473
1725280025.975092
1725280026.0199156
1725280026.0204704
1725280026.0213134
1725280026.03261
1725280026.0453708
1725280026.0663834
1725280026.082237
1725280026.1005704
1725280026.1140633
1725280026.1319423
1725280026.155432
1725280026.1943297
1725280026.1947966
1725280026.1952748
1725280026.2272377
1725280026.2278228
1725280026.2501457
1725280026.2663498
1725280026.2867808
1725280026.295265
1725280026.3267014
1725280026.3462086
1725280026.3748775
1725280026.3753598
1725280026.4737556
1725280026.474273
1725280026.4749148
1725280026.4862652
1725280026.510915
1725280026.5119522
1725280026.5120482
1725280026.5228047
1725280026.5584602
1725280026.5912194
1725280026.611089
1725280026.6547668
1725280026.6554928
1725280026.696234
1725280026.7074952
1725280026.7501802
1725280026.7640605
1725280026.7646537
1725280026.7811446
1725280026.7816577
1725280026.808924
1725280026.8483062
1725280026.8489068
1725280026.8494549
1725280026.948078
1725280026.9491212
1725280026.967206
1725280026.9677942
1725280026.9722593
1725280026.9790254
1725280027.0039032
1725280027.0330389
1725280027.033587
1725280027.0923398
1725280027.0935323
1725280027.0971973
1725280027.1658847
1725280027.16634
1725280027.166808
1725280027.1719005
1725280027.1816638
1725280027.2484243
1725280027.2647398
1725280027.2653391
1725280027.2660952
1725280027.26678
1725280027.2780778
1725280027.2878382
1725280027.33353
1725280027.3400955
1725280027.365853
1725280027.375881
1725280027.3970566
1725280027.4031034
1725280027.421856
1725280027.433881
1725280027.4662673
1725280027.499779
1725280027.5143175
1725280027.5385664
1725280027.5639908
1725280027.568408
1725280027.614266
1725280027.6147559
1725280027.617156
1725280027.6343813
1725280027.700953
1725280027.7014647
1725280027.7023256
1725280027.730082
1725280027.757423
1725280027.7944698
1725280027.7950377
1725280027.8172202
1725280027.8496733
1725280027.8624494
1725280027.8805387
1725280027.9093163
1725280027.9352958
1725280027.947079
1725280027.962017
1725280027.9857056
1725280028.0129008
1725280028.0174992
1725280028.03356
1725280028.0500524
1725280028.0728428
1725280028.079805
1725280028.1143534
1725280028.1148198
1725280028.1409032
1725280028.1564336
1725280028.1706994
1725280028.1807263
1725280028.2052245
1725280028.236727
1725280028.2509408
1725280028.275109
1725280028.275633
1725280028.308757
1725280028.3097444
1725280028.3257537
1725280028.3665876
1725280028.3831613
1725280028.421695
1725280028.4221995
1725280028.4753273
1725280028.476146
1725280028.4939227
1725280028.4940376
1725280028.494153
1725280028.5077736
1725280028.54354
1725280028.5440037
1725280028.579534
1725280028.6064558
1725280028.6071193
1725280028.6253142
1725280028.6388104
1725280028.6852305
1725280028.6862636
1725280028.7084415
1725280028.7199547
1725280028.7831724
1725280028.7842145
1725280028.7903237
1725280028.8109045
1725280028.8308797
1725280028.8371017
1725280028.867088
1725280028.9037013
1725280028.907995
1725280028.977756
1725280028.9782362
1725280028.9787495
1725280028.9852772
1725280029.0049715
1725280029.0325453
1725280029.0342054
1725280029.0812244
1725280029.0815604
1725280029.0836854
1725280029.1157503
1725280029.1162221
1725280029.1526856
1725280029.1745896
1725280029.1925116
1725280029.1990638
1725280029.2318249
1725280029.2463586
1725280029.2597675
1725280029.3119447
1725280029.313123
1725280029.3260648
1725280029.3411703
1725280029.3420281
1725280029.4063208
1725280029.4067712
1725280029.407236
1725280029.4153142
1725280029.4161677
1725280029.449706
1725280029.450237
1725280029.4653373
1725280029.4893334
1725280029.496141
1725280029.5181835
1725280029.5403605
1725280029.5516083
1725280029.6116087
1725280029.61174
1725280029.623352
1725280029.642117
1725280029.649974
1725280029.6687253
1725280029.6826622
1725280029.7245898
1725280029.7250268
1725280029.753679
1725280029.7940302
1725280029.7940626
1725280029.794088
1725280029.826212
1725280029.874276
1725280029.883453
1725280029.9029324
1725280029.9181592
1725280029.9773133
1725280029.9779232
1725280029.9925954
1725280030.0335789
1725280030.0341125
1725280030.0858133
1725280030.0993097
1725280030.1001005
1725280030.1008883
1725280030.1014957
1725280030.1328485
1725280030.1329155
1725280030.198736
1725280030.204912
1725280030.2275918
1725280030.2279425
1725280030.2473102
1725280030.281664
1725280030.281728
1725280030.2968957
1725280030.3393264
1725280030.35015
1725280030.3634734
1725280030.3804445
1725280030.4060626
1725280030.416396
1725280030.4317536
1725280030.4466662
1725280030.4593506
1725280030.4844694
1725280030.49425
1725280030.517583
1725280030.5510638
1725280030.5516443
1725280030.5619898
1725280030.6143491
1725280030.621912
1725280030.6494792
1725280030.6495674
1725280030.6653874
1725280030.6984954
1725280030.6986115
1725280030.7052386
1725280030.7489202
1725280030.749418
1725280030.7803597
1725280030.8520567
1725280030.8535838
1725280030.8540795
1725280030.862587
1725280030.8728223
1725280030.914331
1725280030.9149442
1725280030.9500732
1725280030.9657862
1725280030.9721186
1725280030.9865136
1725280031.053897
1725280031.0693407
1725280031.0698497
1725280031.089965
1725280031.1258051
1725280031.1626627
1725280031.1632612
1725280031.183471
1725280031.220579
1725280031.2211611
1725280031.232415
1725280031.2500482
1725280031.278972
1725280031.2792826
1725280031.3624198
1725280031.3630097
1725280031.3635921
1725280031.3806639
1725280031.38116
1725280031.3816617
1725280031.4027543
1725280031.4482675
1725280031.4630163
1725280031.4641662
1725280031.4648323
1725280031.5094252
1725280031.509921
1725280031.5288332
1725280031.572721
1725280031.5735307
1725280031.5792935
1725280031.611752
1725280031.629102
1725280031.6378016
1725280031.6507497
1725280031.676984
1725280031.7188032
1725280031.7196345
1725280031.7272162
1725280031.75868
1725280031.7591872
1725280031.7975285
1725280031.798035
1725280031.8351858
1725280031.8396957
1725280031.8631008
1725280031.8817947
1725280031.8843403
1725280031.9160488
1725280031.9161289
1725280031.9445186
1725280031.975415
1725280031.992886
1725280032.016018
1725280032.0234253
1725280032.046627
1725280032.0743768
1725280032.0971746
1725280032.0976405
1725280032.1384757
1725280032.147431
1725280032.1675296
1725280032.1753523
1725280032.190054
1725280032.2135346
1725280032.27105
1725280032.2712562
1725280032.3052366
1725280032.305755
1725280032.3063104
1725280032.3362591
1725280032.3548427
1725280032.3553004
1725280032.386461
1725280032.4195058
1725280032.4196303
1725280032.4421246
1725280032.4782522
1725280032.4787827
1725280032.4968245
1725280032.51586
1725280032.539256
1725280032.5393858
1725280032.5551775
1725280032.5835807
1725280032.584081
1725280032.6083317
1725280032.6263561
1725280032.7201939
1725280032.7203171
1725280032.7205603
1725280032.7208276
1725280032.7496796
1725280032.7502217
1725280032.7508144
1725280032.7513478
1725280032.7729301
1725280032.781987
1725280032.8208246
1725280032.8212044
1725280032.8985386
1725280032.8996139
1725280032.9006343
1725280032.901205
1725280032.909059
1725280032.9837012
1725280032.9846418
1725280032.9852953
1725280033.0032785
1725280033.0128431
1725280033.040958
1725280033.0409827
1725280033.0685017
1725280033.1208408
1725280033.1369188
1725280033.1583183
1725280033.2007406
1725280033.2016654
1725280033.2168097
1725280033.2390394
1725280033.2732344
1725280033.2845776
1725280033.2926319
1725280033.3106487
1725280033.3402843
1725280033.3410556
1725280033.3868873
1725280033.3870034
1725280033.387115
1725280033.429391
1725280033.4728158
1725280033.4744093
1725280033.4815013
1725280033.5321808
1725280033.5327704
1725280033.5334165
1725280033.549985
1725280033.602043
1725280033.6031978
1725280033.6227448
1725280033.6233723
1725280033.6438038
1725280033.6564085
1725280033.672776
1725280033.6951752
1725280033.7123811
1725280033.737237
1725280033.773043
1725280033.7738047
1725280033.7743356
1725280033.7993205
1725280033.8127444
1725280033.8483365
1725280033.8758538
1725280033.891848
1725280033.8926246
1725280033.917211
1725280033.917723
1725280033.976236
1725280033.976733
1725280033.9772332
1725280033.9870763
1725280034.0454276
1725280034.079723
1725280034.081746
1725280034.082823
1725280034.1048388
1725280034.1517732
1725280034.1519773
1725280034.1841037
1725280034.185303
1725280034.2164993
1725280034.2175047
1725280034.2345684
1725280034.2897303
1725280034.2993963
1725280034.3351636
1725280034.3357422
1725280034.3772733
1725280034.378496
1725280034.3936553
1725280034.4472659
1725280034.4635637
1725280034.4640994
1725280034.4776652
1725280034.4977083
1725280034.5190907
1725280034.530085
1725280034.544448
1725280034.5588467
1725280034.5983748
1725280034.5988677
1725280034.614322
1725280034.6247575
1725280034.643718
1725280034.6659791
1725280034.689565
1725280034.6942978
1725280034.7117312
1725280034.7812424
1725280034.7830336
1725280034.7836745
1725280034.78621
1725280034.8121247
1725280034.8213842
1725280034.843568
1725280034.9000037
1725280034.932029
1725280034.9605246
1725280034.961035
1725280034.970023
1725280034.9709253
1725280034.971768
1725280034.9843268
1725280035.0167527
1725280035.0173113
1725280035.0369434
1725280035.057492
1725280035.0921173
1725280035.101048
1725280035.115018
1725280035.1505587
1725280035.1510596
1725280035.1696143
1725280035.2002788
1725280035.2216923
1725280035.2440567
1725280035.2447174
1725280035.2913969
1725280035.318689
1725280035.3191707
1725280035.3450117
1725280035.3454475
1725280035.3784418
1725280035.4159405
1725280035.417042
1725280035.4325514
1725280035.458505
1725280035.4590244
1725280035.5298615
1725280035.5312986
1725280035.5417247
1725280035.5418618
1725280035.550447
1725280035.5793374
1725280035.6166587
1725280035.6172163
1725280035.6177022
1725280035.6538854
1725280035.6702418
1725280035.7064276
1725280035.7069714
1725280035.7383554
1725280035.7497544
1725280035.7652824
1725280035.790514
1725280035.7916403
1725280035.8253243
1725280035.8262117
1725280035.837291
1725280035.8565173
1725280035.8727925
1725280035.89888
1725280035.899587
1725280035.9189916
1725280035.9386373
1725280035.9770937
1725280035.9772074
1725280036.0154727
1725280036.0159664
1725280036.0172215
1725280036.0298295
1725280036.0451047
1725280036.0684175
1725280036.0999403
1725280036.1140752
1725280036.1371744
1725280036.1823673
1725280036.182974
1725280036.1834316
1725280036.2077959
1725280036.2084408
1725280036.2538173
1725280036.2581894
1725280036.2723088
1725280036.3722196
1725280036.3722963
1725280036.3787277
1725280036.3855982
1725280036.40767
1725280036.4217286
1725280036.4687867
1725280036.4689472
1725280036.5091708
1725280036.5361764
1725280036.5367293
1725280036.54586
1725280036.5626426
1725280036.6177042
1725280036.6178663
1725280036.6186051
1725280036.6243281
1725280036.6459734
1725280036.6652253
1725280036.71974
1725280036.7455478
1725280036.7460594
1725280036.7670295
1725280036.7675261
1725280036.8063688
1725280036.8068457
1725280036.8344803
1725280036.8582664
1725280036.8700304
1725280036.8920348
1725280036.892797
1725280036.9092305
1725280036.935157
1725280036.955344
1725280036.9902916
1725280036.9904692
1725280036.996037
1725280037.0084672
1725280037.0374649
1725280037.0613484
1725280037.062246
1725280037.137287
1725280037.138941
1725280037.1617022
1725280037.1623902
1725280037.1630435
1725280037.1877053
1725280037.1886191
1725280037.2053063
1725280037.2211509
1725280037.2526302
1725280037.2794342
1725280037.309595
1725280037.3358834
1725280037.3364606
1725280037.3539119
1725280037.3701372
1725280037.382352
1725280037.4000843
1725280037.4556134
1725280037.4560964
1725280037.4888706
1725280037.4889657
1725280037.5402431
1725280037.5945466
1725280037.595105
1725280037.5997326
1725280037.6202338
1725280037.6610851
1725280037.661171
1725280037.6895075
1725280037.7023408
1725280037.7093465
1725280037.7342622
1725280037.7439435
1725280037.7709696
1725280037.7821941
1725280037.8178918
1725280037.819025
1725280037.8303425
1725280037.8594139
1725280037.872208
1725280037.8806028
1725280037.9022198
1725280037.9215674
1725280037.936181
1725280037.9472365
1725280037.9639935
1725280038.013625
1725280038.0141342
1725280038.026874
1725280038.0737822
1725280038.0746367
1725280038.0768697
1725280038.1330729
1725280038.1332388
1725280038.1412275
1725280038.1676922
1725280038.1776547
1725280038.216065
1725280038.2162702
1725280038.2464101
1725280038.2469585
1725280038.3050835
1725280038.3456595
1725280038.3461823
1725280038.3466654
1725280038.3474913
1725280038.353921
1725280038.3708727
1725280038.3969433
1725280038.3974447
1725280038.435416
1725280038.4364986
1725280038.463207
1725280038.4916472
1725280038.497472
1725280038.5150797
1725280038.5583034
1725280038.5938842
1725280038.5940938
1725280038.5947583
1725280038.6293776
1725280038.6573062
1725280038.6654732
1725280038.6828382
1725280038.7106502
1725280038.7112937
1725280038.7412448
1725280038.7655294
1725280038.7849224
1725280038.8016856
1725280038.8054848
1725280038.8280444
1725280038.8451142
1725280038.8827548
1725280038.883176
1725280038.936672
1725280038.9372118
1725280038.937722
1725280038.9569268
1725280038.9741967
1725280039.0079556
1725280039.0089324
1725280039.0427852
1725280039.0438037
1725280039.093253
1725280039.0937955
1725280039.0946274
1725280039.1196008
1725280039.1472938
1725280039.147954
1725280039.1582344
1725280039.1735969
1725280039.193301
1725280039.2053277
1725280039.2213185
1725280039.2349064
1725280039.2582514
1725280039.2887616
1725280039.3150675
1725280039.315677
1725280039.3318295
1725280039.3751051
1725280039.3772125
1725280039.4100132
1725280039.4105988
1725280039.4332817
1725280039.4342895
1725280039.4452496
1725280039.4621918
1725280039.5227296
1725280039.5234106
1725280039.5299501
1725280039.5415702
1725280039.5781925
1725280039.622283
1725280039.6707313
1725280039.6854184
1725280039.6859872
1725280039.7094367
1725280039.7265837
1725280039.751347
1725280039.7853127
1725280039.785826
1725280039.8402376
1725280039.8408394
1725280039.841795
1725280039.8478725
1725280039.8607578
1725280039.8701808
1725280039.8857465
1725280039.9255986
1725280039.9538922
1725280039.9694927
1725280039.9832625
1725280040.0215085
1725280040.0216048
1725280040.0418842
1725280040.0628972
1725280040.082252
1725280040.1084404
1725280040.1575038
1725280040.1580462
1725280040.1731977
1725280040.176114
1725280040.1919854
1725280040.2031348
1725280040.2144935
1725280040.2427065
1725280040.2515068
1725280040.2691817
1725280040.3116543
1725280040.3117926
1725280040.3118968
1725280040.3574774
1725280040.3746104
1725280040.38923
1725280040.4112425
1725280040.4158812
1725280040.4277344
1725280040.4396632
1725280040.4613912
1725280040.5026028
1725280040.5026937
1725280040.5390348
1725280040.5579093
1725280040.59932
1725280040.599883
1725280040.620387
1725280040.6640892
1725280040.6642387
1725280040.6891222
1725280040.6925387
1725280040.7516594
1725280040.7521458
1725280040.752695
1725280040.7812278
1725280040.8130364
1725280040.8715422
1725280040.8720226
1725280040.889835
1725280040.898011
1725280040.9136631
1725280040.9510818
1725280040.9689188
1725280040.981967
1725280040.9929624
1725280041.0172625
1725280041.034698
1725280041.0550928
1725280041.0709429
1725280041.0921845
1725280041.0922773
1725280041.1181087
1725280041.1399217
1725280041.1506667
1725280041.1794086
1725280041.1811116
1725280041.2245278
1725280041.2260273
1725280041.226596
1725280041.2685487
1725280041.2747984
1725280041.2904623
1725280041.3050663
1725280041.332363
1725280041.3453684
1725280041.3621166
1725280041.3978226
1725280041.4158707
1725280041.446483
1725280041.4514754
1725280041.4647124
1725280041.4786034
1725280041.5189855
1725280041.520549
1725280041.521054
1725280041.5577781
1725280041.5581763
1725280041.5675066
1725280041.6061726
1725280041.6200864
1725280041.6338267
1725280041.6649187
1725280041.6654441
1725280041.6852262
1725280041.7201164
1725280041.7386022
1725280041.7584562
1725280041.765579
1725280041.7922568
1725280041.813238
1725280041.8310435
1725280041.843966
1725280041.8668563
1725280041.9049025
1725280041.941559
1725280041.942116
1725280041.9468303
1725280041.9659386
1725280042.0012212
1725280042.020314
1725280042.0393474
1725280042.0460734
1725280042.0605812
1725280042.096244
1725280042.0967846
1725280042.1188638
1725280042.1406891
1725280042.1412086
1725280042.1736517
1725280042.1926157
1725280042.2115827
1725280042.2323713
1725280042.2609975
1725280042.2614996
1725280042.277743
1725280042.3082082
1725280042.3083708
1725280042.334483
1725280042.3351417
1725280042.3605554
1725280042.3740177
1725280042.3870788
1725280042.4239752
1725280042.4244347
1725280042.4340951
1725280042.4566731
1725280042.475815
1725280042.490044
1725280042.5367713
1725280042.5371406
1725280042.5375805
1725280042.5538547
1725280042.5684028
1725280042.6009474
1725280042.61596
1725280042.6325104
1725280042.6737046
1725280042.6742315
1725280042.6904552
1725280042.706481
1725280042.716849
1725280042.7623644
1725280042.806648
1725280042.8074121
1725280042.8074398
1725280042.8163981
1725280042.8535001
1725280042.913814
1725280042.924737
1725280042.976116
1725280042.9768758
1725280042.9786432
1725280043.022227
1725280043.0227168
1725280043.0571237
1725280043.0576541
1725280043.077221
1725280043.0777366
1725280043.1071866
1725280043.107763
1725280043.1399717
1725280043.1408813
1725280043.1567984
1725280043.1908123
1725280043.2388866
1725280043.2396636
1725280043.2575037
1725280043.2972646
1725280043.3471394
1725280043.3476915
1725280043.3481889
1725280043.3528404
1725280043.3691928
1725280043.3921254
1725280043.412057
1725280043.4426308
1725280043.443127
1725280043.4490876
1725280043.476503
1725280043.4919403
1725280043.5006213
1725280043.5198407
1725280043.531433
1725280043.5547974
1725280043.655284
1725280043.6557517
1725280043.6614096
1725280043.6790347
1725280043.682166
1725280043.687061
1725280043.688238
1725280043.6969995
1725280043.713858
1725280043.735338
1725280043.7523248
1725280043.7724853
1725280043.818027
1725280043.829615
1725280043.8576832
1725280043.8847313
1725280043.885243
1725280043.8994548
1725280043.9135149
1725280043.926617
1725280043.9757023
1725280043.9887097
1725280043.9892201
1725280044.0104318
1725280044.0511043
1725280044.073729
1725280044.1098862
1725280044.1100116
1725280044.145721
1725280044.1636868
1725280044.1818833
1725280044.2183175
1725280044.246192
1725280044.2466288
1725280044.2658498
1725280044.272264
1725280044.2893598
1725280044.3485765
1725280044.3492072
1725280044.3777335
1725280044.378577
1725280044.3802323
1725280044.3872278
1725280044.3988926
1725280044.4308639
1725280044.4352207
1725280044.455867
1725280044.4744785
1725280044.5048108
1725280044.5420074
1725280044.5425243
1725280044.5481899
1725280044.563206
1725280044.580249
1725280044.6171718
1725280044.6177735
1725280044.665951
1725280044.6664538
1725280044.7071826
1725280044.7083209
1725280044.7088735
1725280044.728264
1725280044.7546384
1725280044.7717571
1725280044.7727506
1725280044.7910414
1725280044.8138928
1725280044.861927
1725280044.8628573
1725280044.8869448
1725280044.9310925
1725280044.9602995
1725280044.961514
1725280044.9616113
1725280044.9648092
1725280045.0087097
1725280045.0370939
1725280045.045505
1725280045.0507333
1725280045.078635
1725280045.0979967
1725280045.1108165
1725280045.1296296
1725280045.1897807
1725280045.2195492
1725280045.220094
1725280045.220663
1725280045.2376044
1725280045.2755904
1725280045.2764022
1725280045.296337
1725280045.3153253
1725280045.331558
1725280045.3589196
1725280045.3593874
1725280045.3716466
1725280045.3883357
1725280045.4558213
1725280045.4560347
1725280045.4594622
1725280045.4952123
1725280045.495688
1725280045.5100126
1725280045.5165915
1725280045.5413332
1725280045.5582523
1725280045.5837767
1725280045.6015728
1725280045.6178505
1725280045.6745052
1725280045.6750083
1725280045.6755579
1725280045.6760476
1725280045.6955802
1725280045.7244205
1725280045.7251291
1725280045.7624865
1725280045.7630205
1725280045.80595
1725280045.806428
1725280045.8069112
1725280045.8201287
1725280045.8305614
1725280045.8467603
1725280045.9048555
1725280045.9059694
1725280045.9235036
1725280045.9457316
1725280045.9458652
1725280045.9688716
1725280045.979647
1725280045.9943323
1725280046.0457597
1725280046.046493
1725280046.0588655
1725280046.0740774
1725280046.1214728
1725280046.159509
1725280046.1780841
1725280046.2132444
1725280046.2139013
1725280046.2568548
1725280046.2582793
1725280046.3143916
1725280046.3152854
1725280046.3328753
1725280046.3334024
1725280046.3485365
1725280046.358235
1725280046.3905632
1725280046.3913026
1725280046.4410048
1725280046.4414637
1725280046.478552
1725280046.508729
1725280046.5168216
1725280046.517481
1725280046.5352695
1725280046.562256
1725280046.586858
1725280046.589356
1725280046.6214101
1725280046.6395063
1725280046.6637015
1725280046.6693318
1725280046.707147
1725280046.7077243
1725280046.7142928
1725280046.7516584
1725280046.752121
1725280046.7761147
1725280046.7934463
1725280046.7939801
1725280046.808987
1725280046.8355637
1725280046.854929
1725280046.8940098
1725280046.9380176
1725280046.938149
1725280046.9382944
1725280046.9473832
1725280046.9593945
1725280046.9752798
1725280046.990889
1725280047.0083053
1725280047.0238593
1725280047.0583737
1725280047.0900962
1725280047.1105428
1725280047.131881
1725280047.1522877
1725280047.175864
1725280047.177159
1725280047.1926405
1725280047.221751
1725280047.239678
1725280047.2994382
1725280047.2999446
1725280047.336998
1725280047.345816
1725280047.3607762
1725280047.4159434
1725280047.4172146
1725280047.4263687
1725280047.4329612
1725280047.4862673
1725280047.5094502
1725280047.5101948
1725280047.5252025
1725280047.5473676
1725280047.559958
1725280047.575115
1725280047.5946736
1725280047.6048107
1725280047.6222184
1725280047.659255
1725280047.660159
1725280047.692965
1725280047.6934247
1725280047.714877
1725280047.7374437
1725280047.7380824
1725280047.7513494
1725280047.7996004
1725280047.8000762
1725280047.821291
1725280047.8486035
1725280047.865891
1725280047.8922212
1725280047.8929641
1725280047.93198
1725280047.9576411
1725280047.9582558
1725280048.0004232
1725280048.0010486
1725280048.019862
1725280048.0310757
1725280048.0403316
1725280048.0771918
1725280048.0772908
1725280048.1134908
1725280048.1135786
1725280048.1310914
1725280048.1574614
1725280048.1739435
1725280048.1924932
1725280048.2279372
1725280048.2286654
1725280048.2667956
1725280048.267296
1725280048.2912822
1725280048.3128116
1725280048.3317728
1725280048.3493326
1725280048.3623857
1725280048.3910987
1725280048.417032
1725280048.4387197
1725280048.4530013
1725280048.4878812
1725280048.4884593
1725280048.5079222
1725280048.5164735
1725280048.5477805
1725280048.5609014
1725280048.584218
1725280048.6000946
1725280048.6176136
1725280048.6343758
1725280048.657346
1725280048.657865
1725280048.675595
1725280048.7094169
1725280048.724284
1725280048.7401369
1725280048.7561853
1725280048.8611715
1725280048.8616767
1725280048.862245
1725280048.8721294
1725280048.8858087
1725280048.8863797
1725280048.886919
1725280048.8874774
1725280048.912255
1725280048.929725
1725280048.9506412
1725280048.9553263
1725280048.9770024
1725280048.9965932
1725280049.0399117
1725280049.0405505
1725280049.0430136
1725280049.0698006
1725280049.075324
1725280049.0955536
1725280049.1348436
1725280049.1352942
1725280049.1630635
1725280049.177457
1725280049.192064
1725280049.2152708
1725280049.2394974
1725280049.239602
1725280049.2575693
1725280049.301508
1725280049.347027
1725280049.3472495
1725280049.3472757
1725280049.3660433
1725280049.403475
1725280049.4496822
1725280049.4584095
1725280049.4815161
1725280049.4832487
1725280049.5265276
1725280049.564633
1725280049.5647569
1725280049.6043146
1725280049.6048937
1725280049.6178865
1725280049.626226
1725280049.6445808
1725280049.6667
1725280049.681508
1725280049.6983216
1725280049.7119696
1725280049.7505894
1725280049.773514
1725280049.7873123
1725280049.8072286
1725280049.8231623
1725280049.8527806
1725280049.853342
1725280049.8798869
1725280049.910537
1725280049.947215
1725280049.9478116
1725280049.9634626
1725280049.9748209
1725280049.9994779
1725280050.0039198
1725280050.0170403
1725280050.0351133
1725280050.0503592
1725280050.0645943
1725280050.0852127
1725280050.1052206
1725280050.1543255
1725280050.154782
1725280050.179209
1725280050.190137
1725280050.2284536
1725280050.2286148
1725280050.2445264
1725280050.2450464
1725280050.2629814
1725280050.2791178
1725280050.3069782
1725280050.3312352
1725280050.3553045
1725280050.3764274
1725280050.3917396
1725280050.429915
1725280050.431232
1725280050.4544425
1725280050.4597867
1725280050.528829
1725280050.5298598
1725280050.546453
1725280050.5471163
1725280050.5854924
1725280050.6022894
1725280050.6474988
1725280050.6480558
1725280050.6703346
1725280050.6894207
1725280050.7046576
1725280050.722117
1725280050.7881377
1725280050.7887485
1725280050.7892768
1725280050.8319016
1725280050.8322954
1725280050.8683155
1725280050.8695862
1725280050.8702233
1725280050.892526
1725280050.9004333
1725280050.926282
1725280050.9396029
1725280050.9503033
1725280051.0256915
1725280051.0265062
1725280051.035686
1725280051.0359492
1725280051.0431037
1725280051.0791295
1725280051.0877662
1725280051.1022668
1725280051.1337142
1725280051.1346908
1725280051.1472614
1725280051.1680295
1725280051.202578
1725280051.2151704
1725280051.231159
1725280051.2521832
1725280051.272408
1725280051.2919004
1725280051.3250518
1725280051.325472
1725280051.3413987
1725280051.3582664
1725280051.397097
1725280051.3976533
1725280051.431654
1725280051.4345093
1725280051.4570742
1725280051.491198
1725280051.4918854
1725280051.4971933
1725280051.5231466
1725280051.5466764
1725280051.560916
1725280051.583718
1725280051.60136
1725280051.6274722
1725280051.6740327
1725280051.674633
1725280051.704671
1725280051.7170582
1725280051.738863
1725280051.7752647
1725280051.7757132
1725280051.7768264
1725280051.7964551
1725280051.8270564
1725280051.8431633
1725280051.8624437
1725280051.8744357
1725280051.8912044
1725280051.9213276
1725280051.9410975
1725280051.9415238
1725280051.9635384
1725280052.0100996
1725280052.0107281
1725280052.0221145
1725280052.046466
1725280052.0867963
1725280052.0873036
1725280052.1457808
1725280052.1462758
1725280052.1473815
1725280052.1680121
1725280052.168778
1725280052.1794584
1725280052.213985
1725280052.2144978
1725280052.2427626
1725280052.2432995
1725280052.2574253
1725280052.2728388
1725280052.294956
1725280052.3128476
1725280052.3487556
1725280052.3493109
1725280052.3578584
1725280052.371835
1725280052.4036918
1725280052.430295
1725280052.4512627
1725280052.4772685
1725280052.485419
1725280052.4969468
1725280052.5087512
1725280052.546781
1725280052.5474539
1725280052.5774968
1725280052.63974
1725280052.6405833
1725280052.6406126
1725280052.6449091
1725280052.6695695
1725280052.717505
1725280052.7599
1725280052.7993414
1725280052.8000078
1725280052.8080058
1725280052.8237438
1725280052.8437579
1725280052.8776655
1725280052.8971038
1725280052.8972445
1725280052.9014661
1725280052.935429
1725280052.9359698
1725280052.9596403
1725280052.9661062
1725280052.9827738
1725280053.0179012
1725280053.055613
1725280053.0715792
1725280053.082289
1725280053.1029186
1725280053.1400557
1725280053.140687
1725280053.1536963
1725280053.195243
1725280053.2020562
1725280053.2312224
1725280053.2320266
1725280053.2561743
1725280053.2875578
1725280053.287687
1725280053.3054411
1725280053.3106956
1725280053.3430963
1725280053.3432193
1725280053.4621024
1725280053.4626215
1725280053.463281
1725280053.4650636
1725280053.477594
1725280053.4949193
1725280053.4956126
1725280053.4962463
1725280053.530936
1725280053.531645
1725280053.5457323
1725280053.564956
1725280053.5912588
1725280053.5917256
1725280053.6622133
1725280053.6626542
1725280053.7050815
1725280053.7055957
1725280053.7262883
1725280053.7267694
1725280053.7453682
1725280053.7627351
1725280053.8093362
1725280053.8098285
1725280053.8227086
1725280053.840626
1725280053.8791447
1725280053.9224498
1725280053.9226384
1725280053.9723165
1725280053.987456
1725280054.0045474
1725280054.016217
1725280054.0547528
1725280054.0911763
1725280054.0920393
1725280054.111857
1725280054.1170511
1725280054.1586986
1725280054.1599367
1725280054.1706796
1725280054.1784165
1725280054.1952057
1725280054.2135134
1725280054.2278757
1725280054.2483828
1725280054.266386
1725280054.2885866
1725280054.3039076
1725280054.3142126
1725280054.348537
1725280054.387239
1725280054.3877501
1725280054.4224498
1725280054.4230645
1725280054.4446404
1725280054.4458497
1725280054.4682589
1725280054.4892411
1725280054.5204833
1725280054.521539
1725280054.5546284
1725280054.575018
1725280054.575839
1725280054.5893364
1725280054.613396
1725280054.6333275
1725280054.639264
1725280054.6522863
1725280054.6765952
1725280054.7102344
1725280054.723148
1725280054.764222
1725280054.7662911
1725280054.77754
1725280054.7949238
1725280054.8090627
1725280054.8439436
1725280054.860481
1725280054.8767228
1725280054.9169347
1725280054.9763885
1725280054.9764872
1725280054.9765844
1725280054.98735
1725280055.0148063
1725280055.0328994
1725280055.0550659
1725280055.0649564
1725280055.078478
1725280055.0937455
1725280055.1253333
1725280055.1636853
1725280055.1652393
1725280055.1800823
1725280055.1944523
1725280055.220184
1725280055.2253006
1725280055.2447228
1725280055.2569199
1725280055.2978957
1725280055.3585122
1725280055.3590121
1725280055.3595314
1725280055.3620708
1725280055.3860848
1725280055.4004395
1725280055.4144783
1725280055.4796658
1725280055.479818
1725280055.4799416
1725280055.4938467
1725280055.4982877
1725280055.5125928
1725280055.5696995
1725280055.5703044
1725280055.571086
1725280055.581995
1725280055.619714
1725280055.6202588
1725280055.6296897
1725280055.650297
1725280055.6643245
1725280055.778733
1725280055.7793884
1725280055.7798936
1725280055.7978823
1725280055.7986243
1725280055.8203154
1725280055.8206384
1725280055.8213668
1725280055.824677
1725280055.8382332
1725280055.9229178
1725280055.939137
1725280055.9402385
1725280055.9404972
1725280055.94052
1725280055.967843
1725280056.0055
1725280056.0267892
1725280056.0673425
1725280056.0679905
1725280056.1066785
1725280056.1322825
1725280056.165987
1725280056.2007406
1725280056.2008417
1725280056.2017825
1725280056.21014
1725280056.2841866
1725280056.2872295
1725280056.2877314
1725280056.2882466
1725280056.3211737
1725280056.328506
1725280056.3677955
1725280056.3719385
1725280056.3897223
1725280056.420276
1725280056.4208183
1725280056.477181
1725280056.4776628
1725280056.4940736
1725280056.505666
1725280056.5496123
1725280056.5500627
1725280056.5546346
1725280056.5944252
1725280056.5945654
1725280056.6321156
1725280056.6328304
1725280056.656878
1725280056.662239
1725280056.6919522
1725280056.6925743
1725280056.7047925
1725280056.7572775
1725280056.8278148
1725280056.8331695
1725280056.8339512
1725280056.8344946
1725280056.839097
1725280056.8399806
1725280056.854291
1725280056.8740501
1725280056.8943462
1725280056.9357295
1725280056.9472675
1725280056.9692454
1725280056.9861906
1725280057.0103333
1725280057.030578
1725280057.0310168
1725280057.066896
1725280057.067523
1725280057.1077845
1725280057.115765
1725280057.1321409
1725280057.1523817
1725280057.181634
1725280057.2195818
1725280057.230561
1725280057.2577233
1725280057.2867334
1725280057.333258
1725280057.3336768
1725280057.3567014
1725280057.3687158
1725280057.394045
1725280057.3949766
1725280057.4219348
1725280057.4331245
1725280057.4539964
1725280057.461111
1725280057.5159428
1725280057.516467
1725280057.5170357
1725280057.553133
1725280057.5536046
1725280057.5732129
1725280057.5943947
1725280057.5953948
1725280057.6111138
1725280057.6236415
1725280057.6559968
1725280057.668674
1725280057.6914432
1725280057.726233
1725280057.7271175
1725280057.7407796
1725280057.7547517
1725280057.8014488
1725280057.8022578
1725280057.817788
1725280057.8328376
1725280057.863753
1725280057.9171777
1725280057.9177573
1725280057.9450376
1725280057.9455202
1725280057.9460044
1725280057.9729543
1725280057.9734564
1725280058.0117114
1725280058.0385537
1725280058.0391624
1725280058.0568795
1725280058.0896027
1725280058.0900605
1725280058.1069024
1725280058.1417656
1725280058.1626513
1725280058.1877263
1725280058.1889765
1725280058.2459862
1725280058.2461178
1725280058.2647483
1725280058.2789412
1725280058.316602
1725280058.3392808
1725280058.3616464
1725280058.3621001
1725280058.3840744
1725280058.3939328
1725280058.427445
1725280058.4562147
1725280058.4836435
1725280058.4837427
1725280058.5149207
1725280058.5162308
1725280058.5444813
1725280058.5449781
1725280058.5842183
1725280058.6029487
1725280058.6499183
1725280058.6505313
1725280058.6510718
1725280058.6760468
1725280058.6766407
1725280058.6891031
1725280058.7119944
1725280058.751251
1725280058.7518
1725280058.756712
1725280058.7776327
1725280058.7934172
1725280058.8051827
1725280058.8192923
1725280058.85291
1725280058.8579018
1725280058.938785
1725280058.939323
1725280058.9398534
1725280058.9411786
1725280058.9416854
1725280058.9647326
1725280058.9649649
1725280058.9804738
1725280059.0047235
1725280059.0335126
1725280059.0492594
1725280059.0626478
1725280059.0811903
1725280059.106929
1725280059.1248338
1725280059.126664
1725280059.1658134
1725280059.1912642
1725280059.1954892
1725280059.2119384
1725280059.2297635
1725280059.2720346
1725280059.2972035
1725280059.338248
1725280059.3818517
1725280059.396454
1725280059.3968253
1725280059.4114642
1725280059.4504182
1725280059.4680178
1725280059.4686525
1725280059.482475
1725280059.4929492
1725280059.511909
1725280059.5306902
1725280059.565687
1725280059.566192
1725280059.5806103
1725280059.6111765
1725280059.6437654
1725280059.659372
1725280059.6754005
1725280059.707177
1725280059.7076185
1725280059.7408128
1725280059.7413552
1725280059.7769456
1725280059.7885985
1725280059.8041182
1725280059.8258028
1725280059.8384578
1725280059.8608427
1725280059.872317
1725280059.8939626
1725280059.9190965
1725280059.933238
1725280059.942564
1725280059.9756954
1725280059.975983
1725280060.0045834
1725280060.0050738
1725280060.0521743
1725280060.0595589
1725280060.0766547
1725280060.0992427
1725280060.1122985
1725280060.1180398
1725280060.1444104
1725280060.187227
1725280060.1877253
1725280060.1882353
1725280060.2371967
1725280060.2568712
1725280060.2926357
1725280060.2931213
1725280060.3112864
1725280060.3343663
1725280060.337215
1725280060.3640275
1725280060.3849962
1725280060.407757
1725280060.4647803
1725280060.4653063
1725280060.4737022
1725280060.4990382
1725280060.5141118
1725280060.6038456
1725280060.6062589
1725280060.607334
1725280060.6133738
1725280060.6357753
1725280060.651792
1725280060.6895938
1725280060.6903963
1725280060.69127
1725280060.7229416
1725280060.728241
1725280060.743692
1725280060.7560842
1725280060.7867346
1725280060.7875216
1725280060.8208432
1725280060.8214433
1725280060.8613873
1725280060.8624158
1725280060.879466
1725280060.8880413
1725280060.907866
1725280060.939158
1725280060.9539573
1725280060.9713292
1725280060.995836
1725280061.0112152
1725280061.0292614
1725280061.0529985
1725280061.063128
1725280061.0952184
1725280061.0957232
1725280061.1557035
1725280061.1561823
1725280061.1571012
1725280061.181985
1725280061.1980145
1725280061.2096941
1725280061.2529583
1725280061.2535048
1725280061.2539968
1725280061.290943
1725280061.3154192
1725280061.3230777
1725280061.3466318
1725280061.3765843
1725280061.3769534
1725280061.3851721
1725280061.4543753
1725280061.4575403
1725280061.4647343
1725280061.4777057
1725280061.5351505
1725280061.5356455
1725280061.536088
1725280061.5463386
1725280061.6004617
1725280061.6216326
1725280061.6538036
1725280061.6545472
1725280061.655439
1725280061.6820576
1725280061.7321777
1725280061.7333512
1725280061.7441425
1725280061.7510037
1725280061.7698812
1725280061.8016684
1725280061.8026912
1725280061.814974
1725280061.835878
1725280061.8703701
1725280061.8844843
1725280061.9035664
1725280061.9242258
1725280061.9717128
1725280061.9721942
1725280061.9727552
1725280062.0146236
1725280062.015478
1725280062.0166776
1725280062.035156
1725280062.0709333
1725280062.071673
1725280062.0866442
1725280062.1092947
1725280062.13762
1725280062.1387217
1725280062.1471722
1725280062.1705565
1725280062.1764312
1725280062.1911786
1725280062.2290318
1725280062.2294807
1725280062.2512045
1725280062.268152
1725280062.2848668
1725280062.3084834
1725280062.3645086
1725280062.3653095
1725280062.370331
1725280062.3788805
1725280062.3928142
1725280062.400899
1725280062.4449964
1725280062.4667525
1725280062.49995
1725280062.49998
1725280062.5093794
1725280062.5357082
1725280062.5788403
1725280062.620658
1725280062.6313856
1725280062.6321182
1725280062.682132
1725280062.682882
1725280062.750849
1725280062.7517872
1725280062.752366
1725280062.756995
1725280062.7647808
1725280062.784093
1725280062.8152418
1725280062.815754
1725280062.8298602
1725280062.8886063
1725280062.8909435
1725280062.9178162
1725280062.928775
1725280062.9545333
1725280062.9659188
1725280062.9778335
1725280062.9881577
1725280063.0119033
1725280063.062242
1725280063.0669227
1725280063.080747
1725280063.1123295
1725280063.1128957
1725280063.1251862
1725280063.157073
1725280063.1595526
1725280063.173502
1725280063.201144
1725280063.2156053
1725280063.259753
1725280063.2604513
1725280063.2609081
1725280063.2761457
1725280063.3231225
1725280063.3303144
1725280063.3559105
1725280063.3646128
1725280063.3776515
1725280063.4182093
1725280063.4186113
1725280063.4421415
1725280063.442561
1725280063.4642923
1725280063.490815
1725280063.5381885
1725280063.5575187
1725280063.581815
1725280063.6074796
1725280063.6080308
1725280063.650872
1725280063.652234
1725280063.6806896
1725280063.7322092
1725280063.7327604
1725280063.7333152
1725280063.764258
1725280063.8064034
1725280063.8179197
1725280063.8188622
1725280063.8554597
1725280063.8693283
1725280063.8877172
1725280063.922471
1725280063.9469998
1725280063.9539278
1725280064.0185366
1725280064.019339
1725280064.030161
1725280064.1092668
1725280064.109922
1725280064.1105618
1725280064.1194987
1725280064.119989
1725280064.1205306
1725280064.1209924
1725280064.1313443
1725280064.1462162
1725280064.1753325
1725280064.1815965
1725280064.1987748
1725280064.2294974
1725280064.2439704
1725280064.2685795
1725280064.278498
1725280064.2922618
1725280064.3150432
1725280064.3227425
1725280064.3565314
1725280064.370488
1725280064.3957942
1725280064.4341772
1725280064.434589
1725280064.4532766
1725280064.4538667
1725280064.4699976
1725280064.4895656
1725280064.535826
1725280064.5368779
1725280064.5378258
1725280064.59208
1725280064.5991063
1725280064.6103098
1725280064.6608233
1725280064.6613355
1725280064.662551
1725280064.663065
1725280064.6976688
1725280064.7259123
1725280064.7433178
1725280064.7937686
1725280064.8098137
1725280064.8104155
1725280064.814898
1725280064.829004
1725280064.8657455
1725280064.8998098
1725280064.9002876
1725280064.909691
1725280064.9424386
1725280064.9489243
1725280064.9872828
1725280065.013323
1725280065.019034
1725280065.03247
1725280065.0568779
1725280065.067479
1725280065.0892298
1725280065.1177511
1725280065.1181939
1725280065.1453588
1725280065.1626916
1725280065.1689994
1725280065.2011383
1725280065.202776
1725280065.2352726
1725280065.2428346
1725280065.2705433
1725280065.2746553
1725280065.2895944
1725280065.305063
1725280065.329627
1725280065.3343248
1725280065.381029
1725280065.3815403
1725280065.3842301
1725280065.4131315
1725280065.4874353
1725280065.4880998
1725280065.488829
1725280065.573657
1725280065.575332
1725280065.5760937
1725280065.5779586
1725280065.598274
1725280065.5986989
1725280065.602518
1725280065.6216135
1725280065.6229272
1725280065.6532035
1725280065.653683
1725280065.6770005
1725280065.679616
1725280065.7040083
1725280065.7663462
1725280065.775593
1725280065.7756236
1725280065.7756484
1725280065.814254
1725280065.8798676
1725280065.9118724
1725280065.9297843
1725280065.9343178
1725280065.944298
1725280065.974445
1725280065.983429
1725280066.0199594
1725280066.0205464
1725280066.0310743
1725280066.062519
1725280066.0638335
1725280066.0770388
1725280066.087291
1725280066.116765
1725280066.129553
1725280066.172601
1725280066.195847
1725280066.2137742
1725280066.2251322
1725280066.2537549
1725280066.2542613
1725280066.2682164
1725280066.2855563
1725280066.3222766
1725280066.3528194
1725280066.3542304
1725280066.366336
1725280066.396814
1725280066.4027855
1725280066.4190247
1725280066.4427023
1725280066.4469075
1725280066.5172253
1725280066.5178983
1725280066.5181384
1725280066.561148
1725280066.5616376
1725280066.5621953
1725280066.5910342
1725280066.6744194
1725280066.7025638
1725280066.7027326
1725280066.7029448
1725280066.7055871
1725280066.7156754
1725280066.716174
1725280066.7166705
1725280066.7304451
1725280066.8009794
1725280066.8016548
1725280066.8183117
1725280066.879609
1725280066.8801003
1725280066.8808064
1725280066.8922827
1725280066.8929627
1725280066.9437525
1725280066.9441495
1725280066.9794674
1725280066.980033
1725280067.0140326
1725280067.0668314
1725280067.06747
1725280067.091389
1725280067.1086583
1725280067.1824577
1725280067.1830695
1725280067.183613
1725280067.2036784
1725280067.2041566
1725280067.253896
1725280067.2548277
1725280067.2809927
1725280067.2820208
1725280067.2993782
1725280067.321974
1725280067.323089
1725280067.4137256
1725280067.4142227
1725280067.414733
1725280067.4233747
1725280067.424404
1725280067.4569755
1725280067.4576428
1725280067.4581587
1725280067.4922686
1725280067.5002847
1725280067.516844
1725280067.5362728
1725280067.588966
1725280067.5892415
1725280067.6007068
1725280067.638029
1725280067.6384661
1725280067.653148
1725280067.6930795
1725280067.6938188
1725280067.7421086
1725280067.7427325
1725280067.7807553
1725280067.781458
1725280067.7820547
1725280067.7825768
1725280067.8028493
1725280067.8360195
1725280067.8755445
1725280067.8762221
1725280067.882162
1725280067.913081
1725280067.9137332
1725280067.930909
1725280067.9652922
1725280067.9822125
1725280068.0254323
1725280068.0452993
1725280068.045877
1725280068.089077
1725280068.0896297
1725280068.0959253
1725280068.1459298
1725280068.1605172
1725280068.161148
1725280068.1777627
1725280068.193002
1725280068.2158585
1725280068.2951007
1725280068.3049154
1725280068.3113647
1725280068.3119786
1725280068.324709
1725280068.325291
1725280068.3415272
1725280068.3606718
1725280068.3803325
1725280068.4184284
1725280068.4450035
1725280068.4456015
1725280068.463374
1725280068.4739273
1725280068.490535
1725280068.5114646
1725280068.524964
1725280068.5421603
1725280068.5750303
1725280068.5762236
1725280068.5874028
1725280068.6130927
1725280068.667051
1725280068.6675682
1725280068.668091
1725280068.6900167
1725280068.6906276
1725280068.721564
1725280068.7517745
1725280068.7522967
1725280068.7738001
1725280068.7743847
1725280068.848375
1725280068.848895
1725280068.8494618
1725280068.8604453
1725280068.8829398
1725280068.9220688
1725280068.9225986
1725280068.9231172
1725280068.998879
1725280068.9993706
1725280069.0006518
1725280069.028606
1725280069.0415628
1725280069.0415833
1725280069.060977
1725280069.080518
1725280069.140115
1725280069.1890683
1725280069.2080233
1725280069.2165918
1725280069.2176552
1725280069.2397203
1725280069.2692125
1725280069.2915533
1725280069.2920394
1725280069.309609
1725280069.3567266
1725280069.3573623
1725280069.3578448
1725280069.3638127
1725280069.3831089
1725280069.471477
1725280069.4727747
1725280069.5003948
1725280069.5005012
1725280069.5010977
1725280069.5155988
1725280069.5349956
1725280069.5554698
1725280069.5735924
1725280069.6012986
1725280069.6198623
1725280069.6407392
1725280069.675078
1725280069.6761556
1725280069.7131953
1725280069.7132864
1725280069.7679594
1725280069.7685854
1725280069.7694247
1725280069.7747505
1725280069.7798345
1725280069.8053222
1725280069.812945
1725280069.838245
1725280069.8768435
1725280069.8814485
1725280069.8989186
1725280069.9205415
1725280069.9206433
1725280069.9406404
1725280069.9637852
1725280069.966782
1725280069.9966848
1725280070.0005302
1725280070.0578845
1725280070.0701246
1725280070.0970204
1725280070.1400292
1725280070.1406019
1725280070.141115
1725280070.1589744
1725280070.1883314
1725280070.200981
1725280070.2239387
1725280070.2513826
1725280070.2520146
1725280070.3097956
1725280070.3332694
1725280070.3340437
1725280070.3635285
1725280070.3882117
1725280070.4100635
1725280070.4366748
1725280070.4489605
1725280070.4653022
1725280070.4817986
1725280070.5073984
1725280070.522142
1725280070.5413551
1725280070.5789795
1725280070.579606
1725280070.5851233
1725280070.6071346
1725280070.6238894
1725280070.6381636
1725280070.6536775
1725280070.6662157
1725280070.7013662
1725280070.702542
1725280070.7223299
1725280070.7477453
1725280070.7817743
1725280070.7823348
1725280070.796195
1725280070.8123324
1725280070.8312144
1725280070.8589485
1725280070.908763
1725280070.9089475
1725280070.9096186
1725280070.9383605
1725280070.9538555
1725280070.9826322
1725280070.9829354
1725280070.9940026
1725280071.0254261
1725280071.0261571
1725280071.1147647
1725280071.115293
1725280071.1157823
1725280071.1409025
1725280071.141919
1725280071.1425552
1725280071.162429
1725280071.1775067
1725280071.226089
1725280071.226581
1725280071.266495
1725280071.2675111
1725280071.2816133
1725280071.2981582
1725280071.3214262
1725280071.341148
1725280071.3848763
1725280071.3853881
1725280071.429631
1725280071.4331748
1725280071.4697714
1725280071.4702997
1725280071.4708989
1725280071.4946938
1725280071.550441
1725280071.5514426
1725280071.5682802
1725280071.5689564
1725280071.595924
1725280071.6014624
1725280071.6194773
1725280071.6320553
1725280071.6581142
1725280071.6817656
1725280071.7186441
1725280071.7192795
1725280071.759315
1725280071.7598329
1725280071.7655985
1725280071.7858038
1725280071.7956245
1725280071.824855
1725280071.8524733
1725280071.8597438
1725280071.8605099
1725280071.9280357
1725280071.9281812
1725280071.929257
1725280071.9293785
1725280071.9460816
1725280071.9789855
1725280071.9927933
1725280072.0077963
1725280072.0182831
1725280072.0538046
1725280072.0543199
1725280072.120617
1725280072.1210997
1725280072.121589
1725280072.1403978
1725280072.1673937
1725280072.1686106
1725280072.2047093
1725280072.2052474
1725280072.225104
1725280072.255345
1725280072.2757075
1725280072.288174
1725280072.2989948
1725280072.306608
1725280072.3311975
1725280072.3599827
1725280072.4013858
1725280072.4836674
1725280072.5371835
1725280072.5378263
1725280072.544797
1725280072.545587
1725280072.5491931
1725280072.569636
1725280072.570127
1725280072.5893104
1725280072.5898216
1725280072.6151755
1725280072.6509035
1725280072.6514254
1725280072.653705
1725280072.6721053
1725280072.707608
1725280072.748357
1725280072.76168
1725280072.763621
1725280072.795838
1725280072.7968562
1725280072.8342123
1725280072.8347318
1725280072.880763
1725280072.9212124
1725280072.9218051
1725280072.9227562
1725280072.9515598
1725280072.9520974
1725280072.9697099
1725280073.0057855
1725280073.0063133
1725280073.0552213
1725280073.0558689
1725280073.061216
1725280073.0615675
1725280073.0829592
1725280073.1050832
1725280073.1465511
1725280073.1651657
1725280073.1653562
1725280073.185977
1725280073.1935403
1725280073.2214425
1725280073.2222376
1725280073.2437887
1725280073.263842
1725280073.35782
1725280073.3760958
1725280073.3769174
1725280073.3772614
1725280073.3840535
1725280073.403234
1725280073.4115849
1725280073.4204397
1725280073.4396758
1725280073.4723089
1725280073.4836006
1725280073.5025754
1725280073.5272398
1725280073.5545566
1725280073.5950737
1725280073.6349595
1725280073.635467
1725280073.7002513
1725280073.7012365
1725280073.7018998
1725280073.7202137
1725280073.742568
1725280073.7679458
1725280073.768553
1725280073.7970426
1725280073.7981036
1725280073.8184516
1725280073.8392837
1725280073.8559065
1725280073.8631525
1725280073.893166
1725280073.8932588
1725280073.9128609
1725280073.9298701
1725280073.948899
1725280073.9588633
1725280073.975472
1725280074.0165849
1725280074.0319
1725280074.049134
1725280074.0767477
1725280074.0772257
1725280074.1167476
1725280074.117606
1725280074.1592407
1725280074.159808
1725280074.1754117
1725280074.19887
1725280074.23201
1725280074.2326953
1725280074.2369413
1725280074.268712
1725280074.2692523
1725280074.2857387
1725280074.303314
1725280074.3652904
1725280074.3664
1725280074.366877
1725280074.4019535
1725280074.4025602
1725280074.4495993
1725280074.4500844
1725280074.4663365
1725280074.471007
1725280074.5057957
1725280074.5361178
1725280074.5434196
1725280074.559865
1725280074.5859563
1725280074.599056
1725280074.6163654
1725280074.6409805
1725280074.677624
1725280074.710168
1725280074.710724
1725280074.7112195
1725280074.7395506
1725280074.7479088
1725280074.7836163
1725280074.8082292
1725280074.8174603
1725280074.8341475
1725280074.8927085
1725280074.8941891
1725280074.895351
1725280074.9054935
1725280074.9456592
1725280074.9469957
1725280074.959521
1725280074.9953856
1725280074.9959025
1725280075.0103595
1725280075.0363126
1725280075.0722485
1725280075.0728235
1725280075.079814
1725280075.1037273
1725280075.1216106
1725280075.1319783
1725280075.170232
1725280075.1706827
1725280075.1874247
1725280075.2023091
1725280075.235178
1725280075.2357674
1725280075.2498024
1725280075.2707465
1725280075.2901287
1725280075.323561
1725280075.3240163
1725280075.3282418
1725280075.3534374
1725280075.3647432
1725280075.3945177
1725280075.432688
1725280075.4334252
1725280075.4476056
1725280075.4599974
1725280075.479852
1725280075.4888597
1725280075.5046012
1725280075.5527034
1725280075.5562575
1725280075.6147482
1725280075.6147695
1725280075.6156611
1725280075.6789064
1725280075.6877718
1725280075.7161036
1725280075.7335806
1725280075.7490625
1725280075.7933254
1725280075.793818
1725280075.9277837
1725280075.9282475
1725280075.9287894
1725280075.9292595
1725280075.9304097
1725280075.9316003
1725280075.9322004
1725280075.9327638
1725280075.9618175
1725280075.9628577
1725280076.0187068
1725280076.0236952
1725280076.0311067
1725280076.053004
1725280076.0992115
1725280076.099774
1725280076.100278
1725280076.129242
1725280076.1480753
1725280076.1716206
1725280076.1986694
1725280076.1994746
1725280076.209734
1725280076.242345
1725280076.2427666
1725280076.266582
1725280076.2805667
1725280076.3526976
1725280076.3532448
1725280076.361989
1725280076.3626432
1725280076.3631608
1725280076.425782
1725280076.4441307
1725280076.4453523
1725280076.4458618
1725280076.4585552
1725280076.4792416
1725280076.4900446
1725280076.5131555
1725280076.5292652
1725280076.5406213
1725280076.5795827
1725280076.6304822
1725280076.6309938
1725280076.640474
1725280076.6523895
1725280076.6786442
1725280076.6859207
1725280076.7212346
1725280076.748102
1725280076.7545247
1725280076.77024
1725280076.7833867
1725280076.825374
1725280076.8642685
1725280076.8717988
1725280076.8896015
1725280076.9221385
1725280076.943621
1725280076.971843
1725280077.0171583
1725280077.017412
1725280077.0177658
1725280077.0559192
1725280077.0568569
1725280077.0608017
1725280077.0983753
1725280077.098993
1725280077.112438
1725280077.1248133
1725280077.158407
1725280077.1668296
1725280077.1762345
1725280077.2068155
1725280077.2084486
1725280077.2347336
1725280077.272541
1725280077.2726815
1725280077.294556
1725280077.3588903
1725280077.359376
1725280077.3599796
1725280077.3820097
1725280077.3829865
1725280077.3927293
1725280077.4452903
1725280077.4470344
1725280077.4624224
1725280077.505922
1725280077.5064478
1725280077.5075846
1725280077.5196235
1725280077.5508196
1725280077.5513277
1725280077.5746102
1725280077.5831378
1725280077.597273
1725280077.6338053
1725280077.6513383
1725280077.6699836
1725280077.6935935
1725280077.7137082
1725280077.7138584
1725280077.7651725
1725280077.765674
1725280077.7925465
1725280077.8157191
1725280077.8378322
1725280077.8714752
1725280077.8720098
1725280077.8807113
1725280077.8939638
1725280077.9359946
1725280077.9495819
1725280078.0056033
1725280078.006096
1725280078.0065792
1725280078.024463
1725280078.0573616
1725280078.1006136
1725280078.1060715
1725280078.1132967
1725280078.1134758
1725280078.1359105
1725280078.1621416
1725280078.1625087
1725280078.1717038
1725280078.212213
1725280078.2228632
1725280078.2586653
1725280078.2587595
1725280078.280873
1725280078.3214242
1725280078.3222716
1725280078.3227713
1725280078.3494892
1725280078.3736885
1725280078.3742056
1725280078.3938744
1725280078.4445577
1725280078.4450548
1725280078.445561
1725280078.461236
1725280078.469375
1725280078.5179484
1725280078.5188196
1725280078.5193427
1725280078.5351217
1725280078.565623
1725280078.5721617
1725280078.5874012
1725280078.6160371
1725280078.6220083
1725280078.6517951
1725280078.711515
1725280078.7175684
1725280078.718267
1725280078.7192633
1725280078.7547514
1725280078.7551963
1725280078.766402
1725280078.8518248
1725280078.8527002
1725280078.852735
1725280078.8527708
1725280078.8893945
1725280078.922933
1725280078.9480386
1725280079.003693
1725280079.0048323
1725280079.0213675
1725280079.032797
1725280079.0613668
1725280079.0884092
1725280079.1093872
1725280079.1100268
1725280079.1155322
1725280079.1479592
1725280079.1489565
1725280079.1627107
1725280079.2136235
1725280079.2141614
1725280079.238505
1725280079.2735152
1725280079.294904
1725280079.2954419
1725280079.3101492
1725280079.3373265
1725280079.386189
1725280079.386705
1725280079.4047353
1725280079.415379
1725280079.4728394
1725280079.473381
1725280079.4739184
1725280079.4762783
1725280079.494664
1725280079.5441732
1725280079.5455127
1725280079.5657487
1725280079.5663285
1725280079.575298
1725280079.5898418
1725280079.6193
1725280079.6301596
1725280079.6729362
1725280079.6796603
1725280079.6997225
1725280079.726156
1725280079.7271864
1725280079.7509704
1725280079.7517471
1725280079.7786481
1725280079.8014154
1725280079.8014843
1725280079.85865
1725280079.8689497
1725280079.881762
1725280079.8985019
1725280079.9163907
1725280079.9328215
1725280080.0083168
1725280080.0090263
1725280080.0537312
1725280080.0538456
1725280080.0539517
1725280080.0570295
1725280080.0840254
1725280080.121885
1725280080.1427119
1725280080.1431923
1725280080.1774733
1725280080.2035265
1725280080.2041414
1725280080.2457604
1725280080.2540185
1725280080.2874446
1725280080.2884042
1725280080.3053422
1725280080.3232439
1725280080.3543985
1725280080.355434
1725280080.3772938
1725280080.406957
1725280080.407434
1725280080.420219
1725280080.4462926
1725280080.4841897
1725280080.4851522
1725280080.493348
1725280080.5060508
1725280080.5198977
1725280080.5551627
1725280080.5809898
1725280080.581534
1725280080.6217663
1725280080.622532
1725280080.6488738
1725280080.6497245
1725280080.6792142
1725280080.6917672
1725280080.72027
1725280080.7497394
1725280080.7501872
1725280080.7832427
1725280080.7838428
1725280080.7915578
1725280080.8411849
1725280080.8418531
1725280080.8424063
1725280080.8695502
1725280080.8927467
1725280080.921372
1725280080.9238217
1725280080.9474154
1725280080.9584832
1725280080.971535
1725280081.0057712
1725280081.0334606
1725280081.0561705
1725280081.0573623
1725280081.095706
1725280081.130415
1725280081.1401641
1725280081.140938
1725280081.1544392
1725280081.1916118
1725280081.24773
1725280081.248287
1725280081.248891
1725280081.2895765
1725280081.2900743
1725280081.355533
1725280081.3617723
1725280081.3654041
1725280081.3659163
1725280081.3966572
1725280081.3971663
1725280081.4041572
1725280081.4159522
1725280081.4475973
1725280081.4715912
1725280081.527976
1725280081.5285716
1725280081.5291748
1725280081.5325787
1725280081.5513554
1725280081.5823982
1725280081.5825198
1725280081.600933
1725280081.6186543
1725280081.6384277
1725280081.6912904
1725280081.6929708
1725280081.6935444
1725280081.694132
1725280081.7118702
1725280081.7286842
1725280081.753175
1725280081.7918365
1725280081.7919421
1725280081.793567
1725280081.8129241
1725280081.846913
1725280081.8474524
1725280081.8603816
1725280081.8703632
1725280081.902505
1725280081.9370646
1725280081.9379306
1725280081.967485
1725280081.9710143
1725280082.0395064
1725280082.040174
1725280082.0413465
1725280082.0655122
1725280082.066129
1725280082.0900426
1725280082.1103852
1725280082.135139
1725280082.2124772
1725280082.221134
1725280082.2337449
1725280082.2344863
1725280082.2629979
1725280082.297336
1725280082.3030152
1725280082.337206
1725280082.3378775
1725280082.3492527
1725280082.3652585
1725280082.39185
1725280082.4299583
1725280082.4305553
1725280082.46539
1725280082.4659805
1725280082.4858594
1725280082.5691602
1725280082.5903373
1725280082.6095858
1725280082.610096
1725280082.6106074
1725280082.6111174
1725280082.6116211
1725280082.6938615
1725280082.6948698
1725280082.7186742
1725280082.7192144
1725280082.7197077
1725280082.72253
1725280082.7478073
1725280082.7569447
1725280082.7777643
1725280082.7925603
1725280082.8103697
1725280082.8381069
1725280082.8382285
1725280082.8552673
1725280082.8788414
1725280082.9439695
1725280082.9468222
1725280082.9475312
1725280082.9748068
1725280082.9759893
1725280083.0366085
1725280083.0371618
1725280083.0376694
1725280083.0402215
1725280083.0641215
1725280083.1777406
1725280083.1783032
1725280083.178843
1725280083.1858501
1725280083.1861305
1725280083.187057
1725280083.2017019
1725280083.2320216
1725280083.2544441
1725280083.270784
1725280083.331117
1725280083.339207
1725280083.3626678
1725280083.3637886
1725280083.4014146
1725280083.4019217
1725280083.4260733
1725280083.4427803
1725280083.489936
1725280083.4904482
1725280083.5346837
1725280083.5351288
1725280083.5425837
1725280083.5553365
1725280083.5765758
1725280083.6023312
1725280083.6029675
1725280083.628013
1725280083.65162
1725280083.6518393
1725280083.6842735
1725280083.6851275
1725280083.7084403
1725280083.7239394
1725280083.771999
1725280083.772628
1725280083.7882183
1725280083.81087
1725280083.8609648
1725280083.861934
1725280083.863176
1725280083.892809
1725280083.8937652
1725280083.912093
1725280083.9445248
1725280083.955848
1725280084.024675
1725280084.0251226
1725280084.0255954
1725280084.0325205
1725280084.0378437
1725280084.054894
1725280084.07448
1725280084.102725
1725280084.1032348
1725280084.1141028
1725280084.1534574
1725280084.1707635
1725280084.2088702
1725280084.2099798
1725280084.2140615
1725280084.2461863
1725280084.246726
1725280084.298215
1725280084.299088
1725280084.3464448
1725280084.3535695
1725280084.3634818
1725280084.3870003
1725280084.4069667
1725280084.4221127
1725280084.4632432
1725280084.47607
1725280084.4797864
1725280084.4915247
1725280084.5149283
1725280084.5355802
1725280084.5608068
1725280084.579637
1725280084.5946145
1725280084.6106024
1725280084.6452694
1725280084.6458817
1725280084.6751065
1725280084.675558
1725280084.721255
1725280084.7428143
1725280084.743415
1725280084.7641957
1725280084.783321
1725280084.7939398
1725280084.8116453
1725280084.8742995
1725280084.8747854
1725280084.8954833
1725280084.8960562
1725280084.8969042
1725280084.9370077
1725280084.937515
1725280084.9379728
1725280084.9612858
1725280084.9701436
1725280084.9993064
1725280085.0169058
1725280085.0522432
1725280085.052837
1725280085.0533204
1725280085.0689132
1725280085.1115956
1725280085.1133733
1725280085.1301632
1725280085.2114046
1725280085.213088
1725280085.2154107
1725280085.2160509
1725280085.216721
1725280085.233028
1725280085.2533257
1725280085.2798471
1725280085.2803264
1725280085.3211331
1725280085.3279002
1725280085.345655
1725280085.3692303
1725280085.4479005
1725280085.4483037
1725280085.4714978
1725280085.4836774
1725280085.5110347
1725280085.5354939
1725280085.580964
1725280085.5814707
1725280085.6119795
1725280085.6126082
1725280085.6132417
1725280085.6243997
1725280085.6517909
1725280085.6663482
1725280085.6838384
1725280085.6839554
1725280085.758254
1725280085.7593615
1725280085.773175
1725280085.789752
1725280085.8017137
1725280085.824574
1725280085.852238
1725280085.8528154
1725280085.8725417
1725280085.903632
1725280085.920849
1725280085.963766
1725280085.9643245
1725280085.9649236
1725280085.9784682
1725280086.0130947
1725280086.0135953
1725280086.0595057
1725280086.0602956
1725280086.0661995
1725280086.1093402
1725280086.1098151
1725280086.1103032
1725280086.1260607
1725280086.1667309
1725280086.2247431
1725280086.2253714
1725280086.2590842
1725280086.259343
1725280086.25949
1725280086.2596924
1725280086.2786126
1725280086.3232877
1725280086.360429
1725280086.3628826
1725280086.3720613
1725280086.3941605
1725280086.409106
1725280086.4330277
1725280086.442313
1725280086.4893246
1725280086.4900365
1725280086.5033543
1725280086.565511
1725280086.5659955
1725280086.5665038
1725280086.6038406
1725280086.6413846
1725280086.641892
1725280086.6497648
1725280086.699683
1725280086.7027872
1725280086.7614274
1725280086.76227
1725280086.7628825
1725280086.8006194
1725280086.8011403
1725280086.8131926
1725280086.8371162
1725280086.8654451
1725280086.8660314
1725280086.8922725
1725280086.8927732
1725280086.9253974
1725280086.9260492
1725280086.9380798
1725280086.9762812
1725280086.9772785
1725280087.030525
1725280087.0311263
1725280087.0332844
1725280087.065603
1725280087.0967793
1725280087.097269
1725280087.1184318
1725280087.1248543
1725280087.140108
1725280087.1676884
1725280087.193728
1725280087.2094164
1725280087.2283783
1725280087.2343166
1725280087.2671754
1725280087.2684448
1725280087.2775924
1725280087.2944863
1725280087.3187473
1725280087.3494203
1725280087.3499305
1725280087.3628633
1725280087.4786863
1725280087.5198207
1725280087.521136
1725280087.5222218
1725280087.5255618
1725280087.5316474
1725280087.5321674
1725280087.532719
1725280087.5531914
1725280087.5674422
1725280087.590321
1725280087.6087022
1725280087.6529949
1725280087.6536431
1725280087.6588938
1725280087.6950154
1725280087.7188778
1725280087.7233906
1725280087.7512996
1725280087.7723048
1725280087.7727854
1725280087.8266728
1725280087.834206
1725280087.849934
1725280087.8553686
1725280087.885054
1725280087.9129972
1725280087.9141212
1725280087.9273021
1725280087.9561515
1725280087.9685252
1725280088.0048323
1725280088.005338
1725280088.0208726
1725280088.038473
1725280088.0792267
1725280088.0799308
1725280088.0964003
1725280088.1023915
1725280088.1267378
1725280088.1589096
1725280088.1590676
1725280088.1847594
1725280088.1851845
1725280088.2018898
1725280088.2146196
1725280088.251464
1725280088.25205
1725280088.2641926
1725280088.287216
1725280088.3056128
1725280088.3145819
1725280088.329097
1725280088.3457983
1725280088.3667212
1725280088.377071
1725280088.4091685
1725280088.4321043
1725280088.4468038
1725280088.4665728
1725280088.4875612
1725280088.5100543
1725280088.5101726
1725280088.522281
1725280088.5661204
1725280088.6017241
1725280088.6017516
1725280088.6340683
1725280088.640041
1725280088.677462
1725280088.6977463
1725280088.7218904
1725280088.7258668
1725280088.787029
1725280088.7877133
1725280088.840485
1725280088.8410091
1725280088.8421457
1725280088.8607285
1725280088.8790953
1725280088.9078462
1725280088.908441
1725280088.9460788
1725280088.9466581
1725280088.9656074
1725280089.0587234
1725280089.0699198
1725280089.071263
1725280089.0718095
1725280089.0792227
1725280089.086446
1725280089.1312823
1725280089.1317184
1725280089.160667
1725280089.1787577
1725280089.1907308
1725280089.2251544
1725280089.2256541
1725280089.2334402
1725280089.2721152
1725280089.2728126
1725280089.2942867
1725280089.2970836
1725280089.3195634
1725280089.33463
1725280089.387922
1725280089.388516
1725280089.3894448
1725280089.4227788
1725280089.426342
1725280089.4780834
1725280089.4823918
1725280089.4825368
1725280089.4997716
1725280089.5202448
1725280089.5477357
1725280089.5483131
1725280089.55716
1725280089.5880558
1725280089.6311097
1725280089.657046
1725280089.6575267
1725280089.6729739
1725280089.6910357
1725280089.7335768
1725280089.734192
1725280089.762558
1725280089.7832658
1725280089.783733
1725280089.816647
1725280089.84226
1725280089.882252
1725280089.8969376
1725280089.9198914
1725280089.9518464
1725280089.9594007
1725280089.9677553
1725280090.0008874
1725280090.0110886
1725280090.0316718
1725280090.0538924
1725280090.0869055
1725280090.088137
1725280090.1019642
1725280090.1214356
1725280090.172927
1725280090.1733856
1725280090.174078
1725280090.2372015
1725280090.2385526
1725280090.239342
1725280090.243625
1725280090.277735
1725280090.2778635
1725280090.279855
1725280090.3297894
1725280090.3300803
1725280090.340995
1725280090.3894444
1725280090.3902714
1725280090.3987749
1725280090.456229
1725280090.457243
1725280090.4587336
1725280090.4923716
1725280090.493047
1725280090.5210898
1725280090.5222516
1725280090.5528276
1725280090.5537217
1725280090.585096
1725280090.6062694
1725280090.6069267
1725280090.6282845
1725280090.6617928
1725280090.6840665
1725280090.7026434
1725280090.7063408
1725280090.7320042
1725280090.8055115
1725280090.8060517
1725280090.806585
1725280090.813714
1725280090.8588228
1725280090.8718932
1725280090.872033
1725280090.8940635
1725280090.9078724
1725280090.9390059
1725280090.9766424
1725280090.9950228
1725280090.995479
1725280091.0025938
1725280091.0293944
1725280091.0553377
1725280091.0778923
1725280091.0888898
1725280091.1110907
1725280091.1316278
1725280091.1657772
1725280091.1662734
1725280091.1970541
1725280091.1975594
1725280091.2445364
1725280091.245495
1725280091.2505941
1725280091.2657168
1725280091.2829888
1725280091.296314
1725280091.3216867
1725280091.34574
1725280091.346246
1725280091.3664355
1725280091.383983
1725280091.4316304
1725280091.432844
1725280091.4333484
1725280091.4838533
1725280091.4853635
1725280091.4857223
1725280091.5300412
1725280091.5305767
1725280091.5555112
1725280091.5567195
1725280091.5572124
1725280091.575413
1725280091.5898845
1725280091.6079612
1725280091.6283402
1725280091.6432757
1725280091.6727517
1725280091.6893249
1725280091.7246644
1725280091.7254627
1725280091.7507234
1725280091.7512572
1725280091.768031
1725280091.796156
1725280091.8668978
1725280091.8675148
1725280091.8675442
1725280091.8981178
1725280091.9071524
1725280091.938631
1725280091.9692163
1725280091.9892826
1725280091.9898622
1725280092.0481398
1725280092.0618343
1725280092.0784395
1725280092.1077545
1725280092.161364
1725280092.1618674
1725280092.1623375
1725280092.1740477
1725280092.1741538
1725280092.1878643
1725280092.208391
1725280092.2355506
1725280092.289076
1725280092.307599
1725280092.3149028
1725280092.3472142
1725280092.349027
1725280092.356529
1725280092.388932
1725280092.3894029
1725280092.4305124
1725280092.4540148
1725280092.4758015
1725280092.4763882
1725280092.4926033
1725280092.5090592
1725280092.567268
1725280092.5673606
1725280092.568402
1725280092.5758414
1725280092.5938203
1725280092.6656623
1725280092.6661258
1725280092.666629
1725280092.6698694
1725280092.6961172
1725280092.71274
1725280092.7341018
1725280092.737741
1725280092.7556522
1725280092.7715151
1725280092.80068
1725280092.8012161
1725280092.8574018
1725280092.8579004
1725280092.8741002
1725280092.914802
1725280092.9155052
1725280092.9377487
1725280092.9558852
1725280092.969398
1725280092.9848044
1725280093.0171292
1725280093.0765035
1725280093.0768335
1725280093.0775363
1725280093.082847
1725280093.1258833
1725280093.1569064
1725280093.1810133
1725280093.1815112
1725280093.2149444
1725280093.2361264
1725280093.261145
1725280093.3099911
1725280093.310551
1725280093.3110852
1725280093.3280807
1725280093.3680794
1725280093.3689814
1725280093.3821936
1725280093.397237
1725280093.4136949
1725280093.424307
1725280093.4465702
1725280093.475916
1725280093.4773011
1725280093.4957652
1725280093.5158248
1725280093.5231204
1725280093.5572476
1725280093.557754
1725280093.5855336
1725280093.6102982
1725280093.6461613
1725280093.6466684
1725280093.6720395
1725280093.6972694
1725280093.6978824
1725280093.7180047
1725280093.7326853
1725280093.7575867
1725280093.7739975
1725280093.7860184
1725280093.8074303
1725280093.840036
1725280093.8407447
1725280093.8472521
1725280093.902635
1725280093.9037962
1725280093.9049673
1725280093.9390442
1725280093.9603157
1725280093.9679463
1725280094.0051675
1725280094.0056887
1725280094.0076075
1725280094.0277247
1725280094.0627787
1725280094.0913348
1725280094.0974889
1725280094.109914
1725280094.1634972
1725280094.164055
1725280094.195065
1725280094.1958508
1725280094.2481914
1725280094.2485113
1725280094.257138
1725280094.2854166
1725280094.2859151
1725280094.3559613
1725280094.3574219
1725280094.3605456
1725280094.3794167
1725280094.3852882
1725280094.4033625
1725280094.4232075
1725280094.4916537
1725280094.4927592
1725280094.4931517
1725280094.5068147
1725280094.5260248
1725280094.5490432
1725280094.5495584
1725280094.5667548
1725280094.5878127
1725280094.598353
1725280094.6121135
1725280094.642962
1725280094.6435351
1725280094.66925
1725280094.6800694
1725280094.6929903
1725280094.7136059
1725280094.7291758
1725280094.7487435
1725280094.7658308
1725280094.7836647
1725280094.7970183
1725280094.8208275
1725280094.8252835
1725280094.8399706
1725280094.8668497
1725280094.9052482
1725280094.9057589
1725280094.906242
1725280094.9524665
1725280094.9974415
1725280094.9975588
1725280095.0079029
1725280095.0085018
1725280095.0279424
1725280095.0438006
1725280095.0665069
1725280095.10331
1725280095.1293054
1725280095.1293294
1725280095.1499798
1725280095.1747832
1725280095.216293
1725280095.2391977
1725280095.25869
1725280095.2629023
1725280095.3149145
1725280095.3384278
1725280095.3448813
1725280095.384583
1725280095.3852966
1725280095.4264936
1725280095.426999
1725280095.439387
1725280095.4401007
1725280095.460729
1725280095.4842536
1725280095.4917874
1725280095.547309
1725280095.5661442
1725280095.5839217
1725280095.5845985
1725280095.6065784
1725280095.618441
1725280095.655499
1725280095.6577537
1725280095.6826646
1725280095.7000167
1725280095.7194138
1725280095.7576177
1725280095.7582881
1725280095.774934
1725280095.7935245
1725280095.8401515
1725280095.8408263
1725280095.8703933
1725280095.870563
1725280095.870883
1725280095.9011712
1725280095.9017777
1725280095.9262505
1725280095.9759278
1725280095.9894402
1725280095.9901867
1725280096.030907
1725280096.0314655
1725280096.0319815
1725280096.057645
1725280096.0851114
1725280096.085558
1725280096.1688325
1725280096.1845777
1725280096.184816
1725280096.1849637
1725280096.218812
1725280096.2193165
1725280096.2725022
1725280096.274197
1725280096.2933807
1725280096.312756
1725280096.3131864
1725280096.333001
1725280096.3476164
1725280096.3904312
1725280096.4382913
1725280096.4394302
1725280096.4400127
1725280096.4811273
1725280096.4969559
1725280096.5091298
1725280096.541934
1725280096.5567968
1725280096.58362
1725280096.636235
1725280096.6488914
1725280096.6496205
1725280096.6504817
1725280096.6674666
1725280096.6679952
1725280096.6877546
1725280096.7385068
1725280096.738597
1725280096.749087
1725280096.7610192
1725280096.8280375
1725280096.8438258
1725280096.8622522
1725280096.862763
1725280096.8637385
1725280096.8657103
1725280096.9154365
1725280096.9157267
1725280096.9262881
1725280096.9400694
1725280096.9940083
1725280096.9941125
1725280097.0046182
1725280097.0291657
1725280097.0674317
1725280097.0684144
1725280097.0751624
1725280097.0894134
1725280097.1114686
1725280097.121474
1725280097.133334
1725280097.1560311
1725280097.2085142
1725280097.2101731
1725280097.2185454
1725280097.2311077
1725280097.2651167
1725280097.2652166
1725280097.287102
1725280097.2999613
1725280097.353291
1725280097.3549957
1725280097.367237
1725280097.382461
1725280097.4142783
1725280097.4321747
1725280097.4552205
1725280097.4697044
1725280097.4994457
1725280097.52998
1725280097.5304778
1725280097.5440447
1725280097.556007
1725280097.573871
1725280097.6280963
1725280097.6321723
1725280097.7040195
1725280097.7046943
1725280097.7058818
1725280097.7063854
1725280097.734787
1725280097.7426345
1725280097.7427442
1725280097.7756772
1725280097.7880802
1725280097.808505
1725280097.8263674
1725280097.8402874
1725280097.8557694
1725280097.8775778
1725280097.8831565
1725280097.9215207
1725280097.9236863
1725280097.9420698
1725280097.950963
1725280098.002745
1725280098.0054245
1725280098.0055375
1725280098.0326219
1725280098.0328622
1725280098.0837827
1725280098.0842643
1725280098.085464
1725280098.1003685
1725280098.1250703
1725280098.1283011
1725280098.1652565
1725280098.1657379
1725280098.1805108
1725280098.2110696
1725280098.2543428
1725280098.256394
1725280098.2614374
1725280098.2974713
1725280098.2983568
1725280098.3188565
1725280098.3343914
1725280098.3781145
1725280098.3908103
1725280098.4087343
1725280098.4087656
1725280098.4422693
1725280098.4799225
1725280098.4972346
1725280098.5218773
1725280098.5329032
1725280098.578791
1725280098.58852
1725280098.6111398
1725280098.653792
1725280098.653894
1725280098.6622274
1725280098.683572
1725280098.6958563
1725280098.7319965
1725280098.73256
1725280098.8100848
1725280098.8101707
1725280098.811018
1725280098.835262
1725280098.8394678
1725280098.8650289
1725280098.8741508
1725280098.9340692
1725280098.9341705
1725280098.935112
1725280098.954437
1725280098.970166
1725280098.9949856
1725280099.0131822
1725280099.021313
1725280099.0503538
1725280099.0504496
1725280099.0663037
1725280099.0992937
1725280099.1007879
1725280099.1519957
1725280099.1527863
1725280099.1533036
1725280099.1654994
1725280099.1809003
1725280099.2229726
1725280099.243182
1725280099.2605116
1725280099.2676344
1725280099.2838876
1725280099.3173797
1725280099.3178566
1725280099.3369784
1725280099.3705928
1725280099.370948
1725280099.397941
1725280099.4407935
1725280099.4409027
1725280099.5107212
1725280099.5113573
1725280099.511856
1725280099.5509439
1725280099.551542
1725280099.5634458
1725280099.5808067
1725280099.5917008
1725280099.6171322
1725280099.6412091
1725280099.6719263
1725280099.692365
1725280099.7175324
1725280099.7445264
1725280099.7578368
1725280099.767421
1725280099.817795
1725280099.8183572
1725280099.8377433
1725280099.8530035
1725280099.8688467
1725280099.8868735
1725280099.9036834
1725280099.9451191
1725280099.951692
1725280099.952574
1725280100.0710952
1725280100.0744088
1725280100.0745206
1725280100.074689
1725280100.0748446
1725280100.0751588
1725280100.098076
1725280100.098707
1725280100.1223845
1725280100.1537752
1725280100.1543431
1725280100.1725261
1725280100.178997
1725280100.1933553
1725280100.2084262
1725280100.253649
1725280100.2582397
1725280100.2748852
1725280100.3143668
1725280100.3147645
1725280100.357534
1725280100.3580015
1725280100.3584988
1725280100.3915656
1725280100.3920448
1725280100.408584
1725280100.4317074
1725280100.4536607
1725280100.4847543
1725280100.4860222
1725280100.5112386
1725280100.5384881
1725280100.5387683
1725280100.5533538
1725280100.589841
1725280100.6002645
1725280100.6843307
1725280100.6916943
1725280100.6921942
1725280100.7211196
1725280100.7217019
1725280100.722017
1725280100.7549198
1725280100.770777
1725280100.7879043
1725280100.8225737
1725280100.8234696
1725280100.8557224
1725280100.8627748
1725280100.892753
1725280100.893823
1725280100.9164732
1725280100.9945023
1725280100.9949813
1725280101.0065122
1725280101.0066109
1725280101.0066988
1725280101.023086
1725280101.0821836
1725280101.0827098
1725280101.0832326
1725280101.0900733
1725280101.1131487
1725280101.1328864
1725280101.1371956
1725280101.1579416
1725280101.1743896
1725280101.1834688
1725280101.211358
1725280101.233583
1725280101.237048
1725280101.2879348
1725280101.2880309
1725280101.288941
1725280101.3070474
1725280101.3387828
1725280101.3453808
1725280101.3709257
1725280101.3714445
1725280101.3888433
1725280101.4010084
1725280101.4790003
1725280101.479441
1725280101.4805682
1725280101.4875417
1725280101.5113704
1725280101.5568397
1725280101.5569696
1725280101.5571759
1725280101.5597186
1725280101.5915606
1725280101.6235335
1725280101.6376655
1725280101.6509867
1725280101.6661131
1725280101.6966
1725280101.7417738
1725280101.8082035
1725280101.8629854
1725280101.863642
1725280101.869721
1725280101.8753662
1725280101.8759398
1725280101.9027562
1725280101.9028537
1725280101.9186752
1725280101.9423459
1725280101.9431937
1725280101.9816241
1725280101.982165
1725280101.9971044
1725280102.0203679
1725280102.0484173
1725280102.0868585
1725280102.0968301
1725280102.1043658
1725280102.129865
1725280102.142577
1725280102.2027757
1725280102.203266
1725280102.2093601
1725280102.2280912
1725280102.2544603
1725280102.2556944
1725280102.3230293
1725280102.3231735
1725280102.3232892
1725280102.323409
1725280102.3502073
1725280102.3591907
1725280102.4078872
1725280102.407965
1725280102.4089558
1725280102.419952
1725280102.4359229
1725280102.477401
1725280102.4888477
1725280102.5093005
1725280102.5293844
1725280102.537743
1725280102.5623
1725280102.5804634
1725280102.592189
1725280102.5939555
1725280102.618767
1725280102.6544597
1725280102.697794
1725280102.6982667
1725280102.7212665
1725280102.7496855
1725280102.7501547
1725280102.7799656
1725280102.7883348
1725280102.8164465
1725280102.8400397
1725280102.852746
1725280102.8781784
1725280102.8973618
1725280102.9423206
1725280102.9427361
1725280102.9600198
1725280103.0066197
1725280103.0097215
1725280103.0408053
1725280103.0641787
1725280103.0954697
1725280103.0959275
1725280103.1053739
1725280103.1266942
1725280103.1565812
1725280103.1675267
1725280103.1801577
1725280103.2269232
1725280103.2274296
1725280103.2279594
1725280103.241594
1725280103.26103
1725280103.2818825
1725280103.3083842
1725280103.3172827
1725280103.3393366
1725280103.3514
1725280103.3783503
1725280103.3888686
1725280103.4214082
1725280103.4218955
1725280103.4517405
1725280103.479259
1725280103.4800203
1725280103.4995306
1725280103.5286381
1725280103.5287352
1725280103.5493662
1725280103.568817
1725280103.5776665
1725280103.5962489
1725280103.6194468
1725280103.6314704
1725280103.644036
1725280103.6679904
1725280103.7133217
1725280103.7140946
1725280103.7488437
1725280103.7494855
1725280103.7649543
1725280103.7780554
1725280103.8295267
1725280103.8295968
1725280103.8679054
1725280103.8701062
1725280103.8755727
1725280103.9069538
1725280103.9235458
1725280103.950205
1725280103.9816263
1725280103.982172
1725280104.0185187
1725280104.0346413
1725280104.0528767
1725280104.088873
1725280104.0896244
1725280104.0901244
1725280104.1845899
1725280104.1855319
1725280104.1945345
1725280104.1952043
1725280104.199942
1725280104.2229214
1725280104.2240124
1725280104.2344246
1725280104.281301
1725280104.28206
1725280104.3376155
1725280104.3416126
1725280104.3420799
1725280104.3567743
1725280104.3693833
1725280104.3891368
1725280104.4040523
1725280104.418648
1725280104.4269772
1725280104.4549506
1725280104.494592
1725280104.4957793
1725280104.4962134
1725280104.5106204
1725280104.5417988
1725280104.5426986
1725280104.5620081
1725280104.5887468
1725280104.6060996
1725280104.606592
1725280104.6236153
1725280104.6481032
1725280104.6592457
1725280104.6735291
1725280104.6893098
1725280104.725131
1725280104.7512288
1725280104.753479
1725280104.7692084
1725280104.786647
1725280104.8252475
1725280104.8255472
1725280104.8728552
1725280104.919316
1725280104.9194489
1725280104.9194741
1725280104.9194946
1725280104.9611955
1725280104.9934852
1725280105.0156274
1725280105.0500374
1725280105.0506933
1725280105.1284223
1725280105.1290421
1725280105.1295915
1725280105.1669068
1725280105.167388
1725280105.1870632
1725280105.1876256
1725280105.2258518
1725280105.2260983
1725280105.235126
1725280105.245524
1725280105.2649038
1725280105.2938128
1725280105.3299017
1725280105.3943639
1725280105.3951952
1725280105.4299278
1725280105.430454
1725280105.4312904
1725280105.4318097
1725280105.4634302
1725280105.4785569
1725280105.5456898
1725280105.5461762
1725280105.5467124
1725280105.5643075
1725280105.5646696
1725280105.6210065
1725280105.621457
1725280105.6225042
1725280105.629621
1725280105.6719067
1725280105.6724536
1725280105.6729603
1725280105.688214
1725280105.7378383
1725280105.7853987
1725280105.7908802
1725280105.7914405
1725280105.8070428
1725280105.807565
1725280105.8252988
1725280105.84077
1725280105.8618076
1725280105.910614
1725280105.9270754
1725280105.9450655
1725280105.9702864
1725280105.9708335
1725280105.9802558
1725280106.0028565
1725280106.0301976
1725280106.0307994
1725280106.0638614
1725280106.0844035
1725280106.1042414
1725280106.1245124
1725280106.1605577
1725280106.2380319
1725280106.2384896
1725280106.2426274
1725280106.2779374
1725280106.2789783
1725280106.2828145
1725280106.3147957
1725280106.393828
1725280106.3939188
1725280106.3950691
1725280106.4000077
1725280106.4013114
1725280106.4038348
1725280106.4342475
1725280106.4478061
1725280106.4625733
1725280106.4743428
1725280106.4842856
1725280106.5172694
1725280106.5524356
1725280106.553082
1725280106.5563881
1725280106.5696874
1725280106.5902982
1725280106.6233606
1725280106.6438
1725280106.677325
1725280106.678081
1725280106.683104
1725280106.6974013
1725280106.7182784
1725280106.7453797
1725280106.7779436
1725280106.7798793
1725280106.8513737
1725280106.8520844
1725280106.8572223
1725280106.858279
1725280106.8591113
1725280106.885593
1725280106.8948033
1725280106.9125147
1725280106.944827
1725280106.9634817
1725280107.0121067
1725280107.012927
1725280107.0525177
1725280107.053014
1725280107.0695949
1725280107.0697596
1725280107.0882132
1725280107.1214926
1725280107.127318
1725280107.148173
1725280107.1712425
1725280107.1952407
1725280107.2071235
1725280107.2683759
1725280107.269388
1725280107.281908
1725280107.2963285
1725280107.3130593
1725280107.3426967
1725280107.343431
1725280107.3934717
1725280107.4043665
1725280107.4589877
1725280107.4590971
1725280107.4599078
1725280107.4875677
1725280107.5294771
1725280107.5299869
1725280107.5308216
1725280107.540323
1725280107.5697145
1725280107.5711
1725280107.611913
1725280107.6124768
1725280107.6203291
1725280107.630137
1725280107.6648035
1725280107.6654904
1725280107.6859684
1725280107.7106428
1725280107.7153401
1725280107.73452
1725280107.7674086
1725280107.7683067
1725280107.776914
1725280107.8079464
1725280107.8096423
1725280107.8437054
1725280107.8446324
1725280107.8857312
1725280107.890652
1725280107.8912053
1725280107.9280796
1725280107.9290364
1725280107.9961855
1725280108.0102787
1725280108.0114572
1725280108.012105
1725280108.0240653
1725280108.0420148
1725280108.067958
1725280108.0692437
1725280108.0879056
1725280108.1451993
1725280108.1458063
1725280108.1482425
1725280108.1736245
1725280108.2124908
1725280108.2395601
1725280108.2641127
1725280108.2919478
1725280108.292642
1725280108.3397555
1725280108.3571038
1725280108.410129
1725280108.4114292
1725280108.4119558
1725280108.4185832
1725280108.437163
1725280108.44968
1725280108.4645941
1725280108.4949727
1725280108.4955702
1725280108.5185742
1725280108.5562997
1725280108.57643
1725280108.5924063
1725280108.6062672
1725280108.6280735
1725280108.6478007
1725280108.6613367
1725280108.6749454
1725280108.8411891
1725280108.843826
1725280108.8452797
1725280108.846701
1725280108.8545005
1725280108.8759303
1725280108.8767333
1725280108.876934
1725280108.8779826
1725280108.886128
1725280108.8868876
1725280108.887498
1725280108.9701595
1725280108.971058
1725280108.9715734
1725280108.998044
1725280109.0195305
1725280109.0204551
1725280109.0211978
1725280109.0329623
1725280109.0743575
1725280109.0752547
1725280109.0832608
1725280109.1407337
1725280109.1412482
1725280109.1553676
1725280109.1883836
1725280109.2658827
1725280109.2666209
1725280109.266732
1725280109.27208
1725280109.2879937
1725280109.290045
1725280109.3209321
1725280109.335203
1725280109.4028857
1725280109.4033508
1725280109.4276824
1725280109.4301503
1725280109.4525115
1725280109.4962497
1725280109.4992085
1725280109.513414
1725280109.5494106
1725280109.5591514
1725280109.5702267
1725280109.6122925
1725280109.6128485
1725280109.623055
1725280109.6406617
1725280109.671063
1725280109.6716902
1725280109.6878545
1725280109.7069266
1725280109.7212648
1725280109.7493682
1725280109.74979
1725280109.7660015
1725280109.8171966
1725280109.8206873
1725280109.8363419
1725280109.836506
1725280109.8743007
1725280109.8858032
1725280109.9146094
1725280109.9149756
1725280109.9551003
1725280109.9593456
1725280110.0012972
1725280110.0019462
1725280110.0269992
1725280110.034086
1725280110.0762167
1725280110.0767224
1725280110.0903435
1725280110.099795
1725280110.138454
1725280110.1393616
1725280110.1577938
1725280110.1684153
1725280110.2108965
1725280110.2322671
1725280110.2413743
1725280110.272523
1725280110.2897959
1725280110.2898948
1725280110.3017046
1725280110.3367774
1725280110.3476949
1725280110.4056864
1725280110.4066021
1725280110.4159257
1725280110.4332669
1725280110.443817
1725280110.4671226
1725280110.488881
1725280110.524174
1725280110.5328772
1725280110.5594356
1725280110.5598974
1725280110.6279917
1725280110.628314
1725280110.635214
1725280110.6443362
1725280110.6684992
1725280110.678473
1725280110.7079983
1725280110.7086604
1725280110.7462332
1725280110.7463286
1725280110.7934446
1725280110.794396
1725280110.8087454
1725280110.834076
1725280110.8429737
1725280110.8742588
1725280110.874854
1725280110.88999
1725280110.9197962
1725280110.9274187
1725280110.9568686
1725280110.95735
1725280110.9710324
1725280111.0137
1725280111.0142028
1725280111.0315628
1725280111.0588818
1725280111.059803
1725280111.0780354
1725280111.0941482
1725280111.1008887
1725280111.1162586
1725280111.1357927
1725280111.1484346
1725280111.1733313
1725280111.1820555
1725280111.206546
1725280111.2294607
1725280111.2885544
1725280111.2892325
1725280111.2897909
1725280111.3217075
1725280111.3222802
1725280111.3319263
1725280111.3489292
1725280111.4273226
1725280111.4356928
1725280111.4357214
1725280111.435744
1725280111.463877
1725280111.5058439
1725280111.5207143
1725280111.5661263
1725280111.5663662
1725280111.5969744
1725280111.6196985
1725280111.663159
1725280111.671309
1725280111.671781
1725280111.7483118
1725280111.748389
1725280111.7486966
1725280111.7561395
1725280111.7563884
1725280111.7665043
1725280111.7863958
1725280111.8145373
1725280111.8470335
1725280111.8817215
1725280111.8821914
1725280111.89489
1725280111.9105957
1725280111.9432678
1725280111.9436793
1725280111.9777117
1725280111.98939
1725280112.0094638
1725280112.029887
1725280112.049252
1725280112.0498
1725280112.0855687
1725280112.08604
1725280112.0992312
1725280112.1243277
1725280112.1384392
1725280112.1528099
1725280112.172673
1725280112.1957438
1725280112.2014391
1725280112.2695687
1725280112.2723608
1725280112.2900987
1725280112.2904572
1725280112.3171544
1725280112.3174887
1725280112.3298695
1725280112.3507395
1725280112.3829634
1725280112.420778
1725280112.4496782
1725280112.474032
1725280112.4800308
1725280112.485862
1725280112.5194547
1725280112.5237427
1725280112.545817
1725280112.5827389
1725280112.5939977
1725280112.6085305
1725280112.6296284
1725280112.6646464
1725280112.699559
1725280112.7017472
1725280112.740072
1725280112.7542238
1725280112.7738004
1725280112.7871604
1725280112.8145304
1725280112.861456
1725280112.8619957
1725280112.8627212
1725280112.8974254
1725280112.9149868
1725280112.9158762
1725280112.9429297
1725280112.9457674
1725280112.9619718
1725280112.9871478
1725280113.03599
1725280113.0372503
1725280113.0593338
1725280113.0603302
1725280113.0623252
1725280113.0788057
1725280113.0962753
1725280113.155738
1725280113.1591492
1725280113.1603823
1725280113.1776757
1725280113.1994839
1725280113.208375
1725280113.229889
1725280113.2627094
1725280113.2734306
1725280113.2996073
1725280113.3185358
1725280113.3295794
1725280113.3443112
1725280113.3600292
1725280113.3801727
1725280113.3941636
1725280113.4050188
1725280113.4197528
1725280113.4448812
1725280113.493065
1725280113.4938588
1725280113.5111353
1725280113.5347605
1725280113.5568686
1725280113.5721383
1725280113.5828547
1725280113.608909
1725280113.6329272
1725280113.6628664
1725280113.6639616
1725280113.6895666
1725280113.7132015
1725280113.7667248
1725280113.7671602
1725280113.7737796
1725280113.7936122
1725280113.8168411
1725280113.8214881
1725280113.8511713
1725280113.8707283
1725280113.8970578
1725280113.9402459
1725280113.9415753
1725280113.9449098
1725280113.9727726
1725280114.0085375
1725280114.0088863
1725280114.017988
1725280114.034591
1725280114.075073
1725280114.0756102
1725280114.098226
1725280114.1203024
1725280114.1288443
1725280114.1499996
1725280114.1695206
1725280114.195329
1725280114.1955822
1725280114.225654
1725280114.2259662
1725280114.257217
1725280114.2603037
1725280114.2795072
1725280114.3144102
1725280114.3147273
1725280114.326111
1725280114.3539212
1725280114.36605
1725280114.3714645
1725280114.4096856
1725280114.4101162
1725280114.4308705
1725280114.4793715
1725280114.4796247
1725280114.4828553
1725280114.508071
1725280114.5352
1725280114.5425227
1725280114.562794
1725280114.5927896
1725280114.5935407
1725280114.6092794
1725280114.6934388
1725280114.6990979
1725280114.7005484
1725280114.7016413
1725280114.708733
1725280114.8088949
1725280114.8128483
1725280114.8244128
1725280114.8430777
1725280114.843246
1725280114.8773694
1725280114.8816123
1725280114.973563
1725280114.9738936
1725280114.9742637
1725280114.974578
1725280114.9748833
1725280114.9856691
1725280115.0150027
1725280115.015552
1725280115.0318174
1725280115.0491996
1725280115.0890408
1725280115.1216893
1725280115.12405
1725280115.145258
1725280115.1660922
1725280115.1748135
1725280115.194846
1725280115.228868
1725280115.2464983
1725280115.2782536
1725280115.2868614
1725280115.3000886
1725280115.3069382
1725280115.327724
1725280115.3527195
1725280115.3917882
1725280115.3922637
1725280115.3946853
1725280115.408807
1725280115.4240668
1725280115.451559
1725280115.4602978
1725280115.4886575
1725280115.5110419
1725280115.5299242
1725280115.56253
1725280115.5638776
1725280115.592835
1725280115.5934963
1725280115.6120975
1725280115.6140273
1725280115.635218
1725280115.657179
1725280115.7023146
1725280115.7211387
1725280115.7451787
1725280115.786198
1725280115.7878206
1725280115.8301637
1725280115.8307676
1725280115.8312125
1725280115.8642023
1725280115.8768976
1725280115.8910332
1725280115.9018197
1725280115.9348795
1725280115.9714139
1725280115.9914246
1725280115.992008
1725280116.1460452
1725280116.1465015
1725280116.1479833
1725280116.148517
1725280116.149148
1725280116.194049
1725280116.1950543
1725280116.2057633
1725280116.2392886
1725280116.239665
1725280116.2493958
1725280116.2988918
1725280116.2996905
1725280116.300312
1725280116.325221
1725280116.3257768
1725280116.3270168
1725280116.3409762
1725280116.3550093
1725280116.371292
1725280116.4075077
1725280116.4200776
1725280116.4409359
1725280116.4622421
1725280116.474414
1725280116.4812927
1725280116.501618
1725280116.5344126
1725280116.5470903
1725280116.5701091
1725280116.6159155
1725280116.616
1725280116.618116
1725280116.6451821
1725280116.6458411
1725280116.6661434
1725280116.7008016
1725280116.7011182
1725280116.7175524
1725280116.7439513
1725280116.795191
1725280116.795584
1725280116.7962418
1725280116.8319318
1725280116.832196
1725280116.8518412
1725280116.8831902
1725280116.9016156
1725280116.9162698
1725280116.9348474
1725280116.96065
1725280116.9923084
1725280116.999489
1725280117.015826
1725280117.0423186
1725280117.060885
1725280117.0777652
1725280117.0879335
1725280117.1146212
1725280117.126317
1725280117.157169
1725280117.1865146
1725280117.1990724
1725280117.2206845
1725280117.2274907
1725280117.2442958
1725280117.2615263
1725280117.2738636
1725280117.3197877
1725280117.335765
1725280117.3424168
1725280117.3558066
1725280117.3812633
1725280117.402712
1725280117.4061878
1725280117.433465
1725280117.4391453
1725280117.4590588
1725280117.470093
1725280117.502188
1725280117.5065286
1725280117.5245478
1725280117.5391426
1725280117.5558424
1725280117.5693429
1725280117.5922701
1725280117.607759
1725280117.632853
1725280117.6331067
1725280117.6520846
1725280117.671539
1725280117.6916466
1725280117.7114937
1725280117.7484188
1725280117.7488182
1725280117.7654402
1725280117.7892852
1725280117.8087785
1725280117.8195548
1725280117.8496752
1725280117.8727393
1725280117.8798866
1725280117.8817325
1725280117.9258401
1725280117.9465408
1725280117.9465635
1725280117.9702
1725280118.009071
1725280118.0494196
1725280118.0585508
1725280118.0830753
1725280118.1148272
1725280118.1526403
1725280118.155856
1725280118.1726131
1725280118.213944
1725280118.2141225
1725280118.222702
1725280118.2459316
1725280118.2559237
1725280118.279407
1725280118.2912314
1725280118.3219922
1725280118.322529
1725280118.36828
1725280118.389205
1725280118.4304302
1725280118.4536648
1725280118.4538414
1725280118.4540217
1725280118.4771879
1725280118.5016098
1725280118.5227795
1725280118.5850048
1725280118.5852337
1725280118.5854576
1725280118.585642
1725280118.5984144
1725280118.624785
1725280118.6408408
1725280118.6607723
1725280118.665357
1725280118.6919818
1725280118.7052784
1725280118.7379832
1725280118.7385983
1725280118.78285
1725280118.790257
1725280118.7993445
1725280118.8173292
1725280118.8360069
1725280118.846668
1725280118.8663363
1725280118.878267
1725280118.8987358
1725280118.908579
1725280118.9340162
1725280118.9675424
1725280118.9898014
1725280119.00465
1725280119.0379736
1725280119.044334
1725280119.065158
1725280119.0730288
1725280119.0921896
1725280119.1721857
1725280119.172221
1725280119.1722562
1725280119.1722944
1725280119.2104237
1725280119.2446368
1725280119.2487779
1725280119.2707422
1725280119.3035781
1725280119.3188016
1725280119.3434324
1725280119.3733099
1725280119.3856936
1725280119.4011018
1725280119.4173086
1725280119.4476385
1725280119.453123
1725280119.4798222
1725280119.4863513
1725280119.4987538
1725280119.5316942
1725280119.5331447
1725280119.6031322
1725280119.6032274
1725280119.6034849
1725280119.6192381
1725280119.6194339
1725280119.6371365
1725280119.649445
1725280119.6811974
1725280119.6979425
1725280119.7089775
1725280119.727556
1725280119.752637
1725280119.7626517
1725280119.7870538
1725280119.80871
1725280119.8253841
1725280119.8398774
1725280119.8571281
1725280119.8762703
1725280119.892118
1725280119.908536
1725280119.9259775
1725280119.9653628
1725280119.9655347
1725280120.004952
1725280120.088594
1725280120.0888848
1725280120.0889885
1725280120.0891814
1725280120.0892646
1725280120.1162577
1725280120.119706
1725280120.1639833
1725280120.170282
1725280120.1911373
1725280120.211694
1725280120.2377834
1725280120.2802968
1725280120.2906163
1725280120.2906864
1725280120.3207858
1725280120.3467824
1725280120.349018
1725280120.365465
1725280120.3835435
1725280120.4130633
1725280120.433726
1725280120.4520085
1725280120.4687095
1725280120.4860091
1725280120.4978952
1725280120.5099604
1725280120.5293758
1725280120.5563014
1725280120.5655396
1725280120.593126
1725280120.60677
1725280120.6252818
1725280120.643251
1725280120.6559763
1725280120.6736808
1725280120.689537
1725280120.7080812
1725280120.7256386
1725280120.7382538
1725280120.763816
1725280120.7692454
1725280120.7908258
1725280120.807703
1725280120.8186407
1725280120.8378124
1725280120.8559606
1725280120.8716779
1725280120.8843153
1725280120.9049103
1725280120.9175303
1725280120.931573
1725280120.9494126
1725280120.9671946
1725280120.9824517
1725280120.996074
1725280121.030322
1725280121.0536625
1725280121.06909
1725280121.07992
1725280121.0948184
1725280121.1168654
1725280121.1289616
1725280121.1429915
1725280121.1794379
1725280121.195166
1725280121.2089846
1725280121.2250268
1725280121.2659883
1725280121.2982008
1725280121.3146942
1725280121.3361819
1725280121.3460689
1725280121.3939312
1725280121.4095135
1725280121.4644213
1725280121.4645588
1725280121.4653826
1725280121.4763975
1725280121.4915822
1725280121.5048425
1725280121.5266037
1725280121.542137
1725280121.5556047
1725280121.5737255
1725280121.6203227
1725280121.6446834
1725280121.6509364
1725280121.6695192
1725280121.6854002
1725280121.7009208
1725280121.7144253
1725280121.7353826
1725280121.7704654
1725280121.7820866
1725280121.795881
1725280121.813548
1725280121.8321083
1725280121.8527894
1725280121.8676028
1725280121.8808792
1725280121.8954487
1725280121.9119911
1725280121.9299421
1725280121.9488406
1725280121.9620388
1725280121.98507
1725280121.9963336
1725280122.0336537
1725280122.0541503
1725280122.0649576
1725280122.0913608
1725280122.0961542
1725280122.1127708
1725280122.1292968
1725280122.1442893
1725280122.1672707
1725280122.1771126
1725280122.2266693
1725280122.2428575
1725280122.260805
1725280122.282011
1725280122.2904363
1725280122.3086154
1725280122.3324397
1725280122.3412254
1725280122.3777256
1725280122.399851
1725280122.4084437
1725280122.4257946
1725280122.4630904
1725280122.4888043
1725280122.502996
1725280122.5234597
1725280122.561511
1725280122.5786982
1725280122.5893786
1725280122.620217
1725280122.634573
1725280122.648638
1725280122.6659825
1725280122.6810064
1725280122.7017646
1725280122.7249963
1725280122.7329473
1725280122.7469697
1725280122.764529
1725280122.7853553
1725280122.8019667
1725280122.8120043
1725280122.8319554
1725280122.8491447
1725280122.8626997
1725280122.8783252
1725280122.8947878
1725280122.9296596
1725280122.944062
1725280122.9607723
1725280122.9782157
1725280122.993483
1725280123.012768
1725280123.0281029
1725280123.0559795
1725280123.07194
1725280123.0932105
1725280123.1143117
1725280123.1263561
1725280123.1462576
1725280123.1585948
1725280123.1717331
1725280123.1897697
1725280123.2107682
1725280123.220103
1725280123.2429318
1725280123.2708447
1725280123.2825894
1725280123.3019776
1725280123.327335
1725280123.3351376
1725280123.3471255
1725280123.3648071
1725280123.3985758
1725280123.415123
1725280123.4321835
1725280123.4449587
1725280123.47684
1725280123.4961014
1725280123.5093164
1725280123.5257528
1725280123.5624812
1725280123.579935
1725280123.5922441
1725280123.6091385
1725280123.6266458
1725280123.6456218
1725280123.6745474
1725280123.6912804
1725280123.7096655
1725280123.7239704
1725280123.7486203
1725280123.7560184
1725280123.779049
1725280123.790508
1725280123.8071873
1725280123.8411486
1725280123.8531032
1725280123.871317
1725280123.8877234
1725280123.9016385
1725280123.9204643
1725280123.94224
1725280123.9509792
1725280123.9717119
1725280123.984692
1725280123.99935
1725280124.0252366
1725280124.0352447
1725280124.0585182
1725280124.070598
1725280124.0891101
1725280124.100761
1725280124.1161878
1725280124.1324685
1725280124.1482005
1725280124.1657236
1725280124.1812518
1725280124.197588
1725280124.2299118
1725280124.2371674
1725280124.2521417
1725280124.2822504
1725280124.306325
1725280124.317194
1725280124.3424067
1725280124.3502786
1725280124.3703864
1725280124.3859258
1725280124.4021153
1725280124.4458172
1725280124.454292
1725280124.4631948
1725280124.4783244
1725280124.5253978
1725280124.5455947
1725280124.5719552
1725280124.5909247
1725280124.6046958
1725280124.6475687
1725280124.6654768
1725280124.712794
1725280124.7212236
1725280124.7217507
1725280124.7376697
1725280124.7444422
1725280124.7664092
1725280124.775952
1725280124.7976701
1725280124.8055294
1725280124.8194218
1725280124.8579016
1725280124.8856332
1725280124.9002397
1725280124.9201488
1725280124.9352088
1725280124.9566224
1725280124.9661314
1725280124.9841945
1725280125.0240982
1725280125.0390186
1725280125.0500154
1725280125.0684984
1725280125.0826588
1725280125.1081347
1725280125.1159666
1725280125.134905
1725280125.1473017
1725280125.1668823
1725280125.1785128
1725280125.1980765
1725280125.2123249
1725280125.225696
1725280125.2422607
1725280125.2830987
1725280125.2975316
1725280125.3139372
1725280125.3403049
1725280125.3408947
1725280125.3666813
1725280125.3766878
1725280125.3877332
1725280125.407287
1725280125.4244313
1725280125.464524
1725280125.492756
1725280125.5015373
1725280125.518597
1725280125.5385199
1725280125.5537179
1725280125.5686738
1725280125.587464
1725280125.6220837
1725280125.6372104
1725280125.6471057
1725280125.6671717
1725280125.713813
1725280125.732692
1725280125.7450354
1725280125.770138
1725280125.798136
1725280125.814758
1725280125.8277626
1725280125.859376
1725280125.8828864
1725280125.9027517
1725280125.9099743
1725280125.9242182
1725280125.940891
1725280125.9577227
1725280125.9716175
1725280125.990547
1725280126.00525
1725280126.0258636
1725280126.0416217
1725280126.0561018
1725280126.0708978
1725280126.0878224
1725280126.1065845
1725280126.12502
1725280126.135361
1725280126.1694705
1725280126.1829696
1725280126.2027588
1725280126.2151802
1725280126.2328026
1725280126.2606711
1725280126.284364
1725280126.301853
1725280126.3185167
1725280126.335216
1725280126.3522778
1725280126.365437
1725280126.4024944
1725280126.4030793
1725280126.418305
1725280126.435772
1725280126.451397
1725280126.4620345
1725280126.484629
1725280126.5260043
1725280126.5336175
1725280126.5443048
1725280126.5680635
1725280126.5788987
1725280126.6081872
1725280126.6189902
1725280126.647419
1725280126.6702602
1725280126.6845953
1725280126.6984072
1725280126.7254696
1725280126.7485726
1725280126.7674315
1725280126.7782133
1725280126.8169026
1725280126.8356354
1725280126.8461776
1725280126.8619301
1725280126.8825371
1725280126.8983786
1725280126.962848
1725280126.9629846
1725280126.9634554
1725280126.9781787
1725280127.0052056
1725280127.0231597
1725280127.0268004
1725280127.0565314
1725280127.064041
1725280127.0911293
1725280127.107037
1725280127.1288393
1725280127.1403136
1725280127.1591156
1725280127.1850958
1725280127.1928854
1725280127.2066412
1725280127.2258053
1725280127.2440782
1725280127.263872
1725280127.271168
1725280127.29883
1725280127.299716
1725280127.3321915
1725280127.3581605
1725280127.364049
1725280127.3832502
1725280127.392122
1725280127.411972
1725280127.435723
1725280127.4358392
1725280127.4524064
1725280127.4748633
1725280127.4844868
1725280127.5081158
1725280127.5443966
1725280127.5602524
1725280127.5817494
1725280127.5837126
1725280127.6018875
1725280127.6246436
1725280127.6374412
1725280127.6672282
1725280127.6833751
1725280127.6972036
1725280127.7162135
1725280127.7248502
1725280127.759389
1725280127.800146
1725280127.817952
1725280127.875845
1725280127.8759031
1725280127.895402
1725280127.9083362
1725280127.966839
1725280127.9724019
1725280127.9725032
1725280127.9886203
1725280127.989548
1725280128.0058103
1725280128.027427
1725280128.049267
1725280128.0600798
1725280128.0826044
1725280128.1118565
1725280128.1507196
1725280128.162208
1725280128.1813262
1725280128.191015
1725280128.206072
1725280128.2233565
1725280128.2544236
1725280128.2777982
1725280128.2988534
1725280128.3160944
1725280128.3230438
1725280128.3414788
1725280128.3675947
1725280128.3831947
1725280128.3914027
1725280128.4211073
1725280128.4330184
1725280128.4384217
1725280128.4592977
1725280128.478404
1725280128.4933043
1725280128.5100107
1725280128.6032608
1725280128.6044705
1725280128.6050932
1725280128.614408
1725280128.6144893
1725280128.6201253
1725280128.6378918
1725280128.6532807
1725280128.6718671
1725280128.6959732
1725280128.725075
1725280128.7536416
1725280128.766163
1725280128.7859883
1725280128.7986455
1725280128.8170779
1725280128.8328419
1725280128.8568304
1725280128.882147
1725280128.914704
1725280128.9151907
1725280128.9359093
1725280128.9706304
1725280129.0007925
1725280129.0133297
1725280129.0494795
1725280129.0683033
1725280129.0953796
1725280129.0998118
1725280129.1507947
1725280129.151265
1725280129.1592405
1725280129.177356
1725280129.1949105
1725280129.2186422
1725280129.2358122
1725280129.2451448
1725280129.2581415
1725280129.2721527
1725280129.2871935
1725280129.3184762
1725280129.3255787
1725280129.3506255
1725280129.3595536
1725280129.3866456
1725280129.3930535
1725280129.4046988
1725280129.452711
1725280129.4527848
1725280129.48536
1725280129.4862227
1725280129.5174887
1725280129.5243134
1725280129.5470915
1725280129.584054
1725280129.584082
1725280129.6115005
1725280129.6193569
1725280129.637255
1725280129.6544533
1725280129.6867301
1725280129.6867647
1725280129.7019887
1725280129.716905
1725280129.7426038
1725280129.7460449
1725280129.7891562
1725280129.7970893
1725280129.8185954
1725280129.8289294
1725280129.8484697
1725280129.8631175
1725280129.8807847
1725280129.9191058
1725280129.929785
1725280129.9599097
1725280129.9706192
1725280130.0526452
1725280130.0526843
1725280130.0527294
1725280130.0527792
1725280130.078425
1725280130.155095
1725280130.155133
1725280130.1551836
1725280130.1552298
1725280130.1761978
1725280130.2103539
1725280130.2117403
1725280130.240241
1725280130.2427316
1725280130.26104
1725280130.2747278
1725280130.2997706
1725280130.3113952
1725280130.330958
1725280130.3584554
1725280130.380515
1725280130.4012463
1725280130.4083197
1725280130.440859
1725280130.441386
1725280130.4542317
1725280130.4668741
1725280130.5043125
1725280130.5044494
1725280130.531676
1725280130.5388315
1725280130.5574625
1725280130.5720956
1725280130.6044695
1725280130.6044984
1725280130.6287868
1725280130.645818
1725280130.6481664
1725280130.6641858
1725280130.6817179
1725280130.7149217
1725280130.7150426
1725280130.7370248
1725280130.7489204
1725280130.765324
1725280130.8012853
1725280130.826236
1725280130.8465555
1725280130.847696
1725280130.8606317
1725280130.8845665
1725280130.9013603
1725280130.9094558
1725280130.9593642
1725280130.9594889
1725280130.983465
1725280130.993032
1725280131.0276043
1725280131.0738337
1725280131.0838213
1725280131.1079907
1725280131.1199121
1725280131.1610394
1725280131.1731107
1725280131.1980183
1725280131.2373307
1725280131.2378178
1725280131.2467597
1725280131.261763
1725280131.272901
1725280131.2872074
1725280131.3039153
1725280131.3183432
1725280131.333981
1725280131.3672435
1725280131.3997576
1725280131.417512
1725280131.4343407
1725280131.4528642
1725280131.4654348
1725280131.4909878
1725280131.5005546
1725280131.532133
1725280131.5508296
1725280131.565972
1725280131.5789616
1725280131.5998645
1725280131.6131852
1725280131.629536
1725280131.6457744
1725280131.6615818
1725280131.6796186
1725280131.7027411
1725280131.7137475
1725280131.7256365
1725280131.7411077
1725280131.759038
1725280131.8021963
1725280131.8184526
1725280131.8301957
1725280131.846527
1725280131.8563907
1725280131.8741739
1725280131.8893678
1725280131.9085813
1725280131.9241924
1725280131.9394734
1725280131.9750924
1725280132.0082572
1725280132.0274892
1725280132.0368016
1725280132.054439
1725280132.0687783
1725280132.087083
1725280132.1008196
1725280132.1378024
1725280132.1641397
1725280132.1689866
1725280132.192003
1725280132.22861
1725280132.2527626
1725280132.2713594
1725280132.2850995
1725280132.3160548
1725280132.3298888
1725280132.351419
1725280132.38026
1725280132.3981962
1725280132.4141612
1725280132.429262
1725280132.4476864
1725280132.4714584
1725280132.4816298
1725280132.517819
1725280132.5185432
1725280132.5272121
1725280132.5452263
1725280132.5573478
1725280132.572671
1725280132.5912263
1725280132.6113732
1725280132.6426003
1725280132.6432562
1725280132.6631565
1725280132.6979964
1725280132.7093668
1725280132.7248185
1725280132.741066
1725280132.7597933
1725280132.7775304
1725280132.813492
1725280132.8275084
1725280132.8556159
1725280132.859944
1725280132.880203
1725280132.8900657
1725280132.907228
1725280132.9277997
1725280132.941445
1725280132.9718595
1725280132.9831338
1725280132.9918237
1725280133.013519
1725280133.043149
1725280133.0674155
1725280133.0783536
1725280133.0952816
1725280133.107709
1725280133.1209488
1725280133.138309
1725280133.169292
1725280133.1882293
1725280133.2046266
1725280133.2259357
1725280133.2536783
1725280133.2710795
1725280133.2880332
1725280133.305542
1725280133.339738
1725280133.3627274
1725280133.3709834
1725280133.387389
1725280133.3998346
1725280133.4139009
1725280133.4538574
1725280133.4673488
1725280133.485573
1725280133.4969075
1725280133.5195854
1725280133.5303454
1725280133.5491884
1725280133.5770538
1725280133.581393
1725280133.61773
1725280133.6298602
1725280133.6452415
1725280133.6616995
1725280133.6868646
1725280133.7005115
1725280133.7116683
1725280133.724611
1725280133.749795
1725280133.7857633
1725280133.786072
1725280133.7921238
1725280133.8141325
1725280133.824049
1725280133.8402166
1725280133.8571467
1725280133.878093
1725280133.8962638
1725280133.905866
1725280133.922312
1725280133.952166
1725280133.956534
1725280133.9706771
1725280133.9890802
1725280134.002207
1725280134.018075
1725280134.058141
1725280134.0701563
1725280134.09538
1725280134.1071024
1725280134.119696
1725280134.1352506
1725280134.153013
1725280134.1751192
1725280134.2086182
1725280134.2194233
1725280134.2314441
1725280134.253733
1725280134.283348
1725280134.3232234
1725280134.3457162
1725280134.363554
1725280134.3822827
1725280134.4180746
1725280134.4312012
1725280134.4692
1725280134.489221
1725280134.4944015
1725280134.50188
1725280134.5213878
1725280134.53237
1725280134.5474064
1725280134.5638535
1725280134.5786173
1725280134.595438
1725280134.6312752
1725280134.6671474
1725280134.679239
1725280134.7034495
1725280134.707991
1725280134.7267783
1725280134.743923
1725280134.7592037
1725280134.7939498
1725280134.8161085
1725280134.822414
1725280134.8440883
1725280134.856066
1725280134.871723
1725280134.8893995
1725280134.9046004
1725280134.9239488
1725280134.9439936
1725280134.9639287
1725280134.9788847
1725280134.9924798
1725280135.017813
1725280135.0267498
1725280135.0639474
1725280135.0792453
1725280135.0972877
1725280135.1070697
1725280135.119509
1725280135.1353729
1725280135.1519895
1725280135.1751504
1725280135.187811
1725280135.2024364
1725280135.2380106
1725280135.267342
1725280135.2814662
1725280135.2997365
1725280135.3167686
1725280135.3342693
1725280135.3553128
1725280135.3627264
1725280135.4030185
1725280135.4151208
1725280135.4338527
1725280135.4563317
1725280135.491264
1725280135.5242836
1725280135.533101
1725280135.5478656
1725280135.5875378
1725280135.6044722
1725280135.6170897
1725280135.6458702
1725280135.6675818
1725280135.6780665
1725280135.695182
1725280135.7110994
1725280135.730957
1725280135.74712
1725280135.7669969
1725280135.77901
1725280135.7937317
1725280135.8116894
1725280135.8250842
1725280135.843282
1725280135.8641346
1725280135.8807673
1725280135.8972254
1725280135.9131978
1725280135.9266043
1725280135.9618232
1725280135.9773927
1725280135.993571
1725280136.018879
1725280136.0301497
1725280136.043944
1725280136.060397
1725280136.0919049
1725280136.1054082
1725280136.125728
1725280136.1458118
1725280136.1571622
1725280136.1732242
1725280136.1864028
1725280136.2055185
1725280136.2226944
1725280136.2380452
1725280136.2609577
1725280136.2761948
1725280136.304116
1725280136.3228095
1725280136.3445833
1725280136.353767
1725280136.3676677
1725280136.3816624
1725280136.3985143
1725280136.4303143
1725280136.450145
1725280136.473005
1725280136.485795
1725280136.5217605
1725280136.5351427
1725280136.547481
1725280136.5626314
1725280136.6041584
1725280136.6170995
1725280136.6285155
1725280136.6457431
1725280136.6614268
1725280136.6802635
1725280136.7109
1725280136.7427967
1725280136.7487438
1725280136.7562435
1725280136.7744455
1725280136.7951663
1725280136.8104815
1725280136.8231864
1725280136.8384833
1725280136.8740528
1725280136.8901608
1725280136.9154668
1725280136.9374418
1725280136.9386597
1725280136.9563255
1725280136.9761982
1725280136.9884586
1725280137.007363
1725280137.0243142
1725280137.0404863
1725280137.061442
1725280137.0762036
1725280137.0854492
1725280137.1059835
1725280137.1197143
1725280137.1414685
1725280137.1530197
1725280137.1687648
1725280137.1869717
1725280137.2035964
1725280137.2265244
1725280137.2381868
1725280137.2530832
1725280137.2662296
1725280137.28477
1725280137.3234499
1725280137.337954
1725280137.3596733
1725280137.3652942
1725280137.379975
1725280137.4021819
1725280137.4259205
1725280137.4301276
1725280137.4668033
1725280137.478148
1725280137.4941754
1725280137.5087972
1725280137.5424592
1725280137.5815725
1725280137.6000705
1725280137.6163034
1725280137.6373615
1725280137.676674
1725280137.6942456
1725280137.7224655
1725280137.7438314
1725280137.7439408
1725280137.7600484
1725280137.7765813
1725280137.7895317
1725280137.807159
1725280137.820757
1725280137.8475611
1725280137.854151
1725280137.8867614
1725280137.9218984
1725280137.9356172
1725280137.951939
1725280137.9700997
1725280137.9869676
1725280138.0000694
1725280138.0135279
1725280138.0532215
1725280138.0772927
1725280138.0876417
1725280138.0990422
1725280138.1125472
1725280138.1354246
1725280138.1520925
1725280138.1693745
1725280138.1807535
1725280138.2027733
1725280138.2249553
1725280138.2437913
1725280138.254051
1725280138.2709916
1725280138.289844
1725280138.3231878
1725280138.3379297
1725280138.3514588
1725280138.3673422
1725280138.3858259
1725280138.4010844
1725280138.415099
1725280138.4289567
1725280138.4486458
1725280138.4628637
1725280138.500991
1725280138.5281498
1725280138.5412872
1725280138.5601633
1725280138.5753856
1725280138.5964823
1725280138.6083705
1725280138.6265807
1725280138.6575882
1725280138.676173
1725280138.6891658
1725280138.7046938
1725280138.745206
1725280138.775457
1725280138.7943742
1725280138.808557
1725280138.8424802
1725280138.8601248
1725280138.8693588
1725280138.9022193
1725280138.916488
1725280138.9361608
1725280138.9510698
1725280138.9701629
1725280138.986922
1725280139.010086
1725280139.0262446
1725280139.0401828
1725280139.0528991
1725280139.0678892
1725280139.0873752
1725280139.106251
1725280139.1175387
1725280139.1457489
1725280139.1574538
1725280139.1681058
1725280139.1840513
1725280139.22275
1725280139.2415266
1725280139.2504156
1725280139.2911644
1725280139.2922664
1725280139.3095417
1725280139.3209593
1725280139.3617566
1725280139.3703485
1725280139.38935
1725280139.4040258
1725280139.4202058
1725280139.4410765
1725280139.4520276
1725280139.4693165
1725280139.4880264
1725280139.4984846
1725280139.518362
1725280139.5344205
1725280139.5811458
1725280139.5905044
1725280139.6312017
1725280139.6314352
1725280139.63157
1725280139.6523914
1725280139.6633615
1725280139.6987762
1725280139.717102
1725280139.7298162
1725280139.7552414
1725280139.7781143
1725280139.7977629
1725280139.8184652
1725280139.8283722
1725280139.8816507
1725280139.8966274
1725280139.8972008
1725280139.9079857
1725280139.934483
1725280139.9422035
1725280139.9749413
1725280139.9930305
1725280140.0140398
1725280140.034254
1725280140.0451484
1725280140.0598834
1725280140.076608
1725280140.0892146
1725280140.1084726
1725280140.1453092
1725280140.1655126
1725280140.1769552
1725280140.1896236
1725280140.20765
1725280140.225484
1725280140.2395341
1725280140.2550595
1725280140.2754815
1725280140.2932382
1725280140.3059268
1725280140.3197799
1725280140.3368917
1725280140.3540382
1725280140.381378
1725280140.3958158
1725280140.4062479
1725280140.422892
1725280140.4473608
1725280140.4658608
1725280140.475601
1725280140.4934165
1725280140.508135
1725280140.5272698
1725280140.54231
1725280140.557912
1725280140.5935254
1725280140.611374
1725280140.619279
1725280140.6389852
1725280140.654603
1725280140.666202
1725280140.682949
1725280140.7079213
1725280140.7446911
1725280140.7491632
1725280140.7694366
1725280140.7799807
1725280140.8122082
1725280140.8580284
1725280140.8683014
1725280140.8890698
1725280140.9007545
1725280140.9447532
1725280140.9679148
1725280140.9860852
1725280141.0195804
1725280141.0233676
1725280141.036184
1725280141.0530162
1725280141.069325
1725280141.0791738
1725280141.0971155
1725280141.117428
1725280141.1314037
1725280141.1657615
1725280141.1977496
1725280141.2110615
1725280141.2326136
1725280141.2434146
1725280141.2571356
1725280141.2760203
1725280141.2943356
1725280141.327287
1725280141.3450253
1725280141.3627415
1725280141.3736866
1725280141.3892043
1725280141.4110394
1725280141.4237483
1725280141.437801
1725280141.4536781
1725280141.47231
1725280141.4916866
1725280141.5049393
1725280141.5182285
1725280141.5368762
1725280141.5549438
1725280141.587346
1725280141.6093853
1725280141.623433
1725280141.6396358
1725280141.654508
1725280141.669699
1725280141.6883683
1725280141.7032142
1725280141.719441
1725280141.7334282
1725280141.7764769
1725280141.804751
1725280141.819181
1725280141.8373213
1725280141.8553553
1725280141.8660653
1725280141.882632
1725280141.898042
1725280141.9395432
1725280141.9500098
1725280141.9696004
1725280141.9861443
1725280142.0322654
1725280142.0513656
1725280142.072308
1725280142.0825222
1725280142.1198294
1725280142.1491451
1725280142.1497202
1725280142.1843817
1725280142.201387
1725280142.2125134
1725280142.2290668
1725280142.2456946
1725280142.264448
1725280142.2809248
1725280142.2961211
1725280142.319634
1725280142.3434489
1725280142.3499281
1725280142.366372
1725280142.3846025
1725280142.4007385
1725280142.413589
1725280142.4352543
1725280142.4481964
1725280142.4647768
1725280142.4990928
1725280142.515476
1725280142.5298676
1725280142.5519314
1725280142.5699608
1725280142.5861385
1725280142.6014605
1725280142.631693
1725280142.6479487
1725280142.6633477
1725280142.6797683
1725280142.6960297
1725280142.711178
1725280142.727912
1725280142.7467766
1725280142.7609844
1725280142.7782638
1725280142.7951574
1725280142.8114953
1725280142.8435602
1725280142.8613937
1725280142.8792503
1725280142.8934972
1725280142.9089122
1725280142.9222424
1725280142.9380195
1725280142.973785
1725280142.9892354
1725280143.012181
1725280143.0246055
1725280143.051026
1725280143.0761724
1725280143.0913582
1725280143.103641
1725280143.133793
1725280143.1549835
1725280143.1711287
1725280143.1838331
1725280143.2021372
1725280143.2156844
1725280143.265873
1725280143.268397
1725280143.2877464
1725280143.3017313
1725280143.31963
1725280143.3357835
1725280143.3536725
1725280143.366477
1725280143.3817642
1725280143.416481
1725280143.435333
1725280143.449115
1725280143.4625866
1725280143.4843023
1725280143.4967535
1725280143.5190923
1725280143.5319097
1725280143.5494432
1725280143.5660036
1725280143.5774758
1725280143.594604
1725280143.6119576
1725280143.6259263
1725280143.646295
1725280143.6619163
1725280143.6765735
1725280143.6922674
1725280143.7113512
1725280143.7224154
1725280143.7425973
1725280143.7603195
1725280143.775709
1725280143.792429
1725280143.8099291
1725280143.8257089
1725280143.8660767
1725280143.8794389
1725280143.8993962
1725280143.9141421
1725280143.9235249
1725280143.9399288
1725280143.957529
1725280143.980874
1725280144.0137522
1725280144.0248582
1725280144.0436835
1725280144.053769
1725280144.088082
1725280144.1299968
1725280144.144065
1725280144.1646783
1725280144.1793067
1725280144.2200341
1725280144.2382784
1725280144.2599752
1725280144.2984464
1725280144.298853
1725280144.3092916
1725280144.3185987
1725280144.3365169
1725280144.3508248
1725280144.3677826
1725280144.3821082
1725280144.3991857
1725280144.4360263
1725280144.4732156
1725280144.4848878
1725280144.5070732
1725280144.5169666
1725280144.537843
1725280144.5525937
1725280144.5711982
1725280144.6087203
1725280144.62203
1725280144.642711
1725280144.64908
1725280144.6677132
1725280144.681658
1725280144.69624
1725280144.7147071
1725280144.7319083
1725280144.7474926
1725280144.7613566
1725280144.7783816
1725280144.8065622
1725280144.8242464
1725280144.8331802
1725280144.869383
1725280144.8779867
1725280144.8997865
1725280144.9176347
1725280144.926235
1725280144.9400918
1725280144.960588
1725280144.9788911
1725280144.9963984
1725280145.013811
1725280145.0540047
1725280145.080803
1725280145.0967312
1725280145.1122103
1725280145.1302626
1725280145.1541536
1725280145.1714697
1725280145.1779826
1725280145.222896
1725280145.2271652
1725280145.2470355
1725280145.2576737
1725280145.293396
1725280145.331439
1725280145.342828
1725280145.3531866
1725280145.3937275
1725280145.4059954
1725280145.4237456
1725280145.45762
1725280145.4687734
1725280145.4860647
1725280145.5120926
1725280145.5209396
1725280145.5385456
1725280145.555139
1725280145.5669103
1725280145.5874186
1725280145.5994306
1725280145.6196864
1725280145.643511
1725280145.65046
1725280145.6658945
1725280145.6873405
1725280145.7017386
1725280145.7174308
1725280145.731522
1725280145.7653637
1725280145.7797236
1725280145.7977197
1725280145.8151057
1725280145.82987
1725280145.852206
1725280145.8638542
1725280145.8962562
1725280145.9080174
1725280145.9263763
1725280145.9435003
1725280145.9559302
1725280145.9876485
1725280145.9982612
1725280146.0119638
1725280146.0283294
1725280146.042109
1725280146.0630634
1725280146.0889935
1725280146.1096354
1725280146.1342163
1725280146.1461291
1725280146.1631591
1725280146.1775293
1725280146.1959739
1725280146.2095
1725280146.2451873
1725280146.2614286
1725280146.2748847
1725280146.2931802
1725280146.3232563
1725280146.340417
1725280146.3578136
1725280146.3775654
1725280146.4102454
1725280146.4221566
1725280146.4381907
1725280146.4590747
1725280146.4745038
1725280146.4880261
1725280146.5229113
1725280146.5355217
1725280146.5539203
1725280146.5678644
1725280146.5833552
1725280146.6014423
1725280146.6192389
1725280146.632808
1725280146.6514275
1725280146.6825566
1725280146.6990688
1725280146.7162366
1725280146.7334151
1725280146.7484958
1725280146.7658086
1725280146.7840798
1725280146.800555
1725280146.8239484
1725280146.8304408
1725280146.8482537
1725280146.8596113
1725280146.8766756
1725280146.8946362
1725280146.9108472
1725280146.926314
1725280146.9481952
1725280146.957996
1725280146.9764416
1725280146.9919968
1725280147.0078096
1725280147.027997
1725280147.0409648
1725280147.056735
1725280147.073356
1725280147.091217
1725280147.1276178
1725280147.1462739
1725280147.158935
1725280147.1795077
1725280147.1880696
1725280147.2054546
1725280147.2196732
1725280147.2391942
1725280147.275975
1725280147.2945004
1725280147.298717
1725280147.3153834
1725280147.3494701
1725280147.3867023
1725280147.405347
1725280147.4355493
1725280147.4441926
1725280147.487169
1725280147.504289
1725280147.5223434
1725280147.5554147
1725280147.5639856
1725280147.5717869
1725280147.5869691
1725280147.6038802
1725280147.6211054
1725280147.6340973
1725280147.6506684
1725280147.6914697
1725280147.6991491
1725280147.7395434
1725280147.7548323
1725280147.774466
1725280147.7889605
1725280147.8040102
1725280147.8230038
1725280147.836739
1725280147.8810244
1725280147.891245
1725280147.9036527
1725280147.9192386
1725280147.9322302
1725280147.9522717
1725280147.9678402
1725280147.98755
1725280147.9992807
1725280148.018031
1725280148.0368567
1725280148.0492866
1725280148.07202
1725280148.0801349
1725280148.0970497
1725280148.1338143
1725280148.1570308
1725280148.1695766
1725280148.1912777
1725280148.2011633
1725280148.213319
1725280148.227371
1725280148.2463257
1725280148.2630808
1725280148.2788732
1725280148.3238978
1725280148.3435
1725280148.3581274
1725280148.3747709
1725280148.3906035
1725280148.4043925
1725280148.4243991
1725280148.4432259
1725280148.4753597
1725280148.489216
1725280148.5050497
1725280148.5256996
1725280148.5571277
1725280148.6079369
1725280148.608679
1725280148.6218348
1725280148.657422
1725280148.6785038
1725280148.692724
1725280148.7218964
1725280148.7408376
1725280148.755076
1725280148.7701902
1725280148.787287
1725280148.8051798
1725280148.8228042
1725280148.835804
1725280148.8600326
1725280148.8730571
1725280148.8923118
1725280148.9001665
1725280148.9224477
1725280148.9329662
1725280148.9502113
1725280148.9664984
1725280148.986219
1725280148.9992654
1725280149.0366724
1725280149.0553272
1725280149.0718396
1725280149.0889223
1725280149.1083937
1725280149.1195252
1725280149.1410098
1725280149.1868486
1725280149.1884282
1725280149.2012742
1725280149.2175748
1725280149.233446
1725280149.2650123
1725280149.2664914
1725280149.2835965
1725280149.3011174
1725280149.3153744
1725280149.3306286
1725280149.3528087
1725280149.3808224
1725280149.3958027
1725280149.410911
1725280149.428971
1725280149.4430275
1725280149.4639902
1725280149.47957
1725280149.5113087
1725280149.5290384
1725280149.5441818
1725280149.5664942
1725280149.5951414
1725280149.6192749
1725280149.6242218
1725280149.640412
1725280149.673699
1725280149.6903813
1725280149.706202
1725280149.7229686
1725280149.737017
1725280149.7537005
1725280149.8143847
1725280149.8170078
1725280149.8342948
1725280149.8369024
1725280149.859315
1725280149.8709588
1725280149.887065
1725280149.907856
1725280149.9232767
1725280149.9599593
1725280149.9748456
1725280149.9855235
1725280150.006524
1725280150.0241208
1725280150.0345814
1725280150.0545158
1725280150.0673392
1725280150.0877512
1725280150.1262317
1725280150.126794
1725280150.134515
1725280150.1484008
1725280150.1673772
1725280150.1827369
1725280150.2009861
1725280150.2157736
1725280150.2370539
1725280150.2480493
1725280150.2627256
1725280150.2815464
1725280150.30033
1725280150.3153818
1725280150.326699
1725280150.346021
1725280150.3659246
1725280150.401857
1725280150.4096105
1725280150.4252589
1725280150.4390237
1725280150.4561334
1725280150.472857
1725280150.4877338
1725280150.5047917
1725280150.5410018
1725280150.5590296
1725280150.5695975
1725280150.5851917
1725280150.617698
1725280150.6668406
1725280150.6830475
1725280150.702198
1725280150.7121289
1725280150.7617128
1725280150.7714038
1725280150.7920988
1725280150.8340025
1725280150.834863
1725280150.8488467
1725280150.8576648
1725280150.8746684
1725280150.8845239
1725280150.9018884
1725280150.9193778
1725280150.9656267
1725280150.9739494
1725280150.9986153
1725280151.019248
1725280151.0320897
1725280151.0465212
1725280151.0689094
1725280151.089534
1725280151.1001604
1725280151.1302242
1725280151.1537142
1725280151.1671135
1725280151.1818657
1725280151.195215
1725280151.2117038
1725280151.230509
1725280151.2469509
1725280151.2589552
1725280151.2796156
1725280151.2918718
1725280151.3086655
1725280151.3248591
1725280151.3409796
1725280151.3577566
1725280151.3997421
1725280151.420392
1725280151.436862
1725280151.4450824
1725280151.4600074
1725280151.4739304
1725280151.4910436
1725280151.5105016
1725280151.5221806
1725280151.5436385
1725280151.584295
1725280151.6081
1725280151.6308842
1725280151.6452198
1725280151.6610384
1725280151.6957526
1725280151.6966152
1725280151.713508
1725280151.7408671
1725280151.7587726
1725280151.7720325
1725280151.786571
1725280151.8247092
1725280151.854301
1725280151.8708036
1725280151.8840785
1725280151.9200852
1725280151.9355087
1725280151.9524024
1725280151.9908667
1725280152.002534
1725280152.01498
1725280152.0359535
1725280152.0529664
1725280152.0744486
1725280152.0841062
1725280152.1081836
1725280152.16386
1725280152.1644104
1725280152.1696115
1725280152.1700807
1725280152.182892
1725280152.2042184
1725280152.2129285
1725280152.234899
1725280152.2480423
1725280152.2641292
1725280152.29593
1725280152.3114302
1725280152.3270605
1725280152.3434694
1725280152.3640466
1725280152.3754694
1725280152.3968773
1725280152.4271193
1725280152.4453838
1725280152.4572365
1725280152.473218
1725280152.4899702
1725280152.50694
1725280152.531299
1725280152.5448892
1725280152.5554054
1725280152.5729024
1725280152.5940099
1725280152.604929
1725280152.6360035
1725280152.652988
1725280152.6686647
1725280152.6872587
1725280152.7039633
1725280152.7185354
1725280152.7350738
1725280152.771458
1725280152.7889771
1725280152.8035636
1725280152.8303692
1725280152.851923
1725280152.8727417
1725280152.8869889
1725280152.901624
1725280152.9415927
1725280152.956861
1725280152.970176
1725280152.980045
1725280153.0039465
1725280153.016062
1725280153.0517094
1725280153.0614321
1725280153.0820606
1725280153.0960708
1725280153.1162097
1725280153.1398377
1725280153.1468594
1725280153.1657233
1725280153.1832986
1725280153.2112784
1725280153.2258918
1725280153.2523038
1725280153.2611258
1725280153.2766707
1725280153.2939556
1725280153.3090653
1725280153.3275065
1725280153.3431783
1725280153.3576028
1725280153.3767064
1725280153.3924742
1725280153.4091144
1725280153.4486542
1725280153.4487984
1725280153.4559753
1725280153.476641
1725280153.4944818
1725280153.5030525
1725280153.5212183
1725280153.5384214
1725280153.5520434
1725280153.5677176
1725280153.5908797
1725280153.6056414
1725280153.625845
1725280153.6551387
1725280153.679195
1725280153.7009602
1725280153.7191973
1725280153.7347581
1725280153.747083
1725280153.7677052
1725280153.7794745
1725280153.8216043
1725280153.8397098
1725280153.8552334
1725280153.8655574
1725280153.8989913
1725280153.9366195
1725280153.9598594
1725280153.9863145
1725280153.9869983
1725280154.0414786
1725280154.0477576
1725280154.0685792
1725280154.1067162
1725280154.107763
1725280154.1169713
1725280154.1306283
1725280154.143961
1725280154.1594872
1725280154.174594
1725280154.1968305
1725280154.2078478
1725280154.240908
1725280154.2761676
1725280154.295182
1725280154.3083124
1725280154.3220665
1725280154.3387728
1725280154.3565247
1725280154.3713863
1725280154.4061828
1725280154.4289727
1725280154.4376097
1725280154.4545453
1725280154.4688911
1725280154.4849305
1725280154.5021255
1725280154.5154989
1725280154.5339434
1725280154.5508826
1725280154.5665627
1725280154.5867085
1725280154.5971775
1725280154.6153247
1725280154.6316035
1725280154.6754253
1725280154.6892762
1725280154.7047749
1725280154.7175488
1725280154.7373192
1725280154.7449596
1725280154.7607858
1725280154.7806501
1725280154.7957187
1725280154.8161747
1725280154.8461316
1725280154.8826723
1725280154.8907902
1725280154.909181
1725280154.929804
1725280154.9413304
1725280154.9575865
1725280154.9755344
1725280155.0121877
1725280155.0226588
1725280155.0451205
1725280155.0568035
1725280155.0958402
1725280155.1276345
1725280155.1372876
1725280155.1550643
1725280155.1879034
1725280155.2074308
1725280155.222882
1725280155.2514722
1725280155.2665145
1725280155.2853296
1725280155.302039
1725280155.3179586
1725280155.340332
1725280155.3482947
1725280155.363601
1725280155.3848622
1725280155.399374
1725280155.4175572
1725280155.4307911
1725280155.4525173
1725280155.4732616
1725280155.4832528
1725280155.498977
1725280155.5132723
1725280155.530724
1725280155.568859
1725280155.5860543
1725280155.5959013
1725280155.6143696
1725280155.6302416
1725280155.6466193
1725280155.662989
1725280155.704831
1725280155.7182894
1725280155.7297976
1725280155.751574
1725280155.7701626
1725280155.7833376
1725280155.8028069
1725280155.8117802
1725280155.8287635
1725280155.847826
1725280155.8606315
1725280155.8780196
1725280155.909873
1725280155.9357572
1725280155.941349
1725280155.966801
1725280155.9783134
1725280155.9994435
1725280156.0158212
1725280156.0505972
1725280156.064482
1725280156.0840538
1725280156.1123712
1725280156.1290529
1725280156.1574392
1725280156.1610992
1725280156.1781974
1725280156.2142575
1725280156.235282
1725280156.24529
1725280156.2599876
1725280156.2788634
1725280156.2997305
1725280156.3319995
1725280156.349561
1725280156.369624
1725280156.3793278
1725280156.4023583
1725280156.4133196
1725280156.4355826
1725280156.4524274
1725280156.4750574
1725280156.5017767
1725280156.516665
1725280156.5357285
1725280156.5518675
1725280156.565933
1725280156.5848763
1725280156.5972342
1725280156.616534
1725280156.636157
1725280156.6574016
1725280156.6689765
1725280156.685269
1725280156.7041159
1725280156.7217429
1725280156.7369313
1725280156.750087
1725280156.7753568
1725280156.7880292
1725280156.7996378
1725280156.8179147
1725280156.834045
1725280156.8486302
1725280156.87013
1725280156.8833432
1725280156.8995686
1725280156.9174304
1725280156.9475145
1725280156.9666045
1725280156.988683
1725280156.998234
1725280157.0113764
1725280157.0299766
1725280157.0486064
1725280157.0647984
1725280157.1016273
1725280157.1100056
1725280157.125766
1725280157.139838
1725280157.175074
1725280157.214465
1725280157.2391677
1725280157.2590673
1725280157.264384
1725280157.310255
1725280157.3282912
1725280157.3441029
1725280157.378004
1725280157.3904803
1725280157.4019694
1725280157.4066317
1725280157.4283829
1725280157.4401646
1725280157.4570699
1725280157.4759269
1725280157.4889188
1725280157.5291045
1725280157.5632508
1725280157.5758495
1725280157.5898018
1725280157.6046047
1725280157.626408
1725280157.6372519
1725280157.6571553
1725280157.698508
1725280157.7096877
1725280157.7238114
1725280157.7349188
1725280157.7516613
1725280157.7732117
1725280157.783163
1725280157.8039746
1725280157.8187845
1725280157.8381608
1725280157.8537211
1725280157.8648193
1725280157.8849735
1725280157.8973842
1725280157.917356
1725280157.9574282
1725280157.9771476
1725280157.986659
1725280158.0014293
1725280158.0168042
1725280158.0299945
1725280158.0455072
1725280158.0667808
1725280158.0785587
1725280158.095178
1725280158.134858
1725280158.1643913
1725280158.174444
1725280158.194252
1725280158.2127903
1725280158.223104
1725280158.241368
1725280158.258299
1725280158.2937412
1725280158.3123555
1725280158.3253958
1725280158.340865
1725280158.3772078
1725280158.4082634
1725280158.4261687
1725280158.4407632
1725280158.485039
1725280158.4900854
1725280158.5021892
1725280158.5428963
1725280158.5565119
1725280158.5746253
1725280158.595095
1725280158.608011
1725280158.6278522
1725280158.6424255
1725280158.6564207
1725280158.673954
1725280158.6908062
1725280158.703812
1725280158.7191632
1725280158.736187
1725280158.7510295
1725280158.7772784
1725280158.7937143
1725280158.809828
1725280158.824444
1725280158.859954
1725280158.8734002
1725280158.885751
1725280158.9051983
1725280158.9213927
1725280158.9398322
1725280158.9560635
1725280158.9887707
1725280159.0054662
1725280159.0360055
1725280159.0416036
1725280159.059785
1725280159.0776985
1725280159.0911272
1725280159.1087244
1725280159.1284242
1725280159.1405737
1725280159.1567178
1725280159.1710343
1725280159.2132761
1725280159.2386627
1725280159.2491732
1725280159.2682946
1725280159.2817445
1725280159.2936592
1725280159.3237653
1725280159.3433304
1725280159.3653767
1725280159.3848064
1725280159.3998446
1725280159.4256952
1725280159.444281
1725280159.4672246
1725280159.4728482
1725280159.5101118
1725280159.5302467
1725280159.5444703
1725280159.5570135
1725280159.574227
1725280159.5920014
1725280159.6295314
1725280159.6491494
1725280159.6660225
1725280159.6742973
1725280159.6923835
1725280159.7101643
1725280159.7301545
1725280159.7384794
1725280159.7555876
1725280159.7915435
1725280159.805054
1725280159.8217945
1725280159.8393137
1725280159.8525093
1725280159.873294
1725280159.8852594
1725280159.9045813
1725280159.9200177
1725280159.9403174
1725280159.9571047
1725280159.972827
1725280159.9836564
1725280160.0028162
1725280160.0233424
1725280160.0361092
1725280160.0554438
1725280160.0654387
1725280160.0887308
1725280160.1002028
1725280160.1171768
1725280160.1310904
1725280160.1441345
1725280160.161656
1725280160.182889
1725280160.1947474
1725280160.230633
1725280160.2521324
1725280160.259972
1725280160.2761512
1725280160.2988892
1725280160.3096325
1725280160.3220308
1725280160.3430264
1725280160.3767185
1725280160.394762
1725280160.4056077
1725280160.4292536
1725280160.4526832
1725280160.4891171
1725280160.5110834
1725280160.5336459
1725280160.5420356
1725280160.5856218
1725280160.600032
1725280160.6237717
1725280160.6614265
1725280160.6619325
1725280160.6806245
1725280160.6812477
1725280160.7049139
1725280160.7125947
1725280160.7329352
1725280160.7485433
1725280160.7619495
1725280160.7991786
1725280160.8383534
1725280160.8505583
1725280160.8609357
1725280160.8775947
1725280160.8953435
1725280160.9090369
1725280160.9270382
1725280160.9590344
1725280160.9786704
1725280160.9963374
1725280161.0091274
1725280161.0241024
1725280161.046579
1725280161.0595117
1725280161.07974
1725280161.089974
1725280161.1137784
1725280161.1264055
1725280161.1456041
1725280161.1619673
1725280161.17777
1725280161.1904235
1725280161.2316673
1725280161.2537334
1725280161.257169
1725280161.2812786
1725280161.2868018
1725280161.3088808
1725280161.319691
1725280161.3369057
1725280161.352527
1725280161.368743
1725280161.406837
1725280161.438875
1725280161.4495213
1725280161.466883
1725280161.491559
1725280161.499728
1725280161.519821
1725280161.5355632
1725280161.571808
1725280161.583378
1725280161.6002934
1725280161.618897
1725280161.6573977
1725280161.6863036
1725280161.6998787
1725280161.7157195
1725280161.7521834
1725280161.771014
1725280161.7805934
1725280161.8117602
1725280161.8357892
1725280161.851562
1725280161.8654797
1725280161.8774009
1725280161.9051533
1725280161.9127524
1725280161.9294758
1725280161.9425368
1725280161.9588954
1725280161.9769206
1725280161.9918184
1725280162.0144186
1725280162.0261645
1725280162.0439317
1725280162.0605788
1725280162.076297
1725280162.0948203
1725280162.1201313
1725280162.1363735
1725280162.152364
1725280162.1737213
1725280162.1902041
1725280162.2047474
1725280162.2212126
1725280162.2547562
1725280162.2690187
1725280162.2878144
1725280162.2996664
1725280162.3184447
1725280162.338972
1725280162.3515415
1725280162.3665287
1725280162.3826935
1725280162.3983936
1725280162.4208899
1725280162.432387
1725280162.4667048
1725280162.4922287
1725280162.4977186
1725280162.5201416
1725280162.5279882
1725280162.5468614
1725280162.5612643
1725280162.5953474
1725280162.6147695
1725280162.626957
1725280162.6578302
1725280162.6786911
1725280162.693241
1725280162.705745
1725280162.7235427
1725280162.7583835
1725280162.776614
1725280162.7874234
1725280162.8081071
1725280162.8233783
1725280162.841046
1725280162.8737717
1725280162.890349
1725280162.907999
1725280162.9186664
1725280162.9363043
1725280162.9533038
1725280162.9746597
1725280162.9924953
1725280162.9990478
1725280163.0338025
1725280163.051714
1725280163.0660553
1725280163.0808892
1725280163.1018364
1725280163.1269884
1725280163.1391482
1725280163.1510055
1725280163.1728797
1725280163.1859221
1725280163.200927
1725280163.2208211
1725280163.2321522
1725280163.2488616
1725280163.2691252
1725280163.284128
1725280163.3028512
1725280163.3174753
1725280163.3322802
1725280163.3564076
1725280163.3654642
1725280163.3791077
1725280163.395078
1725280163.4126427
1725280163.4291892
1725280163.4483867
1725280163.4809034
1725280163.5012794
1725280163.5155203
1725280163.5283594
1725280163.5466602
1725280163.566367
1725280163.5851283
1725280163.5964727
1725280163.641215
1725280163.6492245
1725280163.6614673
1725280163.6823668
1725280163.7155561
1725280163.7457771
1725280163.7786531
1725280163.7880683
1725280163.8024316
1725280163.8466184
1725280163.8608472
1725280163.880935
1725280163.918678
1725280163.9299467
1725280163.9327755
1725280163.9497883
1725280163.9652994
1725280163.9786396
1725280164.0055726
1725280164.0235622
1725280164.0280318
1725280164.0635927
1725280164.0959187
1725280164.111313
1725280164.1264493
1725280164.1458793
1725280164.1609604
1725280164.1744132
1725280164.188966
1725280164.2226038
1725280164.243743
1725280164.259449
1725280164.2715333
1725280164.2892072
1725280164.319512
1725280164.3202024
1725280164.3361766
1725280164.3504817
1725280164.3793945
1725280164.3884335
1725280164.403002
1725280164.417926
1725280164.4332497
1725280164.4478583
1725280164.4904091
1725280164.5018044
1725280164.5239253
1725280164.5393286
1725280164.5462437
1725280164.5692153
1725280164.5814712
1725280164.5961175
1725280164.6135252
1725280164.6306286
1725280164.6728523
1725280164.7005196
1725280164.7148414
1725280164.72822
1725280164.7433453
1725280164.7588634
1725280164.779817
1725280164.7934031
1725280164.828824
1725280164.8414044
1725280164.8610156
1725280164.875653
1725280164.9108424
1725280164.94359
1725280164.9628923
1725280164.970994
1725280165.0074942
1725280165.025342
1725280165.041196
1725280165.0712454
1725280165.0870535
1725280165.1047664
1725280165.1179104
1725280165.1345267
1725280165.1491587
1725280165.1771107
1725280165.1869245
1725280165.2008536
1725280165.2146275
1725280165.2313802
1725280165.2523713
1725280165.262945
1725280165.282413
1725280165.2991037
1725280165.3172019
1725280165.331443
1725280165.3478513
1725280165.389132
1725280165.3937538
1725280165.410053
1725280165.4269805
1725280165.444936
1725280165.4635522
1725280165.4760711
1725280165.507773
1725280165.5246592
1725280165.5406005
1725280165.556425
1725280165.5741756
1725280165.5913827
1725280165.6064498
1725280165.623247
1725280165.6385252
1725280165.6543996
1725280165.6718304
1725280165.6924043
1725280165.729394
1725280165.7462182
1725280165.7534535
1725280165.7754056
1725280165.7959423
1725280165.8040628
1725280165.817505
1725280165.8509037
1725280165.8752773
1725280165.8844748
1725280165.901335
1725280165.9427488
1725280165.9527268
1725280165.9748054
1725280165.9835606
1725280166.012989
1725280166.038223
1725280166.0475163
1725280166.0675707
1725280166.0914087
1725280166.1003695
1725280166.1394703
1725280166.1531973
1725280166.1684713
1725280166.181094
1725280166.200813
1725280166.2100372
1725280166.2347963
1725280166.2497313
1725280166.2668014
1725280166.3014023
1725280166.316991
1725280166.33427
1725280166.3487036
1725280166.365764
1725280166.3852928
1725280166.4034045
1725280166.4163775
1725280166.4279928
1725280166.4475265
1725280166.4635952
1725280166.4783792
1725280166.4937356
1725280166.5125074
1725280166.5292454
1725280166.545718
1725280166.560161
1725280166.583521
1725280166.5945845
1725280166.6062474
1725280166.6253564
1725280166.6397707
1725280166.6609943
1725280166.6743267
1725280166.687307
1725280166.7047644
1725280166.739415
1725280166.759845
1725280166.7792614
1725280166.7959037
1725280166.8021588
1725280166.818854
1725280166.832381
1725280166.8503208
1725280166.8880935
1725280166.9011846
1725280166.916859
1725280166.9316416
1725280166.961391
1725280167.0015364
1725280167.0253901
1725280167.0429423
1725280167.0535023
1725280167.0990663
1725280167.1130657
1725280167.133852
1725280167.1674442
1725280167.1752775
1725280167.1819284
1725280167.1929684
1725280167.2158825
1725280167.2327745
1725280167.242982
1725280167.262032
1725280167.2740455
1725280167.3140035
1725280167.3517842
1725280167.3543575
1725280167.369629
1725280167.3925834
1725280167.4124715
1725280167.4205587
1725280167.4377446
1725280167.4829006
1725280167.4920368
1725280167.5087473
1725280167.524964
1725280167.5394087
1725280167.561102
1725280167.5753474
1725280167.5926056
1725280167.6167285
1725280167.6335351
1725280167.6459334
1725280167.6639612
1725280167.6777704
1725280167.6975446
1725280167.7150292
1725280167.7559211
1725280167.7697837
1725280167.786432
1725280167.8011844
1725280167.8111954
1725280167.823441
1725280167.8399608
1725280167.855489
1725280167.8721392
1725280167.8940752
1725280167.9293604
1725280167.9632006
1725280167.9708824
1725280167.9875517
1725280168.0025518
1725280168.0194201
1725280168.0403032
1725280168.0514848
1725280168.091698
1725280168.104042
1725280168.1149395
1725280168.1347435
1725280168.169971
1725280168.1978252
1725280168.2142522
1725280168.2308547
1725280168.2663
1725280168.2810261
1725280168.2978964
1725280168.3309252
1725280168.3579528
1725280168.371582
1725280168.3806412
1725280168.3977828
1725280168.4179254
1725280168.431364
1725280168.4473464
1725280168.4602573
1725280168.4760437
1725280168.4930694
1725280168.5131114
1725280168.5317557
1725280168.5456676
1725280168.560388
1725280168.577949
1725280168.593704
1725280168.611155
1725280168.6455712
1725280168.65633
1725280168.6717591
1725280168.6870706
1725280168.7034967
1725280168.7265265
1725280168.7411861
1725280168.7728071
1725280168.7862797
1725280168.8059723
1725280168.8210442
1725280168.8325286
1725280168.8529968
1725280168.870543
1725280168.8908
1725280168.898967
1725280168.915099
1725280168.9497824
1725280168.9587228
1725280168.9857059
1725280169.0115583
1725280169.0207145
1725280169.0343375
1725280169.055592
1725280169.0726721
1725280169.084086
1725280169.120009
1725280169.1334574
1725280169.1489153
1725280169.1664772
1725280169.2065735
1725280169.2144032
1725280169.2299166
1725280169.2519886
1725280169.2954369
1725280169.303133
1725280169.313062
1725280169.33162
1725280169.3509169
1725280169.3766623
1725280169.4240737
1725280169.4243107
1725280169.4429448
1725280169.4480908
1725280169.4649944
1725280169.4856215
1725280169.5048404
1725280169.5129454
1725280169.5327559
1725280169.5609207
1725280169.5752645
1725280169.5931718
1725280169.6076665
1725280169.6254838
1725280169.6480258
1725280169.661055
1725280169.679444
1725280169.6940284
1725280169.7177303
1725280169.7232656
1725280169.7433088
1725280169.7618682
1725280169.7757182
1725280169.8031461
1725280169.80707
1725280169.822536
1725280169.8388867
1725280169.8549378
1725280169.881816
1725280169.8914955
1725280169.9040089
1725280169.918392
1725280169.9341435
1725280169.9520674
1725280169.9672642
1725280170.001716
1725280170.018499
1725280170.0357008
1725280170.0473278
1725280170.079817
1725280170.0962975
1725280170.096928
1725280170.112177
1725280170.1549165
1725280170.1632447
1725280170.1813931
1725280170.213958
1725280170.2263172
1725280170.2704499
1725280170.2855194
1725280170.3101692
1725280170.316648
1725280170.35752
1725280170.3740191
1725280170.402124
1725280170.4308918
1725280170.4351246
1725280170.4442968
1725280170.455154
1725280170.468648
1725280170.4921627
1725280170.5020833
1725280170.5192919
1725280170.5333085
1725280170.5720344
1725280170.602651
1725280170.6233873
1725280170.6314778
1725280170.6501749
1725280170.666356
1725280170.683163
1725280170.7052271
1725280170.7364087
1725280170.7541373
1725280170.7625303
1725280170.7795508
1725280170.7971141
1725280170.8171468
1725280170.8351264
1725280170.8447502
1725280170.8600826
1725280170.8870938
1725280170.8942702
1725280170.9155512
1725280170.9271314
1725280170.945694
1725280170.9643128
1725280171.0141277
1725280171.0213175
1725280171.029666
1725280171.058055
1725280171.0585835
1725280171.0755386
1725280171.0922723
1725280171.1056747
1725280171.125549
1725280171.1401372
1725280171.1815379
1725280171.2021472
1725280171.2184553
1725280171.2412312
1725280171.252673
1725280171.2692473
1725280171.3072507
1725280171.3079736
1725280171.3422976
1725280171.355481
1725280171.37
1725280171.3886836
1725280171.4376514
1725280171.460882
1725280171.4736843
1725280171.4827502
1725280171.5233376
1725280171.5535903
1725280171.5542097
1725280171.5821807
1725280171.6014788
1725280171.6159544
1725280171.6349375
1725280171.649962
1725280171.666272
1725280171.6861854
1725280171.697584
1725280171.7124212
1725280171.7296374
1725280171.7502437
1725280171.7595544
1725280171.778886
1725280171.7906759
1725280171.8105335
1725280171.8289502
1725280171.8547482
1725280171.8555164
1725280171.8925633
1725280171.9079041
1725280171.9216073
1725280171.9392197
1725280171.9560635
1725280171.9882107
1725280171.9889476
1725280172.0284188
1725280172.042127
1725280172.0599241
1725280172.0668547
1725280172.0932302
1725280172.103181
1725280172.1360211
1725280172.140123
1725280172.1536515
1725280172.182314
1725280172.190884
1725280172.2044659
1725280172.2399518
1725280172.2698338
1725280172.2755177
1725280172.2879217
1725280172.3046467
1725280172.318735
1725280172.337206
1725280172.3738744
1725280172.3867648
1725280172.4016135
1725280172.4219215
1725280172.450478
1725280172.4663904
1725280172.481686
1725280172.4996126
1725280172.5299215
1725280172.5515823
1725280172.566564
1725280172.5864513
1725280172.598074
1725280172.613195
1725280172.6475892
1725280172.6583743
1725280172.6797805
1725280172.6918933
1725280172.7157972
1725280172.7280602
1725280172.7450712
1725280172.7601585
1725280172.780289
1725280172.8148792
1725280172.8298824
1725280172.840115
1725280172.8622782
1725280172.8775377
1725280172.8945637
1725280172.9117553
1725280172.9243321
1725280172.9425893
1725280172.957966
1725280172.9741554
1725280172.9939458
1725280173.0062337
1725280173.023728
1725280173.039322
1725280173.0608802
1725280173.0743823
1725280173.0915082
1725280173.1075752
1725280173.1188369
1725280173.139783
1725280173.157458
1725280173.1683245
1725280173.182667
1725280173.204792
1725280173.2187557
1725280173.25277
1725280173.268842
1725280173.288983
1725280173.2980177
1725280173.3159611
1725280173.3294556
1725280173.3469808
1725280173.3638582
1725280173.399163
1725280173.4121103
1725280173.4310749
1725280173.441332
1725280173.4757192
1725280173.5168693
1725280173.5333934
1725280173.5593696
1725280173.572373
1725280173.6169255
1725280173.6240847
1725280173.6491141
1725280173.6800513
1725280173.6805525
1725280173.694994
1725280173.7067885
1725280173.7293665
1725280173.7366767
1725280173.7543583
1725280173.7739086
1725280173.78711
1725280173.822097
1725280173.8651624
1725280173.8657193
1725280173.8927941
1725280173.9012952
1725280173.925475
1725280173.932744
1725280173.9486823
1725280173.983777
1725280174.000628
1725280174.0218225
1725280174.030496
1725280174.0476975
1725280174.0641558
1725280174.0881364
1725280174.1001718
1725280174.1183295
1725280174.133387
1725280174.1579783
1725280174.1665578
1725280174.1853585
1725280174.1967866
1725280174.2161877
1725280174.259602
1725280174.2667584
1725280174.2856457
1725280174.2978263
1725280174.3156092
1725280174.3238473
1725280174.3424375
1725280174.3562982
1725280174.3727152
1725280174.3884187
1725280174.4301765
1725280174.4524755
1725280174.475555
1725280174.4873223
1725280174.5039923
1725280174.5262618
1725280174.5378366
1725280174.5543141
1725280174.589975
1725280174.6036365
1725280174.621202
1725280174.6362743
1725280174.6781044
1725280174.7027051
1725280174.7224312
1725280174.749717
1725280174.7730098
1725280174.7878351
1725280174.806678
1725280174.8428276
1725280174.8503022
1725280174.872313
1725280174.879694
1725280174.9002988
1725280174.9167993
1725280174.941092
1725280174.9511335
1725280174.9633622
1725280174.9812055
1725280175.0006504
1725280175.0152998
1725280175.031629
1725280175.0616105
1725280175.064697
1725280175.0795927
1725280175.0979571
1725280175.110102
1725280175.146117
1725280175.1585367
1725280175.1770704
1725280175.1900465
1725280175.2118711
1725280175.2345676
1725280175.2521274
1725280175.2736423
1725280175.2884014
1725280175.303179
1725280175.3220918
1725280175.3353138
1725280175.3564782
1725280175.3707037
1725280175.3950925
1725280175.4031713
1725280175.4228773
1725280175.4406245
1725280175.457041
1725280175.4919405
1725280175.5036426
1725280175.5197215
1725280175.5361927
1725280175.5561757
1725280175.5710166
1725280175.5918496
1725280175.6228127
1725280175.635597
1725280175.6546257
1725280175.6776178
1725280175.6976478
1725280175.7169983
1725280175.7344031
1725280175.7571235
1725280175.7861989
1725280175.8118184
1725280175.8169098
1725280175.837281
1725280175.8496208
1725280175.8667676
1725280175.8988051
1725280175.9151711
1725280175.9409754
1725280175.9503322
1725280175.9709473
1725280175.986105
1725280176.006447
1725280176.0173216
1725280176.0327415
1725280176.0665357
1725280176.082391
1725280176.1044145
1725280176.1202612
1725280176.137658
1725280176.143822
1725280176.1595783
1725280176.1739428
1725280176.1936765
1725280176.217596
1725280176.2299514
1725280176.2434
1725280176.2605078
1725280176.2808228
1725280176.2949944
1725280176.3108776
1725280176.3199728
1725280176.3413012
1725280176.3627665
1725280176.3809512
1725280176.3923557
1725280176.4073646
1725280176.4226108
1725280176.441403
1725280176.4570274
