2024-09-02 20:29:50
../stream-replay/logs/stuttering-6205.txt
1725279998.443048
1725279998.4516525
1725279998.4876487
1725279998.4879746
1725279998.5069842
1725279998.5077715
1725279998.5330615
1725279998.5435839
1725279998.6142538
1725279998.6151314
1725279998.621683
1725279998.622502
1725279998.623312
1725279998.7299669
1725279998.7305877
1725279998.73129
1725279998.8032153
1725279998.8037944
1725279998.8046613
1725279998.8609867
1725279998.8617132
1725279998.8624694
1725279998.8634036
1725279998.8641424
1725279998.8869398
1725279998.8877656
1725279998.8885698
1725279998.9201512
1725279998.921412
1725279998.9511304
1725279998.952242
1725279998.953325
1725279999.0144944
1725279999.0153837
1725279999.0161612
1725279999.1089718
1725279999.1164622
1725279999.1174765
1725279999.117539
1725279999.11757
1725279999.1517668
1725279999.1935096
1725279999.21289
1725279999.3413167
1725279999.342363
1725279999.3479013
1725279999.3489814
1725279999.3503351
1725279999.4625354
1725279999.4664936
1725279999.4830728
1725279999.4839442
1725279999.4847615
1725279999.4856384
1725279999.5376976
1725279999.5943403
1725279999.5950751
1725279999.595748
1725279999.6316369
1725279999.6324737
1725279999.6333265
1725279999.6711843
1725279999.6727197
1725279999.702585
1725279999.7039237
1725279999.705119
1725279999.7778137
1725279999.7787478
1725279999.7796855
1725279999.7834206
1725279999.8342018
1725279999.8366637
1725279999.837632
1725279999.8977947
1725279999.8985074
1725279999.8997304
1725279999.9004831
1725279999.9407969
1725279999.9590428
1725279999.9600153
1725279999.971628
1725279999.9724543
1725279999.99581
1725280000.0372589
1725280000.0380914
1725280000.0389855
1725280000.1065114
1725280000.1092703
1725280000.1745396
1725280000.1754556
1725280000.1762536
1725280000.2239316
1725280000.2248595
1725280000.2828186
1725280000.2834764
1725280000.2846842
1725280000.293199
1725280000.2940133
1725280000.3039017
1725280000.3686996
1725280000.3766773
1725280000.4386563
1725280000.4398372
1725280000.45801
1725280000.4596503
1725280000.518869
1725280000.5199037
1725280000.5207117
1725280000.5374386
1725280000.5725172
1725280000.5734887
1725280000.6130078
1725280000.6751919
1725280000.6760488
1725280000.6768067
1725280000.678424
1725280000.6792257
1725280000.6799664
1725280000.738648
1725280000.739782
1725280000.7580855
1725280000.7595608
1725280000.7647707
1725280000.7898347
1725280000.8248231
1725280000.9017556
1725280000.9026678
1725280000.903323
1725280000.9222498
1725280000.9235444
1725280000.9437044
1725280000.9443982
1725280000.9839356
1725280000.9846766
1725280000.9979742
1725280001.0828562
1725280001.0840566
1725280001.0894797
1725280001.0900753
1725280001.0905807
1725280001.1312966
1725280001.131934
1725280001.1325648
1725280001.1759515
1725280001.1967065
1725280001.2366052
1725280001.2381577
1725280001.278182
1725280001.2788322
1725280001.2795599
1725280001.2989495
1725280001.309641
1725280001.397236
1725280001.3989248
1725280001.399461
1725280001.4100518
1725280001.410589
1725280001.4772182
1725280001.4785593
1725280001.4936962
1725280001.4944956
1725280001.5426261
1725280001.5435116
1725280001.544285
1725280001.6003244
1725280001.6014001
1725280001.6248558
1725280001.6258924
1725280001.6572752
1725280001.6580188
1725280001.6898654
1725280001.6906347
1725280001.7632313
1725280001.7641683
1725280001.7761817
1725280001.776724
1725280001.7922637
1725280001.8746717
1725280001.8756948
1725280001.8766959
1725280001.8881626
1725280001.8901117
1725280001.8974366
1725280001.898364
1725280001.9617577
1725280001.9626136
1725280001.9636664
1725280001.9767056
1725280001.977234
1725280002.0888166
1725280002.0898855
1725280002.1146314
1725280002.1153996
1725280002.1158848
1725280002.1250813
1725280002.125563
1725280002.1260424
1725280002.1265533
1725280002.2256536
1725280002.2273438
1725280002.2444072
1725280002.2453127
1725280002.2783267
1725280002.2791553
1725280002.2799098
1725280002.2806892
1725280002.2883527
1725280002.4196265
1725280002.4204173
1725280002.4204595
1725280002.4204783
1725280002.4207234
1725280002.4413483
1725280002.5191648
1725280002.5415368
1725280002.5422966
1725280002.5472627
1725280002.7209215
1725280002.7222815
1725280002.7249029
1725280002.787058
1725280002.7876024
1725280002.7881384
1725280002.8094504
1725280002.8102207
1725280002.833299
1725280002.8339086
1725280002.8345494
1725280002.839361
1725280002.893887
1725280002.8945718
1725280002.8953633
1725280002.9627535
1725280002.963387
1725280002.9638839
1725280002.9643905
1725280003.0395634
1725280003.0607035
1725280003.0614817
1725280003.062177
1725280003.075053
1725280003.0765839
1725280003.1403131
1725280003.141083
1725280003.1419642
1725280003.1716542
1725280003.172562
1725280003.1730993
1725280003.1736257
1725280003.2551005
1725280003.2557774
1725280003.2626069
1725280003.27958
1725280003.3035076
1725280003.3040583
1725280003.3046
1725280003.308119
1725280003.3391464
1725280003.3397
1725280003.3402236
1725280003.3408308
1725280003.3670218
1725280003.3951447
1725280003.4483216
1725280003.449272
1725280003.4504585
1725280003.4793289
1725280003.4806066
1725280003.5021548
1725280003.5491712
1725280003.565459
1725280003.5662026
1725280003.649067
1725280003.6555123
1725280003.6565316
1725280003.694062
1725280003.6946998
1725280003.7170982
1725280003.7286923
1725280003.7496865
1725280003.8203056
1725280003.82088
1725280003.8214486
1725280003.8436213
1725280003.8442733
1725280003.8864725
1725280003.90364
1725280003.9048471
1725280003.9126642
1725280003.9394236
1725280003.9401388
1725280003.9635496
1725280004.0089145
1725280004.010041
1725280004.06821
1725280004.0699563
1725280004.0714374
1725280004.0960436
1725280004.100526
1725280004.1012828
1725280004.1253765
1725280004.1846652
1725280004.18677
1725280004.2059982
1725280004.2518382
1725280004.253311
1725280004.2539647
1725280004.2545707
1725280004.3229282
1725280004.3237176
1725280004.3407748
1725280004.3418617
1725280004.3429499
1725280004.3771126
1725280004.3780706
1725280004.3811889
1725280004.4199631
1725280004.448999
1725280004.470199
1725280004.4708538
1725280004.5681894
1725280004.568985
1725280004.57829
1725280004.57887
1725280004.5793984
1725280004.6062734
1725280004.6077757
1725280004.6323154
1725280004.6404564
1725280004.6936147
1725280004.6941533
1725280004.694848
1725280004.768297
1725280004.7773209
1725280004.7780993
1725280004.778928
1725280004.8131952
1725280004.8137965
1725280004.8830733
1725280004.925199
1725280004.936606
1725280004.9377108
1725280004.9385421
1725280004.9393733
1725280004.9431255
1725280004.960453
1725280004.9865453
1725280005.0343575
1725280005.0352163
1725280005.249701
1725280005.2503076
1725280005.2510679
1725280005.2615316
1725280005.2620912
1725280005.2627382
1725280005.300143
1725280005.301067
1725280005.3028843
1725280005.3037753
1725280005.3046026
1725280005.3054132
1725280005.3107965
1725280005.3115318
1725280005.3499415
1725280005.3508863
1725280005.351722
1725280005.3529894
1725280005.3697124
1725280005.3703728
1725280005.3711193
1725280005.394049
1725280005.3945699
1725280005.42301
1725280005.452225
1725280005.472314
1725280005.5266268
1725280005.5277278
1725280005.543522
1725280005.5443225
1725280005.5451577
1725280005.5713823
1725280005.6174874
1725280005.6184034
1725280005.709575
1725280005.7096462
1725280005.709955
1725280005.711886
1725280005.8477223
1725280005.8598785
1725280005.8698044
1725280005.8835487
1725280005.8847418
1725280005.8857172
1725280005.8999984
1725280005.900814
1725280005.9015374
1725280005.9343064
1725280005.9356213
1725280006.0155668
1725280006.016433
1725280006.0171642
1725280006.0179517
1725280006.0332327
1725280006.0533273
1725280006.1185403
1725280006.119209
1725280006.11982
1725280006.1540918
1725280006.1549385
1725280006.1557477
1725280006.2132437
1725280006.2416136
1725280006.2428749
1725280006.2440534
1725280006.3340042
1725280006.3347876
1725280006.3355963
1725280006.4051392
1725280006.4069438
1725280006.4081755
1725280006.5061216
1725280006.5082428
1725280006.5089147
1725280006.5127702
1725280006.5134065
1725280006.573354
1725280006.5978134
1725280006.598446
1725280006.6055002
1725280006.606021
1725280006.6065636
1725280006.6071997
1725280006.6492634
1725280006.6500235
1725280006.650933
1725280006.667632
1725280006.6988409
1725280006.699532
1725280006.7003002
1725280006.7668061
1725280006.7711778
1725280006.7726285
1725280006.7735217
1725280006.8023422
1725280006.8470633
1725280006.8480563
1725280006.849102
1725280006.9098039
1725280006.9327478
1725280006.9422622
1725280006.9433153
1725280006.9799314
1725280007.0047903
1725280007.041302
1725280007.042282
1725280007.0609598
1725280007.1010723
1725280007.102284
1725280007.1539762
1725280007.1548727
1725280007.1704776
1725280007.1714628
1725280007.1841056
1725280007.1975415
1725280007.2205443
1725280007.2299478
1725280007.2609508
1725280007.2615132
1725280007.2870524
1725280007.3384726
1725280007.3395085
1725280007.364333
1725280007.36598
1725280007.417117
1725280007.4178665
1725280007.4186587
1725280007.477203
1725280007.5118704
1725280007.51266
1725280007.5132282
1725280007.5207686
1725280007.5212624
1725280007.5679996
1725280007.5689347
1725280007.5911622
1725280007.5919406
1725280007.6324823
1725280007.6333926
1725280007.7262247
1725280007.7270901
1725280007.7279794
1725280007.7357547
1725280007.7577002
1725280007.7584367
1725280007.7948396
1725280007.7957053
1725280007.7965684
1725280007.7986681
1725280007.8985305
1725280007.8997862
1725280007.9226198
1725280007.9272408
1725280007.9281845
1725280007.959595
1725280007.9604876
1725280007.9787738
1725280008.0300913
1725280008.0318296
1725280008.0420806
1725280008.0965753
1725280008.0975695
1725280008.0985088
1725280008.1729696
1725280008.2014122
1725280008.2032335
1725280008.2055688
1725280008.2061958
1725280008.2938402
1725280008.2957847
1725280008.32015
1725280008.3208468
1725280008.3220668
1725280008.329131
1725280008.3348374
1725280008.3357573
1725280008.3673131
1725280008.3680265
1725280008.3858385
1725280008.421903
1725280008.4236784
1725280008.4299328
1725280008.4489548
1725280008.4688008
1725280008.485471
1725280008.5420253
1725280008.5429611
1725280008.5438344
1725280008.6240456
1725280008.6249466
1725280008.6358085
1725280008.6363604
1725280008.63692
1725280008.6454806
1725280008.6460152
1725280008.716599
1725280008.7172766
1725280008.717995
1725280008.7359588
1725280008.743217
1725280008.8117006
1725280008.8124895
1725280008.8638153
1725280008.864355
1725280008.864915
1725280008.8706717
1725280008.8782892
1725280008.8953166
1725280008.9137511
1725280008.9808247
1725280008.9811075
1725280009.0363083
1725280009.0552478
1725280009.0719688
1725280009.1297057
1725280009.1307237
1725280009.1408267
1725280009.1705763
1725280009.171866
1725280009.1727831
1725280009.17426
1725280009.2075427
1725280009.208542
1725280009.2218573
1725280009.270659
1725280009.2719386
1725280009.2727654
1725280009.3367553
1725280009.3513694
1725280009.3520885
1725280009.397623
1725280009.3982484
1725280009.3989565
1725280009.4349616
1725280009.4358137
1725280009.4802904
1725280009.4818697
1725280009.6202362
1725280009.6209452
1725280009.683035
1725280009.7888405
1725280009.802894
1725280009.8036206
1725280009.8476794
1725280009.8481357
1725280009.8486426
1725280009.9172943
1725280009.9211597
1725280009.9270701
1725280009.9279566
1725280009.9376874
1725280009.9384923
1725280009.9780662
1725280009.9790592
1725280009.9798882
1725280010.0102224
1725280010.0109525
1725280010.019043
1725280010.0197282
1725280010.0203211
1725280010.0345218
1725280010.037792
1725280010.0388117
1725280010.0405378
1725280010.16655
1725280010.168771
1725280010.1700141
1725280010.1710079
1725280010.1720378
1725280010.1754534
1725280010.2099342
1725280010.2111347
1725280010.2495482
1725280010.303642
1725280010.3053033
1725280010.3064547
1725280010.3488286
1725280010.34985
1725280010.3922663
1725280010.3932283
1725280010.4067256
1725280010.434586
1725280010.4358854
1725280010.4752057
1725280010.4761918
1725280010.487249
1725280010.510354
1725280010.5114734
1725280010.533577
1725280010.6983693
1725280010.6995342
1725280010.7120404
1725280010.7128282
1725280010.7137973
1725280010.7152772
1725280010.7158926
1725280010.7165198
1725280010.7399101
1725280010.7410467
1725280010.757955
1725280010.75893
1725280010.858574
1725280010.879514
1725280010.880189
1725280010.8809574
1725280010.8815308
1725280010.8826447
1725280010.883373
1725280010.9019585
1725280010.9033258
1725280010.9416192
1725280010.9424152
1725280011.0051067
1725280011.0214224
1725280011.022988
1725280011.0238419
1725280011.0726602
1725280011.0737162
1725280011.1304169
1725280011.1309795
1725280011.13168
1725280011.1524599
1725280011.1539161
1725280011.191013
1725280011.2547278
1725280011.2554495
1725280011.2561352
1725280011.2566943
1725280011.2784188
1725280011.3171163
1725280011.3178787
1725280011.4052014
1725280011.406021
1725280011.407129
1725280011.4675434
1725280011.4687786
1725280011.5054088
1725280011.5059655
1725280011.5065458
1725280011.5244827
1725280011.525994
1725280011.5468946
1725280011.5475914
1725280011.6311803
1725280011.6318755
1725280011.6582615
1725280011.6589723
1725280011.6596773
1725280011.6921976
1725280011.6927466
1725280011.69334
1725280011.69918
1725280011.6998804
1725280011.7505643
1725280011.7513516
1725280011.752056
1725280011.7728446
1725280011.7988727
1725280011.8246477
1725280011.8256729
1725280011.854309
1725280011.8554597
1725280011.8676534
1725280011.9056633
1725280011.9066536
1725280011.9252038
1725280011.9260383
1725280011.9673653
1725280011.9679177
1725280012.0140746
1725280012.0206246
1725280012.0852392
1725280012.086243
1725280012.0996225
1725280012.100849
1725280012.102109
1725280012.1371498
1725280012.1857364
1725280012.1868973
1725280012.18692
1725280012.2380188
1725280012.2383673
1725280012.2806592
1725280012.3016238
1725280012.3859076
1725280012.3869174
1725280012.436691
1725280012.4373548
1725280012.4382381
1725280012.4650478
1725280012.465866
1725280012.4666324
1725280012.486351
1725280012.4874005
1725280012.4882686
1725280012.5091798
1725280012.5408828
1725280012.5415738
1725280012.5775223
1725280012.6047797
1725280012.6533852
1725280012.654959
1725280012.6563015
1725280012.6875741
1725280012.6882389
1725280012.7770774
1725280012.7783775
1725280012.7798836
1725280012.7807174
1725280012.8761506
1725280012.876758
1725280012.8952038
1725280012.8960454
1725280012.8965685
1725280012.8971138
1725280012.9051812
1725280012.9057968
1725280012.9397213
1725280012.940965
1725280012.970585
1725280012.9715102
1725280013.0869553
1725280013.1204302
1725280013.1216948
1725280013.122816
1725280013.1239464
1725280013.1249077
1725280013.1340895
1725280013.1401153
1725280013.1407883
1725280013.1416008
1725280013.1778696
1725280013.2129428
1725280013.2620387
1725280013.2632422
1725280013.264467
1725280013.2921896
1725280013.2934527
1725280013.3478258
1725280013.349205
1725280013.3736165
1725280013.402917
1725280013.4035275
1725280013.5104892
1725280013.561751
1725280013.5623147
1725280013.5657322
1725280013.6568325
1725280013.6580477
1725280013.6594093
1725280013.6601918
1725280013.7223225
1725280013.7230382
1725280013.723711
1725280013.724391
1725280013.73977
1725280013.7412462
1725280013.7470362
1725280013.747621
1725280013.748263
1725280013.7665434
1725280013.7675896
1725280013.7918234
1725280013.8413336
1725280013.8422244
1725280013.9105284
1725280013.9273489
1725280013.9287632
1725280013.9305363
1725280013.9322183
1725280013.9753935
1725280013.9759996
1725280013.9830217
1725280014.0148513
1725280014.0157917
1725280014.0687792
1725280014.069338
1725280014.0699177
1725280014.102592
1725280014.103369
1725280014.139886
1725280014.1407328
1725280014.1514964
1725280014.201524
1725280014.2021513
1725280014.2028806
1725280014.2573643
1725280014.2589777
1725280014.2739882
1725280014.2799041
1725280014.3222907
1725280014.3233044
1725280014.3385048
1725280014.339074
1725280014.378468
1725280014.403186
1725280014.4168172
1725280014.4256563
1725280014.4634914
1725280014.5515423
1725280014.5525508
1725280014.5537438
1725280014.5577676
1725280014.559709
1725280014.5686567
1725280014.5915341
1725280014.640827
1725280014.6419923
1725280014.6772249
1725280014.6958563
1725280014.7130234
1725280014.7138638
1725280014.7781947
1725280014.7792373
1725280014.7880456
1725280014.7887502
1725280014.7894878
1725280014.8455133
1725280014.8472064
1725280014.8555558
1725280014.929879
1725280014.930652
1725280014.9313247
1725280014.9485087
1725280014.9649577
1725280014.9665787
1725280014.9954436
1725280014.9963775
1725280014.9974113
1725280015.0166159
1725280015.0433743
1725280015.0442698
1725280015.097586
1725280015.0989563
1725280015.1781173
1725280015.1786497
1725280015.2640457
1725280015.2652123
1725280015.2659314
1725280015.2739174
1725280015.2746372
1725280015.2753665
1725280015.2760344
1725280015.2799718
1725280015.2813506
1725280015.3339047
1725280015.3352714
1725280015.3375537
1725280015.3623123
1725280015.3630173
1725280015.4157798
1725280015.4263253
1725280015.427306
1725280015.4768605
1725280015.477
1725280015.520812
1725280015.563307
1725280015.573296
1725280015.6314397
1725280015.6321156
1725280015.6764348
1725280015.6818352
1725280015.6826496
1725280015.7286446
1725280015.7293017
1725280015.7299776
1725280015.7487733
1725280015.7498186
1725280015.765517
1725280015.7946322
1725280015.7954156
1725280015.804158
1725280015.851311
1725280015.8849432
1725280015.8897927
1725280015.9568577
1725280015.9576938
1725280015.9585173
1725280015.9649267
1725280015.965632
1725280016.0342681
1725280016.074834
1725280016.0758169
1725280016.0767314
1725280016.092965
1725280016.0938282
1725280016.112874
1725280016.113489
1725280016.1514475
1725280016.1525035
1725280016.180211
1725280016.1809883
1725280016.2529418
1725280016.2537098
1725280016.2543807
1725280016.2770262
1725280016.3191116
1725280016.3257327
1725280016.326269
1725280016.3459961
1725280016.347025
1725280016.3640141
1725280016.4045286
1725280016.405072
1725280016.4056323
1725280016.4844604
1725280016.521563
1725280016.5221856
1725280016.5229485
1725280016.535825
1725280016.5363472
1725280016.6103446
1725280016.6112552
1725280016.6504114
1725280016.6511037
1725280016.6762333
1725280016.676949
1725280016.6963606
1725280016.7497964
1725280016.7507296
1725280016.774048
1725280016.8145607
1725280016.8270361
1725280016.8276064
1725280016.8875728
1725280016.8883696
1725280016.8892007
1725280016.9110782
1725280016.9142652
1725280016.95061
1725280016.979327
1725280016.9799583
1725280016.980592
1725280017.049553
1725280017.0502906
1725280017.0510416
1725280017.0758433
1725280017.076725
1725280017.0907671
1725280017.2089064
1725280017.2098718
1725280017.2283626
1725280017.2293522
1725280017.2631106
1725280017.2636635
1725280017.2642486
1725280017.3268523
1725280017.3281574
1725280017.3289208
1725280017.3324502
1725280017.3330796
1725280017.3570168
1725280017.3577833
1725280017.3586013
1725280017.401716
1725280017.4024897
1725280017.4081662
1725280017.430164
1725280017.4853168
1725280017.4862003
1725280017.4871225
1725280017.5439448
1725280017.5498908
1725280017.5509613
1725280017.587197
1725280017.5879529
1725280017.5959008
1725280017.6233642
1725280017.691482
1725280017.7140138
1725280017.7152543
1725280017.7253962
1725280017.7259512
1725280017.7378728
1725280017.833135
1725280017.833947
1725280017.861244
1725280017.8629224
1725280017.8848162
1725280017.8853164
1725280017.8858795
1725280017.9403174
1725280017.9422584
1725280017.9511414
1725280018.0077026
1725280018.0084357
1725280018.009221
1725280018.0359116
1725280018.0375445
1725280018.0574954
1725280018.0582774
1725280018.103854
1725280018.1045887
1725280018.1386771
1725280018.1395068
1725280018.1742625
1725280018.1750152
1725280018.1812232
1725280018.2168317
1725280018.217789
1725280018.2396097
1725280018.2498815
1725280018.2667837
1725280018.2962942
1725280018.2968636
1725280018.313629
1725280018.3563168
1725280018.3581643
1725280018.455419
1725280018.456334
1725280018.4571657
1725280018.4611483
1725280018.4724011
1725280018.4734662
1725280018.4744985
1725280018.4992476
1725280018.5000522
1725280018.5629914
1725280018.5785227
1725280018.5805342
1725280018.596414
1725280018.5971458
1725280018.6167192
1725280018.6248865
1725280018.6744215
1725280018.7213504
1725280018.7221954
1725280018.7223575
1725280018.7224395
1725280018.8033478
1725280018.8415112
1725280018.857806
1725280018.88241
1725280018.905789
1725280018.907123
1725280018.9578817
1725280018.9587274
1725280018.9596446
1725280018.9603205
1725280019.0000536
1725280019.0006444
1725280019.0112627
1725280019.0293407
1725280019.043068
1725280019.0602314
1725280019.0725286
1725280019.11851
1725280019.194939
1725280019.224739
1725280019.2255416
1725280019.2262409
1725280019.2634091
1725280019.264091
1725280019.264714
1725280019.2958498
1725280019.297131
1725280019.3112915
1725280019.3122113
1725280019.3276048
1725280019.349061
1725280019.395448
1725280019.396413
1725280019.397287
1725280019.4747205
1725280019.4754522
1725280019.4810493
1725280019.4815664
1725280019.4820576
1725280019.5302095
1725280019.5568602
1725280019.5677595
1725280019.568489
1725280019.6081164
1725280019.6090975
1725280019.610243
1725280019.6797655
1725280019.6804688
1725280019.6812172
1725280019.743442
1725280019.8374875
1725280019.8384147
1725280019.8394108
1725280019.8404884
1725280019.8413253
1725280019.8422122
1725280019.845173
1725280019.846372
1725280019.8697681
1725280019.8981204
1725280019.899122
1725280019.9874108
1725280020.0017605
1725280020.0034065
1725280020.0360987
1725280020.0554478
1725280020.0565753
1725280020.0806117
1725280020.130487
1725280020.1314232
1725280020.1376185
1725280020.2102983
1725280020.2110238
1725280020.2117057
1725280020.2128487
1725280020.2846196
1725280020.28574
1725280020.3382833
1725280020.3388615
1725280020.339377
1725280020.3811257
1725280020.3817203
1725280020.3823135
1725280020.3981853
1725280020.399706
1725280020.4092803
1725280020.4098282
1725280020.450474
1725280020.4514983
1725280020.4595196
1725280020.514535
1725280020.52878
1725280020.530519
1725280020.604075
1725280020.6052604
1725280020.6062784
1725280020.6072178
1725280020.6187208
1725280020.759628
1725280020.7617786
1725280020.768224
1725280020.7689202
1725280020.7695773
1725280020.7724652
1725280020.7732222
1725280020.7741742
1725280020.7809405
1725280020.849241
1725280020.8504367
1725280020.9215093
1725280020.9223833
1725280021.0067353
1725280021.0074992
1725280021.0082188
1725280021.0373917
1725280021.0389867
1725280021.0993128
1725280021.1118326
1725280021.1130276
1725280021.1137412
1725280021.1805058
1725280021.3496547
1725280021.3518035
1725280021.3533084
1725280021.3684776
1725280021.3699744
1725280021.396038
1725280021.437406
1725280021.4381945
1725280021.444631
1725280021.4454288
1725280021.4461932
1725280021.4589336
1725280021.4597452
1725280021.460462
1725280021.4675596
1725280021.4896896
1725280021.4901776
1725280021.4906826
1725280021.4911976
1725280021.513457
1725280021.5141892
1725280021.5413315
1725280021.5419102
1725280021.5932934
1725280021.5939739
1725280021.5947068
1725280021.6019835
1725280021.6587548
1725280021.6708817
1725280021.672087
1725280021.6726854
1725280021.7035835
1725280021.7042072
1725280021.713791
1725280021.7870603
1725280021.7882888
1725280021.7894819
1725280021.8631759
1725280021.897674
1725280021.8985617
1725280021.8991892
1725280021.9265237
1725280021.9271476
1725280021.9521863
1725280021.9528437
1725280021.985442
1725280021.9862094
1725280021.9862423
1725280021.9863489
1725280022.0705054
1725280022.0814793
1725280022.0899775
1725280022.1620739
1725280022.179658
1725280022.1808834
1725280022.1815426
1725280022.2345555
1725280022.2356656
1725280022.2363381
1725280022.2512383
1725280022.2519166
1725280022.2982812
1725280022.2991662
1725280022.3496866
1725280022.4035742
1725280022.4046338
1725280022.4059694
1725280022.5206409
1725280022.5213943
1725280022.523126
1725280022.5338655
1725280022.5347698
1725280022.5354218
1725280022.553214
1725280022.5542724
1725280022.5666733
1725280022.5676854
1725280022.6209915
1725280022.621841
1725280022.6226537
1725280022.66913
1725280022.6696894
1725280022.670251
1725280022.734996
1725280022.7357442
1725280022.7835815
1725280022.784289
1725280022.784991
1725280022.7858696
1725280022.8318348
1725280022.8607395
1725280022.861595
1725280022.8624992
1725280022.8769293
1725280022.8779008
1725280022.900706
1725280022.9171343
1725280022.9674637
1725280022.9680874
1725280022.9853034
1725280023.0244417
1725280023.0251336
1725280023.0479424
1725280023.0764267
1725280023.0771446
1725280023.121401
1725280023.122653
1725280023.141719
1725280023.2106347
1725280023.2117128
1725280023.2126007
1725280023.2394094
1725280023.2917566
1725280023.2926397
1725280023.295614
1725280023.4371574
1725280023.4387789
1725280023.4399793
1725280023.4411895
1725280023.449222
1725280023.4497006
1725280023.4501834
1725280023.4506826
1725280023.483361
1725280023.491725
1725280023.513268
1725280023.5140252
1725280023.5827076
1725280023.5833232
1725280023.583942
1725280023.5872033
1725280023.694167
1725280023.6950707
1725280023.716482
1725280023.717539
1725280023.7296119
1725280023.7305975
1725280023.7311578
1725280023.7672365
1725280023.768179
1725280023.790856
1725280023.7920814
1725280023.8089764
1725280023.845823
1725280023.8464303
1725280023.911519
1725280023.9123645
1725280023.9131715
1725280023.9418306
1725280023.94242
1725280023.9456983
1725280023.9767635
1725280023.977708
1725280024.0368237
1725280024.037549
1725280024.0445206
1725280024.068161
1725280024.0810227
1725280024.1770346
1725280024.1779237
1725280024.1922953
1725280024.1967037
1725280024.1973114
1725280024.1983984
1725280024.22542
1725280024.2721422
1725280024.2727337
1725280024.2733603
1725280024.3643246
1725280024.365141
1725280024.3665123
1725280024.3691766
1725280024.3860466
1725280024.3870265
1725280024.4881551
1725280024.4891362
1725280024.5051548
1725280024.5072038
1725280024.5294437
1725280024.5302322
1725280024.5319352
1725280024.5700274
1725280024.572966
1725280024.577894
1725280024.5788033
1725280024.628991
1725280024.6526773
1725280024.6540248
1725280024.6940274
1725280024.6952999
1725280024.7109594
1725280024.7141798
1725280024.7395425
1725280024.8510432
1725280024.851982
1725280024.8681164
1725280024.8689349
1725280024.8696096
1725280024.886632
1725280024.8877177
1725280024.8888557
1725280024.959293
1725280024.9601233
1725280024.9610283
1725280024.988238
1725280024.989558
1725280024.9909189
1725280024.992274
1725280025.0733495
1725280025.0740483
1725280025.0747905
1725280025.1121044
1725280025.1142268
1725280025.161835
1725280025.1626039
1725280025.163526
1725280025.1696384
1725280025.1704054
1725280025.2202656
1725280025.2310414
1725280025.2322083
1725280025.25723
1725280025.2573166
1725280025.3699424
1725280025.3738427
1725280025.4022713
1725280025.4697063
1725280025.471105
1725280025.4803672
1725280025.4819298
1725280025.483458
1725280025.5136495
1725280025.5147603
1725280025.5160518
1725280025.5539327
1725280025.5552902
1725280025.5992208
1725280025.600087
1725280025.6009681
1725280025.6388905
1725280025.6478693
1725280025.7803113
1725280025.798867
1725280025.7995732
1725280025.800289
1725280025.8384829
1725280025.8392594
1725280025.8399093
1725280025.867822
1725280025.86906
1725280025.876739
1725280025.877316
1725280025.8780944
1725280025.8870084
1725280025.928231
1725280025.929302
1725280025.9594293
1725280025.96197
1725280026.1182406
1725280026.1194198
1725280026.1205168
1725280026.1384616
1725280026.139522
1725280026.1967604
1725280026.2661295
1725280026.2729645
1725280026.273765
1725280026.2745264
1725280026.314604
1725280026.3150349
1725280026.3156507
1725280026.3319402
1725280026.3397505
1725280026.3414278
1725280026.3550258
1725280026.3556952
1725280026.3563576
1725280026.413319
1725280026.4140007
1725280026.4196777
1725280026.4205315
1725280026.4219651
1725280026.434157
1725280026.6390114
1725280026.6751356
1725280026.6799355
1725280026.680852
1725280026.6817799
1725280026.6988025
1725280026.6997292
1725280026.7489858
1725280026.7497663
1725280026.7504604
1725280026.7512987
1725280026.758503
1725280026.7591264
1725280026.7603912
1725280026.8030262
1725280026.8040235
1725280026.8049216
1725280026.8814647
1725280026.8822281
1725280026.882859
1725280026.9177089
1725280026.9186532
1725280026.9515815
1725280026.953995
1725280026.9557502
1725280026.9990053
1725280027.0007656
1725280027.0177205
1725280027.01856
1725280027.0264044
1725280027.0529037
1725280027.065697
1725280027.1027033
1725280027.131501
1725280027.1323435
1725280027.1973383
1725280027.1985283
1725280027.200266
1725280027.2054403
1725280027.2466826
1725280027.2476227
1725280027.248487
1725280027.3100994
1725280027.3109622
1725280027.311707
1725280027.3720589
1725280027.4752228
1725280027.4762883
1725280027.493578
1725280027.4944506
1725280027.4952555
1725280027.4959338
1725280027.4966466
1725280027.5182738
1725280027.5207322
1725280027.5978177
1725280027.5983334
1725280027.5989437
1725280027.6372554
1725280027.6381073
1725280027.639834
1725280027.6873872
1725280027.688353
1725280027.689501
1725280027.7377253
1725280027.738383
1725280027.7395463
1725280027.775474
1725280027.7785606
1725280027.809212
1725280027.8100064
1725280027.859747
1725280027.8609061
1725280027.8817968
1725280027.8823879
1725280027.965467
1725280027.9663315
1725280028.030671
1725280028.0312312
1725280028.031752
1725280028.039985
1725280028.0404854
1725280028.0409966
1725280028.098378
1725280028.0993338
1725280028.100148
1725280028.1432493
1725280028.1438553
1725280028.1444705
1725280028.145098
1725280028.1946645
1725280028.19651
1725280028.2131028
1725280028.213834
1725280028.2147033
1725280028.2322557
1725280028.2726648
1725280028.2735982
1725280028.3952587
1725280028.4081664
1725280028.4089174
1725280028.4103367
1725280028.411931
1725280028.4127831
1725280028.504891
1725280028.5057619
1725280028.5068076
1725280028.5075755
1725280028.533635
1725280028.5772855
1725280028.577914
1725280028.5779512
1725280028.5779793
1725280028.5782044
1725280028.6127093
1725280028.6521764
1725280028.6702988
1725280028.6717083
1725280028.7735808
1725280028.7746673
1725280028.8584363
1725280028.8600185
1725280028.8612971
1725280028.8633726
1725280028.8645847
1725280028.8668888
1725280028.8678138
1725280028.868576
1725280028.887463
1725280028.9476063
1725280028.985417
1725280028.9885144
1725280028.9941227
1725280028.9948013
1725280029.0431163
1725280029.0440018
1725280029.0448766
1725280029.0749772
1725280029.125328
1725280029.1558728
1725280029.1569552
1725280029.1581597
1725280029.1653292
1725280029.223158
1725280029.223922
1725280029.2246954
1725280029.2255661
1725280029.243517
1725280029.2639294
1725280029.264765
1725280029.283386
1725280029.4480667
1725280029.45739
1725280029.5308592
1725280029.5456946
1725280029.5464578
1725280029.5633945
1725280029.5642874
1725280029.564984
1725280029.5656843
1725280029.612873
1725280029.6139944
1725280029.6320488
1725280029.632627
1725280029.6400387
1725280029.6407435
1725280029.6414275
1725280029.642118
1725280029.6583722
1725280029.6594195
1725280029.724396
1725280029.7383106
1725280029.7391064
1725280029.7645657
1725280029.7978766
1725280029.8735955
1725280029.8743215
1725280029.9228556
1725280029.9240417
1725280029.9562461
1725280029.957105
1725280030.009158
1725280030.0098634
1725280030.0103943
1725280030.0110216
1725280030.026209
1725280030.027411
1725280030.0702562
1725280030.0712342
1725280030.0760381
1725280030.0997748
1725280030.149087
1725280030.1503074
1725280030.151579
1725280030.1797943
1725280030.181028
1725280030.196183
1725280030.2381966
1725280030.239163
1725280030.2614932
1725280030.278059
1725280030.3247278
1725280030.3256762
1725280030.3743901
1725280030.3768368
1725280030.4625306
1725280030.4634643
1725280030.4643257
1725280030.465171
1725280030.478815
1725280030.479874
1725280030.4929097
1725280030.4937673
1725280030.5229282
1725280030.523684
1725280030.5431747
1725280030.5610378
1725280030.5969365
1725280030.5982351
1725280030.620335
1725280030.6432674
1725280030.665364
1725280030.6660824
1725280030.7214122
1725280030.7220187
1725280030.7616234
1725280030.7628922
1725280030.8051758
1725280030.8115487
1725280030.8124614
1725280030.9087038
1725280030.9093504
1725280030.910218
1725280030.9129632
1725280030.9396958
1725280030.9408357
1725280030.9663808
1725280030.967294
1725280031.0386288
1725280031.0401897
1725280031.0572338
1725280031.077808
1725280031.0801594
1725280031.0811207
1725280031.1311185
1725280031.132881
1725280031.2131152
1725280031.213672
1725280031.2149832
1725280031.2448657
1725280031.2684913
1725280031.2692142
1725280031.27013
1725280031.2709022
1725280031.273574
1725280031.2864995
1725280031.309561
1725280031.3531272
1725280031.35383
1725280031.354511
1725280031.4514716
1725280031.4520652
1725280031.452627
1725280031.48253
1725280031.4841921
1725280031.4854014
1725280031.5075805
1725280031.5086544
1725280031.5097878
1725280031.5400677
1725280031.5406334
1725280031.566038
1725280031.5688605
1725280031.5861402
1725280031.6225772
1725280031.6860619
1725280031.687261
1725280031.6979778
1725280031.6985373
1725280031.6994581
1725280031.7633963
1725280031.7642105
1725280031.8207242
1725280031.8218849
1725280031.8219256
1725280031.8220494
1725280031.8603008
1725280031.9070349
1725280031.946149
1725280031.9727175
1725280032.000653
1725280032.001561
1725280032.0152423
1725280032.0159917
1725280032.0950704
1725280032.0958846
1725280032.0974495
1725280032.1123161
1725280032.1425214
1725280032.1432538
1725280032.1439004
1725280032.146359
1725280032.1577814
1725280032.2151103
1725280032.2578304
1725280032.3134058
1725280032.314361
1725280032.3154016
1725280032.3372865
1725280032.338227
1725280032.339368
1725280032.3756354
1725280032.381794
1725280032.4121816
1725280032.412956
1725280032.4206257
1725280032.5420082
1725280032.5427988
1725280032.5437226
1725280032.585019
1725280032.5860791
1725280032.5926661
1725280032.5933766
1725280032.5939887
1725280032.5945396
1725280032.5990233
1725280032.684166
1725280032.6885781
1725280032.6972053
1725280032.6987739
1725280032.699515
1725280032.7038672
1725280032.7308114
1725280032.7315252
1725280032.7633524
1725280032.7642994
1725280032.8115735
1725280032.830778
1725280032.8444116
1725280032.8803608
1725280032.8809974
1725280032.8955913
1725280032.9283128
1725280032.9292004
1725280033.0037599
1725280033.004484
1725280033.0053039
1725280033.0275729
1725280033.0793216
1725280033.178275
1725280033.1792166
1725280033.1807492
1725280033.2029927
1725280033.2042682
1725280033.2076685
1725280033.2828329
1725280033.283644
1725280033.2844565
1725280033.386727
1725280033.3874373
1725280033.4420674
1725280033.4436464
1725280033.4443688
1725280033.4716072
1725280033.4721239
1725280033.4726133
1725280033.5155377
1725280033.5160646
1725280033.5164702
1725280033.5241275
1725280033.525615
1725280033.5541368
1725280033.554999
1725280033.5974243
1725280033.5980399
1725280033.598625
1725280033.5993464
1725280033.6110198
1725280033.6229434
1725280033.6258593
1725280033.6671383
1725280033.6797855
1725280033.6963196
1725280033.7720375
1725280033.772655
1725280033.8225694
1725280033.823635
1725280033.824513
1725280033.8562777
1725280033.8570628
1725280033.8576686
1725280033.8583186
1725280033.893229
1725280033.9775698
1725280033.9797277
1725280034.0165968
1725280034.0270283
1725280034.0275857
1725280034.0283167
1725280034.0562165
1725280034.0572917
1725280034.0716548
1725280034.0735795
1725280034.081058
1725280034.1050425
1725280034.1103828
1725280034.1504493
1725280034.203492
1725280034.2104745
1725280034.2111576
1725280034.2725606
1725280034.27357
1725280034.27462
1725280034.3055735
1725280034.3228967
1725280034.3249202
1725280034.3550591
1725280034.3557842
1725280034.4201047
1725280034.4224281
1725280034.4400444
1725280034.4407403
1725280034.4420373
1725280034.4577155
1725280034.5158176
1725280034.5165002
1725280034.5171874
1725280034.55345
1725280034.5542252
1725280034.5987492
1725280034.6413095
1725280034.6419678
1725280034.6426153
1725280034.6435819
1725280034.6444595
1725280034.662991
1725280034.716796
1725280034.717623
1725280034.7221673
1725280034.7231116
1725280034.818978
1725280034.8196614
1725280034.8577602
1725280034.8584926
1725280034.8590868
1725280034.8595529
1725280034.8600667
1725280034.8606122
1725280034.9342415
1725280034.9403598
1725280034.9410527
1725280034.9416277
1725280034.9521103
1725280034.9761932
1725280035.0425856
1725280035.0438614
1725280035.1120598
1725280035.1130106
1725280035.1130688
1725280035.1131513
1725280035.139156
1725280035.154871
1725280035.1900806
1725280035.2103817
1725280035.211502
1725280035.2784336
1725280035.2795312
1725280035.2854261
1725280035.328963
1725280035.3298306
1725280035.3761175
1725280035.3769617
1725280035.378273
1725280035.411806
1725280035.4123282
1725280035.4129128
1725280035.4701467
1725280035.472374
1725280035.515928
1725280035.5168798
1725280035.5317435
1725280035.5772078
1725280035.5780063
1725280035.5788934
1725280035.6298668
1725280035.631025
1725280035.6397574
1725280035.6552324
1725280035.6952798
1725280035.6960876
1725280035.7816267
1725280035.7826
1725280035.7836545
1725280035.7846313
1725280035.8217618
1725280035.8225737
1725280035.8233738
1725280035.8241417
1725280035.938376
1725280035.9390922
1725280035.9764462
1725280036.01566
1725280036.0165327
1725280036.0472982
1725280036.048119
1725280036.0489626
1725280036.0814059
1725280036.082247
1725280036.0833943
1725280036.0842674
1725280036.1373947
1725280036.138539
1725280036.1396377
1725280036.16004
1725280036.1608002
1725280036.1698885
1725280036.1794703
1725280036.2005012
1725280036.2708492
1725280036.2716386
1725280036.291468
1725280036.2924454
1725280036.3303022
1725280036.3564126
1725280036.4351707
1725280036.4358294
1725280036.4827762
1725280036.4845436
1725280036.485539
1725280036.5036752
1725280036.5041833
1725280036.5340786
1725280036.535095
1725280036.5682125
1725280036.5872238
1725280036.5884328
1725280036.6231973
1725280036.6240673
1725280036.631617
1725280036.6518714
1725280036.6965425
1725280036.6972318
1725280036.6979046
1725280036.7679143
1725280036.7712133
1725280036.772074
1725280036.7728546
1725280036.8926742
1725280036.8934088
1725280036.8942268
1725280036.9084048
1725280036.9096377
1725280036.9133315
1725280036.9323924
1725280036.9333026
1725280036.936564
1725280036.9595766
1725280036.9790816
1725280037.0054924
1725280037.0072575
1725280037.0654602
1725280037.0661225
1725280037.0668259
1725280037.0846815
1725280037.0855336
1725280037.1432767
1725280037.145293
1725280037.1633966
1725280037.1913526
1725280037.241254
1725280037.242069
1725280037.243156
1725280037.2441716
1725280037.2899063
1725280037.301813
1725280037.3031301
1725280037.3648176
1725280037.3657572
1725280037.4178848
1725280037.418982
1725280037.4199595
1725280037.4621727
1725280037.5048387
1725280037.5055058
1725280037.5062065
1725280037.507164
1725280037.667112
1725280037.6687071
1725280037.6711771
1725280037.67321
1725280037.6917102
1725280037.6923575
1725280037.6929486
1725280037.6968143
1725280037.7283263
1725280037.7288938
1725280037.7381823
1725280037.7389297
1725280037.7693112
1725280037.7700791
1725280037.7925758
1725280037.793389
1725280037.8225121
1725280037.823243
1725280037.8687103
1725280037.8694823
1725280037.9089417
1725280037.9098315
1725280037.9106824
1725280037.9236484
1725280037.95377
1725280037.971255
1725280037.9723902
1725280038.0064452
1725280038.0073948
1725280038.0491822
1725280038.0498266
1725280038.1222034
1725280038.1231828
1725280038.1328857
1725280038.1338487
1725280038.134536
1725280038.1923842
1725280038.2869017
1725280038.2885566
1725280038.2891672
1725280038.3014488
1725280038.331783
1725280038.3323045
1725280038.3327951
1725280038.3644009
1725280038.3650167
1725280038.3650448
1725280038.3650942
1725280038.4058332
1725280038.449034
1725280038.4711657
1725280038.4985497
1725280038.537254
1725280038.53907
1725280038.6283658
1725280038.629677
1725280038.6312103
1725280038.6539335
1725280038.6546423
1725280038.655392
1725280038.7024565
1725280038.703842
1725280038.7049685
1725280038.7196214
1725280038.7203894
1725280038.7374437
1725280038.7702172
1725280038.7840464
1725280038.8105547
1725280038.8115366
1725280038.8394425
1725280038.8542924
1725280038.8698564
1725280038.9194863
1725280038.9206386
1725280038.9432895
1725280038.944202
1725280038.9594257
1725280038.9819536
1725280039.0574517
1725280039.0580046
1725280039.0586405
1725280039.067656
1725280039.1259725
1725280039.1268213
1725280039.1275508
1725280039.128286
1725280039.1312096
1725280039.1964724
1725280039.2084734
1725280039.2094264
1725280039.2356029
1725280039.2363036
1725280039.2541363
1725280039.2590837
1725280039.2984633
1725280039.3000107
1725280039.3177965
1725280039.352422
1725280039.397062
1725280039.39781
1725280039.438649
1725280039.439189
1725280039.4396846
1725280039.4780831
1725280039.4785671
1725280039.5304132
1725280039.5313728
1725280039.5439384
1725280039.6338336
1725280039.6429818
1725280039.644722
1725280039.6454184
1725280039.6814513
1725280039.7231207
1725280039.7678595
1725280039.7688727
1725280039.7697313
1725280039.8004863
1725280039.8017402
1725280039.8031285
1725280039.8507102
1725280039.851536
1725280039.863192
1725280039.8638248
1725280039.8917863
1725280039.9635246
1725280039.9643617
1725280039.9654672
1725280040.0553586
1725280040.0561595
1725280040.0903049
1725280040.1066606
1725280040.10772
1725280040.1200266
1725280040.1216252
1725280040.1482701
1725280040.148921
1725280040.1495733
1725280040.176884
1725280040.1784203
1725280040.2350364
1725280040.2371097
1725280040.2384102
1725280040.2562253
1725280040.2574594
1725280040.288414
1725280040.290223
1725280040.339798
1725280040.340458
1725280040.3411036
1725280040.3478796
1725280040.498193
1725280040.4988577
1725280040.5000966
1725280040.5012476
1725280040.5021021
1725280040.5033996
1725280040.5041468
1725280040.529379
1725280040.5301456
1725280040.590567
1725280040.592055
1725280040.604271
1725280040.624917
1725280040.625808
1725280040.6574707
1725280040.666506
1725280040.6923451
1725280040.7264962
1725280040.7376926
1725280040.751483
1725280040.8358715
1725280040.8368146
1725280040.837734
1725280040.9056177
1725280040.90732
1725280040.929186
1725280040.9296882
1725280040.9640577
1725280040.9648488
1725280040.9773886
1725280040.978011
1725280040.9786627
1725280041.065222
1725280041.0660362
1725280041.0929303
1725280041.0937698
1725280041.09446
1725280041.0974202
1725280041.1032557
1725280041.1040885
1725280041.1427143
1725280041.1436102
1725280041.1650634
1725280041.190936
1725280041.1917367
1725280041.2503824
1725280041.2516453
1725280041.252656
1725280041.2856565
1725280041.2864625
1725280041.3061411
1725280041.3068528
1725280041.332256
1725280041.3649871
1725280041.3655715
1725280041.4328046
1725280041.4338503
1725280041.4349213
1725280041.4663858
1725280041.4682348
1725280041.4706635
1725280041.514844
1725280041.5157058
1725280041.516537
1725280041.56337
1725280041.5640295
1725280041.622067
1725280041.6230621
1725280041.638389
1725280041.6384277
1725280041.688231
1725280041.7214265
1725280041.7749817
1725280041.8149052
1725280041.8160481
1725280041.8176444
1725280041.8188245
1725280041.8494973
1725280041.895868
1725280041.8966057
1725280041.8973384
1725280041.8980653
1725280041.9285338
1725280041.929203
1725280041.95362
1725280041.9701889
1725280041.98005
1725280042.0485811
1725280042.1108222
1725280042.1115842
1725280042.1123629
1725280042.1130688
1725280042.1137588
1725280042.1416738
1725280042.14257
1725280042.2012732
1725280042.2492871
1725280042.2647603
1725280042.265886
1725280042.2672262
1725280042.2679043
1725280042.3822913
1725280042.3830814
1725280042.3838446
1725280042.3890216
1725280042.3997562
1725280042.4003396
1725280042.4009266
1725280042.4339623
1725280042.4346366
1725280042.5125966
1725280042.5230618
1725280042.559077
1725280042.5596988
1725280042.560307
1725280042.5609024
1725280042.5824783
1725280042.5832248
1725280042.5838563
1725280042.7092261
1725280042.7108564
1725280042.8275485
1725280042.8284574
1725280042.8291695
1725280042.8299096
1725280042.8307452
1725280042.8483465
1725280042.8491433
1725280042.9037628
1725280042.904479
1725280042.9050803
1725280042.9142668
1725280042.9459136
1725280042.955287
1725280042.9560733
1725280042.9641075
1725280042.9657102
1725280042.989376
1725280043.0088882
1725280043.0450094
1725280043.0456424
1725280043.117078
1725280043.1177928
1725280043.1184776
1725280043.1211967
1725280043.154022
1725280043.1550348
1725280043.2247517
1725280043.2259803
1725280043.227048
1725280043.2277834
1725280043.236847
1725280043.2441745
1725280043.2996461
1725280043.3081555
1725280043.3090088
1725280043.309738
1725280043.3831887
1725280043.3839781
1725280043.439331
1725280043.457501
1725280043.4586613
1725280043.4604282
1725280043.502669
1725280043.503482
1725280043.5043132
1725280043.5050466
1725280043.564222
1725280043.5650227
1725280043.6072776
1725280043.6087127
1725280043.6095173
1725280043.6339824
1725280043.635067
1725280043.6807773
1725280043.681615
1725280043.700963
1725280043.7025506
1725280043.7307117
1725280043.7741072
1725280043.7832258
1725280043.783775
1725280043.7843232
1725280043.8333466
1725280043.8349826
1725280043.889918
1725280043.9206414
1725280043.9213903
1725280043.9222615
1725280043.939279
1725280043.94562
1725280044.040066
1725280044.0508633
1725280044.0514312
1725280044.0519722
1725280044.0949938
1725280044.1040857
1725280044.1064997
1725280044.1461678
1725280044.1961317
1725280044.1967354
1725280044.1974504
1725280044.2979176
1725280044.2993014
1725280044.3088315
1725280044.3096476
1725280044.3110092
1725280044.3547227
1725280044.355607
1725280044.3565001
1725280044.3892453
1725280044.3904047
1725280044.3911164
1725280044.391806
1725280044.4081383
1725280044.4264247
1725280044.4721053
1725280044.4728591
1725280044.473637
1725280044.4801562
1725280044.5045717
1725280044.5393138
1725280044.540839
1725280044.5789137
1725280044.5798705
1725280044.5916207
1725280044.6827242
1725280044.6836185
1725280044.691355
1725280044.6922488
1725280044.6928406
1725280044.7169132
1725280044.7181046
1725280044.7559907
1725280044.757225
1725280044.7699583
1725280044.7905905
1725280044.8167284
1725280044.8174667
1725280044.8826747
1725280044.9231207
1725280044.9243279
1725280044.92441
1725280044.9245615
1725280044.9688876
1725280044.9932206
1725280045.0004814
1725280045.0345342
1725280045.03552
1725280045.0943499
1725280045.0970721
1725280045.123396
1725280045.1693883
1725280045.1701238
1725280045.1708782
1725280045.1911378
1725280045.279003
1725280045.2799263
1725280045.2808838
1725280045.285565
1725280045.2863505
1725280045.347018
1725280045.3802137
1725280045.3807836
1725280045.3813415
1725280045.445586
1725280045.446412
1725280045.447232
1725280045.4608867
1725280045.4829628
1725280045.5234284
1725280045.524834
1725280045.5258589
1725280045.5267081
1725280045.6368148
1725280045.6376038
1725280045.6384614
1725280045.6789753
1725280045.6804008
1725280045.6815934
1725280045.6823533
1725280045.7225296
1725280045.7234876
1725280045.72419
1725280045.774625
1725280045.7780607
1725280045.789298
1725280045.7899613
1725280045.790952
1725280045.872068
1725280045.8782287
1725280045.879225
1725280045.879983
1725280045.880888
1725280045.9222713
1725280045.9465597
1725280045.9473472
1725280045.991202
1725280045.991735
1725280045.9922898
1725280046.0084755
1725280046.0597432
1725280046.0770643
1725280046.077608
1725280046.102847
1725280046.1535072
1725280046.179498
1725280046.18073
1725280046.2237334
1725280046.2245295
1725280046.2871244
1725280046.3271832
1725280046.3278708
1725280046.3284845
1725280046.3469121
1725280046.3477058
1725280046.4099534
1725280046.4105752
1725280046.4116945
1725280046.4808428
1725280046.4816442
1725280046.4921353
1725280046.492629
1725280046.4931414
1725280046.5109868
1725280046.5114639
1725280046.5467355
1725280046.5476534
1725280046.570832
1725280046.5717907
1725280046.598564
1725280046.6458004
1725280046.64643
1725280046.6623108
1725280046.6927679
1725280046.6941118
1725280046.7337801
1725280046.7344353
1725280046.8503966
1725280046.8526168
1725280046.8542547
1725280046.8549716
1725280046.8558016
1725280046.8580947
1725280046.8588767
1725280046.8757272
1725280046.8868988
1725280046.904244
1725280046.9422047
1725280046.943003
1725280047.013641
1725280047.0230756
1725280047.023825
1725280047.025072
1725280047.0498617
1725280047.050456
1725280047.1412969
1725280047.141905
1725280047.1449244
1725280047.1656232
1725280047.2193336
1725280047.2199078
1725280047.2205732
1725280047.2213619
1725280047.2851624
1725280047.2861085
1725280047.2921283
1725280047.3611133
1725280047.3617425
1725280047.3624592
1725280047.3631418
1725280047.3952518
1725280047.4435196
1725280047.4702842
1725280047.4922528
1725280047.4960928
1725280047.4965937
1725280047.6188257
1725280047.6521254
1725280047.6526153
1725280047.657754
1725280047.6583397
1725280047.6589184
1725280047.7679482
1725280047.7685854
1725280047.7694457
1725280047.7703106
1725280047.7708755
1725280047.7717025
1725280047.7878726
1725280047.7884567
1725280047.789015
1725280047.7948296
1725280047.8178415
1725280047.8190377
1725280047.8195336
1725280047.8289335
1725280047.8295314
1725280047.8675892
1725280047.8686976
1725280047.869552
1725280047.8995552
1725280047.9138112
1725280047.9223056
1725280047.9637
1725280047.9642093
1725280047.9976885
1725280048.0226786
1725280048.0235977
1725280048.0635881
1725280048.06427
1725280048.0693526
1725280048.0954428
1725280048.1366677
1725280048.1769688
1725280048.192701
1725280048.192758
1725280048.192789
1725280048.274106
1725280048.2825313
1725280048.2937262
1725280048.378742
1725280048.3794363
1725280048.3803658
1725280048.4702098
1725280048.4709435
1725280048.545085
1725280048.5457516
1725280048.5462275
1725280048.5467434
1725280048.5588262
1725280048.559471
1725280048.5833464
1725280048.5839133
1725280048.5844016
1725280048.6464887
1725280048.6925833
1725280048.6931462
1725280048.74929
1725280048.7500024
1725280048.7507505
1725280048.7515602
1725280048.7584448
1725280048.75972
1725280048.909605
1725280048.913616
1725280048.914226
1725280048.9154038
1725280048.966047
1725280048.966513
1725280048.9670696
1725280048.9675522
1725280049.0278466
1725280049.0284152
1725280049.0515962
1725280049.052477
1725280049.053256
1725280049.0538578
1725280049.140112
1725280049.1516132
1725280049.152546
1725280049.1530883
1725280049.1900558
1725280049.1905687
1725280049.1911883
1725280049.2352526
1725280049.2531464
1725280049.2538135
1725280049.2562563
1725280049.2845612
1725280049.2855046
1725280049.2859924
1725280049.354955
1725280049.3554466
1725280049.3563666
1725280049.411594
1725280049.4216383
1725280049.4226289
1725280049.4234674
1725280049.4240725
1725280049.4562945
1725280049.4577382
1725280049.4957974
1725280049.4964082
1725280049.5504482
1725280049.6033347
1725280049.608182
1725280049.6088195
1725280049.6094666
1725280049.6320548
1725280049.6327622
1725280049.6682646
1725280049.6695237
1725280049.7128167
1725280049.713521
1725280049.7329068
1725280049.7336516
1725280049.8193586
1725280049.902201
1725280049.902799
1725280049.9035432
1725280049.9046295
1725280049.9197829
1725280049.9204164
1725280049.9461112
1725280049.947459
1725280049.9479578
1725280049.9525378
1725280049.9532743
1725280049.9729908
1725280050.0063415
1725280050.0073717
1725280050.106904
1725280050.107614
1725280050.1082318
1725280050.1199067
1725280050.1204681
1725280050.161776
1725280050.162407
1725280050.1630342
1725280050.185084
1725280050.185644
1725280050.2007911
1725280050.203556
1725280050.2544024
1725280050.2556913
1725280050.286295
1725280050.3132508
1725280050.3137946
1725280050.349019
1725280050.3495786
1725280050.3877342
1725280050.388645
1725280050.4440937
1725280050.4711092
1725280050.471602
1725280050.472199
1725280050.5727727
1725280050.5733716
1725280050.6043131
1725280050.6058972
1725280050.6065526
1725280050.625298
1725280050.6258674
1725280050.6263952
1725280050.70853
1725280050.7316954
1725280050.7330618
1725280050.8012357
1725280050.801944
1725280050.8024464
1725280050.8260627
1725280050.8265567
1725280050.8272216
1725280050.8392668
1725280050.8398921
1725280050.872488
1725280050.8732634
1725280050.8948963
1725280050.8954723
1725280050.9442148
1725280050.9448426
1725280050.9524295
1725280050.9991415
1725280050.9999301
1725280051.0527627
1725280051.053561
1725280051.054387
1725280051.083084
1725280051.0840223
1725280051.0858731
1725280051.093464
1725280051.1126313
1725280051.1281638
1725280051.1517262
1725280051.1746342
1725280051.175243
1725280051.1998184
1725280051.254645
1725280051.2552578
1725280051.2859445
1725280051.3158307
1725280051.3165913
1725280051.317324
1725280051.3423104
1725280051.3433008
1725280051.3681996
1725280051.4043484
1725280051.462027
1725280051.5010736
1725280051.501165
1725280051.501271
1725280051.501508
1725280051.5492268
1725280051.5571704
1725280051.617304
1725280051.647431
1725280051.678282
1725280051.6790113
1725280051.6906826
1725280051.691785
1725280051.717362
1725280051.7178428
1725280051.718617
1725280051.7381816
1725280051.7700665
1725280051.7711546
1725280051.8160784
1725280051.8166754
1725280051.8532245
1725280051.8974948
1725280051.9313195
1725280051.931925
1725280051.9325101
1725280051.9416668
1725280051.9772658
1725280051.9778576
1725280052.0129688
1725280052.0885165
1725280052.096335
1725280052.0970874
1725280052.099381
1725280052.0999227
1725280052.1072483
1725280052.1848178
1725280052.1861813
1725280052.2118492
1725280052.2129045
1725280052.2138228
1725280052.2194061
1725280052.2200313
1725280052.2843456
1725280052.3116958
1725280052.3247573
1725280052.327023
1725280052.3565621
1725280052.3570714
1725280052.357611
1725280052.3962471
1725280052.3968291
1725280052.3974085
1725280052.4308877
1725280052.4977372
1725280052.5304055
1725280052.5310767
1725280052.5317163
1725280052.5463042
1725280052.5468516
1725280052.5777164
1725280052.5783565
1725280052.6043062
1725280052.6425998
1725280052.6431556
1725280052.681145
1725280052.7047465
1725280052.7219238
1725280052.7644906
1725280052.7650204
1725280052.804485
1725280052.8576336
1725280052.8583033
1725280052.8590002
1725280052.888825
1725280052.889631
1725280052.9378924
1725280052.938506
1725280052.9608026
1725280052.9622178
1725280052.9997764
1725280053.0005698
1725280053.0011861
1725280053.0453448
1725280053.045894
1725280053.0464916
1725280053.0946777
1725280053.096016
1725280053.1045978
1725280053.1198616
1725280053.1297276
1725280053.1910548
1725280053.191732
1725280053.2062747
1725280053.228235
1725280053.2293155
1725280053.2959282
1725280053.2966533
1725280053.3870125
1725280053.3876185
1725280053.3881853
1725280053.3887606
1725280053.4263813
1725280053.4429493
1725280053.4736285
1725280053.4742386
1725280053.4748623
1725280053.4754288
1725280053.4925764
1725280053.49308
1725280053.6149983
1725280053.6790054
1725280053.6797726
1725280053.7023544
1725280053.7032504
1725280053.7039301
1725280053.7094417
1725280053.7099884
1725280053.722545
1725280053.7400324
1725280053.7416453
1725280053.7522438
1725280053.7527897
1725280053.7866642
1725280053.7873402
1725280053.851353
1725280053.864066
1725280053.8645937
1725280053.8651168
1725280053.9007382
1725280053.901341
1725280053.9404304
1725280054.0043404
1725280054.0693088
1725280054.069823
1725280054.070501
1725280054.0714371
1725280054.0749373
1725280054.0755754
1725280054.0998466
1725280054.1009836
1725280054.179286
1725280054.179878
1725280054.1804612
1725280054.195782
1725280054.1962914
1725280054.1968231
1725280054.2190268
1725280054.294325
1725280054.2952836
1725280054.3312728
1725280054.3321702
1725280054.3400562
1725280054.3412116
1725280054.342098
1725280054.3487117
1725280054.3676014
1725280054.4511538
1725280054.451898
1725280054.4525685
1725280054.4697561
1725280054.4702997
1725280054.470898
1725280054.5074298
1725280054.5079637
1725280054.5085065
1725280054.548534
1725280054.6109421
1725280054.6116314
1725280054.6495247
1725280054.6500208
1725280054.6507561
1725280054.6749227
1725280054.7508223
1725280054.7550817
1725280054.755854
1725280054.7644982
1725280054.7645204
1725280054.7646797
1725280054.816578
1725280054.8931215
1725280054.9165995
1725280054.9175699
1725280054.9398382
1725280054.9404602
1725280054.9617376
1725280054.9857156
1725280054.986482
1725280055.0039403
1725280055.0044696
1725280055.05934
1725280055.0599904
1725280055.1217813
1725280055.1223166
1725280055.1229556
1725280055.1565254
1725280055.1707232
1725280055.1712723
1725280055.201613
1725280055.2021623
1725280055.2242403
1725280055.242847
1725280055.273796
1725280055.3395293
1725280055.40623
1725280055.408196
1725280055.408742
1725280055.441626
1725280055.4422512
1725280055.4428194
1725280055.443602
1725280055.4696152
1725280055.4709425
1725280055.5144835
1725280055.5153732
1725280055.516266
1725280055.567728
1725280055.5683258
1725280055.5814033
1725280055.6171227
1725280055.6179795
1725280055.6756833
1725280055.6763253
1725280055.6770067
1725280055.6990197
1725280055.6999805
1725280055.700851
1725280055.7018204
1725280055.7358935
1725280055.8137803
1725280055.8145149
1725280055.8153
1725280055.8323908
1725280055.8329222
1725280055.8845806
1725280055.885267
1725280055.8977695
1725280055.9614065
1725280055.962277
1725280055.9632018
1725280056.0364723
1725280056.0618885
1725280056.0623858
1725280056.0632038
1725280056.1310444
1725280056.1320553
1725280056.132708
1725280056.1642556
1725280056.1648402
1725280056.186585
1725280056.1872365
1725280056.2026007
1725280056.2341068
1725280056.2412245
1725280056.2516582
1725280056.27103
1725280056.3362463
1725280056.3370605
1725280056.3377366
1725280056.3421545
1725280056.373305
1725280056.3743148
1725280056.4278176
1725280056.4285197
1725280056.4695404
1725280056.4811993
1725280056.4818082
1725280056.4823802
1725280056.5206118
1725280056.5214655
1725280056.6292665
1725280056.6299522
1725280056.6819103
1725280056.6825504
1725280056.6832802
1725280056.7034364
1725280056.7040777
1725280056.7054107
1725280056.7450907
1725280056.7456408
1725280056.7462335
1725280056.756819
1725280056.757383
1725280056.7579122
1725280056.9223175
1725280056.9239855
1725280056.9568055
1725280056.9578373
1725280056.9733927
1725280056.9738636
1725280056.9743528
1725280056.9941757
1725280056.995246
1725280057.029601
1725280057.030719
1725280057.0677688
1725280057.0682714
1725280057.0691328
1725280057.099474
1725280057.1030433
1725280057.1148074
1725280057.1366215
1725280057.1372206
1725280057.193758
1725280057.194345
1725280057.2520125
1725280057.2664006
1725280057.2685611
1725280057.2829623
1725280057.283883
1725280057.3612435
1725280057.3622851
1725280057.3708425
1725280057.3713942
1725280057.372254
1725280057.384612
1725280057.4116833
1725280057.4235175
1725280057.448896
1725280057.4913096
1725280057.491965
1725280057.4926176
1725280057.5654223
1725280057.5660372
1725280057.595139
1725280057.5957105
1725280057.5962884
1725280057.6708777
1725280057.6713924
1725280057.6720345
1725280057.7110455
1725280057.7119515
1725280057.7127736
1725280057.7558424
1725280057.7562664
1725280057.7567766
1725280057.7679384
1725280057.7687397
1725280057.9024737
1725280057.9033515
1725280057.904603
1725280057.9064903
1725280057.916338
1725280057.9169703
1725280057.9177396
1725280057.9263973
1725280057.9268875
1725280057.9274466
1725280057.9726918
1725280058.0169504
1725280058.0170574
1725280058.0171213
1725280058.0841484
1725280058.085909
1725280058.2531652
1725280058.266089
1725280058.2671866
1725280058.2756517
1725280058.2763824
1725280058.2770622
1725280058.2957156
1725280058.2962608
1725280058.2967982
1725280058.3099508
1725280058.3108306
1725280058.3181307
1725280058.3284147
1725280058.3648167
1725280058.378861
1725280058.4199276
1725280058.4331417
1725280058.4864876
1725280058.4871538
1725280058.5713203
1725280058.5719912
1725280058.572535
1725280058.614624
1725280058.6158128
1725280058.636199
1725280058.6368754
1725280058.6610813
1725280058.661635
1725280058.66211
1725280058.7355692
1725280058.7361064
1725280058.7367299
1725280058.7583127
1725280058.759011
1725280058.759552
1725280058.811997
1725280058.8124979
1725280058.8130739
1725280058.9295666
1725280058.932138
1725280058.9544146
1725280058.955219
1725280058.9558272
1725280058.9819944
1725280058.9826005
1725280058.9971564
1725280058.9977567
1725280058.9983172
1725280059.015418
1725280059.041801
1725280059.0684996
1725280059.0692613
1725280059.0989594
1725280059.1172795
1725280059.1183777
1725280059.1344092
1725280059.179675
1725280059.1801865
1725280059.2042298
1725280059.2756016
1725280059.3063605
1725280059.3082654
1725280059.3088498
1725280059.3198185
1725280059.3563807
1725280059.4007394
1725280059.4014258
1725280059.4367967
1725280059.437392
1725280059.481228
1725280059.4818337
1725280059.4823833
1725280059.5038805
1725280059.533924
1725280059.5346017
1725280059.577398
1725280059.5780177
1725280059.5962567
1725280059.5968428
1725280059.6545014
1725280059.6551075
1725280059.6560562
1725280059.7110133
1725280059.711794
1725280059.725841
1725280059.7721992
1725280059.7728474
1725280059.773501
1725280059.7844546
1725280059.8201518
1725280059.8376808
1725280059.8385758
1725280059.9000401
1725280059.900698
1725280059.901249
1725280060.0207038
1725280060.0212662
1725280060.0299087
1725280060.0307646
1725280060.0314798
1725280060.0461764
1725280060.047019
1725280060.0476716
1725280060.048407
1725280060.1050725
1725280060.1164095
1725280060.1173685
1725280060.1532903
1725280060.1541395
1725280060.1887186
1725280060.1893132
1725280060.2157466
1725280060.2706788
1725280060.3097608
1725280060.3116274
1725280060.320516
1725280060.3211513
1725280060.3939917
1725280060.3945441
1725280060.4154184
1725280060.416649
1725280060.4561682
1725280060.4568188
1725280060.4575584
1725280060.4583154
1725280060.5136607
1725280060.5217035
1725280060.5272398
1725280060.6384575
1725280060.6390474
1725280060.6396158
1725280060.6720862
1725280060.6726134
1725280060.6731238
1725280060.6919785
1725280060.6925552
1725280060.6931252
1725280060.7487183
1725280060.749591
1725280060.753772
1725280060.754632
1725280060.796454
1725280060.7974062
1725280060.8482518
1725280060.848907
1725280060.8495781
1725280060.85028
1725280060.910235
1725280060.910878
1725280060.9114308
1725280060.9243534
1725280060.9431207
1725280060.9615362
1725280060.9620788
1725280060.9965498
1725280060.9971938
1725280061.0193522
1725280061.0341156
1725280061.0859513
1725280061.0950809
1725280061.096159
1725280061.1300247
1725280061.130674
1725280061.2123432
1725280061.2130144
1725280061.2135615
1725280061.2141428
1725280061.3252378
1725280061.3500643
1725280061.3507051
1725280061.3507435
1725280061.3507943
1725280061.350883
1725280061.4011707
1725280061.479833
1725280061.4977627
1725280061.5065923
1725280061.5076478
1725280061.5165603
1725280061.517418
1725280061.5521932
1725280061.552898
1725280061.5534358
1725280061.5650144
1725280061.5840707
1725280061.638493
1725280061.6391692
1725280061.639807
1725280061.688867
1725280061.6899688
1725280061.7313085
1725280061.7926683
1725280061.7932189
1725280061.793781
1725280061.8087723
1725280061.8155816
1725280061.8160675
1725280061.8622608
1725280061.8717725
1725280061.8847723
1725280061.8925555
1725280061.959377
1725280061.9599462
1725280061.9605112
1725280061.9839575
1725280061.9844408
1725280062.0222263
1725280062.0240967
1725280062.0489094
1725280062.0497293
1725280062.0888088
1725280062.0894358
1725280062.1981463
1725280062.31323
1725280062.3138287
1725280062.3143814
1725280062.3584013
1725280062.3590524
1725280062.3595922
1725280062.3718886
1725280062.3723521
1725280062.3730779
1725280062.412827
1725280062.4135253
1725280062.5155647
1725280062.5190592
1725280062.5197566
1725280062.520866
1725280062.5754714
1725280062.576133
1725280062.5806134
1725280062.5964406
1725280062.6158788
1725280062.6163666
1725280062.6180398
1725280062.6432095
1725280062.6439662
1725280062.6444662
1725280062.6578774
1725280062.6628382
1725280062.6635573
1725280062.7703815
1725280062.7713778
1725280062.772194
1725280062.8070776
1725280062.807535
1725280062.8084373
1725280062.827952
1725280062.8730216
1725280062.873763
1725280062.910614
1725280062.911261
1725280062.911843
1725280062.9123783
1725280062.912928
1725280062.9318864
1725280062.9994686
1725280063.0001552
1725280063.0184734
1725280063.023905
1725280063.0547361
1725280063.0553362
1725280063.1057441
1725280063.1069207
1725280063.226301
1725280063.2269096
1725280063.2275333
1725280063.2609673
1725280063.2616136
1725280063.2622638
1725280063.2630365
1725280063.264214
1725280063.265038
1725280063.3557522
1725280063.3564522
1725280063.3571858
1725280063.4352162
1725280063.435684
1725280063.4368703
1725280063.4441707
1725280063.4448385
1725280063.4586427
1725280063.459169
1725280063.502784
1725280063.5035028
1725280063.504128
1725280063.5198529
1725280063.5216715
1725280063.5698068
1725280063.6271465
1725280063.691264
1725280063.6918595
1725280063.6924295
1725280063.693435
1725280063.6948712
1725280063.7727785
1725280063.7734463
1725280063.7741854
1725280063.8138094
1725280063.815043
1725280063.8635304
1725280063.8650103
1725280063.8762708
1725280063.8768864
1725280063.8775043
1725280063.9269655
1725280063.9274585
1725280063.9544916
1725280063.9556699
1725280063.9563234
1725280064.0376537
1725280064.038302
1725280064.039071
1725280064.0531368
1725280064.0537095
1725280064.0764632
1725280064.0773213
1725280064.1649916
1725280064.1655605
1725280064.1661453
1725280064.197418
1725280064.198022
1725280064.1985507
1725280064.2315702
1725280064.2356186
1725280064.236319
1725280064.2368944
1725280064.263531
1725280064.2820075
1725280064.2825582
1725280064.3040602
1725280064.3175273
1725280064.3463004
1725280064.4535506
1725280064.454601
1725280064.4560568
1725280064.5499597
1725280064.5510938
1725280064.5516324
1725280064.55244
1725280064.5529244
1725280064.5645695
1725280064.572566
1725280064.5732143
1725280064.573242
1725280064.6131287
1725280064.6134026
1725280064.6644883
1725280064.6963122
1725280064.7632277
1725280064.7640667
1725280064.7653992
1725280064.8023734
1725280064.803629
1725280064.8967266
1725280064.8973374
1725280064.8980205
1725280064.8987498
1725280064.9068193
1725280064.9077847
1725280064.9113755
1725280064.9121153
1725280064.9442003
1725280064.9976974
1725280065.0165741
1725280065.0171318
1725280065.1119678
1725280065.1125112
1725280065.1130757
1725280065.1570983
1725280065.1584885
1725280065.15987
1725280065.1636426
1725280065.1643186
1725280065.1877851
1725280065.1883354
1725280065.2212632
1725280065.2218225
1725280065.2534618
1725280065.2540298
1725280065.318997
1725280065.3197417
1725280065.323249
1725280065.378192
1725280065.3787425
1725280065.3793693
1725280065.453199
1725280065.4752321
1725280065.4759007
1725280065.476437
1725280065.5245173
1725280065.5250227
1725280065.5255327
1725280065.5301738
1725280065.5376074
1725280065.5380814
1725280065.654153
1725280065.6548476
1725280065.6553898
1725280065.6559663
1725280065.6959457
1725280065.6964424
1725280065.725485
1725280065.7261539
1725280065.801821
1725280065.8023198
1725280065.823915
1725280065.8243833
1725280065.8755896
1725280065.876705
1725280065.885469
1725280065.8859272
1725280065.9284968
1725280065.958019
1725280065.9589894
1725280065.9951172
1725280066.0668726
1725280066.0675108
1725280066.0680783
1725280066.082348
1725280066.0832202
1725280066.104512
1725280066.1051753
1725280066.171585
1725280066.1721246
1725280066.1727402
1725280066.1735086
1725280066.18373
1725280066.2062428
1725280066.289202
1725280066.2950056
1725280066.2956045
1725280066.296133
1725280066.3018951
1725280066.3450315
1725280066.3457866
1725280066.4181426
1725280066.4192646
1725280066.4753346
1725280066.476349
1725280066.477332
1725280066.5029902
1725280066.5038812
1725280066.5047436
1725280066.546409
1725280066.5480316
1725280066.5861137
1725280066.5865796
1725280066.587322
1725280066.5880146
1725280066.6988096
1725280066.6995044
1725280066.7018216
1725280066.7402608
1725280066.7413034
1725280066.7543898
1725280066.7557254
1725280066.7694688
1725280066.804667
1725280066.8057518
1725280066.8071291
1725280066.8236547
1725280066.8479316
1725280066.9192464
1725280066.9200847
1725280066.9208963
1725280066.9583538
1725280066.9598625
1725280066.9937313
1725280066.9949155
1725280067.0080388
1725280067.0338385
1725280067.034605
1725280067.1045656
1725280067.1566784
1725280067.1582708
1725280067.21003
1725280067.2108598
1725280067.211586
1725280067.2290735
1725280067.2302628
1725280067.2314363
1725280067.2534773
1725280067.2540898
1725280067.3112333
1725280067.312256
1725280067.3131123
1725280067.3653028
1725280067.365964
1725280067.3669162
1725280067.4236326
1725280067.424684
1725280067.4257064
1725280067.513805
1725280067.5146549
1725280067.515659
1725280067.5166776
1725280067.5178435
1725280067.5498245
1725280067.5509126
1725280067.5519307
1725280067.5915263
1725280067.5924053
1725280067.5931993
1725280067.6164174
1725280067.6172347
1725280067.690396
1725280067.6914325
1725280067.7047055
1725280067.7063076
1725280067.7511065
1725280067.7519505
1725280067.7528014
1725280067.8443239
1725280067.844871
1725280067.8454218
1725280067.8618903
1725280067.8656418
1725280067.8656778
1725280067.8721826
1725280067.9588518
1725280067.9609969
1725280068.002725
1725280068.0166445
1725280068.0174522
1725280068.0667303
1725280068.0676873
1725280068.1058562
1725280068.1174145
1725280068.1181405
1725280068.1545036
1725280068.1554124
1725280068.1568358
1725280068.2147808
1725280068.2153835
1725280068.2160122
1725280068.2743697
1725280068.2778296
1725280068.2886577
1725280068.3052728
1725280068.3886998
1725280068.3896637
1725280068.390559
1725280068.4525402
1725280068.4534717
1725280068.4553125
1725280068.5045624
1725280068.5055857
1725280068.520634
1725280068.5272844
1725280068.5287585
1725280068.529559
1725280068.5941846
1725280068.594992
1725280068.6418157
1725280068.6425266
1725280068.6431642
1725280068.6550891
1725280068.6557837
1725280068.6565092
1725280068.7125251
1725280068.7316513
1725280068.7323215
1725280068.7418292
1725280068.848268
1725280068.849381
1725280068.8593395
1725280068.8608017
1725280068.8618457
1725280068.8637013
1725280069.0002992
1725280069.0014403
1725280069.0019927
1725280069.0025234
1725280069.075546
1725280069.0771809
1725280069.078545
1725280069.1217186
1725280069.1236405
1725280069.1510231
1725280069.1520576
1725280069.1529765
1725280069.1693668
1725280069.2074656
1725280069.2081528
1725280069.2089076
1725280069.2451692
1725280069.3128095
1725280069.3133824
1725280069.314031
1725280069.3145955
1725280069.3154671
1725280069.3327668
1725280069.4320545
1725280069.433247
1725280069.4359856
1725280069.436755
1725280069.4376082
1725280069.5057135
1725280069.5064375
1725280069.507285
1725280069.5995533
1725280069.600726
1725280069.602564
1725280069.6493845
1725280069.6504724
1725280069.67935
1725280069.6815321
1725280069.7061186
1725280069.706685
1725280069.7074478
1725280069.7650273
1725280069.766788
1725280069.8028228
1725280069.808065
1725280069.8088186
1725280069.8097317
1725280069.856805
1725280069.8577635
1725280069.8910553
1725280069.8917725
1725280069.892336
1725280069.9031885
1725280069.9038181
1725280069.904412
1725280069.9110029
1725280069.956263
1725280070.0281992
1725280070.0291536
1725280070.0432637
1725280070.0437741
1725280070.0442533
1725280070.0449805
1725280070.075275
1725280070.1570735
1725280070.1581461
1725280070.1594946
1725280070.2041712
1725280070.205177
1725280070.206052
1725280070.2075722
1725280070.2803786
1725280070.291497
1725280070.2921917
1725280070.293384
1725280070.3117495
1725280070.3277702
1725280070.355628
1725280070.4034035
1725280070.422823
1725280070.4236555
1725280070.4244783
1725280070.4572792
1725280070.4586768
1725280070.4840438
1725280070.4848409
1725280070.5376463
1725280070.5389407
1725280070.5975914
1725280070.5988574
1725280070.600838
1725280070.6351929
1725280070.6358554
1725280070.6365366
1725280070.67468
1725280070.6754014
1725280070.7038014
1725280070.704555
1725280070.7241125
1725280070.7249322
1725280070.7447813
1725280070.8105795
1725280070.8115315
1725280070.8122187
1725280070.812772
1725280070.8462412
1725280070.8773816
1725280070.8797917
1725280070.9047399
1725280070.932556
1725280070.954516
1725280070.955243
1725280070.9564357
1725280070.9730003
1725280071.0046985
1725280071.0054202
1725280071.1379166
1725280071.1386597
1725280071.1396275
1725280071.140687
1725280071.152092
1725280071.1529043
1725280071.1529377
1725280071.1529615
1725280071.2076657
1725280071.254245
1725280071.295224
1725280071.4656534
1725280071.4669228
1725280071.4759424
1725280071.4767938
1725280071.4782646
1725280071.478926
1725280071.4795396
1725280071.480087
1725280071.492106
1725280071.4936376
1725280071.496653
1725280071.497705
1725280071.498937
1725280071.5434113
1725280071.545873
1725280071.5709898
1725280071.6235597
1725280071.624531
1725280071.6259158
1725280071.6500282
1725280071.6511745
1725280071.7494428
1725280071.750914
1725280071.7536356
1725280071.754533
1725280071.7581553
1725280071.7987566
1725280071.7995777
1725280071.8008218
1725280071.8387315
1725280071.8393657
1725280071.8489861
1725280071.8692193
1725280071.9100323
1725280071.9106853
1725280071.9117644
1725280072.0291474
1725280072.1012225
1725280072.1297705
1725280072.1310322
1725280072.1315799
1725280072.132089
1725280072.1326008
1725280072.1641533
1725280072.1650429
1725280072.165568
1725280072.2345383
1725280072.2413843
1725280072.268033
1725280072.2686546
1725280072.2692773
1725280072.269889
1725280072.404832
1725280072.4061031
1725280072.4324846
1725280072.4339373
1725280072.4346135
1725280072.4657845
1725280072.466642
1725280072.4963715
1725280072.5033808
1725280072.5040052
1725280072.5045984
1725280072.594722
1725280072.595991
1725280072.6197457
1725280072.6204405
1725280072.6211438
1725280072.6324503
1725280072.6332393
1725280072.721486
1725280072.7227995
1725280072.7243552
1725280072.7428415
1725280072.74355
1725280072.744187
1725280072.7581692
1725280072.759026
1725280072.7597585
1725280072.7739353
1725280072.8659146
1725280072.8676739
1725280072.8685699
1725280072.8923247
1725280072.917399
1725280072.918228
1725280072.9191968
1725280073.016552
1725280073.0180426
1725280073.107159
1725280073.108185
1725280073.1090388
1725280073.1692965
1725280073.169782
1725280073.1702576
1725280073.1848333
1725280073.1858335
1725280073.186549
1725280073.2227116
1725280073.2237792
1725280073.2244158
1725280073.2449808
1725280073.245564
1725280073.249675
1725280073.2518783
1725280073.2575316
1725280073.2861753
1725280073.2894971
1725280073.321723
1725280073.3226016
1725280073.3657384
1725280073.3674488
1725280073.4392757
1725280073.4656713
1725280073.4662776
1725280073.4670277
1725280073.4678087
1725280073.487496
1725280073.5257237
1725280073.5791237
1725280073.5800965
1725280073.6200883
1725280073.6208897
1725280073.6220653
1725280073.65355
1725280073.6673527
1725280073.6685705
1725280073.7495756
1725280073.7503603
1725280073.7512329
1725280073.7612631
1725280073.7719495
1725280073.7726219
1725280073.811692
1725280073.8123465
1725280073.8540475
1725280073.8550901
1725280073.8561182
1725280073.9085324
1725280073.9095728
1725280073.9481795
1725280073.94951
1725280073.9622726
1725280073.9630597
1725280074.0082629
1725280074.0095458
1725280074.010685
1725280074.0982633
1725280074.0988662
1725280074.1505454
1725280074.1520393
1725280074.153043
1725280074.1646848
1725280074.165483
1725280074.1662202
1725280074.167174
1725280074.2267923
1725280074.227515
1725280074.2281868
1725280074.2947195
1725280074.3562772
1725280074.3571913
1725280074.357933
1725280074.4105103
1725280074.4112213
1725280074.4119236
1725280074.4609022
1725280074.4859152
1725280074.4866738
1725280074.4867213
1725280074.4867527
1725280074.4869113
1725280074.5127325
1725280074.5940423
1725280074.6111255
1725280074.6119301
1725280074.6481693
1725280074.6491265
1725280074.6524642
1725280074.7238648
1725280074.7245402
1725280074.7252655
1725280074.791904
1725280074.7935064
1725280074.872774
1725280074.8733838
1725280074.873941
1725280074.9165447
1725280074.9176748
1725280074.995759
1725280074.9966233
1725280074.9974887
1725280074.9983332
1725280075.0229874
1725280075.0237696
1725280075.0246112
1725280075.0646126
1725280075.06576
1725280075.1329849
1725280075.1342008
1725280075.135536
1725280075.1661816
1725280075.1668088
1725280075.1676998
1725280075.2054682
1725280075.2069743
1725280075.2077558
1725280075.272265
1725280075.2733748
1725280075.274225
1725280075.2757404
1725280075.2993605
1725280075.3067367
1725280075.307809
1725280075.3308012
1725280075.33169
1725280075.332292
1725280075.3508656
1725280075.351587
1725280075.376406
1725280075.3786485
1725280075.4941466
1725280075.4952419
1725280075.4961925
1725280075.5117395
1725280075.5123394
1725280075.5131257
1725280075.5408473
1725280075.6121948
1725280075.6142106
1725280075.689361
1725280075.6899433
1725280075.6905518
1725280075.7318985
1725280075.7339299
1725280075.7349358
1725280075.73689
1725280075.7720678
1725280075.8021057
1725280075.8568678
1725280075.8578475
1725280075.8588147
1725280075.8612628
1725280075.884699
1725280075.914605
1725280075.9772034
1725280075.9786859
1725280076.0249944
1725280076.0259101
1725280076.0265458
1725280076.13478
1725280076.1355696
1725280076.1362562
1725280076.1370194
1725280076.2218819
1725280076.240678
1725280076.2413867
1725280076.2419412
1725280076.289898
1725280076.2904308
1725280076.2911031
1725280076.3053176
1725280076.344998
1725280076.3463068
1725280076.3793473
1725280076.380121
1725280076.3808448
1725280076.3898451
1725280076.3906105
1725280076.3913863
1725280076.470653
1725280076.4715996
1725280076.4723506
1725280076.4997294
1725280076.5003507
1725280076.5009625
1725280076.5037985
1725280076.544545
1725280076.5460238
1725280076.5558445
1725280076.5578356
1725280076.5686116
1725280076.569476
1725280076.5961373
1725280076.623896
1725280076.6612093
1725280076.6828275
1725280076.6833498
1725280076.7063918
1725280076.7217524
1725280076.7730637
1725280076.7736251
1725280076.8155077
1725280076.8329105
1725280076.8338099
1725280076.8347585
1725280076.9040413
1725280076.9046466
1725280076.925924
1725280076.9274
1725280076.9414926
1725280076.96914
1725280076.9701357
1725280076.9824116
1725280077.0039918
1725280077.0218184
1725280077.037683
1725280077.0763535
1725280077.077582
1725280077.1189055
1725280077.1201344
1725280077.1694336
1725280077.1703396
1725280077.171269
1725280077.2265735
1725280077.2276137
1725280077.3009884
1725280077.3015459
1725280077.302068
1725280077.30708
1725280077.3076804
1725280077.308187
1725280077.329547
1725280077.3605857
1725280077.3614082
1725280077.3620958
1725280077.385429
1725280077.4297554
1725280077.4303892
1725280077.4310246
1725280077.4460697
1725280077.4931538
1725280077.4938846
1725280077.5563042
1725280077.6345048
1725280077.6352592
1725280077.635987
1725280077.7412057
1725280077.7418942
1725280077.7425957
1725280077.743305
1725280077.7682939
1725280077.769099
1725280077.7691443
1725280077.769173
1725280077.7692618
1725280077.774521
1725280077.799191
1725280077.8127656
1725280077.8355234
1725280077.8895261
1725280077.8902462
1725280077.945577
1725280077.9465644
1725280078.0101728
1725280078.011451
1725280078.012217
1725280078.0293734
1725280078.03015
1725280078.0309186
1725280078.0437918
1725280078.0791807
1725280078.080764
1725280078.1921017
1725280078.1928654
1725280078.1936014
1725280078.1943605
1725280078.2116313
1725280078.3078647
1725280078.308589
1725280078.418575
1725280078.4214826
1725280078.4233387
1725280078.4241128
1725280078.4249814
1725280078.4262817
1725280078.4656024
1725280078.4678354
1725280078.468538
1725280078.47523
1725280078.4762886
1725280078.4774215
1725280078.4857435
1725280078.486837
1725280078.4874995
1725280078.5400143
1725280078.552918
1725280078.558303
1725280078.5742846
1725280078.574958
1725280078.6539314
1725280078.664133
1725280078.6648605
1725280078.6657283
1725280078.6663702
1725280078.7111843
1725280078.8202002
1725280078.8211782
1725280078.8220754
1725280078.8411868
1725280078.841997
1725280078.8878577
1725280078.888425
1725280078.9718795
1725280078.9724088
1725280078.9728773
1725280078.9733696
1725280079.0144424
1725280079.0256426
1725280079.026983
1725280079.0485644
1725280079.0507877
1725280079.0644336
1725280079.0727959
1725280079.1319895
1725280079.133212
1725280079.1343784
1725280079.1810248
1725280079.181919
1725280079.1885986
1725280079.2246914
1725280079.225482
1725280079.2874978
1725280079.2881832
1725280079.2888749
1725280079.3320458
1725280079.3327515
1725280079.333574
1725280079.3905728
1725280079.3925943
1725280079.3933861
1725280079.3939822
1725280079.429573
1725280079.4324055
1725280079.4490876
1725280079.5097764
1725280079.5111365
1725280079.5413494
1725280079.5423267
1725280079.5435777
1725280079.58557
1725280079.5864847
1725280079.696118
1725280079.6969512
1725280079.7453
1725280079.7459052
1725280079.7464397
1725280079.7660897
1725280079.7667303
1725280079.7677724
1725280079.7683787
1725280079.7881093
1725280079.795173
1725280079.79602
1725280079.8086002
1725280079.8592396
1725280079.860278
1725280079.861045
1725280079.9968393
1725280079.9993994
1725280080.0421565
1725280080.0436282
1725280080.0444229
1725280080.0496097
1725280080.050181
1725280080.0507953
1725280080.0875964
1725280080.127245
1725280080.1282363
1725280080.1290853
1725280080.147547
1725280080.148165
1725280080.2086463
1725280080.2246823
1725280080.2557812
1725280080.256521
1725280080.2699926
1725280080.2705514
1725280080.3092155
1725280080.3097982
1725280080.3378806
1725280080.452565
1725280080.4534419
1725280080.458708
1725280080.459582
1725280080.4608338
1725280080.5236132
1725280080.5242624
1725280080.5249102
1725280080.5312755
1725280080.597847
1725280080.6094437
1725280080.61042
1725280080.6117415
1725280080.6125736
1725280080.6233475
1725280080.6243432
1725280080.6254475
1725280080.634814
1725280080.6576538
1725280080.6582253
1725280080.6947727
1725280080.6957371
1725280080.7758386
1725280080.7767324
1725280080.7776432
1725280080.7879546
1725280080.856636
1725280080.971419
1725280080.972284
1725280080.973064
1725280081.0145588
1725280081.0153272
1725280081.0159764
1725280081.0775487
1725280081.1345837
1725280081.13583
1725280081.1358728
1725280081.1359005
1725280081.1359556
1725280081.1533856
1725280081.171335
1725280081.191458
1725280081.2462418
1725280081.2482212
1725280081.2513218
1725280081.2523878
1725280081.2531333
1725280081.2615156
1725280081.2623324
1725280081.3165996
1725280081.3179832
1725280081.3402138
1725280081.3409784
1725280081.3416193
1725280081.3906214
1725280081.3933737
1725280081.4562042
1725280081.4573627
1725280081.4581866
1725280081.5000231
1725280081.50123
1725280081.5021951
1725280081.5030537
1725280081.5837157
1725280081.5851955
1725280081.586143
1725280081.6294844
1725280081.6300895
1725280081.6308432
1725280081.6331236
1725280081.6622665
1725280081.6636827
1725280081.7251635
1725280081.7259014
1725280081.7468736
1725280081.7474914
1725280081.7482653
1725280081.8172762
1725280081.830618
1725280081.8639543
1725280081.864985
1725280081.8755858
1725280081.8763657
1725280081.8771548
1725280081.9554691
1725280081.9561524
1725280081.9568524
1725280081.9694781
1725280082.0440488
1725280082.1303558
1725280082.131083
1725280082.1320746
1725280082.1528962
1725280082.1536324
1725280082.154594
1725280082.1717181
1725280082.1732588
1725280082.205766
1725280082.20649
1725280082.2072437
1725280082.2783604
1725280082.321074
1725280082.4130929
1725280082.414014
1725280082.4154997
1725280082.451488
1725280082.4520686
1725280082.4658382
1725280082.466504
1725280082.4672701
1725280082.467942
1725280082.472251
1725280082.4732
1725280082.5154233
1725280082.516143
1725280082.5972803
1725280082.598358
1725280082.5995178
1725280082.605262
1725280082.6061912
1725280082.607216
1725280082.6270714
1725280082.6730626
1725280082.6740172
1725280082.6895776
1725280082.7235045
1725280082.7243745
1725280082.7608166
1725280082.7614377
1725280082.7725406
1725280082.8407538
1725280082.8422775
1725280082.868379
1725280082.8690436
1725280082.9223914
1725280082.923334
1725280082.9241152
1725280082.9526613
1725280082.9533722
1725280082.9614935
1725280082.962164
1725280082.978873
1725280083.015116
1725280083.015651
1725280083.0602634
1725280083.0914478
1725280083.0921454
1725280083.1077778
1725280083.1084464
1725280083.150398
1725280083.15135
1725280083.1955702
1725280083.1968927
1725280083.2691498
1725280083.2732875
1725280083.2737658
1725280083.2866201
1725280083.3531015
1725280083.3538034
1725280083.3840535
1725280083.4772482
1725280083.4780145
1725280083.4786644
1725280083.512736
1725280083.513362
1725280083.514507
1725280083.5372667
1725280083.5441637
1725280083.5448456
1725280083.5455904
1725280083.5462046
1725280083.556585
1725280083.5783734
1725280083.6741917
1725280083.7142384
1725280083.7153869
1725280083.716244
1725280083.71693
1725280083.717616
1725280083.7183955
1725280083.7670684
1725280083.7684143
1725280083.7700927
1725280083.779858
1725280083.8116064
1725280083.8126242
1725280083.8632984
1725280083.8638594
1725280083.8644116
1725280083.9043815
1725280083.9057877
1725280083.917114
1725280083.937194
1725280083.9763725
1725280083.9769733
1725280083.9778085
1725280083.9894876
1725280084.0499647
1725280084.0510056
1725280084.0942533
1725280084.0953643
1725280084.133063
1725280084.1392581
1725280084.140052
1725280084.1407633
1725280084.171689
1725280084.1726017
1725280084.1920714
1725280084.3034165
1725280084.3317592
1725280084.331786
1725280084.3319411
1725280084.3322277
1725280084.446631
1725280084.5024815
1725280084.5173714
1725280084.5280337
1725280084.5291448
1725280084.556506
1725280084.557127
1725280084.557645
1725280084.5974298
1725280084.5980866
1725280084.5988195
1725280084.6274228
1725280084.628161
1725280084.6288579
1725280084.6533008
1725280084.6540513
1725280084.6616108
1725280084.6818116
1725280084.713981
1725280084.714862
1725280084.7404456
1725280084.7607186
1725280084.7616444
1725280084.8073263
1725280084.8501115
1725280084.8519
1725280084.8609717
1725280084.861764
1725280084.9069407
1725280084.9082112
1725280084.9092095
1725280084.965878
1725280084.966734
1725280084.9780178
1725280084.9794207
1725280085.0265458
1725280085.0273747
1725280085.0281532
1725280085.0684175
1725280085.1416955
1725280085.1682024
1725280085.169299
1725280085.170274
1725280085.1959994
1725280085.196586
1725280085.1971798
1725280085.2678103
1725280085.2683642
1725280085.2689028
1725280085.2843626
1725280085.3121526
1725280085.3128028
1725280085.3544016
1725280085.3553445
1725280085.358514
1725280085.3766491
1725280085.4033365
1725280085.4416535
1725280085.4423938
1725280085.4712338
1725280085.4720697
1725280085.5210161
1725280085.5405998
1725280085.6013515
1725280085.6023936
1725280085.6106863
1725280085.6853478
1725280085.6863368
1725280085.6875286
1725280085.742649
1725280085.7433078
1725280085.7439075
1725280085.774058
1725280085.7755947
1725280085.801278
1725280085.8019776
1725280085.8026567
1725280085.8846846
1725280085.8856835
1725280085.886717
1725280085.918
1725280085.918518
1725280085.9194522
1725280085.9598012
1725280085.9604475
1725280086.044482
1725280086.0456622
1725280086.0519502
1725280086.0951755
1725280086.0959911
1725280086.1168692
1725280086.1190646
1725280086.1200256
1725280086.1516397
1725280086.152194
1725280086.1529891
1725280086.2107985
1725280086.2114534
1725280086.264092
1725280086.264951
1725280086.265795
1725280086.2794335
1725280086.2800906
1725280086.3013215
1725280086.302116
1725280086.3672526
1725280086.3846755
1725280086.3856103
1725280086.3956037
1725280086.4511702
1725280086.451963
1725280086.452597
1725280086.4737737
1725280086.5408244
1725280086.5738916
1725280086.575636
1725280086.5764968
1725280086.5772417
1725280086.6164176
1725280086.6170945
1725280086.6841223
1725280086.722782
1725280086.7238219
1725280086.7248814
1725280086.7400775
1725280086.741082
1725280086.7801404
1725280086.8049405
1725280086.8068879
1725280086.8882983
1725280086.8897753
1725280086.8914604
1725280086.9311423
1725280086.9317381
1725280086.9322822
1725280086.9389086
1725280086.9395657
1725280086.9711022
1725280086.9720147
1725280086.9939938
1725280086.9948225
1725280087.0646858
1725280087.0652611
1725280087.067641
1725280087.1219583
1725280087.1226091
1725280087.1235049
1725280087.178553
1725280087.1792238
1725280087.1799645
1725280087.1847417
1725280087.1858413
1725280087.2077498
1725280087.208633
1725280087.2478333
1725280087.2485585
1725280087.2602968
1725280087.2958744
1725280087.296797
1725280087.3579416
1725280087.3587213
1725280087.3991244
1725280087.4003782
1725280087.4056485
1725280087.4064245
1725280087.4290285
1725280087.4667563
1725280087.4673276
1725280087.4741364
1725280087.563635
1725280087.56452
1725280087.5646162
1725280087.5647318
1725280087.6260161
1725280087.627913
1725280087.6453328
1725280087.7294111
1725280087.7301211
1725280087.7874079
1725280087.7886717
1725280087.8118324
1725280087.8128662
1725280087.8137887
1725280087.859178
1725280087.860198
1725280087.8614347
1725280087.8648107
1725280087.8653812
1725280087.9401684
1725280087.9411407
1725280087.952903
1725280088.055364
1725280088.1077855
1725280088.1085618
1725280088.1094475
1725280088.1622615
1725280088.1632261
1725280088.164517
1725280088.1846983
1725280088.1859658
1725280088.2151957
1725280088.234497
1725280088.2354038
1725280088.2370327
1725280088.2399547
1725280088.2407994
1725280088.2416108
1725280088.2545846
1725280088.2555559
1725280088.2958653
1725280088.3049073
1725280088.3058703
1725280088.3630848
1725280088.3802528
1725280088.3896577
1725280088.43229
1725280088.4331205
1725280088.47883
1725280088.479423
1725280088.4799666
1725280088.4805548
1725280088.5543907
1725280088.555198
1725280088.616655
1725280088.617353
1725280088.624605
1725280088.6252465
1725280088.6258554
1725280088.6411495
1725280088.763833
1725280088.7644691
1725280088.7940466
1725280088.7946453
1725280088.8166442
1725280088.8173807
1725280088.86871
1725280088.9071667
1725280088.9083536
1725280088.9089234
1725280088.9165828
1725280088.917759
1725280088.9251018
1725280088.9714823
1725280088.9722757
1725280089.0118525
1725280089.0132806
1725280089.0792525
1725280089.0804906
1725280089.1103516
1725280089.1114583
1725280089.1312408
1725280089.1391366
1725280089.1396472
1725280089.1401596
1725280089.1453598
1725280089.1668296
1725280089.2310026
1725280089.2455552
1725280089.3017023
1725280089.3025475
1725280089.3040683
1725280089.3166432
1725280089.3173728
1725280089.320614
1725280089.4066534
1725280089.408795
1725280089.409909
1725280089.4146519
1725280089.415559
1725280089.4549382
1725280089.4559166
1725280089.4777658
1725280089.4791243
1725280089.5191696
1725280089.520131
1725280089.6002724
1725280089.6012535
1725280089.602247
1725280089.628332
1725280089.6292462
1725280089.6384566
1725280089.6392767
1725280089.6983016
1725280089.6998043
1725280089.7255056
1725280089.7261105
1725280089.7514353
1725280089.807814
1725280089.8103604
1725280089.8485725
1725280089.8729842
1725280089.8748655
1725280089.8757107
1725280089.9775872
1725280089.9790306
1725280090.1302998
1725280090.131074
1725280090.1318498
1725280090.1356533
1725280090.1363995
1725280090.1377711
1725280090.1466665
1725280090.2122302
1725280090.2132633
1725280090.2139835
1725280090.2309515
1725280090.2319217
1725280090.2403615
1725280090.2408385
1725280090.2576199
1725280090.2586596
1725280090.2594767
1725280090.281805
1725280090.2827778
1725280090.283587
1725280090.2930071
1725280090.3182454
1725280090.3194556
1725280090.335716
1725280090.402429
1725280090.4580781
1725280090.458797
1725280090.459488
1725280090.460139
1725280090.4824727
1725280090.4836643
1725280090.486222
1725280090.487068
1725280090.5055225
1725280090.5450642
1725280090.546255
1725280090.5472617
1725280090.5852158
1725280090.5861225
1725280090.6018105
1725280090.6317084
1725280090.6671224
1725280090.6678195
1725280090.680394
1725280090.7538278
1725280090.7546747
1725280090.8189166
1725280090.8195512
1725280090.891495
1725280090.9016976
1725280090.9017482
1725280090.9017715
1725280090.9019132
1725280090.903998
1725280090.9223099
1725280090.996096
1725280091.0002835
1725280091.0053864
1725280091.0065658
1725280091.0405443
1725280091.1256475
1725280091.1262774
1725280091.1271791
1725280091.1430883
1725280091.1665444
1725280091.1674895
1725280091.1853378
1725280091.1860375
1725280091.1868677
1725280091.2350752
1725280091.2655904
1725280091.2745657
1725280091.2759528
1725280091.3069854
1725280091.3077781
1725280091.3300884
1725280091.3306706
1725280091.3640625
1725280091.4287739
1725280091.4299345
1725280091.4920413
1725280091.4926312
1725280091.493288
1725280091.5033922
1725280091.5041394
1725280091.504733
1725280091.5438032
1725280091.5446455
1725280091.552641
1725280091.6181514
1725280091.619076
1725280091.6200206
1725280091.6666343
1725280091.6915941
1725280091.7305012
1725280091.7311215
1725280091.7756782
1725280091.7761831
1725280091.7895892
1725280091.7905436
1725280091.7918406
1725280091.792575
1725280091.8172524
1725280091.9251368
1725280091.9259655
1725280091.9268348
1725280091.9344893
1725280091.9350827
1725280091.9546084
1725280091.955515
1725280091.976656
1725280092.0007706
1725280092.0015724
1725280092.1099968
1725280092.1171865
1725280092.1187794
1725280092.1909266
1725280092.191539
1725280092.2214134
1725280092.2231915
1725280092.224203
1725280092.313062
1725280092.314145
1725280092.3148875
1725280092.348965
1725280092.3497021
1725280092.3511636
1725280092.4131646
1725280092.413938
1725280092.4271235
1725280092.4277503
1725280092.4372394
1725280092.43796
1725280092.4644651
1725280092.465289
1725280092.4664538
1725280092.5085561
1725280092.509509
1725280092.543725
1725280092.545488
1725280092.5779505
1725280092.5785863
1725280092.5809948
1725280092.5940197
1725280092.6723232
1725280092.6731086
1725280092.6739464
1725280092.6752126
1725280092.7128625
1725280092.7139618
1725280092.7604094
1725280092.7617211
1725280092.8337204
1725280092.8345861
1725280092.8356657
1725280092.8452919
1725280092.8462296
1725280092.8471682
1725280092.9050236
1725280092.9488127
1725280092.950011
1725280092.9543774
1725280092.9554086
1725280092.9664032
1725280093.0337164
1725280093.03447
1725280093.0409272
1725280093.0510497
1725280093.1446023
1725280093.1459684
1725280093.1879535
1725280093.188726
1725280093.1894338
1725280093.2016137
1725280093.2130318
1725280093.2139425
1725280093.2424905
1725280093.2431233
1725280093.3100233
1725280093.311436
1725280093.3428137
1725280093.354372
1725280093.3551846
1725280093.3558893
1725280093.3747323
1725280093.412628
1725280093.4283662
1725280093.4292524
1725280093.4819682
1725280093.4831421
1725280093.5008287
1725280093.5016801
1725280093.5276556
1725280093.5480137
1725280093.5493183
1725280093.5709014
1725280093.604381
1725280093.605251
1725280093.6200464
1725280093.663511
1725280093.664428
1725280093.7319508
1725280093.7330039
1725280093.7607338
1725280093.7624562
1725280093.765796
1725280093.8008778
1725280093.8015776
1725280093.8023322
1725280093.8335724
1725280093.8475235
1725280093.8483212
1725280093.8955727
1725280093.8963819
1725280093.9829404
1725280093.9856207
1725280093.9873693
1725280093.988578
1725280093.989434
1725280094.0054133
1725280094.0063043
1725280094.017989
1725280094.0869386
1725280094.087646
1725280094.0878115
1725280094.1338706
1725280094.1341374
1725280094.1788714
1725280094.1844974
1725280094.274613
1725280094.275571
1725280094.2805123
1725280094.2813942
1725280094.318658
1725280094.3338103
1725280094.3346539
1725280094.3652587
1725280094.3660128
1725280094.432967
1725280094.436982
1725280094.4382029
1725280094.4472349
1725280094.4478984
1725280094.5117345
1725280094.6176717
1725280094.6182098
1725280094.6188717
1725280094.6398265
1725280094.6405766
1725280094.6413047
1725280094.6420243
1725280094.655686
1725280094.6780672
1725280094.6792471
1725280094.7136097
1725280094.714534
1725280094.746989
1725280094.747615
1725280094.7776906
1725280094.7938032
1725280094.8392863
1725280094.8403482
1725280094.8410928
1725280094.8512368
1725280094.854359
1725280094.896043
1725280094.9403245
1725280094.9441037
1725280094.9451075
1725280094.99601
1725280094.996802
1725280094.9975576
1725280095.023777
1725280095.0548275
1725280095.067295
1725280095.0679247
1725280095.1543562
1725280095.1557612
1725280095.1565444
1725280095.1573606
1725280095.2513747
1725280095.2522016
1725280095.257234
1725280095.258171
1725280095.28448
1725280095.2850823
1725280095.285763
1725280095.3514454
1725280095.3916533
1725280095.4171417
1725280095.4181175
1725280095.419152
1725280095.4335203
1725280095.5028503
1725280095.5034342
1725280095.5448034
1725280095.5455554
1725280095.5463986
1725280095.5483024
1725280095.5808985
1725280095.5821831
1725280095.6160197
1725280095.6173468
1725280095.649309
1725280095.6500611
1725280095.6598172
1725280095.6751525
1725280095.754293
1725280095.7549288
1725280095.7800572
1725280095.7816002
1725280095.8163035
1725280095.8169806
1725280095.8183632
1725280095.879003
1725280095.8799057
1725280095.9295814
1725280095.931094
1725280095.9530551
1725280095.9538994
1725280095.9583275
1725280095.9765353
1725280095.9773293
1725280096.0224085
1725280096.0232525
1725280096.096621
1725280096.0973108
1725280096.0979707
1725280096.1137717
1725280096.1144211
1725280096.1150882
1725280096.13236
1725280096.183122
1725280096.1843913
1725280096.2063887
1725280096.2352395
1725280096.253592
1725280096.2542555
1725280096.2549844
1725280096.3063056
1725280096.312389
1725280096.3266437
1725280096.3819861
1725280096.4171135
1725280096.4181638
1725280096.4192398
1725280096.4203422
1725280096.5001965
1725280096.5183287
1725280096.5192611
1725280096.5205662
1725280096.5254734
1725280096.5453155
1725280096.5695734
1725280096.6106102
1725280096.6444895
1725280096.645184
1725280096.6532314
1725280096.6537645
1725280096.6829793
1725280096.683855
1725280096.731385
1725280096.7944043
1725280096.8126822
1725280096.8138938
1725280096.825174
1725280096.8263986
1725280096.8272786
1725280096.884547
1725280096.8854823
1725280096.8935404
1725280096.8941967
1725280096.9591622
1725280096.960062
1725280096.9619746
1725280096.9679158
1725280096.9686856
1725280097.0187976
1725280097.0205228
1725280097.0605686
1725280097.0611193
1725280097.0617328
1725280097.0623038
1725280097.0763414
1725280097.1050427
1725280097.1263785
1725280097.1528552
1725280097.153497
1725280097.1904285
1725280097.1980417
1725280097.2991161
1725280097.300453
1725280097.3126535
1725280097.313873
1725280097.3151102
1725280097.3161588
1725280097.394404
1725280097.3953109
1725280097.3953853
1725280097.3954165
1725280097.4299786
1725280097.451885
1725280097.4701467
1725280097.503038
1725280097.5037057
1725280097.5571427
1725280097.558565
1725280097.5915134
1725280097.605846
1725280097.6135204
1725280097.6412525
1725280097.6421187
1725280097.6616447
1725280097.7187715
1725280097.7296782
1725280097.7304854
1725280097.731576
1725280097.8346214
1725280097.8472428
1725280097.8479335
1725280097.8521307
1725280097.8529868
1725280097.8536727
1725280097.9024055
1725280097.903123
1725280097.9380345
1725280097.9404387
1725280097.9460332
1725280097.9718516
1725280097.9807496
1725280098.042975
1725280098.0439687
1725280098.044628
1725280098.0639253
1725280098.0657177
1725280098.2156374
1725280098.216566
1725280098.235124
1725280098.2367945
1725280098.2379594
1725280098.277501
1725280098.2931232
1725280098.2937984
1725280098.2944057
1725280098.3344448
1725280098.3353963
1725280098.372566
1725280098.3732915
1725280098.3742478
1725280098.3749948
1725280098.4703083
1725280098.4927032
1725280098.4934926
1725280098.494274
1725280098.5114548
1725280098.5122943
1725280098.5205073
1725280098.5212488
1725280098.5503526
1725280098.5511928
1725280098.5897326
1725280098.5911393
1725280098.6241248
1725280098.700519
1725280098.7013419
1725280098.7021952
1725280098.7303362
1725280098.7501996
1725280098.7512689
1725280098.8361814
1725280098.8370464
1725280098.8378165
1725280098.8757193
1725280098.8763573
1725280098.8893259
1725280098.8918338
1725280098.8943467
1725280098.971078
1725280098.9723015
1725280098.9733992
1725280098.9923086
1725280098.9930303
1725280098.9939058
1725280099.0314913
1725280099.067501
1725280099.069028
1725280099.0702488
1725280099.1014645
1725280099.1398017
1725280099.1408856
1725280099.1417408
1725280099.169086
1725280099.1964128
1725280099.2040057
1725280099.2315097
1725280099.2930536
1725280099.2936876
1725280099.2943125
1725280099.318156
1725280099.390166
1725280099.3909829
1725280099.391686
1725280099.394985
1725280099.395777
1725280099.4394312
1725280099.4402373
1725280099.470575
1725280099.4716468
1725280099.479087
1725280099.4947965
1725280099.5204952
1725280099.5589147
1725280099.5602713
1725280099.6444829
1725280099.657167
1725280099.6592977
1725280099.7182
1725280099.7187786
1725280099.719334
1725280099.7198956
1725280099.7250302
1725280099.7493875
1725280099.8044693
1725280099.8052309
1725280099.813275
1725280099.8138504
1725280099.8824022
1725280099.8833752
1725280099.9530084
1725280100.026495
1725280100.0273337
1725280100.0280492
1725280100.0287504
1725280100.1270502
1725280100.1277533
1725280100.1284568
1725280100.1304421
1725280100.1841218
1725280100.1855009
1725280100.1869519
1725280100.1904907
1725280100.1912088
1725280100.1922104
1725280100.2625995
1725280100.2713904
1725280100.2885902
1725280100.289812
1725280100.2908225
1725280100.309831
1725280100.3106258
1725280100.3112202
1725280100.3144658
1725280100.3154986
1725280100.3635395
1725280100.3643138
1725280100.3651032
1725280100.3830936
1725280100.3837402
1725280100.4192283
1725280100.4201617
1725280100.4383116
1725280100.454886
1725280100.4807336
1725280100.5295737
1725280100.5413103
1725280100.5455651
1725280100.5463035
1725280100.5653782
1725280100.6259234
1725280100.6265752
1725280100.643178
1725280100.6481209
1725280100.7022138
1725280100.7023325
1725280100.805334
1725280100.807261
1725280100.8286555
1725280100.87595
1725280100.9036336
1725280100.905206
1725280100.9207304
1725280100.9214408
1725280100.922389
1725280100.9279513
1725280100.9285865
1725280100.950766
1725280100.9914837
1725280100.9921527
1725280101.0217433
1725280101.0229626
1725280101.0244613
1725280101.0858412
1725280101.1181087
1725280101.123096
1725280101.1236784
1725280101.1567366
1725280101.1572735
1725280101.1817641
1725280101.1981988
1725280101.2849975
1725280101.2907991
1725280101.2915123
1725280101.2921543
1725280101.3000948
1725280101.3561962
1725280101.3568814
1725280101.3575888
1725280101.3787298
1725280101.5038552
1725280101.5046985
1725280101.517608
1725280101.5181165
1725280101.5186143
1725280101.6248398
1725280101.6553986
1725280101.6563332
1725280101.6576722
1725280101.6916466
1725280101.6923342
1725280101.693688
1725280101.7093697
1725280101.7103255
1725280101.7113028
1725280101.746145
1725280101.7646372
1725280101.765358
1725280101.766087
1725280101.7668586
1725280101.849526
1725280101.850639
1725280101.908373
1725280101.9099715
1725280101.9170773
1725280101.9178016
1725280101.9184663
1725280101.935281
1725280101.954262
1725280102.0012352
1725280102.0839627
1725280102.0857246
1725280102.1030247
1725280102.1037838
1725280102.1044552
1725280102.1238616
1725280102.1245713
1725280102.1429925
1725280102.1942928
1725280102.195758
1725280102.2011924
1725280102.2170968
1725280102.2616873
1725280102.262566
1725280102.263561
1725280102.313445
1725280102.3144615
1725280102.315161
1725280102.3555632
1725280102.3694992
1725280102.370243
1725280102.396777
1725280102.4731555
1725280102.4741216
1725280102.5437999
1725280102.544361
1725280102.5454998
1725280102.575908
1725280102.5767117
1725280102.6160085
1725280102.6167037
1725280102.6174164
1725280102.624876
1725280102.6255708
1725280102.6279745
1725280102.675397
1725280102.6762612
1725280102.677067
1725280102.7284307
1725280102.7291725
1725280102.7299175
1725280102.775158
1725280102.7978063
1725280102.8117354
1725280102.8131661
1725280102.8313403
1725280102.8782341
1725280102.8791323
1725280102.9479432
1725280102.9493282
1725280103.0197787
1725280103.0222921
1725280103.0776148
1725280103.0781891
1725280103.0787265
1725280103.0888577
1725280103.089864
1725280103.1025896
1725280103.103334
1725280103.1039624
1725280103.1801944
1725280103.1810505
1725280103.200697
1725280103.2026823
1725280103.2135973
1725280103.2379565
1725280103.2390664
1725280103.2593424
1725280103.2974575
1725280103.308968
1725280103.309786
1725280103.3414166
1725280103.381297
1725280103.3822343
1725280103.40231
1725280103.4032226
1725280103.4257483
1725280103.442807
1725280103.4567003
1725280103.4981692
1725280103.499389
1725280103.5127828
1725280103.5435088
1725280103.5443428
1725280103.5570133
1725280103.5914724
1725280103.5922055
1725280103.6575851
1725280103.65834
1725280103.74794
1725280103.748766
1725280103.7502317
1725280103.7572567
1725280103.7582483
1725280103.759255
1725280103.7601855
1725280103.7813876
1725280103.8216262
1725280103.8735392
1725280103.874751
1725280103.885924
1725280103.8872826
1725280103.887994
1725280103.924866
1725280103.9256694
1725280103.9668646
1725280103.968025
1725280104.0521781
1725280104.0523417
1725280104.0527673
1725280104.0565631
1725280104.109273
1725280104.136
1725280104.1374166
1725280104.196614
1725280104.1978984
1725280104.214262
1725280104.2534108
1725280104.2542565
1725280104.2553816
1725280104.2601964
1725280104.2711723
1725280104.2889714
1725280104.314623
1725280104.3494577
1725280104.3501759
1725280104.396658
1725280104.4506426
1725280104.4537852
1725280104.4543788
1725280104.455027
1725280104.4808095
1725280104.590482
1725280104.5912712
1725280104.6128645
1725280104.6149144
1725280104.6400714
1725280104.640891
1725280104.6416101
1725280104.642319
1725280104.6622703
1725280104.6632957
1725280104.6756952
1725280104.6994545
1725280104.7003126
1725280104.7493882
1725280104.7503831
1725280104.7512746
1725280104.825364
1725280104.8497667
1725280104.8545427
1725280104.8555186
1725280104.8643126
1725280104.8798323
1725280104.9151971
1725280104.9160287
1725280104.9168577
1725280104.9742596
1725280104.9752316
1725280104.9939232
1725280105.0164907
1725280105.1070242
1725280105.107656
1725280105.108266
1725280105.1292129
1725280105.1305244
1725280105.131735
1725280105.1743076
1725280105.1749036
1725280105.1963298
1725280105.1972427
1725280105.2444754
1725280105.3493712
1725280105.3500793
1725280105.4149783
1725280105.4203951
1725280105.437285
1725280105.4398978
1725280105.4411778
1725280105.4421654
1725280105.5295765
1725280105.5302486
1725280105.5311053
1725280105.5579627
1725280105.559771
1725280105.584046
1725280105.5846672
1725280105.58525
1725280105.6083028
1725280105.6087897
1725280105.609301
1725280105.6098716
1725280105.664828
1725280105.6820812
1725280105.6837568
1725280105.684559
1725280105.7189574
1725280105.726294
1725280105.7574954
1725280105.7991874
1725280105.8001819
1725280105.806329
1725280105.8288913
1725280105.8633492
1725280105.8639064
1725280105.8812804
1725280105.9252968
1725280105.9258444
1725280105.9501255
1725280105.9509542
1725280105.9897976
1725280105.990446
1725280105.9911861
1725280106.0198123
1725280106.0347412
1725280106.105461
1725280106.1244018
1725280106.1261911
1725280106.1322525
1725280106.1329846
1725280106.1506867
1725280106.1635735
1725280106.2031944
1725280106.2517817
1725280106.297385
1725280106.2993505
1725280106.3003762
1725280106.3095284
1725280106.310182
1725280106.3759494
1725280106.37769
1725280106.3803604
1725280106.4260502
1725280106.4266343
1725280106.4273472
1725280106.521891
1725280106.5234935
1725280106.5690463
1725280106.570504
1725280106.60235
1725280106.6032016
1725280106.603732
1725280106.6081972
1725280106.6088545
1725280106.6125731
1725280106.7565067
1725280106.7576897
1725280106.758635
1725280106.7596774
1725280106.7606816
1725280106.7615561
1725280106.8024688
1725280106.803291
1725280106.8328924
1725280106.8336027
1725280106.8342893
1725280106.8511813
1725280106.8539562
1725280106.8548577
1725280106.87943
1725280106.9025278
1725280106.9043524
1725280106.9471302
1725280106.9479117
1725280107.002584
1725280107.0034134
1725280107.0041842
1725280107.0688572
1725280107.0699024
1725280107.070885
1725280107.093469
1725280107.0949209
1725280107.1252668
1725280107.1529636
1725280107.1535535
1725280107.1541283
1725280107.1756191
1725280107.2045925
1725280107.2053266
1725280107.3075607
1725280107.308508
1725280107.3085945
1725280107.308751
1725280107.3174663
1725280107.3811061
1725280107.460088
1725280107.49457
1725280107.4961865
1725280107.4976206
1725280107.5270312
1725280107.5286229
1725280107.5295782
1725280107.6087263
1725280107.6104755
1725280107.612669
1725280107.614812
1725280107.616354
1725280107.6176147
1725280107.61872
1725280107.640215
1725280107.6697066
1725280107.773215
1725280107.7740576
1725280107.7882478
1725280107.788981
1725280107.7896852
1725280107.7903428
1725280107.8414364
1725280107.8596828
1725280107.8615983
1725280107.8736207
1725280107.8746052
1725280107.90119
1725280107.9133945
1725280107.9469576
1725280107.9477646
1725280107.9758568
1725280107.9771187
1725280108.0051796
1725280108.00899
1725280108.0317156
1725280108.0857012
1725280108.0863974
1725280108.124944
1725280108.1857316
1725280108.1870444
1725280108.1877532
1725280108.2159288
1725280108.216472
1725280108.216984
1725280108.2175424
1725280108.2181177
1725280108.2893355
1725280108.2916589
1725280108.3084297
1725280108.329144
1725280108.3357158
1725280108.3883078
1725280108.3891864
1725280108.3917344
1725280108.4541376
1725280108.457627
1725280108.46102
1725280108.4646046
1725280108.5425632
1725280108.5842652
1725280108.5854554
1725280108.5964658
1725280108.5976768
1725280108.6645448
1725280108.6853461
1725280108.6864796
1725280108.6872902
1725280108.7274811
1725280108.7282937
1725280108.7291057
1725280108.7457619
1725280108.8075094
1725280108.8231335
1725280108.8242266
1725280108.8256133
1725280108.8527396
1725280108.8534539
1725280108.8756337
1725280108.8762794
1725280108.9002774
1725280108.9318733
1725280108.9496999
1725280108.9513383
1725280108.9612792
1725280109.0373309
1725280109.0383477
1725280109.068156
1725280109.0688643
1725280109.070133
1725280109.0859153
1725280109.086921
1725280109.2365267
1725280109.23709
1725280109.237634
1725280109.2384841
1725280109.2425356
1725280109.2998734
1725280109.300691
1725280109.3013933
1725280109.3390372
1725280109.3396494
1725280109.3402326
1725280109.3408039
1725280109.361155
1725280109.393052
1725280109.3939981
1725280109.4032419
1725280109.4039843
1725280109.504791
1725280109.505573
1725280109.5079935
1725280109.532981
1725280109.5347464
1725280109.577364
1725280109.57812
1725280109.579039
1725280109.582741
1725280109.6015108
1725280109.6679957
1725280109.7185185
1725280109.7193773
1725280109.7201009
1725280109.7208977
1725280109.755502
1725280109.8613036
1725280109.8626223
1725280109.8858557
1725280109.8866987
1725280109.88746
1725280109.932569
1725280109.9337175
1725280109.9817426
1725280109.9822812
1725280109.9832916
1725280110.0102863
1725280110.0109696
1725280110.0115595
1725280110.0189624
1725280110.0196369
1725280110.0202217
1725280110.0598793
1725280110.0616934
1725280110.08404
1725280110.084716
1725280110.1270034
1725280110.1279314
1725280110.1291947
1725280110.1599224
1725280110.1607556
1725280110.2234495
1725280110.2241988
1725280110.245565
1725280110.246444
1725280110.2472205
1725280110.2772872
1725280110.2780912
1725280110.3226616
1725280110.3234818
1725280110.3313537
1725280110.3679492
1725280110.4012482
1725280110.426136
1725280110.4416564
1725280110.4425669
1725280110.4435596
1725280110.5158772
1725280110.5166442
1725280110.5308743
1725280110.5668025
1725280110.5668938
1725280110.5670552
1725280110.6146176
1725280110.6750722
1725280110.6984067
1725280110.7336814
1725280110.7345958
1725280110.7919195
1725280110.7928362
1725280110.7936199
1725280110.8012624
1725280110.801941
1725280110.8087447
1725280110.8964555
1725280110.8978865
1725280110.990266
1725280110.9912875
1725280110.9921725
1725280111.0048552
1725280111.0069208
1725280111.0433776
1725280111.0444527
1725280111.0453227
1725280111.0460176
1725280111.0468755
1725280111.0494666
1725280111.0821214
1725280111.1706452
1725280111.178405
1725280111.203573
1725280111.2041771
1725280111.204759
1725280111.3930495
1725280111.393676
1725280111.3944066
1725280111.4482753
1725280111.4492016
1725280111.4498746
1725280111.454225
1725280111.4548612
1725280111.4554124
1725280111.4896028
1725280111.5013645
1725280111.5228412
1725280111.5237355
1725280111.5716183
1725280111.5723767
1725280111.5731137
1725280111.5740895
1725280111.5810754
1725280111.5817516
1725280111.5824552
1725280111.5927374
1725280111.6026316
1725280111.6038196
1725280111.6047196
1725280111.6219304
1725280111.6475215
1725280111.7031066
1725280111.7047942
1725280111.7248557
1725280111.7254808
1725280111.7666662
1725280111.767576
1725280111.7929947
1725280111.8605874
1725280111.8611336
1725280111.8843932
1725280111.906416
1725280111.9078186
1725280111.9430232
1725280111.9722135
1725280111.972966
1725280112.0766034
1725280112.077449
1725280112.0783591
1725280112.0833783
1725280112.0850492
1725280112.1053455
1725280112.107736
1725280112.10978
1725280112.191415
1725280112.1922119
1725280112.1929893
1725280112.2473574
1725280112.2485352
1725280112.2740943
1725280112.2750056
1725280112.2757165
1725280112.3196256
1725280112.3203027
1725280112.3340037
1725280112.3346395
1725280112.3366508
1725280112.3523903
1725280112.376014
1725280112.4302185
1725280112.4312832
1725280112.4322338
1725280112.4983683
1725280112.4998152
1725280112.5020878
1725280112.529744
1725280112.530486
1725280112.5312788
1725280112.548114
1725280112.5859175
1725280112.586583
1725280112.6461213
1725280112.6489043
1725280112.6871505
1725280112.688742
1725280112.7079146
1725280112.7087028
1725280112.747566
1725280112.748288
1725280112.8250415
1725280112.8264503
1725280112.8677964
1725280112.8948295
1725280112.895641
1725280112.8961735
1725280112.896845
1725280112.9567063
1725280112.9803302
1725280112.9809098
1725280112.9815173
1725280112.9874387
1725280112.9880538
1725280113.0478818
1725280113.0514112
1725280113.0752482
1725280113.1595874
1725280113.1606166
1725280113.16157
1725280113.2017884
1725280113.2026432
1725280113.2035627
1725280113.2700882
1725280113.2706597
1725280113.2713327
1725280113.3340666
1725280113.3348386
1725280113.3355703
1725280113.3524969
1725280113.3531582
1725280113.354286
1725280113.3606317
1725280113.3613064
1725280113.375319
1725280113.3983858
1725280113.446281
1725280113.4468858
1725280113.447634
1725280113.4689548
1725280113.5072134
1725280113.507876
1725280113.5084844
1725280113.5677373
1725280113.5687313
1725280113.5700562
1725280113.63249
1725280113.63328
1725280113.634065
1725280113.678183
1725280113.7237961
1725280113.7246084
1725280113.740554
1725280113.7509658
1725280113.7681723
1725280113.7686923
1725280113.7692316
1725280113.8032835
1725280113.8142457
1725280113.8562572
1725280113.856578
1725280113.886077
1725280113.955666
1725280113.975272
1725280113.9937015
1725280114.0096774
1725280114.0150757
1725280114.0446835
1725280114.114402
1725280114.11568
1725280114.1163201
1725280114.1169338
1725280114.1498072
1725280114.1512797
1725280114.152424
1725280114.1630375
1725280114.164377
1725280114.1989584
1725280114.2176373
1725280114.3236425
1725280114.332456
1725280114.3332443
1725280114.3340292
1725280114.3697639
1725280114.3704672
1725280114.3816001
1725280114.3834653
1725280114.4023652
1725280114.435322
1725280114.4705799
1725280114.4715965
1725280114.4721036
1725280114.4726272
1725280114.5253196
1725280114.5263267
1725280114.5278003
1725280114.6911907
1725280114.6919873
1725280114.6926684
1725280114.7067976
1725280114.708304
1725280114.727773
1725280114.7625773
1725280114.776512
1725280114.7771053
1725280114.7776647
1725280114.801648
1725280114.8024142
1725280114.8032026
1725280114.804043
1725280114.8587224
1725280114.860914
1725280114.8654418
1725280114.9153605
1725280114.916013
1725280114.916737
1725280114.9350703
1725280114.9916418
1725280114.9922605
1725280114.9939032
1725280115.019623
1725280115.0200877
1725280115.043012
1725280115.1076763
1725280115.1201456
1725280115.1206455
1725280115.1408942
1725280115.1850955
1725280115.1862168
1725280115.2376764
1725280115.241684
1725280115.262493
1725280115.3249164
1725280115.3255537
1725280115.3261251
1725280115.3355372
1725280115.3403783
1725280115.3508768
1725280115.391326
1725280115.3918817
1725280115.4386005
1725280115.4392781
1725280115.4488087
1725280115.470343
1725280115.4762406
1725280115.539489
1725280115.540646
1725280115.5492175
1725280115.5814688
1725280115.6106312
1725280115.6111217
1725280115.6118379
1725280115.6193247
1725280115.6625915
1725280115.6634288
1725280115.7167692
1725280115.7176952
1725280115.7186675
1725280115.781378
1725280115.782011
1725280115.783257
1725280115.8135717
1725280115.8143873
1725280115.8155098
1725280115.8898315
1725280115.8905916
1725280115.8913164
1725280115.9256659
1725280115.9270198
1725280115.9277313
1725280115.9596634
1725280115.973149
1725280116.0160947
1725280116.016821
1725280116.066661
1725280116.0677512
1725280116.0688288
1725280116.1060715
1725280116.107684
1725280116.1359937
1725280116.142791
1725280116.2169805
1725280116.2182453
1725280116.2194746
1725280116.2532709
1725280116.253831
1725280116.2716005
1725280116.2878046
1725280116.3095276
1725280116.3442729
1725280116.3483484
1725280116.4872706
1725280116.4877172
1725280116.4883156
1725280116.5001507
1725280116.5009453
1725280116.5013325
1725280116.5019479
1725280116.5132704
1725280116.5136328
1725280116.5811186
1725280116.581661
1725280116.582177
1725280116.630571
1725280116.6309433
1725280116.631554
1725280116.6319356
1725280116.6925986
1725280116.6931639
1725280116.7345004
1725280116.735061
1725280116.7352574
1725280116.7811985
1725280116.7824926
1725280116.7840607
1725280116.7852376
1725280116.7922676
1725280116.820419
1725280116.821191
1725280116.8344011
1725280116.8775012
1725280116.8783307
1725280116.9435115
1725280116.944394
1725280116.9452064
1725280116.9955626
1725280117.0293725
1725280117.0302029
1725280117.0314763
1725280117.0322268
1725280117.0340536
1725280117.13575
1725280117.1363795
1725280117.1365337
1725280117.1367614
1725280117.231323
1725280117.2327003
1725280117.2493682
1725280117.2683604
1725280117.2689772
1725280117.3161092
1725280117.3166084
1725280117.3486667
1725280117.3567724
1725280117.357189
1725280117.3721447
1725280117.3991766
1725280117.420138
1725280117.4277663
1725280117.4326596
1725280117.53306
1725280117.5336816
1725280117.5347648
1725280117.5366082
1725280117.5932124
1725280117.593777
1725280117.5941641
1725280117.5995114
1725280117.6439168
1725280117.646327
1725280117.6740465
1725280117.678662
1725280117.7571502
1725280117.7577062
1725280117.7587998
1725280117.7597158
1725280117.7606025
1725280117.8150826
1725280117.8155107
1725280117.816889
1725280117.8380175
1725280117.844708
1725280117.9028769
1725280117.90365
1725280117.9041567
1725280117.93788
1725280118.0534322
1725280118.0543299
1725280118.0641549
1725280118.0645323
1725280118.06491
1725280118.0652857
1725280118.0656555
1725280118.0660026
1725280118.1549459
1725280118.15705
1725280118.1573973
1725280118.1862159
1725280118.197182
1725280118.1976137
1725280118.2505162
1725280118.2558608
1725280118.2585192
1725280118.282327
1725280118.3151362
1725280118.328035
1725280118.3283222
1725280118.3792014
1725280118.3823032
1725280118.42735
1725280118.4279554
1725280118.478989
1725280118.4799345
1725280118.4826465
1725280118.5555525
1725280118.5696616
1725280118.5701585
1725280118.5705733
1725280118.6312425
1725280118.632145
1725280118.6331813
1725280118.6339593
1725280118.6583045
1725280118.684471
1725280118.686607
1725280118.6952817
1725280118.7235618
1725280118.7269888
1725280118.7629468
1725280118.8000672
1725280118.8009405
1725280118.8017128
1725280118.8335059
1725280118.862089
1725280118.866928
1725280118.881649
1725280118.9076269
1725280118.9284668
1725280118.929747
1725280118.9649227
1725280118.9843445
1725280118.9991136
1725280119.0281417
1725280119.0319283
1725280119.0524807
1725280119.0745685
1725280119.0853844
1725280119.0901735
1725280119.1279356
1725280119.137017
1725280119.1578405
1725280119.1760824
1725280119.1954587
1725280119.2453163
1725280119.251305
1725280119.251741
1725280119.2661724
1725280119.284695
1725280119.3080027
1725280119.3671036
1725280119.3688197
1725280119.3701162
1725280119.3910215
1725280119.4150143
1725280119.43884
1725280119.4501886
1725280119.4806998
1725280119.5186145
1725280119.51907
1725280119.5204246
1725280119.547319
1725280119.5700858
1725280119.6328516
1725280119.6337092
1725280119.684635
1725280119.6857252
1725280119.6862319
1725280119.686816
1725280119.7059345
1725280119.711533
1725280119.7289183
1725280119.7858374
1725280119.8015614
1725280119.8118014
1725280119.8260639
1725280119.826721
1725280119.8500938
1725280119.8553178
1725280119.8875153
1725280119.888178
1725280119.9053252
1725280119.927696
1725280119.9376438
1725280119.96856
1725280119.9812114
1725280120.0054505
1725280120.0059679
1725280120.031524
1725280120.0617483
1725280120.0627584
1725280120.0853696
1725280120.085785
1725280120.1034672
1725280120.1197631
1725280120.1362045
1725280120.1587067
1725280120.1825268
1725280120.2044876
1725280120.2210586
1725280120.2585523
1725280120.2641342
1725280120.2708201
1725280120.2880764
1725280120.3080144
1725280120.320719
1725280120.3729448
1725280120.373777
1725280120.3912754
1725280120.4027975
1725280120.4401667
1725280120.473635
1725280120.5014093
1725280120.5222251
1725280120.5295346
1725280120.5704732
1725280120.5963933
1725280120.5970113
1725280120.6329224
1725280120.6332688
1725280120.647185
1725280120.6761894
1725280120.6767745
1725280120.7031229
1725280120.7129407
1725280120.7528422
1725280120.7532263
1725280120.7751198
1725280120.8246174
1725280120.825304
1725280120.8411007
1725280120.8574486
1725280120.8842897
1725280120.9025235
1725280120.9057012
1725280120.9379451
1725280120.9747293
1725280120.9751165
1725280120.9984965
1725280121.0037262
1725280121.0336213
1725280121.0435793
1725280121.081846
1725280121.0821092
1725280121.108673
1725280121.1261854
1725280121.133381
1725280121.1480663
1725280121.159551
1725280121.181829
1725280121.2421632
1725280121.2436767
1725280121.244192
1725280121.261567
1725280121.2814286
1725280121.2817664
1725280121.3197138
1725280121.3200216
1725280121.337142
1725280121.3503177
1725280121.392374
1725280121.4247153
1725280121.4345422
1725280121.4897637
1725280121.4902756
1725280121.490559
1725280121.5434313
1725280121.5439992
1725280121.552977
1725280121.587751
1725280121.5894756
1725280121.6008632
1725280121.6319244
1725280121.669682
1725280121.6826994
1725280121.699475
1725280121.7291458
1725280121.7532213
1725280121.7815218
1725280121.7974014
1725280121.8105462
1725280121.8266006
1725280121.8474727
1725280121.8646548
1725280121.89697
1725280121.898238
1725280121.9103832
1725280121.942615
1725280121.9431245
1725280121.9713175
1725280121.9729235
1725280122.0133517
1725280122.0184736
1725280122.0381122
1725280122.0393038
1725280122.062267
1725280122.0696113
1725280122.1121795
1725280122.1186457
1725280122.1369174
1725280122.1564012
1725280122.1714096
1725280122.201258
1725280122.2220783
1725280122.2421207
1725280122.251422
1725280122.270484
1725280122.289817
1725280122.3067937
1725280122.348065
1725280122.3485093
1725280122.361464
1725280122.3763146
1725280122.3886976
1725280122.4204907
1725280122.4207683
1725280122.4656246
1725280122.47705
1725280122.486887
1725280122.5152967
1725280122.5286846
1725280122.5404341
1725280122.5479453
1725280122.5847857
1725280122.603966
1725280122.6248353
1725280122.6349158
1725280122.6768014
1725280122.6877089
1725280122.6980264
1725280122.732345
1725280122.751648
1725280122.7629352
1725280122.781794
1725280122.8015833
1725280122.8314261
1725280122.8548896
1725280122.871658
1725280122.9090006
1725280122.9103262
1725280122.925106
1725280122.9290032
1725280122.9586444
1725280122.9596474
1725280122.9852273
1725280122.9939585
1725280123.0364575
1725280123.052288
1725280123.0685816
1725280123.0848377
1725280123.0968049
1725280123.1261065
1725280123.1377757
1725280123.1574333
1725280123.1791878
1725280123.1800642
1725280123.2069159
1725280123.2271159
1725280123.229093
1725280123.2452438
1725280123.2629411
1725280123.2829733
1725280123.2984753
1725280123.31079
1725280123.3292046
1725280123.3484032
1725280123.3658798
1725280123.3831842
1725280123.3900895
1725280123.4179552
1725280123.43974
1725280123.4402695
1725280123.4765081
1725280123.4959846
1725280123.5135198
1725280123.5335615
1725280123.5396454
1725280123.5657523
1725280123.5764165
1725280123.6118937
1725280123.644139
1725280123.6581762
1725280123.658276
1725280123.6686835
1725280123.7074223
1725280123.7694874
1725280123.7801948
1725280123.791237
1725280123.8005092
1725280123.8454995
1725280123.8602312
1725280123.8785315
1725280123.9089084
1725280123.911133
1725280123.9275918
1725280123.9448702
1725280123.9658692
1725280123.979193
1725280124.0112772
1725280124.0117066
1725280124.0271382
1725280124.0741198
1725280124.087449
1725280124.1082923
1725280124.1192796
1725280124.132508
1725280124.1527646
1725280124.1784766
1725280124.1887062
1725280124.2233458
1725280124.2358143
1725280124.2596848
1725280124.2728002
1725280124.2853343
1725280124.3104067
1725280124.3243246
1725280124.338037
1725280124.3596303
1725280124.3731024
1725280124.4155202
1725280124.4168262
1725280124.4233372
1725280124.4606516
1725280124.4611533
1725280124.5056605
1725280124.5236816
1725280124.544707
1725280124.5577023
1725280124.561321
1725280124.5761597
1725280124.591149
1725280124.6151412
1725280124.6315823
1725280124.639312
1725280124.676692
1725280124.7069354
1725280124.7225492
1725280124.7375758
1725280124.7961242
1725280124.7962728
1725280124.8042233
1725280124.8047047
1725280124.8428419
1725280124.8715527
1725280124.8742352
1725280124.8832169
1725280124.9254491
1725280124.9507062
1725280125.0004106
1725280125.0008776
1725280125.024429
1725280125.047887
1725280125.0517764
1725280125.1076527
1725280125.1182702
1725280125.1190493
1725280125.1569164
1725280125.1574051
1725280125.1749458
1725280125.1922455
1725280125.2116883
1725280125.23307
1725280125.234441
1725280125.2608545
1725280125.2658637
1725280125.2984684
1725280125.299017
1725280125.341766
1725280125.3425367
1725280125.3433416
1725280125.3586464
1725280125.398848
1725280125.4172118
1725280125.4325216
1725280125.443123
1725280125.4589274
1725280125.4898667
1725280125.4956634
1725280125.5274527
1725280125.541762
1725280125.5660114
1725280125.5813167
1725280125.6003947
1725280125.6190283
1725280125.6511328
1725280125.6517153
1725280125.6652877
1725280125.686122
1725280125.6938398
1725280125.7158573
1725280125.7453494
1725280125.7720778
1725280125.7776082
1725280125.792745
1725280125.8092341
1725280125.8285127
1725280125.8421936
1725280125.8845274
1725280125.903839
1725280125.9181826
1725280125.935948
1725280125.9635324
1725280125.9913275
1725280126.0302384
1725280126.0304866
1725280126.0398376
1725280126.0739324
1725280126.0751717
1725280126.10201
1725280126.109409
1725280126.1262345
1725280126.1572435
1725280126.1815708
1725280126.2156653
1725280126.2409012
1725280126.2414393
1725280126.2526639
1725280126.256936
1725280126.2854412
1725280126.2961862
1725280126.332163
1725280126.3503418
1725280126.3510292
1725280126.3799803
1725280126.3852262
1725280126.4035966
1725280126.4186285
1725280126.4380038
1725280126.449978
1725280126.4709551
1725280126.4898403
1725280126.505684
1725280126.549626
1725280126.550137
1725280126.5507243
1725280126.5736618
1725280126.5808375
1725280126.6077106
1725280126.6373308
1725280126.640144
1725280126.6516986
1725280126.664605
1725280126.678004
1725280126.7066636
1725280126.7151089
1725280126.74516
1725280126.7730439
1725280126.781629
1725280126.8013527
1725280126.8192306
1725280126.8510556
1725280126.8512306
1725280126.8650541
1725280126.8837407
1725280126.917803
1725280126.9301503
1725280126.948937
1725280126.9554913
1725280126.9907246
1725280127.0357106
1725280127.0546513
1725280127.0966663
1725280127.097475
1725280127.1383152
1725280127.1590471
1725280127.1609304
1725280127.2009661
1725280127.2042682
1725280127.2253823
1725280127.2260861
1725280127.25245
1725280127.2658873
1725280127.2909296
1725280127.291481
1725280127.3271081
1725280127.3500917
1725280127.3748984
1725280127.411027
1725280127.4116304
1725280127.4413855
1725280127.4588025
1725280127.4590871
1725280127.4867342
1725280127.527117
1725280127.5317938
1725280127.5414438
1725280127.573222
1725280127.5775743
1725280127.598645
1725280127.6195667
1725280127.629533
1725280127.6518283
1725280127.6617308
1725280127.6740265
1725280127.6931255
1725280127.7124374
1725280127.7350545
1725280127.7471316
1725280127.7810016
1725280127.8090725
1725280127.8125167
1725280127.8245947
1725280127.8455036
1725280127.8871343
1725280127.8876138
1725280127.88822
1725280127.91878
1725280127.9192886
1725280127.981254
1725280128.0082128
1725280128.0093055
1725280128.0414798
1725280128.0422373
1725280128.0541394
1725280128.0794897
1725280128.0995398
1725280128.117981
1725280128.1435282
1725280128.1642323
1725280128.176974
1725280128.2093072
1725280128.2325823
1725280128.2508874
1725280128.281821
1725280128.3191867
1725280128.3200889
1725280128.3464408
1725280128.3802612
1725280128.3927903
1725280128.4020956
1725280128.432971
1725280128.4336925
1725280128.4572015
1725280128.5450258
1725280128.5457327
1725280128.5463555
1725280128.5478418
1725280128.5497901
1725280128.555747
1725280128.5760353
1725280128.5844564
1725280128.6042027
1725280128.6262226
1725280128.663485
1725280128.6638758
1725280128.685685
1725280128.7065606
1725280128.7580085
1725280128.7585313
1725280128.7612863
1725280128.795579
1725280128.7962942
1725280128.8184538
1725280128.864246
1725280128.8777387
1725280128.8784351
1725280128.9031787
1725280128.9037187
1725280128.92342
1725280128.9391038
1725280128.9587975
1725280128.9697387
1725280128.9918764
1725280129.0306585
1725280129.0353174
1725280129.069951
1725280129.0714505
1725280129.1177835
1725280129.1182885
1725280129.1326768
1725280129.1335616
1725280129.172031
1725280129.2004304
1725280129.2477405
1725280129.2483947
1725280129.2492201
1725280129.2735455
1725280129.3029017
1725280129.3529296
1725280129.3539436
1725280129.3760717
1725280129.387686
1725280129.39493
1725280129.419228
1725280129.4196057
1725280129.4648762
1725280129.47775
1725280129.543555
1725280129.5442076
1725280129.5447884
1725280129.5457158
1725280129.556526
1725280129.5851166
1725280129.6085336
1725280129.6273913
1725280129.6377857
1725280129.6689167
1725280129.6694472
1725280129.6839705
1725280129.738586
1725280129.7391846
1725280129.7397196
1725280129.7583818
1725280129.802427
1725280129.8028567
1725280129.803201
1725280129.8192673
1725280129.8376873
1725280129.847135
1725280129.8755124
1725280129.8933685
1725280129.9160216
1725280129.9164968
1725280129.9335973
1725280129.9551375
1725280129.9661758
1725280129.9878874
1725280130.0030115
1725280130.0155084
1725280130.044061
1725280130.0861151
1725280130.0922902
1725280130.1274815
1725280130.1283352
1725280130.1288452
1725280130.143829
1725280130.1901
1725280130.1974263
1725280130.2247145
1725280130.2358973
1725280130.2618287
1725280130.2619798
1725280130.2956088
1725280130.3330426
1725280130.3619525
1725280130.3663294
1725280130.4030492
1725280130.443863
1725280130.4674647
1725280130.542575
1725280130.5431817
1725280130.5438733
1725280130.544948
1725280130.5792437
1725280130.5849562
1725280130.6010695
1725280130.6015863
1725280130.6149144
1725280130.6154425
1725280130.6409912
1725280130.680439
1725280130.6945007
1725280130.7162554
1725280130.7314975
1725280130.741948
1725280130.764151
1725280130.7757971
1725280130.8078408
1725280130.82214
1725280130.8387709
1725280130.8565838
1725280130.8797653
1725280130.900121
1725280130.9102995
1725280130.9228873
1725280130.9406598
1725280130.9540997
1725280130.9714127
1725280130.987062
1725280130.9996943
1725280131.0414004
1725280131.0432353
1725280131.0832806
1725280131.115327
1725280131.1158285
1725280131.1265357
1725280131.1412423
1725280131.159602
1725280131.1789596
1725280131.1863048
1725280131.2174337
1725280131.2181246
1725280131.2560022
1725280131.2879643
1725280131.3109412
1725280131.325519
1725280131.3471684
1725280131.3524075
1725280131.391277
1725280131.3975
1725280131.4224558
1725280131.4345074
1725280131.4521794
1725280131.502042
1725280131.5231795
1725280131.5404978
1725280131.5589848
1725280131.5710974
1725280131.6018302
1725280131.6249876
1725280131.6495786
1725280131.6658292
1725280131.6877189
1725280131.7124608
1725280131.726295
1725280131.7324643
1725280131.7654836
1725280131.771852
1725280131.78643
1725280131.8011403
1725280131.8284166
1725280131.8320036
1725280131.8615823
1725280131.8688958
1725280131.8998966
1725280131.901114
1725280131.9159403
1725280131.990751
1725280131.9912283
1725280131.999872
1725280132.0001495
1725280132.013017
1725280132.0916061
1725280132.0981088
1725280132.0990753
1725280132.099647
1725280132.166381
1725280132.166871
1725280132.179295
1725280132.1798306
1725280132.180286
1725280132.1967156
1725280132.2123973
1725280132.2290468
1725280132.2443924
1725280132.2724102
1725280132.2735124
1725280132.301487
1725280132.3264837
1725280132.3487911
1725280132.3593915
1725280132.3765438
1725280132.392019
1725280132.425892
1725280132.4263391
1725280132.4608576
1725280132.5017197
1725280132.503382
1725280132.5156446
1725280132.5590475
1725280132.5645409
1725280132.6187475
1725280132.6190314
1725280132.6222472
1725280132.6500945
1725280132.676346
1725280132.6774006
1725280132.6909454
1725280132.7069747
1725280132.745003
1725280132.757968
1725280132.784775
1725280132.7960098
1725280132.8086522
1725280132.818263
1725280132.8499684
1725280132.8553214
1725280132.8681662
1725280132.9012132
1725280132.9173748
1725280132.9366958
1725280132.9570043
1725280132.9706092
1725280132.9954042
1725280133.014843
1725280133.0156734
1725280133.041424
1725280133.0633574
1725280133.0667584
1725280133.0885007
1725280133.1022656
1725280133.1182656
1725280133.1385183
1725280133.168214
1725280133.169397
1725280133.2005975
1725280133.2009995
1725280133.2295866
1725280133.2299666
1725280133.2478929
1725280133.2638395
1725280133.2952096
1725280133.3050666
1725280133.325177
1725280133.3655508
1725280133.3719306
1725280133.3952188
1725280133.407479
1725280133.4195118
1725280133.4366243
1725280133.45163
1725280133.4698381
1725280133.503675
1725280133.516317
1725280133.5292225
1725280133.5653267
1725280133.5902147
1725280133.7599628
1725280133.7623184
1725280133.814778
1725280133.8152719
1725280133.8160799
1725280133.816537
1725280133.8169544
1725280133.817475
1725280133.8178754
1725280133.8379006
1725280133.838364
1725280133.8390982
1725280133.8581874
1725280133.8774862
1725280133.8906446
1725280133.8991957
1725280133.9362226
1725280133.9860053
1725280133.991522
1725280134.0089743
1725280134.0177743
1725280134.22267
1725280134.2230392
1725280134.2236373
1725280134.2243657
1725280134.225156
1725280134.226035
1725280134.226411
1725280134.2270763
1725280134.227543
1725280134.2279952
1725280134.2448988
1725280134.2453213
1725280134.2589297
1725280134.2733064
1725280134.296818
1725280134.3094907
1725280134.3230495
1725280134.3756185
1725280134.3876166
1725280134.3967428
1725280134.4175189
1725280134.423382
1725280134.4519017
1725280134.4524498
1725280134.4796855
1725280134.498407
1725280134.5121877
1725280134.5382261
1725280134.5719945
1725280134.593054
1725280134.6010246
1725280134.6254547
1725280134.6331072
1725280134.6522658
1725280134.6659956
1725280134.7122018
1725280134.7136981
1725280134.7348123
1725280134.7552836
1725280134.8321972
1725280134.8330514
1725280134.8349428
1725280134.8515778
1725280134.8845737
1725280134.9075809
1725280134.9173338
1725280134.9648526
1725280134.9794495
1725280134.986933
1725280135.008567
1725280135.0146627
1725280135.040001
1725280135.0415356
1725280135.0623975
1725280135.0863132
1725280135.0941274
1725280135.1127048
1725280135.1233368
1725280135.1490104
1725280135.1771069
1725280135.1778142
1725280135.196375
1725280135.218246
1725280135.2269228
1725280135.2606306
1725280135.2803843
1725280135.2959082
1725280135.3146567
1725280135.338413
1725280135.3476243
1725280135.3611805
1725280135.3897252
1725280135.4130507
1725280135.421722
1725280135.4428504
1725280135.4596531
1725280135.4782023
1725280135.5072773
1725280135.5195699
1725280135.526486
1725280135.549067
1725280135.5668194
1725280135.5762732
1725280135.6208892
1725280135.6482973
1725280135.649291
1725280135.6792927
1725280135.6802695
1725280135.6925182
1725280135.7236938
1725280135.7527802
1725280135.7589552
1725280135.7763147
1725280135.7897508
1725280135.8274515
1725280135.8452473
1725280135.8684182
1725280135.877985
1725280135.9407086
1725280135.941225
1725280135.960652
1725280135.9800243
1725280135.985522
1725280135.9987066
1725280136.0386486
1725280136.0511203
1725280136.0659635
1725280136.0817885
1725280136.0950265
1725280136.1071234
1725280136.1338596
1725280136.1444445
1725280136.162305
1725280136.195988
1725280136.2097893
1725280136.2307527
1725280136.2579663
1725280136.2730052
1725280136.3251715
1725280136.3260028
1725280136.6463203
1725280136.6468873
1725280136.64717
1725280136.6474988
1725280136.64782
1725280136.6494243
1725280136.6498864
1725280136.650688
1725280136.6510413
1725280136.6514235
1725280136.6519303
1725280136.652273
1725280136.65263
1725280136.653025
1725280136.6534152
1725280136.6537957
1725280136.6573868
1725280136.6762908
1725280136.6953266
1725280136.7220304
1725280136.7225862
1725280136.7465951
1725280136.7527404
1725280136.8238144
1725280136.841742
1725280136.9840713
1725280136.9845526
1725280136.9851956
1725280136.9860628
1725280136.9862723
1725280137.0100734
1725280137.0180337
1725280137.070055
1725280137.0711012
1725280137.071791
1725280137.0865695
1725280137.0954869
1725280137.1168122
1725280137.1381526
1725280137.156361
1725280137.1641943
1725280137.1845548
1725280137.2307193
1725280137.2603116
1725280137.2645898
1725280137.2837408
1725280137.2919576
1725280137.3141184
1725280137.3359334
1725280137.3612807
1725280137.3761828
1725280137.4092438
1725280137.410073
1725280137.4287872
1725280137.4519408
1725280137.4643683
1725280137.4718866
1725280137.4959953
1725280137.5089076
1725280137.5297408
1725280137.5481813
1725280137.5673656
1725280137.5885727
1725280137.5989158
1725280137.6074357
1725280137.6555505
1725280137.6719353
1725280137.673277
1725280137.6971838
1725280137.7071118
1725280137.7283454
1725280137.751476
1725280137.7584155
1725280137.7755363
1725280137.8213093
1725280137.834
1725280137.8603892
1725280137.872408
1725280137.8915534
1725280137.9083102
1725280137.9216814
1725280137.9379945
1725280137.9552877
1725280138.022994
1725280138.023082
1725280138.0232136
1725280138.033928
1725280138.0901618
1725280138.1098292
1725280138.2553768
1725280138.2561646
1725280138.2563834
1725280138.2573361
1725280138.257612
1725280138.2577024
1725280138.2648964
1725280138.2839034
1725280138.285451
1725280138.3091257
1725280138.318429
1725280138.3351314
1725280138.3576288
1725280138.3766096
1725280138.3874643
1725280138.4035115
1725280138.4178343
1725280138.4337406
1725280138.4493842
1725280138.4646215
1725280138.4872441
1725280138.5012095
1725280138.5226882
1725280138.5618722
1725280138.5682561
1725280138.5954363
1725280138.598614
1725280138.6168056
1725280138.6311724
1725280138.6591883
1725280138.7194233
1725280138.7229972
1725280138.753358
1725280138.753988
1725280138.763853
1725280138.8019736
1725280138.802075
1725280138.8222625
1725280138.8389158
1725280138.8455052
1725280138.8618815
1725280138.9046028
1725280138.9122121
1725280138.9463892
1725280138.947861
1725280138.9678094
1725280138.9768968
1725280139.0084982
1725280139.034895
1725280139.0452714
1725280139.0638828
1725280139.0834658
1725280139.1100025
1725280139.1519682
1725280139.152532
1725280139.358877
1725280139.3590412
1725280139.3590956
1725280139.367461
1725280139.3675606
1725280139.3676608
1725280139.367835
1725280139.3680131
1725280139.3682523
1725280139.3684146
1725280139.4010725
1725280139.4019275
1725280139.4278598
1725280139.4448442
1725280139.4454997
1725280139.473796
1725280139.500893
1725280139.5122318
1725280139.5384195
1725280139.5392287
1725280139.5539105
1725280139.5752752
1725280139.609263
1725280139.6270895
1725280139.6271741
1725280139.6403556
1725280139.667633
1725280139.6742365
1725280139.6883845
1725280139.715057
1725280139.7303617
1725280139.7462
1725280139.7598214
1725280139.7754247
1725280139.8260016
1725280139.8260813
1725280139.8262017
1725280139.8361804
1725280139.852089
1725280139.8679364
1725280139.8923526
1725280139.9237792
1725280139.9332507
1725280139.9499576
1725280139.970042
1725280139.984641
1725280140.002154
1725280140.0317724
1725280140.031815
1725280140.0663803
1725280140.0856812
1725280140.108987
1725280140.1313493
1725280140.1551187
1725280140.1886404
1725280140.2076209
1725280140.239934
1725280140.2550256
1725280140.3059735
1725280140.3183806
1725280140.3567636
1725280140.3616629
1725280140.361689
1725280140.3796313
1725280140.3904958
1725280140.41282
1725280140.4491112
1725280140.4498231
1725280140.4599106
1725280140.4750595
1725280140.5200567
1725280140.54205
1725280140.5625615
1725280140.576896
1725280140.5932202
1725280140.6103017
1725280140.6242652
1725280140.64437
1725280140.6756666
1725280140.7057364
1725280140.7066221
1725280140.725141
1725280140.7409258
1725280140.7689345
1725280140.7696142
1725280140.7871492
1725280140.8111143
1725280140.827531
1725280140.8430696
1725280140.868963
1725280140.871704
1725280140.8939745
1725280140.9047325
1725280140.9473317
1725280140.9533615
1725280140.977298
1725280141.1822221
1725280141.1822672
1725280141.1822934
1725280141.182431
1725280141.182455
1725280141.1937249
1725280141.194541
1725280141.2053533
1725280141.223689
1725280141.256572
1725280141.2640474
1725280141.3058455
1725280141.317753
1725280141.323655
1725280141.3497708
1725280141.38313
1725280141.4329271
1725280141.4334083
1725280141.4475124
1725280141.499529
1725280141.5010536
1725280141.5088239
1725280141.556496
1725280141.5623894
1725280141.5776093
1725280141.5956233
1725280141.6082
1725280141.6342535
1725280141.6600757
1725280141.6610847
1725280141.67559
1725280141.7012193
1725280141.7130077
1725280141.7295337
1725280141.7516208
1725280141.7647967
1725280141.7752187
1725280141.7979531
1725280141.813337
1725280141.8228471
1725280141.8856566
1725280141.88633
1725280141.901881
1725280141.9049506
1725280141.9469192
1725280141.948208
1725280141.963783
1725280141.9981105
1725280142.0048118
1725280142.0216804
1725280142.0414512
1725280142.069517
1725280142.0798657
1725280142.09417
1725280142.1112638
1725280142.1471775
1725280142.1478693
1725280142.153842
1725280142.1768994
1725280142.2076726
1725280142.2196324
1725280142.2467973
1725280142.260292
1725280142.2760086
1725280142.2902663
1725280142.3052607
1725280142.3400345
1725280142.3651457
1725280142.3773448
1725280142.3926241
1725280142.423122
1725280142.456075
1725280142.4601386
1725280142.479528
1725280142.5091588
1725280142.5203555
1725280142.534466
1725280142.55144
1725280142.5690286
1725280142.5981562
1725280142.6291552
1725280142.6404636
1725280142.653992
1725280142.6705258
1725280142.6886973
1725280142.7161658
1725280142.7301583
1725280142.7340455
1725280142.7505429
1725280142.7917707
1725280142.8035176
1725280142.820641
1725280142.8338902
1725280142.852538
1725280142.8706033
1725280142.891617
1725280142.9046934
1725280142.923623
1725280142.933276
1725280142.9530373
1725280142.9824402
1725280142.9998808
1725280143.00135
1725280143.0270414
1725280143.0422595
1725280143.052268
1725280143.070972
1725280143.0991316
1725280143.1009314
1725280143.1227016
1725280143.1299946
1725280143.1510544
1725280143.1679428
1725280143.181303
1725280143.2015197
1725280143.2294202
1725280143.2531698
1725280143.2700999
1725280143.303441
1725280143.3041494
1725280143.331312
1725280143.3319
1725280143.344399
1725280143.4024289
1725280143.4040737
1725280143.4075317
1725280143.430335
1725280143.4585602
1725280143.5096767
1725280143.536604
1725280143.5481946
1725280143.5515769
1725280143.6076002
1725280143.6132026
1725280143.635962
1725280143.6691334
1725280143.675683
1725280143.6801558
1725280143.6913228
1725280143.7123873
1725280143.7264802
1725280143.7401733
1725280143.7582045
1725280143.772813
1725280143.8158784
1725280143.8498938
1725280143.8590598
1725280143.8800056
1725280143.887865
1725280143.9154093
1725280143.9203665
1725280143.9469547
1725280143.9716249
1725280143.989737
1725280144.0213091
1725280144.2125196
1725280144.2133193
1725280144.2141998
1725280144.2152336
1725280144.2161536
1725280144.216991
1725280144.218406
1725280144.2192316
1725280144.220309
1725280144.2208767
1725280144.2246673
1725280144.227294
1725280144.2660477
1725280144.2718112
1725280144.2756653
1725280144.287627
1725280144.301338
1725280144.3285718
1725280144.3324099
1725280144.3551903
1725280144.3630466
1725280144.384864
1725280144.4283297
1725280144.4575155
1725280144.4622061
1725280144.481929
1725280144.4964852
1725280144.5301619
1725280144.5312424
1725280144.561029
1725280144.584953
1725280144.5954351
1725280144.6099405
1725280144.6312563
1725280144.6656742
1725280144.702387
1725280144.713063
1725280144.7374442
1725280144.7652261
1725280144.777476
1725280144.791365
1725280144.834797
1725280144.841717
1725280144.8676388
1725280144.8738546
1725280144.893438
1725280144.9115748
1725280144.9439816
1725280144.9513462
1725280144.967115
1725280144.9769027
1725280144.992123
1725280145.0082448
1725280145.0449073
1725280145.0462646
1725280145.0672078
1725280145.0763552
1725280145.1169198
1725280145.118468
1725280145.1469417
1725280145.157326
1725280145.172623
1725280145.199615
1725280145.2090118
1725280145.2255085
1725280145.2478292
1725280145.2730467
1725280145.2880301
1725280145.3085902
1725280145.3264549
1725280145.3394523
1725280145.3653421
1725280145.3786087
1725280145.388521
1725280145.4048674
1725280145.4206262
1725280145.4366221
1725280145.4525878
1725280145.4884238
1725280145.506988
1725280145.5191157
1725280145.5373974
1725280145.5558121
1725280145.5919285
1725280145.5926754
1725280145.6196008
1725280145.6353939
1725280145.662451
1725280145.6871166
1725280145.7086048
1725280145.717767
1725280145.7353997
1725280145.7620878
1725280145.7922976
1725280145.8028169
1725280145.8142889
1725280145.8309667
1725280145.8694065
1725280145.8711066
1725280145.930477
1725280145.9398065
1725280145.9413748
1725280145.9482052
1725280145.996687
1725280145.9981482
1725280146.027737
1725280146.0287535
1725280146.0333538
1725280146.0706496
1725280146.0915086
1725280146.1002
1725280146.1213412
1725280146.1339989
1725280146.165609
1725280146.166378
1725280146.1817515
1725280146.201316
1725280146.213057
1725280146.2318943
1725280146.2460966
1725280146.3156152
1725280146.3164349
1725280146.3536
1725280146.3544123
1725280146.355761
1725280146.3566546
1725280146.3728557
1725280146.379524
1725280146.4014726
1725280146.4130318
1725280146.4295797
1725280146.4428914
1725280146.4743936
1725280146.4753523
1725280146.5091662
1725280146.5352175
1725280146.5420635
1725280146.5573506
1725280146.5769856
1725280146.606121
1725280146.612247
1725280146.6286569
1725280146.6732967
1725280146.6823797
1725280146.6932983
1725280146.7078679
1725280146.7383106
1725280146.7891989
1725280146.822239
1725280146.8623486
1725280146.8632224
1725280146.8892438
1725280146.8918674
1725280146.9199183
1725280146.9439147
1725280146.9460063
1725280146.959017
1725280146.971383
1725280146.9959722
1725280147.0230052
1725280147.023761
1725280147.0390909
1725280147.053726
1725280147.0945303
1725280147.1217635
1725280147.142908
1725280147.1503978
1725280147.1710217
1725280147.1919029
1725280147.2051008
1725280147.2210655
1725280147.2522416
1725280147.2711914
1725280147.357038
1725280147.3584733
1725280147.3607311
1725280147.3624632
1725280147.3655899
1725280147.3719814
1725280147.3815768
1725280147.4280908
1725280147.4291086
1725280147.4356744
1725280147.4526126
1725280147.4634562
1725280147.481857
1725280147.5349956
1725280147.552222
1725280147.5541024
1725280147.5739434
1725280147.584769
1725280147.6066837
1725280147.6316445
1725280147.6337454
1725280147.649008
1725280147.6710093
1725280147.7060714
1725280147.7406583
1725280147.749221
1725280147.767363
1725280147.7843482
1725280147.9375346
1725280147.9391272
1725280147.9404209
1725280147.9451902
1725280147.946247
1725280147.9472098
1725280147.9479485
1725280147.9766889
1725280148.0591347
1725280148.0598202
1725280148.1165018
1725280148.1177592
1725280148.1201937
1725280148.1209102
1725280148.1579342
1725280148.1584902
1725280148.1592567
1725280148.166344
1725280148.1787252
1725280148.2182732
1725280148.2199087
1725280148.2417765
1725280148.248859
1725280148.270668
1725280148.2831218
1725280148.29553
1725280148.317352
1725280148.334036
1725280148.356303
1725280148.3736603
1725280148.3807452
1725280148.3931487
1725280148.43252
1725280148.4609663
1725280148.4622457
1725280148.4831674
1725280148.494757
1725280148.526307
1725280148.530532
1725280148.5620747
1725280148.5791295
1725280148.5928059
1725280148.6059532
1725280148.6373434
1725280148.6535938
1725280148.6582148
1725280148.6819513
1725280148.699551
1725280148.7088695
1725280148.7324255
1725280148.7539318
1725280148.7758894
1725280148.8022947
1725280148.8357735
1725280148.837173
1725280148.8621151
1725280148.8628085
1725280148.8720398
1725280148.9073462
1725280149.0965922
1725280149.0978272
1725280149.0993316
1725280149.1005006
1725280149.1016748
1725280149.1026387
1725280149.1035802
1725280149.1048186
1725280149.1071682
1725280149.1422386
1725280149.143138
1725280149.1439745
1725280149.164644
1725280149.1968534
1725280149.2071536
1725280149.2246711
1725280149.265608
1725280149.2874668
1725280149.2885852
1725280149.2997775
1725280149.3069139
1725280149.3215566
1725280149.3543558
1725280149.372625
1725280149.387541
1725280149.4029217
1725280149.4216413
1725280149.456733
1725280149.4577148
1725280149.4769242
1725280149.4897356
1725280149.5045288
1725280149.529705
1725280149.5489786
1725280149.5514662
1725280149.5757067
1725280149.5852551
1725280149.6032221
1725280149.6431553
1725280149.6433973
1725280149.653558
1725280149.6760516
1725280149.6822517
1725280149.7049863
1725280149.7177608
1725280149.7397285
1725280149.7545807
1725280149.7692344
1725280149.8058066
1725280149.816512
1725280149.833774
1725280149.870535
1725280149.87108
1725280149.8853662
1725280149.896922
1725280149.9107022
1725280149.9586864
1725280149.9908884
1725280150.1128433
1725280150.1147184
1725280150.1263733
1725280150.1464236
1725280150.15043
1725280150.170284
1725280150.2252758
1725280150.226765
1725280150.2274969
1725280150.2281725
1725280150.2406368
1725280150.2419195
1725280150.246448
1725280150.2745094
1725280150.2922468
1725280150.2982063
1725280150.3193312
1725280150.3252914
1725280150.6228411
1725280150.6339645
1725280150.6344168
1725280150.6349714
1725280150.6353931
1725280150.6358266
1725280150.653025
1725280150.653541
1725280150.6544201
1725280150.6554852
1725280150.6903386
1725280150.6909907
1725280150.699296
1725280150.7100909
1725280150.725505
1725280150.7261891
1725280150.726852
1725280150.728324
1725280150.729131
1725280150.7297902
1725280150.7447557
1725280150.7683518
1725280150.7806282
1725280150.8142366
1725280150.8367233
1725280150.846481
1725280150.8570168
1725280150.8792088
1725280150.8973138
1725280150.9075172
1725280150.9277477
1725280150.9433038
1725280150.9538875
1725280151.0089722
1725280151.0233092
1725280151.0373757
1725280151.0795124
1725280151.0811594
1725280151.0928848
1725280151.103254
1725280151.1506135
1725280151.1619217
1725280151.1676445
1725280151.1948977
1725280151.2129154
1725280151.3615646
1725280151.3621488
1725280151.36328
1725280151.3885963
1725280151.3901157
1725280151.416315
1725280151.417484
1725280151.4442208
1725280151.4449568
1725280151.450633
1725280151.4638653
1725280151.4955094
1725280151.5083232
1725280151.5245793
1725280151.530453
1725280151.550648
1725280151.5714169
1725280151.596282
1725280151.598253
1725280151.625084
1725280151.6354349
1725280151.6535094
1725280151.6660094
1725280151.6850667
1725280151.7271385
1725280151.7539017
1725280151.7636986
1725280151.7641149
1725280151.7896755
1725280151.8088658
1725280151.8349574
1725280151.860509
1725280151.8662534
1725280151.8837907
1725280151.9012678
1725280151.927744
1725280151.9324446
1725280151.9483519
1725280151.9614384
1725280151.980924
1725280152.0205255
1725280152.0364738
1725280152.0369112
1725280152.0707176
1725280152.078185
1725280152.1079094
1725280152.1174064
1725280152.1364255
1725280152.145308
1725280152.1818268
1725280152.194377
1725280152.209623
1725280152.2385616
1725280152.244501
1725280152.2799253
1725280152.3069854
1725280152.3151343
1725280152.339576
1725280152.37051
1725280152.386484
1725280152.391464
1725280152.4239063
1725280152.433792
1725280152.4448924
1725280152.4738739
1725280152.4969234
1725280152.516977
1725280152.5220819
1725280152.5457437
1725280152.5652604
1725280152.5724335
1725280152.5857685
1725280152.6020138
1725280152.6478379
1725280152.655236
1725280152.6882472
1725280152.688803
1725280152.7074423
1725280152.7513747
1725280152.7517023
1725280152.757699
1725280152.780093
1725280152.7864363
1725280152.8096216
1725280152.8255792
1725280152.852031
1725280152.8870418
1725280152.8875113
1725280152.888027
1725280152.89839
1725280152.928736
1725280152.9435167
1725280152.9545467
1725280152.963252
1725280152.9920564
1725280152.9997442
1725280153.0284636
1725280153.0396712
1725280153.053376
1725280153.1014698
1725280153.1021378
1725280153.1105883
1725280153.144525
1725280153.1608965
1725280153.1676362
1725280153.1850321
1725280153.1961555
1725280153.2413614
1725280153.2668366
1725280153.2668557
1725280153.2723117
1725280153.3131099
1725280153.3719583
1725280153.3740017
1725280153.392039
1725280153.4135284
1725280153.44703
1725280153.4727483
1725280153.4848354
1725280153.517514
1725280153.5179079
1725280153.527803
1725280153.5407226
1725280153.5570428
1725280153.5778542
1725280153.595485
1725280153.6088605
1725280153.6666207
1725280153.6675897
1725280153.6936107
1725280153.7107182
1725280153.721563
1725280153.748857
1725280153.7761257
1725280153.7775605
1725280153.8369637
1725280154.0043144
1725280154.0054731
1725280154.0061555
1725280154.0068455
1725280154.0074372
1725280154.00793
1725280154.0084295
1725280154.0089307
1725280154.009431
1725280154.0103164
1725280154.0109694
1725280154.0116336
1725280154.1063092
1725280154.1071432
1725280154.1077929
1725280154.1268866
1725280154.1356616
1725280154.1360784
1725280154.1367064
1725280154.1489968
1725280154.1663415
1725280154.186921
1725280154.2026877
1725280154.2407897
1725280154.2412014
1725280154.276041
1725280154.2996686
1725280154.3208394
1725280154.340633
1725280154.496093
1725280154.5434964
1725280154.544231
1725280154.5485425
1725280154.549216
1725280154.5499725
1725280154.5506873
1725280154.5511193
1725280154.5524187
1725280154.5652637
1725280154.5705054
1725280154.6182287
1725280154.6256053
1725280154.6352398
1725280154.6715431
1725280154.6984277
1725280154.7055416
1725280154.721298
1725280154.7415004
1725280154.7525887
1725280154.7786086
1725280154.8016706
1725280154.805641
1725280154.8159924
1725280154.8344464
1725280154.8520906
1725280154.8717983
1725280154.8889031
1725280154.9012947
1725280154.9197483
1725280154.9323277
1725280154.9498403
1725280154.980543
1725280155.002108
1725280155.0143924
1725280155.0333948
1725280155.0673256
1725280155.074923
1725280155.0795414
1725280155.111535
1725280155.130328
1725280155.144019
1725280155.164774
1725280155.1833882
1725280155.1978977
1725280155.225926
1725280155.2265174
1725280155.2525198
1725280155.262595
1725280155.2830927
1725280155.3046064
1725280155.315758
1725280155.346058
1725280155.3698783
1725280155.4102423
1725280155.411522
1725280155.4176736
1725280155.4289942
1725280155.4412467
1725280155.6284387
1725280155.6292741
1725280155.6300564
1725280155.6310947
1725280155.6314507
1725280155.6318185
1725280155.632151
1725280155.6324754
1725280155.6518288
1725280155.6779268
1725280155.6785812
1725280155.6931317
1725280155.7108994
1725280155.721153
1725280155.7539678
1725280155.7767217
1725280155.7931087
1725280155.8102837
1725280155.82988
1725280155.8390923
1725280155.8571992
1725280155.8844614
1725280155.895575
1725280155.9255989
1725280155.9435482
1725280155.9520578
1725280155.967787
1725280156.0037909
1725280156.0045962
1725280156.0254154
1725280156.036883
1725280156.0543706
1725280156.067941
1725280156.1379566
1725280156.138633
1725280156.139246
1725280156.1490076
1725280156.1586463
1725280156.1674478
1725280156.1945066
1725280156.2090247
1725280156.2264183
1725280156.23321
1725280156.2475362
1725280156.270541
1725280156.2832887
1725280156.333292
1725280156.3335571
1725280156.337324
1725280156.404761
1725280156.4054444
1725280156.4341574
1725280156.4342866
1725280156.4394395
1725280156.449821
1725280156.4752023
1725280156.482775
1725280156.5230553
1725280156.541336
1725280156.5532207
1725280156.575868
1725280156.5941713
1725280156.6476116
1725280156.6490324
1725280156.6739547
1725280156.6885824
1725280156.729424
1725280156.7468514
1725280156.8002973
1725280156.800778
1725280156.8012185
1725280156.8172102
1725280156.8539047
1725280156.8644898
1725280156.8646882
1725280156.887803
1725280156.8922522
1725280156.9248824
1725280156.948158
1725280156.976209
1725280156.993432
1725280157.020206
1725280157.0309994
1725280157.045769
1725280157.0595336
1725280157.0857105
1725280157.1102605
1725280157.1256595
1725280157.1477082
1725280157.1666799
1725280157.1696193
1725280157.1863325
1725280157.213227
1725280157.2306426
1725280157.242642
1725280157.2613027
1725280157.274142
1725280157.2905602
1725280157.320478
1725280157.3331234
1725280157.3437326
1725280157.3842227
1725280157.395995
1725280157.4083908
1725280157.4353266
1725280157.4412303
1725280157.4645047
1725280157.477677
1725280157.4935353
1725280157.5035782
1725280157.5181954
1725280157.5637336
1725280157.5930877
1725280157.6144059
1725280157.6356392
1725280157.6511743
1725280157.666488
1725280157.6763566
1725280157.6951141
1725280157.7297175
1725280157.7455883
1725280157.7683125
1725280157.7736518
1725280158.0506442
1725280158.0527892
1725280158.053194
1725280158.0536096
1725280158.0542147
1725280158.0544152
1725280158.0630343
1725280158.0839617
1725280158.0840762
1725280158.0842128
1725280158.0843253
1725280158.084463
1725280158.0846992
1725280158.1041193
1725280158.104263
1725280158.126997
1725280158.2915585
1725280158.2917426
1725280158.2918172
1725280158.3120992
1725280158.3122861
1725280158.31277
1725280158.3128417
1725280158.3130722
1725280158.3141985
1725280158.3143132
1725280158.3145306
1725280158.3333292
1725280158.3943384
1725280158.3947577
1725280158.397408
1725280158.423909
1725280158.4313974
1725280158.4570277
1725280158.4751866
1725280158.4958887
1725280158.4992678
1725280158.7951753
1725280158.7955534
1725280158.7958517
1725280158.7961617
1725280158.7964623
1725280158.796711
1725280158.7990031
1725280158.7993097
1725280158.799449
1725280158.7997584
1725280158.799896
1725280158.8071198
1725280158.807978
1725280158.8081686
1725280158.8084247
1725280158.8087735
1725280158.8286715
1725280158.8453033
1725280158.8646379
1725280158.8805764
1725280158.8951735
1725280158.9350288
1725280158.946296
1725280158.970321
1725280158.980306
1725280158.9998493
1725280159.0100956
1725280159.0456436
1725280159.068544
1725280159.0789998
1725280159.0986726
1725280159.1095104
1725280159.129504
1725280159.1417103
1725280159.1616125
1725280159.1745641
1725280159.216553
1725280159.2283404
1725280159.239723
1725280159.2604117
1725280159.27499
1725280159.2915878
1725280159.3082561
1725280159.3294113
1725280159.3396022
1725280159.476956
1725280159.4771733
1725280159.4773262
1725280159.4774616
1725280159.477632
1725280159.477765
1725280159.4780889
1725280159.4799228
1725280159.4885702
1725280159.507797
1725280159.5245216
1725280159.7150412
1725280159.7151587
1725280159.7158217
1725280159.7167184
1725280159.717676
1725280159.7178504
1725280159.71816
1725280159.7195783
1725280159.7197876
1725280159.7224734
1725280159.7260973
1725280159.737869
1725280159.7533295
1725280159.7703233
1725280159.8114328
1725280159.821313
1725280159.8330314
1725280159.8489668
1725280159.971047
1725280159.97181
1725280159.9730365
1725280159.9736955
1725280159.9807296
1725280160.0254028
1725280160.0466135
1725280160.0906024
1725280160.092738
1725280160.100388
1725280160.1014862
1725280160.123097
1725280160.1333337
1725280160.1570978
1725280160.1635358
1725280160.1842399
1725280160.211856
1725280160.2303314
1725280160.2848492
1725280160.2854967
1725280160.3023362
1725280160.31795
1725280160.3295052
1725280160.3432271
1725280160.3618164
1725280160.4003782
1725280160.4137955
1725280160.4278796
1725280160.4505818
1725280160.4614224
1725280160.4746544
1725280160.5042777
1725280160.504548
1725280160.52832
1725280160.5510974
1725280160.560107
1725280160.5746164
1725280160.5918512
1725280160.616297
1725280160.6361248
1725280160.6656213
1725280160.6817365
1725280160.7030087
1725280160.7117977
1725280160.7252746
1725280160.7546353
1725280160.756498
1725280160.7775772
1725280160.79549
1725280160.8138218
1725280160.841232
1725280160.8880424
1725280160.8889568
1725280160.9113863
1725280160.9362361
1725280160.9455988
1725280160.9583514
1725280160.9774482
1725280161.0147576
1725280161.0238528
1725280161.0444856
1725280161.0586534
1725280161.0895658
1725280161.1216464
1725280161.1488657
1725280161.1533642
1725280161.1974897
1725280161.2046468
1725280161.22774
1725280161.2559018
1725280161.2683818
1725280161.2803166
1725280161.312896
1725280161.3218195
1725280161.336217
1725280161.3549538
1725280161.372475
1725280161.3847318
1725280161.3969479
1725280161.4190726
1725280161.428115
1725280161.449315
1725280161.4669564
1725280161.4824402
1725280161.508785
1725280161.5152295
1725280161.541174
1725280161.56208
1725280161.5843496
1725280161.6080177
1725280161.6222806
1725280161.6294491
1725280161.6455534
1725280161.6623752
1725280161.69386
1725280161.7115242
1725280161.724729
1725280161.7479992
1725280161.7632477
1725280161.7891777
1725280161.7996056
1725280161.8186789
1725280161.8313715
1725280161.8488903
1725280161.864432
1725280161.8752224
1725280161.9075477
1725280161.9233372
1725280161.967568
1725280161.9805746
1725280161.9812942
1725280161.997148
1725280162.011534
1725280162.043965
1725280162.0627108
1725280162.079384
1725280162.0909896
1725280162.125924
1725280162.1429749
1725280162.1589198
1725280162.183222
1725280162.205474
1725280162.223516
1725280162.2424893
1725280162.2523336
1725280162.275402
1725280162.2865787
1725280162.326206
1725280162.339393
1725280162.3508656
1725280162.3773553
1725280162.3873944
1725280162.3986285
1725280162.421
1725280162.436195
1725280162.454764
1725280162.4898043
1725280162.496383
1725280162.5159698
1725280162.534474
1725280162.5544844
1725280162.5705688
1725280162.580331
1725280162.597276
1725280162.617111
1725280162.6372137
1725280162.6528068
1725280162.673318
1725280162.6806746
1725280162.6988814
1725280162.7163432
1725280162.735308
1725280162.746509
1725280162.7640579
1725280162.7815344
1725280162.8016877
1725280162.815841
1725280162.8275495
1725280162.8585184
1725280162.85914
1725280162.8763828
1725280162.8995085
1725280162.931716
1725280162.9449213
1725280162.9680493
1725280162.9799092
1725280163.0025647
1725280163.022241
1725280163.029364
1725280163.0423138
1725280163.0924058
1725280163.10548
1725280163.1123753
1725280163.133219
1725280163.155538
1725280163.2023897
1725280163.2236466
1725280163.2423184
1725280163.2512155
1725280163.3039699
1725280163.3130343
1725280163.3700392
1725280163.370683
1725280163.3713617
1725280163.3893085
1725280163.398308
1725280163.4120245
1725280163.4351215
1725280163.446943
1725280163.46018
1725280163.4806194
1725280163.513807
1725280163.544854
1725280163.5663357
1725280163.5825465
1725280163.5943534
1725280163.609898
1725280163.628052
1725280163.6410959
1725280163.6753604
1725280163.6936195
1725280163.7159157
1725280163.7421224
1725280163.7434807
1725280163.7571106
1725280163.7700787
1725280163.7885466
1725280163.8081555
1725280163.8213015
1725280163.8495722
1725280163.8558643
1725280163.8694887
1725280163.8920083
1725280163.9124207
1725280163.9538312
1725280163.95936
1725280163.976736
1725280163.9903314
1725280164.0035431
1725280164.0222764
1725280164.0439286
1725280164.049871
1725280164.0693989
1725280164.088178
1725280164.126515
1725280164.1539488
1725280164.1699057
1725280164.1957886
1725280164.2041776
1725280164.2242875
1725280164.24078
1725280164.256638
1725280164.287542
1725280164.302554
1725280164.3255343
1725280164.3393273
1725280164.3841946
1725280164.4091039
1725280164.4184022
1725280164.4435842
1725280164.4850593
1725280164.4974556
1725280164.5049436
1725280164.5454557
1725280164.5533946
1725280164.572318
1725280164.5873537
1725280164.6038368
1725280164.646279
1725280164.6487389
1725280164.66005
1725280164.6696002
1725280164.689448
1725280164.7069447
1725280164.7215452
1725280164.742402
1725280164.7517405
1725280164.7737613
1725280164.793953
1725280164.8058016
1725280164.8212762
1725280164.865829
1725280164.8756273
1725280164.891486
1725280164.9002051
1725280164.9206636
1725280164.9442499
1725280164.9532106
1725280164.9930358
1725280164.9998515
1725280165.0237045
1725280165.038232
1725280165.0572095
1725280165.0820827
1725280165.0829287
1725280165.1052983
1725280165.1175575
1725280165.1387486
1725280165.1605823
1725280165.1792161
1725280165.1996703
1725280165.2209709
1725280165.2355504
1725280165.2533956
1725280165.264898
1725280165.2852116
1725280165.2961798
1725280165.3328655
1725280165.3508954
1725280165.375329
1725280165.3838222
1725280165.4127376
1725280165.4345083
1725280165.4525414
1725280165.475495
1725280165.5120468
1725280165.5221424
1725280165.5407255
1725280165.5533752
1725280165.5724778
1725280165.6032624
1725280165.6255322
1725280165.6436656
1725280165.6586478
1725280165.675915
1725280165.7033906
1725280165.7048702
1725280165.7242935
1725280165.7542071
1725280165.755096
1725280165.7997935
1725280165.8075118
1725280165.8226306
1725280165.8422596
1725280165.8648493
1725280165.8740466
1725280165.8866837
1725280165.9337714
1725280165.940112
1725280165.9413395
1725280165.9590347
1725280165.9668381
1725280165.9881907
1725280166.001715
1725280166.0198097
1725280166.0412774
1725280166.0572839
1725280166.0703282
1725280166.0881867
1725280166.1067808
1725280166.1225574
1725280166.1414328
1725280166.1532023
1725280166.1763105
1725280166.1849794
1725280166.2098558
1725280166.2405896
1725280166.2533073
1725280166.275976
1725280166.2980936
1725280166.299166
1725280166.3170319
1725280166.332629
1725280166.3493657
1725280166.3983364
1725280166.4153504
1725280166.4154606
1725280166.442587
1725280166.4744525
1725280166.5029535
1725280166.5328934
1725280166.5504797
1725280166.551519
1725280166.6022666
1725280166.6174855
1725280166.6715584
1725280166.6724827
1725280166.6736135
1725280166.6816368
1725280166.6937666
1725280166.7126484
1725280166.7362304
1725280166.7447188
1725280166.7603374
1725280166.7769501
1725280166.8111398
1725280166.8543913
1725280166.8604124
1725280166.8748152
1725280166.9029748
1725280166.9072561
1725280166.922976
1725280166.9380639
1725280166.9843056
1725280166.997007
1725280167.0152323
1725280167.0367591
1725280167.0470915
1725280167.057427
1725280167.0704205
1725280167.0858033
1725280167.105481
1725280167.138137
1725280167.1395218
1725280167.1572053
1725280167.1720965
1725280167.1942823
1725280167.2081778
1725280167.253517
1725280167.2809656
1725280167.2827504
1725280167.2924442
1725280167.3020272
1725280167.345882
1725280167.3466508
1725280167.3555129
1725280167.3810272
1725280167.389872
1725280167.4306388
1725280167.4531972
1725280167.4685915
1725280167.4933345
1725280167.5128586
1725280167.5212557
1725280167.543195
1725280167.5596218
1725280167.6006234
1725280167.6244855
1725280167.627131
1725280167.6633523
1725280167.690382
1725280167.7056108
1725280167.7264373
1725280167.7796512
1725280167.7828546
1725280167.789716
1725280167.808931
1725280167.8391771
1725280167.8639271
1725280167.884322
1725280167.9006023
1725280167.9064388
1725280167.9276693
1725280167.9548888
1725280167.9605644
1725280167.985881
1725280167.9869516
1725280168.011485
1725280168.0477166
1725280168.0482206
1725280168.053425
1725280168.0847666
1725280168.0892437
1725280168.135026
1725280168.1431525
1725280168.1550803
1725280168.1794646
1725280168.191537
1725280168.209917
1725280168.2284079
1725280168.2379434
1725280168.253215
1725280168.3030937
1725280168.304059
1725280168.3509903
1725280168.3517792
1725280168.352609
1725280168.3730016
1725280168.3876753
1725280168.4070163
1725280168.420496
1725280168.4405928
1725280168.4548154
1725280168.4688146
1725280168.5046678
1725280168.5238879
1725280168.5380769
1725280168.575169
1725280168.5757425
1725280168.5862498
1725280168.6024156
1725280168.6358175
1725280168.6564372
1725280168.673735
1725280168.69432
1725280168.7133355
1725280168.7346077
1725280168.751192
1725280168.7670956
1725280168.799828
1725280168.8165774
1725280168.8370721
1725280168.8512602
1725280168.8645725
1725280168.8864965
1725280168.917022
1725280168.9302566
1725280168.9842546
1725280168.9848847
1725280168.9854946
1725280169.0031126
1725280169.0120947
1725280169.0274801
1725280169.044349
1725280169.0799112
1725280169.0947049
1725280169.1191669
1725280169.1313531
1725280169.145108
1725280169.1795027
1725280169.180381
1725280169.2006168
1725280169.2239707
1725280169.2353384
1725280169.2416248
1725280169.272999
1725280169.2781928
1725280169.2928042
1725280169.3133824
1725280169.3236353
1725280169.3458333
1725280169.369824
1725280169.3843944
1725280169.4151485
1725280169.4168172
1725280169.4335988
1725280169.4586706
1725280169.459833
1725280169.4787679
1725280169.4951878
1725280169.5290926
1725280169.5474975
1725280169.553365
1725280169.5696142
1725280169.5871177
1725280169.6113327
1725280169.6244235
1725280169.640915
1725280169.6857684
1725280169.6865244
1725280169.6985407
1725280169.7334902
1725280169.756324
1725280169.8029063
1725280169.8134573
1725280169.851921
1725280169.8530524
1725280169.8894858
1725280169.9125948
1725280169.9535484
1725280169.954322
1725280169.9584756
1725280169.9736063
1725280169.9924424
1725280170.0012188
1725280170.0267036
1725280170.0523198
1725280170.0534365
1725280170.0652947
1725280170.099135
1725280170.13285
1725280170.153925
1725280170.1644945
1725280170.1833713
1725280170.2099385
1725280170.2161286
1725280170.2350752
1725280170.2634835
1725280170.2811365
1725280170.315625
1725280170.3164291
1725280170.3325882
1725280170.3489304
1725280170.3763905
1725280170.3816192
1725280170.4100099
1725280170.4176993
1725280170.4392061
1725280170.4399545
1725280170.4580731
1725280170.4795206
1725280170.507137
1725280170.5451436
1725280170.5559797
1725280170.5705044
1725280170.5800002
1725280170.5898166
1725280170.6156383
1725280170.6351697
1725280170.6395864
1725280170.66596
1725280170.677009
1725280170.711788
1725280170.7380815
1725280170.7551234
1725280170.775831
1725280170.7842999
1725280170.825962
1725280170.8271918
1725280170.8556097
1725280170.8729982
1725280170.916569
1725280170.9175537
1725280170.9398782
1725280170.9621515
1725280170.9994135
1725280171.0003307
1725280171.0305989
1725280171.0490515
1725280171.0648792
1725280171.083965
1725280171.118414
1725280171.1323347
1725280171.150253
1725280171.1895695
1725280171.1911101
1725280171.198959
1725280171.2185564
1725280171.2339454
1725280171.252845
1725280171.277645
1725280171.278538
1725280171.298323
1725280171.3206325
1725280171.3309674
1725280171.362275
1725280171.3929708
1725280171.3939023
1725280171.3948054
1725280171.4506454
1725280171.4515457
1725280171.4652808
1725280171.4758518
1725280171.503351
1725280171.5301545
1725280171.5316381
1725280171.5691426
1725280171.5825915
1725280171.632082
1725280171.632858
1725280171.633679
1725280171.6437159
1725280171.680057
1725280171.6807144
1725280171.7025075
1725280171.7122006
1725280171.7405927
1725280171.74138
1725280171.7804632
1725280171.8041682
1725280171.8050268
1725280171.828291
1725280171.845335
1725280171.8663464
1725280171.8741376
1725280171.9119964
1725280171.9298482
1725280171.944375
1725280171.9593596
1725280171.9859538
1725280172.0045369
1725280172.0166123
1725280172.0509727
1725280172.0689843
1725280172.0949306
1725280172.1004078
1725280172.1249464
1725280172.1374664
1725280172.1579556
1725280172.1952424
1725280172.2092254
1725280172.2411947
1725280172.2574174
1725280172.2580032
1725280172.2704444
1725280172.2866507
1725280172.3085458
1725280172.318893
1725280172.3561847
1725280172.3719423
1725280172.4005551
1725280172.4013057
1725280172.4180279
1725280172.43153
1725280172.4505923
1725280172.4735875
1725280172.4918675
1725280172.5021486
1725280172.5105886
1725280172.528844
1725280172.553756
1725280172.569447
1725280172.5905685
1725280172.5988896
1725280172.6213715
1725280172.6336598
1725280172.6510882
1725280172.6600213
1725280172.6896067
1725280172.7165964
1725280172.7172718
1725280172.7301438
1725280172.7586877
1725280172.7595506
1725280172.8166614
1725280172.8178728
1725280172.8409545
1725280172.8630774
1725280172.8637793
1725280172.884482
1725280172.8975232
1725280172.9232655
1725280172.9625404
1725280172.9887965
1725280172.9888856
1725280173.0097952
1725280173.035411
1725280173.0716844
1725280173.0940979
1725280173.1264482
1725280173.1272807
1725280173.1594512
1725280173.1757772
1725280173.2353153
1725280173.2360573
1725280173.236835
1725280173.2454891
1725280173.260052
1725280173.288869
1725280173.2899756
1725280173.3048537
1725280173.3211832
1725280173.3432336
1725280173.3734188
1725280173.4077606
1725280173.4324648
1725280173.4351685
1725280173.4542
1725280173.4812193
1725280173.4913762
1725280173.5061169
1725280173.5468912
1725280173.5570002
1725280173.5735466
1725280173.5935786
1725280173.6032698
1725280173.6216395
1725280173.637207
1725280173.6518888
1725280173.6733267
1725280173.7093983
1725280173.7102475
1725280173.7205632
1725280173.7358813
1725280173.7536066
1725280173.783275
1725280173.812762
1725280173.824928
1725280173.8418434
1725280173.854061
1725280173.8651483
1725280173.8809643
1725280173.9027374
1725280173.9347084
1725280173.9352963
1725280173.9503875
1725280174.0020707
1725280174.0382054
1725280174.0390584
1725280174.048949
1725280174.0619602
1725280174.0782146
1725280174.10054
1725280174.1182973
1725280174.1521676
1725280174.162335
1725280174.1926508
1725280174.1936214
1725280174.2359185
1725280174.2767928
1725280174.27754
1725280174.2978082
1725280174.3314002
1725280174.3452728
1725280174.3664203
1725280174.3922193
1725280174.4125633
1725280174.4411674
1725280174.4446125
1725280174.464538
1725280174.4888132
1725280174.500337
1725280174.514702
1725280174.5427117
1725280174.5428214
1725280174.5610695
1725280174.5817816
1725280174.591755
1725280174.6163287
1725280174.6401126
1725280174.6599696
1725280174.6610026
1725280174.6852484
1725280174.7185042
1725280174.732598
1725280174.7381032
1725280174.7579513
1725280174.7902954
1725280174.7938745
1725280174.82268
1725280174.8403351
1725280174.8686647
1725280174.8792257
1725280174.891438
1725280174.9177148
1725280174.9283671
1725280174.940612
1725280174.9563067
1725280174.972691
1725280174.9860635
1725280175.0158815
1725280175.0261648
1725280175.054328
1725280175.0785086
1725280175.090259
1725280175.1103947
1725280175.1211095
1725280175.1512594
1725280175.1520085
1725280175.1861076
1725280175.2046006
1725280175.23058
1725280175.2347112
1725280175.2654767
1725280175.295638
1725280175.2995472
1725280175.315101
1725280175.3514192
1725280175.376961
1725280175.3840072
1725280175.4153352
1725280175.416008
1725280175.4380383
1725280175.4873176
1725280175.4882925
1725280175.5196187
1725280175.5204585
1725280175.5297523
1725280175.5506687
1725280175.5653994
1725280175.5855482
1725280175.610319
1725280175.6278284
1725280175.6539466
1725280175.6608574
1725280175.679363
1725280175.7000036
1725280175.7127492
1725280175.7336328
1725280175.7486863
1725280175.7717285
1725280175.787927
1725280175.7928865
1725280175.837354
1725280175.8386712
1725280175.8545053
1725280175.8805912
1725280175.8813272
1725280175.9016273
1725280175.9147184
1725280175.9344757
1725280175.9517014
1725280175.9604795
1725280175.97932
1725280175.9936302
1725280176.0133867
1725280176.0318637
1725280176.046754
1725280176.0764163
1725280176.0922964
1725280176.1158726
1725280176.1450043
1725280176.1459067
1725280176.1645014
1725280176.1736715
1725280176.1945274
1725280176.2833745
1725280176.2841718
1725280176.2842057
1725280176.28423
1725280176.3026736
1725280176.3362107
1725280176.3748293
1725280176.3878334
1725280176.39451
1725280176.442137
1725280176.4653168
1725280176.5070941
1725280176.5078704
1725280176.515373
1725280176.5335658
1725280176.548644
1725280176.5614152
1725280176.5762243
1725280176.5902898
1725280176.6056042
1725280176.6301148
1725280176.6726816
1725280176.7121968
1725280176.718019
1725280176.7257972
1725280176.751918
1725280176.770617
1725280176.7830505
1725280176.7920065
1725280176.835838
1725280176.8504338
1725280176.8760684
1725280176.8778014
1725280176.9025135
1725280176.9141629
1725280176.9250863
1725280176.9510655
1725280176.9921548
1725280176.9941518
1725280177.0169601
1725280177.0179856
1725280177.0305145
1725280177.0436118
1725280177.0670543
1725280177.096136
1725280177.109795
1725280177.1307023
1725280177.1433525
1725280177.1695073
1725280177.1995344
1725280177.2002428
1725280177.2127516
1725280177.2276266
1725280177.253449
1725280177.299264
1725280177.3162026
1725280177.3286436
1725280177.3417256
1725280177.3625977
1725280177.3847861
1725280177.3945103
1725280177.411725
1725280177.4439547
1725280177.4714394
1725280177.4721885
1725280177.5054839
1725280177.5319128
1725280177.555405
1725280177.6027186
1725280177.6035552
1725280177.623804
1725280177.6412282
1725280177.6867113
1725280177.7075262
1725280177.70811
1725280177.72197
1725280177.7380714
1725280177.7509491
1725280177.773827
1725280177.7966292
1725280177.8043218
1725280177.8223763
1725280177.8363788
1725280177.8643136
1725280177.9093707
1725280177.9102702
1725280177.9109426
1725280177.9670396
1725280177.9691975
1725280178.0008307
1725280178.0015223
1725280178.0123823
1725280178.0368936
1725280178.0380888
1725280178.049173
1725280178.0697138
1725280178.0939279
1725280178.1070237
1725280178.1414456
1725280178.156374
1725280178.1768532
1725280178.1957588
1725280178.2065184
1725280178.2400045
1725280178.240977
1725280178.2564168
1725280178.2807808
1725280178.3093834
1725280178.3220413
1725280178.323168
1725280178.358084
1725280178.3953812
1725280178.3963892
1725280178.4042153
