2024-09-03 16:23:24
../stream-replay/logs/stuttering-6206.txt
1725351653.9370112
1725351653.9392407
1725351653.9481292
1725351653.973311
1725351654.0259633
1725351654.0269616
1725351654.0373647
1725351654.038243
1725351654.0843875
1725351654.085382
1725351654.1197774
1725351654.1461623
1725351654.1470752
1725351654.1490626
1725351654.1783981
1725351654.1791747
1725351654.2191381
1725351654.2197196
1725351654.2307918
1725351654.2739458
1725351654.2749717
1725351654.2875745
1725351654.3044047
1725351654.3203893
1725351654.3566184
1725351654.357311
1725351654.3628266
1725351654.393456
1725351654.4483154
1725351654.5067625
1725351654.507626
1725351654.5082016
1725351654.5101829
1725351654.5148573
1725351654.515316
1725351654.5490594
1725351654.629056
1725351654.6782987
1725351654.6783297
1725351654.678353
1725351654.6784036
1725351654.6923125
1725351654.7211306
1725351654.8213258
1725351654.8219817
1725351654.8415084
1725351654.842388
1725351654.850408
1725351654.8515613
1725351654.852127
1725351654.8696215
1725351654.9121153
1725351654.9130528
1725351654.9226308
1725351654.978866
1725351654.9799578
1725351655.0001872
1725351655.0552928
1725351655.0796494
1725351655.0801234
1725351655.0816078
1725351655.167233
1725351655.1681833
1725351655.1852784
1725351655.1861475
1725351655.2188206
1725351655.2833571
1725351655.2911012
1725351655.291634
1725351655.3344789
1725351655.335409
1725351655.342156
1725351655.3431573
1725351655.3647845
1725351655.3761754
1725351655.3767416
1725351655.378147
1725351655.4052854
1725351655.406905
1725351655.4632163
1725351655.5457327
1725351655.558324
1725351655.5628307
1725351655.5635037
1725351655.5662608
1725351655.5672863
1725351655.580586
1725351655.5816407
1725351655.5982568
1725351655.607566
1725351655.6557598
1725351655.6750505
1725351655.6834943
1725351655.7332654
1725351655.7472906
1725351655.7481096
1725351655.7822752
1725351655.8402195
1725351655.844569
1725351655.8454802
1725351655.8486278
1725351655.8754811
1725351655.9315288
1725351655.9537537
1725351655.955938
1725351656.0129898
1725351656.014518
1725351656.0757117
1725351656.0771585
1725351656.1318495
1725351656.1335967
1725351656.1340864
1725351656.1363664
1725351656.1521182
1725351656.1646492
1725351656.1887686
1725351656.223159
1725351656.2236626
1725351656.3081627
1725351656.3095176
1725351656.3287134
1725351656.3482425
1725351656.3486683
1725351656.371204
1725351656.3786
1725351656.3799891
1725351656.4114656
1725351656.4123998
1725351656.4689472
1725351656.470124
1725351656.4744601
1725351656.4878285
1725351656.50444
1725351656.529964
1725351656.6184413
1725351656.743065
1725351656.7552135
1725351656.7556355
1725351656.8225243
1725351656.8232358
1725351656.83406
1725351656.8697028
1725351656.8709588
1725351656.8922853
1725351656.9172635
1725351656.9180195
1725351656.9186723
1725351656.919157
1725351656.9196026
1725351656.9698713
1725351656.9860308
1725351656.989795
1725351657.0292041
1725351657.029748
1725351657.0510669
1725351657.0632086
1725351657.1250854
1725351657.1496425
1725351657.150118
1725351657.1505725
1725351657.1659865
1725351657.1993964
1725351657.2725954
1725351657.2882876
1725351657.2911534
1725351657.291643
1725351657.3357623
1725351657.3362052
1725351657.3471973
1725351657.3476186
1725351657.3668344
1725351657.390312
1725351657.4140568
1725351657.4370792
1725351657.4550123
1725351657.5415673
1725351657.5514934
1725351657.552087
1725351657.552567
1725351657.5533535
1725351657.6122248
1725351657.6137908
1725351657.614356
1725351657.6206546
1725351657.6211047
1725351657.684616
1725351657.6856475
1725351657.694624
1725351657.6952617
1725351657.7409272
1725351657.7611115
1725351657.7616165
1725351657.7847571
1725351657.7860146
1725351657.7864847
1725351657.8023503
1725351657.824541
1725351657.964729
1725351657.9653459
1725351657.9741905
1725351658.0156708
1725351658.027204
1725351658.0452101
1725351658.0609305
1725351658.0610256
1725351658.072458
1725351658.1034927
1725351658.1575198
1725351658.2792585
1725351658.2944694
1725351658.295098
1725351658.3017979
1725351658.3169277
1725351658.3177311
1725351658.3512816
1725351658.3522305
1725351658.3709269
1725351658.4224448
1725351658.425306
1725351658.4257119
1725351658.4307103
1725351658.5247173
1725351658.6331291
1725351658.634734
1725351658.6353583
1725351658.6978533
1725351658.7046535
1725351658.7052877
1725351658.7066264
1725351658.7529185
1725351658.7544477
1725351658.7568722
1725351658.7710233
1725351658.7741709
1725351658.7750428
1725351658.7758162
1725351658.7763815
1725351658.7930198
1725351658.8000345
1725351658.8014758
1725351658.8247485
1725351658.8628707
1725351658.8640974
1725351658.8781009
1725351658.9363635
1725351659.0164478
1725351659.0231085
1725351659.0245864
1725351659.0265124
1725351659.0364482
1725351659.03698
1725351659.0421956
1725351659.0433292
1725351659.060437
1725351659.0897467
1725351659.1202383
1725351659.1498277
1725351659.1829498
1725351659.1847582
1725351659.2200198
1725351659.2211988
1725351659.2750275
1725351659.3292558
1725351659.3940897
1725351659.3945737
1725351659.4079456
1725351659.429197
1725351659.4300315
1725351659.4304924
1725351659.4702742
1725351659.4928648
1725351659.5042503
1725351659.5490022
1725351659.567052
1725351659.5854824
1725351659.5999484
1725351659.6182191
1725351659.6249397
1725351659.6554174
1725351659.6692588
1725351659.6905344
1725351659.6920578
1725351659.7476542
1725351659.7490716
1725351659.7515504
1725351659.779021
1725351659.7852666
1725351659.7920976
1725351659.850977
1725351659.8515728
1725351659.8574402
1725351659.8768978
1725351659.8934667
1725351659.9148588
1725351659.937414
1725351659.943778
1725351659.9743896
1725351660.0070457
1725351660.0331593
1725351660.0337915
1725351660.0618997
1725351660.0627666
1725351660.081953
1725351660.1025147
1725351660.1161296
1725351660.131134
1725351660.1886818
1725351660.2157042
1725351660.2165363
1725351660.276636
1725351660.2777061
1725351660.2981176
1725351660.2986279
1725351660.315594
1725351660.3487542
1725351660.394015
1725351660.41719
1725351660.4185162
1725351660.4197063
1725351660.461266
1725351660.4821436
1725351660.4943414
1725351660.508904
1725351660.5714502
1725351660.5814266
1725351660.5820217
1725351660.6033592
1725351660.6459472
1725351660.6514163
1725351660.677054
1725351660.716792
1725351660.7242882
1725351660.7253292
1725351660.7580323
1725351660.7608726
1725351660.8994768
1725351660.8999524
1725351660.930906
1725351660.9322174
1725351660.932818
1725351660.9439907
1725351660.9444835
1725351660.9450169
1725351661.0212672
1725351661.0221858
1725351661.022772
1725351661.0494041
1725351661.0498977
1725351661.050383
1725351661.1577146
1725351661.2018878
1725351661.2023673
1725351661.2370174
1725351661.2374713
1725351661.2379463
1725351661.238452
1725351661.2660496
1725351661.2665632
1725351661.2750366
1725351661.3966763
1725351661.3977175
1725351661.4636128
1725351661.47925
1725351661.4797075
1725351661.496813
1725351661.497323
1725351661.503831
1725351661.5229733
1725351661.5230734
1725351661.5231538
1725351661.5648794
1725351661.6598067
1725351661.692606
1725351661.693865
1725351661.7455153
1725351661.7459967
1725351661.8254762
1725351661.8666406
1725351661.8694327
1725351661.8709805
1725351661.882128
1725351661.9121523
1725351662.003755
1725351662.0524087
1725351662.0528972
1725351662.0589113
1725351662.0594006
1725351662.0598652
1725351662.0869
1725351662.1509147
1725351662.1529653
1725351662.1534526
1725351662.207084
1725351662.2183127
1725351662.2189124
1725351662.2437022
1725351662.261776
1725351662.2635944
1725351662.2997334
1725351662.3190491
1725351662.3195372
1725351662.325368
1725351662.4714487
1725351662.482595
1725351662.4832158
1725351662.491016
1725351662.491544
1725351662.4920144
1725351662.4971478
1725351662.5360508
1725351662.5856836
1725351662.5937057
1725351662.5941882
1725351662.6296446
1725351662.6930082
1725351662.6936011
1725351662.7237482
1725351662.7241697
1725351662.736741
1725351662.7575684
1725351662.8023138
1725351662.835434
1725351662.8374383
1725351662.85601
1725351662.904121
1725351662.9049392
1725351662.9433792
1725351662.9594102
1725351662.9660096
1725351663.0126524
1725351663.033389
1725351663.0338378
1725351663.0429938
1725351663.1122444
1725351663.1127942
1725351663.1133103
1725351663.1239727
1725351663.151997
1725351663.1530702
1725351663.1534564
1725351663.2052045
1725351663.2333598
1725351663.2343447
1725351663.2406437
1725351663.2490795
1725351663.2958198
1725351663.3229392
1725351663.323236
1725351663.3482718
1725351663.3494124
1725351663.3655505
1725351663.3999398
1725351663.4165473
1725351663.4583933
1725351663.5319324
1725351663.5362773
1725351663.5368562
1725351663.5451674
1725351663.5456882
1725351663.5929887
1725351663.5934625
1725351663.6122556
1725351663.6474886
1725351663.6705015
1725351663.6710029
1725351663.728162
1725351663.7286448
1725351663.7306397
1725351663.783772
1725351663.784237
1725351663.8119094
1725351663.8615851
1725351663.8705506
1725351663.8739498
1725351663.9512837
1725351663.9518082
1725351663.9551558
1725351663.995593
1725351663.9967456
1725351663.9972155
1725351664.0232866
1725351664.029271
1725351664.1125848
1725351664.1134875
1725351664.1144786
1725351664.1633487
1725351664.1638105
1725351664.1720216
1725351664.172593
1725351664.187384
1725351664.2042258
1725351664.2305782
1725351664.245079
1725351664.2650797
1725351664.3076773
1725351664.3081634
1725351664.345586
1725351664.3557074
1725351664.3561842
1725351664.4391503
1725351664.4396794
1725351664.4401944
1725351664.4407082
1725351664.453755
1725351664.4658637
1725351664.5997171
1725351664.6292338
1725351664.6405687
1725351664.6411595
1725351664.6416655
1725351664.6650238
1725351664.665481
1725351664.6659567
1725351664.6664243
1725351664.6780767
1725351664.731644
1725351664.7771451
1725351664.7793567
1725351664.787007
1725351664.788283
1725351664.827077
1725351664.8283558
1725351664.8365157
1725351664.8832316
1725351664.8917665
1725351664.9220073
1725351664.9220388
1725351664.9725752
1725351665.009191
1725351665.0942106
1725351665.1179233
1725351665.1185334
1725351665.131157
1725351665.1318078
1725351665.1648467
1725351665.1792374
1725351665.1797223
1725351665.1802158
1725351665.195209
1725351665.252462
1725351665.257696
1725351665.2582252
1725351665.2588117
1725351665.3031857
1725351665.329158
1725351665.3398862
1725351665.4011636
1725351665.4023066
1725351665.4135325
1725351665.4142935
1725351665.4909995
1725351665.4922688
1725351665.5048187
1725351665.51063
1725351665.511715
1725351665.5437317
1725351665.5440435
1725351665.606277
1725351665.6076918
1725351665.6663213
1725351665.6681383
1725351665.6796076
1725351665.6801825
1725351665.6806667
1725351665.7214181
1725351665.722122
1725351665.7229617
1725351665.7970066
1725351665.8140473
1725351665.8149083
1725351665.8154132
1725351665.828054
1725351665.834812
1725351665.8824937
1725351665.8833666
1725351665.9268866
1725351665.927613
1725351665.9445894
1725351665.9751346
1725351665.9870095
1725351666.072087
1725351666.0732334
1725351666.0894325
1725351666.0911345
1725351666.110608
1725351666.1314914
1725351666.132758
1725351666.151155
1725351666.1792054
1725351666.2069805
1725351666.2362106
1725351666.2980833
1725351666.2985754
1725351666.3118382
1725351666.3129315
1725351666.3479125
1725351666.3646843
1725351666.3816762
1725351666.4270453
1725351666.4354675
1725351666.4359465
1725351666.5183954
1725351666.5275033
1725351666.5593305
1725351666.5598226
1725351666.5603108
1725351666.5607805
1725351666.5781827
1725351666.5854087
1725351666.608409
1725351666.6355376
1725351666.6364121
1725351666.6527083
1725351666.6614835
1725351666.7228053
1725351666.7232673
1725351666.7400947
1725351666.7516072
1725351666.773889
1725351666.7752001
1725351666.790664
1725351666.8192055
1725351666.8351867
1725351666.8695471
1725351666.8705196
1725351666.8860877
1725351666.8988693
1725351666.9224727
1725351666.9554884
1725351666.966616
1725351666.9676683
1725351666.9838197
1725351667.0015762
1725351667.0537033
1725351667.0603883
1725351667.1324182
1725351667.1335342
1725351667.1340122
1725351667.1344807
1725351667.1500509
1725351667.168577
1725351667.1913524
1725351667.2043226
1725351667.2291067
1725351667.2560492
1725351667.2790916
1725351667.3029175
1725351667.3033874
1725351667.3739622
1725351667.3769755
1725351667.3774939
1725351667.3959768
1725351667.4031136
1725351667.4209003
1725351667.4672587
1725351667.5084996
1725351667.5389628
1725351667.539425
1725351667.5432017
1725351667.5447776
1725351667.5534399
1725351667.5853453
1725351667.6205063
1725351667.654615
1725351667.6553342
1725351667.6760428
1725351667.685434
1725351667.7036815
1725351667.7163415
1725351667.7544274
1725351667.7550223
1725351667.7672975
1725351667.8139691
1725351667.8156424
1725351667.8161843
1725351667.845283
1725351667.846073
1725351667.8593395
1725351667.8840864
1725351667.8943973
1725351667.914784
1725351667.9286513
1725351667.9465828
1725351667.9742713
1725351668.0092645
1725351668.0100794
1725351668.01054
1725351668.0621774
1725351668.062626
1725351668.10303
1725351668.1088517
1725351668.116771
1725351668.1393437
1725351668.1486235
1725351668.1861076
1725351668.1924348
1725351668.2042656
1725351668.2534778
1725351668.2837825
1725351668.283821
1725351668.2838438
1725351668.3181756
1725351668.3588207
1725351668.3763125
1725351668.4046507
1725351668.4117465
1725351668.47813
1725351668.4942338
1725351668.5769904
1725351668.5774798
1725351668.5779548
1725351668.5784419
1725351668.6147578
1725351668.6443813
1725351668.6449664
1725351668.647697
1725351668.648182
1725351668.6487057
1725351668.6974227
1725351668.741381
1725351668.7418756
1725351668.7423644
1725351668.7529068
1725351668.81595
1725351668.827652
1725351668.8281107
1725351668.85372
1725351668.862493
1725351668.901881
1725351668.902374
1725351668.9189286
1725351668.9538095
1725351668.9543135
1725351668.974829
1725351668.980538
1725351669.0113013
1725351669.0118816
1725351669.0620685
1725351669.0690954
1725351669.0701869
1725351669.101988
1725351669.154935
1725351669.193258
1725351669.1938531
1725351669.200838
1725351669.201607
1725351669.2021728
1725351669.2413077
1725351669.2693474
1725351669.2698128
1725351669.2711256
1725351669.327759
1725351669.336918
1725351669.3553772
1725351669.3667657
1725351669.395373
1725351669.4440153
1725351669.450735
1725351669.4516542
1725351669.5677078
1725351669.5681896
1725351669.5687163
1725351669.5937674
1725351669.6033945
1725351669.604887
1725351669.6053345
1725351669.6211388
1725351669.6636574
1725351669.6645381
1725351669.737532
1725351669.7380657
1725351669.7390316
1725351669.754125
1725351669.8009799
1725351669.8193095
1725351669.820831
1725351669.8316803
1725351669.8579848
1725351669.8585052
1725351669.8784463
1725351669.8890321
1725351669.984249
1725351669.984933
1725351669.985549
1725351669.9864502
1725351670.0002654
1725351670.0055346
1725351670.0162506
1725351670.1082265
1725351670.108669
1725351670.1614304
1725351670.1741157
1725351670.1758819
1725351670.1820314
1725351670.1843967
1725351670.19142
1725351670.198265
1725351670.2584548
1725351670.2590513
1725351670.2595031
1725351670.2628765
1725351670.3030205
1725351670.319151
1725351670.3196428
1725351670.3300912
1725351670.3672247
1725351670.3685663
1725351670.4221737
1725351670.4754937
1725351670.4759698
1725351670.4764369
1725351670.524917
1725351670.5262876
1725351670.6829798
1725351670.6881444
1725351670.6888278
1725351670.689298
1725351670.6897943
1725351670.7027996
1725351670.711972
1725351670.7308671
1725351670.7512503
1725351670.8613863
1725351670.8625038
1725351670.8848474
1725351670.885329
1725351670.8965101
1725351670.9094696
1725351670.9243445
1725351670.9401093
1725351671.0154889
1725351671.0195527
1725351671.0250404
1725351671.05455
1725351671.055842
1725351671.0972903
1725351671.0982642
1725351671.1037817
1725351671.1589243
1725351671.1597552
1725351671.1603656
1725351671.16738
1725351671.208479
1725351671.2122278
1725351671.2351396
1725351671.2470014
1725351671.247837
1725351671.2792788
1725351671.2849693
1725351671.3556976
1725351671.3574057
1725351671.3579562
1725351671.384685
1725351671.3857021
1725351671.4320962
1725351671.4332988
1725351671.4454098
1725351671.4656549
1725351671.485727
1725351671.5191522
1725351671.5202177
1725351671.535558
1725351671.5658991
1725351671.566868
1725351671.6103768
1725351671.7391233
1725351671.7440815
1725351671.7441058
1725351671.7441208
1725351671.744199
1725351671.7662735
1725351671.7814324
1725351671.8196943
1725351671.820601
1725351671.8489406
1725351671.8928761
1725351671.914988
1725351671.915844
1725351671.916313
1725351671.937411
1725351671.9391935
1725351671.9457152
1725351671.9646273
1725351672.0649335
1725351672.0653927
1725351672.067402
1725351672.077894
1725351672.0941176
1725351672.1146026
1725351672.1269891
1725351672.1275334
1725351672.1487842
1725351672.1924295
1725351672.1935513
1725351672.2507472
1725351672.254419
1725351672.2554922
1725351672.2898633
1725351672.3195598
1725351672.3200564
1725351672.3505
1725351672.4341033
1725351672.4359596
1725351672.4365284
1725351672.449577
1725351672.450301
1725351672.5136976
1725351672.5329888
1725351672.5360162
1725351672.5365796
1725351672.5565155
1725351672.577385
1725351672.6152577
1725351672.6159508
1725351672.657604
1725351672.6780615
1725351672.6785212
1725351672.7266314
1725351672.7272282
1725351672.7357166
1725351672.7665577
1725351672.7934296
1725351672.879489
1725351672.8800683
1725351672.8970037
1725351672.8974595
1725351672.8979464
1725351672.9216008
1725351672.9880788
1725351673.0401323
1725351673.0746043
1725351673.088902
1725351673.089854
1725351673.0962827
1725351673.1592083
1725351673.159983
1725351673.1604886
1725351673.1827874
1725351673.1840262
1725351673.2167063
1725351673.2423024
1725351673.247735
1725351673.2622528
1725351673.2628086
1725351673.2881546
1725351673.3162057
1725351673.31755
1725351673.3555753
1725351673.3685925
1725351673.3709846
1725351673.3962736
1725351673.4288065
1725351673.4607615
1725351673.4618607
1725351673.4691324
1725351673.5106006
1725351673.511419
1725351673.540185
1725351673.5656822
1725351673.5987382
1725351673.623687
1725351673.6242933
1725351673.6384587
1725351673.640068
1725351673.6738737
1725351673.6977522
1725351673.6989021
1725351673.7264967
1725351673.727528
1725351673.8092036
1725351673.8102086
1725351673.8432133
1725351673.8440962
1725351673.869862
1725351673.8709464
1725351673.8714998
1725351673.898311
1725351673.8992794
1725351673.9479454
1725351673.9512699
1725351673.9611123
1725351674.0108316
1725351674.02345
1725351674.0936286
1725351674.1196284
1725351674.1201324
1725351674.120973
1725351674.1583874
1725351674.1589134
1725351674.1701088
1725351674.1706305
1725351674.1864343
1725351674.2165163
1725351674.2284167
1725351674.2547224
1725351674.2669218
1725351674.2961044
1725351674.2966003
1725351674.3471653
1725351674.3478189
1725351674.3641045
1725351674.392475
1725351674.3930142
1725351674.4172568
1725351674.4311712
1725351674.484573
1725351674.4856687
1725351674.486122
1725351674.492862
1725351674.5230083
1725351674.539483
1725351674.56012
1725351674.5606053
1725351674.5879595
1725351674.612093
1725351674.6126463
1725351674.6587722
1725351674.6886415
1725351674.6894393
1725351674.6899536
1725351674.6965175
1725351674.72184
1725351674.7364032
1725351674.762318
1725351674.8472078
1725351674.8598192
1725351674.86033
1725351674.8612127
1725351674.8621354
1725351674.885191
1725351674.8863857
1725351674.9005425
1725351674.9638104
1725351674.965072
1725351674.965538
1725351674.994747
1725351675.0170407
1725351675.0170798
1725351675.0681868
1725351675.0682976
1725351675.1155624
1725351675.1511164
1725351675.1672258
1725351675.1678276
1725351675.2720637
1725351675.2726803
1725351675.273254
1725351675.292397
1725351675.2937763
1725351675.308744
1725351675.3156846
1725351675.338333
1725351675.3715189
1725351675.3725216
1725351675.390047
1725351675.4027689
1725351675.4361207
1725351675.4762595
1725351675.489604
1725351675.51936
1725351675.5200102
1725351675.5352445
1725351675.6123705
1725351675.62832
1725351675.629199
1725351675.6343684
1725351675.6352177
1725351675.6902559
1725351675.6908085
1725351675.6914496
1725351675.7146318
1725351675.715155
1725351675.7309597
1725351675.7488282
1725351675.7612631
1725351675.79698
1725351675.859369
1725351675.8625553
1725351675.9028525
1725351675.9368274
1725351675.9575717
1725351675.9581769
1725351675.9846425
1725351676.013574
1725351676.0140617
1725351676.0145922
1725351676.0151045
1725351676.016279
1725351676.0212033
1725351676.069617
1725351676.0761263
1725351676.125683
1725351676.1261384
1725351676.1443639
1725351676.1455963
1725351676.174874
1725351676.1794102
1725351676.2251246
1725351676.2255924
1725351676.239515
1725351676.277304
1725351676.3326824
1725351676.3394144
1725351676.3493407
1725351676.4275434
1725351676.429746
1725351676.4327466
1725351676.4333017
1725351676.4808137
1725351676.5087323
1725351676.5101752
1725351676.5293784
1725351676.562876
1725351676.5762262
1725351676.577598
1725351676.5949802
1725351676.6256359
1725351676.6276996
1725351676.6576815
1725351676.6596224
1725351676.6724424
1725351676.685708
1725351676.748375
1725351676.7791603
1725351676.782893
1725351676.783419
1725351676.8032265
1725351676.810787
1725351676.8503432
1725351676.8522503
1725351676.8724556
1725351676.8988905
1725351676.906592
1725351676.9718869
1725351677.0741615
1725351677.1429064
1725351677.143389
1725351677.14396
1725351677.1444561
1725351677.1449668
1725351677.1454875
1725351677.1804478
1725351677.1816137
1725351677.182487
1725351677.2032068
1725351677.2279475
1725351677.251092
1725351677.2528472
1725351677.3026059
1725351677.303489
1725351677.3309493
1725351677.3488297
1725351677.3774998
1725351677.488925
1725351677.490569
1725351677.4961
1725351677.50094
1725351677.5014668
1725351677.5302122
1725351677.5307596
1725351677.5686862
1725351677.6795714
1725351677.6840513
1725351677.6852815
1725351677.8224459
1725351677.822971
1725351677.8301885
1725351677.9390745
1725351677.9423735
1725351677.942867
1725351677.9434094
1725351678.0149605
1725351678.016021
1725351678.0166428
1725351678.0507653
1725351678.0538964
1725351678.0544162
1725351678.067586
1725351678.0682375
1725351678.068718
1725351678.0695188
1725351678.0753388
1725351678.1134293
1725351678.1155775
1725351678.1160226
1725351678.1430118
1725351678.1435409
1725351678.165195
1725351678.1656866
1725351678.1663494
1725351678.2106743
1725351678.2209718
1725351678.2736437
1725351678.3133354
1725351678.3139083
1725351678.3145814
1725351678.3150904
1725351678.3462846
1725351678.365139
1725351678.3688855
1725351678.4143393
1725351678.4523659
1725351678.465282
1725351678.485108
1725351678.5025163
1725351678.6372921
1725351678.6379051
1725351678.6384873
1725351678.6689334
1725351678.6694484
1725351678.6704955
1725351678.6742656
1725351678.7036903
1725351678.7042491
1725351678.7553544
1725351678.7558203
1725351678.787278
1725351678.822635
1725351678.8355258
1725351678.8656282
1725351678.8661067
1725351678.880266
1725351678.9100778
1725351678.9180355
1725351678.925995
1725351679.0327182
1725351679.1148841
1725351679.127653
1725351679.1284895
1725351679.1388664
1725351679.1393147
1725351679.1398714
1725351679.1575925
1725351679.1586826
1725351679.205499
1725351679.206125
1725351679.2088666
1725351679.2343116
1725351679.2348168
1725351679.2360814
1725351679.3071585
1725351679.3202882
1725351679.3208618
1725351679.3970025
1725351679.3976839
1725351679.398173
1725351679.4255307
1725351679.4271994
1725351679.4278576
1725351679.4299068
1725351679.473897
1725351679.4748402
1725351679.4841166
1725351679.4903522
1725351679.5095346
1725351679.5213
1725351679.5347404
1725351679.587862
1725351679.5893729
1725351679.6577692
1725351679.6811674
1725351679.6818404
1725351679.6958845
1725351679.7049046
1725351679.739977
1725351679.79124
1725351679.8108044
1725351679.8122306
1725351679.8280153
1725351679.8401988
1725351679.8817604
1725351679.888198
1725351679.8890018
1725351679.9120746
1725351679.9434755
1725351679.9671187
1725351679.9683306
1725351680.0320098
1725351680.0335188
1725351680.0533617
1725351680.0543785
1725351680.0568733
1725351680.0694544
1725351680.092863
1725351680.0950544
1725351680.1139936
1725351680.1355076
1725351680.179165
1725351680.1931584
1725351680.1944168
1725351680.2240539
1725351680.2388997
1725351680.262704
1725351680.2640362
1725351680.3460274
1725351680.3465261
1725351680.3666925
1725351680.3679645
1725351680.401095
1725351680.432427
1725351680.433703
1725351680.4570808
1725351680.457604
1725351680.4660897
1725351680.5189953
1725351680.5194457
1725351680.5617716
1725351680.5630858
1725351680.5712821
1725351680.6008167
1725351680.6013079
1725351680.622049
1725351680.6490371
1725351680.6707494
1725351680.7396758
1725351680.7545366
1725351680.7636256
1725351680.7640982
1725351680.7805226
1725351680.7904406
1725351680.8222668
1725351680.864183
1725351680.884782
1725351680.8852477
1725351680.9011786
1725351680.9478877
1725351680.94965
1725351680.9728115
1725351680.9875293
1725351681.0308821
1725351681.0328057
1725351681.0351515
1725351681.0360296
1725351681.083764
1725351681.0842102
1725351681.208399
1725351681.2248862
1725351681.226333
1725351681.226877
1725351681.2367253
1725351681.3005512
1725351681.3187313
1725351681.3204963
1725351681.359623
1725351681.3606932
1725351681.3646646
1725351681.3919525
1725351681.3934264
1725351681.4094412
1725351681.4101555
1725351681.4111502
1725351681.4501998
1725351681.4577093
1725351681.4588766
1725351681.4950545
1725351681.4959178
1725351681.5245907
1725351681.5263388
1725351681.5397017
1725351681.5407887
1725351681.5433817
1725351681.583438
1725351681.6200593
1725351681.6208947
1725351681.6379774
1725351681.6714122
1725351681.6722739
1725351681.680371
1725351681.7176387
1725351681.749709
1725351681.7504432
1725351681.7625806
1725351681.7916973
1725351681.8115568
1725351681.8665636
1725351681.8932629
1725351681.944034
1725351681.9448206
1725351681.962537
1725351681.9832213
1725351682.050669
1725351682.0511982
1725351682.051823
1725351682.053467
1725351682.0694683
1725351682.0706687
1725351682.0841112
1725351682.118074
1725351682.1877048
1725351682.2004955
1725351682.2258985
1725351682.2351406
1725351682.2566094
1725351682.2756057
1725351682.2760904
1725351682.2910643
1725351682.3056107
1725351682.3447878
1725351682.360301
1725351682.3681946
1725351682.3983593
1725351682.4881282
1725351682.4892232
1725351682.489686
1725351682.4933517
1725351682.5012264
1725351682.5019665
1725351682.5119104
1725351682.5650957
1725351682.5658388
1725351682.6038706
1725351682.6043322
1725351682.607463
1725351682.6309311
1725351682.6759853
1725351682.677189
1725351682.6837604
1725351682.72717
1725351682.7338514
1725351682.7343183
1725351682.7583034
1725351682.769101
1725351682.7700548
1725351682.8124266
1725351682.8414614
1725351682.856443
1725351682.8843532
1725351682.9040794
1725351682.9706385
1725351682.9719944
1725351682.9786367
1725351683.013793
1725351683.0159936
1725351683.01645
1725351683.065344
1725351683.0796447
1725351683.0986319
1725351683.1283164
1725351683.134831
1725351683.1827805
1725351683.1835604
1725351683.1963801
1725351683.2694728
1725351683.2702281
1725351683.2778137
1725351683.3601043
1725351683.3614535
1725351683.37627
1725351683.4154494
1725351683.4169416
1725351683.4236646
1725351683.4243205
1725351683.429698
1725351683.4306624
1725351683.4412074
1725351683.4437516
1725351683.4750657
1725351683.4830518
1725351683.5090723
1725351683.510658
1725351683.5942345
1725351683.5953307
1725351683.6033645
1725351683.6038964
1725351683.6123278
1725351683.6746087
1725351683.697677
1725351683.6997347
1725351683.7007334
1725351683.725642
1725351683.7426658
1725351683.7535336
1725351683.7785702
1725351683.8182213
1725351683.8193812
1725351683.8198566
1725351683.8514056
1725351683.8528776
1725351683.9452236
1725351683.9460719
1725351683.955491
1725351683.9560504
1725351683.9712043
1725351683.9825575
1725351683.9898975
1725351684.0019355
1725351684.0344326
1725351684.064983
1725351684.116171
1725351684.277101
1725351684.322557
1725351684.323108
1725351684.3238308
1725351684.3246067
1725351684.3257487
1725351684.3262436
1725351684.6744785
1725351684.714475
1725351684.7190826
1725351684.719562
1725351684.7259078
1725351684.739195
1725351684.8232398
1725351684.8237138
1725351684.824409
1725351684.8345945
1725351684.8352711
1725351684.8357496
1725351684.9994745
1725351685.0121114
1725351685.0232024
1725351685.0238173
1725351685.0288851
1725351685.0556977
1725351685.056156
1725351685.0566368
1725351685.0658357
1725351685.076905
1725351685.0773818
1725351685.2518883
1725351685.2523859
1725351685.260276
1725351685.2607715
1725351685.261282
1725351685.2617514
1725351685.28462
1725351685.2862487
1725351685.2868862
1725351685.2869139
1725351685.2869294
1725351685.2870104
1725351685.2925577
1725351685.3045945
1725351685.4820616
1725351685.4827557
1725351685.4841955
1725351685.4847558
1725351685.533735
1725351685.5365264
1725351685.5370026
1725351685.585832
1725351685.586533
1725351685.659594
1725351685.6605175
1725351685.7971208
1725351685.8441973
1725351685.8457189
1725351685.8462508
1725351685.8467731
1725351685.8515615
1725351685.8526077
1725351685.8569417
1725351685.8573878
1725351685.9688623
1725351685.9696293
1725351685.970238
1725351685.9784544
1725351685.978972
1725351685.9936213
1725351685.9940524
1725351686.030066
1725351686.0708551
1725351686.0715356
1725351686.0727363
1725351686.0732164
1725351686.1197038
1725351686.1222525
1725351686.1227863
1725351686.1434326
1725351686.1563373
1725351686.1967251
1725351686.250737
1725351686.251241
1725351686.3160782
1725351686.3241384
1725351686.3249295
1725351686.330313
1725351686.4007533
1725351686.4012055
1725351686.4031873
1725351686.4569578
1725351686.470565
1725351686.5063314
1725351686.518003
1725351686.636845
1725351686.6377828
1725351686.665592
1725351686.666669
1725351686.667208
1725351686.6737013
1725351686.6742
1725351686.7152753
1725351686.7170057
1725351686.717768
1725351686.8100674
1725351686.817421
1725351686.8200297
1725351686.8205347
1725351686.9108787
1725351686.9113166
1725351686.95002
1725351686.9509408
1725351686.9515653
1725351686.969012
1725351687.0107777
1725351687.0389023
1725351687.05158
1725351687.0523663
1725351687.059616
1725351687.0601866
1725351687.113249
1725351687.1137657
1725351687.1142368
1725351687.146736
1725351687.1748567
1725351687.1758072
1725351687.178068
1725351687.2055085
1725351687.2212079
1725351687.2286363
1725351687.2914119
1725351687.2918928
1725351687.3191888
1725351687.3200817
1725351687.3524554
1725351687.3601
1725351687.381934
1725351687.3829741
1725351687.395815
1725351687.5366044
1725351687.5374098
1725351687.5383368
1725351687.539514
1725351687.5399857
1725351687.565615
1725351687.5675962
1725351687.5692596
1725351687.6288202
1725351687.6331313
1725351687.6339138
1725351687.6685019
1725351687.6821198
1725351687.7182646
1725351687.7197354
1725351687.7481983
1725351687.774892
1725351687.775372
1725351687.8000433
1725351687.801453
1725351687.827038
1725351687.8651652
1725351687.8661451
1725351687.8900142
1725351687.9742093
1725351687.974799
1725351688.0379462
1725351688.0425093
1725351688.0499797
1725351688.0631714
1725351688.0636642
1725351688.0641637
1725351688.08113
1725351688.1236684
1725351688.1242442
1725351688.1551993
1725351688.1717873
1725351688.1727939
1725351688.2078645
1725351688.2093349
1725351688.2239854
1725351688.237912
1725351688.2949355
1725351688.2953668
1725351688.304003
1725351688.3593116
1725351688.390973
1725351688.393149
1725351688.4072487
1725351688.4100592
1725351688.4272714
1725351688.4354632
1725351688.4618921
1725351688.4762256
1725351688.559893
1725351688.5605016
1725351688.56053
1725351688.5605462
1725351688.5852232
1725351688.6341026
1725351688.668076
1725351688.6836786
1725351688.6844409
1725351688.7557104
1725351688.7562826
1725351688.7633045
1725351688.851632
1725351688.8521156
1725351688.852626
1725351688.853105
1725351688.85392
1725351688.8600295
1725351688.8765392
1725351688.9234142
1725351688.92544
1725351689.0367463
1725351689.038748
1725351689.0639675
1725351689.0721867
1725351689.072653
1725351689.07368
1725351689.1023445
1725351689.1207955
1725351689.1404438
1725351689.2401612
1725351689.2421505
1725351689.242974
1725351689.2491496
1725351689.2500956
1725351689.250944
1725351689.2552845
1725351689.3232884
1725351689.3426723
1725351689.3432136
1725351689.3439581
1725351689.3605728
1725351689.4052777
1725351689.5000718
1725351689.500707
1725351689.5155814
1725351689.5162694
1725351689.5167327
1725351689.565947
1725351689.5666878
1725351689.567203
1725351689.6855543
1725351689.6934764
1725351689.730938
1725351689.731868
1725351689.7326093
1725351689.7333803
1725351689.8193195
1725351689.826162
1725351689.8274887
1725351689.8417418
1725351689.8693712
1725351689.870801
1725351689.8714073
1725351689.9009209
1725351689.9907138
1725351690.0727842
1725351690.0736454
1725351690.075349
1725351690.1142097
1725351690.1224236
1725351690.1521447
1725351690.1526167
1725351690.1530814
1725351690.1725812
1725351690.1740913
1725351690.1754043
1725351690.1956675
1725351690.1969275
1725351690.211781
1725351690.2122686
1725351690.2130532
1725351690.2142117
1725351690.2159083
1725351690.2800043
1725351690.2812421
1725351690.2842438
1725351690.296269
1725351690.2970395
1725351690.439492
1725351690.444736
1725351690.457479
1725351690.458206
1725351690.4985871
1725351690.5004485
1725351690.502602
1725351690.5109572
1725351690.5116818
1725351690.5126145
1725351690.5208664
1725351690.5221028
1725351690.57553
1725351690.5996802
1725351690.6001887
1725351690.6063173
1725351690.6588576
1725351690.6594205
1725351690.6613238
1725351690.6820767
1725351690.6952703
1725351690.7538335
1725351690.7631655
1725351690.7689111
1725351690.7693624
1725351690.7770681
1725351690.8118665
1725351690.8336647
1725351690.8491178
1725351690.9349627
1725351690.9378357
1725351690.957066
1725351690.9576888
1725351690.9581387
1725351690.9744127
1725351691.0565376
1725351691.0580823
1725351691.068553
1725351691.069294
1725351691.1706002
1725351691.2242315
1725351691.2262287
1725351691.233634
1725351691.2618454
1725351691.262294
1725351691.2910671
1725351691.2932272
1725351691.2939155
1725351691.303024
1725351691.303569
1725351691.313002
1725351691.3709025
1725351691.372639
1725351691.3878398
1725351691.3886542
1725351691.3989744
1725351691.4275699
1725351691.4290926
1725351691.4599001
1725351691.5268426
1725351691.5276246
1725351691.5376375
1725351691.5387197
1725351691.539411
1725351691.5452912
1725351691.5712104
1725351691.6127815
1725351691.613491
1725351691.6642196
1725351691.6655622
1725351691.666369
1725351691.6683824
1725351691.6935468
1725351691.7025526
1725351691.7271087
1725351691.79554
1725351691.8032527
1725351691.8526976
1725351691.8634753
1725351691.867675
1725351691.8681128
1725351691.9540899
1725351691.9642875
1725351691.9649093
1725351691.9649384
1725351691.964962
1725351691.976881
1725351692.0339208
1725351692.0434372
1725351692.206354
1725351692.2073352
1725351692.2080889
1725351692.2086172
1725351692.2091727
1725351692.2235293
1725351692.2240348
1725351692.2245162
1725351692.2265265
1725351692.2759805
1725351692.2766082
1725351692.2850475
1725351692.3545163
1725351692.3589644
1725351692.384921
1725351692.3854191
1725351692.3953373
1725351692.5509982
1725351692.5557601
1725351692.5566704
1725351692.5839303
1725351692.5857787
1725351692.6353033
1725351692.648236
1725351692.6487377
1725351692.653807
1725351692.6860895
1725351692.6875112
1725351692.6880946
1725351692.6965563
1725351692.6973858
1725351692.697924
1725351692.704363
1725351692.7592583
1725351692.7694354
1725351692.8197556
1725351692.8265505
1725351692.827238
1725351692.8277664
1725351692.8329825
1725351692.8487813
1725351692.8963027
1725351692.896852
1725351692.8973064
1725351692.909801
1725351692.950023
1725351693.0198555
1725351693.0203657
1725351693.0571833
1725351693.0655699
1725351693.0660193
1725351693.0669563
1725351693.1052508
1725351693.1270394
1725351693.178494
1725351693.1949296
1725351693.1954036
1725351693.215055
1725351693.2566285
1725351693.2570996
1725351693.28386
1725351693.3282318
1725351693.3735754
1725351693.3921092
1725351693.3926253
1725351693.5502603
1725351693.550877
1725351693.5635812
1725351693.564047
1725351693.5645072
1725351693.6012242
1725351693.6100671
1725351693.6391368
1725351693.678629
1725351693.6792006
1725351693.6940246
1725351693.7127464
1725351693.7661698
1725351693.767068
1725351693.7742379
1725351693.7820885
1725351693.7986193
1725351693.8227255
1725351693.853054
1725351693.863492
1725351693.8818803
1725351693.9552069
1725351693.956228
1725351693.9722302
1725351693.97936
1725351693.9804306
1725351693.986305
1725351694.0065227
1725351694.0289276
1725351694.0482798
1725351694.101659
1725351694.1140127
1725351694.1154525
1725351694.1297581
1725351694.151666
1725351694.1521158
1725351694.1910675
1725351694.214973
1725351694.3370595
1725351694.3380172
1725351694.3567789
1725351694.3572922
1725351694.358184
1725351694.358641
1725351694.3625388
1725351694.4153965
1725351694.4208202
1725351694.4279857
1725351694.4353023
1725351694.436742
1725351694.4901612
1725351694.505819
1725351694.5188398
1725351694.547708
1725351694.5483084
1725351694.555633
1725351694.7166076
1725351694.7376306
1725351694.740015
1725351694.7405057
1725351694.7794333
1725351694.816391
1725351694.816727
1725351694.8337028
1725351694.834244
1725351694.8602364
1725351694.8608012
1725351694.8735433
1725351694.925036
1725351694.9454165
1725351694.9467497
1725351694.949659
1725351694.9760573
1725351694.9768934
1725351695.0041645
1725351695.029688
1725351695.0300074
1725351695.060852
1725351695.0624576
1725351695.132568
1725351695.133814
1725351695.2267897
1725351695.239423
1725351695.240538
1725351695.2412963
1725351695.2601078
1725351695.2610025
1725351695.261706
1725351695.2730072
1725351695.3552337
1725351695.3649983
1725351695.3650963
1725351695.3651793
1725351695.3727813
1725351695.4553952
1725351695.5336664
1725351695.5556085
1725351695.5675495
1725351695.568671
1725351695.5695844
1725351695.5712306
1725351695.6278234
1725351695.628256
1725351695.6670501
1725351695.6679282
1725351695.7193868
1725351695.7205536
1725351695.7273219
1725351695.7751224
1725351695.8076086
1725351695.8080816
1725351695.808565
1725351695.822142
1725351695.8229556
1725351695.8295002
1725351695.8521678
1725351695.943751
1725351695.9993038
1725351696.0021117
1725351696.0034065
1725351696.0177937
1725351696.0548565
1725351696.0559242
1725351696.0567698
1725351696.0579443
1725351696.060697
1725351696.120415
1725351696.121214
1725351696.1241548
1725351696.1248975
1725351696.125375
1725351696.182825
1725351696.192301
1725351696.2005558
1725351696.201747
1725351696.2389765
1725351696.2394376
1725351696.24726
1725351696.3075504
1725351696.308495
1725351696.3811011
1725351696.3900871
1725351696.3999443
1725351696.4008398
1725351696.469499
1725351696.4707487
1725351696.4762878
1725351696.4804728
1725351696.5013864
1725351696.5194
1725351696.5198264
1725351696.5259688
1725351696.5746396
1725351696.581613
1725351696.623546
1725351696.6769633
1725351696.6780672
1725351696.7153006
1725351696.72392
1725351696.7245417
1725351696.7521
1725351696.7927287
1725351696.7932189
1725351696.8001125
1725351696.8641944
1725351696.8723428
1725351696.8742492
1725351696.9096465
1725351696.9102514
1725351696.9332945
1725351696.9350157
1725351696.963618
1725351696.9640906
1725351696.9645596
1725351696.9925854
1725351697.0166075
1725351697.0174716
1725351697.040451
1725351697.0796375
1725351697.0807664
1725351697.1414688
1725351697.1425395
1725351697.1621518
1725351697.166476
1725351697.1678336
1725351697.1993232
1725351697.2630174
1725351697.2637236
1725351697.2674375
1725351697.268378
1725351697.3037775
1725351697.3159323
1725351697.335847
1725351697.3373616
1725351697.3756618
1725351697.4195
1725351697.4210386
1725351697.4435658
1725351697.5423434
1725351697.5429707
1725351697.5748868
1725351697.5757887
1725351697.5766833
1725351697.5841794
1725351697.5951111
1725351697.598089
1725351697.6059558
1725351697.6195428
1725351697.6943858
1725351697.6959383
1725351697.696386
1725351697.697738
1725351697.7545056
1725351697.7699769
1725351697.861934
1725351697.862784
1725351697.8652835
1725351697.8665776
1725351697.8692157
1725351697.9060302
1725351697.9200704
1725351697.9205563
1725351697.9340608
1725351697.9345126
1725351697.9566765
1725351697.985768
1725351697.9865017
1725351698.0651393
1725351698.133452
1725351698.1541314
1725351698.1554284
1725351698.1560578
1725351698.1856186
1725351698.1877756
1725351698.1887467
1725351698.225254
1725351698.2261739
1725351698.2607687
1725351698.26247
1725351698.2687137
1725351698.2703578
1725351698.2737215
1725351698.274205
1725351698.3220673
1725351698.329029
1725351698.3300095
1725351698.3570752
1725351698.3577983
1725351698.410601
1725351698.4117079
1725351698.412897
1725351698.4209836
1725351698.458698
1725351698.4661012
1725351698.5012288
1725351698.5018444
1725351698.5947416
1725351698.6171138
1725351698.618581
1725351698.6257374
1725351698.6262567
1725351698.6467166
1725351698.6691093
1725351698.6691651
1725351698.6751215
1725351698.7052104
1725351698.949497
1725351698.9501567
1725351698.9619353
1725351698.9776597
1725351698.9792993
1725351698.9797804
1725351698.9984214
1725351699.0066218
1725351699.0074701
1725351699.0346148
1725351699.03531
1725351699.0358026
1725351699.0380168
1725351699.0386827
1725351699.1729681
1725351699.177697
1725351699.2199254
1725351699.2205844
1725351699.2210495
1725351699.2430055
1725351699.2707467
1725351699.2713273
1725351699.2751076
1725351699.304986
1725351699.3059175
1725351699.3064396
1725351699.3355021
1725351699.33702
1725351699.3806076
1725351699.381717
1725351699.4238997
1725351699.4253929
1725351699.4357913
1725351699.4383461
1725351699.4388611
1725351699.4692547
1725351699.4768202
1725351699.5214128
1725351699.5569751
1725351699.559357
1725351699.5598907
1725351699.626559
1725351699.6362576
1725351699.637161
1725351699.6378596
1725351699.6750717
1725351699.6760035
1725351699.7074082
1725351699.7533066
1725351699.7537844
1725351699.7661858
1725351699.8168285
1725351699.817435
1725351699.8196535
1725351699.8502495
1725351699.8959167
1725351699.904912
1725351699.9060826
1725351699.9362557
1725351700.0650826
1725351700.0676095
1725351700.0689213
1725351700.0902643
1725351700.1022844
1725351700.1087642
1725351700.110047
1725351700.117318
1725351700.2158694
1725351700.2171814
1725351700.2561407
1725351700.2568974
1725351700.268057
1725351700.2897544
1725351700.3656154
1725351700.385805
1725351700.3862941
1725351700.38692
1725351700.3873978
1725351700.3879187
1725351700.3895643
1725351700.391455
1725351700.434507
1725351700.435841
1725351700.4385138
1725351700.4525812
1725351700.4539776
1725351700.4909792
1725351700.4916964
1725351700.5138922
1725351700.5157382
1725351700.5472763
1725351700.562935
1725351700.5861466
1725351700.593003
1725351700.6233647
1725351700.64098
1725351700.6775959
1725351700.6791825
1725351700.6944063
1725351700.6959405
1725351700.7165504
1725351700.9219065
1725351700.922558
1725351700.9347408
1725351700.9569902
1725351700.967966
1725351700.9701142
1725351700.9733713
1725351701.0124779
1725351701.0127747
1725351701.069361
1725351701.0717008
1725351701.087569
1725351701.1193762
1725351701.1198323
1725351701.1469052
1725351701.1475942
1725351701.1482084
1725351701.2029665
1725351701.211651
1725351701.2183287
1725351701.2194006
1725351701.2201886
1725351701.2267962
1725351701.2284296
1725351701.2567928
1725351701.2594008
1725351701.3299727
1725351701.3305745
1725351701.3310702
1725351701.4127738
1725351701.4195354
1725351701.4199893
1725351701.433747
1725351701.4342856
1725351701.4387848
1725351701.4592183
1725351701.4596808
1725351701.4604368
1725351701.5106642
1725351701.5117826
1725351701.533651
1725351701.5341866
1725351701.5518084
1725351701.553165
1725351701.5726953
1725351701.5945141
1725351701.6100998
1725351701.6286275
1725351701.6670089
1725351701.674389
1725351701.675325
1725351701.7095988
1725351701.7102163
1725351701.725556
1725351701.7468417
1725351701.7523513
1725351701.864239
1725351701.8652785
1725351701.8777099
1725351701.8868377
1725351701.9576693
1725351701.9585445
1725351701.9595168
1725351701.9608645
1725351701.9730477
1725351701.9735003
1725351702.0005252
1725351702.0013735
1725351702.0518262
1725351702.051853
1725351702.1039262
1725351702.1115584
1725351702.1228623
1725351702.2294528
1725351702.2301269
1725351702.2658138
1725351702.2663913
1725351702.3065314
1725351702.3174255
1725351702.3182142
1725351702.319036
1725351702.329128
1725351702.3301797
1725351702.3685284
1725351702.3701055
1725351702.3919163
1725351702.392772
1725351702.4357731
1725351702.477538
1725351702.4928362
1725351702.5240293
1725351702.52449
1725351702.5480363
1725351702.5492678
1725351702.5572634
1725351702.629514
1725351702.637772
1725351702.6391077
1725351702.6593177
1725351702.6609483
1725351702.6797826
1725351702.7116256
1725351702.712156
1725351702.739693
1725351702.7430966
1725351702.7667975
1725351702.7760954
1725351702.8283744
1725351702.828831
1725351702.835884
1725351702.8975055
1725351702.936042
1725351702.9366274
1725351702.9388545
1725351702.9492867
1725351702.957704
1725351702.9828207
1725351703.021655
1725351703.0232496
1725351703.0708196
1725351703.1077657
1725351703.1090333
1725351703.1109512
1725351703.1234577
1725351703.202259
1725351703.2431319
1725351703.245335
1725351703.255241
1725351703.2715394
1725351703.2730346
1725351703.2734876
1725351703.2782915
1725351703.3739498
1725351703.3758125
1725351703.377971
1725351703.419545
1725351703.4798317
1725351703.5499249
1725351703.6106868
1725351703.6114883
1725351703.612587
1725351703.618664
1725351703.6268802
1725351703.6274726
1725351703.669245
1725351703.7148104
1725351703.7149374
1725351703.7207856
1725351703.7212749
1725351703.744418
1725351703.7466757
1725351703.7534509
1725351703.7539098
1725351703.7632377
1725351703.7800763
1725351703.7806394
1725351703.7965918
1725351703.7980993
1725351703.8340082
1725351703.8348958
1725351703.8963873
1725351703.897976
1725351703.9036162
1725351703.9041898
1725351703.9654052
1725351703.966218
1725351703.9750226
1725351703.9858427
1725351704.039151
1725351704.0403821
1725351704.0506086
1725351704.0512848
1725351704.0690842
1725351704.08687
1725351704.1198354
1725351704.1277382
1725351704.1541216
1725351704.1890838
1725351704.2124395
1725351704.232645
1725351704.233132
1725351704.2401588
1725351704.2725172
1725351704.285249
1725351704.3348012
1725351704.344335
1725351704.3472729
1725351704.3738089
1725351704.3949533
1725351704.410341
1725351704.4249082
1725351704.490096
1725351704.4913828
1725351704.5352175
1725351704.5364423
1725351704.5391366
1725351704.553622
1725351704.6023812
1725351704.6057196
1725351704.6899078
1725351704.7053053
1725351704.70642
1725351704.712749
1725351704.7145596
1725351704.722758
1725351704.7232318
1725351704.759573
1725351704.7661595
1725351704.7899158
1725351704.796885
1725351704.8121803
1725351704.8311203
1725351704.8648744
1725351704.8683906
1725351704.9518297
1725351704.9697325
1725351705.0131876
1725351705.013642
1725351705.0143435
1725351705.070489
1725351705.0846288
1725351705.0853152
1725351705.0865102
1725351705.094448
1725351705.1064842
1725351705.1072562
1725351705.1092095
1725351705.1098135
1725351705.11852
1725351705.2298863
1725351705.230851
1725351705.2549472
1725351705.2579906
1725351705.272167
1725351705.2734284
1725351705.3056333
1725351705.3063834
1725351705.3069942
1725351705.3125422
1725351705.3253727
1725351705.3691788
1725351705.3820806
1725351705.3836782
1725351705.4009461
1725351705.4411232
1725351705.483978
1725351705.4873292
1725351705.50826
1725351705.520512
1725351705.577932
1725351705.5858767
1725351705.7109506
1725351705.7123246
1725351705.7228093
1725351705.7256124
1725351705.726422
1725351705.7449048
1725351705.7476168
1725351705.7481158
1725351705.7885396
1725351705.7892601
1725351705.7981186
1725351705.8666062
1725351705.8750181
1725351705.8762844
1725351705.8841705
1725351705.8846488
1725351705.9020596
1725351705.991246
1725351706.0081444
1725351706.0127587
1725351706.0417295
1725351706.0431168
1725351706.0438452
1725351706.0642133
1725351706.0648713
1725351706.0722055
1725351706.102796
1725351706.1215508
1725351706.1683524
1725351706.1696012
1725351706.1742227
1725351706.2496684
1725351706.2507622
1725351706.2944787
1725351706.3176086
1725351706.3184195
1725351706.3189678
1725351706.3225665
1725351706.3998644
1725351706.4009817
1725351706.4358847
1725351706.4366539
1725351706.438145
1725351706.4425225
1725351706.5061803
1725351706.5078688
1725351706.5232103
1725351706.5239491
1725351706.5319858
1725351706.5824065
1725351706.6138284
1725351706.6169376
1725351706.6592345
1725351706.6838505
1725351706.6847618
1725351706.6891835
1725351706.707225
1725351706.7315934
1725351706.78333
1725351706.785727
1725351706.8222835
1725351706.8239648
1725351706.844458
1725351706.8656716
1725351706.8669322
1725351706.9358022
1725351706.9367507
1725351706.9597402
1725351706.970036
1725351706.972055
1725351706.9866009
1725351706.9884174
1725351707.011095
1725351707.0372128
1725351707.080716
1725351707.0819287
1725351707.0841413
1725351707.1311183
1725351707.161999
1725351707.1636202
1725351707.1758826
1725351707.1860378
1725351707.2354245
1725351707.2367382
1725351707.23842
1725351707.2450616
1725351707.2698286
1725351707.3564444
1725351707.357553
1725351707.3701184
1725351707.371303
1725351707.3724158
1725351707.3898022
1725351707.4045172
1725351707.4123094
1725351707.4538827
1725351707.4640763
1725351707.4649937
1725351707.5330384
1725351707.5344157
1725351707.5562584
1725351707.557476
1725351707.5708451
1725351707.5981605
1725351707.5988636
1725351707.607503
1725351707.66168
1725351707.6685672
1725351707.6807334
1725351707.7085195
1725351707.7556028
1725351707.756643
1725351707.8364406
1725351707.8376625
1725351707.9336476
1725351707.9368126
1725351707.9426053
1725351707.9433544
1725351707.972904
1725351707.9740407
1725351707.978911
1725351707.9996374
1725351708.0124636
1725351708.0140147
1725351708.1383033
1725351708.1395607
1725351708.1612003
1725351708.2044852
1725351708.2054973
1725351708.292257
1725351708.3408985
1725351708.3416615
1725351708.3428721
1725351708.3507066
1725351708.3511913
1725351708.3517754
1725351708.3524265
1725351708.3694408
1725351708.3701637
1725351708.371675
1725351708.3726678
1725351708.4163811
1725351708.417269
1725351708.4183414
1725351708.4321954
1725351708.4396503
1725351708.4401858
1725351708.4944701
1725351708.561868
1725351708.562593
1725351708.5632696
1725351708.5715365
1725351708.5719914
1725351708.5957735
1725351708.5966465
1725351708.604606
1725351708.6132522
1725351708.672972
1725351708.6759593
1725351708.6764266
1725351708.6772418
1725351708.6886349
1725351708.6897347
1725351708.8320181
1725351708.8328838
1725351708.8329444
1725351708.8329718
1725351708.8348598
1725351708.842624
1725351708.8826857
1725351708.897484
1725351708.9110565
1725351708.9619853
1725351709.0308995
1725351709.032138
1725351709.0743308
1725351709.0748878
1725351709.0886245
1725351709.0918908
1725351709.1030285
1725351709.107961
1725351709.108466
1725351709.150183
1725351709.1513748
1725351709.1686916
1725351709.20515
1725351709.2261446
1725351709.2310867
1725351709.3168461
1725351709.3174615
1725351709.3181071
1725351709.3558578
1725351709.3582587
1725351709.381469
1725351709.4055448
1725351709.406917
1725351709.4567933
1725351709.457471
1725351709.4582136
1725351709.5056798
1725351709.5061545
1725351709.5327923
1725351709.5530124
1725351709.5535908
1725351709.5560813
1725351709.565817
1725351709.5840654
1725351709.6226385
1725351709.644688
1725351709.6457887
1725351709.6571875
1725351709.7271392
1725351709.7290356
1725351709.729952
1725351709.7381277
1725351709.7386084
1725351709.7681065
1725351709.8546305
1725351709.925406
1725351709.9268267
1725351709.927399
1725351709.93571
1725351709.93727
1725351709.9380639
1725351710.0064144
1725351710.0267866
1725351710.0272915
1725351710.0277376
1725351710.0532444
1725351710.0737016
1725351710.0946321
1725351710.0952456
1725351710.1361787
1725351710.1689918
1725351710.1699789
1725351710.1948037
1725351710.254442
1725351710.2558844
1725351710.2678316
1725351710.2688868
1725351710.2904027
1725351710.2920208
1725351710.356324
1725351710.3572347
1725351710.3718755
1725351710.3993707
1725351710.4227583
1725351710.4232178
1725351710.4241846
1725351710.4382453
1725351710.4565084
1725351710.4784448
1725351710.491689
1725351710.5467088
1725351710.5530827
1725351710.5540526
1725351710.5725574
1725351710.6108718
1725351710.6492877
1725351710.6498573
1725351710.7023716
1725351710.7170897
1725351710.7177105
1725351710.7181711
1725351710.7476864
1725351710.7487116
1725351710.755526
1725351710.80513
1725351710.8485372
1725351710.8500175
1725351710.874925
1725351710.875708
1725351710.8851814
1725351710.9037507
1725351710.937771
1725351710.944947
1725351710.9461842
1725351710.9536347
1725351710.9758763
1725351711.0249474
1725351711.025778
1725351711.0389726
1725351711.0665731
1725351711.127605
1725351711.1303606
1725351711.1310158
1725351711.164046
1725351711.2075763
1725351711.3060446
1725351711.306532
1725351711.3072128
1725351711.3076625
1725351711.3087463
1725351711.39567
1725351711.3973684
1725351711.4189537
1725351711.4706862
1725351711.471246
1725351711.4733584
1725351711.4752967
1725351711.4762247
1725351711.5039303
1725351711.5821292
1725351711.5988462
1725351711.599854
1725351711.6213782
1725351711.6224887
1725351711.622997
1725351711.6317844
1725351711.653962
1725351711.6558151
1725351711.6578197
1725351711.6596267
1725351711.6785219
1725351711.6801066
1725351711.7099965
1725351711.7115526
1725351711.7366016
1725351711.7606342
1725351711.7611744
1725351711.802003
1725351711.8603137
1725351711.8607874
1725351711.8624067
1725351711.8641791
1725351711.8646505
1725351711.9904678
1725351711.992597
1725351712.0309584
1725351712.062791
1725351712.063384
1725351712.064728
1725351712.1041725
1725351712.104624
1725351712.1051133
1725351712.1071253
1725351712.1524055
1725351712.1530242
1725351712.153052
1725351712.1931436
1725351712.1936903
1725351712.208876
1725351712.3161163
1725351712.3546288
1725351712.356029
1725351712.3710387
1725351712.4273772
1725351712.4385087
1725351712.4390252
1725351712.4395404
1725351712.4473104
1725351712.5125115
1725351712.513346
1725351712.513946
1725351712.5144498
1725351712.5149825
1725351712.546965
1725351712.5502129
1725351712.567372
1725351712.5678606
1725351712.5885754
1725351712.5974991
1725351712.618413
1725351712.7022293
1725351712.7245193
1725351712.7501404
1725351712.7507632
1725351712.7557924
1725351712.7650852
1725351712.7664437
1725351712.7843456
1725351712.8395846
1725351712.8402152
1725351712.860905
1725351712.861552
1725351712.8901894
1725351712.891129
1725351712.916158
1725351712.9757695
1725351713.0582056
1725351713.08234
1725351713.104717
1725351713.1054206
1725351713.1060004
1725351713.1080086
1725351713.1146584
1725351713.1154041
1725351713.127534
1725351713.128171
1725351713.1888094
1725351713.2649534
1725351713.2706249
1725351713.2715979
1725351713.2869105
1725351713.2881653
1725351713.295219
1725351713.3367393
1725351713.3472333
1725351713.3925524
1725351713.4067256
1725351713.4589324
1725351713.4665916
1725351713.4876854
1725351713.5196133
1725351713.5358539
1725351713.5527108
1725351713.57488
1725351713.6075299
1725351713.6203005
1725351713.6314416
1725351713.6560943
1725351713.6962156
1725351713.7570798
1725351713.7587478
1725351713.7716062
1725351713.772104
1725351713.7840698
1725351713.784569
1725351713.7985663
1725351713.8304384
1725351713.8331373
1725351713.84442
1725351713.9655235
1725351713.9667256
1725351713.9672513
1725351713.9750884
1725351713.9797788
1725351714.0168996
1725351714.057138
1725351714.0962563
1725351714.0968168
1725351714.1015794
1725351714.1020558
1725351714.1353362
1725351714.1587372
1725351714.160104
1725351714.190005
1725351714.19054
1725351714.1911485
1725351714.2693758
1725351714.2724862
1725351714.2729766
1725351714.31331
1725351714.3143396
1725351714.3361375
1725351714.375262
1725351714.3757336
1725351714.3855278
1725351714.3860238
1725351714.430243
1725351714.437107
1725351714.4494388
1725351714.4941318
1725351714.5098548
1725351714.5383217
1725351714.5388536
1725351714.5489888
1725351714.6282659
1725351714.6293647
1725351714.629834
1725351714.6368687
1725351714.6675355
1725351714.6686254
1725351714.7449856
1725351714.7571676
1725351714.7636206
1725351714.7640939
1725351714.8020408
1725351714.8029087
1725351714.8158484
1725351714.8222556
1725351714.8507805
1725351714.8998523
1725351714.917753
1725351714.9191296
1725351714.919794
1725351714.9316967
1725351714.9599009
1725351714.9804063
1725351714.9815197
1725351715.0071836
1725351715.0258994
1725351715.0417616
1725351715.081208
1725351715.0820565
1725351715.0890849
1725351715.1265028
1725351715.1275468
1725351715.186842
1725351715.1877937
1725351715.198812
1725351715.2021577
1725351715.2424557
1725351715.242996
1725351715.2504833
1725351715.2709122
1725351715.2888365
1725351715.2893271
1725351715.3355565
1725351715.3636744
1725351715.3642392
1725351715.388797
1725351715.3892834
1725351715.435923
1725351715.4985409
1725351715.4998858
1725351715.5652483
1725351715.5658226
1725351715.5658498
1725351715.5658724
1725351715.5672867
1725351715.5871387
1725351715.6271272
1725351715.6654928
1725351715.666199
1725351715.6978264
1725351715.7111447
1725351715.7306798
1725351715.7731688
1725351715.7737365
1725351715.8380654
1725351715.8397572
1725351715.8515062
1725351715.8623886
1725351715.87444
1725351715.8749616
1725351715.889501
1725351715.9201097
1725351715.9726143
1725351715.9730878
1725351715.974442
1725351716.087607
1725351716.088827
1725351716.089902
1725351716.0987127
1725351716.100172
1725351716.1129153
1725351716.1138859
1725351716.2466288
1725351716.2475326
1725351716.361118
1725351716.3619146
1725351716.3752978
1725351716.3759985
1725351716.3879848
1725351716.3888094
1725351716.3892965
1725351716.3907828
1725351716.4217145
1725351716.4221575
1725351716.4399455
1725351716.49619
1725351716.497263
1725351716.5224473
1725351716.524178
1725351716.5803845
1725351716.5808575
1725351716.6053655
1725351716.6058362
1725351716.606405
1725351716.6254165
1725351716.6262383
1725351716.6283233
1725351716.6304662
1725351716.6309884
1725351716.6438835
1725351716.6917446
1725351716.6924942
1725351716.7190993
1725351716.8398523
1725351716.8416386
1725351716.8503413
1725351716.8649774
1725351716.8659303
1725351716.8881688
1725351716.8886285
1725351716.9237816
1725351716.9316056
1725351716.9482121
1725351717.004505
1725351717.0058255
1725351717.0118754
1725351717.017359
1725351717.1213458
1725351717.1496823
1725351717.1526287
1725351717.1536765
1725351717.2004633
1725351717.2011013
1725351717.2015698
1725351717.2045693
1725351717.223227
1725351717.2428317
1725351717.2558942
1725351717.320256
1725351717.3211265
1725351717.3236394
1725351717.3358455
1725351717.3365545
1725351717.3521469
1725351717.3538158
1725351717.3730454
1725351717.4293163
1725351717.4632106
1725351717.4643707
1725351717.4946423
1725351717.4954782
1725351717.512878
1725351717.5156012
1725351717.527197
1725351717.5284286
1725351717.5590305
1725351717.668546
1725351717.6697369
1725351717.6701987
1725351717.6856692
1725351717.6864545
1725351717.7173655
1725351717.718275
1725351717.7264814
1725351717.727046
1725351717.8168566
1725351717.8340192
1725351717.834509
1725351717.838568
1725351717.8395097
1725351717.8512983
1725351717.8650036
1725351717.918132
1725351717.9257083
1725351717.9262652
1725351718.0901706
1725351718.091267
1725351718.1683426
1725351718.169766
1725351718.171245
1725351718.171793
1725351718.2893987
1725351718.28987
1725351718.298718
1725351718.2992003
1725351718.3194284
1725351718.3220067
1725351718.3239264
1725351718.3244479
1725351718.3811417
1725351718.422039
1725351718.4613714
1725351718.4725134
1725351718.4730473
1725351718.473516
1725351718.4912767
1725351718.4917672
1725351718.4931722
1725351718.5017164
1725351718.533969
1725351718.630354
1725351718.6408348
1725351718.6412723
1725351718.6417453
1725351718.6422043
1725351718.6426983
1725351718.664289
1725351718.743233
1725351718.7704678
1725351718.7710514
1725351718.771572
1725351718.772045
1725351718.7778702
1725351718.832706
1725351718.8424025
1725351718.9861448
1725351718.9868493
1725351718.9877274
1725351718.9877522
1725351719.0274942
1725351719.0321736
1725351719.1574621
1725351719.1580913
1725351719.2733176
1725351719.2737775
1725351719.2814581
1725351719.284805
1725351719.325578
1725351719.3261836
1725351719.3336802
1725351719.460939
1725351719.4840024
1725351719.4924226
1725351719.493048
1725351719.5226815
1725351719.5234034
1725351719.5246882
1725351719.5618014
1725351719.5929153
1725351719.5942235
1725351719.5947945
1725351719.620743
1725351719.6214943
1725351719.6219435
1725351719.6223998
1725351719.659916
1725351719.6854405
1725351719.7321637
1725351719.7326155
1725351719.737406
1725351719.7378466
1725351719.7711906
1725351719.8292916
1725351719.833692
1725351719.8343625
1725351719.8407428
1725351719.8422449
1725351719.8497963
1725351719.8513908
1725351719.869434
1725351719.9199111
1725351719.948649
1725351719.9594593
1725351719.9762113
1725351719.9851713
1725351720.0508816
1725351720.0526338
1725351720.060456
1725351720.1098921
1725351720.1196175
1725351720.1204095
1725351720.150443
1725351720.151555
1725351720.1754713
1725351720.2223175
1725351720.237876
1725351720.2452714
1725351720.3001275
1725351720.3017087
1725351720.332962
1725351720.3577833
1725351720.4626622
1725351720.4666162
1725351720.4711962
1725351720.4720025
1725351720.5009222
1725351720.5123315
1725351720.5136044
1725351720.5527515
1725351720.5534086
1725351720.556504
1725351720.566856
1725351720.5681622
1725351720.5916243
1725351720.6017585
1725351720.6308336
1725351720.6314209
1725351720.6496472
1725351720.699805
1725351720.7009795
1725351720.7579482
1725351720.7586212
1725351720.7656755
1725351720.7814474
1725351720.7833185
1725351720.8297634
1725351720.9251585
1725351720.9264297
1725351720.9577677
1725351720.9589455
1725351720.9666057
1725351720.9672608
1725351720.9732168
1725351720.9881732
1725351720.9892871
1725351720.9990273
1725351721.0029004
1725351721.0482726
1725351721.0828543
1725351721.0834658
1725351721.1031501
1725351721.1128676
1725351721.1504622
1725351721.1509922
1725351721.2203274
1725351721.2488186
1725351721.309557
1725351721.3146138
1725351721.3151636
1725351721.323715
1725351721.3244016
1725351721.3258255
1725351721.3632672
1725351721.423068
1725351721.461758
1725351721.4631686
1725351721.5106077
1725351721.511843
1725351721.5589592
1725351721.5602252
1725351721.5655613
1725351721.577412
1725351721.5782428
1725351721.579086
1725351721.5925694
1725351721.717098
1725351721.7184706
1725351721.7244484
1725351721.7253528
1725351721.7567155
1725351721.7580662
1725351721.7639184
1725351721.7648082
1725351721.8010678
1725351721.80157
1725351721.8221846
1725351721.8241963
1725351721.849966
1725351721.8508296
1725351721.85322
1725351721.9034963
1725351721.9047549
1725351721.9160323
1725351721.9180508
1725351721.9363673
1725351721.9493394
1725351722.0088563
1725351722.0101614
1725351722.017635
1725351722.018791
1725351722.1205032
1725351722.1509852
1725351722.1518264
1725351722.1527843
1725351722.224325
1725351722.252498
1725351722.252971
1725351722.2536786
1725351722.2713084
1725351722.272695
1725351722.2871284
1725351722.306797
1725351722.367721
1725351722.3999462
1725351722.4424722
1725351722.4512947
1725351722.4518986
1725351722.50246
1725351722.5030808
1725351722.5089526
1725351722.5396621
1725351722.5401375
1725351722.5737293
1725351722.5745459
1725351722.5820463
1725351722.5973792
1725351722.6589742
1725351722.6594453
1725351722.6599202
1725351722.7044299
1725351722.7274635
1725351722.7419882
1725351722.7599177
1725351722.7752783
1725351722.8160024
1725351722.816761
1725351722.8293734
1725351722.8509784
1725351722.8704715
1725351722.8790357
1725351722.9510703
1725351722.9521194
1725351723.0296545
1725351723.0314944
1725351723.0459514
1725351723.0469656
1725351723.0563278
1725351723.1332827
1725351723.1337848
1725351723.1347167
1725351723.141335
1725351723.141777
1725351723.2401652
1725351723.3968503
1725351723.3980732
1725351723.398976
1725351723.4736164
1725351723.4753852
1725351723.4758363
1725351723.4839406
1725351723.4850512
1725351723.4855022
1725351723.502321
1725351723.522378
1725351723.5231524
1725351723.5238798
1725351723.5327816
1725351723.5347102
1725351723.5660245
1725351723.5991728
1725351723.65624
1725351723.6568446
1725351723.6577294
1725351723.6667268
1725351723.6783047
1725351723.680678
1725351723.6817343
1725351723.6886837
1725351723.6896844
1725351723.705112
1725351723.705706
1725351723.730343
1725351723.7795408
1725351723.780293
1725351723.7891955
1725351723.8475115
1725351723.8537338
1725351723.8546371
1725351723.8658764
1725351723.892387
1725351723.9164174
1725351723.917611
1725351723.939826
1725351723.9605758
1725351723.9683347
1725351723.9897974
1725351724.0075185
1725351724.042033
1725351724.0432918
1725351724.0667295
1725351724.0739467
1725351724.1211047
1725351724.145958
1725351724.1475058
1725351724.1622565
1725351724.1907914
1725351724.2327907
1725351724.2335851
1725351724.2342196
1725351724.2502801
1725351724.2672148
1725351724.301522
1725351724.3066218
1725351724.4521203
1725351724.4531965
1725351724.5745063
1725351724.5773776
1725351724.5778215
1725351724.5847113
1725351724.6276906
1725351724.6288104
1725351724.6740408
1725351724.6849964
1725351724.6861455
1725351724.6870925
1725351724.7216377
1725351724.730464
1725351724.73203
1725351724.761622
1725351724.7730577
1725351724.7853186
1725351724.7860382
1725351724.7929676
1725351724.7938445
1725351724.801555
1725351724.8020878
1725351724.8033557
1725351724.843513
1725351724.8878648
1725351724.8899596
1725351724.905752
1725351724.925937
1725351724.9266152
1725351724.92719
1725351724.9406087
1725351724.9622245
1725351724.9657774
1725351724.9907658
1725351725.0452068
1725351725.0507288
1725351725.0719585
1725351725.073036
1725351725.0883865
1725351725.1029718
1725351725.1205118
1725351725.146184
1725351725.1650376
1725351725.179364
1725351725.2412746
1725351725.2424464
1725351725.2515278
1725351725.2525666
1725351725.2782142
1725351725.2791588
1725351725.3306847
1725351725.346206
1725351725.3472204
1725351725.3785646
1725351725.4085977
1725351725.4096189
1725351725.410811
1725351725.426333
1725351725.427368
1725351725.4721978
1725351725.49028
1725351725.5595164
1725351725.5601985
1725351725.5609376
1725351725.6243348
1725351725.6248152
1725351725.6256156
1725351725.6284816
1725351725.7007225
1725351725.7573724
1725351725.7574
1725351725.7574182
1725351725.7595854
1725351725.778523
1725351725.7857969
1725351725.8094032
1725351725.832928
1725351725.8719983
1725351725.8732195
1725351725.951957
1725351725.9617395
1725351725.962478
1725351725.9632766
1725351725.9728174
1725351725.9740412
1725351725.982403
1725351725.9961896
1725351726.0142856
1725351726.058571
1725351726.067666
1725351726.0971818
1725351726.1247916
1725351726.1382196
1725351726.1476824
1725351726.2030032
1725351726.2041173
1725351726.2107263
1725351726.2503214
1725351726.2865722
1725351726.2878408
1725351726.32728
1725351726.3590064
1725351726.3597994
1725351726.3603983
1725351726.4173775
1725351726.4182386
1725351726.42101
1725351726.4346578
1725351726.435382
1725351726.4422553
1725351726.453987
1725351726.494624
1725351726.5479786
1725351726.5873847
1725351726.5879984
1725351726.641832
1725351726.6422932
1725351726.6427844
1725351726.6523578
1725351726.652828
1725351726.6533053
1725351726.693732
1725351726.800827
1725351726.8183863
1725351726.8189871
1725351726.8438005
1725351726.8445582
1725351726.8567443
1725351726.8575964
1725351726.8753757
1725351726.876374
1725351726.9226935
1725351726.9526556
1725351726.9540577
1725351727.1048284
1725351727.1057835
1725351727.11663
1725351727.1172197
1725351727.1177537
1725351727.1298347
1725351727.1553524
1725351727.1675398
1725351727.1742864
1725351727.202347
1725351727.2447748
1725351727.2701516
1725351727.27064
1725351727.2712739
1725351727.300728
1725351727.3472664
1725351727.3491147
1725351727.357209
1725351727.3581347
1725351727.4564822
1725351727.4743476
1725351727.4780734
1725351727.478527
1725351727.4790351
1725351727.4957986
1725351727.5121486
1725351727.5283425
1725351727.5478787
1725351727.6478114
1725351727.6762884
1725351727.6772547
1725351727.677777
1725351727.6858714
1725351727.7014723
1725351727.7020907
1725351727.7062445
1725351727.7114418
1725351727.7929513
1725351727.8010473
1725351727.8082318
1725351727.8219435
1725351727.929107
1725351727.9296715
1725351727.9301727
1725351727.9357936
1725351727.9362843
1725351727.954386
1725351727.9854581
1725351727.987961
1725351728.0246642
1725351728.1548843
1725351728.155376
1725351728.1558592
1725351728.205074
1725351728.2085285
1725351728.2092469
1725351728.209741
1725351728.225642
1725351728.2262585
1725351728.2430995
1725351728.290445
1725351728.2916157
1725351728.2929094
1725351728.2936797
1725351728.3177414
1725351728.3919802
1725351728.3924298
1725351728.3932984
1725351728.524569
1725351728.525074
1725351728.5256097
1725351728.5286314
1725351728.5291388
1725351728.5296173
1725351728.5300922
1725351728.6042533
1725351728.614643
1725351728.615253
1725351728.62438
1725351728.6248593
1725351728.6253445
1725351728.7020438
1725351728.7028487
1725351728.7098172
1725351728.720276
1725351728.7727883
1725351728.7732491
1725351728.7852757
1725351728.7890217
1725351728.8249052
1725351728.8357692
1725351728.8612125
1725351728.8806808
1725351728.8964398
1725351728.9857607
1725351728.9864113
1725351729.0024981
1725351729.0034285
1725351729.0073369
1725351729.0856442
1725351729.1029694
1725351729.1030068
1725351729.1030366
1725351729.1031358
1725351729.2774417
1725351729.2900827
1725351729.317136
1725351729.3536747
1725351729.3617039
1725351729.3965256
1725351729.397355
1725351729.4045444
1725351729.4057498
1725351729.4314182
1725351729.4325066
1725351729.4336975
1725351729.4842172
1725351729.4910064
1725351729.4917874
1725351729.494096
1725351729.5017123
1725351729.507711
1725351729.5128582
1725351729.562368
1725351729.5628536
1725351729.5645003
1725351729.6636899
1725351729.677943
1725351729.6796072
1725351729.6869946
1725351729.6897078
1725351729.6904905
1725351729.7010367
1725351729.70724
1725351729.708441
1725351729.7506135
1725351729.7527902
1725351729.7754347
1725351729.7949262
1725351729.79603
1725351729.8093295
1725351729.8468359
1725351729.8482246
1725351729.9576209
1725351729.968356
1725351729.9712348
1725351729.999231
1725351729.999718
1725351730.0004377
1725351730.000894
1725351730.015546
1725351730.0161803
1725351730.0460837
1725351730.1615736
1725351730.169312
1725351730.1701725
1725351730.1708786
1725351730.196831
1725351730.1972668
1725351730.199103
1725351730.2148972
1725351730.2731228
1725351730.2955134
1725351730.2962763
1725351730.3915415
1725351730.4082725
1725351730.420205
1725351730.4210975
1725351730.4221058
1725351730.441915
1725351730.4434083
1725351730.4622033
1725351730.491022
1725351730.5195363
1725351730.536477
1725351730.6065323
1725351730.654203
1725351730.6556993
1725351730.7588766
1725351730.7704654
1725351730.7713053
1725351730.7861874
1725351730.7876344
1725351730.7881427
1725351730.795385
1725351730.7959712
1725351730.8089268
1725351730.8098009
1725351730.8189733
1725351730.8232853
1725351730.8514667
1725351730.8782616
1725351730.8792365
1725351730.8799326
1725351730.906074
1725351730.9183018
1725351730.925111
1725351730.9808218
1725351730.9815836
1725351731.0064468
1725351731.007287
1725351731.1460016
1725351731.1521606
1725351731.1533113
1725351731.214235
1725351731.2150848
1725351731.2165515
1725351731.2510557
1725351731.3105614
1725351731.3115067
1725351731.369465
1725351731.388421
1725351731.4261093
1725351731.4269896
1725351731.4516313
1725351731.452329
1725351731.4540772
1725351731.4720862
1725351731.5124667
1725351731.5638533
1725351731.5643094
1725351731.5668683
1725351731.8076942
1725351731.8162868
1725351731.8170586
1725351731.8208375
1725351731.8216705
1725351731.8941517
1725351731.8946326
1725351731.9593492
1725351731.9613926
1725351732.0121787
1725351732.012675
1725351732.0585992
1725351732.0591726
1725351732.07181
1725351732.0727403
1725351732.0732825
1725351732.2008767
1725351732.2017553
1725351732.2094545
1725351732.2099636
1725351732.2183125
1725351732.2188187
1725351732.2193186
1725351732.2647152
1725351732.2658095
1725351732.2666397
1725351732.267318
1725351732.2678168
1725351732.268299
1725351732.3059037
1725351732.3113868
1725351732.311822
1725351732.3122756
1725351732.3620584
1725351732.3632689
1725351732.3731499
1725351732.373803
1725351732.374351
1725351732.374851
1725351732.4598696
1725351732.5082657
1725351732.508926
1725351732.5089886
1725351732.5090125
1725351732.5090485
1725351732.5402105
1725351732.5645518
1725351732.5669909
1725351732.5740423
1725351732.5751736
1725351732.6006973
1725351732.7560735
1725351732.7871597
1725351732.7877464
1725351732.8025727
1725351732.8030872
1725351732.8039224
1725351732.8045058
1725351732.8050134
1725351732.824234
1725351732.8293295
1725351732.8302443
1725351732.8792834
1725351732.8797855
1725351732.880262
1725351733.0294611
1725351733.0299163
1725351733.0308948
1725351733.0479383
1725351733.0520008
1725351733.0656314
1725351733.0741553
1725351733.0746562
1725351733.0751963
1725351733.0806973
1725351733.0816307
1725351733.0895228
1725351733.1126776
1725351733.185399
1725351733.2439063
1725351733.2443943
1725351733.2448103
1725351733.2541025
1725351733.3381574
1725351733.3383663
1725351733.3384345
1725351733.338672
1725351733.3387525
1725351733.3388069
1725351733.4127417
1725351733.4129357
1725351733.4129798
1725351733.4130208
1725351733.4329848
1725351733.4690173
1725351733.55447
1725351733.554519
1725351733.5782988
1725351733.584498
1725351733.5857034
1725351733.5862057
1725351733.6514163
1725351733.6514676
1725351733.6565897
1725351733.6598864
1725351733.7944956
1725351733.7951453
1725351733.8165977
1725351733.8698258
1725351733.8770766
1725351733.877141
1725351733.90194
1725351733.902405
1725351733.9110863
1725351733.9111347
1725351733.9746094
1725351733.9984193
1725351733.998522
1725351734.0010986
1725351734.0029285
1725351734.0408778
1725351734.1055875
1725351734.1057048
1725351734.1057544
1725351734.132539
1725351734.1326125
1725351734.1327193
1725351734.1327975
1725351734.1660862
1725351734.2046914
1725351734.2047365
1725351734.2081275
1725351734.2350821
1725351734.2490747
1725351734.2741666
1725351734.2742283
1725351734.319688
1725351734.3533118
1725351734.3913445
1725351734.3921504
1725351734.4252923
1725351734.4267733
1725351734.4327507
1725351734.449378
1725351734.4494464
1725351734.45289
1725351734.5800035
1725351734.5807018
1725351734.6123357
1725351734.6132863
1725351734.6138837
1725351734.649076
1725351734.6495407
1725351734.7359457
1725351734.7787805
1725351734.7795331
1725351734.806827
1725351734.8130736
1725351734.8443568
1725351734.8454914
1725351734.8459516
1725351734.9276047
1725351734.9614573
1725351734.968356
1725351734.9697368
1725351735.0036318
1725351735.004375
1725351735.004827
1725351735.0098362
1725351735.0186193
1725351735.1074567
1725351735.1115456
1725351735.1120367
1725351735.1145852
1725351735.1151218
1725351735.121304
1725351735.1218774
1725351735.12233
1725351735.176742
1725351735.1772814
1725351735.2011724
1725351735.2016628
1725351735.2021792
1725351735.2026327
1725351735.211184
1725351735.238983
1725351735.2425606
1725351735.272379
1725351735.3073404
1725351735.3083045
1725351735.3128567
1725351735.3439107
1725351735.3510728
1725351735.4199247
1725351735.4207435
1725351735.4213285
1725351735.421827
1725351735.4223683
1725351735.4600248
1725351735.4612029
1725351735.5149703
1725351735.5201316
1725351735.5609643
1725351735.5671992
1725351735.569008
1725351735.6080387
1725351735.623411
1725351735.6354284
1725351735.6358974
1725351735.6373847
1725351735.66612
1725351735.7233038
1725351735.765487
1725351735.7660935
1725351735.7661223
1725351735.788676
1725351735.7887778
1725351735.864262
1725351735.8730884
1725351735.893646
1725351735.9099755
1725351735.931227
1725351735.9491303
1725351735.965948
1725351736.0561829
1725351736.0569263
1725351736.092379
1725351736.09286
1725351736.0941663
1725351736.1034434
1725351736.103962
1725351736.1044562
1725351736.127301
1725351736.1780038
1725351736.2168767
1725351736.224378
1725351736.2251441
1725351736.247593
1725351736.2526002
1725351736.313185
1725351736.3136718
1725351736.3271396
1725351736.3518732
1725351736.3587656
1725351736.447494
1725351736.4682279
1725351736.4687004
1725351736.494442
1725351736.5114093
1725351736.5671897
1725351736.5676699
1725351736.5681522
1725351736.5739934
1725351736.6865811
1725351736.7188575
1725351736.7194622
1725351736.7203016
1725351736.7207706
1725351736.7212486
1725351736.733783
1725351736.7693071
1725351736.8604057
1725351736.8609486
1725351736.8614497
1725351736.9026039
1725351736.9031422
1725351736.920373
1725351736.95701
1725351736.9598253
1725351737.0602112
1725351737.0608346
1725351737.061417
1725351737.0631948
1725351737.098862
1725351737.1000519
1725351737.1765707
1725351737.1796148
1725351737.1816938
1725351737.1839986
1725351737.228746
1725351737.2298832
1725351737.2895215
1725351737.290517
1725351737.3094246
1725351737.318221
1725351737.3379095
1725351737.3383937
1725351737.3909953
1725351737.4056392
1725351737.4065766
1725351737.4071326
1725351737.4164174
1725351737.4891303
1725351737.4938622
1725351737.5440235
1725351737.5448258
1725351737.545679
1725351737.575471
1725351737.5824249
1725351737.58383
1725351737.6039648
1725351737.6058507
1725351737.630012
1725351737.7017307
1725351737.70347
1725351737.7530003
1725351737.7544558
1725351737.7620199
1725351737.7626264
1725351737.7829797
1725351737.8001227
1725351737.8009431
1725351737.8025744
1725351737.8200612
1725351737.8634725
1725351737.8639197
1725351737.9160411
1725351737.9513283
1725351737.951915
1725351737.996327
1725351738.0083318
1725351738.009972
1725351738.010454
1725351738.0164065
1725351738.0855997
1725351738.1011646
1725351738.1025436
1725351738.1113963
1725351738.1646402
1725351738.2374146
1725351738.237969
1725351738.3340657
1725351738.3352377
1725351738.3444312
1725351738.3449485
1725351738.3454475
1725351738.3466663
1725351738.347697
1725351738.3588612
1725351738.3714397
1725351738.3719387
1725351738.393752
1725351738.397441
1725351738.43832
1725351738.4807723
1725351738.4826376
1725351738.5101821
1725351738.5120978
1725351738.587856
1725351738.589332
1725351738.618544
1725351738.6201804
1725351738.6527321
1725351738.6683989
1725351738.676092
1725351738.676684
1725351738.6771936
1725351738.6777196
1725351738.6848326
1725351738.7604678
1725351738.7609391
1725351738.7908027
1725351738.8207855
1725351738.8225822
1725351738.831102
1725351738.831566
1725351738.872291
1725351738.873251
1725351738.886321
1725351738.904956
1725351738.9288712
1725351738.951712
1725351738.9742792
1725351738.9752593
1725351739.0068069
1725351739.0072956
1725351739.1595793
1725351739.1703734
1725351739.1704032
1725351739.170427
1725351739.1936076
1725351739.2683809
1725351739.3886356
1725351739.415315
1725351739.417925
1725351739.4394844
1725351739.4407587
1725351739.4675539
1725351739.46868
1725351739.4691715
1725351739.475218
1725351739.4757152
1725351739.4765801
1725351739.4872
1725351739.4876842
1725351739.5009785
1725351739.5311902
1725351739.5660484
1725351739.5918117
1725351739.6152518
1725351739.616343
1725351739.6542532
1725351739.6555772
1725351739.680622
1725351739.7161043
1725351739.7256823
1725351739.7583065
1725351739.7795007
1725351739.780676
1725351739.8016088
1725351739.802404
1725351739.8241887
1725351739.8361635
1725351739.873167
1725351739.9050004
1725351739.90637
1725351739.9342473
1725351739.935525
1725351739.962134
1725351739.9634717
1725351740.015947
1725351740.0271628
1725351740.0400507
1725351740.0409544
1725351740.0601122
1725351740.1287248
1725351740.129796
1725351740.1413682
1725351740.143326
1725351740.1604626
1725351740.2968833
1725351740.321097
1725351740.3249836
1725351740.3258326
1725351740.32698
1725351740.3284664
1725351740.4213912
1725351740.4518385
1725351740.4530604
1725351740.4535196
1725351740.541291
1725351740.5485613
1725351740.5844874
1725351740.58494
1725351740.614589
1725351740.6258137
1725351740.647842
1725351740.6489413
1725351740.6494558
1725351740.6583283
1725351740.659597
1725351740.680912
1725351740.6817172
1725351740.6863673
1725351740.7117708
1725351740.7126222
1725351740.7464669
1725351740.7477229
1725351740.7644415
1725351740.770486
1725351740.8167803
1725351740.8180747
1725351740.8259876
1725351740.8722613
1725351740.8989296
1725351740.9001656
1725351740.910682
1725351740.935977
1725351740.9692883
1725351741.00638
1725351741.0181189
1725351741.0209446
1725351741.067496
1725351741.068122
1725351741.0719614
1725351741.099116
1725351741.1451068
1725351741.1654637
1725351741.1802707
1725351741.180876
1725351741.181362
1725351741.1905358
1725351741.2515886
1725351741.2530842
1725351741.281821
1725351741.3025227
1725351741.303585
1725351741.329596
1725351741.3432646
1725351741.35424
1725351741.3778033
1725351741.4432876
1725351741.4445267
1725351741.4731085
1725351741.4776735
1725351741.4941015
1725351741.536632
1725351741.5452306
1725351741.5457187
1725351741.5849137
1725351741.6001475
1725351741.7059925
1725351741.7075782
1725351741.708712
1725351741.7212021
1725351741.721943
1725351741.7999794
1725351741.8077817
1725351741.8089042
1725351741.8158767
1725351741.8381898
1725351741.9174273
1725351741.9179475
1725351741.961544
1725351741.9851873
1725351741.9864228
1725351742.0069766
1725351742.0260932
1725351742.0289934
1725351742.0296776
1725351742.030211
1725351742.0382094
1725351742.0499165
1725351742.0504858
1725351742.0571096
1725351742.078924
1725351742.0872443
1725351742.0883183
1725351742.193621
1725351742.2007372
1725351742.2152162
1725351742.2158186
1725351742.2164214
1725351742.2169151
1725351742.2218075
1725351742.2345765
1725351742.2355168
1725351742.3577762
1725351742.3587263
1725351742.3642092
1725351742.3995438
1725351742.4000466
1725351742.4318638
1725351742.4404953
1725351742.441225
1725351742.5064151
1725351742.5102034
1725351742.5102344
1725351742.52337
1725351742.5835376
1725351742.5861616
1725351742.649147
1725351742.6517177
1725351742.7244124
1725351742.7267911
1725351742.7492452
1725351742.7502246
1725351742.7819583
1725351742.800898
1725351742.8021004
1725351742.8090522
1725351742.8104231
1725351742.819349
1725351742.851607
1725351742.866602
1725351742.8671076
1725351742.9430406
1725351742.9858797
1725351742.9870265
1725351743.0009794
1725351743.0016491
1725351743.008215
1725351743.0218678
1725351743.0757759
1725351743.0900211
1725351743.102819
1725351743.1146832
1725351743.1223218
1725351743.1459305
1725351743.1463761
1725351743.1761682
1725351743.241995
1725351743.2774804
1725351743.2830107
1725351743.2836397
1725351743.3214493
1725351743.3219469
1725351743.3224313
1725351743.3229928
1725351743.3464384
1725351743.3813481
1725351743.4014683
1725351743.4020383
1725351743.4057865
1725351743.4385524
1725351743.4395828
1725351743.4742224
1725351743.4747078
1725351743.5171368
1725351743.5501702
1725351743.5780377
1725351743.617298
1725351743.619754
1725351743.6830008
1725351743.6848521
1725351743.7542057
1725351743.7576735
1725351743.8208213
1725351743.821571
1725351743.8316324
1725351743.8334975
1725351743.8429053
1725351743.9430041
1725351743.9435182
1725351743.9439662
1725351743.9535875
1725351743.9578106
1725351743.9586673
1725351744.0005023
1725351744.0012367
1725351744.0157745
1725351744.0168722
1725351744.0239472
1725351744.0744092
1725351744.075878
1725351744.0832741
1725351744.083818
1725351744.1273608
1725351744.145735
1725351744.1469245
1725351744.2045367
1725351744.2051935
1725351744.2203674
1725351744.2363772
1725351744.2369466
1725351744.2386043
1725351744.287725
1725351744.2882159
1725351744.3514376
1725351744.3536434
1725351744.3756676
1725351744.3778114
1725351744.388944
1725351744.398313
1725351744.4562235
1725351744.4567118
1725351744.457333
1725351744.4706082
1725351744.481634
1725351744.5389597
1725351744.5479994
1725351744.5484848
1725351744.6591914
1725351744.6600077
1725351744.6605067
1725351744.6615837
1725351744.678005
1725351744.6830704
1725351744.7929523
1725351744.793519
1725351744.8162894
1725351744.8335984
1725351744.8344233
1725351744.8384688
1725351744.8454022
1725351744.8528457
1725351744.8537743
1725351744.8542333
1725351744.893778
1725351744.8947012
1725351744.9235492
1725351744.9413414
1725351744.987967
1725351744.9884198
1725351744.9963758
1725351745.008918
1725351745.052234
1725351745.0785131
1725351745.0873837
1725351745.0878477
1725351745.1906404
1725351745.1917677
1725351745.2220602
1725351745.2225075
1725351745.223383
1725351745.2313395
1725351745.2381327
1725351745.2474024
1725351745.3631582
1725351745.3641427
1725351745.3661256
1725351745.3666637
1725351745.3807657
1725351745.3824012
1725351745.3977983
1725351745.39951
1725351745.4071147
1725351745.420869
1725351745.4371111
1725351745.4507656
1725351745.4605174
1725351745.5120087
1725351745.5126014
1725351745.5436118
1725351745.550232
1725351745.5680149
1725351745.6170871
1725351745.6183996
1725351745.6194825
1725351745.6692712
1725351745.6707773
1725351745.6963136
1725351745.6976995
1725351745.7311642
1725351745.7316535
1725351745.7941394
1725351745.8368244
1725351745.837976
1725351745.838463
1725351745.8753505
1725351745.8765807
1725351745.8766434
1725351745.8766668
1725351745.9028473
1725351745.968407
1725351746.004702
1725351746.0157428
1725351746.0231423
1725351746.0461745
1725351746.0609117
1725351746.1077843
1725351746.1154492
1725351746.116304
1725351746.1622548
1725351746.1633563
1725351746.1758776
1725351746.1770878
1725351746.2109137
1725351746.2118483
1725351746.2976108
1725351746.33765
1725351746.3490176
1725351746.3495736
1725351746.351336
1725351746.3937273
1725351746.3952916
1725351746.395779
1725351746.4443452
1725351746.4638863
1725351746.6158018
1725351746.6163566
1725351746.6364746
1725351746.6463664
1725351746.6786275
1725351746.6794584
1725351746.6800628
1725351746.683403
1725351746.6849024
1725351746.6853957
1725351746.6870635
1725351746.7331893
1725351746.7427874
1725351746.7495
1725351746.8822832
1725351746.8880503
1725351746.8885703
1725351746.889051
1725351746.8895483
1725351746.8902185
1725351746.9207313
1725351746.9320834
1725351746.9979877
1725351747.008305
1725351747.0091982
1725351747.0096908
1725351747.1414955
1725351747.1568809
1725351747.1577532
1725351747.158591
1725351747.1603982
1725351747.20755
1725351747.2338912
1725351747.2348943
1725351747.2353482
1725351747.271376
1725351747.278755
1725351747.280094
1725351747.3330348
1725351747.3344443
1725351747.3544848
1725351747.3556092
1725351747.400232
1725351747.4042976
1725351747.4066777
1725351747.448657
1725351747.4498565
1725351747.4671302
1725351747.54125
1725351747.5417356
1725351747.5422225
1725351747.5665777
1725351747.567863
1725351747.5787601
1725351747.5798788
1725351747.672713
1725351747.6743708
1725351747.6828387
1725351747.691219
1725351747.692049
1725351747.7481277
1725351747.7661273
1725351747.7715528
1725351747.7723913
1725351747.7871764
1725351747.7945378
1725351747.861262
1725351747.9620903
1725351747.9761271
1725351747.977141
1725351747.9897816
1725351747.998991
1725351748.0175772
1725351748.0537379
1725351748.0549252
1725351748.0561488
1725351748.1050556
1725351748.1055152
1725351748.1195884
1725351748.1645775
1725351748.1710787
1725351748.2079175
1725351748.2161152
1725351748.2463346
1725351748.24771
1725351748.3309712
1725351748.3350585
1725351748.3404272
1725351748.341106
1725351748.3761537
1725351748.3766303
1725351748.399453
1725351748.4359014
1725351748.4504154
1725351748.463762
1725351748.4647665
1725351748.5200186
1725351748.5209754
1725351748.5444832
1725351748.5606487
1725351748.5731132
1725351748.6247408
1725351748.6259267
1725351748.675516
1725351748.676268
1725351748.677048
1725351748.727487
1725351748.7276242
1725351748.7348988
1725351748.7367756
1725351748.7438393
1725351748.7556236
1725351748.8492012
1725351748.8506842
1725351748.8735921
1725351748.8751926
1725351748.89326
1725351748.9149418
1725351748.9161992
1725351748.9182634
1725351748.9191906
1725351748.92654
1725351748.928056
1725351748.9604053
1725351748.9685917
1725351749.046377
1725351749.0548642
1725351749.1244895
1725351749.1712043
1725351749.1718755
1725351749.1725068
1725351749.1763663
1725351749.2008286
1725351749.2502606
1725351749.2531593
1725351749.253286
1725351749.2534013
1725351749.2552917
1725351749.2928612
1725351749.3225777
1725351749.33343
1725351749.3439744
1725351749.3915694
1725351749.4078338
1725351749.4449127
1725351749.4714875
1725351749.4720984
1725351749.4748347
1725351749.527591
1725351749.5413833
1725351749.5424285
1725351749.543283
1725351749.5511315
1725351749.5597026
1725351749.6500843
1725351749.710051
1725351749.7155576
1725351749.7157068
1725351749.730785
1725351749.730933
1725351749.7384045
1725351749.7467873
1725351749.8321452
1725351749.8469877
1725351749.8657556
1725351749.8676107
1725351749.8715942
1725351749.872882
1725351749.873536
1725351749.912803
1725351749.9161081
1725351749.9170508
1725351749.9735205
1725351749.9767644
1725351749.9780588
1725351749.9784658
1725351750.0814445
1725351750.095242
1725351750.1531768
1725351750.1830096
1725351750.1925504
1725351750.1939952
1725351750.1975374
1725351750.198098
1725351750.1996443
1725351750.2046015
1725351750.242024
1725351750.2457826
1725351750.2916672
1725351750.322946
1725351750.3236816
1725351750.324218
1725351750.3246832
1725351750.3462248
1725351750.3533092
1725351750.3873086
1725351750.426504
1725351750.427388
1725351750.436961
1725351750.48439
1725351750.5137942
1725351750.5218246
1725351750.5819764
1725351750.6163871
1725351750.6178267
1725351750.6305966
1725351750.6747017
1725351750.6754649
1725351750.6888423
1725351750.7420592
1725351750.743161
1725351750.7510169
1725351750.7616773
1725351750.779224
1725351750.88685
1725351750.888268
1725351750.8956177
1725351750.8963094
1725351750.8977995
1725351750.8984182
1725351750.9054375
1725351750.9139514
1725351750.9421377
1725351750.944162
1725351750.9946449
1725351750.9981534
1725351751.0134861
1725351751.0669827
1725351751.0680773
1725351751.1291246
1725351751.1300435
1725351751.133329
1725351751.1341856
1725351751.174987
1725351751.1760995
1725351751.1767933
1725351751.2130764
1725351751.2211702
1725351751.2744782
1725351751.276229
1725351751.2773173
1725351751.320082
1725351751.3211977
1725351751.3337872
1725351751.3412795
1725351751.3773835
1725351751.3978024
1725351751.3984842
1725351751.440107
1725351751.4407606
1725351751.4957798
1725351751.496914
1725351751.5014908
1725351751.5177484
1725351751.536813
1725351751.5893898
1725351751.5905712
1725351751.5912645
1725351751.6417844
1725351751.6842787
1725351751.6854458
1725351751.6861074
1725351751.713662
1725351751.7145274
1725351751.8066962
1725351751.8097084
1725351751.8159015
1725351751.8170815
1725351751.8247118
1725351751.8253365
1725351751.872703
1725351751.8737714
1725351751.8797593
1725351751.9612644
1725351751.985144
1725351751.9862123
1725351752.0053697
1725351752.0073483
1725351752.0092604
1725351752.0105183
1725351752.0272396
1725351752.090142
1725351752.0921497
1725351752.110822
1725351752.1126542
1725351752.1139228
1725351752.134756
1725351752.15208
1725351752.2171745
1725351752.2200658
1725351752.251213
1725351752.2634099
1725351752.2640615
1725351752.2661216
1725351752.267041
1725351752.2804134
1725351752.2938483
1725351752.3393254
1725351752.3409367
1725351752.3733282
1725351752.3848205
1725351752.441198
1725351752.4422088
1725351752.44988
1725351752.4505033
1725351752.4773095
1725351752.4791975
1725351752.5319223
1725351752.5483885
1725351752.5864398
1725351752.5871344
1725351752.615938
1725351752.6521685
1725351752.683359
1725351752.6879663
1725351752.6887436
1725351752.7705243
1725351752.7715268
1725351752.7858832
1725351752.8256912
1725351752.826329
1725351752.827034
1725351752.8403735
1725351752.876907
1725351752.8920453
1725351752.8932502
1725351752.9208233
1725351752.9218774
1725351752.9724517
1725351753.012965
1725351753.0321522
1725351753.033654
1725351753.0714252
1725351753.0726404
1725351753.073769
1725351753.2099037
1725351753.2129476
1725351753.2422752
1725351753.244049
1725351753.2447677
1725351753.368737
1725351753.3693397
1725351753.3704488
1725351753.3774774
1725351753.3989227
1725351753.4004683
1725351753.4058187
1725351753.4065006
1725351753.4099085
1725351753.4167123
1725351753.4214962
1725351753.4359105
1725351753.4507732
1725351753.4515867
1725351753.4597452
1725351753.460997
1725351753.5885446
1725351753.5942779
1725351753.59498
1725351753.5973413
1725351753.5994556
1725351753.6158025
1725351753.6169014
1725351753.6493413
1725351753.685987
1725351753.6874435
1725351753.6935606
1725351753.7107131
1725351753.711591
1725351753.7980034
1725351753.8372166
1725351753.8392828
1725351753.8402283
1725351753.9057639
1725351753.9074333
1725351753.9083023
1725351753.9191542
1725351753.9975142
1725351754.038845
1725351754.039694
1725351754.0686612
1725351754.0695376
1725351754.0710497
1725351754.0916548
1725351754.0922644
1725351754.1494215
1725351754.1718895
1725351754.181714
1725351754.183131
1725351754.1839013
1725351754.1851099
1725351754.2061427
1725351754.2224643
1725351754.242055
1725351754.2828107
1725351754.3111265
1725351754.3119602
1725351754.3127763
1725351754.4261692
1725351754.4573455
1725351754.468386
1725351754.469428
1725351754.4705193
1725351754.5029352
1725351754.503754
1725351754.507516
1725351754.5087593
1725351754.5141497
1725351754.5269656
1725351754.5511615
1725351754.5589068
1725351754.5872638
1725351754.5881145
1725351754.6127563
1725351754.7402666
1725351754.7409184
1725351754.7539625
1725351754.7552052
1725351754.7637336
1725351754.7647955
1725351754.7767031
1725351754.777799
1725351754.7789936
1725351754.808682
1725351754.8128371
1725351754.8464477
1725351754.873647
1725351754.8926346
1725351754.920188
1725351754.9303327
1725351754.974129
1725351754.99014
1725351755.009418
1725351755.0240026
1725351755.0583954
1725351755.0588672
1725351755.0955603
1725351755.0962398
1725351755.1207397
1725351755.188649
1725351755.215541
1725351755.227922
1725351755.2293239
1725351755.2847915
1725351755.2866235
1725351755.313318
1725351755.3204021
1725351755.3212109
1725351755.3351986
1725351755.3653917
1725351755.3662066
1725351755.4428935
1725351755.4435341
1725351755.4441984
1725351755.4451172
1725351755.4504943
1725351755.4521458
1725351755.4528146
1725351755.4835465
1725351755.484876
1725351755.4914029
1725351755.5776644
1725351755.5783064
1725351755.6588402
1725351755.6829176
1725351755.6837387
1725351755.684696
1725351755.7390914
1725351755.740755
1725351755.7414615
1725351755.7848907
1725351755.7858784
1725351755.79812
1725351755.7997756
1725351755.8024337
1725351755.8333414
1725351755.836684
1725351755.8376632
1725351755.8518083
1725351755.8540857
1725351755.86963
1725351755.924917
1725351755.9258363
1725351755.9818118
1725351755.9818473
1725351755.9835174
1725351756.0707448
1725351756.120994
1725351756.1609104
1725351756.1621149
1725351756.1633618
1725351756.1744456
1725351756.1751957
1725351756.176027
1725351756.1876547
1725351756.1902149
1725351756.2322724
1725351756.2340975
1725351756.2701046
1725351756.2714026
1725351756.379171
1725351756.379815
1725351756.3948455
1725351756.405642
1725351756.4062984
1725351756.407043
1725351756.427831
1725351756.4288306
1725351756.4302354
1725351756.4821157
1725351756.4912038
1725351756.5451932
1725351756.5462682
1725351756.6207693
1725351756.6214263
1725351756.6220634
1725351756.6314642
1725351756.6765952
1725351756.677232
1725351756.6891766
1725351756.7556827
1725351756.7567465
1725351756.7585433
1725351756.7597823
1725351756.7630656
1725351756.798073
1725351756.8177848
1725351756.8188326
1725351756.8287616
1725351756.8296177
1725351756.8303127
1725351756.8896308
1725351756.8910182
1725351756.8999677
1725351756.9011207
1725351756.946982
1725351757.0129719
1725351757.013626
1725351757.039967
1725351757.0405881
1725351757.053028
1725351757.111696
1725351757.1129582
1725351757.1329465
1725351757.1375525
1725351757.1381805
1725351757.155062
1725351757.2403574
1725351757.2744672
1725351757.27514
1725351757.2846577
1725351757.3329723
1725351757.3349662
1725351757.3524296
1725351757.4049392
1725351757.4059339
1725351757.4406562
1725351757.4419827
1725351757.4437902
1725351757.480472
1725351757.4830127
1725351757.5335507
1725351757.5342755
1725351757.5840783
1725351757.5848055
1725351757.5923097
1725351757.6009762
1725351757.601572
1725351757.6026912
1725351757.6139657
1725351757.6205938
1725351757.7600262
1725351757.8045259
1725351757.8100896
1725351757.8118198
1725351757.8124216
1725351757.8625922
1725351757.8692536
1725351757.8799849
1725351757.8808417
1725351757.89409
1725351757.9199574
1725351757.920603
1725351757.921257
1725351758.0222712
1725351758.023258
1725351758.0641806
1725351758.0649228
1725351758.0732403
1725351758.0751894
1725351758.081046
1725351758.0823948
1725351758.102956
1725351758.159179
1725351758.242515
1725351758.2432115
1725351758.2505305
1725351758.2991302
1725351758.299941
1725351758.3012395
1725351758.3107352
1725351758.370315
1725351758.371453
1725351758.3734953
1725351758.3957283
1725351758.3965275
1725351758.4430873
1725351758.4512498
1725351758.4520307
1725351758.4615214
1725351758.4621623
1725351758.4692461
1725351758.4780567
1725351758.4794436
1725351758.5399544
1725351758.5408344
1725351758.5540135
1725351758.5877652
1725351758.6060553
1725351758.6067605
1725351758.607486
1725351758.6468527
1725351758.6480422
1725351758.6492903
1725351758.6568854
1725351758.6772494
1725351758.6962318
1725351758.6971729
1725351758.765407
1725351758.7667944
1725351758.7799678
1725351758.8311164
1725351758.833098
1725351758.8337443
1725351758.8712113
1725351758.8962984
1725351758.8975172
1725351758.9179447
1725351758.9594953
1725351758.9601748
1725351758.961044
1725351759.0507004
1725351759.0523012
1725351759.0557203
1725351759.0572104
1725351759.0933542
1725351759.0940013
1725351759.113379
1725351759.2038434
1725351759.2040987
1725351759.3744957
1725351759.375472
1725351759.3760996
1725351759.384534
1725351759.4327002
1725351759.4339678
1725351759.4341183
1725351759.434147
1725351759.4342473
1725351759.4499803
1725351759.4573824
1725351759.4958441
1725351759.5040433
1725351759.5633378
1725351759.5646415
1725351759.5822701
1725351759.58364
1725351759.5842884
1725351759.595988
1725351759.6304352
1725351759.631583
1725351759.6326609
1725351759.695695
1725351759.6963375
1725351759.744867
1725351759.7772954
1725351759.8076289
1725351759.8092265
1725351759.8104272
1725351759.8113759
1725351759.833065
1725351759.8336847
1725351759.8342962
1725351759.8401456
1725351759.8418667
1725351759.8567743
1725351759.8900993
1725351759.8917184
1725351759.9032018
1725351759.919835
1725351760.1275702
1725351760.1578696
1725351760.213835
1725351760.2151046
1725351760.2157643
1725351760.2238116
1725351760.2244282
1725351760.2515213
1725351760.272667
1725351760.2939148
1725351760.2949421
1725351760.2961912
1725351760.321117
1725351760.3812113
1725351760.3825736
1725351760.383429
1725351760.3844233
1725351760.3924613
1725351760.3947651
1725351760.4010537
1725351760.4018755
1725351760.4025202
1725351760.4105463
1725351760.432007
1725351760.4334745
1725351760.4651246
1725351760.4676712
1725351760.468333
1725351760.5019755
1725351760.5639117
1725351760.5762773
1725351760.5882256
1725351760.5956595
1725351760.596106
1725351760.6561258
1725351760.6764348
1725351760.6772692
1725351760.7059743
1725351760.706398
1725351760.7453344
1725351760.7503908
1725351760.7635758
1725351760.7949724
1725351760.8076897
1725351760.8101804
1725351760.8287024
1725351760.8345737
1725351760.8508384
1725351760.9144976
1725351760.915451
1725351760.9240787
1725351760.9253027
1725351760.9392183
1725351760.957072
1725351760.9720562
1725351761.0026405
1725351761.0199163
1725351761.0355022
1725351761.0517888
1725351761.0701506
1725351761.0864685
1725351761.1139572
1725351761.1359348
1725351761.1480227
1725351761.171705
1725351761.1831968
1725351761.2121615
1725351761.2445142
1725351761.2473502
1725351761.2593398
1725351761.2845163
1725351761.2995894
1725351761.3177078
1725351761.3377135
1725351761.3632798
1725351761.373584
1725351761.390084
1725351761.41184
1725351761.4226692
1725351761.5315843
1725351761.5332317
1725351761.538934
1725351761.5487025
1725351761.5536966
1725351761.556794
1725351761.580511
1725351761.5982895
1725351761.615148
1725351761.643805
1725351761.6782668
1725351761.6930683
1725351761.7082336
1725351761.7241719
1725351761.7403724
1725351761.7547052
1725351761.7883353
1725351761.8033707
1725351761.8195143
1725351761.8359966
1725351761.8511288
1725351761.879341
1725351761.8884394
1725351761.9065208
1725351761.9242847
1725351761.9635293
1725351761.9837017
1725351762.0083058
1725351762.0234864
1725351762.0448132
1725351762.051867
1725351762.074765
1725351762.0754154
1725351762.1403008
1725351762.1412766
1725351762.148874
1725351762.1506107
1725351762.1741252
1725351762.1916475
1725351762.2076993
1725351762.2249792
1725351762.2526896
1725351762.2573519
1725351762.2713401
1725351762.289021
1725351762.3068957
1725351762.3212233
1725351762.3370306
1725351762.3665717
1725351762.3803844
1725351762.3945
1725351762.4205036
1725351762.44141
1725351762.4704976
1725351762.47125
1725351762.5097628
1725351762.5104117
1725351762.5225632
1725351762.546124
1725351762.604573
1725351762.605538
1725351762.6076767
1725351762.623623
1725351762.6569736
1725351762.698286
1725351762.718462
1725351762.7479758
1725351762.749589
1725351762.8006096
1725351762.8133235
1725351762.8348277
1725351762.8649147
1725351762.8656006
1725351762.8784842
1725351762.895286
1725351762.9283285
1725351762.9290752
1725351762.9493244
1725351762.9592175
1725351763.0066907
1725351763.0093935
1725351763.0915616
1725351763.0923283
1725351763.107844
1725351763.1094882
1725351763.169675
1725351763.1711638
1725351763.1723325
1725351763.1925209
1725351763.2611613
1725351763.261955
1725351763.2724457
1725351763.2987847
1725351763.3004143
1725351763.30105
1725351763.3068721
1725351763.3302689
1725351763.3336103
1725351763.3866947
1725351763.4485724
1725351763.44946
1725351763.4501266
1725351763.4658954
1725351763.4930923
1725351763.5221395
1725351763.525754
1725351763.5269423
1725351763.5325272
1725351763.533182
1725351763.5662234
1725351763.5674286
1725351763.6070507
1725351763.6080172
1725351763.6867466
1725351763.6886303
1725351763.7089245
1725351763.7101972
1725351763.7278497
1725351763.7897038
1725351763.7909703
1725351763.8068275
1725351763.8118937
1725351763.9620252
1725351763.966995
1725351763.9681773
1725351764.0243258
1725351764.0285208
1725351764.029214
1725351764.0375867
1725351764.0473244
1725351764.12765
1725351764.1428761
1725351764.224366
1725351764.2250218
1725351764.3000293
1725351764.3007166
1725351764.3013928
1725351764.331798
1725351764.3324792
1725351764.3498576
1725351764.350462
1725351764.3517954
1725351764.3748052
1725351764.3759212
1725351764.4201984
1725351764.4220946
1725351764.4238694
1725351764.4316657
1725351764.4377863
1725351764.468337
1725351764.4721513
1725351764.485254
1725351764.5292609
1725351764.599398
1725351764.6000214
1725351764.6019812
1725351764.6591444
1725351764.6602015
1725351764.6735888
1725351764.6742654
1725351764.7027655
1725351764.7043223
1725351764.7441752
1725351764.74519
1725351764.773235
1725351764.837203
1725351764.8513143
1725351764.9026992
1725351764.905386
1725351764.9068036
1725351764.937677
1725351764.9389632
1725351764.9444156
1725351764.9530597
1725351764.9545794
1725351764.968029
1725351764.9940953
1725351765.012946
1725351765.0162144
1725351765.0483408
1725351765.0777807
1725351765.0784118
1725351765.1127512
1725351765.113403
1725351765.1398954
1725351765.173953
1725351765.190147
1725351765.2153497
1725351765.2531803
1725351765.2541394
1725351765.2807915
1725351765.2820885
1725351765.283932
1725351765.310718
1725351765.3656678
1725351765.4074862
1725351765.4086845
1725351765.4684207
1725351765.4696507
1725351765.4702816
1725351765.472324
1725351765.4938142
1725351765.498854
1725351765.4999151
1725351765.5603335
1725351765.561587
1725351765.5891829
1725351765.5907748
1725351765.6082685
1725351765.6093976
1725351765.6104786
1725351765.682925
1725351765.712587
1725351765.713243
1725351765.7220507
1725351765.72273
1725351765.7475445
1725351765.7488995
1725351765.7572982
1725351765.7602427
1725351765.8001707
1725351765.817887
1725351765.8577774
1725351765.8584552
1725351765.8746939
1725351765.898856
1725351765.8999126
1725351765.9494088
1725351765.981942
1725351765.983656
1725351765.9836931
1725351765.9967291
1725351766.0316217
1725351766.0744255
1725351766.1030633
1725351766.1254544
1725351766.1856759
1725351766.1991546
1725351766.2004018
1725351766.2460413
1725351766.2471156
1725351766.247959
1725351766.3224015
1725351766.325666
1725351766.326294
1725351766.3404949
1725351766.3913467
1725351766.3914845
1725351766.3922546
1725351766.442093
1725351766.4848137
1725351766.4870744
1725351766.4916651
1725351766.4938068
1725351766.494478
1725351766.497765
1725351766.5312195
1725351766.553977
1725351766.561932
1725351766.59611
1725351766.5971851
1725351766.6259007
1725351766.6277745
1725351766.6781776
1725351766.6944273
1725351766.69597
1725351766.7116358
1725351766.7126305
1725351766.7536528
1725351766.7544622
1725351766.7686133
1725351766.7889025
1725351766.8704636
1725351766.8906097
1725351766.8919957
1725351766.892198
1725351766.8937824
1725351766.9213898
1725351766.9227858
1725351766.9300613
1725351766.951345
1725351767.0400083
1725351767.0767264
1725351767.1281867
1725351767.1288116
1725351767.1874382
1725351767.1881466
1725351767.207796
1725351767.2221155
1725351767.235841
1725351767.2374775
1725351767.2381494
1725351767.2949858
1725351767.2956202
1725351767.3646162
1725351767.3668392
1725351767.3795254
1725351767.3807688
1725351767.4322927
1725351767.4344075
1725351767.4355385
1725351767.4547048
1725351767.4909604
1725351767.4924152
1725351767.4978127
1725351767.5048022
1725351767.5173645
1725351767.6107361
1725351767.6115565
1725351767.7100897
1725351767.7108917
1725351767.7116165
1725351767.7844589
1725351767.7896216
1725351767.7907126
1725351767.8181555
1725351767.8196132
1725351767.8299458
1725351767.8306015
1725351767.857794
1725351767.8979068
1725351767.8985667
1725351767.9313228
1725351767.939267
1725351767.9462512
1725351767.947171
1725351767.9479759
1725351767.955856
1725351767.9559999
1725351767.9568405
1725351767.9748218
1725351767.977545
1725351767.9894662
1725351768.05052
1725351768.08444
1725351768.0855312
1725351768.1312833
1725351768.1322482
1725351768.1734285
1725351768.1783903
1725351768.179729
1725351768.188743
1725351768.2085035
1725351768.210123
1725351768.2201202
1725351768.2720473
1725351768.2797568
1725351768.2809808
1725351768.3262916
1725351768.3334887
1725351768.3667908
1725351768.3674266
1725351768.378084
1725351768.4193718
1725351768.4677022
1725351768.4686115
1725351768.515831
1725351768.5167382
1725351768.5511065
1725351768.5525932
1725351768.5830078
1725351768.5934126
1725351768.5944648
1725351768.695042
1725351768.696035
1725351768.7077885
1725351768.7091966
1725351768.7118905
1725351768.7568672
1725351768.7577026
1725351768.7600818
1725351768.7724526
1725351768.8885667
1725351768.8896177
1725351768.8973866
1725351768.898169
1725351768.9663286
1725351768.9671488
1725351768.9965758
1725351769.0007033
1725351769.0016308
1725351769.0080683
1725351769.1594267
1725351769.1600854
1725351769.2092142
1725351769.2238688
1725351769.2254345
1725351769.2321143
1725351769.2744071
1725351769.2765753
1725351769.2771914
1725351769.3075664
1725351769.3099875
1725351769.328235
1725351769.3293557
1725351769.3682947
1725351769.3886986
1725351769.3969762
1725351769.3982408
1725351769.3990018
1725351769.423087
1725351769.4253938
1725351769.4516351
1725351769.4581904
1725351769.4582248
1725351769.4582558
1725351769.4590597
1725351769.466846
1725351769.4984362
1725351769.5280201
1725351769.5348055
1725351769.5814269
1725351769.6521003
1725351769.6528568
1725351769.6951165
1725351769.696629
1725351769.7544684
1725351769.7690938
1725351769.7701664
1725351769.772395
1725351769.833965
1725351769.8350132
1725351769.8358147
1725351769.8409655
1725351769.91257
1725351769.9143279
1725351769.9150593
1725351769.915745
1725351769.9163814
1725351769.91701
1725351769.9176514
1725351770.0130522
1725351770.018432
1725351770.0194213
1725351770.033694
1725351770.0344079
1725351770.0534778
1725351770.062811
1725351770.06348
1725351770.0718136
1725351770.115137
1725351770.1159043
1725351770.1885371
1725351770.1891787
1725351770.2018023
1725351770.2122679
1725351770.2564604
1725351770.2738135
1725351770.2744794
1725351770.2865405
1725351770.3039978
1725351770.3086145
1725351770.340105
1725351770.3407123
1725351770.3825586
1725351770.4590287
1725351770.5006566
1725351770.5012896
1725351770.5025291
1725351770.5094585
1725351770.5105777
1725351770.5550444
1725351770.5661752
1725351770.574591
1725351770.586626
1725351770.5998628
1725351770.618897
1725351770.684744
1725351770.6947622
1725351770.7281945
1725351770.7289915
1725351770.7762046
1725351770.7774386
1725351770.8071532
1725351770.841808
1725351770.842946
1725351770.8727608
1725351770.8734615
1725351770.8846354
1725351770.9111795
1725351770.9690278
1725351770.9738543
1725351770.9856708
1725351770.9861066
1725351770.9977176
1725351771.006876
1725351771.0215645
1725351771.0772796
1725351771.0796022
1725351771.0828228
1725351771.1379716
1725351771.1386433
1725351771.2396193
1725351771.2402632
1725351771.244354
1725351771.2534978
1725351771.2546802
1725351771.2875519
1725351771.2884333
1725351771.28976
1725351771.2938123
1725351771.3427148
1725351771.3441668
1725351771.3839004
1725351771.3964984
1725351771.3974068
1725351771.3980794
1725351771.4273922
1725351771.4281163
1725351771.4825253
1725351771.4832692
1725351771.5014925
1725351771.5472991
1725351771.5496254
1725351771.5726304
1725351771.5809507
1725351771.5821612
1725351771.6135619
1725351771.6541615
1725351771.6554797
1725351771.6598103
1725351771.7054622
1725351771.7069924
1725351771.732884
1725351771.7463214
1725351771.7708752
1725351771.8168125
1725351771.818323
1725351771.879843
1725351771.8811343
1725351771.9085996
1725351771.909511
1725351771.9171696
1725351771.9316533
1725351771.9900367
1725351772.0049016
1725351772.005559
1725351772.0061984
1725351772.0089924
1725351772.0591245
1725351772.0601714
1725351772.087298
1725351772.0935252
1725351772.1231313
1725351772.145339
1725351772.1469939
1725351772.1580834
1725351772.2238464
1725351772.2245102
1725351772.2520564
1725351772.2767541
1725351772.2795296
1725351772.2845407
1725351772.2855113
1725351772.2965007
1725351772.3054602
1725351772.3728724
1725351772.3749666
1725351772.376949
1725351772.3849947
1725351772.4243536
1725351772.4250379
1725351772.4409852
1725351772.4546742
1725351772.5522375
1725351772.5534706
1725351772.568565
1725351772.571746
1725351772.5742042
1725351772.5895739
1725351772.5907254
1725351772.600717
1725351772.6259408
1725351772.6314838
1725351772.726841
1725351772.8782454
1725351772.879118
1725351772.8791492
1725351772.879171
1725351772.8858469
1725351772.8878868
1725351773.0327692
1725351773.0633235
1725351773.0946314
1725351773.0963922
1725351773.1536167
1725351773.1554508
1725351773.1565259
1725351773.157661
1725351773.173683
1725351773.1929772
1725351773.1944292
1725351773.1952293
1725351773.2047188
1725351773.2053614
1725351773.2059855
1725351773.2147212
1725351773.3205051
1725351773.3211744
1725351773.3218157
1725351773.3339777
1725351773.3346148
1725351773.3667963
1725351773.3674862
1725351773.3687935
1725351773.3783758
1725351773.37947
1725351773.3801618
1725351773.3827872
1725351773.4580362
1725351773.4649515
1725351773.465545
1725351773.471064
1725351773.562479
1725351773.5625663
1725351773.5626326
1725351773.5627873
1725351773.5628505
1725351773.5893254
1725351773.6287003
1725351773.659775
1725351773.6620939
1725351773.696377
1725351773.6969783
1725351773.6975715
1725351773.712149
1725351773.719026
1725351773.7452812
1725351773.7453282
1725351773.782686
1725351773.8609655
1725351773.861541
1725351773.8622878
1725351773.929144
1725351773.929214
1725351773.9766405
1725351773.9767244
1725351773.9860995
1725351773.9942083
1725351773.9954908
1725351774.0077567
1725351774.0422168
1725351774.085252
1725351774.088119
1725351774.137501
1725351774.2193933
1725351774.2198882
1725351774.2199953
1725351774.2204504
1725351774.2205641
1725351774.2475333
1725351774.3166065
1725351774.316681
1725351774.344274
1725351774.3656588
1725351774.3667507
1725351774.3676777
1725351774.3753178
1725351774.377158
1725351774.415602
1725351774.4156694
1725351774.430342
1725351774.4453132
1725351774.46061
1725351774.5178106
1725351774.5178785
1725351774.5180583
1725351774.5526178
1725351774.644311
1725351774.645617
1725351774.6478841
1725351774.667666
1725351774.6750045
1725351774.675721
1725351774.676406
1725351774.7399378
1725351774.7406623
1725351774.7591667
1725351774.7619438
1725351774.7632
1725351774.8036468
1725351774.8055851
1725351774.8770146
1725351774.878643
1725351774.8793602
1725351774.8864558
1725351774.9247758
1725351774.9296544
1725351774.936275
1725351774.9685209
1725351774.9693265
1725351775.0106657
1725351775.0345142
1725351775.035664
1725351775.0394914
1725351775.0712037
1725351775.096088
1725351775.1133947
1725351775.185668
1725351775.1867359
1725351775.1926548
1725351775.2006166
1725351775.2751422
1725351775.2761724
1725351775.4427702
1725351775.4429545
1725351775.4557853
1725351775.4616842
1725351775.5898044
1725351775.594572
1725351775.6606863
1725351775.6614523
1725351775.6680186
1725351775.6795702
1725351775.6805701
1725351775.7243032
1725351775.7306645
1725351775.7326474
1725351775.7391174
1725351775.7397642
1725351775.7442803
1725351775.7449353
1725351775.7455702
1725351775.770106
1725351775.770989
1725351775.7716854
1725351775.7970915
1725351775.798092
1725351775.798803
1725351775.804857
1725351775.8054981
1725351775.806595
1725351775.8333166
1725351775.834048
1725351775.8349082
1725351775.8419852
1725351775.8430414
1725351775.8436801
1725351775.870836
1725351775.8827994
1725351775.9431257
1725351775.9462702
1725351775.9607859
1725351775.9616003
1725351775.9738843
1725351775.9875174
1725351776.0148866
1725351776.0519376
1725351776.052593
1725351776.0932996
1725351776.1067889
1725351776.106824
1725351776.1693704
1725351776.1695046
1725351776.2073662
1725351776.2825038
1725351776.2926507
1725351776.2950828
1725351776.3157792
1725351776.4489899
1725351776.471121
1725351776.4815655
1725351776.4822516
1725351776.4877229
1725351776.4933681
1725351776.5576017
1725351776.561328
1725351776.6263888
1725351776.6722093
1725351776.7025526
1725351776.7222817
1725351776.7238975
1725351776.7246325
1725351776.760474
1725351776.7621553
1725351776.8075788
1725351776.8087854
1725351776.8259213
1725351776.8369489
1725351776.9309757
1725351776.9396904
1725351776.940361
1725351776.9409828
1725351776.9416149
1725351777.0332286
1725351777.0579681
1725351777.0587263
1725351777.059492
1725351777.0855348
1725351777.086161
1725351777.0868533
1725351777.1030207
1725351777.1149528
1725351777.1457605
1725351777.1784804
1725351777.2026873
1725351777.2215452
1725351777.2315073
1725351777.2464933
1725351777.2767658
1725351777.2920656
1725351777.332406
1725351777.333184
1725351777.3620615
1725351777.4161112
1725351777.4232323
1725351777.4581375
1725351777.4588075
1725351777.4890494
1725351777.50803
1725351777.5310888
1725351777.5522966
1725351777.5908196
1725351777.6151657
1725351777.6154363
1725351777.6422107
1725351777.6429627
1725351777.7048635
1725351777.7258542
1725351777.7266188
1725351777.727385
1725351777.732616
1725351777.7378652
1725351777.7894838
1725351777.7901273
1725351777.8203301
1725351777.8354561
1725351777.8368375
1725351777.838645
1725351777.8576772
1725351777.9182038
1725351777.918869
1725351777.942359
1725351777.9430375
1725351777.9874506
1725351777.9893107
1725351777.9900975
1725351778.0299788
1725351778.0606751
1725351778.0616605
1725351778.0767138
1725351778.0994625
1725351778.114269
1725351778.1488574
1725351778.1497278
1725351778.1807034
1725351778.1816595
1725351778.211165
1725351778.2118022
1725351778.2452633
1725351778.2845776
1725351778.339257
1725351778.3411856
1725351778.3553493
1725351778.355968
1725351778.357301
1725351778.4175103
1725351778.4296498
1725351778.435162
1725351778.4753053
1725351778.4764838
1725351778.5062299
1725351778.507982
1725351778.543787
1725351778.5513241
1725351778.5621517
1725351778.6053853
1725351778.611421
1725351778.6501522
1725351778.6509051
1725351778.6714554
1725351778.6990883
1725351778.7012553
1725351778.7239163
1725351778.7301981
1725351778.8146925
1725351778.8149264
1725351778.8283775
1725351778.8290386
1725351778.8373208
1725351778.859512
1725351778.8604913
1725351778.8767297
1725351778.9010468
1725351778.9113233
1725351778.938989
1725351779.0024846
1725351779.0261068
1725351779.0269322
1725351779.0285134
1725351779.0556617
1725351779.0565114
1725351779.0621386
1725351779.0631127
1725351779.0879354
1725351779.134589
1725351779.1358626
1725351779.1432645
1725351779.2142444
1725351779.21629
1725351779.2287228
1725351779.2299407
1725351779.2485404
1725351779.2491777
1725351779.2855895
1725351779.3065405
1725351779.307869
1725351779.32148
1725351779.3820693
1725351779.3827736
1725351779.3834445
1725351779.4262319
1725351779.4407701
1725351779.4589543
1725351779.472872
1725351779.5073073
1725351779.5084584
1725351779.531665
1725351779.6291456
1725351779.6406841
1725351779.66416
1725351779.6651678
1725351779.688068
1725351779.6888883
1725351779.7406194
1725351779.7810733
1725351779.7819648
1725351779.7829432
1725351779.840562
1725351779.84182
1725351779.8493752
1725351779.8670654
1725351779.8678603
1725351779.8685498
1725351779.935705
1725351779.9597073
1725351779.9872036
1725351780.006064
1725351780.0071802
1725351780.007863
1725351780.0219495
1725351780.033954
1725351780.0930176
1725351780.1064281
1725351780.1073658
1725351780.1486099
1725351780.1497777
1725351780.1785147
1725351780.2526915
1725351780.2635183
1725351780.2650836
1725351780.2900045
1725351780.2978127
1725351780.2984576
1725351780.2996173
1725351780.3479595
1725351780.365889
1725351780.3926938
1725351780.3934793
1725351780.3949049
1725351780.4329574
1725351780.4336255
1725351780.4613645
1725351780.471265
1725351780.487927
1725351780.5104642
1725351780.5410295
1725351780.5675797
1725351780.6051242
1725351780.6057742
1725351780.6235156
1725351780.62414
1725351780.6587574
1725351780.7723799
1725351780.7828162
1725351780.7905133
1725351780.7917566
1725351780.791999
1725351780.8302598
1725351780.8318353
1725351780.8521354
1725351780.8527203
1725351780.8932068
1725351780.9280407
1725351780.949992
1725351780.9513445
1725351780.9809215
1725351780.9968705
1725351780.998175
1725351781.0234282
1725351781.0437355
1725351781.1061375
1725351781.1189969
1725351781.1723838
1725351781.1730144
1725351781.1736405
1725351781.2000642
1725351781.2167635
1725351781.2185974
1725351781.340883
1725351781.3451166
1725351781.34848
1725351781.3497617
1725351781.350712
1725351781.3625379
1725351781.38064
1725351781.3820243
1725351781.3881273
1725351781.3889143
1725351781.4341474
1725351781.4350479
1725351781.4693696
1725351781.4870036
1725351781.4880135
1725351781.4895246
1725351781.5232139
1725351781.5320237
1725351781.5327122
1725351781.5508103
1725351781.5669713
1725351781.5842035
1725351781.6287572
1725351781.6495855
1725351781.6513314
1725351781.6854858
1725351781.7200353
1725351781.7206829
1725351781.7265794
1725351781.8352456
1725351781.8413913
1725351781.8814757
1725351781.8830056
1725351781.8871734
1725351781.8955207
1725351781.896144
1725351781.8967583
1725351781.953901
1725351781.9792244
1725351781.9802613
1725351781.9877565
1725351782.0417097
1725351782.0425682
1725351782.0477042
1725351782.0649736
1725351782.0769215
1725351782.1033986
1725351782.124006
1725351782.1292188
1725351782.171962
1725351782.173075
1725351782.192512
1725351782.2233772
1725351782.2424889
1725351782.260047
1725351782.2610126
1725351782.2939813
1725351782.30689
1725351782.359575
1725351782.3878
1725351782.389015
1725351782.3897834
1725351782.4164867
1725351782.4172394
1725351782.4247
1725351782.440588
1725351782.5638494
1725351782.5654445
1725351782.5824697
1725351782.5971193
1725351782.597797
1725351782.5984955
1725351782.5994008
1725351782.6217337
1725351782.6226158
1725351782.623692
1725351782.6373165
1725351782.7059853
1725351782.7094886
1725351782.7225335
1725351782.7233732
1725351782.7749214
1725351782.7756417
1725351782.7763133
1725351782.8113475
1725351782.8134956
1725351782.8496869
1725351782.8544338
1725351782.8587925
1725351782.8797762
1725351782.9205995
1725351782.9666429
1725351782.9757118
1725351783.0251524
1725351783.0337315
1725351783.0702443
1725351783.0723271
1725351783.1205332
1725351783.1212177
1725351783.1282728
1725351783.1532714
1725351783.1539073
1725351783.1656106
1725351783.2056828
1725351783.2065628
1725351783.2198625
1725351783.233614
1725351783.279597
1725351783.3512893
1725351783.352285
1725351783.3533118
1725351783.3546262
1725351783.3706195
1725351783.4019604
1725351783.4174447
1725351783.4451709
1725351783.4550166
1725351783.4703715
1725351783.5343533
1725351783.535903
1725351783.5391712
1725351783.546283
1725351783.5476427
1725351783.5847778
1725351783.6652093
1725351783.6659524
1725351783.719168
1725351783.7283201
1725351783.7291236
1725351783.7299256
1725351783.749457
1725351783.7562618
1725351783.7570605
1725351783.760216
1725351783.773611
1725351783.7836752
1725351783.7984033
1725351783.8140175
1725351783.8327534
1725351783.8464017
