2024-09-03 16:51:28
../stream-replay/logs/stuttering-6207.txt
1725353325.996932
1725353325.9978204
1725353326.001025
1725353326.0021846
1725353326.1295896
1725353326.129953
1725353326.1328309
1725353326.2694404
1725353326.2700212
1725353326.2704866
1725353326.272657
1725353326.3586605
1725353326.360009
1725353326.3617742
1725353326.37324
1725353326.373438
1725353326.374558
1725353326.4263723
1725353326.4328268
1725353326.4333599
1725353326.5005693
1725353326.5010476
1725353326.5019689
1725353326.5046413
1725353326.5060675
1725353326.518711
1725353326.52136
1725353326.61624
1725353326.6188664
1725353326.62099
1725353326.6604836
1725353326.6617036
1725353326.66279
1725353326.6646829
1725353326.680584
1725353326.7912073
1725353326.7919407
1725353326.7919726
1725353326.7919953
1725353326.79216
1725353326.7962773
1725353326.9113548
1725353326.9218037
1725353326.929448
1725353326.9325435
1725353326.934424
1725353326.9709823
1725353326.9718688
1725353326.972603
1725353326.973274
1725353326.9764981
1725353327.0455272
1725353327.046138
1725353327.0470114
1725353327.0782201
1725353327.1242454
1725353327.1265833
1725353327.1387653
1725353327.1396563
1725353327.2606502
1725353327.2615848
1725353327.26458
1725353327.2727149
1725353327.276204
1725353327.2784767
1725353327.359656
1725353327.3625278
1725353327.3631413
1725353327.447972
1725353327.449934
1725353327.45013
1725353327.4900103
1725353327.490127
1725353327.4923668
1725353327.6032991
1725353327.6052456
1725353327.6059868
1725353327.6725447
1725353327.7001553
1725353327.9004033
1725353327.949371
1725353327.9509127
1725353327.9536104
1725353327.9536955
1725353328.1548862
1725353328.1559432
1725353328.1562765
1725353328.2690966
1725353328.2701507
1725353328.2723956
1725353328.2786996
1725353328.280135
1725353328.28188
1725353328.2836812
1725353328.3066187
1725353328.3088098
1725353328.3103397
1725353328.3583076
1725353328.3597288
1725353328.4060845
1725353328.40819
1725353328.4084983
1725353328.4296556
1725353328.4328244
1725353328.4389782
1725353328.4404387
1725353328.454282
1725353328.4549103
1725353328.4560769
1725353328.4568307
1725353328.4900696
1725353328.491013
1725353328.4942212
1725353328.5102515
1725353328.5127332
1725353328.5144687
1725353328.5147488
1725353328.5605576
1725353328.5610378
1725353328.5628912
1725353328.590909
1725353328.5922873
1725353328.594214
1725353328.6408474
1725353328.644132
1725353328.6454158
1725353328.6565459
1725353328.657405
1725353328.6589272
1725353328.712233
1725353328.7126956
1725353328.7133722
1725353328.7333708
1725353328.7348464
1725353328.7366035
1725353328.7375433
1725353328.7871523
1725353328.7879024
1725353328.789179
1725353328.9056914
1725353328.906392
1725353328.9077806
1725353328.9114196
1725353328.9190183
1725353328.92279
1725353328.9247136
1725353329.0353003
1725353329.0366826
1725353329.0377965
1725353329.0428503
1725353329.0436912
1725353329.045598
1725353329.1011257
1725353329.105132
1725353329.2377172
1725353329.2383614
1725353329.2404637
1725353329.2412543
1725353329.257067
1725353329.2591717
1725353329.2662752
1725353329.2672641
1725353329.3327353
1725353329.3332882
1725353329.3343036
1725353329.3709135
1725353329.3736067
1725353329.397975
1725353329.3987617
1725353329.3994298
1725353329.4124284
1725353329.4139767
1725353329.4147143
1725353329.4169204
1725353329.5264637
1725353329.5276947
1725353329.5287642
1725353329.619729
1725353329.6202621
1725353329.6211762
1725353329.6232445
1725353329.6359398
1725353329.6385353
1725353329.6392627
1725353329.7858188
1725353329.7877538
1725353329.788458
1725353329.7894714
1725353329.7918887
1725353330.0227988
1725353330.0862381
1725353330.0867872
1725353330.1504226
1725353330.1551943
1725353330.1612487
1725353330.1619246
1725353330.1624143
1725353330.2292113
1725353330.230031
1725353330.335228
1725353330.3358762
1725353330.3363016
1725353330.3371398
1725353330.3642979
1725353330.3688254
1725353330.3703713
1725353330.3704605
1725353330.3705416
1725353330.4207644
1725353330.4240725
1725353330.436941
1725353330.4753284
1725353330.4851336
1725353330.4871526
1725353330.4886594
1725353330.5091412
1725353330.510296
1725353330.511016
1725353330.5129218
1725353330.5138862
1725353330.614829
1725353330.615135
1725353330.6164505
1725353330.6177013
1725353330.6191185
1725353330.6806555
1725353330.7229478
1725353330.72388
1725353330.724908
1725353330.7272234
1725353330.7382784
1725353330.8129346
1725353330.8136568
1725353330.8174562
1725353330.8889391
1725353330.8901184
1725353330.8904107
1725353330.8936493
1725353330.930819
1725353330.9325762
1725353330.9355607
1725353330.935869
1725353330.987424
1725353331.0223167
1725353331.0228782
1725353331.0233724
1725353331.0733476
1725353331.0983274
1725353331.1000178
1725353331.1022651
1725353331.1724305
1725353331.1748648
1725353331.1755776
1725353331.1764557
1725353331.2240489
1725353331.2255983
1725353331.2291167
1725353331.3454237
1725353331.3462868
1725353331.347237
1725353331.3562295
1725353331.3572063
1725353331.5064404
1725353331.510352
1725353331.510872
1725353331.6946294
1725353331.6957088
1725353331.7690892
1725353331.7696755
1725353331.8115911
1725353331.8133686
1725353331.8595693
1725353331.891587
1725353331.8916645
1725353331.9775894
1725353331.9792414
1725353331.9816027
1725353332.0056896
1725353332.0079885
1725353332.0121315
1725353332.0125144
1725353332.0477178
1725353332.0493233
1725353332.0512686
1725353332.1320932
1725353332.1332607
1725353332.2144117
1725353332.21488
1725353332.221468
1725353332.23299
1725353332.2339852
1725353332.2361438
1725353332.2368367
1725353332.2789102
1725353332.279601
1725353332.2806082
1725353332.2833211
1725353332.3714929
1725353332.3723772
1725353332.3737273
1725353332.376616
1725353332.6438167
1725353332.6450365
1725353332.6474545
1725353332.6483693
1725353332.657462
1725353332.7328544
1725353332.7354512
1725353332.7766984
1725353332.7773817
1725353332.7781215
1725353332.7812505
1725353332.7822893
1725353332.7855062
1725353332.8043218
1725353332.903986
1725353332.9055893
1725353332.906387
1725353332.9124465
1725353332.9132295
1725353333.0082624
1725353333.0118685
1725353333.0126932
1725353333.0154939
1725353333.0684273
1725353333.0694063
1725353333.07085
1725353333.2224023
1725353333.2253184
1725353333.2326305
1725353333.2339473
1725353333.2353692
1725353333.352346
1725353333.3532262
1725353333.3541105
1725353333.3928187
1725353333.395168
1725353333.3963652
1725353333.3970034
1725353333.457866
1725353333.4596841
1725353333.46017
1725353333.462603
1725353333.5915725
1725353333.592501
1725353333.5945542
1725353333.596608
1725353333.6017947
1725353333.6025212
1725353333.619308
1725353333.6198337
1725353333.6208577
1725353333.6235921
1725353333.626759
1725353333.727407
1725353333.7287283
1725353333.7302744
1725353333.7321615
1725353333.808084
1725353333.8099062
1725353333.8104944
1725353333.8136866
1725353333.8257182
1725353333.8270907
1725353333.8286858
1725353333.8374
1725353333.8390398
1725353333.8466697
1725353333.8471649
1725353333.8919654
1725353333.8941522
1725353333.8941765
1725353333.894193
1725353333.8943646
1725353333.91317
1725353334.0452933
1725353334.095344
1725353334.1170971
1725353334.1196449
1725353334.1207218
1725353334.1320293
1725353334.1325738
1725353334.1331913
1725353334.1352725
1725353334.2802935
1725353334.2823293
1725353334.2845716
1725353334.2866843
1725353334.3099108
1725353334.3110235
1725353334.3125288
1725353334.3619094
1725353334.3644738
1725353334.3862925
1725353334.3867946
1725353334.3873262
1725353334.388874
1725353334.3908362
1725353334.3934627
1725353334.395763
1725353334.537826
1725353334.5383856
1725353334.541224
1725353334.5422316
1725353334.582352
1725353334.582869
1725353334.5839005
1725353334.5867155
1725353334.600066
1725353334.6007545
1725353334.603029
1725353334.6040986
1725353334.6135674
1725353334.63666
1725353334.641054
1725353334.6613564
1725353334.6647263
1725353334.6662152
1725353334.6903172
1725353334.694205
1725353334.8462873
1725353334.8465831
1725353334.8469222
1725353334.863261
1725353334.8640676
1725353334.8770094
1725353334.8776424
1725353334.920953
1725353334.9214706
1725353334.9234416
1725353334.924515
1725353335.010039
1725353335.0121803
1725353335.0166974
1725353335.0647922
1725353335.06961
1725353335.0734792
1725353335.083993
1725353335.0845969
1725353335.088133
1725353335.0886075
1725353335.1032565
1725353335.1038501
1725353335.104655
1725353335.152525
1725353335.1540952
1725353335.1548789
1725353335.1564946
1725353335.1585734
1725353335.2252004
1725353335.2253609
1725353335.2254672
1725353335.2595627
1725353335.2598765
1725353335.2608857
1725353335.2640374
1725353335.2718742
1725353335.272611
1725353335.2734306
1725353335.2828348
1725353335.2846375
1725353335.3035967
1725353335.3044202
1725353335.3059232
1725353335.3065867
1725353335.3081264
1725353335.314684
1725353335.315446
1725353335.3171616
1725353335.3222876
1725353335.3236084
1725353335.3825777
1725353335.4471185
1725353335.4487035
1725353335.4523995
1725353335.460488
1725353335.5516062
1725353335.5541413
1725353335.5553014
1725353335.5563655
1725353335.5670333
1725353335.5682156
1725353335.5742953
1725353335.577218
1725353335.675508
1725353335.6788602
1725353335.6795204
1725353335.6809
1725353335.6818488
1725353335.7433147
1725353335.7450361
1725353335.7532537
1725353335.7537508
1725353335.7703152
1725353335.80347
1725353335.8221023
1725353335.8481855
1725353335.8737106
1725353335.8756561
1725353335.8991058
1725353335.9007277
1725353335.9782913
1725353335.9792824
1725353335.9814231
1725353336.0145082
1725353336.01612
1725353336.0175464
1725353336.0352168
1725353336.0540593
1725353336.1068134
1725353336.1101952
1725353336.1107695
1725353336.139785
1725353336.1407037
1725353336.2028065
1725353336.2033796
1725353336.2049994
1725353336.2346528
1725353336.237911
1725353336.2384431
1725353336.2491124
1725353336.2690763
1725353336.3229368
1725353336.3243065
1725353336.3254712
1725353336.3433692
1725353336.3595076
1725353336.3642585
1725353336.4081693
1725353336.410789
1725353336.4509537
1725353336.4636059
1725353336.4937255
1725353336.495087
1725353336.497497
1725353336.5417843
1725353336.5431283
1725353336.5454383
1725353336.6239765
1725353336.6246161
1725353336.6247077
1725353336.624789
1725353336.6718273
1725353336.703051
1725353336.7286868
1725353336.7605863
1725353336.7632086
1725353336.821057
1725353336.8211553
1725353336.8889842
1725353336.8906143
1725353336.8926065
1725353336.8939202
1725353336.9308221
1725353336.9329877
1725353336.9346843
1725353336.9582586
1725353336.9707263
1725353337.0116334
1725353337.0319903
1725353337.06885
1725353337.0823505
1725353337.0828574
1725353337.1082847
1725353337.1196346
1725353337.1855714
1725353337.1873689
1725353337.1956353
1725353337.316034
1725353337.318869
1725353337.3296163
1725353337.3301225
1725353337.3306513
1725353337.340796
1725353337.341985
1725353337.343656
1725353337.3465505
1725353337.348026
1725353337.4170861
1725353337.418842
1725353337.419029
1725353337.4316628
1725353337.4602103
1725353337.4939866
1725353337.5058663
1725353337.5064092
1725353337.517185
1725353337.5439754
1725353337.5455952
1725353337.6047852
1725353337.6057463
1725353337.607566
1725353337.6471057
1725353337.668378
1725353337.687709
1725353337.699256
1725353337.7231612
1725353337.7449574
1725353337.7553716
1725353337.7691386
1725353337.7985353
1725353337.8415341
1725353337.8432543
1725353337.8458245
1725353337.8991444
1725353337.9177532
1725353337.956333
1725353337.9583008
1725353338.0444803
1725353338.0489044
1725353338.0606887
1725353338.0616133
1725353338.062548
1725353338.0780265
1725353338.1246336
1725353338.1269307
1725353338.1357164
1725353338.1462255
1725353338.211307
1725353338.2133021
1725353338.215338
1725353338.215903
1725353338.227173
1725353338.2835822
1725353338.285297
1725353338.2873971
1725353338.3104546
1725353338.3115325
1725353338.3412237
1725353338.4003725
1725353338.4016306
1725353338.4060848
1725353338.4073315
1725353338.4321988
1725353338.4518075
1725353338.4851363
1725353338.499023
1725353338.548571
1725353338.5502174
1725353338.557899
1725353338.5590525
1725353338.5936859
1725353338.5960515
1725353338.6185894
1725353338.6227188
1725353338.6769445
1725353338.677464
1725353338.6791232
1725353338.7519155
1725353338.753855
1725353338.7791028
1725353338.781092
1725353338.7828593
1725353338.8089087
1725353338.810399
1725353338.8514159
1725353338.854338
1725353338.8802223
1725353338.9061916
1725353338.981588
1725353338.9830897
1725353338.983838
1725353338.9859746
1725353339.0274327
1725353339.0299342
1725353339.0357566
1725353339.0522969
1725353339.0774655
1725353339.0890815
1725353339.1859977
1725353339.1872213
1725353339.2419786
1725353339.2430053
1725353339.2457287
1725353339.2469664
1725353339.2636623
1725353339.2649899
1725353339.2654927
1725353339.2972765
1725353339.302896
1725353339.3200758
1725353339.3369217
1725353339.357339
1725353339.372904
1725353339.3876314
1725353339.4069257
1725353339.438748
1725353339.440549
1725353339.4921396
1725353339.49456
1725353339.4960322
1725353339.5217779
1725353339.5233114
1725353339.535746
1725353339.5488946
1725353339.7078602
1725353339.710348
1725353339.7113216
1725353339.71888
1725353339.8188765
1725353339.8199475
1725353339.8210669
1725353339.8215034
1725353339.840134
1725353339.844046
1725353339.8460083
1725353339.8717356
1725353339.8728068
1725353339.873243
1725353339.9021788
1725353339.9040532
1725353339.9047947
1725353339.9747362
1725353339.9768693
1725353339.9801724
1725353339.9802566
1725353339.9803727
1725353340.0357013
1725353340.0933409
1725353340.1791499
1725353340.1800392
1725353340.2803333
1725353340.281176
1725353340.2821465
1725353340.2853057
1725353340.2863257
1725353340.3550391
1725353340.3556187
1725353340.3565247
1725353340.3574986
1725353340.3582995
1725353340.404374
1725353340.410794
1725353340.4123492
1725353340.4800851
1725353340.4806767
1725353340.482052
1725353340.4945269
1725353340.4950407
1725353340.4956708
1725353340.5158477
1725353340.5166965
1725353340.5196047
1725353340.5347583
1725353340.535421
1725353340.5424469
1725353340.686173
1725353340.6869206
1725353340.6895714
1725353340.6904547
1725353340.7056358
1725353340.7073555
1725353340.7081835
1725353340.801258
1725353340.8020203
1725353340.8032858
1725353340.912889
1725353341.028035
1725353341.1309156
1725353341.1317184
1725353341.133056
1725353341.1350238
1725353341.1359904
1725353341.2374542
1725353341.2386146
1725353341.2396529
1725353341.257864
1725353341.2583947
1725353341.286047
1725353341.2874436
1725353341.2885706
1725353341.2896783
1725353341.3483396
1725353341.3508477
1725353341.39293
1725353341.394191
1725353341.3953102
1725353341.3971915
1725353341.4699526
1725353341.5971565
1725353341.5991867
1725353341.5999022
1725353341.6405175
1725353341.6427283
1725353341.644751
1725353341.646003
1725353341.6806276
1725353341.6821554
1725353341.6827078
1725353341.6954486
1725353341.6967006
1725353341.755479
1725353341.7565897
1725353341.7580106
1725353341.8923686
1725353341.8932748
1725353341.8948793
1725353341.8985815
1725353341.9002311
1725353341.9026608
1725353341.911288
1725353341.9740233
1725353341.9757912
1725353341.9885561
1725353341.9932487
1725353342.1411073
1725353342.1431606
1725353342.175882
1725353342.1762338
1725353342.1768248
1725353342.1778421
1725353342.180697
1725353342.209721
1725353342.210263
1725353342.211336
1725353342.2134504
1725353342.214251
1725353342.299236
1725353342.302198
1725353342.3034806
1725353342.3485463
1725353342.3503506
1725353342.3530068
1725353342.3543487
1725353342.4005795
1725353342.4034202
1725353342.4370744
1725353342.5186906
1725353342.5209796
1725353342.5230937
1725353342.5382056
1725353342.5387394
1725353342.5401344
1725353342.7076588
1725353342.7088077
1725353342.769714
1725353342.770433
1725353342.7712705
1725353342.773866
1725353342.886472
1725353342.8893728
1725353342.897235
1725353342.898703
1725353342.9067256
1725353342.916957
1725353342.918078
1725353342.9202983
1725353342.9214084
1725353343.0215523
1725353343.0262926
1725353343.0268414
1725353343.0477922
1725353343.0551054
1725353343.0555372
1725353343.116615
1725353343.1463294
1725353343.1489792
1725353343.1499171
1725353343.1507823
1725353343.156962
1725353343.1588376
1725353343.25176
1725353343.2536426
1725353343.2543113
1725353343.2551267
1725353343.2969973
1725353343.2976484
1725353343.2986526
1725353343.3017712
1725353343.361818
1725353343.3650227
1725353343.3666737
1725353343.368612
1725353343.4609716
1725353343.4614563
1725353343.4619544
1725353343.4632268
1725353343.4994283
1725353343.501764
1725353343.5017893
1725353343.5018115
1725353343.5018406
1725353343.5097513
1725353343.5291388
1725353343.5575924
1725353343.560228
1725353343.5709226
1725353343.5716634
1725353343.5810742
1725353343.5816958
1725353343.5825632
1725353343.697174
1725353343.697256
1725353343.698774
1725353343.7061841
1725353343.7062697
1725353343.8656995
1725353343.8894567
1725353343.8908095
1725353343.8917975
1725353343.894969
1725353343.8956997
1725353343.9145074
1725353343.915245
1725353343.9169848
1725353343.923944
1725353343.9244123
1725353343.9266944
1725353343.9324393
1725353343.9330776
1725353344.1480894
1725353344.306767
1725353344.3080251
1725353344.3094506
1725353344.423461
1725353344.4244506
1725353344.4250093
1725353344.4278665
1725353344.429033
1725353344.4506917
1725353344.4812167
1725353344.4928167
1725353344.5287786
1725353344.529627
1725353344.530301
1725353344.5321343
1725353344.7583048
1725353344.7606025
1725353344.7804716
1725353344.7817683
1725353344.7825274
1725353344.7833595
1725353344.8660784
1725353344.8681395
1725353344.922065
1725353344.9245324
1725353344.9250052
1725353344.925764
1725353345.074786
1725353345.0770197
1725353345.1263626
1725353345.1278026
1725353345.1295943
1725353345.151103
1725353345.1525269
1725353345.1541376
1725353345.154219
1725353345.451392
1725353345.4527717
1725353345.4544811
1725353345.6619997
1725353345.663738
1725353345.6670496
1725353345.6719105
1725353345.7019114
1725353345.7139382
1725353345.7161155
1725353345.716636
1725353345.7172475
1725353345.8724453
1725353345.875926
1725353345.8822598
1725353345.8835669
1725353345.8872788
1725353345.888426
1725353345.8895833
1725353345.8912299
1725353345.9270153
1725353345.9300482
1725353345.932101
1725353345.9869115
1725353345.9955869
1725353346.0151808
1725353346.0186737
1725353346.027564
1725353346.1462212
1725353346.1556363
1725353346.1557283
1725353346.2274797
1725353346.228373
1725353346.349706
1725353346.3518667
1725353346.3550818
1725353346.3591208
1725353346.3610566
1725353346.3625598
1725353346.377039
1725353346.3792481
1725353346.3821533
1725353346.4078188
1725353346.4124658
1725353346.6509721
1725353346.6530187
1725353346.6848993
1725353346.6873457
1725353346.6882892
1725353346.708499
1725353346.709078
1725353346.735653
1725353346.7360125
1725353346.7382245
1725353346.7400498
1725353346.8512745
1725353346.857115
1725353346.9237337
1725353346.9263237
1725353346.927242
1725353347.04129
1725353347.0437438
1725353347.0452268
1725353347.250798
1725353347.2519252
1725353347.2528484
1725353347.3438451
1725353347.3441477
1725353347.3445358
1725353347.3471777
1725353347.4938915
1725353347.49532
1725353347.4961784
1725353347.6204987
1725353347.6212947
1725353347.623073
1725353347.6242943
1725353347.625501
1725353347.6275072
1725353347.6936634
1725353347.6942582
1725353347.695
1725353347.8725119
1725353347.8743258
1725353347.8979776
1725353347.8988094
1725353347.9025764
1725353347.9290454
1725353347.9332945
1725353347.9336
1725353348.0288436
1725353348.0289135
1725353348.028945
1725353348.0290165
1725353348.0440273
1725353348.2050323
1725353348.2525363
1725353348.2537446
1725353348.4331396
1725353348.434036
1725353348.4357576
1725353348.4586678
1725353348.4608803
1725353348.461285
1725353348.6490328
1725353348.651029
1725353348.652182
1725353348.7165804
1725353348.7190506
1725353348.7199187
1725353348.776282
1725353348.7777946
1725353348.83323
1725353348.8340147
1725353348.8353155
1725353348.862089
1725353348.8633842
1725353348.8650067
1725353348.9913983
1725353348.9920828
1725353348.9928231
1725353348.9949749
1725353349.0450494
1725353349.0465608
1725353349.0479856
1725353349.048665
1725353349.0837543
1725353349.0846717
1725353349.0866203
1725353349.266564
1725353349.2676713
1725353349.2686617
1725353349.5585022
1725353349.637118
1725353349.6381154
1725353349.6965108
1725353349.6977296
1725353349.699159
1725353349.6998856
1725353349.785462
1725353349.7860055
1725353349.7865639
1725353349.8344436
1725353349.9105875
1725353349.9113111
1725353349.9122777
1725353349.9144964
1725353349.9163885
1725353349.9459417
1725353349.946528
1725353349.9487767
1725353349.988113
1725353349.9885821
1725353349.989069
1725353350.0037048
1725353350.2137394
1725353350.215728
1725353350.2162237
1725353350.2191162
1725353350.3204772
1725353350.3210137
1725353350.4061337
1725353350.4428413
1725353350.44441
1725353350.444578
1725353350.5209045
1725353350.522259
1725353350.52336
1725353350.5250814
1725353350.5779302
1725353350.579022
1725353350.5800204
1725353350.5824757
1725353350.6510868
1725353350.6539283
1725353350.6596029
1725353350.66168
1725353350.801875
1725353350.8025937
1725353350.897321
1725353350.8991323
1725353350.9020805
1725353350.9637187
1725353350.965715
1725353350.966254
1725353350.968823
1725353351.028052
1725353351.0293834
1725353351.0320425
1725353351.0910277
1725353351.0924454
1725353351.0933316
1725353351.094063
1725353351.0962842
1725353351.228476
1725353351.2307115
1725353351.248009
1725353351.2557223
1725353351.258573
1725353351.3890314
1725353351.3895204
1725353351.3901298
1725353351.3909736
1725353351.39516
1725353351.429177
1725353351.4329016
1725353351.5474854
1725353351.5481694
1725353351.5494576
1725353351.5502508
1725353351.5586398
1725353351.5622137
1725353351.5631812
1725353351.5887372
1725353351.591686
1725353351.5918052
1725353351.6099055
1725353351.6119912
1725353351.6151416
1725353351.7880352
1725353351.788754
1725353351.790627
1725353351.8058283
1725353351.8066986
1725353351.8078263
1725353351.8566997
1725353351.8580098
1725353351.8603508
1725353351.914077
1725353351.9142542
1725353351.9160566
1725353351.916637
1725353352.0633428
1725353352.0647228
1725353352.0675547
1725353352.0886018
1725353352.0913253
1725353352.0926807
1725353352.0936043
1725353352.1607912
1725353352.1619043
1725353352.1649644
1725353352.16622
1725353352.1829033
1725353352.1843996
1725353352.1864264
1725353352.1873176
1725353352.2756133
1725353352.276453
1725353352.2775514
1725353352.2786355
1725353352.2866404
1725353352.290299
1725353352.2920074
1725353352.3713584
1725353352.3727753
1725353352.373532
1725353352.3751955
1725353352.396193
1725353352.40116
1725353352.4816227
1725353352.481743
1725353352.4817822
1725353352.4819317
1725353352.612589
1725353352.6147015
1725353352.676541
1725353352.6794424
1725353352.6803741
1725353352.6811855
1725353352.689194
1725353352.6911585
1725353352.6924543
1725353352.7749455
1725353352.7768695
1725353352.7771845
1725353352.8104882
1725353352.8109698
1725353352.8125963
1725353352.8311431
1725353352.8319864
1725353352.8325427
1725353352.8349876
1725353352.8358464
1725353352.8372498
1725353352.838661
1725353352.9301107
1725353352.9329102
1725353352.9354503
1725353352.935784
1725353353.0524933
1725353353.053051
1725353353.054114
1725353353.0564694
1725353353.1231854
1725353353.1248138
1725353353.1265683
1725353353.1279824
1725353353.1290176
1725353353.2022033
1725353353.2029316
1725353353.2747178
1725353353.3637605
1725353353.3646197
1725353353.3668938
1725353353.3687327
1725353353.3696392
1725353353.4015489
1725353353.4039924
1725353353.4044576
1725353353.4628618
1725353353.465667
1725353353.4672472
1725353353.4689167
1725353353.469933
1725353353.5635898
1725353353.5636733
1725353353.6882343
1725353353.689844
1725353353.691042
1725353353.7967603
1725353353.7997513
1725353353.8018181
1725353353.8024487
1725353353.81413
1725353353.8160658
1725353353.818512
1725353353.8190863
1725353353.870975
1725353353.8723598
1725353353.8738294
1725353353.8996506
1725353353.9020524
1725353353.9039295
1725353353.9487529
1725353353.9509447
1725353353.9513164
1725353353.952889
1725353353.9709363
1725353353.9714384
1725353353.9728198
1725353353.9756117
1725353353.9837804
1725353354.0707285
1725353354.0722818
1725353354.0750365
1725353354.1023748
1725353354.137614
1725353354.1542957
1725353354.155282
1725353354.1566567
1725353354.158221
1725353354.1604757
1725353354.1749048
1725353354.1760364
1725353354.1769993
1725353354.1789267
1725353354.2458932
1725353354.247932
1725353354.2488725
1725353354.250671
1725353354.2525244
1725353354.2539868
1725353354.284809
1725353354.2856727
1725353354.2891355
1725353354.2907352
1725353354.312064
1725353354.3126829
1725353354.3129787
1725353354.3160481
1725353354.3169148
1725353354.4572492
1725353354.4592025
1725353354.4990716
1725353354.5008128
1725353354.5011504
1725353354.5627308
1725353354.5641203
1725353354.5709271
1725353354.5735211
1725353354.5820262
1725353354.5836112
1725353354.5853686
1725353354.586279
1725353354.772864
1725353354.7761333
1725353354.7799017
1725353354.8282123
1725353354.8290071
1725353354.8307147
1725353354.8348312
1725353354.9072258
1725353354.9087443
1725353354.9107196
1725353354.9169817
1725353354.917898
1725353354.9185333
1725353354.919531
1725353354.9467711
1725353354.94895
1725353354.9497328
1725353354.951891
1725353354.9847488
1725353354.9869068
1725353354.987917
1725353354.9895146
1725353355.0421827
1725353355.0435753
1725353355.0449686
1725353355.0649908
1725353355.0670736
1725353355.072107
1725353355.0866864
1725353355.0878286
1725353355.089907
1725353355.0913022
1725353355.0920036
1725353355.1312327
1725353355.1323862
1725353355.13451
1725353355.1976745
1725353355.1990142
1725353355.201168
1725353355.20979
1725353355.211
1725353355.212198
1725353355.213334
1725353355.22535
1725353355.226575
1725353355.2266052
1725353355.226624
1725353355.239988
1725353355.2584474
1725353355.2984622
1725353355.330389
1725353355.332862
1725353355.334445
1725353355.3936071
1725353355.3970912
1725353355.3976274
1725353355.5063746
1725353355.5082414
1725353355.5095727
1725353355.511218
1725353355.5985785
1725353355.5999455
1725353355.6014009
1725353355.9171183
1725353355.9844458
1725353355.9858222
1725353355.988709
1725353355.9892092
1725353356.1188195
1725353356.119164
1725353356.1198413
1725353356.1899643
1725353356.1904182
1725353356.1914504
1725353356.1917834
1725353356.1920629
1725353356.1943738
1725353356.1962283
1725353356.2107391
1725353356.2114742
1725353356.2138133
1725353356.2268856
1725353356.2294931
1725353356.2300503
1725353356.2370112
1725353356.2375352
1725353356.2471097
1725353356.3259003
1725353356.3271816
1725353356.3286505
1725353356.4002557
1725353356.400888
1725353356.4013622
1725353356.403193
1725353356.443887
1725353356.445211
1725353356.4467502
1725353356.452491
1725353356.4550104
1725353356.46937
1725353356.4708607
1725353356.4940453
1725353356.4967897
1725353356.4976087
1725353356.5461829
1725353356.5470352
1725353356.5921526
1725353356.5947976
1725353356.5962522
1725353356.6162791
1725353356.6182163
1725353356.632513
1725353356.6347442
1725353356.635627
1725353356.666628
1725353356.6686244
1725353356.6686869
1725353356.6700065
1725353356.672063
1725353356.733011
1725353356.734198
1725353356.8585656
1725353356.8636787
1725353356.893013
1725353356.893113
1725353356.8936832
1725353356.8941813
1725353356.8955808
1725353356.9233065
1725353356.9249008
1725353356.9254742
1725353357.1216552
1725353357.1221538
1725353357.1488738
1725353357.1518157
1725353357.1568146
1725353357.1578176
1725353357.2206266
1725353357.2223537
1725353357.223655
1725353357.2242267
1725353357.310702
1725353357.3136594
1725353357.3149118
1725353357.3156784
1725353357.3731086
1725353357.374832
1725353357.3756046
1725353357.3773751
1725353357.5737495
1725353357.5773077
1725353357.5815134
1725353357.6786015
1725353357.6795328
1725353357.6804905
1725353357.6855378
1725353357.6863947
1725353357.8750975
1725353357.877686
1725353357.9525173
1725353357.9531257
1725353358.103969
1725353358.1058638
1725353358.107069
1725353358.3099208
1725353358.3533075
1725353358.358689
1725353358.3600392
1725353358.3607323
1725353358.361297
1725353358.3625197
1725353358.3875487
1725353358.3896222
1725353358.4837308
1725353358.4847429
1725353358.4850054
1725353358.579213
1725353358.5794017
1725353358.5811362
1725353358.5848002
1725353358.6108754
1725353358.6114798
1725353358.6121142
1725353358.6135952
1725353358.6147156
1725353358.619957
1725353358.7010858
1725353358.7031472
1725353358.7040625
1725353358.7610898
1725353358.762331
1725353358.7636952
1725353358.7643976
1725353358.9132154
1725353358.9543626
1725353359.002179
1725353359.00413
1725353359.0047593
1725353359.0064356
1725353359.0080516
1725353359.1306207
1725353359.133694
1725353359.2848632
1725353359.285831
1725353359.2860057
1725353359.2880042
1725353359.3311377
1725353359.332039
1725353359.3328047
1725353359.3772821
1725353359.4101055
1725353359.4101985
1725353359.410279
1725353359.4103892
1725353359.4116967
1725353359.7099698
1725353359.7847157
1725353359.8206959
1725353359.8292677
1725353359.8293521
1725353359.833725
1725353359.848177
1725353359.8482897
1725353359.889273
1725353359.8898797
1725353359.8904626
1725353359.908446
1725353359.910258
1725353359.9447474
1725353359.9800878
1725353359.9823766
1725353360.14644
1725353360.2818487
1725353360.2853622
1725353360.3710268
1725353360.3716931
1725353360.3732145
1725353360.3972712
1725353360.3986597
1725353360.4485514
1725353360.449171
1725353360.4498148
1725353360.4529138
1725353360.4543278
1725353360.4977274
1725353360.5003297
1725353360.501041
1725353360.502408
1725353360.5300996
1725353360.5644522
1725353360.5869691
1725353360.5884273
1725353360.5897002
1725353360.5915914
1725353360.686777
1725353360.6883998
1725353360.689041
1725353360.6910524
1725353360.7933073
1725353360.794559
1725353360.795544
1725353361.0333762
1725353361.0344353
1725353361.036025
1725353361.0513756
1725353361.0545194
1725353361.055451
1725353361.069041
1725353361.0699775
1725353361.0908906
1725353361.0939553
1725353361.1005538
1725353361.1018574
1725353361.120028
1725353361.1222095
1725353361.1247342
1725353361.2014515
1725353361.2029912
1725353361.2040443
1725353361.2048209
1725353361.2069094
1725353361.2550356
1725353361.2585657
1725353361.2590458
1725353361.2617674
1725353361.3204474
1725353361.3233497
1725353361.3240876
1725353361.3247151
1725353361.3426194
1725353361.3456619
1725353361.3475223
1725353361.3491154
1725353361.3504243
1725353361.39276
1725353361.3943334
1725353361.395566
1725353361.3969436
1725353361.3996065
1725353361.411327
1725353361.4150667
1725353361.4157734
1725353361.416963
1725353361.4447987
1725353361.4479728
1725353361.4487138
1725353361.5073564
1725353361.5082843
1725353361.509459
1725353361.5450613
1725353361.5458016
1725353361.5466032
1725353361.548121
1725353361.5638149
1725353361.649658
1725353361.6519325
1725353361.6552088
1725353361.6622899
1725353361.6629975
1725353361.6638865
1725353361.6653838
1725353361.6917136
1725353361.710727
1725353361.7130988
1725353361.714683
1725353361.7196686
1725353361.7255025
1725353361.7476988
1725353361.749027
1725353361.8018453
1725353361.8037531
1725353361.8045254
1725353361.807277
1725353361.8077865
1725353361.996443
1725353361.9989877
1725353362.089242
1725353362.090489
1725353362.0926442
1725353362.15056
1725353362.1516616
1725353362.1548204
1725353362.3924298
1725353362.3939133
1725353362.394421
1725353362.457024
1725353362.4577231
1725353362.4593313
1725353362.461485
1725353362.5002728
1725353362.5011668
1725353362.5020978
1725353362.5043561
1725353362.6259875
1725353362.6277444
1725353362.6286628
1725353362.6448526
1725353362.6462812
1725353362.6471055
1725353362.6596813
1725353362.661017
1725353362.78252
1725353362.7838838
1725353362.7855787
1725353362.787155
1725353362.7881272
1725353362.7914279
1725353362.8024285
1725353362.8030849
1725353362.874737
1725353362.90202
1725353362.9027352
1725353362.9038174
1725353362.9048665
1725353362.923263
1725353363.0620756
1725353363.062107
1725353363.0621295
1725353363.0621974
1725353363.174333
1725353363.3276327
1725353363.4564657
1725353363.4593894
1725353363.4614546
1725353363.5316381
1725353363.5335925
1725353363.5355532
1725353363.622259
1725353363.6234088
1725353363.6264734
1725353363.6585026
1725353363.6619372
1725353363.6630576
1725353363.6631944
1725353363.6972442
1725353363.8550658
1725353363.8565032
1725353363.8572426
1725353363.8639736
1725353363.877259
1725353363.8781981
1725353363.8791819
1725353363.885704
1725353363.8863719
1725353363.8981597
1725353363.898657
1725353363.9000478
1725353363.9012558
1725353363.9031672
1725353364.1050484
1725353364.1073415
1725353364.1086438
1725353364.1108556
1725353364.125025
1725353364.127614
1725353364.2668111
1725353364.303423
1725353364.3046868
1725353364.3068771
1725353364.3174553
1725353364.3539941
1725353364.3553596
1725353364.3630247
1725353364.3640625
1725353364.3653953
1725353364.5446975
1725353364.5469215
1725353364.5491087
1725353364.5523736
1725353364.5537024
1725353364.556841
1725353364.5697842
1725353364.5704267
1725353364.5717359
1725353364.8005674
1725353364.8029454
1725353364.8033357
1725353364.8401592
1725353364.84456
1725353364.9382508
1725353364.9479601
1725353364.9481657
1725353364.957921
1725353364.9594226
1725353365.0656426
1725353365.0755708
1725353365.075649
1725353365.0757167
1725353365.1238036
1725353365.135913
1725353365.1374855
1725353365.1385317
1725353365.139775
1725353365.2185895
1725353365.2195666
1725353365.2207909
1725353365.2248187
1725353365.4280105
1725353365.4295912
1725353365.4782794
1725353365.482493
1725353365.4833648
1725353365.559873
1725353365.561363
1725353365.5641825
1725353365.6148186
1725353365.6159346
1725353365.6167283
1725353365.6187878
1725353365.6208527
1725353365.6294973
1725353365.6299741
1725353365.6313922
1725353365.634974
1725353365.6429715
1725353365.6446977
1725353365.645211
1725353365.646121
1725353365.7044854
1725353365.705778
1725353365.741642
1725353365.743292
1725353365.7459126
1725353365.7633798
1725353365.7761745
1725353365.7766318
1725353365.7774203
1725353365.7811508
1725353365.7856193
1725353365.8808596
1725353365.8834357
1725353365.8840837
1725353365.8899193
1725353365.8919103
1725353365.9277103
1725353365.9752288
1725353365.9767368
1725353366.014483
1725353366.0187075
1725353366.0193338
1725353366.020128
1725353366.0512705
1725353366.0544043
1725353366.055837
1725353366.0572147
1725353366.1245418
1725353366.125096
1725353366.1328886
1725353366.1345527
1725353366.158568
1725353366.1603525
1725353366.1607502
1725353366.1850061
1725353366.189068
1725353366.1896987
1725353366.191319
1725353366.1963842
1725353366.1977594
1725353366.1985753
1725353366.238108
1725353366.238851
1725353366.2397563
1725353366.2439942
1725353366.2692404
1725353366.2725897
1725353366.2740042
1725353366.2750747
1725353366.3155766
1725353366.3156652
1725353366.3157384
1725353366.3189554
1725353366.3589156
1725353366.3602324
1725353366.3617156
1725353366.3760178
1725353366.3773098
1725353366.3788607
1725353366.4743128
1725353366.4760191
1725353366.4760706
1725353366.4761155
1725353366.4766903
1725353366.4802206
1725353366.5300202
1725353366.5507338
1725353366.599746
1725353366.6006799
1725353366.6039917
1725353366.6968322
1725353366.6979475
1725353366.6986454
1725353366.6994667
1725353366.8923302
1725353366.894599
1725353366.906171
1725353366.9079974
1725353366.9093394
1725353366.910549
1725353367.1151607
1725353367.120961
1725353367.2607098
1725353367.2614381
1725353367.2629688
1725353367.2991755
1725353367.2999763
1725353367.3016977
1725353367.3043487
1725353367.3855536
1725353367.3864675
1725353367.3877964
1725353367.4088113
1725353367.4093204
1725353367.4113817
1725353367.4271019
1725353367.4276533
1725353367.4289458
1725353367.4537516
1725353367.4559958
1725353367.4572153
1725353367.4575167
1725353367.7325284
1725353367.7332263
1725353367.7363987
1725353367.8056283
1725353367.806183
1725353367.8070893
1725353367.812541
1725353367.8132188
1725353367.8343048
1725353367.9137592
1725353367.9154742
1725353367.9163759
1725353367.9172418
1725353368.1135654
1725353368.114368
1725353368.115742
1725353368.1607225
1725353368.1625216
1725353368.3463411
1725353368.3474596
1725353368.3484087
1725353368.3667514
1725353368.3701305
1725353368.4407816
1725353368.4429054
1725353368.4446728
1725353368.4495437
1725353368.4511044
1725353368.4518278
1725353368.4927552
1725353368.4940495
1725353368.494947
1725353368.4970696
1725353368.506248
1725353368.5094
1725353368.5106015
1725353368.5519717
1725353368.5527158
1725353368.5546641
1725353368.576574
1725353368.5774293
1725353368.5781233
1725353368.5800498
1725353368.6368694
1725353368.6381369
1725353368.6393223
1725353368.647353
1725353368.6747744
1725353368.675266
1725353368.6773684
1725353368.6784198
1725353368.7201028
1725353368.721138
1725353368.7226043
1725353368.7245183
1725353368.7256951
1725353368.8474946
1725353368.848241
1725353368.8492732
1725353369.023764
1725353369.025339
1725353369.0261636
1725353369.04619
1725353369.0469637
1725353369.0476766
1725353369.0971267
1725353369.0984488
1725353369.1000555
1725353369.318484
1725353369.319602
1725353369.3210485
1725353369.3247259
1725353369.3259284
1725353369.3318737
1725353369.4285762
1725353369.4736085
1725353369.4743934
1725353369.478908
1725353369.4855132
1725353369.4869633
1725353369.488159
1725353369.4904947
1725353369.5249014
1725353369.5254219
1725353369.5263262
1725353369.537778
1725353369.5404656
1725353369.6048417
1725353369.6068482
1725353369.607343
1725353369.6107488
1725353369.6120915
1725353369.6151757
1725353369.7986088
1725353369.799452
1725353369.800723
1725353369.9537113
1725353369.955157
1725353369.9577768
1725353370.0158708
1725353370.0166965
1725353370.0187678
1725353370.02026
1725353370.049026
1725353370.0527287
1725353370.0532522
1725353370.053828
1725353370.1994257
1725353370.35908
1725353370.462254
1725353370.4649909
1725353370.4658306
1725353370.4671512
1725353370.46775
1725353370.6369226
1725353370.63983
1725353370.6418283
1725353370.7031746
1725353370.705335
1725353370.769494
1725353370.7702284
1725353370.7707222
1725353370.7737372
1725353370.7797222
1725353370.781337
1725353370.781383
1725353370.781413
1725353370.7819376
1725353370.8266945
1725353370.8322299
1725353370.9281852
1725353370.9297721
1725353370.9328902
1725353370.9346254
1725353370.9368038
1725353370.962849
1725353370.9643507
1725353370.9651687
1725353370.9677582
1725353370.9906914
1725353370.9921992
1725353370.994574
1725353370.9954126
1725353371.0034547
1725353371.0071597
1725353371.1185708
1725353371.1194344
1725353371.1207063
1725353371.1680667
1725353371.1691873
1725353371.1705136
1725353371.1712136
1725353371.178264
1725353371.1860666
1725353371.188633
1725353371.1916797
1725353371.257625
1725353371.2581654
1725353371.2586656
1725353371.2596393
1725353371.2623792
1725353371.2785044
1725353371.2800553
1725353371.280588
1725353371.2829735
1725353371.3526266
1725353371.355063
1725353371.386769
1725353371.3922145
1725353371.3938394
1725353371.4246738
1725353371.425241
1725353371.427085
1725353371.4703844
1725353371.4715693
1725353371.4729445
1725353371.4735873
1725353371.5045002
1725353371.5080905
1725353371.8036065
1725353371.803681
1725353371.8037436
1725353371.8662663
1725353371.8948195
1725353371.8958616
1725353371.8967967
1725353371.8987343
1725353372.0977004
1725353372.1128883
1725353372.149248
1725353372.149744
1725353372.206
1725353372.2074766
1725353372.2395241
1725353372.2420926
1725353372.2426436
1725353372.404703
1725353372.4052138
1725353372.407145
1725353372.4209821
1725353372.4231946
1725353372.4237006
1725353372.4315689
1725353372.5424876
1725353372.5429602
1725353372.5515625
1725353372.5516384
1725353372.6190503
1725353372.621725
1725353372.6904368
1725353372.691418
1725353372.6936228
1725353372.6961489
1725353372.7057312
1725353372.7063422
1725353372.87345
1725353372.876248
1725353372.9405382
1725353372.9420116
1725353372.9444187
1725353372.9453056
1725353373.1778703
1725353373.1788595
1725353373.1808913
1725353373.182841
1725353373.2362719
1725353373.2371442
1725353373.2372975
1725353373.2394538
1725353373.2485845
1725353373.2502918
1725353373.252714
1725353373.254284
1725353373.2890491
1725353373.290326
1725353373.3131678
1725353373.3140454
1725353373.3149092
1725353373.3188565
1725353373.4615278
1725353373.46341
1725353373.5435486
1725353373.545048
1725353373.5462534
1725353373.5481331
1725353373.5881758
1725353373.5905175
1725353373.5926554
1725353373.7171774
1725353373.7184286
1725353373.7199366
1725353374.1013312
1725353374.1042602
1725353374.2152467
1725353374.2161665
1725353374.216997
1725353374.2205615
1725353374.3424618
1725353374.3439596
1725353374.3456416
1725353374.3600109
1725353374.3617063
1725353374.362686
1725353374.3781073
1725353374.3806088
1725353374.3807635
1725353374.4134505
1725353374.414604
1725353374.4653497
1725353374.4677775
1725353374.5404637
1725353374.5412438
1725353374.5430822
1725353374.5445504
1725353374.5648394
1725353374.5675564
1725353374.5685036
1725353374.610319
1725353374.612106
1725353374.613846
1725353374.6147425
1725353374.6230736
1725353374.625652
1725353374.646918
1725353374.647887
1725353374.6486077
1725353374.7326622
1725353374.734196
1725353374.7367887
1725353374.8607948
1725353374.863474
1725353374.8641572
1725353374.8651297
1725353374.8798099
1725353374.884779
1725353374.887149
1725353374.8871744
1725353374.8871956
1725353374.9883382
1725353374.991735
1725353374.9976041
1725353375.076934
1725353375.0783696
1725353375.1463113
1725353375.1471996
1725353375.149622
1725353375.1517153
1725353375.1745312
1725353375.1750693
1725353375.176856
1725353375.2060978
1725353375.2074761
1725353375.2091732
1725353375.2113452
1725353375.2248588
1725353375.2280035
1725353375.239641
1725353375.2404597
1725353375.2412882
1725353375.3326342
1725353375.3332663
1725353375.333749
1725353375.3366003
1725353375.405143
1725353375.407116
1725353375.4095833
1725353375.4189513
1725353375.4213257
1725353375.4273221
1725353375.5496557
1725353375.550555
1725353375.5516284
1725353375.6553988
1725353375.6568725
1725353375.658396
1725353375.6609824
1725353375.7027586
1725353375.7041492
1725353375.7488446
1725353375.753222
1725353375.765529
1725353375.7665157
1725353375.7827263
1725353375.78326
1725353375.7838895
1725353375.7853024
1725353375.788017
1725353375.8191922
1725353375.8241918
1725353375.8584003
1725353375.8596933
1725353375.8605206
1725353375.8613193
1725353375.8636189
1725353375.873586
1725353375.8752475
1725353375.9029682
1725353375.9037101
1725353375.9048564
1725353375.907205
1725353375.9445329
1725353375.9478698
1725353375.9489868
1725353375.9521768
1725353375.9814298
1725353375.983979
1725353375.9850852
1725353375.9993892
1725353376.000592
1725353376.0027134
1725353376.015621
1725353376.0165176
1725353376.0189385
1725353376.0212064
1725353376.0467825
1725353376.0481892
1725353376.050368
1725353376.0510764
1725353376.0520108
1725353376.053644
1725353376.0729995
1725353376.075489
1725353376.0782993
1725353376.080691
1725353376.228238
1725353376.231837
1725353376.2326682
1725353376.2535884
1725353376.2547302
1725353376.2567239
1725353376.3081403
1725353376.310125
1725353376.3115711
1725353376.346913
1725353376.3481941
1725353376.3489258
1725353376.3511248
1725353376.355156
1725353376.356688
1725353376.3917117
1725353376.392016
1725353376.3932555
1725353376.39654
1725353376.4119236
1725353376.4132342
1725353376.4747262
1725353376.4757838
1725353376.5136542
1725353376.5148842
1725353376.5167603
1725353376.5194616
1725353376.5963416
1725353376.5990138
1725353376.6019561
1725353376.6831353
1725353376.6842763
1725353376.685726
1725353376.8110924
1725353376.8129144
1725353376.8167534
1725353376.8191383
1725353376.9353716
1725353376.9360955
1725353376.9375644
1725353376.9438076
1725353376.9961045
1725353376.9983773
1725353377.0003805
1725353377.087649
1725353377.0889788
1725353377.0921087
1725353377.0971308
1725353377.097941
1725353377.1071928
1725353377.108557
1725353377.2020407
1725353377.2042031
1725353377.2054482
1725353377.2066894
1725353377.2076547
1725353377.3219132
1725353377.3234289
1725353377.3262308
1725353377.3459573
1725353377.3484437
1725353377.3499572
1725353377.3514256
1725353377.4621131
1725353377.4632063
1725353377.5352216
1725353377.5370164
1725353377.5386903
1725353377.5418339
1725353377.5437534
1725353377.6033363
1725353377.6039152
1725353377.6046867
1725353377.6069603
1725353377.83458
1725353377.8362727
1725353378.1098497
1725353378.1113482
1725353378.122703
1725353378.1243079
1725353378.124642
1725353378.126595
1725353378.1437893
1725353378.1893387
1725353378.189432
1725353378.1895165
1725353378.1896248
1725353378.1934605
1725353378.2525413
1725353378.2877192
1725353378.2878015
1725353378.363463
1725353378.3716164
1725353378.373337
1725353378.3746095
1725353378.379035
1725353378.3823707
1725353378.4028904
1725353378.4042833
1725353378.4047334
1725353378.420138
1725353378.421608
1725353378.424366
1725353378.447318
1725353378.448952
1725353378.4507852
1725353378.4520261
1725353378.4539433
1725353378.4549754
1725353378.4562514
1725353378.4593623
1725353378.461268
1725353378.465782
1725353378.466484
1725353378.5643787
1725353378.565762
1725353378.5668569
1725353378.5681005
1725353378.795691
1725353378.8090932
1725353378.8133821
1725353378.8141332
1725353378.8148792
1725353378.867403
1725353378.9260206
1725353378.9279845
1725353379.0027142
1725353379.004047
1725353379.005151
1725353379.0074952
1725353379.0589972
1725353379.0602171
1725353379.0607026
1725353379.078308
1725353379.0806205
1725353379.081746
1725353379.0828686
1725353379.0914745
1725353379.0926852
1725353379.0948818
1725353379.0973716
1725353379.144736
1725353379.14556
1725353379.146677
1725353379.149135
1725353379.350854
1725353379.3525972
1725353379.3547122
1725353379.363767
1725353379.41383
1725353379.4150426
1725353379.4174507
1725353379.4952984
1725353379.496332
1725353379.4970746
1725353379.4996376
1725353379.5040724
1725353379.5111492
1725353379.549691
1725353379.550975
1725353379.5525136
1725353379.5543509
1725353379.560584
1725353379.5621076
1725353379.5634258
1725353379.5741098
1725353379.576901
1725353379.5793636
1725353379.5819566
1725353379.584662
1725353379.6325722
1725353379.6339679
1725353379.6347373
1725353379.6370986
1725353379.6393847
1725353379.6417553
1725353379.6513047
1725353379.6517625
1725353379.6524153
1725353379.6553934
1725353379.7118256
1725353379.7144165
1725353379.7160063
1725353379.7169135
1725353379.7280316
1725353379.7943647
1725353379.7958343
1725353379.7977085
1725353379.7988675
1725353379.8287032
1725353379.8294275
1725353379.8318193
1725353380.007935
1725353380.008494
1725353380.1350691
1725353380.2106411
1725353380.2144773
1725353380.2204015
1725353380.2213552
1725353380.2239416
1725353380.2244804
1725353380.3188863
1725353380.3219476
1725353380.3419297
1725353380.3425035
1725353380.3430276
1725353380.3855166
1725353380.3863635
1725353380.3992052
1725353380.417175
1725353380.4193227
1725353380.4219828
1725353380.4232204
1725353380.4796798
1725353380.4818146
1725353380.483571
1725353380.4971766
1725353380.49778
1725353380.4983299
1725353380.5080984
1725353380.5093093
1725353380.510756
1725353380.5523794
1725353380.5942497
1725353380.595864
1725353380.5975132
1725353380.609332
1725353380.6120028
1725353380.6133616
1725353380.6144333
1725353380.6581366
1725353380.6606655
1725353380.661261
1725353380.6640851
1725353380.6810002
1725353380.6830053
1725353380.684043
1725353380.6852298
1725353380.712317
1725353380.7162833
1725353380.7168167
1725353380.8276894
1725353380.8321798
1725353380.8332248
1725353380.836528
1725353380.89926
1725353380.9016502
1725353380.9021907
1725353380.902668
1725353381.024616
1725353381.0271475
1725353381.027243
1725353381.027269
1725353381.0273209
1725353381.037742
1725353381.0589876
1725353381.1549454
1725353381.1814935
1725353381.1850464
1725353381.186085
1725353381.2593884
1725353381.2616034
1725353381.2634077
1725353381.2645626
1725353381.3637996
1725353381.3656116
1725353381.6160355
1725353381.6166182
1725353381.6171477
1725353381.8475835
1725353381.860979
1725353381.865896
1725353381.8744094
1725353381.8923707
1725353381.894385
1725353381.896426
1725353381.896883
1725353381.9972682
1725353381.9990664
1725353382.0087914
1725353382.0093117
1725353382.0118673
1725353382.012316
1725353382.1519372
1725353382.1524208
1725353382.153666
1725353382.154699
1725353382.1765754
1725353382.1887243
1725353382.1897666
1725353382.1913905
1725353382.222655
1725353382.2229877
1725353382.2325559
1725353382.2938528
1725353382.4219158
1725353382.4228442
1725353382.424293
1725353382.426707
1725353382.4996538
1725353382.500361
1725353382.5015123
1725353382.5032592
1725353382.6208377
1725353382.6223292
1725353382.6329608
1725353382.634706
1725353382.6365514
1725353382.637899
1725353382.6403716
1725353382.684764
1725353382.6849127
1725353382.6859834
1725353382.6911077
1725353382.7086065
1725353382.709539
1725353382.7104392
1725353382.7351444
1725353382.737946
1725353382.738915
1725353382.740645
1725353382.7415707
1725353382.765838
1725353382.7677693
1725353382.7682967
1725353382.7707696
1725353382.8123958
1725353382.813716
1725353382.815573
1725353382.816958
1725353382.8259592
1725353382.8270154
1725353382.8281991
1725353382.8298013
1725353382.8684614
1725353382.8692973
1725353382.9838352
1725353382.985472
1725353382.9876118
1725353382.9890888
1725353382.9961724
1725353382.9992092
1725353383.000262
1725353383.0097554
1725353383.019779
1725353383.0198662
1725353383.0813646
1725353383.0822678
1725353383.0829732
1725353383.0859277
1725353383.1612391
1725353383.162034
1725353383.1640534
1725353383.2212183
1725353383.2219121
1725353383.2244668
1725353383.2251453
1725353383.2375412
1725353383.2394357
1725353383.24296
1725353383.2485285
1725353383.2506104
1725353383.292714
1725353383.2930636
1725353383.3726642
1725353383.3744595
1725353383.452644
1725353383.4566615
1725353383.45741
1725353383.4744213
1725353383.4776342
1725353383.477911
1725353383.4802713
1725353383.5152204
1725353383.5158024
1725353383.5171852
1725353383.5286758
1725353383.5294251
1725353383.5325649
1725353383.6706233
1725353383.674501
1725353383.69219
1725353383.69281
1725353383.6951127
1725353383.7409494
1725353383.7420688
1725353383.7432635
1725353383.7465072
1725353383.8013997
1725353383.8037443
1725353383.8047411
1725353383.806505
1725353383.85486
1725353383.8563054
1725353383.859193
1725353383.8602567
1725353383.9646566
1725353383.9654176
1725353383.9659865
1725353383.9706242
1725353383.9721277
1725353383.9838614
1725353383.9944415
1725353383.9972699
1725353383.9989717
1725353384.0011618
1725353384.0244088
1725353384.0254154
1725353384.0294604
1725353384.0299609
1725353384.047713
1725353384.0482228
1725353384.0490954
1725353384.0514584
1725353384.1132553
1725353384.11422
1725353384.280543
1725353384.2825606
1725353384.2850952
1725353384.3773067
1725353384.3785222
1725353384.427125
1725353384.457682
1725353384.4577134
1725353384.4577389
1725353384.4578047
1725353384.460681
1725353384.4658034
1725353384.5049906
1725353384.541987
1725353384.544133
1725353384.5465324
1725353384.5491362
1725353384.5873246
1725353384.588685
1725353384.5899525
1725353384.59199
1725353384.662833
1725353384.664115
1725353384.6648347
1725353384.6675465
1725353384.669261
1725353384.6779237
1725353384.6827068
1725353384.6838217
1725353384.6945543
1725353384.6950793
1725353384.695917
1725353384.7115786
1725353384.7126176
1725353384.7141275
1725353384.7178829
1725353384.9604082
1725353384.9616244
1725353384.962984
1725353385.0469906
1725353385.0490313
1725353385.050221
1725353385.0533879
1725353385.1007233
1725353385.1033754
1725353385.1044347
1725353385.122761
1725353385.125572
1725353385.13077
1725353385.1789358
1725353385.1808877
1725353385.187351
1725353385.1883123
1725353385.2358675
1725353385.2392554
1725353385.2398212
1725353385.240332
1725353385.2423232
1725353385.2971694
1725353385.344999
1725353385.3482955
1725353385.348801
1725353385.3576963
1725353385.3585713
1725353385.3798947
1725353385.473126
1725353385.473882
1725353385.475636
1725353385.476564
1725353385.6122031
1725353385.7290726
1725353385.7302535
1725353385.7307677
1725353385.80358
1725353385.8046243
1725353385.8059313
1725353385.854647
1725353385.856094
1725353385.8574035
1725353385.8591976
1725353385.9176981
1725353385.9198058
1725353385.9227989
1725353385.9539135
1725353385.956135
1725353385.9573045
1725353385.9574904
1725353386.1557794
1725353386.1568053
1725353386.158215
1725353386.2555964
1725353386.2574184
1725353386.260667
1725353386.3540592
1725353386.3573816
1725353386.3582594
1725353386.3600154
1725353386.4894907
1725353386.4912293
1725353386.4983382
1725353386.4991822
1725353386.5044103
1725353386.5108976
1725353386.5428925
1725353386.5446148
1725353386.5849814
1725353386.587207
1725353386.611353
1725353386.6124508
1725353386.6142726
1725353386.6158192
1725353386.6265354
1725353386.6294937
1725353386.6309373
1725353386.6970758
1725353386.6976645
1725353386.7013113
1725353386.722099
1725353386.7231112
1725353386.7236462
1725353386.725612
1725353386.739302
1725353386.741369
1725353386.8369265
1725353386.8383243
1725353386.8409057
1725353386.9840975
1725353386.9851677
1725353386.9880376
1725353387.163426
1725353387.1652086
1725353387.1668923
1725353387.2333288
1725353387.2355294
1725353387.2369995
1725353387.2405097
1725353387.3587558
1725353387.3594012
1725353387.3598034
1725353387.3639941
1725353387.3743312
1725353387.3750024
1725353387.3936608
1725353387.3950276
1725353387.3978717
1725353387.4235625
1725353387.424348
1725353387.425222
1725353387.4271066
1725353387.481727
1725353387.4827306
1725353387.4857426
1725353387.4871142
1725353387.4993765
1725353387.5000188
1725353387.5007975
1725353387.713974
1725353387.7149618
1725353387.778304
1725353387.7801871
1725353387.7822826
1725353387.7836
1725353387.785138
1725353387.8582225
1725353387.8596509
1725353387.8609679
1725353387.8635156
1725353388.0230465
1725353388.024094
1725353388.0257435
1725353388.045065
1725353388.0539558
1725353388.077615
1725353388.0783825
1725353388.0803468
1725353388.123861
1725353388.1269026
1725353388.1650422
1725353388.1667774
1725353388.1668236
1725353388.1668434
1725353388.166923
1725353388.1923182
1725353388.3457518
1725353388.4749656
1725353388.475661
1725353388.5119712
1725353388.5140367
1725353388.5149627
1725353388.5162299
1725353388.564183
1725353388.5660203
1725353388.5666604
1725353388.6138058
1725353388.6150155
1725353388.6162438
1725353388.6184855
1725353388.7520595
1725353388.755357
1725353388.860854
1725353388.8620768
1725353388.8629565
1725353388.9561641
1725353388.9582484
1725353388.9592938
1725353388.9600062
1725353388.9696124
1725353388.9720712
1725353388.9982803
1725353389.0003226
1725353389.0008593
1725353389.0026674
1725353389.012504
1725353389.014076
1725353389.0150487
1725353389.0622916
1725353389.0636098
1725353389.0649276
1725353389.066964
1725353389.125953
1725353389.1265273
1725353389.2599902
1725353389.3958855
1725353389.3995938
1725353389.3998702
1725353389.4002135
1725353389.4344707
1725353389.4345572
1725353389.4355564
1725353389.436121
1725353389.57068
1725353389.572828
1725353389.5733418
1725353389.7499135
1725353389.7514505
1725353389.7530344
1725353389.979152
1725353390.0183325
1725353390.0197537
1725353390.0227427
1725353390.0234377
1725353390.0312881
1725353390.0722268
1725353390.0725498
1725353390.072832
1725353390.08755
1725353390.0881553
1725353390.1213195
1725353390.1216214
1725353390.1220808
1725353390.125436
1725353390.142286
1725353390.1494195
1725353390.2432144
1725353390.243756
1725353390.2449963
1725353390.294207
1725353390.2965477
1725353390.299209
1725353390.4016848
1725353390.402233
1725353390.4049754
1725353390.438478
1725353390.439601
1725353390.442251
1725353390.4846606
1725353390.4854267
1725353390.6573925
1725353390.6581936
1725353390.6621873
1725353390.6625054
1725353390.6643512
1725353390.6657727
1725353390.6912358
1725353390.7049477
1725353390.7054532
1725353390.706051
1725353390.7065485
1725353390.7077186
1725353390.7098925
1725353390.7477403
1725353390.7516615
1725353390.751965
1725353390.7543542
1725353390.7559872
1725353390.8192296
1725353390.8218381
1725353390.8335416
1725353390.8361437
1725353390.9331808
1725353390.9334676
1725353390.9338236
1725353390.9389935
1725353390.9493947
1725353390.9494982
1725353390.951079
1725353390.9538305
1725353390.9546435
1725353390.9998116
1725353391.002706
1725353391.2868347
1725353391.287526
1725353391.2884953
1725353391.3073556
1725353391.3084533
1725353391.3252947
1725353391.4188235
1725353391.4210806
1725353391.4223697
1725353391.4587018
1725353391.4598312
1725353391.4603572
1725353391.5158784
1725353391.5289035
1725353391.5300896
1725353391.532331
1725353391.5436049
1725353391.5446136
1725353391.5460951
1725353391.546779
1725353391.547564
1725353391.5555685
1725353391.5565248
1725353391.5579367
1725353391.5852988
1725353391.5869293
1725353391.5884502
1725353391.58913
1725353391.5919333
1725353391.5930202
1725353391.5943866
1725353391.595238
1725353391.5992987
1725353391.6225455
1725353391.625317
1725353391.6260092
1725353391.6686554
1725353391.6692057
1725353391.6700716
1725353391.6708858
1725353391.6726305
1725353391.866684
1725353391.8680096
1725353391.8680434
1725353391.868071
1725353391.8681028
1725353391.9461687
1725353391.9882576
1725353392.0295796
1725353392.031091
1725353392.033538
1725353392.0791047
1725353392.0807633
1725353392.081287
1725353392.0824597
1725353392.0900521
1725353392.091306
1725353392.3345826
1725353392.3353477
1725353392.3371828
1725353392.3711565
1725353392.3718588
1725353392.4433331
1725353392.4439938
1725353392.445441
1725353392.445936
1725353392.4476602
1725353392.5362453
1725353392.5385559
1725353392.539996
1725353392.5619683
1725353392.562467
1725353392.5633383
1725353392.5716894
1725353392.6814024
1725353392.6831484
1725353392.6845992
1725353392.6872213
1725353392.687832
1725353392.6910186
1725353392.7143385
1725353392.7151873
1725353392.8081102
1725353392.8118205
1725353392.8215668
1725353392.8450465
1725353392.846747
1725353392.8476713
1725353392.9197998
1725353392.9204416
1725353392.9224272
1725353392.9298062
1725353392.9321182
1725353392.933718
1725353393.025834
1725353393.027384
1725353393.0279496
1725353393.1453993
1725353393.1464279
1725353393.1471696
1725353393.167184
1725353393.1677496
1725353393.1682022
1725353393.169003
1725353393.207834
1725353393.2102237
1725353393.2218208
1725353393.2235546
1725353393.375941
1725353393.378477
1725353393.3805192
1725353393.5911767
1725353393.5927756
1725353393.5933058
1725353393.5949547
1725353393.598069
1725353393.6773195
1725353393.678042
1725353393.6847446
1725353393.6856132
1725353393.6904383
1725353393.7499094
1725353393.7503994
1725353393.7518075
1725353393.7524323
1725353393.8404667
1725353393.8432798
1725353393.8872716
1725353393.8881404
1725353393.923349
1725353393.9247427
1725353393.925689
1725353393.9269173
1725353394.234284
1725353394.237471
1725353394.2878623
1725353394.2889745
1725353394.290514
1725353394.2919376
1725353394.4603856
1725353394.4612436
1725353394.487451
1725353394.4910514
1725353394.4911275
1725353394.5479927
1725353394.5481153
1725353394.5515091
1725353394.5770254
1725353394.5785613
1725353394.6001108
1725353394.6006513
1725353394.6036944
1725353394.6042404
1725353394.6432364
1725353394.6443987
1725353394.6519833
1725353394.6532285
1725353394.6637545
1725353394.664545
1725353394.665319
1725353394.71167
1725353394.7146351
1725353394.7155097
1725353394.751507
1725353394.7972696
1725353394.7979577
1725353394.8862627
1725353394.8898542
1725353394.904164
1725353394.9056466
1725353394.9072676
1725353394.9260075
1725353394.9289083
1725353394.9297142
1725353394.9314287
1725353394.9587512
1725353394.961443
1725353394.9624538
1725353394.9804344
1725353394.9828472
1725353394.983639
1725353395.0135722
1725353395.0145054
1725353395.0165896
1725353395.0882428
1725353395.0889554
1725353395.1092522
1725353395.1129231
1725353395.1136057
1725353395.1144016
1725353395.1194515
1725353395.1220217
1725353395.155153
1725353395.1560588
1725353395.1577435
1725353395.16168
1725353395.1828709
1725353395.183736
1725353395.1852307
1725353395.187678
1725353395.2439837
1725353395.2473388
1725353395.2559156
1725353395.257874
1725353395.2586122
1725353395.2616127
1725353395.2632291
1725353395.2645612
1725353395.278488
1725353395.3156996
1725353395.3164608
1725353395.3165233
1725353395.3165438
1725353395.316627
1725353395.3509836
1725353395.3566315
1725353395.4209132
1725353395.421661
1725353395.5233965
1725353395.5241048
1725353395.5255432
1725353395.529164
1725353395.555245
1725353395.5558233
1725353395.5563202
1725353395.590513
1725353395.6507192
1725353395.6513588
1725353395.654702
1725353395.6758828
1725353395.6786335
1725353395.7291398
1725353395.7298908
1725353395.7644172
1725353395.839686
1725353395.8412519
1725353395.842494
1725353395.8968186
1725353395.9051197
1725353395.9063597
1725353395.9066403
1725353395.946225
1725353395.948273
1725353395.9487627
1725353395.9498546
1725353395.9765735
1725353395.9831922
1725353395.9839308
1725353395.9923518
1725353396.0041726
1725353396.0042894
1725353396.0051982
1725353396.0275981
1725353396.0276961
1725353396.028185
1725353396.1432445
1725353396.1468766
1725353396.1479385
1725353396.1541028
1725353396.1985056
1725353396.1992888
1725353396.1999142
1725353396.2083206
1725353396.2111003
1725353396.2284098
1725353396.2299047
1725353396.231863
1725353396.2521987
1725353396.253765
1725353396.2560122
1725353396.2591114
1725353396.2605762
1725353396.3085048
1725353396.310482
1725353396.311005
1725353396.3115447
1725353396.3140805
1725353396.3434803
1725353396.3450768
1725353396.4067755
1725353396.4376333
1725353396.4405112
1725353396.4545348
1725353396.4558716
1725353396.4566746
1725353396.4601412
1725353396.4759626
1725353396.489812
1725353396.4924092
1725353396.4953864
1725353396.5148704
1725353396.5153248
1725353396.5192754
1725353396.522245
1725353396.6392367
1725353396.641204
1725353396.6421032
1725353396.6431715
1725353396.658376
1725353396.70025
1725353396.7452273
1725353396.745822
1725353396.7468116
1725353396.7621021
1725353396.7640097
1725353396.7644973
1725353396.7754607
1725353396.777497
1725353396.7792099
1725353396.780167
1725353396.7851532
1725353396.7873273
1725353396.788042
1725353396.8319652
1725353396.8337522
1725353396.8359492
1725353396.881862
1725353396.883424
1725353396.8840075
1725353396.8849308
1725353396.9417338
1725353396.943291
1725353396.9445686
1725353396.9472544
1725353396.948213
1725353396.9497488
1725353396.9503396
1725353396.9516644
1725353396.952591
1725353396.9561176
1725353396.956927
1725353396.9629831
1725353396.9642358
1725353396.9991121
1725353397.0007634
1725353397.0113325
1725353397.0125685
1725353397.013096
1725353397.0531912
1725353397.053668
1725353397.0541468
1725353397.0812218
1725353397.0818565
1725353397.0818858
1725353397.0819106
1725353397.0819845
1725353397.1017861
1725353397.2436795
1725353397.2462888
1725353397.2793918
1725353397.2801301
1725353397.2828984
1725353397.3394582
1725353397.3404644
1725353397.3418272
1725353397.3441508
1725353397.3464658
1725353397.3644075
1725353397.3935313
1725353397.4131837
1725353397.4137385
1725353397.4185054
1725353397.4872258
1725353397.4879844
1725353397.5260136
1725353397.528091
1725353397.5286028
1725353397.5294003
1725353397.5327375
1725353397.5355287
1725353397.586763
1725353397.5875487
1725353397.589492
1725353397.6122587
1725353397.612823
1725353397.613704
1725353397.6145854
1725353397.6287963
1725353397.631934
1725353397.6367002
1725353397.6562648
1725353397.6567812
1725353397.6571515
1725353397.658311
1725353397.7047663
1725353397.7320702
1725353397.7337337
1725353397.7517786
1725353397.7529168
1725353397.8278067
1725353397.8283064
1725353397.8304415
1725353397.8508015
1725353397.852359
1725353397.908021
1725353397.9081295
1725353397.9115186
1725353397.9122808
1725353397.9482186
1725353397.94909
1725353397.9500167
1725353397.9543853
1725353397.9898508
1725353397.9903457
1725353397.9914057
1725353398.030222
1725353398.0342548
1725353398.052611
1725353398.0541706
1725353398.0559528
1725353398.1039028
1725353398.1050775
1725353398.1119454
1725353398.1134582
1725353398.1200004
1725353398.1234295
1725353398.1440399
1725353398.1455832
1725353398.1475594
1725353398.1564534
1725353398.159959
1725353398.171355
1725353398.1721427
1725353398.1735103
1725353398.2850082
1725353398.2890058
1725353398.289496
1725353398.3520255
1725353398.3534396
1725353398.356536
1725353398.3643112
1725353398.3856063
1725353398.3864589
1725353398.3888862
1725353398.3986812
1725353398.4124746
1725353398.4135234
1725353398.4173741
1725353398.4651237
1725353398.4656298
1725353398.4663517
1725353398.4735389
1725353398.4742136
1725353398.4808328
1725353398.4986372
1725353398.4997597
1725353398.500314
1725353398.5035477
1725353398.5090194
1725353398.5210178
1725353398.5218415
1725353398.5254643
1725353398.542147
1725353398.5437002
1725353398.5470498
1725353398.5480206
1725353398.548785
1725353398.5501847
1725353398.5529165
1725353398.5809014
1725353398.6187904
1725353398.6215189
1725353398.622041
1725353398.6225333
1725353398.6362748
1725353398.6374488
1725353398.695769
1725353398.697035
1725353398.7601798
1725353398.7608793
1725353398.7620614
1725353398.7749221
1725353398.9258664
1725353398.9274557
1725353398.9280243
1725353398.9316561
1725353398.939839
1725353398.9488575
1725353398.9512916
1725353398.9524128
1725353398.9620335
1725353398.9732926
1725353399.0011315
1725353399.0039225
1725353399.0062964
1725353399.059898
1725353399.0611622
1725353399.061654
1725353399.0882652
1725353399.090611
1725353399.0914946
1725353399.0936058
1725353399.0966413
1725353399.0987303
1725353399.1379607
1725353399.1385953
1725353399.1390302
1725353399.1419168
1725353399.1511023
1725353399.1518738
1725353399.1937833
1725353399.1962967
1725353399.2189934
1725353399.21986
1725353399.2208467
1725353399.2222912
1725353399.231861
1725353399.2326353
1725353399.2327042
1725353399.265748
1725353399.2664726
1725353399.2664952
1725353399.2665148
1725353399.2665415
1725353399.272919
1725353399.3061678
1725353399.3345997
1725353399.3390682
1725353399.3592598
1725353399.360617
1725353399.362391
1725353399.3899915
1725353399.3913827
1725353399.3924592
1725353399.3933997
1725353399.4265764
1725353399.4283102
1725353399.4414284
1725353399.4421284
1725353399.4424686
1725353399.4797275
1725353399.4843686
1725353399.4854748
1725353399.4862325
1725353399.4924476
1725353399.4933813
1725353399.4939427
1725353399.568388
1725353399.569235
1725353399.6118188
1725353399.6131656
1725353399.6144025
1725353399.6158516
1725353399.6369276
1725353399.663976
1725353399.6661875
1725353399.666982
1725353399.66821
1725353399.7789319
1725353399.779444
1725353399.780033
1725353399.7827601
1725353399.784042
1725353399.7987092
1725353399.8701348
1725353399.920047
1725353399.921107
1725353399.9220107
1725353399.9223766
1725353399.9335265
1725353399.9387493
1725353399.9565198
1725353399.9575355
1725353399.965348
1725353399.9783852
1725353400.0187364
1725353400.0199113
1725353400.0204089
1725353400.0209134
1725353400.0501943
1725353400.0518997
1725353400.0589886
1725353400.0598016
1725353400.09536
1725353400.1206243
1725353400.1240997
1725353400.1420858
1725353400.1463501
1725353400.147246
1725353400.168021
1725353400.1690412
1725353400.1702724
1725353400.1936638
1725353400.195231
1725353400.2412512
1725353400.2428873
1725353400.2441595
1725353400.2682483
1725353400.2714686
1725353400.2926996
1725353400.293613
1725353400.2961583
1725353400.2965946
1725353400.3039753
1725353400.326777
1725353400.3275275
1725353400.3292472
1725353400.4119372
1725353400.4149976
1725353400.4158652
1725353400.422311
1725353400.423683
1725353400.4248552
1725353400.465626
1725353400.4680328
1725353400.4704862
1725353400.5545824
1725353400.5565956
1725353400.557793
1725353400.5603025
1725353400.564512
1725353400.6177273
1725353400.6204364
1725353400.6234486
1725353400.6240764
1725353400.6521568
1725353400.6526392
1725353400.6549873
1725353400.6590629
1725353400.6749141
1725353400.678763
1725353400.6816838
1725353400.6837685
1725353400.7708056
1725353400.7714355
1725353400.7722666
1725353400.8047652
1725353400.8072119
1725353400.8095315
1725353400.853284
1725353400.8538198
1725353400.8544762
1725353400.8607416
1725353400.861573
1725353400.8811665
1725353400.883322
1725353400.886189
1725353400.8880408
1725353400.9207122
1725353400.924501
1725353400.9259953
1725353400.9451694
1725353400.9491713
1725353400.9507775
1725353400.976206
1725353400.9770262
1725353400.9804764
1725353400.982579
1725353400.9837523
1725353401.01451
1725353401.0159075
1725353401.070682
1725353401.0714042
1725353401.0731246
1725353401.0751243
1725353401.0954752
1725353401.0966191
1725353401.0994637
1725353401.1549346
1725353401.1559381
1725353401.1569982
1725353401.1578474
1725353401.1818554
1725353401.1830409
1725353401.186652
1725353401.1879766
1725353401.2217684
1725353401.253623
1725353401.254631
1725353401.2559602
1725353401.2564523
1725353401.2621055
1725353401.33582
1725353401.3383455
1725353401.338879
1725353401.3490553
1725353401.3511848
1725353401.3992515
1725353401.3998842
1725353401.4019487
1725353401.4026628
1725353401.4367206
1725353401.4418793
1725353401.445741
1725353401.4595706
1725353401.4596472
1725353401.4596915
1725353401.4597223
1725353401.4634595
1725353401.4732962
1725353401.5030918
1725353401.5145962
1725353401.5161722
1725353401.6724992
1725353401.6732638
1725353401.6738276
1725353401.7290616
1725353401.7298174
1725353401.7301714
1725353401.732055
1725353401.755797
1725353401.7565954
1725353401.757058
1725353401.766848
1725353401.768722
1725353401.8703666
1725353401.8725626
1725353401.873639
1725353401.883904
1725353401.8920853
1725353401.8935678
1725353401.9014714
1725353401.9026139
1725353401.9113574
1725353401.9143686
1725353401.9390237
1725353401.9398434
1725353401.9489055
1725353401.9497328
1725353401.9515874
1725353401.96023
1725353401.9611719
1725353401.9824386
1725353401.9833014
1725353401.9847429
1725353401.9853253
1725353401.9929488
1725353402.003467
1725353402.0297167
1725353402.0303338
1725353402.0344396
1725353402.035692
1725353402.122017
1725353402.1225371
1725353402.124406
1725353402.1827364
1725353402.183537
1725353402.19507
1725353402.2146344
1725353402.2151318
1725353402.215719
1725353402.2163622
1725353402.2513773
1725353402.2537756
1725353402.2549193
1725353402.2974632
1725353402.2986553
1725353402.29914
1725353402.3008249
1725353402.3417835
1725353402.3441103
1725353402.344754
1725353402.3598504
1725353402.3626018
1725353402.381958
1725353402.3829966
1725353402.3851268
1725353402.4147108
1725353402.4155567
1725353402.4163072
1725353402.429099
1725353402.4315932
1725353402.4562812
1725353402.4569001
1725353402.457775
1725353402.4602225
1725353402.4731598
1725353402.474724
1725353402.474833
1725353402.4763174
1725353402.597618
1725353402.5992947
1725353402.600127
1725353402.6075268
1725353402.6286767
1725353402.6293085
1725353402.629921
1725353402.6409078
1725353402.676389
1725353402.6789582
1725353402.6902683
1725353402.7755654
1725353402.7770202
1725353402.7784064
1725353402.814429
1725353402.8157177
1725353402.8172774
1725353402.8746502
1725353402.8757002
1725353402.876462
1725353402.8789313
1725353402.9024918
1725353402.9052806
1725353402.9299598
1725353402.932142
1725353402.9344804
1725353402.9470465
1725353402.9482677
1725353402.9489317
1725353402.9656737
1725353402.9703178
1725353402.9894903
1725353402.9904335
1725353402.992662
1725353402.9938626
1725353403.0102084
1725353403.0139496
1725353403.1540306
1725353403.1562123
1725353403.1566563
1725353403.157449
1725353403.2122107
1725353403.216111
1725353403.2287672
1725353403.2317538
1725353403.2495265
1725353403.250286
1725353403.2541018
1725353403.2877328
1725353403.2880456
1725353403.3301709
1725353403.3316162
1725353403.3353863
1725353403.3556085
1725353403.3572862
1725353403.3580613
1725353403.382802
1725353403.3834245
1725353403.386294
1725353403.3878207
1725353403.394898
1725353403.395687
1725353403.3990164
1725353403.428289
1725353403.4319463
1725353403.433315
1725353403.4343576
1725353403.4360538
1725353403.4377866
1725353403.4498925
1725353403.4523954
1725353403.452804
1725353403.45324
1725353403.4560204
1725353403.539626
1725353403.539749
1725353403.5432475
1725353403.553055
1725353403.5668635
1725353403.5674589
1725353403.567527
1725353403.5675638
1725353403.5730069
1725353403.586614
1725353403.6010838
1725353403.611149
1725353403.6117282
1725353403.6285224
1725353403.6297452
1725353403.6497986
1725353403.6501882
1725353403.6518757
1725353403.6522532
1725353403.7033927
1725353403.7039554
1725353403.704999
1725353403.7050717
1725353403.7446625
1725353403.7469332
1725353403.7483947
1725353403.8018909
1725353403.8042755
1725353403.8046515
1725353403.8060365
1725353403.8067725
1725353403.8123858
1725353403.8420663
1725353403.9659038
1725353403.9666257
1725353403.9680393
1725353403.968152
1725353403.9700837
1725353403.9701908
1725353403.9704297
1725353403.9716022
1725353403.9717734
1725353403.9718955
1725353403.9725316
1725353403.9726713
1725353403.992101
1725353403.9984624
1725353404.0372093
1725353404.0374782
1725353404.0409813
1725353404.1350927
1725353404.135541
1725353404.1388967
1725353404.139311
1725353404.1403785
1725353404.2030318
1725353404.2041132
1725353404.2141027
1725353404.2498906
1725353404.2503157
1725353404.3282757
1725353404.3294392
1725353404.3303802
1725353404.3355381
1725353404.3718963
1725353404.3724465
1725353404.4252286
1725353404.4279578
1725353404.526209
1725353404.5276163
1725353404.5285177
1725353404.5297186
1725353404.5629869
1725353404.563947
1725353404.590098
1725353404.6557465
1725353404.6561894
1725353404.6623166
1725353404.6626725
1725353404.713182
1725353404.7142725
1725353404.715051
1725353404.7476082
1725353404.7481303
1725353404.792885
1725353404.7934914
1725353404.7944295
1725353404.828946
1725353404.8306503
1725353404.8564923
1725353404.8747363
1725353404.881659
1725353404.9460726
1725353404.9464123
1725353404.946771
1725353404.9639652
1725353404.980057
1725353405.0529954
1725353405.0533626
1725353405.055703
1725353405.0674462
1725353405.0994058
1725353405.100361
1725353405.1234703
1725353405.2797055
1725353405.2805314
1725353405.280671
1725353405.2814245
1725353405.2994158
1725353405.299482
1725353405.3388693
1725353405.3395357
1725353405.3410325
1725353405.3418877
1725353405.383029
1725353405.3833873
1725353405.3845437
1725353405.458092
1725353405.4598372
1725353405.4599662
1725353405.4626012
1725353405.5007565
1725353405.5026438
1725353405.5555127
1725353405.555889
1725353405.5776944
1725353405.5906138
1725353405.6074963
1725353405.6397097
1725353405.640504
1725353405.7063224
1725353405.7076454
1725353405.7108085
1725353405.7474859
1725353405.7478352
1725353405.7817252
1725353405.8078945
1725353405.8118088
1725353405.8223133
1725353405.879095
1725353405.8805566
1725353405.905185
1725353406.0830548
1725353406.0874863
1725353406.0885043
1725353406.09151
1725353406.0918026
1725353406.0951643
1725353406.0957696
1725353406.0959907
1725353406.0974088
1725353406.0999525
1725353406.1053977
1725353406.1134355
1725353406.142287
1725353406.1473336
1725353406.1805944
1725353406.1810834
1725353406.2272325
1725353406.2276657
1725353406.228769
1725353406.2477121
1725353406.3110592
1725353406.3120873
1725353406.3133168
1725353406.321651
1725353406.362538
1725353406.3632905
1725353406.391558
1725353406.39191
1725353406.4651465
1725353406.466285
1725353406.4666283
1725353406.52614
1725353406.6411977
1725353406.6412237
1725353406.6447206
1725353406.6454308
1725353406.6684277
1725353406.670719
1725353406.6965315
1725353406.7179058
1725353406.755171
1725353406.755443
1725353406.9737418
1725353406.9742217
1725353406.9745407
1725353406.9752688
1725353406.9779117
1725353406.9888067
1725353406.989325
1725353406.9914281
1725353406.992032
1725353406.993352
1725353407.0004199
1725353407.002498
1725353407.0027313
1725353407.0281916
1725353407.0539742
1725353407.062236
1725353407.080396
1725353407.1256926
1725353407.1263795
1725353407.1562169
1725353407.1573215
1725353407.1790564
1725353407.2362428
1725353407.2364914
1725353407.237055
1725353407.4248624
1725353407.42648
1725353407.4265985
1725353407.4289691
1725353407.429809
1725353407.4306917
1725353407.4376452
1725353407.4525142
1725353407.4802146
1725353407.4806252
1725353407.5210803
1725353407.5244133
1725353407.5553603
1725353407.5556064
1725353407.5883083
1725353407.6092064
1725353407.624361
1725353407.6434922
1725353407.6711774
1725353407.6723466
1725353407.7197251
1725353407.7203932
1725353407.749652
1725353407.7627618
1725353407.7784376
1725353407.78776
1725353407.8388538
1725353407.8563929
1725353407.884204
1725353407.8963928
1725353407.9656327
1725353407.9662993
1725353407.9663842
1725353408.0357096
1725353408.0358076
1725353408.0358567
1725353408.0601876
1725353408.0619645
1725353408.1055772
1725353408.1063175
1725353408.1370752
1725353408.1535306
1725353408.1538634
1725353408.162817
1725353408.1778386
1725353408.1938837
1725353408.491489
1725353408.493912
1725353408.5407443
1725353408.5416124
1725353408.5458388
1725353408.5467257
1725353408.5474062
1725353408.5489907
1725353408.5500777
1725353408.550974
1725353408.5708094
1725353408.5718145
1725353408.5722888
1725353408.5732408
1725353408.5738647
1725353408.5748823
1725353408.5761085
1725353408.5763903
1725353408.6816697
1725353408.681962
1725353408.7161624
1725353408.717009
1725353408.7186706
1725353408.7199836
1725353408.7379208
1725353408.7384844
1725353408.7615643
1725353408.7640193
1725353408.7646968
1725353408.8028955
1725353408.8274305
1725353408.9644556
1725353408.9868455
1725353408.987795
1725353408.9888513
1725353408.9895582
1725353408.9899943
1725353408.9925811
1725353409.0449169
1725353409.080439
1725353409.0813365
1725353409.082374
1725353409.0948367
1725353409.1186483
1725353409.1343672
1725353409.1370502
1725353409.1590033
1725353409.3404593
1725353409.340579
1725353409.3406317
1725353409.340782
1725353409.3411112
1725353409.3438163
1725353409.3441288
1725353409.3441966
1725353409.3443868
1725353409.4807808
1725353409.5342512
1725353409.5349476
1725353409.5349922
1725353409.536189
1725353409.5364866
1725353409.536533
1725353409.5383742
1725353409.538436
1725353409.5384898
1725353409.53958
1725353409.54158
1725353409.5589159
1725353409.5903075
1725353409.5911076
1725353409.6301074
1725353409.6617131
1725353409.6620846
1725353409.6709838
1725353409.6764417
1725353409.7102873
1725353409.7349854
1725353409.7359104
1725353409.8949544
1725353409.9096074
1725353409.9530988
1725353409.954106
1725353409.9552178
1725353409.9554105
1725353409.9561603
1725353409.956403
1725353409.9586759
1725353409.9853585
1725353410.014108
1725353410.1750982
1725353410.1762533
1725353410.1767561
1725353410.1776347
1725353410.178351
1725353410.1785455
1725353410.1977763
1725353410.1985984
1725353410.200095
1725353410.2188375
1725353410.3700721
1725353410.4658294
1725353410.4682012
1725353410.4683142
1725353410.4683874
1725353410.4684436
1725353410.468499
1725353410.4685543
1725353410.4694264
1725353410.4695723
1725353410.476792
1725353410.5012276
1725353410.509921
1725353410.8676896
1725353410.8678708
1725353410.8680549
1725353410.868454
1725353410.8686264
1725353410.869319
1725353410.8709025
1725353410.8719354
1725353410.9058552
1725353410.9060147
1725353410.9062006
1725353410.9063807
1725353410.9073534
1725353410.9389558
1725353410.9394374
1725353410.939722
1725353410.9408884
1725353411.0207603
1725353411.021197
1725353411.022456
1725353411.02507
1725353411.040263
1725353411.0404313
1725353411.0406737
1725353411.0940201
1725353411.0962107
1725353411.2388937
1725353411.2404993
1725353411.2411828
1725353411.244028
1725353411.4052074
1725353411.4053895
1725353411.4056897
1725353411.5192382
1725353411.5316577
1725353411.533416
1725353411.5340545
1725353411.5351815
1725353411.6208751
1725353411.6243205
1725353411.6890395
1725353411.6898775
1725353411.6910145
1725353411.6919937
1725353411.7291727
1725353411.730112
1725353411.7319496
1725353411.7328732
1725353411.7992392
1725353411.8024151
1725353411.8029916
1725353411.8972876
1725353411.9016263
1725353411.9680705
1725353411.9685774
1725353411.970033
1725353412.08232
1725353412.085518
1725353412.0860403
1725353412.0876632
1725353412.0893705
1725353412.0907593
1725353412.1211612
1725353412.121936
1725353412.1233795
1725353412.161109
1725353412.1631799
1725353412.1640286
1725353412.164116
1725353412.2163403
1725353412.2187035
1725353412.2219858
1725353412.2234728
1725353412.3082526
1725353412.3094213
1725353412.3123183
1725353412.3825593
1725353412.383727
1725353412.3934128
1725353412.3962152
1725353412.3986218
1725353412.4189887
1725353412.4216506
1725353412.422094
1725353412.574372
1725353412.744216
1725353412.7449212
1725353412.7473576
1725353412.875191
1725353412.8897378
1725353412.8906586
1725353412.9784048
1725353412.9802284
1725353412.9807503
1725353412.981559
1725353412.989236
1725353412.990098
1725353412.9912138
1725353413.013381
1725353413.0148041
1725353413.0158296
1725353413.0162354
1725353413.0178235
1725353413.0187814
1725353413.0249045
1725353413.0259795
1725353413.0705771
1725353413.0720794
1725353413.0730727
1725353413.0734751
1725353413.0859938
1725353413.0867138
1725353413.0882654
1725353413.089035
1725353413.1018093
1725353413.1833107
1725353413.1841104
1725353413.1845531
1725353413.228905
1725353413.2297142
1725353413.2492309
1725353413.2500489
1725353413.2517936
1725353413.3667717
1725353413.3683112
1725353413.3686888
1725353413.3693542
1725353413.44265
1725353413.4439635
1725353413.4453425
1725353413.4453628
1725353413.4453917
1725353413.4477987
1725353413.5305855
1725353413.5963202
1725353413.5974796
1725353413.6011655
1725353413.6459658
1725353413.646667
1725353413.6474102
1725353413.6482334
1725353413.650778
1725353413.7237327
1725353413.7253397
1725353413.748291
1725353413.748658
1725353413.7497447
1725353413.7524502
1725353413.7624412
1725353413.7631643
1725353413.7646227
1725353413.7649
1725353413.7660325
1725353413.7790234
1725353413.8271377
1725353413.9239485
1725353413.924986
1725353413.9258485
1725353413.9272366
1725353413.9661007
1725353413.9668694
1725353413.9681888
1725353413.968561
1725353413.9692073
1725353414.0418677
1725353414.0426493
1725353414.0430834
1725353414.044238
1725353414.1294205
1725353414.1307561
1725353414.173137
1725353414.1753395
1725353414.1767733
1725353414.2540283
1725353414.2559578
1725353414.256305
1725353414.2566476
1725353414.257031
1725353414.2578166
1725353414.2913897
1725353414.352696
1725353414.3533194
1725353414.3542936
1725353414.3551486
1725353414.4548724
1725353414.4562259
1725353414.4569783
1725353414.4577444
1725353414.4755194
1725353414.4762805
1725353414.4866633
1725353414.6452012
1725353414.6467037
1725353414.6483243
1725353414.6544917
1725353414.655147
1725353414.7032347
1725353414.7040977
1725353414.704515
1725353414.7054996
1725353414.7662902
1725353414.7675276
1725353414.7685175
1725353414.834493
1725353414.8359373
1725353414.8366346
1725353414.8369198
1725353414.8372777
1725353414.864224
1725353414.8773594
1725353414.9476092
1725353414.9483242
1725353414.9486384
1725353414.9501586
1725353414.9629223
1725353414.9732916
1725353415.01056
1725353415.237854
1725353415.238726
1725353415.239956
1725353415.2400312
1725353415.2428432
1725353415.2446609
1725353415.2455437
1725353415.2935262
1725353415.2938185
1725353415.2944162
1725353415.295031
1725353415.2970605
1725353415.2986877
1725353415.2990744
1725353415.302939
1725353415.3172357
1725353415.317716
1725353415.4019883
1725353415.4022086
1725353415.4038105
1725353415.4047194
1725353415.4167242
1725353415.5735924
1725353415.574359
1725353415.5759287
1725353415.7889686
1725353415.7892363
1725353415.7895806
1725353415.7903562
1725353415.7906005
1725353415.7911305
1725353415.791802
1725353415.80896
1725353416.0049305
1725353416.0051272
1725353416.005408
1725353416.0065184
1725353416.008712
1725353416.0559292
1725353416.0562356
1725353416.0569527
1725353416.0571685
1725353416.0579634
1725353416.0586116
1725353416.0595832
1725353416.1978147
1725353416.1981044
1725353416.198333
1725353416.1992776
1725353416.199984
1725353416.2001836
1725353416.2003853
1725353416.2008927
1725353416.201744
1725353416.210635
1725353416.2107003
1725353416.2327027
1725353416.2328956
1725353416.2331233
1725353416.23338
1725353416.2335792
1725353416.2834237
1725353416.2842982
1725353416.3559864
1725353416.3565536
1725353416.3568494
1725353416.3574562
1725353416.3699155
1725353416.4233778
1725353416.4240997
1725353416.4296641
1725353416.4836292
1725353416.4854128
1725353416.5016446
1725353416.5183206
1725353416.5360296
1725353416.5429213
1725353416.5936384
1725353416.5939171
1725353416.7907004
1725353416.7909625
1725353416.7914202
1725353416.8825297
1725353416.9016702
1725353416.904304
1725353416.9195423
1725353416.9214642
1725353416.922061
1725353416.923317
1725353416.9297671
1725353416.9301012
1725353416.930676
1725353416.9337368
1725353416.962526
1725353416.9637222
1725353416.9838066
1725353417.0444143
1725353417.0452414
1725353417.0455213
1725353417.0652707
1725353417.1277668
1725353417.128188
1725353417.1403253
1725353417.1409848
1725353417.3164003
1725353417.3165991
1725353417.317318
1725353417.3185866
1725353417.3189063
1725353417.3192408
1725353417.3197463
1725353417.3201816
1725353417.3204916
1725353417.328344
1725353417.4005394
1725353417.4007144
1725353417.4010217
1725353417.4012249
1725353417.4529853
1725353417.4531534
1725353417.453991
1725353417.462319
1725353417.5204568
1725353417.7351346
1725353417.7353652
1725353417.7355995
1725353417.735782
1725353417.7366774
1725353417.7398684
1725353417.7401283
1725353417.7434864
1725353417.749452
1725353417.7647426
1725353417.7649243
1725353417.765055
1725353417.7651834
1725353417.7653844
1725353417.7732835
1725353418.0671594
1725353418.0695384
1725353418.0700037
1725353418.070407
1725353418.0945945
1725353418.1735537
1725353418.1754231
1725353418.1772368
1725353418.2220373
1725353418.2422132
1725353418.2550352
1725353418.2878606
1725353418.288961
1725353418.2900796
1725353418.2910242
1725353418.2937589
1725353418.294156
1725353418.3024473
1725353418.3042622
1725353418.3049517
1725353418.3071682
1725353418.3076806
1725353418.3816516
1725353418.3853579
1725353418.4116278
1725353418.412405
1725353418.4157774
1725353418.4612794
1725353418.555666
1725353418.5561006
1725353418.5563776
1725353418.5570998
1725353418.5580227
1725353418.558842
1725353418.5600626
1725353418.586843
1725353418.6013238
1725353418.602533
1725353418.626723
1725353418.690147
1725353418.690276
1725353418.6904285
1725353418.6905258
1725353418.7079072
1725353418.7408762
1725353418.7516725
1725353418.9253175
1725353418.9259856
1725353418.9262006
1725353418.926525
1725353418.9271777
1725353418.9276545
1725353418.927806
1725353418.9281166
1725353418.9288557
1725353419.0731297
1725353419.0890787
1725353419.0909426
1725353419.1134896
1725353419.1164484
1725353419.2048519
1725353419.206079
1725353419.2105124
1725353419.2109876
1725353419.2334664
1725353419.2860293
1725353419.2879872
1725353419.2981153
1725353419.3002818
1725353419.300515
1725353419.3139224
1725353419.3579845
1725353419.369404
1725353419.3698642
1725353419.370995
1725353419.3767254
1725353419.4326696
1725353419.43492
1725353419.435411
1725353419.4361265
1725353419.4613945
1725353419.472813
1725353419.5120533
1725353419.5141525
1725353419.5153317
1725353419.5397859
1725353419.5787382
1725353419.6314733
1725353419.6316912
1725353419.6318161
1725353419.6325076
1725353419.634115
1725353419.6540108
1725353419.6932867
1725353419.69454
1725353419.7136736
1725353419.7541502
1725353419.7542808
1725353419.7544026
1725353419.7728558
1725353419.8037295
1725353419.8257248
1725353419.8292577
1725353419.8444278
1725353419.9080906
1725353419.91025
1725353419.9107049
1725353420.0412018
1725353420.0413535
1725353420.0470996
1725353420.2265563
1725353420.2265894
1725353420.2266343
1725353420.506453
1725353420.514471
1725353420.5294416
1725353420.5307405
1725353420.5744545
1725353420.5768871
1725353420.6593804
1725353420.660694
1725353420.6617405
1725353420.6626942
1725353420.6631386
1725353420.6649442
1725353420.833617
1725353420.8340154
1725353420.834132
1725353420.8350136
1725353420.9101512
1725353420.9134524
1725353420.9148004
1725353420.9154892
1725353420.916826
1725353420.9174073
1725353420.9597297
1725353420.960684
1725353420.9658394
1725353421.0217397
1725353421.0225327
1725353421.0234737
1725353421.024981
1725353421.0591624
1725353421.060026
1725353421.0735474
1725353421.0755494
1725353421.0836895
1725353421.109556
1725353421.1170888
1725353421.118132
1725353421.1189077
1725353421.1575818
1725353421.1611667
1725353421.167276
1725353421.242198
1725353421.242499
1725353421.2428284
1725353421.262099
1725353421.3216603
1725353421.3263903
1725353421.3306727
1725353421.3634746
1725353421.3934786
1725353421.4041002
1725353421.4153183
1725353421.4563334
1725353421.4603763
1725353421.5505185
1725353421.5507205
1725353421.5509143
1725353421.5511534
1725353421.5698261
1725353421.5807793
1725353421.5878384
1725353421.6393893
1725353421.6396124
1725353421.6407106
1725353421.6654637
1725353421.665638
1725353421.6939466
1725353421.7118542
1725353421.855322
1725353421.9299881
1725353421.9346507
1725353421.935834
1725353421.9379451
1725353421.940233
1725353421.9520679
1725353421.9938755
1725353421.9953673
1725353421.9964805
1725353421.9971654
1725353421.9982326
1725353421.9993098
1725353422.012369
1725353422.0424438
1725353422.042532
1725353422.067047
1725353422.2016566
1725353422.2018135
1725353422.2025416
1725353422.2683194
1725353422.3161771
1725353422.3177705
1725353422.3290677
1725353422.3307965
1725353422.3963573
1725353422.3973489
1725353422.4086602
1725353422.441766
1725353422.4694815
1725353422.4709518
1725353422.4873316
1725353422.4885702
1725353422.4900436
1725353422.49199
1725353422.5935578
1725353422.594057
1725353422.5949576
1725353422.5952272
1725353422.5958822
1725353422.597293
1725353422.609354
1725353422.6097822
1725353422.6122706
1725353422.6129942
1725353422.6339276
1725353422.7104464
1725353422.7110226
1725353422.7113533
1725353422.7125907
1725353422.7928765
1725353422.79375
1725353422.7945058
1725353422.7950659
1725353422.8081186
1725353422.8142726
1725353422.829572
1725353422.846864
1725353422.8610115
1725353422.8897498
1725353422.8962114
1725353422.9244976
1725353422.9715762
1725353422.9720418
1725353422.972694
1725353423.0086384
1725353423.0105915
1725353423.04083
1725353423.0417044
1725353423.101154
1725353423.1020381
1725353423.1026642
1725353423.1028848
1725353423.1216574
1725353423.1568992
1725353423.16947
1725353423.1851218
1725353423.23506
1725353423.2351243
1725353423.2358382
1725353423.3165195
1725353423.3168283
1725353423.3187592
1725353423.322289
1725353423.3396845
1725353423.3567731
1725353423.3622303
1725353423.4200163
1725353423.4787593
1725353423.5030065
1725353423.5622506
1725353423.5625577
1725353423.5648298
1725353423.565585
1725353423.598027
1725353423.6180997
1725353423.618403
1725353423.6656647
1725353423.6659212
1725353423.6746206
1725353423.6990292
1725353423.7000432
1725353423.707998
1725353423.7771297
1725353423.7775116
1725353423.8189216
1725353423.8191102
1725353423.8684464
1725353423.8687618
1725353423.8689532
1725353423.8852978
1725353423.894291
1725353423.9334562
1725353423.9532213
1725353423.9735618
1725353423.9992895
1725353423.999561
1725353424.0238984
1725353424.0320048
1725353424.045708
1725353424.0714147
1725353424.0879135
1725353424.0954046
1725353424.113576
1725353424.1430006
1725353424.146198
1725353424.1867068
1725353424.2205784
1725353424.2350209
1725353424.2479231
1725353424.2603712
1725353424.2812865
1725353424.2821994
1725353424.2993557
1725353424.3309562
1725353424.3313518
1725353424.3557076
1725353424.3952081
1725353424.4233232
1725353424.43085
1725353424.455885
1725353424.5147789
1725353424.5150726
1725353424.5156453
1725353424.533807
1725353424.6635637
1725353424.663654
1725353424.6637354
1725353424.6638014
1725353424.6639636
1725353424.6659052
1725353424.6920633
1725353424.700996
1725353424.8357868
1725353424.8360388
1725353424.836423
1725353424.8374836
1725353424.8376474
1725353424.8506627
1725353424.858456
1725353424.871082
1725353424.894647
1725353424.9138885
1725353424.9454505
1725353424.9455163
1725353425.0128896
1725353425.0131228
1725353425.0136888
1725353425.0138988
1725353425.0400274
1725353425.0492728
1725353425.0783055
1725353425.0785162
1725353425.1249173
1725353425.1354682
1725353425.157101
1725353425.180754
1725353425.1809356
1725353425.185355
1725353425.203991
1725353425.2149415
1725353425.2747726
1725353425.275633
1725353425.30631
1725353425.3099468
1725353425.3977017
1725353425.3979585
1725353425.3987894
1725353425.398992
1725353425.3997083
1725353425.3999236
1725353425.4861014
1725353425.4862726
1725353425.4868977
1725353425.500596
1725353425.5127196
1725353425.5746982
1725353425.5753164
1725353425.575729
1725353425.5772266
1725353425.6203835
1725353425.6310573
1725353425.6456802
1725353425.6690009
1725353425.6906528
1725353425.7059984
1725353425.7275934
1725353425.7453
1725353425.7865124
1725353425.822274
1725353425.8749335
1725353425.875515
1725353425.875895
1725353425.8760922
1725353425.912395
1725353425.9486582
1725353425.9502034
1725353425.9647102
1725353425.979869
1725353425.9943175
1725353426.0289855
1725353426.029961
1725353426.044315
1725353426.0827177
1725353426.0888731
1725353426.1338968
1725353426.1352153
1725353426.17223
1725353426.1723206
1725353426.1768246
1725353426.193095
1725353426.2670574
1725353426.2691507
1725353426.2700512
1725353426.2714834
1725353426.2724564
1725353426.299719
1725353426.3178148
1725353426.3267276
1725353426.354652
1725353426.3768816
1725353426.3774266
1725353426.4038184
1725353426.4038625
1725353426.4836216
1725353426.483648
1725353426.4836724
1725353426.4836943
1725353426.5029426
1725353426.6740997
1725353426.6754174
1725353426.6770346
1725353426.6942441
1725353426.6946929
1725353426.6951535
1725353426.6956701
1725353426.7151139
1725353426.7197866
1725353426.719811
1725353426.7418475
1725353426.7756286
1725353426.8286822
1725353426.8335967
1725353426.987707
1725353426.9883227
1725353426.9886658
1725353426.988826
1725353426.9889612
1725353426.9926276
1725353426.9927206
1725353427.0074112
1725353427.0126426
1725353427.043488
1725353427.0616486
1725353427.0779626
1725353427.0952258
1725353427.1157262
1725353427.156031
1725353427.1833582
1725353427.184084
1725353427.1954572
1725353427.2135696
1725353427.2648437
1725353427.265866
1725353427.2676392
1725353427.2976627
1725353427.3210151
1725353427.3354313
1725353427.3478575
1725353427.3686361
1725353427.386694
1725353427.408561
1725353427.4149137
1725353427.4338028
1725353427.467426
1725353427.4979386
1725353427.499776
1725353427.506425
1725353427.5197685
1725353427.5305815
1725353427.5980103
1725353427.652096
1725353427.6546073
1725353427.6551867
1725353427.6770782
1725353427.688735
1725353427.6899312
1725353427.7010198
1725353427.7021935
1725353427.728286
1725353427.7720761
1725353427.7851436
1725353427.8038282
1725353427.871545
1725353427.8728454
1725353427.903332
1725353427.91831
1725353427.9202704
1725353427.939799
1725353427.9659424
1725353427.967286
1725353427.97326
1725353428.0170684
1725353428.0856352
1725353428.0860012
1725353428.0863178
1725353428.1158285
1725353428.1234117
1725353428.148754
1725353428.1986907
1725353428.1999712
1725353428.2057834
1725353428.2223222
1725353428.2388704
1725353428.2696025
1725353428.2833388
1725353428.294423
1725353428.3185785
1725353428.3268335
1725353428.3467062
1725353428.3685358
1725353428.3966596
1725353428.3987281
1725353428.4303339
1725353428.4477596
1725353428.454461
1725353428.5112891
1725353428.5426564
1725353428.5427942
1725353428.5449798
1725353428.564649
1725353428.5761573
1725353428.596305
1725353428.6241698
1725353428.6499019
1725353428.6504366
1725353428.6736214
1725353428.7361178
1725353428.7379663
1725353428.7409532
1725353428.7674277
1725353428.768354
1725353428.7751954
1725353428.7878277
1725353428.8038497
1725353428.8143933
1725353428.8510823
1725353428.8736546
1725353428.9111679
1725353428.9134455
1725353428.9186077
1725353428.9334667
1725353428.9543927
1725353428.9857945
1725353429.0000503
1725353429.0268712
1725353429.0513105
1725353429.07008
1725353429.0863972
1725353429.1001287
1725353429.1131377
1725353429.1620352
1725353429.1691713
1725353429.201611
1725353429.213122
1725353429.218346
1725353429.2337265
1725353429.2810605
1725353429.3228073
1725353429.3245573
1725353429.3446338
1725353429.3457367
1725353429.3588006
1725353429.390076
1725353429.4035575
1725353429.4167309
1725353429.4524105
1725353429.4769177
1725353429.4874423
1725353429.4971607
1725353429.532259
1725353429.5331063
1725353429.5456727
1725353429.5613358
1725353429.5947778
1725353429.615286
1725353429.633648
1725353429.6347795
1725353429.6488137
1725353429.6727448
1725353429.6877956
1725353429.708471
1725353429.7207024
1725353429.7329485
1725353429.7602623
1725353429.7907536
1725353429.791433
1725353429.8191366
1725353429.8441012
1725353429.845158
1725353429.863467
1725353429.883064
1725353429.954274
1725353429.9568467
1725353429.9578037
1725353429.985049
1725353429.9865017
1725353430.0083945
1725353430.0117378
1725353430.0402877
1725353430.2874281
1725353430.2887652
1725353430.288863
1725353430.2889497
1725353430.2890694
1725353430.295208
1725353430.3604643
1725353430.3628507
1725353430.3635676
1725353430.365747
1725353430.3665652
1725353430.444639
1725353430.4470465
1725353430.4477384
1725353430.4493828
1725353430.4519744
1725353430.46222
1725353430.4631298
1725353430.501899
1725353430.5407376
1725353430.561741
1725353430.5620484
1725353430.5689065
1725353430.5913167
1725353430.6219933
1725353430.6298473
1725353430.6448972
1725353430.6866996
1725353430.7028708
1725353430.7321107
1725353430.7334945
1725353430.7551742
1725353430.7629073
1725353430.777381
1725353430.7954667
1725353430.8131597
1725353430.8433423
1725353430.8540132
1725353430.870053
1725353430.8902755
1725353430.9031909
1725353430.9137366
1725353431.1830657
1725353431.1866107
1725353431.1887
1725353431.1902323
1725353431.243943
1725353431.2444575
1725353431.244989
1725353431.248378
1725353431.2498753
1725353431.3216674
1725353431.3225315
1725353431.3246112
1725353431.3272395
1725353431.327797
1725353431.3302813
1725353431.3314252
1725353431.332119
1725353431.3484879
1725353431.3549063
1725353431.3565984
1725353431.3814466
1725353431.4124868
1725353431.4775472
1725353431.4789088
1725353431.479639
1725353431.4977205
1725353431.685742
1725353431.6870103
1725353431.6876087
1725353431.688471
1725353431.7250552
1725353431.7268224
1725353431.7288797
1725353431.729842
1725353431.7534232
1725353431.7570255
1725353431.7639613
1725353431.7650595
1725353431.9224129
1725353431.934475
1725353432.2440345
1725353432.246598
1725353432.2506523
1725353432.315541
1725353432.3179135
1725353432.3255105
1725353432.326773
1725353432.3282325
1725353432.3320386
1725353432.4141538
1725353432.4253337
1725353432.4690266
1725353432.470039
1725353432.472086
1725353432.4873369
1725353432.4885166
1725353432.4898531
1725353432.4925842
1725353432.5017226
1725353432.5258892
1725353432.5273962
1725353432.5568628
1725353432.6049867
1725353432.6084092
1725353432.6098027
1725353432.6249459
1725353432.6374252
1725353432.6501088
1725353432.7301035
1725353432.7331645
1725353432.7356422
1725353432.741068
1725353432.7809014
1725353432.7818367
1725353432.7940133
1725353432.8041844
1725353432.8201795
1725353432.8623755
1725353432.8759997
1725353432.8880243
1725353432.9096906
1725353432.921651
1725353432.942646
1725353432.9573963
1725353432.9945765
1725353433.00243
1725353433.0066936
1725353433.0314195
1725353433.0442023
1725353433.067137
1725353433.0878863
1725353433.0933073
1725353433.1168406
1725353433.1328616
1725353433.1432757
1725353433.1582556
1725353433.1989863
1725353433.2001212
1725353433.2077265
1725353433.2238255
1725353433.2614746
1725353433.2624166
1725353433.295643
1725353433.3386571
1725353433.3407643
1725353433.3658721
1725353433.3667383
1725353433.3809106
1725353433.3944364
1725353433.4274087
1725353433.4280722
1725353433.4721813
1725353433.683139
1725353433.683303
1725353433.683462
1725353433.721285
1725353433.734415
1725353433.7478535
1725353433.7489905
1725353433.7646036
1725353433.76735
1725353433.7687047
1725353433.779981
1725353433.8002937
1725353433.8193877
1725353433.8246942
1725353433.8490958
1725353433.859942
1725353433.9364495
1725353433.9408455
1725353433.974048
1725353433.9763117
1725353433.976483
1725353433.9917843
1725353434.0071442
1725353434.0367901
1725353434.0569406
1725353434.0747464
1725353434.260582
1725353434.2616072
1725353434.2630727
1725353434.2657495
1725353434.266871
1725353434.267653
1725353434.2689383
1725353434.3544602
1725353434.3551164
1725353434.355732
1725353434.4334874
1725353434.4341738
1725353434.4357467
1725353434.440943
1725353434.5011814
1725353434.502378
1725353434.5038996
1725353434.5279288
1725353434.5289624
1725353434.5306854
1725353434.5314198
1725353434.5360036
1725353434.543941
1725353434.6213703
1725353434.624568
1725353434.6273243
1725353434.665866
1725353434.6815367
1725353434.6838117
1725353434.6859417
1725353434.6867461
1725353434.7204673
1725353434.7210016
1725353434.7355886
1725353434.7746212
1725353434.942623
1725353434.9910438
1725353434.991797
1725353434.9948137
1725353435.0903678
1725353435.0936148
1725353435.0967808
1725353435.0987346
1725353435.0993724
1725353435.1027386
1725353435.1089168
1725353435.1938274
1725353435.2109241
1725353435.212542
1725353435.2140942
1725353435.2162323
1725353435.2573857
1725353435.2604086
1725353435.2620995
1725353435.2629862
1725353435.2697573
1725353435.349135
1725353435.3502553
1725353435.371996
1725353435.375192
1725353435.3802137
1725353435.4817996
1725353435.482736
1725353435.4916239
1725353435.4917345
1725353435.6424177
1725353435.6440403
1725353435.6461904
1725353435.6486592
1725353435.691126
1725353435.7599018
1725353435.8057802
1725353435.8067694
1725353435.8084056
1725353435.81112
1725353435.8139527
1725353435.815338
1725353435.8169312
1725353435.8557184
1725353435.8941112
1725353435.8948534
1725353435.8960412
1725353435.8994095
1725353435.9292414
1725353435.9942045
1725353435.9969213
1725353436.067762
1725353436.0857124
1725353436.0868626
1725353436.0897715
1725353436.0978522
1725353436.0987475
1725353436.1002307
1725353436.1015208
1725353436.1023405
1725353436.1190386
1725353436.1387258
1725353436.1393673
1725353436.1408756
1725353436.1950505
1725353436.1977155
1725353436.1990123
1725353436.5341501
1725353436.540112
1725353436.5435686
1725353436.547623
1725353436.5498564
1725353436.5935183
1725353436.5946963
1725353436.5987527
1725353436.630173
1725353436.634145
1725353436.6351156
1725353436.6358302
1725353436.636346
1725353436.6562493
1725353436.6580262
1725353436.7249691
1725353436.727493
1725353436.7286289
1725353436.729542
1725353436.7313032
1725353436.7363446
1725353436.7486937
1725353436.818824
1725353436.8193212
1725353436.8226027
1725353436.8921921
1725353436.8930905
1725353436.9025352
1725353436.9043076
1725353436.9078574
1725353436.9079921
1725353436.9087608
1725353436.9127164
1725353436.913661
1725353436.91371
1725353436.913743
1725353437.1466212
1725353437.160037
1725353437.1722248
1725353437.2041194
1725353437.213697
1725353437.2414033
1725353437.2433467
1725353437.2448308
1725353437.2458782
1725353437.2619092
1725353437.2642386
1725353437.2931237
1725353437.3001966
1725353437.3068633
1725353437.4135797
1725353437.4142063
1725353437.4178183
1725353437.4255126
1725353437.4271886
1725353437.4278123
1725353437.4289787
1725353437.4482362
1725353437.4497538
1725353437.450304
1725353437.726325
1725353437.7285988
1725353437.7371562
1725353437.7382014
1725353437.7394187
1725353437.7415967
1725353437.7746987
1725353437.7757292
1725353437.7792683
1725353437.9415724
1725353437.9527314
1725353437.9532607
1725353437.9538186
1725353437.9571505
1725353438.756875
1725353438.7581456
1725353438.7600927
1725353438.766338
1725353438.7669094
1725353438.768292
1725353438.8293068
1725353438.839575
1725353439.027777
1725353439.0287545
1725353439.0302742
1725353439.0337658
1725353439.0384333
1725353439.0399833
1725353439.0409737
1725353439.5336719
1725353439.8959079
1725353440.3872206
1725353440.4407473
1725353440.4420104
1725353440.4442937
1725353440.804366
1725353440.827952
1725353440.8308616
1725353440.8328726
1725353440.843558
1725353440.9136143
1725353440.9153988
1725353440.970136
1725353441.1873765
1725353441.1906807
1725353441.1922486
1725353441.2623546
1725353441.2640057
1725353441.264512
1725353441.4139862
1725353441.4151263
1725353441.495914
1725353441.4970381
1725353441.4983358
1725353441.499279
1725353441.500182
1725353441.5450003
1725353441.5458028
1725353441.5479953
1725353441.5873752
1725353441.61528
1725353441.6165624
1725353441.6171305
1725353441.6177273
1725353441.6183698
1725353441.634727
1725353441.636539
1725353441.6783433
1725353441.6806984
1725353441.681736
1725353441.7163196
1725353441.7173808
1725353441.7182205
1725353441.7840836
1725353441.7864559
1725353441.835967
1725353441.8378758
1725353441.8381543
1725353441.8397472
1725353441.8403225
1725353441.911271
1725353441.9206405
1725353441.972699
1725353441.9743006
1725353441.9754157
1725353441.9771626
1725353441.9781811
1725353441.9959843
1725353442.0728762
1725353442.0751357
1725353442.0809767
1725353442.0818539
1725353442.1413012
1725353442.1418424
1725353442.1427715
1725353442.1453738
1725353442.172083
1725353442.2193599
1725353442.2233405
1725353442.2324307
1725353442.2344398
1725353442.2384648
1725353442.253896
1725353442.257319
1725353442.3231525
1725353442.3579845
1725353442.3592184
1725353442.4063392
1725353442.4140904
1725353442.415964
1725353442.417132
1725353442.4197404
1725353442.482722
1725353442.4830906
1725353442.4841082
1725353442.484806
1725353442.760216
1725353442.9651227
1725353443.0255704
1725353443.03542
1725353443.163847
1725353443.166862
1725353443.7425835
1725353443.7445762
1725353443.7450943
1725353444.1989927
1725353444.1990342
1725353444.199068
1725353445.1575325
1725353445.1591797
1725353445.5976148
1725353445.5986793
1725353445.5999827
1725353445.9026935
1725353445.9036791
1725353446.3871317
1725353446.3874884
1725353446.3886025
1725353446.3906007
1725353446.4879317
1725353446.489256
1725353446.4908342
1725353446.49187
1725353446.5546985
1725353446.5551
1725353446.7583747
1725353446.7611184
1725353446.764011
1725353447.3794165
1725353447.3816483
1725353447.3822193
1725353447.7788763
1725353447.7792141
1725353447.7810826
1725353447.8021052
1725353447.824538
1725353448.06588
1725353448.0692177
1725353448.2872744
1725353448.2886894
1725353448.290558
1725353448.3939683
1725353448.3946886
1725353448.4874926
1725353448.4972067
1725353448.499069
1725353448.5758672
1725353448.578665
1725353448.628577
1725353448.6306977
1725353448.746797
1725353448.7512758
1725353448.7622402
1725353448.7646246
1725353448.7649636
1725353449.4748847
1725353449.4766583
1725353449.5705051
1725353449.7074583
1725353449.7130039
1725353449.7139788
1725353449.7152119
1725353449.71733
1725353449.7242637
1725353449.7849877
1725353449.8872447
1725353449.8915722
1725353449.9423585
1725353449.944023
1725353449.9925647
1725353449.9941642
1725353449.996154
1725353450.755306
1725353450.763535
1725353450.7646997
1725353450.7817273
1725353450.7832396
1725353451.2393832
1725353451.2423956
1725353451.4341187
1725353451.9536552
1725353452.3287785
1725353452.3302262
1725353452.7679327
1725353453.068764
1725353453.0694692
1725353453.209566
1725353453.2684603
1725353453.290722
1725353453.3379085
1725353453.34
1725353453.3748417
1725353453.3758101
1725353453.4586267
1725353453.460278
1725353453.4618146
1725353453.5530293
1725353453.6738846
1725353454.6928735
1725353455.3702872
1725353455.5326934
1725353455.572066
