2024-09-03 16:51:05
../stream-replay/logs/stuttering-6205.txt
1725353325.9971933
1725353325.998515
1725353326.0015562
1725353326.0069695
1725353326.130433
1725353326.132488
1725353326.132806
1725353326.2688656
1725353326.2699428
1725353326.27958
1725353326.2796793
1725353326.3636405
1725353326.3638585
1725353326.3641188
1725353326.3741982
1725353326.4160507
1725353326.425108
1725353326.4260323
1725353326.4338622
1725353326.4985085
1725353326.4994743
1725353326.499858
1725353326.502585
1725353326.505081
1725353326.5060122
1725353326.5075202
1725353326.5188432
1725353326.5205035
1725353326.5218635
1725353326.6173987
1725353326.6198924
1725353326.621183
1725353326.6603825
1725353326.663113
1725353326.6641185
1725353326.6819942
1725353326.6848845
1725353326.6860993
1725353326.6863728
1725353326.6865964
1725353326.7943182
1725353326.8232377
1725353326.9147546
1725353326.9227865
1725353326.9242425
1725353326.9299512
1725353326.931125
1725353326.9321067
1725353326.9338279
1725353326.9352925
1725353326.9738402
1725353326.974941
1725353327.0433478
1725353327.04403
1725353327.0445752
1725353327.0450633
1725353327.0784078
1725353327.126481
1725353327.1369498
1725353327.1388986
1725353327.259374
1725353327.2622888
1725353327.2626085
1725353327.2635863
1725353327.2741897
1725353327.2758548
1725353327.2782187
1725353327.3586235
1725353327.3604388
1725353327.3630884
1725353327.448391
1725353327.4489627
1725353327.4504879
1725353327.4874265
1725353327.4902053
1725353327.4937246
1725353327.4942887
1725353327.4947813
1725353327.6035495
1725353327.671891
1725353327.698669
1725353327.7007422
1725353327.7015269
1725353327.9495
1725353327.9524798
1725353327.9526312
1725353327.9535794
1725353328.1533027
1725353328.154335
1725353328.1588945
1725353328.2688625
1725353328.270282
1725353328.270771
1725353328.2719684
1725353328.2796419
1725353328.2815623
1725353328.2832031
1725353328.3080423
1725353328.3089566
1725353328.3098671
1725353328.3580046
1725353328.361641
1725353328.406757
1725353328.4089394
1725353328.4094148
1725353328.4297597
1725353328.4319673
1725353328.4387634
1725353328.4394605
1725353328.4408233
1725353328.4415953
1725353328.4528718
1725353328.4535594
1725353328.4567678
1725353328.4899352
1725353328.4926102
1725353328.4936795
1725353328.5101924
1725353328.512791
1725353328.5132914
1725353328.5144672
1725353328.5150583
1725353328.5913668
1725353328.5923083
1725353328.593608
1725353328.6407022
1725353328.641487
1725353328.6429315
1725353328.6441588
1725353328.6567054
1725353328.7074962
1725353328.7089293
1725353328.711965
1725353328.7121093
1725353328.7328513
1725353328.7342162
1725353328.7354803
1725353328.7380416
1725353328.7850473
1725353328.7859528
1725353328.7869482
1725353328.7897518
1725353328.908386
1725353328.9095783
1725353328.9113793
1725353328.921014
1725353328.9232626
1725353328.9285731
1725353328.929465
1725353329.0327492
1725353329.0337439
1725353329.0345132
1725353329.0391576
1725353329.044732
1725353329.1034796
1725353329.1039903
1725353329.2387877
1725353329.2396796
1725353329.2405496
1725353329.2569733
1725353329.2594767
1725353329.2676716
1725353329.331307
1725353329.3318129
1725353329.3322845
1725353329.3694205
1725353329.3723745
1725353329.400554
1725353329.4009569
1725353329.401451
1725353329.402669
1725353329.4131062
1725353329.4141176
1725353329.4166062
1725353329.526469
1725353329.5281067
1725353329.566882
1725353329.619443
1725353329.627655
1725353329.6277544
1725353329.6358547
1725353329.6369169
1725353329.6387627
1725353329.7850442
1725353329.7857811
1725353329.7869668
1725353329.7901917
1725353329.791143
1725353329.7924182
1725353330.0232506
1725353330.0850153
1725353330.087133
1725353330.1538823
1725353330.1551375
1725353330.155216
1725353330.1613429
1725353330.2269454
1725353330.228233
1725353330.3322995
1725353330.3332791
1725353330.3338451
1725353330.3360732
1725353330.3641987
1725353330.3646772
1725353330.366051
1725353330.370429
1725353330.4212883
1725353330.421313
1725353330.4213333
1725353330.4214087
1725353330.4248898
1725353330.438911
1725353330.4749103
1725353330.484782
1725353330.4870625
1725353330.4885833
1725353330.5088775
1725353330.510375
1725353330.511958
1725353330.5127103
1725353330.513837
1725353330.6135027
1725353330.614332
1725353330.6164584
1725353330.6181166
1725353330.6194227
1725353330.6787047
1725353330.6826844
1725353330.724267
1725353330.725553
1725353330.7263508
1725353330.7280748
1725353330.728812
1725353330.7386868
1725353330.8147771
1725353330.8181143
1725353330.8188097
1725353330.8909676
1725353330.8928204
1725353330.893352
1725353330.9308245
1725353330.932757
1725353330.9345176
1725353330.976011
1725353330.987027
1725353331.0225155
1725353331.022994
1725353331.0730236
1725353331.0971332
1725353331.0984747
1725353331.1022131
1725353331.1027462
1725353331.104134
1725353331.1726582
1725353331.1736434
1725353331.1741505
1725353331.1767797
1725353331.2268746
1725353331.3428934
1725353331.343873
1725353331.3457887
1725353331.3470154
1725353331.3483355
1725353331.3579617
1725353331.3588367
1725353331.5063508
1725353331.5092993
1725353331.5097923
1725353331.5103068
1725353331.7682672
1725353331.7683547
1725353331.8113377
1725353331.8141959
1725353331.814841
1725353331.882644
1725353331.885207
1725353331.8857415
1725353331.979594
1725353332.005537
1725353332.0063345
1725353332.007427
1725353332.0121334
1725353332.0128386
1725353332.013512
1725353332.0495033
1725353332.0495865
1725353332.1313064
1725353332.132314
1725353332.173347
1725353332.2134533
1725353332.2139373
1725353332.2211363
1725353332.2233102
1725353332.2335315
1725353332.2343462
1725353332.2804527
1725353332.2812765
1725353332.2819443
1725353332.2830067
1725353332.371926
1725353332.3729799
1725353332.3741536
1725353332.3765776
1725353332.3771715
1725353332.6444802
1725353332.6455715
1725353332.646253
1725353332.6576722
1725353332.7335536
1725353332.7346966
1725353332.7376442
1725353332.777326
1725353332.7797244
1725353332.7805083
1725353332.7814429
1725353332.7843072
1725353332.8049667
1725353332.8067966
1725353332.9039404
1725353332.9042206
1725353332.9057837
1725353332.907963
1725353332.9128692
1725353332.9160025
1725353333.0101137
1725353333.0104012
1725353333.0106814
1725353333.014781
1725353333.016947
1725353333.0717854
1725353333.0734272
1725353333.2226815
1725353333.2244117
1725353333.2315297
1725353333.232899
1725353333.2345073
1725353333.3524525
1725353333.354452
1725353333.3555417
1725353333.3924532
1725353333.3933165
1725353333.3944151
1725353333.3954504
1725353333.4570298
1725353333.4590604
1725353333.4615562
1725353333.4621902
1725353333.589545
1725353333.590594
1725353333.5914052
1725353333.595333
1725353333.5960097
1725353333.6200202
1725353333.6227987
1725353333.6233685
1725353333.626973
1725353333.6274788
1725353333.6288466
1725353333.727717
1725353333.7290127
1725353333.7299166
1725353333.731913
1725353333.811573
1725353333.8136792
1725353333.8251686
1725353333.8273752
1725353333.828737
1725353333.8371916
1725353333.838599
1725353333.8396509
1725353333.850314
1725353333.8522356
1725353333.8522625
1725353333.8522823
1725353333.891263
1725353333.89449
1725353334.0403094
1725353334.0863767
1725353334.0889523
1725353334.0956817
1725353334.1165035
1725353334.1175504
1725353334.1184454
1725353334.1210938
1725353334.1313214
1725353334.1335063
1725353334.1354132
1725353334.280453
1725353334.2818828
1725353334.2832334
1725353334.2846558
1725353334.2874036
1725353334.3086672
1725353334.310471
1725353334.311008
1725353334.3130288
1725353334.359837
1725353334.362459
1725353334.3629997
1725353334.3647184
1725353334.3867154
1725353334.3885293
1725353334.3896306
1725353334.392639
1725353334.393953
1725353334.5389476
1725353334.5397825
1725353334.5400681
1725353334.542757
1725353334.583563
1725353334.584875
1725353334.5858567
1725353334.5872357
1725353334.600815
1725353334.6143072
1725353334.6338606
1725353334.635691
1725353334.637053
1725353334.6384118
1725353334.6462357
1725353334.6618464
1725353334.6638896
1725353334.664374
1725353334.6903949
1725353334.7872782
1725353334.788171
1725353334.7895467
1725353334.8443146
1725353334.8450923
1725353334.8458877
1725353334.8632097
1725353334.8744643
1725353334.8751912
1725353334.8775222
1725353334.9206297
1725353334.9226298
1725353334.9244673
1725353335.007864
1725353335.0123298
1725353335.0169146
1725353335.0178015
1725353335.0180995
1725353335.0643747
1725353335.0681973
1725353335.0687265
1725353335.072697
1725353335.0858607
1725353335.0870705
1725353335.1034412
1725353335.1053007
1725353335.1067076
1725353335.1072712
1725353335.15288
1725353335.153504
1725353335.1549678
1725353335.157505
1725353335.2259076
1725353335.2275496
1725353335.236143
1725353335.2371938
1725353335.2586641
1725353335.2602363
1725353335.260778
1725353335.2626646
1725353335.271862
1725353335.2816687
1725353335.2831244
1725353335.2848458
1725353335.2856433
1725353335.3043737
1725353335.3052914
1725353335.3075962
1725353335.3139935
1725353335.3159628
1725353335.3167863
1725353335.3232772
1725353335.3244662
1725353335.3248224
1725353335.4496691
1725353335.4517226
1725353335.4611495
1725353335.5516384
1725353335.5527532
1725353335.5548685
1725353335.5563107
1725353335.5668497
1725353335.5689893
1725353335.5749419
1725353335.5791483
1725353335.5803688
1725353335.6772065
1725353335.6776977
1725353335.678591
1725353335.6818223
1725353335.741568
1725353335.7437432
1725353335.7445712
1725353335.7522504
1725353335.7529142
1725353335.7694793
1725353335.8036866
1725353335.806721
1725353335.8198771
1725353335.8471508
1725353335.8488402
1725353335.8748267
1725353335.8756886
1725353335.8994553
1725353335.9785492
1725353335.9800482
1725353335.9815311
1725353336.013908
1725353336.0151715
1725353336.016616
1725353336.0349221
1725353336.053428
1725353336.1061392
1725353336.1095068
1725353336.1122031
1725353336.1397622
1725353336.1402912
1725353336.2006955
1725353336.202855
1725353336.2051535
1725353336.2363687
1725353336.2369225
1725353336.2374651
1725353336.247361
1725353336.2669218
1725353336.3223426
1725353336.3236482
1725353336.3243828
1725353336.3263302
1725353336.358851
1725353336.4076471
1725353336.4162142
1725353336.4168687
1725353336.449507
1725353336.4515154
1725353336.4943662
1725353336.495847
1725353336.4969172
1725353336.545344
1725353336.5626428
1725353336.5626652
1725353336.6113791
1725353336.6124697
1725353336.653876
1725353336.6992896
1725353336.711855
1725353336.7292104
1725353336.7635715
1725353336.7728498
1725353336.7915332
1725353336.8218315
1725353336.8220663
1725353336.8897738
1725353336.8901894
1725353336.8931363
1725353336.8983855
1725353336.9311845
1725353336.9329522
1725353336.9571717
1725353337.0111609
1725353337.0139105
1725353337.0317206
1725353337.0395844
1725353337.0673587
1725353337.0817661
1725353337.1074824
1725353337.1098895
1725353337.1866639
1725353337.1902666
1725353337.3146272
1725353337.3161037
1725353337.3171492
1725353337.3193042
1725353337.3302293
1725353337.3307498
1725353337.3426747
1725353337.3446126
1725353337.348963
1725353337.3494537
1725353337.417001
1725353337.4184046
1725353337.4337873
1725353337.449857
1725353337.45228
1725353337.457289
1725353337.494067
1725353337.494595
1725353337.505566
1725353337.5214963
1725353337.5447705
1725353337.6045053
1725353337.60797
1725353337.6449707
1725353337.646989
1725353337.6670303
1725353337.6682367
1725353337.6883385
1725353337.7018936
1725353337.723931
1725353337.7560787
1725353337.7706015
1725353337.7972453
1725353337.8415933
1725353337.8455925
1725353337.8966472
1725353337.9000225
1725353337.9009979
1725353337.9573123
1725353337.964029
1725353338.0465968
1725353338.0472984
1725353338.0488408
1725353338.061732
1725353338.0774121
1725353338.1240816
1725353338.126875
1725353338.1361146
1725353338.1366532
1725353338.1518488
1725353338.2119913
1725353338.2130113
1725353338.2149453
1725353338.227119
1725353338.235631
1725353338.2846608
1725353338.2862732
1725353338.2884054
1725353338.3401928
1725353338.3418107
1725353338.3991652
1725353338.4020178
1725353338.4031599
1725353338.4067633
1725353338.4307919
1725353338.4518652
1725353338.4847279
1725353338.4855552
1725353338.500138
1725353338.5490017
1725353338.5566297
1725353338.5583909
1725353338.5930452
1725353338.5947893
1725353338.6178923
1725353338.619338
1725353338.677005
1725353338.6781824
1725353338.687284
1725353338.7491646
1725353338.75338
1725353338.7549999
1725353338.7795556
1725353338.7818396
1725353338.8106475
1725353338.8217173
1725353338.8520064
1725353338.8549726
1725353338.9041085
1725353338.9067793
1725353338.981316
1725353338.9828556
1725353338.9861536
1725353339.0261261
1725353339.0272045
1725353339.029623
1725353339.0355942
1725353339.051672
1725353339.0896971
1725353339.1823633
1725353339.1851974
1725353339.1868818
1725353339.2412474
1725353339.244124
1725353339.245716
1725353339.2484567
1725353339.2625077
1725353339.2638557
1725353339.266624
1725353339.2967293
1725353339.3020642
1725353339.318965
1725353339.3370225
1725353339.3562627
1725353339.371989
1725353339.3889313
1725353339.4080937
1725353339.4390693
1725353339.4412706
1725353339.4926898
1725353339.494685
1725353339.4964886
1725353339.5218108
1725353339.524327
1725353339.5365465
1725353339.707087
1725353339.7087128
1725353339.710599
1725353339.7129776
1725353339.717955
1725353339.819914
1725353339.8220422
1725353339.822868
1725353339.840929
1725353339.8428519
1725353339.869356
1725353339.8705778
1725353339.8739169
1725353339.8745997
1725353339.901437
1725353339.9028933
1725353339.9726257
1725353339.9756658
1725353339.975707
1725353339.9757311
1725353339.9771519
1725353340.0309067
1725353340.0881522
1725353340.1753933
1725353340.1772833
1725353340.1820652
1725353340.2770731
1725353340.278199
1725353340.2786245
1725353340.2800744
1725353340.2831378
1725353340.2847307
1725353340.2882826
1725353340.351163
1725353340.3519866
1725353340.3523526
1725353340.3557737
1725353340.403335
1725353340.4124453
1725353340.413589
1725353340.4145713
1725353340.47738
1725353340.479578
1725353340.4801457
1725353340.4828656
1725353340.4950972
1725353340.4962547
1725353340.5169306
1725353340.5178556
1725353340.5201008
1725353340.5356562
1725353340.5473218
1725353340.685764
1725353340.6880867
1725353340.7042994
1725353340.7053328
1725353340.706114
1725353340.7085125
1725353340.8015401
1725353340.8026302
1725353340.9119463
1725353341.0261445
1725353341.0287018
1725353341.029777
1725353341.0307715
1725353341.131189
1725353341.1333475
1725353341.1344357
1725353341.1354353
1725353341.2371612
1725353341.2404912
1725353341.2539456
1725353341.2557385
1725353341.256568
1725353341.2573302
1725353341.285803
1725353341.2879572
1725353341.2893665
1725353341.348143
1725353341.3491986
1725353341.3506355
1725353341.352494
1725353341.395454
1725353341.3976967
1725353341.4662912
1725353341.469088
1725353341.4703615
1725353341.5974672
1725353341.5990248
1725353341.600073
1725353341.6021667
1725353341.6410348
1725353341.6422179
1725353341.6439273
1725353341.6463716
1725353341.6825068
1725353341.6850538
1725353341.685698
1725353341.6944752
1725353341.6964626
1725353341.7521582
1725353341.7525263
1725353341.7539027
1725353341.7576969
1725353341.8921185
1725353341.8937373
1725353341.9004467
1725353341.9033241
1725353341.910474
1725353341.912271
1725353341.955579
1725353341.9760625
1725353341.9891262
1725353341.9931345
1725353342.1432564
1725353342.176439
1725353342.178065
1725353342.1783767
1725353342.1790376
1725353342.1811564
1725353342.2093794
1725353342.2122645
1725353342.2136588
1725353342.2992678
1725353342.300107
1725353342.302111
1725353342.3030257
1725353342.346845
1725353342.3475657
1725353342.351029
1725353342.3548388
1725353342.4002755
1725353342.4023237
1725353342.4028323
1725353342.4376774
1725353342.4395633
1725353342.520096
1725353342.5204117
1725353342.521438
1725353342.5234156
1725353342.5381677
1725353342.580508
1725353342.7094595
1725353342.7689948
1725353342.7704983
1725353342.7722476
1725353342.7742596
1725353342.7753854
1725353342.8859837
1725353342.8879652
1725353342.8965006
1725353342.8975272
1725353342.8989027
1725353342.9059756
1725353342.9066913
1725353342.9076793
1725353342.915639
1725353342.9174163
1725353342.9197571
1725353342.9204228
1725353343.0223858
1725353343.0225897
1725353343.0266793
1725353343.0268133
1725353343.047874
1725353343.055598
1725353343.1060739
1725353343.1144378
1725353343.114735
1725353343.1466737
1725353343.1474676
1725353343.1505904
1725353343.1561265
1725353343.1579456
1725353343.1592438
1725353343.161439
1725353343.251532
1725353343.2521422
1725353343.2526894
1725353343.298309
1725353343.29958
1725353343.3002279
1725353343.3002472
1725353343.3004055
1725353343.3635805
1725353343.3695374
1725353343.4683986
1725353343.474957
1725353343.4994771
1725353343.5024846
1725353343.5042686
1725353343.5086873
1725353343.5097377
1725353343.5113754
1725353343.5127535
1725353343.5165417
1725353343.529051
1725353343.5307217
1725353343.5556245
1725353343.5570097
1725353343.701965
1725353343.7051282
1725353343.8648083
1725353343.8675864
1725353343.869316
1725353343.870729
1725353343.8899143
1725353343.8906717
1725353343.8932312
1725353343.8952987
1725353343.9141243
1725353343.9160342
1725353343.922257
1725353343.9240203
1725353343.9250612
1725353343.9276636
1725353343.9322264
1725353344.1475406
1725353344.1482384
1725353344.3071392
1725353344.3080404
1725353344.3101816
1725353344.310855
1725353344.4273815
1725353344.4475276
1725353344.4499843
1725353344.4507492
1725353344.4816625
1725353344.481752
1725353344.4828198
1725353344.4870365
1725353344.4871888
1725353344.4932969
1725353344.5310524
1725353344.5322886
1725353344.7556398
1725353344.756034
1725353344.7586868
1725353344.7606902
1725353344.7875998
1725353344.7876806
1725353344.9217958
1725353344.9222887
1725353344.9233036
1725353344.9266431
1725353345.072914
1725353345.0752606
1725353345.077071
1725353345.1254413
1725353345.126304
1725353345.1277103
1725353345.1282094
1725353345.1336873
1725353345.1517477
1725353345.1533952
1725353345.1552844
1725353345.4525795
1725353345.453061
1725353345.454653
1725353345.4560728
1725353345.6614041
1725353345.6642323
1725353345.6735494
1725353345.6891031
1725353345.7013166
1725353345.7192497
1725353345.8720162
1725353345.8730214
1725353345.874591
1725353345.876925
1725353345.8854008
1725353345.8860695
1725353345.8871918
1725353345.8889878
1725353345.890921
1725353345.9094515
1725353345.9272068
1725353345.929246
1725353345.931641
1725353345.9872591
1725353346.016579
1725353346.0176382
1725353346.0189443
1725353346.022375
1725353346.0242014
1725353346.1471405
1725353346.1484225
1725353346.2240193
1725353346.225105
1725353346.2260287
1725353346.3487623
1725353346.349751
1725353346.3541567
1725353346.3572822
1725353346.362754
1725353346.375889
1725353346.3780444
1725353346.3794441
1725353346.3820488
1725353346.4081578
1725353346.4123313
1725353346.6512623
1725353346.6528409
1725353346.685003
1725353346.6871493
1725353346.6891632
1725353346.7056193
1725353346.7095892
1725353346.7339804
1725353346.7353902
1725353346.7361732
1725353346.7397609
1725353346.8504539
1725353346.852871
1725353346.855076
1725353346.9233158
1725353346.9252279
1725353346.9262736
1725353346.928519
1725353347.0404694
1725353347.0422773
1725353347.0438557
1725353347.25043
1725353347.25363
1725353347.254884
1725353347.3421752
1725353347.3462002
1725353347.3465087
1725353347.3472385
1725353347.4932399
1725353347.494665
1725353347.497089
1725353347.6215951
1725353347.6222517
1725353347.6231499
1725353347.6249206
1725353347.6263287
1725353347.6277041
1725353347.6949053
1725353347.696179
1725353347.6972106
1725353347.8733516
1725353347.8747766
1725353347.8945735
1725353347.9003549
1725353347.9015672
1725353347.931265
1725353347.9356067
1725353347.9356425
1725353347.9356675
1725353347.9357042
1725353348.0461578
1725353348.0471437
1725353348.2034426
1725353348.2045863
1725353348.2054946
1725353348.2080386
1725353348.2511048
1725353348.2532675
1725353348.253454
1725353348.4326355
1725353348.4327848
1725353348.43458
1725353348.4366674
1725353348.4585862
1725353348.4608345
1725353348.6504881
1725353348.6521063
1725353348.653834
1725353348.71628
1725353348.7184827
1725353348.719031
1725353348.720432
1725353348.7763722
1725353348.8334653
1725353348.8344579
1725353348.8358996
1725353348.8622932
1725353348.8628564
1725353348.864757
1725353348.8665757
1725353348.99171
1725353348.9930568
1725353348.9940355
1725353348.9945593
1725353349.0452068
1725353349.0842624
1725353349.266858
1725353349.268446
1725353349.268804
1725353349.2699144
1725353349.5084684
1725353349.5554535
1725353349.5560002
1725353349.5580246
1725353349.5590923
1725353349.6386628
1725353349.696575
1725353349.6970854
1725353349.6983864
1725353349.7220585
1725353349.7862566
1725353349.787107
1725353349.8319397
1725353349.8332949
1725353349.9109037
1725353349.9113572
1725353349.914793
1725353349.9434812
1725353349.9447305
1725353349.9474132
1725353349.9483886
1725353349.990539
1725353349.991378
1725353350.003788
1725353350.0046673
1725353350.005345
1725353350.2131965
1725353350.213716
1725353350.2155325
1725353350.2183478
1725353350.3185592
1725353350.3364007
1725353350.4433146
1725353350.4449332
1725353350.4455006
1725353350.4460208
1725353350.4465342
1725353350.447409
1725353350.5227692
1725353350.52424
1725353350.525114
1725353350.5798094
1725353350.5813904
1725353350.582118
1725353350.6502447
1725353350.6523802
1725353350.6601706
1725353350.6613822
1725353350.7993243
1725353350.800412
1725353350.8032556
1725353350.8970277
1725353350.8996253
1725353350.901207
1725353350.9632998
1725353350.9664729
1725353350.966978
1725353350.9686944
1725353351.027926
1725353351.0297046
1725353351.032691
1725353351.0922427
1725353351.0950205
1725353351.2276425
1725353351.2289584
1725353351.2297397
1725353351.2322054
1725353351.2476509
1725353351.256843
1725353351.2591898
1725353351.388778
1725353351.3912632
1725353351.392075
1725353351.3939252
1725353351.3958368
1725353351.3979874
1725353351.3988605
1725353351.430813
1725353351.4314833
1725353351.4322653
1725353351.548295
1725353351.552074
1725353351.5612214
1725353351.562207
1725353351.5891073
1725353351.5895975
1725353351.5910666
1725353351.5941653
1725353351.6105456
1725353351.6135635
1725353351.6148853
1725353351.6978762
1725353351.7886267
1725353351.789683
1725353351.7914133
1725353351.8043747
1725353351.805913
1725353351.8084304
1725353351.8563583
1725353351.8585508
1725353351.859328
1725353351.8609822
1725353351.9132733
1725353351.9139974
1725353351.9148026
1725353352.0640163
1725353352.0660658
1725353352.066613
1725353352.0883336
1725353352.090886
1725353352.0919595
1725353352.0940104
1725353352.160628
1725353352.162835
1725353352.163532
1725353352.1659315
1725353352.1853118
1725353352.1859612
1725353352.1881685
1725353352.2758186
1725353352.2772706
1725353352.2777731
1725353352.2793286
1725353352.289104
1725353352.290853
1725353352.2913046
1725353352.291325
1725353352.3704813
1725353352.3739989
1725353352.3997514
1725353352.567394
1725353352.5897017
1725353352.5909903
1725353352.5939345
1725353352.5944433
1725353352.610402
1725353352.611182
1725353352.6145759
1725353352.6163123
1725353352.6764495
1725353352.6773717
1725353352.6785195
1725353352.6883695
1725353352.6934023
1725353352.774395
1725353352.7752233
1725353352.7769554
1725353352.777764
1725353352.7789364
1725353352.8116264
1725353352.812884
1725353352.8144903
1725353352.816408
1725353352.8173628
1725353352.832854
1725353352.8338935
1725353352.8353455
1725353352.8362966
1725353352.8370988
1725353352.9285986
1725353352.9294143
1725353352.9315655
1725353352.932708
1725353352.9341564
1725353353.0530756
1725353353.1241453
1725353353.1280932
1725353353.129726
1725353353.2028394
1725353353.2039177
1725353353.2051575
1725353353.2727
1725353353.2741785
1725353353.274931
1725353353.3632238
1725353353.3666317
1725353353.3689098
1725353353.369575
1725353353.401028
1725353353.4011106
1725353353.402776
1725353353.462628
1725353353.4646866
1725353353.4662495
1725353353.4675992
1725353353.4692714
1725353353.470107
1725353353.5611482
1725353353.5649278
1725353353.6867154
1725353353.6874702
1725353353.6896923
1725353353.6924474
1725353353.7967336
1725353353.798165
1725353353.7990558
1725353353.8021991
1725353353.8139048
1725353353.815201
1725353353.8171132
1725353353.8701885
1725353353.8720658
1725353353.8729162
1725353353.89855
1725353353.8998697
1725353353.90204
1725353353.9026654
1725353353.9037259
1725353353.9492986
1725353353.9528606
1725353353.9534907
1725353353.9708564
1725353353.972705
1725353353.9741755
1725353353.97694
1725353353.9825478
1725353354.0694015
1725353354.0719233
1725353354.0742266
1725353354.0830247
1725353354.1023464
1725353354.1548111
1725353354.1553
1725353354.1559842
1725353354.1568792
1725353354.1574924
1725353354.158029
1725353354.159711
1725353354.1747248
1725353354.1775186
1725353354.1785002
1725353354.180218
1725353354.247715
1725353354.2498062
1725353354.2532573
1725353354.2541618
1725353354.2816143
1725353354.2816987
1725353354.2825165
1725353354.2860737
1725353354.2885303
1725353354.314042
1725353354.3151176
1725353354.3157246
1725353354.4540873
1725353354.4547806
1725353354.4565432
1725353354.497627
1725353354.4995766
1725353354.5008812
1725353354.561663
1725353354.5624387
1725353354.5646205
1725353354.572182
1725353354.5837867
1725353354.5852704
1725353354.5861819
1725353354.591885
1725353354.772606
1725353354.7740257
1725353354.7777426
1725353354.8276422
1725353354.8300412
1725353354.8312056
1725353354.8323622
1725353354.8355608
1725353354.8361037
1725353354.9064953
1725353354.9079647
1725353354.9099905
1725353354.919916
1725353354.9473155
1725353354.9487433
1725353354.949481
1725353354.951112
1725353354.984327
1725353354.98597
1725353354.987067
1725353354.9895265
1725353355.0436177
1725353355.044167
1725353355.045838
1725353355.0467055
1725353355.065591
1725353355.0668619
1725353355.068689
1725353355.0691762
1725353355.088715
1725353355.0905187
1725353355.093234
1725353355.129484
1725353355.13043
1725353355.1312418
1725353355.133777
1725353355.1458192
1725353355.211186
1725353355.2112124
1725353355.2112334
1725353355.2113006
1725353355.2226593
1725353355.2553163
1725353355.2951455
1725353355.2957911
1725353355.3268914
1725353355.3277695
1725353355.329162
1725353355.3320897
1725353355.3932014
1725353355.3943677
1725353355.395081
1725353355.3980844
1725353355.507025
1725353355.5078433
1725353355.508907
1725353355.5115612
1725353355.598651
1725353355.9152946
1725353355.9166408
1725353355.9176526
1725353355.9188132
1725353355.9194298
1725353355.9842892
1725353355.986115
1725353356.1166017
1725353356.1198838
1725353356.1203737
1725353356.1904194
1725353356.190543
1725353356.190952
1725353356.1914794
1725353356.1920083
1725353356.1931696
1725353356.1944838
1725353356.1961641
1725353356.1967213
1725353356.2108374
1725353356.212735
1725353356.230244
1725353356.2407644
1725353356.245966
1725353356.2464988
1725353356.2470336
1725353356.2492058
1725353356.2497437
1725353356.3248482
1725353356.3977904
1725353356.4020956
1725353356.402197
1725353356.4022782
1725353356.443664
1725353356.4442048
1725353356.4458146
1725353356.4473286
1725353356.454062
1725353356.4546688
1725353356.457336
1725353356.4577975
1725353356.4713538
1725353356.4945729
1725353356.4959016
1725353356.4980097
1725353356.5443788
1725353356.54667
1725353356.5905645
1725353356.591735
1725353356.5932906
1725353356.5948777
1725353356.596148
1725353356.6157238
1725353356.6186912
1725353356.6202185
1725353356.6346028
1725353356.6355462
1725353356.6376069
1725353356.6685717
1725353356.6690624
1725353356.6695418
1725353356.6700225
1725353356.7310483
1725353356.7332866
1725353356.7347798
1725353356.736639
1725353356.8631
1725353356.8946145
1725353356.895275
1725353356.8958714
1725353356.8967295
1725353356.8977487
1725353356.923144
1725353356.9246464
1725353356.925944
1725353356.9268365
1725353357.123598
1725353357.1241872
1725353357.1490786
1725353357.1497076
1725353357.151225
1725353357.1534472
1725353357.1573415
1725353357.2201028
1725353357.2214549
1725353357.224323
1725353357.3117743
1725353357.3131006
1725353357.3728485
1725353357.374048
1725353357.3750238
1725353357.3767815
1725353357.572379
1725353357.5753613
1725353357.5808618
1725353357.586717
1725353357.6803384
1725353357.6814446
1725353357.6822865
1725353357.6855118
1725353357.8733752
1725353357.875153
1725353357.9499388
1725353357.9503133
1725353357.9520824
1725353357.9541283
1725353358.1036856
1725353358.1065679
1725353358.3107793
1725353358.3245866
1725353358.3585858
1725353358.3590848
1725353358.3600783
1725353358.3608885
1725353358.3618839
1725353358.3863182
1725353358.3874204
1725353358.389253
1725353358.3898737
1725353358.4839792
1725353358.4851758
1725353358.4864042
1725353358.4870005
1725353358.5794184
1725353358.5810049
1725353358.5817366
1725353358.5844438
1725353358.5867026
1725353358.611218
1725353358.6127744
1725353358.6128685
1725353358.6190286
1725353358.7004156
1725353358.7022276
1725353358.7027564
1725353358.7045226
1725353358.7610424
1725353358.7616153
1725353358.7631433
1725353358.764769
1725353358.9092798
1725353358.954846
1725353358.955449
1725353359.002059
1725353359.003382
1725353359.0044887
1725353359.1311154
1725353359.1323001
1725353359.1323576
1725353359.1323814
1725353359.1324768
1725353359.2852228
1725353359.3317485
1725353359.3783264
1725353359.4089959
1725353359.412009
1725353359.4126365
1725353359.414388
1725353359.4150915
1725353359.7099433
1725353359.711515
1725353359.712491
1725353359.8202546
1725353359.8297658
1725353359.8339055
1725353359.8484955
1725353359.8485863
1725353359.8898168
1725353359.9109468
1725353359.9114246
1725353359.9453628
1725353359.9495134
1725353359.9797897
1725353360.0222776
1725353360.1448476
1725353360.1452456
1725353360.2826781
1725353360.2846358
1725353360.286406
1725353360.3694928
1725353360.369979
1725353360.3707006
1725353360.3992012
1725353360.4471018
1725353360.4517534
1725353360.4523988
1725353360.4969265
1725353360.4983902
1725353360.4991224
1725353360.4998357
1725353360.5025084
1725353360.5243201
1725353360.5295527
1725353360.5604656
1725353360.5616202
1725353360.5626266
1725353360.5649102
1725353360.5861232
1725353360.5887835
1725353360.589733
1725353360.6868958
1725353360.6880953
1725353360.6903014
1725353360.6917076
1725353360.792014
1725353360.7954288
1725353361.0329785
1725353361.033472
1725353361.0381007
1725353361.0532763
1725353361.0541148
1725353361.0558417
1725353361.0697777
1725353361.0716271
1725353361.0895717
1725353361.0906012
1725353361.0938084
1725353361.1011798
1725353361.1194873
1725353361.1208603
1725353361.1231754
1725353361.1238785
1725353361.1998067
1725353361.2010014
1725353361.2015018
1725353361.2049875
1725353361.207189
1725353361.209478
1725353361.25539
1725353361.2567768
1725353361.2597077
1725353361.2608736
1725353361.3207505
1725353361.322123
1725353361.342489
1725353361.3438773
1725353361.3448865
1725353361.3470676
1725353361.348192
1725353361.3571165
1725353361.3579297
1725353361.393661
1725353361.395091
1725353361.3962607
1725353361.3998923
1725353361.4008954
1725353361.4113443
1725353361.4125102
1725353361.413941
1725353361.4443128
1725353361.4454327
1725353361.5067897
1725353361.5076308
1725353361.5104165
1725353361.5109394
1725353361.5114763
1725353361.544174
1725353361.5473921
1725353361.5632432
1725353361.5638566
1725353361.5650442
1725353361.65044
1725353361.6514835
1725353361.6539977
1725353361.6621015
1725353361.6650987
1725353361.6929452
1725353361.6942272
1725353361.710346
1725353361.7130919
1725353361.7194154
1725353361.7478526
1725353361.750349
1725353361.7508895
1725353361.7523334
1725353361.8023708
1725353361.8028603
1725353361.8048303
1725353361.9955888
1725353361.9961042
1725353361.9979084
1725353361.9999442
1725353362.0911367
1725353362.0912187
1725353362.09129
1725353362.1531467
1725353362.1538947
1725353362.2049284
1725353362.390494
1725353362.3912618
1725353362.3923693
1725353362.4569263
1725353362.4580765
1725353362.4599907
1725353362.4991796
1725353362.5015283
1725353362.502665
1725353362.5027585
1725353362.504006
1725353362.6251898
1725353362.6253145
1725353362.6442075
1725353362.6473699
1725353362.648176
1725353362.659758
1725353362.6614864
1725353362.782975
1725353362.7843692
1725353362.7868254
1725353362.7908633
1725353362.7935073
1725353362.7935357
1725353362.7935603
1725353362.8014088
1725353362.8058999
1725353362.9031227
1725353363.0600178
1725353363.0611596
1725353363.0715861
1725353363.242736
1725353363.2433999
1725353363.2547398
1725353363.2552814
1725353363.3263688
1725353363.328246
1725353363.4579065
1725353363.4588482
1725353363.461438
1725353363.53245
1725353363.5338402
1725353363.6232557
1725353363.624414
1725353363.6260786
1725353363.6275826
1725353363.661545
1725353363.6618807
1725353363.7029455
1725353363.8568885
1725353363.85717
1725353363.8574135
1725353363.8636253
1725353363.8641477
1725353363.8761315
1725353363.8799474
1725353363.88447
1725353363.8850405
1725353363.8862007
1725353363.9003153
1725353363.9018307
1725353364.1062722
1725353364.112066
1725353364.1254907
1725353364.1262946
1725353364.126838
1725353364.130033
1725353364.2649305
1725353364.2654574
1725353364.2679546
1725353364.2695694
1725353364.3055832
1725353364.3064063
1725353364.307417
1725353364.3541784
1725353364.3556583
1725353364.356759
1725353364.3648124
1725353364.3669858
1725353364.5476441
1725353364.5477498
1725353364.5489469
1725353364.5508373
1725353364.563654
1725353364.570036
1725353364.5708337
1725353364.5713463
1725353364.8006036
1725353364.8033652
1725353364.8389912
1725353364.8395555
1725353364.8445168
1725353364.844882
1725353364.845262
1725353364.939165
1725353364.94205
1725353364.9558425
1725353364.957503
1725353364.9589827
1725353365.067447
1725353365.0675511
1725353365.0682015
1725353365.0691438
1725353365.116387
1725353365.1184697
1725353365.1223855
1725353365.1360273
1725353365.1373878
1725353365.141649
1725353365.2196684
1725353365.2210445
1725353365.2230463
1725353365.4244118
1725353365.4266834
1725353365.4298077
1725353365.4781697
1725353365.4793742
1725353365.4807131
1725353365.4831336
1725353365.5598059
1725353365.5619771
1725353365.5642192
1725353365.6123853
1725353365.6131904
1725353365.6139321
1725353365.6150079
1725353365.6185389
1725353365.6207528
1725353365.6322381
1725353365.6328495
1725353365.6416833
1725353365.6426916
1725353365.6433012
1725353365.7032897
1725353365.7042165
1725353365.7073455
1725353365.7434044
1725353365.7460063
1725353365.7732453
1725353365.7742586
1725353365.7749102
1725353365.775969
1725353365.779744
1725353365.880159
1725353365.8816097
1725353365.8825297
1725353365.8921154
1725353365.892192
1725353365.9259417
1725353365.9273608
1725353365.9747138
1725353365.975689
1725353365.9793787
1725353365.9808297
1725353366.0167444
1725353366.0183852
1725353366.02016
1725353366.0503445
1725353366.052518
1725353366.0530393
1725353366.054955
1725353366.055769
1725353366.0575826
1725353366.1219766
1725353366.1225827
1725353366.125655
1725353366.1321132
1725353366.1341934
1725353366.1349583
1725353366.156357
1725353366.1570497
1725353366.1602776
1725353366.1850364
1725353366.1871777
1725353366.187279
1725353366.190074
1725353366.1915843
1725353366.1961637
1725353366.197202
1725353366.210249
1725353366.2409074
1725353366.2420611
1725353366.271676
1725353366.272564
1725353366.275001
1725353366.3106055
1725353366.3110895
1725353366.3116167
1725353366.3143406
1725353366.361393
1725353366.3626451
1725353366.3632104
1725353366.3633008
1725353366.3767064
1725353366.3802702
1725353366.4761987
1725353366.5326574
1725353366.533556
1725353366.549365
1725353366.5989175
1725353366.602099
1725353366.602397
1725353366.6030936
1725353366.695022
1725353366.6956851
1725353366.6969512
1725353366.7000134
1725353366.8926225
1725353366.894459
1725353366.8952546
1725353366.9068377
1725353367.115664
1725353367.117844
1725353367.1184201
1725353367.1275656
1725353367.2616339
1725353367.2637126
1725353367.2643058
1725353367.2989395
1725353367.302292
1725353367.3038533
1725353367.3095665
1725353367.3102372
1725353367.3109753
1725353367.3119814
1725353367.3834102
1725353367.384134
1725353367.3856015
1725353367.388758
1725353367.4096947
1725353367.4108574
1725353367.4118516
1725353367.428667
1725353367.454474
1725353367.4586
1725353367.6864104
1725353367.6885328
1725353367.6896193
1725353367.730978
1725353367.7361414
1725353367.8055692
1725353367.807917
1725353367.8084261
1725353367.8093896
1725353367.8138263
1725353367.8154447
1725353367.834031
1725353367.836862
1725353367.8382857
1725353367.9130528
1725353367.9135373
1725353368.1130857
1725353368.116048
1725353368.1170669
1725353368.1583412
1725353368.1596997
1725353368.1625218
1725353368.3473032
1725353368.3482609
1725353368.3499556
1725353368.3509545
1725353368.3677742
1725353368.3689528
1725353368.3700397
1725353368.4416494
1725353368.44336
1725353368.4454567
1725353368.448535
1725353368.4500647
1725353368.4933116
1725353368.4937947
1725353368.4948678
1725353368.4973617
1725353368.50806
1725353368.5093753
1725353368.5104926
1725353368.5532386
1725353368.5541375
1725353368.5552495
1725353368.5764112
1725353368.5786846
1725353368.5819328
1725353368.6358023
1725353368.6363616
1725353368.6386602
1725353368.6397674
1725353368.6453807
1725353368.6462333
1725353368.6744647
1725353368.6757813
1725353368.6766646
1725353368.718878
1725353368.719798
1725353368.7207227
1725353368.7216165
1725353368.7246885
1725353368.8452382
1725353368.8459654
1725353368.8495398
1725353369.0228584
1725353369.023335
1725353369.0246148
1725353369.026543
1725353369.0460184
1725353369.0482614
1725353369.0973735
1725353369.0998733
1725353369.3168306
1725353369.3169613
1725353369.3182657
1725353369.324809
1725353369.4747763
1725353369.4773288
1725353369.4881012
1725353369.490812
1725353369.4918804
1725353369.5237107
1725353369.5242276
1725353369.5267472
1725353369.5370479
1725353369.5381176
1725353369.6047585
1725353369.6057184
1725353369.6063828
1725353369.6083112
1725353369.6102247
1725353369.6112134
1725353369.6157167
1725353369.7963448
1725353369.7971828
1725353369.7978065
1725353369.953444
1725353369.9548583
1725353369.9578962
1725353369.9579837
1725353370.0159333
1725353370.0169334
1725353370.0184515
1725353370.0200832
1725353370.0493426
1725353370.0498602
1725353370.050369
1725353370.0533597
1725353370.058523
1725353370.193869
1725353370.2000158
1725353370.242407
1725353370.3600106
1725353370.3607628
1725353370.4632058
1725353370.4640338
1725353370.4647908
1725353370.4686568
1725353370.6398118
1725353370.7032864
1725353370.7033248
1725353370.7033467
1725353370.7034252
1725353370.771608
1725353370.7768085
1725353370.8280628
1725353370.82864
1725353370.8317444
1725353370.8441222
1725353370.84655
1725353370.8477771
1725353370.849031
1725353370.9282973
1725353370.9295092
1725353370.9314222
1725353370.933607
1725353370.935403
1725353370.9373705
1725353370.9652684
1725353370.9670367
1725353370.9996126
1725353370.9997036
1725353371.004941
1725353371.0059726
1725353371.0064788
1725353371.116071
1725353371.1180854
1725353371.1207266
1725353371.1684113
1725353371.169349
1725353371.1700404
1725353371.176602
1725353371.1786213
1725353371.1802158
1725353371.180868
1725353371.1862607
1725353371.1875963
1725353371.1881661
1725353371.259975
1725353371.2607892
1725353371.2804034
1725353371.3523684
1725353371.3534462
1725353371.3547664
1725353371.3573067
1725353371.383919
1725353371.3845282
1725353371.3852007
1725353371.3879788
1725353371.3911307
1725353371.4228754
1725353371.4236183
1725353371.4264581
1725353371.4701173
1725353371.4714377
1725353371.4735768
1725353371.4750836
1725353371.4763377
1725353371.5053227
1725353371.5060074
1725353371.5071254
1725353371.7970052
1725353371.8638332
1725353371.8670053
1725353371.8676202
1725353371.894072
1725353371.8971367
1725353372.095972
1725353372.0986059
1725353372.099151
1725353372.1006124
1725353372.145917
1725353372.1479094
1725353372.1484208
1725353372.2053907
1725353372.2397316
1725353372.2421288
1725353372.242222
1725353372.4060342
1725353372.4077272
1725353372.4078786
1725353372.4212525
1725353372.4224308
1725353372.543845
1725353372.544879
1725353372.546983
1725353372.6191206
1725353372.6206186
1725353372.6224818
1725353372.624101
1725353372.6935532
1725353372.6947217
1725353372.695991
1725353372.70546
1725353372.707287
1725353372.873131
1725353372.8742003
1725353372.8767793
1725353372.9419134
1725353372.943792
1725353372.9443028
1725353372.9457192
1725353373.1786897
1725353373.1799278
1725353373.1824508
1725353373.2351193
1725353373.2381837
1725353373.2501562
1725353373.252945
1725353373.254264
1725353373.2863166
1725353373.2872992
1725353373.290671
1725353373.315983
1725353373.3177717
1725353373.4591153
1725353373.460137
1725353373.4606595
1725353373.461491
1725353373.543248
1725353373.5457416
1725353373.5482922
1725353373.5875068
1725353373.5903206
1725353373.591065
1725353373.7169695
1725353373.7201872
1725353374.101396
1725353374.1035378
1725353374.1043978
1725353374.2164536
1725353374.219278
1725353374.2199218
1725353374.340803
1725353374.3440328
1725353374.3452663
1725353374.3580964
1725353374.359407
1725353374.3600764
1725353374.3783875
1725353374.3790712
1725353374.3800035
1725353374.3827865
1725353374.4133494
1725353374.4650414
1725353374.466407
1725353374.467353
1725353374.5406928
1725353374.5411983
1725353374.5425787
1725353374.5454214
1725353374.565324
1725353374.566026
1725353374.5669188
1725353374.569569
1725353374.610206
1725353374.610968
1725353374.6125114
1725353374.6135023
1725353374.6152444
1725353374.6234143
1725353374.625819
1725353374.6451867
1725353374.6459775
1725353374.6471288
1725353374.649587
1725353374.7319992
1725353374.73464
1725353374.861458
1725353374.8622217
1725353374.862413
1725353374.862434
1725353374.8625205
1725353374.8810616
1725353374.8866043
1725353374.9947004
1725353374.996192
1725353375.069874
1725353375.071382
1725353375.0745986
1725353375.0752745
1725353375.0773335
1725353375.0783243
1725353375.145274
1725353375.1480172
1725353375.149083
1725353375.1519775
1725353375.1525571
1725353375.1722195
1725353375.1735332
1725353375.2088015
1725353375.2102907
1725353375.2105775
1725353375.2251575
1725353375.2270198
1725353375.2283072
1725353375.2291603
1725353375.2375216
1725353375.2411907
1725353375.332262
1725353375.334951
1725353375.3356638
1725353375.33666
1725353375.405294
1725353375.4058487
1725353375.4079487
1725353375.4100482
1725353375.4192212
1725353375.419753
1725353375.426032
1725353375.4270246
1725353375.5487792
1725353375.6560786
1725353375.7028077
1725353375.705551
1725353375.7063854
1725353375.7078302
1725353375.7480643
1725353375.7497404
1725353375.751405
1725353375.7521136
1725353375.753642
1725353375.7652295
1725353375.7669003
1725353375.783679
1725353375.784911
1725353375.786346
1725353375.7870426
1725353375.8209693
1725353375.8222487
1725353375.8247795
1725353375.859026
1725353375.8615682
1725353375.8622892
1725353375.8742836
1725353375.8772738
1725353375.903451
1725353375.9050016
1725353375.9064806
1725353375.9432487
1725353375.945198
1725353375.9461837
1725353375.9479287
1725353375.9514318
1725353375.9812865
1725353375.982736
1725353375.9856083
1725353376.0001233
1725353376.0016675
1725353376.0027416
1725353376.0045793
1725353376.016085
1725353376.0174587
1725353376.0184317
1725353376.0205748
1725353376.0462773
1725353376.0495272
1725353376.051209
1725353376.0725815
1725353376.0745895
1725353376.0767016
1725353376.079571
1725353376.0805006
1725353376.08255
1725353376.2291436
1725353376.2302074
1725353376.233381
1725353376.2529564
1725353376.253526
1725353376.2553174
1725353376.2572157
1725353376.306681
1725353376.3083212
1725353376.309654
1725353376.311118
1725353376.3468876
1725353376.349441
1725353376.3501356
1725353376.3514767
1725353376.3547378
1725353376.3912492
1725353376.394722
1725353376.3956354
1725353376.409941
1725353376.4106421
1725353376.411629
1725353376.4152467
1725353376.4769404
1725353376.4794574
1725353376.5146415
1725353376.5159898
1725353376.5165021
1725353376.5186489
1725353376.5967739
1725353376.5989606
1725353376.68065
1725353376.6814797
1725353376.6819792
1725353376.6830072
1725353376.8104591
1725353376.8124135
1725353376.9370646
1725353376.995285
1725353376.9968984
1725353376.9982696
1725353377.086866
1725353377.08833
1725353377.0891058
1725353377.0917172
1725353377.0969267
1725353377.0983288
1725353377.0999243
1725353377.1070793
1725353377.1097667
1725353377.110647
1725353377.2027647
1725353377.2038758
1725353377.2049022
1725353377.2073598
1725353377.3213942
1725353377.3221033
1725353377.325352
1725353377.3456426
1725353377.3488643
1725353377.350311
1725353377.3518848
1725353377.4618938
1725353377.4637356
1725353377.4646287
1725353377.5353754
1725353377.5370102
1725353377.5394473
1725353377.6027074
1725353377.6050856
1725353377.6058671
1725353377.6072636
1725353377.8353314
1725353377.836582
1725353377.8378441
1725353378.1119215
1725353378.1119368
1725353378.1120095
1725353378.1233768
1725353378.1411717
1725353378.1935678
1725353378.1942487
1725353378.2488995
1725353378.2495909
1725353378.2501636
1725353378.2513268
1725353378.2798686
1725353378.2807674
1725353378.281683
1725353378.3610284
1725353378.3624306
1725353378.3647082
1725353378.3656862
1725353378.3732302
1725353378.379025
1725353378.3828964
1725353378.3853834
1725353378.3858914
1725353378.40082
1725353378.401493
1725353378.4029024
1725353378.4056938
1725353378.419925
1725353378.4225254
1725353378.4247642
1725353378.446063
1725353378.447593
1725353378.4485104
1725353378.450812
1725353378.4527383
1725353378.4536622
1725353378.4605799
1725353378.4625287
1725353378.4660113
1725353378.4679759
1725353378.4686282
1725353378.5637524
1725353378.5690405
1725353378.809179
1725353378.8101048
1725353378.8111644
1725353378.862601
1725353378.8633308
1725353378.8641646
1725353378.8679242
1725353378.9232476
1725353378.9270492
1725353378.9285362
1725353379.0027792
1725353379.0040252
1725353379.0062907
1725353379.007455
1725353379.0601246
1725353379.0619366
1725353379.064264
1725353379.078882
1725353379.0796506
1725353379.0804043
1725353379.0931342
1725353379.0974739
1725353379.1452727
1725353379.147171
1725353379.1490364
1725353379.152055
1725353379.3493168
1725353379.351282
1725353379.3528984
1725353379.354162
1725353379.3627906
1725353379.3639016
1725353379.413191
1725353379.4166884
1725353379.4178605
1725353379.495925
1725353379.498012
1725353379.4987576
1725353379.4999564
1725353379.5090642
1725353379.5097668
1725353379.512059
1725353379.5515463
1725353379.5532258
1725353379.5542312
1725353379.5622842
1725353379.5638938
1725353379.5740988
1725353379.5770972
1725353379.5783777
1725353379.582534
1725353379.583354
1725353379.5846968
1725353379.5898316
1725353379.590647
1725353379.6320572
1725353379.634062
1725353379.6360993
1725353379.637356
1725353379.6397681
1725353379.6409857
1725353379.6523123
1725353379.652973
1725353379.6539211
1725353379.7122505
1725353379.713992
1725353379.7168567
1725353379.7958646
1725353379.8273046
1725353379.8296578
1725353379.8304658
1725353379.8312628
1725353379.9989538
1725353380.0012577
1725353380.0030167
1725353380.1311066
1725353380.1331763
1725353380.1350183
1725353380.2100022
1725353380.2145019
1725353380.2208445
1725353380.2248538
1725353380.3197563
1725353380.320217
1725353380.3380287
1725353380.3405664
1725353380.340837
1725353380.3422387
1725353380.3853006
1725353380.3858023
1725353380.3873856
1725353380.4000988
1725353380.4005053
1725353380.4011738
1725353380.417437
1725353380.418702
1725353380.421345
1725353380.4234574
1725353380.4848685
1725353380.4959602
1725353380.4974198
1725353380.5074892
1725353380.5080357
1725353380.5085428
1725353380.5094872
1725353380.594049
1725353380.59504
1725353380.5970082
1725353380.6110384
1725353380.613202
1725353380.6132855
1725353380.6133711
1725353380.6628108
1725353380.6641283
1725353380.680318
1725353380.6803396
1725353380.6804209
1725353380.6848893
1725353380.716113
1725353380.8323424
1725353380.835998
1725353380.8993738
1725353380.9023683
1725353380.9034233
1725353380.9040554
1725353380.9071321
1725353380.9098017
1725353381.0266929
1725353381.0291743
1725353381.0353892
1725353381.0363405
1725353381.0377684
1725353381.0383756
1725353381.0576131
1725353381.1499348
1725353381.1500483
1725353381.1528053
1725353381.1533606
1725353381.155443
1725353381.156018
1725353381.1813982
1725353381.1832747
1725353381.1860385
1725353381.2600796
1725353381.2615964
1725353381.2626052
1725353381.3633003
1725353381.3642077
1725353381.366627
1725353381.6152582
1725353381.6164103
1725353381.6185617
1725353381.8477576
1725353381.8609967
1725353381.86274
1725353381.8639774
1725353381.8936598
1725353381.997381
1725353382.0059555
1725353382.0066447
1725353382.0071836
1725353382.0108256
1725353382.0114665
1725353382.1255906
1725353382.1517036
1725353382.1521823
1725353382.187786
1725353382.1889644
1725353382.190024
1725353382.190726
1725353382.2216773
1725353382.2230256
1725353382.2254047
1725353382.2310061
1725353382.290965
1725353382.292049
1725353382.2929296
1725353382.4216628
1725353382.4248612
1725353382.50041
1725353382.502168
1725353382.5026996
1725353382.6197846
1725353382.621434
1725353382.6319752
1725353382.6324608
1725353382.6333094
1725353382.6361227
1725353382.6377678
1725353382.6869986
1725353382.688926
1725353382.6895804
1725353382.6910982
1725353382.6924224
1725353382.7084112
1725353382.7108777
1725353382.7117336
1725353382.7345016
1725353382.7358682
1725353382.7389972
1725353382.7402198
1725353382.7453065
1725353382.7463582
1725353382.764973
1725353382.7657557
1725353382.7665946
1725353382.7707088
1725353382.8136716
1725353382.8153243
1725353382.8155584
1725353382.8167155
1725353382.825546
1725353382.826552
1725353382.8289196
1725353382.8301127
1725353382.866267
1725353382.8671396
1725353382.8685453
1725353382.8701065
1725353382.9838815
1725353382.9866521
1725353382.9892685
1725353382.9967911
1725353382.9986386
1725353383.0013847
1725353383.002677
1725353383.0852711
1725353383.08568
1725353383.1577938
1725353383.1608307
1725353383.1646342
1725353383.2205193
1725353383.2227943
1725353383.2234926
1725353383.2265778
1725353383.2410698
1725353383.2428732
1725353383.249112
1725353383.2496963
1725353383.2510037
1725353383.3704834
1725353383.3725803
1725353383.4521105
1725353383.4539268
1725353383.4567773
1725353383.4583972
1725353383.4779863
1725353383.478578
1725353383.4789696
1725353383.5123737
1725353383.5138984
1725353383.5158312
1725353383.5173044
1725353383.5279167
1725353383.530189
1725353383.5306928
1725353383.5327094
1725353383.6696749
1725353383.6706018
1725353383.674337
1725353383.6746898
1725353383.6918457
1725353383.6923802
1725353383.6929183
1725353383.695705
1725353383.7430193
1725353383.7454276
1725353383.7463853
1725353383.747085
1725353383.8033369
1725353383.803786
1725353383.8063092
1725353383.8068383
1725353383.855819
1725353383.8569794
1725353383.8601248
1725353383.9670358
1725353383.9685547
1725353383.9699056
1725353383.9826329
1725353383.9839723
1725353383.9942856
1725353383.9957244
1725353384.0019207
1725353384.0250373
1725353384.025093
1725353384.0251918
1725353384.0252385
1725353384.0480509
1725353384.0512083
1725353384.2834792
1725353384.285264
1725353384.2860756
1725353384.376872
1725353384.3779135
1725353384.3810666
1725353384.4245365
1725353384.4253223
1725353384.457975
1725353384.4611745
1725353384.4616308
1725353384.46328
1725353384.4662242
1725353384.503253
1725353384.5041237
1725353384.546647
1725353384.5470965
1725353384.5479052
1725353384.5501606
1725353384.5510607
1725353384.587101
1725353384.5884924
1725353384.5913527
1725353384.6629646
1725353384.6667995
1725353384.6674228
1725353384.6678007
1725353384.669868
1725353384.6713192
1725353384.6721554
1725353384.673231
1725353384.6790628
1725353384.6808605
1725353384.683005
1725353384.69211
1725353384.6946304
1725353384.6951423
1725353384.7160501
1725353384.9591932
1725353384.9599013
1725353384.96261
1725353385.0470376
1725353385.0489469
1725353385.0503814
1725353385.0512419
1725353385.0529416
1725353385.1005685
1725353385.1051998
1725353385.1250317
1725353385.125594
1725353385.1269596
1725353385.1280525
1725353385.1297503
1725353385.1749563
1725353385.1757915
1725353385.1781266
1725353385.181271
1725353385.1870522
1725353385.188786
1725353385.2402961
1725353385.2436414
1725353385.2945917
1725353385.2953794
1725353385.3449557
1725353385.3477097
1725353385.3576317
1725353385.358151
1725353385.3869677
1725353385.4509172
1725353385.4734907
1725353385.4747956
1725353385.4778397
1725353385.6114662
1725353385.612825
1725353385.6136754
1725353385.7266295
1725353385.7276862
1725353385.728424
1725353385.7311294
1725353385.7318518
1725353385.802087
1725353385.8052273
1725353385.806188
1725353385.8551967
1725353385.8565226
1725353385.8585606
1725353385.9177556
1725353385.9206576
1725353385.9228601
1725353385.9529083
1725353385.9545112
1725353385.9552295
1725353385.9577658
1725353386.1559303
1725353386.1570404
1725353386.1595762
1725353386.1629987
1725353386.1641688
1725353386.2546105
1725353386.2573287
1725353386.2583296
1725353386.259633
1725353386.3546429
1725353386.356441
1725353386.3589594
1725353386.4891734
1725353386.4900286
1725353386.493026
1725353386.4996488
1725353386.5037625
1725353386.543098
1725353386.584492
1725353386.5873802
1725353386.5890396
1725353386.6123438
1725353386.61323
1725353386.6145973
1725353386.6273837
1725353386.6294148
1725353386.6319673
1725353386.699
1725353386.6998484
1725353386.7004101
1725353386.7027025
1725353386.7212877
1725353386.7253156
1725353386.7261724
1725353386.7379668
1725353386.7393532
1725353386.742252
1725353386.8373346
1725353386.8382125
1725353386.8400018
1725353386.983984
1725353386.984595
1725353386.9864223
1725353387.1611176
1725353387.1619503
1725353387.1630254
1725353387.1644797
1725353387.2330852
1725353387.2342556
1725353387.2351277
1725353387.238012
1725353387.239312
1725353387.3597348
1725353387.3613627
1725353387.3619199
1725353387.370671
1725353387.37176
1725353387.3726587
1725353387.3735912
1725353387.3947484
1725353387.3963647
1725353387.3971438
1725353387.4221492
1725353387.424891
1725353387.42698
1725353387.4282198
1725353387.48365
1725353387.4850087
1725353387.499708
1725353387.5014002
1725353387.5030992
1725353387.711024
1725353387.711963
1725353387.781287
1725353387.7824953
1725353387.7825255
1725353387.7825503
1725353387.784104
1725353387.859109
1725353387.8633125
1725353388.0289438
1725353388.0795686
1725353388.0811653
1725353388.1244936
1725353388.1250477
1725353388.1259174
1725353388.1643806
1725353388.1650386
1725353388.1661913
1725353388.1898372
1725353388.1908023
1725353388.1935632
1725353388.1942856
1725353388.1984634
1725353388.346776
1725353388.3499029
1725353388.4739704
1725353388.4767435
1725353388.4770722
1725353388.5113237
1725353388.5119536
1725353388.512762
1725353388.516154
1725353388.5643933
1725353388.565909
1725353388.5691073
1725353388.6147466
1725353388.6172538
1725353388.6178002
1725353388.618644
1725353388.7556138
1725353388.7557378
1725353388.8615055
1725353388.8630762
1725353388.8644176
1725353388.864871
1725353388.9620798
1725353388.9978368
1725353388.9990966
1725353389.0013704
1725353389.0135083
1725353389.0152438
1725353389.0164998
1725353389.0176728
1725353389.0630517
1725353389.0649626
1725353389.1269073
1725353389.1274712
1725353389.1736479
1725353389.1742144
1725353389.1755116
1725353389.2595963
1725353389.261352
1725353389.26324
1725353389.3977776
1725353389.3982215
1725353389.3995254
1725353389.4333782
1725353389.435089
1725353389.5687187
1725353389.5696914
1725353389.57259
1725353389.7511184
1725353389.7530832
1725353389.9778793
1725353389.9788456
1725353389.9795954
1725353390.0184488
1725353390.022915
1725353390.0231187
1725353390.0680888
1725353390.0702446
1725353390.0728877
1725353390.0733879
1725353390.0738778
1725353390.0871394
1725353390.087729
1725353390.0887687
1725353390.1234539
1725353390.1249769
1725353390.1264434
1725353390.1487758
1725353390.151927
1725353390.1520166
1725353390.2419782
1725353390.244396
1725353390.2943027
1725353390.2953365
1725353390.2972481
1725353390.2987685
1725353390.399462
1725353390.4027405
1725353390.4045448
1725353390.4379625
1725353390.4395642
1725353390.4406521
1725353390.4415095
1725353390.4435525
1725353390.4813945
1725353390.483797
1725353390.6555917
1725353390.6584935
1725353390.6602783
1725353390.6614618
1725353390.6630177
1725353390.6644711
1725353390.7055664
1725353390.7070136
1725353390.708304
1725353390.708764
1725353390.7094233
1725353390.7470803
1725353390.7482939
1725353390.75071
1725353390.7566779
1725353390.8187933
1725353390.8202972
1725353390.8216882
1725353390.8226576
1725353390.834544
1725353390.9365964
1725353390.9384744
1725353390.947132
1725353390.9525886
1725353390.9529746
1725353390.9534903
1725353390.955027
1725353390.998862
1725353390.999416
1725353391.000281
1725353391.003233
1725353391.2876687
1725353391.2890313
1725353391.305253
1725353391.308398
1725353391.309516
1725353391.4181328
1725353391.4182277
1725353391.4196825
1725353391.4217434
1725353391.4589694
1725353391.461673
1725353391.4626763
1725353391.529174
1725353391.5297053
1725353391.5313272
1725353391.532969
1725353391.543519
1725353391.544344
1725353391.5450015
1725353391.5475476
1725353391.548283
1725353391.5563772
1725353391.585313
1725353391.5867217
1725353391.5873954
1725353391.5893757
1725353391.591793
1725353391.5932465
1725353391.5949903
1725353391.6230867
1725353391.623762
1725353391.6237886
1725353391.6238077
1725353391.6238906
1725353391.6676714
1725353391.6721556
1725353391.8670855
1725353391.8687212
1725353391.8719754
1725353392.0170696
1725353392.0190063
1725353392.0291348
1725353392.0316503
1725353392.0324056
1725353392.035218
1725353392.0782683
1725353392.0798583
1725353392.0909162
1725353392.2774513
1725353392.2778177
1725353392.3345723
1725353392.3368013
1725353392.3705323
1725353392.3726146
1725353392.3735652
1725353392.3744555
1725353392.4436674
1725353392.444933
1725353392.4462757
1725353392.5365837
1725353392.5373685
1725353392.5394232
1725353392.5408728
1725353392.561637
1725353392.5640197
1725353392.5643058
1725353392.6825514
1725353392.6883824
1725353392.7124414
1725353392.7129748
1725353392.7139006
1725353392.719461
1725353392.720003
1725353392.8083298
1725353392.8100305
1725353392.8107631
1725353392.8223715
1725353392.823092
1725353392.844485
1725353392.8446336
1725353392.8454452
1725353392.8479855
1725353392.9296553
1725353392.9297688
1725353392.9305356
1725353392.9318597
1725353392.9326603
1725353393.0252845
1725353393.0290937
1725353393.14758
1725353393.1482294
1725353393.1487188
1725353393.1648984
1725353393.1703763
1725353393.170985
1725353393.20551
1725353393.2063975
1725353393.2076733
1725353393.2092717
1725353393.2207458
1725353393.22246
1725353393.3761218
1725353393.3765192
1725353393.3779628
1725353393.3804002
1725353393.5910082
1725353393.5919652
1725353393.5939608
1725353393.5972447
1725353393.6772392
1725353393.6783197
1725353393.6849408
1725353393.6865094
1725353393.6909733
1725353393.7522023
1725353393.7526944
1725353393.753168
1725353393.7953928
1725353393.8396862
1725353393.8863556
1725353393.8876452
1725353393.889442
1725353393.8902235
1725353393.923962
1725353393.9243088
1725353393.92747
1725353394.2345235
1725353394.23541
1725353394.2359512
1725353394.2386007
1725353394.2886357
1725353394.289882
1725353394.3062174
1725353394.487097
1725353394.4895606
1725353394.4900994
1725353394.4911668
1725353394.549253
1725353394.5744858
1725353394.5762212
1725353394.5793242
1725353394.600352
1725353394.6021197
1725353394.6024253
1725353394.6061351
1725353394.6463728
1725353394.6474433
1725353394.6525066
1725353394.6532943
1725353394.6662285
1725353394.6679513
1725353394.712699
1725353394.7165937
1725353394.75175
1725353394.7529962
1725353394.7967188
1725353394.8063571
1725353394.8872318
1725353394.888342
1725353394.8911781
1725353394.904792
1725353394.9060779
1725353394.9077086
1725353394.926239
1725353394.9309855
1725353394.932837
1725353394.9331596
1725353394.959509
1725353394.9613285
1725353394.9632254
1725353394.980736
1725353395.0156949
1725353395.1199627
1725353395.121881
1725353395.1575315
1725353395.1591601
1725353395.160883
1725353395.1619182
1725353395.1849368
1725353395.1857922
1725353395.1872938
1725353395.2437901
1725353395.2452273
1725353395.2558417
1725353395.2571106
1725353395.26034
1725353395.262292
1725353395.2769632
1725353395.2776644
1725353395.281463
1725353395.3144708
1725353395.3149755
1725353395.3169878
1725353395.3185349
1725353395.3518555
1725353395.356108
1725353395.3656516
1725353395.3692343
1725353395.392986
1725353395.4171934
1725353395.4178905
1725353395.4209359
1725353395.4218214
1725353395.5265994
1725353395.5283768
1725353395.5295985
1725353395.5537345
1725353395.5542295
1725353395.5547194
1725353395.6549094
1725353395.681335
1725353395.682124
1725353395.6832228
1725353395.7270617
1725353395.7279828
1725353395.728473
1725353395.7322824
1725353395.7630284
1725353395.7649982
1725353395.8376038
1725353395.8384593
1725353395.8425581
1725353395.8429766
1725353395.893978
1725353395.8946202
1725353395.9065568
1725353395.9074423
1725353395.9112513
1725353395.9120102
1725353395.9126048
1725353395.9445715
1725353395.949221
1725353395.9504077
1725353395.97709
1725353395.9800527
1725353395.9892604
1725353395.9901142
1725353395.991353
1725353396.0027158
1725353396.0069733
1725353396.0075035
1725353396.0080113
1725353396.0262568
1725353396.0279388
1725353396.0291374
1725353396.1432877
1725353396.1450438
1725353396.1455963
1725353396.1497312
1725353396.201568
1725353396.202192
1725353396.2032154
1725353396.211613
1725353396.2270725
1725353396.2276382
1725353396.2324312
1725353396.2522657
1725353396.2541826
1725353396.2551556
1725353396.2583451
1725353396.3118248
1725353396.3123999
1725353396.313533
1725353396.3414288
1725353396.3417075
1725353396.342415
1725353396.3430755
1725353396.436621
1725353396.4389656
1725353396.4395938
1725353396.4545505
1725353396.4555671
1725353396.4579601
1725353396.459048
1725353396.4610465
1725353396.4761028
1725353396.4876826
1725353396.4893491
1725353396.4923518
1725353396.4931624
1725353396.5172074
1725353396.5186446
1725353396.5200176
1725353396.5256019
1725353396.6437557
1725353396.644759
1725353396.6562047
1725353396.6577585
1725353396.6588283
1725353396.6975536
1725353396.702012
1725353396.7446997
1725353396.7473412
1725353396.7480524
1725353396.7490947
1725353396.7648044
1725353396.7665606
1725353396.7784607
1725353396.7851915
1725353396.785486
1725353396.785893
1725353396.833044
1725353396.8334427
1725353396.834141
1725353396.882325
1725353396.8853123
1725353396.885701
1725353396.9415424
1725353396.943055
1725353396.9443028
1725353396.94547
1725353396.9464397
1725353396.9563966
1725353396.9643645
1725353396.9968252
1725353396.9976573
1725353396.9983087
1725353397.00098
1725353397.0096478
1725353397.010529
1725353397.0132024
1725353397.0539289
1725353397.054772
1725353397.0559828
1725353397.056789
1725353397.0680394
1725353397.06887
1725353397.082556
1725353397.0834155
1725353397.0982728
1725353397.0998924
1725353397.2061765
1725353397.2083771
1725353397.2092395
1725353397.2417543
1725353397.2465003
1725353397.2809536
1725353397.280979
1725353397.280999
1725353397.2810266
1725353397.283376
1725353397.3438363
1725353397.392201
1725353397.4120948
1725353397.4153216
1725353397.4185972
1725353397.484672
1725353397.4847653
1725353397.485315
1725353397.488592
1725353397.5251505
1725353397.5269144
1725353397.5296116
1725353397.5329747
1725353397.534328
1725353397.5371814
1725353397.587801
1725353397.6099076
1725353397.6107292
1725353397.6116152
1725353397.6141937
1725353397.6276126
1725353397.6289673
1725353397.6301517
1725353397.6359653
1725353397.6584086
1725353397.659257
1725353397.6604345
1725353397.7019908
1725353397.7024794
1725353397.7029772
1725353397.7303045
1725353397.731546
1725353397.7328453
1725353397.7509267
1725353397.7521996
1725353397.8262699
1725353397.8263702
1725353397.8283474
1725353397.8531983
1725353397.9108667
1725353397.9471526
1725353397.9478643
1725353397.9503396
1725353397.9511623
1725353397.9549265
1725353397.98654
1725353397.9874594
1725353397.9882703
1725353398.0311446
1725353398.0317113
1725353398.0344846
1725353398.0518327
1725353398.053487
1725353398.0550919
1725353398.1008403
1725353398.1016855
1725353398.1053283
1725353398.1113448
1725353398.112238
1725353398.1133916
1725353398.1427143
1725353398.1444836
1725353398.147225
1725353398.154463
1725353398.1600459
1725353398.1731727
1725353398.1747124
1725353398.2852302
1725353398.2861166
1725353398.2872272
1725353398.2896435
1725353398.3521502
1725353398.3550134
1725353398.3563828
1725353398.3645875
1725353398.421077
1725353398.463698
1725353398.4641848
1725353398.4662325
1725353398.4678059
1725353398.5006235
1725353398.5015295
1725353398.5205588
1725353398.5229146
1725353398.5239258
1725353398.5259802
1725353398.5400603
1725353398.5412376
1725353398.5469637
1725353398.5495152
1725353398.550885
1725353398.5815873
1725353398.5827332
1725353398.6188898
1725353398.620309
1725353398.6354134
1725353398.6369417
1725353398.638658
1725353398.6950183
1725353398.6976964
1725353398.6985114
1725353398.7605686
1725353398.7622626
1725353398.7637672
1725353398.7755246
1725353398.9056244
1725353398.9258254
1725353398.9287498
1725353398.9293022
1725353398.9302251
1725353398.9322577
1725353398.946326
1725353398.947075
1725353398.9477627
1725353398.9516737
1725353398.953124
1725353398.9627266
1725353398.9637156
1725353398.9724283
1725353398.9729526
1725353398.9732099
1725353398.9745653
1725353399.0024598
1725353399.0040216
1725353399.0062811
1725353399.0584078
1725353399.0591714
1725353399.0622966
1725353399.0884304
1725353399.0891874
1725353399.0908873
1725353399.0912929
1725353399.1412911
1725353399.142202
1725353399.1425042
1725353399.1426394
1725353399.1427557
1725353399.1947546
1725353399.2185664
1725353399.2339416
1725353399.2351966
1725353399.2401505
1725353399.2455397
1725353399.2462392
1725353399.2634697
1725353399.2642255
1725353399.2657752
1725353399.2714021
1725353399.2738762
1725353399.302044
1725353399.3026664
1725353399.3031833
1725353399.3065846
1725353399.3303525
1725353399.3327143
1725353399.3385868
1725353399.3394878
1725353399.357681
1725353399.3593416
1725353399.360852
1725353399.3623765
1725353399.3894575
1725353399.3908536
1725353399.4249268
1725353399.426705
1725353399.4274137
1725353399.4282248
1725353399.440697
1725353399.4429286
1725353399.4782693
1725353399.4804928
1725353399.4815898
1725353399.4852884
1725353399.4868631
1725353399.567044
1725353399.5686977
1725353399.6130717
1725353399.6367524
1725353399.6642976
1725353399.6648014
1725353399.6653795
1725353399.6662834
1725353399.6699169
1725353399.7823424
1725353399.7824183
1725353399.797281
1725353399.7980042
1725353399.8127654
1725353399.8685296
1725353399.8697138
1725353399.8723292
1725353399.9208992
1725353399.9240708
1725353399.925283
1725353399.9350333
1725353399.9564266
1725353399.9646475
1725353399.9791005
1725353399.9799852
1725353400.0178728
1725353400.021491
1725353400.022634
1725353400.0499883
1725353400.0511382
1725353400.0524983
1725353400.0538428
1725353400.0576155
1725353400.0583282
1725353400.0612056
1725353400.095411
1725353400.1201756
1725353400.1228628
1725353400.123706
1725353400.1251018
1725353400.1305876
1725353400.1405418
1725353400.1411002
1725353400.14224
1725353400.147834
1725353400.170929
1725353400.1716995
1725353400.1941624
1725353400.2406898
1725353400.242183
1725353400.2439218
1725353400.245793
1725353400.269287
1725353400.2703233
1725353400.272971
1725353400.29255
1725353400.2941062
1725353400.2949572
1725353400.2972794
1725353400.3275912
1725353400.3299844
1725353400.330966
1725353400.331907
1725353400.4127512
1725353400.4135711
1725353400.414786
1725353400.4221244
1725353400.4661045
1725353400.467139
1725353400.5538244
1725353400.5545716
1725353400.5557928
1725353400.5570989
1725353400.5593185
1725353400.6199567
1725353400.621772
1725353400.655346
1725353400.6568313
1725353400.6589622
1725353400.6600199
1725353400.6649656
1725353400.6770613
1725353400.6789627
1725353400.6818986
1725353400.6832001
1725353400.772747
1725353400.7740047
1725353400.7748997
1725353400.8082173
1725353400.811559
1725353400.8505452
1725353400.8532403
1725353400.8538356
1725353400.8599095
1725353400.8782454
1725353400.8789892
1725353400.882443
1725353400.8846436
1725353400.886318
1725353400.9210916
1725353400.9221845
1725353400.9232445
1725353400.9270766
1725353400.945298
1725353400.9480786
1725353400.9486635
1725353400.9570346
1725353400.9575953
1725353400.9768128
1725353400.979037
1725353400.980078
1725353400.9811814
1725353401.0131483
1725353401.0145304
1725353401.0168588
1725353401.0189111
1725353401.0703118
1725353401.072518
1725353401.0739496
1725353401.0747888
1725353401.0954163
1725353401.096926
1725353401.0982347
1725353401.1585062
1725353401.1598244
1725353401.1818986
1725353401.1831574
1725353401.1841943
1725353401.1862202
1725353401.1886463
1725353401.259302
1725353401.3358107
1725353401.355115
1725353401.4005108
1725353401.4031518
1725353401.4045286
1725353401.4407046
1725353401.4418983
1725353401.442953
1725353401.4450204
1725353401.4465988
1725353401.4627225
1725353401.463038
1725353401.4716923
1725353401.4739757
1725353401.485159
1725353401.5008433
1725353401.514144
1725353401.516808
1725353401.67259
1725353401.6741858
1725353401.675347
1725353401.7284956
1725353401.7302449
1725353401.7536435
1725353401.7548344
1725353401.7559507
1725353401.7671301
1725353401.7690778
1725353401.7693634
1725353401.770374
1725353401.86922
1725353401.8706586
1725353401.871773
1725353401.8820868
1725353401.8831308
1725353401.883931
1725353401.89089
1725353401.9037151
1725353401.910623
1725353401.9135334
1725353401.9366353
1725353401.937345
1725353401.9387624
1725353401.9489748
1725353401.950439
1725353401.9589608
1725353401.9598322
1725353401.9822834
1725353401.9836626
1725353401.985876
1725353401.9934494
1725353401.9937322
1725353401.994607
1725353402.0048018
1725353402.0277054
1725353402.028525
1725353402.034251
1725353402.0352826
1725353402.1220448
1725353402.124331
1725353402.1831553
1725353402.1854513
1725353402.1865296
1725353402.2167904
1725353402.217878
1725353402.2185555
1725353402.2524848
1725353402.2530384
1725353402.254336
1725353402.261657
1725353402.2622814
1725353402.2998476
1725353402.3096395
1725353402.3117042
1725353402.3123116
1725353402.3411784
1725353402.3419065
1725353402.343832
1725353402.360648
1725353402.3611734
1725353402.3620698
1725353402.383705
1725353402.3852682
1725353402.3857045
1725353402.4171708
1725353402.4188018
1725353402.4297342
1725353402.4316561
1725353402.4579103
1725353402.4588537
1725353402.4727533
1725353402.473851
1725353402.4748797
1725353402.4769044
1725353402.4818823
1725353402.597826
1725353402.598625
1725353402.6006522
1725353402.601153
1725353402.6074216
1725353402.6081212
1725353402.6083925
1725353402.626828
1725353402.6273983
1725353402.6399112
1725353402.640812
1725353402.6440957
1725353402.6748445
1725353402.675316
1725353402.676991
1725353402.6786957
1725353402.6897461
1725353402.6917825
1725353402.7768788
1725353402.778452
1725353402.8137321
1725353402.8153226
1725353402.8170345
1725353402.874869
1725353402.8790083
1725353402.9020293
1725353402.9035742
1725353402.9066083
1725353402.9314404
1725353402.9334188
1725353402.9343019
1725353402.9467926
1725353402.9502199
1725353402.9670093
1725353402.9689302
1725353402.969626
1725353402.9717157
1725353402.9902942
1725353402.9911923
1725353402.9924598
1725353402.9928906
1725353402.9950943
1725353403.0137157
1725353403.0197423
1725353403.020413
1725353403.1538036
1725353403.1542253
1725353403.1552658
1725353403.1578097
1725353403.2127256
1725353403.2136161
1725353403.2144332
1725353403.2289658
1725353403.2294765
1725353403.2305653
1725353403.2322006
1725353403.2483811
1725353403.2519805
1725353403.2528737
1725353403.2542577
1725353403.2831337
1725353403.2841501
1725353403.2868686
1725353403.328768
1725353403.3302205
1725353403.3328633
1725353403.3335526
1725353403.3560288
1725353403.3565872
1725353403.357976
1725353403.3822563
1725353403.3823652
1725353403.3861217
1725353403.3965867
1725353403.4317374
1725353403.4318564
1725353403.435981
1725353403.436461
1725353403.4381614
1725353403.4516308
1725353403.4523687
1725353403.4534447
1725353403.4541388
1725353403.5046678
1725353403.5285895
1725353403.5309737
1725353403.5316467
1725353403.5320206
1725353403.5420165
1725353403.5542521
1725353403.5563028
1725353403.5567777
1725353403.5574043
1725353403.564151
1725353403.582465
1725353403.6026096
1725353403.629505
1725353403.6544669
1725353403.7050416
1725353403.7060032
1725353403.7062552
1725353403.74682
1725353403.9653964
1725353403.9661255
1725353403.96693
1725353403.9683123
1725353403.9697978
1725353403.9699817
1725353403.9701474
1725353403.9706237
1725353403.9724295
1725353403.9728642
1725353403.9730184
1725353403.985513
1725353403.985651
1725353403.997707
1725353404.0358286
1725353404.0378275
1725353404.0546186
1725353404.0594296
1725353404.1373334
1725353404.139754
1725353404.152765
1725353404.153489
1725353404.2020404
1725353404.2031944
1725353404.2137349
1725353404.2254837
1725353404.2594745
1725353404.3305635
1725353404.3309593
1725353404.3317392
1725353404.3721945
1725353404.3747609
1725353404.425758
1725353404.427645
1725353404.525273
1725353404.527232
1725353404.527851
1725353404.5291796
1725353404.5618825
1725353404.5630498
1725353404.5636172
1725353404.5792625
1725353404.6000166
1725353404.655822
1725353404.6562288
1725353404.6626022
1725353404.6627016
1725353404.7135723
1725353404.714532
1725353404.7159626
1725353404.747059
1725353404.7538064
1725353404.7941422
1725353404.794532
1725353404.8286734
1725353404.843854
1725353404.8565836
1725353404.8769143
1725353404.8814065
1725353404.901229
1725353404.9443862
1725353404.9471214
1725353404.9646757
1725353404.9885166
1725353405.0529096
1725353405.0541244
1725353405.0553102
1725353405.0554698
1725353405.0657587
1725353405.0999734
1725353405.1002078
1725353405.2489853
1725353405.2798965
1725353405.2802978
1725353405.2811396
1725353405.299475
1725353405.2997656
1725353405.300273
1725353405.3021207
1725353405.338916
1725353405.3407705
1725353405.3410203
1725353405.3415632
1725353405.3843582
1725353405.3848352
1725353405.4588027
1725353405.459634
1725353405.4598153
1725353405.4600143
1725353405.502469
1725353405.5565073
1725353405.5567467
1725353405.556949
1725353405.577906
1725353405.6119745
1725353405.6399772
1725353405.7053993
1725353405.7064297
1725353405.7064965
1725353405.7081916
1725353405.7463713
1725353405.7480743
1725353405.748392
1725353405.808744
1725353405.8218863
1725353405.8782458
1725353405.879044
1725353405.879105
1725353405.880503
1725353406.082617
1725353406.0844548
1725353406.0881727
1725353406.0895185
1725353406.0911834
1725353406.0938585
1725353406.0960712
1725353406.0963607
1725353406.0966237
1725353406.0973356
1725353406.0994449
1725353406.1061766
1725353406.1139297
1725353406.1434007
1725353406.1782312
1725353406.1811285
1725353406.1870697
1725353406.2273648
1725353406.2283711
1725353406.3103905
1725353406.3117552
1725353406.3127973
1725353406.313501
1725353406.3209062
1725353406.3715782
1725353406.3716323
1725353406.3915715
1725353406.4646637
1725353406.4657536
1725353406.4661446
1725353406.466182
1725353406.6437757
1725353406.6444902
1725353406.6610522
1725353406.661749
1725353406.668704
1725353406.671434
1725353406.696604
1725353406.7186716
1725353406.719228
1725353406.7546372
1725353406.7548337
1725353406.7556744
1725353406.7709653
1725353406.9756393
1725353406.9771297
1725353406.977765
1725353406.9794638
1725353406.9798336
1725353406.980166
1725353406.9804878
1725353406.99156
1725353407.0028474
1725353407.003044
1725353407.053645
1725353407.0619485
1725353407.0628493
1725353407.1248913
1725353407.1250994
1725353407.125708
1725353407.1558623
1725353407.1573877
1725353407.178672
1725353407.2359672
1725353407.2362335
1725353407.2362857
1725353407.425231
1725353407.4266722
1725353407.4294093
1725353407.435108
1725353407.4353793
1725353407.4362245
1725353407.4369643
1725353407.4525504
1725353407.4807541
1725353407.4808831
1725353407.5235848
1725353407.5558047
1725353407.5560176
1725353407.557605
1725353407.5885108
1725353407.5894961
1725353407.6170137
1725353407.6432889
1725353407.6720645
1725353407.7194936
1725353407.7202494
1725353407.720885
1725353407.762382
1725353407.787752
1725353407.8059049
1725353407.8381336
1725353407.8479338
1725353407.8817272
1725353407.8845713
1725353407.9653568
1725353407.9655774
1725353407.966748
1725353407.9669557
1725353408.0342934
1725353408.0365477
1725353408.0372374
1725353408.0374868
1725353408.0614972
1725353408.0629683
1725353408.1051638
1725353408.106206
1725353408.1375012
1725353408.1538088
1725353408.154676
1725353408.1638968
1725353408.1852517
1725353408.202861
1725353408.4925406
1725353408.5395901
1725353408.5413668
1725353408.542343
1725353408.5446434
1725353408.5467803
1725353408.5477602
1725353408.5483537
1725353408.5492446
1725353408.5504382
1725353408.5526476
1725353408.570349
1725353408.571371
1725353408.5729792
1725353408.5740933
1725353408.5746112
1725353408.575022
1725353408.5771098
1725353408.5776267
1725353408.6821177
1725353408.715626
1725353408.715808
1725353408.7170727
1725353408.7180326
1725353408.7187319
1725353408.7200696
1725353408.7614343
1725353408.7632153
1725353408.7648659
1725353408.7891977
1725353408.827077
1725353408.8275743
1725353408.9874425
1725353408.987897
1725353408.9886913
1725353408.9894562
1725353408.990058
1725353408.9916673
1725353408.9918883
1725353409.0457408
1725353409.081165
1725353409.08248
1725353409.0827415
1725353409.0944214
1725353409.1181726
1725353409.1216137
1725353409.1347544
1725353409.1432962
1725353409.3399723
1725353409.3401895
1725353409.3403955
1725353409.3406186
1725353409.3408186
1725353409.341016
1725353409.3412113
1725353409.3431804
1725353409.343591
1725353409.343845
1725353409.3459995
1725353409.5344017
1725353409.535044
1725353409.5357823
1725353409.5359814
1725353409.537082
1725353409.5382018
1725353409.5384238
1725353409.538615
1725353409.539078
1725353409.5392704
1725353409.5417824
1725353409.560425
1725353409.5906737
1725353409.5958765
1725353409.6621943
1725353409.671293
1725353409.6721473
1725353409.6854591
1725353409.6936305
1725353409.711197
1725353409.7348144
1725353409.7482464
1725353409.8110106
1725353409.8554852
1725353409.9545114
1725353409.9547493
1725353409.9564557
1725353409.9572372
1725353409.9580467
1725353409.984627
1725353409.9857688
1725353410.0136967
1725353410.174428
1725353410.1755993
1725353410.1767976
1725353410.1770031
1725353410.177201
1725353410.1773977
1725353410.1777165
1725353410.1781077
1725353410.178829
1725353410.198207
1725353410.1994958
1725353410.2196374
1725353410.4683807
1725353410.468664
1725353410.4688587
1725353410.4690583
1725353410.4692554
1725353410.4694514
1725353410.4696143
1725353410.4699252
1725353410.4700875
1725353410.4702628
1725353410.4771423
1725353410.5014524
1725353410.5103009
1725353410.867644
1725353410.8677382
1725353410.868277
1725353410.8685095
1725353410.8687718
1725353410.8719125
1725353410.8724837
1725353410.8726954
1725353410.9004142
1725353410.9024353
1725353410.9029589
1725353410.9031107
1725353410.9040675
1725353410.9366157
1725353410.9378738
1725353410.938554
1725353411.0183902
1725353411.0190332
1725353411.0194457
1725353411.0205786
1725353411.0241385
1725353411.0407977
1725353411.0422354
1725353411.0423288
1725353411.0941753
1725353411.0949862
1725353411.239928
1725353411.250494
1725353411.2513108
1725353411.2522652
1725353411.4049122
1725353411.4051514
1725353411.4052122
1725353411.4052808
1725353411.5312397
1725353411.5324187
1725353411.5327668
1725353411.5354502
1725353411.6222932
1725353411.622659
1725353411.6247137
1725353411.68882
1725353411.6907268
1725353411.6921258
1725353411.692675
1725353411.7294025
1725353411.7313101
1725353411.7996633
1725353411.8004003
1725353411.802493
1725353411.8983114
1725353411.8994186
1725353411.9002364
1725353411.9010603
1725353411.9713244
1725353412.0829837
1725353412.083581
1725353412.0859222
1725353412.0869794
1725353412.0899615
1725353412.1162276
1725353412.124237
1725353412.124959
1725353412.125459
1725353412.163955
1725353412.1644409
1725353412.1648805
1725353412.217077
1725353412.2202682
1725353412.2219234
1725353412.2242694
1725353412.3104289
1725353412.310874
1725353412.3118818
1725353412.382677
1725353412.3833308
1725353412.3945985
1725353412.3961987
1725353412.4083853
1725353412.4191153
1725353412.419897
1725353412.420733
1725353412.4211903
1725353412.5747094
1725353412.618663
1725353412.74516
1725353412.7467606
1725353412.8750393
1725353412.8898833
1725353412.8909564
1725353412.892961
1725353412.9783108
1725353412.9783864
1725353412.979312
1725353412.9817514
1725353412.9889605
1725353412.9903061
1725353412.9918098
1725353413.0127802
1725353413.0137236
1725353413.014141
1725353413.016833
1725353413.0183935
1725353413.0240726
1725353413.0249462
1725353413.026029
1725353413.0708737
1725353413.0717342
1725353413.0721219
1725353413.0741615
1725353413.0861144
1725353413.0869412
1725353413.0881662
1725353413.088805
1725353413.1833923
1725353413.1853259
1725353413.1859055
1725353413.1865056
1725353413.1870997
1725353413.1976435
1725353413.250811
1725353413.2517765
1725353413.2523303
1725353413.2528937
1725353413.3671935
1725353413.367475
1725353413.3717763
1725353413.442746
1725353413.4437387
1725353413.443824
1725353413.443934
1725353413.4453259
1725353413.5113204
1725353413.533188
1725353413.5957496
1725353413.598775
1725353413.5994534
1725353413.6002147
1725353413.6463318
1725353413.6486552
1725353413.6490417
1725353413.6494594
1725353413.731559
1725353413.731648
1725353413.7317152
1725353413.73178
1725353413.7788937
1725353413.7876375
1725353413.92979
1725353413.930041
1725353413.9302843
1725353413.9305606
1725353413.9673152
1725353413.9678047
1725353413.968633
1725353414.04091
1725353414.0420854
1725353414.0448136
1725353414.129539
1725353414.1304066
1725353414.132471
1725353414.1329749
1725353414.1740472
1725353414.1743593
1725353414.1747494
1725353414.1766615
1725353414.1768434
1725353414.2572021
1725353414.257592
1725353414.2579398
1725353414.2918134
1725353414.2931578
1725353414.352983
1725353414.3539765
1725353414.354925
1725353414.456024
1725353414.4563012
1725353414.45709
1725353414.457925
1725353414.4758856
1725353414.645032
1725353414.6451252
1725353414.6480038
1725353414.6548238
1725353414.6553817
1725353414.6567006
1725353414.6570504
1725353414.7031202
1725353414.70467
1725353414.7049894
1725353414.716675
1725353414.766768
1725353414.767738
1725353414.7684267
1725353414.8342357
1725353414.8353822
1725353414.836374
1725353414.836654
1725353414.8644314
1725353414.864857
1725353414.8829775
1725353414.9479156
1725353414.9490786
1725353414.9507277
1725353414.9722211
1725353415.0119262
1725353415.0127041
1725353415.014534
1725353415.239609
1725353415.2400718
1725353415.2435808
1725353415.243962
1725353415.244591
1725353415.244759
1725353415.245136
1725353415.2945862
1725353415.2948596
1725353415.2953126
1725353415.295373
1725353415.2960722
1725353415.2961535
1725353415.2974849
1725353415.3189754
1725353415.4013155
1725353415.4019394
1725353415.4032307
1725353415.4039698
1725353415.415673
1725353415.4169588
1725353415.5753553
1725353415.6162343
1725353415.7892547
1725353415.7893066
1725353415.789355
1725353415.7894278
1725353415.7895992
1725353415.7901828
1725353415.791775
1725353415.792089
1725353415.7926946
1725353416.0055523
1725353416.006127
1725353416.007174
1725353416.0074356
1725353416.0077245
1725353416.0103743
1725353416.056637
1725353416.056871
1725353416.0570195
1725353416.058115
1725353416.0583346
1725353416.0585227
1725353416.0587673
1725353416.0595624
1725353416.1981409
1725353416.1983469
1725353416.1993594
1725353416.1994195
1725353416.1996903
1725353416.2005348
1725353416.2006962
1725353416.202006
1725353416.210835
1725353416.2112873
1725353416.2114887
1725353416.2119424
1725353416.2208683
1725353416.2341602
1725353416.283334
1725353416.2842033
1725353416.3565888
1725353416.3567886
1725353416.3573003
1725353416.357507
1725353416.3689928
1725353416.4236245
1725353416.429423
1725353416.4437668
1725353416.4830303
1725353416.483832
1725353416.4984825
1725353416.517712
1725353416.5358942
1725353416.5936227
1725353416.5938778
1725353416.593909
1725353416.6820374
1725353416.9029505
1725353416.9060028
1725353416.9182289
1725353416.919595
1725353416.9203012
1725353416.9206533
1725353416.920993
1725353416.92327
1725353416.9235349
1725353416.9290986
1725353416.9296417
1725353416.9316425
1725353416.935307
1725353416.963732
1725353416.964306
1725353417.045406
1725353417.0460382
1725353417.0466745
1725353417.0651565
1725353417.076807
1725353417.1264002
1725353417.140205
1725353417.1402576
1725353417.316635
1725353417.3168874
1725353417.317561
1725353417.317724
1725353417.3179927
1725353417.3184118
1725353417.3187797
1725353417.318913
1725353417.3194609
1725353417.3203332
1725353417.4003417
1725353417.400545
1725353417.4006922
1725353417.4011555
1725353417.401312
1725353417.4609292
1725353417.4632246
1725353417.4728737
1725353417.4894998
1725353417.7339668
1725353417.734978
1725353417.735467
1725353417.736655
1725353417.7380536
1725353417.7398949
1725353417.749235
1725353417.7493863
1725353417.752706
1725353417.764424
1725353417.7646108
1725353417.7647953
1725353417.765001
1725353417.765176
1725353418.06706
1725353418.068764
1725353418.070356
1725353418.0950296
1725353418.096353
1725353418.0966685
1725353418.175245
1725353418.1754267
1725353418.1769133
1725353418.2413604
1725353418.2418194
1725353418.2534468
1725353418.2542462
1725353418.2543476
1725353418.2885184
1725353418.2901254
1725353418.2919936
1725353418.293482
1725353418.3025842
1725353418.3037786
1725353418.3049648
1725353418.3058968
1725353418.3062701
1725353418.30831
1725353418.3165991
1725353418.382744
1725353418.3869464
1725353418.41474
1725353418.4199994
1725353418.4200974
1725353418.4616773
1725353418.555425
1725353418.5555894
1725353418.555683
1725353418.5561984
1725353418.5562696
1725353418.556358
1725353418.5602975
1725353418.6011722
1725353418.6012092
1725353418.6172962
1725353418.6414855
1725353418.6897297
1725353418.6899617
1725353418.6902313
1725353418.7070575
1725353418.7528603
1725353418.7549713
1725353418.7796679
1725353418.925287
1725353418.9253464
1725353418.9254298
1725353418.92586
1725353418.925896
1725353418.9259431
1725353418.9266737
1725353418.9268444
1725353419.0894496
1725353419.091077
1725353419.112351
1725353419.1150317
1725353419.2052696
1725353419.2061267
1725353419.2076285
1725353419.208568
1725353419.210561
1725353419.28655
1725353419.295027
1725353419.297839
1725353419.3000498
1725353419.3138323
1725353419.3144686
1725353419.358007
1725353419.3693357
1725353419.3703184
1725353419.3723264
1725353419.3785155
1725353419.4325721
1725353419.4342325
1725353419.4350584
1725353419.436877
1725353419.4726403
1725353419.5119205
1725353419.513014
1725353419.514346
1725353419.5160518
1725353419.578604
1725353419.631567
1725353419.6316762
1725353419.6318035
1725353419.6318996
1725353419.6331618
1725353419.6535463
1725353419.6547747
1725353419.693765
1725353419.7128234
1725353419.7143064
1725353419.7546482
1725353419.7547224
1725353419.78026
1725353419.8049984
1725353419.826716
1725353419.8268242
1725353419.8442836
1725353419.9074733
1725353419.9087172
1725353419.9101095
1725353420.0411773
1725353420.0414274
1725353420.0886598
1725353420.2266223
1725353420.5075462
1725353420.5136833
1725353420.5143898
1725353420.5282621
1725353420.5302262
1725353420.5328984
1725353420.5338464
1725353420.536695
1725353420.572345
1725353420.5741498
1725353420.6575947
1725353420.6582751
1725353420.6590402
1725353420.6601176
1725353420.6629717
1725353420.8292508
1725353420.829973
1725353420.8308337
1725353420.8309467
1725353420.8354056
1725353420.8358145
1725353420.8362312
1725353420.9116204
1725353420.912883
1725353420.913698
1725353420.9157944
1725353420.962006
1725353420.9633427
1725353421.0214486
1725353421.0231502
1725353421.0238535
1725353421.0250728
1725353421.025611
1725353421.0259998
1725353421.059033
1725353421.0591073
1725353421.074323
1725353421.0784748
1725353421.0842025
1725353421.1167364
1725353421.1171079
1725353421.118062
1725353421.1188343
1725353421.1581469
1725353421.1602023
1725353421.2408538
1725353421.2415411
1725353421.2415862
1725353421.2616806
1725353421.3202276
1725353421.3254476
1725353421.3255022
1725353421.3617551
1725353421.3930373
1725353421.3939176
1725353421.4147503
1725353421.45563
1725353421.4558797
1725353421.543726
1725353421.5445602
1725353421.5447562
1725353421.5455277
1725353421.546422
1725353421.5809236
1725353421.5871446
1725353421.6393046
1725353421.6395495
1725353421.6398494
1725353421.6401312
1725353421.6657085
1725353421.6724138
1725353421.693737
1725353421.8549006
1725353421.9349546
1725353421.9352987
1725353421.9360867
1725353421.9368613
1725353421.9409811
1725353421.9525783
1725353421.9936888
1725353421.9945855
1725353421.996031
1725353421.997807
1725353421.998965
1725353421.9996336
1725353422.0122478
1725353422.042746
1725353422.045652
1725353422.2015302
1725353422.2017403
1725353422.2023125
1725353422.2025363
1725353422.2692144
1725353422.3158126
1725353422.31683
1725353422.3297968
1725353422.3301036
1725353422.3305774
1725353422.3965054
1725353422.4076366
1725353422.4402597
1725353422.4459229
1725353422.4705045
1725353422.486544
1725353422.4887898
1725353422.4895482
1725353422.4907866
1725353422.4935975
1725353422.593684
1725353422.593949
1725353422.5949585
1725353422.5952332
1725353422.5957947
1725353422.5966527
1725353422.5975351
1725353422.6116
1725353422.612484
1725353422.6332242
1725353422.7089386
1725353422.7097385
1725353422.7102702
1725353422.7105489
1725353422.793031
1725353422.7932613
1725353422.793843
1725353422.7948148
1725353422.7951348
1725353422.8129292
1725353422.829038
1725353422.837377
1725353422.862083
1725353422.8882573
1725353422.890371
1725353422.924071
1725353422.9242666
1725353422.9716353
1725353422.9721067
1725353422.9723744
1725353423.0088618
1725353423.0108926
1725353423.042695
1725353423.10015
1725353423.100636
1725353423.1009462
1725353423.1016655
1725353423.1023922
1725353423.1215348
1725353423.1574144
1725353423.1731067
1725353423.1952717
1725353423.2351863
1725353423.2361343
1725353423.237271
1725353423.3167584
1725353423.317204
1725353423.3175242
1725353423.3390017
1725353423.3563318
1725353423.3622713
1725353423.3786893
1725353423.4198647
1725353423.4796987
1725353423.5041738
1725353423.5638123
1725353423.5641375
1725353423.5657458
1725353423.5667744
1725353423.6184108
1725353423.6185067
1725353423.6199608
1725353423.6661398
1725353423.6663358
1725353423.674864
1725353423.6995444
1725353423.7004855
1725353423.7755475
1725353423.7758179
1725353423.7763278
1725353423.8185515
1725353423.826509
1725353423.8716156
1725353423.8716657
1725353423.87175
1725353423.8876278
1725353423.9355755
1725353423.9357047
1725353423.9537838
1725353423.9740582
1725353423.99927
1725353424.0020623
1725353424.0310109
1725353424.0364063
1725353424.0516992
1725353424.0873861
1725353424.0880332
1725353424.113522
1725353424.1226406
1725353424.142943
1725353424.1865835
1725353424.186807
1725353424.2337408
1725353424.258483
1725353424.259199
1725353424.2597635
1725353424.281483
1725353424.2842958
1725353424.302255
1725353424.3306832
1725353424.3316007
1725353424.356139
1725353424.3957644
1725353424.4234724
1725353424.45573
1725353424.4559617
1725353424.5145736
1725353424.514786
1725353424.51599
1725353424.55715
1725353424.6646721
1725353424.6651533
1725353424.6652408
1725353424.6672623
1725353424.668932
1725353424.69156
1725353424.691812
1725353424.8355606
1725353424.8362548
1725353424.8364153
1725353424.8376002
1725353424.8376384
1725353424.8512638
1725353424.8586955
1725353424.8738852
1725353424.9003108
1725353424.9454365
1725353424.9456224
1725353424.9462712
1725353425.0132537
1725353425.0139494
1725353425.014133
1725353425.0145042
1725353425.040319
1725353425.0477417
1725353425.0784056
1725353425.0832283
1725353425.125238
1725353425.1417022
1725353425.1573725
1725353425.1810725
1725353425.1812165
1725353425.1985044
1725353425.2410145
1725353425.241662
1725353425.2750468
1725353425.2821922
1725353425.3097274
1725353425.3109474
1725353425.3980062
1725353425.3984473
1725353425.39865
1725353425.399245
1725353425.399417
1725353425.404266
1725353425.4862485
1725353425.4863758
1725353425.487093
1725353425.5016918
1725353425.5126781
1725353425.5752673
1725353425.5754156
1725353425.5761468
1725353425.577667
1725353425.6199617
1725353425.6368954
1725353425.650209
1725353425.669414
1725353425.694255
1725353425.7260635
1725353425.7451055
1725353425.7461545
1725353425.807484
1725353425.821815
1725353425.875028
1725353425.8751686
1725353425.8760068
1725353425.876149
1725353425.9479167
1725353425.9480174
1725353425.9523423
1725353425.9645896
1725353425.9797957
1725353425.9944754
1725353426.0288005
1725353426.0298088
1725353426.0481606
1725353426.0822265
1725353426.0914447
1725353426.1344178
1725353426.1357138
1725353426.1723852
1725353426.1769173
1725353426.17737
1725353426.193174
1725353426.2687407
1725353426.269376
1725353426.2708993
1725353426.2718089
1725353426.298403
1725353426.300212
1725353426.3181312
1725353426.3266258
1725353426.37566
1725353426.3765957
1725353426.4026263
1725353426.4027257
1725353426.4115093
1725353426.4812326
1725353426.481305
1725353426.4814148
1725353426.4815314
1725353426.6712809
1725353426.6737447
1725353426.678773
1725353426.6919508
1725353426.692607
1725353426.6931276
1725353426.6952546
1725353426.6966147
1725353426.7154734
1725353426.719539
1725353426.7195563
1725353426.7419178
1725353426.7758129
1725353426.8332436
1725353426.8871887
1725353426.9880037
1725353426.9888086
1725353426.9890397
1725353426.9896226
1725353426.9899404
1725353426.995094
1725353427.0072572
1725353427.0083003
1725353427.042505
1725353427.050061
1725353427.0629535
1725353427.0936258
1725353427.0953896
1725353427.1161928
1725353427.1577342
1725353427.185086
1725353427.1947052
1725353427.2060306
1725353427.2297835
1725353427.2655215
1725353427.2664883
1725353427.276565
1725353427.319449
1725353427.3353539
1725353427.3445544
1725353427.358888
1725353427.386168
1725353427.407591
1725353427.4102192
1725353427.4259136
1725353427.4498425
1725353427.4688537
1725353427.4988284
1725353427.5056853
1725353427.5190828
1725353427.5268836
1725353427.5523088
1725353427.6006188
1725353427.6559045
1725353427.6762524
1725353427.6770964
1725353427.6879954
1725353427.6889994
1725353427.6903875
1725353427.7015445
1725353427.723928
1725353427.7285964
1725353427.7724988
1725353427.7950542
1725353427.80857
1725353427.872142
1725353427.9027638
1725353427.9042432
1725353427.9191315
1725353427.92034
1725353427.9657598
1725353427.967139
1725353427.9691205
1725353427.988144
1725353428.0214221
1725353428.082757
1725353428.0842488
1725353428.0888298
1725353428.117365
1725353428.14852
1725353428.1499372
1725353428.1995811
1725353428.2011855
1725353428.2215676
1725353428.2319546
1725353428.2465563
1725353428.2695727
1725353428.2842166
1725353428.2994938
1725353428.3254652
1725353428.3297849
1725353428.3473015
1725353428.3693562
1725353428.3984144
1725353428.401162
1725353428.4296875
1725353428.453557
1725353428.4846117
1725353428.5418758
1725353428.5441217
1725353428.5451155
1725353428.545291
1725353428.5653284
1725353428.577627
1725353428.6230443
1725353428.624836
1725353428.6500406
1725353428.6664538
1725353428.6734874
1725353428.7364933
1725353428.7384071
1725353428.7408793
1725353428.7684867
1725353428.769785
1725353428.7756245
1725353428.8031995
1725353428.8045805
1725353428.8189373
1725353428.8570418
1725353428.9104192
1725353428.9112046
1725353428.9184628
1725353428.9190764
1725353428.9368265
1725353428.9527907
1725353428.9853556
1725353429.0031097
1725353429.0279398
1725353429.065013
1725353429.0856974
1725353429.094785
1725353429.1062145
1725353429.1293828
1725353429.1674774
1725353429.1785724
1725353429.2014987
1725353429.2136118
1725353429.2272742
1725353429.2380188
1725353429.2868087
1725353429.3225222
1725353429.3333004
1725353429.3444412
1725353429.3453896
1725353429.3587468
1725353429.3788157
1725353429.3966615
1725353429.4100053
1725353429.4515817
1725353429.476854
1725353429.4775429
1725353429.4965513
1725353429.5120628
1725353429.532916
1725353429.5453768
1725353429.5578961
1725353429.5949483
1725353429.615339
1725353429.6340535
1725353429.645915
1725353429.6490633
1725353429.6649227
1725353429.6792586
1725353429.7078614
1725353429.7201118
1725353429.7325227
1725353429.7540448
1725353429.7680168
1725353429.8186765
1725353429.8192255
1725353429.8333166
1725353429.8447864
1725353429.8491268
1725353429.8734572
1725353429.9101
1725353429.9541326
1725353429.9563532
1725353429.9587262
1725353429.9853723
1725353429.987708
1725353430.009694
1725353430.0228941
1725353430.2867408
1725353430.2868013
1725353430.286925
1725353430.2872806
1725353430.2936475
1725353430.2968254
1725353430.333729
1725353430.338178
1725353430.3609753
1725353430.3615074
1725353430.3639143
1725353430.3652468
1725353430.4448955
1725353430.44685
1725353430.4480321
1725353430.449925
1725353430.4608226
1725353430.462156
1725353430.4631367
1725353430.5045433
1725353430.5424426
1725353430.5607016
1725353430.5675159
1725353430.5734856
1725353430.5937092
1725353430.6224706
1725353430.630435
1725353430.6856565
1725353430.6880975
1725353430.7035186
1725353430.7326558
1725353430.7349699
1725353430.7556193
1725353430.7762918
1725353430.781609
1725353430.8007877
1725353430.8267598
1725353430.8426514
1725353430.860358
1725353430.8760235
1725353430.890726
1725353430.9036467
1725353431.0871556
1725353431.1567492
1725353431.180375
1725353431.1827676
1725353431.1868098
1725353431.1876326
1725353431.1878593
1725353431.1898553
1725353431.2457736
1725353431.2483582
1725353431.248771
1725353431.3179646
1725353431.3186052
1725353431.318989
1725353431.3220434
1725353431.3243494
1725353431.325966
1725353431.34623
1725353431.3464332
1725353431.3554223
1725353431.3567107
1725353431.3834863
1725353431.418293
1725353431.4762783
1725353431.478308
1725353431.4870336
1725353431.4941866
1725353431.5085084
1725353431.6847231
1725353431.6851685
1725353431.6866157
1725353431.6898966
1725353431.7231498
1725353431.7260177
1725353431.7282245
1725353431.7538123
1725353431.7545648
1725353431.7552075
1725353431.756203
1725353431.7641196
1725353431.7643287
1725353431.7659009
1725353432.2445369
1725353432.2464802
1725353432.248563
1725353432.3182995
1725353432.3252988
1725353432.3275874
1725353432.3292136
1725353432.330575
1725353432.33141
1725353432.336689
1725353432.4716454
1725353432.471729
1725353432.4718037
1725353432.4906783
1725353432.4930303
1725353432.5036757
1725353432.5264685
1725353432.5582519
1725353432.6063502
1725353432.6077883
1725353432.6081448
1725353432.624411
1725353432.6315987
1725353432.6910927
1725353432.7294261
1725353432.7317736
1725353432.7338033
1725353432.7407298
1725353432.7630908
1725353432.782565
1725353432.7926016
1725353432.8041868
1725353432.838131
1725353432.8521342
1725353432.8759937
1725353432.8827174
1725353432.909416
1725353432.919744
1725353432.9419403
1725353432.9518828
1725353432.9941726
1725353433.0024123
1725353433.0033658
1725353433.0221677
1725353433.0430832
1725353433.0514946
1725353433.0684443
1725353433.0880635
1725353433.105746
1725353433.130862
1725353433.141604
1725353433.1576562
1725353433.198129
1725353433.2000315
1725353433.207361
1725353433.2223186
1725353433.235792
1725353433.2624598
1725353433.305996
1725353433.3381202
1725353433.3391535
1725353433.3647149
1725353433.366475
1725353433.370355
1725353433.3910635
1725353433.4266548
1725353433.4605994
1725353433.4622798
1725353433.6117916
1725353433.6830218
1725353433.6830702
1725353433.6858447
1725353433.7327952
1725353433.7469492
1725353433.748202
1725353433.7663631
1725353433.766898
1725353433.7675252
1725353433.7690763
1725353433.798835
1725353433.80017
1725353433.8187785
1725353433.844274
1725353433.8492658
1725353433.9419293
1725353433.9738245
1725353433.9778438
1725353433.990997
1725353434.0065823
1725353434.0271375
1725353434.058214
1725353434.0714328
1725353434.2577255
1725353434.2611666
1725353434.2617402
1725353434.2625577
1725353434.2654119
1725353434.2663414
1725353434.3548687
1725353434.355526
1725353434.3561645
1725353434.3566694
1725353434.4320664
1725353434.4321547
1725353434.4997118
1725353434.5027978
1725353434.504266
1725353434.5291915
1725353434.530185
1725353434.5345407
1725353434.535065
1725353434.5431945
1725353434.5443451
1725353434.5469384
1725353434.6224365
1725353434.6240354
1725353434.624146
1725353434.62489
1725353434.66471
1725353434.6652238
1725353434.6838908
1725353434.6846836
1725353434.6956582
1725353434.719024
1725353434.7206368
1725353434.728418
1725353434.776721
1725353434.9909074
1725353434.9935794
1725353434.9966166
1725353435.0879984
1725353435.0892982
1725353435.0912335
1725353435.092963
1725353435.0942526
1725353435.0966518
1725353435.104759
1725353435.1064255
1725353435.192871
1725353435.2099586
1725353435.2114742
1725353435.2128942
1725353435.2151527
1725353435.2571068
1725353435.2584908
1725353435.2607868
1725353435.2704382
1725353435.2712524
1725353435.3472815
1725353435.349617
1725353435.372111
1725353435.3804657
1725353435.469576
1725353435.4836245
1725353435.4845407
1725353435.4866545
1725353435.4881892
1725353435.6427624
1725353435.6453063
1725353435.6467967
1725353435.6892061
1725353435.7590837
1725353435.7604914
1725353435.766462
1725353435.8081048
1725353435.8105328
1725353435.8135026
1725353435.8540921
1725353435.8546464
1725353435.8559856
1725353435.8955958
1725353435.897037
1725353435.8984492
1725353435.924757
1725353435.9917147
1725353435.9967964
1725353436.061744
1725353436.0687416
1725353436.0871847
1725353436.089047
1725353436.0927162
1725353436.0967417
1725353436.0974185
1725353436.0992184
1725353436.1008837
1725353436.1199818
1725353436.1381545
1725353436.1402154
1725353436.1951792
1725353436.1961544
1725353436.1981857
1725353436.537243
1725353436.5385919
1725353436.5410516
1725353436.542267
1725353436.5464456
1725353436.5502393
1725353436.5521443
1725353436.596928
1725353436.5993278
1725353436.6298745
1725353436.6348665
1725353436.6356359
1725353436.6367779
1725353436.637197
1725353436.6561651
1725353436.6578612
1725353436.7259374
1725353436.7264605
1725353436.7355616
1725353436.7356322
1725353436.7357
1725353436.7516437
1725353436.7517147
1725353436.8202813
1725353436.821103
1725353436.8219392
1725353436.82431
1725353436.8937523
1725353436.9030995
1725353436.9112055
1725353436.9123006
1725353436.9123967
1725353436.9136016
1725353437.0531268
1725353437.1504235
1725353437.1715488
1725353437.2034292
1725353437.2056413
1725353437.213186
1725353437.2413538
1725353437.242707
1725353437.243509
1725353437.2457316
1725353437.261586
1725353437.2637246
1725353437.2929733
1725353437.3001175
1725353437.301456
1725353437.3065145
1725353437.4164126
1725353437.4243906
1725353437.425293
1725353437.4260924
1725353437.4269645
1725353437.4286692
1725353437.4481316
1725353437.448653
1725353437.4645815
1725353437.6250443
1725353437.7275732
1725353437.7294075
1725353437.7308238
1725353437.731765
1725353437.7401507
1725353437.7407062
1725353437.7759502
1725353437.7767885
1725353437.7775407
1725353437.7804487
1725353437.7814286
1725353437.9413872
1725353438.6558564
1725353438.7571626
1725353438.7573252
1725353438.7642052
1725353438.7657735
1725353438.828831
1725353438.8302753
1725353438.8345819
1725353438.8350365
1725353438.8359804
1725353438.8442485
1725353438.8451247
1725353439.028218
1725353439.0311432
1725353439.0320244
1725353439.033887
1725353439.0385327
1725353439.5214427
1725353439.8957891
1725353439.8981218
1725353440.4388585
1725353440.4412742
1725353440.443386
1725353440.5894942
1725353440.5911791
1725353440.829036
1725353440.829901
1725353440.8408957
1725353440.8440514
1725353440.8877988
1725353440.9148958
1725353440.9713454
1725353441.1874897
1725353441.1904967
1725353441.225772
1725353441.227261
1725353441.2605388
1725353441.2619247
1725353441.265601
1725353441.413814
1725353441.4940832
1725353441.4945905
1725353441.4963255
1725353441.5015702
1725353441.5176017
1725353441.544795
1725353441.548834
1725353441.550774
1725353441.551162
1725353441.6143272
1725353441.615739
1725353441.6168373
1725353441.6177402
1725353441.6349065
1725353441.6723359
1725353441.6793704
1725353441.681397
1725353441.706064
1725353441.7065313
1725353441.7070076
1725353441.7190914
1725353441.7831588
1725353441.7878237
1725353441.835146
1725353441.8363893
1725353441.8370092
1725353441.8392055
1725353441.9062
1725353441.920307
1725353441.9719605
1725353441.9722762
1725353441.973694
1725353441.9748077
1725353441.978245
1725353441.9948227
1725353442.0601454
1725353442.0731282
1725353442.0772684
1725353442.1387093
1725353442.1412559
1725353442.1428537
1725353442.1717603
1725353442.2209203
1725353442.2250752
1725353442.2352495
1725353442.2373939
1725353442.253539
1725353442.2544732
1725353442.2571623
1725353442.3218343
1725353442.3575323
1725353442.4073625
1725353442.407947
1725353442.4148152
1725353442.4163663
1725353442.4175856
1725353442.4191077
1725353442.4814336
1725353442.4823477
1725353442.4833848
1725353442.4858317
1725353442.7577825
1725353442.9648101
1725353442.9976077
1725353443.0316105
1725353443.0354009
1725353443.1646817
1725353443.7426755
1725353443.7444005
1725353443.9952664
1725353444.3327887
1725353444.3328528
1725353444.332879
1725353444.3329084
1725353445.1670125
1725353445.5973477
1725353445.5992131
1725353445.9040496
1725353446.3834622
1725353446.3860266
1725353446.3884504
1725353446.4019303
1725353446.4853227
1725353446.486206
1725353446.4890192
1725353446.5546505
1725353446.7580526
1725353446.7596114
1725353446.761148
1725353446.762669
1725353447.0747814
1725353447.090234
1725353447.3817766
1725353447.3824844
1725353447.7779598
1725353447.7784598
1725353447.7796404
1725353447.7813435
1725353447.8013687
1725353447.8437843
1725353447.8467941
1725353447.846903
1725353448.0638516
1725353448.0660636
1725353448.3950074
1725353448.4946868
1725353448.494821
1725353448.495587
1725353448.4970899
1725353448.4979322
1725353448.5613954
1725353448.5816967
1725353448.631378
1725353448.7467315
1725353448.7495422
1725353448.7527668
1725353448.7613657
1725353448.7641673
1725353448.765422
1725353449.4710705
1725353449.471899
1725353449.4732108
1725353449.706
1725353449.7075903
1725353449.7111897
1725353449.7154064
1725353449.7170024
1725353449.7232208
1725353449.7248902
1725353449.8864448
1725353449.8876562
1725353449.8893385
1725353449.8902335
1725353449.9424853
1725353449.9938078
1725353449.99516
1725353449.99699
1725353450.7536798
1725353450.7551363
1725353450.7638206
1725353450.7811348
1725353450.7826452
1725353451.432288
1725353451.432979
1725353451.58343
1725353452.3300455
1725353452.7654335
1725353452.7687607
1725353453.0686774
1725353453.070188
1725353453.2667706
1725353453.2677286
1725353453.2877834
1725353453.2898111
1725353453.3372667
1725353453.340705
1725353453.3428783
1725353453.376411
1725353453.4595916
1725353453.4606903
1725353453.4623177
1725353453.5469227
1725353453.5533755
1725353453.6736007
1725353455.0400264
1725353455.3682718
1725353455.3684578
1725353455.572015
1725353455.5745053
