2024-09-03 16:18:14
../stream-replay/logs/stuttering-6207.txt
1725351332.4135978
1725351332.4149446
1725351332.444338
1725351332.4466796
1725351332.4543674
1725351332.4649472
1725351332.4734962
1725351332.4938583
1725351332.517344
1725351332.5760772
1725351332.5773687
1725351332.5791097
1725351332.580138
1725351332.6304283
1725351332.6308963
1725351332.631369
1725351332.6486747
1725351332.7034883
1725351332.70432
1725351332.7055671
1725351332.7254126
1725351332.725875
1725351332.74288
1725351332.7553687
1725351332.7721367
1725351332.8229496
1725351332.8244448
1725351332.8477135
1725351332.8533235
1725351332.8994293
1725351332.8999875
1725351332.9009726
1725351332.9234085
1725351333.0409405
1725351333.0808074
1725351333.0820675
1725351333.0820866
1725351333.0826538
1725351333.082739
1725351333.1127
1725351333.1617563
1725351333.1726766
1725351333.1741388
1725351333.2261548
1725351333.2263837
1725351333.2676227
1725351333.2686987
1725351333.2698598
1725351333.3221467
1725351333.322435
1725351333.3346741
1725351333.3352377
1725351333.3399096
1725351333.383022
1725351333.384094
1725351333.4127002
1725351333.463108
1725351333.4742038
1725351333.4743638
1725351333.4915738
1725351333.5224633
1725351333.5233958
1725351333.57062
1725351333.5732346
1725351333.5878625
1725351333.605829
1725351333.6364717
1725351333.6380618
1725351333.6547842
1725351333.7036827
1725351333.704679
1725351333.7058399
1725351333.7688234
1725351333.770314
1725351333.7722423
1725351333.794043
1725351333.7950978
1725351333.8078644
1725351333.8740163
1725351333.8839734
1725351333.8847873
1725351333.9226117
1725351333.923836
1725351333.9249706
1725351333.938788
1725351333.9707673
1725351333.9716983
1725351333.9850929
1725351334.0296166
1725351334.055233
1725351334.0764654
1725351334.084264
1725351334.101409
1725351334.146456
1725351334.1491091
1725351334.162346
1725351334.1993265
1725351334.201091
1725351334.227012
1725351334.2509148
1725351334.2817988
1725351334.3130112
1725351334.3150685
1725351334.4075089
1725351334.4089546
1725351334.4279091
1725351334.429777
1725351334.5656128
1725351334.566954
1725351334.5679715
1725351334.6009388
1725351334.6019754
1725351334.6441965
1725351334.64487
1725351334.6527448
1725351334.6551638
1725351334.6572921
1725351334.6822572
1725351334.6825356
1725351334.6830065
1725351334.690299
1725351334.691298
1725351334.708402
1725351334.709136
1725351334.7323267
1725351334.760254
1725351334.7611225
1725351334.793272
1725351334.8075304
1725351334.839618
1725351334.8415332
1725351335.0015132
1725351335.0016124
1725351335.0321276
1725351335.0328531
1725351335.0334134
1725351335.0421233
1725351335.0431361
1725351335.0621088
1725351335.0632257
1725351335.0639677
1725351335.0968537
1725351335.0983174
1725351335.0996783
1725351335.1235037
1725351335.146182
1725351335.154664
1725351335.1756065
1725351335.2108958
1725351335.21193
1725351335.241358
1725351335.2732422
1725351335.2744322
1725351335.3185718
1725351335.334467
1725351335.3348746
1725351335.377906
1725351335.3791668
1725351335.42078
1725351335.4742358
1725351335.474615
1725351335.4754813
1725351335.4762166
1725351335.496165
1725351335.5260034
1725351335.5881486
1725351335.6164823
1725351335.6176903
1725351335.6188054
1725351335.6270552
1725351335.629237
1725351335.6588848
1725351335.6600175
1725351335.719416
1725351335.721108
1725351335.723894
1725351335.7554762
1725351335.756529
1725351335.7652543
1725351335.7984684
1725351335.799526
1725351335.8167617
1725351335.8702326
1725351335.8714516
1725351335.8722131
1725351335.899431
1725351335.900349
1725351335.937763
1725351335.9385703
1725351335.9635637
1725351335.9891353
1725351335.9964685
1725351336.0169458
1725351336.0881531
1725351336.0892916
1725351336.090346
1725351336.1403384
1725351336.1412342
1725351336.1426451
1725351336.154119
1725351336.1747699
1725351336.1909459
1725351336.2046275
1725351336.2408803
1725351336.2422838
1725351336.2517626
1725351336.3228028
1725351336.3243558
1725351336.3244147
1725351336.3428242
1725351336.3651407
1725351336.4154897
1725351336.4301424
1725351336.5292532
1725351336.5303526
1725351336.5876935
1725351336.5884373
1725351336.58985
1725351336.5937283
1725351336.5945568
1725351336.5956101
1725351336.5966318
1725351336.6364472
1725351336.638001
1725351336.6512167
1725351336.6590223
1725351336.6912081
1725351336.7091227
1725351336.7434683
1725351336.762392
1725351336.777861
1725351336.792956
1725351336.8091457
1725351336.8445828
1725351336.845867
1725351336.9829447
1725351336.984856
1725351336.9865746
1725351336.991367
1725351336.9920878
1725351336.9927385
1725351337.0110848
1725351337.0119038
1725351337.013599
1725351337.0369978
1725351337.061886
1725351337.0632043
1725351337.1633363
1725351337.1644826
1725351337.1655068
1725351337.1997998
1725351337.2371128
1725351337.2375443
1725351337.2376807
1725351337.247765
1725351337.282417
1725351337.2825334
1725351337.2834911
1725351337.311754
1725351337.3325336
1725351337.3590887
1725351337.3741834
1725351337.3955863
1725351337.4074028
1725351337.521075
1725351337.523016
1725351337.5460675
1725351337.5480406
1725351337.5718884
1725351337.5728652
1725351337.5735831
1725351337.5808642
1725351337.611215
1725351337.6247556
1725351337.6591384
1725351337.6755247
1725351337.7113435
1725351337.7115374
1725351337.7592912
1725351337.7604327
1725351337.7969327
1725351337.7988346
1725351337.8262691
1725351337.8275545
1725351337.8421662
1725351337.8568673
1725351337.8738825
1725351337.9000132
1725351337.92079
1725351337.9218824
1725351338.029266
1725351338.029588
1725351338.0465984
1725351338.0485861
1725351338.0646415
1725351338.0648017
1725351338.071213
1725351338.077543
1725351338.1089337
1725351338.1100295
1725351338.1335795
1725351338.1566553
1725351338.1569724
1725351338.2738721
1725351338.2744555
1725351338.275638
1725351338.2826695
1725351338.2837112
1725351338.289614
1725351338.2899437
1725351338.3209517
1725351338.3212295
1725351338.3737884
1725351338.3739727
1725351338.3741872
1725351338.4068182
1725351338.4461973
1725351338.4476843
1725351338.4653468
1725351338.493211
1725351338.4948986
1725351338.514304
1725351338.5336187
1725351338.5640059
1725351338.6075473
1725351338.6096575
1725351338.6361866
1725351338.6364686
1725351338.6551352
1725351338.6734622
1725351338.704473
1725351338.718321
1725351338.755046
1725351338.7551959
1725351338.7642412
1725351338.787126
1725351338.8482196
1725351338.8529978
1725351338.8663936
1725351338.8680432
1725351338.894525
1725351338.9092524
1725351338.921101
1725351339.0603068
1725351339.0605423
1725351339.0647922
1725351339.066868
1725351339.0947454
1725351339.1084473
1725351339.108902
1725351339.1111865
1725351339.112189
1725351339.1138
1725351339.119068
1725351339.1341887
1725351339.1517982
1725351339.184509
1725351339.185801
1725351339.2121828
1725351339.2500718
1725351339.251172
1725351339.268782
1725351339.286613
1725351339.3068929
1725351339.3082492
1725351339.320593
1725351339.3469322
1725351339.3635278
1725351339.4167583
1725351339.4170477
1725351339.418581
1725351339.4472034
1725351339.4600537
1725351339.5362546
1725351339.5387928
1725351339.5411725
1725351339.5420976
1725351339.552697
1725351339.639488
1725351339.6552184
1725351339.6568408
1725351339.6569307
1725351339.6570141
1725351339.6915364
1725351339.7145376
1725351339.8361752
1725351339.848871
1725351339.8566465
1725351339.8590543
1725351339.8645651
1725351339.8657434
1725351339.881341
1725351339.881879
1725351339.9174433
1725351339.9175315
1725351339.9291503
1725351339.9446507
1725351339.96674
1725351340.023401
1725351340.0245054
1725351340.0267038
1725351340.0704982
1725351340.1074562
1725351340.1079755
1725351340.1104605
1725351340.1741455
1725351340.233661
1725351340.2347028
1725351340.243347
1725351340.2465856
1725351340.2569969
1725351340.2581806
1725351340.2585027
1725351340.2868662
1725351340.29231
1725351340.3505015
1725351340.3516107
1725351340.3605602
1725351340.3614588
1725351340.3770146
1725351340.3918178
1725351340.4118526
1725351340.4460561
1725351340.4976401
1725351340.5128913
1725351340.5135906
1725351340.5147498
1725351340.545247
1725351340.546628
1725351340.5569189
1725351340.5811405
1725351340.6449437
1725351340.6460881
1725351340.6509461
1725351340.6759946
1725351340.6911023
1725351340.7066805
1725351340.723957
1725351340.7604065
1725351340.7617064
1725351340.7714815
1725351340.8154044
1725351340.8220043
1725351340.884695
1725351340.8863153
1725351340.8932703
1725351340.920501
1725351340.9705708
1725351340.971419
1725351340.9997487
1725351341.0072827
1725351341.0263903
1725351341.081888
1725351341.0829935
1725351341.1273885
1725351341.128623
1725351341.129841
1725351341.1448052
1725351341.1746142
1725351341.1757154
1725351341.1938252
1725351341.2105763
1725351341.2232559
1725351341.3427842
1725351341.3438275
1725351341.3449218
1725351341.4018974
1725351341.4038455
1725351341.407128
1725351341.4670453
1725351341.4691603
1725351341.484022
1725351341.484175
1725351341.4852042
1725351341.5114818
1725351341.5128012
1725351341.5469787
1725351341.5498207
1725351341.550891
1725351341.561116
1725351341.561684
1725351341.5722916
1725351341.590657
1725351341.666445
1725351341.667705
1725351341.6690514
1725351341.6903052
1725351341.691167
1725351341.6921687
1725351341.7216613
1725351341.7313812
1725351341.7486181
1725351341.7872772
1725351341.7888772
1725351341.8058898
1725351341.8849533
1725351341.8867395
1725351341.890603
1725351341.8923888
1725351341.9158053
1725351341.9569037
1725351341.957918
1725351341.9725587
1725351341.981813
1725351342.0305882
1725351342.0605397
1725351342.061038
1725351342.062734
1725351342.078305
1725351342.1019404
1725351342.128608
1725351342.1620512
1725351342.1835954
1725351342.1842115
1725351342.2120166
1725351342.2132401
1725351342.2291944
1725351342.2452645
1725351342.2591765
1725351342.3011825
1725351342.310353
1725351342.328781
1725351342.3417585
1725351342.3902342
1725351342.3912392
1725351342.392546
1725351342.4102569
1725351342.4286187
1725351342.4499435
1725351342.4590392
1725351342.5029082
1725351342.504045
1725351342.5175889
1725351342.5712938
1725351342.5724757
1725351342.6127622
1725351342.6156042
1725351342.6166267
1725351342.6180878
1725351342.6387599
1725351342.6459992
1725351342.6545243
1725351342.6744282
1725351342.7410524
1725351342.742072
1725351342.7499044
1725351342.7578733
1725351342.778877
1725351342.7908363
1725351342.8056977
1725351342.8226626
1725351342.8530877
1725351342.854181
1725351342.9147542
1725351342.9668896
1725351342.966938
1725351342.968461
1725351342.9685988
1725351343.0069993
1725351343.0435522
1725351343.0584433
1725351343.1018538
1725351343.1049876
1725351343.1288784
1725351343.1503615
1725351343.2204578
1725351343.2218475
1725351343.2234523
1725351343.2410965
1725351343.2428784
1725351343.2590704
1725351343.26026
1725351343.3337932
1725351343.3340435
1725351343.3364398
1725351343.4292057
1725351343.5328531
1725351343.5340505
1725351343.5348594
1725351343.5386443
1725351343.5388062
1725351343.5497186
1725351343.551308
1725351343.5654974
1725351343.5663013
1725351343.5668547
1725351343.590805
1725351343.591421
1725351343.592203
1725351343.6363182
1725351343.6381817
1725351343.6486614
1725351343.6718037
1725351343.6719792
1725351343.6916225
1725351343.778356
1725351343.7795968
1725351343.8088803
1725351343.8285735
1725351343.8300874
1725351343.830779
1725351343.8722672
1725351343.8740625
1725351343.874317
1725351343.8937368
1725351343.8957515
1725351343.947827
1725351343.9535396
1725351343.9740574
1725351343.9992802
1725351344.016014
1725351344.0686135
1725351344.0701427
1725351344.088217
1725351344.0888631
1725351344.1092227
1725351344.1238406
1725351344.136745
1725351344.155437
1725351344.2006304
1725351344.224894
1725351344.2418003
1725351344.2687128
1725351344.2910998
1725351344.3464818
1725351344.347235
1725351344.3901033
1725351344.3911448
1725351344.3916767
1725351344.404699
1725351344.4254184
1725351344.4686284
1725351344.5084414
1725351344.5104752
1725351344.511707
1725351344.5531988
1725351344.5541558
1725351344.5558288
1725351344.556112
1725351344.5824175
1725351344.6127355
1725351344.6150832
1725351344.6237683
1725351344.6408272
1725351344.7144153
1725351344.715452
1725351344.725821
1725351344.7268412
1725351344.7917783
1725351344.795096
1725351344.8128734
1725351344.8142407
1725351344.820388
1725351344.8894157
1725351344.889482
1725351344.9084573
1725351344.9090314
1725351344.9247165
1725351344.9423652
1725351344.954658
1725351344.9683836
1725351344.9824455
1725351345.0214543
1725351345.0951927
1725351345.0953052
1725351345.1139853
1725351345.1149118
1725351345.1246336
1725351345.1260238
1725351345.1624854
1725351345.1934645
1725351345.1984508
1725351345.2126298
1725351345.2943764
1725351345.2951746
1725351345.2954552
1725351345.3085802
1725351345.3195012
1725351345.3470576
1725351345.3592255
1725351345.373721
1725351345.3865047
1725351345.4126093
1725351345.4398415
1725351345.467521
1725351345.4977188
1725351345.4991963
1725351345.5005002
1725351345.5194852
1725351345.551784
1725351345.552813
1725351345.565281
1725351345.6006842
1725351345.6212769
1725351345.6305156
1725351345.656276
1725351345.7892094
1725351345.7904787
1725351345.791496
1725351345.8248444
1725351345.827304
1725351345.8716047
1725351345.8727326
1725351345.8741426
1725351345.9289665
1725351345.9295542
1725351345.930277
1725351345.931173
1725351345.9343152
1725351345.957457
1725351345.9580598
1725351345.958669
1725351345.986255
1725351345.9874992
1725351345.9885867
1725351345.9930987
1725351345.99439
1725351346.0158355
1725351346.0502653
1725351346.1748548
1725351346.1758935
1725351346.1923172
1725351346.1944215
1725351346.195245
1725351346.2042444
1725351346.2052042
1725351346.226918
1725351346.2273204
1725351346.2287447
1725351346.304483
1725351346.3046072
1725351346.3635812
1725351346.3767796
1725351346.418117
1725351346.42851
1725351346.4735422
1725351346.5122294
1725351346.513055
1725351346.5136871
1725351346.5508454
1725351346.5530453
1725351346.5542526
1725351346.5629427
1725351346.584344
1725351346.6227555
1725351346.6551316
1725351346.667927
1725351346.6977737
1725351346.6997225
1725351346.7428508
1725351346.743864
1725351346.745478
1725351346.7986262
1725351346.800597
1725351346.807694
1725351346.8245366
1725351346.8715823
1725351346.8728242
1725351346.8740857
1725351346.970184
1725351346.9711764
1725351346.9722877
1725351346.9909327
1725351346.9921424
1725351347.0046341
1725351347.006894
1725351347.0075905
1725351347.0383039
1725351347.0595806
1725351347.0932002
1725351347.1093044
1725351347.1110911
1725351347.1308997
1725351347.1367884
1725351347.1592762
1725351347.1707604
1725351347.2557707
1725351347.2568195
1725351347.292808
1725351347.294698
1725351347.2955387
1725351347.3036306
1725351347.3238616
1725351347.3500092
1725351347.3515391
1725351347.3766968
1725351347.4269962
1725351347.4274642
1725351347.4346714
1725351347.4609063
1725351347.4897087
1725351347.5333278
1725351347.5337722
1725351347.5547783
1725351347.5879407
1725351347.6269197
1725351347.627854
1725351347.6598585
1725351347.666297
1725351347.6997278
1725351347.700738
1725351347.7208846
1725351347.748089
1725351347.7561598
1725351347.7767045
1725351347.7950754
1725351347.796292
1725351347.8134823
1725351347.8380494
1725351347.865661
1725351347.8667314
1725351347.890364
1725351347.920818
1725351347.9224398
1725351347.9520235
1725351347.970857
1725351347.9821887
1725351347.9964335
1725351348.0115945
1725351348.0309656
1725351348.0636575
1725351348.0652294
1725351348.1465478
1725351348.1470342
1725351348.148397
1725351348.1537628
1725351348.181957
1725351348.1833224
1725351348.1992843
1725351348.2161515
1725351348.2709818
1725351348.272176
1725351348.2732103
1725351348.2745438
1725351348.3132725
1725351348.3509793
1725351348.3524408
1725351348.4187968
1725351348.420075
1725351348.4260983
1725351348.42744
1725351348.4472036
1725351348.4787676
1725351348.4942434
1725351348.4954345
1725351348.5262
1725351348.5365486
1725351348.5695288
1725351348.570309
1725351348.6161637
1725351348.7055664
1725351348.7100704
1725351348.7110653
1725351348.7120185
1725351348.722159
1725351348.7239158
1725351348.7423344
1725351348.7630143
1725351348.7772772
1725351348.7865248
1725351348.8195322
1725351348.8267338
1725351348.8475468
1725351348.9388494
1725351348.9408631
1725351348.9415414
1725351348.946061
1725351348.9471254
1725351348.9856515
1725351348.9868684
1725351349.0105247
1725351349.0115824
1725351349.0297458
1725351349.070407
1725351349.0717945
1725351349.0729856
1725351349.1468487
1725351349.1476786
1725351349.148671
1725351349.1562557
1725351349.1572227
1725351349.1748579
1725351349.1979535
1725351349.2061534
1725351349.2239149
1725351349.2552137
1725351349.2560327
1725351349.2935274
1725351349.2950988
1725351349.3050044
1725351349.3570583
1725351349.390146
1725351349.390475
1725351349.3915575
1725351349.4025674
1725351349.4193401
1725351349.4720535
1725351349.4737103
1725351349.515564
1725351349.5163155
1725351349.516426
1725351349.5703046
1725351349.5705693
1725351349.6111932
1725351349.6432838
1725351349.6776552
1725351349.6801364
1725351349.7123377
1725351349.72447
1725351349.7549403
1725351349.7908857
1725351349.7914624
1725351349.7919595
1725351349.8136504
1725351349.8443503
1725351349.8451817
1725351349.8466096
1725351349.8649192
1725351349.9003375
1725351349.9200652
1725351349.9572928
1725351349.9908838
1725351349.9928925
1725351350.0068252
1725351350.0309591
1725351350.0323346
1725351350.0920033
1725351350.0940087
1725351350.1092086
1725351350.110328
1725351350.1412385
1725351350.157038
1725351350.2074888
1725351350.2085083
1725351350.210771
1725351350.212155
1725351350.2723875
1725351350.2735004
1725351350.2799003
1725351350.2810175
1725351350.291536
1725351350.3142295
1725351350.3637
1725351350.367221
1725351350.4198453
1725351350.4203825
1725351350.473152
1725351350.4737794
1725351350.4753163
1725351350.4757853
1725351350.4859748
1725351350.4946487
1725351350.560982
1725351350.563055
1725351350.5997784
1725351350.6010077
1725351350.6185908
1725351350.6240282
1725351350.6590118
1725351350.6600115
1725351350.8033135
1725351350.8038905
1725351350.8065975
1725351350.807359
1725351350.822562
1725351350.836643
1725351350.8371365
1725351350.837666
1725351350.8670235
1725351350.889339
1725351350.963245
1725351350.9654212
1725351350.965999
1725351350.9676034
1725351350.982477
1725351350.9986207
1725351351.019108
1725351351.048423
1725351351.05028
1725351351.0851862
1725351351.0865612
1725351351.1250424
1725351351.1264944
1725351351.154564
1725351351.1571496
1725351351.1797519
1725351351.186282
1725351351.199947
1725351351.2192726
1725351351.2852395
1725351351.2859461
1725351351.3303633
1725351351.3312056
1725351351.3332357
1725351351.350969
1725351351.3515804
1725351351.3802416
1725351351.4060285
1725351351.4244199
1725351351.4353254
1725351351.4513643
1725351351.4623399
1725351351.477905
1725351351.5550132
1725351351.5560975
1725351351.556268
1725351351.5628831
1725351351.5662603
1725351351.6212368
1725351351.6603582
1725351351.661553
1725351351.665241
1725351351.6663635
1725351351.72541
1725351351.7277384
1725351351.7289295
1725351351.7715564
1725351351.7843904
1725351351.7862375
1725351351.8157744
1725351351.8275862
1725351351.8386524
1725351351.8733592
1725351351.9079175
1725351351.928644
1725351351.929095
1725351351.9500186
1725351351.9741342
1725351351.9752493
1725351352.0623505
1725351352.065256
1725351352.1011672
1725351352.1016712
1725351352.1022043
1725351352.1050713
1725351352.1575296
1725351352.1583529
1725351352.1595864
1725351352.1967294
1725351352.1986969
1725351352.2154968
1725351352.2172806
1725351352.24883
1725351352.259375
1725351352.2905867
1725351352.2922819
1725351352.3197386
1725351352.32106
1725351352.3334432
1725351352.353798
1725351352.3749862
1725351352.3922553
1725351352.438909
1725351352.4408035
1725351352.4421942
1725351352.4532068
1725351352.4766703
1725351352.48219
1725351352.5094278
1725351352.5285046
1725351352.5301712
1725351352.5649438
1725351352.5661495
1725351352.6004798
1725351352.6583946
1725351352.660884
1725351352.6684625
1725351352.6689913
1725351352.7381856
1725351352.7394893
1725351352.7401254
1725351352.7487059
1725351352.7785912
1725351352.7792845
1725351352.7910278
1725351352.837682
1725351352.854111
1725351352.8851955
1725351352.9580805
1725351352.9712937
1725351353.02175
1725351353.0248647
1725351353.0559978
1725351353.057841
1725351353.0595603
1725351353.0600944
1725351353.101492
1725351353.1033497
1725351353.125132
1725351353.1265538
1725351353.1282098
1725351353.1692407
1725351353.169775
1725351353.1952517
1725351353.2230394
1725351353.2360327
1725351353.2766604
1725351353.2776434
1725351353.3161457
1725351353.317175
1725351353.3236578
1725351353.3645883
1725351353.3803802
1725351353.3884614
1725351353.4097278
1725351353.489349
1725351353.4906764
1725351353.491586
1725351353.492565
1725351353.4942725
1725351353.542106
1725351353.5433462
1725351353.5518255
1725351353.5527973
1725351353.571907
1725351353.58724
1725351353.670817
1725351353.6822839
1725351353.6961582
1725351353.697666
1725351353.6984591
1725351353.7101233
1725351353.727469
1725351353.7630038
1725351353.7640893
1725351353.8925622
1725351353.9036303
1725351353.9045143
1725351353.9046762
1725351353.905559
1725351353.913288
1725351353.9184082
1725351353.9422696
1725351353.943378
1725351353.9911213
1725351353.9913194
1725351354.0052996
1725351354.02971
1725351354.083829
1725351354.0878494
1725351354.127904
1725351354.128462
1725351354.1606865
1725351354.179026
1725351354.1838832
1725351354.2161787
1725351354.2403095
1725351354.2495272
1725351354.281476
1725351354.2823234
1725351354.301976
1725351354.3442976
1725351354.34557
1725351354.3496249
1725351354.3658025
1725351354.384622
1725351354.4014683
1725351354.4134943
1725351354.4292736
1725351354.4580207
1725351354.4915426
1725351354.49276
1725351354.5309675
1725351354.5338624
1725351354.5556042
1725351354.5820062
1725351354.5828655
1725351354.5987895
1725351354.612726
1725351354.7135684
1725351354.7145417
1725351354.7216313
1725351354.7219825
1725351354.7228222
1725351354.7372396
1725351354.7626193
1725351354.7638397
1725351354.7868083
1725351354.792805
1725351354.8114457
1725351354.8330286
1725351354.8503911
1725351354.8968725
1725351354.9383497
1725351354.9390924
1725351354.9621358
1725351354.9627662
1725351354.9651306
1725351354.9870265
1725351355.0137777
1725351355.0304663
1725351355.049219
1725351355.0986588
1725351355.1053538
1725351355.12441
1725351355.1252224
1725351355.2029493
1725351355.2048166
1725351355.2192383
1725351355.2195835
1725351355.2340457
1725351355.2621264
1725351355.2793758
1725351355.3602803
1725351355.3779047
1725351355.3799236
1725351355.3906734
1725351355.391246
1725351355.392182
1725351355.4086342
1725351355.4191556
1725351355.4310389
1725351355.4668992
1725351355.491114
1725351355.5449042
1725351355.545992
1725351355.5471375
1725351355.6004837
1725351355.601793
1725351355.6030173
1725351355.6361363
1725351355.6370475
1725351355.6473136
1725351355.6481454
1725351355.7322347
1725351355.733424
1725351355.734544
1725351355.7633
1725351355.7646956
1725351355.8059843
1725351355.806184
1725351355.806938
1725351355.807205
1725351355.8192377
1725351355.8407872
1725351355.8568208
1725351355.857902
1725351355.8998268
1725351355.9417875
1725351355.9552565
1725351355.9571245
1725351355.9654484
1725351355.9878905
1725351355.9902184
1725351356.0209384
1725351356.052925
1725351356.1299815
1725351356.1389124
1725351356.1389847
1725351356.1390169
1725351356.1398647
1725351356.1931658
1725351356.2108314
1725351356.2446885
1725351356.2456903
1725351356.299068
1725351356.29968
1725351356.3348424
1725351356.3703668
1725351356.3704586
1725351356.3705807
1725351356.3712149
1725351356.3906906
1725351356.4041693
1725351356.424426
1725351356.4535973
1725351356.4546757
1725351356.5522602
1725351356.5884316
1725351356.5899956
1725351356.6435962
1725351356.6454024
1725351356.6465404
1725351356.6473386
1725351356.6490366
1725351356.6658604
1725351356.6873324
1725351356.688058
1725351356.699845
1725351356.7573361
1725351356.758524
1725351356.7597642
1725351356.7703617
1725351356.7856455
1725351356.8077145
1725351356.8245094
1725351356.8302965
1725351356.8477967
1725351356.8701563
1725351356.9489002
1725351356.98196
1725351357.0012548
1725351357.0026884
1725351357.0255067
1725351357.0263627
1725351357.0271363
1725351357.0464249
1725351357.0470266
1725351357.048267
1725351357.064392
1725351357.1384518
1725351357.1853175
1725351357.1860292
1725351357.1866145
1725351357.2370665
1725351357.2371492
1725351357.2391787
1725351357.320906
1725351357.323873
1725351357.3412936
1725351357.342504
1725351357.343494
1725351357.372297
1725351357.4177837
1725351357.4194868
1725351357.464559
1725351357.4664264
1725351357.470501
1725351357.4768043
1725351357.5120153
1725351357.6234589
1725351357.6239686
1725351357.6252007
1725351357.6288474
1725351357.6407156
1725351357.655514
1725351357.6576395
1725351357.6581814
1725351357.6707134
1725351357.671943
1725351357.6907017
1725351357.7012906
1725351357.768063
1725351357.7694378
1725351357.7787633
1725351357.7801907
1725351357.7975252
1725351357.8239017
1725351357.861137
1725351357.8617134
1725351357.8657646
1725351357.9159234
1725351357.9252524
1725351357.9258711
1725351357.9853456
1725351357.98664
1725351357.9872515
1725351358.0695937
1725351358.0706148
1725351358.0769784
1725351358.0782204
1725351358.078919
1725351358.0841873
1725351358.103301
1725351358.1261065
1725351358.1367176
1725351358.2092745
1725351358.2131314
1725351358.3212743
1725351358.32326
1725351358.363554
1725351358.3647978
1725351358.3654294
1725351358.3741686
1725351358.3947248
1725351358.3966193
1725351358.4069974
1725351358.416555
1725351358.4177513
1725351358.423902
1725351358.442825
1725351358.4691014
1725351358.4794648
1725351358.4976637
1725351358.5131505
1725351358.5424573
1725351358.5426526
1725351358.5841143
1725351358.5966702
1725351358.6617818
1725351358.6623375
1725351358.6636627
1725351358.6642725
1725351358.6853518
1725351358.7019467
1725351358.7235696
1725351358.7426555
1725351358.7614226
1725351358.7721784
1725351358.7898128
1725351358.858523
1725351358.8596478
1725351358.8607113
1725351358.866188
1725351358.876449
1725351358.920641
1725351358.9218066
1725351358.9265232
1725351358.9520683
1725351359.0207956
1725351359.021965
1725351359.0229764
1725351359.0516367
1725351359.0522175
1725351359.0902603
1725351359.0907762
1725351359.0918646
1725351359.0928938
1725351359.11617
1725351359.1316855
1725351359.1572955
1725351359.1583254
1725351359.1931202
1725351359.2069733
1725351359.2493958
1725351359.2508516
1725351359.2667465
1725351359.2778375
1725351359.2969184
1725351359.3556042
1725351359.3606296
1725351359.3684394
1725351359.395762
1725351359.3976316
1725351359.4203615
1725351359.4700882
1725351359.4804702
1725351359.526649
1725351359.5278187
1725351359.6257913
1725351359.6274483
1725351359.6294696
1725351359.6305265
1725351359.6529403
1725351359.6541817
1725351359.6550887
1725351359.7118661
1725351359.7120385
1725351359.7136643
1725351359.7232985
1725351359.758051
1725351359.810928
1725351359.8132544
1725351359.8266044
1725351359.8357358
1725351359.912602
1725351359.913477
1725351359.914112
1725351359.9176986
1725351359.980216
1725351360.0134945
1725351360.0141737
1725351360.0147207
1725351360.022356
1725351360.023063
1725351360.0710206
1725351360.0732117
1725351360.0744355
1725351360.1045673
1725351360.1070082
1725351360.125649
1725351360.1371727
1725351360.159157
1725351360.1722226
1725351360.2222345
1725351360.2288833
1725351360.243415
1725351360.2816613
1725351360.2823424
1725351360.2972672
1725351360.3323395
1725351360.3344903
1725351360.3350108
1725351360.3518677
1725351360.4175558
1725351360.4383335
1725351360.4405825
1725351360.4652247
1725351360.529109
1725351360.5301542
1725351360.5543416
1725351360.5550618
1725351360.5672727
1725351360.5814035
1725351360.7105842
1725351360.712559
1725351360.744669
1725351360.7462902
1725351360.7476764
1725351360.783088
1725351360.784108
1725351360.7936425
1725351360.7946553
1725351360.8300223
1725351360.8301792
1725351360.8412714
1725351360.866488
1725351360.873816
1725351360.9218946
1725351360.9234822
1725351360.9525175
1725351360.9539845
1725351360.9656835
1725351361.0077271
1725351361.0089018
1725351361.0244453
1725351361.038206
1725351361.0846012
1725351361.0903609
1725351361.090901
1725351361.1014087
1725351361.1493456
1725351361.1502137
1725351361.1572838
1725351361.177004
1725351361.2432265
1725351361.3056095
1725351361.3059459
1725351361.3073313
1725351361.3322277
1725351361.3330843
1725351361.3333964
1725351361.3349216
1725351361.3750896
1725351361.3764327
1725351361.439394
1725351361.439876
1725351361.440175
1725351361.4520445
1725351361.4876914
1725351361.5139785
1725351361.5336974
1725351361.541599
1725351361.5423536
1725351361.5561867
1725351361.5968206
1725351361.6064556
1725351361.6652687
1725351361.667848
1725351361.7304378
1725351361.732152
1725351361.7579596
1725351361.8117316
1725351361.812581
1725351361.8185337
1725351361.8199558
1725351361.8327584
1725351361.8336022
1725351361.8350117
1725351361.886486
1725351361.888447
1725351361.916542
1725351362.0037136
1725351362.0269318
1725351362.0279684
1725351362.029767
1725351362.039354
1725351362.0405293
1725351362.0466938
1725351362.0630987
1725351362.0915515
1725351362.092169
1725351362.1747477
1725351362.1759198
1725351362.1769755
1725351362.191762
1725351362.1927335
1725351362.2154584
1725351362.2162628
1725351362.217306
1725351362.2364597
1725351362.3090937
1725351362.3100235
1725351362.3102136
1725351362.3306143
1725351362.3316886
1725351362.3362145
1725351362.3756268
1725351362.3769531
1725351362.3809228
1725351362.3994706
1725351362.4283807
1725351362.497347
1725351362.498717
1725351362.4997985
1725351362.54089
1725351362.5425875
1725351362.552124
1725351362.5526247
1725351362.5836053
1725351362.5844269
1725351362.5914857
1725351362.6217644
1725351362.6671011
1725351362.6677122
1725351362.690759
1725351362.6924617
1725351362.723615
1725351362.8453524
1725351362.8460677
1725351362.858275
1725351362.8920922
1725351362.8921876
1725351362.9401655
1725351362.940749
1725351362.9418726
1725351362.98219
1725351362.9836326
1725351363.0345588
1725351363.0363274
1725351363.038126
1725351363.0494118
1725351363.0736759
1725351363.1046968
1725351363.1329327
1725351363.1444938
1725351363.1780868
1725351363.1789968
1725351363.1909468
1725351363.3079374
1725351363.3101509
1725351363.3260887
1725351363.3280792
1725351363.3288949
1725351363.369019
1725351363.3696043
1725351363.3773892
1725351363.3774445
1725351363.387691
1725351363.3885212
1725351363.4002657
1725351363.4792612
1725351363.4802654
1725351363.4818995
1725351363.4831138
1725351363.5080948
1725351363.5354466
1725351363.547902
1725351363.5632498
1725351363.593166
1725351363.6314247
1725351363.632104
1725351363.6325853
1725351363.6419501
1725351363.6571047
1725351363.720122
1725351363.728977
1725351363.7629843
1725351363.7664518
1725351363.7669492
1725351363.7882369
1725351363.8266597
1725351363.8277035
1725351363.8876035
1725351363.8890588
1725351363.9364839
1725351363.937303
1725351363.959154
1725351364.0282567
1725351364.0296454
1725351364.0422258
1725351364.044106
1725351364.0746384
1725351364.075234
1725351364.144851
1725351364.1451004
1725351364.1462986
1725351364.162031
1725351364.1652882
1725351364.190303
1725351364.2070785
1725351364.2164643
1725351364.2420812
1725351364.2833486
1725351364.2845168
1725351364.2857
1725351364.302958
1725351364.3687613
1725351364.370752
1725351364.4356701
1725351364.437147
1725351364.475733
1725351364.4769297
1725351364.4774904
1725351364.4836266
1725351364.4848194
1725351364.4872885
1725351364.502479
1725351364.5931904
1725351364.5958116
1725351364.6316526
1725351364.670399
1725351364.671749
1725351364.6735964
1725351364.7022774
1725351364.7039309
1725351364.7048209
1725351364.7324107
1725351364.7328973
1725351364.734013
1725351364.743056
1725351364.8456469
1725351364.871815
1725351364.872529
1725351364.8746424
1725351364.9068112
1725351364.9086044
1725351364.9090927
1725351364.924246
1725351364.9254932
1725351364.9371343
1725351364.9577634
1725351364.9819086
1725351364.9894106
1725351365.0530102
1725351365.0542734
1725351365.0657623
1725351365.0819075
1725351365.0901184
1725351365.1194415
1725351365.1206596
1725351365.2113476
1725351365.2144098
1725351365.2455316
1725351365.2612627
1725351365.26158
1725351365.2622516
1725351365.2623668
1725351365.2797773
1725351365.2996757
1725351365.3042603
1725351365.4328084
1725351365.433648
1725351365.4421656
1725351365.4423602
1725351365.4438002
1725351365.4761853
1725351365.476861
1725351365.4778616
1725351365.5161252
1725351365.5167494
1725351365.520906
1725351365.5298023
1725351365.558633
1725351365.559142
1725351365.5739598
1725351365.626026
1725351365.6274385
1725351365.6356852
1725351365.63667
1725351365.6545675
1725351365.6748316
1725351365.6889338
1725351365.7405121
1725351365.741796
1725351365.7431674
1725351365.7574036
1725351365.8404033
1725351365.842734
1725351365.8572183
1725351365.857507
1725351365.858718
1725351365.8682022
1725351365.887631
1725351365.904722
1725351366.0169094
1725351366.0694344
1725351366.069512
1725351366.069614
1725351366.0701454
1725351366.0798047
1725351366.1702576
1725351366.1850102
1725351366.2099087
1725351366.2109373
1725351366.2862172
1725351366.2868679
1725351366.287023
1725351366.2961712
1725351366.2980967
1725351366.3301356
1725351366.3310583
1725351366.3320918
1725351366.3348365
1725351366.3807304
1725351366.400517
1725351366.418749
1725351366.4840755
1725351366.4861572
1725351366.4870157
1725351366.4947002
1725351366.5051956
1725351366.534038
1725351366.5661306
1725351366.5667162
1725351366.5962493
1725351366.5984986
1725351366.6147544
1725351366.6550841
1725351366.6554337
1725351366.67227
1725351366.6984932
1725351366.699786
1725351366.722855
1725351366.7320898
1725351366.7624464
1725351366.7634435
1725351366.8329062
1725351366.8454077
1725351366.8481998
1725351366.8492105
1725351366.866396
1725351366.8843522
1725351366.895646
1725351366.943731
1725351366.9447255
1725351367.0048132
1725351367.0121498
1725351367.0195348
1725351367.0619042
1725351367.062404
1725351367.0828166
1725351367.083828
1725351367.1023676
1725351367.1295824
1725351367.1494305
1725351367.167773
1725351367.1857548
1725351367.2004428
1725351367.2978795
1725351367.307037
1725351367.3081846
1725351367.3082616
1725351367.3463442
1725351367.3785768
1725351367.3791022
1725351367.4236042
1725351367.423887
1725351367.4432032
1725351367.4498224
1725351367.4853833
1725351367.4869432
1725351367.5044112
1725351367.516053
1725351367.5319011
1725351367.5884166
1725351367.589649
1725351367.5906684
1725351367.6149647
1725351367.616084
1725351367.630848
1725351367.6732385
1725351367.6744099
1725351367.682471
1725351367.7334201
1725351367.7345088
1725351367.8252966
1725351367.8265202
1725351367.8322756
1725351367.8347363
1725351367.864013
1725351367.8642595
1725351367.865543
1725351367.8794565
1725351367.9409404
1725351367.942704
1725351367.9926975
1725351367.9935308
1725351367.994799
1725351367.9965425
1725351367.9972713
1725351368.0127156
1725351368.024339
1725351368.070381
1725351368.0934982
1725351368.0945785
1725351368.121861
1725351368.1225207
1725351368.144666
1725351368.2389693
1725351368.240139
1725351368.2423644
1725351368.262884
1725351368.2641613
1725351368.2754614
1725351368.287928
1725351368.303399
1725351368.3247201
1725351368.403218
1725351368.4108272
1725351368.4113183
1725351368.4180496
1725351368.4186103
1725351368.4509888
1725351368.4649405
1725351368.494011
1725351368.507196
1725351368.5243266
1725351368.5325599
1725351368.5574412
1725351368.5759234
1725351368.590205
1725351368.600217
1725351368.6815736
1725351368.6823416
1725351368.685825
1725351368.6913388
1725351368.723
1725351368.7240477
1725351368.73346
1725351368.750907
1725351368.7780626
1725351368.788161
1725351368.8055537
1725351368.8472736
1725351368.8488095
1725351368.849977
1725351368.8841615
1725351368.8851666
1725351368.9161732
1725351368.955598
1725351368.9557645
1725351368.9567347
1725351369.0472605
1725351369.050415
1725351369.051422
1725351369.0562387
1725351369.0574524
1725351369.0580668
1725351369.1030676
1725351369.1061957
1725351369.1189568
1725351369.1419957
1725351369.1698394
1725351369.1786022
1725351369.2622995
1725351369.2633862
1725351369.2821171
1725351369.2957585
1725351369.2958522
1725351369.2960227
1725351369.3350205
1725351369.3580267
1725351369.37386
1725351369.47751
1725351369.479343
1725351369.4835737
1725351369.48501
1725351369.49321
1725351369.5592163
1725351369.559716
1725351369.5602198
1725351369.566229
1725351369.5679898
1725351369.600207
1725351369.6012874
1725351369.6268368
1725351369.6372015
1725351369.6709404
1725351369.761013
1725351369.7911944
1725351369.791792
1725351369.7934334
1725351369.8087099
1725351369.8098726
1725351369.8099644
1725351369.8727064
1725351369.8827586
1725351369.9600291
1725351369.9611928
1725351369.9624348
1725351369.9753845
1725351369.9759922
1725351369.9877117
1725351369.9944293
1725351370.009382
1725351370.065934
1725351370.0667639
1725351370.0673997
1725351370.183033
1725351370.1916695
1725351370.1924083
1725351370.193033
1725351370.2103586
1725351370.2117276
1725351370.2126584
1725351370.2145634
1725351370.2260296
1725351370.2739594
1725351370.2956598
1725351370.3360848
1725351370.3382092
1725351370.3534105
1725351370.3752036
1725351370.3761985
1725351370.4062643
1725351370.4077916
1725351370.4841983
1725351370.4851897
1725351370.5499914
1725351370.550824
1725351370.5562181
1725351370.5654187
1725351370.5844119
1725351370.6028779
1725351370.6484241
1725351370.6493037
1725351370.693931
1725351370.6962051
1725351370.7541616
1725351370.7547305
1725351370.7559326
1725351370.7610164
1725351370.7777905
1725351370.7951605
1725351370.8046105
1725351370.8209083
1725351370.844972
1725351370.854989
1725351370.8954184
1725351370.8963025
1725351370.9107096
1725351370.9506412
1725351370.9523737
1725351370.9550297
1725351371.0182743
1725351371.0198498
1725351371.0873833
1725351371.088318
1725351371.0891879
1725351371.157838
1725351371.160784
1725351371.1668134
1725351371.1682913
1725351371.168754
1725351371.1991613
1725351371.2009263
1725351371.201535
1725351371.229244
1725351371.2305727
1725351371.24904
1725351371.2682154
1725351371.2789736
1725351371.298273
1725351371.3400438
1725351371.3502595
1725351371.4598908
1725351371.4606874
1725351371.496334
1725351371.498575
1725351371.5367963
1725351371.5378535
1725351371.539674
1725351371.6154048
1725351371.6173239
1725351371.6344588
1725351371.6354697
1725351371.6366832
1725351371.6532168
1725351371.6541882
1725351371.656684
1725351371.6711357
1725351371.7105472
1725351371.7121851
1725351371.7141273
1725351371.729664
1725351371.7617915
1725351371.7801116
1725351371.8992856
1725351371.8993866
1725351371.917877
1725351371.9191723
1725351371.9204106
1725351371.92746
1725351371.9279418
1725351371.9341516
1725351371.9461994
1725351372.0157747
1725351372.0175393
1725351372.0186853
1725351372.0265188
1725351372.0273666
1725351372.044947
1725351372.0751662
1725351372.0763144
1725351372.0890067
1725351372.1033893
1725351372.141974
1725351372.142938
1725351372.1630986
1725351372.2252424
1725351372.226647
1725351372.2285883
1725351372.2572713
1725351372.257846
1725351372.2589676
1725351372.305908
1725351372.3072305
1725351372.3082707
1725351372.3197734
1725351372.3409753
1725351372.3903718
1725351372.3966765
1725351372.4734316
1725351372.474323
1725351372.4784608
1725351372.4789507
1725351372.4797785
1725351372.498041
1725351372.592579
1725351372.5934808
1725351372.5935352
1725351372.5941684
1725351372.594203
1725351372.668893
1725351372.6744199
1725351372.7105973
1725351372.7107027
1725351372.7511723
1725351372.751799
1725351372.7889822
1725351372.8035445
1725351372.8041341
1725351372.8591185
1725351372.8596249
1725351372.8799691
1725351372.888161
1725351372.8940523
1725351372.8995879
1725351372.917242
1725351372.9820576
1725351372.9916484
1725351373.0254753
1725351373.0260046
1725351373.028184
1725351373.04617
1725351373.0592854
1725351373.0808892
1725351373.1278303
1725351373.138058
1725351373.15333
1725351373.1852095
1725351373.1861954
1725351373.1987162
1725351373.232479
1725351373.2337587
1725351373.251645
1725351373.2736862
1725351373.281131
1725351373.2989798
1725351373.3299801
1725351373.3329115
1725351373.345324
1725351373.3866074
1725351373.4217148
1725351373.4446692
1725351373.4455662
1725351373.4485283
1725351373.4589353
1725351373.4773595
1725351373.4924927
1725351373.510069
1725351373.5210967
1725351373.5824296
1725351373.6243486
1725351373.6260262
1725351373.6267323
1725351373.6620882
1725351373.6630776
1725351373.6740074
1725351373.6945102
1725351373.7284422
1725351373.771868
1725351373.7744892
1725351373.7746317
1725351373.8252335
1725351373.86096
1725351373.8614795
1725351373.873436
1725351373.9242878
1725351373.929661
1725351373.9445481
1725351373.9739616
1725351374.0017729
1725351374.0296433
1725351374.0301378
1725351374.037659
1725351374.0832107
1725351374.0846608
1725351374.0908647
1725351374.122442
1725351374.1234982
1725351374.1827264
1725351374.1843154
1725351374.1853662
1725351374.1865
1725351374.2455833
1725351374.249296
1725351374.2745645
1725351374.2773993
1725351374.3496559
1725351374.35103
1725351374.3914773
1725351374.3928094
1725351374.3937228
1725351374.4044495
1725351374.407195
1725351374.4222207
1725351374.430669
1725351374.4779463
1725351374.4780526
1725351374.5785444
1725351374.5795138
1725351374.587616
1725351374.5890968
1725351374.5904799
1725351374.6021054
1725351374.6040838
1725351374.6045551
1725351374.6356497
1725351374.7374325
1725351374.7375212
1725351374.7404351
1725351374.7409332
1725351374.7534392
1725351374.7893827
1725351374.7894566
1725351374.8054857
1725351374.8423421
1725351374.843849
1725351374.923175
1725351374.9244883
1725351374.9249852
1725351374.9350736
1725351375.0172362
1725351375.0178154
1725351375.0330772
1725351375.0357466
1725351375.0364504
1725351375.0862832
1725351375.283186
1725351375.2855668
1725351375.2931204
1725351375.3321147
1725351375.3344119
1725351375.3354745
1725351375.3394501
1725351375.3402174
1725351375.3426719
1725351375.3742867
1725351375.3748941
1725351375.3754117
1725351375.4134693
1725351375.4135811
1725351375.4154356
1725351375.5188704
1725351375.5190399
1725351375.520135
1725351375.54763
1725351375.5489125
1725351375.550006
1725351375.570039
1725351375.5711138
1725351375.5740209
1725351375.5784066
1725351375.588352
1725351375.5885644
1725351375.5898795
1725351375.5962162
1725351375.598768
1725351375.605365
1725351375.6059048
1725351375.6063933
1725351375.6261425
1725351375.6828053
1725351375.7189274
1725351375.71963
1725351375.7202394
1725351375.7357101
1725351375.7370648
1725351375.7455678
1725351375.7661643
1725351375.874445
1725351375.8755863
1725351375.8761306
1725351375.87615
1725351375.8769712
1725351375.9192505
1725351375.9463854
1725351375.973426
1725351375.9790244
1725351376.0215492
1725351376.0405402
1725351376.04995
1725351376.1135964
1725351376.1151056
1725351376.1162384
1725351376.1480296
1725351376.1491675
1725351376.1541588
1725351376.21265
1725351376.2138388
1725351376.215191
1725351376.2845213
1725351376.3808348
1725351376.3813584
1725351376.3819163
1725351376.387083
1725351376.3882265
1725351376.388363
1725351376.3898807
1725351376.451832
1725351376.4574132
1725351376.4575636
1725351376.4709103
1725351376.4709976
1725351376.4717972
1725351376.5081432
1725351376.5091207
1725351376.5323837
1725351376.5530558
1725351376.5543492
1725351376.5839176
1725351376.5849195
1725351376.645591
1725351376.6467466
1725351376.699943
1725351376.713953
1725351376.7148147
1725351376.73258
1725351376.7341132
1725351376.736026
1725351376.7733815
1725351376.7744768
1725351376.8371768
1725351376.8382483
1725351376.8956397
1725351376.896695
1725351376.9023752
1725351376.9329066
1725351376.9335225
1725351376.934617
1725351376.9660084
1725351376.9671144
1725351377.0369434
1725351377.0383399
1725351377.0650518
1725351377.0651393
1725351377.129615
1725351377.1426752
1725351377.143955
1725351377.1444633
1725351377.1768062
1725351377.205092
1725351377.244901
1725351377.2466218
1725351377.2570431
1725351377.3191433
1725351377.3196478
1725351377.3208892
1725351377.353778
1725351377.3562388
1725351377.3737898
1725351377.3749795
1725351377.389071
1725351377.4179084
1725351377.4464624
1725351377.4475763
1725351377.470496
1725351377.47274
1725351377.5090091
1725351377.5107007
1725351377.5306404
1725351377.5672696
1725351377.5963047
1725351377.5983014
1725351377.632529
1725351377.6348913
1725351377.6406717
1725351377.6722848
1725351377.6891294
1725351377.7801256
1725351377.7809594
1725351377.7810397
1725351377.8222353
1725351377.8242977
1725351377.83504
1725351377.8362951
1725351377.8371358
1725351377.838135
1725351377.8536696
1725351377.901192
1725351377.9030948
1725351377.9192379
1725351377.9394932
1725351377.9719675
1725351377.9738805
1725351378.047645
1725351378.0478911
1725351378.0482683
1725351378.0603805
1725351378.0623422
1725351378.1146574
1725351378.1347516
1725351378.1361842
1725351378.1662018
1725351378.1666973
1725351378.1986473
1725351378.2098932
1725351378.2541728
1725351378.2546704
1725351378.2704513
1725351378.272213
1725351378.3113363
1725351378.3581645
1725351378.3596854
1725351378.3920293
1725351378.3942666
1725351378.3944967
1725351378.4116778
1725351378.4187682
1725351378.4409096
1725351378.4773436
1725351378.4884605
1725351378.503774
1725351378.5199149
1725351378.5524995
1725351378.5931358
1725351378.5942757
1725351378.595528
1725351378.6204426
1725351378.6215653
1725351378.6677597
1725351378.6692433
1725351378.6707132
1725351378.7043257
1725351378.7065618
1725351378.723287
1725351378.7588055
1725351378.759838
1725351378.7653432
1725351378.7901404
1725351378.8272073
1725351378.828489
1725351378.838135
1725351378.868787
1725351378.868905
1725351378.883318
1725351378.925743
1725351378.957394
1725351378.959014
1725351378.9653654
1725351378.9813292
1725351379.018655
1725351379.0198634
1725351379.0431666
1725351379.1494384
1725351379.150276
1725351379.1503034
1725351379.1503186
1725351379.1513398
1725351379.190955
1725351379.2134485
1725351379.220834
1725351379.295637
1725351379.2986608
1725351379.3128173
1725351379.3181844
1725351379.3604367
1725351379.361066
1725351379.3777976
1725351379.3827739
1725351379.4055343
1725351379.426662
1725351379.4460375
1725351379.4505017
1725351379.4740481
1725351379.5759773
1725351379.599373
1725351379.5999541
1725351379.6006558
1725351379.6612003
1725351379.661857
1725351379.6621366
1725351379.671159
1725351379.6719515
1725351379.6987433
1725351379.6996126
1725351379.7198572
1725351379.7280958
1725351379.7539005
1725351379.7974975
1725351379.7983024
1725351379.7990174
1725351379.8244007
1725351379.827391
1725351379.865049
1725351379.8659012
1725351379.8886824
1725351379.9051187
1725351379.9907997
1725351380.040098
1725351380.0408487
1725351380.0416768
1725351380.074508
1725351380.0753803
1725351380.0754435
1725351380.0760906
1725351380.0840685
1725351380.0849123
1725351380.1229222
1725351380.1385198
1725351380.1617649
1725351380.2337985
1725351380.2343369
1725351380.2351468
1725351380.258881
1725351380.259497
1725351380.3019226
1725351380.3032591
1725351380.3488317
1725351380.3492978
1725351380.3668494
1725351380.3942218
1725351380.4273055
1725351380.4298198
1725351380.506366
1725351380.5273156
1725351380.5279553
1725351380.5315237
1725351380.6314435
1725351380.6322489
1725351380.6323938
1725351380.6331942
1725351380.6664343
1725351380.6692262
1725351380.7149365
1725351380.7159739
1725351380.7169435
1725351380.7326548
1725351380.7347734
1725351380.7354271
1725351380.7411757
1725351380.7522993
1725351380.8409698
1725351380.8422942
1725351380.843453
1725351380.862599
1725351380.8643227
1725351380.8650103
1725351380.8938174
1725351380.8956316
1725351380.924256
1725351380.9883537
1725351380.9914427
1725351380.9924626
1725351381.0107162
1725351381.0121026
1725351381.0571685
1725351381.0586283
1725351381.0651152
1725351381.0785558
1725351381.1031961
1725351381.1051562
1725351381.1432672
1725351381.1443584
1725351381.1788065
1725351381.2578337
1725351381.2589426
1725351381.3132997
1725351381.313525
1725351381.3193629
1725351381.319507
1725351381.4015515
1725351381.4017198
1725351381.406151
1725351381.4725752
1725351381.4726667
1725351381.4727454
1725351381.5028365
1725351381.5034676
1725351381.5153456
1725351381.5168617
1725351381.5490026
1725351381.549677
1725351381.5512087
1725351381.5525036
1725351381.5824914
1725351381.6371424
1725351381.6451354
1725351381.6458063
1725351381.6459317
1725351381.6846013
1725351381.6852458
1725351381.7547302
1725351381.756812
1725351381.7713015
1725351381.7731094
1725351381.7761009
1725351381.8839571
1725351381.8852887
1725351381.8864841
1725351381.8990777
1725351381.8996356
1725351381.9321194
1725351381.9334462
1725351381.934228
1725351381.986688
1725351381.9877641
1725351381.9895837
1725351381.9903057
1725351382.012007
1725351382.0142183
1725351382.0613647
1725351382.0625815
1725351382.0638626
1725351382.0962932
1725351382.097605
1725351382.102885
1725351382.1322343
1725351382.145097
1725351382.2043235
1725351382.205883
1725351382.2483351
1725351382.249449
1725351382.254999
1725351382.2554443
1725351382.2753992
1725351382.2959824
1725351382.3195932
1725351382.348592
1725351382.3546336
1725351382.3648872
1725351382.3823965
1725351382.4158754
1725351382.4543164
1725351382.540647
1725351382.5531604
1725351382.5622907
1725351382.5643117
1725351382.5748558
1725351382.6008263
1725351382.6244326
1725351382.6256998
1725351382.6373646
1725351382.659824
1725351382.7706323
1725351382.7740903
1725351382.7879665
1725351382.789047
1725351382.7891347
1725351382.859277
1725351382.9432406
1725351382.9434838
1725351382.944222
1725351382.9526317
1725351382.9531403
1725351382.9652205
1725351382.9663057
1725351383.0654154
1725351383.0662498
1725351383.0821962
1725351383.083712
1725351383.0842147
1725351383.0906382
1725351383.0918105
1725351383.0925984
1725351383.1606028
1725351383.1609178
1725351383.1619406
1725351383.166615
1725351383.1674807
1725351383.1677501
1725351383.21282
1725351383.2273586
1725351383.2350106
1725351383.246455
1725351383.2798984
1725351383.2827716
1725351383.3209364
1725351383.3222704
1725351383.3392763
1725351383.354908
1725351383.420333
1725351383.4300106
1725351383.4371397
1725351383.4547446
1725351383.5099492
1725351383.5104103
1725351383.5162847
1725351383.517165
1725351383.586345
1725351383.587509
1725351383.5916753
1725351383.6143038
1725351383.669405
1725351383.685563
1725351383.701396
1725351383.7590117
1725351383.7689905
1725351383.769648
1725351383.813272
1725351383.820752
1725351383.898395
1725351383.8986754
1725351383.8993008
1725351383.9152322
1725351383.916218
1725351383.9794211
1725351383.9800467
1725351383.9819956
1725351384.0053945
1725351384.007418
1725351384.008719
1725351384.053696
1725351384.0553234
1725351384.0799637
1725351384.0803797
1725351384.0809262
1725351384.1329136
1725351384.1336715
1725351384.189052
1725351384.1906087
1725351384.2477586
1725351384.2490537
1725351384.3072085
1725351384.3075447
1725351384.3106263
1725351384.311909
1725351384.4455729
1725351384.4466074
1725351384.479256
1725351384.4909103
1725351384.491483
1725351384.4931877
1725351384.5448642
1725351384.546519
1725351384.5473442
1725351384.568818
1725351384.5708709
1725351384.5866945
1725351384.5889142
1725351384.6216056
1725351384.6234365
1725351384.6241062
1725351384.6400564
1725351384.6421912
1725351384.6511402
1725351384.65394
1725351384.7321599
1725351384.7323804
1725351384.733411
1725351384.7501466
1725351384.7720346
1725351384.782194
1725351384.8031366
1725351384.8191447
1725351384.8302944
1725351384.8666575
1725351384.94239
1725351384.9442544
1725351384.9620702
1725351384.974424
1725351384.9756181
1725351384.9873962
1725351384.9928195
1725351385.0222251
1725351385.0675325
1725351385.0683546
1725351385.1044836
1725351385.104919
1725351385.1256838
1725351385.1367717
1725351385.1454675
1725351385.16278
1725351385.1829324
1725351385.197928
1725351385.2095397
1725351385.2259612
1725351385.270317
1725351385.2718349
1725351385.2777085
1725351385.29236
1725351385.3197095
1725351385.3293972
1725351385.345887
1725351385.359016
1725351385.393561
1725351385.3950622
1725351385.4055421
1725351385.4391928
1725351385.4590585
1725351385.460043
1725351385.5456889
1725351385.6055372
1725351385.6061578
1725351385.606706
1725351385.6460648
1725351385.646291
1725351385.6469266
1725351385.6472094
1725351385.7400126
1725351385.7409234
1725351385.740949
1725351385.7415612
1725351385.743205
1725351385.7594182
1725351385.7827828
1725351385.824083
1725351385.824827
1725351385.889424
1725351385.8895605
1725351385.8952508
1725351386.0149705
1725351386.0154169
1725351386.0159595
1725351386.0329
1725351386.0352788
1725351386.0498474
1725351386.0512025
1725351386.0523434
1725351386.0537655
1725351386.1135201
1725351386.1266978
1725351386.1269872
1725351386.1328163
1725351386.179457
1725351386.1798894
1725351386.1823308
1725351386.2427423
1725351386.244733
1725351386.2815342
1725351386.2827551
1725351386.2950394
1725351386.300572
1725351386.3357003
1725351386.337015
1725351386.3906705
1725351386.3917334
1725351386.396333
1725351386.3976536
1725351386.4216251
1725351386.4935095
1725351386.4954185
1725351386.496756
1725351386.5932314
1725351386.6109118
1725351386.6121132
1725351386.613162
1725351386.6156087
1725351386.616099
1725351386.6186109
1725351386.6284788
1725351386.629418
1725351386.6404502
1725351386.7289538
1725351386.7462342
1725351386.746347
1725351386.7471917
1725351386.7864332
1725351386.7869673
1725351386.8961003
1725351386.8977368
1725351386.9081588
1725351386.9097686
1725351386.9106357
1725351386.9300852
1725351386.9404168
1725351386.9616148
1725351386.997191
1725351386.9972866
1725351387.0307815
1725351387.047284
1725351387.0746274
1725351387.1003375
1725351387.110563
1725351387.135815
1725351387.1362653
1725351387.159941
1725351387.2034476
1725351387.2445362
1725351387.2452307
1725351387.2459326
1725351387.2568133
1725351387.25807
1725351387.2938464
1725351387.2956352
1725351387.3184853
1725351387.354319
1725351387.3552263
1725351387.3663676
1725351387.367395
1725351387.4161189
1725351387.4237225
1725351387.4423385
1725351387.4702945
1725351387.471057
1725351387.552256
1725351387.5545094
1725351387.5623057
1725351387.5634794
1725351387.570401
1725351387.597253
1725351387.6212053
1725351387.6227264
1725351387.6659493
1725351387.6663544
1725351387.667423
1725351387.6847963
1725351387.7174034
1725351387.718912
1725351387.7676246
1725351387.7825897
1725351387.7880085
1725351387.8156526
1725351387.8223896
1725351387.8708458
1725351387.8722217
1725351387.9520125
1725351387.9529266
1725351387.9919343
1725351387.997622
1725351387.998887
1725351387.9994276
1725351388.004192
1725351388.0219574
1725351388.1148694
1725351388.202769
1725351388.2033336
1725351388.2038429
1725351388.2164803
1725351388.2170954
1725351388.2190895
1725351388.238944
1725351388.271613
1725351388.2722366
1725351388.2731588
1725351388.282512
1725351388.291359
1725351388.2918446
1725351388.3042388
1725351388.3313518
1725351388.369806
1725351388.3708239
1725351388.4087296
1725351388.40948
1725351388.41143
1725351388.5073113
1725351388.5087297
1725351388.5816274
1725351388.5830474
1725351388.584294
1725351388.6362727
1725351388.6370926
1725351388.6380587
1725351388.6395
1725351388.6423774
1725351388.6591065
1725351388.659238
1725351388.6597414
1725351388.6670055
1725351388.667486
1725351388.6986077
1725351388.699701
1725351388.7292993
1725351388.7304146
1725351388.7524047
1725351388.7749984
1725351388.8512104
1725351388.8523335
1725351388.866691
1725351388.867202
1725351388.8676896
1725351388.8845277
1725351388.884711
1725351388.9578438
1725351388.959182
1725351388.9596999
1725351388.986767
1725351389.0384054
1725351389.0765622
1725351389.1509542
1725351389.198871
1725351389.199747
1725351389.2009928
1725351389.2127848
1725351389.2136872
1725351389.2627296
1725351389.2773905
1725351389.277503
1725351389.3002913
1725351389.3006868
1725351389.3202477
1725351389.3317528
1725351389.363481
1725351389.426516
1725351389.4425092
1725351389.4436944
1725351389.444182
1725351389.4580991
1725351389.482751
1725351389.4957848
1725351389.521877
1725351389.5365365
1725351389.565806
1725351389.5797737
1725351389.6245158
1725351389.625882
1725351389.6272113
1725351389.6541555
1725351389.6552422
1725351389.6733298
1725351389.6913586
1725351389.7084103
1725351389.7238035
1725351389.7497165
1725351389.7511098
1725351389.8661401
1725351389.887623
1725351389.8895996
1725351389.8908942
1725351389.9128692
1725351389.9142208
1725351389.915872
1725351389.9163916
1725351389.9236422
1725351389.9403093
1725351389.9783626
1725351390.0381527
1725351390.0384448
1725351390.0843973
1725351390.0856805
1725351390.0908988
1725351390.1026483
1725351390.13439
1725351390.1900687
1725351390.1919603
1725351390.1927564
1725351390.2492335
1725351390.2507656
1725351390.289015
1725351390.290869
1725351390.3102403
1725351390.333749
1725351390.3545175
1725351390.3749704
1725351390.3937953
1725351390.4112284
1725351390.4229128
1725351390.4528296
1725351390.467786
1725351390.5207067
1725351390.523484
1725351390.535108
1725351390.535599
1725351390.5476432
1725351390.5683064
1725351390.5723426
1725351390.6000714
1725351390.6080754
1725351390.627044
1725351390.659398
1725351390.66067
1725351390.7382808
1725351390.7400165
1725351390.7497628
1725351390.7510345
1725351390.7605271
1725351390.771576
1725351390.7887292
1725351390.8203542
1725351390.8714588
1725351390.8723233
1725351390.872973
1725351390.9016597
1725351390.9035156
1725351390.9213657
1725351390.9766104
1725351390.9777656
1725351390.9787817
1725351390.9845808
1725351391.023637
1725351391.0575817
1725351391.1467755
1725351391.1487021
1725351391.1844454
1725351391.185431
1725351391.1870897
1725351391.2323318
1725351391.2331538
1725351391.235624
1725351391.2942364
1725351391.303348
1725351391.3041945
1725351391.305274
1725351391.3527057
1725351391.3533473
1725351391.3547974
1725351391.3671777
1725351391.3707702
1725351391.4029543
1725351391.403724
1725351391.4278176
1725351391.4565558
1725351391.4791572
1725351391.4882686
1725351391.4989104
1725351391.5325456
1725351391.5330272
1725351391.580427
1725351391.582452
1725351391.587008
1725351391.6110454
1725351391.638532
1725351391.644738
1725351391.6711054
1725351391.6817362
1725351391.6979418
1725351391.7181735
1725351391.7324224
1725351391.8011537
1725351391.8021324
1725351391.9026895
1725351391.9027758
1725351391.9028466
1725351391.9102416
1725351391.911178
1725351391.9400096
1725351391.940864
1725351391.9415505
1725351391.9451482
1725351391.9536195
1725351391.954105
1725351391.9604497
1725351391.9781377
1725351392.0047638
1725351392.0559037
1725351392.0579286
1725351392.1901038
1725351392.1915972
1725351392.2012012
1725351392.202383
1725351392.203822
1725351392.2043595
1725351392.210942
1725351392.2119663
1725351392.2499144
1725351392.2578237
1725351392.2578475
1725351392.2578664
1725351392.318021
1725351392.3330557
1725351392.382329
1725351392.3901384
1725351392.390801
1725351392.4303854
1725351392.4371302
1725351392.4567018
1725351392.522766
1725351392.5232716
1725351392.523761
1725351392.5323694
1725351392.5414786
1725351392.5566525
1725351392.5913343
1725351392.5914154
1725351392.6132286
1725351392.6978827
1725351392.719293
1725351392.7198539
1725351392.7207026
1725351392.7324615
1725351392.7641184
1725351392.764884
1725351392.7713554
1725351392.8060298
1725351392.8181973
1725351392.8362126
1725351392.8521605
1725351392.8686345
1725351392.9000347
1725351392.9009638
1725351392.9352975
1725351392.9365547
1725351393.0457358
1725351393.047357
1725351393.0578957
1725351393.0594273
1725351393.0604231
1725351393.0638475
1725351393.0822632
1725351393.1082602
1725351393.1094584
1725351393.1225584
1725351393.129733
1725351393.1782157
1725351393.1796603
1725351393.182136
1725351393.2559094
1725351393.2564378
1725351393.2930224
1725351393.2950919
1725351393.3004317
1725351393.3201563
1725351393.3494532
1725351393.349943
1725351393.3657792
1725351393.3814454
1725351393.4851449
1725351393.4859908
1725351393.5611787
1725351393.561946
1725351393.5657578
1725351393.6079721
1725351393.608836
1725351393.6094894
1725351393.6286173
1725351393.6307013
1725351393.6318042
1725351393.6762972
1725351393.676815
1725351393.7261586
1725351393.7274766
1725351393.7353823
1725351393.7609599
1725351393.7727957
1725351393.7828097
1725351393.8280966
1725351393.829246
1725351393.8309624
1725351393.8952255
1725351393.8959382
1725351393.8967102
1725351393.9257693
1725351393.9275925
1725351393.9422297
1725351393.9604836
1725351394.0049372
1725351394.0102289
1725351394.01814
1725351394.0570235
1725351394.0584733
1725351394.128748
1725351394.130775
1725351394.1847322
1725351394.1864176
1725351394.1879284
1725351394.1951935
1725351394.1954584
1725351394.2018325
1725351394.2351584
1725351394.2363605
1725351394.2576976
1725351394.311526
1725351394.31272
1725351394.3214078
1725351394.3535058
1725351394.3768964
1725351394.3844488
1725351394.397612
1725351394.4239283
1725351394.4463773
1725351394.463779
1725351394.4878016
1725351394.5192547
1725351394.5363646
1725351394.5727804
1725351394.5740197
1725351394.5883708
1725351394.6048875
1725351394.6451335
1725351394.6468892
1725351394.663068
1725351394.6934364
1725351394.6944256
1725351394.7307642
1725351394.7432113
1725351394.7762187
1725351394.777975
1725351394.7940352
1725351394.8360825
1725351394.8374221
1725351394.9015043
1725351394.9038749
1725351394.9050782
1725351394.9685445
1725351394.970367
1725351394.9741683
1725351394.9750233
1725351394.9853766
1725351395.0344744
1725351395.0358195
1725351395.0369444
1725351395.063638
1725351395.0651407
1725351395.0822005
1725351395.093969
1725351395.12785
1725351395.1287968
1725351395.2213984
1725351395.2227383
1725351395.2252207
1725351395.285345
1725351395.2862923
1725351395.2870243
1725351395.29246
1725351395.2933512
1725351395.3253634
1725351395.3271194
1725351395.3274016
1725351395.3320484
1725351395.3673365
1725351395.3967986
1725351395.398464
1725351395.436765
1725351395.4380867
1725351395.467947
1725351395.469296
1725351395.5029976
1725351395.5363202
1725351395.536935
1725351395.5530863
1725351395.5997515
1725351395.6004052
1725351395.6318152
1725351395.6746798
1725351395.723495
1725351395.7384121
1725351395.7409163
1725351395.7488766
1725351395.7728643
1725351395.814401
1725351395.8149056
1725351395.8160486
1725351395.8884292
1725351395.8902848
1725351395.8960323
1725351395.8977363
1725351395.898451
1725351395.9763591
1725351395.977954
1725351396.0499117
1725351396.0508945
1725351396.0741925
1725351396.0751805
1725351396.0766084
1725351396.1230743
1725351396.1235564
1725351396.1260107
1725351396.1537957
1725351396.1549418
1725351396.1611073
1725351396.175948
1725351396.1973073
1725351396.2161896
1725351396.2220385
1725351396.2741864
1725351396.2765179
1725351396.2830741
1725351396.2835996
1725351396.354668
1725351396.3561249
1725351396.3570354
1725351396.4078352
1725351396.4239876
1725351396.4252548
1725351396.4780583
1725351396.478583
1725351396.4808621
1725351396.528911
1725351396.531067
1725351396.5316014
1725351396.5569515
1725351396.5832732
1725351396.5967968
1725351396.61654
1725351396.6371143
1725351396.7042074
1725351396.706139
1725351396.742972
1725351396.7446272
1725351396.7768376
1725351396.7772937
1725351396.7787788
1725351396.821395
1725351396.8369515
1725351396.8456182
1725351396.937602
1725351396.9407313
1725351396.9708674
1725351396.9723277
1725351396.980653
1725351396.9812984
1725351397.017304
1725351397.0180743
1725351397.030977
1725351397.0610397
1725351397.0890207
1725351397.0902796
1725351397.1672425
1725351397.168444
1725351397.170471
1725351397.176384
1725351397.1766617
1725351397.2234886
1725351397.224968
1725351397.234878
1725351397.235
1725351397.2416713
1725351397.306952
1725351397.3072457
1725351397.308607
1725351397.3403237
1725351397.341813
1725351397.3789206
1725351397.3792603
1725351397.408115
1725351397.4640853
1725351397.4656708
1725351397.4670284
1725351397.5344968
1725351397.535799
1725351397.5856156
1725351397.5865767
1725351397.5875561
1725351397.6073287
1725351397.608255
1725351397.609612
1725351397.6325097
1725351397.6814325
1725351397.681724
1725351397.6889496
1725351397.6973634
1725351397.7134235
1725351397.7293978
1725351397.7614162
1725351397.788104
1725351397.8031847
1725351397.8043425
1725351397.8417447
1725351397.8671193
1725351397.8674269
1725351397.8848944
1725351397.9320703
1725351397.9398727
1725351397.9535086
1725351398.002714
1725351398.0040696
1725351398.0045464
1725351398.04169
1725351398.0604272
1725351398.0754802
1725351398.0850835
1725351398.1090236
1725351398.116966
1725351398.1376526
1725351398.1479137
1725351398.1744866
1725351398.2161708
1725351398.217523
1725351398.2329962
1725351398.25566
1725351398.2621467
1725351398.2821171
1725351398.3039775
1725351398.3233566
1725351398.3333337
1725351398.3654394
1725351398.365608
1725351398.4737494
1725351398.4738991
1725351398.4747174
1725351398.4799855
1725351398.4821253
1725351398.4834225
1725351398.4880147
1725351398.5126877
1725351398.5142994
1725351398.5254002
1725351398.5561402
1725351398.5683665
1725351398.584866
1725351398.5946321
1725351398.6266906
1725351398.6503608
1725351398.6582031
1725351398.6768517
1725351398.6895053
1725351398.7476203
1725351398.7486026
1725351398.7494247
1725351398.792243
1725351398.8075647
1725351398.8127801
1725351398.8246672
1725351398.8420622
1725351398.8771055
1725351398.9288557
1725351398.9818094
1725351399.028458
1725351399.0285542
1725351399.0832932
1725351399.0840077
1725351399.084819
1725351399.087015
1725351399.1047094
1725351399.1064708
1725351399.120271
1725351399.13242
1725351399.1585536
1725351399.1597297
1725351399.2208292
1725351399.222338
1725351399.3003328
1725351399.3035908
1725351399.3045673
1725351399.3132858
1725351399.3149767
1725351399.3246489
1725351399.3492696
1725351399.3696308
1725351399.4166803
1725351399.426018
1725351399.4266233
1725351399.4549353
1725351399.4708118
1725351399.492379
1725351399.4926777
1725351399.506527
1725351399.5208848
1725351399.58826
1725351399.5904331
1725351399.5973637
1725351399.5976527
1725351399.6257715
1725351399.6268315
1725351399.681215
1725351399.6958346
1725351399.6975093
1725351399.7174454
1725351399.733215
1725351399.7399452
1725351399.76119
1725351399.7937527
1725351399.7952085
1725351399.832908
1725351399.895534
1725351399.9093935
1725351399.9094756
1725351399.909546
1725351399.9294608
1725351399.9612372
1725351399.9634147
1725351399.9744213
1725351400.0048277
1725351400.0523512
1725351400.0529819
1725351400.0539663
1725351400.0940268
1725351400.1240826
1725351400.1363564
1725351400.2233493
1725351400.2248514
1725351400.2606316
1725351400.2616792
1725351400.263082
1725351400.285575
1725351400.286128
1725351400.317753
1725351400.3192706
1725351400.3492398
1725351400.3639867
1725351400.3651078
1725351400.4006548
1725351400.401796
1725351400.4126537
1725351400.4290218
1725351400.4736907
1725351400.4754677
1725351400.4819343
1725351400.5420978
1725351400.5437424
1725351400.5468495
1725351400.5768425
1725351400.673168
1725351400.674012
1725351400.6757822
1725351400.6946516
1725351400.6956728
1725351400.7120857
1725351400.7122374
1725351400.7130704
1725351400.7836015
1725351400.7837057
1725351400.7846532
1725351400.839628
1725351400.8405285
1725351400.8407257
1725351400.856733
1725351400.8575284
1725351400.9004068
1725351400.901556
1725351400.944318
1725351400.978253
1725351400.9783533
1725351400.9862897
1725351400.9864058
1725351401.0445204
1725351401.0451088
1725351401.0478497
1725351401.0688176
1725351401.1014655
1725351401.1076841
1725351401.1467676
1725351401.1485147
1725351401.1663775
1725351401.1733723
1725351401.2320979
1725351401.2447162
1725351401.246805
1725351401.2684395
1725351401.269917
1725351401.3244262
1725351401.326169
1725351401.3897016
1725351401.3971062
1725351401.3981698
1725351401.3987043
1725351401.4045491
1725351401.4232664
1725351401.4756117
1725351401.4769535
1725351401.5413365
1725351401.5422368
1725351401.589694
1725351401.5907476
1725351401.5931838
1725351401.6050339
1725351401.6062586
1725351401.6075208
1725351401.6940978
1725351401.6946986
1725351401.734551
1725351401.735489
1725351401.737335
1725351401.7896473
1725351401.789975
1725351401.7908144
1725351401.8145556
1725351401.8153608
1725351401.8155942
1725351401.8178477
1725351401.8315918
1725351401.8320987
1725351401.8491845
1725351401.8686264
1725351401.880476
1725351401.9204133
1725351401.9420261
1725351401.9581492
1725351402.0632718
1725351402.0657697
1725351402.09134
1725351402.0915606
1725351402.0930758
1725351402.0945833
1725351402.1024868
1725351402.1141484
1725351402.1141918
1725351402.1304352
1725351402.17404
1725351402.206349
1725351402.2217638
1725351402.271913
1725351402.2728136
1725351402.3178527
1725351402.3184717
1725351402.3491244
1725351402.3833508
1725351402.384597
1725351402.384714
1725351402.444178
1725351402.4457512
1725351402.4538333
1725351402.4555123
1725351402.4797974
1725351402.4803398
1725351402.5143952
1725351402.5451744
1725351402.555698
1725351402.6098807
1725351402.6109326
1725351402.6121743
1725351402.7172778
1725351402.7187831
1725351402.7452521
1725351402.7461572
1725351402.7470355
1725351402.773124
1725351402.7742984
1725351402.7755053
1725351402.7907164
1725351402.790821
1725351402.824106
1725351402.8264441
1725351402.836802
1725351402.9595623
1725351402.961387
1725351402.9624822
1725351402.9801035
1725351403.0603008
1725351403.0729296
1725351403.074407
1725351403.0945303
1725351403.0958948
1725351403.0966446
1725351403.1315253
1725351403.1316242
1725351403.1325362
1725351403.1334598
1725351403.2152283
1725351403.2382596
1725351403.2395082
1725351403.2404099
1725351403.2410057
1725351403.2471974
1725351403.2615175
1725351403.262291
1725351403.2946951
1725351403.3103664
1725351403.330864
1725351403.3463247
1725351403.4077916
1725351403.441353
1725351403.4426649
1725351403.4507947
1725351403.4885333
1725351403.4965885
1725351403.5125244
1725351403.54982
1725351403.6007018
1725351403.6018302
1725351403.6023462
1725351403.6349425
1725351403.6367757
1725351403.670749
1725351403.6708446
1725351403.6781723
1725351403.6971915
1725351403.7109542
1725351403.7299712
1725351403.7433639
1725351403.7762132
1725351403.7821438
1725351403.8026056
1725351403.81078
1725351403.8318915
1725351403.8718274
1725351403.8948104
1725351403.8958836
1725351403.9393601
1725351403.9403915
1725351403.95346
1725351403.9914553
1725351403.9930413
1725351404.0071971
1725351404.0279617
1725351404.0752525
1725351404.0756454
1725351404.080615
1725351404.096759
1725351404.1145885
1725351404.1328685
1725351404.1758668
1725351404.1770394
1725351404.1786017
1725351404.24568
1725351404.2595925
1725351404.2598038
1725351404.3045433
1725351404.3046575
1725351404.3048904
1725351404.3539162
1725351404.3552666
1725351404.369751
1725351404.3817742
1725351404.393879
1725351404.4624867
1725351404.4632735
1725351404.4633665
1725351404.4735665
1725351404.515645
1725351404.5684905
1725351404.5689952
1725351404.6010854
1725351404.6018913
1725351404.602867
1725351404.6258955
1725351404.6441092
1725351404.6657388
1725351404.6667414
1725351404.6901739
1725351404.7066877
1725351404.7735996
1725351404.7742772
1725351404.784569
1725351404.7849705
1725351404.8039818
1725351404.815695
1725351404.8295398
1725351404.8965025
1725351404.8987734
1725351404.8997967
1725351404.9310486
1725351404.932762
1725351404.9339683
1725351404.9630704
1725351404.9644246
1725351404.98117
1725351404.9972181
1725351405.0186386
1725351405.0260892
1725351405.0734038
1725351405.0746803
1725351405.078417
1725351405.109306
1725351405.1103566
1725351405.1576488
1725351405.1586442
1725351405.1793537
1725351405.180788
1725351405.2074788
1725351405.2326546
1725351405.2499487
1725351405.2589438
1725351405.2795806
1725351405.2906005
1725351405.338786
1725351405.3396463
1725351405.3397288
1725351405.4036686
1725351405.4043775
1725351405.4044006
1725351405.4268894
1725351405.5532844
1725351405.5552135
1725351405.6049538
1725351405.6334577
1725351405.6357238
1725351405.648118
1725351405.6492443
1725351405.6608691
1725351405.6617982
1725351405.6626267
1725351405.7141154
1725351405.7144017
1725351405.7278998
1725351405.7284372
1725351405.7780557
1725351405.7791374
1725351405.7798052
1725351405.81291
1725351405.9425845
1725351405.9724193
1725351405.9730752
1725351405.973714
1725351405.9780927
1725351405.9791713
1725351405.9802203
1725351405.9963505
1725351405.9985743
1725351406.0086145
1725351406.021073
1725351406.0376787
1725351406.0567431
1725351406.0846505
1725351406.0851643
1725351406.131155
1725351406.1328635
1725351406.1344078
1725351406.1525035
1725351406.1669269
1725351406.1854374
1725351406.208793
1725351406.278004
1725351406.3078365
1725351406.3083704
1725351406.3338516
1725351406.3347206
1725351406.3858168
1725351406.388138
1725351406.388712
1725351406.4238315
1725351406.4596486
1725351406.5472062
1725351406.5483665
1725351406.5495415
1725351406.5592546
1725351406.560993
1725351406.5624292
1725351406.5783792
1725351406.5989857
1725351406.6166248
1725351406.6536772
1725351406.741022
1725351406.7627966
1725351406.7645912
1725351406.7650948
1725351406.7959497
1725351406.802785
1725351406.8171928
1725351406.8353093
1725351406.840575
1725351406.9313564
1725351406.9314713
1725351406.9333072
1725351406.9477384
1725351406.9504447
1725351406.9789133
1725351406.97968
1725351406.981128
1725351407.0768282
1725351407.07821
1725351407.079574
1725351407.1203067
1725351407.1224823
1725351407.2222106
1725351407.2222972
1725351407.2235062
1725351407.2658894
1725351407.2670262
1725351407.2676182
1725351407.2699828
1725351407.3031437
1725351407.3042252
1725351407.3103743
1725351407.311766
1725351407.33156
1725351407.3321683
1725351407.3576386
1725351407.3947084
1725351407.396497
1725351407.4290297
1725351407.4329379
1725351407.4332879
1725351407.4440012
1725351407.4597838
1725351407.4799924
1725351407.5150223
1725351407.5289903
1725351407.5605285
1725351407.5622363
1725351407.5741105
1725351407.6730802
1725351407.6738875
1725351407.6741729
1725351407.6827483
1725351407.7072146
1725351407.7249687
1725351407.7463493
1725351407.7473893
1725351407.7679684
1725351407.781348
1725351407.8507104
1725351407.8924673
1725351407.8932092
1725351407.8944454
1725351407.9240224
1725351407.925267
1725351407.957721
1725351407.977924
1725351408.033457
1725351408.033531
1725351408.0335956
1725351408.0937922
1725351408.0952005
1725351408.1305623
1725351408.1321344
1725351408.133138
1725351408.141094
1725351408.221452
1725351408.2215316
1725351408.250109
1725351408.2765496
1725351408.277153
1725351408.2781124
1725351408.295755
1725351408.3073535
1725351408.3258393
1725351408.33841
1725351408.3631425
1725351408.4061654
1725351408.4074705
1725351408.4085445
1725351408.4257865
1725351408.450493
1725351408.4694195
1725351408.4707515
1725351408.4892583
1725351408.5188634
1725351408.5495179
1725351408.564937
1725351408.5692067
1725351408.6000357
1725351408.6316223
1725351408.632629
1725351408.674066
1725351408.6755612
1725351408.7040868
1725351408.7045333
1725351408.7148564
1725351408.7398841
1725351408.8067994
1725351408.808696
1725351408.8728461
1725351408.8916802
1725351408.8923047
1725351408.9021456
1725351408.915731
1725351408.9411764
1725351408.9768217
1725351408.9771092
1725351409.0044491
1725351409.005007
1725351409.07485
1725351409.0767586
1725351409.0868893
1725351409.087469
1725351409.088552
1725351409.1618783
1725351409.1868143
1725351409.1879478
1725351409.1943
1725351409.2115319
1725351409.2241838
1725351409.2369676
1725351409.2551234
1725351409.2959316
1725351409.3416724
1725351409.3428493
1725351409.410737
1725351409.4118457
1725351409.4129796
1725351409.420983
1725351409.4232726
1725351409.423571
1725351409.5169544
1725351409.5181475
1725351409.5528977
1725351409.5540442
1725351409.5545242
1725351409.5656674
1725351409.57249
1725351409.6024938
1725351409.6123338
1725351409.61286
1725351409.6347485
1725351409.659897
1725351409.6603851
1725351409.69132
1725351409.6919596
1725351409.710063
1725351409.7500567
1725351409.8211215
1725351409.821819
1725351409.8228185
1725351409.8512182
1725351409.8517823
1725351409.8910346
1725351409.891288
1725351409.9262345
1725351409.927447
1725351409.9406135
1725351409.988737
1725351409.9967601
1725351410.0411463
1725351410.0420847
1725351410.058112
1725351410.1074176
1725351410.125122
1725351410.1481307
1725351410.1512754
1725351410.1705024
1725351410.2014089
1725351410.2015018
1725351410.2188878
1725351410.2370067
1725351410.2537782
1725351410.2704458
1725351410.2897668
1725351410.3578038
1725351410.3589206
1725351410.359759
1725351410.3651772
1725351410.3663576
1725351410.4024055
1725351410.4040098
1725351410.4193316
1725351410.4301233
1725351410.540664
1725351410.5422127
1725351410.5493915
1725351410.5506227
1725351410.552137
1725351410.557688
1725351410.5674334
1725351410.6008437
1725351410.614016
1725351410.6331937
1725351410.6998713
1725351410.7011762
1725351410.730258
1725351410.7315824
1725351410.7326725
1725351410.7336953
1725351410.7630806
1725351410.7645767
1725351410.788464
1725351410.8129964
1725351410.8368635
1725351410.8561437
1725351410.8724759
1725351410.895448
1725351410.8964982
1725351410.9405632
1725351410.9964652
1725351410.9979174
1725351411.007077
1725351411.0171304
1725351411.0477238
1725351411.0480165
1725351411.0638225
1725351411.124461
1725351411.1265337
1725351411.1946127
1725351411.1953945
1725351411.1959984
1725351411.2046075
1725351411.205287
1725351411.2274072
1725351411.2514656
1725351411.3084393
1725351411.3253307
1725351411.325445
1725351411.3262055
1725351411.3513753
1725351411.3521278
1725351411.3631756
1725351411.4034193
1725351411.4386683
1725351411.4401276
1725351411.4543948
1725351411.4825096
1725351411.4832
1725351411.5478692
1725351411.5493476
1725351411.5508456
1725351411.5678163
1725351411.5687916
1725351411.5790946
1725351411.6217136
1725351411.6228814
1725351411.648644
1725351411.6501038
1725351411.6686833
1725351411.693768
1725351411.6947935
1725351411.7702255
1725351411.7714124
1725351411.7723937
1725351411.8113308
1725351411.8124018
1725351411.8149529
1725351411.832832
1725351411.8524237
1725351411.8826308
1725351411.8836443
1725351411.9276543
1725351411.9289105
1725351411.930153
1725351411.979756
1725351411.9817793
1725351412.0231562
1725351412.0576768
1725351412.057715
1725351412.0580125
1725351412.0765567
1725351412.1095574
1725351412.1760914
1725351412.1899126
1725351412.1905746
1725351412.2203462
1725351412.2236538
1725351412.2576857
1725351412.2991989
1725351412.2998946
1725351412.300386
1725351412.3298137
1725351412.3326879
1725351412.3580437
1725351412.3599226
1725351412.4147348
1725351412.416228
1725351412.4358819
1725351412.517306
1725351412.524593
1725351412.5254755
1725351412.5264778
1725351412.535205
1725351412.5726492
1725351412.5739748
1725351412.6039133
1725351412.6066823
1725351412.6275852
1725351412.634618
1725351412.655293
1725351412.6705546
1725351412.7032127
1725351412.7045648
1725351412.7309527
1725351412.7872849
1725351412.7891273
1725351412.7945685
1725351412.795225
1725351412.8165934
1725351412.8176363
1725351412.904918
1725351412.9277062
1725351412.928322
1725351412.9290838
1725351412.9416895
1725351412.9421904
1725351412.9602056
1725351412.973995
1725351412.9908738
1725351413.0174248
1725351413.0596106
1725351413.1049883
1725351413.1062171
1725351413.1073406
1725351413.1126199
1725351413.1380508
1725351413.15177
1725351413.1641338
1725351413.224221
1725351413.2252326
1725351413.2314537
1725351413.2535996
1725351413.3208125
1725351413.3325346
1725351413.3333888
1725351413.3459256
1725351413.3809505
1725351413.4108326
1725351413.4179635
1725351413.53298
1725351413.5333018
1725351413.5531971
1725351413.5544424
1725351413.5608246
1725351413.5619507
1725351413.5625288
1725351413.5860903
1725351413.5968876
1725351413.625267
1725351413.6266582
1725351413.649099
1725351413.660257
1725351413.6870599
1725351413.6966536
1725351413.7590065
1725351413.7602823
1725351413.7717707
1725351413.8012333
1725351413.8023105
1725351413.839981
1725351413.8414812
1725351413.849051
1725351413.8814487
1725351413.9302833
1725351413.932517
1725351413.9337187
1725351413.9579513
1725351413.9772902
1725351413.9783425
1725351413.9996285
1725351414.0247111
1725351414.0625913
1725351414.0637603
1725351414.0647619
1725351414.0799422
1725351414.1621475
1725351414.1827717
1725351414.1840322
1725351414.209819
1725351414.2101836
1725351414.2112045
1725351414.2406943
1725351414.2434597
1725351414.3045657
1725351414.313018
1725351414.3138523
1725351414.3459542
1725351414.346814
1725351414.391039
1725351414.39125
1725351414.4088583
1725351414.4489722
1725351414.4502356
1725351414.4745328
1725351414.4755244
1725351414.4963498
1725351414.5260878
1725351414.5836477
1725351414.6650958
1725351414.6659217
1725351414.666937
1725351414.6896813
1725351414.6916595
1725351414.6985066
1725351414.6998405
1725351414.7009418
1725351414.7360315
1725351414.7377086
1725351414.7436376
1725351414.760827
1725351414.8110847
1725351414.8125868
1725351414.8137283
1725351414.8419652
1725351414.843131
1725351414.8586252
1725351414.897954
1725351414.8990424
1725351414.9289901
1725351414.9304144
1725351414.9414966
1725351415.0122004
1725351415.0134487
1725351415.0462584
1725351415.0485518
1725351415.0490541
1725351415.05949
1725351415.0601256
1725351415.0938716
1725351415.0949285
1725351415.123411
1725351415.141874
1725351415.1605473
1725351415.1831865
1725351415.2003443
1725351415.2013938
1725351415.2295518
1725351415.248799
1725351415.258089
1725351415.3444245
1725351415.3450494
1725351415.3456473
1725351415.3462062
1725351415.3716674
1725351415.4200683
1725351415.4514894
1725351415.485627
1725351415.504653
1725351415.5075054
1725351415.5341702
1725351415.5414083
1725351415.5938556
1725351415.59395
1725351415.594499
1725351415.626841
1725351415.6286175
1725351415.6754837
1725351415.6755724
1725351415.6774254
1725351415.7005885
1725351415.7228243
1725351415.8143685
1725351415.8154783
1725351415.8160172
1725351415.8281422
1725351415.8286278
1725351415.8582842
1725351415.859312
1725351416.1616426
1725351416.1618288
1725351416.1618693
1725351416.1619008
1725351416.1619473
1725351416.1620264
1725351416.1622105
1725351416.1622674
1725351416.1623216
1725351416.1624258
1725351416.1624992
1725351416.1625576
1725351416.1629372
1725351416.163096
1725351416.1853368
1725351416.2742147
1725351416.2748792
1725351416.27727
1725351416.2864254
1725351416.3250563
1725351416.3257897
1725351416.3258417
1725351416.3259032
1725351416.3291125
1725351416.4556794
1725351416.4558535
1725351416.455907
1725351416.4559453
1725351416.467251
1725351416.468155
1725351416.4690413
1725351416.472642
1725351416.5151758
1725351416.5675824
1725351416.572228
1725351416.7041998
1725351416.7083275
1725351416.7417467
1725351416.7482455
1725351416.7483287
1725351416.7542834
1725351416.7578697
1725351416.7875028
1725351416.7880828
1725351416.7898932
1725351416.8452756
1725351416.8564038
1725351416.856558
1725351416.8567715
1725351416.8569584
1725351416.8897367
1725351416.8979416
1725351416.9122877
1725351416.9794834
1725351416.979631
1725351416.9798324
1725351416.9799743
1725351417.0512235
1725351417.0515018
1725351417.051622
1725351417.051731
1725351417.134497
1725351417.1359503
1725351417.1622183
1725351417.1630964
1725351417.1650395
1725351417.2007284
1725351417.2170162
1725351417.2431188
1725351417.24334
1725351417.2435086
1725351417.3094893
1725351417.3233922
1725351417.3235447
1725351417.3236933
1725351417.359149
1725351417.3599827
1725351417.3602655
1725351417.3620517
1725351417.3781466
1725351417.4297473
1725351417.4364927
1725351417.507309
1725351417.508559
1725351417.525151
1725351417.5261126
1725351417.5266078
1725351417.5781875
1725351417.5789495
1725351417.6862836
1725351417.7768304
1725351417.776971
1725351417.7790966
1725351417.7793725
1725351417.8052335
1725351417.806487
1725351417.8209624
1725351417.821232
1725351417.8633082
1725351417.8639777
1725351417.8647583
1725351417.9489195
1725351417.9498317
1725351417.9665434
1725351417.9674652
1725351417.972573
1725351417.9746935
1725351417.9924808
1725351417.9929624
1725351417.998796
1725351417.9991887
1725351418.0178242
1725351418.0288904
1725351418.0461152
1725351418.144382
1725351418.145406
1725351418.146976
1725351418.1615744
1725351418.1633422
1725351418.1922657
1725351418.1925662
1725351418.1939528
1725351418.195171
1725351418.2079358
1725351418.2397554
1725351418.2748148
1725351418.2757175
1725351418.2938082
1725351418.2940774
1725351418.3446743
1725351418.3458402
1725351418.3473186
1725351418.4005816
1725351418.401691
1725351418.4027407
1725351418.4350576
1725351418.4678407
1725351418.4917235
1725351418.492355
1725351418.4934382
1725351418.5079284
1725351418.5265365
1725351418.5409625
1725351418.579413
1725351418.6097357
1725351418.6204276
1725351418.6207883
1725351418.6378489
1725351418.7075098
1725351418.7365375
1725351418.7440739
1725351418.776441
1725351418.7771673
1725351418.8398442
1725351418.8416328
1725351418.8717265
1725351418.8754172
1725351418.9357953
1725351418.9368947
1725351418.9387305
1725351418.9428525
1725351418.9436188
1725351418.9830177
1725351418.9837172
1725351419.010538
1725351419.0385337
1725351419.0797026
1725351419.1004453
1725351419.1011634
1725351419.1185744
1725351419.1565576
1725351419.1581466
1725351419.1827416
1725351419.269703
1725351419.299164
1725351419.2999249
1725351419.3007636
1725351419.3372633
1725351419.3388174
1725351419.339263
1725351419.3399534
1725351419.358971
1725351419.3598871
1725351419.397758
1725351419.3996305
1725351419.4008772
1725351419.425259
1725351419.4506323
1725351419.4942546
1725351419.5091176
1725351419.509813
1725351419.5219264
1725351419.6176114
1725351419.6177158
1725351419.6195614
1725351419.6357121
1725351419.6362925
1725351419.6386657
1725351419.69511
1725351419.6984828
1725351419.7046146
1725351419.805764
1725351419.8076458
1725351419.80952
1725351419.8139048
1725351419.84708
1725351419.849179
1725351419.8565412
1725351419.8570147
1725351419.883919
1725351419.9231203
1725351419.9454105
1725351420.001081
1725351420.003844
1725351420.0427597
1725351420.044023
1725351420.0469975
1725351420.095101
1725351420.0954828
1725351420.1419954
1725351420.1433282
1725351420.144431
1725351420.241171
1725351420.2432716
1725351420.2541916
1725351420.2552085
1725351420.2579017
1725351420.2585113
1725351420.2857502
1725351420.287545
1725351420.2899158
1725351420.3209982
1725351420.323342
1725351420.3629296
1725351420.3639524
1725351420.3926342
1725351420.4208527
1725351420.4223304
1725351420.4428496
1725351420.4679494
1725351420.469093
1725351420.48073
1725351420.5119462
1725351420.5326998
1725351420.5522754
1725351420.5624967
1725351420.5824957
1725351420.5937326
1725351420.627833
1725351420.629244
1725351420.661997
1725351420.6628218
1725351420.6785598
1725351420.770254
1725351420.7717624
1725351420.7814941
1725351420.7833421
1725351420.8055325
1725351420.8072324
1725351420.8117764
1725351420.8378406
1725351420.8623667
1725351420.8833914
1725351420.9018795
1725351420.929565
1725351420.9449618
1725351420.959975
1725351420.9800177
1725351421.0108464
1725351421.0366976
1725351421.1508262
1725351421.151879
1725351421.1650486
1725351421.1668534
1725351421.1669943
1725351421.2214112
1725351421.2521126
1725351421.2537813
1725351421.2543476
1725351421.333409
1725351421.333899
1725351421.3361807
1725351421.3503988
1725351421.3524337
1725351421.352977
1725351421.364074
1725351421.3714674
1725351421.3931406
1725351421.4086735
1725351421.4361506
1725351421.4376533
1725351421.463487
1725351421.4982193
1725351421.4985003
1725351421.4992166
1725351421.5429978
1725351421.5444381
1725351421.551556
1725351421.5770922
1725351421.6002111
1725351421.6013715
1725351421.6494908
1725351421.6505063
1725351421.6515434
1725351421.6815932
1725351421.6818595
1725351421.7026904
1725351421.713792
1725351421.8359442
1725351421.8736365
1725351421.8759122
1725351421.8764603
1725351421.8889978
1725351421.889872
1725351421.8917747
1725351421.8932571
1725351421.942676
1725351421.943505
1725351421.9435344
1725351421.944241
1725351421.9785328
1725351422.0320065
1725351422.0488489
1725351422.1055093
1725351422.105623
1725351422.1136672
1725351422.1322567
1725351422.163378
1725351422.2042503
1725351422.2047546
1725351422.2052472
1725351422.2630208
1725351422.2655785
1725351422.269409
1725351422.269522
1725351422.2879982
1725351422.28957
1725351422.3375301
1725351422.368178
1725351422.4105422
1725351422.4115047
1725351422.4120188
1725351422.4350557
1725351422.4443948
1725351422.4860468
1725351422.4992893
1725351422.5149734
1725351422.5608933
1725351422.5623248
1725351422.5953126
1725351422.595597
1725351422.5967002
1725351422.6180499
1725351422.624015
1725351422.6710715
1725351422.6734004
1725351422.6845107
1725351422.746965
1725351422.7479758
1725351422.7489676
1725351422.870799
1725351422.8941061
1725351422.8952942
1725351422.896295
1725351422.9066212
1725351422.9078677
1725351422.909049
1725351422.9204721
1725351422.9211557
1725351422.922258
1725351422.99837
1725351423.052792
1725351423.053006
1725351423.0538702
1725351423.0539825
1725351423.0623379
1725351423.092104
1725351423.093991
1725351423.1136048
1725351423.1300352
1725351423.2142932
1725351423.215461
1725351423.2267358
1725351423.2373784
1725351423.2572246
1725351423.2580209
1725351423.2994878
1725351423.3078668
1725351423.3241124
1725351423.3610787
1725351423.3799145
1725351423.4407125
1725351423.4424727
1725351423.443366
1725351423.4629195
1725351423.4645298
1725351423.5332844
1725351423.5346808
1725351423.53995
1725351423.5407834
1725351423.5417693
1725351423.561756
1725351423.5917783
1725351423.5931716
1725351423.6255085
1725351423.6266515
1725351423.6651547
1725351423.7214835
1725351423.72291
1725351423.735475
1725351423.7364116
1725351423.7378604
1725351423.777052
1725351423.778787
1725351423.8187807
1725351423.8272097
1725351423.8921773
1725351423.8937383
1725351423.8943098
1725351423.9034054
1725351423.90495
1725351424.0195003
1725351424.0207527
1725351424.0219145
1725351424.034463
1725351424.0355268
1725351424.0557756
1725351424.0574245
1725351424.0605097
1725351424.1219158
1725351424.1229749
1725351424.1337552
1725351424.1342404
1725351424.1803877
1725351424.182924
1725351424.2013066
1725351424.2124197
1725351424.3138435
1725351424.3159196
1725351424.3172493
1725351424.3261957
1725351424.3277645
1725351424.340467
1725351424.3589776
1725351424.374252
1725351424.4045072
1725351424.404928
1725351424.4433432
1725351424.4556677
1725351424.4704304
1725351424.5262525
1725351424.5270817
1725351424.527618
1725351424.5613484
1725351424.5629778
1725351424.568807
1725351424.6051369
1725351424.6152904
1725351424.6320324
1725351424.6613042
1725351424.672452
1725351424.6909592
1725351424.7046306
1725351424.7433352
1725351424.7444787
1725351424.7485678
1725351424.770585
1725351424.80103
1725351424.8023798
1725351424.8181303
1725351424.8401747
1725351424.8507829
1725351424.9014869
1725351424.9032543
1725351424.9194548
1725351424.9199781
1725351424.9484994
1725351424.948862
1725351425.0014954
1725351425.002756
1725351425.0038812
1725351425.0101106
1725351425.0549119
1725351425.075512
1725351425.1571765
1725351425.1581335
1725351425.1590676
1725351425.1598377
1725351425.1764078
1725351425.1789367
1725351425.2260995
1725351425.2270832
1725351425.22729
1725351425.2442608
1725351425.271891
1725351425.3178303
1725351425.3414395
1725351425.3628707
1725351425.3630342
1725351425.4142146
1725351425.455999
1725351425.4575124
1725351425.483607
1725351425.484808
1725351425.511434
1725351425.5127664
1725351425.529362
1725351425.5474977
1725351425.578153
1725351425.5784872
1725351425.6085336
1725351425.6258361
1725351425.6847832
1725351425.7173023
1725351425.7177682
1725351425.7182703
1725351425.7212236
1725351425.7526927
1725351425.7546222
1725351425.8540025
1725351425.8606966
1725351425.8626437
1725351425.8810244
1725351425.883369
1725351425.8837702
1725351425.917276
1725351425.9185817
1725351425.919801
1725351425.9569452
1725351425.9577549
1725351426.062529
1725351426.0635307
1725351426.0646079
1725351426.0707881
1725351426.1012304
1725351426.130634
1725351426.1307347
1725351426.1318235
1725351426.1364179
1725351426.137219
1725351426.1578634
1725351426.2586293
1725351426.2599056
1725351426.2608438
1725351426.277888
1725351426.286313
1725351426.2876716
1725351426.32528
1725351426.3260007
1725351426.3572762
1725351426.359308
1725351426.3764462
1725351426.409391
1725351426.4535275
1725351426.4547315
1725351426.4566178
1725351426.490191
1725351426.5233908
1725351426.5641716
1725351426.5658245
1725351426.6385949
1725351426.6861863
1725351426.6878083
1725351426.688446
1725351426.708664
1725351426.7097218
1725351426.7104225
1725351426.7233706
1725351426.7291117
1725351426.7626472
1725351426.7649539
1725351426.8872378
1725351426.8884444
1725351426.8896067
1725351426.9251366
1725351426.926294
1725351426.9267673
1725351426.9341583
1725351426.9653232
1725351426.9661412
1725351426.966766
1725351427.0066807
1725351427.007179
1725351427.0086088
1725351427.0320213
1725351427.0335653
1725351427.058701
1725351427.0603504
1725351427.0999565
1725351427.1111834
1725351427.2566457
1725351427.2582183
1725351427.2590837
1725351427.277924
1725351427.2790725
1725351427.2891428
1725351427.2932565
1725351427.2933679
1725351427.29343
1725351427.3101711
1725351427.3127332
1725351427.333014
1725351427.3396742
1725351427.3802133
1725351427.3811567
1725351427.4152043
1725351427.4153416
1725351427.4617128
1725351427.4627635
1725351427.5183494
1725351427.5294194
1725351427.5296226
1725351427.5640323
1725351427.5650449
1725351427.577054
1725351427.615474
1725351427.6236742
1725351427.7395456
1725351427.7405496
1725351427.7416315
1725351427.7428772
1725351427.7529263
1725351427.7652996
1725351427.7677073
1725351427.8060167
1725351427.8072011
1725351427.807547
1725351427.837127
1725351427.8377535
1725351427.9394088
1725351427.9412396
1725351427.944727
1725351427.9468405
1725351427.9593396
1725351427.9599345
1725351428.0328176
1725351428.03392
1725351428.034433
1725351428.0446649
1725351428.0464551
1725351428.0718806
1725351428.072652
1725351428.1260939
1725351428.127163
1725351428.1282136
1725351428.1440308
1725351428.2665217
1725351428.2686331
1725351428.3300781
1725351428.3312993
1725351428.3332632
1725351428.3468306
1725351428.3476543
1725351428.3481708
1725351428.348826
1725351428.370673
1725351428.3729074
1725351428.4886441
1725351428.489691
1725351428.499569
1725351428.500499
1725351428.502108
1725351428.5026147
1725351428.5171266
1725351428.5533772
1725351428.5552444
1725351428.5552711
1725351428.5556903
1725351428.5857573
1725351428.6157846
1725351428.629008
1725351428.7049925
1725351428.7447126
1725351428.7458446
1725351428.7609265
1725351428.7622578
1725351428.7707994
1725351428.7716575
1725351428.785639
1725351428.7937822
1725351428.822874
1725351428.831114
1725351428.8583057
1725351428.8803258
1725351428.8808293
1725351428.9566524
1725351428.9675274
1725351428.968112
1725351428.9926357
1725351429.0178428
1725351429.0188792
1725351429.0598807
1725351429.0611584
1725351429.0834615
1725351429.1173275
1725351429.178399
1725351429.179139
1725351429.1800861
1725351429.215433
1725351429.215927
1725351429.2164428
1725351429.2198703
1725351429.2467299
1725351429.2481322
1725351429.267011
1725351429.3494732
1725351429.3502853
1725351429.352692
1725351429.370379
1725351429.391177
1725351429.4202926
1725351429.4208531
1725351429.4503393
1725351429.4508405
1725351429.451836
1725351429.5164208
1725351429.5284455
1725351429.5289414
1725351429.5497963
1725351429.5940907
1725351429.5956717
1725351429.5963826
1725351429.6418025
1725351429.6428
1725351429.7114983
1725351429.7146654
1725351429.7544432
1725351429.755231
1725351429.7627184
1725351429.763073
1725351429.7862017
1725351429.8600216
1725351429.8608987
1725351429.8849468
1725351429.886672
1725351429.9175754
1725351429.9198434
1725351430.056593
1725351430.0575893
1725351430.0585084
1725351430.1025922
1725351430.1028848
1725351430.12277
1725351430.1237674
1725351430.1250415
1725351430.130582
1725351430.131127
1725351430.1607285
1725351430.1608613
1725351430.19261
1725351430.2036455
1725351430.2103753
1725351430.2321684
1725351430.2812996
1725351430.2822375
1725351430.300742
1725351430.3087842
1725351430.3405113
1725351430.3408492
1725351430.3783944
1725351430.3956394
1725351430.4079828
1725351430.4241538
1725351430.458149
1725351430.4594815
1725351430.5574243
1725351430.5589592
1725351430.5708797
1725351430.5717459
1725351430.572585
1725351430.5829484
1725351430.58313
1725351430.6363595
1725351430.6410172
1725351430.6424923
1725351430.6873114
1725351430.6875074
1725351430.6907089
1725351430.7640443
1725351430.7659643
1725351430.7830148
1725351430.7846289
1725351430.8195717
1725351430.8211105
1725351430.8407714
1725351430.8509905
1725351430.8899927
1725351430.9211094
1725351430.965271
1725351430.9664092
1725351430.967371
1725351430.9854558
1725351430.986476
1725351431.0285504
1725351431.0545897
1725351431.1148262
1725351431.1157117
1725351431.1167274
1725351431.1178055
1725351431.143798
1725351431.1441891
1725351431.1639705
1725351431.18768
1725351431.2183416
1725351431.2188442
1725351431.241937
1725351431.2691145
1725351431.2700877
1725351431.2945514
1725351431.2950246
1725351431.3326926
1725351431.3354633
1725351431.3447595
1725351431.3907444
1725351431.3910131
1725351431.4038317
1725351431.4159224
1725351431.4345894
1725351431.4863937
1725351431.4876025
1725351431.538662
1725351431.540871
1725351431.541901
1725351431.5555563
1725351431.5558493
1725351431.6123598
1725351431.6147714
1725351431.6155996
1725351431.6363058
1725351431.6501727
1725351431.6960113
1725351431.6974592
1725351431.726915
1725351431.7424932
1725351431.7434514
1725351431.7494051
1725351431.8111768
1725351431.8119104
1725351431.8124824
1725351431.828673
1725351431.868123
1725351431.9202504
1725351431.9827485
1725351432.0003152
1725351432.0059483
1725351432.0065584
1725351432.018102
1725351432.0412672
1725351432.1167665
1725351432.117349
1725351432.1178076
1725351432.1378975
1725351432.1390262
1725351432.1513503
1725351432.15225
1725351432.1578093
1725351432.17921
1725351432.2325056
1725351432.254635
1725351432.2702808
1725351432.2976387
1725351432.2987635
1725351432.3086727
1725351432.3414917
1725351432.3420944
1725351432.3843246
1725351432.4460034
1725351432.448361
1725351432.4523022
1725351432.5256665
1725351432.5263507
1725351432.5271685
1725351432.5581448
1725351432.5591934
1725351432.5606642
1725351432.6021895
1725351432.6028466
1725351432.6032407
1725351432.6079912
1725351432.6210172
1725351432.6581
1725351432.66041
1725351432.7185643
1725351432.7193794
1725351432.7373736
1725351432.738192
1725351432.739784
1725351432.7595513
1725351432.7977753
1725351432.8001492
1725351432.8471787
1725351432.8661375
1725351432.8897603
1725351432.8908885
1725351432.913644
1725351432.9316578
1725351432.937401
1725351432.9692407
1725351432.9914043
1725351433.0095096
1725351433.0180218
1725351433.0342975
1725351433.0763495
1725351433.1219032
1725351433.122648
1725351433.14276
1725351433.169165
1725351433.186701
1725351433.199138
1725351433.2479038
1725351433.2501674
1725351433.2793212
1725351433.279574
1725351433.2939334
1725351433.31897
1725351433.3583133
1725351433.3595507
1725351433.3684173
1725351433.4020073
1725351433.4031467
1725351433.431455
1725351433.4323611
1725351433.4766042
1725351433.478618
1725351433.481532
1725351433.517118
1725351433.5182722
1725351433.5550427
1725351433.5653622
1725351433.5863843
1725351433.6010344
1725351433.6236124
1725351433.6606085
1725351433.662123
1725351433.6825287
1725351433.712284
1725351433.7341173
1725351433.73435
1725351433.7572775
1725351433.7632816
1725351433.7943122
1725351433.7955978
1725351433.8232913
1725351433.8861613
1725351433.8882232
1725351433.8889694
1725351433.9345293
1725351433.9544728
1725351433.9552193
1725351434.0251014
1725351434.0334146
1725351434.0334985
1725351434.0335774
1725351434.0809414
1725351434.0836887
1725351434.1134863
1725351434.1740518
1725351434.1751964
1725351434.1762044
1725351434.1785052
1725351434.2548418
1725351434.2781844
1725351434.2800488
1725351434.2816944
1725351434.299195
1725351434.3001704
1725351434.386373
1725351434.4928408
1725351434.4949942
1725351434.5237656
1725351434.5256622
1725351434.5265574
1725351434.5476522
1725351434.5481658
1725351434.5486763
1725351434.5589461
1725351434.5665102
1725351434.5697572
1725351434.607768
1725351434.6084423
1725351434.6089437
1725351434.616934
1725351434.6174796
1725351434.6183996
1725351434.6403732
1725351434.6586134
1725351434.708042
1725351434.7095668
1725351434.7104018
1725351434.7400398
1725351434.7405324
1725351434.7705421
1725351434.7717383
1725351434.7870922
1725351434.8168156
1725351434.8182766
1725351434.8287263
1725351434.8411689
1725351434.9847398
1725351434.9853487
1725351434.9867294
1725351434.9922645
1725351434.996209
1725351434.9964457
1725351434.9987202
1725351435.0043526
1725351435.006157
1725351435.0268571
1725351435.1222947
1725351435.1684349
1725351435.1706176
1725351435.1706402
1725351435.1706598
1725351435.170756
1725351435.245428
1725351435.3777344
1725351435.3939412
1725351435.3965642
1725351435.4074612
1725351435.4087415
1725351435.4104576
1725351435.412907
1725351435.4151742
1725351435.4161339
1725351435.417175
1725351435.449327
1725351435.4508572
1725351435.4930944
1725351435.494086
1725351435.5214972
1725351435.5519736
1725351435.5809968
1725351435.5822377
1725351435.5914156
1725351435.6414301
1725351435.6430154
1725351435.6435742
1725351435.6803732
1725351435.70919
1725351435.7093556
1725351435.7380316
1725351435.7655838
1725351435.7667003
1725351435.7774122
1725351435.8330123
1725351435.8337646
1725351435.8648157
1725351435.8652878
1725351435.866494
1725351435.8996916
1725351435.9009454
1725351435.968769
1725351436.1129794
1725351436.1215281
1725351436.123557
1725351436.1344154
1725351436.1354704
1725351436.137509
1725351436.142843
1725351436.144428
1725351436.1655922
1725351436.1661055
1725351436.1741965
1725351436.1909342
1725351436.192267
1725351436.1930697
1725351436.2460067
1725351436.2474163
1725351436.2524183
1725351436.2530198
1725351436.2944584
1725351436.3868425
1725351436.3876278
1725351436.3878458
1725351436.4449124
1725351436.5017583
1725351436.5028377
1725351436.5034456
1725351436.5106506
1725351436.533958
1725351436.534539
1725351436.5350602
1725351436.5564299
1725351436.5652277
1725351436.657788
1725351436.6581576
1725351436.6631367
1725351436.7359881
1725351436.7364836
1725351436.7457156
1725351436.746899
1725351436.7475333
1725351436.7480116
1725351436.759199
1725351436.760945
1725351436.8485608
1725351436.8490887
1725351436.8887522
1725351436.89088
1725351436.903565
1725351436.904818
1725351436.9063768
1725351436.9210193
1725351437.0117607
1725351437.0129714
1725351437.0594869
1725351437.060242
1725351437.0615797
1725351437.062237
1725351437.0746975
1725351437.0760198
1725351437.0921967
1725351437.1046252
1725351437.1243422
1725351437.1649191
1725351437.1652632
1725351437.1909323
1725351437.2794056
1725351437.2809992
1725351437.287356
1725351437.2875645
1725351437.2941926
1725351437.2943485
1725351437.326903
1725351437.3472612
1725351437.3906627
1725351437.4432387
1725351437.4448473
1725351437.44513
1725351437.4543142
1725351437.4556634
1725351437.495596
1725351437.5113015
1725351437.540496
1725351437.5410025
1725351437.601981
1725351437.6030726
1725351437.6181316
1725351437.6531703
1725351437.6560657
1725351437.6878026
1725351437.6900613
1725351437.6903515
1725351437.7197688
1725351437.7207983
1725351437.7378833
1725351437.7777722
1725351437.7933016
1725351437.8064604
1725351437.8188596
1725351437.8565688
1725351437.8589358
1725351437.8681443
1725351437.940786
1725351437.9415517
1725351437.9464355
1725351437.947708
1725351438.033632
1725351438.0346546
1725351438.0363967
1725351438.086845
1725351438.0902116
1725351438.091508
1725351438.0924003
1725351438.1131363
1725351438.1144798
1725351438.1158636
1725351438.1445706
1725351438.1457448
1725351438.1667945
1725351438.179923
1725351438.2134695
1725351438.2509668
1725351438.252033
1725351438.290606
1725351438.2916708
1725351438.3051138
1725351438.3171265
1725351438.332
1725351438.3851743
1725351438.3858557
1725351438.3988137
1725351438.4153967
1725351438.448855
1725351438.4898798
1725351438.502858
1725351438.5199318
1725351438.544022
1725351438.5911095
1725351438.596464
1725351438.614611
1725351438.6565273
1725351438.6575384
1725351438.671765
1725351438.677555
1725351438.6951334
1725351438.7103312
1725351438.726239
1725351438.7422862
1725351438.7585037
1725351438.7939012
1725351438.8384109
1725351438.8482556
1725351438.8650537
1725351438.8783472
1725351438.9025998
1725351438.9337306
1725351438.9340115
1725351438.9654665
1725351438.9816997
1725351438.994976
1725351439.0140722
1725351439.0259912
1725351439.044648
1725351439.0605128
1725351439.074714
1725351439.0936623
1725351439.1195486
1725351439.126577
1725351439.1546435
1725351439.1572576
1725351439.1803317
1725351439.1932576
1725351439.23875
1725351439.2443247
1725351439.2637544
1725351439.2809396
1725351439.2895477
1725351439.3054368
1725351439.3277655
1725351439.34354
1725351439.3597062
1725351439.3774157
1725351439.425485
1725351439.4427655
1725351439.4661443
1725351439.4789503
1725351439.4988344
1725351439.5143096
1725351439.5404122
1725351439.5593648
1725351439.587186
1725351439.6017432
1725351439.616394
1725351439.6326075
1725351439.673872
1725351439.7028656
1725351439.711265
1725351439.7376082
1725351439.7643688
1725351439.778555
1725351439.7954783
1725351439.8297715
1725351439.843734
1725351439.8664646
1725351439.8780828
1725351439.8951375
1725351439.9116101
1725351439.92882
1725351439.94256
1725351439.9795923
1725351439.980304
1725351440.0015469
1725351440.0093863
1725351440.026808
1725351440.0410354
1725351440.0669727
1725351440.082621
1725351440.1045706
1725351440.1162255
1725351440.1461034
1725351440.1578794
1725351440.178475
1725351440.193687
1725351440.2123542
1725351440.228638
1725351440.2438896
1725351440.272818
1725351440.2911313
1725351440.3052764
1725351440.3364658
1725351440.3459072
1725351440.3704755
1725351440.3875299
1725351440.391452
1725351440.4077775
1725351440.425895
1725351440.4394114
1725351440.4575405
1725351440.4908893
1725351440.507924
1725351440.5531168
1725351440.5656807
1725351440.5663762
1725351440.5799022
1725351440.605197
1725351440.6264753
1725351440.6406553
1725351440.6583664
1725351440.674619
1725351440.7065728
1725351440.723087
1725351440.7428653
1725351440.772034
1725351440.792669
1725351440.8095539
1725351440.8227406
1725351440.8412666
1725351440.8577151
1725351440.891517
1725351440.9316664
1725351440.9662623
1725351440.9683573
1725351440.9787166
1725351440.9795654
1725351440.9875648
1725351441.0040178
1725351441.028113
1725351441.0401022
1725351441.0797153
1725351441.0892143
1725351441.1097977
1725351441.1220317
1725351441.1378305
1725351441.1536736
1725351441.1827564
1725351441.2406719
1725351441.242675
1725351441.2494285
1725351441.2500288
1725351441.2662048
1725351441.2827141
1725351441.2978456
1725351441.3380253
1725351441.3404834
1725351441.3747802
1725351441.3758953
1725351441.3792658
1725351441.401624
1725351441.4191222
1725351441.4296596
1725351441.446194
1725351441.4636505
1725351441.478628
1725351441.5161283
1725351441.5396736
1725351441.548414
1725351441.5635557
1725351441.5765672
1725351441.5921767
1725351441.6102028
1725351441.6259642
1725351441.707155
1725351441.7089696
1725351441.7096853
1725351441.70977
1725351441.7385812
1725351441.7856393
1725351441.8321874
1725351441.8773031
1725351441.8939593
1725351441.9100134
1725351441.9480793
1725351441.9486248
1725351441.962942
1725351441.9908466
1725351442.0081658
1725351442.0087478
1725351442.0282097
1725351442.0422046
1725351442.0586693
1725351442.0991845
1725351442.1357918
1725351442.150719
1725351442.1579752
1725351442.1972842
1725351442.19833
1725351442.2142568
1725351442.2311828
1725351442.2582967
1725351442.2756417
1725351442.2926707
1725351442.3080006
1725351442.3246093
1725351442.3460517
1725351442.362079
1725351442.3866224
1725351442.3968678
1725351442.4381354
1725351442.4394057
1725351442.4437258
1725351442.4594216
1725351442.4762437
1725351442.4904437
1725351442.5305314
1725351442.5509994
1725351442.5657463
1725351442.6107755
1725351442.6120613
1725351442.6125827
1725351442.6239855
1725351442.6436021
1725351442.6551936
1725351442.6781487
1725351442.7135563
1725351442.7386184
1725351442.7561746
1725351442.770361
1725351442.7900815
1725351442.8122354
1725351442.825455
1725351442.8378363
1725351442.8722918
1725351442.8879142
1725351442.9052544
1725351442.9168215
1725351442.9548347
1725351443.0006654
1725351443.0012174
1725351443.0202575
1725351443.0610964
1725351443.0685134
1725351443.082738
1725351443.1172593
1725351443.1333468
1725351443.148747
1725351443.190143
1725351443.1910796
1725351443.224672
1725351443.2381191
1725351443.2404394
1725351443.2582347
1725351443.2702863
1725351443.2830946
1725351443.3004017
1725351443.3574142
1725351443.358422
1725351443.3598173
1725351443.381923
1725351443.3835626
1725351443.411906
1725351443.4359646
1725351443.4484465
1725351443.4700472
1725351443.4831986
1725351443.523092
1725351443.5494127
1725351443.5500345
1725351443.5651507
1725351443.5807521
1725351443.5968995
1725351443.615741
1725351443.6370332
1725351443.6664312
1725351443.6677883
1725351443.6968207
1725351443.6981668
1725351443.7165332
1725351443.730307
1725351443.7477908
1725351443.779783
1725351443.7994523
1725351443.817563
1725351443.8422568
1725351443.8436306
1725351443.8809624
1725351443.8817923
1725351443.9116714
1725351443.956441
1725351443.9601023
1725351443.9910562
1725351443.9932418
1725351444.0113156
1725351444.025164
1725351444.041649
1725351444.074852
1725351444.108004
1725351444.1099083
1725351444.1673474
1725351444.1679282
1725351444.1689305
1725351444.1980073
1725351444.2179008
1725351444.2349646
1725351444.247706
1725351444.2851212
1725351444.286245
1725351444.2998679
1725351444.3100712
1725351444.3323014
1725351444.3655214
1725351444.3737762
1725351444.3931088
1725351444.416676
1725351444.4949937
1725351444.4959855
1725351444.4992044
1725351444.5058
1725351444.5073547
1725351444.508299
1725351444.5244272
1725351444.5400941
1725351444.5552037
1725351444.5716493
1725351444.586885
1725351444.6033401
1725351444.6534903
1725351444.654588
1725351444.6652296
1725351444.6705785
1725351444.698791
1725351444.7098124
1725351444.7243192
1725351444.7454324
1725351444.757738
1725351444.7734315
1725351444.806643
1725351444.846253
1725351444.8475819
1725351444.8574665
1725351444.8734114
1725351444.8894103
1725351444.9095452
1725351444.9192302
1725351444.9650972
1725351444.96735
1725351444.9819798
1725351444.998441
1725351445.0500977
1725351445.1003866
1725351445.115113
1725351445.1270797
1725351445.1308348
1725351445.1652882
1725351445.180372
1725351445.2049224
1725351445.2401695
1725351445.2406914
1725351445.260076
1725351445.2667625
1725351445.2798877
1725351445.3020823
1725351445.3321257
1725351445.3334556
1725351445.3506908
1725351445.3801277
1725351445.415525
1725351445.429989
1725351445.4534132
1725351445.4694586
1725351445.4822135
1725351445.5095205
1725351445.5266206
1725351445.544478
1725351445.5634913
1725351445.5767422
1725351445.6004653
1725351445.608706
1725351445.6271107
1725351445.6412494
1725351445.6630678
1725351445.6804106
1725351445.6912458
1725351445.712741
1725351445.735627
1725351445.7445214
1725351445.7558856
1725351445.7740262
1725351445.816486
1725351445.8329897
1725351445.8491876
1725351445.8631651
1725351445.8714805
1725351445.8881485
1725351445.912049
1725351445.9261212
1725351445.9416199
1725351445.9592154
1725351445.9966993
1725351446.0298104
1725351446.0378644
1725351446.0579545
1725351446.074759
1725351446.0914319
1725351446.1040325
1725351446.1182885
1725351446.1547866
1725351446.1674075
1725351446.1824543
1725351446.1998239
1725351446.2369034
1725351446.2702024
1725351446.2837336
1725351446.312372
1725351446.3371222
1725351446.3712897
1725351446.3737001
1725351446.396925
1725351446.4123552
1725351446.4278817
1725351446.4437263
1725351446.4611135
1725351446.4799774
1725351446.4941523
1725351446.5096285
1725351446.5268931
1725351446.542637
1725351446.5593326
1725351446.5756466
1725351446.5927272
1725351446.6088307
1725351446.6330202
1725351446.6489635
1725351446.6644948
1725351446.6792946
1725351446.710532
1725351446.7498844
1725351446.7500424
1725351446.7687016
1725351446.7757528
1725351446.796385
1725351446.8176842
1725351446.841127
1725351446.8553727
1725351446.8748732
1725351446.889537
1725351446.9045079
1725351446.9227087
1725351446.9412625
1725351446.9616306
1725351446.994911
1725351446.9954064
1725351447.0135846
1725351447.019835
1725351447.053877
1725351447.0713239
1725351447.0857844
1725351447.1024294
1725351447.118159
1725351447.1344583
1725351447.1762905
1725351447.1870136
1725351447.2065458
1725351447.2289495
1725351447.2471569
1725351447.265551
1725351447.287566
1725351447.302959
1725351447.3196254
1725351447.3516047
1725351447.3702447
1725351447.3865004
1725351447.4202504
1725351447.4220467
1725351447.4390626
1725351447.4694629
1725351447.4889264
1725351447.5101388
1725351447.530252
1725351447.5371845
1725351447.554812
1725351447.583993
1725351447.5916524
1725351447.6191118
1725351447.6416068
1725351447.6764276
1725351447.676625
1725351447.6893525
1725351447.7045262
1725351447.7202792
1725351447.7404666
1725351447.7541132
1725351447.7923357
1725351447.7929413
1725351447.8445437
1725351447.8456872
1725351447.8467343
1725351447.8545184
1725351447.8713975
1725351447.8965647
1725351447.903216
1725351447.9186707
1725351447.9351559
1725351447.9523997
1725351447.9849272
1725351447.9861336
1725351448.0095274
1725351448.0274293
1725351448.066556
1725351448.0675492
1725351448.0924575
1725351448.1049032
1725351448.1222794
1725351448.1380339
1725351448.187981
1725351448.1890714
1725351448.1901617
1725351448.2205884
1725351448.2506156
1725351448.2563925
1725351448.2665353
1725351448.2846
1725351448.3397791
1725351448.3840616
1725351448.4012785
1725351448.4150674
1725351448.4176211
1725351448.4600492
1725351448.4932954
1725351448.4940064
1725351448.5255527
1725351448.5265927
1725351448.5356107
1725351448.5469599
1725351448.5712209
1725351448.585243
1725351448.6099603
1725351448.6262956
1725351448.6316812
1725351448.6813772
1725351448.700216
1725351448.7123816
1725351448.7288132
1725351448.7444797
1725351448.797108
1725351448.7978995
1725351448.7987244
1725351448.8316057
1725351448.845166
1725351448.8657992
1725351448.893811
1725351448.9067545
1725351448.9402947
1725351448.9418223
1725351448.9776793
1725351448.9786782
1725351448.9928734
1725351449.007012
1725351449.0231416
1725351449.0423517
1725351449.0566428
1725351449.1479409
1725351449.161678
1725351449.1769078
1725351449.177004
1725351449.1777875
1725351449.1848447
1725351449.1940296
1725351449.2087197
1725351449.3083549
1725351449.309352
1725351449.3098679
1725351449.321009
1725351449.3231168
1725351449.3405814
1725351449.3553965
1725351449.3721476
1725351449.3887274
1725351449.4058356
1725351449.430588
1725351449.4684143
1725351449.4715655
1725351449.4896848
1725351449.5026972
1725351449.5461385
1725351449.5768173
1725351449.5937085
1725351449.6034899
1725351449.6498191
1725351449.6586344
1725351449.674412
1725351449.7083652
1725351449.7240438
1725351449.7383423
1725351449.7529628
1725351449.7732246
1725351449.7865007
1725351449.8013017
1725351449.818296
1725351449.8338258
1725351449.8503425
1725351449.899497
1725351449.900321
1725351449.901449
1725351449.9246917
1725351449.9350195
1725351449.950132
1725351449.9676533
1725351449.9805648
1725351450.0161018
1725351450.0310054
1725351450.0592446
1725351450.0808809
1725351450.0972779
1725351450.0991716
1725351450.1241307
1725351450.1449695
1725351450.1607084
1725351450.1775794
1725351450.193865
1725351450.2180324
1725351450.2331467
1725351450.2436945
1725351450.2605734
1725351450.2850401
1725351450.2942262
1725351450.3195963
1725351450.326673
1725351450.3618088
1725351450.380193
1725351450.3974774
1725351450.4120579
1725351450.4287393
1725351450.4451282
1725351450.467841
1725351450.4922404
1725351450.5584698
1725351450.559583
1725351450.5655792
1725351450.5893471
1725351450.5957873
1725351450.6078417
1725351450.6438954
1725351450.6631331
1725351450.7041123
1725351450.7197075
1725351450.7201977
1725351450.7339916
1725351450.7538064
1725351450.7987516
1725351450.8262842
1725351450.8321607
1725351450.833654
1725351450.8928
1725351450.8938713
1725351450.9018853
1725351450.9019659
1725351450.9157894
1725351450.9512618
1725351450.9705224
1725351451.013335
1725351451.0144987
1725351451.0155964
1725351451.0367148
1725351451.05077
1725351451.0671215
1725351451.0853684
1725351451.117244
1725351451.118969
1725351451.150567
1725351451.1526666
1725351451.1829197
1725351451.184324
1725351451.1954317
1725351451.2120087
1725351451.2312415
1725351451.2513936
1725351451.2723587
1725351451.2814105
1725351451.3073988
1725351451.315935
1725351451.3279998
1725351451.3463175
1725351451.3596148
1725351451.4103682
1725351451.42382
1725351451.4343534
1725351451.4540992
1725351451.461741
1725351451.4858599
1725351451.4924934
1725351451.5125291
1725351451.5659478
1725351451.5667846
1725351451.5950115
1725351451.5951104
1725351451.6270583
1725351451.662313
1725351451.68024
1725351451.7135627
1725351451.7159874
1725351451.7636385
1725351451.778017
1725351451.7953196
1725351451.8288646
1725351451.8299088
1725351451.845695
1725351451.855896
1725351451.8745317
1725351451.8908255
1725351451.917141
1725351451.9691813
1725351451.9710054
1725351451.9815457
1725351452.0085618
1725351452.02186
1725351452.0367517
1725351452.053157
1725351452.0692818
1725351452.093674
1725351452.102926
1725351452.1417918
1725351452.1595566
1725351452.179911
1725351452.1893885
1725351452.2007043
1725351452.221386
1725351452.2373533
1725351452.253898
1725351452.2682986
1725351452.284193
1725351452.3008585
1725351452.3166435
1725351452.3337126
1725351452.3500965
1725351452.414329
1725351452.4242215
1725351452.4347298
1725351452.4391198
1725351452.453915
1725351452.4644313
1725351452.4863756
1725351452.4997675
1725351452.515564
1725351452.5333283
1725351452.5835276
1725351452.6258702
1725351452.6264093
1725351452.6339827
1725351452.6484785
1725351452.6694558
1725351452.6872213
1725351452.702703
1725351452.7191732
1725351452.76339
1725351452.7701528
1725351452.7938104
1725351452.799513
1725351452.8466408
1725351452.8775387
1725351452.885697
1725351452.8982053
1725351452.9304628
1725351452.946528
1725351452.9637923
1725351453.0093508
1725351453.03086
1725351453.0312848
1725351453.0514646
1725351453.094434
1725351453.0952458
1725351453.1134202
1725351453.1155572
1725351453.1277556
1725351453.1424935
1725351453.1657264
1725351453.181882
1725351453.199085
1725351453.2156765
1725351453.23233
1725351453.2463338
1725351453.2618957
1725351453.278706
1725351453.3395095
1725351453.34024
1725351453.3654351
1725351453.3655398
1725351453.3814633
1725351453.3939233
1725351453.4235544
1725351453.4581923
1725351453.4586148
1725351453.479902
1725351453.489947
1725351453.5282402
1725351453.529586
1725351453.5777452
1725351453.578
1725351453.5882647
1725351453.60094
1725351453.6184628
1725351453.6543195
1725351453.6711364
1725351453.6839378
1725351453.7009156
1725351453.7236636
1725351453.7348306
1725351453.7477067
1725351453.790576
1725351453.8065789
1725351453.8166215
1725351453.83835
1725351453.872105
1725351453.8798053
1725351453.9027772
1725351453.9170375
1725351453.950988
1725351453.9810581
1725351453.9817657
1725351453.9977162
1725351454.021491
1725351454.0517871
1725351454.066144
1725351454.0816724
1725351454.1002212
1725351454.120577
1725351454.1361687
1725351454.1542525
1725351454.170331
1725351454.2165463
1725351454.217646
1725351454.2448134
1725351454.255355
1725351454.2693918
1725351454.2844334
1725351454.303267
1725351454.3154495
1725351454.3342152
1725351454.3499978
1725351454.373519
1725351454.3859787
1725351454.4019318
1725351454.4157746
1725351454.437032
1725351454.4477324
1725351454.4641924
1725351454.4820905
1725351454.499222
1725351454.5155826
1725351454.5350924
1725351454.5488682
1725351454.5650463
1725351454.591069
1725351454.597505
1725351454.616445
1725351454.638601
1725351454.6493773
1725351454.6877775
1725351454.7024326
1725351454.726073
1725351454.73626
1725351454.754182
1725351454.7801182
1725351454.794026
1725351454.8110378
1725351454.835008
1725351454.8487835
1725351454.8620927
1725351454.8788433
1725351454.918332
1725351454.956584
1725351454.971846
1725351454.9880705
1725351455.008799
1725351455.045771
1725351455.0634484
1725351455.086413
1725351455.116634
1725351455.1171339
1725351455.1348314
1725351455.1479046
1725351455.171124
1725351455.1849885
1725351455.2025604
1725351455.3110461
1725351455.3130398
1725351455.3154166
1725351455.332495
1725351455.3329997
1725351455.3358643
1725351455.3523862
1725351455.3755164
1725351455.385097
1725351455.4087985
1725351455.437017
1725351455.4606054
1725351455.4744833
1725351455.486888
1725351455.5054185
1725351455.5194566
1725351455.53743
1725351455.551352
1725351455.568092
1725351455.5863578
1725351455.600886
1725351455.6154494
1725351455.6492765
1725351455.6521628
1725351455.6751747
1725351455.7185607
1725351455.7336752
1725351455.751322
1725351455.8023226
1725351455.8050191
1725351455.8062851
1725351455.851384
1725351455.8531034
1725351455.8541903
1725351455.854696
1725351455.9203024
1725351455.924333
1725351455.9338558
1725351455.9672537
1725351456.016597
1725351456.0176146
1725351456.0195053
1725351456.0259902
1725351456.0527146
1725351456.0840454
1725351456.0850856
1725351456.1002264
1725351456.1443598
1725351456.1741395
1725351456.2280648
1725351456.2299104
1725351456.2406049
1725351456.2663167
1725351456.267477
1725351456.2971532
1725351456.3135142
1725351456.3291948
1725351456.36864
1725351456.3696966
1725351456.4060252
1725351456.4088254
1725351456.4151106
1725351456.4301648
1725351456.4466507
1725351456.4654653
1725351456.4834392
1725351456.4991314
1725351456.538945
1725351456.5402658
1725351456.5516167
1725351456.5696216
1725351456.5863242
1725351456.6129522
1725351456.6282735
1725351456.6482978
1725351456.6781175
1725351456.67961
1725351456.712606
1725351456.7155678
1725351456.7441494
1725351456.7605548
1725351456.7757847
1725351456.79165
1725351456.8141294
1725351456.8295553
1725351456.892415
1725351456.8941686
1725351456.8953238
1725351456.9209058
1725351456.9556723
1725351456.955849
1725351456.9798632
1725351456.9800413
1725351457.0285363
1725351457.0286593
1725351457.1161375
1725351457.116391
1725351457.1168103
1725351457.1170776
1725351457.1384943
1725351457.1385446
1725351457.146105
1725351457.1793737
1725351457.195195
1725351457.219445
1725351457.2411404
1725351457.256758
1725351457.2813156
1725351457.3128848
1725351457.3147666
1725351457.3377626
1725351457.3378024
1725351457.4527938
1725351457.4528658
1725351457.4529128
1725351457.452947
1725351457.4535255
1725351457.4599285
1725351457.4946613
1725351457.494881
1725351457.5362012
1725351457.6483417
1725351457.6484632
1725351457.649478
1725351457.6496348
1725351457.649787
1725351457.6501496
1725351457.6502898
1725351457.713785
1725351457.713915
1725351457.713941
1725351457.7503257
1725351457.7504826
1725351457.7505844
1725351457.9174955
1725351457.9176667
1725351457.917804
1725351457.9180474
1725351457.9180956
1725351457.918413
1725351457.9186373
1725351457.9189827
1725351457.919105
1725351457.919179
1725351457.9192052
1725351457.9404256
1725351457.9610634
1725351457.983297
1725351458.0494576
1725351458.0496738
1725351458.049849
1725351458.0499594
1725351458.129449
1725351458.129644
1725351458.1296988
1725351458.12975
1725351458.1560304
1725351458.156212
1725351458.1710443
1725351458.203242
1725351458.2437038
1725351458.2671502
1725351458.282893
1725351458.2964163
1725351458.339413
1725351458.3549469
1725351458.4095683
1725351458.4123468
1725351458.4181876
1725351458.4274068
1725351458.4386618
1725351458.457413
1725351458.470608
1725351458.4876587
1725351458.5077953
1725351458.520124
1725351458.5565853
1725351458.6206028
1725351458.6211095
1725351458.6324568
1725351458.6381626
1725351458.6581643
1725351458.6716042
1725351458.691756
1725351458.7302895
1725351458.737925
1725351458.7578633
1725351458.782318
1725351458.8079991
1725351458.8082194
1725351458.822264
1725351458.8365655
1725351458.8520644
1725351458.8688328
1725351458.8862896
1725351458.9011707
1725351458.9208515
1725351458.9368176
1725351458.9526584
1725351459.0026767
1725351459.0108407
1725351459.026159
1725351459.044082
1725351459.051512
1725351459.0676072
1725351459.084312
1725351459.1000874
1725351459.1233206
1725351459.1471558
1725351459.1767056
1725351459.2078907
1725351459.22024
1725351459.238431
1725351459.2526476
1725351459.269704
1725351459.290776
1725351459.3028073
1725351459.3399348
1725351459.374058
1725351459.3751388
1725351459.3864264
1725351459.43421
1725351459.4590364
1725351459.474496
1725351459.4908776
1725351459.5257354
1725351459.540054
1725351459.5553703
1725351459.5885744
1725351459.6038332
1725351459.6195588
1725351459.635236
1725351459.6524303
1725351459.6720388
1725351459.690005
1725351459.703018
1725351459.7212255
1725351459.7337885
1725351459.754689
1725351459.768245
1725351459.7954621
1725351459.811753
1725351459.8196237
1725351459.8376625
1725351459.8505373
1725351459.8649917
1725351459.9060178
1725351459.9176261
1725351459.9380584
1725351459.9578018
1725351459.9735463
1725351459.9954143
1725351460.0068152
1725351460.0387447
1725351460.0729425
1725351460.0745084
1725351460.121424
1725351460.1215029
1725351460.1225178
1725351460.1551275
1725351460.156467
1725351460.169775
1725351460.1862125
1725351460.2047286
1725351460.2214413
1725351460.2532248
1725351460.2698267
1725351460.2941828
1725351460.3075
1725351460.3178117
1725351460.33474
1725351460.3553965
1725351460.3875983
1725351460.4047987
1725351460.4242513
1725351460.4416897
1725351460.4667
1725351460.4843702
1725351460.5008006
1725351460.5165985
1725351460.552133
1725351460.5682955
1725351460.6176455
1725351460.6185873
1725351460.6196675
1725351460.629162
1725351460.667937
1725351460.681803
1725351460.6969264
1725351460.7211685
1725351460.727966
1725351460.7591963
1725351460.8002553
1725351460.8012342
1725351460.8095932
1725351460.830458
1725351460.9045503
1725351460.907743
1725351460.9087415
1725351460.909617
1725351460.9166334
1725351460.9347847
1725351460.9525306
1725351460.9649537
1725351460.9820902
1725351460.997803
1725351461.0131168
1725351461.0320663
1725351461.0456352
1725351461.0606425
1725351461.0775492
1725351461.0952935
1725351461.11052
1725351461.1257157
1725351461.142424
1725351461.1605475
1725351461.1844006
1725351461.1990914
1725351461.2115588
1725351461.2239952
1725351461.240807
1725351461.2779202
1725351461.3009293
1725351461.3576245
1725351461.3586674
1725351461.3690033
1725351461.3698444
1725351461.3910573
1725351461.3920333
1725351461.4351277
1725351461.4464278
1725351461.4523597
1725351461.4959617
1725351461.5115943
1725351461.543557
1725351461.5625286
1725351461.5831795
1725351461.5940037
1725351461.63835
1725351461.6578796
1725351461.7057588
1725351461.7063415
1725351461.707155
1725351461.7237256
1725351461.732995
1725351461.7525637
1725351461.7670865
1725351461.7902753
1725351461.8142812
1725351461.84939
1725351461.8587615
1725351461.9037962
1725351461.910309
1725351461.9181356
1725351461.9345024
1725351461.9808085
1725351461.9849162
1725351461.9854712
1725351462.022834
1725351462.042185
1725351462.0523791
1725351462.0714912
1725351462.0863435
1725351462.1028056
1725351462.1148567
1725351462.1325536
1725351462.1480079
1725351462.166366
1725351462.180622
1725351462.1970887
1725351462.215366
1725351462.230591
1725351462.2455158
1725351462.287276
1725351462.3075275
1725351462.317635
1725351462.3346033
