2024-09-03 18:09:09
../stream-replay/logs/stuttering-6205.txt
1725358009.3421183
1725358009.344
1725358009.346029
1725358009.3474295
1725358009.3726747
1725358009.3741567
1725358009.3756504
1725358009.4161677
1725358009.4169772
1725358009.4367192
1725358009.451039
1725358009.4710155
1725358009.4944413
1725358009.4950595
1725358009.5464122
1725358009.547622
1725358009.5492408
1725358009.607856
1725358009.6096997
1725358009.6116881
1725358009.621115
1725358009.6225445
1725358009.6424932
1725358009.6737652
1725358009.6746156
1725358009.784889
1725358009.785838
1725358009.7875378
1725358009.8170133
1725358009.8177924
1725358009.8204074
1725358009.8899994
1725358009.8917549
1725358009.8929534
1725358009.8946116
1725358009.992201
1725358009.9939616
1725358009.9940264
1725358009.9940467
1725358009.9940684
1725358010.0937796
1725358010.1120474
1725358010.1617076
1725358010.1624434
1725358010.1634214
1725358010.1644273
1725358010.194567
1725358010.2050216
1725358010.2055557
1725358010.2105947
1725358010.216108
1725358010.24486
1725358010.2647386
1725358010.324034
1725358010.3245106
1725358010.3252356
1725358010.3327696
1725358010.3815465
1725358010.3833694
1725358010.401143
1725358010.4133909
1725358010.4712431
1725358010.473792
1725358010.4750326
1725358010.5103667
1725358010.5356665
1725358010.5357623
1725358010.5439303
1725358010.6074836
1725358010.6097083
1725358010.6114316
1725358010.6150334
1725358010.66488
1725358010.6678643
1725358010.7182746
1725358010.7205932
1725358010.7222154
1725358010.7242937
1725358010.7702844
1725358010.7791235
1725358010.7853663
1725358010.7958813
1725358010.8143635
1725358010.832197
1725358010.8439865
1725358010.8661184
1725358010.8818576
1725358010.9377313
1725358010.9404154
1725358010.9624498
1725358011.0197358
1725358011.021399
1725358011.0235906
1725358011.0382001
1725358011.0511694
1725358011.0860379
1725358011.0882244
1725358011.1174798
1725358011.1396344
1725358011.1420271
1725358011.1667838
1725358011.217486
1725358011.228249
1725358011.2413492
1725358011.2586114
1725358011.3278978
1725358011.366809
1725358011.3681574
1725358011.3696215
1725358011.413368
1725358011.4139931
1725358011.4162483
1725358011.4226615
1725358011.4438236
1725358011.4556642
1725358011.4745197
1725358011.491011
1725358011.5105677
1725358011.526092
1725358011.5459874
1725358011.5601907
1725358011.6090083
1725358011.6119277
1725358011.633285
1725358011.63456
1725358011.659853
1725358011.7267444
1725358011.7281432
1725358011.7299714
1725358011.740492
1725358011.7424562
1725358011.7922883
1725358011.794233
1725358011.8312607
1725358011.8320673
1725358011.9228387
1725358011.923902
1725358011.925486
1725358011.9305148
1725358011.9959834
1725358011.9972572
1725358011.9977984
1725358012.0001724
1725358012.0019236
1725358012.094919
1725358012.098454
1725358012.1143754
1725358012.1177
1725358012.119396
1725358012.1257386
1725358012.1265638
1725358012.1539996
1725358012.1720924
1725358012.190316
1725358012.207855
1725358012.233268
1725358012.257473
1725358012.276299
1725358012.2866986
1725358012.3266969
1725358012.3374743
1725358012.35975
1725358012.4227207
1725358012.424696
1725358012.4262521
1725358012.449922
1725358012.453475
1725358012.5898054
1725358012.592775
1725358012.5951529
1725358012.5957751
1725358012.6862268
1725358012.687795
1725358012.688528
1725358012.6928713
1725358012.6951132
1725358012.6966002
1725358012.6985679
1725358012.7115347
1725358012.7127163
1725358012.7142353
1725358012.7159102
1725358012.7312713
1725358012.7498074
1725358012.7663834
1725358012.7765024
1725358012.8110187
1725358012.812155
1725358012.827245
1725358012.8582485
1725358012.8614933
1725358012.878238
1725358012.9006546
1725358012.9182327
1725358012.9593332
1725358012.961213
1725358012.9630625
1725358012.9878557
1725358013.027918
1725358013.029375
1725358013.0503976
1725358013.0603468
1725358013.0900114
1725358013.0916753
1725358013.154098
1725358013.154606
1725358013.1551027
1725358013.1612778
1725358013.212126
1725358013.2223756
1725358013.2224684
1725358013.2734656
1725358013.2735465
1725358013.3219395
1725358013.3343985
1725358013.4872696
1725358013.4879959
1725358013.526763
1725358013.554385
1725358013.5549893
1725358013.556575
1725358013.5584834
1725358013.6270835
1725358013.6278853
1725358013.6295695
1725358013.6299226
1725358013.629985
1725358013.6317382
1725358013.6601996
1725358013.86918
1725358013.8709514
1725358013.8724697
1725358013.9449282
1725358013.945217
1725358013.9462786
1725358013.9621568
1725358013.9648175
1725358013.9660468
1725358013.973771
1725358013.9750226
1725358013.9757078
1725358013.9780836
1725358013.9863603
1725358013.9876316
1725358013.9895961
1725358013.9910102
1725358014.0040898
1725358014.0061762
1725358014.0068235
1725358014.0479734
1725358014.104642
1725358014.108504
1725358014.1125846
1725358014.1128013
1725358014.2099779
1725358014.212237
1725358014.2138557
1725358014.2139566
1725358014.2145145
1725358014.2182999
1725358014.241095
1725358014.2715454
1725358014.2944124
1725358014.325314
1725358014.3269255
1725358014.335482
1725358014.3744364
1725358014.375049
1725358014.4732704
1725358014.474434
1725358014.6214945
1725358014.6232958
1725358014.6315916
1725358014.6334488
1725358014.634568
1725358014.7509503
1725358014.7540822
1725358014.7713642
1725358014.7720928
1725358014.7735639
1725358014.7752137
1725358014.7769718
1725358014.8922977
1725358014.8928325
1725358014.8943162
1725358014.8979008
1725358014.9549358
1725358014.9559653
1725358014.9580798
1725358014.9588552
1725358014.9605498
1725358014.9625435
1725358015.1504097
1725358015.1530373
1725358015.3128207
1725358015.3143072
1725358015.31522
1725358015.3183658
1725358015.3250532
1725358015.3258107
1725358015.3264005
1725358015.3904908
1725358015.3914883
1725358015.395908
1725358015.3964229
1725358015.3987193
1725358015.4452336
1725358015.4453578
1725358015.445479
1725358015.4456325
1725358015.4474728
1725358015.4797297
1725358015.4807746
1725358015.4816296
1725358015.4956515
1725358015.4966283
1725358015.4981964
1725358015.530277
1725358015.5321474
1725358015.5685916
1725358015.568714
1725358015.5693395
1725358015.571082
1725358015.5730307
1725358015.619119
1725358015.6192687
1725358015.6204345
1725358015.6222725
1725358015.6237686
1725358015.6257155
1725358015.628186
1725358015.6297078
1725358015.6653929
1725358015.6662436
1725358015.6697161
1725358015.6718562
1725358015.6901917
1725358015.7377286
1725358015.7417617
1725358015.7532284
1725358015.7761016
1725358015.7969787
1725358015.7998302
1725358015.8489354
1725358015.8506224
1725358015.856007
1725358015.902086
1725358015.904472
1725358015.9229143
1725358015.9631224
1725358015.964576
1725358015.9665308
1725358016.0005815
1725358016.0029476
1725358016.0131927
1725358016.0332396
1725358016.046281
1725358016.0930417
1725358016.0949674
1725358016.0964143
1725358016.1318333
1725358016.1343355
1725358016.1643457
1725358016.1658552
1725358016.1908677
1725358016.1937754
1725358016.213118
1725358016.229775
1725358016.2485368
1725358016.269196
1725358016.2841945
1725358016.2996829
1725358016.331903
1725358016.3516877
1725358016.3650131
1725358016.3754287
1725358016.413405
1725358016.414907
1725358016.4266765
1725358016.4576235
1725358016.5201643
1725358016.52623
1725358016.526289
1725358016.526315
1725358016.5555701
1725358016.6117656
1725358016.6204515
1725358016.710633
1725358016.712946
1725358016.7184436
1725358016.72069
1725358016.7729177
1725358016.7744257
1725358016.7750943
1725358016.776388
1725358016.8024848
1725358016.8806705
1725358016.881854
1725358016.8956082
1725358016.9275224
1725358017.1217453
1725358017.1225724
1725358017.1245492
1725358017.1276903
1725358017.1292925
1725358017.1324735
1725358017.142589
1725358017.144406
1725358017.1468632
1725358017.148957
1725358017.151361
1725358017.2155457
1725358017.2172794
1725358017.2191079
1725358017.2232354
1725358017.2601619
1725358017.2618976
1725358017.2664995
1725358017.2874537
1725358017.312686
1725358017.3909566
1725358017.3973794
1725358017.3990445
1725358017.3999226
1725358017.4011765
1725358017.418098
1725358017.4417243
1725358017.4799728
1725358017.481893
1725358017.4828374
1725358017.5211756
1725358017.5453966
1725358017.5730617
1725358017.5846558
1725358017.595323
1725358017.6289816
1725358017.6313837
1725358017.6537468
1725358017.6971126
1725358017.6976123
1725358017.7351227
1725358017.7366972
1725358017.7849212
1725358017.8231096
1725358017.8249745
1725358017.8474257
1725358017.876895
1725358017.8788435
1725358017.911001
1725358018.0212655
1725358018.0227952
1725358018.0258307
1725358018.0267785
1725358018.0934176
1725358018.0971105
1725358018.122621
1725358018.1254222
1725358018.1271808
1725358018.1305995
1725358018.1321268
1725358018.134779
1725358018.1489117
1725358018.1521316
1725358018.1696157
1725358018.1828558
1725358018.1912916
1725358018.2097692
1725358018.2416203
1725358018.2560503
1725358018.2828603
1725358018.2938852
1725358018.368456
1725358018.3720727
1725358018.402843
1725358018.4041643
1725358018.4049351
1725358018.4070842
1725358018.4231286
1725358018.4920816
1725358018.4944432
1725358018.495643
1725358018.4973555
1725358018.5119076
1725358018.5282319
1725358018.5927353
1725358018.5938613
1725358018.5975962
1725358018.642776
1725358018.6453447
1725358018.670991
1725358018.6726737
1725358018.674746
1725358018.7072155
1725358018.7172842
1725358018.8851335
1725358018.8889565
1725358018.8954842
1725358018.897594
1725358018.9059992
1725358018.907845
1725358018.9100385
1725358018.9132643
1725358018.924491
1725358018.9256225
1725358018.9525046
1725358018.954232
1725358018.9667583
1725358019.0079608
1725358019.0346036
1725358019.0451283
1725358019.0534306
1725358019.0649188
1725358019.0913491
1725358019.102609
1725358019.1318092
1725358019.1324646
1725358019.1929748
1725358019.193991
1725358019.1963694
1725358019.2130466
1725358019.231181
1725358019.2699568
1725358019.271775
1725358019.3063529
1725358019.3093648
1725358019.3172824
1725358019.3470695
1725358019.3493605
1725358019.4330168
1725358019.433665
1725358019.4355567
1725358019.437298
1725358019.4588728
1725358019.460446
1725358019.4617913
1725358019.4981918
1725358019.4991813
1725358019.5369291
1725358019.5376556
1725358019.5900156
1725358019.5910008
1725358019.592308
1725358019.6580417
1725358019.6608696
1725358019.7093177
1725358019.7105994
1725358019.712012
1725358019.7837534
1725358019.7966733
1725358019.7972982
1725358019.7973237
1725358019.8109188
1725358019.9193478
1725358019.9233272
1725358019.9885492
1725358020.0190306
1725358020.0214522
1725358020.0248277
1725358020.026992
1725358020.041838
1725358020.0455768
1725358020.1187053
1725358020.1206274
1725358020.1234434
1725358020.1771934
1725358020.1796513
1725358020.1809702
1725358020.182866
1725358020.1853735
1725358020.1909573
1725358020.2410429
1725358020.242956
1725358020.2594562
1725358020.3271508
1725358020.3289917
1725358020.3307385
1725358020.368326
1725358020.3707032
1725358020.3749623
1725358020.408693
1725358020.410691
1725358020.4306362
1725358020.4429011
1725358020.4648023
1725358020.4870882
1725358020.511275
1725358020.5139043
1725358020.5324535
1725358020.5455909
1725358020.5558362
1725358020.5718749
1725358020.6027908
1725358020.6432147
1725358020.6554062
1725358020.7781124
1725358020.7798896
1725358020.7816777
1725358020.7841184
1725358020.9327705
1725358020.9353533
1725358020.9361093
1725358020.9372392
1725358020.9484062
1725358020.9505248
1725358020.97367
1725358020.975285
1725358020.97603
1725358020.977605
1725358020.981216
1725358020.9875915
1725358021.0496862
1725358021.0512047
1725358021.0524201
1725358021.0532362
1725358021.1462848
1725358021.1481888
1725358021.1502
1725358021.1538088
1725358021.2384853
1725358021.239239
1725358021.2437558
1725358021.2539115
1725358021.254693
1725358021.2655134
1725358021.2823799
1725358021.308871
1725358021.3570967
1725358021.3585718
1725358021.3606124
1725358021.3634844
1725358021.3845747
1725358021.400823
1725358021.4115283
1725358021.4303665
1725358021.4498427
1725358021.4626575
1725358021.4816103
1725358021.552082
1725358021.5563831
1725358021.557206
1725358021.5882468
1725358021.5896046
1725358021.6162138
1725358021.6431465
1725358021.6446378
1725358021.6659663
1725358021.714573
1725358021.7156703
1725358021.7177413
1725358021.782256
1725358021.7836208
1725358021.7863426
1725358021.8316958
1725358021.8323944
1725358021.8335958
1725358021.8494053
1725358021.8503387
1725358021.9061127
1725358021.9094362
1725358021.9560378
1725358021.9585032
1725358021.958794
1725358021.9607594
1725358021.9721658
1725358022.0066347
1725358022.0264807
1725358022.0667012
1725358022.1348507
1725358022.1361494
1725358022.1370282
1725358022.1393218
1725358022.2999508
1725358022.3034205
1725358022.3286757
1725358022.3314576
1725358022.332521
1725358022.3766866
1725358022.3779829
1725358022.379233
1725358022.4094915
1725358022.4125063
1725358022.4149518
1725358022.4179533
1725358022.4190931
1725358022.4206464
1725358022.4554787
1725358022.456025
1725358022.4568644
1725358022.48822
1725358022.4894242
1725358022.501926
1725358022.6119535
1725358022.612695
1725358022.6145277
1725358022.6165094
1725358022.620363
1725358022.622562
1725358022.6246068
1725358022.63545
1725358022.768731
1725358022.771004
1725358022.7725534
1725358022.7759907
1725358022.7796543
1725358022.7814782
1725358022.8055215
1725358022.8090186
1725358022.8093946
1725358022.8098085
1725358022.812979
1725358022.830857
1725358022.8441277
1725358022.8893445
1725358022.8926399
1725358022.9542727
1725358022.9568691
1725358022.9598086
1725358022.960606
1725358023.0446053
1725358023.0467236
1725358023.0475693
1725358023.062834
1725358023.092761
1725358023.0928063
1725358023.0928202
1725358023.1334255
1725358023.1583712
1725358023.1755357
1725358023.235542
1725358023.2367792
1725358023.2576246
1725358023.3119214
1725358023.312896
1725358023.3715158
1725358023.3724627
1725358023.3747368
1725358023.3768575
1725358023.4091039
1725358023.4097474
1725358023.4102726
1725358023.4168613
1725358023.4865844
1725358023.4894447
1725358023.5267687
1725358023.5272927
1725358023.5316927
1725358023.5553668
1725358023.6202652
1725358023.622215
1725358023.622841
1725358023.6392605
1725358023.6720212
1725358023.6726756
1725358023.708567
1725358023.7107608
1725358023.7127001
1725358023.7536476
1725358023.7550976
1725358023.7756598
1725358023.7784088
1725358023.8050401
1725358023.8566182
1725358023.8585632
1725358023.860173
1725358023.8618786
1725358023.9309337
1725358023.9393277
1725358023.940491
1725358023.9806976
1725358023.98213
1725358023.98263
1725358023.9879718
1725358024.0472953
1725358024.0486434
1725358024.0493302
1725358024.0753484
1725358024.109126
1725358024.1293232
1725358024.136676
1725358024.1524837
1725358024.1844983
1725358024.1871276
1725358024.278996
1725358024.279767
1725358024.2811759
1725358024.2899568
1725358024.326423
1725358024.356777
1725358024.4726305
1725358024.4731193
1725358024.480943
1725358024.4915643
1725358024.4922214
1725358024.492779
1725358024.506484
1725358024.515825
1725358024.540153
1725358024.5640843
1725358024.566079
1725358024.5913448
1725358024.606622
1725358024.6092727
1725358024.671807
1725358024.6732466
1725358024.6745512
1725358024.6791446
1725358024.6971428
1725358024.7233882
1725358024.7348232
1725358024.77774
1725358024.7783968
1725358024.7984412
1725358024.8111408
1725358024.8374171
1725358024.839509
1725358024.8877861
1725358024.889477
1725358024.8983517
1725358024.9390152
1725358024.9528913
1725358024.9541147
1725358024.9822998
1725358024.998365
1725358025.0303607
1725358025.031961
1725358025.0396616
1725358025.09996
1725358025.1015162
1725358025.1026225
1725358025.1036541
1725358025.2154725
1725358025.2424319
1725358025.2430582
1725358025.2759445
1725358025.2765875
1725358025.2769885
1725358025.2774796
1725358025.2850943
1725358025.321347
1725358025.321577
1725358025.3240588
1725358025.4679575
1725358025.4691265
1725358025.470526
1725358025.4739504
1725358025.4898503
1725358025.6592164
1725358025.681262
1725358025.684467
1725358025.695974
1725358025.6980102
1725358025.7001574
1725358025.753736
1725358025.7568636
1725358025.7582731
1725358025.9188335
1725358025.9207664
1725358026.0156052
1725358026.0173542
1725358026.0196922
1725358026.0210567
1725358026.0232248
1725358026.0259614
1725358026.0956814
1725358026.0977786
1725358026.1190805
1725358026.1206758
1725358026.122181
1725358026.1234384
1725358026.1258712
1725358026.1469412
1725358026.1482854
1725358026.1507747
1725358026.223778
1725358026.225238
1725358026.2260864
1725358026.2279708
1725358026.230344
1725358026.2322063
1725358026.3590398
1725358026.359915
1725358026.360388
1725358026.4703894
1725358026.4734488
1725358026.4743006
1725358026.4775348
1725358026.5082335
1725358026.5087516
1725358026.5092578
1725358026.5097673
1725358026.5442607
1725358026.5474057
1725358026.5474484
1725358026.547476
1725358026.5483468
1725358026.6176097
1725358026.6242845
1725358026.6850119
1725358026.6861956
1725358026.7435496
1725358026.7449863
1725358026.746873
1725358026.7502205
1725358026.7524953
1725358026.7538455
1725358026.7572916
1725358026.7611833
1725358026.763138
1725358026.7638376
1725358026.7650583
1725358026.7664773
1725358026.7703884
1725358026.7919762
1725358026.7929597
1725358026.8127818
1725358026.836289
1725358026.8379774
1725358026.860936
1725358026.907109
1725358026.9120035
1725358026.9255803
1725358026.954416
1725358026.9897807
1725358026.9921234
1725358026.9933167
1725358027.0159311
1725358027.064771
1725358027.0674462
1725358027.070702
1725358027.0842524
1725358027.0861542
1725358027.1041858
1725358027.1693342
1725358027.1700892
1725358027.1810606
1725358027.1899066
1725358027.241932
1725358027.2437441
1725358027.2456138
1725358027.247679
1725358027.2645643
1725358027.280427
1725358027.3055747
1725358027.323878
1725358027.363263
1725358027.4071822
1725358027.4090466
1725358027.436469
1725358027.4561374
1725358027.507061
1725358027.5110042
1725358027.5300503
1725358027.550267
1725358027.5787187
1725358027.6162698
1725358027.6337566
1725358027.6576371
1725358027.658126
1725358027.6950092
1725358027.7115169
1725358027.7347953
1725358027.759189
1725358027.8171127
1725358027.818939
1725358027.820787
1725358027.823161
1725358027.8479397
1725358027.859493
1725358027.8828013
1725358027.8938406
1725358027.903734
1725358027.9188948
1725358027.9538074
1725358027.9556034
1725358027.974031
1725358027.9967134
1725358028.0061197
1725358028.0391917
1725358028.0399191
1725358028.0774765
1725358028.1003277
1725358028.1020012
1725358028.144821
1725358028.1482458
1725358028.1836061
1725358028.184365
1725358028.199558
1725358028.2165701
1725358028.2459054
1725358028.2480977
1725358028.2782092
1725358028.2811036
1725358028.3184006
1725358028.320501
1725358028.3323505
1725358028.3483684
1725358028.3698874
1725358028.4045658
1725358028.41896
1725358028.435098
1725358028.4460263
1725358028.4765215
1725358028.4775698
1725358028.5628386
1725358028.5636609
1725358028.5671067
1725358028.6821156
1725358028.6858695
1725358028.782065
1725358028.7829282
1725358028.784344
1725358028.8247864
1725358028.8254359
1725358028.8280404
1725358028.88416
1725358028.8853407
1725358028.9033089
1725358028.9039838
1725358028.9052582
1725358028.9085383
1725358028.9129105
1725358028.9176097
1725358028.938969
1725358028.9402518
1725358028.9425273
1725358028.9509814
1725358028.952399
1725358028.9527862
1725358029.0642078
1725358029.0664234
1725358029.070015
1725358029.122146
1725358029.124308
1725358029.1257606
1725358029.1277158
1725358029.142146
1725358029.1455739
1725358029.1476989
1725358029.2312217
1725358029.2333128
1725358029.2351022
1725358029.2377124
1725358029.2394204
1725358029.241673
1725358029.2511404
1725358029.2611504
1725358029.2919395
1725358029.293946
1725358029.3233182
1725358029.3293042
1725358029.3562868
1725358029.3844593
1725358029.3862574
1725358029.416659
1725358029.4479167
1725358029.4516196
1725358029.496652
1725358029.498542
1725358029.500289
1725358029.584494
1725358029.586687
1725358029.5874622
1725358029.6335187
1725358029.6359417
1725358029.6359718
1725358029.6359909
1725358029.654078
1725358029.6937292
1725358029.840156
1725358029.842144
1725358029.8455281
1725358029.8477893
1725358029.8492591
1725358029.8605874
1725358029.8614435
1725358029.8752575
1725358029.88612
1725358029.9329772
1725358029.9350626
1725358029.9387703
1725358029.955031
1725358029.9716637
1725358030.0344827
1725358030.0412242
1725358030.159132
1725358030.160216
1725358030.1609917
1725358030.161373
1725358030.1636832
1725358030.1653259
1725358030.1688929
1725358030.2181396
1725358030.2202067
1725358030.22891
1725358030.2308595
1725358030.2522738
1725358030.2842076
1725358030.286061
1725358030.2954135
1725358030.322566
1725358030.3282068
1725358030.3522472
1725358030.4572656
1725358030.459153
1725358030.460026
1725358030.4749484
1725358030.524199
1725358030.5259786
1725358030.5781877
1725358030.5799327
1725358030.581257
1725358030.5825858
1725358030.590641
1725358030.5914588
1725358030.592626
1725358030.6223447
1725358030.6455562
1725358030.696693
1725358030.6984994
1725358030.7004368
1725358030.711853
1725358030.744821
1725358030.746643
1725358030.784155
1725358030.789646
1725358030.8585386
1725358030.8592422
1725358030.86382
1725358030.94955
1725358030.9501503
1725358030.952755
1725358030.9645786
1725358030.9994345
1725358031.0000687
1725358031.1023362
1725358031.103784
1725358031.1050894
1725358031.1446726
1725358031.146558
1725358031.148432
1725358031.1519468
1725358031.1607683
1725358031.2052834
1725358031.2058113
1725358031.206384
1725358031.2069063
1725358031.2152178
1725358031.2322767
1725358031.2489214
1725358031.3034406
1725358031.3044894
1725358031.3050313
1725358031.3688014
1725358031.3704817
1725358031.3722084
1725358031.5268612
1725358031.5985332
1725358031.5995343
1725358031.6016493
1725358031.602153
1725358031.6060193
1725358031.7311895
1725358031.7334542
1725358031.7350879
1725358031.737135
1725358031.7378912
1725358031.8202116
1725358031.8223617
1725358031.823823
1725358031.832616
1725358031.8396194
1725358031.8413765
1725358031.8480728
1725358031.8495111
1725358031.851692
1725358031.8524113
1725358031.8535376
1725358031.905784
1725358031.9086733
1725358031.9164703
1725358031.9169924
1725358031.9174976
1725358031.9204652
1725358031.9736626
1725358031.9785914
1725358031.9919763
1725358032.1210308
1725358032.1224787
1725358032.124654
1725358032.1266818
1725358032.1302605
1725358032.1338289
1725358032.172675
1725358032.173173
1725358032.1736956
1725358032.17549
1725358032.186063
1725358032.20845
1725358032.244247
1725358032.2522986
1725358032.415798
1725358032.4172115
1725358032.4185696
1725358032.4213877
1725358032.5243006
1725358032.5256317
1725358032.526526
1725358032.5297606
1725358032.6488557
1725358032.6501102
1725358032.6509295
1725358032.6528294
1725358032.6639035
1725358032.691557
1725358032.6921496
1725358032.7146375
1725358032.715521
1725358032.7176354
1725358032.7182722
1725358032.7763054
1725358032.777906
1725358032.779485
1725358032.7817254
1725358032.7839394
1725358032.7853947
1725358032.7901947
1725358032.7929957
1725358032.827254
1725358032.828803
1725358032.8301337
1725358032.834057
1725358032.8354883
1725358032.8536768
1725358032.8604422
1725358032.8628116
1725358032.873148
1725358032.8992145
1725358032.9613914
1725358032.966594
1725358032.9797323
1725358033.055163
1725358033.0558524
1725358033.060617
1725358033.0926936
1725358033.0946348
1725358033.1462758
1725358033.147189
1725358033.1487565
1725358033.1742249
1725358033.1768951
1725358033.1810665
1725358033.214802
1725358033.2167437
1725358033.2356272
1725358033.2700732
1725358033.3130233
1725358033.3149664
1725358033.3669884
1725358033.3685987
1725358033.3704743
1725358033.3772075
1725358033.4169588
1725358033.443885
1725358033.4486372
1725358033.4597108
1725358033.4935992
1725358033.49547
1725358033.556187
1725358033.5576074
1725358033.5588286
1725358033.5602689
1725358033.6112387
1725358033.6653605
1725358033.666069
1725358033.6670637
1725358033.6681557
1725358033.6690333
1725358033.7369745
1725358033.7530918
1725358033.8186526
1725358033.8335006
1725358033.8343139
1725358033.837595
1725358033.839077
1725358033.8479729
1725358033.849091
1725358033.85037
1725358033.8709362
1725358033.9025974
1725358033.9290679
1725358033.9538565
1725358033.9557092
1725358033.9658673
1725358033.9839334
1725358034.0012133
1725358034.1127892
1725358034.1137853
1725358034.1152449
1725358034.117621
1725358034.128337
1725358034.188319
1725358034.189962
1725358034.190751
1725358034.2182453
1725358034.2631893
1725358034.2639565
1725358034.2848563
1725358034.3390126
1725358034.340841
1725358034.3427882
1725358034.3722987
1725358034.3753781
1725358034.3796806
1725358034.4077718
1725358034.4102383
1725358034.4397504
1725358034.463046
1725358034.4647808
1725358034.4920967
1725358034.4939747
1725358034.5135512
1725358034.5324342
1725358034.5445156
1725358034.6183815
1725358034.6225917
1725358034.6869931
1725358034.6885164
1725358034.6901152
1725358034.693292
1725358034.731763
1725358034.7328491
1725358034.7373824
1725358034.7400236
1725358034.7537544
1725358034.8056507
1725358034.807395
1725358034.8101645
1725358034.827056
1725358034.8359797
1725358034.856195
1725358034.8696916
1725358034.927059
1725358034.9280221
1725358034.9641795
1725358034.966802
1725358034.9692142
1725358035.0039651
1725358035.0059614
1725358035.0304146
1725358035.0324776
1725358035.081349
1725358035.084529
1725358035.1006718
1725358035.1205688
1725358035.3450243
1725358035.347929
1725358035.3486044
1725358035.3516965
1725358035.3652258
1725358035.369424
1725358035.3713396
1725358035.373654
1725358035.4203572
1725358035.4236667
1725358035.4255219
1725358035.4291978
1725358035.4384937
1725358035.4398623
1725358035.444073
1725358035.4470239
1725358035.4546986
1725358035.4715536
1725358035.4827218
1725358035.5165305
1725358035.5339513
1725358035.5768132
1725358035.5787988
1725358035.5808165
1725358035.646392
1725358035.6483512
1725358035.649725
1725358035.658989
1725358035.6619165
1725358035.7055688
1725358035.707444
1725358035.8100274
1725358035.8112578
1725358035.81259
1725358035.8146338
1725358035.8230324
1725358035.8247695
1725358035.825682
1725358035.9045496
1725358035.905742
1725358035.9072437
1725358035.9086425
1725358035.9107993
1725358035.911657
1725358036.0004816
1725358036.0013394
1725358036.0033927
1725358036.0041196
1725358036.036784
1725358036.0372822
1725358036.038676
1725358036.058257
1725358036.0799932
1725358036.1143951
1725358036.1279318
1725358036.1934965
1725358036.1935081
1725358036.1935408
1725358036.2342286
1725358036.2426398
1725358036.2653131
1725358036.2803216
1725358036.3242593
1725358036.3497794
1725358036.3681464
1725358036.3966026
1725358036.3976128
1725358036.4257743
1725358036.4278128
1725358036.4319496
1725358036.4683454
1725358036.4705296
1725358036.4882545
1725358036.5082626
1725358036.5615685
1725358036.5868146
1725358036.6000495
1725358036.631094
1725358036.6314414
1725358036.649006
1725358036.6510355
1725358036.6847675
1725358036.7018054
1725358036.793889
1725358036.796138
1725358036.799408
1725358036.8402553
1725358036.8416762
1725358036.8431292
1725358036.8461812
1725358036.8482182
1725358036.8507626
1725358036.9112806
1725358036.9140224
1725358036.915116
1725358036.924895
1725358036.9271982
1725358036.9694004
1725358036.983821
1725358037.0271847
1725358037.0285926
1725358037.0310333
1725358037.0488958
1725358037.0791883
1725358037.0807495
1725358037.106575
1725358037.1084077
1725358037.1523674
1725358037.2711074
1725358037.273041
1725358037.2748618
1725358037.2801611
1725358037.2819226
1725358037.285876
1725358037.294383
1725358037.308583
1725358037.3589597
1725358037.3607783
1725358037.3624268
1725358037.409049
1725358037.4318624
1725358037.4578736
1725358037.4597085
1725358037.4980586
1725358037.5179622
1725358037.5287282
1725358037.5639129
1725358037.5725791
1725358037.6008804
1725358037.6028051
1725358037.620101
1725358037.6484838
1725358037.707203
1725358037.7159328
1725358037.7186387
1725358037.7200212
1725358037.7216825
1725358037.7347043
1725358037.7586625
1725358037.7683356
1725358037.8411167
1725358037.8449733
1725358037.8470316
1725358037.8487122
1725358037.87699
1725358037.8847363
1725358037.9056666
1725358037.9165697
1725358037.9417744
1725358037.9505177
1725358037.963124
1725358038.009792
1725358038.0121741
1725358038.0459013
1725358038.047803
1725358038.0633342
1725358038.0940144
1725358038.095623
1725358038.1264184
1725358038.1333363
1725358038.15682
1725358038.1976912
1725358038.1997452
1725358038.2645786
1725358038.2683759
1725358038.2742567
1725358038.2960343
1725358038.2971718
1725358038.2999296
1725358038.3224652
1725358038.37582
1725358038.379104
1725358038.383105
1725358038.4111698
1725358038.4349437
1725358038.4777672
1725358038.4790783
1725358038.4803653
1725358038.5106263
1725358038.5372274
1725358038.544948
1725358038.6563542
1725358038.6583028
1725358038.660024
1725358038.677198
1725358038.6821227
1725358038.6860585
1725358038.7814116
1725358038.782324
1725358038.7843108
1725358038.7891867
1725358038.7900982
1725358038.858398
1725358038.8611255
1725358038.8624465
1725358038.9193883
1725358038.921461
1725358038.9231033
1725358038.9240363
1725358038.9373791
1725358038.9505777
1725358038.9531472
1725358038.955724
1725358038.9583642
1725358039.0052783
1725358039.007041
1725358039.0089366
1725358039.0357604
1725358039.037622
1725358039.0744057
1725358039.0762966
1725358039.0996692
1725358039.156155
1725358039.158156
1725358039.1599886
1725358039.162589
1725358039.1892195
1725358039.191754
1725358039.2169473
1725358039.2510374
1725358039.3016331
1725358039.3040102
1725358039.3041341
1725358039.30573
1725358039.314392
1725358039.3396568
1725358039.387701
1725358039.4054093
1725358039.4060373
1725358039.4515665
1725358039.451586
1725358039.4950075
1725358039.5196283
1725358039.6187203
1725358039.634673
1725358039.6366
1725358039.6812136
1725358039.682418
1725358039.6830337
1725358039.686263
1725358039.6975124
1725358039.6984138
1725358039.6991556
1725358039.7110813
1725358039.9560199
1725358039.9576004
1725358039.9597998
1725358039.9741719
1725358039.9773846
1725358040.0855305
1725358040.087714
1725358040.0885441
1725358040.1131527
1725358040.1148705
1725358040.116411
1725358040.1177447
1725358040.1220417
1725358040.131578
1725358040.1331239
1725358040.1345809
1725358040.239403
1725358040.2407727
1725358040.2429614
1725358040.2530951
1725358040.2548745
1725358040.257723
1725358040.3369
1725358040.3387
1725358040.339689
1725358040.422166
1725358040.4423544
1725358040.4452455
1725358040.447069
1725358040.4550085
1725358040.4573016
1725358040.4593613
1725358040.4607959
1725358040.4620674
1725358040.4641948
1725358040.4806757
1725358040.4823728
1725358040.4836736
1725358040.4853199
1725358040.502486
1725358040.5636945
1725358040.5667357
1725358040.568676
1725358040.5786774
1725358040.6157737
1725358040.6177619
1725358040.628122
1725358040.6842506
1725358040.7107017
1725358040.7120368
1725358040.7361047
1725358040.7703722
1725358040.7775543
1725358040.7911468
1725358040.840949
1725358040.8428898
1725358040.857005
1725358040.877537
1725358040.8984394
1725358041.2152348
1725358041.2221467
1725358041.2598217
1725358041.2619104
1725358041.264732
1725358041.2722397
1725358041.2737913
1725358041.275466
1725358041.2784295
1725358041.3408535
1725358041.344902
1725358041.3474152
1725358041.349178
1725358041.3591065
1725358041.3606389
1725358041.3620677
1725358041.365156
1725358041.3672357
1725358041.3717203
1725358041.3737915
1725358041.3764696
1725358041.391979
1725358041.3940284
1725358041.3949642
1725358041.39651
1725358041.3995657
1725358041.4000986
1725358041.4395502
1725358041.4402065
1725358041.4421835
1725358041.4563453
1725358041.457287
1725358041.491244
1725358041.5099301
1725358041.525313
1725358041.540949
1725358041.5530434
1725358041.6267414
1725358041.6285226
1725358041.630195
1725358041.6363642
1725358041.668165
1725358041.6725419
1725358041.7037694
1725358041.7285473
1725358041.7473307
1725358041.7495499
1725358041.8241823
1725358041.8293498
1725358041.844889
1725358041.8458414
1725358041.847792
1725358041.8909512
1725358041.965407
1725358041.9743779
1725358041.979686
1725358041.9810784
1725358042.035205
1725358042.0364327
1725358042.0406137
1725358042.1448476
1725358042.1455681
1725358042.1478214
1725358042.2419212
1725358042.243988
1725358042.2444584
1725358042.2468064
1725358042.2750294
1725358042.2759588
1725358042.2773192
1725358042.280118
1725358042.2879782
1725358042.2893734
1725358042.2917383
1725358042.2926447
1725358042.2963216
1725358042.2970395
1725358042.3227746
1725358042.3253205
1725358042.400166
1725358042.4008274
1725358042.4017298
1725358042.40939
1725358042.411638
1725358042.4342353
1725358042.4413571
1725358042.4662352
1725358042.4822774
1725358042.5397997
1725358042.5505788
1725358042.5527933
1725358042.554865
1725358042.5723999
1725358042.5936396
1725358042.6173632
1725358042.6563783
1725358042.6642268
1725358042.6771314
1725358042.694676
1725358042.711781
1725358042.7341776
1725358042.7870178
1725358042.8236156
1725358042.837647
1725358042.88214
1725358042.8854702
1725358042.8882854
1725358042.9495676
1725358042.9521966
1725358042.9532459
1725358042.9577568
1725358042.9926038
1725358042.9956553
1725358043.00426
1725358043.0695522
1725358043.071531
1725358043.0735042
1725358043.1529913
1725358043.1892931
1725358043.1908917
1725358043.1919315
1725358043.1944432
1725358043.1959262
1725358043.2044535
1725358043.2242348
1725358043.2872872
1725358043.2909977
1725358043.297506
1725358043.2991362
1725358043.315968
1725358043.4023607
1725358043.4042017
1725358043.4061143
1725358043.4085238
1725358043.411514
1725358043.413452
1725358043.4326005
1725358043.4684181
1725358043.4696577
1725358043.485774
1725358043.5378761
1725358043.5638433
1725358043.5650842
1725358043.5685158
1725358043.601037
1725358043.6030874
1725358043.6137073
1725358043.6554763
1725358043.6574922
1725358043.680282
1725358043.7055051
1725358043.7736053
1725358043.7751045
1725358043.776923
1725358043.7791948
1725358043.7976937
1725358043.8114834
1725358043.8281953
1725358043.8589458
1725358043.8774512
1725358043.907943
1725358043.9096034
1725358043.9714365
1725358043.981333
1725358043.9980838
1725358044.0247536
1725358044.0632148
1725358044.0686991
1725358044.0857964
1725358044.122837
1725358044.124693
1725358044.1497624
1725358044.1791306
1725358044.181096
1725358044.1916077
1725358044.2435398
1725358044.2453701
1725358044.2468767
1725358044.269637
1725358044.2709954
1725358044.357407
1725358044.3592932
1725358044.3612683
1725358044.3669102
1725358044.3703995
1725358044.3729084
1725358044.393861
1725358044.4507427
1725358044.4524574
1725358044.4553428
1725358044.573355
1725358044.5770555
1725358044.5805235
1725358044.597191
1725358044.6000547
1725358044.6008708
1725358044.6050165
1725358044.6057062
1725358044.6166728
1725358044.6419897
1725358044.6535342
1725358044.7296588
1725358044.7311451
1725358044.7332473
1725358044.7367465
1725358044.7374353
1725358044.8115098
1725358044.8165843
1725358044.818996
1725358044.8217487
1725358044.873927
1725358044.8754022
1725358044.8782194
1725358044.8970056
1725358044.909684
1725358044.9314175
1725358044.9710639
1725358044.9734428
1725358044.991573
1725358045.0055203
1725358045.0241754
1725358045.054213
1725358045.0807414
1725358045.0884197
1725358045.1079626
1725358045.1215768
1725358045.1398613
1725358045.2435415
1725358045.2479157
1725358045.2590315
1725358045.260579
1725358045.2644503
1725358045.2659013
1725358045.290592
1725358045.2930808
1725358045.3042033
1725358045.33922
1725358045.3760812
1725358045.3772526
1725358045.386262
1725358045.401669
1725358045.4208167
1725358045.4438174
1725358045.45604
1725358045.5032237
1725358045.5055711
1725358045.5073407
1725358045.524006
1725358045.5383947
1725358045.5518303
1725358045.5893047
1725358045.5910306
1725358045.615216
1725358045.617556
1725358045.6466067
1725358045.648656
1725358045.6664243
1725358045.692538
1725358045.7455082
1725358045.7480154
1725358045.7493272
1725358045.7510953
1725358045.7815042
1725358045.818922
1725358045.8215976
1725358045.8292544
1725358045.8445585
1725358045.882642
1725358045.8838546
1725358045.8953495
1725358045.971127
1725358045.9722116
1725358045.9722385
1725358046.003076
1725358046.0166247
1725358046.0593054
1725358046.0769835
1725358046.164351
1725358046.167943
1725358046.1718256
1725358046.1731944
1725358046.1805737
1725358046.2288783
1725358046.229604
1725358046.2323692
1725358046.2463732
1725358046.2590537
1725358046.2906044
1725358046.2927527
1725358046.3330278
1725358046.3337939
1725358046.363475
1725358046.4384472
1725358046.4392908
1725358046.4414098
1725358046.4435818
1725358046.4675772
1725358046.49433
1725358046.4961598
1725358046.6638556
1725358046.6674597
1725358046.738026
1725358046.739765
1725358046.7418897
1725358046.744451
1725358046.746338
1725358046.7732146
1725358046.7746773
1725358046.776445
1725358046.7802393
1725358046.783157
1725358046.784404
1725358046.7863357
1725358046.8215878
1725358046.834157
1725358046.8398898
1725358046.9269536
1725358046.9292507
1725358046.9308543
1725358046.9332218
1725358046.941051
1725358046.943278
1725358046.945203
1725358046.946505
1725358046.9849868
1725358047.0031073
1725358047.043469
1725358047.0445578
1725358047.0525026
1725358047.0626905
1725358047.0944407
1725358047.1185448
1725358047.1928816
1725358047.1936073
1725358047.1952941
1725358047.2244458
1725358047.227784
1725358047.2678037
1725358047.2697473
1725358047.3010197
1725358047.3489637
1725358047.3534138
1725358047.3591855
1725358047.3854575
1725358047.394082
1725358047.4072118
1725358047.4735298
1725358047.4744499
1725358047.4854295
1725358047.4874709
1725358047.4893014
1725358047.5399327
1725358047.5422313
1725358047.5442188
1725358047.5801044
1725358047.5813646
1725358047.632835
1725358047.6351786
1725358047.6489043
1725358047.6502545
1725358047.6524677
1725358047.7499492
1725358047.751936
1725358047.7573545
1725358047.7589293
1725358047.7803507
1725358047.782715
1725358047.8208866
1725358047.8224795
1725358047.8408144
1725358047.886264
1725358047.8879998
1725358047.8900166
1725358047.9041831
1725358047.9397216
1725358047.9417992
1725358047.9659247
1725358047.9678152
1725358047.992264
1725358048.028064
1725358048.063636
1725358048.0670178
1725358048.0692143
1725358048.1338158
1725358048.1359694
1725358048.1649208
1725358048.1656814
1725358048.168016
1725358048.1828513
1725358048.2138407
1725358048.2187335
1725358048.2470598
1725358048.2782898
1725358048.2801259
1725358048.2979298
1725358048.3285174
1725358048.366813
1725358048.368586
1725358048.4323928
1725358048.434224
1725358048.4359727
1725358048.4652042
1725358048.4686282
1725358048.473569
1725358048.4915917
1725358048.5083115
1725358048.522633
1725358048.550955
1725358048.554573
1725358048.5747116
1725358048.608457
1725358048.6847677
1725358048.6871479
1725358048.6891532
1725358048.692156
1725358048.6939402
1725358048.7808573
1725358048.781496
1725358048.802526
1725358048.803643
1725358048.8052022
1725358048.8059633
1725358048.9327576
1725358048.9332323
1725358048.933588
1725358049.004575
1725358049.0058904
1725358049.0228517
1725358049.0253959
1725358049.0276916
1725358049.0290065
1725358049.0327098
1725358049.0342422
1725358049.0886974
1725358049.0922692
1725358049.144711
1725358049.1459596
1725358049.147362
1725358049.1507044
1725358049.1634948
1725358049.1651475
1725358049.1671512
1725358049.285297
1725358049.350199
1725358049.3502274
1725358049.3502445
1725358049.3503242
1725358049.3876398
1725358049.3950522
1725358049.435614
1725358049.4373348
1725358049.469361
1725358049.4705162
1725358049.4728796
1725358049.518217
1725358049.5197341
1725358049.5209394
1725358049.5287077
1725358049.5305274
1725358049.5478184
1725358049.739247
1725358049.7413177
1725358049.7430856
1725358049.8006644
1725358049.8046875
1725358049.8132343
1725358049.8147967
1725358049.8157866
1725358049.8441055
1725358049.8446972
1725358049.8451767
1725358049.8470232
1725358049.8522236
1725358049.8547893
1725358049.920145
1725358049.9215167
1725358049.923367
1725358049.9263825
1725358049.9273746
1725358049.929305
1725358049.9535804
1725358049.967331
1725358049.9843442
1725358050.0071602
1725358050.0090935
1725358050.0695412
1725358050.0967832
1725358050.1699157
1725358050.1710637
1725358050.1891594
1725358050.191078
1725358050.1926324
1725358050.1946795
1725358050.1959887
1725358050.1963582
1725358050.2124698
1725358050.3280246
1725358050.3313546
1725358050.3326674
1725358050.4173095
1725358050.4192975
1725358050.422501
1725358050.432638
1725358050.436125
1725358050.438488
1725358050.4687295
1725358050.4705768
1725358050.4918633
1725358050.5282288
1725358050.6025944
1725358050.605194
1725358050.6086113
1725358050.6125283
1725358050.65845
1725358050.6603825
1725358050.68946
1725358050.6913364
1725358050.7038298
1725358050.7179575
1725358050.7319796
1725358050.7506754
1725358050.7661872
1725358050.782092
1725358050.8190358
1725358050.8208072
1725358050.8787649
1725358050.880943
1725358050.8826797
1725358050.926896
1725358050.9304612
1725358050.932883
1725358050.9408967
1725358051.0441658
1725358051.0461063
1725358051.0496142
1725358051.0507984
1725358051.0529985
1725358051.0564961
1725358051.0589497
1725358051.1067603
1725358051.109153
1725358051.2412028
1725358051.2428567
1725358051.2447507
1725358051.2787895
1725358051.280262
1725358051.2815874
1725358051.3415844
1725358051.3424122
1725358051.3434494
1725358051.3459163
1725358051.3498297
1725358051.4108782
1725358051.4135015
1725358051.41782
1725358051.4186397
1725358051.4275753
1725358051.4282227
1725358051.4373462
1725358051.4905925
1725358051.495552
1725358051.4998202
1725358051.561338
1725358051.5632167
1725358051.565124
1725358051.5672357
1725358051.6047516
1725358051.628517
1725358051.6461785
1725358051.658661
1725358051.6774297
1725358051.776573
1725358051.7793093
1725358051.8790953
1725358051.8835886
1725358051.8843746
1725358051.8864193
1725358051.9257402
1725358051.929789
1725358051.9315515
1725358051.934697
1725358051.9378645
1725358051.9400156
1725358051.9429533
1725358051.9550395
1725358051.9584758
1725358051.9780977
1725358051.9803543
1725358052.013202
1725358052.0159278
1725358052.0319805
1725358052.0728707
1725358052.0750465
1725358052.0907648
1725358052.0988724
1725358052.123169
1725358052.1416073
1725358052.1676402
1725358052.1697638
1725358052.17927
1725358052.194268
1725358052.2101178
1725358052.2401178
1725358052.25039
1725358052.289115
1725358052.2908556
1725358052.2928705
1725358052.3271928
1725358052.3514013
1725358052.4212632
1725358052.4234052
1725358052.4265118
1725358052.4333694
1725358052.4342003
1725358052.4478078
1725358052.5301886
1725358052.5567126
1725358052.5567434
1725358052.5567677
1725358052.5568016
1725358052.6076114
1725358052.61822
1725358052.7065737
1725358052.7323368
1725358052.735202
1725358052.7521548
1725358052.7527883
1725358052.7725098
1725358052.7739677
1725358052.7754803
1725358052.7838383
1725358052.8238192
1725358052.8257806
1725358052.8367305
1725358052.862205
1725358052.8924787
1725358052.9149497
1725358052.9613762
1725358053.069358
1725358053.1547554
1725358053.1563253
1725358053.158263
1725358053.1596885
1725358053.1983364
1725358053.202477
1725358053.2249727
1725358053.2284563
1725358053.2292573
1725358053.2304604
1725358053.243933
1725358053.246177
1725358053.2483628
1725358053.250119
1725358053.2531555
1725358053.2550778
1725358053.2565932
1725358053.2834244
1725358053.2912223
1725358053.3053153
1725358053.4040036
1725358053.409036
1725358053.411834
1725358053.4137893
1725358053.4147086
1725358053.4207923
1725358053.4341316
1725358053.4506354
1725358053.4740577
1725358053.48763
1725358053.5328708
1725358053.5518456
1725358053.5936975
1725358053.5953243
1725358053.6014578
1725358053.6250894
1725358053.6385026
1725358053.661688
1725358053.6929066
1725358053.6993546
1725358053.738272
1725358053.740169
1725358053.7893026
1725358053.8095343
1725358054.0042794
1725358054.0054238
1725358054.008682
1725358054.0316598
1725358054.0328348
1725358054.0391393
1725358054.0666556
1725358054.0680687
1725358054.0698044
1725358054.0712676
1725358054.0746987
1725358054.0837235
1725358054.0852451
1725358054.0874302
1725358054.0883038
1725358054.142104
1725358054.1433966
1725358054.145275
1725358054.1470077
1725358054.172058
1725358054.2165558
1725358054.217884
1725358054.2208717
1725358054.2599087
1725358054.261661
1725358054.2819066
1725358054.3027313
1725358054.3238275
1725358054.3396163
1725358054.342403
1725358054.3793974
1725358054.3957927
1725358054.4397671
1725358054.4415042
1725358054.4432878
1725358054.4708652
1725358054.4733725
1725358054.5484855
1725358054.5497832
1725358054.5511425
1725358054.5533965
1725358054.5732784
1725358054.6170619
1725358054.620804
1725358054.6232622
1725358054.6487727
1725358054.6647038
1725358054.678275
1725358054.7394698
1725358054.7412856
1725358054.7444944
1725358054.7701719
1725358054.7745898
1725358054.8643565
1725358054.8662288
1725358054.8681216
1725358054.871978
1725358054.9069433
1725358054.9223456
1725358054.9242976
1725358054.9637594
1725358054.965654
1725358054.9673026
1725358055.044893
1725358055.050362
1725358055.0542421
1725358055.0551493
1725358055.0635986
1725358055.08446
1725358055.1289194
1725358055.1306796
1725358055.1425593
1725358055.1757667
1725358055.17955
1725358055.197645
1725358055.233333
1725358055.2348824
1725358055.24454
1725358055.2799456
1725358055.2816577
1725358055.2999454
1725358055.3114786
1725358055.3510506
1725358055.3532732
1725358055.3838475
1725358055.3857167
1725358055.393416
1725358055.4066339
1725358055.4383605
1725358055.440488
1725358055.4565868
1725358055.497074
1725358055.4992678
1725358055.5088124
1725358055.5321867
1725358055.5416088
1725358055.5588696
1725358055.5971825
1725358055.6258621
1725358055.637813
1725358055.639093
1725358055.6895297
1725358055.6912506
1725358055.6923661
1725358055.7637315
1725358055.765196
1725358055.880882
1725358055.8810163
1725358055.8811283
1725358055.8877993
1725358055.940465
1725358055.9744074
1725358055.9758558
1725358055.978975
1725358055.9968712
1725358056.025248
1725358056.0899851
1725358056.09035
1725358056.0907454
1725358056.0931275
1725358056.0945413
1725358056.1184127
1725358056.1309862
1725358056.152636
1725358056.1757376
1725358056.199726
1725358056.2299054
1725358056.2492726
1725358056.270545
1725358056.3282762
1725358056.3302107
1725358056.3320112
1725358056.3336809
1725358056.4091644
1725358056.4130378
1725358056.4360132
1725358056.4395356
1725358056.440495
1725358056.4425495
1725358056.49027
1725358056.4923642
1725358056.4942172
1725358056.5439863
1725358056.5462346
1725358056.5531123
1725358056.5565422
1725358056.5872545
1725358056.6023195
1725358056.641804
1725358056.6490085
1725358056.6669266
1725358056.6817477
1725358056.8340461
1725358056.835617
1725358056.8368547
1725358056.838731
1725358056.83914
1725358056.8530347
1725358056.8575835
1725358056.9685366
1725358056.9947708
1725358056.9951353
1725358056.9965947
1725358056.9975936
1725358057.026789
1725358057.0279927
1725358057.0305057
1725358057.0506675
1725358057.1687253
1725358057.1707196
1725358057.2110257
1725358057.2155817
1725358057.2242424
1725358057.2270525
1725358057.2277403
1725358057.2748628
1725358057.2763586
1725358057.2783394
1725358057.2957218
1725358057.3326728
1725358057.336685
1725358057.351374
1725358057.3541746
1725358057.376645
1725358057.4097974
1725358057.4117358
1725358057.4169836
1725358057.434071
1725358057.459939
1725358057.4756184
1725358057.4841614
1725358057.5192747
1725358057.5515888
1725358057.602943
1725358057.6047912
1725358057.606654
1725358057.706732
1725358057.7093122
1725358057.7197144
1725358057.7716398
1725358057.7728693
1725358057.7730143
1725358057.7750676
1725358057.7829769
1725358057.7846408
1725358057.7866356
1725358057.788817
1725358057.831229
1725358057.832676
1725358057.8345487
1725358057.8655345
1725358057.885674
1725358057.9075136
1725358057.9189088
1725358057.9464505
1725358057.9970007
1725358057.9987776
1725358058.000383
1725358058.0314755
1725358058.033934
1725358058.0498676
1725358058.086775
1725358058.1349244
1725358058.136333
1725358058.1374972
1725358058.154589
1725358058.2183654
1725358058.22397
1725358058.272311
1725358058.2742224
1725358058.2761152
1725358058.2782328
1725358058.300445
1725358058.321235
1725358058.3303225
1725358058.353973
1725358058.412965
1725358058.414936
1725358058.4220355
1725358058.4227805
1725358058.4847517
1725358058.4864933
1725358058.4961607
1725358058.4966483
1725358058.5188572
1725358058.5528197
1725358058.5542574
1725358058.6202114
1725358058.6218412
1725358058.6247385
1725358058.6287577
1725358058.6296268
1725358058.6592357
1725358058.6608684
1725358058.7113686
1725358058.7119384
1725358058.7130983
1725358058.72364
1725358058.7588987
1725358058.7604122
1725358058.7833445
1725358058.7938051
1725358058.8165863
1725358058.8313882
1725358058.8660722
1725358058.8679378
1725358058.8698359
1725358058.9154298
1725358058.9493678
1725358058.951728
1725358058.9541848
1725358058.9681208
1725358058.9890711
1725358059.0087876
1725358059.0234368
1725358059.0806453
1725358059.081937
1725358059.0927184
1725358059.1152737
1725358059.1621842
1725358059.1901696
1725358059.208092
1725358059.2341225
1725358059.236964
1725358059.312298
1725358059.3135087
1725358059.319616
1725358059.3729012
1725358059.3738172
1725358059.3770416
1725358059.3803735
1725358059.4310346
1725358059.4331672
1725358059.4480376
1725358059.4499683
1725358059.4709854
1725358059.5116916
1725358059.588827
1725358059.5928864
1725358059.5940926
1725358059.59507
1725358059.6027374
1725358059.6757329
1725358059.6774418
1725358059.6802495
1725358059.6992383
1725358059.7350454
1725358059.7363138
1725358059.7676265
1725358059.7688615
1725358059.7809033
1725358059.802416
1725358059.8152542
1725358059.8260021
1725358059.8510485
1725358059.859225
1725358059.8752444
1725358059.903972
1725358059.9059622
1725358059.9490454
1725358059.994953
1725358059.998685
1725358060.000096
1725358060.0463061
1725358060.0482442
1725358060.050081
1725358060.0599523
1725358060.080208
1725358060.2073202
1725358060.230166
1725358060.2330608
1725358060.234248
1725358060.234853
1725358060.2838397
1725358060.2861335
1725358060.2888806
1725358060.3198762
1725358060.3235667
1725358060.324575
1725358060.327746
1725358060.3353043
1725358060.3674679
1725358060.405844
1725358060.4137201
1725358060.4434843
1725358060.4814646
1725358060.488871
1725358060.497154
1725358060.5320387
1725358060.5441363
1725358060.5594866
1725358060.5776157
1725358060.6166894
1725358060.618782
1725358060.6627018
1725358060.6644082
1725358060.6660879
1725358060.7026768
1725358060.7040646
1725358060.7052972
1725358060.725137
1725358060.8130975
1725358060.8138688
1725358060.8178227
1725358060.8194594
1725358060.860517
1725358060.8606303
1725358060.8690197
1725358060.9639604
1725358060.9648511
1725358060.9666965
1725358061.0003767
1725358061.000948
1725358061.0017185
1725358061.003388
1725358061.0352411
1725358061.0370698
1725358061.0597079
1725358061.0749772
1725358061.1032245
1725358061.1047082
1725358061.1172495
1725358061.193185
1725358061.1961777
1725358061.1989436
1725358061.2147985
1725358061.2344062
1725358061.2645893
1725358061.266455
1725358061.301522
1725358061.313461
1725358061.3377278
1725358061.3573344
1725358061.362845
1725358061.4268413
1725358061.4284725
1725358061.430625
1725358061.4511895
1725358061.4883983
1725358061.498535
1725358061.5603313
1725358061.562187
1725358061.5634608
1725358061.5659366
1725358061.6913712
1725358061.694768
1725358061.9326098
1725358061.9353034
1725358061.9421494
1725358061.9441679
1725358061.946034
1725358061.9645772
1725358061.9653919
1725358061.9777882
1725358061.9805422
1725358061.9829752
1725358061.9844246
1725358061.9860651
1725358061.9901044
1725358061.9918919
1725358061.993617
1725358062.0021172
1725358062.0035386
1725358062.0056946
1725358062.0077024
1725358062.0386631
1725358062.04161
1725358062.0439823
1725358062.11631
1725358062.117894
1725358062.1197963
1725358062.1325243
1725358062.1335032
1725358062.1353123
1725358062.244571
1725358062.2457683
1725358062.2676787
1725358062.268318
1725358062.2913048
1725358062.2924623
1725358062.294566
1725358062.295318
1725358062.3286688
1725358062.3522556
1725358062.3594022
1725358062.4631274
1725358062.4632094
1725358062.4633253
1725358062.4674811
1725358062.4869938
1725358062.496992
1725358062.5162523
1725358062.5689912
1725358062.5871081
1725358062.594702
1725358062.6445222
1725358062.6453958
1725358062.6468253
1725358062.652606
1725358062.8102462
1725358062.8129797
1725358062.8658702
1725358062.867377
1725358062.8689222
1725358062.9049041
1725358062.9140718
1725358062.9264834
1725358062.9299936
1725358062.930719
1725358062.932424
1725358062.936435
1725358062.9373355
1725358062.9392767
1725358062.9553661
1725358062.9674306
1725358063.0165155
1725358063.018464
1725358063.020508
1725358063.039839
1725358063.0810542
1725358063.0829015
1725358063.0862617
1725358063.1175723
1725358063.1195328
1725358063.129085
1725358063.1448605
1725358063.1620646
1725358063.200641
1725358063.2377646
1725358063.24777
1725358063.2486794
1725358063.2779076
1725358063.280198
1725358063.3239741
1725358063.3258216
1725358063.3278186
1725358063.3534126
1725358063.450221
1725358063.4706342
1725358063.4725037
1725358063.4737816
1725358063.476422
1725358063.560768
1725358063.5637538
1725358063.565973
1725358063.6411257
1725358063.643907
1725358063.6456728
1725358063.656094
1725358063.6606984
1725358063.6834733
1725358063.6846032
1725358063.6863756
1725358063.7497125
1725358063.7591853
1725358063.760347
1725358063.805125
1725358063.807051
1725358063.8182309
1725358063.8445146
1725358063.8468008
1725358063.8968084
1725358063.900065
1725358063.9026752
1725358063.9871876
1725358063.9888554
1725358063.991253
1725358064.036314
1725358064.0884676
1725358064.1095662
1725358064.1136315
1725358064.1697176
1725358064.1738
1725358064.174552
1725358064.2042806
1725358064.2146285
1725358064.2186072
1725358064.3028872
1725358064.3053691
1725358064.3062608
1725358064.309776
1725358064.311305
1725358064.3139021
1725358064.316166
1725358064.326947
1725358064.3290887
1725358064.3431406
1725358064.353596
1725358064.3823001
1725358064.3888178
1725358064.4066484
1725358064.5362341
1725358064.5647357
1725358064.5674746
1725358064.5706944
1725358064.6677685
1725358064.668676
1725358064.6709914
1725358064.6729178
1725358064.675881
1725358064.6853168
1725358064.6895735
1725358064.6935353
1725358064.6954355
1725358064.6978679
1725358064.700409
1725358064.7416975
1725358064.789559
1725358064.7907126
1725358064.792719
1725358064.7997065
1725358064.8149655
1725358064.8606853
1725358064.9222698
1725358064.9261117
1725358064.9296565
1725358064.9308743
1725358064.9317467
1725358064.9540505
1725358064.992555
1725358064.9944253
1725358065.030696
1725358065.0330217
1725358065.0535433
1725358065.0656712
1725358065.0832603
1725358065.090911
1725358065.1529388
1725358065.154091
1725358065.1567602
1725358065.1633062
1725358065.414275
1725358065.4168725
1725358065.4245412
1725358065.4260144
1725358065.4293864
1725358065.4312549
1725358065.4545865
1725358065.456808
1725358065.4581313
1725358065.4595175
1725358065.4622602
1725358065.4646113
1725358065.4724746
1725358065.4745483
1725358065.4774783
1725358065.480923
1725358065.5017178
1725358065.5034304
1725358065.533823
1725358065.5361526
1725358065.5559964
1725358065.5727024
1725358065.617352
1725358065.6188955
1725358065.6598475
1725358065.6598759
1725358065.7563577
1725358065.7618685
1725358065.7775478
1725358065.7866433
1725358065.788281
1725358065.815326
1725358065.8445892
1725358065.8621285
1725358065.8974848
1725358065.8983645
1725358065.9039907
1725358065.918434
1725358065.9358783
1725358065.9531639
1725358065.9613633
1725358065.977858
1725358065.9986641
1725358066.0345776
1725358066.0704877
1725358066.0819852
1725358066.0991585
1725358066.1413012
1725358066.1418571
1725358066.1428266
1725358066.20059
1725358066.2036285
1725358066.207484
1725358066.2325022
1725358066.2469273
1725358066.263539
1725358066.2736378
1725358066.2945786
1725358066.321333
1725358066.3237717
1725358066.3473468
1725358066.357148
1725358066.374993
1725358066.394981
1725358066.4040284
1725358066.420617
1725358066.4775949
1725358066.4858909
1725358066.5096564
1725358066.521134
1725358066.522274
1725358066.5436454
1725358066.554248
1725358066.5669417
1725358066.6454127
1725358066.6674874
1725358066.7100468
1725358066.712064
1725358066.7348194
1725358066.7361345
1725358066.7529075
1725358066.7664652
1725358066.8522441
1725358066.8542764
1725358066.8991654
1725358066.8998637
1725358066.9091332
1725358066.914323
1725358066.9332082
1725358066.9423654
1725358066.9878807
1725358067.0008445
1725358067.0283024
1725358067.039258
1725358067.056214
1725358067.0716705
1725358067.0931892
1725358067.1360488
1725358067.1392548
1725358067.1448576
1725358067.162895
1725358067.1704617
1725358067.1886344
1725358067.206065
1725358067.2809331
1725358067.282801
1725358067.2844903
1725358067.2946012
1725358067.297949
1725358067.3189478
1725358067.32091
1725358067.366592
1725358067.3685777
1725358067.4518652
1725358067.453415
1725358067.4566305
1725358067.4759808
1725358067.4781096
1725358067.4876788
1725358067.5039027
1725358067.6307464
1725358067.6330585
1725358067.6349053
1725358067.6399586
1725358067.6422365
1725358067.6443446
1725358067.6456141
1725358067.6588283
1725358067.660013
1725358067.661598
1725358067.7299445
1725358067.7332706
1725358067.7357006
1725358067.7479527
1725358067.7721355
1725358067.80216
1725358067.8039029
1725358067.8271554
1725358067.98017
1725358067.9827814
1725358068.0542889
1725358068.05629
1725358068.057409
1725358068.1306245
1725358068.1323323
1725358068.135818
1725358068.139089
1725358068.139986
1725358068.1445634
1725358068.260397
1725358068.2616274
1725358068.265025
1725358068.3174617
1725358068.3210065
1725358068.3228612
1725358068.3394911
1725358068.3406541
1725358068.3446987
1725358068.371612
1725358068.3738956
1725358068.3750122
1725358068.3760886
1725358068.3780055
1725358068.3798976
1725358068.4083009
1725358068.4088495
1725358068.4093757
1725358068.4099035
1725358068.4107993
1725358068.4835215
1725358068.4848466
1725358068.4861636
1725358068.4920185
1725358068.4928887
1725358068.5339668
1725358068.53507
1725358068.538625
1725358068.583191
1725358068.5837348
1725358068.5846658
1725358068.628248
1725358068.6299357
1725358068.631731
1725358068.6561317
1725358068.6937675
1725358068.6960206
1725358068.7171154
1725358068.7258692
1725358068.785229
1725358068.7864785
1725358068.7895916
1725358068.7950444
1725358068.835117
1725358068.837051
1725358068.8694808
1725358068.8831542
1725358068.9093673
1725358068.9094932
1725358068.9649181
1725358068.9767246
1725358069.1364033
1725358069.205691
1725358069.208474
1725358069.212528
1725358069.216426
1725358069.2184923
1725358069.2204118
1725358069.2226605
1725358069.235671
1725358069.237512
1725358069.240704
1725358069.2434642
1725358069.244331
1725358069.245826
1725358069.2908707
1725358069.2945817
1725358069.3327162
1725358069.3353224
1725358069.3505664
1725358069.368452
1725358069.3824134
1725358069.422497
1725358069.4239693
1725358069.4638476
1725358069.4673197
1725358069.487796
1725358069.5005515
1725358069.5217896
1725358069.667937
1725358069.6694362
1725358069.6717043
1725358069.6766102
1725358069.7027676
1725358069.7038672
1725358069.7071671
1725358069.7315521
1725358069.7334337
1725358069.7348514
1725358069.8078723
1725358069.896677
1725358069.8972147
1725358069.8979776
1725358069.9003
1725358069.9009016
1725358069.909918
1725358069.9105363
1725358069.9116282
1725358069.9245024
1725358069.9255881
1725358070.0109944
1725358070.0118062
1725358070.0124362
1725358070.0142543
1725358070.0183556
1725358070.0213208
1725358070.0597754
1725358070.101536
1725358070.103158
1725358070.1048775
1725358070.1478848
1725358070.18054
1725358070.18706
1725358070.222472
1725358070.25117
1725358070.2543514
1725358070.2842815
1725358070.301827
1725358070.336809
1725358070.3388162
1725358070.3716311
1725358070.3736444
1725358070.387865
1725358070.4057434
1725358070.4127598
1725358070.447369
1725358070.4489565
1725358070.5784247
1725358070.5799332
1725358070.6220536
1725358070.624762
1725358070.6277373
1725358070.6537402
1725358070.6565204
1725358070.6584187
1725358070.6627853
1725358070.6641657
1725358070.66566
1725358070.6728344
1725358070.675768
1725358070.7436302
1725358070.748753
1725358070.7508683
1725358070.767886
1725358070.787727
1725358070.7896845
1725358070.8086524
1725358070.822179
1725358070.8446386
1725358070.8734639
1725358070.892747
1725358070.8951406
1725358070.9116824
1725358070.921312
1725358070.965737
1725358071.0249712
1725358071.0262964
1725358071.0300434
1725358071.0321198
1725358071.050415
1725358071.1439447
1725358071.1456616
1725358071.1498153
1725358071.1780396
1725358071.1832178
1725358071.1848598
1725358071.1868596
1725358071.2134457
1725358071.2366564
1725358071.2570581
1725358071.2775314
1725358071.2853959
1725358071.3097153
1725358071.3181872
1725358071.3374133
1725358071.373819
1725358071.3862152
1725358071.4307337
1725358071.467546
1725358071.46762
1725358071.4676807
1725358071.5419676
1725358071.5448692
1725358071.5464747
1725358071.555075
1725358071.5624712
1725358071.5852575
1725358071.6270611
1725358071.6282585
1725358071.629796
1725358071.677245
1725358071.6787977
1725358071.6836746
1725358071.716091
1725358071.7179651
1725358071.7317357
1725358071.7565315
1725358071.7644596
1725358071.7760305
1725358071.8263283
1725358071.828548
1725358071.8306017
1725358071.8513668
1725358071.8614671
1725358071.8791163
1725358071.895107
1725358071.930242
1725358071.9327815
1725358071.940303
1725358071.9869223
1725358071.9913764
1725358072.0247488
1725358072.0269587
1725358072.066103
1725358072.0677938
1725358072.1454911
1725358072.1473138
1725358072.155862
1725358072.2452457
1725358072.2453933
1725358072.245476
1725358072.2455592
1725358072.250751
1725358072.3028042
1725358072.3437836
1725358072.345757
1725358072.3568802
1725358072.3606017
1725358072.4377978
1725358072.4410791
1725358072.4419103
1725358072.4437106
1725358072.4479802
1725358072.4507823
1725358072.4608092
1725358072.4814808
1725358072.493828
1725358072.5101721
1725358072.561376
1725358072.5872722
1725358072.5902474
1725358072.6530159
1725358072.6546636
1725358072.6564958
1725358072.6580446
1725358072.6769645
1725358072.7082152
1725358072.7436059
1725358072.7458382
1725358072.754733
1725358072.7742994
1725358072.7938771
1725358072.8044257
1725358072.8417861
1725358072.8434274
1725358072.8739104
1725358072.8762426
1725358072.8888047
1725358072.9050162
1725358072.9294426
1725358072.938445
1725358072.9718153
1725358073.011286
1725358073.0663724
1725358073.066929
1725358073.0694106
1725358073.0750022
1725358073.0760505
1725358073.085676
1725358073.1154351
1725358073.1177537
1725358073.18492
1725358073.1964529
1725358073.1984012
1725358073.3225272
1725358073.3240106
1725358073.3258169
1725358073.329061
1725358073.3319192
1725358073.4469132
1725358073.4491653
1725358073.4511733
1725358073.4529445
1725358073.5548573
1725358073.5591059
1725358073.5660684
1725358073.5683243
1725358073.5714564
1725358073.6405768
1725358073.64295
1725358073.6450288
1725358073.6471207
1725358073.7771688
1725358073.7776499
1725358073.7785287
1725358073.7809677
1725358073.8138056
1725358073.8151245
1725358073.8158426
1725358073.851642
1725358073.8527737
1725358073.8543916
1725358073.8574662
1725358073.861642
1725358073.8663533
1725358073.9352386
1725358073.9372385
1725358073.9610689
1725358073.9640746
1725358073.9951632
1725358073.9975297
1725358073.9982486
1725358074.009569
1725358074.0121312
1725358074.0209255
1725358074.0226605
1725358074.0238693
1725358074.041198
1725358074.0602894
1725358074.0883405
1725358074.0910897
1725358074.0934114
1725358074.1132703
1725358074.1858141
1725358074.1882737
1725358074.1896524
1725358074.192835
1725358074.206853
1725358074.2368364
1725358074.2820253
1725358074.2859714
1725358074.3161473
1725358074.31683
1725358074.319029
1725358074.3481522
1725358074.431077
1725358074.4361308
1725358074.4404833
1725358074.4427023
1725358074.4541621
1725358074.455031
1725358074.5148773
1725358074.5168903
1725358074.5254943
1725358074.5419016
1725358074.555951
1725358074.5942323
1725358074.5962465
1725358074.7730772
1725358074.7767212
1725358074.786155
1725358074.787563
1725358074.788555
1725358074.8430266
1725358074.845503
1725358074.8476725
1725358074.866445
1725358074.8701031
1725358074.8708706
1725358074.8812137
1725358074.8824036
1725358074.9303234
1725358074.9324455
1725358074.9338694
1725358074.9353127
1725358074.9529018
1725358074.9546912
1725358074.9579477
1725358074.9604433
1725358074.9775562
1725358075.0159945
1725358075.0179172
1725358075.053409
1725358075.05576
1725358075.0585823
1725358075.0860908
1725358075.1035526
1725358075.1060338
1725358075.1362102
1725358075.1380947
1725358075.195119
1725358075.197096
1725358075.1987786
1725358075.2366092
1725358075.2504525
1725358075.253866
1725358075.3266065
1725358075.3285663
1725358075.330693
1725358075.4107392
1725358075.4122248
1725358075.425427
1725358075.4266243
1725358075.4267359
1725358075.4268188
1725358075.5204983
1725358075.522356
1725358075.6126528
1725358075.672172
1725358075.6744645
1725358075.7313807
1725358075.7355442
1725358075.7371786
1725358075.7391596
1725358075.741362
1725358075.7442052
1725358075.7453191
1725358075.748424
1725358075.7502668
1725358075.751997
1725358075.771398
1725358075.7726655
1725358075.818141
1725358075.8293223
1725358075.8635235
1725358075.8644264
1725358075.9009993
1725358075.9021952
1725358075.9159482
1725358075.9269059
1725358075.9847505
1725358075.9913955
1725358075.9926515
1725358076.036719
1725358076.0385437
1725358076.0411909
1725358076.0570188
1725358076.1038618
1725358076.1055472
1725358076.1704714
1725358076.173042
1725358076.1753166
1725358076.1769142
1725358076.293182
1725358076.2953808
1725358076.3119388
1725358076.3199646
1725358076.3225942
1725358076.3250415
1725358076.328218
1725358076.3306546
1725358076.3323934
1725358076.3479457
1725358076.3770888
1725358076.3794901
1725358076.4526122
1725358076.4566393
1725358076.4577127
1725358076.4712322
1725358076.488115
1725358076.5123346
1725358076.56966
1725358076.5722783
1725358076.5803268
1725358076.582974
1725358076.5982912
1725358076.6256783
1725358076.6746883
1725358076.6838963
1725358076.7305095
1725358076.732314
1725358076.7523518
1725358076.8125393
1725358076.8148005
1725358076.8246405
1725358076.8434682
1725358076.8454566
1725358076.8714898
1725358076.9646149
1725358076.9657683
1725358076.9754395
1725358076.97809
1725358076.9802845
1725358076.9892812
1725358076.990755
1725358076.9938366
1725358077.0873845
1725358077.090882
1725358077.0919874
1725358077.0963006
1725358077.0981772
1725358077.0993564
1725358077.1408098
1725358077.143185
1725358077.1736207
1725358077.1762688
1725358077.209775
1725358077.2133043
1725358077.2252014
1725358077.266847
1725358077.2752109
1725358077.379117
1725358077.382071
1725358077.3837063
1725358077.3945367
1725358077.3967905
1725358077.397635
1725358077.4126606
1725358077.4132826
1725358077.4983795
1725358077.5013714
1725358077.5410867
1725358077.5439746
1725358077.5487094
1725358077.5510697
1725358077.5519617
1725358077.5868676
1725358077.6183398
1725358077.705555
1725358077.7133687
1725358077.71664
1725358077.717371
1725358077.7583206
1725358077.759077
1725358077.7609665
1725358077.7836573
1725358077.7872424
1725358077.8173032
1725358077.8191087
1725358077.8431122
1725358077.8529735
1725358077.8899786
1725358077.9194674
1725358077.9241776
1725358078.0516012
1725358078.0516686
1725358078.0857236
1725358078.0883887
1725358078.1033459
1725358078.1055028
1725358078.1067326
1725358078.1095016
1725358078.115814
1725358078.1530044
1725358078.156397
1725358078.1687708
1725358078.1856573
1725358078.301475
1725358078.303872
1725358078.306082
1725358078.4434595
1725358078.4455836
1725358078.4481828
1725358078.449013
1725358078.4530168
1725358078.4558935
1725358078.4590023
1725358078.528078
1725358078.5295255
1725358078.530698
1725358078.5314896
1725358078.536862
1725358078.5388267
1725358078.5406628
1725358078.6069496
1725358078.608364
1725358078.613009
1725358078.7295222
1725358078.731053
1725358078.7330098
1725358078.733987
1725358078.7794344
1725358078.7992845
1725358078.800996
1725358078.801029
1725358078.8010442
1725358078.801133
1725358078.8268445
1725358078.8393304
1725358078.9018316
1725358078.9028134
1725358078.907868
1725358078.9101439
1725358078.9378426
1725358078.938925
1725358078.9394212
1725358078.9427376
1725358078.9666028
1725358079.0012484
1725358079.0041301
1725358079.0060818
1725358079.0473454
1725358079.0490453
1725358079.0800102
1725358079.1879585
1725358079.1919668
1725358079.198427
1725358079.2002923
1725358079.2075293
1725358079.20842
1725358079.209623
1725358079.246082
1725358079.2741044
1725358079.2776618
1725358079.4066129
1725358079.4085732
1725358079.4101717
1725358079.4124808
1725358079.4247303
1725358079.4256692
1725358079.4295044
1725358079.503705
1725358079.5053785
1725358079.5068212
1725358079.5104742
1725358079.5119066
1725358079.5199318
1725358079.6024046
1725358079.6045616
1725358079.6057148
1725358079.6068287
1725358079.6085048
1725358079.7000015
1725358079.7042804
1725358079.707421
1725358079.7210317
1725358079.722465
1725358079.7230222
1725358079.7249203
1725358079.745719
1725358079.796779
1725358079.7997606
1725358079.8019814
1725358079.8297677
1725358079.8935907
1725358079.8970308
1725358079.8992112
1725358079.9006407
1725358079.9362638
1725358079.9600663
1725358079.9809806
1725358079.9880097
1725358080.0363314
1725358080.0485997
1725358080.06384
1725358080.0948746
1725358080.1039898
1725358080.1276128
1725358080.1536074
1725358080.1557057
1725358080.1826198
1725358080.4248724
1725358080.427943
1725358080.4302294
1725358080.4323242
1725358080.4337492
1725358080.4356465
1725358080.4367664
1725358080.465714
1725358080.4714224
1725358080.4725788
1725358080.4733818
1725358080.4779954
1725358080.4814224
1725358080.4838653
1725358080.4862144
1725358080.4892838
1725358080.490749
1725358080.5035553
1725358080.540699
1725358080.5623581
1725358080.5640872
1725358080.5845459
1725358080.610664
1725358080.6291726
1725358080.6323411
1725358080.662128
1725358080.6643412
1725358080.6898956
1725358080.7124183
1725358080.7140353
1725358080.7591555
1725358080.7871492
1725358080.7899687
1725358080.8411367
1725358080.8440666
1725358080.846193
1725358080.847937
1725358080.8930032
1725358080.895147
1725358080.9655805
1725358080.9695837
1725358080.9847622
1725358080.986366
1725358081.056813
1725358081.0583968
1725358081.0623515
1725358081.069358
1725358081.1110704
1725358081.1137128
1725358081.115295
1725358081.1302927
1725358081.1626437
1725358081.1808407
1725358081.1924138
1725358081.216686
1725358081.2265768
1725358081.2535143
1725358081.256501
1725358081.302672
1725358081.304151
1725358081.41021
1725358081.4131415
1725358081.4154139
1725358081.4282472
1725358081.430238
1725358081.4323294
1725358081.4337063
1725358081.5999248
1725358081.6026278
1725358081.6068363
1725358081.6580842
1725358081.6597908
1725358081.6607912
1725358081.6627939
1725358081.6880143
1725358081.6899407
1725358081.6919167
1725358081.7345767
1725358081.7366452
1725358081.7379417
1725358081.739021
1725358081.7403407
1725358081.783155
1725358081.7843575
1725358081.7881804
1725358081.7884974
1725358081.7959273
1725358081.7998104
1725358081.8414965
1725358081.8505902
1725358081.8523028
1725358081.8533776
1725358081.8744028
1725358081.8836644
1725358081.945692
1725358082.0037086
1725358082.0037549
1725358082.0044632
1725358082.0045478
1725358082.0365527
1725358082.073455
1725358082.1100397
1725358082.1132376
1725358082.1418507
1725358082.1519222
1725358082.2151842
1725358082.2152705
1725358082.2162027
1725358082.217226
1725358082.2446444
1725358082.2474926
1725358082.3205497
1725358082.322772
1725358082.3246107
1725358082.3429756
1725358082.34601
1725358082.4284048
1725358082.4290311
1725358082.4333827
1725358082.4342005
1725358082.4430947
1725358082.4896178
1725358082.4912415
1725358082.519335
1725358082.528174
1725358082.5803158
1725358082.5833595
1725358082.5849714
1725358082.5879614
1725358082.6069117
1725358082.6260824
1725358082.6629333
1725358082.6685417
1725358082.6714761
1725358082.7106972
1725358082.7124512
1725358082.7738206
1725358082.775898
1725358082.8277264
1725358082.8374743
1725358082.8402078
1725358082.8421173
1725358082.8437202
1725358082.9500818
1725358082.9516385
1725358082.9524899
1725358082.9550836
1725358082.9564967
1725358082.9752634
1725358083.002651
1725358083.004283
1725358083.0282965
1725358083.03244
1725358083.0525439
1725358083.0912726
1725358083.0925145
1725358083.3114052
1725358083.31153
1725358083.313866
1725358083.3154492
1725358083.439771
1725358083.4412875
1725358083.5455759
1725358083.5461109
1725358083.5492177
1725358083.6470215
1725358083.6785092
1725358083.679495
1725358083.6801493
1725358083.6809585
1725358083.6814375
1725358083.6882231
1725358083.6966958
1725358083.6985354
1725358083.7005653
1725358083.7194726
1725358083.720455
1725358083.7218623
1725358083.7409074
1725358083.7418694
1725358083.743126
1725358083.7452054
1725358083.7894537
1725358083.790392
1725358083.84981
1725358083.8529916
1725358083.854652
1725358083.8581796
1725358083.8590536
1725358083.8835158
1725358083.9221933
1725358083.9228234
1725358083.933123
1725358083.9338856
1725358083.9348452
1725358083.9362004
1725358083.938719
1725358084.0026133
1725358084.0041873
1725358084.004735
1725358084.006817
1725358084.168025
1725358084.1711214
1725358084.2833836
1725358084.3294628
1725358084.3302279
1725358084.331196
1725358084.3956707
1725358084.399443
1725358084.4029913
1725358084.408188
1725358084.4102745
1725358084.411713
1725358084.413454
1725358084.4156482
1725358084.4203305
1725358084.4503143
1725358084.4521356
1725358084.4541643
1725358084.4559886
1725358084.4566467
1725358084.5194771
1725358084.5243492
1725358084.53576
1725358084.5368187
1725358084.5378692
1725358084.539263
1725358084.5700836
1725358084.5723605
1725358084.5741897
1725358084.5999053
1725358084.6093166
1725358084.6585283
1725358084.6601007
1725358084.6622376
1725358084.6937003
1725358084.6955297
1725358084.709969
1725358084.7280922
1725358084.7441278
1725358084.7557302
1725358084.8023643
1725358084.8039243
1725358084.805956
1725358084.8246515
1725358084.8379753
1725358084.8761764
1725358084.877612
1725358084.9084997
1725358084.9108834
1725358084.9368002
1725358084.9389777
1725358084.9684687
1725358085.0218878
1725358085.0233092
1725358085.0336273
1725358085.0816941
1725358085.0844324
1725358085.087259
1725358085.2459023
1725358085.2478766
1725358085.2497065
1725358085.2531466
1725358085.2601695
1725358085.2622347
1725358085.2622569
1725358085.2622747
1725358085.2631066
1725358085.4033215
1725358085.4727154
1725358085.483774
1725358085.5142508
1725358085.5169902
1725358085.5190434
1725358085.5354717
1725358085.5363219
1725358085.5376186
1725358085.5402825
1725358085.5494823
1725358085.552789
1725358085.5540168
1725358085.5549865
1725358085.569172
1725358085.576609
1725358085.639082
1725358085.6433518
1725358085.6648388
1725358085.6792598
1725358085.692386
1725358085.7068777
1725358085.7297378
1725358085.7457504
1725358085.8065767
1725358085.810124
1725358085.811273
1725358085.8428357
1725358085.8437495
1725358085.8756142
1725358085.901364
1725358085.9031656
1725358085.9048717
1725358085.973633
1725358085.9759645
1725358085.985097
1725358085.9864044
1725358085.9888208
1725358086.069671
1725358086.310614
1725358086.3173792
1725358086.319493
1725358086.345876
1725358086.3473012
1725358086.348568
1725358086.4007509
1725358086.401756
1725358086.4055185
1725358086.4214149
1725358086.4280095
1725358086.4295816
1725358086.4312382
1725358086.4328377
1725358086.4350872
1725358086.4366188
1725358086.4710667
1725358086.4955256
1725358086.4990058
1725358086.547774
1725358086.5494947
1725358086.5514326
1725358086.5577009
1725358086.5610914
1725358086.5632493
1725358086.5653992
1725358086.5672214
1725358086.6179824
1725358086.6200492
1725358086.6358216
1725358086.6545653
1725358086.6628735
1725358086.689379
1725358086.7178328
1725358086.720407
1725358086.7360895
1725358086.7873983
1725358086.7898846
1725358086.792701
1725358086.9223428
1725358086.9240997
1725358086.9249804
1725358086.9271142
1725358086.9382803
1725358086.9630399
1725358086.9644294
1725358086.9685981
1725358086.9723048
1725358086.9748635
1725358086.9834666
1725358087.0106506
1725358087.0128195
1725358087.0346186
1725358087.0419874
1725358087.0810537
1725358087.0897717
1725358087.1775367
1725358087.178352
1725358087.1804216
1725358087.18302
1725358087.1849897
1725358087.2164977
1725358087.2170281
1725358087.2325828
1725358087.2550507
1725358087.256675
1725358087.3059096
1725358087.3276105
1725358087.3298876
1725358087.3373337
1725358087.3757632
1725358087.378512
1725358087.3919423
1725358087.4225163
1725358087.4352624
1725358087.4626555
1725358087.4817264
1725358087.5151129
1725358087.5160785
1725358087.534388
1725358087.5484283
1725358087.5836608
1725358087.603089
1725358087.6324463
1725358087.6356127
1725358087.6548986
1725358087.6697066
1725358087.6960645
1725358087.7361667
1725358087.740306
1725358087.7683806
1725358087.7723055
1725358087.7864912
1725358087.7970285
1725358087.82853
1725358087.831344
1725358087.874347
1725358087.8754468
1725358087.8963578
1725358087.9129949
1725358087.948194
1725358087.9499967
1725358087.9714952
1725358087.973877
1725358088.0847788
1725358088.0864122
1725358088.090324
1725358088.1289902
1725358088.1297367
1725358088.1305215
1725358088.144553
1725358088.1450665
1725358088.1471949
1725358088.148625
1725358088.1729624
1725358088.174762
1725358088.2275808
1725358088.2287433
1725358088.230207
1725358088.2381778
1725358088.2881665
1725358088.2895381
1725358088.426257
1725358088.4294686
1725358088.4314938
1725358088.47817
1725358088.4799693
1725358088.4831846
1725358088.493982
1725358088.5052547
1725358088.505314
1725358088.5063338
1725358088.528489
1725358088.6601455
1725358088.712835
1725358088.781532
1725358088.7927823
1725358088.7954307
1725358088.7977817
1725358088.7999725
1725358088.8018994
1725358088.80397
1725358088.8051677
1725358088.8080847
1725358088.82301
1725358088.8244152
1725358088.8267057
1725358088.854074
1725358088.8789473
1725358088.9313197
1725358088.9346063
1725358088.941437
1725358088.9559975
1725358088.9843388
1725358089.029293
1725358089.0315752
1725358089.050421
1725358089.060962
1725358089.1561253
1725358089.1583178
1725358089.1606567
1725358089.162684
1725358089.16486
1725358089.1670728
1725358089.168948
1725358089.1924992
1725358089.2047884
1725358089.2474227
1725358089.2495382
1725358089.2515454
1725358089.2815988
1725358089.3401163
1725358089.3543139
1725358089.3646252
1725358089.3655102
1725358089.3677614
1725358089.38709
1725358089.4056554
1725358089.4599626
1725358089.4617736
1725358089.463603
1725358089.4952464
1725358089.7164476
1725358089.717076
1725358089.7190006
1725358089.7586205
1725358089.7592669
1725358089.7608206
1725358089.8182535
1725358089.821703
1725358089.8223343
1725358089.8241413
1725358089.8317409
1725358089.852891
1725358089.8552094
1725358089.91244
1725358089.91422
1725358089.9168763
1725358089.9464014
1725358089.9478865
1725358089.9510024
1725358089.952208
1725358090.1055126
1725358090.1083953
1725358090.1105986
1725358090.143177
1725358090.1473181
1725358090.1494198
1725358090.1692576
1725358090.1702363
1725358090.171876
1725358090.2106807
1725358090.2120214
1725358090.2141058
1725358090.2173462
1725358090.2206345
1725358090.2223446
1725358090.2321446
1725358090.232963
1725358090.2360098
1725358090.239369
1725358090.406805
1725358090.4077075
1725358090.4213881
1725358090.4252918
1725358090.4260833
1725358090.427369
1725358090.4386656
1725358090.4410245
1725358090.4415474
1725358090.4473586
1725358090.4484713
1725358090.4723256
1725358090.4746552
1725358090.4989996
1725358090.5101256
1725358090.5324454
1725358090.5597339
1725358090.5705795
1725358090.5846896
1725358090.602857
1725358090.633753
1725358090.6366477
1725358090.6512344
1725358090.6977553
1725358090.7040026
1725358090.716361
1725358090.736839
1725358090.7685823
1725358090.7904258
1725358090.7995603
1725358090.8213708
1725358090.8485775
1725358090.8673122
1725358090.8888829
1725358090.894644
1725358090.9317174
1725358090.9328563
1725358090.9639993
1725358090.981134
1725358090.999765
1725358091.0183768
1725358091.0329216
1725358091.0438797
1725358091.0903957
1725358091.0914698
1725358091.1123421
1725358091.1322007
1725358091.154063
1725358091.1573937
1725358091.1759567
1725358091.205088
1725358091.2073746
1725358091.2243295
1725358091.2396002
1725358091.272264
1725358091.2748318
1725358091.3100202
1725358091.3118148
1725358091.326554
1725358091.3886993
1725358091.3911183
1725358091.392583
1725358091.4785638
1725358091.4797223
1725358091.4819596
1725358091.48452
1725358091.5091374
1725358091.511138
1725358091.5134857
1725358091.514657
1725358091.5284266
1725358091.5569792
1725358091.583291
1725358091.6145186
1725358091.6194713
1725358091.621783
1725358091.6342828
1725358091.6480372
1725358091.6645489
1725358091.6841946
1725358091.7469363
1725358091.7479792
1725358091.7509754
1725358091.758745
1725358091.8082597
1725358091.8371596
1725358091.861413
1725358091.889012
1725358091.8924618
1725358091.9488251
1725358091.9499545
1725358091.9668121
1725358092.0012622
1725358092.0021195
1725358092.0133636
1725358092.0243833
1725358092.0503905
1725358092.0802457
1725358092.0829709
1725358092.1544175
1725358092.156259
1725358092.1597173
1725358092.2686696
1725358092.2719374
1725358092.2732787
1725358092.2752893
1725358092.2768185
1725358092.2782698
1725358092.3549232
1725358092.3592203
1725358092.3625355
1725358092.4268303
1725358092.4283462
1725358092.429166
1725358092.4313374
1725358092.4342933
1725358092.4353309
1725358092.436897
1725358092.5419312
1725358092.5434282
1725358092.5452595
1725358092.55089
1725358092.5526729
1725358092.5534902
1725358092.655815
1725358092.7283425
1725358092.729044
1725358092.7339194
1725358092.7359204
1725358092.7377024
1725358092.7390563
1725358092.742281
1725358092.7444165
1725358092.7464268
1725358092.7594244
1725358092.7950938
1725358092.796263
1725358092.8127294
1725358092.837544
1725358092.8622737
1725358092.8644958
1725358092.8842812
1725358092.9586334
1725358092.959077
1725358092.9625587
1725358092.9640126
1725358093.0325367
1725358093.0380507
1725358093.0442455
1725358093.0769608
1725358093.0975533
1725358093.1083107
1725358093.1339345
1725358093.1576648
1725358093.1739514
1725358093.1869648
1725358093.222012
1725358093.2231958
1725358093.2675493
1725358093.2702298
1725358093.27234
1725358093.2963848
1725358093.306465
1725358093.3333244
1725358093.3349686
1725358093.3552563
1725358093.367681
1725358093.3862102
1725358093.4047542
1725358093.43729
1725358093.4399602
1725358093.4766006
1725358093.4947627
1725358093.4976995
1725358093.6206899
1725358093.6717365
1725358093.6754005
1725358093.6788833
1725358093.8173048
1725358093.8190625
1725358093.8204231
1725358093.8223724
1725358093.8309536
1725358093.833825
1725358093.834893
1725358093.8374503
1725358093.839152
1725358093.840554
1725358093.842045
1725358093.8434286
1725358093.8577332
1725358093.862199
1725358093.8637722
1725358093.9151232
1725358093.9248044
1725358093.926552
1725358093.9277503
1725358093.9520545
1725358093.9732013
1725358093.9971118
1725358094.0003428
1725358094.0419145
1725358094.042396
1725358094.0665674
1725358094.0741456
1725358094.1174924
1725358094.125362
1725358094.1420374
1725358094.157043
1725358094.1759543
1725358094.2057295
1725358094.258239
1725358094.2595155
1725358094.2866926
1725358094.2890663
1725358094.2914863
1725358094.4213712
1725358094.423793
1725358094.4252853
1725358094.4265099
1725358094.5077412
1725358094.5091052
1725358094.5111973
1725358094.513166
1725358094.5139036
1725358094.5206716
1725358094.5230825
1725358094.5244665
1725358094.5253544
1725358094.6807876
1725358094.6828058
1725358094.6841235
1725358094.685695
1725358094.6885607
1725358094.69319
1725358094.7435658
1725358094.7463775
1725358094.7475224
1725358094.7483685
1725358094.7509873
1725358094.7595751
1725358094.759643
1725358094.75971
1725358094.7795858
1725358094.783858
1725358094.811574
1725358094.876929
1725358094.8785744
1725358094.8817012
1725358094.883189
1725358094.8980658
1725358094.9251473
1725358094.9267538
1725358094.9558492
1725358094.994265
1725358094.995183
1725358095.0189772
1725358095.1291752
1725358095.1292405
1725358095.1305892
1725358095.135028
1725358095.1503952
1725358095.151717
1725358095.2012885
1725358095.2087145
1725358095.260396
1725358095.3423417
1725358095.342955
1725358095.3438802
1725358095.3441906
1725358095.3469322
1725358095.3480546
1725358095.3504667
1725358095.382273
1725358095.3826585
1725358095.4192958
1725358095.491022
1725358095.491419
1725358095.4937394
1725358095.4956286
1725358095.5065296
1725358095.5164356
1725358095.54803
1725358095.5857186
1725358095.5870438
1725358095.6619306
1725358095.6637654
1725358095.665002
1725358095.6658006
1725358095.667033
1725358095.7023277
1725358095.703707
1725358095.7219474
1725358095.729895
1725358095.7464304
1725358095.773684
1725358095.7837465
1725358095.8039577
1725358095.8344078
1725358095.890023
1725358095.8927522
1725358095.894679
1725358095.961516
1725358095.964742
1725358095.9748445
1725358095.9754455
1725358095.9759784
1725358095.979895
1725358096.0137773
1725358096.0548916
1725358096.0653508
1725358096.0821884
1725358096.09994
1725358096.129711
1725358096.1313837
1725358096.2296505
1725358096.2327766
1725358096.2330499
1725358096.234046
1725358096.2347496
1725358096.2596936
1725358096.3050458
1725358096.3202944
1725358096.345562
1725358096.389695
1725358096.3904862
1725358096.3918595
1725358096.4266665
1725358096.4630563
1725358096.4632885
1725358096.4717987
1725358096.4879444
1725358096.6719105
1725358096.672494
1725358096.6727912
1725358096.6738145
1725358096.6748626
1725358096.6757722
1725358096.6770608
1725358096.7595181
1725358096.760055
1725358096.7606893
1725358096.7622733
1725358096.8819518
1725358096.882367
1725358096.915555
1725358096.9156122
1725358096.9156632
1725358096.9157534
1725358096.9360108
1725358096.9615111
1725358096.975683
1725358096.982053
1725358097.0075662
1725358097.0463297
1725358097.047141
1725358097.055613
1725358097.0875835
1725358097.1035836
1725358097.2299955
1725358097.2329729
1725358097.234567
1725358097.2376828
1725358097.2382956
1725358097.2398274
1725358097.242605
1725358097.246018
1725358097.2753215
1725358097.2977831
1725358097.3097143
1725358097.3399024
1725358097.3415098
1725358097.3803167
1725358097.3980873
1725358097.4268138
1725358097.4279053
1725358097.444054
1725358097.4654934
1725358097.4940834
1725358097.5182426
1725358097.5208406
1725358097.5415184
1725358097.5556328
1725358097.6045668
1725358097.6054595
1725358097.6118002
1725358097.6358497
1725358097.7013478
1725358097.7015796
1725358097.7028093
1725358097.7071533
1725358097.763812
1725358097.7644174
1725358097.7652423
1725358097.7776258
1725358097.8278298
1725358097.828378
1725358097.8297272
1725358097.8394055
1725358097.853652
1725358097.8988068
1725358097.8995347
1725358097.9056969
1725358097.9189944
1725358097.9430585
1725358097.9488864
1725358097.9653714
1725358097.982009
1725358097.999172
1725358098.0173602
1725358098.0419965
1725358098.0505333
1725358098.0626066
1725358098.0995264
1725358098.1120555
1725358098.1633713
1725358098.1644518
1725358098.166025
1725358098.2145066
1725358098.2152526
1725358098.2158887
1725358098.2490532
1725358098.2595186
1725358098.2781496
1725358098.3063803
1725358098.328408
1725358098.380129
1725358098.3947732
1725358098.4133615
1725358098.4315727
1725358098.4920309
1725358098.4922364
1725358098.4933672
1725358098.5762506
1725358098.5769134
1725358098.5771263
1725358098.5776484
1725358098.5792742
1725358098.5888674
1725358098.6121557
1725358098.6375022
1725358098.639493
1725358098.7366881
1725358098.7376258
1725358098.738259
1725358098.742931
1725358098.8266492
1725358098.8274136
1725358098.8277318
1725358098.828006
1725358098.862453
1725358098.862968
1725358098.9749408
1725358098.9757235
1725358098.9760618
1725358098.9768403
1725358098.9772217
1725358098.9775655
1725358098.9782302
1725358098.984639
1725358099.0163841
1725358099.0289333
1725358099.038009
1725358099.1158264
1725358099.1163225
1725358099.1177816
1725358099.1287708
1725358099.1373503
1725358099.1593506
1725358099.170721
1725358099.2000751
1725358099.2129507
1725358099.2364197
1725358099.2365537
1725358099.2859623
1725358099.286931
1725358099.3231018
1725358099.3260534
1725358099.3472555
1725358099.363827
1725358099.3837605
1725358099.3958957
1725358099.413409
1725358099.4531953
1725358099.4739993
1725358099.4742591
1725358099.5209844
1725358099.5571258
1725358099.5667863
1725358099.59809
1725358099.5991926
1725358099.6246603
1725358099.6381044
1725358099.7070248
1725358099.7230945
1725358099.727201
1725358099.7282112
1725358099.7426612
1725358099.7924845
1725358099.7925692
1725358099.7926877
1725358099.809436
1725358099.8407035
1725358099.8419971
1725358099.8646739
1725358099.881948
1725358099.8857374
1725358099.9061706
1725358099.9609282
1725358099.961046
1725358099.961819
1725358099.9781218
1725358100.0068426
1725358100.0201032
1725358100.0335214
1725358100.0550454
1725358100.1380622
1725358100.1381662
1725358100.1386445
1725358100.1387439
1725358100.1578612
1725358100.195363
1725358100.1954207
1725358100.1970322
1725358100.2183802
1725358100.235751
1725358100.249585
1725358100.2617538
1725358100.30546
1725358100.305498
1725358100.3393068
1725358100.3699658
1725358100.3741746
1725358100.378047
1725358100.4283814
1725358100.4284406
1725358100.4320016
1725358100.4480424
1725358100.4724822
1725358100.5087252
1725358100.5117545
1725358100.5652893
1725358100.5659611
1725358100.5915763
1725358100.5939095
1725358100.6198928
1725358100.646007
1725358100.658825
1725358100.6715178
1725358100.6982472
1725358100.7565503
1725358100.782213
1725358100.7828388
1725358100.7828946
1725358100.797464
1725358100.8164523
1725358100.822698
1725358100.855262
1725358100.8570497
1725358100.8727276
1725358100.8860223
1725358100.922161
1725358100.9344735
1725358100.9796658
1725358100.9808176
1725358101.0041075
1725358101.0058105
1725358101.0294955
1725358101.043943
1725358101.0536997
1725358101.0761092
1725358101.0911589
1725358101.1001406
1725358101.1277027
1725358101.152878
1725358101.1601977
1725358101.167009
1725358101.1856122
1725358101.2084208
1725358101.22737
1725358101.2430444
1725358101.2626657
1725358101.2824051
1725358101.2841797
1725358101.2984378
1725358101.3193421
1725358101.333275
1725358101.368173
1725358101.382932
1725358101.4169955
1725358101.4200523
1725358101.4287808
1725358101.4450755
1725358101.4611018
1725358101.4828584
1725358101.5215724
1725358101.5276334
1725358101.5422862
1725358101.5617523
1725358101.5894003
1725358101.6354709
1725358101.690526
1725358101.7052069
1725358101.706943
1725358101.732778
1725358101.7630515
1725358101.7679517
1725358101.8307064
1725358101.831241
1725358101.832979
1725358101.8340611
1725358101.8641295
1725358101.865899
1725358101.8751583
1725358101.911209
1725358101.9188614
1725358101.9662013
1725358101.991489
1725358101.9921892
1725358102.0161927
1725358102.0245788
1725358102.040552
1725358102.057943
1725358102.0814967
1725358102.1078107
1725358102.148706
1725358102.1507895
1725358102.1555736
1725358102.189522
1725358102.1905737
1725358102.201563
1725358102.2204251
1725358102.2411587
1725358102.4671228
1725358102.4695947
1725358102.470363
1725358102.4713082
1725358102.501138
1725358102.51326
1725358102.5148883
1725358102.5820737
1725358102.599423
1725358102.6015909
1725358102.6141102
1725358102.6161118
1725358102.6168964
1725358102.6308615
1725358102.706508
1725358102.7087584
1725358102.7102313
1725358102.711811
1725358102.73543
1725358102.7361352
1725358102.8104815
1725358102.811829
1725358102.8938131
1725358102.8967443
1725358102.8979044
1725358102.8998332
1725358102.9088464
1725358102.9277997
1725358102.9691129
1725358102.9712029
1725358102.9749506
1725358102.9958725
1725358103.0287118
1725358103.0313203
1725358103.0837457
1725358103.0855536
1725358103.1219897
1725358103.124265
1725358103.1256888
1725358103.1303864
1725358103.144357
1725358103.1589468
1725358103.1803415
1725358103.1982338
1725358103.2165356
1725358103.2243576
1725358103.2371886
1725358103.2853158
1725358103.3051145
1725358103.3233259
1725358103.3248322
1725358103.3397512
1725358103.3705134
1725358103.386897
1725358103.4118822
1725358103.4491632
1725358103.4508717
1725358103.4698396
1725358103.4935436
1725358103.4954803
1725358103.5167286
1725358103.5184882
1725358103.5410528
1725358103.550286
1725358103.5674121
1725358103.5820777
1725358103.6208005
1725358103.6350951
1725358103.655407
1725358103.679225
1725358103.6895206
1725358103.703817
1725358103.7315884
1725358103.7476513
1725358103.7668555
1725358103.7780433
1725358103.8168225
1725358103.835946
1725358103.8452694
1725358103.8641403
1725358103.8925056
1725358103.915258
1725358103.9381182
1725358103.94134
1725358103.9814029
1725358103.9834745
1725358103.998657
1725358104.0570593
1725358104.0584857
1725358104.0807445
1725358104.1010253
1725358104.1034396
1725358104.1335618
1725358104.1360743
1725358104.1442428
1725358104.1613522
1725358104.192595
1725358104.2070096
1725358104.2218888
1725358104.2366517
1725358104.2672439
1725358104.2732043
1725358104.2886772
1725358104.505892
1725358104.5081704
1725358104.509589
1725358104.510852
1725358104.5154693
1725358104.516733
1725358104.5178123
1725358104.5184026
1725358104.5344877
1725358104.5364041
1725358104.594669
1725358104.5958362
1725358104.5976777
1725358104.5989838
1725358104.6002054
1725358104.6164136
1725358104.634397
1725358104.6673827
1725358104.700898
1725358104.7030137
1725358104.7358708
1725358104.7375393
1725358104.7413096
1725358104.8258076
1725358104.8298442
1725358104.8310993
1725358104.8631978
1725358104.8648295
1725358104.884087
1725358104.931997
1725358104.9347308
1725358105.0504653
1725358105.0672448
1725358105.068012
1725358105.0700152
1725358105.0727086
1725358105.0732503
1725358105.0965002
1725358105.0986686
1725358105.1344244
1725358105.2433326
1725358105.2450063
1725358105.2466288
1725358105.25446
1725358105.2563114
1725358105.3044434
1725358105.3050737
1725358105.3081133
1725358105.3092873
1725358105.3106887
1725358105.3185296
1725358105.3466792
1725358105.386364
1725358105.3890254
1725358105.4271686
1725358105.4632313
1725358105.4669256
1725358105.4805212
1725358105.5089705
1725358105.5102396
1725358105.511958
1725358105.5161624
1725358105.532276
1725358105.6098468
1725358105.6113062
1725358105.6127756
1725358105.614268
1725358105.6951892
1725358105.6996686
1725358105.7007508
1725358105.7065287
1725358105.7345016
1725358105.7361846
1725358105.7374008
1725358105.7654445
1725358105.7668395
1725358105.8020797
1725358105.8181
1725358105.8471842
1725358105.8625722
1725358105.8816824
1725358105.8978486
1725358105.9204333
1725358105.9319677
1725358105.945637
1725358106.0016966
1725358106.0022137
1725358106.0269494
1725358106.037059
1725358106.1067243
1725358106.1097803
1725358106.13379
1725358106.1358757
1725358106.1708593
1725358106.1846385
1725358106.2065964
1725358106.2294807
1725358106.2476764
1725358106.2618918
1725358106.2913003
1725358106.2990885
1725358106.30924
1725358106.323233
1725358106.3337843
1725358106.3563707
1725358106.3952932
1725358106.3970933
1725358106.4125154
1725358106.4209855
1725358106.4494944
1725358106.4518616
1725358106.4703214
1725358106.4927447
1725358106.49946
1725358106.538051
1725358106.5554855
1725358106.58099
1725358106.590206
1725358106.6032548
1725358106.6158743
1725358106.6426697
1725358106.6785336
1725358106.689441
1725358106.6982589
1725358106.7161992
1725358106.7402856
1725358106.7560887
1725358106.764963
1725358106.7810662
1725358106.798984
1725358106.8189359
1725358106.836535
1725358106.8480997
1725358106.885682
1725358106.9105458
1725358106.9182096
1725358106.9383419
1725358106.945955
1725358106.961645
1725358106.9786751
1725358107.0148156
1725358107.0311425
1725358107.0514207
1725358107.0639212
1725358107.1016927
1725358107.1117764
1725358107.1357305
1725358107.1510417
1725358107.181093
1725358107.2007139
1725358107.2147727
1725358107.2264898
1725358107.2557623
1725358107.2624264
1725358107.301927
1725358107.315083
1725358107.327219
1725358107.3491294
1725358107.3562465
1725358107.3731291
1725358107.4116657
1725358107.4129107
1725358107.431443
1725358107.4591305
1725358107.4702587
1725358107.4900658
1725358107.5299082
1725358107.5310407
1725358107.5364227
1725358107.549478
1725358107.5791848
1725358107.585342
1725358107.6018794
1725358107.6267152
1725358107.6334803
1725358107.656366
1725358107.669147
1725358107.689175
1725358107.7141478
1725358107.7398686
1725358107.7415128
1725358107.75347
1725358107.8118467
1725358107.8138847
1725358107.8147438
1725358107.8256152
1725358107.831951
1725358107.8624535
1725358107.8637803
1725358107.9107807
1725358107.9187222
1725358107.940586
1725358107.9450161
1725358107.9747872
1725358107.9829915
1725358107.9947765
1725358108.0144992
1725358108.0730307
1725358108.0738313
1725358108.0779226
1725358108.1012514
1725358108.126966
1725358108.1617656
1725358108.1794944
1725358108.224751
1725358108.2324197
1725358108.290464
1725358108.2915885
1725358108.301681
1725358108.3305593
1725358108.3336866
1725358108.3415213
1725358108.3567317
1725358108.3879232
1725358108.3985684
1725358108.4189994
1725358108.4354076
1725358108.439775
1725358108.4777071
1725358108.528446
1725358108.5294132
1725358108.5461876
1725358108.5547338
1725358108.5794513
1725358108.582974
1725358108.60861
1725358108.6528096
1725358108.654109
1725358108.8599448
1725358108.8615594
1725358108.862264
1725358108.8638105
1725358108.871489
1725358108.872462
1725358108.8745205
1725358108.8767145
1725358108.8779263
1725358108.8974817
1725358108.901551
1725358108.9782681
1725358108.9828238
1725358108.9839149
1725358109.023713
1725358109.0244002
1725358109.0319557
1725358109.0326123
1725358109.0354033
1725358109.037068
1725358109.067167
1725358109.104058
1725358109.1553197
1725358109.1560705
1725358109.157363
1725358109.174993
1725358109.1921759
1725358109.211326
1725358109.2128131
1725358109.2463753
1725358109.2645116
1725358109.284339
1725358109.2928946
1725358109.3631747
1725358109.3664722
1725358109.3690434
1725358109.387248
1725358109.4350402
1725358109.4504123
1725358109.5020738
1725358109.5039768
1725358109.5053713
1725358109.5260854
1725358109.5379803
1725358109.5535052
1725358109.5847282
1725358109.5943341
1725358109.603561
1725358109.6598918
1725358109.6621563
1725358109.6634936
1725358109.677237
1725358109.6961484
1725358109.7048883
1725358109.7343261
1725358109.7519798
1725358109.7578306
1725358109.7844245
1725358109.8076856
1725358109.8290303
1725358109.837064
1725358109.8531842
1725358109.8741436
1725358109.892393
1725358109.905366
1725358109.9401724
1725358109.9534645
1725358109.96494
1725358109.983815
1725358110.0018473
1725358110.017886
1725358110.0335114
1725358110.0580575
1725358110.076647
1725358110.0899734
1725358110.1132014
1725358110.1146984
1725358110.1659048
1725358110.1698442
1725358110.1804075
1725358110.2278895
1725358110.2294078
1725358110.231521
1725358110.245497
1725358110.287731
1725358110.3010736
1725358110.3174946
1725358110.3343472
1725358110.37195
1725358110.3777275
1725358110.4045784
1725358110.4159398
1725358110.4446507
1725358110.46898
1725358110.4972067
1725358110.5049505
1725358110.50954
1725358110.5289166
1725358110.558899
1725358110.5806367
1725358110.5923703
1725358110.6108348
1725358110.62398
1725358110.6422682
1725358110.673393
1725358110.674456
1725358110.686313
1725358110.7234743
1725358110.7334826
1725358110.7506113
1725358110.7653165
1725358110.797243
1725358110.805954
1725358110.8160355
1725358110.832464
1725358110.8653667
1725358110.8668933
1725358110.884304
1725358110.9001927
1725358110.9119704
1725358110.932505
1725358110.9483743
1725358110.9652917
1725358110.9862502
1725358111.001789
1725358111.0152209
1725358111.0268967
1725358111.043848
1725358111.0739262
1725358111.0941925
1725358111.1069772
1725358111.122046
1725358111.1288602
1725358111.1631105
1725358111.185818
1725358111.2086842
1725358111.210469
1725358111.2487829
1725358111.250165
1725358111.2660887
1725358111.3087974
1725358111.320929
1725358111.3334248
1725358111.3439145
1725358111.3669453
1725358111.3864741
1725358111.4295926
1725358111.4411893
1725358111.4706604
1725358111.5067112
1725358111.5279799
1725358111.5383124
1725358111.5589118
1725358111.5921693
1725358111.5982032
1725358111.6080713
1725358111.6237137
1725358111.644723
1725358111.659227
1725358111.6746964
1725358111.6961684
1725358111.7262993
1725358111.739294
1725358111.7806516
1725358111.7841375
1725358111.8147752
1725358111.8363495
1725358111.8554518
1725358111.8571613
1725358111.8790784
1725358111.9027753
1725358111.9330897
1725358111.942995
1725358111.9609866
1725358111.9712446
1725358111.988048
1725358112.0030694
1725358112.0180862
1725358112.0393715
1725358112.0546038
1725358112.0733593
1725358112.0850523
1725358112.0974948
1725358112.1157315
1725358112.1326792
1725358112.1797788
1725358112.1916082
1725358112.218775
1725358112.2530153
1725358112.2540016
1725358112.255428
1725358112.2631242
1725358112.2857032
1725358112.2960637
1725358112.3159585
1725358112.3670738
1725358112.3958447
1725358112.4000795
1725358112.428482
1725358112.4295857
1725358112.4404
1725358112.4591029
1725358112.4812794
1725358112.5134385
1725358112.5238428
1725358112.5385644
1725358112.5537245
1725358112.5950093
1725358112.633335
1725358112.6475894
1725358112.663579
1725358112.6956837
1725358112.7051134
1725358112.7300704
1725358112.7569032
1725358112.7890925
1725358112.790451
1725358112.8058038
1725358112.835807
1725358112.845423
1725358112.856243
1725358112.8695672
1725358112.8873487
1725358112.9072697
1725358112.9276102
1725358112.938345
1725358112.954488
1725358112.9789834
1725358112.9865086
1725358113.0134149
1725358113.0273626
1725358113.0332408
1725358113.069867
1725358113.1117527
1725358113.1142116
1725358113.1351538
1725358113.1371589
1725358113.1597147
1725358113.1870608
1725358113.2109752
1725358113.214606
1725358113.2328
1725358113.2604825
1725358113.2618566
1725358113.2865138
1725358113.311276
1725358113.3127215
1725358113.3391275
1725358113.3491516
1725358113.3592398
1725358113.3737166
1725358113.415897
1725358113.4419835
1725358113.4511137
1725358113.4779615
1725358113.4795887
1725358113.4958725
1725358113.5097365
1725358113.55273
1725358113.5620875
1725358113.5773544
1725358113.6018999
1725358113.6247475
1725358113.6421776
1725358113.6595297
1725358113.6763155
1725358113.7067897
1725358113.7227402
1725358113.7353785
1725358113.7596955
1725358113.7698696
1725358113.785723
1725358113.820957
1725358113.83386
1725358113.852673
1725358113.866025
1725358113.887877
1725358113.899665
1725358113.9207296
1725358113.9372637
1725358113.9592762
1725358113.9944208
1725358114.0002856
1725358114.0175529
1725358114.0308433
1725358114.051538
1725358114.0650117
1725358114.0807378
1725358114.1043477
1725358114.1123064
1725358114.1283615
1725358114.146238
1725358114.1742127
1725358114.178061
1725358114.1959312
1725358114.2088025
1725358114.2265787
1725358114.2471352
1725358114.2589931
1725358114.2748537
1725358114.2983007
1725358114.3116548
1725358114.3274307
1725358114.3432324
1725358114.3634577
1725358114.3763394
1725358114.3966
1725358114.439213
1725358114.4622333
1725358114.4630353
1725358114.4738705
1725358114.491769
1725358114.516218
1725358114.523744
1725358114.5371552
1725358114.5823126
1725358114.5911362
1725358114.6021388
1725358114.6217167
1725358114.6491106
1725358114.687438
1725358114.7113469
1725358114.7287467
1725358114.7703261
1725358114.7878041
1725358114.8076298
1725358114.8255284
1725358114.8545413
1725358114.856146
1725358114.87456
1725358114.887231
1725358114.9091842
1725358114.9176762
1725358114.9321194
1725358114.9593103
1725358114.9765403
1725358115.0065436
1725358115.0396767
1725358115.0493681
1725358115.0642343
1725358115.078792
1725358115.0988042
1725358115.1146846
1725358115.1291957
1725358115.1636064
1725358115.183958
1725358115.1943192
1725358115.2149677
1725358115.2287507
1725358115.2496922
1725358115.2613885
1725358115.2893968
1725358115.2950273
1725358115.3095157
1725358115.3272984
1725358115.3425844
1725358115.3613331
1725358115.373328
1725358115.3929663
1725358115.4370549
1725358115.4463687
1725358115.4627953
1725358115.4878943
1725358115.4910824
1725358115.5082624
1725358115.5229723
1725358115.544701
1725358115.5576897
1725358115.57355
1725358115.616268
1725358115.641898
1725358115.6553085
1725358115.670401
1725358115.6897433
1725358115.7124872
1725358115.7346096
1725358115.7452943
1725358115.800101
1725358115.801012
1725358115.8210967
1725358115.8223844
1725358115.857895
1725358115.8947062
1725358115.90999
1725358115.9193974
1725358115.9617033
1725358115.9894454
1725358115.9901059
1725358116.0189838
1725358116.0440164
1725358116.0514157
1725358116.06794
1725358116.0850167
1725358116.1078227
1725358116.1317444
1725358116.137695
1725358116.1572034
1725358116.1612766
1725358116.1827648
1725358116.2006438
1725358116.2310038
1725358116.2389066
1725358116.247322
1725358116.2710867
1725358116.2771318
1725358116.305126
1725358116.334087
1725358116.3445296
1725358116.4100764
1725358116.4122581
1725358116.414669
1725358116.4487903
1725358116.4504323
1725358116.4615903
1725358116.4803004
1725358116.4898572
1725358116.5221121
1725358116.5396638
1725358116.5480294
1725358116.5652351
1725358116.5950782
1725358116.5970225
1725358116.6327248
1725358116.6411517
1725358116.6420548
1725358116.6835523
1725358116.7020288
1725358116.716648
1725358116.7475584
1725358116.748575
1725358116.7796106
1725358116.7796853
1725358116.8187082
1725358116.8205943
1725358116.8418345
1725358116.8609767
1725358116.8920035
1725358116.937228
1725358116.9382403
1725358116.9508765
1725358116.9867525
1725358116.9987202
1725358116.9992418
1725358117.1933491
1725358117.210121
1725358117.2274923
1725358117.2342584
1725358117.253493
1725358117.2550423
1725358117.25619
1725358117.2592442
1725358117.2669554
1725358117.2798498
1725358117.2827437
1725358117.3179312
1725358117.319518
1725358117.3660877
1725358117.3668983
1725358117.3758032
1725358117.684785
1725358117.6867633
1725358117.6880474
1725358117.6896963
1725358117.870417
1725358117.872442
1725358117.875875
1725358117.9261835
1725358117.9281588
1725358117.93012
1725358117.931844
1725358117.9866111
1725358117.9877217
1725358117.989633
1725358118.0544493
1725358118.0640154
1725358118.0831842
1725358118.084558
1725358118.1033082
1725358118.1042762
1725358118.1048524
1725358118.1880877
1725358118.1886146
1725358118.1901202
1725358118.1907747
1725358118.1982236
1725358118.2008765
1725358118.2178597
1725358118.2488272
1725358118.250659
1725358118.2918787
1725358118.3188756
1725358118.3358562
1725358118.378235
1725358118.4368331
1725358118.4396987
1725358118.4408863
1725358118.4423199
1725358118.4452589
1725358118.4854963
1725358118.4863493
1725358118.4906979
1725358118.5130737
1725358118.5665529
1725358118.5680473
1725358118.5693257
1725358118.5943425
1725358118.5960875
1725358118.6060069
1725358118.6186554
1725358118.6506414
1725358118.6732788
1725358118.6741688
1725358118.7302365
1725358118.732976
1725358118.7411628
1725358118.7536037
1725358118.7788184
1725358118.7893307
1725358118.809578
1725358118.83714
1725358118.838096
1725358118.8525434
1725358118.8986924
1725358118.919863
1725358118.9404998
1725358119.132402
1725358119.1359713
1725358119.182283
1725358119.1845324
1725358119.1870472
1725358119.1888983
1725358119.191045
1725358119.191837
1725358119.2512808
1725358119.2545948
1725358119.25627
1725358119.300226
1725358119.3020744
1725358119.3160808
1725358119.3353972
1725358119.363387
1725358119.3644896
1725358119.4007874
1725358119.4123335
1725358119.4136503
1725358119.4456346
1725358119.4476814
1725358119.4643116
1725358119.4850535
1725358119.504509
1725358119.5059326
1725358119.5559237
1725358119.5612998
1725358119.5633245
1725358119.5792925
1725358119.6196964
1725358119.6315305
1725358119.6466367
1725358119.6583614
1725358119.7072437
1725358119.7093608
1725358119.710818
1725358119.747837
1725358119.7544227
1725358119.7687733
1725358119.7933712
1725358119.8023276
1725358119.8366559
1725358119.837732
1725358119.8542478
1725358119.8713796
1725358119.892381
1725358119.908833
1725358119.9215798
1725358119.9517584
1725358119.9680016
1725358119.980683
1725358120.0043423
1725358120.0272171
1725358120.0305884
1725358120.056413
1725358120.0840163
1725358120.1013656
1725358120.121139
1725358120.1343057
1725358120.1739361
1725358120.1784089
1725358120.1988277
1725358120.2128973
1725358120.260644
1725358120.2860682
1725358120.3024547
1725358120.303989
1725358120.3213952
1725358120.3256295
1725358120.3642914
1725358120.3988314
1725358120.4145396
1725358120.4154248
1725358120.4292066
1725358120.4454377
1725358120.4768198
1725358120.4826584
1725358120.5057073
1725358120.5316937
1725358120.540079
1725358120.5600762
1725358120.5729153
1725358120.593081
1725358120.6066802
1725358120.643209
1725358120.6443722
1725358120.6586022
1725358120.6720216
1725358120.7140243
1725358120.7157583
1725358120.7413826
1725358120.7429361
1725358120.7556307
1725358120.7686977
1725358120.7866354
1725358120.8000357
1725358120.8183882
1725358120.8355095
1725358120.8497014
1725358120.8680959
1725358120.8804598
1725358120.9008224
1725358120.922131
1725358120.936224
1725358120.967544
1725358120.9887195
1725358121.0022402
1725358121.014643
1725358121.03083
1725358121.0489593
1725358121.069639
1725358121.0905018
1725358121.1423714
1725358121.1433213
1725358121.1477456
1725358121.1925635
1725358121.1960638
1725358121.2364788
1725358121.252714
1725358121.277467
1725358121.2967663
1725358121.3300385
1725358121.3481057
1725358121.3641005
1725358121.4016404
1725358121.4026334
1725358121.4128218
1725358121.4316185
1725358121.454955
1725358121.4597943
1725358121.4801726
1725358121.4890485
1725358121.502507
1725358121.539154
1725358121.575578
1725358121.5899246
1725358121.6065857
1725358121.6312792
1725358121.639995
1725358121.6618226
1725358121.6709788
1725358121.7115276
1725358121.7324252
1725358121.7570705
1725358121.7577353
1725358121.771276
1725358121.784621
1725358121.8022163
1725358121.8249907
1725358121.8360689
1725358121.863384
1725358121.8710425
1725358121.8842008
1725358121.9182277
1725358121.919738
1725358121.938576
1725358121.973861
1725358121.9945753
1725358122.0122359
1725358122.0297208
1725358122.0633466
1725358122.066457
1725358122.080484
1725358122.0837605
1725358122.1059349
1725358122.1226914
1725358122.1634443
1725358122.1779468
1725358122.194991
1725358122.221222
1725358122.2327769
1725358122.251939
1725358122.266137
1725358122.2902331
1725358122.3240929
1725358122.338461
1725358122.356321
1725358122.3719747
1725358122.4054143
1725358122.4525588
1725358122.4530683
1725358122.469441
1725358122.4998314
1725358122.5163863
1725358122.5233626
1725358122.5556839
1725358122.5749757
1725358122.5958893
1725358122.6036031
1725358122.625088
1725358122.6422293
1725358122.6553607
1725358122.6679862
1725358122.6923463
1725358122.7130547
1725358122.715984
1725358122.7468915
1725358122.7717316
1725358122.7729845
1725358122.7940989
1725358122.8173437
1725358122.8193088
1725358122.848649
1725358122.8785224
1725358122.893259
1725358122.8967483
1725358122.9193456
1725358122.9338353
1725358122.953649
1725358122.9807725
1725358123.0008407
1725358123.0127363
1725358123.030598
1725358123.0481093
1725358123.0660152
1725358123.0779681
1725358123.1064675
1725358123.108944
1725358123.1343713
1725358123.1660209
1725358123.167363
1725358123.1876152
1725358123.214544
1725358123.229596
1725358123.2538319
1725358123.2822437
1725358123.2838411
1725358123.2897239
1725358123.3117254
1725358123.3540063
1725358123.363028
1725358123.3872104
1725358123.396111
1725358123.4426715
1725358123.451272
1725358123.4982908
1725358123.4992244
1725358123.5132647
1725358123.529708
1725358123.5421202
1725358123.5546393
1725358123.5811865
1725358123.6025853
1725358123.631978
1725358123.6435668
1725358123.6588576
1725358123.6749463
1725358123.6909037
1725358123.7056117
1725358123.7413445
1725358123.7587671
1725358123.7598443
1725358123.7915497
1725358123.805195
1725358123.8186169
1725358123.833731
1725358123.8506224
1725358123.8844855
1725358123.8861573
1725358123.9030545
1725358123.926732
1725358123.93717
1725358123.9502115
1725358123.9636946
1725358123.986641
1725358123.9996438
1725358124.0149758
1725358124.0355468
1725358124.0528696
1725358124.0684154
1725358124.08931
1725358124.095454
1725358124.1320326
1725358124.1377304
1725358124.1513734
1725358124.1656172
1725358124.181194
1725358124.193613
1725358124.232569
1725358124.2504835
1725358124.2607648
1725358124.2802286
1725358124.3002906
1725358124.3174174
1725358124.328377
1725358124.343451
1725358124.384412
1725358124.3987908
1725358124.4093208
1725358124.4210749
1725358124.4634643
1725358124.504736
1725358124.5105608
1725358124.532257
1725358124.5549138
1725358124.5989397
1725358124.6133232
1725358124.6354842
1725358124.6648874
1725358124.6663456
1725358124.677642
1725358124.684841
1725358124.7219574
1725358124.7237236
1725358124.7350695
1725358124.7580838
1725358124.7725625
1725358124.8095698
1725358124.8403964
1725358124.852355
1725358124.8727605
1725358124.8858497
1725358124.9048686
1725358124.9370413
1725358124.9438336
1725358124.967563
1725358125.0007172
1725358125.0066733
1725358125.0253167
1725358125.0363314
1725358125.0521483
1725358125.0718627
1725358125.08349
1725358125.0987344
1725358125.1170459
1725358125.1334276
1725358125.1452725
1725358125.1653504
1725358125.1822288
1725358125.200522
1725358125.2620945
1725358125.2781463
1725358125.279974
1725358125.2843463
1725358125.2966447
1725358125.329221
1725358125.337646
1725358125.3444514
1725358125.3629928
1725358125.3789964
1725358125.426987
1725358125.4480867
1725358125.4639919
1725358125.49369
1725358125.5039752
1725358125.5213022
1725358125.5326476
1725358125.5462344
1725358125.5814924
1725358125.5943391
1725358125.6128252
1725358125.6353893
1725358125.676572
1725358125.7056816
1725358125.713108
1725358125.7376976
1725358125.7648406
1725358125.7833166
1725358125.7973769
1725358125.84626
1725358125.8577335
1725358125.8651896
1725358125.8833954
1725358125.8976321
1725358125.9290092
1725358125.9407957
1725358125.9555151
1725358125.9700527
1725358125.9836433
1725358125.9996264
1725358126.0156417
1725358126.0343206
1725358126.047636
1725358126.0665586
1725358126.0829787
1725358126.093736
1725358126.1119928
1725358126.145613
1725358126.1569755
1725358126.173308
1725358126.189062
1725358126.2171848
1725358126.2246034
1725358126.2408144
1725358126.2725005
1725358126.289427
1725358126.3010542
1725358126.319114
1725358126.3383794
1725358126.3583288
1725358126.3756409
1725358126.3961937
1725358126.4130366
1725358126.4242573
1725358126.4433844
1725358126.455826
1725358126.4898596
1725358126.5206423
1725358126.523018
1725358126.5508962
1725358126.5528104
1725358126.5719457
1725358126.593673
1725358126.6158757
1725358126.6346483
1725358126.6590848
1725358126.6689055
1725358126.7023227
1725358126.7317462
1725358126.7344186
1725358126.7631085
1725358126.7839205
1725358126.800587
1725358126.8185773
1725358126.8283036
1725358126.8499708
1725358126.866749
1725358126.8956742
1725358126.9159772
1725358126.9426167
1725358126.9588823
1725358126.972732
1725358126.9819036
1725358127.0045779
1725358127.016132
1725358127.0341434
1725358127.0688405
1725358127.0790713
1725358127.0996146
1725358127.1215894
1725358127.1363502
1725358127.148892
1725358127.1686099
1725358127.1815886
1725358127.1985347
1725358127.2096767
1725358127.231946
1725358127.2433617
1725358127.2699609
1725358127.275969
1725358127.2942157
1725358127.3148444
1725358127.3274202
1725358127.3458147
1725358127.3635488
1725358127.3779614
1725358127.394616
1725358127.420887
1725358127.4281728
1725358127.4391334
1725358127.4656196
1725358127.4842257
1725358127.514196
1725358127.532549
1725358127.5373657
1725358127.5532398
1725358127.5731902
1725358127.59269
1725358127.60625
1725358127.6182504
1725358127.6733387
1725358127.6740222
1725358127.6887033
1725358127.7058594
1725358127.734673
1725358127.7980185
1725358127.8124032
1725358127.8199108
1725358127.827589
1725358127.8855538
1725358127.8885016
1725358127.9052944
1725358127.9399607
1725358127.9522998
1725358127.9534972
1725358127.9794602
1725358127.9882584
1725358128.002221
1725358128.0155778
1725358128.028607
1725358128.0450792
1725358128.0811856
1725358128.1404612
1725358128.1411402
1725358128.1534905
1725358128.1659799
1725358128.177465
1725358128.1915858
1725358128.2119498
1725358128.2490323
1725358128.2683132
1725358128.289838
1725358128.29876
1725358128.3138843
1725358128.3318324
1725358128.344732
1725358128.3648198
1725358128.3810513
1725358128.3971527
1725358128.4087734
1725358128.4309382
1725358128.4475725
1725358128.4695544
1725358128.4778857
1725358128.5220425
1725358128.5448346
1725358128.5512025
1725358128.5647712
1725358128.5965405
1725358128.5992227
1725358128.6061916
1725358128.6329234
1725358128.6390557
1725358128.6598723
1725358128.6968412
1725358128.7287517
1725358128.7388892
1725358128.7552903
1725358128.782509
1725358128.7901456
1725358128.8151004
1725358128.825847
1725358128.8628788
1725358128.8668702
1725358128.888554
1725358128.9048364
1725358128.9394615
1725358128.972778
1725358128.9899557
1725358129.0124865
1725358129.0396256
1725358129.0567102
1725358129.068701
1725358129.108992
1725358129.116614
1725358129.1334927
1725358129.150032
1725358129.1690965
1725358129.1903703
1725358129.207608
1725358129.219034
1725358129.2315767
1725358129.2536156
1725358129.2731721
1725358129.2907832
1725358129.2982714
1725358129.3123543
1725358129.3333113
1725358129.346262
1725358129.3651214
1725358129.3809803
1725358129.4152822
1725358129.4331076
1725358129.441947
1725358129.4684498
1725358129.4888406
1725358129.4982657
1725358129.5152636
1725358129.5468
1725358129.5604272
1725358129.5789142
1725358129.589004
1725358129.6160142
1725358129.6306992
1725358129.6431065
1725358129.6658113
1725358129.6765354
1725358129.6960826
1725358129.716648
1725358129.7265043
1725358129.7639253
1725358129.7854674
1725358129.7903163
1725358129.8350987
1725358129.8370268
1725358129.8427186
1725358129.8626282
1725358129.8920677
1725358129.9062753
1725358129.9243746
1725358129.9506383
1725358129.9725072
1725358129.9924664
1725358130.0038607
1725358130.025711
1725358130.0545745
1725358130.078252
1725358130.0930269
1725358130.105047
1725358130.1205204
1725358130.1484194
1725358130.1719356
1725358130.1895938
1725358130.205266
1725358130.2198708
1725358130.239365
1725358130.2604897
1725358130.2796407
1725358130.2840288
1725358130.3099039
1725358130.3420162
1725358130.3549817
1725358130.3674839
1725358130.382205
1725358130.4024608
1725358130.417696
1725358130.4358764
1725358130.4455419
1725358130.4664812
1725358130.491656
1725358130.5023208
1725358130.5173318
1725358130.552509
1725358130.5544894
1725358130.5679903
1725358130.5851698
1725358130.6013255
1725358130.6177425
1725358130.6314042
1725358130.6615098
1725358130.6701598
1725358130.6896293
1725358130.6943126
1725358130.7121303
1725358130.7263663
1725358130.7432659
1725358130.7989802
1725358130.801453
1725358130.8118143
1725358130.8336725
1725358130.8541226
1725358130.881457
1725358130.8827507
1725358130.9052963
1725358130.9405787
1725358130.958348
1725358130.9590745
1725358130.9798346
1725358131.0175729
1725358131.0570166
1725358131.0698256
1725358131.080476
1725358131.093295
1725358131.144499
1725358131.173566
1725358131.1898563
1725358131.2179794
1725358131.2188792
1725358131.2223527
1725358131.2355294
1725358131.2670622
1725358131.2681575
1725358131.3020177
1725358131.3033948
1725358131.3128154
1725358131.360884
1725358131.385392
1725358131.395079
1725358131.4268835
1725358131.4279685
1725358131.446724
1725358131.463391
1725358131.4798462
1725358131.5142944
1725358131.5337162
1725358131.5491378
1725358131.5613694
1725358131.5806954
1725358131.596014
1725358131.6197793
1725358131.6281896
1725358131.6454468
1725358131.6688616
1725358131.6861374
1725358131.689583
1725358131.7133489
1725358131.729911
1725358131.744695
1725358131.787052
1725358131.7942283
1725358131.8114204
1725358131.826128
1725358131.8469474
1725358131.8638792
1725358131.871364
1725358131.9063973
1725358131.9074404
1725358131.92111
1725358132.0057523
1725358132.0071604
1725358132.007872
1725358132.0275722
1725358132.0436022
1725358132.057563
1725358132.0739696
1725358132.1072643
1725358132.1347113
1725358132.1368287
1725358132.1567142
1725358132.1795397
1725358132.2040288
1725358132.236955
1725358132.255983
1725358132.268199
1725358132.3051748
1725358132.3234332
1725358132.3355057
1725358132.386247
1725358132.3880935
1725358132.4040427
1725358132.4151056
1725358132.4381154
1725358132.4564693
1725358132.4661677
1725358132.4841795
1725358132.498437
1725358132.513283
1725358132.5287633
1725358132.5460236
1725358132.5682096
1725358132.5788076
1725358132.6132703
1725358132.6152146
1725358132.632656
1725358132.6492443
1725358132.679176
1725358132.694546
1725358132.714188
1725358132.7313225
1725358132.744332
1725358132.7607062
1725358132.7731209
1725358132.8117204
1725358132.8227139
1725358132.8378255
1725358132.8533804
1725358132.8697784
1725358132.8945773
1725358132.9042954
1725358132.9188752
1725358132.93493
1725358132.9529107
1725358132.9686654
1725358132.986862
1725358133.0207944
1725358133.0385273
1725358133.0523186
1725358133.071062
1725358133.0865803
1725358133.1046379
1725358133.1248252
1725358133.1504447
1725358133.1785593
1725358133.189894
1725358133.2050226
1725358133.235812
1725358133.2489429
1725358133.2666724
1725358133.281338
1725358133.3185492
1725358133.3400724
1725358133.347934
1725358133.3658206
1725358133.3911567
1725358133.4050643
1725358133.4329422
1725358133.4503078
1725358133.4663594
1725358133.4852805
1725358133.4969125
1725358133.5163121
1725358133.5328367
1725358133.5564382
1725358133.5666528
1725358133.602229
1725358133.61461
1725358133.6378455
1725358133.6455073
1725358133.66749
1725358133.687136
1725358133.7048776
1725358133.7193658
1725358133.7351618
1725358133.7471313
1725358133.7707832
1725358133.779951
1725358133.7991052
1725358133.8140938
1725358133.8310242
1725358133.8471918
1725358133.86253
1725358133.8812945
1725358133.8962197
1725358133.9199936
1725358133.9240086
1725358133.9432988
1725358133.958333
1725358133.977262
1725358133.999021
1725358134.010246
1725358134.0494769
1725358134.0645761
1725358134.0725408
1725358134.0888486
1725358134.104423
1725358134.1320257
1725358134.1527085
1725358134.159388
1725358134.1998837
1725358134.21112
1725358134.235391
1725358134.2389164
1725358134.2773924
1725358134.3095431
1725358134.3284862
1725358134.3568816
1725358134.3678498
1725358134.420598
1725358134.422727
1725358134.4496212
1725358134.4773953
1725358134.4781516
1725358134.4923167
1725358134.507434
1725358134.5363388
1725358134.5390043
1725358134.5479407
1725358134.5777938
1725358134.587447
1725358134.6158798
1725358134.8873398
1725358134.8897095
1725358134.8909163
1725358134.8924503
1725358134.9071584
1725358134.9079874
1725358134.9090252
1725358134.9101343
1725358134.911431
1725358134.9274907
1725358134.9518542
1725358134.9548233
1725358134.9919617
1725358134.993299
1725358134.99496
1725358135.0267022
1725358135.115845
1725358135.116255
1725358135.1343641
1725358135.1377444
1725358135.1560876
1725358135.172684
1725358135.1733637
1725358135.2066624
1725358135.2508795
1725358135.2754548
1725358135.2763212
1725358135.3037047
1725358135.3050683
1725358135.3326986
1725358135.3539057
1725358135.355114
1725358135.4006617
1725358135.416977
1725358135.418395
1725358135.4898112
1725358135.5168571
1725358135.5189126
1725358135.5195482
1725358135.5486755
1725358135.5749278
1725358135.6073775
1725358135.6087117
1725358135.6427684
1725358135.6573982
1725358135.672283
1725358135.6853824
1725358135.7000847
1725358135.7189105
1725358135.738659
1725358135.7537231
1725358135.7635453
1725358135.7951229
1725358135.8100889
1725358135.8129065
1725358135.832775
1725358136.0382404
1725358136.039922
1725358136.041809
1725358136.0445967
1725358136.1292193
1725358136.133621
1725358136.1341448
1725358136.134906
1725358136.135999
1725358136.138853
1725358136.141137
1725358136.183992
1725358136.1862895
1725358136.197247
1725358136.1986477
1725358136.2100387
1725358136.2495852
1725358136.2514546
1725358136.3008378
1725358136.3162766
1725358136.3177645
1725358136.328705
1725358136.350747
1725358136.366513
1725358136.3827024
1725358136.4112673
1725358136.4254534
1725358136.43684
1725358136.4639256
1725358136.4792922
1725358136.516579
1725358136.53757
1725358136.540265
1725358136.554574
1725358136.5974445
1725358136.6161394
1725358136.6173987
1725358136.632739
1725358136.6502357
1725358136.6735833
1725358136.702887
1725358136.72529
1725358136.737026
1725358136.7486575
1725358136.765421
1725358136.7885487
1725358136.8031027
1725358136.8145463
1725358136.8378565
1725358136.8743377
1725358136.8935022
1725358136.9004672
1725358136.9177825
1725358136.9323027
1725358136.9539697
1725358136.9628642
1725358136.9791803
1725358136.9946523
1725358137.0193202
1725358137.0304363
1725358137.0420012
1725358137.0668442
1725358137.0742483
1725358137.0929632
1725358137.1084487
1725358137.1282845
1725358137.1418383
1725358137.1573546
1725358137.1748736
1725358137.1945188
1725358137.204846
1725358137.2248526
1725358137.2391343
1725358137.262026
1725358137.268785
1725358137.3096135
1725358137.3256521
1725358137.340968
1725358137.35393
1725358137.3685143
1725358137.3937664
1725358137.4139652
1725358137.4333568
1725358137.464913
1725358137.4787476
1725358137.4851413
1725358137.5034401
1725358137.5379097
1725358137.572177
1725358137.5928729
1725358137.619337
1725358137.6429625
1725358137.6860027
1725358137.687622
1725358137.7069254
1725358137.7465959
1725358137.7487957
1725358137.7530942
1725358137.7698336
1725358137.8078475
1725358137.8089042
1725358137.8817425
1725358137.881898
1725358137.8820443
1725358137.887133
1725358137.9307413
1725358137.9314017
1725358137.9512744
1725358137.963098
1725358137.984419
1725358138.0422876
1725358138.0423558
1725358138.0459983
1725358138.0710683
1725358138.0792317
1725358138.0983686
1725358138.1267145
1725358138.1351674
1725358138.1666276
1725358138.1666758
1725358138.1806402
1725358138.2039196
1725358138.2093463
1725358138.2328699
1725358138.2488072
1725358138.3215005
1725358138.3215592
1725358138.3222704
1725358138.3323863
1725358138.3584728
1725358138.3798227
1725358138.3831296
1725358138.400209
1725358138.4143655
1725358138.449818
1725358138.4499269
1725358138.4521039
1725358138.4952037
1725358138.5190976
1725358138.56791
1725358138.5690355
1725358138.579883
1725358138.5979922
1725358138.629446
1725358138.629521
1725358138.6590633
1725358138.6976118
1725358138.6976604
1725358138.697699
1725358138.741554
1725358138.7726786
1725358138.8383827
1725358138.838464
1725358138.840956
1725358138.8560083
1725358138.8740416
1725358138.8982701
1725358138.9205725
1725358138.938507
1725358138.9482725
1725358138.9632394
1725358138.9809759
1725358138.9967115
1725358139.0126941
1725358139.0280623
1725358139.0595052
1725358139.061426
1725358139.0806692
1725358139.093081
1725358139.115769
1725358139.1279984
1725358139.147281
1725358139.164699
1725358139.1805434
1725358139.2124226
1725358139.2262661
1725358139.2442424
1725358139.2601335
