2024-09-03 17:38:25
../stream-replay/logs/stuttering-6205.txt
1725356165.7871802
1725356165.7960167
1725356165.796164
1725356165.8708706
1725356165.8722718
1725356165.8736198
1725356165.8765132
1725356165.8776681
1725356165.9303744
1725356165.9317024
1725356165.9343421
1725356165.965176
1725356165.966855
1725356166.0070162
1725356166.0078206
1725356166.0091567
1725356166.0434663
1725356166.0439653
1725356166.0827806
1725356166.08336
1725356166.2042892
1725356166.205823
1725356166.2083955
1725356166.2100046
1725356166.235452
1725356166.2381864
1725356166.2383168
1725356166.2384758
1725356166.2718558
1725356166.2732813
1725356166.2954092
1725356166.3048072
1725356166.318992
1725356166.3465812
1725356166.3504174
1725356166.397911
1725356166.407196
1725356166.4338024
1725356166.4369895
1725356166.477516
1725356166.513666
1725356166.5238287
1725356166.550266
1725356166.5865636
1725356166.6406069
1725356166.642424
1725356166.6694772
1725356166.6726468
1725356166.672878
1725356166.686342
1725356166.739524
1725356166.7426665
1725356166.7433698
1725356166.7521956
1725356166.7802022
1725356166.7819335
1725356166.8158925
1725356166.8712974
1725356166.8747556
1725356166.879367
1725356166.8963091
1725356166.9135678
1725356167.039728
1725356167.0414236
1725356167.0440326
1725356167.0651548
1725356167.0678656
1725356167.0685523
1725356167.069713
1725356167.2196097
1725356167.2196953
1725356167.2218406
1725356167.2243063
1725356167.2372644
1725356167.2382083
1725356167.242028
1725356167.2436383
1725356167.3417068
1725356167.343182
1725356167.4078789
1725356167.4380105
1725356167.440259
1725356167.441949
1725356167.5046341
1725356167.505406
1725356167.5068424
1725356167.5093997
1725356167.509904
1725356167.515929
1725356167.533667
1725356167.5356257
1725356167.5361593
1725356167.5383162
1725356167.5389848
1725356167.5404058
1725356167.5478072
1725356167.560534
1725356167.5997643
1725356167.608795
1725356167.6249459
1725356167.6467738
1725356167.7078514
1725356167.709585
1725356167.7235274
1725356167.786948
1725356167.7893512
1725356167.801105
1725356167.8111272
1725356167.8504257
1725356167.8850548
1725356167.9317508
1725356167.935178
1725356167.945062
1725356167.967203
1725356167.9908195
1725356167.9909058
1725356168.006484
1725356168.0233128
1725356168.0377798
1725356168.133785
1725356168.136256
1725356168.1464915
1725356168.1796544
1725356168.1810005
1725356168.1835494
1725356168.2147896
1725356168.2149215
1725356168.215035
1725356168.257499
1725356168.2588623
1725356168.2615192
1725356168.289257
1725356168.3225756
1725356168.3251238
1725356168.3530898
1725356168.3554914
1725356168.3726637
1725356168.5084627
1725356168.5102894
1725356168.512289
1725356168.5380812
1725356168.5399451
1725356168.5417337
1725356168.5519295
1725356168.5538082
1725356168.5578072
1725356168.6513338
1725356168.654092
1725356168.6552546
1725356168.6665082
1725356168.6979897
1725356168.7001245
1725356168.712297
1725356168.7262542
1725356168.7282844
1725356168.746792
1725356168.7500281
1725356168.7759066
1725356168.8192308
1725356168.8214705
1725356168.851928
1725356168.8535602
1725356168.8711243
1725356168.9125426
1725356168.955818
1725356168.959481
1725356168.96485
1725356168.9665215
1725356169.069061
1725356169.0708299
1725356169.130914
1725356169.1329358
1725356169.1350787
1725356169.1376915
1725356169.1973574
1725356169.2006645
1725356169.201488
1725356169.223205
1725356169.2248468
1725356169.226136
1725356169.2923687
1725356169.2954664
1725356169.2968948
1725356169.2998967
1725356169.302654
1725356169.3033655
1725356169.30552
1725356169.3206177
1725356169.3614283
1725356169.3749738
1725356169.3769557
1725356169.393575
1725356169.4006925
1725356169.4418604
1725356169.4438908
1725356169.4463377
1725356169.4761443
1725356169.4801233
1725356169.5071917
1725356169.5447626
1725356169.6047335
1725356169.606894
1725356169.6090298
1725356169.6113875
1725356169.6181223
1725356169.631528
1725356169.648816
1725356169.778658
1725356169.8325121
1725356169.8325331
1725356169.8325446
1725356169.8325803
1725356169.8414404
1725356169.8683937
1725356169.913274
1725356169.9163332
1725356169.919078
1725356169.9286487
1725356169.930778
1725356169.9648266
1725356169.9656432
1725356169.9833677
1725356169.9932492
1725356170.0125453
1725356170.0261135
1725356170.0455737
1725356170.0608253
1725356170.093557
1725356170.181632
1725356170.1872375
1725356170.1892583
1725356170.2244167
1725356170.2254298
1725356170.2278545
1725356170.2300744
1725356170.254947
1725356170.3081205
1725356170.3112848
1725356170.3310187
1725356170.3331852
1725356170.3441963
1725356170.3676937
1725356170.3861816
1725356170.4024878
1725356170.40472
1725356170.4293568
1725356170.4435654
1725356170.5224664
1725356170.524444
1725356170.526949
1725356170.5282412
1725356170.600993
1725356170.6053832
1725356170.656041
1725356170.6566157
1725356170.6594055
1725356170.6600146
1725356170.660518
1725356170.6610084
1725356170.711807
1725356170.7135506
1725356170.7755225
1725356170.7777414
1725356170.7784855
1725356170.8003087
1725356170.8956387
1725356170.8969154
1725356170.8999758
1725356170.9898326
1725356170.9907684
1725356170.9928553
1725356171.1102126
1725356171.1198084
1725356171.1202965
1725356171.1212075
1725356171.1244547
1725356171.23525
1725356171.2359614
1725356171.2365067
1725356171.2370422
1725356171.2375517
1725356171.2400987
1725356171.276784
1725356171.2770762
1725356171.2966046
1725356171.2972507
1725356171.2978165
1725356171.2983286
1725356171.313588
1725356171.3308134
1725356171.3380709
1725356171.3970644
1725356171.4002934
1725356171.425059
1725356171.4266205
1725356171.4294627
1725356171.457586
1725356171.475574
1725356171.4874616
1725356171.5146189
1725356171.5188477
1725356171.5371196
1725356171.5554295
1725356171.607032
1725356171.6087568
1725356171.6215324
1725356171.6523573
1725356171.6542757
1725356171.667001
1725356171.684626
1725356171.792947
1725356171.7933497
1725356171.7954543
1725356171.8257546
1725356171.827448
1725356171.829646
1725356171.8369515
1725356171.8506546
1725356171.8557713
1725356171.8841498
1725356171.885914
1725356171.914955
1725356171.9424596
1725356171.9538527
1725356171.9772196
1725356171.9974952
1725356172.0225513
1725356172.0362735
1725356172.0506408
1725356172.06559
1725356172.108128
1725356172.122255
1725356172.1384125
1725356172.1629162
1725356172.164114
1725356172.1871521
1725356172.2126136
1725356172.275593
1725356172.276727
1725356172.2772303
1725356172.27788
1725356172.326107
1725356172.3296516
1725356172.3447523
1725356172.3461158
1725356172.376192
1725356172.3923433
1725356172.4169934
1725356172.4423492
1725356172.4441879
1725356172.4648185
1725356172.5464094
1725356172.5482106
1725356172.5522015
1725356172.6244154
1725356172.625629
1725356172.6267471
1725356172.6293836
1725356172.6403482
1725356172.640447
1725356172.641098
1725356172.6551228
1725356172.6558247
1725356172.703937
1725356172.7053225
1725356172.706793
1725356172.7226658
1725356172.7598488
1725356172.7620668
1725356172.7745173
1725356172.8091164
1725356172.832704
1725356172.8375802
1725356172.8675616
1725356172.8697464
1725356172.8886907
1725356172.9187083
1725356172.9207764
1725356172.9449742
1725356172.9785948
1725356173.010433
1725356173.0104501
1725356173.0160935
1725356173.1636393
1725356173.1691768
1725356173.2059567
1725356173.258846
1725356173.2607255
1725356173.262758
1725356173.2645297
1725356173.2701395
1725356173.3194678
1725356173.320039
1725356173.3434196
1725356173.343968
1725356173.344886
1725356173.3459506
1725356173.3489487
1725356173.352188
1725356173.4095378
1725356173.4105213
1725356173.4908476
1725356173.4946396
1725356173.4951549
1725356173.5131655
1725356173.515862
1725356173.5163398
1725356173.5400648
1725356173.5680904
1725356173.5866582
1725356173.6143558
1725356173.6157076
1725356173.660735
1725356173.6618402
1725356173.6632566
1725356173.7012386
1725356173.7024255
1725356173.7237763
1725356173.7244003
1725356173.810618
1725356173.8111238
1725356173.811875
1725356173.8122694
1725356173.8629704
1725356173.875307
1725356173.8770757
1725356173.8784556
1725356173.8956437
1725356173.9711883
1725356173.9725578
1725356173.9739776
1725356173.975201
1725356173.9845638
1725356174.0112352
1725356174.05677
1725356174.0576472
1725356174.0790308
1725356174.1779099
1725356174.1789308
1725356174.1805243
1725356174.2034812
1725356174.204931
1725356174.206356
1725356174.2087224
1725356174.2217638
1725356174.257135
1725356174.3440716
1725356174.3476703
1725356174.3495035
1725356174.3509526
1725356174.3757658
1725356174.435878
1725356174.437985
1725356174.4400823
1725356174.4513018
1725356174.4768274
1725356174.4840415
1725356174.5025434
1725356174.5349422
1725356174.535775
1725356174.553217
1725356174.5805776
1725356174.5843396
1725356174.6182983
1725356174.6198566
1725356174.6613824
1725356174.6639786
1725356174.670221
1725356174.7019992
1725356174.7042036
1725356174.7643769
1725356174.7646554
1725356174.7765288
1725356174.7860143
1725356174.805104
1725356174.8550951
1725356174.8559144
1725356174.8879871
1725356174.8894641
1725356174.9024115
1725356174.9571881
1725356174.9585454
1725356174.961412
1725356175.0163138
1725356175.0175755
1725356175.0190535
1725356175.0206895
1725356175.037785
1725356175.0487611
1725356175.1011603
1725356175.1031828
1725356175.118272
1725356175.1311069
1725356175.161832
1725356175.1630726
1725356175.1985493
1725356175.2128043
1725356175.234216
1725356175.2559543
1725356175.26628
1725356175.2976122
1725356175.3110256
1725356175.3777826
1725356175.3786066
1725356175.3817565
1725356175.428293
1725356175.4316392
1725356175.4321408
1725356175.446615
1725356175.4636824
1725356175.4920194
1725356175.5263498
1725356175.5292826
1725356175.5444112
1725356175.6377764
1725356175.6382482
1725356175.6392481
1725356175.6397743
1725356175.6443949
1725356175.6637108
1725356175.6711187
1725356175.6990316
1725356175.708192
1725356175.724926
1725356175.737301
1725356175.76457
1725356175.7802064
1725356175.8043802
1725356175.8057325
1725356175.8173966
1725356175.8457532
1725356175.8540516
1725356175.8698425
1725356175.8966012
1725356175.9603012
1725356175.963776
1725356175.9659579
1725356176.0018501
1725356176.002897
1725356176.0046196
1725356176.0067763
1725356176.0158777
1725356176.0380204
1725356176.1036897
1725356176.1053355
1725356176.1091812
1725356176.1285648
1725356176.1301477
1725356176.1465602
1725356176.1645403
1725356176.191023
1725356176.2040777
1725356176.2226644
1725356176.2549481
1725356176.2731082
1725356176.2746673
1725356176.2989795
1725356176.3336072
1725356176.3828342
1725356176.388557
1725356176.4128864
1725356176.4262831
1725356176.4664881
1725356176.4923556
1725356176.497877
1725356176.5337427
1725356176.53535
1725356176.5534353
1725356176.5729902
1725356176.5761027
1725356176.599021
1725356176.610812
1725356176.856007
1725356176.8580139
1725356176.8624501
1725356176.8817854
1725356176.8833334
1725356176.8895905
1725356176.8918412
1725356176.8932133
1725356176.8945487
1725356176.8974233
1725356176.900676
1725356176.919909
1725356176.9211776
1725356176.9227107
1725356176.9260397
1725356176.9438372
1725356176.944523
1725356176.9635663
1725356177.002624
1725356177.0067618
1725356177.0088096
1725356177.0216708
1725356177.038531
1725356177.0564878
1725356177.077223
1725356177.160456
1725356177.1738844
1725356177.1766746
1725356177.178186
1725356177.1799073
1725356177.1865802
1725356177.2085776
1725356177.2227004
1725356177.2352803
1725356177.2889953
1725356177.3344202
1725356177.346438
1725356177.346527
1725356177.3556674
1725356177.3696291
1725356177.3853586
1725356177.417855
1725356177.419948
1725356177.4654264
1725356177.4818327
1725356177.5080025
1725356177.5098708
1725356177.7083316
1725356177.855206
1725356177.8557203
1725356177.8562331
1725356177.859469
1725356177.8658233
1725356177.9233234
1725356177.9238985
1725356177.9244287
1725356177.924947
1725356177.9254653
1725356177.9268303
1725356177.9307692
1725356177.9347007
1725356177.9367957
1725356177.939106
1725356177.9413
1725356177.9428248
1725356177.9449105
1725356177.9464285
1725356177.9591935
1725356177.9614646
1725356177.965198
1725356177.9682825
1725356177.9861321
1725356178.013892
1725356178.075728
1725356178.0774188
1725356178.079058
1725356178.0927114
1725356178.1070464
1725356178.1412015
1725356178.1453776
1725356178.1836848
1725356178.1841776
1725356178.2646844
1725356178.2660477
1725356178.269049
1725356178.2767646
1725356178.2803018
1725356178.2806578
1725356178.316474
1725356178.3176928
1725356178.3413727
1725356178.3572204
1725356178.4091277
1725356178.4102602
1725356178.4135337
1725356178.4238443
1725356178.4441097
1725356178.4672894
1725356178.4907105
1725356178.6604538
1725356178.6644497
1725356178.900481
1725356178.901239
1725356178.902478
1725356178.9676352
1725356178.9684572
1725356178.9721065
1725356179.074525
1725356179.0757308
1725356179.0769963
1725356179.17523
1725356179.1764982
1725356179.177457
1725356179.2236392
1725356179.2280085
1725356179.263407
1725356179.2773414
1725356179.2778444
1725356179.2797036
1725356179.280205
1725356179.2806892
1725356179.320876
1725356179.321491
1725356179.3220367
1725356179.3602731
1725356179.3617318
1725356179.3622282
1725356179.3627453
1725356179.3651857
1725356179.3677201
1725356179.3689842
1725356179.4883263
1725356179.4898407
1725356179.5113432
1725356179.5130706
1725356179.5136948
1725356179.5246806
1725356179.5734878
1725356179.5764058
1725356179.576868
1725356179.5827968
1725356179.585255
1725356179.5963178
1725356179.597192
1725356179.599926
1725356179.6021442
1725356179.6045942
1725356179.6068423
1725356179.608521
1725356179.6093552
1725356179.6120963
1725356179.6394534
1725356179.6409872
1725356179.6410804
1725356179.6411648
1725356179.6412826
1725356179.6977642
1725356179.7202957
1725356179.7425497
1725356179.745866
1725356179.7484157
1725356179.7811766
1725356179.8126373
1725356179.8384821
1725356179.8392022
1725356179.8414934
1725356179.9748056
1725356179.97771
1725356180.0057154
1725356180.009062
1725356180.0100148
1725356180.0107079
1725356180.0174713
1725356180.0233579
1725356180.0247686
1725356180.0270073
1725356180.0465193
1725356180.0628731
1725356180.082464
1725356180.0897536
1725356180.1419847
1725356180.142825
1725356180.1683958
1725356180.2699783
1725356180.2704937
1725356180.2718234
1725356180.2757003
1725356180.2762067
1725356180.298839
1725356180.3021894
1725356180.3027897
1725356180.308409
1725356180.3353746
1725356180.3538454
1725356180.3552158
1725356180.4024527
1725356180.413303
1725356180.42515
1725356180.6405606
1725356180.6425912
1725356180.6443868
1725356180.749667
1725356180.7515805
1725356180.752504
1725356180.7531366
1725356180.817172
1725356180.8181043
1725356180.8203685
1725356180.833965
1725356180.8344755
1725356180.8352647
1725356180.837382
1725356180.8480158
1725356180.8491783
1725356180.8495138
1725356180.8501766
1725356180.8522139
1725356180.8870697
1725356180.8922205
1725356180.892741
1725356180.8934271
1725356181.0012162
1725356181.0796626
1725356181.080841
1725356181.083182
1725356181.2173612
1725356181.21881
1725356181.2228503
1725356181.2276978
1725356181.2304368
1725356181.2333226
1725356181.2405531
1725356181.2421384
1725356181.2437508
1725356181.2461839
1725356181.2489367
1725356181.2530758
1725356181.2782683
1725356181.279579
1725356181.2822165
1725356181.2953906
1725356181.3064055
1725356181.331895
1725356181.3411803
1725356181.3741913
1725356181.3785594
1725356181.3921108
1725356181.4205437
1725356181.4493294
1725356181.4688182
1725356181.4706295
1725356181.4950185
1725356181.5032525
1725356181.5252118
1725356181.5388868
1725356181.5680265
1725356181.5699415
1725356181.601119
1725356181.6028545
1725356181.636718
1725356181.6678185
1725356181.668451
1725356181.686496
1725356181.7081437
1725356181.721107
1725356181.7341955
1725356181.8731873
1725356181.8758068
1725356182.0586004
1725356182.060703
1725356182.0634022
1725356182.0679135
1725356182.0700347
1725356182.0711706
1725356182.0775154
1725356182.0786216
1725356182.0796933
1725356182.0831308
1725356182.084227
1725356182.0853508
1725356182.098904
1725356182.1005814
1725356182.1120644
1725356182.115048
1725356182.1167605
1725356182.1425147
1725356182.1527016
1725356182.1665757
1725356182.1841917
1725356182.2172894
1725356182.2552595
1725356182.2581258
1725356182.2639787
1725356182.3543205
1725356182.3545434
1725356182.354876
1725356182.3553672
1725356182.3564641
1725356182.3687692
1725356182.4031813
1725356182.4061913
1725356182.4473722
1725356182.4510534
1725356182.4513173
1725356182.4654052
1725356182.4878783
1725356182.5558584
1725356182.5570505
1725356182.5588937
1725356182.6138957
1725356182.6141546
1725356182.6157157
1725356182.6178262
1725356182.6657228
1725356182.6673698
1725356182.668437
1725356182.6771095
1725356182.7001805
1725356182.7403421
1725356182.74128
1725356182.7420304
1725356182.8076406
1725356182.8077235
1725356182.8314037
1725356182.834948
1725356182.8513684
1725356182.8848438
1725356182.9596767
1725356183.011802
1725356183.0283406
1725356183.0293849
1725356183.031951
1725356183.032931
1725356183.0841413
1725356183.1903782
1725356183.1909072
1725356183.1920052
1725356183.2264373
1725356183.2275743
1725356183.228086
1725356183.2299442
1725356183.2358387
1725356183.2361944
1725356183.2829669
1725356183.28446
1725356183.2928526
1725356183.3125982
1725356183.3129058
1725356183.328188
1725356183.4081724
1725356183.408701
1725356183.416251
1725356183.4255927
1725356183.459065
1725356183.4596667
1725356183.492755
1725356183.4969463
1725356183.4984584
1725356183.5326264
1725356183.5328557
1725356183.560546
1725356183.5611475
1725356183.629239
1725356183.6306186
1725356183.6325798
1725356183.634054
1725356183.6876986
1725356183.6954074
1725356183.7012415
1725356183.7182677
1725356183.729301
1725356183.7398956
1725356183.7567394
1725356183.7838855
1725356183.7932076
1725356183.8443835
1725356183.847951
1725356183.8813512
1725356183.9206135
1725356183.9215713
1725356183.922771
1725356183.9435627
1725356183.9627447
1725356184.005718
1725356184.0085742
1725356184.0230365
1725356184.0357513
1725356184.050971
1725356184.1048317
1725356184.1261094
1725356184.142667
1725356184.1495645
1725356184.1863606
1725356184.199179
1725356184.220981
1725356184.2499352
1725356184.2679174
1725356184.2883987
1725356184.3269176
1725356184.3280392
1725356184.3304765
1725356184.3462648
1725356184.3772914
1725356184.379558
1725356184.4267056
1725356184.4279826
1725356184.4293864
1725356184.4617388
1725356184.4622695
1725356184.4876204
1725356184.5356388
1725356184.5367239
1725356184.538058
1725356184.5745304
1725356184.576396
1725356184.595982
1725356184.620223
1725356184.6292286
1725356184.6473317
1725356184.6567574
1725356184.707795
1725356184.7311633
1725356184.7317653
1725356184.738472
1725356184.764797
1725356184.7734568
1725356184.7910073
1725356184.80598
1725356184.8802662
1725356184.8805597
1725356184.881276
1725356184.8820088
1725356184.9306476
1725356184.9341652
1725356184.9351044
1725356184.9744284
1725356184.975651
1725356184.9924107
1725356185.0096235
1725356185.0464633
1725356185.0491686
1725356185.0791965
1725356185.0840626
1725356185.1785316
1725356185.1811717
1725356185.1823087
1725356185.231633
1725356185.2339747
1725356185.2367618
1725356185.320497
1725356185.3207796
1725356185.3259497
1725356185.326516
1725356185.3289778
1725356185.3343737
1725356185.369813
1725356185.3718965
1725356185.382311
1725356185.4000633
1725356185.4769201
1725356185.4945421
1725356185.4965723
1725356185.5008001
1725356185.5541139
1725356185.5566728
1725356185.5585058
1725356185.562435
1725356185.5633633
1725356185.6227944
1725356185.6247733
1725356185.6277099
1725356185.6364834
1725356185.638704
1725356185.657012
1725356185.682041
1725356185.712903
1725356185.7148628
1725356185.7199461
1725356185.7419672
1725356185.7529838
1725356185.8041866
1725356185.8058798
1725356185.8076866
1725356185.8327317
1725356185.884815
1725356185.9030464
1725356185.9046803
1725356185.906454
1725356185.9182713
1725356185.9988213
1725356186.0012534
1725356186.1063957
1725356186.1073797
1725356186.1098683
1725356186.1108286
1725356186.112116
1725356186.156815
1725356186.2014968
1725356186.2015219
1725356186.201542
1725356186.2031565
1725356186.2062142
1725356186.2388334
1725356186.3134608
1725356186.3156621
1725356186.3214128
1725356186.3232179
1725356186.3417096
1725356186.3586593
1725356186.3591952
1725356186.3818202
1725356186.3823328
1725356186.395124
1725356186.4163766
1725356186.4314597
1725356186.472665
1725356186.4727452
1725356186.5087132
1725356186.5688765
1725356186.5738504
1725356186.5745869
1725356186.5759175
1725356186.604556
1725356186.610794
1725356186.6403935
1725356186.6622388
1725356186.7281282
1725356186.7287736
1725356186.7348654
1725356186.7353926
1725356186.760196
1725356186.7606943
1725356186.7700815
1725356186.8029335
1725356186.8053925
1725356186.8213868
1725356186.9002538
1725356186.9014633
1725356186.9029393
1725356186.904296
1725356186.9818864
1725356186.9876115
1725356187.0570261
1725356187.057759
1725356187.0581114
1725356187.0586069
1725356187.0960255
1725356187.0998135
1725356187.1012354
1725356187.1072223
1725356187.1137202
1725356187.1702392
1725356187.1722088
1725356187.1740894
1725356187.2325757
1725356187.2346048
1725356187.2374718
1725356187.2401993
1725356187.2679613
1725356187.2780416
1725356187.312036
1725356187.3136573
1725356187.3754091
1725356187.386844
1725356187.4226992
1725356187.4243882
1725356187.45542
1725356187.4641724
1725356187.493192
1725356187.516152
1725356187.5327647
1725356187.5594234
1725356187.5612853
1725356187.5872955
1725356187.5912495
1725356187.651385
1725356187.6538057
1725356187.71533
1725356187.7160592
1725356187.718286
1725356187.7212167
1725356187.7226098
1725356187.8045537
1725356187.8068788
1725356187.8092916
1725356187.8157668
1725356187.8675613
1725356187.870475
1725356187.8721852
1725356187.8733177
1725356187.8815684
1725356187.9045284
1725356187.9101894
1725356187.9377534
1725356187.99173
1725356187.9929483
1725356187.9941692
1725356188.0210748
1725356188.0222929
1725356188.0478494
1725356188.056418
1725356188.095668
1725356188.0973542
1725356188.1722991
1725356188.1732879
1725356188.1851325
1725356188.187008
1725356188.2637057
1725356188.265187
1725356188.2755327
1725356188.3512273
1725356188.352072
1725356188.3533082
1725356188.357858
1725356188.512735
1725356188.5153313
1725356188.5154252
1725356188.5162692
1725356188.6430395
1725356188.6462052
1725356188.6472492
1725356188.648609
1725356188.651715
1725356188.653087
1725356188.6839917
1725356188.7041001
1725356188.704625
1725356188.7057915
1725356188.7093122
1725356188.7754114
1725356188.8245053
1725356188.8260176
1725356188.834272
1725356188.8357217
1725356188.836805
1725356188.8380313
1725356188.8519418
1725356188.8687842
1725356188.8841145
1725356188.905516
1725356188.918678
1725356189.0460324
1725356189.0471792
1725356189.0486689
1725356189.0497787
1725356189.0631502
1725356189.064535
1725356189.0726314
1725356189.0745897
1725356189.0758512
1725356189.0772605
1725356189.0930746
1725356189.118068
1725356189.1855307
1725356189.1869676
1725356189.1882365
1725356189.1913297
1725356189.2914226
1725356189.291997
1725356189.326307
1725356189.3282707
1725356189.3296359
1725356189.3314517
1725356189.3995118
1725356189.4005404
1725356189.4014015
1725356189.4014184
1725356189.4221537
1725356189.4611979
1725356189.4809787
1725356189.539817
1725356189.5414417
1725356189.73166
1725356189.7778635
1725356189.7967174
1725356189.798431
1725356189.7992873
1725356189.8620229
1725356189.863424
1725356189.8919752
1725356189.8966572
1725356189.899181
1725356189.901735
1725356189.9032433
1725356189.930038
1725356189.9320948
1725356189.9325342
1725356189.940738
1725356189.9544656
1725356189.968012
1725356189.9981053
1725356190.0006845
1725356190.0286028
1725356190.03582
1725356190.055727
1725356190.0659814
1725356190.0885227
1725356190.1016233
1725356190.1552255
1725356190.1578279
1725356190.1592314
1725356190.1687412
1725356190.250702
1725356190.256885
1725356190.2680478
1725356190.2687836
1725356190.2698002
1725356190.3795133
1725356190.381614
1725356190.3826861
1725356190.416624
1725356190.4172683
1725356190.4308367
1725356190.466405
1725356190.467623
1725356190.4866824
1725356190.5016506
1725356190.5821052
1725356190.584116
1725356190.5979166
1725356190.5984123
1725356190.5991752
1725356190.6501348
1725356190.6629632
1725356190.7015653
1725356190.7041974
1725356190.7387805
1725356190.7673721
1725356190.7680247
1725356190.8223228
1725356190.8224573
1725356190.8262382
1725356190.8783927
1725356190.8799918
1725356190.8842924
1725356190.9223952
1725356190.9232948
1725356190.9575002
1725356190.958121
1725356190.960378
1725356190.9710867
1725356191.0462716
1725356191.048075
1725356191.0521276
1725356191.1830416
1725356191.1843908
1725356191.3060863
1725356191.3084505
1725356191.3110068
1725356191.3548412
1725356191.3561945
1725356191.3612952
1725356191.3743045
1725356191.3769243
1725356191.3784783
1725356191.3812308
1725356191.3825235
1725356191.403318
1725356191.4057217
1725356191.4089937
1725356191.4111104
1725356191.4126053
1725356191.423856
1725356191.4253354
1725356191.426121
1725356191.427814
1725356191.453083
1725356191.4753892
1725356191.4944012
1725356191.5182576
1725356191.5203073
1725356191.559604
1725356191.5596814
1725356191.582696
1725356191.6120296
1725356191.6150265
1725356191.6691153
1725356191.6706817
1725356191.704309
1725356191.705746
1725356191.7183704
1725356191.8369014
1725356191.8494108
1725356191.8516033
1725356191.8543622
1725356191.8558986
1725356191.8715806
1725356191.8744946
1725356191.8949604
1725356191.8981369
1725356191.9154541
1725356191.9513667
1725356191.9521456
1725356191.976597
1725356191.9781084
1725356192.0241795
1725356192.026252
1725356192.1423442
1725356192.1442032
1725356192.1450763
1725356192.2223256
1725356192.223881
1725356192.2253075
1725356192.2267694
1725356192.2369337
1725356192.240886
1725356192.2414603
1725356192.2419717
1725356192.264526
1725356192.2674427
1725356192.2678063
1725356192.268528
1725356192.2878585
1725356192.3050067
1725356192.3203847
1725356192.338529
1725356192.3509605
1725356192.3959827
1725356192.3971999
1725356192.3982615
1725356192.454269
1725356192.455593
1725356192.4722764
1725356192.4960382
1725356192.4968774
1725356192.5822906
1725356192.5829132
1725356192.583428
1725356192.5840046
1725356192.5844953
1725356192.6765287
1725356192.6771715
1725356192.6771946
1725356192.6772149
1725356192.7107258
1725356192.744121
1725356192.7585557
1725356192.8110745
1725356192.8132539
1725356192.890089
1725356192.8916197
1725356192.9351678
1725356192.945282
1725356192.945363
1725356192.9454465
1725356192.947315
1725356192.9496584
1725356192.9655974
1725356192.9759197
1725356192.988397
1725356193.0127354
1725356193.058907
1725356193.0976212
1725356193.1433725
1725356193.152431
1725356193.1539786
1725356193.155279
1725356193.1663246
1725356193.2083056
1725356193.2355182
1725356193.2365324
1725356193.2714672
1725356193.2725837
1725356193.293762
1725356193.3205898
1725356193.3230007
1725356193.489931
1725356193.4909403
1725356193.4970274
1725356193.5030508
1725356193.504392
1725356193.5044496
1725356193.5073087
1725356193.5127015
1725356193.5229416
1725356193.524627
1725356193.5490994
1725356193.5493681
1725356193.571335
1725356193.5729415
1725356193.6326172
1725356193.6333425
1725356193.6352196
1725356193.7122865
1725356193.7148023
1725356193.746762
1725356193.7472522
1725356193.7477808
1725356193.7501867
1725356193.8305004
1725356193.8320055
1725356193.8384793
1725356193.8391418
1725356193.8770275
1725356193.8785017
1725356194.0055468
1725356194.0060637
1725356194.0066168
1725356194.095175
1725356194.0968113
1725356194.1094856
1725356194.1109824
1725356194.1144583
1725356194.1151664
1725356194.1241415
1725356194.1630318
1725356194.1644204
1725356194.190904
1725356194.191312
1725356194.3772361
1725356194.3787808
1725356194.3821466
1725356194.383132
1725356194.3913362
1725356194.3949122
1725356194.3989203
1725356194.4010968
1725356194.4020405
1725356194.4133286
1725356194.414904
1725356194.418325
1725356194.4238281
1725356194.4467542
1725356194.4605095
1725356194.4800284
1725356194.5155678
1725356194.5317678
1725356194.5679045
1725356194.5697916
1725356194.5814168
1725356194.598928
1725356194.616037
1725356194.6216636
1725356194.649802
1725356194.652293
1725356194.6693397
1725356194.7181818
1725356194.7223656
1725356194.739324
1725356194.7804673
1725356194.8198252
1725356194.8614132
1725356194.8626907
1725356194.8634665
1725356194.8661945
1725356194.904934
1725356194.925273
1725356194.9266183
1725356194.9788682
1725356194.9793508
1725356194.979927
1725356194.9844744
1725356195.0316443
1725356195.118908
1725356195.1196942
1725356195.1219342
1725356195.124242
1725356195.1260042
1725356195.1309233
1725356195.1495214
1725356195.1718953
1725356195.188873
1725356195.259651
1725356195.262148
1725356195.2655935
1725356195.3011577
1725356195.301955
1725356195.3062947
1725356195.3203557
1725356195.3234296
1725356195.3398204
1725356195.3564363
1725356195.37478
1725356195.4193451
1725356195.4201696
1725356195.4239752
1725356195.4892273
1725356195.4900186
1725356195.4920378
1725356195.493295
1725356195.554923
1725356195.555906
1725356195.5573368
1725356195.5612342
1725356195.6072328
1725356195.6078167
1725356195.60831
1725356195.6578023
1725356195.6583097
1725356195.6594822
1725356195.7049508
1725356195.7138653
1725356195.7143402
1725356195.8004506
1725356195.8028622
1725356195.8053365
1725356195.8071158
1725356195.8079228
1725356195.8482513
1725356195.8501132
1725356195.8579965
1725356195.909773
1725356195.9103925
1725356195.9104187
1725356195.926443
1725356195.96158
1725356196.0913744
1725356196.1002023
1725356196.1287951
1725356196.148704
1725356196.1532085
1725356196.153825
1725356196.1543412
1725356196.1716924
1725356196.1724975
1725356196.1987858
1725356196.200238
1725356196.2110894
1725356196.2549458
1725356196.256678
1725356196.2578392
1725356196.2745686
1725356196.3140848
1725356196.3474014
1725356196.366965
1725356196.3748558
1725356196.3924923
1725356196.4198205
1725356196.4217346
1725356196.4838877
1725356196.4878676
1725356196.4925888
1725356196.514843
1725356196.5193133
1725356196.587847
1725356196.5883512
1725356196.589479
1725356196.5906336
1725356196.6049416
1725356196.6312218
1725356196.6540806
1725356196.655686
1725356196.691651
1725356196.692138
1725356196.7153487
1725356196.799085
1725356196.821263
1725356196.9032683
1725356196.903886
1725356196.9054108
1725356196.9076416
1725356196.9177585
1725356196.9183476
1725356196.9202244
1725356196.920713
1725356197.0265346
1725356197.029292
1725356197.0411322
1725356197.041759
1725356197.0429742
1725356197.04516
1725356197.1039252
1725356197.104935
1725356197.1089396
1725356197.1126628
1725356197.1225562
1725356197.164719
1725356197.1670976
1725356197.2436497
1725356197.244882
1725356197.2469769
1725356197.2640648
1725356197.3020213
1725356197.3029034
1725356197.3324573
1725356197.3371367
1725356197.3551068
1725356197.3976817
1725356197.3981433
1725356197.408188
1725356197.4252372
1725356197.4508865
1725356197.4556677
1725356197.492337
1725356197.4924905
1725356197.5027325
1725356197.5240047
1725356197.5499182
1725356197.5529492
1725356197.6577501
1725356197.6583846
1725356197.6670818
1725356197.669977
1725356197.672241
1725356197.672629
1725356197.7136073
1725356197.714441
1725356197.715421
1725356197.7460003
1725356197.7818406
1725356197.783433
1725356197.8320603
1725356197.8335173
1725356197.8352816
1725356197.8528183
1725356197.904062
1725356197.905454
1725356197.9070299
1725356197.9348676
1725356197.9363136
1725356197.944597
1725356197.979609
1725356198.0062807
1725356198.0122404
1725356198.045637
1725356198.04693
1725356198.0685244
1725356198.1248035
1725356198.1271746
1725356198.1288671
1725356198.1588273
1725356198.1939335
1725356198.1944492
1725356198.2033844
1725356198.2271688
1725356198.2694192
1725356198.3677812
1725356198.3757002
1725356198.3788648
1725356198.379393
1725356198.3962054
1725356198.396699
1725356198.4122105
1725356198.4132373
1725356198.429647
1725356198.450324
1725356198.4540315
1725356198.490462
1725356198.4953408
1725356198.5128353
1725356198.5409803
1725356198.5701723
1725356198.5722988
1725356198.5905511
1725356198.6280477
1725356198.6285622
1725356198.6520138
1725356198.6525166
1725356198.687906
1725356198.6899776
1725356198.7681174
1725356198.7686284
1725356198.7691274
1725356198.7696145
1725356198.7701013
1725356198.8376067
1725356198.8390975
1725356198.84168
1725356198.9087052
1725356198.9093618
1725356198.9110644
1725356199.0053535
1725356199.005846
1725356199.0063453
1725356199.0073657
1725356199.0152888
1725356199.0171697
1725356199.0195444
1725356199.125399
1725356199.1285677
1725356199.1606781
1725356199.1612308
1725356199.1621802
1725356199.162676
1725356199.1631806
1725356199.1709535
1725356199.1713333
1725356199.178393
1725356199.2133956
1725356199.23297
1725356199.2715602
1725356199.299843
1725356199.3514676
1725356199.3701692
1725356199.3713918
1725356199.3720264
1725356199.5539172
1725356199.5567443
1725356199.5577385
1725356199.613852
1725356199.6149755
1725356199.6170602
1725356199.6189425
1725356199.7196066
1725356199.7209604
1725356199.7221012
1725356199.7619202
1725356199.7654333
1725356199.767763
1725356199.9216387
1725356199.924201
1725356199.9252133
1725356199.9268694
1725356199.9823995
1725356199.9853904
1725356199.986412
1725356199.9870672
1725356199.9876647
1725356200.02651
1725356200.028995
1725356200.0299468
1725356200.0389416
1725356200.0403879
1725356200.0417974
1725356200.0438764
1725356200.0870705
1725356200.087879
1725356200.0882378
1725356200.0887356
1725356200.1085653
1725356200.1251554
1725356200.125848
1725356200.1271586
1725356200.1295877
1725356200.2823474
1725356200.2847543
1725356200.285501
1725356200.39545
1725356200.3964827
1725356200.400649
1725356200.4022744
1725356200.4429598
1725356200.4437435
1725356200.4442332
1725356200.4473755
1725356200.556851
1725356200.5594742
1725356200.5619645
1725356200.5871813
1725356200.6175442
1725356200.6181087
1725356200.619622
1725356200.6222315
1725356200.6284351
1725356200.6294
1725356200.6326125
1725356200.638263
1725356200.639761
1725356200.642272
1725356200.644736
1725356200.820032
1725356200.8221524
1725356200.8235347
1725356200.8317132
1725356200.8342624
1725356200.8361092
1725356200.8468347
1725356200.882206
1725356200.8827055
1725356200.8834414
1725356200.8848977
1725356200.9106631
1725356200.93164
1725356200.9450088
1725356200.9456465
1725356200.9462218
1725356200.9485862
1725356200.950304
1725356200.9517753
1725356200.9568076
1725356200.9845064
1725356200.9887261
1725356201.0068233
1725356201.0773637
1725356201.0791836
1725356201.080831
1725356201.0832548
1725356201.1072748
1725356201.1105175
1725356201.136122
1725356201.1657782
1725356201.1677835
1725356201.203911
1725356201.2059276
1725356201.210598
1725356201.333207
1725356201.3341675
1725356201.334881
1725356201.3389823
1725356201.341195
1725356201.3424942
1725356201.3436472
1725356201.3802254
1725356201.4128902
1725356201.4215689
1725356201.4700036
1725356201.4721005
1725356201.4740784
1725356201.4911833
1725356201.5093803
1725356201.54232
1725356201.5688097
1725356201.5760262
1725356201.615288
1725356201.6173563
1725356201.6894674
1725356201.6926594
1725356201.7038057
1725356201.7084455
1725356201.7101233
1725356201.7216628
1725356201.7491443
1725356201.7697506
1725356201.7705889
1725356201.7945337
1725356201.8206682
1725356201.8427532
1725356201.8596883
1725356201.8675423
1725356201.8975546
1725356201.899847
1725356201.9147956
1725356201.9770865
1725356201.980318
1725356201.982261
1725356201.997482
1725356202.0036266
1725356202.0313053
1725356202.070988
1725356202.0727968
1725356202.0750031
1725356202.0878239
1725356202.162755
1725356202.1645482
1725356202.1667047
1725356202.1696234
1725356202.1704757
1725356202.1844518
1725356202.2097306
1725356202.2325056
1725356202.2334385
1725356202.2768745
1725356202.2922533
1725356202.304968
1725356202.3235118
1725356202.3376377
1725356202.3735607
1725356202.3755302
1725356202.400099
1725356202.4857452
1725356202.4870696
1725356202.4871163
1725356202.4871488
1725356202.5044696
1725356202.56311
1725356202.569291
1725356202.661879
1725356202.6630177
1725356202.6677518
1725356202.7087677
1725356202.710151
1725356202.7136831
1725356202.717793
1725356202.7200747
1725356202.7516725
1725356202.7545643
1725356202.7811692
1725356202.7831843
1725356202.8066375
1725356202.8829854
1725356202.8868449
1725356202.9063847
1725356202.9089687
1725356202.942955
1725356202.9434628
1725356202.9551973
1725356202.997924
1725356202.9985142
1725356203.018098
1725356203.0335898
1725356203.0517814
1725356203.069521
1725356203.0809054
1725356203.1205387
1725356203.1210282
1725356203.1315856
1725356203.1654282
1725356203.1742053
1725356203.2094476
1725356203.2099655
1725356203.217701
1725356203.2684119
1725356203.268496
1725356203.3580036
1725356203.3667688
1725356203.3702965
1725356203.3708398
1725356203.3729126
1725356203.373419
1725356203.401769
1725356203.4029174
1725356203.409753
1725356203.4249163
1725356203.476024
1725356203.501314
1725356203.5177
1725356203.5648167
1725356203.5661993
1725356203.5676565
1725356203.58423
1725356203.636537
1725356203.6393642
1725356203.6410122
1725356203.6933224
1725356203.6937947
1725356203.7172449
1725356203.7431262
1725356203.7591429
1725356203.7742598
1725356203.8054721
1725356203.8651006
1725356203.8661766
1725356203.8725529
1725356203.8897834
1725356203.989192
1725356203.9912171
1725356203.9918146
1725356203.9951117
1725356203.9999266
1725356204.0111163
1725356204.0116959
1725356204.0246086
1725356204.0346642
1725356204.1121845
1725356204.1127086
1725356204.1132088
1725356204.1217473
1725356204.123755
1725356204.1425302
1725356204.1743543
1725356204.1828709
1725356204.2248547
1725356204.2259464
1725356204.2274196
1725356204.332521
1725356204.335338
1725356204.3718226
1725356204.3723445
1725356204.3728507
1725356204.373347
1725356204.3975184
1725356204.40014
1725356204.4829106
1725356204.4839299
1725356204.4863772
1725356204.4872859
1725356204.4895053
1725356204.5232127
1725356204.5271094
1725356204.5529635
1725356204.5665073
1725356204.6622
1725356204.6626978
1725356204.6647718
1725356204.6656086
1725356204.6754146
1725356204.7169485
1725356204.7308204
1725356204.7471528
1725356204.7478201
1725356204.7764502
1725356204.7769778
1725356204.7970214
1725356204.8327963
1725356204.8594477
1725356204.8598537
1725356204.8801553
1725356204.9308715
1725356204.931338
1725356204.9436157
1725356205.0224893
1725356205.0281098
1725356205.030434
1725356205.0676634
1725356205.0682023
1725356205.0700781
1725356205.0982008
1725356205.0986989
1725356205.1071322
1725356205.1210258
1725356205.1400316
1725356205.1885784
1725356205.1897504
1725356205.1909811
1725356205.2478788
1725356205.2498765
1725356205.2519834
1725356205.2979994
1725356205.298519
1725356205.2990785
1725356205.3152242
1725356205.321526
1725356205.377017
1725356205.379399
1725356205.3820114
1725356205.3898933
1725356205.4110963
1725356205.427222
1725356205.4432397
1725356205.5899396
1725356205.5916958
1725356205.6706245
1725356205.6724532
1725356205.675022
1725356205.6929789
1725356205.7260954
1725356205.7265255
1725356205.7287312
1725356205.7301252
1725356205.7308154
1725356205.814034
1725356205.827425
1725356205.8274405
1725356205.8274536
1725356205.8274717
1725356205.8302438
1725356205.862411
1725356205.88167
1725356205.8827095
1725356205.91635
1725356205.9389055
1725356205.9630146
1725356206.0259995
1725356206.0267317
1725356206.0272684
1725356206.0278082
1725356206.029494
1725356206.0587547
1725356206.0595233
1725356206.120914
1725356206.121504
1725356206.1870444
1725356206.191139
1725356206.2149177
1725356206.21584
1725356206.2169147
1725356206.2210157
1725356206.2837825
1725356206.2842636
1725356206.2891984
1725356206.3346388
1725356206.336113
1725356206.3741605
1725356206.3756402
1725356206.3781836
1725356206.4000752
1725356206.403033
1725356206.4240596
1725356206.4356213
1725356206.4484794
1725356206.4788482
1725356206.505791
1725356206.5073771
1725356206.521283
1725356206.602069
1725356206.641786
1725356206.6424108
1725356206.6429524
1725356206.6434953
1725356206.644084
1725356206.6852665
1725356206.6870115
1725356206.6886177
1725356206.7001638
1725356206.741754
1725356206.7648425
1725356206.7813594
1725356206.8360796
1725356206.83802
1725356206.8403971
1725356206.8818269
1725356206.882412
1725356206.9466705
1725356206.947841
1725356206.9504235
1725356206.9567654
1725356207.179435
1725356207.191243
1725356207.1927512
1725356207.1935754
1725356207.274588
1725356207.2922468
1725356207.2938285
1725356207.2957163
1725356207.3252318
1725356207.325681
1725356207.328083
1725356207.3496895
1725356207.3503525
1725356207.3509128
1725356207.35416
1725356207.3561373
1725356207.3588414
1725356207.381223
1725356207.3814576
1725356207.3821666
1725356207.3887691
1725356207.4440384
1725356207.4447138
1725356207.4506893
1725356207.470702
1725356207.4902968
1725356207.501182
1725356207.5229716
1725356207.5867484
1725356207.5873158
1725356207.592859
1725356207.604924
1725356207.667139
1725356207.6738775
1725356207.714474
1725356207.7152274
1725356207.721503
1725356207.740006
1725356207.7613642
1725356207.7637882
1725356207.8040326
1725356207.8464365
1725356207.8516436
1725356207.8527536
1725356207.8608942
1725356207.875455
1725356207.8970547
1725356207.943132
1725356207.9451525
1725356207.960304
1725356207.9931326
1725356208.015923
1725356208.0440733
1725356208.0448864
1725356208.0805688
1725356208.0986242
1725356208.1757073
1725356208.17654
1725356208.179482
1725356208.18474
1725356208.1852057
1725356208.2513487
1725356208.253969
1725356208.4296331
1725356208.430498
1725356208.4322126
1725356208.5355778
1725356208.5390954
1725356208.5416107
1725356208.563286
1725356208.5657268
1725356208.5682373
1725356208.6203222
1725356208.6217701
1725356208.6238322
1725356208.6247127
1725356208.629611
1725356208.631002
1725356208.6336198
1725356208.6676257
1725356208.6758142
1725356208.6835673
1725356208.6841855
1725356208.684677
1725356208.6852076
1725356208.6864653
1725356208.6900156
1725356208.6929028
1725356208.6945431
1725356208.6964905
1725356208.770697
1725356208.7722263
1725356208.7744372
1725356208.7759778
1725356208.789988
1725356208.8002696
1725356208.8239253
1725356208.847201
1725356208.8494666
1725356208.8679364
1725356208.884901
1725356208.8933165
1725356208.9122565
1725356208.9396317
1725356208.9857376
1725356209.020292
1725356209.020555
1725356209.0205758
1725356209.0449765
1725356209.0838823
1725356209.1034708
1725356209.1304977
1725356209.131412
1725356209.1782126
1725356209.1892304
1725356209.3227985
1725356209.3261554
1725356209.327277
1725356209.3331158
1725356209.3356714
1725356209.3377767
1725356209.3403497
1725356209.343299
1725356209.344287
1725356209.354457
1725356209.4133813
1725356209.444031
1725356209.4463227
1725356209.448303
1725356209.4807355
1725356209.481594
1725356209.5172064
1725356209.5180538
1725356209.5560365
1725356209.595739
1725356209.596365
1725356209.5986571
1725356209.6108534
1725356209.6306417
1725356209.6698399
1725356209.6716728
1725356209.6822755
1725356209.6969638
1725356209.7193244
1725356209.7324212
1725356209.7419689
1725356209.7792697
1725356209.7800725
1725356209.8798294
1725356209.9007413
1725356209.9029129
1725356209.9048839
1725356209.906612
1725356209.9087927
1725356209.910661
1725356209.9222214
1725356209.9651072
1725356209.9659638
1725356210.0103781
1725356210.0242715
1725356210.0357678
1725356210.0588138
1725356210.0696921
1725356210.0967863
1725356210.121543
1725356210.1234004
1725356210.1805081
1725356210.182705
1725356210.1862829
1725356210.209062
1725356210.266484
1725356210.2839162
1725356210.2856848
1725356210.416242
1725356210.4199708
1725356210.5231829
1725356210.5246856
1725356210.5266993
1725356210.5367768
1725356210.5673401
1725356210.5683277
1725356210.569221
1725356210.6021945
1725356210.604466
1725356210.6073837
1725356210.6109142
1725356210.6144567
1725356210.69216
1725356210.6943934
1725356210.695542
1725356210.696568
1725356210.7087357
1725356210.711846
1725356210.7136116
1725356210.7288063
1725356210.7304738
1725356210.7331588
1725356210.7433305
1725356210.76291
1725356210.815238
1725356210.818498
1725356210.8206806
1725356210.843042
1725356210.8993793
1725356210.9009652
1725356210.9030237
1725356210.9148836
1725356210.9399083
1725356210.943955
1725356210.9836426
1725356210.9854276
1725356211.0116394
1725356211.013463
1725356211.0239325
1725356211.0642462
1725356211.0870883
1725356211.0928664
1725356211.137867
1725356211.139067
1725356211.140958
1725356211.1551545
1725356211.1898296
1725356211.2216768
1725356211.2256992
1725356211.2481158
1725356211.2893927
1725356211.2912874
1725356211.3161147
1725356211.3179429
1725356211.3800616
1725356211.38396
1725356211.4180622
1725356211.4255352
1725356211.4263349
1725356211.4321804
1725356211.472444
1725356211.5273254
1725356211.5311491
1725356211.536412
1725356211.5368893
1725356211.556808
1725356211.574445
1725356211.6141906
1725356211.6150692
1725356211.6736405
1725356211.6831572
1725356211.6843739
1725356211.7280734
1725356211.7289388
1725356211.730619
1725356211.7588456
1725356211.7616336
1725356211.7801678
1725356211.7962322
1725356211.8097417
1725356211.8492677
1725356211.8510802
1725356211.861472
1725356211.8973427
1725356211.900163
1725356211.911814
1725356212.0554626
1725356212.0568802
1725356212.058179
1725356212.0689983
1725356212.0695775
1725356212.0898578
1725356212.0910017
1725356212.0923193
1725356212.1134157
1725356212.114888
1725356212.1162224
1725356212.125013
1725356212.1469617
1725356212.1751897
1725356212.1761096
1725356212.2026389
1725356212.2261958
1725356212.4190657
1725356212.4192023
1725356212.4193842
1725356212.419566
1725356212.4249773
1725356212.5696168
1725356212.7102783
1725356212.7122917
1725356212.71623
1725356212.718507
1725356212.72114
1725356212.723383
1725356212.7247293
1725356212.8505275
1725356212.8541331
1725356212.8567224
1725356212.858307
1725356212.9094594
1725356212.9108398
1725356212.9123645
1725356213.0093086
1725356213.0970807
1725356213.1002865
1725356213.126807
1725356213.1287985
1725356213.1295192
1725356213.1308641
1725356213.1333957
1725356213.1355355
1725356213.2573972
1725356213.2588294
1725356213.2640529
1725356213.277552
1725356213.278301
1725356213.279261
1725356213.2929318
1725356213.2958045
1725356213.2979107
1725356213.3008397
1725356213.302173
1725356213.3036456
1725356213.3063645
1725356213.3135514
1725356213.3289342
1725356213.3356872
1725356213.3385093
1725356213.339954
1725356213.3660512
1725356213.368988
1725356213.3709397
1725356213.3714259
1725356213.3945038
1725356213.3975935
1725356213.4030786
1725356213.4054353
1725356213.4076648
1725356213.4124706
1725356213.465127
1725356213.4664998
1725356213.5866003
1725356213.5875175
1725356213.5903609
1725356213.596068
1725356213.59802
1725356213.6640997
1725356213.6649225
1725356213.6777923
1725356213.6802053
1725356213.6824028
1725356213.6932397
1725356213.694168
1725356213.7125542
1725356213.7146375
1725356213.777149
1725356213.779534
1725356213.7827704
1725356213.78735
1725356213.803594
1725356213.8178616
1725356213.842191
1725356213.8818953
1725356213.8836622
1725356213.8849134
1725356213.9188375
1725356213.9214053
1725356214.0399337
1725356214.042027
1725356214.0928419
1725356214.097636
1725356214.0986292
1725356214.1004403
1725356214.1233273
1725356214.1260295
1725356214.1304336
1725356214.1314883
1725356214.135553
1725356214.1538208
1725356214.1551335
1725356214.1772048
1725356214.1880217
1725356214.240943
1725356214.2430375
1725356214.2455935
1725356214.2747927
1725356214.2773104
1725356214.3080647
1725356214.3086789
1725356214.3633153
1725356214.3660903
1725356214.3696926
1725356214.3875935
1725356214.456393
1725356214.458058
1725356214.4589102
1725356214.4682755
1725356214.5217466
1725356214.5249488
1725356214.5295036
1725356214.5902524
1725356214.592369
1725356214.658181
1725356214.6592512
1725356214.6641295
1725356214.6941292
1725356214.695235
1725356214.6991396
1725356214.7043922
1725356214.713204
1725356214.7616193
1725356214.7658224
1725356214.8138573
1725356214.8165898
1725356214.835315
1725356214.8378835
1725356214.8622732
1725356214.8640158
1725356214.8824375
1725356214.9190753
1725356214.9401276
1725356214.9545562
1725356214.9622946
1725356214.9808393
1725356215.004418
1725356215.0187933
1725356215.0307884
1725356215.0488503
1725356215.067995
1725356215.0893688
1725356215.1073031
1725356215.1094341
1725356215.1436956
1725356215.1486669
1725356215.16366
1725356215.1779783
1725356215.2056746
1725356215.209652
1725356215.2440445
1725356215.2445092
1725356215.2654917
1725356215.2844405
1725356215.3042448
1725356215.328185
1725356215.3284597
1725356215.3749554
1725356215.3772855
1725356215.4003549
1725356215.4115634
1725356215.4235458
1725356215.4545279
1725356215.4563258
1725356215.4860945
1725356215.527833
1725356215.5292
1725356215.5338566
1725356215.5661492
1725356215.58778
1725356215.6580768
1725356215.6912577
1725356215.7020838
1725356215.7097788
1725356215.7710757
1725356215.772499
1725356215.774312
1725356215.859827
1725356215.8625243
1725356215.8646066
1725356215.8658104
1725356215.9252563
1725356215.9681463
1725356215.9927046
1725356215.9941642
1725356215.9963138
1725356216.0041711
1725356216.0141132
1725356216.1526084
1725356216.1538506
1725356216.1546319
1725356216.2896068
1725356216.2925785
1725356216.3075576
1725356216.3083842
1725356216.310711
1725356216.311439
1725356216.4975264
1725356216.4988017
1725356216.4993365
1725356216.5067065
1725356216.5080638
1725356216.5095747
1725356216.5109458
1725356216.5510395
1725356216.5515764
1725356216.5754602
1725356216.6118934
1725356216.6137671
1725356216.6149347
1725356216.6274586
1725356216.6294248
1725356216.6302555
1725356216.6317532
1725356216.6343415
1725356216.6366405
1725356216.6502821
1725356216.651106
1725356216.6522157
1725356216.6918838
1725356216.694237
1725356216.6953332
1725356216.7278962
1725356216.7290344
1725356216.7338383
1725356216.735162
1725356216.7458658
1725356216.773315
1725356216.8028402
1725356216.8262095
1725356216.8571925
1725356216.8579574
1725356216.9177823
1725356216.9206095
1725356216.9234793
1725356217.0052373
1725356217.0074484
1725356217.009598
1725356217.0114572
1725356217.0138795
1725356217.0562775
1725356217.0591075
1725356217.0876374
1725356217.0893326
1725356217.107607
1725356217.1130629
1725356217.1364648
1725356217.1438704
1725356217.2600455
1725356217.263259
1725356217.2679636
1725356217.2697098
1725356217.271557
1725356217.27779
1725356217.2787116
1725356217.3147893
1725356217.3158865
1725356217.3311484
1725356217.351023
1725356217.3674839
1725356217.390019
1725356217.4098046
1725356217.4239771
1725356217.4732327
1725356217.4756126
1725356217.4781125
1725356217.505687
1725356217.507523
1725356217.5875099
1725356217.5891123
1725356217.5905263
1725356217.594006
1725356217.6081853
1725356217.6294692
1725356217.671219
1725356217.6756709
1725356217.67652
1725356217.7230365
1725356217.723559
1725356217.7381325
1725356217.7603123
1725356217.7762146
1725356217.8588762
1725356217.8613696
1725356217.8625057
1725356217.883684
1725356217.9097316
1725356217.9208617
1725356217.9355967
1725356217.9497724
1725356217.9650285
1725356217.9987123
1725356218.0401525
1725356218.0434904
1725356218.0742798
1725356218.078029
1725356218.0865104
1725356218.094662
1725356218.1236782
1725356218.1569254
1725356218.1576781
1725356218.2043865
1725356218.2061584
1725356218.209349
1725356218.2299228
1725356218.3248444
1725356218.3266628
1725356218.3286023
1725356218.3852737
1725356218.3882508
1725356218.3901527
1725356218.3919985
1725356218.501061
1725356218.5031059
1725356218.5036316
1725356218.5295842
1725356218.5299916
1725356218.532534
1725356218.5352838
1725356218.5367692
1725356218.5397272
1725356218.5406542
1725356218.6820147
1725356218.6848915
1725356218.6863039
1725356218.6867065
1725356218.7195315
1725356218.7225635
1725356218.7265964
1725356218.728203
1725356218.7298398
1725356218.7435732
1725356218.761198
1725356218.7625597
1725356218.7648954
1725356218.7832525
1725356218.7920933
1725356218.8419251
1725356218.8420115
1725356218.8602717
1725356218.9168236
1725356218.929882
1725356218.9385028
1725356218.9551435
1725356219.0193145
1725356219.021249
1725356219.0303214
1725356219.0653493
1725356219.0664768
1725356219.0755427
1725356219.1015153
1725356219.1069212
1725356219.1468966
1725356219.1485543
1725356219.1554887
1725356219.1703906
1725356219.210463
1725356219.3376827
1725356219.3415618
1725356219.3431842
1725356219.3737266
1725356219.3755312
1725356219.377569
1725356219.3791218
1725356219.3822987
1725356219.3850508
1725356219.4131427
1725356219.4231386
1725356219.435283
1725356219.4545312
1725356219.4680595
1725356219.5283537
1725356219.53087
1725356219.5331233
1725356219.5360796
1725356219.5466883
1725356219.5677943
1725356219.5870435
1725356219.6132805
1725356219.6455371
1725356219.6502318
1725356219.7044837
1725356219.7068343
1725356219.709949
1725356219.7126114
1725356219.7288632
1725356219.7490897
1725356219.7582884
1725356219.7849388
1725356219.8206956
1725356219.843323
1725356219.8776104
1725356219.8795948
1725356219.8920417
1725356219.9083734
1725356219.9338934
1725356219.941537
1725356219.9805217
1725356220.0394857
1725356220.0407944
1725356220.0408747
1725356220.0864384
1725356220.0891862
1725356220.109124
1725356220.121144
1725356220.1608582
1725356220.198374
1725356220.1994467
1725356220.2537172
1725356220.2557693
1725356220.2576623
1725356220.2895508
1725356220.2921805
1725356220.3317263
1725356220.336048
1725356220.3375401
1725356220.3757021
1725356220.377568
1725356220.3823738
1725356220.426365
1725356220.4282255
1725356220.432424
1725356220.480958
1725356220.4839962
1725356220.4863842
1725356220.4964583
1725356220.5383291
1725356220.5447774
1725356220.5646057
1725356220.5859296
1725356220.6056669
1725356220.6203258
1725356220.637694
1725356220.6686056
1725356220.6798832
1725356220.6965995
1725356220.7113624
1725356220.7308328
1725356220.7473469
1725356220.7593763
1725356220.8040779
1725356220.8060231
1725356220.8080113
1725356220.8381078
1725356220.8478036
1725356220.905733
1725356220.9081101
1725356220.9882374
1725356220.990332
1725356221.0210724
1725356221.0231853
1725356221.0240123
1725356221.027259
1725356221.090462
1725356221.094653
1725356221.1332548
1725356221.1351864
1725356221.136683
1725356221.1377373
1725356221.1773283
1725356221.1978803
1725356221.2016957
1725356221.2274659
1725356221.2399182
1725356221.2567458
1725356221.2868311
1725356221.3024995
1725356221.3342388
1725356221.3359873
1725356221.3513694
1725356221.3667004
1725356221.3834507
1725356221.4055078
1725356221.4136581
1725356221.4535224
1725356221.5269094
1725356221.5285907
1725356221.5300267
1725356221.5492585
1725356221.5500333
1725356221.5510707
1725356221.6287951
1725356221.6314876
1725356221.6701736
1725356221.672186
1725356221.672298
1725356221.674261
1725356221.6763172
1725356221.6770177
1725356221.6958861
1725356221.7192712
1725356221.7509382
1725356221.7524457
1725356221.769398
1725356221.783093
1725356221.8426974
1725356221.8439686
1725356221.8452091
1725356221.8467295
1725356221.9357386
1725356221.9385793
1725356221.9947193
1725356221.996457
1725356221.9976807
1725356221.9993327
1725356222.103086
1725356222.1075974
1725356222.1080906
1725356222.1127822
1725356222.113442
1725356222.1134715
1725356222.1134937
1725356222.116954
1725356222.1636512
1725356222.1924362
1725356222.2536356
1725356222.254281
1725356222.2582002
1725356222.266855
1725356222.3009808
1725356222.3387551
1725356222.3398933
1725356222.3416564
1725356222.358595
1725356222.374959
1725356222.380963
1725356222.4244242
1725356222.426321
1725356222.4693274
1725356222.472937
1725356222.51211
1725356222.5141346
1725356222.5297935
1725356222.5709343
1725356222.5796072
1725356222.5827835
1725356222.6336436
1725356222.643659
1725356222.675605
1725356222.6779416
1725356222.6808114
1725356222.7571118
1725356222.7593672
1725356222.761219
1725356222.762536
1725356222.765113
1725356222.8293874
1725356222.8316545
1725356222.833594
1725356222.9500678
1725356222.951334
1725356222.9535387
1725356222.9612513
1725356222.9988787
1725356223.0005465
1725356223.0023117
1725356223.0056415
1725356223.0065117
1725356223.008212
1725356223.00991
1725356223.02479
1725356223.0540364
1725356223.1022718
1725356223.1052318
1725356223.123258
1725356223.134765
1725356223.1537929
1725356223.2143598
1725356223.2170084
1725356223.227849
1725356223.2414036
1725356223.2619643
1725356223.2834327
1725356223.2845976
1725356223.3328023
1725356223.3585474
1725356223.3985486
1725356223.3990357
1725356223.540441
1725356223.5443482
1725356223.590911
1725356223.5925715
1725356223.5936005
1725356223.5958323
1725356223.6315687
1725356223.6353683
1725356223.6367679
1725356223.6646557
1725356223.6660757
1725356223.667842
1725356223.7402236
1725356223.7409492
1725356223.742135
1725356223.7437053
1725356223.7487757
1725356223.7521613
1725356223.75495
1725356223.75676
1725356223.7595935
1725356223.8196297
1725356223.8218522
1725356223.8274584
1725356223.8522675
1725356223.8632944
1725356223.8906965
1725356223.8920074
1725356223.942379
1725356223.944014
1725356223.9567795
1725356223.9857302
1725356223.9887104
1725356224.0240934
1725356224.0260441
1725356224.0396776
1725356224.0584576
1725356224.0716643
1725356224.1069958
1725356224.10755
1725356224.2077727
1725356224.211132
1725356224.2139013
1725356224.2179325
1725356224.231772
1725356224.2330997
1725356224.2351623
1725356224.3180037
1725356224.321117
1725356224.325704
1725356224.3295116
1725356224.3577082
1725356224.3726404
1725356224.3819768
1725356224.3999918
1725356224.4411519
1725356224.4541154
1725356224.535713
1725356224.5374904
1725356224.5394266
1725356224.7597961
1725356224.7635624
1725356224.7732387
1725356224.776136
1725356224.7993865
1725356224.8016324
1725356224.8023062
1725356224.8871453
1725356224.8893878
1725356224.8905513
1725356224.9097564
1725356224.91299
1725356224.9147065
1725356224.9152477
1725356224.916892
1725356224.9307795
1725356224.9315698
1725356224.9521205
1725356224.953476
1725356224.9552383
1725356224.957982
1725356224.9594681
1725356224.9705882
1725356224.9733212
1725356224.9750717
1725356224.976116
1725356225.0164518
1725356225.0181909
1725356225.0199997
1725356225.0288248
1725356225.0619025
1725356225.0638201
1725356225.1142151
1725356225.1189778
1725356225.1195793
1725356225.1303377
1725356225.179282
1725356225.187254
1725356225.22092
1725356225.222941
1725356225.2296772
1725356225.2489264
1725356225.2698953
1725356225.2855465
1725356225.3533413
1725356225.3545322
1725356225.3545618
1725356225.3553882
1725356225.3898063
1725356225.438359
1725356225.4451928
1725356225.4661632
1725356225.630344
1725356225.6352787
1725356225.6418872
1725356225.6433964
1725356225.6444206
1725356225.6459126
1725356225.6885247
1725356225.7159212
1725356225.7162023
1725356225.7188835
1725356225.7203686
1725356225.775825
1725356225.8009515
1725356225.8022983
1725356225.8047197
1725356225.8250988
1725356225.8542235
1725356225.854693
1725356226.0013266
1725356226.004728
1725356226.0979702
1725356226.1015491
1725356226.1018858
1725356226.1121984
1725356226.1144423
1725356226.1149259
1725356226.1444924
1725356226.1452568
1725356226.1477408
1725356226.148476
1725356226.1979887
1725356226.1984637
1725356226.198948
1725356226.2035527
1725356226.24154
1725356226.2421038
1725356226.244156
1725356226.246232
1725356226.2712612
1725356226.2737792
1725356226.3082352
1725356226.3100111
1725356226.3108625
1725356226.3469412
1725356226.3832498
1725356226.399442
1725356226.4154022
1725356226.4301312
1725356226.4448836
1725356226.5077677
1725356226.5108488
1725356226.5171173
1725356226.5263202
1725356226.5463512
1725356226.5622425
1725356226.617433
1725356226.6319535
1725356226.6501436
1725356226.661996
1725356226.699952
1725356226.7121744
1725356226.748008
1725356226.765134
1725356226.812993
1725356226.8147805
1725356226.8175693
1725356226.8654275
1725356226.868909
1725356226.8761575
1725356226.8765008
1725356226.896995
1725356226.9257853
1725356226.9275126
1725356226.9984448
1725356227.0005536
1725356227.0024967
1725356227.0058482
1725356227.0097363
1725356227.1620996
1725356227.1649761
1725356227.1738346
1725356227.1756508
1725356227.178431
1725356227.2742016
1725356227.276259
1725356227.2787066
1725356227.3823698
1725356227.3849802
1725356227.385876
1725356227.3871925
1725356227.4789126
1725356227.4801285
1725356227.4830587
1725356227.4985063
1725356227.5006952
1725356227.501983
1725356227.5041223
1725356227.50655
1725356227.507966
1725356227.5527158
1725356227.5548072
1725356227.5564394
1725356227.5597837
1725356227.5614655
1725356227.5972304
1725356227.5983498
1725356227.6006236
1725356227.6034808
1725356227.6214392
1725356227.6226065
1725356227.6378691
1725356227.6493838
1725356227.6779895
1725356227.6789322
1725356227.7101197
1725356227.7537155
1725356227.7542179
1725356227.7884364
1725356227.789821
1725356227.7904568
1725356227.8417492
1725356227.844839
1725356227.935188
1725356227.9397347
1725356227.971793
1725356227.9737196
1725356227.9774125
1725356228.0255337
1725356228.0270672
1725356228.0309274
1725356228.032727
1725356228.0337815
1725356228.0351918
1725356228.0515523
1725356228.0916193
1725356228.0933204
1725356228.1094496
1725356228.1428504
1725356228.1446567
1725356228.1548448
1725356228.2068558
1725356228.2086027
1725356228.2105238
1725356228.2361581
1725356228.238711
1725356228.2534149
1725356228.2680275
1725356228.3006108
1725356228.3026247
1725356228.322039
1725356228.3430545
1725356228.384028
1725356228.3863835
1725356228.3880928
1725356228.453864
1725356228.4574118
1725356228.4904964
1725356228.4913166
1725356228.4928493
1725356228.5027006
1725356228.5304134
1725356228.540797
1725356228.5778444
1725356228.6286912
1725356228.6401422
1725356228.640167
1725356228.6401823
1725356228.6660795
1725356228.7086215
1725356228.764088
1725356228.8167973
1725356228.8197174
1725356228.8221738
1725356228.823069
1725356228.9249246
1725356228.9274778
1725356228.9281883
1725356228.9284241
1725356228.958353
1725356228.9600844
1725356228.9641829
1725356229.000297
1725356229.0020542
1725356229.0032701
1725356229.0567546
1725356229.0590487
1725356229.0952072
1725356229.0972984
1725356229.1120026
1725356229.194289
1725356229.1952357
1725356229.20029
1725356229.284067
1725356229.284651
1725356229.2863903
1725356229.32105
1725356229.3222964
1725356229.3232687
1725356229.325197
1725356229.3573852
1725356229.3592591
1725356229.3736696
1725356229.374415
1725356229.3761752
1725356229.386693
1725356229.4170578
1725356229.4562182
1725356229.473478
1725356229.4750478
1725356229.5036027
1725356229.5058086
1725356229.5201218
1725356229.5364118
1725356229.5705886
1725356229.571112
1725356229.6041162
1725356229.6837082
1725356229.6879134
1725356229.7588513
1725356229.7610154
1725356229.7620583
1725356229.7643747
1725356229.7747595
1725356229.7767305
1725356229.7888196
1725356229.7962694
1725356229.8739417
1725356229.8747685
1725356229.882134
1725356229.9069936
1725356229.9095838
1725356229.9411101
1725356229.9616685
1725356229.980174
1725356230.0159905
1725356230.0252266
1725356230.050501
1725356230.0927525
1725356230.0950224
1725356230.0991497
1725356230.1281693
1725356230.1327057
1725356230.1467302
1725356230.156256
1725356230.1721084
1725356230.1939187
1725356230.2164857
1725356230.2354496
1725356230.2381597
1725356230.2643967
1725356230.2736335
1725356230.3063626
1725356230.307454
1725356230.4952323
1725356230.4986475
1725356230.5627995
1725356230.5642204
1725356230.5931618
1725356230.598221
1725356230.600714
1725356230.604432
1725356230.6065357
1725356230.6097229
1725356230.6156592
1725356230.6177502
1725356230.626274
1725356230.6279452
1725356230.630079
1725356230.634151
1725356230.6359885
1725356230.6481335
1725356230.6982408
1725356230.700914
1725356230.7386963
1725356230.739163
1725356230.8068442
1725356230.8073478
1725356230.840339
1725356230.8408525
1725356230.8425004
1725356230.8455212
1725356230.8649476
1725356230.8844075
1725356230.9179614
1725356230.9471889
1725356230.9483073
1725356230.9616938
1725356230.9977682
1725356231.0117645
1725356231.0221686
1725356231.0462265
1725356231.0751746
1725356231.077908
1725356231.145935
1725356231.1552887
1725356231.1580873
1725356231.160743
1725356231.1813536
1725356231.1864986
1725356231.3263202
1725356231.3271742
1725356231.3307927
1725356231.3385882
1725356231.341655
1725356231.467577
1725356231.4676628
1725356231.4677258
1725356231.53814
1725356231.539095
1725356231.6249306
1725356231.6263394
1725356231.62789
1725356231.62953
1725356231.6613755
1725356231.6621473
1725356231.6633947
1725356231.6668077
1725356231.6865118
1725356231.6882243
1725356231.690276
1725356231.6916168
1725356231.7017498
1725356231.7029846
1725356231.7045338
1725356231.7053492
1725356231.7069635
1725356231.719383
1725356231.771342
1725356231.7719817
1725356231.7730546
1725356231.7858918
1725356231.8185875
1725356231.8190708
1725356231.859174
1725356231.877573
1725356231.8790014
1725356231.9299216
1725356231.9300153
1725356231.974304
1725356231.9905462
1725356232.0110772
1725356232.0430918
1725356232.0440094
1725356232.0922737
1725356232.0936692
1725356232.123934
1725356232.1543033
1725356232.1553917
1725356232.177858
1725356232.1794333
1725356232.241852
1725356232.242524
1725356232.244676
1725356232.258173
1725356232.2608263
1725356232.298102
1725356232.3275926
1725356232.3564036
1725356232.358099
1725356232.3714118
1725356232.4071314
1725356232.4078507
1725356232.4426432
1725356232.4573655
1725356232.475027
1725356232.4906483
1725356232.530905
1725356232.5328314
1725356232.5348213
1725356232.5541816
1725356232.5844908
1725356232.5860252
1725356232.607334
1725356232.6333082
1725356232.634547
1725356232.6522713
1725356232.6699631
1725356232.681709
1725356232.772568
1725356232.775826
1725356232.7775216
1725356232.788076
1725356232.788972
1725356232.8063834
1725356232.8457499
1725356232.8472357
1725356232.8479114
1725356232.9186065
1725356232.921915
1725356232.9558067
1725356232.9576306
1725356233.0126095
1725356233.0145385
1725356233.0155954
1725356233.0173564
1725356233.0327003
1725356233.2273645
1725356233.2285838
1725356233.22998
1725356233.2495492
1725356233.253042
1725356233.2804513
1725356233.2816446
1725356233.2836657
1725356233.3677952
1725356233.3696294
1725356233.519778
1725356233.5212386
1725356233.5219862
1725356233.5227609
1725356233.5255063
1725356233.5272074
1725356233.5923948
1725356233.5939713
1725356233.633537
1725356233.6351233
1725356233.6363976
1725356233.6377027
1725356233.7013147
1725356233.7021613
1725356233.7046318
1725356233.706984
1725356233.7197442
1725356233.7211006
1725356233.7221937
1725356233.7348
1725356233.7358592
1725356233.7379386
1725356233.7387412
1725356233.7618241
1725356233.7637386
1725356233.776713
1725356233.777435
1725356233.7779605
1725356233.8959072
1725356233.8975942
1725356233.8996513
1725356233.9018087
1725356233.9030879
1725356233.9712055
1725356233.972148
1725356233.9737127
1725356233.9759042
1725356233.9774113
1725356233.9806442
1725356234.013406
1725356234.0164542
1725356234.035429
1725356234.0371234
1725356234.0782707
1725356234.0799112
1725356234.096229
1725356234.1274104
1725356234.1473634
1725356234.182535
1725356234.1854303
1725356234.1960115
1725356234.245635
1725356234.2473257
1725356234.2695537
1725356234.2947161
1725356234.2964377
1725356234.3766046
1725356234.3770843
1725356234.378594
1725356234.424395
1725356234.4282663
1725356234.4421687
1725356234.443162
1725356234.4444156
1725356234.4845273
1725356234.486847
1725356234.5407786
1725356234.5711539
1725356234.5733185
1725356234.5978675
1725356234.5988188
1725356234.5996273
1725356234.610735
1725356234.631869
1725356234.6479223
1725356234.6667395
1725356234.7024872
1725356234.7035863
1725356234.705218
1725356234.7360897
1725356234.7377567
1725356234.8838696
1725356234.886012
1725356234.9022527
1725356234.9035468
1725356234.9052746
1725356234.915528
1725356234.9265172
1725356234.9266407
1725356234.9288976
1725356234.9309528
1725356234.9495306
1725356234.951898
1725356234.9846284
1725356235.008371
1725356235.0406299
1725356235.0424364
1725356235.0570905
1725356235.0734286
1725356235.106618
1725356235.1106327
1725356235.1546164
1725356235.1561856
1725356235.1638613
1725356235.1817355
1725356235.211695
1725356235.2713158
1725356235.2965825
1725356235.4182882
1725356235.4191577
1725356235.4372144
1725356235.4389029
1725356235.4397647
1725356235.443093
1725356235.4455872
1725356235.4470973
1725356235.4566102
1725356235.4755151
1725356235.4862988
1725356235.508048
1725356235.5371294
1725356235.5400665
1725356235.6203923
1725356235.6261983
1725356235.6277769
1725356235.6311142
1725356235.6505413
1725356235.6673527
1725356235.683134
1725356235.701012
1725356235.7765658
1725356235.7811642
1725356235.7825508
1725356235.7844296
1725356235.7963662
1725356235.8161957
1725356235.8345158
1725356235.84705
1725356235.8638825
1725356235.8995247
1725356235.900663
1725356235.9120371
1725356235.9341528
1725356235.9446037
1725356235.9732895
1725356236.0022054
1725356236.2167385
1725356236.2292721
1725356236.2313485
1725356236.2323916
1725356236.234032
1725356236.2736402
1725356236.276791
1725356236.2776392
1725356236.279257
1725356236.318915
1725356236.3204224
1725356236.3214476
1725356236.332238
1725356236.333005
1725356236.3366427
1725356236.3597388
1725356236.3619459
1725356236.3998687
1725356236.4004974
1725356236.4012668
1725356236.404873
1725356236.4400294
1725356236.47004
1725356236.4991438
1725356236.5018494
1725356236.5705647
1725356236.5726645
1725356236.5862415
1725356236.612367
1725356236.614166
1725356236.639316
1725356236.6418145
1725356236.7012672
1725356236.7046392
1725356236.7853892
1725356236.78621
1725356236.7879858
1725356236.8325446
1725356236.8341916
1725356236.836026
1725356236.8373291
1725356236.8914495
1725356236.8934143
1725356236.8986611
1725356236.9682019
1725356236.9696467
1725356236.995548
1725356236.9968617
1725356236.9992495
1725356237.0005245
1725356237.0110505
1725356237.0142772
1725356237.0165493
1725356237.0498662
1725356237.0734684
1725356237.0753055
1725356237.1200223
1725356237.122121
1725356237.1419663
1725356237.143908
1725356237.156541
1725356237.1746697
1725356237.1977317
1725356237.202739
1725356237.2539015
1725356237.2587981
1725356237.2706697
1725356237.353043
1725356237.357583
1725356237.590409
1725356237.592789
1725356237.593784
1725356237.5975275
1725356237.8560934
1725356237.8577914
1725356237.8709009
1725356237.8720832
1725356237.873122
1725356237.991012
1725356237.991986
1725356237.994673
1725356238.0313892
1725356238.031999
1725356238.033093
1725356238.034686
1725356238.1027155
1725356238.1050706
1725356238.140154
1725356238.1441264
1725356238.1453831
1725356238.1502995
1725356238.1519258
1725356238.1557038
1725356238.1585784
1725356238.1599853
1725356238.1630998
1725356238.1857755
1725356238.187296
1725356238.1900084
1725356238.1911192
1725356238.1931424
1725356238.194325
1725356238.1966884
1725356238.2180955
1725356238.2210863
1725356238.2228384
1725356238.2522326
1725356238.2543604
1725356238.2560484
1725356238.2576714
1725356238.2597618
1725356238.2625966
1725356238.264984
1725356238.2667093
1725356238.2687204
1725356238.2703085
1725356238.2720103
1725356238.2828596
1725356238.2842722
1725356238.2860484
1725356238.2896757
1725356238.2998562
1725356238.3019283
1725356238.3208125
1725356238.3492374
1725356238.3509333
1725356238.38469
1725356238.4399955
1725356238.442863
1725356238.4499965
1725356238.472234
1725356238.4722593
1725356238.5027955
1725356238.5332997
1725356238.6169596
1725356238.6245875
1725356238.6522715
1725356238.653978
1725356238.6691546
1725356238.685602
1725356238.7026675
1725356238.7420907
1725356238.7430518
1725356238.7771132
1725356238.7792444
1725356238.7991233
1725356238.801897
1725356238.8399124
1725356238.8409696
1725356238.869538
1725356239.01172
1725356239.02104
1725356239.0223334
1725356239.0246694
1725356239.027163
1725356239.0290098
1725356239.0446272
1725356239.0447156
1725356239.063005
1725356239.0924695
1725356239.100646
1725356239.1484454
1725356239.1497154
1725356239.1509912
1725356239.1656282
1725356239.3423073
1725356239.3444877
1725356239.3639991
1725356239.365825
1725356239.366461
1725356239.3681624
1725356239.5615976
1725356239.563053
1725356239.5787113
1725356239.602479
1725356239.6722054
1725356239.6728225
1725356239.6753643
1725356239.6760936
1725356239.7163699
1725356239.716861
1725356239.7176516
1725356239.7189853
1725356239.7682455
1725356239.7691839
1725356239.771193
1725356239.7724645
1725356239.778454
1725356239.7796817
1725356239.7818696
1725356239.8044922
1725356239.8066673
1725356239.8088367
1725356239.8319447
1725356239.8326674
1725356239.8686
1725356239.8711176
1725356239.8715348
1725356239.8730469
1725356239.9100194
1725356239.9124963
1725356239.951161
1725356239.9528463
1725356239.9540062
1725356239.955138
1725356240.0011947
1725356240.0034113
1725356240.0130987
1725356240.0241492
1725356240.060065
1725356240.0620933
1725356240.0902488
1725356240.0921254
1725356240.1128757
1725356240.1248941
1725356240.1728516
1725356240.1771169
1725356240.1814384
1725356240.2083879
1725356240.2098885
1725356240.2427711
1725356240.2527153
1725356240.304282
1725356240.311574
1725356240.3116903
1725356240.3297658
1725356240.4083436
1725356240.4116557
1725356240.4124908
1725356240.4548428
1725356240.4569094
1725356240.4591198
1725356240.4616816
1725356240.5253396
1725356240.5274107
1725356240.528934
1725356240.5445633
1725356240.5452623
1725356240.5569046
1725356240.6173508
1725356240.835365
1725356240.836221
1725356240.8399932
1725356240.934589
1725356240.935072
1725356240.935596
1725356240.976427
1725356240.9797943
1725356241.015935
1725356241.0197713
1725356241.1029654
1725356241.1041381
1725356241.106176
1725356241.1077604
1725356241.130191
1725356241.132891
1725356241.1352434
1725356241.1579192
1725356241.158958
1725356241.1598008
1725356241.196319
1725356241.2000666
1725356241.3340304
1725356241.3390079
1725356241.3399267
1725356241.3415442
1725356241.3571675
1725356241.357646
1725356241.3590355
1725356241.3791525
1725356241.3806822
1725356241.3819294
1725356241.3840876
1725356241.3935318
1725356241.3949785
1725356241.3979893
1725356241.398835
1725356241.4067361
1725356241.4076948
1725356241.5363214
1725356241.5377038
1725356241.53905
1725356241.5426276
1725356241.5576048
1725356241.5589507
1725356241.5623581
1725356241.5717623
1725356241.656896
1725356241.6579437
1725356241.6591413
1725356241.660574
1725356241.663749
1725356241.6666105
1725356241.6683726
1725356241.6967762
1725356241.699055
1725356241.7283773
1725356241.730703
1725356241.732626
1725356241.7346094
1725356241.7366853
1725356241.7380273
1725356241.7479274
1725356241.8027763
1725356241.8040428
1725356241.8233745
1725356241.8727193
1725356241.87582
1725356241.9055011
1725356241.94088
1725356241.9553027
1725356241.95751
1725356241.9987366
1725356242.0108237
1725356242.0309463
1725356242.0725455
1725356242.0732827
1725356242.0814037
1725356242.1521618
1725356242.1545453
1725356242.15654
1725356242.1588824
1725356242.183521
1725356242.1855018
1725356242.216994
1725356242.2501347
1725356242.2816045
1725356242.2824454
1725356242.294457
1725356242.3682609
1725356242.3694658
1725356242.3720737
1725356242.3863819
1725356242.421192
1725356242.423242
1725356242.42512
1725356242.4700725
1725356242.4708807
1725356242.4728906
1725356242.540465
1725356242.5411305
1725356242.5644693
1725356242.5657773
1725356242.5681539
1725356242.5760314
1725356242.6132858
1725356242.6152384
1725356242.7436602
1725356242.7595518
1725356242.7596385
1725356242.8926382
1725356242.8934786
1725356242.8942626
1725356242.8952258
1725356242.8994236
1725356242.9367487
1725356242.963755
1725356242.9660735
1725356242.9668784
1725356242.968197
1725356242.9834726
1725356242.985484
1725356242.9881818
1725356242.9920352
1725356243.0008101
1725356243.0191467
1725356243.025225
1725356243.0405009
1725356243.0847867
1725356243.162958
1725356243.163756
1725356243.167904
1725356243.2513032
1725356243.252665
1725356243.2546673
1725356243.2843146
1725356243.2857018
1725356243.2874188
1725356243.306244
1725356243.3963842
1725356243.4002013
1725356243.4149497
1725356243.4168773
1725356243.4201884
1725356243.4212575
1725356243.4223561
1725356243.4482253
1725356243.4497638
1725356243.485417
1725356243.4885151
1725356243.5003633
1725356243.5319004
1725356243.5337956
1725356243.6344287
1725356243.6349735
1725356243.6370125
1725356243.638166
1725356243.6692119
1725356243.673218
1725356243.68388
1725356243.7607818
1725356243.7626245
1725356243.7644951
1725356243.8301954
1725356243.8319252
1725356243.8353565
1725356243.8735652
1725356243.8765352
1725356243.8773727
1725356243.8782296
1725356243.8864455
1725356243.887066
1725356243.9240339
1725356243.9393032
1725356243.9469752
1725356243.9734232
1725356243.9781585
1725356243.9978325
1725356244.0200002
1725356244.0481968
1725356244.0730765
1725356244.0977507
1725356244.1007526
1725356244.1491728
1725356244.1513214
1725356244.1610126
1725356244.1948118
1725356244.2443552
1725356244.2730355
1725356244.2736382
1725356244.275217
1725356244.2888587
1725356244.303972
1725356244.3298635
1725356244.3585217
1725356244.3699129
1725356244.3888783
1725356244.4061763
1725356244.4151812
1725356244.438064
1725356244.4636304
1725356244.4660585
1725356244.4980547
1725356244.5146768
1725356244.5287483
1725356244.5504687
1725356244.5662634
1725356244.5804353
1725356244.594524
1725356244.6670377
1725356244.669545
1725356244.6729224
1725356244.7801754
1725356244.7817793
1725356244.7839677
1725356244.8284576
1725356244.84418
1725356244.8455129
1725356244.8502066
1725356244.8539326
1725356244.8569417
1725356244.8750124
1725356244.8774757
1725356244.88
1725356244.9024723
1725356244.9032435
1725356244.9048026
1725356244.941079
1725356244.9469109
1725356244.9733522
1725356244.9758139
1725356245.0294209
1725356245.0320468
1725356245.0898368
1725356245.2040305
1725356245.2078848
1725356245.2206106
1725356245.2234716
1725356245.2235334
1725356245.2235656
1725356245.2236474
1725356245.2303045
1725356245.242059
1725356245.2561173
1725356245.2807329
1725356245.3369052
1725356245.3380847
1725356245.3455176
1725356245.3811805
1725356245.3820403
1725356245.4274335
1725356245.4287932
1725356245.4307923
1725356245.491515
1725356245.4932168
1725356245.4939814
1725356245.5032635
1725356245.535136
1725356245.5668178
1725356245.5700002
1725356245.6367507
1725356245.638671
1725356245.6407204
1725356245.6414351
1725356245.67633
1725356245.6913815
1725356245.7090619
1725356245.719522
1725356245.7338774
1725356245.7623284
1725356245.7673194
1725356245.8044164
1725356245.806973
1725356245.8184683
1725356245.8353662
1725356245.850541
1725356245.8816762
1725356245.8835576
1725356245.9065094
1725356245.9174287
1725356246.0549624
1725356246.0659184
1725356246.0679667
1725356246.070605
1725356246.0722508
1725356246.1297293
1725356246.1302044
1725356246.1306949
1725356246.1323051
1725356246.1330705
1725356246.1447268
1725356246.261978
1725356246.2643163
1725356246.2655315
1725356246.2679036
1725356246.27561
1725356246.2792172
1725356246.2809157
1725356246.3432653
1725356246.345422
1725356246.3608346
1725356246.3620768
1725356246.3963304
1725356246.4187038
1725356246.4392025
1725356246.4525445
1725356246.5093043
1725356246.5118444
1725356246.5137694
1725356246.579389
1725356246.5994434
1725356246.6007347
1725356246.6035867
1725356246.6220071
1725356246.6682456
1725356246.669897
1725356246.671223
1725356246.7169983
1725356246.7184367
1725356246.7197134
1725356246.7347586
1725356246.9372203
1725356246.9386725
1725356246.9408016
1725356247.0081015
1725356247.0090268
1725356247.0948052
1725356247.0974455
1725356247.0996327
1725356247.1689165
1725356247.170672
1725356247.1722996
1725356247.2238712
1725356247.2266512
1725356247.2277129
1725356247.316155
1725356247.317781
1725356247.3182812
1725356247.3198078
1725356247.3247333
1725356247.3275993
1725356247.330567
1725356247.3346164
1725356247.3652766
1725356247.3680072
1725356247.3701348
1725356247.3722465
1725356247.3820083
1725356247.384074
1725356247.4296045
1725356247.4316306
1725356247.4332013
1725356247.439331
1725356247.440795
1725356247.4431508
1725356247.4879599
1725356247.4912968
1725356247.4965572
1725356247.4988575
1725356247.5055377
1725356247.5055742
1725356247.5218809
1725356247.5359368
1725356247.5582414
1725356247.567766
1725356247.5964813
1725356247.61205
1725356247.6612258
1725356247.663977
1725356247.67666
1725356247.6895802
1725356247.7037508
1725356247.7536688
1725356247.7561705
1725356247.7569368
1725356247.7715068
1725356247.9149876
1725356247.9171638
1725356247.9185274
1725356247.9274683
1725356247.9289417
1725356247.93016
1725356247.9318976
1725356247.9460168
1725356247.9535255
1725356247.9557698
1725356247.9689806
1725356247.9874525
1725356248.0007863
1725356248.037234
1725356248.0395799
1725356248.0501227
1725356248.0974123
1725356248.0986977
1725356248.1006408
1725356248.1345294
1725356248.1362832
1725356248.149178
1725356248.174405
1725356248.185825
1725356248.216252
1725356248.226257
1725356248.2542098
1725356248.273788
1725356248.3085835
1725356248.309913
1725356248.3207746
1725356248.3486843
1725356248.3493736
1725356248.4233885
1725356248.428378
1725356248.429783
1725356248.429809
1725356248.484822
1725356248.485614
1725356248.527302
1725356248.6288614
1725356248.6734679
1725356248.674862
1725356248.675895
1725356248.6791534
1725356248.7109408
1725356248.7121959
1725356248.7134295
1725356248.7243555
1725356248.7359276
1725356248.7555163
1725356248.7701569
1725356248.7863338
1725356248.8149605
1725356248.8178318
1725356248.852323
1725356248.9032323
1725356248.9048452
1725356248.9202874
1725356248.9408607
1725356248.954322
1725356249.0077713
1725356249.00956
1725356249.0177598
1725356249.0493531
1725356249.0513124
1725356249.0651815
1725356249.0821464
1725356249.1038978
1725356249.1173038
1725356249.145177
1725356249.1634781
1725356249.1657755
1725356249.2912633
1725356249.2926545
1725356249.294192
1725356249.2950215
1725356249.297334
1725356249.3273056
1725356249.3321607
1725356249.366549
1725356249.3682842
1725356249.3684309
1725356249.3709016
1725356249.3990128
1725356249.4056745
1725356249.4554746
1725356249.457889
1725356249.5657442
1725356249.5681925
1725356249.570557
1725356249.6159973
1725356249.618249
1725356249.6185718
1725356249.6204724
1725356249.6215994
1725356249.650619
1725356249.653303
1725356249.7223022
1725356249.7238293
1725356249.7298467
1725356249.8294084
1725356249.8297217
1725356249.8300748
1725356249.832727
1725356249.8501687
1725356249.8517282
1725356249.890269
1725356249.9829147
1725356249.9832056
1725356249.9837928
1725356249.9870322
1725356249.9946911
1725356250.0256386
1725356250.0270135
1725356250.0436785
1725356250.05745
1725356250.0849237
1725356250.0878105
1725356250.1134567
1725356250.1291509
1725356250.1386178
1725356250.1567125
1725356250.1848729
1725356250.2219703
1725356250.222266
1725356250.2429473
1725356250.2682216
1725356250.2777767
1725356250.288254
1725356250.3598006
1725356250.3617368
1725356250.3630536
1725356250.3771398
1725356250.461934
1725356250.462731
1725356250.464488
1725356250.4649467
1725356250.4658058
1725356250.4762542
1725356250.487258
1725356250.5126529
1725356250.612621
1725356250.613862
1725356250.6234086
1725356250.6240244
1725356250.6817908
1725356250.6826785
1725356250.698559
1725356250.7748322
1725356250.7760584
1725356250.7777622
1725356250.7799644
1725356250.812509
1725356250.8127263
1725356250.8444517
1725356250.8830464
1725356250.8844178
1725356250.9186158
1725356250.919569
1725356250.9306884
1725356250.9383142
1725356250.977576
1725356250.9920115
1725356251.0091553
1725356251.0264497
1725356251.0608585
1725356251.061806
1725356251.0866861
1725356251.1046004
1725356251.1102705
1725356251.143143
1725356251.1574216
1725356251.1720772
1725356251.197632
1725356251.2077005
1725356251.2302423
1725356251.2516015
1725356251.260283
1725356251.2892013
1725356251.294681
1725356251.303963
1725356251.379096
1725356251.3798287
1725356251.380451
1725356251.3817692
1725356251.4682271
1725356251.4686415
1725356251.4693604
1725356251.4702349
1725356251.4709573
1725356251.4716263
1725356251.5543396
1725356251.5549781
1725356251.5557897
1725356251.5561712
1725356251.5570438
1725356251.5964448
1725356251.6428964
1725356251.643772
1725356251.644452
1725356251.6500332
1725356251.6813755
1725356251.6820765
1725356251.709094
1725356251.7896028
1725356251.7899404
1725356251.7899654
1725356251.7899895
1725356251.8480864
1725356251.8594327
1725356251.8790195
1725356251.9091709
1725356251.9097528
1725356251.9517262
1725356251.9644575
1725356252.0232606
1725356252.0237148
1725356252.0240521
1725356252.0401766
1725356252.0649202
1725356252.0665731
1725356252.0882823
1725356252.0987835
1725356252.119398
1725356252.2542248
1725356252.2560742
1725356252.2578545
1725356252.2585711
1725356252.259428
1725356252.2598233
1725356252.2697477
1725356252.2814264
1725356252.3115444
1725356252.340182
1725356252.3994458
1725356252.399543
1725356252.4005084
1725356252.4160392
1725356252.4259975
1725356252.4827158
1725356252.484625
1725356252.485335
1725356252.4863799
1725356252.5061297
1725356252.518353
1725356252.5543454
1725356252.5545409
1725356252.670186
1725356252.6710641
1725356252.6719968
1725356252.672815
1725356252.6735165
1725356252.674053
1725356252.6902726
1725356252.697417
1725356252.7200763
1725356252.7708836
1725356252.7720265
1725356252.7943728
1725356252.835172
1725356252.8358932
1725356252.8491538
1725356252.9038987
1725356252.9230797
1725356252.923286
1725356252.9241703
1725356252.9536438
1725356252.9634175
1725356252.982862
1725356253.0141368
1725356253.0435603
1725356253.0658894
1725356253.0952156
1725356253.0970438
1725356253.1317804
1725356253.1576278
1725356253.245829
1725356253.246359
1725356253.2465432
1725356253.2468832
1725356253.256069
1725356253.3296497
1725356253.3298936
1725356253.3302557
1725356253.330441
1725356253.3357747
1725356253.3520026
1725356253.3682609
1725356253.3932478
1725356253.3983586
1725356253.4146905
1725356253.472
1725356253.4738204
1725356253.4739716
1725356253.4886491
1725356253.5179458
1725356253.5344136
1725356253.5494695
1725356253.628833
1725356253.6296165
1725356253.6299365
1725356253.6306124
1725356253.65247
1725356253.6724224
1725356253.679917
1725356253.7293415
1725356253.7295046
1725356253.7305603
1725356253.7475977
1725356253.7948682
1725356253.79527
1725356253.796636
1725356253.9543664
1725356253.9545963
1725356253.9552717
1725356253.9567015
1725356253.9571426
1725356253.9586992
1725356253.9589834
1725356253.9591763
1725356253.959737
1725356254.0085084
1725356254.0256233
1725356254.0426908
1725356254.0514636
1725356254.0885122
1725356254.09553
1725356254.1394014
1725356254.1394649
1725356254.1690092
1725356254.184606
1725356254.1956182
1725356254.2112083
1725356254.2694814
1725356254.2695503
1725356254.2905505
1725356254.2954533
1725356254.326274
1725356254.3286855
1725356254.3429816
1725356254.3800235
1725356254.394393
1725356254.399583
1725356254.4234512
1725356254.4446993
1725356254.4743724
1725356254.479491
1725356254.4960299
1725356254.644797
1725356254.6449158
1725356254.644962
1725356254.6458056
1725356254.645872
1725356254.6460872
1725356254.6461499
1725356254.646315
1725356254.6485496
1725356254.6966715
1725356254.6967993
1725356254.7057076
1725356254.7550147
1725356254.7551064
1725356254.755163
1725356254.8049104
1725356254.8059943
1725356254.8077784
1725356254.8743541
1725356254.874426
1725356254.8744884
1725356254.8768823
1725356254.9012375
1725356254.9457338
1725356254.9457695
1725356254.9550755
1725356254.9911065
1725356254.9911525
1725356255.000228
1725356255.0213337
1725356255.0613096
1725356255.0738888
1725356255.084495
1725356255.1026278
1725356255.1354525
1725356255.1979105
1725356255.2185595
1725356255.229398
1725356255.2324653
1725356255.2796452
1725356255.2886775
1725356255.3384748
1725356255.3390434
1725356255.3420503
1725356255.3553288
1725356255.3675623
1725356255.3868594
1725356255.4119508
1725356255.4200778
1725356255.4724064
1725356255.4738169
1725356255.4973452
1725356255.5317152
1725356255.5373366
1725356255.5596266
1725356255.569484
1725356255.606554
1725356255.6081147
1725356255.6249065
1725356255.6493077
1725356255.689941
1725356255.691788
1725356255.7034817
1725356255.721736
1725356255.7336524
1725356255.7538621
1725356255.7850063
1725356255.8054771
1725356255.8071666
1725356255.828556
1725356255.8374875
1725356255.8548203
1725356255.8831503
1725356255.904716
1725356255.957062
1725356255.9595904
1725356255.9610963
1725356255.979744
1725356255.9833286
1725356256.0122356
1725356256.0170527
1725356256.0337493
1725356256.0549319
1725356256.0765598
1725356256.1245377
1725356256.1603897
1725356256.170017
1725356256.1837707
1725356256.1953652
1725356256.213789
1725356256.2280047
1725356256.2449687
1725356256.2822926
1725356256.3089437
1725356256.3094857
1725356256.3325849
1725356256.3771496
1725356256.3943644
1725356256.4048505
1725356256.4219818
1725356256.4678142
1725356256.4908211
1725356256.4997525
1725356256.5360973
1725356256.5382433
1725356256.5713937
1725356256.5734284
1725356256.5842922
1725356256.6191487
1725356256.6278615
1725356256.6490266
1725356256.6502235
1725356256.6694553
1725356256.6905951
1725356256.7067428
1725356256.7166998
1725356256.7358465
1725356256.757688
1725356256.7969296
1725356256.797637
1725356256.8176577
1725356256.8433323
1725356256.8523445
1725356256.8705854
1725356256.8788626
1725356256.9118872
1725356256.933945
1725356256.942914
1725356256.984128
1725356256.9854586
1725356257.000391
1725356257.0210154
1725356257.032591
1725356257.0579493
1725356257.076526
1725356257.0879443
1725356257.0951512
1725356257.1310256
1725356257.1544902
1725356257.1561942
1725356257.1913273
1725356257.2467525
1725356257.2482417
1725356257.2510328
1725356257.2868865
1725356257.2873988
1725356257.2990994
1725356257.3157308
1725356257.3361664
1725356257.3537116
1725356257.3676677
1725356257.4149501
1725356257.4158604
1725356257.441317
1725356257.4482398
1725356257.5069435
1725356257.5098448
1725356257.5259922
1725356257.5399148
1725356257.5482135
1725356257.5724251
1725356257.5981483
1725356257.651006
1725356257.6533444
1725356257.6558506
1725356257.678372
1725356257.6874363
1725356257.7061474
1725356257.7314775
1725356257.7333007
1725356257.7712808
1725356257.7852373
1725356257.8019018
1725356257.811478
1725356257.84085
1725356257.8474927
1725356257.865695
1725356257.8804703
1725356257.9021742
1725356257.9236102
1725356257.927779
1725356257.9564865
1725356257.9699543
1725356257.9775095
1725356257.9937596
1725356258.0089011
1725356258.0362825
1725356258.0480487
1725356258.0849662
1725356258.0855114
1725356258.1070366
1725356258.1159863
1725356258.1271944
1725356258.1614552
1725356258.1628067
1725356258.1873455
1725356258.2298365
1725356258.2321723
1725356258.252685
1725356258.2649076
1725356258.2804096
1725356258.299657
1725356258.3105912
1725356258.332203
1725356258.3822415
1725356258.382932
1725356258.3896968
1725356258.4114842
1725356258.4428315
1725356258.5017347
1725356258.5324473
1725356258.545678
1725356258.5718129
1725356258.581177
1725356258.602732
1725356258.6258647
1725356258.6500492
1725356258.6706905
1725356258.693534
1725356258.709392
1725356258.711297
1725356258.7356818
1725356258.740226
1725356258.7526398
1725356258.7785187
1725356258.8091466
1725356258.8549793
1725356258.8571353
1725356258.8718588
1725356258.8851023
1725356258.9155843
1725356258.9161978
1725356258.9315405
1725356258.9756308
1725356259.0090733
1725356259.010768
1725356259.027534
1725356259.041406
1725356259.0482671
1725356259.0709798
1725356259.0871673
1725356259.1062045
1725356259.1213293
1725356259.1390214
1725356259.156617
1725356259.169937
1725356259.1860566
1725356259.1996176
1725356259.2560275
1725356259.2755935
1725356259.277077
1725356259.3047824
1725356259.3058426
1725356259.3318048
1725356259.3330839
1725356259.3609111
1725356259.3647423
1725356259.3958182
1725356259.4383962
1725356259.4564874
1725356259.4687755
1725356259.4950428
1725356259.4967108
1725356259.5328705
1725356259.5445154
1725356259.5519922
1725356259.618395
1725356259.6202254
1725356259.620736
1725356259.6447299
1725356259.667052
1725356259.7081633
1725356259.7108943
1725356259.7348511
1725356259.78584
1725356259.79898
1725356259.8006434
1725356259.8372343
1725356259.8480406
1725356259.8668098
1725356259.8899033
1725356259.911838
1725356259.9185479
1725356259.938591
1725356259.9697182
1725356259.9709232
1725356259.976004
1725356259.9985092
1725356260.0117784
1725356260.0262012
1725356260.0519097
1725356260.0732872
1725356260.0868297
1725356260.1390522
1725356260.1408644
1725356260.1481636
1725356260.184998
1725356260.1866963
1725356260.1991956
1725356260.2139661
1725356260.2312307
1725356260.247053
1725356260.280702
1725356260.3001838
1725356260.3160393
1725356260.333139
1725356260.344857
1725356260.3670635
1725356260.375073
1725356260.3936238
1725356260.4213867
1725356260.4269798
1725356260.4500713
1725356260.4568024
1725356260.5276227
1725356260.558201
1725356260.55988
1725356260.5621977
1725356260.5788774
1725356260.5795584
1725356260.5948677
1725356260.649752
1725356260.6527345
1725356260.667138
1725356260.684488
1725356260.713066
1725356260.7263465
1725356260.7397757
1725356260.785963
1725356260.8345685
1725356260.8425152
1725356260.843224
1725356260.844169
1725356260.8592417
1725356260.8808026
1725356260.9161909
1725356260.9489543
1725356260.982004
1725356260.9849503
1725356261.0065534
1725356261.007877
1725356261.02424
1725356261.0368013
1725356261.0391557
1725356261.072414
1725356261.0903451
1725356261.1267388
1725356261.1291225
1725356261.1383977
1725356261.154862
1725356261.1713111
1725356261.2013295
1725356261.2621078
1725356261.2638412
1725356261.2653136
1725356261.2665336
1725356261.278228
1725356261.2975905
1725356261.3321657
1725356261.334506
1725356261.3411963
1725356261.356686
1725356261.3922815
1725356261.3935921
1725356261.4053707
1725356261.4248583
1725356261.4520416
1725356261.461786
1725356261.4760315
1725356261.510088
1725356261.5354688
1725356261.5536182
1725356261.5660138
1725356261.5817847
1725356261.5969846
1725356261.6176412
1725356261.6333
1725356261.6402967
1725356261.6919806
1725356261.6927822
1725356261.7098348
1725356261.718639
1725356261.7532024
1725356261.8317332
1725356261.850147
1725356261.894602
1725356261.9082425
1725356261.94332
1725356261.9652033
1725356261.9663243
1725356261.9981017
1725356262.001043
1725356262.0180798
1725356262.0220482
1725356262.0613205
1725356262.0617695
1725356262.0713263
1725356262.1219504
1725356262.1851902
1725356262.1858134
1725356262.2016792
1725356262.2084336
1725356262.2233725
1725356262.2241347
1725356262.2546573
1725356262.2913017
1725356262.3079484
1725356262.3227608
1725356262.3331945
1725356262.3484902
1725356262.3565748
1725356262.3913555
1725356262.3930533
1725356262.4247797
1725356262.4520328
1725356262.4535465
1725356262.4633315
1725356262.4762583
1725356262.4945073
1725356262.5201871
1725356262.5837724
1725356262.6287606
1725356262.6296432
1725356262.6304755
1725356262.6327295
1725356262.6332552
1725356262.6548476
1725356262.6562123
1725356262.6774006
1725356262.6927893
1725356262.7341285
1725356262.7581904
1725356262.784946
1725356262.7977355
1725356262.8086448
1725356262.8354719
1725356262.847117
1725356262.8645754
1725356262.8922136
1725356262.9120672
1725356262.9279242
1725356262.9464111
1725356262.9793644
1725356263.009633
1725356263.0231662
1725356263.0416598
1725356263.0855918
1725356263.0932488
1725356263.122798
1725356263.1387477
1725356263.152303
1725356263.175243
1725356263.1990476
1725356263.211765
1725356263.2951527
1725356263.2983751
1725356263.324993
1725356263.3258617
1725356263.3263369
1725356263.3273616
1725356263.3284934
1725356263.3516011
1725356263.399604
1725356263.4156256
1725356263.4316025
1725356263.4316916
1725356263.4671094
1725356263.5154574
1725356263.5332232
1725356263.5361989
1725356263.5540245
1725356263.555264
1725356263.5820389
1725356263.598588
1725356263.6176295
1725356263.6242218
1725356263.654771
1725356263.6566892
1725356263.7006373
1725356263.7043233
1725356263.7160797
1725356263.7265475
1725356263.753204
1725356263.7609766
1725356263.784291
1725356263.8333552
1725356263.836596
1725356263.8601446
1725356263.8962877
1725356263.8968303
1725356263.897655
1725356263.913564
1725356263.9528563
1725356263.972726
1725356263.9739573
1725356264.0057633
1725356264.0311885
1725356264.039218
1725356264.06322
1725356264.088099
1725356264.1132817
1725356264.1648293
1725356264.1653712
1725356264.1667023
1725356264.2033389
1725356264.2050328
1725356264.235209
1725356264.2429786
1725356264.2706282
1725356264.2977316
1725356264.3010232
1725356264.3070273
1725356264.3360388
1725356264.3426263
1725356264.375961
1725356264.4034467
1725356264.414161
1725356264.4273152
1725356264.4471605
1725356264.4736145
1725356264.4752533
1725356264.5028577
1725356264.5246775
1725356264.5267088
1725356264.5459201
1725356264.5679271
1725356264.58286
1725356264.6072023
1725356264.6087046
1725356264.642768
1725356264.6446195
1725356264.6573374
1725356264.676051
1725356264.6904886
1725356264.7133179
1725356264.7208107
1725356264.7521746
1725356264.7570298
1725356264.7710853
1725356264.810611
1725356264.8124747
1725356264.843998
1725356264.8591635
1725356264.8808882
1725356264.886939
1725356264.9116032
1725356264.9300168
1725356264.946435
1725356264.968058
1725356265.0159788
1725356265.0171158
1725356265.0321345
1725356265.0395553
1725356265.0735102
1725356265.1305807
1725356265.136329
1725356265.1539323
1725356265.1811633
1725356265.2307172
1725356265.2313786
1725356265.2453334
1725356265.2731037
1725356265.280549
1725356265.2932832
1725356265.2967792
1725356265.3207831
1725356265.3563898
1725356265.3577657
1725356265.3723936
1725356265.388359
1725356265.4436429
1725356265.4686992
1725356265.47942
1725356265.4853222
1725356265.5000334
1725356265.5352387
1725356265.549264
1725356265.5507452
1725356265.5856657
1725356265.6138315
1725356265.642289
1725356265.6438322
1725356265.6683674
1725356265.6695364
1725356265.6881845
1725356265.7087016
1725356265.7314456
1725356265.7328157
1725356265.7526329
1725356265.7588556
1725356265.7850652
1725356265.7974086
1725356265.8123386
1725356265.8621023
1725356265.8748066
1725356265.877951
1725356265.8995419
1725356265.9097087
1725356265.9367325
1725356265.9483557
1725356265.9641132
1725356265.995361
1725356265.9984107
1725356266.04163
1725356266.061072
1725356266.0880709
1725356266.112134
1725356266.1144626
1725356266.1256495
1725356266.165409
1725356266.1678767
1725356266.1907277
1725356266.2075574
1725356266.223079
1725356266.2511482
1725356266.2917652
1725356266.3563123
1725356266.3567698
1725356266.3592198
1725356266.3912106
1725356266.4110563
1725356266.4126544
1725356266.4503455
1725356266.4546802
1725356266.4790232
1725356266.5009637
1725356266.5186384
1725356266.5229225
1725356266.5514858
1725356266.5590014
1725356266.577232
1725356266.602207
1725356266.6348608
1725356266.6380954
1725356266.6997623
1725356266.7053607
1725356266.7081165
1725356266.710861
1725356266.7228498
1725356266.7250667
1725356266.7758024
1725356266.7782161
1725356266.7947187
1725356266.8217714
1725356266.838131
1725356266.8400586
1725356266.8804605
1725356266.8856745
1725356266.916947
1725356266.9249444
1725356266.9615142
1725356266.9637964
1725356266.9853196
1725356266.9931476
1725356267.0066776
1725356267.0284698
1725356267.034843
1725356267.0516198
1725356267.0835834
1725356267.138732
1725356267.1461055
1725356267.1719143
1725356267.1742833
1725356267.2039938
1725356267.205366
1725356267.2073257
1725356267.275318
1725356267.2784302
1725356267.2996953
1725356267.3041549
1725356267.3138292
1725356267.3364272
1725356267.35717
1725356267.3664885
1725356267.4047883
1725356267.4269404
1725356267.4377074
1725356267.4573293
1725356267.4711413
1725356267.5021691
1725356267.5441096
1725356267.5748296
1725356267.5783734
1725356267.583203
1725356267.6054416
1725356267.6074152
1725356267.6319835
1725356267.6417415
1725356267.6700995
1725356267.7163653
1725356267.7180645
1725356267.7200928
1725356267.734212
1725356267.766211
1725356267.7865665
1725356267.8001647
1725356267.8010921
1725356267.8243766
1725356267.8325207
1725356267.8498685
1725356267.866167
1725356267.8912616
1725356267.9027383
1725356267.9144351
1725356267.938638
1725356267.9549296
1725356267.9807584
1725356267.9821935
1725356268.0064025
1725356268.0180962
1725356268.0393384
1725356268.0529938
1725356268.0705729
1725356268.1019554
1725356268.103973
1725356268.1387296
1725356268.1542974
1725356268.1723535
1725356268.1846616
1725356268.2038229
1725356268.2407525
1725356268.2413032
1725356268.2634645
1725356268.3003309
1725356268.3016083
1725356268.3232565
1725356268.3370144
1725356268.3631546
1725356268.4164746
1725356268.4327857
1725356268.4622996
1725356268.4651365
1725356268.5200243
1725356268.539216
1725356268.5523322
1725356268.5728083
1725356268.596874
1725356268.5976284
1725356268.6104267
1725356268.6317723
1725356268.6440313
1725356268.6569362
1725356268.6725247
1725356268.693579
1725356268.7333038
1725356268.7849443
1725356268.7858248
1725356268.8099706
1725356268.8350458
1725356268.8364067
1725356268.864963
1725356268.8667321
1725356268.8937054
1725356268.9382317
1725356268.939759
1725356268.9481277
1725356268.9627688
1725356268.9916856
1725356268.9929986
1725356269.0201757
1725356269.0337684
1725356269.0624921
1725356269.0634227
1725356269.081298
1725356269.0938685
1725356269.1121204
1725356269.1445937
1725356269.175998
1725356269.199872
1725356269.201062
1725356269.2184958
1725356269.2502484
1725356269.2513366
1725356269.2597551
1725356269.2845237
1725356269.295489
1725356269.3324652
1725356269.3556743
1725356269.375966
1725356269.3939185
1725356269.4162195
1725356269.4250371
1725356269.444384
1725356269.4666524
1725356269.4790654
1725356269.5318105
1725356269.5541244
1725356269.5546658
1725356269.5703578
1725356269.8060658
1725356269.8073988
1725356269.8083656
1725356269.8108907
1725356269.837315
1725356269.8382833
1725356269.8389454
1725356269.9369528
1725356269.9413755
1725356269.9427137
1725356269.9439888
1725356269.945834
1725356269.9473865
1725356269.9881532
1725356269.9894328
1725356269.9917874
1725356269.9929807
1725356270.0071123
1725356270.0406716
1725356270.0424964
1725356270.0446856
1725356270.0591705
1725356270.059804
1725356270.0623307
1725356270.088933
1725356270.0901117
1725356270.1072643
1725356270.1201208
1725356270.1379204
1725356270.1795778
1725356270.180976
1725356270.2111948
1725356270.2519865
1725356270.2531507
1725356270.2554445
1725356270.2709882
1725356270.2978632
1725356270.3055415
1725356270.3272505
1725356270.3453445
1725356270.3636477
1725356270.3815346
1725356270.3938432
1725356270.4458835
1725356270.4481792
1725356270.4658356
1725356270.48177
1725356270.4928966
1725356270.507042
1725356270.5245993
1725356270.5619485
1725356270.576368
1725356270.592444
1725356270.6188989
1725356270.6425407
1725356270.6631656
1725356270.6760075
1725356270.692589
1725356270.7241585
1725356270.7578044
1725356270.7598379
1725356270.8016288
1725356270.8026917
1725356270.8258135
1725356270.871879
1725356270.8738446
1725356270.88357
1725356270.8908079
1725356270.928574
1725356270.934144
1725356270.955203
1725356270.9799402
1725356270.9813952
1725356271.0128152
1725356271.0262017
1725356271.0411136
1725356271.0692985
1725356271.073409
1725356271.1002557
1725356271.1045825
1725356271.1332235
1725356271.145899
1725356271.1660407
1725356271.174902
1725356271.1939032
1725356271.2179868
1725356271.222581
1725356271.2410464
1725356271.2638469
1725356271.2764103
1725356271.3091373
1725356271.3159604
1725356271.3397548
1725356271.3410025
1725356271.3611526
1725356271.3912964
1725356271.3920841
1725356271.4024873
1725356271.4328234
1725356271.4753828
1725356271.4779007
1725356271.494439
1725356271.511682
1725356271.5205586
1725356271.542728
1725356271.5526993
1725356271.5763948
1725356271.620879
1725356271.6217213
1725356271.6383142
1725356271.6629393
1725356271.6803925
1725356271.7440155
1725356271.780685
1725356271.784294
1725356271.7868373
1725356271.8267658
1725356271.8505893
1725356271.8626997
1725356271.8911378
1725356271.8933706
1725356271.9254217
1725356271.9263928
1725356271.9503043
1725356271.9618294
1725356271.9781675
1725356271.9855175
1725356272.047018
1725356272.0507941
1725356272.0859668
1725356272.087212
1725356272.1174576
1725356272.1188881
1725356272.154201
1725356272.1547391
1725356272.1697032
1725356272.1990705
1725356272.2190478
1725356272.2365832
1725356272.2480557
1725356272.281648
1725356272.3118782
1725356272.3134425
1725356272.3494372
1725356272.3513153
1725356272.353395
1725356272.3876164
1725356272.4223275
1725356272.4242444
1725356272.424907
1725356272.439782
1725356272.4903178
1725356272.5360923
1725356272.537319
1725356272.561213
1725356272.5620708
1725356272.5682356
1725356272.5691285
1725356272.6008549
1725356272.6013777
1725356272.633344
1725356272.660058
1725356272.7007105
1725356272.7012548
1725356272.7243843
1725356272.740436
1725356272.7471788
1725356272.7679746
1725356272.7940755
1725356272.8194554
1725356272.833815
1725356272.840137
1725356272.868906
1725356272.9179823
1725356272.9381418
1725356272.9414077
1725356272.9692802
1725356273.0368252
1725356273.0404108
1725356273.041347
1725356273.0642776
1725356273.087341
1725356273.091418
1725356273.10807
1725356273.1309538
1725356273.1465142
1725356273.1841543
1725356273.1856945
1725356273.2242925
1725356273.225667
1725356273.2271185
1725356273.2443976
1725356273.2685301
1725356273.2818134
1725356273.3059525
1725356273.3219802
1725356273.3443096
1725356273.3467329
1725356273.3963113
1725356273.397117
1725356273.4098942
1725356273.4328341
1725356273.44731
1725356273.4723191
1725356273.473162
1725356273.51684
1725356273.5291364
1725356273.5698228
1725356273.5786705
1725356273.5807626
1725356273.6115754
1725356273.630641
1725356273.6557794
1725356273.6568456
1725356273.66616
1725356273.6819508
1725356273.6990895
1725356273.7399714
1725356273.761382
1725356273.7656894
1725356273.7937095
1725356273.8057714
1725356273.818006
1725356273.8354235
1725356273.8633695
1725356273.883687
1725356273.9073536
1725356273.9474719
1725356273.949766
1725356273.9724278
1725356273.9990675
1725356274.0007882
1725356274.034287
1725356274.0704293
1725356274.0711951
1725356274.0919557
1725356274.0954516
1725356274.1464818
1725356274.210979
1725356274.2139463
1725356274.2259226
1725356274.2264633
1725356274.2287693
1725356274.2564874
1725356274.267709
1725356274.2682493
1725356274.2762246
1725356274.3098586
1725356274.3295004
1725356274.3478258
1725356274.369092
1725356274.3808193
1725356274.3931215
1725356274.4215345
1725356274.4231603
1725356274.440131
1725356274.4545481
1725356274.474684
1725356274.4894478
1725356274.5026739
1725356274.5384426
1725356274.5626497
1725356274.564262
1725356274.5784047
1725356274.5955415
1725356274.6197238
1725356274.6368241
1725356274.661873
1725356274.671122
1725356274.6930099
1725356274.7106526
1725356274.7288356
1725356274.7571368
1725356274.7774699
1725356274.8059914
1725356274.8088763
1725356274.8263817
1725356274.8409457
1725356274.8773646
1725356274.8782327
1725356274.9053905
1725356274.9206877
1725356274.9350445
1725356274.949005
1725356274.9665103
1725356274.9998143
1725356275.0604956
1725356275.077868
1725356275.102203
1725356275.1029468
1725356275.1654027
1725356275.1660616
1725356275.184772
1725356275.2285442
1725356275.2296739
1725356275.2306864
1725356275.2477221
1725356275.2753386
1725356275.2767944
1725356275.2865062
1725356275.3021967
1725356275.3303118
1725356275.3893833
1725356275.4016392
1725356275.402647
1725356275.4227412
1725356275.4376738
1725356275.4460862
1725356275.4771523
1725356275.4946573
1725356275.5130188
1725356275.5346873
1725356275.5438871
1725356275.565492
1725356275.580843
1725356275.6088564
1725356275.6101286
1725356275.6720588
1725356275.6734643
1725356275.6760426
1725356275.6877625
1725356275.6922216
1725356275.7222614
1725356275.7228332
1725356275.7417724
1725356275.784071
1725356275.8089507
1725356275.817516
1725356275.8361938
1725356275.865205
1725356275.8823073
1725356275.8836784
1725356275.89483
1725356275.9366608
1725356275.9390852
1725356275.9690504
1725356275.9935691
1725356276.0080497
1725356276.025262
1725356276.0385115
1725356276.0537512
1725356276.1040661
1725356276.1061635
1725356276.1260118
1725356276.149797
1725356276.177286
1725356276.1801445
1725356276.2363677
1725356276.2417924
1725356276.2584455
1725356276.2887263
1725356276.3145802
1725356276.3320856
1725356276.3408396
1725356276.3742452
1725356276.3890908
1725356276.4127357
1725356276.4326687
1725356276.457466
1725356276.4593394
1725356276.48954
1725356276.4911933
1725356276.506087
1725356276.532498
1725356276.5463111
1725356276.5683582
1725356276.6055892
1725356276.6248586
1725356276.6558363
1725356276.659147
1725356276.684214
1725356276.6854997
1725356276.7127852
1725356276.7143815
1725356276.7330694
1725356276.7480369
1725356276.7590091
1725356276.7987237
1725356276.8003926
1725356276.8300178
1725356276.8442645
1725356276.8623953
1725356276.8878734
1725356276.9044816
1725356276.911749
1725356276.9524193
1725356276.9538226
1725356276.9552875
1725356277.003002
1725356277.0039828
1725356277.005549
1725356277.0623581
1725356277.0653763
1725356277.1139905
1725356277.1167605
1725356277.1175008
1725356277.1347585
1725356277.1439009
1725356277.1730206
1725356277.196128
1725356277.2138538
1725356277.2291656
1725356277.2584295
1725356277.2729535
1725356277.2805119
1725356277.3045795
1725356277.369718
1725356277.3724272
1725356277.3852973
1725356277.3864334
1725356277.417175
1725356277.4188116
1725356277.4588418
1725356277.4796667
1725356277.521894
1725356277.5232158
1725356277.525276
1725356277.5405612
1725356277.5781963
1725356277.5786443
1725356277.5935147
1725356277.6301858
1725356277.6380162
1725356277.6470175
1725356277.72356
1725356277.7239425
1725356277.724919
1725356277.7273612
1725356277.7380056
1725356277.7769597
1725356277.7785094
1725356277.7799537
1725356277.7990432
1725356277.832793
1725356277.8341444
1725356277.8456032
1725356277.8648999
1725356277.902966
1725356277.9040945
1725356277.9298985
1725356277.9510252
1725356277.9523473
1725356277.963019
1725356277.9930995
1725356277.9942822
1725356278.0532477
1725356278.05485
1725356278.0626192
1725356278.0800242
1725356278.118655
1725356278.1289477
1725356278.1303809
1725356278.1486733
1725356278.1580868
1725356278.1897776
1725356278.2860255
1725356278.2874422
1725356278.2874706
1725356278.2874906
1725356278.3023722
1725356278.3591383
1725356278.3640566
1725356278.3922062
1725356278.3939664
1725356278.4520838
1725356278.4527419
1725356278.487205
1725356278.503645
1725356278.504902
1725356278.5342913
1725356278.535755
1725356278.554611
1725356278.566854
1725356278.6026876
1725356278.603222
1725356278.6580007
1725356278.6630895
1725356278.7155714
1725356278.7162082
1725356278.7182555
1725356278.751818
1725356278.775331
1725356278.775892
1725356278.7923684
1725356278.8223472
1725356278.8599255
1725356278.8606262
1725356278.8824828
1725356278.890124
1725356278.9207027
1725356278.9221292
1725356278.946209
1725356278.9645271
1725356278.9824884
1725356278.9956708
1725356279.010271
1725356279.0382884
1725356279.0388114
1725356279.0738938
1725356279.113203
1725356279.1342013
1725356279.1585696
1725356279.1610906
1725356279.179445
1725356279.1811068
1725356279.20039
1725356279.2018106
1725356279.2258787
1725356279.244529
1725356279.2832184
1725356279.3175974
1725356279.3211954
1725356279.3406336
1725356279.3545384
1725356279.3678148
1725356279.3996475
1725356279.413745
1725356279.43923
1725356279.4487567
1725356279.4690664
1725356279.485651
1725356279.535269
1725356279.5754795
1725356279.5761507
1725356279.5943935
1725356279.6253066
1725356279.6447723
1725356279.6570396
1725356279.7009356
1725356279.7233884
1725356279.7248244
1725356279.735146
1725356279.7667325
1725356279.7800467
1725356279.811303
1725356279.8130093
1725356279.8200276
1725356279.8431437
1725356279.8617535
1725356279.8846102
1725356279.8869867
1725356279.9026656
1725356279.9304824
1725356279.9516306
1725356279.971531
1725356279.9741592
1725356280.0274498
1725356280.0289075
1725356280.0419674
1725356280.0504875
1725356280.083082
1725356280.1185825
1725356280.1206274
1725356280.135738
1725356280.1539457
1725356280.1709952
1725356280.1939363
1725356280.2018569
1725356280.2231674
1725356280.2394314
1725356280.2545302
1725356280.2717988
1725356280.2849836
1725356280.3065777
1725356280.3270802
1725356280.3602123
1725356280.3836958
1725356280.3904846
1725356280.428517
1725356280.4314592
1725356280.4499075
1725356280.463251
1725356280.4884825
1725356280.51241
1725356280.5271668
1725356280.5414782
1725356280.5670397
1725356280.5889256
1725356280.6046402
1725356280.6386619
1725356280.6542153
1725356280.6695547
1725356280.6923661
1725356280.699081
1725356280.7220566
1725356280.7519963
1725356280.7871914
1725356280.7892578
1725356280.8056626
1725356280.826143
1725356280.847157
1725356280.858587
1725356280.8715308
1725356280.8942778
1725356280.9156861
1725356280.9619694
1725356280.9634564
1725356280.976964
1725356281.0010955
1725356281.01448
1725356281.0160482
1725356281.039312
1725356281.0518801
1725356281.0883608
1725356281.0899637
1725356281.1165133
1725356281.1176093
1725356281.1326394
1725356281.147334
1725356281.2056184
1725356281.206564
1725356281.2091303
1725356281.2317705
1725356281.240776
1725356281.2625856
1725356281.290959
1725356281.2959907
1725356281.33771
1725356281.3391266
1725356281.388191
1725356281.389754
1725356281.3920362
1725356281.4076395
1725356281.4212346
1725356281.4572349
1725356281.4596534
1725356281.4845061
1725356281.4856963
1725356281.5127044
1725356281.5392926
1725356281.5580618
1725356281.558088
1725356281.578948
1725356281.6125405
1725356281.664375
1725356281.6896305
1725356281.7354374
1725356281.7370958
1725356281.769574
1725356281.7708147
1725356281.77956
1725356281.8187814
1725356281.8197327
1725356281.8422992
1725356281.85235
1725356281.8662853
1725356281.8872495
1725356281.896199
1725356281.91711
1725356281.9451833
1725356281.966935
1725356282.0148828
1725356282.0334284
1725356282.034763
1725356282.0480397
1725356282.0705473
1725356282.074161
1725356282.0887716
1725356282.1345382
1725356282.161913
1725356282.1635468
1725356282.1768434
1725356282.2006633
1725356282.2056322
1725356282.2233937
1725356282.2468736
1725356282.270956
1725356282.288085
1725356282.2950556
1725356282.3211496
1725356282.3397717
1725356282.349279
1725356282.3659549
1725356282.4228394
1725356282.4254653
1725356282.4423597
1725356282.4545715
1725356282.4676247
1725356282.4883537
1725356282.5039642
1725356282.5211785
1725356282.5316696
1725356282.5590105
1725356282.590012
1725356282.6118765
1725356282.6339078
1725356282.65521
1725356282.67395
1725356282.6813831
1725356282.7099602
1725356282.7310934
1725356282.7570279
1725356282.776957
1725356282.7801676
1725356282.8058395
1725356282.8490603
1725356282.8761618
1725356282.8766696
1725356282.892123
1725356282.960225
1725356282.9612126
1725356282.9628215
1725356283.0099893
1725356283.0113978
1725356283.0464473
1725356283.0482843
1725356283.08272
1725356283.0853596
1725356283.103648
1725356283.1257873
1725356283.1272264
1725356283.150874
1725356283.163563
1725356283.184683
1725356283.1958234
1725356283.2158802
1725356283.2321224
1725356283.2512207
1725356283.2626493
1725356283.2829623
1725356283.3146758
1725356283.333802
1725356283.3540273
1725356283.3587441
1725356283.383627
1725356283.4001546
1725356283.428475
1725356283.461115
1725356283.4638054
1725356283.4833233
1725356283.4901597
1725356283.5074112
1725356283.5277932
1725356283.5502286
1725356283.5696065
1725356283.5753918
1725356283.5934649
1725356283.606314
1725356283.629102
1725356283.6658251
1725356283.6845503
1725356283.7038286
1725356283.7151814
1725356283.7274077
1725356283.7629101
1725356283.7798295
1725356283.7937748
1725356283.8100464
1725356283.8451912
1725356283.8597875
1725356283.894295
1725356283.8958237
1725356283.919432
1725356283.931877
1725356283.9707222
1725356284.0005186
1725356284.009545
1725356284.0123377
1725356284.0294209
1725356284.0489173
1725356284.0949447
1725356284.1193562
1725356284.1207573
1725356284.1347864
1725356284.149841
1725356284.1782062
1725356284.1878848
1725356284.1957853
1725356284.2213922
1725356284.2631083
1725356284.2796113
1725356284.281217
1725356284.2971582
1725356284.3327963
1725356284.3346086
1725356284.3523715
1725356284.3746715
1725356284.3985813
1725356284.404503
1725356284.4288797
1725356284.430945
1725356284.445034
1725356284.466348
1725356284.4822748
1725356284.4926388
1725356284.5228786
1725356284.526849
1725356284.5486586
1725356284.5813916
1725356284.5830421
1725356284.6047082
1725356284.6253836
1725356284.6283498
1725356284.6507452
1725356284.6596553
1725356284.696225
1725356284.710699
1725356284.7294245
1725356284.7509043
1725356284.780858
1725356284.7824652
1725356284.7939556
1725356284.831641
1725356284.8717995
1725356284.8921354
1725356284.8922327
1725356284.8923168
1725356284.921389
1725356284.979809
1725356284.9975154
1725356285.0145383
1725356285.015364
1725356285.0791442
1725356285.0802684
1725356285.0926409
1725356285.1355786
1725356285.136211
1725356285.1506188
1725356285.1699312
1725356285.187058
1725356285.2141998
1725356285.2150657
1725356285.2324798
1725356285.2389746
1725356285.2876697
1725356285.3242524
1725356285.3248878
1725356285.351426
1725356285.3748872
1725356285.3761728
1725356285.4162066
1725356285.4178147
1725356285.454092
1725356285.459164
1725356285.4716053
1725356285.4903064
1725356285.5121973
1725356285.525231
1725356285.5460467
1725356285.5587916
1725356285.5815568
1725356285.5967052
1725356285.6396852
1725356285.6423013
1725356285.6475918
1725356285.6568751
1725356285.7062335
1725356285.7540727
1725356285.7581198
1725356285.7602715
1725356285.796985
1725356285.798836
1725356285.8008294
1725356285.8145592
1725356285.864332
1725356285.86529
1725356285.8679907
1725356285.9017754
1725356285.9297764
1725356285.9375575
1725356285.9777756
1725356285.980142
1725356286.0130453
1725356286.0316916
1725356286.0349667
1725356286.0623207
1725356286.0707958
1725356286.1080327
1725356286.111035
1725356286.1618147
1725356286.1954167
1725356286.1965694
1725356286.2122924
1725356286.2522833
1725356286.2870712
1725356286.2893014
1725356286.3104088
1725356286.3229663
1725356286.337437
1725356286.3709161
1725356286.3736603
1725356286.3943987
1725356286.4161289
1725356286.439657
1725356286.4413965
1725356286.4665926
1725356286.4886703
1725356286.490203
1725356286.5061407
1725356286.526354
1725356286.5566576
1725356286.567663
1725356286.5754144
1725356286.6076312
1725356286.6455216
1725356286.6470625
1725356286.6617913
1725356286.6725047
1725356286.694815
1725356286.7115335
1725356286.7261534
1725356286.7736344
1725356286.774965
1725356286.7889574
1725356286.8062859
1725356286.8277738
1725356286.8430371
1725356286.8709898
1725356286.8766146
1725356286.8888354
1725356286.9227946
1725356286.923341
1725356286.9385967
1725356286.9899125
1725356286.9925196
1725356287.0371768
1725356287.040503
1725356287.0486305
1725356287.0573406
1725356287.0781848
1725356287.133882
1725356287.1376107
1725356287.1798348
1725356287.1820521
1725356287.206398
1725356287.2080603
1725356287.2344859
1725356287.2448022
1725356287.2791286
1725356287.2973988
1725356287.3062131
1725356287.3188672
1725356287.3533273
1725356287.3558106
1725356287.4068358
1725356287.4147003
1725356287.4281647
1725356287.4406881
1725356287.4566352
1725356287.476113
1725356287.4962003
1725356287.5070205
1725356287.5186377
1725356287.5633113
1725356287.5753832
1725356287.5936687
1725356287.6173484
1725356287.6182404
1725356287.6403239
1725356287.649794
1725356287.6707742
1725356287.6932201
1725356287.706508
1725356287.742325
1725356287.743842
1725356287.763608
1725356287.7738996
1725356287.7913692
1725356287.80794
1725356287.824214
1725356287.837402
1725356287.87431
1725356287.8764358
1725356287.9010732
1725356287.902576
1725356287.9363875
1725356287.9376426
1725356287.9737823
1725356287.9761164
1725356288.009041
1725356288.0191066
1725356288.0532665
1725356288.0546987
1725356288.074833
1725356288.0866416
1725356288.1024375
1725356288.1326525
1725356288.1600256
1725356288.1719768
1725356288.1814752
1725356288.1947825
1725356288.2296672
1725356288.2939687
1725356288.2995956
1725356288.3421469
1725356288.344437
1725356288.3850741
1725356288.3857417
1725356288.4230628
1725356288.446076
1725356288.468181
1725356288.471002
1725356288.4745712
1725356288.492757
1725356288.5017238
1725356288.5394883
1725356288.540281
1725356288.5568135
1725356288.6087387
1725356288.63648
1725356288.6458237
1725356288.6642103
1725356288.6678882
1725356288.693901
1725356288.7011082
1725356288.7253568
1725356288.7542655
1725356288.7882192
1725356288.7899084
1725356288.80728
1725356288.8193395
1725356288.8413405
1725356288.8548784
1725356288.879874
1725356288.8939257
1725356288.9037964
1725356288.924668
1725356288.9423542
1725356288.953133
1725356288.969924
1725356289.0026066
1725356289.0743043
1725356289.0765944
1725356289.0781176
1725356289.0793266
1725356289.0942583
1725356289.1210296
1725356289.12389
1725356289.157899
1725356289.1701403
1725356289.2067497
1725356289.206924
1725356289.242211
1725356289.2785716
1725356289.2796805
1725356289.3709812
1725356289.3710513
1725356289.371139
1725356289.387477
1725356289.3884938
1725356289.4069982
1725356289.432142
1725356289.4662132
1725356289.4864345
1725356289.5712824
1725356289.5713513
1725356289.5719173
1725356289.5719614
1725356289.598794
1725356289.6361167
1725356289.6371753
1725356289.6503425
1725356289.6687906
1725356289.680148
1725356289.7190044
1725356289.7267747
1725356289.7589383
1725356289.7590714
1725356289.8429532
1725356289.8432283
1725356289.8432567
1725356289.8432765
1725356289.8437748
1725356289.8501856
1725356289.8741124
1725356289.8838923
1725356289.8997998
1725356289.9690602
1725356289.9691133
1725356289.971018
1725356289.982831
1725356290.0202775
1725356290.03129
1725356290.0371542
1725356290.0663998
1725356290.0855477
1725356290.1147451
1725356290.116072
1725356290.2125607
1725356290.2126358
1725356290.212977
1725356290.213048
1725356290.2131522
1725356290.224486
1725356290.2389035
1725356290.288988
1725356290.2908957
1725356290.3109977
1725356290.3374007
1725356290.3599353
1725356290.3612013
1725356290.3754752
1725356290.3877475
1725356290.4237778
1725356290.4543588
1725356290.4656076
1725356290.4987123
1725356290.5278738
1725356290.5294895
1725356290.539843
1725356290.551988
1725356290.5938647
1725356290.615373
1725356290.616715
1725356290.647104
1725356290.6784413
1725356290.6818213
1725356290.7211826
1725356290.7337933
1725356290.7441502
1725356290.7591047
1725356290.7785928
1725356290.8018708
1725356290.842615
1725356290.843685
1725356290.8536756
1725356290.8796258
1725356290.90321
1725356290.90437
1725356290.9245927
1725356290.9432497
1725356290.9517026
1725356290.97243
1725356291.0112913
1725356291.0175328
1725356291.0220077
1725356291.0533335
1725356291.0550554
1725356291.074462
1725356291.0902596
1725356291.1032598
1725356291.121453
1725356291.14739
1725356291.180361
1725356291.1813142
1725356291.1940699
1725356291.20938
1725356291.2351482
1725356291.2422287
1725356291.2578025
1725356291.270506
1725356291.3012464
1725356291.3321483
1725356291.3442357
1725356291.3549864
1725356291.37288
1725356291.412958
1725356291.4150646
1725356291.4592466
1725356291.4629834
1725356291.4911346
1725356291.4925537
1725356291.5023403
1725356291.5123765
1725356291.555022
1725356291.6355627
1725356291.6690683
1725356291.7402892
1725356291.748991
1725356291.7738242
1725356291.7743971
1725356291.775986
1725356291.7768922
1725356291.7903666
1725356291.8099513
1725356291.8218307
1725356291.8404553
1725356291.8932498
1725356291.895065
1725356291.9158583
1725356291.9811225
1725356291.9816668
1725356291.9830334
1725356291.984368
1725356292.0076475
1725356292.0189874
1725356292.033275
1725356292.0710897
1725356292.0848217
1725356292.114569
1725356292.1159387
1725356292.1392133
1725356292.1518247
1725356292.1785846
1725356292.2041814
1725356292.2054422
1725356292.2172194
1725356292.2417588
1725356292.2573388
1725356292.2793195
1725356292.291261
1725356292.3092487
1725356292.3449662
1725356292.3773227
1725356292.3964858
1725356292.398033
1725356292.4393861
1725356292.4409695
1725356292.4423466
1725356292.4752066
1725356292.475883
1725356292.4888616
1725356292.5274768
1725356292.5561202
1725356292.5642326
1725356292.586273
1725356292.5960867
1725356292.615683
1725356292.638762
1725356292.6611104
1725356292.6890383
1725356292.6982713
1725356292.7149384
1725356292.73614
1725356292.7669814
1725356292.8036485
1725356292.8122113
1725356292.8336005
1725356292.8644564
1725356292.8866096
1725356292.9043176
1725356292.9413342
1725356292.9426484
1725356292.9693887
1725356292.972719
1725356292.9896185
1725356293.0244184
1725356293.0317466
1725356293.0456438
1725356293.0809708
1725356293.0830574
1725356293.0926206
1725356293.1072416
1725356293.1241946
1725356293.1477277
1725356293.1725879
1725356293.1869578
1725356293.1903057
1725356293.213485
1725356293.2581668
1725356293.2592213
1725356293.2808137
1725356293.294562
1725356293.3074439
1725356293.3248491
1725356293.3379092
1725356293.3852525
1725356293.4035418
1725356293.4047623
1725356293.4219205
1725356293.4697835
1725356293.4718032
1725356293.486188
1725356293.4909859
1725356293.5052981
1725356293.520853
1725356293.5452802
1725356293.5597343
1725356293.6032014
1725356293.6095
1725356293.6339784
1725356293.6410484
1725356293.6624575
1725356293.6757529
1725356293.690283
1725356293.726438
1725356293.742743
1725356293.7556994
1725356293.7943375
1725356293.8052437
1725356293.824413
1725356293.8468733
1725356293.8543446
1725356293.8897624
1725356293.9185114
1725356293.931326
1725356293.9464993
1725356293.9595246
1725356293.9737444
1725356294.0203245
1725356294.061547
1725356294.06716
1725356294.0682743
1725356294.0857034
1725356294.0866601
1725356294.140421
1725356294.1411297
1725356294.1450577
1725356294.1984208
1725356294.1990876
1725356294.209033
1725356294.226616
1725356294.237814
1725356294.2566104
1725356294.27468
1725356294.3059497
1725356294.3123746
1725356294.3186243
1725356294.3410041
1725356294.3525352
1725356294.3729835
1725356294.4012027
1725356294.4188354
1725356294.4245598
1725356294.455954
1725356294.4637997
1725356294.475625
1725356294.507637
1725356294.5085382
1725356294.5274289
1725356294.5428724
1725356294.558158
1725356294.5743456
1725356294.5962424
1725356294.6294785
1725356294.66408
1725356294.6648705
1725356294.6743817
1725356294.698393
1725356294.7222157
1725356294.7277045
1725356294.7520602
1725356294.7915752
1725356294.7960799
1725356294.8077857
1725356294.823225
1725356294.8592176
1725356294.9005687
1725356294.9285183
1725356294.949458
1725356294.951335
1725356294.999665
1725356295.0142543
1725356295.0648465
1725356295.08051
1725356295.0810533
1725356295.0826828
1725356295.0951717
1725356295.1312568
1725356295.132584
1725356295.1575844
1725356295.1681955
1725356295.1899471
1725356295.2301195
1725356295.2602665
1725356295.2689924
1725356295.2848115
1725356295.2945263
1725356295.3103707
1725356295.3282413
1725356295.351044
1725356295.39707
1725356295.4028063
1725356295.4178553
1725356295.43953
1725356295.4458547
1725356295.471866
1725356295.4788613
1725356295.4988067
1725356295.5291057
1725356295.5306308
1725356295.5523462
1725356295.5593774
1725356295.5740147
1725356295.594529
1725356295.6128774
1725356295.658538
1725356295.6776414
1725356295.7058117
1725356295.7075536
1725356295.7298217
1725356295.7424092
1725356295.7441127
