2024-09-03 18:09:31
../stream-replay/logs/stuttering-6207.txt
1725358009.3416765
1725358009.3442583
1725358009.3461158
1725358009.3480554
1725358009.3491006
1725358009.3735197
1725358009.375116
1725358009.4162016
1725358009.4169095
1725358009.435683
1725358009.4407613
1725358009.4517152
1725358009.4714684
1725358009.4945416
1725358009.5020916
1725358009.5471063
1725358009.5488012
1725358009.5500627
1725358009.608657
1725358009.610364
1725358009.611872
1725358009.621515
1725358009.6417782
1725358009.6730063
1725358009.6746469
1725358009.7828996
1725358009.78449
1725358009.7874503
1725358009.816962
1725358009.8182745
1725358009.8200414
1725358009.889915
1725358009.8906956
1725358009.8923676
1725358009.8936734
1725358009.993839
1725358009.994002
1725358009.994034
1725358009.994063
1725358010.0934846
1725358010.1099648
1725358010.140892
1725358010.1614408
1725358010.1617184
1725358010.1618254
1725358010.188011
1725358010.1920242
1725358010.2048738
1725358010.2110558
1725358010.2116468
1725358010.2292948
1725358010.2639072
1725358010.2645333
1725358010.3236134
1725358010.3244987
1725358010.3279421
1725358010.380337
1725358010.382412
1725358010.3934124
1725358010.4109278
1725358010.4702473
1725358010.4725897
1725358010.4744003
1725358010.511703
1725358010.5331204
1725358010.542762
1725358010.6069353
1725358010.6086035
1725358010.609939
1725358010.6126351
1725358010.6642234
1725358010.6665754
1725358010.718147
1725358010.7195458
1725358010.721502
1725358010.7234447
1725358010.7695153
1725358010.7782009
1725358010.785185
1725358010.7942638
1725358010.813441
1725358010.8213527
1725358010.8434553
1725358010.8567648
1725358010.8808959
1725358010.9375315
1725358010.939095
1725358010.9459865
1725358011.0185921
1725358011.0206404
1725358011.0225072
1725358011.0247853
1725358011.0391757
1725358011.086561
1725358011.0870984
1725358011.1159394
1725358011.1187153
1725358011.1411622
1725358011.1510284
1725358011.2145617
1725358011.2264693
1725358011.2377274
1725358011.2494524
1725358011.3270376
1725358011.3305552
1725358011.367009
1725358011.368912
1725358011.3700671
1725358011.413883
1725358011.4149446
1725358011.4168944
1725358011.4424887
1725358011.451338
1725358011.4665737
1725358011.4830787
1725358011.4971654
1725358011.5251803
1725358011.5388858
1725358011.5470238
1725358011.6089764
1725358011.61042
1725358011.6143217
1725358011.6337223
1725358011.6353264
1725358011.725329
1725358011.7271721
1725358011.7289476
1725358011.7399511
1725358011.741618
1725358011.7908194
1725358011.7932303
1725358011.794791
1725358011.8312767
1725358011.8326826
1725358011.9233687
1725358011.9243777
1725358011.9268763
1725358011.9304817
1725358011.9312592
1725358011.9965444
1725358011.998228
1725358012.0000691
1725358012.0009017
1725358012.0966573
1725358012.1063168
1725358012.116824
1725358012.1191473
1725358012.1202028
1725358012.1257858
1725358012.1414347
1725358012.1614451
1725358012.1884732
1725358012.1925793
1725358012.231364
1725358012.256795
1725358012.258502
1725358012.2769911
1725358012.3249533
1725358012.3288617
1725358012.338697
1725358012.3604488
1725358012.423929
1725358012.4254837
1725358012.4278066
1725358012.451965
1725358012.5171921
1725358012.5903783
1725358012.5938175
1725358012.5941193
1725358012.5978518
1725358012.5992973
1725358012.6876957
1725358012.691329
1725358012.6929393
1725358012.6961436
1725358012.6980872
1725358012.6994374
1725358012.7010112
1725358012.7133958
1725358012.7149084
1725358012.7177353
1725358012.732629
1725358012.7509482
1725358012.767434
1725358012.78261
1725358012.8114786
1725358012.8242588
1725358012.831847
1725358012.8605435
1725358012.8646514
1725358012.891386
1725358012.9018722
1725358012.9190166
1725358012.9602256
1725358012.9620647
1725358012.9640565
1725358012.9887583
1725358013.028459
1725358013.048307
1725358013.0523036
1725358013.0616593
1725358013.091187
1725358013.1039653
1725358013.1556041
1725358013.1561735
1725358013.160565
1725358013.210872
1725358013.2215533
1725358013.2216067
1725358013.2735121
1725358013.2735531
1725358013.2955534
1725358013.4437811
1725358013.486291
1725358013.4869452
1725358013.4874957
1725358013.5528312
1725358013.555138
1725358013.557537
1725358013.5591846
1725358013.6002498
1725358013.6003392
1725358013.6302855
1725358013.6314685
1725358013.6427672
1725358013.6605017
1725358013.8704813
1725358013.8716886
1725358013.873372
1725358013.8747883
1725358013.9448833
1725358013.9453797
1725358013.9625158
1725358013.963542
1725358013.9647286
1725358013.9731123
1725358013.9743617
1725358013.9766629
1725358013.9776154
1725358013.98682
1725358013.9887323
1725358013.9901645
1725358014.0041142
1725358014.005367
1725358014.0061579
1725358014.0477195
1725358014.0533092
1725358014.1043386
1725358014.1060073
1725358014.1066756
1725358014.107926
1725358014.2090378
1725358014.2118895
1725358014.2120569
1725358014.2145946
1725358014.2151103
1725358014.2173116
1725358014.248209
1725358014.2717373
1725358014.29358
1725358014.3252385
1725358014.326465
1725358014.3321671
1725358014.3508427
1725358014.4712224
1725358014.471924
1725358014.6216662
1725358014.6229587
1725358014.6270142
1725358014.7518623
1725358014.7526817
1725358014.7533011
1725358014.771569
1725358014.7742584
1725358014.7758899
1725358014.8922243
1725358014.8939257
1725358014.895398
1725358014.8969603
1725358014.897287
1725358014.9562128
1725358014.958255
1725358014.9601173
1725358014.9613657
1725358014.963103
1725358015.14993
1725358015.151414
1725358015.151822
1725358015.1545246
1725358015.3139887
1725358015.314937
1725358015.318308
1725358015.3237429
1725358015.3906763
1725358015.391183
1725358015.3926036
1725358015.3959188
1725358015.397954
1725358015.4450467
1725358015.4451501
1725358015.4452891
1725358015.446337
1725358015.4799066
1725358015.480394
1725358015.4816046
1725358015.4959137
1725358015.4965305
1725358015.4987645
1725358015.4998286
1725358015.5010073
1725358015.5309207
1725358015.532748
1725358015.5690334
1725358015.5702486
1725358015.5733178
1725358015.618637
1725358015.6187375
1725358015.6188157
1725358015.6189952
1725358015.620588
1725358015.6245248
1725358015.6302235
1725358015.6613142
1725358015.662895
1725358015.664085
1725358015.6672254
1725358015.6726623
1725358015.687375
1725358015.6879816
1725358015.689108
1725358015.6987646
1725358015.700186
1725358015.7017398
1725358015.7157028
1725358015.7398589
1725358015.7431135
1725358015.7752779
1725358015.7770512
1725358015.7986355
1725358015.8465552
1725358015.8494046
1725358015.8656702
1725358015.880899
1725358015.9030962
1725358015.922364
1725358015.9244456
1725358015.9640174
1725358015.9655704
1725358015.9753428
1725358016.0022197
1725358016.0116293
1725358016.0259898
1725358016.0418231
1725358016.0563738
1725358016.094146
1725358016.0959072
1725358016.130974
1725358016.1335685
1725358016.1623185
1725358016.1649587
1725358016.172772
1725358016.191858
1725358016.2056794
1725358016.2288709
1725358016.23638
1725358016.255924
1725358016.2701805
1725358016.329401
1725358016.3306289
1725358016.3374445
1725358016.3632488
1725358016.3727458
1725358016.4085374
1725358016.4139884
1725358016.425987
1725358016.5156436
1725358016.51669
1725358016.5199606
1725358016.5200446
1725358016.5449085
1725358016.584452
1725358016.6116853
1725358016.6202114
1725358016.661423
1725358016.7137165
1725358016.7143035
1725358016.7190092
1725358016.7734733
1725358016.7739856
1725358016.774603
1725358016.7762473
1725358016.8017986
1725358016.8036723
1725358016.8805544
1725358016.8814626
1725358016.8939097
1725358016.9295382
1725358016.9805052
1725358017.1242456
1725358017.1255004
1725358017.1288795
1725358017.1328225
1725358017.14113
1725358017.1446223
1725358017.145197
1725358017.1468475
1725358017.1505277
1725358017.2146811
1725358017.216095
1725358017.220227
1725358017.2238784
1725358017.258735
1725358017.260892
1725358017.2643325
1725358017.2863533
1725358017.3670232
1725358017.3730643
1725358017.3915875
1725358017.3933907
1725358017.3977869
1725358017.398376
1725358017.4171808
1725358017.4408944
1725358017.4793258
1725358017.481148
1725358017.4987652
1725358017.5434418
1725358017.5444345
1725358017.5722902
1725358017.5833755
1725358017.5949583
1725358017.62815
1725358017.6297636
1725358017.694148
1725358017.6945713
1725358017.699141
1725358017.7345712
1725358017.7829323
1725358017.7890415
1725358017.8221896
1725358017.823957
1725358017.848692
1725358017.8754785
1725358017.8778255
1725358017.9117148
1725358018.0205786
1725358018.0212896
1725358018.0230196
1725358018.0253613
1725358018.0946252
1725358018.0973241
1725358018.1233995
1725358018.1256244
1725358018.127626
1725358018.1306524
1725358018.1322129
1725358018.13289
1725358018.1351407
1725358018.1513004
1725358018.1694307
1725358018.171073
1725358018.190554
1725358018.2205372
1725358018.2393484
1725358018.255058
1725358018.270856
1725358018.2946253
1725358018.3680913
1725358018.3700948
1725358018.4018888
1725358018.404114
1725358018.4047883
1725358018.4061303
1725358018.422944
1725358018.4928498
1725358018.4935646
1725358018.4946008
1725358018.4964092
1725358018.5112638
1725358018.5273721
1725358018.5918963
1725358018.5955474
1725358018.6397927
1725358018.6412184
1725358018.646261
1725358018.668836
1725358018.671557
1725358018.6737664
1725358018.708077
1725358018.7163708
1725358018.8853152
1725358018.8901699
1725358018.8914747
1725358018.896182
1725358018.9050756
1725358018.9064536
1725358018.909168
1725358018.9136367
1725358018.915426
1725358018.924572
1725358018.9514153
1725358018.9530458
1725358019.0042691
1725358019.0079036
1725358019.0325243
1725358019.0366387
1725358019.0455825
1725358019.064377
1725358019.0910542
1725358019.093684
1725358019.1310782
1725358019.1474435
1725358019.192016
1725358019.1926532
1725358019.1948102
1725358019.2122557
1725358019.2301157
1725358019.241255
1725358019.2708156
1725358019.3056853
1725358019.307109
1725358019.3161342
1725358019.346075
1725358019.3477654
1725358019.3782191
1725358019.4336894
1725358019.4346323
1725358019.437024
1725358019.4583313
1725358019.45927
1725358019.4603848
1725358019.497407
1725358019.4985359
1725358019.508523
1725358019.5383785
1725358019.5389497
1725358019.591136
1725358019.5931518
1725358019.6574216
1725358019.6588564
1725358019.660642
1725358019.7083242
1725358019.7099774
1725358019.7113829
1725358019.7855682
1725358019.795588
1725358019.7962039
1725358019.796227
1725358019.9194283
1725358019.9212718
1725358019.990144
1725358020.0187995
1725358020.0214016
1725358020.02476
1725358020.0273461
1725358020.0415614
1725358020.0431335
1725358020.043932
1725358020.0454893
1725358020.1198108
1725358020.1222548
1725358020.139585
1725358020.1788256
1725358020.1801383
1725358020.1820362
1725358020.1857803
1725358020.2012672
1725358020.2388122
1725358020.241959
1725358020.2586956
1725358020.3262653
1725358020.3280892
1725358020.3300014
1725358020.3677697
1725358020.3711932
1725358020.3728244
1725358020.4081
1725358020.4100955
1725358020.4156573
1725358020.431419
1725358020.463805
1725358020.4654481
1725358020.4889812
1725358020.5128586
1725358020.5149245
1725358020.533596
1725358020.5464664
1725358020.5674303
1725358020.6117752
1725358020.6368134
1725358020.6412892
1725358020.6556332
1725358020.7780666
1725358020.7798986
1725358020.7816544
1725358020.9312637
1725358020.9326084
1725358020.933337
1725358020.9447606
1725358020.9471827
1725358020.9487894
1725358020.973099
1725358020.9740562
1725358020.9752471
1725358020.9779394
1725358020.9803755
1725358020.9890804
1725358021.0492952
1725358021.0506518
1725358021.0516994
1725358021.1462603
1725358021.1476388
1725358021.151312
1725358021.1540842
1725358021.1554844
1725358021.2406976
1725358021.241655
1725358021.242896
1725358021.254029
1725358021.2559023
1725358021.2812681
1725358021.2934096
1725358021.310808
1725358021.3572648
1725358021.3597856
1725358021.361551
1725358021.376409
1725358021.400229
1725358021.404303
1725358021.4297054
1725358021.440564
1725358021.452506
1725358021.4693923
1725358021.5543995
1725358021.5549686
1725358021.5579894
1725358021.587802
1725358021.5891166
1725358021.6149554
1725358021.6169984
1725358021.6444414
1725358021.6582415
1725358021.6661277
1725358021.715142
1725358021.7162013
1725358021.7815616
1725358021.7826967
1725358021.7841344
1725358021.7858775
1725358021.8308308
1725358021.8327374
1725358021.8339663
1725358021.8510501
1725358021.9049788
1725358021.9063861
1725358021.9563863
1725358021.9565065
1725358021.9583654
1725358021.9594922
1725358021.989083
1725358022.0060067
1725358022.0252233
1725358022.0650454
1725358022.0685694
1725358022.135705
1725358022.1371908
1725358022.1385527
1725358022.3006501
1725358022.3044562
1725358022.328377
1725358022.3300557
1725358022.331358
1725358022.3329482
1725358022.380085
1725358022.3812099
1725358022.4106758
1725358022.4129384
1725358022.414411
1725358022.4156182
1725358022.4552057
1725358022.4553494
1725358022.4554331
1725358022.4556074
1725358022.4556968
1725358022.4568505
1725358022.4883106
1725358022.4893904
1725358022.5026236
1725358022.6128159
1725358022.6137755
1725358022.616269
1725358022.6194344
1725358022.6214721
1725358022.6236892
1725358022.6245153
1725358022.636237
1725358022.7697365
1725358022.771777
1725358022.774653
1725358022.7764504
1725358022.7785568
1725358022.7957513
1725358022.8069448
1725358022.807423
1725358022.8079464
1725358022.8085198
1725358022.813321
1725358022.8318243
1725358022.8901086
1725358022.891235
1725358022.8966427
1725358022.9553227
1725358022.9576342
1725358022.9585366
1725358023.0440323
1725358023.0456626
1725358023.0627613
1725358023.0646763
1725358023.064711
1725358023.0647314
1725358023.0931056
1725358023.1364748
1725358023.1584935
1725358023.1734297
1725358023.2071733
1725358023.238532
1725358023.2400215
1725358023.3108134
1725358023.313855
1725358023.3143945
1725358023.3157835
1725358023.3713129
1725358023.375112
1725358023.3763711
1725358023.3784628
1725358023.409644
1725358023.4103713
1725358023.4880793
1725358023.4936523
1725358023.494158
1725358023.5257447
1725358023.5267184
1725358023.5329688
1725358023.5572553
1725358023.6219456
1725358023.624559
1725358023.6379437
1725358023.6400027
1725358023.6725163
1725358023.673954
1725358023.710171
1725358023.7114322
1725358023.7533383
1725358023.7547307
1725358023.775473
1725358023.7769535
1725358023.8042939
1725358023.8047442
1725358023.8570907
1725358023.8592443
1725358023.8875623
1725358023.9312296
1725358023.9322908
1725358023.9327667
1725358023.9768362
1725358023.9819899
1725358023.9822562
1725358023.9920814
1725358024.0487578
1725358024.0675905
1725358024.0751617
1725358024.0926206
1725358024.1095374
1725358024.1301079
1725358024.1450334
1725358024.1845248
1725358024.186071
1725358024.2770703
1725358024.2790985
1725358024.2805538
1725358024.3232577
1725358024.3264503
1725358024.3427596
1725358024.3569765
1725358024.4762437
1725358024.478969
1725358024.4913113
1725358024.4919596
1725358024.4924989
1725358024.4930422
1725358024.5070863
1725358024.5165
1725358024.5414038
1725358024.5652723
1725358024.5689363
1725358024.5921314
1725358024.6081305
1725358024.616372
1725358024.672652
1725358024.6740887
1725358024.6754875
1725358024.6819468
1725358024.7214804
1725358024.7228618
1725358024.73549
1725358024.779943
1725358024.7805207
1725358024.7994463
1725358024.8114746
1725358024.8388317
1725358024.8874567
1725358024.8880951
1725358024.899667
1725358024.9385586
1725358024.9391658
1725358024.9536586
1725358024.9815605
1725358024.9832702
1725358024.9994066
1725358025.0309768
1725358025.0324247
1725358025.0405116
1725358025.1006482
1725358025.1020746
1725358025.2129335
1725358025.214594
1725358025.2426414
1725358025.2432325
1725358025.2782907
1725358025.278811
1725358025.2792926
1725358025.2850707
1725358025.3215196
1725358025.3367038
1725358025.469137
1725358025.4700663
1725358025.4732199
1725358025.4878948
1725358025.4887645
1725358025.4902651
1725358025.4918544
1725358025.6575933
1725358025.6814492
1725358025.684506
1725358025.6862042
1725358025.6954427
1725358025.6970844
1725358025.6993952
1725358025.7535832
1725358025.7546365
1725358025.7571988
1725358025.8170803
1725358025.9198017
1725358025.9210665
1725358026.0154395
1725358026.0166435
1725358026.018119
1725358026.0206156
1725358026.0240371
1725358026.0254643
1725358026.0790238
1725358026.0945299
1725358026.0950408
1725358026.096543
1725358026.0995936
1725358026.1201856
1725358026.123367
1725358026.1251993
1725358026.14658
1725358026.1481516
1725358026.1500378
1725358026.150817
1725358026.223974
1725358026.2258456
1725358026.2266412
1725358026.22845
1725358026.2312663
1725358026.3254855
1725358026.3585398
1725358026.3590791
1725358026.3615763
1725358026.4704344
1725358026.4715202
1725358026.47259
1725358026.5093176
1725358026.5100174
1725358026.5100458
1725358026.5100641
1725358026.5101445
1725358026.5423594
1725358026.615737
1725358026.6237385
1725358026.6270075
1725358026.6809216
1725358026.682856
1725358026.6840415
1725358026.7402804
1725358026.741618
1725358026.742486
1725358026.7447925
1725358026.748327
1725358026.75057
1725358026.7532914
1725358026.7554033
1725358026.7561967
1725358026.7587938
1725358026.7739532
1725358026.7751117
1725358026.7913623
1725358026.7937663
1725358026.81373
1725358026.8368032
1725358026.849743
1725358026.908956
1725358026.9120994
1725358026.92269
1725358026.9254107
1725358026.9556787
1725358026.9907637
1725358026.992575
1725358026.9943576
1725358027.0164073
1725358027.0662315
1725358027.0682883
1725358027.0836802
1725358027.0851467
1725358027.094026
1725358027.104986
1725358027.1774995
1725358027.185666
1725358027.1891649
1725358027.2395594
1725358027.241361
1725358027.2433062
1725358027.2455742
1725358027.2550879
1725358027.2793481
1725358027.283073
1725358027.3261476
1725358027.3640966
1725358027.370582
1725358027.4081469
1725358027.4098694
1725358027.4370623
1725358027.4568334
1725358027.506607
1725358027.5079565
1725358027.5123217
1725358027.5312746
1725358027.5811355
1725358027.6175773
1725358027.6184328
1725358027.6344314
1725358027.6617754
1725358027.6926775
1725358027.6955314
1725358027.7357793
1725358027.75822
1725358027.7600186
1725358027.8179271
1725358027.8201015
1725358027.8227038
1725358027.8255184
1725358027.8481915
1725358027.8593779
1725358027.8838096
1725358027.8946812
1725358027.912114
1725358027.9528477
1725358027.9548368
1725358027.9572644
1725358027.9757009
1725358027.996527
1725358028.0062828
1725358028.0413623
1725358028.0763328
1725358028.0782847
1725358028.101056
1725358028.144172
1725358028.14664
1725358028.1494532
1725358028.1868548
1725358028.187647
1725358028.202687
1725358028.2174673
1725358028.2469845
1725358028.2540314
1725358028.2791855
1725358028.291385
1725358028.319288
1725358028.321416
1725358028.3330343
1725358028.3491838
1725358028.4061983
1725358028.417404
1725358028.4197497
1725358028.4364245
1725358028.4465377
1725358028.4766395
1725358028.480331
1725358028.5647655
1725358028.566153
1725358028.682743
1725358028.6870565
1725358028.7812524
1725358028.7832062
1725358028.7844
1725358028.785556
1725358028.8255277
1725358028.8287578
1725358028.830033
1725358028.88398
1725358028.8849468
1725358028.886163
1725358028.9046018
1725358028.9082975
1725358028.9132562
1725358028.9153244
1725358028.9176233
1725358028.9378314
1725358028.9409652
1725358028.9439173
1725358028.9507165
1725358028.9760811
1725358028.9771636
1725358029.0654302
1725358029.0674684
1725358029.0687773
1725358029.1212437
1725358029.1229298
1725358029.1242623
1725358029.127818
1725358029.1433873
1725358029.1443057
1725358029.1468475
1725358029.232694
1725358029.2341714
1725358029.2362978
1725358029.2386315
1725358029.2417748
1725358029.2428534
1725358029.255148
1725358029.2910464
1725358029.2926939
1725358029.322445
1725358029.3243499
1725358029.3556454
1725358029.3573792
1725358029.3854654
1725358029.4181
1725358029.4213526
1725358029.449047
1725358029.4519417
1725358029.4974813
1725358029.4993923
1725358029.5836709
1725358029.585733
1725358029.6329288
1725358029.634774
1725358029.6348097
1725358029.6348646
1725358029.6358938
1725358029.6903875
1725358029.7358406
1725358029.8345795
1725358029.8380404
1725358029.841164
1725358029.8425748
1725358029.844773
1725358029.8465376
1725358029.8548884
1725358029.8672779
1725358029.8845992
1725358029.9309068
1725358029.9338143
1725358029.9358919
1725358029.9478853
1725358029.9903061
1725358030.03701
1725358030.0414808
1725358030.1561396
1725358030.1579401
1725358030.158538
1725358030.1626775
1725358030.163779
1725358030.1662328
1725358030.1689165
1725358030.2162964
1725358030.2192476
1725358030.2214394
1725358030.2297292
1725358030.2419112
1725358030.2833765
1725358030.2850695
1725358030.2909036
1725358030.3077273
1725358030.3233016
1725358030.3509521
1725358030.4559624
1725358030.4582334
1725358030.4734945
1725358030.522649
1725358030.5242074
1725358030.5257041
1725358030.578507
1725358030.5793839
1725358030.580561
1725358030.5830297
1725358030.5906801
1725358030.5925221
1725358030.6050658
1725358030.623551
1725358030.6446168
1725358030.6533198
1725358030.6977897
1725358030.6994684
1725358030.7019215
1725358030.7431812
1725358030.7578619
1725358030.7722964
1725358030.785326
1725358030.8581853
1725358030.8623803
1725358030.9443827
1725358030.9484403
1725358030.9488046
1725358030.95291
1725358030.9545755
1725358030.9989898
1725358031.000603
1725358031.1030662
1725358031.1049457
1725358031.106207
1725358031.1462731
1725358031.1486423
1725358031.1511526
1725358031.2048225
1725358031.2054029
1725358031.2059565
1725358031.206541
1725358031.207164
1725358031.2143717
1725358031.2321358
1725358031.24814
1725358031.2619455
1725358031.3039222
1725358031.3099108
1725358031.3677773
1725358031.370045
1725358031.372186
1725358031.526378
1725358031.5289283
1725358031.598372
1725358031.5997405
1725358031.6005123
1725358031.6013129
1725358031.6073322
1725358031.7313972
1725358031.7321115
1725358031.7334013
1725358031.7365513
1725358031.8204226
1725358031.8209357
1725358031.8228028
1725358031.8324723
1725358031.8335958
1725358031.8410747
1725358031.842484
1725358031.8437572
1725358031.8487067
1725358031.850279
1725358031.853172
1725358031.9058814
1725358031.9083
1725358031.9156957
1725358031.9163399
1725358031.9168787
1725358031.9200618
1725358031.9754574
1725358031.9801455
1725358031.982116
1725358032.1210563
1725358032.1228654
1725358032.124367
1725358032.1279378
1725358032.1313496
1725358032.1477206
1725358032.1713426
1725358032.174337
1725358032.175144
1725358032.177033
1725358032.1852727
1725358032.2086957
1725358032.2453327
1725358032.253007
1725358032.4167604
1725358032.417566
1725358032.4196346
1725358032.4223197
1725358032.524254
1725358032.5256734
1725358032.5279255
1725358032.5296705
1725358032.6480837
1725358032.6489336
1725358032.6512582
1725358032.6529534
1725358032.702989
1725358032.7140896
1725358032.716321
1725358032.7177207
1725358032.7182105
1725358032.7750523
1725358032.7764904
1725358032.7785566
1725358032.7806697
1725358032.782584
1725358032.7837913
1725358032.7858007
1725358032.7896087
1725358032.7932527
1725358032.830448
1725358032.8313725
1725358032.832635
1725358032.8350549
1725358032.8366432
1725358032.8376606
1725358032.8598049
1725358032.8628368
1725358032.8629346
1725358032.8735309
1725358032.9074814
1725358032.963965
1725358032.9770148
1725358032.9974132
1725358033.0007138
1725358033.0573738
1725358033.0585651
1725358033.0934825
1725358033.144168
1725358033.1450708
1725358033.1475751
1725358033.1495323
1725358033.1748025
1725358033.1776853
1725358033.1920583
1725358033.2160308
1725358033.223506
1725358033.267916
1725358033.2918024
1725358033.3124492
1725358033.3156757
1725358033.3677874
1725358033.3695796
1725358033.3714106
1725358033.4160395
1725358033.4182498
1725358033.445334
1725358033.448662
1725358033.4635246
1725358033.4945548
1725358033.4961224
1725358033.5565753
1725358033.557982
1725358033.5595376
1725358033.6102011
1725358033.611844
1725358033.6658943
1725358033.6664276
1725358033.667369
1725358033.6693456
1725358033.7333755
1725358033.7369082
1725358033.73849
1725358033.7532651
1725358033.7544446
1725358033.8335125
1725358033.8363016
1725358033.8371322
1725358033.8389714
1725358033.849243
1725358033.86754
1725358033.9016738
1725358033.928258
1725358033.929986
1725358033.954707
1725358033.9649332
1725358033.9814289
1725358033.9953606
1725358034.110984
1725358034.112746
1725358034.1147945
1725358034.1167772
1725358034.1281495
1725358034.1880128
1725358034.1891792
1725358034.1907036
1725358034.2172666
1725358034.2624798
1725358034.2632048
1725358034.2836478
1725358034.3380904
1725358034.3398652
1725358034.3418255
1725358034.343663
1725358034.3738544
1725358034.3777218
1725358034.4086218
1725358034.409235
1725358034.438872
1725358034.4411333
1725358034.4639084
1725358034.4911149
1725358034.4929857
1725358034.512222
1725358034.5307605
1725358034.5433831
1725358034.6178908
1725358034.6211588
1725358034.6873894
1725358034.6880338
1725358034.6894453
1725358034.693255
1725358034.7306132
1725358034.7320125
1725358034.734833
1725358034.7392898
1725358034.7527492
1725358034.8042412
1725358034.8062704
1725358034.810393
1725358034.8260438
1725358034.8344505
1725358034.855474
1725358034.868645
1725358034.9266372
1725358034.9279013
1725358034.9630048
1725358034.9668863
1725358034.969361
1725358035.0035987
1725358035.0049877
1725358035.0295298
1725358035.0313408
1725358035.0803661
1725358035.0841758
1725358035.0994263
1725358035.118086
1725358035.322561
1725358035.3459864
1725358035.3482502
1725358035.3503747
1725358035.36232
1725358035.3671057
1725358035.3688276
1725358035.3709419
1725358035.3725212
1725358035.4201503
1725358035.4224064
1725358035.4270687
1725358035.4396377
1725358035.4409468
1725358035.4425893
1725358035.4450388
1725358035.4474747
1725358035.4698694
1725358035.4799614
1725358035.5071015
1725358035.5275965
1725358035.5761614
1725358035.5780618
1725358035.5798979
1725358035.646114
1725358035.6473112
1725358035.64891
1725358035.6590083
1725358035.660078
1725358035.705165
1725358035.706881
1725358035.7081072
1725358035.8104868
1725358035.8120582
1725358035.8132298
1725358035.8216536
1725358035.8228648
1725358035.8238842
1725358035.90402
1725358035.9048626
1725358035.9063902
1725358035.9085917
1725358035.9097748
1725358035.923003
1725358035.999833
1725358036.000861
1725358036.0021188
1725358036.0037422
1725358036.0043662
1725358036.0378993
1725358036.0384755
1725358036.052361
1725358036.0792415
1725358036.1129847
1725358036.1142616
1725358036.1272893
1725358036.193436
1725358036.1934807
1725358036.2321825
1725358036.2412333
1725358036.2589211
1725358036.2747724
1725358036.314092
1725358036.3282983
1725358036.35061
1725358036.3840349
1725358036.3846579
1725358036.3985224
1725358036.4271543
1725358036.4292822
1725358036.444005
1725358036.4691756
1725358036.4871624
1725358036.5072155
1725358036.55992
1725358036.5833585
1725358036.5993135
1725358036.6122565
1725358036.6313434
1725358036.6485984
1725358036.6500175
1725358036.659104
1725358036.7005148
1725358036.7927542
1725358036.7949169
1725358036.7973258
1725358036.7990546
1725358036.840308
1725358036.8429623
1725358036.8443775
1725358036.845579
1725358036.8502984
1725358036.910021
1725358036.912166
1725358036.9142134
1725358036.9248166
1725358036.9263268
1725358036.9687538
1725358036.97444
1725358036.9916205
1725358037.0288856
1725358037.0299258
1725358037.0479813
1725358037.0523777
1725358037.079744
1725358037.1054509
1725358037.1072915
1725358037.149491
1725358037.270656
1725358037.2722328
1725358037.2742262
1725358037.2764544
1725358037.281221
1725358037.2839413
1725358037.2859774
1725358037.3090973
1725358037.357997
1725358037.359989
1725358037.3617609
1725358037.4066417
1725358037.4313
1725358037.4568236
1725358037.4590788
1725358037.4964452
1725358037.4999413
1725358037.5184515
1725358037.562231
1725358037.571838
1725358037.600112
1725358037.6017354
1725358037.6195831
1725358037.647014
1725358037.6506052
1725358037.7084055
1725358037.7166264
1725358037.7187035
1725358037.7206206
1725358037.7343926
1725358037.7574618
1725358037.7674422
1725358037.8402944
1725358037.8447554
1725358037.8484123
1725358037.8573177
1725358037.8764682
1725358037.8788898
1725358037.9043431
1725358037.9147055
1725358037.9386132
1725358037.950743
1725358037.9612854
1725358038.0086577
1725358038.0107899
1725358038.045038
1725358038.0469272
1725358038.0620239
1725358038.0939155
1725358038.0947146
1725358038.121698
1725358038.127646
1725358038.140703
1725358038.1579049
1725358038.1987798
1725358038.262898
1725358038.2681184
1725358038.2733033
1725358038.2971408
1725358038.2984378
1725358038.2989469
1725358038.321869
1725358038.3746636
1725358038.3776035
1725358038.3822641
1725358038.3911548
1725358038.4284368
1725358038.435646
1725358038.4782698
1725358038.4791567
1725358038.5049722
1725358038.5340002
1725358038.5371773
1725358038.5525086
1725358038.6574667
1725358038.6591384
1725358038.6624873
1725358038.679708
1725358038.6837351
1725358038.6860962
1725358038.6886888
1725358038.7831705
1725358038.7861676
1725358038.7879932
1725358038.7904904
1725358038.8590446
1725358038.8605642
1725358038.8633175
1725358038.919449
1725358038.9208841
1725358038.9222648
1725358038.9250624
1725358038.9490163
1725358038.9523838
1725358038.953973
1725358038.957888
1725358038.9607787
1725358039.0061183
1725358039.0079825
1725358039.0098608
1725358039.0366304
1725358039.044576
1725358039.0752234
1725358039.07752
1725358039.1001723
1725358039.1573358
1725358039.1590137
1725358039.1609364
1725358039.1627295
1725358039.1905773
1725358039.1926208
1725358039.2287698
1725358039.2520542
1725358039.2556176
1725358039.3041272
1725358039.3042777
1725358039.3058102
1725358039.3400455
1725358039.3406203
1725358039.392693
1725358039.4054525
1725358039.4055252
1725358039.4516973
1725358039.4517274
1725358039.4967563
1725358039.520113
1725358039.623458
1725358039.6332715
1725358039.636469
1725358039.6376302
1725358039.6816194
1725358039.6838784
1725358039.684547
1725358039.686154
1725358039.6982381
1725358039.7004728
1725358039.9564648
1725358039.9571657
1725358039.9583614
1725358039.9735942
1725358039.9760022
1725358040.0842876
1725358040.0858326
1725358040.087896
1725358040.0905316
1725358040.1135192
1725358040.11491
1725358040.1171923
1725358040.1195931
1725358040.1238234
1725358040.1249452
1725358040.1321568
1725358040.1334043
1725358040.2409732
1725358040.2508724
1725358040.2539396
1725358040.2556002
1725358040.257209
1725358040.3363936
1725358040.336964
1725358040.4223263
1725358040.426093
1725358040.4418242
1725358040.4428446
1725358040.4447446
1725358040.4474154
1725358040.4552398
1725358040.4573445
1725358040.4586227
1725358040.4616063
1725358040.4670582
1725358040.4808443
1725358040.482058
1725358040.4843514
1725358040.4913893
1725358040.5070457
1725358040.5651813
1725358040.5678024
1725358040.5709429
1725358040.586334
1725358040.6165903
1725358040.6187136
1725358040.681364
1725358040.708297
1725358040.711438
1725358040.7353868
1725358040.76883
1725358040.772328
1725358040.7901132
1725358040.8404589
1725358040.8422773
1725358040.852737
1725358040.8763082
1725358040.886448
1725358040.8999653
1725358041.2172046
1725358041.219859
1725358041.2596276
1725358041.262402
1725358041.2643867
1725358041.2652316
1725358041.2739923
1725358041.2759044
1725358041.2776425
1725358041.3414369
1725358041.3427002
1725358041.345643
1725358041.3563015
1725358041.3583877
1725358041.3619137
1725358041.3664057
1725358041.3708336
1725358041.3749135
1725358041.3770666
1725358041.3784375
1725358041.3793578
1725358041.3810139
1725358041.3821688
1725358041.3828182
1725358041.391131
1725358041.3920844
1725358041.3942294
1725358041.397387
1725358041.4412732
1725358041.4432619
1725358041.4563806
1725358041.4770143
1725358041.4934566
1725358041.510892
1725358041.532444
1725358041.5523307
1725358041.6255789
1725358041.62744
1725358041.6296146
1725358041.632059
1725358041.6663587
1725358041.67217
1725358041.7016463
1725358041.7277775
1725358041.729561
1725358041.7482493
1725358041.7801166
1725358041.8253248
1725358041.8281114
1725358041.8288689
1725358041.8466597
1725358041.8900332
1725358041.9635172
1725358041.9690604
1725358041.9766805
1725358041.9778936
1725358041.9828224
1725358042.0351856
1725358042.0396025
1725358042.0412836
1725358042.144939
1725358042.1476333
1725358042.1491864
1725358042.2418718
1725358042.2428553
1725358042.2443266
1725358042.2460756
1725358042.2750442
1725358042.2764637
1725358042.2787762
1725358042.287391
1725358042.289035
1725358042.29013
1725358042.2919862
1725358042.292895
1725358042.2967973
1725358042.3219504
1725358042.324193
1725358042.3996303
1725358042.4003515
1725358042.40136
1725358042.4098144
1725358042.4111664
1725358042.4335663
1725358042.440481
1725358042.4650886
1725358042.4829464
1725358042.5398903
1725358042.542979
1725358042.552599
1725358042.5543823
1725358042.57106
1725358042.593094
1725358042.6166928
1725358042.6185744
1725358042.6638649
1725358042.6765063
1725358042.6938322
1725358042.7119198
1725358042.7339778
1725358042.7720482
1725358042.7923546
1725358042.835477
1725358042.8381002
1725358042.8843846
1725358042.8868253
1725358042.9494622
1725358042.9509046
1725358042.9527848
1725358042.9549649
1725358042.9916623
1725358042.9941115
1725358042.996936
1725358043.0687797
1725358043.0708344
1725358043.072542
1725358043.1514645
1725358043.1893651
1725358043.1901999
1725358043.1927843
1725358043.1944025
1725358043.196098
1725358043.204125
1725358043.2235394
1725358043.286407
1725358043.2909207
1725358043.2962549
1725358043.2980247
1725358043.3152554
1725358043.4015968
1725358043.4033046
1725358043.4051094
1725358043.407604
1725358043.4112577
1725358043.4143407
1725358043.422445
1725358043.4369159
1725358043.4685419
1725358043.4707806
1725358043.5350266
1725358043.5417483
1725358043.5633335
1725358043.5658476
1725358043.5683799
1725358043.602262
1725358043.603873
1725358043.6545553
1725358043.656204
1725358043.658139
1725358043.702982
1725358043.7722683
1725358043.7741513
1725358043.7759435
1725358043.7783978
1725358043.779776
1725358043.7988813
1725358043.8125544
1725358043.8465307
1725358043.8679855
1725358043.87798
1725358043.9089499
1725358043.9335587
1725358043.9731429
1725358043.9809253
1725358043.998758
1725358044.0607564
1725358044.0644226
1725358044.067336
1725358044.0920353
1725358044.1239655
1725358044.1256344
1725358044.1506987
1725358044.180162
1725358044.182325
1725358044.1928356
1725358044.2441254
1725358044.245629
1725358044.2606785
1725358044.2702706
1725358044.2720973
1725358044.358476
1725358044.3602521
1725358044.3632967
1725358044.369325
1725358044.3712468
1725358044.3730013
1725358044.4487245
1725358044.4516368
1725358044.45386
1725358044.455159
1725358044.5744598
1725358044.5790844
1725358044.595932
1725358044.5973618
1725358044.5981557
1725358044.6016958
1725358044.6058693
1725358044.6080682
1725358044.6176133
1725358044.6420965
1725358044.655047
1725358044.7316432
1725358044.7320979
1725358044.7339258
1725358044.7364492
1725358044.753169
1725358044.8135252
1725358044.815067
1725358044.8187938
1725358044.8208356
1725358044.874745
1725358044.876647
1725358044.8790274
1725358044.898737
1725358044.917253
1725358044.9339135
1725358044.9729543
1725358044.9814353
1725358044.9982667
1725358045.0232294
1725358045.0520349
1725358045.064251
1725358045.081732
1725358045.1025379
1725358045.1215668
1725358045.1387825
1725358045.2419584
1725358045.2473328
1725358045.261417
1725358045.2622764
1725358045.264964
1725358045.2664201
1725358045.2887821
1725358045.2917159
1725358045.3015776
1725358045.3327348
1725358045.3747718
1725358045.3760746
1725358045.3783221
1725358045.4007525
1725358045.420122
1725358045.4427958
1725358045.4444075
1725358045.4624138
1725358045.503954
1725358045.506294
1725358045.5129123
1725358045.5246937
1725358045.546158
1725358045.559648
1725358045.5901513
1725358045.5928113
1725358045.6156569
1725358045.6453874
1725358045.6472616
1725358045.665668
1725358045.6915505
1725358045.6935513
1725358045.7463012
1725358045.7481618
1725358045.7500434
1725358045.777174
1725358045.790601
1725358045.8202522
1725358045.8225093
1725358045.8388667
1725358045.8602903
1725358045.8829165
1725358045.8851461
1725358045.9697797
1725358045.9708552
1725358045.970878
1725358045.9708965
1725358046.0027804
1725358046.0573208
1725358046.0625584
1725358046.0789099
1725358046.164119
1725358046.1671836
1725358046.1719587
1725358046.1741533
1725358046.2022243
1725358046.20383
1725358046.230318
1725358046.2319236
1725358046.248158
1725358046.259851
1725358046.2916338
1725358046.2936926
1725358046.3333025
1725358046.3534558
1725358046.3899443
1725358046.4385161
1725358046.4400508
1725358046.4425073
1725358046.4486477
1725358046.4691591
1725358046.4952512
1725358046.6622155
1725358046.6680076
1725358046.7377744
1725358046.7396374
1725358046.7415009
1725358046.7439415
1725358046.746067
1725358046.7475681
1725358046.74866
1725358046.7777002
1725358046.7786627
1725358046.7817762
1725358046.7847397
1725358046.7866695
1725358046.7873268
1725358046.8284724
1725358046.8390634
1725358046.9268572
1725358046.928849
1725358046.9299445
1725358046.9324818
1725358046.9403243
1725358046.9420006
1725358046.943093
1725358046.9458992
1725358046.9832845
1725358046.9917955
1725358047.042371
1725358047.0439532
1725358047.045155
1725358047.0578268
1725358047.076438
1725358047.1186688
1725358047.1283386
1725358047.1914337
1725358047.1926112
1725358047.1948051
1725358047.2266743
1725358047.2664697
1725358047.2684686
1725358047.2725656
1725358047.3471568
1725358047.351806
1725358047.35316
1725358047.3843567
1725358047.386294
1725358047.4026465
1725358047.4726636
1725358047.4735913
1725358047.4853678
1725358047.4873657
1725358047.4882479
1725358047.539419
1725358047.5407457
1725358047.5432484
1725358047.5783138
1725358047.5802033
1725358047.582301
1725358047.6335351
1725358047.6375673
1725358047.649073
1725358047.6512604
1725358047.7477148
1725358047.7507563
1725358047.7530715
1725358047.7571158
1725358047.77774
1725358047.7794852
1725358047.7824492
1725358047.8215127
1725358047.8309321
1725358047.8417103
1725358047.8866737
1725358047.8888762
1725358047.891822
1725358047.9074054
1725358047.9410143
1725358047.9426684
1725358047.9668045
1725358047.9911463
1725358047.9928901
1725358048.0297012
1725358048.0650725
1725358048.0681663
1725358048.1324773
1725358048.1351027
1725358048.1367538
1725358048.1648781
1725358048.1671145
1725358048.173833
1725358048.1920576
1725358048.2158809
1725358048.2389994
1725358048.2511327
1725358048.279177
1725358048.2972279
1725358048.3194492
1725358048.364759
1725358048.367824
1725358048.3696923
1725358048.4331028
1725358048.4348674
1725358048.437494
1725358048.4668434
1725358048.4708905
1725358048.480726
1725358048.5029953
1725358048.514532
1725358048.5491858
1725358048.5518954
1725358048.5626714
1725358048.6061141
1725358048.6844337
1725358048.6859283
1725358048.688181
1725358048.6919055
1725358048.6940753
1725358048.6954958
1725358048.7812874
1725358048.7836714
1725358048.7857556
1725358048.801997
1725358048.8032205
1725358048.80458
1725358048.9331145
1725358048.9336843
1725358049.0032358
1725358049.0055313
1725358049.0228903
1725358049.0244696
1725358049.025965
1725358049.027448
1725358049.031781
1725358049.034121
1725358049.0888073
1725358049.0905378
1725358049.0961502
1725358049.1473954
1725358049.148768
1725358049.1495225
1725358049.164051
1725358049.1656117
1725358049.1664007
1725358049.2819722
1725358049.2854257
1725358049.28545
1725358049.2854645
1725358049.286097
1725358049.3862977
1725358049.393752
1725358049.4337127
1725358049.4357843
1725358049.4683537
1725358049.4709878
1725358049.4721684
1725358049.4742513
1725358049.4775543
1725358049.5203476
1725358049.5219612
1725358049.5281112
1725358049.5412362
1725358049.5508168
1725358049.7402525
1725358049.7422662
1725358049.7456129
1725358049.8031821
1725358049.8051248
1725358049.812763
1725358049.8144152
1725358049.814948
1725358049.8169606
1725358049.8448896
1725358049.8468134
1725358049.849421
1725358049.854411
1725358049.8572223
1725358049.9197457
1725358049.9222856
1725358049.9240835
1725358049.9255297
1725358049.9284687
1725358049.9510326
1725358049.954236
1725358049.9682662
1725358049.98552
1725358050.0084546
1725358050.0687811
1725358050.0980546
1725358050.1701314
1725358050.188206
1725358050.189204
1725358050.1910644
1725358050.1925018
1725358050.1947563
1725358050.1969776
1725358050.2114336
1725358050.2115948
1725358050.3273282
1725358050.3296888
1725358050.331302
1725358050.4172575
1725358050.419091
1725358050.420683
1725358050.4238784
1725358050.4354503
1725358050.4377084
1725358050.466736
1725358050.4697413
1725358050.4800186
1725358050.5263236
1725358050.529207
1725358050.60335
1725358050.6062794
1725358050.6107857
1725358050.6123202
1725358050.6593857
1725358050.6612082
1725358050.6901844
1725358050.6920664
1725358050.7048314
1725358050.7288988
1725358050.738952
1725358050.7595842
1725358050.769847
1725358050.7926378
1725358050.8199742
1725358050.8215275
1725358050.879675
1725358050.8816113
1725358050.8844948
1725358050.9283981
1725358050.9314735
1725358050.9399927
1725358051.0398984
1725358051.0450006
1725358051.047409
1725358051.0477598
1725358051.0521626
1725358051.0561628
1725358051.0578947
1725358051.0879579
1725358051.1082985
1725358051.2261446
1725358051.241926
1725358051.2438087
1725358051.2471502
1725358051.2791579
1725358051.2823534
1725358051.2836
1725358051.2846415
1725358051.3445282
1725358051.3459234
1725358051.3491998
1725358051.3514602
1725358051.352906
1725358051.4109764
1725358051.413166
1725358051.4158812
1725358051.4168987
1725358051.428988
1725358051.4891286
1725358051.4939837
1725358051.4987533
1725358051.5605533
1725358051.5624928
1725358051.564407
1725358051.5660255
1725358051.5984943
1725358051.6273017
1725358051.6298716
1725358051.6472754
1725358051.6594195
1725358051.6786335
1725358051.7781343
1725358051.7812817
1725358051.8819146
1725358051.8827834
1725358051.885073
1725358051.8861144
1725358051.926098
1725358051.9276543
1725358051.9290817
1725358051.93398
1725358051.9357448
1725358051.937981
1725358051.9403334
1725358051.9428566
1725358051.9593341
1725358051.978761
1725358052.010993
1725358052.0144231
1725358052.0307689
1725358052.032972
1725358052.0736375
1725358052.0765498
1725358052.0907497
1725358052.0994954
1725358052.123913
1725358052.1431136
1725358052.1686013
1725358052.1706865
1725358052.1832542
1725358052.2042613
1725358052.2129028
1725358052.2408102
1725358052.2521186
1725358052.2899408
1725358052.2917967
1725358052.3128557
1725358052.349317
1725358052.3522148
1725358052.4220521
1725358052.42409
1725358052.426185
1725358052.4335017
1725358052.4357717
1725358052.4625082
1725358052.5298815
1725358052.5298955
1725358052.5299041
1725358052.5570753
1725358052.604558
1725358052.6191914
1725358052.7043939
1725358052.7068026
1725358052.7324412
1725358052.7337532
1725358052.7519689
1725358052.753502
1725358052.7540193
1725358052.7737274
1725358052.7755852
1725358052.8218827
1725358052.8246891
1725358052.8272212
1725358052.8610058
1725358052.8632398
1725358052.8942833
1725358052.959181
1725358052.9623227
1725358053.1549263
1725358053.155482
1725358053.1573179
1725358053.159184
1725358053.197947
1725358053.2003553
1725358053.204429
1725358053.2250612
1725358053.226807
1725358053.2296762
1725358053.2321608
1725358053.2448606
1725358053.2478456
1725358053.2486472
1725358053.252264
1725358053.2544692
1725358053.2659328
1725358053.2672355
1725358053.284451
1725358053.2921011
1725358053.3596785
1725358053.404863
1725358053.40705
1725358053.4092007
1725358053.411281
1725358053.412797
1725358053.4216857
1725358053.4370587
1725358053.4730773
1725358053.4753945
1725358053.5118637
1725358053.550785
1725358053.592177
1725358053.5947826
1725358053.5965583
1725358053.6240659
1725358053.6257932
1725358053.6436338
1725358053.6909866
1725358053.6933758
1725358053.7089422
1725358053.7390473
1725358053.785869
1725358053.80762
1725358053.810634
1725358054.0041797
1725358054.007038
1725358054.0321257
1725358054.033186
1725358054.0344837
1725358054.0653515
1725358054.0660286
1725358054.0670907
1725358054.0688357
1725358054.07292
1725358054.0764832
1725358054.082808
1725358054.0848908
1725358054.087001
1725358054.1411002
1725358054.1426733
1725358054.1443923
1725358054.1468053
1725358054.1708493
1725358054.1739604
1725358054.2166278
1725358054.2189803
1725358054.258562
1725358054.2609706
1725358054.2810118
1725358054.2874825
1725358054.3058507
1725358054.3399444
1725358054.3410082
1725358054.3785264
1725358054.386086
1725358054.4387963
1725358054.4407566
1725358054.4425814
1725358054.4693327
1725358054.472156
1725358054.4857101
1725358054.548952
1725358054.550254
1725358054.5520139
1725358054.5533237
1725358054.6168392
1725358054.619657
1725358054.6227639
1725358054.6472414
1725358054.6499426
1725358054.6647723
1725358054.7388256
1725358054.740259
1725358054.7428493
1725358054.7683725
1725358054.773785
1725358054.8634744
1725358054.8657746
1725358054.8670602
1725358054.8717828
1725358054.9056983
1725358054.9109666
1725358054.9235446
1725358054.9262965
1725358054.964408
1725358054.9663856
1725358054.993381
1725358055.0464597
1725358055.052467
1725358055.054547
1725358055.0560334
1725358055.0837595
1725358055.127
1725358055.1303136
1725358055.1316912
1725358055.1740146
1725358055.1768038
1725358055.187674
1725358055.208438
1725358055.234015
1725358055.2357733
1725358055.2574885
1725358055.2806432
1725358055.2984161
1725358055.3011062
1725358055.3171246
1725358055.3521147
1725358055.3538232
1725358055.384716
1725358055.3863237
1725358055.405714
1725358055.4209542
1725358055.4393628
1725358055.4554904
1725358055.4960318
1725358055.4979358
1725358055.4998388
1725358055.5177047
1725358055.5332918
1725358055.558375
1725358055.5653365
1725358055.5996501
1725358055.6279612
1725358055.6376302
1725358055.6485612
1725358055.6906517
1725358055.692167
1725358055.7629368
1725358055.7639248
1725358055.7930188
1725358055.8809292
1725358055.881137
1725358055.88337
1725358055.8896353
1725358055.9402776
1725358055.9423344
1725358055.9753377
1725358055.9778252
1725358055.9979305
1725358056.035263
1725358056.0358264
1725358056.0906274
1725358056.0914023
1725358056.094778
1725358056.118841
1725358056.1197097
1725358056.151827
1725358056.15356
1725358056.197928
1725358056.2271962
1725358056.2326927
1725358056.2503314
1725358056.2719812
1725358056.3291929
1725358056.3308651
1725358056.332754
1725358056.4077594
1725358056.4127264
1725358056.4365258
1725358056.437614
1725358056.439469
1725358056.4424639
1725358056.4895933
1725358056.491421
1725358056.4937525
1725358056.5423007
1725358056.5450408
1725358056.5529933
1725358056.556556
1725358056.5869646
1725358056.602643
1725358056.6470814
1725358056.665797
1725358056.6682465
1725358056.681038
1725358056.834211
1725358056.8362682
1725358056.8370378
1725358056.854066
1725358056.8560078
1725358056.8565931
1725358056.9941177
1725358056.9954479
1725358056.996683
1725358057.0246432
1725358057.0258477
1725358057.0262613
1725358057.0285192
1725358057.0301557
1725358057.1645932
1725358057.1713932
1725358057.1768224
1725358057.2118218
1725358057.21404
1725358057.225423
1725358057.2271795
1725358057.2294874
1725358057.2756207
1725358057.2773445
1725358057.2948337
1725358057.3283226
1725358057.3339674
1725358057.351807
1725358057.3532968
1725358057.3758705
1725358057.409038
1725358057.4111907
1725358057.414537
1725358057.4330678
1725358057.4463694
1725358057.473399
1725358057.4794788
1725358057.5183837
1725358057.5205433
1725358057.5532265
1725358057.6040778
1725358057.606016
1725358057.6076708
1725358057.7077026
1725358057.7196674
1725358057.7706628
1725358057.7715714
1725358057.7740874
1725358057.7751875
1725358057.776299
1725358057.776751
1725358057.7860172
1725358057.7879713
1725358057.829944
1725358057.8317933
1725358057.8345766
1725358057.8646564
1725358057.866423
1725358057.9065604
1725358057.919743
1725358057.9304664
1725358057.9486818
1725358057.9977305
1725358057.9994562
1725358058.0013685
1725358058.032262
1725358058.0480132
1725358058.0848482
1725358058.0891788
1725358058.1354601
1725358058.1367307
1725358058.153597
1725358058.163106
1725358058.2200181
1725358058.2724876
1725358058.2733035
1725358058.275237
1725358058.276921
1725358058.2796626
1725358058.3196096
1725358058.3281105
1725358058.3529186
1725358058.3548193
1725358058.4141421
1725358058.4158313
1725358058.421933
1725358058.423639
1725358058.4851997
1725358058.4874573
1725358058.496283
1725358058.5173488
1725358058.5188046
1725358058.5535707
1725358058.5544078
1725358058.6211398
1725358058.6228783
1725358058.6251435
1725358058.6289968
1725358058.6322012
1725358058.660194
1725358058.711811
1725358058.7121701
1725358058.7131464
1725358058.714058
1725358058.7581475
1725358058.759824
1725358058.7830234
1725358058.7842605
1725358058.815584
1725358058.817366
1725358058.8324559
1725358058.867115
1725358058.8687768
1725358058.9138143
1725358058.9171975
1725358058.9509563
1725358058.9535654
1725358058.9668496
1725358058.9880788
1725358059.0077932
1725358059.011131
1725358059.0348659
1725358059.0831885
1725358059.0850592
1725358059.115258
1725358059.1153407
1725358059.162624
1725358059.1892486
1725358059.2090375
1725358059.2374017
1725358059.2456625
1725358059.3123922
1725358059.31484
1725358059.320386
1725358059.3749332
1725358059.3755927
1725358059.3771284
1725358059.379554
1725358059.4292502
1725358059.432427
1725358059.4341934
1725358059.4497776
1725358059.471948
1725358059.5119147
1725358059.5914006
1725358059.5957055
1725358059.596545
1725358059.6024473
1725358059.6740625
1725358059.6745524
1725358059.6765912
1725358059.6925104
1725358059.6936615
1725358059.7031183
1725358059.7353828
1725358059.7372499
1725358059.767995
1725358059.7697725
1725358059.7817485
1725358059.8033295
1725358059.8168721
1725358059.8339288
1725358059.8516765
1725358059.8614216
1725358059.903172
1725358059.9049597
1725358059.9420152
1725358059.9474204
1725358059.9957647
1725358059.9968708
1725358059.9994185
1725358060.0472438
1725358060.0492868
1725358060.051023
1725358060.060545
1725358060.0810165
1725358060.2100992
1725358060.213599
1725358060.2311134
1725358060.2321944
1725358060.2359116
1725358060.2837038
1725358060.2861981
1725358060.2882493
1725358060.321613
1725358060.3230622
1725358060.3254838
1725358060.3265216
1725358060.3551729
1725358060.3964725
1725358060.4067278
1725358060.4199915
1725358060.4796245
1725358060.4844167
1725358060.4891565
1725358060.5311387
1725358060.5330973
1725358060.5477798
1725358060.5769823
1725358060.615947
1725358060.6178465
1725358060.6350937
1725358060.6628957
1725358060.6644018
1725358060.6660817
1725358060.703776
1725358060.7044551
1725358060.7247465
1725358060.7258537
1725358060.8128881
1725358060.8141475
1725358060.8176155
1725358060.818275
1725358060.831933
1725358060.860992
1725358060.8614137
1725358060.8832996
1725358060.9649935
1725358060.9664469
1725358060.967223
1725358060.9683597
1725358061.001044
1725358061.0026133
1725358061.0109472
1725358061.0367846
1725358061.0577118
1725358061.0608993
1725358061.0754912
1725358061.1038885
1725358061.1113427
1725358061.1375053
1725358061.1930656
1725358061.1947541
1725358061.1985104
1725358061.2101538
1725358061.232945
1725358061.2644165
1725358061.2655718
1725358061.3008466
1725358061.3038962
1725358061.33569
1725358061.339775
1725358061.3595154
1725358061.386993
1725358061.4280941
1725358061.4296103
1725358061.4375663
1725358061.488497
1725358061.491462
1725358061.559289
1725358061.5607803
1725358061.5635855
1725358061.5649476
1725358061.6900947
1725358061.6949964
1725358061.8941426
1725358061.8942435
1725358061.932905
1725358061.9354725
1725358061.9362879
1725358061.9417834
1725358061.9441092
1725358061.946578
1725358061.965409
1725358061.9775834
1725358061.9801698
1725358061.9815967
1725358061.9836278
1725358061.9852974
1725358061.989176
1725358061.991168
1725358061.993447
1725358062.0011501
1725358062.003468
1725358062.0052838
1725358062.0074139
1725358062.038071
1725358062.0409024
1725358062.0428007
1725358062.04497
1725358062.1173487
1725358062.1186788
1725358062.1209512
1725358062.1322436
1725358062.1343205
1725358062.2436397
1725358062.2452416
1725358062.2474437
1725358062.2653968
1725358062.2676926
1725358062.2909396
1725358062.2919009
1725358062.293051
1725358062.29471
1725358062.327869
1725358062.3511498
1725358062.3535566
1725358062.4632707
1725358062.4633706
1725358062.4641314
1725358062.466585
1725358062.485298
1725358062.494854
1725358062.5150938
1725358062.5695179
1725358062.570237
1725358062.589423
1725358062.6426065
1725358062.6433957
1725358062.6465905
1725358062.6482844
1725358062.8094249
1725358062.812065
1725358062.8170464
1725358062.8652587
1725358062.8690197
1725358062.871099
1725358062.9083216
1725358062.908795
1725358062.9261103
1725358062.926914
1725358062.9278286
1725358062.9300895
1725358062.9327753
1725358062.9362364
1725358062.9472578
1725358062.9664485
1725358063.0160162
1725358063.0176291
1725358063.0195148
1725358063.0390778
1725358063.0805244
1725358063.08188
1725358063.0860817
1725358063.1163583
1725358063.1183465
1725358063.1280012
1725358063.1441967
1725358063.1609979
1725358063.2002468
1725358063.2052107
1725358063.2386482
1725358063.248194
1725358063.2772045
1725358063.278907
1725358063.287815
1725358063.3253827
1725358063.326912
1725358063.3525245
1725358063.4480295
1725358063.4513533
1725358063.4709587
1725358063.473898
1725358063.4757106
1725358063.4766176
1725358063.56184
1725358063.5647783
1725358063.647602
1725358063.6476915
1725358063.6477547
1725358063.6828556
1725358063.6851668
1725358063.7479472
1725358063.7527702
1725358063.7590864
1725358063.8040283
1725358063.8057323
1725358063.809694
1725358063.8434744
1725358063.8452864
1725358063.8959134
1725358063.9003317
1725358063.9021297
1725358063.9860687
1725358063.9880672
1725358063.990283
1725358064.0363452
1725358064.0878441
1725358064.109474
1725358064.1113493
1725358064.1146111
1725358064.1722612
1725358064.1730697
1725358064.176117
1725358064.2141707
1725358064.2166958
1725358064.3017156
1725358064.3038642
1725358064.3055534
1725358064.307601
1725358064.3103492
1725358064.3123605
1725358064.313734
1725358064.3163145
1725358064.3279617
1725358064.3327062
1725358064.3516884
1725358064.3690276
1725358064.382773
1725358064.3966553
1725358064.534349
1725358064.5648177
1725358064.5660062
1725358064.570846
1725358064.6663742
1725358064.6692498
1725358064.6709578
1725358064.6721857
1725358064.677039
1725358064.6863058
1725358064.6933212
1725358064.6956055
1725358064.697369
1725358064.699417
1725358064.7008684
1725358064.730433
1725358064.7493436
1725358064.789623
1725358064.791837
1725358064.793597
1725358064.814356
1725358064.84006
1725358064.862561
1725358064.9241123
1725358064.9280262
1725358064.9287539
1725358064.9305372
1725358064.9525573
1725358064.9553075
1725358064.9938242
1725358065.0290725
1725358065.0315077
1725358065.0519993
1725358065.0544603
1725358065.0824306
1725358065.0848835
1725358065.152425
1725358065.1535654
1725358065.1564925
1725358065.1627498
1725358065.4151986
1725358065.41744
1725358065.426059
1725358065.4288046
1725358065.4529
1725358065.4540296
1725358065.455961
1725358065.458809
1725358065.4606023
1725358065.4618258
1725358065.4640837
1725358065.4658809
1725358065.4755623
1725358065.4759822
1725358065.4804142
1725358065.481685
1725358065.5075905
1725358065.5112636
1725358065.5358493
1725358065.554928
1725358065.5718224
1725358065.615746
1725358065.617006
1725358065.6246114
1725358065.6600091
1725358065.675903
1725358065.758883
1725358065.7870407
1725358065.808406
1725358065.8211787
1725358065.845907
1725358065.8819344
1725358065.882628
1725358065.8989234
1725358065.9043412
1725358065.9208326
1725358065.9370973
1725358065.954297
1725358065.9770527
1725358065.9976146
1725358066.0326927
1725358066.0678341
1725358066.071967
1725358066.0830464
1725358066.1004853
1725358066.141354
1725358066.1420877
1725358066.1991353
1725358066.202119
1725358066.2058077
1725358066.2314057
1725358066.2335877
1725358066.24774
1725358066.2641313
1725358066.2937152
1725358066.2959435
1725358066.3239224
1725358066.345661
1725358066.348308
1725358066.3584478
1725358066.375742
1725358066.395804
1725358066.4090621
1725358066.4458144
1725358066.475577
1725358066.4826627
1725358066.5191388
1725358066.5208263
1725358066.5234187
1725358066.543528
1725358066.5553527
1725358066.6226747
1725358066.6667976
1725358066.7090323
1725358066.7110133
1725358066.713004
1725358066.735472
1725358066.7384486
1725358066.7533467
1725358066.8504887
1725358066.8535616
1725358066.8556414
1725358066.8993375
1725358066.9050312
1725358066.9107277
1725358066.9318984
1725358066.9343393
1725358066.986999
1725358066.9893532
1725358067.001909
1725358067.037133
1725358067.055314
1725358067.0695748
1725358067.0842726
1725358067.0972297
1725358067.1377797
1725358067.1450794
1725358067.146046
1725358067.1638055
1725358067.187759
1725358067.2053053
1725358067.2089443
1725358067.2817404
1725358067.2839475
1725358067.2867439
1725358067.299726
1725358067.3198848
1725358067.346309
1725358067.3675587
1725358067.4506092
1725358067.452712
1725358067.4560606
1725358067.475
1725358067.4775124
1725358067.4866295
1725358067.5029697
1725358067.5081882
1725358067.6319048
1725358067.6339672
1725358067.6374762
1725358067.6409092
1725358067.6435854
1725358067.6446273
1725358067.657548
1725358067.6593971
1725358067.6612089
1725358067.7285779
1725358067.7333617
1725358067.7444344
1725358067.745858
1725358067.7522292
1725358067.7732956
1725358067.8032475
1725358067.826284
1725358067.978107
1725358068.0515199
1725358068.0559673
1725358068.0584006
1725358068.1311138
1725358068.132455
1725358068.1332455
1725358068.1377606
1725358068.1429589
1725358068.260363
1725358068.2608728
1725358068.2631574
1725358068.2639906
1725358068.3161166
1725358068.319177
1725358068.339835
1725358068.3419435
1725358068.3437061
1725358068.3446314
1725358068.3713903
1725358068.3725588
1725358068.3750167
1725358068.3775656
1725358068.3787303
1725358068.4082313
1725358068.4088137
1725358068.409357
1725358068.4099321
1725358068.410477
1725358068.411007
1725358068.411899
1725358068.4833138
1725358068.4838302
1725358068.4847896
1725358068.4869819
1725358068.493277
1725358068.4938052
1725358068.5348294
1725358068.5366926
1725358068.538532
1725358068.5843399
1725358068.584944
1725358068.5855212
1725358068.6291757
1725358068.630836
1725358068.6548798
1725358068.655917
1725358068.6951818
1725358068.7020934
1725358068.7193105
1725358068.7300792
1725358068.785711
1725358068.7880654
1725358068.7893004
1725358068.798016
1725358068.8359559
1725358068.8669515
1725358068.8691437
1725358068.8831675
1725358068.9093966
1725358068.9648507
1725358068.967288
1725358069.043981
1725358069.2012393
1725358069.2032058
1725358069.2073798
1725358069.2097301
1725358069.2123199
1725358069.2137916
1725358069.217165
1725358069.2195709
1725358069.2211008
1725358069.235339
1725358069.2379966
1725358069.239935
1725358069.2413766
1725358069.2435653
1725358069.2927425
1725358069.330276
1725358069.3337467
1725358069.3495407
1725358069.367685
1725358069.3814657
1725358069.4218874
1725358069.4233081
1725358069.4433646
1725358069.4654925
1725358069.4865627
1725358069.4886856
1725358069.5208883
1725358069.5228546
1725358069.6682577
1725358069.670445
1725358069.6722944
1725358069.7016082
1725358069.7044418
1725358069.7056036
1725358069.7304223
1725358069.7324312
1725358069.7342403
1725358069.8045995
1725358069.8863804
1725358069.895441
1725358069.8982983
1725358069.8989751
1725358069.9001749
1725358069.911273
1725358069.9121203
1725358069.9136527
1725358069.923789
1725358069.9243088
1725358070.010071
1725358070.0111923
1725358070.0118222
1725358070.0131817
1725358070.0173783
1725358070.0186849
1725358070.0581443
1725358070.1008544
1725358070.102524
1725358070.1042192
1725358070.1455688
1725358070.178723
1725358070.1817117
1725358070.1944063
1725358070.2311513
1725358070.2531044
1725358070.273049
1725358070.2942266
1725358070.3359568
1725358070.3377976
1725358070.3708289
1725358070.3727212
1725358070.3783336
1725358070.3912268
1725358070.4073946
1725358070.4244797
1725358070.448398
1725358070.4577162
1725358070.5787544
1725358070.5808463
1725358070.6229322
1725358070.6256454
1725358070.652962
1725358070.6550407
1725358070.6574183
1725358070.661296
1725358070.6628885
1725358070.666085
1725358070.6668544
1725358070.6744578
1725358070.6914327
1725358070.744962
1725358070.74952
1725358070.7517486
1725358070.7688143
1725358070.7892275
1725358070.8082821
1725358070.8211775
1725358070.844575
1725358070.8727264
1725358070.8914838
1725358070.8935893
1725358070.9108949
1725358070.9205308
1725358070.9653099
1725358070.9675555
1725358071.02579
1725358071.0280685
1725358071.0299304
1725358071.0319138
1725358071.0514915
1725358071.1449165
1725358071.147485
1725358071.1783137
1725358071.1825333
1725358071.1849055
1725358071.1870015
1725358071.212667
1725358071.2143621
1725358071.2442915
1725358071.2758312
1725358071.2787352
1725358071.3090432
1725358071.3107553
1725358071.3277316
1725358071.3582935
1725358071.3763227
1725358071.428477
1725358071.4328263
1725358071.4335616
1725358071.463557
1725358071.4661002
1725358071.5408862
1725358071.5428967
1725358071.5465178
1725358071.5544662
1725358071.5560777
1725358071.5777867
1725358071.626475
1725358071.627359
1725358071.6291244
1725358071.676372
1725358071.6783988
1725358071.6824267
1725358071.7150168
1725358071.7175465
1725358071.730687
1725358071.7559037
1725358071.757261
1725358071.7748318
1725358071.7923427
1725358071.82753
1725358071.8295636
1725358071.8510473
1725358071.8516905
1725358071.8780777
1725358071.8935463
1725358071.902631
1725358071.9313664
1725358071.932865
1725358071.9850233
1725358071.9888709
1725358072.023538
1725358072.0262306
1725358072.0648222
1725358072.0668294
1725358072.06864
1725358072.1462932
1725358072.1540878
1725358072.155233
1725358072.155262
1725358072.2445636
1725358072.2452188
1725358072.2476106
1725358072.3028271
1725358072.3468225
1725358072.3488326
1725358072.3588269
1725358072.3601797
1725358072.4377499
1725358072.4392037
1725358072.4399374
1725358072.4428132
1725358072.4471037
1725358072.4495838
1725358072.4594142
1725358072.4805572
1725358072.492924
1725358072.5069973
1725358072.5395784
1725358072.5859904
1725358072.588274
1725358072.6530085
1725358072.6539028
1725358072.655879
1725358072.658318
1725358072.6765108
1725358072.7006013
1725358072.7421288
1725358072.7447858
1725358072.7536156
1725358072.7662878
1725358072.7842734
1725358072.8038063
1725358072.840626
1725358072.8426185
1725358072.872285
1725358072.8752491
1725358072.8879051
1725358072.9037318
1725358072.928395
1725358072.930326
1725358072.9705918
1725358073.0087056
1725358073.0654485
1725358073.066699
1725358073.0679448
1725358073.073467
1725358073.0749912
1725358073.0766907
1725358073.1146796
1725358073.1167011
1725358073.1835494
1725358073.186321
1725358073.197527
1725358073.2094169
1725358073.3232396
1725358073.3250775
1725358073.3287256
1725358073.3313704
1725358073.4472697
1725358073.4491181
1725358073.4497912
1725358073.4520533
1725358073.5558283
1725358073.5587893
1725358073.5652885
1725358073.5678573
1725358073.5713468
1725358073.5737588
1725358073.6407743
1725358073.6428614
1725358073.6438558
1725358073.6464462
1725358073.647753
1725358073.7771537
1725358073.777838
1725358073.7807198
1725358073.7819548
1725358073.8113127
1725358073.8121202
1725358073.813562
1725358073.814201
1725358073.851432
1725358073.8525171
1725358073.856522
1725358073.8620274
1725358073.864132
1725358073.8670108
1725358073.939103
1725358073.9602065
1725358073.9623609
1725358073.9933813
1725358073.9966202
1725358074.0074599
1725358074.0088062
1725358074.012094
1725358074.0223005
1725358074.0421813
1725358074.0523314
1725358074.0891602
1725358074.092224
1725358074.0958245
1725358074.1139638
1725358074.1868718
1725358074.1887326
1725358074.1907816
1725358074.1924322
1725358074.2367153
1725358074.2378716
1725358074.2829304
1725358074.2862742
1725358074.2869658
1725358074.3174384
1725358074.3195674
1725358074.3476915
1725358074.4326487
1725358074.4366279
1725358074.4420645
1725358074.4433596
1725358074.454215
1725358074.4560592
1725358074.5155044
1725358074.5172563
1725358074.5248337
1725358074.5418696
1725358074.5570858
1725358074.5949903
1725358074.5967772
1725358074.772435
1725358074.7767437
1725358074.7848184
1725358074.7877848
1725358074.8433568
1725358074.8449695
1725358074.8476255
1725358074.8669684
1725358074.8684156
1725358074.8711364
1725358074.9300897
1725358074.9316235
1725358074.9322011
1725358074.9331927
1725358074.9357133
1725358074.9369009
1725358074.9527125
1725358074.9556615
1725358074.9577165
1725358074.9602578
1725358074.9769053
1725358074.988988
1725358075.0171824
1725358075.0188682
1725358075.0544329
1725358075.0575063
1725358075.062638
1725358075.088209
1725358075.1051593
1725358075.135227
1725358075.1370451
1725358075.1945176
1725358075.196051
1725358075.1981065
1725358075.1997612
1725358075.2377264
1725358075.251244
1725358075.3255599
1725358075.3277402
1725358075.3296092
1725358075.4107969
1725358075.4113233
1725358075.412867
1725358075.4265106
1725358075.4278915
1725358075.4279373
1725358075.4279735
1725358075.520369
1725358075.5244076
1725358075.6130145
1725358075.6747756
1725358075.7312403
1725358075.7337158
1725358075.7368894
1725358075.738823
1725358075.7406967
1725358075.7423406
1725358075.7443883
1725358075.7471552
1725358075.7500389
1725358075.7709916
1725358075.771541
1725358075.772275
1725358075.7739503
1725358075.8196502
1725358075.863115
1725358075.8646512
1725358075.8725135
1725358075.901582
1725358075.9029632
1725358075.9188886
1725358075.984328
1725358075.9861193
1725358075.9915967
1725358076.0358968
1725358076.0378325
1725358076.0393949
1725358076.0560825
1725358076.102795
1725358076.1043944
1725358076.106704
1725358076.1721766
1725358076.174378
1725358076.2921586
1725358076.2934105
1725358076.2943423
1725358076.2966955
1725358076.3146653
1725358076.3229523
1725358076.3250742
1725358076.3281438
1725358076.329889
1725358076.331419
1725358076.347155
1725358076.3489437
1725358076.378616
1725358076.3803208
1725358076.4550428
1725358076.4581978
1725358076.45957
1725358076.4870272
1725358076.4986126
1725358076.5130534
1725358076.571155
1725358076.5735676
1725358076.5822022
1725358076.597208
1725358076.624547
1725358076.6342764
1725358076.6773922
1725358076.7304754
1725358076.7313523
1725358076.7332077
1725358076.8108847
1725358076.8152587
1725358076.8245835
1725358076.825285
1725358076.844243
1725358076.8694131
1725358076.9638164
1725358076.9644926
1725358076.9736257
1725358076.977385
1725358076.9793756
1725358076.9886615
1725358076.9906547
1725358076.99197
1725358077.0871456
1725358077.0879323
1725358077.0911832
1725358077.0935557
1725358077.0998867
1725358077.110257
1725358077.1108963
1725358077.1434574
1725358077.1728897
1725358077.1744483
1725358077.2081108
1725358077.2116394
1725358077.2248712
1725358077.2654192
1725358077.274049
1725358077.3780925
1725358077.3812535
1725358077.3827558
1725358077.392812
1725358077.395071
1725358077.3982172
1725358077.4110146
1725358077.4117546
1725358077.4993994
1725358077.5382323
1725358077.5416512
1725358077.5454485
1725358077.5498395
1725358077.5509882
1725358077.5657089
1725358077.5879717
1725358077.6192296
1725358077.7070608
1725358077.7121437
1725358077.7147894
1725358077.7169006
1725358077.7181442
1725358077.7597795
1725358077.7617865
1725358077.785261
1725358077.8160772
1725358077.8182454
1725358077.8288553
1725358077.844072
1725358077.8642905
1725358077.891916
1725358077.921174
1725358078.0465884
1725358078.0484686
1725358078.0494611
1725358078.051838
1725358078.0875921
1725358078.0888755
1725358078.0905616
1725358078.1059468
1725358078.10835
1725358078.1093705
1725358078.1104314
1725358078.1226177
1725358078.1536632
1725358078.1571727
1725358078.1697657
1725358078.1873004
1725358078.3025918
1725358078.3046706
1725358078.3067167
1725358078.4443932
1725358078.4457288
1725358078.4465225
1725358078.4502566
1725358078.4529243
1725358078.4556582
1725358078.4575546
1725358078.459005
1725358078.459898
1725358078.4614139
1725358078.5258276
1725358078.5263362
1725358078.52791
1725358078.5323184
1725358078.536149
1725358078.5399911
1725358078.5417335
1725358078.610426
1725358078.6113334
1725358078.6124566
1725358078.7305684
1725358078.7321613
1725358078.781823
1725358078.7989476
1725358078.7989824
1725358078.7989998
1725358078.799344
1725358078.8019094
1725358078.8277357
1725358078.8418622
1725358078.844847
1725358078.90606
1725358078.9072912
1725358078.9101837
1725358078.9406247
1725358078.9419858
1725358078.9654746
1725358078.9673796
1725358079.0030172
1725358079.0049813
1725358079.0464017
1725358079.048039
1725358079.05011
1725358079.0823364
1725358079.1904387
1725358079.1976883
1725358079.1989768
1725358079.2010808
1725358079.2098677
1725358079.2105885
1725358079.2119503
1725358079.2471428
1725358079.2764454
1725358079.2783382
1725358079.4075415
1725358079.4087708
1725358079.4111755
1725358079.4234343
1725358079.4249322
1725358079.4278026
1725358079.4289188
1725358079.5039537
1725358079.5059366
1725358079.507496
1725358079.5102055
1725358079.5122945
1725358079.5203445
1725358079.6038816
1725358079.6069567
1725358079.60764
1725358079.6096642
1725358079.6106267
1725358079.7001872
1725358079.7064478
1725358079.7138953
1725358079.7202175
1725358079.7220857
1725358079.723255
1725358079.7448156
1725358079.7959754
1725358079.798678
1725358079.8003843
1725358079.8298182
1725358079.831301
1725358079.895971
1725358079.8978274
1725358079.9000719
1725358079.901464
1725358079.9399943
1725358079.9800425
1725358079.9866254
1725358080.006855
1725358080.0374434
1725358080.062325
1725358080.0645204
1725358080.1030293
1725358080.1266708
1725358080.153049
1725358080.1543899
1725358080.181167
1725358080.1837633
1725358080.4263434
1725358080.4281478
1725358080.4310462
1725358080.43344
1725358080.4344199
1725358080.4379926
1725358080.4393885
1725358080.4653494
1725358080.467756
1725358080.472383
1725358080.474499
1725358080.4811087
1725358080.4832017
1725358080.4849226
1725358080.4857767
1725358080.4890764
1725358080.493823
1725358080.516083
1725358080.5432825
1725358080.5630245
1725358080.5838559
1725358080.6099074
1725358080.6115468
1725358080.6313927
1725358080.6611104
1725358080.6634839
1725358080.6902041
1725358080.6908538
1725358080.7125053
1725358080.7252402
1725358080.759895
1725358080.789038
1725358080.7912037
1725358080.8432014
1725358080.8452497
1725358080.8480825
1725358080.8698268
1725358080.8932824
1725358080.964472
1725358080.966624
1725358080.9707258
1725358080.9853148
1725358080.987264
1725358081.057523
1725358081.059183
1725358081.0628033
1725358081.0705218
1725358081.112321
1725358081.114428
1725358081.1158967
1725358081.1313784
1725358081.1785734
1725358081.1887443
1725358081.2157538
1725358081.225438
1725358081.2523382
1725358081.254764
1725358081.3015306
1725358081.3033657
1725358081.3185017
1725358081.4124207
1725358081.4143388
1725358081.4281552
1725358081.4294631
1725358081.4311337
1725358081.4331172
1725358081.4347126
1725358081.600643
1725358081.6038997
1725358081.657121
1725358081.65847
1725358081.6600006
1725358081.6612306
1725358081.6620715
1725358081.6879475
1725358081.6889398
1725358081.6918402
1725358081.7345917
1725358081.7361963
1725358081.737277
1725358081.7390578
1725358081.740046
1725358081.7844307
1725358081.7855883
1725358081.7879913
1725358081.7946954
1725358081.7974901
1725358081.8001342
1725358081.849566
1725358081.8511858
1725358081.8525865
1725358081.874419
1725358081.8828208
1725358081.9401925
1725358082.0034838
1725358082.0045033
1725358082.00456
1725358082.0046504
1725358082.0349128
1725358082.0708458
1725358082.0956054
1725358082.1122632
1725358082.1409004
1725358082.151909
1725358082.2149494
1725358082.2150686
1725358082.2172627
1725358082.220518
1725358082.2450843
1725358082.246418
1725358082.3204238
1725358082.3224146
1725358082.337009
1725358082.3429236
1725358082.3441381
1725358082.375453
1725358082.4317946
1725358082.4347794
1725358082.4417775
1725358082.4437683
1725358082.4902055
1725358082.4921484
1725358082.4929793
1725358082.5284958
1725358082.581814
1725358082.5840843
1725358082.5859883
1725358082.5879855
1725358082.6071
1725358082.6257925
1725358082.663796
1725358082.6685612
1725358082.6719604
1725358082.711093
1725358082.7129958
1725358082.7747078
1725358082.7767131
1725358082.777912
1725358082.8383217
1725358082.9469962
1725358082.948131
1725358082.9492185
1725358082.9534202
1725358082.9549124
1725358082.9588175
1725358082.9757276
1725358082.9765768
1725358082.97726
1725358083.0029836
1725358083.0052946
1725358083.02909
1725358083.0516407
1725358083.0533707
1725358083.090994
1725358083.0938094
1725358083.1112587
1725358083.313568
1725358083.3143048
1725358083.3932772
1725358083.4374807
1725358083.4414437
1725358083.5470595
1725358083.5478098
1725358083.5488887
1725358083.647305
1725358083.6764643
1725358083.6770747
1725358083.6783202
1725358083.6793005
1725358083.6806326
1725358083.6883082
1725358083.6945863
1725358083.6961586
1725358083.7001634
1725358083.7201197
1725358083.7209256
1725358083.7244108
1725358083.7249184
1725358083.7418303
1725358083.7432086
1725358083.744525
1725358083.7733812
1725358083.7898133
1725358083.8493829
1725358083.850856
1725358083.854053
1725358083.8574746
1725358083.8593664
1725358083.8606977
1725358083.9213603
1725358083.923106
1725358083.9241843
1725358083.9330006
1725358083.9335737
1725358083.935092
1725358083.9367545
1725358083.9386742
1725358083.9404016
1725358084.0024774
1725358084.0034401
1725358084.0056653
1725358084.0066152
1725358084.1547437
1725358084.1648552
1725358084.1661735
1725358084.1696608
1725358084.1710758
1725358084.172578
1725358084.3286333
1725358084.3316748
1725358084.3329117
1725358084.3967319
1725358084.40151
1725358084.4032211
1725358084.4052355
1725358084.4077022
1725358084.409737
1725358084.4127336
1725358084.4168177
1725358084.420512
1725358084.4484956
1725358084.450071
1725358084.451581
1725358084.4548082
1725358084.5227864
1725358084.532883
1725358084.5340068
1725358084.5355895
1725358084.5391665
1725358084.572911
1725358084.5744421
1725358084.5884585
1725358084.6574297
1725358084.6592255
1725358084.661231
1725358084.66293
1725358084.6946158
1725358084.6965592
1725358084.7106194
1725358084.7280564
1725358084.7464485
1725358084.7562556
1725358084.8024046
1725358084.8050165
1725358084.8065295
1725358084.8254228
1725358084.8388658
1725358084.8762114
1725358084.8788357
1725358084.9096122
1725358084.9111593
1725358084.9379983
1725358084.940034
1725358084.9696038
1725358085.0210721
1725358085.0229475
1725358085.0246184
1725358085.0262892
1725358085.0841289
1725358085.086787
1725358085.0926344
1725358085.2471304
1725358085.248924
1725358085.2516415
1725358085.2542186
1725358085.2561269
1725358085.263156
1725358085.400155
1725358085.4001968
1725358085.4002228
1725358085.4003763
1725358085.4050333
1725358085.4751248
1725358085.4854856
1725358085.4871657
1725358085.5147767
1725358085.5173388
1725358085.5201151
1725358085.531336
1725358085.5384686
1725358085.5398395
1725358085.540886
1725358085.550852
1725358085.5527036
1725358085.5701718
1725358085.5777032
1725358085.6082551
1725358085.6420143
1725358085.6671734
1725358085.6912663
1725358085.7057242
1725358085.728664
1725358085.7302961
1725358085.7463892
1725358085.8050206
1725358085.8095694
1725358085.8430166
1725358085.843878
1725358085.84934
1725358085.9005144
1725358085.9023104
1725358085.9042711
1725358085.9725866
1725358085.974916
1725358085.9781094
1725358085.9867086
1725358085.9874382
1725358085.997639
1725358086.0711524
1725358086.0717435
1725358086.3119223
1725358086.3190782
1725358086.3446968
1725358086.345636
1725358086.3466659
1725358086.3491845
1725358086.4009054
1725358086.4025908
1725358086.4031792
1725358086.4051764
1725358086.4274194
1725358086.429174
1725358086.430959
1725358086.4315286
1725358086.4358833
1725358086.43716
1725358086.4950728
1725358086.495816
1725358086.547427
1725358086.5482435
1725358086.5491295
1725358086.5503657
1725358086.5596757
1725358086.5633776
1725358086.5649672
1725358086.619195
1725358086.6219008
1725358086.623685
1725358086.6554637
1725358086.6885357
1725358086.690336
1725358086.7196057
1725358086.7214468
1725358086.7365816
1725358086.7892134
1725358086.791496
1725358086.920095
1725358086.9235291
1725358086.9250124
1725358086.9261951
1725358086.9348137
1725358086.9359353
1725358086.9367027
1725358086.9631462
1725358086.9656842
1725358086.9688027
1725358086.972697
1725358086.9837873
1725358087.0112982
1725358087.014082
1725358087.0365243
1725358087.0502157
1725358087.0714622
1725358087.177771
1725358087.178428
1725358087.1805136
1725358087.1827087
1725358087.1848078
1725358087.2167437
1725358087.217388
1725358087.2179875
1725358087.233445
1725358087.256045
1725358087.2785094
1725358087.2793992
1725358087.328966
1725358087.3320148
1725358087.3454704
1725358087.3774412
1725358087.3790846
1725358087.3926902
1725358087.4217496
1725358087.4644396
1725358087.483547
1725358087.4928083
1725358087.5329406
1725358087.5470035
1725358087.563565
1725358087.5820525
1725358087.605092
1725358087.6346135
1725358087.6419091
1725358087.6560397
1725358087.6706402
1725358087.695219
1725358087.7365806
1725358087.7391644
1725358087.7712698
1725358087.7732124
1725358087.7871606
1725358087.828258
1725358087.8314896
1725358087.8720205
1725358087.8727245
1725358087.8831327
1725358087.9120858
1725358087.9142592
1725358087.9493194
1725358087.9506838
1725358087.97315
1725358087.9864879
1725358088.0855336
1725358088.0882995
1725358088.0908377
1725358088.091878
1725358088.1299253
1725358088.1313617
1725358088.1443899
1725358088.1452622
1725358088.1465886
1725358088.1498814
1725358088.1741903
1725358088.1760895
1725358088.2283916
1725358088.2293727
1725358088.230795
1725358088.2478912
1725358088.2887716
1725358088.2903736
1725358088.2909353
1725358088.4279358
1725358088.4312892
1725358088.43274
1725358088.4776742
1725358088.479286
1725358088.4809618
1725358088.489617
1725358088.5053039
1725358088.5068822
1725358088.5069745
1725358088.5264702
1725358088.6572306
1725358088.662525
1725358088.7140932
1725358088.7906492
1725358088.793269
1725358088.7954786
1725358088.7976103
1725358088.7998111
1725358088.8012643
1725358088.8030903
1725358088.8056245
1725358088.8237631
1725358088.8255637
1725358088.8532085
1725358088.8549538
1725358088.8771164
1725358088.902221
1725358088.9353936
1725358088.955103
1725358088.9650612
1725358088.9851656
1725358089.0301886
1725358089.0313692
1725358089.0327556
1725358089.0654657
1725358089.1575317
1725358089.1594412
1725358089.1626296
1725358089.1646514
1725358089.1660712
1725358089.1675487
1725358089.1786594
1725358089.1932
1725358089.24654
1725358089.2496057
1725358089.2502363
1725358089.2794323
1725358089.2820969
1725358089.2938905
1725358089.3413167
1725358089.3524506
1725358089.366467
1725358089.3857644
1725358089.3977375
1725358089.406408
1725358089.4604175
1725358089.4626122
1725358089.4641466
1725358089.4800873
1725358089.7161398
1725358089.7573407
1725358089.758335
1725358089.7602603
1725358089.761139
1725358089.7627695
1725358089.8195615
1725358089.8208737
1725358089.824012
1725358089.8319461
1725358089.850998
1725358089.8520908
1725358089.8557327
1725358089.9149277
1725358089.9159675
1725358089.9178615
1725358089.949432
1725358089.9520578
1725358090.1073856
1725358090.1080382
1725358090.1103292
1725358090.1436188
1725358090.1453555
1725358090.146685
1725358090.1502416
1725358090.1713197
1725358090.20904
1725358090.210973
1725358090.2126071
1725358090.2146928
1725358090.2169
1725358090.2188272
1725358090.2211792
1725358090.2327242
1725358090.2364774
1725358090.2373862
1725358090.2386348
1725358090.2512257
1725358090.2521029
1725358090.4070854
1725358090.408628
1725358090.4210188
1725358090.425838
1725358090.42652
1725358090.4390228
1725358090.4410677
1725358090.442905
1725358090.4434438
1725358090.4477592
1725358090.4492388
1725358090.4730897
1725358090.4757864
1725358090.4990911
1725358090.512555
1725358090.5331812
1725358090.5586956
1725358090.5836625
1725358090.594589
1725358090.606736
1725358090.6357648
1725358090.6420784
1725358090.6960745
1725358090.6967282
1725358090.7047617
1725358090.7254584
1725358090.7487736
1725358090.768297
1725358090.7909732
1725358090.8005292
1725358090.8223727
1725358090.8375022
1725358090.8686028
1725358090.8905423
1725358090.9299781
1725358090.9321728
1725358090.9338782
1725358090.9538462
1725358090.9829674
1725358091.0009847
1725358091.020915
1725358091.034364
1725358091.0875833
1725358091.0904472
1725358091.1034203
1725358091.1142333
1725358091.1148858
1725358091.156361
1725358091.1680517
1725358091.1774044
1725358091.2062905
1725358091.2248943
1725358091.2388442
1725358091.2467725
1725358091.2730978
1725358091.3088481
1725358091.3109632
1725358091.3130805
1725358091.32775
1725358091.3898113
1725358091.3908536
1725358091.3931332
1725358091.3951733
1725358091.4808733
1725358091.4833977
1725358091.4852889
1725358091.510638
1725358091.5117333
1725358091.5135887
1725358091.515216
1725358091.5291314
1725358091.5577803
1725358091.5811613
1725358091.6152663
1725358091.6218402
1725358091.6237917
1725358091.6428452
1725358091.658363
1725358091.674615
1725358091.6883054
1725358091.7036688
1725358091.756669
1725358091.7575521
1725358091.7694023
1725358091.8082035
1725358091.8245795
1725358091.8614273
1725358091.8926256
1725358091.9206176
1725358091.92264
1725358091.9521136
1725358091.9682317
1725358091.9898589
1725358092.0247617
1725358092.038726
1725358092.0395267
1725358092.0512886
1725358092.0818439
1725358092.0839891
1725358092.1553257
1725358092.1571324
1725358092.1582386
1725358092.2635581
1725358092.273303
1725358092.2751005
1725358092.278335
1725358092.354467
1725358092.3553882
1725358092.3562126
1725358092.3574624
1725358092.362419
1725358092.3658907
1725358092.4272077
1725358092.430334
1725358092.4322233
1725358092.433264
1725358092.4367971
1725358092.5408213
1725358092.5427587
1725358092.5453799
1725358092.5511343
1725358092.551952
1725358092.5538294
1725358092.5546386
1725358092.6510286
1725358092.7270288
1725358092.7294602
1725358092.7336183
1725358092.7348423
1725358092.7367704
1725358092.7387152
1725358092.7426682
1725358092.7444577
1725358092.745975
1725358092.7481568
1725358092.7938685
1725358092.811385
1725358092.8373976
1725358092.8390741
1725358092.8633401
1725358092.8743153
1725358092.88554
1725358092.95702
1725358092.9612737
1725358092.96277
1725358093.0312893
1725358093.031547
1725358093.0375452
1725358093.0765502
1725358093.0782232
1725358093.0868843
1725358093.133224
1725358093.1355155
1725358093.147658
1725358093.184677
1725358093.2208924
1725358093.2230344
1725358093.2666352
1725358093.2688692
1725358093.2708476
1725358093.2953227
1725358093.2972229
1725358093.3141959
1725358093.3342214
1725358093.346746
1725358093.3677745
1725358093.3785686
1725358093.3988407
1725358093.4361145
1725358093.4390829
1725358093.4738092
1725358093.474941
1725358093.4965966
1725358093.620023
1725358093.621796
1725358093.6728094
1725358093.6754544
1725358093.6783047
1725358093.8179245
1725358093.819971
1725358093.8218148
1725358093.8239834
1725358093.831888
1725358093.8337533
1725358093.8363748
1725358093.8382788
1725358093.8406067
1725358093.842859
1725358093.8445919
1725358093.8584263
1725358093.8593554
1725358093.861406
1725358093.9147894
1725358093.9158235
1725358093.9255173
1725358093.9278526
1725358093.9286876
1725358093.951341
1725358093.9738033
1725358093.9985583
1725358094.0067794
1725358094.0410535
1725358094.0559185
1725358094.0702653
1725358094.0859315
1725358094.1143403
1725358094.1413863
1725358094.1562574
1725358094.1756914
1725358094.2045348
1725358094.206297
1725358094.257106
1725358094.2605696
1725358094.2879581
1725358094.2907386
1725358094.4212112
1725358094.4221377
1725358094.4241543
1725358094.4269311
1725358094.5069957
1725358094.509235
1725358094.5110836
1725358094.5122344
1725358094.5137665
1725358094.5209064
1725358094.5221157
1725358094.5224996
1725358094.5240502
1725358094.680042
1725358094.6821432
1725358094.6837425
1725358094.6863606
1725358094.6872382
1725358094.6880713
1725358094.6918302
1725358094.69252
1725358094.7515574
1725358094.751666
1725358094.7517695
1725358094.7532496
1725358094.768014
1725358094.7768512
1725358094.810115
1725358094.8195808
1725358094.8758008
1725358094.8798537
1725358094.881356
1725358094.8973663
1725358094.9241698
1725358094.9258337
1725358094.955622
1725358094.9567263
1725358094.991722
1725358095.0202856
1725358095.1286066
1725358095.1287067
1725358095.1287992
1725358095.130606
1725358095.1334434
1725358095.1492894
1725358095.170371
1725358095.1863334
1725358095.2202833
1725358095.24053
1725358095.345064
1725358095.3454754
1725358095.3458662
1725358095.3465173
1725358095.3502436
1725358095.350317
1725358095.3824456
1725358095.3832872
1725358095.4178321
1725358095.4907506
1725358095.4930015
1725358095.4953558
1725358095.5057597
1725358095.5158954
1725358095.5470665
1725358095.5486135
1725358095.5844848
1725358095.6611326
1725358095.663353
1725358095.664751
1725358095.6671333
1725358095.6711419
1725358095.7021246
1725358095.7033138
1725358095.7118783
1725358095.7295215
1725358095.7468352
1725358095.7713144
1725358095.774174
1725358095.8031988
1725358095.8148916
1725358095.83179
1725358095.893191
1725358095.9624662
1725358095.9631934
1725358095.9643254
1725358095.9764066
1725358095.9769785
1725358095.9788568
1725358095.979407
1725358096.0077386
1725358096.00837
1725358096.0540602
1725358096.0733583
1725358096.0886898
1725358096.1059508
1725358096.1302593
1725358096.2285843
1725358096.2309523
1725358096.2315142
1725358096.234444
1725358096.235066
1725358096.2402084
1725358096.2498493
1725358096.304429
1725358096.3211546
1725358096.3457856
1725358096.3488727
1725358096.391422
1725358096.4029074
1725358096.413286
1725358096.4627059
1725358096.4636874
1725358096.481627
1725358096.6715193
1725358096.6723473
1725358096.6729805
1725358096.67475
1725358096.67644
1725358096.676932
1725358096.7578948
1725358096.7584982
1725358096.7619
1725358096.7623477
1725358096.8805785
1725358096.881617
1725358096.9132106
1725358096.913857
1725358096.91429
1725358096.91463
1725358096.9268909
1725358096.9428272
1725358096.961607
1725358096.9817753
1725358097.0011728
1725358097.0459378
1725358097.0467834
1725358097.0480082
1725358097.0703366
1725358097.079613
1725358097.2290392
1725358097.2314208
1725358097.233823
1725358097.239468
1725358097.2400315
1725358097.2412715
1725358097.2420502
1725358097.24537
1725358097.2742982
1725358097.2800322
1725358097.287425
1725358097.3390336
1725358097.340726
1725358097.3625374
1725358097.379519
1725358097.426059
1725358097.4281344
1725358097.4438658
1725358097.452045
1725358097.4700065
1725358097.4938686
1725358097.518937
1725358097.5410175
1725358097.5509665
1725358097.5651996
1725358097.6046522
1725358097.6059473
1725358097.6353948
1725358097.6363614
1725358097.6515713
1725358097.7023633
1725358097.7031944
1725358097.763273
1725358097.7643123
1725358097.764598
1725358097.7655127
1725358097.7818108
1725358097.8281589
1725358097.8291411
1725358097.829889
1725358097.8532546
1725358097.876708
1725358097.8989666
1725358097.8998742
1725358097.9081974
1725358097.9424891
1725358097.9464219
1725358097.9637954
1725358097.981116
1725358097.9931548
1725358098.0170023
1725358098.0267997
1725358098.0427117
1725358098.061802
1725358098.0770216
1725358098.099139
1725358098.1204848
1725358098.1639216
1725358098.165633
1725358098.1770012
1725358098.2146883
1725358098.2155068
1725358098.2290704
1725358098.2386036
1725358098.2782073
1725358098.3064022
1725358098.306498
1725358098.3283556
1725358098.3787565
1725358098.4116917
1725358098.4146662
1725358098.4332488
1725358098.491176
1725358098.4928086
1725358098.5755327
1725358098.576781
1725358098.5780747
1725358098.5782835
1725358098.5785878
1725358098.5791984
1725358098.600444
1725358098.6200988
1725358098.6375444
1725358098.6547296
1725358098.6662598
1725358098.7370777
1725358098.741572
1725358098.7447844
1725358098.826525
1725358098.8272955
1725358098.8273566
1725358098.8283913
1725358098.8286133
1725358098.8631942
1725358098.9755762
1725358098.975821
1725358098.976544
1725358098.9769228
1725358098.977583
1725358098.9777563
1725358098.978155
1725358099.01634
1725358099.0167885
1725358099.0377212
1725358099.1157968
1725358099.1165845
1725358099.1167448
1725358099.1168995
1725358099.1436975
1725358099.1595635
1725358099.1700587
1725358099.1997826
1725358099.2006347
1725358099.212984
1725358099.2362278
1725358099.2415304
1725358099.2860577
1725358099.286497
1725358099.3188758
1725358099.346386
1725358099.363675
1725358099.383633
1725358099.3907719
1725358099.4130452
1725358099.452999
1725358099.4533336
1725358099.4746242
1725358099.5212111
1725358099.5214255
1725358099.5217485
1725358099.5655634
1725358099.5994594
1725358099.601617
1725358099.6221735
1725358099.706294
1725358099.7074864
1725358099.723415
1725358099.7277215
1725358099.7426536
1725358099.7920122
1725358099.7922082
1725358099.792366
1725358099.8087008
1725358099.8280947
1725358099.8414965
1725358099.8642035
1725358099.8820453
1725358099.8850203
1725358099.9040926
1725358099.9608881
1725358099.9615595
1725358099.9616134
1725358099.9772644
1725358099.9938173
1725358100.0011709
1725358100.0330217
1725358100.0444689
1725358100.0685954
1725358100.1381795
1725358100.1383405
1725358100.13895
1725358100.1391141
1725358100.1583374
1725358100.1953378
1725358100.195387
1725358100.211173
1725358100.234989
1725358100.2497206
1725358100.2577207
1725358100.270853
1725358100.305587
1725358100.3115582
1725358100.3400733
1725358100.3404539
1725358100.3753545
1725358100.4271495
1725358100.4286482
1725358100.4319148
1725358100.4387224
1725358100.453812
1725358100.4711082
1725358100.5083427
1725358100.5652015
1725358100.5654185
1725358100.5658019
1725358100.5919242
1725358100.6201136
1725358100.6203117
1725358100.6461518
1725358100.6716104
1725358100.684908
1725358100.7561557
1725358100.782118
1725358100.7821574
1725358100.7821898
1725358100.7906804
1725358100.8028977
1725358100.8223732
1725358100.8544462
1725358100.8557134
1725358100.865172
1725358100.8894815
1725358100.8975482
1725358100.910752
1725358100.9786875
1725358100.9801126
1725358100.9816875
1725358101.0052066
1725358101.0293145
1725358101.0302932
1725358101.0448923
1725358101.0654647
1725358101.0771406
1725358101.0962486
1725358101.1268592
1725358101.1282406
1725358101.1529438
1725358101.1608846
1725358101.1802983
1725358101.1918242
1725358101.2095675
1725358101.2281094
1725358101.2438986
1725358101.2639716
1725358101.2823694
1725358101.2977855
1725358101.3145416
1725358101.3327074
1725358101.3406935
1725358101.3606377
1725358101.4161997
1725358101.419125
1725358101.4280367
1725358101.4406433
1725358101.453902
1725358101.4718282
1725358101.4988894
1725358101.504189
1725358101.544747
1725358101.5618677
1725358101.5714936
1725358101.5893335
1725358101.6279426
1725358101.691068
1725358101.7058327
1725358101.7104664
1725358101.7303917
1725358101.7674422
1725358101.7912035
1725358101.8322704
1725358101.8329275
1725358101.8418915
1725358101.8433402
1725358101.864594
1725358101.8740635
1725358101.8893542
1725358101.9119666
1725358101.920269
1725358101.9349377
1725358101.9853253
1725358102.0155153
1725358102.0171604
1725358102.0399501
1725358102.049906
1725358102.0806975
1725358102.0823984
1725358102.0983353
1725358102.1507761
1725358102.1521454
1725358102.1756763
1725358102.1904058
1725358102.201051
1725358102.2114656
1725358102.2324708
1725358102.2425172
1725358102.4663217
1725358102.4684968
1725358102.4706032
1725358102.5021424
1725358102.5029392
1725358102.5037727
1725358102.504758
1725358102.5152948
1725358102.5980089
1725358102.5984576
1725358102.5996625
1725358102.6001618
1725358102.601198
1725358102.602194
1725358102.603492
1725358102.616327
1725358102.6301901
1725358102.631886
1725358102.7077365
1725358102.7089264
1725358102.7108846
1725358102.7129865
1725358102.713616
1725358102.8097718
1725358102.8109157
1725358102.812444
1725358102.8806822
1725358102.8956
1725358102.8989425
1725358102.9066324
1725358102.907153
1725358102.968327
1725358102.9704094
1725358102.9717314
1725358102.994336
1725358103.0272381
1725358103.0303738
1725358103.066689
1725358103.084308
1725358103.1211863
1725358103.123357
1725358103.1252673
1725358103.1265502
1725358103.1312025
1725358103.1588101
1725358103.164607
1725358103.1809528
1725358103.2012832
1725358103.2183435
1725358103.23641
1725358103.2473903
1725358103.2610798
1725358103.3065891
1725358103.3239563
1725358103.3254416
1725358103.3413384
1725358103.372966
1725358103.388488
1725358103.4109485
1725358103.4501185
1725358103.4515276
1725358103.4700804
1725358103.4940825
1725358103.4960597
1725358103.5175176
1725358103.540563
1725358103.5502775
1725358103.552859
1725358103.58179
1725358103.585447
1725358103.605779
1725358103.6447208
1725358103.6558037
1725358103.6696792
1725358103.7032163
1725358103.7037966
1725358103.7324073
1725358103.7350652
1725358103.77029
1725358103.791559
1725358103.8177059
1725358103.8349872
1725358103.863588
1725358103.8764467
1725358103.8931627
1725358103.8997033
1725358103.9392526
1725358103.9540825
1725358103.9825757
1725358103.9843237
1725358104.0032127
1725358104.0553868
1725358104.0598764
1725358104.1000578
1725358104.102317
1725358104.104305
1725358104.134439
1725358104.136354
1725358104.1603572
1725358104.16436
1725358104.1789422
1725358104.212896
1725358104.2360992
1725358104.2552958
1725358104.268344
1725358104.286426
1725358104.2913504
1725358104.5058446
1725358104.508909
1725358104.5098817
1725358104.512102
1725358104.516166
1725358104.518194
1725358104.5191672
1725358104.520081
1725358104.5345871
1725358104.5389469
1725358104.5953755
1725358104.5970736
1725358104.5985246
1725358104.6000948
1725358104.6149323
1725358104.6174896
1725358104.6330163
1725358104.6846209
1725358104.703347
1725358104.734389
1725358104.7367132
1725358104.7411585
1725358104.7419553
1725358104.826427
1725358104.827116
1725358104.8636868
1725358104.8650656
1725358104.8650963
1725358104.8651166
1725358104.884612
1725358105.0502412
1725358105.054217
1725358105.0549238
1725358105.069322
1725358105.0710354
1725358105.0716798
1725358105.0972667
1725358105.0986898
1725358105.1318214
1725358105.2423377
1725358105.2443554
1725358105.2459912
1725358105.2473593
1725358105.2547855
1725358105.2555828
1725358105.258284
1725358105.3074133
1725358105.3087513
1725358105.3099127
1725358105.3177607
1725358105.3461351
1725358105.365153
1725358105.3656826
1725358105.3982916
1725358105.4421005
1725358105.465367
1725358105.4685144
1725358105.508509
1725358105.5094533
1725358105.5108228
1725358105.5124195
1725358105.531787
1725358105.5423002
1725358105.6105487
1725358105.612158
1725358105.6134546
1725358105.6145043
1725358105.6220045
1725358105.7015054
1725358105.7079556
1725358105.7342944
1725358105.7356358
1725358105.7373571
1725358105.7654788
1725358105.766746
1725358105.77176
1725358105.8030663
1725358105.803642
1725358105.8463366
1725358105.8713162
1725358105.882296
1725358105.9089081
1725358105.9200523
1725358105.9327595
1725358105.9532087
1725358105.9996707
1725358106.026403
1725358106.0279841
1725358106.0375993
1725358106.0513499
1725358106.1085198
1725358106.1347985
1725358106.1417577
1725358106.16908
1725358106.2066665
1725358106.2283368
1725358106.2290323
1725358106.2487595
1725358106.2905161
1725358106.2917216
1725358106.3002603
1725358106.309792
1725358106.3334727
1725358106.3487482
1725358106.3705878
1725358106.3960178
1725358106.4120262
1725358106.4133446
1725358106.4302962
1725358106.4501882
1725358106.4600148
1725358106.4918232
1725358106.4960406
1725358106.508168
1725358106.5229096
1725358106.5806239
1725358106.5815997
1725358106.5906763
1725358106.6049283
1725358106.627879
1725358106.6622775
1725358106.6629255
1725358106.6969843
1725358106.7087877
1725358106.7255094
1725358106.7405765
1725358106.757043
1725358106.780917
1725358106.7885818
1725358106.818428
1725358106.835925
1725358106.8478653
1725358106.8601558
1725358106.8805025
1725358106.9114788
1725358106.9267406
1725358106.938661
1725358106.9597118
1725358106.9786334
1725358106.9977887
1725358107.0139747
1725358107.0417597
1725358107.062136
1725358107.0782895
1725358107.0917704
1725358107.11622
1725358107.136165
1725358107.1614232
1725358107.1664724
1725358107.2023852
1725358107.2196043
1725358107.231622
1725358107.2564464
1725358107.2629726
1725358107.2925086
1725358107.3160172
1725358107.334354
1725358107.3507867
1725358107.3604157
1725358107.404509
1725358107.411789
1725358107.414358
1725358107.432137
1725358107.4505963
1725358107.4781175
1725358107.528971
1725358107.5308526
1725358107.5317733
1725358107.5487828
1725358107.5573435
1725358107.5798545
1725358107.600996
1725358107.625389
1725358107.6274822
1725358107.6412542
1725358107.6567304
1725358107.6878023
1725358107.6940002
1725358107.7142472
1725358107.7408407
1725358107.752487
1725358107.8113146
1725358107.8129292
1725358107.8141832
1725358107.8153467
1725358107.826211
1725358107.840515
1725358107.8632567
1725358107.8896067
1725358107.8901188
1725358107.9275944
1725358107.9415283
1725358107.9584682
1725358107.9827409
1725358107.9839978
1725358108.0075538
1725358108.018447
1725358108.0707843
1725358108.0775406
1725358108.0881674
1725358108.1011896
1725358108.1268044
1725358108.152676
1725358108.2217185
1725358108.2309783
1725358108.2443967
1725358108.245114
1725358108.2925985
1725358108.30239
1725358108.3298528
1725358108.3562977
1725358108.359064
1725358108.3869386
1725358108.388136
1725358108.4190636
1725358108.4349637
1725358108.4362109
1725358108.4532397
1725358108.4693713
1725358108.5264902
1725358108.54662
1725358108.5543687
1725358108.579107
1725358108.5802965
1725358108.608002
1725358108.6234348
1725358108.651722
1725358108.8597758
1725358108.8607798
1725358108.8637874
1725358108.8721018
1725358108.874072
1725358108.875136
1725358108.876223
1725358108.8782048
1725358108.8986356
1725358108.9002855
1725358108.9017503
1725358108.9026241
1725358108.9033194
1725358108.9904656
1725358109.0252235
1725358109.0260086
1725358109.0330784
1725358109.034045
1725358109.0351498
1725358109.0363784
1725358109.0672174
1725358109.0682123
1725358109.101965
1725358109.1545708
1725358109.1567376
1725358109.1742043
1725358109.1753356
1725358109.2099035
1725358109.211562
1725358109.230157
1725358109.2446487
1725358109.2835267
1725358109.285055
1725358109.3104875
1725358109.3221116
1725358109.3665426
1725358109.3867884
1725358109.4328828
1725358109.4334478
1725358109.5010397
1725358109.502559
1725358109.50435
1725358109.5253143
1725358109.5372992
1725358109.5527842
1725358109.5666232
1725358109.5863729
1725358109.5950406
1725358109.6602612
1725358109.661194
1725358109.6627605
1725358109.6766753
1725358109.6842701
1725358109.6971688
1725358109.7126584
1725358109.7349117
1725358109.7529197
1725358109.7836587
1725358109.7850614
1725358109.7962854
1725358109.8356872
1725358109.839432
1725358109.8569539
1725358109.874312
1725358109.8937492
1725358109.9378486
1725358109.9395158
1725358109.9577668
1725358109.9725919
1725358110.0017414
1725358110.0147388
1725358110.0240538
1725358110.05699
1725358110.0765493
1725358110.0779405
1725358110.0910003
1725358110.1140656
1725358110.13232
1725358110.1372776
1725358110.1728423
1725358110.1941974
1725358110.2285888
1725358110.2307136
1725358110.2350523
1725358110.2602737
1725358110.2719927
1725358110.302705
1725358110.3314629
1725358110.3437269
1725358110.371299
1725358110.4038787
1725358110.4058065
1725358110.4198577
1725358110.443566
1725358110.470301
1725358110.4984114
1725358110.5061467
1725358110.5201058
1725358110.5352561
1725358110.5516562
1725358110.590045
1725358110.6025488
1725358110.6238856
1725358110.642314
1725358110.6521678
1725358110.673945
1725358110.6860929
1725358110.69665
1725358110.7147582
1725358110.7476988
1725358110.7619038
1725358110.778505
1725358110.7976303
1725358110.814952
1725358110.8314056
1725358110.850286
1725358110.8663204
1725358110.8847363
1725358110.8927534
1725358110.9073222
1725358110.9234319
1725358110.9478147
1725358110.9649851
1725358110.985373
1725358110.9982383
1725358111.0114923
1725358111.0223055
1725358111.0376012
1725358111.0592372
1725358111.0941613
1725358111.1063216
1725358111.1215749
1725358111.1258626
1725358111.141036
1725358111.1571133
1725358111.2077923
1725358111.2100232
1725358111.2486598
1725358111.2497854
1725358111.2659624
1725358111.3081717
1725358111.3092935
1725358111.318053
1725358111.3657186
1725358111.3668683
1725358111.3793306
1725358111.3862877
1725358111.4291766
1725358111.4684758
1725358111.4793262
1725358111.5084534
1725358111.515058
1725358111.5566375
1725358111.569826
1725358111.5913177
1725358111.623326
1725358111.6248708
1725358111.6444442
1725358111.6586196
1725358111.674811
1725358111.688664
1725358111.7257922
1725358111.7269342
1725358111.7377331
1725358111.767839
1725358111.8162186
1725358111.8365283
1725358111.8548043
1725358111.8561664
1725358111.8682516
1725358111.8793814
1725358111.8998873
1725358111.942088
1725358111.947378
1725358111.9615185
1725358111.987938
1725358111.9928505
1725358112.0132518
1725358112.0259736
1725358112.0416682
1725358112.072723
1725358112.0812893
1725358112.0975547
1725358112.1155121
1725358112.1255324
1725358112.1423755
1725358112.1577964
1725358112.218052
1725358112.221599
1725358112.254381
1725358112.2560632
1725358112.2624817
1725358112.2848978
1725358112.2959225
1725358112.3048832
1725358112.3234544
1725358112.33758
1725358112.3951898
1725358112.4044898
1725358112.4283702
1725358112.4399126
1725358112.4527605
1725358112.4797332
1725358112.4895859
1725358112.5012848
1725358112.5379128
1725358112.548111
1725358112.567045
1725358112.5805807
1725358112.6244583
1725358112.655672
1725358112.6716063
1725358112.6876407
1725358112.7267823
1725358112.7349854
1725358112.7563426
1725358112.790081
1725358112.7971766
1725358112.813618
1725358112.8367684
1725358112.8532815
1725358112.8689578
1725358112.8800576
1725358112.894005
1725358112.911546
1725358112.937954
1725358112.9540732
1725358112.9646451
1725358112.9798017
1725358113.0119357
1725358113.0274527
1725358113.033876
1725358113.047715
1725358113.0604215
1725358113.1134832
1725358113.1344323
1725358113.135809
1725358113.146643
1725358113.1862297
1725358113.1961055
1725358113.1968145
1725358113.2317185
1725358113.2440941
1725358113.2606795
1725358113.2844744
1725358113.3100014
1725358113.3129666
1725358113.3221707
1725358113.339922
1725358113.358409
1725358113.373064
1725358113.3895
1725358113.40925
1725358113.442951
1725358113.458667
1725358113.478898
1725358113.4950821
1725358113.5044417
1725358113.531123
1725358113.552936
1725358113.5671046
1725358113.6013312
1725358113.6118438
1725358113.6261878
1725358113.6756613
1725358113.6773522
1725358113.690808
1725358113.7073352
1725358113.7483706
1725358113.7611856
1725358113.7698054
1725358113.786089
1725358113.809589
1725358113.8216648
1725358113.8551614
1725358113.8762732
1725358113.8899584
1725358113.9073474
1725358113.9211526
1725358113.9379413
1725358113.9598453
1725358113.9932618
1725358113.995196
1725358114.0190897
1725358114.0378318
1725358114.0527847
1725358114.0668063
1725358114.0872636
1725358114.1046999
1725358114.1143696
1725358114.13981
1725358114.1637907
1725358114.174949
1725358114.195409
1725358114.206767
1725358114.2210846
1725358114.2359028
1725358114.2555292
1725358114.274356
1725358114.2928543
1725358114.304986
1725358114.3184426
1725358114.3416154
1725358114.362755
1725358114.3690376
1725358114.3834028
1725358114.4071207
1725358114.420026
1725358114.4604928
1725358114.4718728
1725358114.4898078
1725358114.5001307
1725358114.515917
1725358114.5342453
1725358114.5502658
1725358114.5689428
1725358114.5902588
1725358114.6227388
1725358114.6369076
1725358114.6488354
1725358114.6645548
1725358114.6971827
1725358114.7391517
1725358114.7728794
1725358114.7862997
1725358114.7947147
1725358114.833734
1725358114.8471892
1725358114.873758
1725358114.9091344
1725358114.910067
1725358114.924403
1725358114.9307778
1725358114.9450703
1725358114.9653902
1725358114.998457
1725358114.9991717
1725358115.0168567
1725358115.048828
1725358115.0871956
1725358115.0981135
1725358115.1136713
1725358115.1285868
1725358115.1487584
1725358115.1608374
1725358115.1829686
1725358115.2083523
1725358115.228672
1725358115.2398384
1725358115.2609286
1725358115.278034
1725358115.2943957
1725358115.3061285
1725358115.3239875
1725358115.3405852
1725358115.3610456
1725358115.371517
1725358115.3888195
1725358115.4140892
1725358115.4249985
1725358115.4373844
1725358115.4879835
1725358115.5056307
1725358115.5081942
1725358115.535143
1725358115.5441968
1725358115.5571845
1725358115.5729184
1725358115.6041567
1725358115.6046658
1725358115.616623
1725358115.6556582
1725358115.6889575
1725358115.711117
1725358115.7187612
1725358115.7347305
1725358115.7454402
1725358115.7984316
1725358115.8006055
1725358115.8222826
1725358115.8296869
1725358115.8557818
1725358115.874586
1725358115.909551
1725358115.9346743
1725358115.9608963
1725358115.9625223
1725358116.001801
1725358116.0182817
1725358116.0288813
1725358116.0662463
1725358116.0811443
1725358116.1072073
1725358116.1304843
1725358116.132535
1725358116.1559546
1725358116.1614301
1725358116.1824775
1725358116.1946058
1725358116.2290325
1725358116.23215
1725358116.2398899
1725358116.2585518
1725358116.2719872
1725358116.304078
1725358116.325722
1725358116.3271139
1725358116.3422565
1725358116.4117372
1725358116.412611
1725358116.447208
1725358116.4497037
1725358116.4518294
1725358116.4562402
1725358116.4794562
1725358116.5218747
1725358116.539115
1725358116.5407245
1725358116.564492
1725358116.5948925
1725358116.5970874
1725358116.6323483
1725358116.6407948
1725358116.6420329
1725358116.650897
1725358116.675602
1725358116.6915987
1725358116.725956
1725358116.7555993
1725358116.7732136
1725358116.7768176
1725358116.7946103
1725358116.817401
1725358116.81927
1725358116.8487475
1725358116.8788948
1725358116.8924325
1725358116.9365857
1725358116.9389598
1725358116.951943
1725358116.9850721
1725358116.98746
1725358117.199575
1725358117.2093368
1725358117.2287705
1725358117.2299728
1725358117.231839
1725358117.2386599
1725358117.254432
1725358117.258038
1725358117.260544
1725358117.2648618
1725358117.2791262
1725358117.3179295
1725358117.3197448
1725358117.3514454
1725358117.3676174
1725358117.3764646
1725358117.6853182
1725358117.686272
1725358117.6893718
1725358117.869607
1725358117.8712404
1725358117.8731625
1725358117.8738184
1725358117.8752604
1725358117.9251337
1725358117.9290295
1725358117.9861112
1725358117.9881885
1725358117.9897516
1725358117.9920902
1725358118.0526087
1725358118.052634
1725358118.0526533
1725358118.0542493
1725358118.0831368
1725358118.0869431
1725358118.102114
1725358118.1737397
1725358118.1870368
1725358118.189533
1725358118.1988468
1725358118.1995614
1725358118.201137
1725358118.2173717
1725358118.248171
1725358118.2497458
1725358118.2895913
1725358118.290531
1725358118.2921662
1725358118.3357835
1725358118.4382243
1725358118.4389904
1725358118.4395254
1725358118.4410741
1725358118.442757
1725358118.4436169
1725358118.4841645
1725358118.4898505
1725358118.5122597
1725358118.5658267
1725358118.5671875
1725358118.5681422
1725358118.5698903
1725358118.594504
1725358118.6053512
1725358118.6183674
1725358118.6502125
1725358118.651554
1725358118.6730108
1725358118.6959267
1725358118.702444
1725358118.7296717
1725358118.7665415
1725358118.7793446
1725358118.789467
1725358118.8090427
1725358118.8103745
1725358118.8375306
1725358118.852531
1725358118.8671057
1725358118.8821363
1725358118.8991435
1725358118.9405391
1725358119.1342306
1725358119.1829886
1725358119.1843197
1725358119.1859334
1725358119.1886923
1725358119.191739
1725358119.2520428
1725358119.2536771
1725358119.2558618
1725358119.301389
1725358119.3031998
1725358119.3165584
1725358119.3640416
1725358119.364949
1725358119.399842
1725358119.4117851
1725358119.4132812
1725358119.4466774
1725358119.4491296
1725358119.465122
1725358119.484948
1725358119.5049996
1725358119.5083764
1725358119.5561397
1725358119.5579464
1725358119.5622873
1725358119.5804582
1725358119.617581
1725358119.619851
1725358119.632415
1725358119.6596844
1725358119.706692
1725358119.708993
1725358119.7107754
1725358119.731252
1725358119.7483513
1725358119.7556207
1725358119.793162
1725358119.8031754
1725358119.836097
1725358119.8474355
1725358119.8549201
1725358119.8760662
1725358119.8952646
1725358119.909545
1725358119.9222949
1725358119.9395123
1725358119.952448
1725358119.9684048
1725358120.0057006
1725358120.028193
1725358120.0342312
1725358120.069975
1725358120.070648
1725358120.0840805
1725358120.1015089
1725358120.1330466
1725358120.154614
1725358120.1753252
1725358120.1878183
1725358120.2218907
1725358120.226734
1725358120.2602472
1725358120.284993
1725358120.3063138
1725358120.3227658
1725358120.3285856
1725358120.3484685
1725358120.364311
1725358120.398588
1725358120.416381
1725358120.43002
1725358120.4466956
1725358120.476727
1725358120.4832997
1725358120.5062165
1725358120.51287
1725358120.5315711
1725358120.540949
1725358120.5763302
1725358120.593638
1725358120.606931
1725358120.6437001
1725358120.6448574
1725358120.6585033
1725358120.6744084
1725358120.714905
1725358120.7167354
1725358120.7420876
1725358120.743687
1725358120.7610214
1725358120.774329
1725358120.7873168
1725358120.817953
1725358120.8225873
1725358120.8444118
1725358120.8579235
1725358120.8721397
1725358120.9008
1725358120.9205945
1725358120.9236028
1725358120.9372346
1725358120.9558313
1725358120.9866352
1725358120.9884999
1725358121.0235937
1725358121.048824
1725358121.0565965
1725358121.070577
1725358121.0910237
1725358121.1004622
1725358121.1416032
1725358121.1442184
1725358121.1949947
1725358121.1961055
1725358121.2105274
1725358121.234078
1725358121.2524326
1725358121.2968209
1725358121.3024
1725358121.328536
1725358121.347748
1725358121.3891764
1725358121.40238
1725358121.4305952
1725358121.4554832
1725358121.4596236
1725358121.4700978
1725358121.4800284
1725358121.4979072
1725358121.5308146
1725358121.5309775
1725358121.5520926
1725358121.5669792
1725358121.5952396
1725358121.6488855
1725358121.6501017
1725358121.6625438
1725358121.6759195
1725358121.7036765
1725358121.7117825
1725358121.732453
1725358121.7610555
1725358121.7838795
1725358121.7966712
1725358121.8119075
1725358121.825055
1725358121.8437235
1725358121.8646076
1725358121.876879
1725358121.917242
1725358121.9191668
1725358121.928028
1725358121.9388704
1725358121.9583266
1725358121.9730146
1725358121.9944627
1725358122.0627103
1725358122.0657923
1725358122.0674064
1725358122.0812056
1725358122.08963
1725358122.1065152
1725358122.123454
1725358122.1407883
1725358122.1628613
1725358122.1773696
1725358122.2044513
1725358122.2513504
1725358122.2527437
1725358122.2664876
1725358122.2956173
1725358122.3016071
1725358122.3249478
1725358122.343644
1725358122.3761175
1725358122.4031093
1725358122.4053497
1725358122.4161391
1725358122.4691646
1725358122.4988084
1725358122.5008686
1725358122.5169966
1725358122.555164
1725358122.5743794
1725358122.5820992
1725358122.6105547
1725358122.6257038
1725358122.6530042
1725358122.6575558
1725358122.6770446
1725358122.6951725
1725358122.7144754
1725358122.7252038
1725358122.7482944
1725358122.7725449
1725358122.7793999
1725358122.7945867
1725358122.8181527
1725358122.8341956
1725358122.8494456
1725358122.8775697
1725358122.8933063
1725358122.894591
1725358122.9330926
1725358122.9520133
1725358122.9659002
1725358122.9814656
1725358123.0002353
1725358123.0124335
1725358123.0280247
1725358123.0656123
1725358123.0740461
1725358123.0929174
1725358123.1077533
1725358123.1337519
1725358123.1651158
1725358123.1667771
1725358123.1863217
1725358123.188076
1725358123.2038386
1725358123.2283576
1725358123.2530973
1725358123.2830987
1725358123.2893522
1725358123.3116922
1725358123.3258991
1725358123.336472
1725358123.3624449
1725358123.3687077
1725358123.402911
1725358123.4411523
1725358123.4499097
1725358123.4977038
1725358123.4996743
1725358123.50063
1725358123.519026
1725358123.5427144
1725358123.5806155
1725358123.6019096
1725358123.603197
1725358123.631078
1725358123.6424823
1725358123.6555588
1725358123.6848142
1725358123.704516
1725358123.7407842
1725358123.7473335
1725358123.7593417
1725358123.7665007
1725358123.7900443
1725358123.8038278
1725358123.817834
1725358123.8485045
1725358123.8683438
1725358123.884965
1725358123.901484
1725358123.9173026
1725358123.9272597
1725358123.9482777
1725358123.9609687
1725358123.9833474
1725358123.9941814
1725358124.0110216
1725358124.0259023
1725358124.0520833
1725358124.056821
1725358124.0884254
1725358124.0893004
1725358124.1314888
1725358124.1373672
1725358124.141646
1725358124.1543496
1725358124.1726804
1725358124.189351
1725358124.209408
1725358124.2219048
1725358124.2377615
1725358124.253453
1725358124.2899337
1725358124.3036354
1725358124.3180127
1725358124.3351746
1725358124.3507228
1725358124.3760977
1725358124.3963468
1725358124.4094112
1725358124.4442382
1725358124.4532976
1725358124.4666355
1725358124.502846
1725358124.5169404
1725358124.5569968
1725358124.5782974
1725358124.6095226
1725358124.6117973
1725358124.6647067
1725358124.6671207
1725358124.6844738
1725358124.7230976
1725358124.7245336
1725358124.7353425
1725358124.7512646
1725358124.7645018
1725358124.781547
1725358124.8089385
1725358124.8188403
1725358124.8348105
1725358124.8721454
1725358124.9133217
1725358124.9138784
1725358124.9437034
1725358124.951113
1725358124.9664428
1725358124.97944
1725358125.0014648
1725358125.0353065
1725358125.0520797
1725358125.062431
1725358125.0829234
1725358125.0991256
1725358125.1161983
1725358125.1323655
1725358125.1427321
1725358125.1597538
1725358125.1782215
1725358125.1997628
1725358125.2201734
1725358125.2279856
1725358125.2628448
1725358125.277758
1725358125.326639
1725358125.3291228
1725358125.3377843
1725358125.344188
1725358125.3602421
1725358125.373966
1725358125.3926346
1725358125.4041123
1725358125.427677
1725358125.4409578
1725358125.4946296
1725358125.5206091
1725358125.5256076
1725358125.5462828
1725358125.555493
1725358125.5722544
1725358125.5939288
1725358125.6066236
1725358125.6511166
1725358125.6746726
1725358125.6777685
1725358125.6989303
1725358125.7385983
1725358125.7590501
1725358125.7821217
1725358125.790978
1725358125.8455288
1725358125.8525052
1725358125.864566
1725358125.8970923
1725358125.9112527
1725358125.930726
1725358125.9412577
1725358125.9561384
1725358125.98272
1725358125.9942658
1725358126.0084925
1725358126.020421
1725358126.044527
1725358126.063921
1725358126.0821044
1725358126.0849478
1725358126.1041381
1725358126.1242664
1725358126.1379187
1725358126.1543412
1725358126.1725895
1725358126.2068505
1725358126.2197733
1725358126.2397482
1725358126.2567294
1725358126.2721286
1725358126.289238
1725358126.2993917
1725358126.3387413
1725358126.350816
1725358126.3672974
1725358126.3839755
1725358126.4131508
1725358126.423692
1725358126.4312642
1725358126.454041
1725358126.4691627
1725358126.482022
1725358126.5196574
1725358126.5216863
1725358126.5518942
1725358126.5717752
1725358126.584428
1725358126.6105196
1725358126.6157854
1725358126.6299667
1725358126.6563687
1725358126.68907
1725358126.7021759
1725358126.7312734
1725358126.7345665
1725358126.7663336
1725358126.782603
1725358126.7980595
1725358126.8182163
1725358126.8440976
1725358126.8707488
1725358126.8853195
1725358126.8920813
1725358126.9098177
1725358126.9321125
1725358126.9599154
1725358126.981361
1725358127.0033548
1725358127.0154939
1725358127.0246933
1725358127.0380604
1725358127.0662792
1725358127.0781713
1725358127.0990727
1725358127.1363165
1725358127.148805
1725358127.1681743
1725358127.173902
1725358127.1975348
1725358127.2051418
1725358127.2222283
1725358127.2411397
1725358127.2694166
1725358127.2723415
1725358127.28764
1725358127.3040571
1725358127.3174584
1725358127.3338354
1725358127.3534534
1725358127.3768022
1725358127.3864748
1725358127.3998497
1725358127.4215982
1725358127.4343934
1725358127.4505482
1725358127.4660146
1725358127.4850888
1725358127.5129485
1725358127.5202773
1725358127.5330672
1725358127.5716288
1725358127.5851338
1725358127.5988004
1725358127.6141744
1725358127.6345928
1725358127.6488075
1725358127.6707423
1725358127.6886253
1725358127.720885
1725358127.7320988
1725358127.7464876
1725358127.7648432
1725358127.7987351
1725358127.835482
1725358127.8831353
1725358127.887675
1725358127.8982687
1725358127.9371328
1725358127.953473
1725358127.9792717
1725358128.002435
1725358128.003199
1725358128.0149796
1725358128.0281782
1725358128.0437098
1725358128.0596235
1725358128.0719318
1725358128.088087
1725358128.1116908
1725358128.142298
1725358128.1771944
1725358128.1916173
1725358128.2060072
1725358128.2205958
1725358128.237793
1725358128.2594025
1725358128.273305
1725358128.3056784
1725358128.3314002
1725358128.3426137
1725358128.3599787
1725358128.3707318
1725358128.39218
1725358128.402997
1725358128.4304335
1725358128.4470797
1725358128.468807
1725358128.4775882
1725358128.489614
1725358128.5124667
1725358128.5222366
1725358128.5452197
1725358128.597175
1725358128.5997765
1725358128.6054611
1725358128.6208196
1725358128.633344
1725358128.6575694
1725358128.6652215
1725358128.6950004
1725358128.7088714
1725358128.718676
1725358128.7548802
1725358128.789318
1725358128.7984707
1725358128.8153183
1725358128.833125
1725358128.8492067
1725358128.8642955
1725358128.8784487
1725358128.9156315
1725358128.9333334
1725358128.9540112
1725358128.9623568
1725358128.996779
1725358129.029469
1725358129.0470726
1725358129.061297
1725358129.1082628
1725358129.1162095
1725358129.127801
1725358129.1627724
1725358129.1889002
1725358129.191139
1725358129.207918
1725358129.231084
1725358129.2435372
1725358129.273185
1725358129.2905767
1725358129.29225
1725358129.310055
1725358129.3239236
1725358129.3395324
1725358129.3554244
1725358129.3759594
1725358129.3923392
1725358129.4140706
1725358129.4326396
1725358129.4408886
1725358129.487798
1725358129.489117
1725358129.5010548
1725358129.5191076
1725358129.5460787
1725358129.5540407
1725358129.5689025
1725358129.6052747
1725358129.619048
1725358129.6338503
1725358129.6659102
1725358129.6711314
1725358129.6955452
1725358129.703699
1725358129.7184393
1725358129.7326183
1725358129.7528954
1725358129.7664804
1725358129.7868745
1725358129.8374321
1725358129.8422134
1725358129.8484466
1725358129.8705926
1725358129.891457
1725358129.9042592
1725358129.9182816
1725358129.9513085
1725358129.9698179
1725358129.9921162
1725358130.0031488
1725358130.03808
1725358130.0534875
1725358130.0667264
1725358130.0783296
1725358130.1133356
1725358130.1321094
1725358130.1490636
1725358130.1615644
1725358130.174118
1725358130.194878
1725358130.230641
1725358130.2450092
1725358130.2783294
1725358130.2802591
1725358130.3086548
1725358130.3103328
1725358130.3261893
1725358130.3428311
1725358130.366675
1725358130.3979013
1725358130.408483
1725358130.4224818
1725358130.4456718
1725358130.4615216
1725358130.4740644
1725358130.4917765
1725358130.5108197
1725358130.5307717
1725358130.5536242
1725358130.5553246
1725358130.5844111
1725358130.5891128
1725358130.602287
1725358130.6184738
1725358130.6405087
1725358130.6623003
1725358130.6709886
1725358130.6933606
1725358130.7059455
1725358130.7256005
1725358130.743325
1725358130.7560012
1725358130.7796886
1725358130.7998676
1725358130.802325
1725358130.8364677
1725358130.8804708
1725358130.882333
1725358130.8872266
1725358130.9059615
1725358130.9246728
1725358130.9399354
1725358130.9591036
1725358130.9841084
1725358131.0011058
1725358131.017632
1725358131.0318174
1725358131.0623395
1725358131.096069
1725358131.1243246
1725358131.144253
1725358131.1731029
1725358131.2014778
1725358131.2197323
1725358131.235649
1725358131.2681925
1725358131.2688384
1725358131.301911
1725358131.3032575
1725358131.3127825
1725358131.32802
1725358131.3561146
1725358131.3683805
1725358131.3739657
1725358131.4083755
1725358131.4453719
1725358131.4621537
1725358131.4726293
1725358131.504588
1725358131.5050435
1725358131.5251694
1725358131.5351348
1725358131.5804384
1725358131.595439
1725358131.6069882
1725358131.6198556
1725358131.644639
1725358131.6499891
1725358131.669419
1725358131.686846
1725358131.7015715
1725358131.7300613
1725358131.735721
1725358131.7528586
1725358131.769696
1725358131.786457
1725358131.7963707
1725358131.8564773
1725358131.8586516
1725358131.870822
1725358131.9054987
1725358131.906253
1725358131.9201014
1725358131.9299767
1725358131.9609225
1725358131.9630954
1725358132.0061069
1725358132.018308
1725358132.0440247
1725358132.063892
1725358132.0741606
1725358132.107288
1725358132.1086137
1725358132.1363072
1725358132.144491
1725358132.1806989
1725358132.1992283
1725358132.2054658
1725358132.2232888
1725358132.2595897
1725358132.2897165
1725358132.303869
1725358132.3238971
1725358132.3573213
1725358132.387394
1725358132.397866
1725358132.4201977
1725358132.4388502
1725358132.4557276
1725358132.4695787
1725358132.484957
1725358132.5127118
1725358132.5263083
1725358132.5447958
1725358132.5561588
1725358132.578293
1725358132.612169
1725358132.6140537
1725358132.6202288
1725358132.6426334
1725358132.6573155
1725358132.6750855
1725358132.6917942
1725358132.700691
1725358132.7367725
1725358132.7502909
1725358132.7674398
1725358132.7903724
1725358132.80244
1725358132.8203456
1725358132.8323731
1725358132.863419
1725358132.8796172
1725358132.8951457
1725358132.9170368
1725358132.9260268
1725358132.9458938
1725358132.963855
1725358132.9809058
1725358132.998995
1725358133.010661
1725358133.0270295
1725358133.041204
1725358133.0797153
1725358133.0977743
1725358133.1099777
1725358133.13481
1725358133.1410868
1725358133.1587722
1725358133.179411
1725358133.2059247
1725358133.2273102
1725358133.2431543
1725358133.26283
1725358133.2900422
1725358133.3037634
1725358133.3360515
1725358133.3400533
1725358133.3696346
1725358133.392858
1725358133.4057534
1725358133.4175916
1725358133.4333105
1725358133.4507687
1725358133.4970777
1725358133.5162182
1725358133.5234256
1725358133.539881
1725358133.557073
1725358133.567242
1725358133.5872319
1725358133.6024554
1725358133.6376169
1725358133.654333
1725358133.6765985
1725358133.6881394
1725358133.706075
1725358133.7200851
1725358133.7362225
1725358133.7491386
1725358133.77133
1725358133.783237
1725358133.8016906
1725358133.8217075
1725358133.8324008
1725358133.8478394
1725358133.8665547
1725358133.8825796
1725358133.897655
1725358133.9212756
1725358133.9311664
1725358133.9486697
1725358133.969702
1725358133.9838543
1725358133.9997406
1725358134.025906
1725358134.0342903
1725358134.0567498
1725358134.0645947
1725358134.0994654
1725358134.1152995
1725358134.1328046
1725358134.153852
1725358134.159913
1725358134.179659
1725358134.1947045
1725358134.2129269
1725358134.2526405
1725358134.2599072
1725358134.2772856
1725358134.2958527
1725358134.321611
1725358134.3686383
1725358134.3872726
1725358134.3997421
1725358134.4216855
1725358134.455086
1725358134.476403
1725358134.492246
1725358134.537393
1725358134.5379493
1725358134.5463922
1725358134.552827
1725358134.5864391
1725358134.5879984
1725358134.6055233
1725358134.6185725
1725358134.8886065
1725358134.907462
1725358134.9090269
1725358134.911015
1725358134.9120553
1725358134.928484
1725358134.9530168
1725358134.955723
1725358134.9925354
1725358134.9945743
1725358135.0047822
1725358135.028049
1725358135.0521116
1725358135.0543003
1725358135.114909
1725358135.1343703
1725358135.137908
1725358135.15586
1725358135.1717365
1725358135.1732416
1725358135.2058694
1725358135.207124
1725358135.2491257
1725358135.2518034
1725358135.2746809
1725358135.302983
1725358135.318432
1725358135.33993
1725358135.3537092
1725358135.3716848
1725358135.389786
1725358135.400288
1725358135.4177978
1725358135.4925241
1725358135.4932866
1725358135.5168154
1725358135.5178638
1725358135.5486398
1725358135.5727115
1725358135.5748234
1725358135.6078947
1725358135.6338103
1725358135.6436615
1725358135.658018
1725358135.6890893
1725358135.7043705
1725358135.720535
1725358135.7530766
1725358135.7579987
1725358135.7936118
1725358135.7961783
1725358135.8108053
1725358135.8223045
1725358135.8376336
1725358136.0391128
1725358136.0410957
1725358136.0430298
1725358136.1303709
1725358136.1338012
1725358136.1367433
1725358136.138181
1725358136.1412635
1725358136.1833396
1725358136.1845348
1725358136.186248
1725358136.1982088
1725358136.1991687
1725358136.2143273
1725358136.2509263
1725358136.2519946
1725358136.301786
1725358136.3024085
1725358136.3161376
1725358136.3182452
1725358136.3513854
1725358136.3819609
1725358136.4106677
1725358136.4124613
1725358136.4130926
1725358136.429498
1725358136.4533894
1725358136.4799151
1725358136.5148807
1725358136.5368712
1725358136.5394218
1725358136.5552158
1725358136.5964053
1725358136.5982502
1725358136.6168463
1725358136.646418
1725358136.6641862
1725358136.6742291
1725358136.6950774
1725358136.706018
1725358136.7258952
1725358136.7579007
1725358136.7759042
1725358136.7900233
1725358136.803922
1725358136.8192556
1725358136.838505
1725358136.8532186
1725358136.8746223
1725358136.8947074
1725358136.9236734
1725358136.9343941
1725358136.9548051
1725358136.9735823
1725358136.9949508
1725358136.998297
1725358137.019899
1725358137.0308092
1725358137.0549464
1725358137.073551
1725358137.0925398
1725358137.1031277
1725358137.119816
1725358137.1373312
1725358137.1499054
1725358137.1651332
1725358137.1833358
1725358137.2043798
1725358137.2148652
1725358137.2271357
1725358137.2490294
1725358137.2626941
1725358137.2788615
1725358137.30292
1725358137.31015
1725358137.331221
1725358137.364084
1725358137.383062
1725358137.3948245
1725358137.4138696
1725358137.4338555
1725358137.4414873
1725358137.4622314
1725358137.4792929
1725358137.5210948
1725358137.5247934
1725358137.5379324
1725358137.556999
1725358137.58808
1725358137.6428664
1725358137.6601386
1725358137.684723
1725358137.686925
1725358137.7358022
1725358137.7482142
1725358137.7650375
1725358137.8088608
1725358137.8089142
1725358137.8150516
1725358137.8817713
1725358137.8818161
1725358137.8823926
1725358137.8824203
1725358137.9305248
1725358137.9306524
1725358137.94333
1725358137.977309
1725358138.0419667
1725358138.0421143
1725358138.0422666
1725358138.0424254
1725358138.0683692
1725358138.071377
1725358138.102263
1725358138.1269727
1725358138.1665492
1725358138.1666985
1725358138.1700392
1725358138.2037535
1725358138.2039058
1725358138.2326357
1725358138.2363229
1725358138.2547705
1725358138.3216991
1725358138.321856
1725358138.3219883
1725358138.3226652
1725358138.358291
1725358138.3833451
1725358138.400023
1725358138.4139235
1725358138.4269774
1725358138.4495828
1725358138.450121
1725358138.4601142
1725358138.4812436
1725358138.4953568
1725358138.5174522
1725358138.5679185
1725358138.580536
1725358138.628999
1725358138.6291463
1725358138.6329176
1725358138.6571405
1725358138.6601112
1725358138.6978698
1725358138.7311516
1725358138.7312984
1725358138.7421963
1725358138.7724953
1725358138.8388586
1725358138.8391788
1725358138.8414261
1725358138.8565814
1725358138.8893409
1725358138.9075134
1725358138.9206977
1725358138.9583127
1725358138.9721158
1725358138.9877453
1725358139.0018463
1725358139.0228558
1725358139.0523682
1725358139.0608218
1725358139.0715148
1725358139.0862136
1725358139.102179
1725358139.1269941
1725358139.1460516
1725358139.152719
1725358139.167152
1725358139.1898737
1725358139.2025907
1725358139.2158916
1725358139.2292275
