2024-09-03 17:18:20
../stream-replay/logs/stuttering-6207.txt
1725354938.5838351
1725354938.5901186
1725354938.5924566
1725354938.7196999
1725354938.7204137
1725354938.7706668
1725354938.7715223
1725354938.831232
1725354938.8842704
1725354938.8849695
1725354938.8860507
1725354939.0072002
1725354939.0084872
1725354939.036496
1725354939.0450056
1725354939.0592372
1725354939.0598562
1725354939.0604966
1725354939.0614307
1725354939.0621824
1725354939.1399765
1725354939.1400805
1725354939.1536112
1725354939.1567163
1725354939.1569493
1725354939.3620718
1725354939.3625917
1725354939.3631122
1725354939.384455
1725354939.4099104
1725354939.445284
1725354939.454568
1725354939.454607
1725354939.4546301
1725354939.4547038
1725354939.4679399
1725354939.4839172
1725354939.5671308
1725354939.5678778
1725354939.5898378
1725354939.590691
1725354939.6460643
1725354939.6461935
1725354939.6470263
1725354939.648635
1725354939.7109954
1725354939.712345
1725354939.788749
1725354939.7895212
1725354939.7910903
1725354939.8008676
1725354939.817613
1725354939.8194306
1725354939.8206127
1725354939.868
1725354939.8692696
1725354939.8700376
1725354939.8715897
1725354939.8741686
1725354939.875692
1725354939.919918
1725354939.9208355
1725354939.9228547
1725354939.9233158
1725354939.9617493
1725354940.0721352
1725354940.073644
1725354940.108503
1725354940.1090891
1725354940.1104126
1725354940.1154687
1725354940.116132
1725354940.2502005
1725354940.356114
1725354940.3953283
1725354940.3987527
1725354940.401542
1725354940.4074461
1725354940.4459083
1725354940.446393
1725354940.4468749
1725354940.499744
1725354940.501453
1725354940.5049856
1725354940.5952685
1725354940.59623
1725354940.5967188
1725354940.686445
1725354940.6874578
1725354940.746762
1725354940.7479084
1725354940.748599
1725354940.750193
1725354940.7643018
1725354940.8121567
1725354940.8132184
1725354940.813703
1725354940.8362544
1725354940.8371577
1725354940.8645473
1725354940.8651395
1725354940.866318
1725354940.8907785
1725354940.8915744
1725354940.8922896
1725354940.9754498
1725354940.9775417
1725354940.9937701
1725354940.995252
1725354940.9962635
1725354941.0373962
1725354941.0381882
1725354941.0390458
1725354941.1202898
1725354941.1207888
1725354941.122473
1725354941.151991
1725354941.1531553
1725354941.235276
1725354941.2436788
1725354941.3348439
1725354941.3352933
1725354941.3358748
1725354941.343193
1725354941.3450344
1725354941.3464696
1725354941.4035723
1725354941.404285
1725354941.40479
1725354941.4059358
1725354941.4167774
1725354941.4184117
1725354941.5171363
1725354941.5174396
1725354941.518682
1725354941.5194921
1725354941.5756652
1725354941.576108
1725354941.57685
1725354941.6229694
1725354941.6411812
1725354941.6469905
1725354941.69642
1725354941.697091
1725354941.736228
1725354941.7376215
1725354941.7382479
1725354941.7612152
1725354941.8001895
1725354941.8006985
1725354941.800968
1725354941.8364527
1725354941.8369596
1725354941.8383605
1725354941.860294
1725354941.8618028
1725354941.9262722
1725354941.9272676
1725354941.9278002
1725354941.9530606
1725354941.954683
1725354942.025177
1725354942.0256763
1725354942.1053648
1725354942.1059322
1725354942.1829956
1725354942.183578
1725354942.1851206
1725354942.2053728
1725354942.2059639
1725354942.2064967
1725354942.2124243
1725354942.2131639
1725354942.2375379
1725354942.2381184
1725354942.2389166
1725354942.2414248
1725354942.2827663
1725354942.2839668
1725354942.2849467
1725354942.2864845
1725354942.3124936
1725354942.313067
1725354942.3144045
1725354942.3249578
1725354942.3260264
1725354942.3270464
1725354942.3806064
1725354942.3813374
1725354942.383164
1725354942.3834333
1725354942.3849509
1725354942.422454
1725354942.4236064
1725354942.4251373
1725354942.5905051
1725354942.5921156
1725354942.5934396
1725354942.60095
1725354942.602143
1725354942.6030445
1725354942.6042042
1725354942.816024
1725354942.8359268
1725354942.8359442
1725354942.8359563
1725354942.8367155
1725354942.8442266
1725354942.9074705
1725354943.064105
1725354943.0647953
1725354943.073084
1725354943.0744514
1725354943.0759351
1725354943.083183
1725354943.083812
1725354943.085865
1725354943.0867038
1725354943.0969288
1725354943.0985475
1725354943.099137
1725354943.1006405
1725354943.1504185
1725354943.1522315
1725354943.205516
1725354943.2060318
1725354943.2078836
1725354943.2168858
1725354943.2185762
1725354943.3474777
1725354943.3479779
1725354943.3494177
1725354943.585493
1725354943.5861156
1725354943.595812
1725354943.5963166
1725354943.59712
1725354943.6795397
1725354943.6800635
1725354943.6807096
1725354943.7101207
1725354943.7109823
1725354943.825997
1725354943.8265584
1725354943.827065
1725354943.8276334
1725354943.9434168
1725354944.1275232
1725354944.1295052
1725354944.1300852
1725354944.2058132
1725354944.2063177
1725354944.206809
1725354944.4743662
1725354944.4751806
1725354944.4765654
1725354944.4895034
1725354944.490335
1725354944.4924238
1725354944.4935396
1725354944.5087404
1725354944.5092223
1725354944.5106566
1725354944.576408
1725354944.584929
1725354944.585692
1725354944.5869257
1725354944.6048114
1725354944.6079125
1725354944.6573844
1725354944.6578746
1725354944.6584942
1725354944.77121
1725354944.7971401
1725354944.8006284
1725354944.8006914
1725354944.801757
1725354944.9461002
1725354944.9482071
1725354944.949176
1725354944.9921207
1725354944.9935398
1725354945.0139809
1725354945.0145953
1725354945.0157182
1725354945.0165923
1725354945.0432181
1725354945.044123
1725354945.0450537
1725354945.0608487
1725354945.0620189
1725354945.107987
1725354945.1105394
1725354945.2123942
1725354945.2131717
1725354945.2144094
1725354945.2382414
1725354945.2392907
1725354945.3090007
1725354945.3099062
1725354945.3106635
1725354945.321362
1725354945.3225436
1725354945.323059
1725354945.3236167
1725354945.3316789
1725354945.333169
1725354945.346332
1725354945.346602
1725354945.3477254
1725354945.3519263
1725354945.3573344
1725354945.3581488
1725354945.4489684
1725354945.449594
1725354945.5585828
1725354945.560152
1725354945.5608106
1725354945.580309
1725354945.5813262
1725354945.5824215
1725354945.588427
1725354945.7246509
1725354945.7251785
1725354945.7260897
1725354945.8179681
1725354945.8184721
1725354945.820057
1725354945.8274395
1725354945.8279736
1725354945.8393397
1725354945.8401923
1725354945.841332
1725354945.846931
1725354945.8485394
1725354945.9673772
1725354945.9679449
1725354946.053389
1725354946.0539088
1725354946.1550822
1725354946.1556234
1725354946.1567125
1725354946.347515
1725354946.3481305
1725354946.3486922
1725354946.384283
1725354946.3852205
1725354946.386578
1725354946.4614115
1725354946.4621847
1725354946.4632332
1725354946.4742615
1725354946.4758687
1725354946.4764569
1725354946.483442
1725354946.5108068
1725354946.5112996
1725354946.5118916
1725354946.5372748
1725354946.5381913
1725354946.8310552
1725354946.8314703
1725354946.833085
1725354946.8335907
1725354946.857741
1725354946.8582144
1725354946.8588166
1725354946.8688784
1725354946.8703833
1725354946.8787744
1725354946.8795106
1725354946.8803892
1725354946.887849
1725354946.8883467
1725354946.9953654
1725354946.9958425
1725354947.0575938
1725354947.0588841
1725354947.0589087
1725354947.058953
1725354947.0590165
1725354947.1751757
1725354947.1908438
1725354947.3176613
1725354947.326204
1725354947.3279984
1725354947.3904233
1725354947.390946
1725354947.3924737
1725354947.4057612
1725354947.4062653
1725354947.4070234
1725354947.4980204
1725354947.4991672
1725354947.6396964
1725354947.6611388
1725354947.6624303
1725354947.6817007
1725354947.6831765
1725354947.736672
1725354947.7371767
1725354947.737728
1725354947.7703516
1725354947.7714875
1725354947.772043
1725354947.7792466
1725354947.7815614
1725354947.7906187
1725354947.7913678
1725354947.792576
1725354947.8179088
1725354947.818591
1725354947.8193407
1725354947.8550415
1725354947.8560743
1725354947.8580465
1725354947.9659941
1725354947.9665046
1725354947.9670086
1725354947.989758
1725354948.008838
1725354948.079904
1725354948.0810683
1725354948.378149
1725354948.3787222
1725354948.3791196
1725354948.3999562
1725354948.4004517
1725354948.4009004
1725354948.4014256
1725354948.510165
1725354948.5172522
1725354948.518195
1725354948.5186977
1725354948.5258288
1725354948.52633
1725354948.527996
1725354948.601954
1725354948.6037395
1725354948.6917222
1725354948.6922975
1725354948.6927388
1725354948.7764645
1725354948.8366241
1725354948.8371098
1725354948.837749
1725354948.863719
1725354948.8647463
1725354948.9758787
1725354948.9766335
1725354949.0182662
1725354949.0192857
1725354949.0198352
1725354949.0207183
1725354949.067107
1725354949.1446998
1725354949.1453197
1725354949.1458626
1725354949.1869142
1725354949.1870117
1725354949.1883068
1725354949.1891444
1725354949.1975524
1725354949.3183684
1725354949.319462
1725354949.3870406
1725354949.3876307
1725354949.4408567
1725354949.4413793
1725354949.4429142
1725354949.443422
1725354949.5034935
1725354949.5054264
1725354949.5483696
1725354949.549914
1725354949.576546
1725354949.5787547
1725354949.5792499
1725354949.579767
1725354949.6095328
1725354949.610113
1725354949.6743665
1725354949.6751237
1725354949.6801953
1725354949.6808982
1725354949.6815782
1725354949.7204552
1725354949.7503476
1725354949.7511106
1725354949.7675083
1725354949.7682865
1725354949.7694135
1725354949.8070073
1725354949.807769
1725354949.8093083
1725354949.9690657
1725354949.9795408
1725354949.9801497
1725354949.9811687
1725354949.9821289
1725354950.1144
1725354950.1153572
1725354950.1279876
1725354950.1287436
1725354950.2162635
1725354950.2166586
1725354950.2180004
1725354950.2635946
1725354950.2637467
1725354950.269428
1725354950.2704618
1725354950.359578
1725354950.359709
1725354950.4334903
1725354950.4351058
1725354950.4413557
1725354950.4424484
1725354950.4435778
1725354950.5435271
1725354950.5441914
1725354950.545097
1725354950.5459406
1725354950.6776483
1725354950.6782038
1725354950.7056816
1725354950.7062788
1725354950.707154
1725354950.7160544
1725354950.7165458
1725354950.717102
1725354950.732969
1725354950.7335894
1725354950.7341526
1725354950.9356906
1725354950.936295
1725354950.9374824
1725354950.9381077
1725354951.0961835
1725354951.096836
1725354951.0979319
1725354951.3564918
1725354951.3577783
1725354951.366015
1725354951.3669343
1725354951.367372
1725354951.4366221
1725354951.4371057
1725354951.4377487
1725354951.4491062
1725354951.4569128
1725354951.4569397
1725354951.4569583
1725354951.4570367
1725354951.6610897
1725354951.6860464
1725354951.6976836
1725354951.806282
1725354951.8078876
1725354951.8081756
1725354951.8205593
1725354951.8211365
1725354951.8221989
1725354951.8596923
1725354951.860182
1725354951.986561
1725354951.98864
1725354951.989075
1725354951.989664
1725354951.9957993
1725354952.1623123
1725354952.1680748
1725354952.1699293
1725354952.1722755
1725354952.1735396
1725354952.1741457
1725354952.1748126
1725354952.1762664
1725354952.191409
1725354952.1930227
1725354952.33359
1725354952.3343534
1725354952.336004
1725354952.342275
1725354952.3427827
1725354952.3434122
1725354952.479278
1725354952.4809194
1725354952.528057
1725354952.5290403
1725354952.5297556
1725354952.5840993
1725354952.5849576
1725354952.7406971
1725354952.8618627
1725354952.862814
1725354952.906544
1725354952.9076834
1725354952.908004
1725354952.9462452
1725354952.9470224
1725354952.9480565
1725354953.137913
1725354953.164601
1725354953.1650734
1725354953.1674075
1725354953.1981657
1725354953.1986372
1725354953.200314
1725354953.2347176
1725354953.2365758
1725354953.30455
1725354953.3054144
1725354953.3064058
1725354953.3288724
1725354953.3944046
1725354953.3952122
1725354953.3966105
1725354953.452487
1725354953.4540381
1725354953.4710271
1725354953.4715729
1725354953.47277
1725354953.5133505
1725354953.5138597
1725354953.5149732
1725354953.5631154
1725354953.5648627
1725354953.7480357
1725354953.7485838
1725354953.7498255
1725354953.7584686
1725354953.7591445
1725354953.7597702
1725354953.7602684
1725354953.8184578
1725354953.8198655
1725354953.947994
1725354953.9485214
1725354953.9606721
1725354953.9616609
1725354953.9622257
1725354953.963555
1725354954.0617845
1725354954.167816
1725354954.168411
1725354954.1689563
1725354954.17097
1725354954.2362804
1725354954.236628
1725354954.237216
1725354954.2490625
1725354954.2499366
1725354954.2637455
1725354954.264261
1725354954.2647777
1725354954.265299
1725354954.3523655
1725354954.353874
1725354954.4323947
1725354954.433003
1725354954.4716616
1725354954.4728622
1725354954.4733691
1725354954.5870185
1725354954.5875547
1725354954.5896027
1725354954.613661
1725354954.6277137
1725354954.6282055
1725354954.629057
1725354954.7304852
1725354954.7312071
1725354954.732309
1725354954.7513227
1725354954.7530355
1725354954.7534738
1725354954.787136
1725354954.7877514
1725354954.7887878
1725354954.792603
1725354954.7968705
1725354954.798024
1725354954.8375957
1725354954.8380997
1725354954.8472416
1725354954.847758
1725354954.8483014
1725354954.9286616
1725354954.9309642
1725354954.9310596
1725354954.9364204
1725354954.9369416
1725354954.955254
1725354954.95578
1725354954.9562836
1725354955.0280466
1725354955.0302334
1725354955.03033
1725354955.1993032
1725354955.2003376
1725354955.2018178
1725354955.2858021
1725354955.2864199
1725354955.2872396
1725354955.3131077
1725354955.3144462
1725354955.3153722
1725354955.3583207
1725354955.3591614
1725354955.3596494
1725354955.391476
1725354955.3925931
1725354955.3930824
1725354955.4482915
1725354955.4498186
1725354955.456383
1725354955.457236
1725354955.537416
1725354955.5379424
1725354955.5384328
1725354955.5392668
1725354955.6688616
1725354955.6696513
1725354955.6696727
1725354955.669685
1725354955.6697102
1725354955.7211325
1725354955.7255564
1725354955.9731214
1725354955.9744935
1725354956.0177128
1725354956.018563
1725354956.0634577
1725354956.0641088
1725354956.0652885
1725354956.1923225
1725354956.1930053
1725354956.1942844
1725354956.358278
1725354956.3621488
1725354956.3626735
1725354956.3946674
1725354956.3961232
1725354956.486791
1725354956.4881978
1725354956.4948442
1725354956.4960144
1725354956.517698
1725354956.5181532
1725354956.5189404
1725354956.546614
1725354956.5480838
1725354956.684722
1725354956.6856685
1725354956.6865358
1725354956.79235
1725354956.7928567
1725354956.7936118
1725354956.887551
1725354956.8890517
1725354956.8895142
1725354956.9242253
1725354956.9249299
1725354956.9250968
1725354956.925895
1725354957.0707603
1725354957.1816673
1725354957.1823556
1725354957.1826773
1725354957.3173513
1725354957.3187659
1725354957.3198957
1725354957.3366423
1725354957.3383653
1725354957.3386478
1725354957.358171
1725354957.3592901
1725354957.4925025
1725354957.4931505
1725354957.4945192
1725354957.4992023
1725354957.6035802
1725354957.6499152
1725354957.6509042
1725354957.7226894
1725354957.7230725
1725354957.7237003
1725354957.7314656
1725354957.833792
1725354957.834417
1725354957.836175
1725354958.0146449
1725354958.0153232
1725354958.0174384
1725354958.027287
1725354958.0280523
1725354958.028906
1725354958.0294118
1725354958.056147
1725354958.0580564
1725354958.1513495
1725354958.1519175
1725354958.1527
1725354958.1650405
1725354958.1654441
1725354958.1660779
1725354958.2559385
1725354958.2579632
1725354958.2685971
1725354958.2699368
1725354958.2707808
1725354958.3133512
1725354958.3139226
1725354958.3462276
1725354958.346749
1725354958.3481543
1725354958.613267
1725354958.6142688
1725354958.671859
1725354958.6719472
1725354958.673166
1725354958.6736543
1725354958.6940427
1725354958.6948621
1725354958.7159495
1725354958.7167594
1725354958.7175596
1725354958.8925302
1725354958.8929987
1725354958.893488
1725354958.9600143
1725354958.9609396
1725354959.1151998
1725354959.1319199
1725354959.1324081
1725354959.1883051
1725354959.1887848
1725354959.1892993
1725354959.3571687
1725354959.3584752
1725354959.3807232
1725354959.3812459
1725354959.420961
1725354959.421722
1725354959.4230437
1725354959.535028
1725354959.5365748
1725354959.543987
1725354959.54444
1725354959.5461802
1725354959.5857928
1725354959.5870624
1725354959.5995789
1725354959.6490352
1725354959.6500142
1725354959.6505198
1725354959.6510203
1725354959.767247
1725354959.7678607
1725354959.924096
1725354959.9252756
1725354959.937742
1725354959.9392796
1725354959.9405205
1725354960.012437
1725354960.0132563
1725354960.0133433
1725354960.0398605
1725354960.0413141
1725354960.0420504
1725354960.1060088
1725354960.1068535
1725354960.1080232
1725354960.119827
1725354960.1207523
1725354960.2531526
1725354960.253888
1725354960.2545905
1725354960.2551248
1725354960.2911706
1725354960.2918472
1725354960.292385
1725354960.4059627
1725354960.4066584
1725354960.4073153
1725354960.6731331
1725354960.7276714
1725354960.7297754
1725354960.7301157
1725354960.7667115
1725354960.767383
1725354960.7679598
1725354960.8449817
1725354960.851967
1725354960.8520794
1725354960.8521347
1725354960.8523054
1725354960.8840847
1725354960.9485002
1725354960.9773254
1725354961.0184426
1725354961.0208063
1725354961.0485477
1725354961.0490777
1725354961.0501144
1725354961.1255991
1725354961.126371
1725354961.1278143
1725354961.141159
1725354961.143319
1725354961.1440933
1725354961.223058
1725354961.2236388
1725354961.286842
1725354961.2892766
1725354961.3196988
1725354961.3202114
1725354961.3214118
1725354961.3718672
1725354961.3726141
1725354961.3739586
1725354961.3900888
1725354961.3912504
1725354961.4380362
1725354961.4387567
1725354961.4399345
1725354961.443929
1725354961.5052836
1725354961.5067801
1725354961.5073187
1725354961.5666945
1725354961.577345
1725354961.5778775
1725354961.5792558
1725354961.6631842
1725354961.664351
1725354961.7559018
1725354961.8006296
1725354961.8372896
1725354961.838185
1725354961.8390038
1725354962.014109
1725354962.0149596
1725354962.015668
1725354962.0506074
1725354962.0511007
1725354962.0928457
1725354962.0937831
1725354962.0957608
1725354962.102705
1725354962.1029205
1725354962.1035407
1725354962.2154691
1725354962.2164848
1725354962.3110583
1725354962.3117626
1725354962.312769
1725354962.3441443
1725354962.3460426
1725354962.3931553
1725354962.3936522
1725354962.3990602
1725354962.4005964
1725354962.4028635
1725354962.408049
1725354962.4085734
1725354962.4090757
1725354962.4265635
1725354962.427053
1725354962.42755
1725354962.4372153
1725354962.4385448
1725354962.4488273
1725354962.4497097
1725354962.4510238
1725354962.4517345
1725354962.4891622
1725354962.4899886
1725354962.4900699
1725354962.6140192
1725354962.615149
1725354962.6303773
1725354962.631378
1725354962.7184443
1725354962.718926
1725354962.7194302
1725354962.7459114
1725354962.747294
1725354962.772594
1725354962.7733743
1725354962.7735329
1725354963.0248308
1725354963.025327
1725354963.0260262
1725354963.1437197
1725354963.1452303
1725354963.1461847
1725354963.1813786
1725354963.182392
1725354963.1839743
1725354963.2321963
1725354963.2340996
1725354963.2349536
1725354963.3513381
1725354963.3521984
1725354963.4710217
1725354963.4717522
1725354963.5348816
1725354963.535411
1725354963.536026
1725354963.8331811
1725354963.8362317
1725354963.8978307
1725354963.898346
1725354963.9135835
1725354963.9141018
1725354963.9146523
1725354963.9352367
1725354963.936241
1725354964.076208
1725354964.0769455
1725354964.0778959
1725354964.0784836
1725354964.171093
1725354964.2752845
1725354964.2906964
1725354964.3146956
1725354964.3154438
1725354964.316441
1725354964.3245792
1725354964.3249276
1725354964.3256416
1725354964.400895
1725354964.4015348
1725354964.4022734
1725354964.556408
1725354964.5581686
1725354964.5586798
1725354964.5591776
1725354964.6857538
1725354964.687176
1725354964.8029366
1725354964.803515
1725354964.804313
1725354964.8621912
1725354964.8631752
1725354964.8646646
1725354964.8660662
1725354964.9548435
1725354964.9560463
1725354964.9647017
1725354964.9654408
1725354964.966849
1725354964.9677444
1725354964.9878228
1725354964.9887598
1725354964.9895103
1725354965.0237637
1725354965.0246346
1725354965.1803763
1725354965.181195
1725354965.1825821
1725354965.184072
1725354965.2421818
1725354965.243113
1725354965.2432687
1725354965.2520275
1725354965.2952156
1725354965.2952893
1725354965.2954462
1725354965.295483
1725354965.2985218
1725354965.3947988
1725354965.4108746
1725354965.4250312
1725354965.4274132
1725354965.5687613
1725354965.5703392
1725354965.5713975
1725354965.573014
1725354965.5734358
1725354965.577861
1725354965.5796452
1725354965.6923122
1725354965.6938128
1725354965.6944115
1725354965.7056236
1725354965.7080305
1725354965.7180483
1725354965.719209
1725354965.7208214
1725354965.7726786
1725354965.7737947
1725354965.7746136
1725354965.7758667
1725354965.7901692
1725354965.7911243
1725354965.793557
1725354965.7940316
1725354965.794483
1725354965.9067266
1725354965.9074645
1725354965.908466
1725354965.90998
1725354965.959994
1725354965.9607525
1725354965.961282
1725354966.0920007
1725354966.1363156
1725354966.1368222
1725354966.2921166
1725354966.3964324
1725354966.3973174
1725354966.3982663
1725354966.4001765
1725354966.4273024
1725354966.4281695
1725354966.4282608
1725354966.4312193
1725354966.4319692
1725354966.4696968
1725354966.4701986
1725354966.4986722
1725354966.6084077
1725354966.6089206
1725354966.609423
1725354966.7509518
1725354966.751776
1725354966.759124
1725354966.7596908
1725354966.7607708
1725354966.7777963
1725354966.780712
1725354966.9902172
1725354967.1030467
1725354967.1046336
1725354967.1364496
1725354967.1371427
1725354967.1383355
1725354967.1426983
1725354967.1432695
1725354967.1525552
1725354967.1535265
1725354967.3757353
1725354967.376803
1725354967.3779745
1725354967.3794413
1725354967.3892462
1725354967.3906434
1725354967.393064
1725354967.5583005
1725354967.5589325
1725354967.6933944
1725354967.693705
1725354967.6948195
1725354967.6963832
1725354967.745322
1725354967.746342
1725354967.7489262
1725354967.7568955
1725354967.7585258
1725354967.8773828
1725354967.8782415
1725354967.8795521
1725354967.9054282
1725354967.9101255
1725354967.910632
1725354968.0689774
1725354968.0703723
1725354968.0710378
1725354968.2025855
1725354968.2047906
1725354968.2102253
1725354968.2586324
1725354968.2601905
1725354968.2607515
1725354968.3796833
1725354968.3815935
1725354968.382036
1725354968.4077659
1725354968.4084396
1725354968.4095416
1725354968.4517617
1725354968.453271
1725354968.4537802
1725354968.5893745
1725354968.5898857
1725354968.5909357
1725354968.6002567
1725354968.6007917
1725354968.6013107
1725354968.6033058
1725354968.603862
1725354968.7016218
1725354968.703404
1725354968.7043293
1725354968.7450387
1725354968.7455528
1725354968.7462077
1725354968.815943
1725354968.8169017
1725354968.8173914
1725354968.8386304
1725354968.8393772
1725354968.924642
1725354968.9261332
1725354968.955427
1725354968.9560835
1725354968.99829
1725354969.0011327
1725354969.0016232
1725354969.0256789
1725354969.0262055
1725354969.057268
1725354969.059117
1725354969.0592494
1725354969.0593321
1725354969.0594466
1725354969.129598
1725354969.1518633
1725354969.1626947
1725354969.2381043
1725354969.2389433
1725354969.2684262
1725354969.2689562
1725354969.2698746
1725354969.4685564
1725354969.469476
1725354969.4704645
1725354969.4746957
1725354969.522954
1725354969.5235152
1725354969.5243
1725354969.527371
1725354969.5764482
1725354969.584327
1725354969.5856202
1725354969.5862212
1725354969.6973505
1725354969.6980033
1725354969.6990356
1725354969.7073104
1725354969.7082446
1725354969.755652
1725354969.7567544
1725354969.797913
1725354969.7990847
1725354969.799449
1725354969.8008068
1725354969.8135352
1725354969.814522
1725354969.8719468
1725354969.8734653
1725354969.8741267
1725354969.9164467
1725354969.9167254
1725354969.9169943
1725354969.93663
1725354969.9883435
1725354970.0428126
1725354970.0449448
1725354970.0454724
1725354970.0518112
1725354970.0523157
1725354970.0540607
1725354970.1172032
1725354970.1178865
1725354970.509833
1725354970.5103576
1725354970.5108917
1725354970.5330946
1725354970.5335994
1725354970.5352397
1725354970.665211
1725354970.6658037
1725354970.7084284
1725354970.7090926
1725354970.7101476
1725354970.7110045
1725354970.7730396
1725354970.8295403
1725354970.82987
1725354970.9703486
1725354970.9714653
1725354971.106792
1725354971.1077242
1725354971.1082773
1725354971.158584
1725354971.1603358
1725354971.1608746
1725354971.161364
1725354971.2349174
1725354971.404641
1725354971.4053078
1725354971.405566
1725354971.4145627
1725354971.4161704
1725354971.4167283
1725354971.4516542
1725354971.4525363
1725354971.4604135
1725354971.460789
1725354971.6660602
1725354971.667643
1725354971.6720767
1725354971.6728656
1725354971.7217875
1725354971.723495
1725354971.7473767
1725354971.7483275
1725354971.7490838
1725354971.7711403
1725354971.7724009
1725354971.772863
1725354971.8630595
1725354971.8642297
1725354971.864834
1725354971.937602
1725354971.9385905
1725354971.939668
1725354971.9448338
1725354971.9456353
1725354971.9467
1725354972.1409035
1725354972.1419919
1725354972.1533878
1725354972.1539035
1725354972.2207685
1725354972.2215786
1725354972.2220125
1725354972.261831
1725354972.2633605
1725354972.314887
1725354972.315686
1725354972.3162057
1725354972.3316047
1725354972.3322427
1725354972.3444765
1725354972.3461587
1725354972.4316282
1725354972.432315
1725354972.4327884
1725354972.4338367
1725354972.4992278
1725354972.5006921
1725354972.5423992
1725354972.7229621
1725354972.7238097
1725354972.724081
1725354972.7696846
1725354972.770347
1725354972.7709754
1725354973.0285702
1725354973.0295513
1725354973.031305
1725354973.1759088
1725354973.1764977
1725354973.1771998
1725354973.299412
1725354973.2999482
1725354973.30103
1725354973.3313875
1725354973.3324354
1725354973.3328595
1725354973.51223
1725354973.513135
1725354973.6776266
1725354973.682373
1725354973.6828556
1725354973.6836498
1725354973.7357337
1725354973.7361186
1725354973.7365954
1725354973.7370832
1725354973.7964444
1725354973.7972686
1725354973.887494
1725354973.8883471
1725354973.913441
1725354973.913956
1725354973.9149706
1725354973.9155264
1725354973.9632895
1725354973.973211
1725354973.9740953
1725354973.974124
1725354973.974146
1725354973.9742875
1725354974.0319064
1725354974.0334888
1725354974.033984
1725354974.0393438
1725354974.0403612
1725354974.07002
1725354974.0716226
1725354974.072364
1725354974.096424
1725354974.0971737
1725354974.1501107
1725354974.1505923
1725354974.1526
1725354974.2963254
1725354974.2978165
1725354974.3071308
1725354974.3076243
1725354974.308469
1725354974.3107731
1725354974.321131
1725354974.3232834
1725354974.337584
1725354974.3386886
1725354974.3398025
1725354974.457424
1725354974.458097
1725354974.45962
1725354974.460623
1725354974.4683342
1725354974.4691231
1725354974.5077848
1725354974.509145
1725354974.516778
1725354974.5182717
1725354974.5189147
1725354974.6729016
1725354974.6743927
1725354974.691031
1725354974.6914837
1725354974.6974733
1725354974.6979704
1725354974.6997018
1725354974.7074714
1725354974.7105196
1725354974.711013
1725354974.7115126
1725354974.7530763
1725354974.753547
1725354974.7643142
1725354974.7651794
1725354974.850916
1725354974.8510013
1725354974.8510818
1725354974.9176087
1725354974.9191856
1725354974.9812057
1725354974.995008
1725354974.996013
1725354975.118007
1725354975.1181002
1725354975.1181808
1725354975.119316
1725354975.3205283
1725354975.3212152
1725354975.321727
1725354975.3483903
1725354975.3489747
1725354975.4092386
1725354975.4102836
1725354975.4113586
1725354975.411976
1725354975.4261475
1725354975.4262798
1725354975.5038056
1725354975.5049284
1725354975.5053904
1725354975.512049
1725354975.5129097
1725354975.5137672
1725354975.514044
1725354975.6668055
1725354975.6673677
1725354975.6681287
1725354975.6752777
1725354975.6766498
1725354975.6796875
1725354975.7261605
1725354975.7264407
1725354975.7266922
1725354975.737552
1725354975.7380753
1725354975.7469678
1725354975.748008
1725354975.7480981
1725354975.74818
1725354975.7482924
1725354975.7960167
1725354975.819795
1725354975.9173543
1725354975.9193544
1725354975.9674726
1725354975.9688187
1725354975.969582
1725354976.0113142
1725354976.0117307
1725354976.0123243
1725354976.1575532
1725354976.1582081
1725354976.1591272
1725354976.1688354
1725354976.2522762
1725354976.252981
1725354976.2544339
1725354976.4068785
1725354976.4074035
1725354976.4250686
1725354976.4268365
1725354976.4277759
1725354976.4317863
1725354976.432626
1725354976.6308582
1725354976.6327825
1725354976.6980932
1725354976.6986227
1725354976.6997762
1725354976.7080815
1725354976.792509
1725354976.7937117
1725354976.7952085
1725354976.8182209
1725354976.819064
1725354976.8200324
1725354976.8421028
1725354976.8432467
1725354976.8447475
1725354976.8708723
1725354976.9571958
1725354976.9656482
1725354976.9670265
1725354976.9746475
1725354976.975464
1725354977.0662527
1725354977.0668552
1725354977.0676363
1725354977.0677886
1725354977.1639924
1725354977.2032495
1725354977.2044454
1725354977.2052119
1725354977.206162
1725354977.2416954
1725354977.2428594
1725354977.2949967
1725354977.2965195
1725354977.297051
1725354977.3557346
1725354977.3567972
1725354977.458634
1725354977.459802
1725354977.4644973
1725354977.4649308
1725354977.4752183
1725354977.4764066
1725354977.4769726
1725354977.4833512
1725354977.4840553
1725354977.4846017
1725354977.511231
1725354977.5123417
1725354977.5143287
1725354977.5201952
1725354977.5213137
1725354977.5226302
1725354977.5230563
1725354977.5310206
1725354977.5317879
1725354977.532946
1725354977.5332475
1725354977.549044
1725354977.5703244
1725354977.5710561
1725354977.571853
1725354977.596951
1725354977.5976744
1725354977.5989277
1725354977.6436489
1725354977.9367476
1725354977.9490335
1725354977.9498725
1725354977.9503028
1725354977.990293
1725354977.991157
1725354977.9927359
1725354977.9944355
1725354978.0513225
1725354978.0520313
1725354978.0533476
1725354978.0811899
1725354978.0822024
1725354978.0831928
1725354978.1135073
1725354978.114487
1725354978.1209958
1725354978.123394
1725354978.1333215
1725354978.1338234
1725354978.134326
1725354978.13589
1725354978.1360846
1725354978.1937022
1725354978.1948571
1725354978.1985307
1725354978.2030203
1725354978.2457726
1725354978.2467735
1725354978.2481737
1725354978.2765584
1725354978.2770941
1725354978.2785466
1725354978.3242753
1725354978.3251987
1725354978.3268058
1725354978.3444488
1725354978.4141054
1725354978.4145958
1725354978.415117
1725354978.5131447
1725354978.5141277
1725354978.5161216
1725354978.517431
1725354978.5297244
1725354978.531366
1725354978.575488
1725354978.576188
1725354978.5769386
1725354978.5839562
1725354978.5846946
1725354978.5861416
1725354978.601279
1725354978.6020665
1725354978.6029804
1725354978.6040256
1725354978.6423078
1725354978.6427972
1725354978.6432977
1725354978.6493678
1725354978.650596
1725354978.6520884
1725354978.6624064
1725354978.6632054
1725354978.6637478
1725354978.664235
1725354978.6696255
1725354978.7337606
1725354978.7347097
1725354978.7360036
1725354978.750791
1725354978.7512627
1725354978.7521122
1725354978.791166
1725354978.7918205
1725354978.8796937
1725354978.880189
1725354978.8873975
1725354978.887918
1725354978.8889337
1725354978.890599
1725354978.9280152
1725354978.9668546
1725354978.969004
1725354978.9695308
1725354978.9770432
1725354978.9775243
1725354978.9783676
1725354979.0430286
1725354979.0437412
1725354979.0581665
1725354979.05906
1725354979.0598083
1725354979.0885057
1725354979.0909111
1725354979.09963
1725354979.100631
1725354979.1020644
1725354979.1061528
1725354979.1084294
1725354979.1094637
1725354979.1179202
1725354979.119657
1725354979.121238
1725354979.1501546
1725354979.1514165
1725354979.1531801
1725354979.1538632
1725354979.1721435
1725354979.173277
1725354979.1752453
1725354979.1763294
1725354979.2071187
1725354979.2085378
1725354979.210027
1725354979.2107673
1725354979.2176762
1725354979.219193
1725354979.2214663
1725354979.2524245
1725354979.301341
1725354979.30212
1725354979.3032181
1725354979.3037667
1725354979.3046832
1725354979.3344064
1725354979.3351717
1725354979.3371038
1725354979.3373146
1725354979.4711754
1725354979.4727254
1725354979.4811516
1725354979.4826763
1725354979.484581
1725354979.485061
1725354979.5498283
1725354979.6243656
1725354979.6251438
1725354979.625172
1725354979.6256282
1725354979.62572
1725354979.6318128
1725354979.704172
1725354979.8210175
1725354979.8216598
1725354979.8245916
1725354979.85294
1725354979.8554685
1725354979.8563018
1725354979.8568544
1725354979.879434
1725354979.880018
1725354979.89078
1725354979.8914957
1725354979.8924272
1725354979.8933127
1725354979.9122372
1725354979.914362
1725354979.9956064
1725354979.9962635
1725354980.0933473
1725354980.0938547
1725354980.147435
1725354980.1673744
1725354980.1687765
1725354980.1873782
1725354980.1880622
1725354980.1895142
1725354980.3539808
1725354980.3544717
1725354980.3553054
1725354980.3638487
1725354980.3645942
1725354980.3664985
1725354980.3671622
1725354980.436486
1725354980.4371238
1725354980.4382694
1725354980.4656913
1725354980.6241696
1725354980.6583645
1725354980.660777
1725354980.6708474
1725354980.6713803
1725354980.6731496
1725354980.673635
1725354980.7437713
1725354980.744378
1725354980.7465825
1725354980.8308527
1725354980.8331912
1725354980.9164455
1725354980.9182262
1725354980.919954
1725354980.920499
1725354980.970451
1725354980.9724543
1725354981.0558295
1725354981.0563052
1725354981.0567925
1725354981.0998585
1725354981.120982
1725354981.1227632
1725354981.124676
1725354981.1809502
1725354981.1830018
1725354981.1844873
1725354981.194977
1725354981.1956697
1725354981.1964636
1725354981.1973648
1725354981.2009394
1725354981.2017727
1725354981.203702
1725354981.211214
1725354981.2120528
1725354981.2139444
1725354981.2151096
1725354981.216475
1725354981.4227762
1725354981.4232502
1725354981.4238665
1725354981.427324
1725354981.4349134
1725354981.4767518
1725354981.4774482
1725354981.5138385
1725354981.5143223
1725354981.515368
1725354981.6511378
1725354981.6558619
1725354981.728222
1725354981.729182
1725354981.7797215
1725354981.7802274
1725354981.7807324
1725354981.8048606
1725354981.8061087
1725354981.8071198
1725354981.8216922
1725354981.8224084
1725354981.823884
1725354981.874001
1725354981.9100904
1725354981.9327395
1725354981.933924
1725354981.9411104
1725354981.9418988
1725354982.0775702
1725354982.0787165
1725354982.0792086
1725354982.0913634
1725354982.0940027
1725354982.1447632
1725354982.145716
1725354982.1469302
1725354982.4018557
1725354982.4023468
1725354982.404611
1725354982.4898677
1725354982.490661
1725354982.492635
1725354982.5079877
1725354982.5093012
1725354982.5109959
1725354982.587913
1725354982.590445
1725354982.5924344
1725354982.6269827
1725354982.6277447
1725354982.7402742
1725354982.7406547
1725354982.7411654
1725354982.8304372
1725354982.8318536
1725354982.848743
1725354982.8490884
1725354982.849769
1725354982.8613625
1725354982.861809
1725354982.862671
1725354982.922107
1725354982.92267
1725354982.923841
1725354982.9300115
1725354982.9309192
1725354983.02135
1725354983.0227559
1725354983.0239778
1725354983.0873678
1725354983.0885465
1725354983.0895534
1725354983.0984738
1725354983.0997095
1725354983.1005042
1725354983.1020367
1725354983.2295632
1725354983.2312028
1725354983.232337
1725354983.2460022
1725354983.2462094
1725354983.3220515
1725354983.3221843
1725354983.3227289
1725354983.4230402
1725354983.4236388
1725354983.4496353
1725354983.4500837
1725354983.4502368
1725354983.450346
1725354983.4505436
1725354983.5948777
1725354983.6181135
1725354983.717474
1725354983.7183871
1725354983.754053
1725354983.7554264
1725354983.92475
1725354983.9250898
1725354983.9254022
1725354983.9680228
1725354983.9684947
1725354983.9701452
1725354983.9777086
1725354983.9784193
1725354983.9793355
1725354984.1109607
1725354984.1654282
1725354984.1754515
1725354984.176685
1725354984.1770744
1725354984.1841145
1725354984.1849716
1725354984.1852138
1725354984.225822
1725354984.227547
1725354984.227999
1725354984.271952
1725354984.2725875
1725354984.2733793
1725354984.3141806
1725354984.3159673
1725354984.3161802
1725354984.414217
1725354984.415678
1725354984.4250047
1725354984.425741
1725354984.4258802
1725354984.4269857
1725354984.686843
1725354984.7091813
1725354984.753132
1725354984.75367
1725354984.7548606
1725354984.7741303
1725354984.7746255
1725354984.7766354
1725354984.777113
1725354984.7836297
1725354984.7856572
1725354984.8098795
1725354984.8109822
1725354984.8123403
1725354984.8406587
1725354984.841485
1725354984.842751
1725354984.8680296
1725354984.8695548
1725354985.1839275
1725354985.184692
1725354985.186497
1725354985.271911
1725354985.2789109
1725354985.2796893
1725354985.2805774
1725354985.3778555
1725354985.3791156
1725354985.438977
1725354985.43974
1725354985.4407063
1725354985.4425712
1725354985.4605095
1725354985.4609935
1725354985.462646
1725354985.7021883
1725354985.7026305
1725354985.7678254
1725354985.7683246
1725354985.7696714
1725354985.7976096
1725354985.798763
1725354985.861467
1725354985.862409
1725354985.86404
1725354985.8788705
1725354985.8801694
1725354985.9105318
1725354985.9116814
1725354985.912126
1725354985.9862788
1725354985.987226
1725354986.0886652
1725354986.0902135
1725354986.090784
1725354986.1787257
1725354986.1792295
1725354986.1801167
1725354986.2158682
1725354986.2166557
1725354986.2172086
1725354986.2705398
1725354986.2711568
1725354986.2719204
1725354986.2729342
1725354986.2861311
1725354986.2879407
1725354986.3177798
1725354986.3180654
1725354986.5074208
1725354986.5075955
1725354986.5082111
1725354986.5166008
1725354986.5178313
1725354986.5353239
1725354986.5374076
1725354986.5401654
1725354986.540297
1725354986.5625212
1725354986.5630152
1725354986.56457
1725354986.5998564
1725354986.6013632
1725354986.671222
1725354986.6720545
1725354986.6725445
1725354986.8085642
1725354986.810149
1725354986.8271577
1725354986.8283658
1725354986.8574955
1725354986.8583512
1725354986.8601472
1725354986.9187024
1725354986.9205
1725354986.9731874
1725354986.97398
1725354986.9764154
1725354986.9769392
1725354987.0534184
1725354987.053513
1725354987.054813
1725354987.1227496
1725354987.1238115
1725354987.1248708
1725354987.1623006
1725354987.1642942
1725354987.1648567
1725354987.2951503
1725354987.2962854
1725354987.2973244
1725354987.3058865
1725354987.306632
1725354987.307832
1725354987.3086236
1725354987.3114374
1725354987.3170462
1725354987.3171327
1725354987.3183343
1725354987.3245823
1725354987.3250108
1725354987.3258982
1725354987.3318868
1725354987.3337653
1725354987.458886
1725354987.4599342
1725354987.4604826
1725354987.4922354
1725354987.492727
1725354987.5850468
1725354987.5858088
1725354987.5858319
1725354987.5858514
1725354987.5921593
1725354987.6973507
1725354987.8147383
1725354987.8620918
1725354987.9581382
1725354987.9604077
1725354988.1761205
1725354988.1769984
1725354988.1776972
1725354988.1891742
1725354988.1900783
1725354988.191157
1725354988.2653594
1725354988.2659283
1725354988.2664897
1725354988.317955
1725354988.3182383
1725354988.3337755
1725354988.3362272
1725354988.58912
1725354988.589676
1725354988.5905132
1725354988.7358267
1725354988.7369163
1725354988.737786
1725354988.7586887
1725354988.760244
1725354988.94776
1725354988.9484181
1725354988.948885
1725354989.0510182
1725354989.0513775
1725354989.0520175
1725354989.062947
1725354989.063566
1725354989.0723279
1725354989.072909
1725354989.0732877
1725354989.073582
1725354989.1125114
1725354989.2698064
1725354989.3920066
1725354989.3932924
1725354989.4021654
1725354989.405353
1725354989.4059036
1725354989.4063911
1725354989.422664
1725354989.4234133
1725354989.5515268
1725354989.6790833
1725354989.679709
1725354989.6810086
1725354989.681469
1725354989.7218435
1725354989.7224517
1725354989.7254572
1725354989.7263513
1725354989.7506313
1725354989.751484
1725354989.752092
1725354989.7666602
1725354989.7726138
1725354989.7741508
1725354989.9695647
1725354989.970214
1725354989.9717238
1725354990.0603046
1725354990.0611157
1725354990.077771
1725354990.07905
1725354990.0796325
1725354990.0803614
1725354990.154566
1725354990.1554372
1725354990.209327
1725354990.210354
1725354990.2114325
1725354990.2195213
1725354990.220157
1725354990.2214904
1725354990.2518992
1725354990.2524822
1725354990.254979
1725354990.2690792
1725354990.2694297
1725354990.2697268
1725354990.3608894
1725354990.3620682
1725354990.3748755
1725354990.3753827
1725354990.3761947
1725354990.376708
1725354990.5587611
1725354990.5671694
1725354990.5689912
1725354990.5724175
1725354990.5730069
1725354990.5737088
1725354990.628593
1725354990.62962
1725354990.6304011
1725354990.6437469
1725354990.6493447
1725354990.6511173
1725354990.654639
1725354990.6685717
1725354990.6690578
1725354990.6985338
1725354990.700405
1725354990.7065737
1725354990.7066875
1725354990.7080326
1725354990.7097342
1725354990.737084
1725354990.7384474
1725354990.7493043
1725354990.7672646
1725354990.7678862
1725354990.7688856
1725354990.8793552
1725354990.8801255
1725354990.8807797
1725354990.8875384
1725354990.8891575
1725354990.8893912
1725354990.9041042
1725354990.9045925
1725354990.905565
1725354990.913865
1725354990.914369
1725354990.992644
1725354990.9934409
1725354990.994601
1725354990.9956377
1725354991.0033493
1725354991.0039575
1725354991.0047312
1725354991.1140904
1725354991.114925
1725354991.1164942
1725354991.2953815
1725354991.2960486
1725354991.2965648
1725354991.3017979
1725354991.302667
1725354991.3495345
1725354991.3502173
1725354991.3514705
1725354991.3849728
1725354991.387631
1725354991.388239
1725354991.4717114
1725354991.4725764
1725354991.473048
1725354991.4742658
1725354991.5100558
1725354991.5343263
1725354991.53574
1725354991.5357587
1725354991.5359151
1725354991.5360935
1725354991.7093031
1725354991.729867
1725354991.891798
1725354991.9046252
1725354991.9066527
1725354991.9107103
1725354991.9123456
1725354992.0763226
1725354992.0778723
1725354992.0783346
1725354992.079593
1725354992.100998
1725354992.1015487
1725354992.1029103
1725354992.2126412
1725354992.2137735
1725354992.2165132
1725354992.3216722
1725354992.322647
1725354992.3494966
1725354992.3581507
1725354992.3586366
1725354992.3594666
1725354992.3794699
1725354992.3811214
1725354992.4129827
1725354992.4142103
1725354992.4147575
1725354992.5670946
1725354992.5678477
1725354992.5688245
1725354992.572418
1725354992.576096
1725354992.576929
1725354992.6332777
1725354992.6338232
1725354992.6343231
1725354992.6350648
1725354992.6851528
1725354992.7422757
1725354992.9056206
1725354992.9109945
1725354992.9136093
1725354992.9141955
1725354992.9264445
1725354992.9273014
1725354992.9281666
1725354992.9322445
1725354992.9328964
1725354992.9539008
1725354993.0558877
1725354993.0560033
1725354993.057572
1725354993.0590696
1725354993.0689313
1725354993.0708797
1725354993.0727637
1725354993.0969913
1725354993.0981634
1725354993.0992062
1725354993.0998054
1725354993.1543982
1725354993.157356
1725354993.235951
1725354993.236781
1725354993.2398033
1725354993.25091
1725354993.2518694
1725354993.254487
1725354993.3419125
1725354993.3434756
1725354993.345342
1725354993.3462937
1725354993.3512514
1725354993.4121082
1725354993.4137022
1725354993.4142373
1725354993.4162414
1725354993.428895
1725354993.4295633
1725354993.431539
1725354993.4328625
1725354993.4473982
1725354993.4495256
1725354993.457506
1725354993.5994594
1725354993.6018436
1725354993.6970372
1725354993.7263703
1725354993.7289138
1725354993.731118
1725354993.7327592
1725354994.0089989
1725354994.0096462
1725354994.0111735
1725354994.0128443
1725354994.044055
1725354994.044949
1725354994.0471637
1725354994.0812984
1725354994.0821729
1725354994.0826454
1725354994.0857575
1725354994.1670268
1725354994.1689143
1725354994.256393
1725354994.258844
1725354994.2602515
1725354994.2610319
1725354994.3915486
1725354994.3929777
1725354994.395467
1725354994.4037511
1725354994.44972
1725354994.4509838
1725354994.4547694
1725354994.4764147
1725354994.477837
1725354994.479582
1725354994.515589
1725354994.5168862
1725354994.5182183
1725354994.5741093
1725354994.5748389
1725354994.5766094
1725354994.5799577
1725354994.743325
1725354994.7447612
1725354994.7473443
1725354994.7479634
1725354994.7623806
1725354994.7736654
1725354994.7746406
1725354994.7995307
1725354994.801733
1725354994.8022962
1725354994.8069909
1725354994.8079622
1725354994.809006
1725354994.8274734
1725354994.8286028
1725354994.8305788
1725354994.832433
1725354994.85112
1725354994.8538077
1725354994.854296
1725354994.8586376
1725354994.860174
1725354994.8608649
1725354994.8636494
1725354994.8772058
1725354994.8787124
1725354994.8801975
1725354994.881245
1725354994.8910556
1725354994.8926396
1725354994.8935435
1725354994.8950367
1725354994.99924
1725354995.001357
1725354995.0116487
1725354995.0125422
1725354995.014038
1725354995.0816932
1725354995.0824568
1725354995.08366
1725354995.084579
1725354995.1954947
1725354995.1965115
1725354995.1965883
1725354995.1966124
1725354995.196693
1725354995.2502365
1725354995.2877896
1725354995.288289
1725354995.288854
1725354995.2904117
1725354995.2911441
1725354995.3291593
1725354995.3309758
1725354995.3500845
1725354995.3514843
1725354995.352062
1725354995.3525622
1725354995.3543963
1725354995.360022
1725354995.3709347
1725354995.3732305
1725354995.4718113
1725354995.4723465
1725354995.4729588
1725354995.486239
1725354995.486729
1725354995.488908
1725354995.5639627
1725354995.5646253
1725354995.5669062
1725354995.657451
1725354995.6585088
1725354995.6602058
1725354995.6655555
1725354995.6660671
1725354995.6849325
1725354995.6875262
1725354995.6881075
1725354995.6889584
1725354995.8270085
1725354995.8506153
1725354995.852317
1725354995.8531148
1725354995.9987643
1725354996.0008776
1725354996.0019007
1725354996.1522331
1725354996.1530771
1725354996.1560767
1725354996.3097024
1725354996.3106172
1725354996.3120472
1725354996.435791
1725354996.436602
1725354996.4380877
1725354996.440824
1725354996.4431124
1725354996.5250142
1725354996.525561
1725354996.5266254
1725354996.5278952
1725354996.7232811
1725354996.7255414
1725354996.7267535
1725354996.8176422
1725354996.8181772
1725354996.8186862
1725354996.9130335
1725354996.913528
1725354996.9140465
1725354996.9149446
1725354996.915758
1725354997.1019874
1725354997.117504
1725354997.119772
1725354997.1369755
1725354997.1380064
1725354997.1389627
1725354997.139489
1725354997.1470819
1725354997.1479096
1725354997.288465
1725354997.2970848
1725354997.2971244
1725354997.2972534
1725354997.297315
1725354997.2998435
1725354997.376661
1725354997.4853482
1725354997.48617
1725354997.5302346
1725354997.5316768
1725354997.5325525
1725354997.5417042
1725354997.5428324
1725354997.5438588
1725354997.552642
1725354997.5544546
1725354997.6289995
1725354997.629526
1725354997.6318383
1725354997.632595
1725354997.7037816
1725354997.7568512
1725354997.7576046
1725354997.7583025
1725354997.7976007
1725354997.7982185
1725354997.7991707
1725354997.8000696
1725354997.853699
1725354997.9030483
1725354997.9050534
1725354997.9059124
1725354997.9443712
1725354997.9452362
1725354997.9460022
1725354997.9473214
1725354998.034029
1725354998.0353882
1725354998.1943538
1725354998.1950617
1725354998.1961305
1725354998.1975107
1725354998.2829044
1725354998.3164854
1725354998.3693125
1725354998.3701432
1725354998.449717
1725354998.4501247
1725354998.4508615
1725354998.4673014
1725354998.4678977
1725354998.4685519
1725354998.4986358
1725354998.5001462
1725354998.6695068
1725354998.6698728
1725354998.6711237
1725354998.6943023
1725354998.6948838
1725354998.6961207
1725354998.7485118
1725354998.7507288
1725354998.7656667
1725354998.7661152
1725354998.7667766
1725354998.7756503
1725354998.894914
1725354998.8960114
1725354998.8968718
1725354998.9082708
1725354998.909988
1725354998.915636
1725354998.916111
1725354998.9168792
1725354998.9261787
1725354998.9268565
1725354998.9274929
1725354998.945281
1725354999.004413
1725354999.0055656
1725354999.0062904
1725354999.0151322
1725354999.015683
1725354999.01593
1725354999.0171752
1725354999.0317402
1725354999.0333564
1725354999.0659897
1725354999.0679054
1725354999.1375353
1725354999.1390443
1725354999.1399183
1725354999.1512527
1725354999.2002676
1725354999.2022145
1725354999.2112966
1725354999.211385
1725354999.271572
1725354999.2716675
1725354999.2727523
1725354999.273552
1725354999.509636
1725354999.5107443
1725354999.5447888
1725354999.5455072
1725354999.5468047
1725354999.6067286
1725354999.6080499
1725354999.6085405
1725354999.6966307
1725354999.6980646
1725354999.7617
1725354999.7880387
1725354999.7886138
1725354999.789122
1725354999.7898772
1725354999.8618135
1725354999.862853
1725354999.994589
1725355000.0988228
1725355000.0997186
1725355000.100499
1725355000.1017096
1725355000.3184438
1725355000.3203158
1725355000.3757272
1725355000.3773918
1725355000.3780265
1725355000.3945498
1725355000.3952115
1725355000.3980565
1725355000.5997024
1725355000.6010714
1725355000.6908
1725355000.6912987
1725355000.6922424
1725355000.7186286
1725355000.7191935
1725355000.7199616
1725355000.7623773
1725355000.7633107
1725355000.7690258
1725355000.7701511
1725355000.8165781
1725355000.817116
1725355000.8176143
1725355000.8181176
1725355000.8287892
1725355000.8302078
1725355000.843088
1725355000.84376
1725355000.8439755
1725355000.877524
1725355000.878145
1725355000.87906
1725355000.9775438
1725355000.978145
1725355000.979375
1725355001.0534737
1725355001.0539536
1725355001.0544877
1725355001.1734564
1725355001.1739604
1725355001.1748936
1725355001.1753747
1725355001.2435448
1725355001.2448473
1725355001.2652752
1725355001.26674
1725355001.2675605
1725355001.2988584
1725355001.2999318
1725355001.3008122
1725355001.360004
1725355001.3719378
1725355001.371963
1725355001.3719823
1725355001.3720143
1725355001.3751168
1725355001.397768
1725355001.6246557
1725355001.6247542
1725355001.639237
1725355001.6941762
1725355001.6950302
1725355001.6965315
1725355001.6970131
1725355001.7041254
1725355001.705133
1725355001.705725
1725355001.757509
1725355001.7590795
1725355001.9642553
1725355001.9643755
1725355001.9658132
1725355001.9954093
1725355001.9960408
1725355001.996502
1725355002.262052
1725355002.26378
1725355002.2646534
1725355002.332938
1725355002.3342583
1725355002.3347552
1725355002.371587
1725355002.482972
1725355002.487278
1725355002.491327
1725355002.4919007
1725355002.6332915
1725355002.6346142
1725355002.635291
1725355002.7032983
1725355002.7038739
1725355002.7045493
1725355002.7317739
1725355002.732324
1725355002.8395147
1725355002.8403327
1725355002.8412435
1725355002.8417253
1725355002.8809278
1725355002.8814793
1725355002.8930671
1725355002.894068
1725355002.963716
1725355002.9642658
1725355002.9782393
1725355002.9793646
1725355002.989784
1725355002.9906094
1725355002.9916675
1725355003.0886137
1725355003.0898354
1725355003.0903325
1725355003.161416
1725355003.1624532
1725355003.162975
1725355003.2965553
1725355003.29826
1725355003.3635414
1725355003.3643725
1725355003.365859
1725355003.4260638
1725355003.5240602
1725355003.5249553
1725355003.5261192
1725355003.5333574
1725355003.5350049
1725355003.5439413
1725355003.5457635
1725355003.5781314
1725355003.5794392
1725355003.7161074
1725355003.7168512
1725355003.7184033
1725355003.7298017
1725355003.7316892
1725355003.7331169
1725355003.7709916
1725355003.7734435
1725355003.7739182
1725355003.7747736
1725355003.8417964
1725355003.84339
1725355003.8648424
1725355003.865463
1725355003.8678546
1725355003.868422
1725355004.0633333
1725355004.0646062
1725355004.0761232
1725355004.0777092
1725355004.0799725
1725355004.1788328
1725355004.1804922
1725355004.1842933
1725355004.1849823
1725355004.186881
1725355004.2183352
1725355004.220192
1725355004.287778
1725355004.2885926
1725355004.447177
1725355004.4480753
1725355004.4493988
1725355004.4848123
1725355004.48672
1725355004.637753
1725355004.6383288
1725355004.6391206
1725355004.6401377
1725355004.8246815
1725355004.8264081
1725355005.0226731
1725355005.0232112
1725355005.1049294
1725355005.1058645
1725355005.1212578
1725355005.121543
1725355005.1228142
1725355005.124618
1725355005.154364
1725355005.155273
1725355005.1561344
1725355005.1647382
1725355005.1659977
1725355005.1666627
1725355005.1825173
1725355005.183464
1725355005.1848886
1725355005.3042574
1725355005.3047457
1725355005.3063004
1725355005.336514
1725355005.3376071
1725355005.3382018
1725355005.3458095
1725355005.3472726
1725355005.4619472
1725355005.4626286
1725355005.4631443
1725355005.6563113
1725355005.6565864
1725355005.657579
1725355005.6582615
1725355005.6976862
1725355005.6990194
1725355005.7472498
1725355005.7489
1725355005.7500167
1725355005.7507293
1725355005.7777061
1725355005.7784133
1725355005.7791126
1725355005.8481321
1725355005.8496773
1725355005.849705
1725355005.8497233
1725355005.8498065
1725355005.8872995
1725355005.8906746
1725355005.9924905
1725355005.9933803
1725355006.0347152
1725355006.0353892
1725355006.0362017
1725355006.0444546
1725355006.045186
1725355006.0465364
1725355006.047027
1725355006.1089642
1725355006.1100736
1725355006.1982489
1725355006.1984189
1725355006.1989138
1725355006.3075793
1725355006.3110425
1725355006.4357626
1725355006.437874
1725355006.4384198
1725355006.4712803
1725355006.4735363
1725355006.4760604
1725355006.476655
1725355006.6408682
1725355006.642481
1725355006.6442473
1725355006.7903013
1725355006.791014
1725355006.792239
1725355006.7927525
1725355006.795188
1725355006.9007287
1725355006.9016192
1725355006.9023285
1725355006.9356425
1725355006.9361985
1725355006.9374661
1725355006.980107
1725355007.0320075
1725355007.0326607
1725355007.1904511
1725355007.1914887
1725355007.1929398
1725355007.1933706
1725355007.2625566
1725355007.2634258
1725355007.2648227
1725355007.2688503
1725355007.313423
1725355007.3142335
1725355007.3147962
1725355007.3155823
1725355007.3265781
1725355007.3283136
1725355007.3578517
1725355007.3587084
1725355007.3596652
1725355007.3720393
1725355007.4844506
1725355007.546153
1725355007.5481374
1725355007.6031384
1725355007.604422
1725355007.6069303
1725355007.634747
1725355007.636406
1725355007.6368127
1725355007.6389403
1725355007.7441401
1725355007.7446113
1725355007.746073
1725355007.8487282
1725355007.873358
1725355007.8741434
1725355007.876111
1725355007.921208
1725355007.922633
1725355007.9241512
1725355007.9253197
1725355008.00723
1725355008.0080945
1725355008.053812
1725355008.0544963
1725355008.055139
1725355008.135528
1725355008.1365473
1725355008.2982283
1725355008.2985609
1725355008.3004239
1725355008.3229132
1725355008.3243563
1725355008.5138814
1725355008.5145953
1725355008.5147064
1725355008.5148044
1725355008.514968
1725355008.7037935
1725355008.762658
1725355008.7632303
1725355008.7958233
1725355008.7964704
1725355008.7970347
1725355008.80562
1725355008.805979
1725355008.812909
1725355008.8132007
1725355008.8523757
1725355008.8552814
1725355008.8562999
1725355009.1352582
1725355009.1361063
1725355009.1367147
1725355009.137311
1725355009.1383383
1725355009.174913
1725355009.1760535
1725355009.2866118
1725355009.2872016
1725355009.324926
1725355009.3254504
1725355009.3259676
1725355009.3646457
1725355009.3650973
1725355009.3658428
1725355009.4446747
1725355009.446198
1725355009.446762
1725355009.462548
1725355009.4638002
1725355009.463883
1725355009.549184
1725355009.6061447
1725355009.6063251
1725355009.606758
1725355009.6781864
1725355009.6789887
1725355009.6802418
1725355009.680748
1725355009.694833
1725355009.6958687
1725355009.7140975
1725355009.714711
1725355009.7152271
1725355009.722081
1725355009.7292635
1725355009.729939
1725355009.731099
1725355009.7692964
1725355009.7707992
1725355009.7717466
1725355009.8059978
1725355009.8067489
1725355009.8122702
1725355009.8330302
1725355009.8338506
1725355009.8347285
1725355009.8846064
1725355009.8857222
1725355010.0526853
1725355010.0542758
1725355010.0560298
1725355010.0836942
1725355010.084642
1725355010.0852163
1725355010.1338744
1725355010.1361616
1725355010.1421218
1725355010.142609
1725355010.1434352
1725355010.2752626
1725355010.277057
1725355010.2771275
1725355010.3401787
1725355010.341134
1725355010.68316
1725355010.6839929
1725355010.6845188
1725355010.6954458
1725355010.696789
1725355010.752126
1725355010.7524056
1725355010.7533426
1725355010.8064234
1725355010.8070319
1725355010.8078554
1725355010.8247776
1725355010.8252685
1725355010.8354661
1725355010.8355396
1725355010.837946
1725355010.9577186
1725355010.958334
1725355010.9589136
1725355011.0273964
1725355011.0279207
1725355011.1557405
1725355011.1565332
1725355011.196747
1725355011.197581
1725355011.217981
1725355011.2184644
1725355011.2191865
1725355011.225945
1725355011.2281346
1725355011.265205
1725355011.4136326
1725355011.4155376
1725355011.4271824
1725355011.4282687
1725355011.4288487
1725355011.4297647
1725355011.4544244
1725355011.7608912
1725355011.7621443
1725355011.7631297
1725355011.7728155
1725355011.7736363
1725355011.7749064
1725355011.7780988
1725355011.7886205
1725355011.7891865
1725355011.789966
1725355011.7912798
1725355011.923666
1725355011.9237995
1725355011.9793622
1725355011.980918
1725355011.9817202
1725355011.98777
1725355011.9945984
1725355012.0095675
1725355012.010085
1725355012.0110075
1725355012.0123284
1725355012.021428
1725355012.022021
1725355012.0225358
1725355012.1155558
1725355012.1159675
1725355012.1169207
1725355012.1506553
1725355012.1512325
1725355012.153131
1725355012.1907291
1725355012.191839
1725355012.1923401
1725355012.1981027
1725355012.1990564
1725355012.289632
1725355012.290107
1725355012.2906156
1725355012.2911117
1725355012.3027656
1725355012.3110678
1725355012.3117266
1725355012.3359475
1725355012.336447
1725355012.336939
1725355012.341583
1725355012.37231
1725355012.3917563
1725355012.392441
1725355012.3924687
1725355012.392486
1725355012.3925705
1725355012.4731796
1725355012.4903574
1725355012.74841
1725355012.7493925
1725355012.750826
1725355012.923927
1725355012.9243946
1725355012.925112
1725355013.103312
1725355013.1054513
1725355013.1058261
1725355013.1241708
1725355013.1253757
1725355013.1588247
1725355013.1596797
1725355013.1605453
1725355013.3136458
1725355013.4558468
1725355013.456396
1725355013.4570515
1725355013.4836943
1725355013.4843452
1725355013.485124
1725355013.6367354
1725355013.640964
1725355013.6415956
1725355013.6424258
1725355013.6462216
1725355013.6653783
1725355013.6662116
1725355013.6667202
1725355013.806391
1725355013.8080451
1725355013.8282356
1725355013.8294408
1725355013.8301995
1725355013.8307085
1725355013.85882
1725355013.9462874
1725355013.960627
1725355013.961723
1725355013.9676745
1725355013.968442
1725355013.9692833
1725355014.0703316
1725355014.070796
1725355014.0712664
1725355014.1289074
1725355014.1310227
1725355014.155448
1725355014.1564739
1725355014.1575203
1725355014.1608675
1725355014.1612813
1725355014.1717696
1725355014.1725225
1725355014.1926067
1725355014.1932685
1725355014.195052
1725355014.2005646
1725355014.241135
1725355014.2424612
1725355014.2953484
1725355014.2954364
1725355014.2963781
1725355014.676529
1725355014.6773412
1725355014.7055323
1725355014.7060435
1725355014.707341
1725355014.7079642
1725355014.786173
1725355014.8291242
1725355014.8305273
1725355014.9283457
1725355014.9290223
1725355014.9295294
1725355014.930025
1725355014.9669282
1725355014.9677668
1725355015.0746408
1725355015.0752788
1725355015.0946867
1725355015.0952246
1725355015.0961814
1725355015.0968885
1725355015.102562
1725355015.1635392
1725355015.1643934
1725355015.1797125
1725355015.1808496
1725355015.181853
1725355015.1823967
1725355015.1901329
1725355015.2050848
1725355015.2130923
1725355015.2140007
1725355015.214636
1725355015.2843385
1725355015.284845
1725355015.2856703
1725355015.366763
1725355015.3675566
1725355015.3677773
1725355015.4295323
1725355015.4305341
1725355015.4491653
1725355015.4495168
1725355015.452384
1725355015.4528377
1725355015.5615044
1725355015.562351
1725355015.5768957
1725355015.5786552
1725355015.5790017
1725355015.5794475
1725355015.7153506
1725355015.7240841
1725355015.724699
1725355015.7250934
1725355015.746132
1725355015.7469485
1725355015.813616
1725355015.8147287
1725355015.8154924
1725355015.842708
1725355015.8437767
1725355015.8461797
1725355015.8611548
1725355015.8632288
1725355015.9748945
1725355015.9757943
1725355015.976812
1725355015.9806142
1725355015.9807246
1725355016.1171496
1725355016.1172502
1725355016.1187286
1725355016.2172368
1725355016.2183197
1725355016.2268834
1725355016.3697805
1725355016.3698678
1725355016.3699436
1725355016.3700216
1725355016.4549313
1725355016.6939206
1725355016.695018
1725355016.7482214
1725355016.7496133
1725355016.7504115
1725355016.7714643
1725355016.7720215
1725355016.7728891
1725355016.776098
1725355016.777585
1725355016.8112814
1725355016.8125525
1725355016.8130922
1725355016.8137898
1725355016.8493917
1725355016.8503873
1725355017.273608
1725355017.3888822
1725355017.3892422
1725355017.43356
1725355017.4347036
1725355017.462363
1725355017.464238
1725355017.4792771
1725355017.4809318
1725355017.4814186
1725355017.5008793
1725355017.5017314
1725355017.682274
1725355017.6828032
1725355017.6833096
1725355017.71001
1725355017.7112386
1725355017.7135022
1725355017.8872147
1725355017.8891325
1725355017.944528
1725355017.945073
1725355017.9471145
1725355017.95244
1725355017.952925
1725355017.9596162
1725355018.1084034
1725355018.108988
1725355018.1267738
1725355018.1279166
1725355018.1285195
1725355018.1294663
1725355018.140657
1725355018.1421707
1725355018.1430323
1725355018.247815
1725355018.2486837
1725355018.2498362
1725355018.3340657
1725355018.335675
1725355018.3357925
1725355018.3627732
1725355018.3674831
1725355018.3681262
1725355018.3686733
1725355018.3947484
1725355018.3963177
1725355018.3978665
1725355018.5368142
1725355018.537383
1725355018.538
1725355018.5385053
1725355018.558525
1725355018.5610564
1725355018.5706406
1725355018.5714896
1725355018.5722964
1725355018.587429
1725355018.588172
1725355018.5896823
1725355018.6047232
1725355018.6788385
1725355018.6788547
1725355018.6788683
1725355018.6788878
1725355018.6968722
1725355018.7263436
1725355018.741683
1725355018.7540402
1725355018.7550097
1725355018.8091147
1725355018.8144531
1725355018.8156302
1725355018.8163679
1725355018.8521645
1725355018.8529177
1725355018.9296515
1725355018.93052
1725355018.9313622
1725355018.9645777
1725355018.9647677
1725355018.9668775
1725355018.978794
1725355019.0311534
1725355019.0317094
1725355019.0324726
1725355019.0333793
1725355019.1505568
1725355019.252646
1725355019.2534435
1725355019.2568543
1725355019.2574353
1725355019.2901413
1725355019.2922072
1725355019.2931716
1725355019.2934327
1725355019.3680077
1725355019.3684886
1725355019.3694394
1725355019.3700159
1725355019.3966892
1725355019.3972914
1725355019.398257
1725355019.7666326
1725355019.9116287
1725355019.9126434
1725355019.9146774
1725355019.9179232
1725355019.9190547
1725355019.9627895
1725355019.9629283
1725355019.9631598
1725355019.964493
1725355019.9843795
1725355020.056283
1725355020.057259
1725355020.0577514
1725355020.0683568
1725355020.0980272
1725355020.099135
1725355020.1021318
1725355020.1041167
1725355020.1052892
1725355020.1073565
1725355020.1103644
1725355020.210996
1725355020.2112656
1725355020.220711
1725355020.3247428
1725355020.3259168
1725355020.426775
1725355020.4280415
1725355020.4288838
1725355020.429372
1725355020.4313626
1725355020.440244
1725355020.4422078
1725355020.4919846
1725355020.4934182
1725355020.4948435
1725355020.5384505
1725355020.5398998
1725355020.5406094
1725355020.5416667
1725355020.562339
1725355020.5641618
1725355020.5662742
1725355020.5752766
1725355020.577517
1725355020.5788808
1725355020.698059
1725355020.6988108
1725355020.69988
1725355020.700346
1725355020.7165637
1725355020.719563
1725355020.7449784
1725355020.7462788
1725355020.7503471
1725355020.750628
1725355020.8726642
1725355020.8729513
1725355020.8820808
1725355020.8834012
1725355020.883677
1725355020.8838918
1725355020.8840048
1725355020.9483664
1725355021.0005221
1725355021.0884457
1725355021.0904727
1725355021.0914428
1725355021.1448712
1725355021.1474233
1725355021.154558
1725355021.1556685
1725355021.1566248
1725355021.156919
1725355021.1750565
1725355021.176132
1725355021.1970532
1725355021.1978724
1725355021.1991282
1725355021.3127818
1725355021.316061
1725355021.3650482
1725355021.3656063
1725355021.3672745
1725355021.386499
1725355021.3872085
1725355021.3882332
1725355021.4221303
1725355021.4251611
1725355021.4364476
1725355021.43768
1725355021.4380846
1725355021.4394124
1725355021.4860191
1725355021.4863794
1725355021.487002
1725355021.5228941
1725355021.525299
1725355021.5256083
1725355021.5923004
1725355021.593377
1725355021.594484
1725355021.7411516
1725355021.7557592
1725355021.7563503
1725355021.7578712
1725355021.7664838
1725355021.767229
1725355021.767792
1725355021.7689805
1725355021.8357172
1725355021.837512
1725355021.874883
1725355021.8754442
1725355021.8760598
1725355021.8992953
1725355021.901171
1725355021.9016657
1725355021.9195035
1725355021.9206061
1725355021.9234612
1725355022.0293016
1725355022.0297892
1725355022.031812
1725355022.0724595
1725355022.0776458
1725355022.078385
1725355022.0996544
1725355022.1018906
1725355022.1263926
1725355022.1271496
1725355022.1279519
1725355022.1883733
1725355022.190061
1725355022.1901493
1725355022.191044
1725355022.1982422
1725355022.2595394
1725355022.2601466
1725355022.2607317
1725355022.3831758
1725355022.3837216
1725355022.3843358
1725355022.4440002
1725355022.4444788
1725355022.445699
1725355022.467454
1725355022.4688077
1725355022.469851
1725355022.4781947
1725355022.4786758
1725355022.4798906
1725355022.517053
1725355022.5197027
1725355022.5209134
1725355022.6560938
1725355022.6574593
1725355022.6579888
1725355022.6586611
1725355022.6754837
1725355022.676303
1725355022.864226
1725355022.8654158
1725355022.8666592
1725355022.867949
1725355022.8691263
1725355022.8721554
1725355022.8726523
1725355022.87622
1725355022.893701
1725355022.8942442
1725355022.9029045
1725355022.9034235
1725355022.9039662
1725355022.9052236
1725355022.9057071
1725355022.9447505
1725355022.9474673
1725355022.9485517
1725355023.038226
1725355023.0404773
1725355023.0420692
1725355023.070097
1725355023.1588626
1725355023.1594238
1725355023.303862
1725355023.3050928
1725355023.3068886
1725355023.309196
1725355023.3870487
1725355023.387765
1725355023.3882344
1725355023.4540632
1725355023.4570627
1725355023.4574633
1725355023.4955244
1725355023.4968686
1725355023.4973936
1725355023.6120582
1725355023.6125216
1725355023.6377609
1725355023.638437
1725355023.640189
1725355023.71996
1725355023.7206655
1725355023.721519
1725355023.722284
1725355023.7737255
1725355023.7751317
1725355023.7756047
1725355023.778183
1725355023.8632166
1725355023.8644333
1725355023.8651805
1725355023.866403
1725355023.8677115
1725355024.0541365
1725355024.0838418
1725355024.085301
1725355024.0869799
1725355024.2181425
1725355024.2193277
1725355024.2206712
1725355024.222669
1725355024.2534554
1725355024.2542794
1725355024.2562394
1725355024.357785
1725355024.3591442
1725355024.3591707
1725355024.3591897
1725355024.35999
1725355024.3625634
1725355024.5365868
1725355024.589838
1725355024.5907183
1725355024.5914748
1725355024.5926313
1725355024.7485237
1725355024.7498896
1725355024.7517712
1725355024.7521486
1725355024.7574723
1725355024.7608936
1725355024.7613475
1725355024.761774
1725355024.762174
1725355024.7766683
1725355024.7899852
1725355024.8059435
1725355024.8417816
1725355024.8486078
1725355024.851428
1725355024.8810065
1725355024.9006548
1725355024.9255116
1725355024.9268594
1725355024.938449
1725355024.9560997
1725355024.978357
1725355025.00667
1725355025.0369391
1725355025.0399973
1725355025.0464299
1725355025.0468252
1725355025.0472355
1725355025.0478287
1725355025.0487916
1725355025.054263
1725355025.0555422
1725355025.056176
1725355025.057079
1725355025.0732665
1725355025.0891232
1725355025.1051404
1725355025.125122
1725355025.126385
1725355025.1271775
1725355025.1280422
1725355025.128741
1725355025.1290915
1725355025.1323042
1725355025.1326876
1725355025.1331646
1725355025.1409774
1725355025.160303
1725355025.1693919
1725355025.1890671
1725355025.198098
1725355025.1985357
1725355025.1989224
1725355025.1994355
1725355025.2019544
1725355025.2409637
1725355025.2437344
1725355025.287719
1725355025.300931
1725355025.3108299
1725355025.3288324
1725355025.3429105
1725355025.351441
1725355025.3550253
1725355025.3565261
1725355025.3609483
1725355025.370944
1725355025.376079
1725355025.3783731
1725355025.3784754
1725355025.3785563
1725355025.3799407
1725355025.390131
1725355025.396155
1725355025.396671
1725355025.4008167
1725355025.4009013
1725355025.402207
1725355025.4032412
1725355025.4033134
1725355025.4033802
1725355025.4038455
1725355025.428591
1725355025.4571834
1725355025.4951434
1725355025.5020535
1725355025.521668
1725355025.538963
1725355025.5402932
1725355025.5407357
1725355025.5414674
1725355025.5418484
1725355025.5450087
1725355025.5584452
1725355025.5685596
1725355025.5959475
1725355025.6166286
1725355025.6503918
1725355025.652445
1725355025.6641657
1725355025.6646748
1725355025.6653845
1725355025.6680613
1725355025.668259
1725355025.6697469
1725355025.6873376
1725355025.688523
1725355025.6896768
1725355025.6918054
1725355025.7069173
1725355025.747055
1725355025.7632174
1725355025.765186
1725355025.7908256
1725355025.7911668
1725355025.7920117
1725355025.7926323
1725355025.7929485
1725355025.794421
1725355025.8040905
1725355025.8067946
1725355025.808579
1725355025.8091793
1725355025.8098838
1725355025.8178203
1725355025.825959
1725355025.8646722
1725355025.87868
1725355025.9049847
1725355025.9089541
1725355025.930902
1725355025.952316
1725355025.9685068
1725355025.9836683
1725355026.0013454
1725355026.0180852
1725355026.0313811
1725355026.052031
1725355026.0523381
1725355026.0534766
1725355026.0542154
1725355026.0550528
1725355026.0664933
1725355026.0685146
1725355026.073536
1725355026.0744824
1725355026.0754714
1725355026.0775316
1725355026.0783446
1725355026.0786588
1725355026.0789664
1725355026.0864918
1725355026.0920386
1725355026.0933409
1725355026.0937314
1725355026.0943704
1725355026.1015427
1725355026.1258156
1725355026.1302817
1725355026.156264
1725355026.1894948
1725355026.1995983
1725355026.2037961
1725355026.2048786
1725355026.2051253
1725355026.205702
1725355026.205987
1725355026.206709
1725355026.207468
1725355026.2124956
1725355026.212733
1725355026.2133598
1725355026.2147412
1725355026.2190678
1725355026.2258935
1725355026.248403
1725355026.2491078
1725355026.2497594
1725355026.2506187
1725355026.2508752
1725355026.25113
1725355026.2517455
1725355026.254442
1725355026.2717962
1725355026.2770488
1725355026.3091366
1725355026.3093772
1725355026.3098383
1725355026.3103077
1725355026.3107142
1725355026.311133
1725355026.3127277
1725355026.323421
1725355026.3236704
1725355026.3239002
1725355026.3242326
1725355026.3250213
1725355026.3257418
1725355026.3260343
1725355026.3260658
1725355026.326091
1725355026.3261204
1725355026.3276346
1725355026.328309
1725355026.3574533
1725355026.3684626
1725355026.373366
1725355026.373899
1725355026.374289
1725355026.3747444
1725355026.37511
1725355026.3784804
1725355026.3834476
1725355026.3836768
1725355026.383878
1725355026.3841128
1725355026.384444
1725355026.3846686
1725355026.384878
1725355026.3850815
1725355026.385277
1725355026.3858232
1725355026.3934708
1725355026.4120753
1725355026.4265926
1725355026.4384828
1725355026.4554842
1725355026.4726474
1725355026.4883802
1725355026.5257165
1725355026.5446403
1725355026.5474045
1725355026.5482364
1725355026.548504
1725355026.5488274
1725355026.548996
1725355026.5495915
1725355026.54965
1725355026.552952
1725355026.55325
1725355026.5544982
1725355026.554687
1725355026.5549276
1725355026.5551612
1725355026.555313
1725355026.5587547
1725355026.574041
1725355026.5909998
1725355026.6072016
1725355026.6216745
1725355026.6327028
1725355026.6329248
1725355026.6333203
1725355026.6334827
1725355026.6337214
1725355026.6343937
1725355026.6349683
1725355026.6357698
1725355026.658765
1725355026.6707413
1725355026.704323
1725355026.7089853
1725355026.7446346
1725355026.750687
1725355026.767766
1725355026.7814283
1725355026.8218904
1725355026.846061
1725355026.8771777
1725355026.8783045
1725355026.88395
1725355026.898468
1725355026.9134562
1725355026.914435
1725355026.91468
1725355026.938429
1725355026.9484944
1725355026.9694235
1725355026.982155
1725355026.9831316
1725355026.9834554
1725355026.9834895
1725355026.9836986
1725355026.983893
1725355026.9840326
1725355026.9841597
1725355026.9845514
1725355026.9940803
1725355026.994207
1725355026.9943736
1725355026.994527
1725355026.9946668
1725355026.9948728
1725355026.99502
1725355026.9952862
1725355026.9954145
1725355026.9955885
1725355026.996759
1725355027.04707
1725355027.0474277
1725355027.047997
1725355027.0483031
1725355027.0485091
1725355027.0487034
1725355027.048809
1725355027.0488691
1725355027.0534449
1725355027.0548491
1725355027.0573328
1725355027.0586224
1725355027.0587556
1725355027.0589259
1725355027.0590558
1725355027.0591972
1725355027.0594056
1725355027.0597064
1725355027.0598812
1725355027.0600512
1725355027.0601864
1725355027.0602982
1725355027.0652857
1725355027.0742822
1725355027.074653
1725355027.0747817
1725355027.0749917
1725355027.0752437
1725355027.075402
1725355027.07559
1725355027.076124
1725355027.0762455
1725355027.1023655
1725355027.116218
1725355027.1278422
1725355027.145425
1725355027.1610215
1725355027.1859858
1725355027.1932638
1725355027.2154346
1725355027.2291505
1725355027.245094
1725355027.2630336
1725355027.2647874
1725355027.2650414
1725355027.265254
1725355027.2655106
1725355027.265668
1725355027.2659464
1725355027.266077
1725355027.266207
1725355027.2663422
1725355027.2862897
1725355027.302464
1725355027.3132877
1725355027.3332322
1725355027.3447838
1725355027.3637207
1725355027.3758528
1725355027.395525
1725355027.4084072
1725355027.4084868
1725355027.4085455
1725355027.408597
1725355027.4086175
1725355027.4091566
1725355027.4098582
1725355027.4107368
1725355027.4108934
1725355027.4115605
1725355027.4277036
1725355027.4329486
1725355027.4329998
1725355027.4330494
1725355027.4330971
1725355027.4337795
1725355027.434071
1725355027.4343646
1725355027.4344926
1725355027.434621
1725355027.4347558
1725355027.4421892
1725355027.4424384
1725355027.4426882
1725355027.4428766
1725355027.442995
1725355027.4430835
1725355027.4433815
1725355027.4438255
1725355027.4443727
1725355027.4450552
1725355027.4454453
1725355027.4458568
1725355027.4459355
1725355027.4574096
1725355027.4951994
1725355027.5071807
1725355027.5136209
1725355027.5496738
1725355027.5497553
1725355027.5518389
1725355027.5519037
1725355027.5519688
1725355027.5520723
1725355027.5521579
1725355027.552234
1725355027.552296
1725355027.5523741
1725355027.5524287
1725355027.5524955
1725355027.5525603
1725355027.5526767
1725355027.5527568
1725355027.5528235
1725355027.5528913
1725355027.552957
1725355027.5530217
1725355027.553088
1725355027.553152
1725355027.5532675
1725355027.5643773
1725355027.5794916
1725355027.5892243
1725355027.6046278
1725355027.6198823
1725355027.6392694
1725355027.6574283
1725355027.7058249
1725355027.707873
1725355027.7168238
1725355027.7306395
1725355027.7306943
1725355027.7307572
1725355027.730823
1725355027.7308881
1725355027.7309537
1725355027.7310615
1725355027.7311203
1725355027.7311969
1725355027.7313044
1725355027.7314413
1725355027.7315412
1725355027.7316194
1725355027.7316954
1725355027.731764
1725355027.731862
1725355027.7319212
1725355027.732132
1725355027.7322156
1725355027.7322469
1725355027.73226
1725355027.7322767
1725355027.7416842
1725355027.7672486
1725355027.809992
1725355027.827183
1725355027.8442464
1725355027.8443325
1725355027.844455
1725355027.8444915
1725355027.8449705
1725355027.8451078
1725355027.8451798
1725355027.8452466
1725355027.8453147
1725355027.8453884
1725355027.8454428
1725355027.8455625
1725355027.8456535
1725355027.8532572
1725355027.8581514
1725355027.9221663
1725355027.933761
1725355027.9819484
1725355027.9826248
1725355027.9835486
1725355028.010299
1725355028.0108216
1725355028.026484
1725355028.0365472
1725355028.052629
1725355028.0637174
1725355028.0789864
1725355028.114582
1725355028.1547887
1725355028.1609545
1725355028.1780176
1725355028.199544
1725355028.2106822
1725355028.2270696
1725355028.2464821
1725355028.2821658
1725355028.302182
1725355028.3100343
1725355028.3274581
1725355028.3409266
1725355028.3580768
1725355028.3744764
1725355028.3907866
1725355028.4148028
1725355028.4270024
1725355028.4486706
1725355028.4604166
1725355028.4752886
1725355028.4917576
1725355028.5120096
1725355028.5905087
1725355028.6109333
1725355028.6126285
1725355028.6186917
1725355028.619428
1725355028.6229424
1725355028.6399732
1725355028.6563609
1725355028.6886988
1725355028.7320318
1725355028.73629
1725355028.7589426
1725355028.7723117
1725355028.787964
1725355028.8097394
1725355028.8250515
1725355028.8378851
1725355028.8543487
1725355028.8912408
1725355028.9031034
1725355028.9248264
1725355028.9403682
1725355028.9751577
1725355029.0148838
1725355029.0254657
1725355029.0400214
1725355029.0814073
1725355029.089442
1725355029.1062164
1725355029.1342707
1725355029.1549659
1725355029.1766992
1725355029.1802087
1725355029.2004712
1725355029.2245882
1725355029.2356656
1725355029.2515197
1725355029.2638214
1725355029.2820323
1725355029.2979658
1725355029.3100994
1725355029.32784
1725355029.3448734
1725355029.3734252
1725355029.3851318
1725355029.3981597
1725355029.4112377
1725355029.4463341
1725355029.4582727
1725355029.4747357
1725355029.4917328
1725355029.5104673
1725355029.5326452
1725355029.5436819
1725355029.584146
1725355029.5961637
1725355029.608395
1725355029.6320512
1725355029.6398482
1725355029.6582766
1725355029.6744196
1725355029.6902926
1725355029.7053475
1725355029.7209346
1725355029.7470489
1725355029.7554522
1725355029.7941892
1725355029.8061292
1725355029.8201268
1725355029.8413126
1725355029.8523235
1725355029.8902986
1725355029.9065092
1725355029.920037
1725355029.9618654
1725355029.9716527
1725355029.9750526
1725355030.004751
1725355030.0170746
1725355030.044647
1725355030.0531516
1725355030.0885282
1725355030.1095803
1725355030.1150732
1725355030.131375
1725355030.1509051
1725355030.164817
1725355030.2005484
1725355030.2174437
1725355030.2431905
1725355030.2493222
1725355030.2639906
1725355030.2782865
1725355030.304303
1725355030.3107235
1725355030.3279705
1725355030.362932
1725355030.3785245
1725355030.3937142
1725355030.4169352
1725355030.4289157
1725355030.4480898
1725355030.4603474
1725355030.4762433
1725355030.4957657
1725355030.5134377
1725355030.526145
1725355030.558098
1725355030.5736687
1725355030.5811763
1725355030.5929942
1725355030.6126316
1725355030.6317413
1725355030.6425126
1725355030.6730917
1725355030.679222
1725355030.696037
1725355030.718756
1725355030.7551308
1725355030.7556639
1725355030.772635
1725355030.7763495
1725355030.8153112
1725355030.831081
1725355030.8439138
1725355030.856992
1725355030.8728573
1725355030.888395
1725355030.9071755
1725355030.9233518
1725355030.979115
1725355030.979865
1725355030.9873867
1725355031.0045562
1725355031.038887
1725355031.0821784
1725355031.094544
1725355031.1172383
1725355031.1343787
1725355031.1773582
1725355031.1866066
1725355031.2056742
1725355031.242435
1725355031.2429745
1725355031.254528
1725355031.2667842
1725355031.2835734
1725355031.3013208
1725355031.3147967
1725355031.331651
1725355031.3475754
1725355031.389954
1725355031.421108
1725355031.4300146
1725355031.4450564
1725355031.4616463
1725355031.4788282
1725355031.49387
1725355031.5132432
1725355031.5473802
1725355031.5644612
1725355031.5796235
1725355031.594504
1725355031.608668
1725355031.6336427
1725355031.641214
1725355031.6573002
1725355031.6838255
1725355031.696168
1725355031.7097933
1725355031.72387
1725355031.7513745
1725355031.7599728
1725355031.78523
1725355031.8408055
1725355031.865506
1725355031.8697386
1725355031.870697
1725355031.8872182
1725355031.9068656
1725355031.9080575
1725355031.9230351
1725355031.942456
1725355031.9586651
1725355031.9954836
1725355032.0213623
1725355032.0445783
1725355032.0534403
1725355032.0770597
1725355032.0979257
1725355032.1138144
1725355032.1201193
1725355032.1566133
1725355032.1733062
1725355032.188581
1725355032.2037225
1725355032.2380507
1725355032.2701428
1725355032.2918773
1725355032.3036613
1725355032.3390377
1725355032.3586674
1725355032.3661964
1725355032.4016623
1725355032.4145138
1725355032.4303744
1725355032.4544778
1725355032.4649312
1725355032.4855428
1725355032.5045013
1725355032.513782
1725355032.531437
1725355032.5473974
1725355032.5630317
1725355032.5819976
1725355032.6042292
1725355032.6148574
1725355032.630723
1725355032.6468642
1725355032.6626096
1725355032.6776617
1725355032.7166808
1725355032.7259243
1725355032.7441893
1725355032.7878566
1725355032.7891748
1725355032.8004084
1725355032.820536
1725355032.8442328
1725355032.8854403
1725355032.8875809
1725355032.9079792
1725355032.9156747
1725355032.9278529
1725355032.9400346
1725355032.962867
1725355032.9764407
1725355032.988039
1725355033.01671
1725355033.0224392
1725355033.0554445
1725355033.0726929
1725355033.085681
1725355033.1087332
1725355033.1213715
1725355033.1359382
1725355033.1544523
1725355033.1919134
1725355033.2235184
1725355033.2258792
1725355033.2444527
1725355033.2740784
1725355033.29396
1725355033.3016553
1725355033.325365
1725355033.3551319
1725355033.372751
1725355033.3865666
1725355033.3994255
1725355033.418969
1725355033.4338565
1725355033.4687953
1725355033.4859734
1725355033.5066836
1725355033.5287824
1725355033.5344653
1725355033.549604
1725355033.5690908
1725355033.580883
1725355033.598288
1725355033.6328366
1725355033.6505837
1725355033.6652741
1725355033.685038
1725355033.697364
1725355033.7126887
1725355033.743845
1725355033.7766557
1725355033.7782774
1725355033.7983122
1725355033.8000746
1725355033.8119934
1725355033.833226
1725355033.8559356
1725355033.8657534
1725355033.8775046
1725355033.9040666
1725355033.9160087
1725355033.9307852
1725355033.9462442
1725355033.9600315
1725355033.9758887
1725355034.0017126
1725355034.0119655
1725355034.0456808
1725355034.0554137
1725355034.089277
1725355034.1034572
1725355034.1228082
1725355034.1340415
1725355034.1453068
1725355034.159989
1725355034.1784008
1725355034.1918564
1725355034.2417057
1725355034.253347
1725355034.2546775
1725355034.2705564
1725355034.3058736
1725355034.3519366
1725355034.3688712
1725355034.3900864
1725355034.4037964
1725355034.4705958
1725355034.4736114
1725355034.477744
1725355034.5216348
1725355034.5225985
1725355034.5282574
1725355034.666885
1725355034.7214696
1725355034.7231908
1725355034.725938
1725355034.731709
1725355034.7325928
1725355034.734835
1725355034.7632744
1725355034.7647269
1725355034.8011699
1725355034.8075614
1725355034.8290372
1725355034.8437035
1725355034.8595693
1725355034.878588
1725355034.8891554
1725355034.9014418
1725355034.9192011
1725355034.9313152
1725355034.9672198
1725355034.9691
1725355034.9997585
1725355035.0046406
1725355035.024315
1725355035.0387013
1725355035.0532134
1725355035.0972226
1725355035.118517
1725355035.1227856
1725355035.1353023
1725355035.1449301
1725355035.1707628
1725355035.180445
1725355035.1948142
1725355035.2196956
1725355035.2335436
1725355035.2671044
1725355035.292865
1725355035.323581
1725355035.328148
1725355035.340741
1725355035.3681579
1725355035.3774226
1725355035.396073
1725355035.4275608
1725355035.4397066
1725355035.4570467
1725355035.4791317
1725355035.5236585
1725355035.5525389
1725355035.565929
1725355035.5876405
1725355035.6126668
1725355035.6288135
1725355035.6421368
1725355035.6770878
1725355035.692601
1725355035.7139304
1725355035.7285624
1725355035.7425373
1725355035.7593167
1725355035.7890165
1725355035.7962506
1725355035.809209
1725355035.8247337
1725355035.840141
1725355035.8578176
1725355035.8763049
1725355035.8904076
1725355035.9068122
1725355035.935606
1725355035.9416378
1725355035.9572084
1725355035.9934256
1725355036.0081491
1725355036.0204625
1725355036.0370216
1725355036.0653582
1725355036.0980842
1725355036.099832
1725355036.118871
1725355036.1387248
1725355036.1523433
1725355036.1701891
1725355036.2046006
1725355036.206694
1725355036.2185287
1725355036.2390704
1725355036.25245
1725355036.2691865
1725355036.292221
1725355036.300486
1725355036.3350573
1725355036.351728
1725355036.3655732
1725355036.397862
1725355036.3991072
1725355036.414678
1725355036.431165
1725355036.4642174
1725355036.4816465
1725355036.5049446
1725355036.5161343
1725355036.5490677
1725355036.5645757
1725355036.5826707
1725355036.5979497
1725355036.6319969
1725355036.6512828
1725355036.6604514
1725355036.6797123
1725355036.7062402
1725355036.713295
1725355036.7461529
1725355036.762681
1725355036.7827399
1725355036.7968528
1725355036.811571
1725355036.8244784
1725355036.8545194
1725355036.8576777
1725355036.8753788
1725355036.9146936
1725355036.9253235
1725355036.9398577
1725355036.9641788
1725355036.9785755
1725355036.9920278
1725355037.0109675
1725355037.0227594
1725355037.0415895
1725355037.0546873
1725355037.0700843
1725355037.0912185
1725355037.116698
1725355037.1224601
1725355037.1616194
1725355037.1634233
1725355037.1713614
1725355037.1926916
1725355037.208365
1725355037.22081
1725355037.2329824
1725355037.2520955
1725355037.2722487
1725355037.292636
1725355037.3051083
1725355037.3218958
1725355037.352449
1725355037.3687935
1725355037.386109
1725355037.3981993
1725355037.4214358
1725355037.431802
1725355037.4490275
1725355037.4636993
1725355037.5033596
1725355037.51876
1725355037.5286574
1725355037.5472538
1725355037.5787983
1725355037.6248505
1725355037.6364274
1725355037.66171
1725355037.6753244
1725355037.7165146
1725355037.7292407
1725355037.7495039
1725355037.785515
1725355037.7933583
1725355037.798575
1725355037.8095856
1725355037.8324354
1725355037.8447614
1725355037.860981
1725355037.8742874
1725355037.9022524
1725355037.931392
1725355037.9702601
1725355037.9822013
1725355037.9941583
1725355038.0100944
1725355038.038371
1725355038.0427878
1725355038.0616746
1725355038.0993536
1725355038.111876
1725355038.1284363
1725355038.1487858
1725355038.1544492
1725355038.1718836
1725355038.1870728
1725355038.203942
1725355038.2210414
1725355038.2404919
1725355038.2525015
1725355038.2688034
1725355038.2981408
1725355038.310731
1725355038.3173141
1725355038.358739
1725355038.3757718
1725355038.3932276
1725355038.4053712
1725355038.4199963
1725355038.435684
1725355038.4490738
1725355038.4671493
1725355038.4813814
1725355038.5027778
1725355038.5784943
1725355038.6081016
1725355038.6126776
1725355038.6138875
1725355038.6249378
1725355038.661728
1725355038.6636271
1725355038.6738768
1725355038.7047224
1725355038.7507043
1725355038.7600124
1725355038.7618384
1725355038.7844107
1725355038.8172972
1725355038.8330297
1725355038.8565097
1725355038.8823035
1725355038.8948324
1725355038.9081194
1725355038.9400628
1725355038.9683661
1725355038.9750986
1725355038.9900618
1725355039.0097115
1725355039.0239856
1725355039.0408099
1725355039.0577214
1725355039.0738597
1725355039.0907357
1725355039.1091926
1725355039.122516
1725355039.1514428
1725355039.1671
1725355039.174885
1725355039.1909792
1725355039.2126915
1725355039.2211227
1725355039.2636094
1725355039.2699773
1725355039.2871988
1725355039.3009741
1725355039.3211439
1725355039.3407671
1725355039.3614452
1725355039.404484
1725355039.4088147
1725355039.4269097
1725355039.4348593
1725355039.451032
1725355039.4709134
1725355039.4855657
1725355039.501393
1725355039.5196302
1725355039.5348656
1725355039.5516756
1725355039.5711622
1725355039.607411
1725355039.623949
1725355039.636119
1725355039.6560533
1725355039.68536
1725355039.6869476
1725355039.702575
1725355039.7323403
1725355039.7497916
1725355039.7770138
1725355039.7896764
1725355039.8164577
1725355039.8297017
1725355039.847028
1725355039.8691714
1725355039.902652
1725355039.9140947
1725355039.9292622
1725355039.9448683
1725355039.9624522
1725355039.9817042
1725355040.0169733
1725355040.033797
1725355040.0504363
1725355040.0610795
1725355040.0794299
1725355040.0923634
1725355040.1134658
1725355040.124739
1725355040.1419053
1725355040.1790626
1725355040.1950471
1725355040.208384
1725355040.224633
1725355040.2432754
1725355040.2562463
1725355040.2846673
1725355040.2889547
1725355040.311194
1725355040.3219922
1725355040.3438203
1725355040.3564568
1725355040.3720093
1725355040.3903384
1725355040.4036088
1725355040.4192996
1725355040.4402351
1725355040.4546158
1725355040.472657
1725355040.4925458
1725355040.5140018
1725355040.5211723
1725355040.540813
1725355040.552621
1725355040.5773659
1725355040.5950816
1725355040.6246452
1725355040.6384504
1725355040.6544485
1725355040.6697116
1725355040.6952934
1725355040.7091622
1725355040.7180302
1725355040.7398868
1725355040.778236
1725355040.7836566
1725355040.7965157
1725355040.813228
1725355040.8517914
1725355040.8857481
1725355040.9167979
1725355040.9366198
1725355040.937455
1725355040.9831696
1725355041.0052152
1725355041.0168154
1725355041.056551
1725355041.0587173
1725355041.0710835
1725355041.078233
1725355041.1050048
1725355041.1128619
1725355041.1337707
1725355041.1434057
1725355041.1616716
1725355041.1925883
1725355041.2344425
1725355041.2420225
1725355041.2639565
1725355041.2732189
1725355041.2920933
1725355041.315129
1725355041.3226056
1725355041.3650348
1725355041.3730762
1725355041.3909373
1725355041.412672
1725355041.4230974
1725355041.4379098
1725355041.4517744
1725355041.4688613
1725355041.4842832
1725355041.5065064
1725355041.5214632
1725355041.5332282
1725355041.5531688
1725355041.573978
1725355041.5873084
1725355041.6262681
1725355041.6390226
1725355041.6624982
1725355041.671139
1725355041.6847372
1725355041.7002316
1725355041.7216618
1725355041.7325604
1725355041.746611
1725355041.7723303
1725355041.801771
1725355041.8296914
1725355041.8531225
1725355041.86624
1725355041.879776
1725355041.8966165
1725355041.9320285
1725355041.9352293
1725355041.9672005
1725355041.983343
1725355041.9943454
1725355042.0273123
1725355042.0562072
1725355042.0855844
1725355042.0954285
1725355042.1109157
1725355042.1509671
1725355042.165933
1725355042.181572
1725355042.2091131
1725355042.2316985
1725355042.245841
1725355042.2570271
1725355042.295077
1725355042.2960403
1725355042.3202171
1725355042.3309808
1725355042.3423374
1725355042.368852
1725355042.3746705
1725355042.3933887
1725355042.4075384
1725355042.4285746
1725355042.4416163
1725355042.459256
1725355042.471668
1725355042.492437
1725355042.5238264
1725355042.5415134
1725355042.5554616
1725355042.573817
1725355042.5895827
1725355042.6052537
1725355042.6209998
1725355042.656331
1725355042.6667192
1725355042.68613
1725355042.6992002
1725355042.7181613
1725355042.7415059
1725355042.7529263
1725355042.7664647
1725355042.7811484
1725355042.7981524
1725355042.8127546
1725355042.8295655
1725355042.8634176
1725355042.8814573
1725355042.9003336
1725355042.9149332
1725355042.9302704
1725355042.95471
1725355042.969072
1725355042.9983964
1725355043.01175
1725355043.0301297
1725355043.051963
1725355043.0750396
1725355043.099748
1725355043.110323
1725355043.1281497
1725355043.1600883
1725355043.177906
1725355043.1912324
1725355043.2091963
1725355043.2260814
1725355043.2582095
1725355043.2775278
1725355043.2958093
1725355043.3146498
1725355043.3251178
1725355043.3415613
1725355043.3634293
1725355043.37741
1725355043.3928885
1725355043.4110007
1725355043.4412472
1725355043.4603202
1725355043.4734871
1725355043.4883366
1725355043.5136945
1725355043.5279562
1725355043.5412023
1725355043.5628047
1725355043.5779355
1725355043.5872808
1725355043.6043506
1725355043.6192763
1725355043.6376197
1725355043.6674097
1725355043.674069
1725355043.6925292
1725355043.7046037
1725355043.7186568
1725355043.734903
1725355043.7507458
1725355043.7675285
1725355043.7830827
1725355043.802766
1725355043.821272
1725355043.842524
1725355043.8631804
1725355043.883681
1725355043.9053464
1725355043.9205647
1725355043.929374
1725355043.9489574
1725355043.9773817
1725355043.9906611
1725355043.9989884
1725355044.0381973
1725355044.0465558
1725355044.0582402
1725355044.0769978
1725355044.1093402
1725355044.1466546
1725355044.1805677
1725355044.196843
1725355044.2043324
1725355044.2452235
1725355044.2589808
1725355044.279627
1725355044.3304334
1725355044.3312163
1725355044.3323596
1725355044.3441083
1725355044.3610523
1725355044.3817804
1725355044.3902097
1725355044.4052272
1725355044.423876
1725355044.4570282
1725355044.4980028
1725355044.5090394
1725355044.5226223
1725355044.5374682
1725355044.5609467
1725355044.5861197
1725355044.595904
1725355044.6216307
1725355044.6473968
1725355044.655816
1725355044.6684105
1725355044.6912417
1725355044.703123
1725355044.7180269
1725355044.7491539
1725355044.7576706
1725355044.7707093
1725355044.7917755
1725355044.799942
1725355044.8373003
1725355044.8403695
1725355044.8507984
1725355044.8956394
1725355044.9092603
1725355044.922474
1725355044.9381504
1725355044.948987
1725355044.963309
1725355044.9825554
1725355045.0004833
1725355045.0166678
1725355045.0319834
1725355045.0658453
1725355045.1023474
1725355045.1171474
1725355045.1257875
1725355045.1527617
1725355045.162687
1725355045.1809735
1725355045.2518072
1725355045.262637
1725355045.265179
1725355045.2656379
1725355045.2802656
1725355045.3308327
1725355045.3694441
1725355045.3712559
1725355045.3745987
1725355045.4097333
1725355045.4347095
1725355045.446261
1725355045.4750593
1725355045.510441
1725355045.5120556
1725355045.5236275
1725355045.5424826
1725355045.559986
1725355045.5712643
1725355045.5883446
1725355045.604246
1725355045.6241558
1725355045.635893
1725355045.6664817
1725355045.6702847
1725355045.685116
1725355045.7121308
1725355045.7228763
1725355045.7352667
1725355045.7524896
1725355045.7875304
1725355045.7993412
1725355045.82193
1725355045.833855
1725355045.8494318
1725355045.8709266
1725355045.8856523
1725355045.9181676
1725355045.9304843
1725355045.949028
1725355045.9694304
1725355045.9809098
1725355045.996393
1725355046.0189471
1725355046.031296
1725355046.0535061
1725355046.0664258
1725355046.0815556
1725355046.095418
1725355046.1485693
1725355046.15075
1725355046.1690662
1725355046.1833003
1725355046.1950397
1725355046.2165842
1725355046.2282171
1725355046.265955
1725355046.2813032
1725355046.2971756
1725355046.3144026
1725355046.3430436
1725355046.3647692
1725355046.3887808
1725355046.396739
1725355046.4367015
1725355046.4447358
1725355046.461047
1725355046.491315
1725355046.4932115
1725355046.5090818
1725355046.5468452
1725355046.5568137
1725355046.578735
1725355046.5900323
1725355046.6041493
1725355046.61933
1725355046.6441436
1725355046.6606052
1725355046.6858473
1725355046.7065332
1725355046.7191796
1725355046.74326
1725355046.7540908
1725355046.7724142
1725355046.7902172
1725355046.8012047
1725355046.820462
1725355046.840275
1725355046.8554592
1725355046.8656976
1725355046.8837836
1725355046.9006999
1725355046.9140253
1725355046.945472
1725355046.9530854
1725355046.966351
1725355046.9840531
1725355046.9968622
1725355047.0169547
1725355047.029815
1725355047.047431
1725355047.0624154
1725355047.079121
1725355047.1041572
1725355047.1122036
1725355047.1714284
1725355047.1828568
1725355047.1844249
1725355047.1998248
1725355047.2094502
1725355047.2432914
1725355047.2699282
1725355047.2707694
1725355047.3044558
1725355047.312928
1725355047.3226695
1725355047.3488486
1725355047.3739748
1725355047.4167671
1725355047.435098
1725355047.46891
1725355047.4707983
1725355047.5098796
1725355047.5241616
1725355047.554401
1725355047.5807989
1725355047.5874298
1725355047.5969853
1725355047.6196065
1725355047.62577
1725355047.6421413
1725355047.6622481
1725355047.670559
1725355047.6933987
1725355047.725281
1725355047.7673004
1725355047.7793484
1725355047.78453
1725355047.8022873
1725355047.8191762
1725355047.8344345
1725355047.8571198
1725355047.8896654
1725355047.9139366
1725355047.9212062
1725355047.9325657
1725355047.9487865
1725355047.971414
1725355047.9829714
1725355047.9996254
1725355048.017431
1725355048.0332322
1725355048.0505457
1725355048.0673428
1725355048.084992
1725355048.0969758
1725355048.122203
1725355048.1645103
1725355048.1784859
1725355048.1903205
1725355048.2048197
1725355048.2138221
1725355048.2349937
1725355048.2489524
1725355048.2662635
1725355048.2842245
1725355048.2950473
1725355048.3409116
1725355048.3591478
1725355048.3805122
1725355048.4012675
1725355048.414678
1725355048.424748
1725355048.44517
1725355048.4574142
1725355048.4992094
1725355048.5118558
1725355048.5334496
1725355048.594264
1725355048.598608
1725355048.6126497
1725355048.6210525
1725355048.6397898
1725355048.6951911
1725355048.718398
1725355048.719056
1725355048.7439167
1725355048.7570405
1725355048.7679565
1725355048.7931368
1725355048.8046274
1725355048.8298297
1725355048.8412783
1725355048.8503888
1725355048.8665633
1725355048.890217
1725355048.8989966
1725355048.9175084
1725355048.9428074
1725355048.9534612
1725355048.9725714
1725355048.9925692
1725355048.9980836
1725355049.0129368
1725355049.0484078
1725355049.0615983
1725355049.077885
1725355049.0990198
1725355049.111466
1725355049.130147
1725355049.146179
1725355049.1767917
1725355049.199939
1725355049.21228
1725355049.2261443
1725355049.2458274
1725355049.2627568
1725355049.275962
1725355049.2998013
1725355049.3119462
1725355049.3271813
1725355049.3452485
1725355049.3573434
1725355049.3997934
1725355049.4110086
1725355049.4269633
1725355049.444361
1725355049.4579298
1725355049.4728591
1725355049.4981737
1725355049.5303302
1725355049.5423334
1725355049.5613282
1725355049.5797582
1725355049.609655
1725355049.6222448
1725355049.6369827
1725355049.6638284
1725355049.6907182
1725355049.7085166
1725355049.7208855
1725355049.7350123
1725355049.7611058
1725355049.7697644
1725355049.8094103
1725355049.8233638
1725355049.83981
1725355049.8517885
1725355049.8690557
1725355049.8882315
1725355049.9250102
1725355049.9299898
1725355049.938926
1725355049.9724774
1725355049.9842873
1725355050.0069728
1725355050.0140834
1725355050.0378442
1725355050.0529623
1725355050.0677288
1725355050.0876312
1725355050.1008692
1725355050.121101
1725355050.1328137
1725355050.1480923
1725355050.1711426
1725355050.1801069
1725355050.196904
1725355050.2192254
1725355050.2307303
1725355050.2455282
1725355050.263708
1725355050.2794116
1725355050.2951047
1725355050.316499
1725355050.3330674
1725355050.342964
1725355050.3822556
1725355050.385242
1725355050.4146283
1725355050.4303298
1725355050.4456124
1725355050.4586368
1725355050.4764316
1725355050.4950645
1725355050.519103
1725355050.5263357
1725355050.5809565
1725355050.5819066
1725355050.5902655
1725355050.606173
1725355050.6464963
1725355050.6841056
1725355050.7020786
1725355050.7352128
1725355050.7406976
1725355050.7861347
1725355050.793614
1725355050.813635
1725355050.8463771
1725355050.861519
1725355050.8624759
1725355050.8718233
1725355050.8917782
1725355050.9054315
1725355050.9281561
1725355050.9447289
1725355050.9589407
1725355050.9951942
1725355051.040664
1725355051.042072
1725355051.0573215
1725355051.0711205
1725355051.090874
1725355051.1063013
1725355051.1249638
1725355051.1578643
1725355051.172902
1725355051.1934288
1725355051.201648
1725355051.217119
1725355051.23593
1725355051.2609663
1725355051.2830036
1725355051.2981477
1725355051.3063798
1725355051.3189201
1725355051.3369005
1725355051.3517842
1725355051.3728428
1725355051.4124606
1725355051.4249923
1725355051.4488146
1725355051.4576983
1725355051.4718885
1725355051.4832022
1725355051.5009542
1725355051.5147896
1725355051.5303853
1725355051.5529037
1725355051.5639644
1725355051.6033518
1725355051.6309237
1725355051.6532357
1725355051.6717339
1725355051.6860638
1725355051.7069297
1725355051.7152402
1725355051.7378263
1725355051.7680955
1725355051.7779148
1725355051.7970293
1725355051.825293
1725355051.8592129
1725355051.8785474
1725355051.893074
1725355051.9088788
1725355051.9445565
1725355051.9666684
1725355051.9761841
1725355052.0150027
1725355052.0287263
1725355052.0423698
1725355052.0638566
1725355052.0754302
1725355052.090765
1725355052.1277509
1725355052.1284227
1725355052.140745
1725355052.158978
1725355052.1708422
1725355052.1863372
1725355052.203967
1725355052.2309973
1725355052.2408097
1725355052.2755902
1725355052.2777596
1725355052.286255
1725355052.327017
1725355052.3469944
1725355052.3512328
1725355052.3692348
1725355052.3884118
1725355052.403256
1725355052.4326053
1725355052.4515452
1725355052.47449
1725355052.4839795
1725355052.499406
1725355052.5168638
1725355052.5322382
1725355052.5496013
1725355052.5754294
1725355052.5879483
1725355052.6013544
1725355052.6142297
1725355052.6337574
1725355052.678109
1725355052.685284
1725355052.6950204
1725355052.7160854
1725355052.7301044
1725355052.750495
1725355052.7715836
1725355052.7965586
1725355052.8128023
1725355052.8305385
1725355052.848517
1725355052.881212
1725355052.8929956
1725355052.9091413
1725355052.9250407
1725355052.996687
1725355052.9990766
1725355053.0107617
1725355053.0115063
1725355053.0271559
1725355053.040308
1725355053.086289
1725355053.0960455
1725355053.11207
1725355053.12459
1725355053.1420033
1725355053.1549156
1725355053.176837
1725355053.191888
1725355053.2091742
1725355053.255666
1725355053.2563045
1725355053.273832
1725355053.2923374
1725355053.3086693
1725355053.3245754
1725355053.336265
1725355053.351181
1725355053.376317
1725355053.3881276
1725355053.4075382
1725355053.4181867
1725355053.433388
1725355053.451197
1725355053.4730868
1725355053.490309
1725355053.5168352
1725355053.5292947
1725355053.5367415
1725355053.555029
1725355053.5723584
1725355053.5996482
1725355053.612123
1725355053.6251388
1725355053.6393332
1725355053.6579256
1725355053.7000902
1725355053.7105515
1725355053.725116
1725355053.7416625
1725355053.7564855
1725355053.7762744
1725355053.788505
1725355053.8041255
1725355053.841994
1725355053.8585563
1725355053.8703437
1725355053.8893654
1725355053.9269893
1725355053.9653127
1725355053.9754617
1725355054.012821
1725355054.014645
1725355054.0667994
1725355054.0713522
1725355054.0890434
1725355054.123977
1725355054.12972
1725355054.1471615
1725355054.1520267
1725355054.1688304
1725355054.1840525
1725355054.2226453
1725355054.2247903
1725355054.2372434
1725355054.2829275
1725355054.3206987
1725355054.3217673
1725355054.3352425
1725355054.3504863
1725355054.379301
1725355054.3856237
1725355054.4013696
1725355054.435472
1725355054.4521322
1725355054.4691284
1725355054.4817007
1725355054.4986289
1725355054.5265892
1725355054.5312967
1725355054.5489984
1725355054.5647752
1725355054.5845437
1725355054.5984514
1725355054.6152442
1725355054.6354868
1725355054.6567435
1725355054.6668327
1725355054.7158551
1725355054.7285845
1725355054.7357614
1725355054.752297
1725355054.7670906
1725355054.7802231
1725355054.7934403
1725355054.8202646
1725355054.8304765
1725355054.8466666
1725355054.8820486
1725355054.9094791
1725355054.92996
1725355054.9454596
1725355054.9560564
1725355054.983915
1725355054.99067
1725355055.005144
1725355055.0398252
1725355055.0616558
1725355055.0701716
1725355055.0971718
1725355055.138563
1725355055.1632662
1725355055.1725295
1725355055.1924367
1725355055.2281263
1725355055.2390544
1725355055.2555275
1725355055.2887275
1725355055.3042386
1725355055.333142
1725355055.3435688
1725355055.3576953
1725355055.3743355
1725355055.3959708
1725355055.40616
1725355055.4207947
1725355055.441369
1725355055.4600506
1725355055.4754097
1725355055.4968426
1725355055.5042026
1725355055.5195565
1725355055.5394304
1725355055.5551383
1725355055.569694
1725355055.6041298
1725355055.6182723
1725355055.6385128
1725355055.6497889
1725355055.6684406
1725355055.6855073
1725355055.7017324
1725355055.732109
1725355055.7539284
1725355055.7683604
1725355055.7828615
1725355055.8054345
1725355055.8210554
1725355055.8320112
1725355055.8540618
1725355055.863869
1725355055.8793
1725355055.9073367
1725355055.9139073
1725355055.9679487
1725355055.9697256
1725355055.981501
1725355056.0079916
1725355056.0154474
1725355056.0265934
1725355056.0491114
1725355056.0790052
1725355056.109126
1725355056.1169517
1725355056.131121
1725355056.1573358
1725355056.174762
1725355056.1902905
1725355056.2108514
1725355056.2424355
1725355056.2615163
1725355056.2711115
1725355056.2883034
1725355056.310592
1725355056.3233654
1725355056.3664746
1725355056.3802714
1725355056.3964548
1725355056.4034019
1725355056.4232554
1725355056.4366066
1725355056.46491
1725355056.4719322
1725355056.5106726
1725355056.5413473
1725355056.5429063
1725355056.5606182
1725355056.574916
1725355056.586194
1725355056.6038227
1725355056.622326
1725355056.6362793
1725355056.6767242
1725355056.6781886
1725355056.6878974
1725355056.7024422
1725355056.722135
1725355056.7351882
1725355056.7499332
1725355056.774724
1725355056.7964537
1725355056.80671
1725355056.816986
1725355056.850446
1725355056.852151
1725355056.8770113
1725355056.882464
1725355056.8987796
1725355056.9160695
1725355056.9311235
1725355056.9758582
1725355056.9841306
1725355056.9975944
1725355057.0135179
1725355057.0333574
1725355057.0466447
1725355057.0620334
1725355057.086472
1725355057.1199858
1725355057.1339114
1725355057.1419072
1725355057.1590478
1725355057.1928046
1725355057.2498024
1725355057.260918
1725355057.2946978
1725355057.2949657
1725355057.3279464
1725355057.3446884
1725355057.3611848
1725355057.3979044
1725355057.4031231
1725355057.4170642
1725355057.4237783
1725355057.4450257
1725355057.456883
1725355057.4755821
1725355057.4956305
1725355057.5051303
1725355057.541895
1725355057.5820744
1725355057.5910058
1725355057.6044374
1725355057.6305041
1725355057.6587222
1725355057.6695783
1725355057.6711292
1725355057.7130811
1725355057.7218268
1725355057.7340167
1725355057.7520533
1725355057.7665107
1725355057.7993028
1725355057.8006687
1725355057.8181653
1725355057.8357818
1725355057.8609524
1725355057.869346
1725355057.8806567
1725355057.9114592
1725355057.9177647
1725355057.933882
1725355057.9976518
1725355058.0114682
1725355058.0129373
1725355058.0322585
1725355058.033438
1725355058.061676
1725355058.072015
1725355058.081938
1725355058.1159217
1725355058.1227362
1725355058.158418
1725355058.1796153
1725355058.208057
1725355058.2123113
1725355058.227696
1725355058.2462869
1725355058.2637744
1725355058.2782178
1725355058.3238504
1725355058.3307805
1725355058.3445098
1725355058.3630426
1725355058.4030178
1725355058.429978
1725355058.4395683
1725355058.4614537
1725355058.49541
1725355058.51434
1725355058.523447
1725355058.588537
1725355058.6247036
1725355058.6267161
1725355058.6281776
1725355058.6291895
1725355058.6498501
1725355058.6960282
1725355058.697376
1725355058.7074769
1725355058.7090027
1725355058.7286224
1725355058.738342
1725355058.7556374
1725355058.773252
1725355058.7872846
1725355058.8115582
1725355058.821006
1725355058.8376322
1725355058.8820944
1725355058.885843
1725355058.9007902
1725355058.9264534
1725355058.9480467
1725355058.9532137
1725355058.9698794
1725355059.0050638
1725355059.027031
1725355059.0383537
1725355059.0531237
1725355059.0677485
1725355059.0865366
1725355059.1188622
1725355059.125439
1725355059.1346946
1725355059.1501765
1725355059.1674526
1725355059.1824343
1725355059.2159245
1725355059.2424226
1725355059.2478862
1725355059.270338
1725355059.2822855
1725355059.2960877
1725355059.3104963
1725355059.3472154
1725355059.3651223
1725355059.3889914
1725355059.4081485
1725355059.4272754
1725355059.4437037
1725355059.457859
1725355059.4754639
1725355059.5084646
1725355059.5305657
1725355059.5493908
1725355059.5601
1725355059.5764337
1725355059.5903203
1725355059.622786
1725355059.644702
1725355059.6573577
1725355059.6710808
1725355059.69047
1725355059.7026722
1725355059.7230039
1725355059.7495537
1725355059.7529056
1725355059.7882686
1725355059.8024597
1725355059.8190763
1725355059.8431044
1725355059.8546476
1725355059.870036
1725355059.8835683
1725355059.9030454
1725355059.9201427
1725355059.9397175
1725355059.956696
1725355059.9672592
1725355059.984329
1725355060.0019224
1725355060.0168476
1725355060.032598
1725355060.0564146
1725355060.0679336
1725355060.0818527
1725355060.1050377
1725355060.115786
1725355060.1304235
1725355060.14606
1725355060.1623542
1725355060.1783335
1725355060.195489
1725355060.2309139
1725355060.2571871
1725355060.2637303
1725355060.2768328
1725355060.2926102
1725355060.312077
1725355060.3260117
1725355060.3504722
1725355060.3807802
1725355060.3940883
1725355060.4071157
1725355060.4289446
1725355060.4597132
1725355060.4945912
1725355060.5190973
1725355060.5391023
1725355060.548862
1725355060.6220353
1725355060.6246238
1725355060.6406875
1725355060.6718419
1725355060.6729593
1725355060.6790636
1725355060.6862557
1725355060.7090404
1725355060.720276
1725355060.74128
1725355060.7532818
1725355060.7796452
1725355060.804252
1725355060.8440168
1725355060.8685355
1725355060.8748305
1725355060.8851058
1725355060.9051347
1725355060.9228365
1725355060.9370873
1725355060.9751348
1725355060.9916358
1725355061.0015306
1725355061.0259333
1725355061.0428905
1725355061.0571256
1725355061.083358
1725355061.0868373
1725355061.0971594
1725355061.1197467
1725355061.1426265
1725355061.1481314
1725355061.1774147
1725355061.1901155
1725355061.2016342
1725355061.2408314
1725355061.258008
1725355061.2781212
1725355061.295071
1725355061.316871
1725355061.3222864
1725355061.3561702
1725355061.3589272
1725355061.3632507
1725355061.3810594
1725355061.4218082
1725355061.4437003
1725355061.45882
1725355061.494341
1725355061.495113
1725355061.5096264
1725355061.531798
1725355061.5450695
1725355061.5852187
1725355061.5964162
1725355061.613712
1725355061.624265
1725355061.6648571
1725355061.6963904
1725355061.7066934
1725355061.7287676
1725355061.759582
1725355061.7767076
1725355061.79261
1725355061.82358
1725355061.8453562
1725355061.8569317
1725355061.8693295
1725355061.8930593
1725355061.9043791
1725355061.9238663
1725355061.9351454
1725355061.9529245
1725355061.9705591
1725355061.9994059
1725355062.006382
1725355062.0182052
1725355062.048098
1725355062.0700204
1725355062.0821106
1725355062.1002545
1725355062.1167176
1725355062.1583996
1725355062.1604886
1725355062.1724362
1725355062.1998594
1725355062.2155964
1725355062.2316089
1725355062.2436466
1725355062.2766526
1725355062.2963727
1725355062.3076952
1725355062.3227127
1725355062.3401327
1725355062.3584886
1725355062.371913
1725355062.3921437
1725355062.4164822
1725355062.4228425
1725355062.438959
1725355062.4600127
1725355062.4917831
1725355062.5132058
1725355062.522956
1725355062.5402436
1725355062.553812
1725355062.5725563
1725355062.5871089
1725355062.624111
1725355062.643693
1725355062.6646948
1725355062.6824524
1725355062.7149203
1725355062.7363458
1725355062.7381837
1725355062.766652
1725355062.9402828
1725355062.9417045
1725355062.9987874
1725355062.9993083
1725355063.0002825
1725355063.0024571
1725355063.003607
1725355063.0345843
1725355063.035318
1725355063.0379255
1725355063.0395648
1725355063.0546465
1725355063.0574796
1725355063.0582173
1725355063.080972
1725355063.0933037
1725355063.1063437
1725355063.1248577
1725355063.1433449
1725355063.1552384
1725355063.1837819
1725355063.1910625
1725355063.2100677
1725355063.2279954
1725355063.2382488
1725355063.2616768
1725355063.28478
1725355063.2921867
1725355063.3109064
1725355063.3287513
1725355063.3512464
1725355063.3624396
1725355063.3823783
1725355063.3966527
1725355063.412347
1725355063.4324896
1725355063.4441981
1725355063.4630778
1725355063.481741
1725355063.501352
1725355063.5338707
1725355063.554723
1725355063.5675297
1725355063.582737
1725355063.5994165
1725355063.616218
1725355063.6381876
1725355063.6470885
1725355063.696948
1725355063.699955
1725355063.7144434
1725355063.7384152
1725355063.772273
1725355063.816454
1725355063.8381987
1725355063.8493812
1725355063.8530896
1725355063.9242456
1725355063.9260237
1725355063.9437833
1725355063.973717
1725355063.9982588
1725355063.9999492
1725355064.008652
1725355064.0202546
1725355064.0445328
1725355064.0539124
1725355064.0670094
1725355064.0835376
1725355064.1210608
1725355064.1606436
1725355064.1660492
1725355064.1843398
1725355064.1991727
1725355064.2173948
1725355064.2476342
1725355064.2524667
1725355064.2848952
1725355064.3054335
1725355064.3211367
1725355064.3325946
1725355064.3515627
1725355064.3645787
1725355064.3891246
1725355064.4050584
1725355064.4158177
1725355064.4349372
1725355064.458163
1725355064.463962
1725355064.485326
1725355064.507049
1725355064.521514
1725355064.5767894
1725355064.5868664
1725355064.5875566
1725355064.6005566
1725355064.6137574
1725355064.6379836
1725355064.6763983
1725355064.6820319
1725355064.6868834
1725355064.6985781
1725355064.7332177
1725355064.7621882
1725355064.7802022
1725355064.7945862
1725355064.8160646
1725355064.8302178
1725355064.8477376
1725355064.863101
1725355064.898769
1725355064.9215374
1725355064.9409473
1725355064.959674
1725355064.9910002
1725355065.0203555
1725355065.0314095
1725355065.0424817
1725355065.0793822
1725355065.0940762
1725355065.118801
1725355065.150265
1725355065.163486
1725355065.1831443
1725355065.1912673
1725355065.2071824
1725355065.2288127
1725355065.2418425
1725355065.2653453
1725355065.274707
1725355065.2894034
1725355065.3068204
1725355065.3274796
1725355065.341197
1725355065.3629997
1725355065.3785555
1725355065.3962317
1725355065.4101822
1725355065.4263618
1725355065.4614534
1725355065.4812593
1725355065.4919016
1725355065.5170767
1725355065.5280573
1725355065.5461473
1725355065.557283
1725355065.5911834
1725355065.6149008
1725355065.6340191
1725355065.6411161
1725355065.65937
1725355065.687815
1725355065.6911416
1725355065.7066891
1725355065.7274556
1725355065.7423553
1725355065.756545
1725355065.7800386
1725355065.8147652
1725355065.8354614
1725355065.8427072
1725355065.861083
1725355065.8794267
1725355065.8899539
1725355065.9044473
1725355065.938333
1725355066.0165143
1725355066.0193005
1725355066.0208335
1725355066.0243535
1725355066.0506437
1725355066.059295
1725355066.0740752
1725355066.1089122
1725355066.1288424
1725355066.1482172
1725355066.16339
1725355066.1742342
1725355066.191281
1725355066.226766
1725355066.2473187
1725355066.2660291
1725355066.273978
1725355066.2895453
1725355066.3110569
1725355066.328644
1725355066.3480725
1725355066.3601341
1725355066.39836
1725355066.412529
1725355066.4212675
1725355066.4378908
1725355066.4535668
1725355066.4714525
1725355066.4889698
1725355066.5042317
1725355066.5222135
1725355066.5384636
1725355066.5546286
1725355066.570224
1725355066.596385
1725355066.608837
1725355066.6245387
1725355066.6375408
1725355066.6631796
1725355066.674283
1725355066.6914728
1725355066.7083044
1725355066.7634156
1725355066.7647703
1725355066.7656302
1725355066.774445
1725355066.7928338
1725355066.8143039
1725355066.8417017
1725355066.869774
1725355066.8817327
1725355066.895324
1725355066.9112806
1725355066.925257
1725355066.942613
1725355066.9549317
1725355066.9980862
1725355067.0147648
1725355067.023113
1725355067.0409362
1725355067.0684562
1725355067.1220348
1725355067.1418164
1725355067.173023
1725355067.1737053
1725355067.2134488
1725355067.2238452
1725355067.2445242
1725355067.2815325
1725355067.2823222
1725355067.287956
1725355067.3047848
1725355067.327714
1725355067.3371265
1725355067.3537564
1725355067.371868
1725355067.3848104
1725355067.4265954
1725355067.4569314
1725355067.4742785
1725355067.4850347
1725355067.5012727
1725355067.5239367
1725355067.538491
1725355067.5491138
1725355067.5861957
1725355067.6111858
1725355067.6198142
1725355067.640999
1725355067.648429
1725355067.6672919
1725355067.6825206
1725355067.6989133
1725355067.7292209
1725355067.7394564
1725355067.7554135
1725355067.765959
1725355067.7849295
1725355067.8005774
1725355067.8161345
1725355067.8638704
1725355067.889072
1725355067.8908477
1725355067.905497
1725355067.927284
1725355067.9348998
1725355067.9497747
1725355067.9659617
1725355067.989262
1725355068.002242
1725355068.0504272
1725355068.0674086
1725355068.0884378
1725355068.0987399
1725355068.1146007
1725355068.1385257
1725355068.1503048
1725355068.1658797
1725355068.2001617
1725355068.2137544
1725355068.25141
1725355068.2534926
1725355068.2960157
1725355068.3177876
1725355068.341926
1725355068.362585
1725355068.381622
1725355068.3988454
1725355068.41368
1725355068.4458237
1725355068.4622602
1725355068.4814863
