2024-09-02 17:20:13
../stream-replay/logs/stuttering-6205.txt
1725268672.7821121
1725268672.7850945
1725268672.7862585
1725268672.7875075
1725268672.7887027
1725268672.7900648
1725268672.791517
1725268672.7930377
1725268672.8166888
1725268672.8260083
1725268672.844461
1725268672.8600948
1725268672.8764536
1725268672.8924406
1725268672.9094403
1725268672.9276345
1725268672.9445684
1725268672.9608855
1725268672.979233
1725268672.9948778
1725268673.0129395
1725268673.0269744
1725268673.0450056
1725268673.0614374
1725268673.077062
1725268673.0951142
1725268673.1098344
1725268673.1264236
1725268673.161697
1725268673.1790557
1725268673.1945817
1725268673.2102635
1725268673.228589
1725268673.2442234
1725268673.2626286
1725268673.2770615
1725268673.3293667
1725268673.3344855
1725268673.3422682
1725268673.3589337
1725268673.3949337
1725268673.4422889
1725268673.4577863
1725268673.4712172
1725268673.4822278
1725268673.5311475
1725268673.545658
1725268673.6001747
1725268673.6060193
1725268673.6094213
1725268673.6150184
1725268673.6291482
1725268673.6566625
1725268673.6671195
1725268673.6818957
1725268673.6958385
1725268673.71692
1725268673.7535288
1725268673.7912138
1725268673.7970698
1725268673.8125331
1725268673.8311732
1725268673.847966
1725268673.8667004
1725268673.8822334
1725268673.9226625
1725268673.9353383
1725268673.9455788
1725268673.9652228
1725268673.9821582
1725268673.999093
1725268674.0160573
1725268674.033099
1725268674.0501964
1725268674.0722184
1725268674.0840652
1725268674.0990155
1725268674.116801
1725268674.1356034
1725268674.14903
1725268674.200718
1725268674.2191727
1725268674.2207265
1725268674.2324994
1725268674.251
1725268674.2683065
1725268674.2811174
1725268674.301848
1725268674.3166742
1725268674.3331196
1725268674.3836007
1725268674.3999689
1725268674.4179611
1725268674.4310906
1725268674.4510162
1725268674.4665864
1725268674.4873075
1725268674.4983664
1725268674.5327132
1725268674.5475333
1725268674.5641844
1725268674.5813296
1725268674.6205645
1725268674.6514916
1725268674.6662233
1725268674.6807947
1725268674.7166054
1725268674.7321856
1725268674.7486684
1725268674.7808359
1725268674.7994914
1725268674.8152428
1725268674.8310146
1725268674.847305
1725268674.8654563
1725268674.8839495
1725268674.8985171
1725268674.9151592
1725268674.9326673
1725268674.9488676
1725268674.9640963
1725268674.9807577
1725268674.9981077
1725268675.0249555
1725268675.0375795
1725268675.051649
1725268675.0676558
1725268675.1084423
1725268675.1183093
1725268675.1341052
1725268675.1509626
1725268675.1740813
1725268675.1893818
1725268675.20262
1725268675.2374623
1725268675.2536976
1725268675.268961
1725268675.28539
1725268675.3030176
1725268675.3237023
1725268675.3359053
1725268675.349557
1725268675.36959
1725268675.3860204
1725268675.4033084
1725268675.4173927
1725268675.4578514
1725268675.4714499
1725268675.482487
1725268675.5083244
1725268675.518394
1725268675.535341
1725268675.557786
1725268675.5839646
1725268675.607744
1725268675.623052
1725268675.640728
1725268675.6688921
1725268675.6844838
1725268675.702707
1725268675.7175937
1725268675.758488
1725268675.775194
1725268675.7829678
1725268675.80157
1725268675.8180344
1725268675.8360407
1725268675.8744214
1725268675.8899145
1725268675.908501
1725268675.919867
1725268675.9373121
1725268675.9528477
1725268675.9760535
1725268675.9865596
1725268676.0014782
1725268676.0404491
1725268676.0524023
1725268676.0690002
1725268676.0858717
1725268676.1015928
1725268676.1182177
1725268676.1346116
1725268676.151521
1725268676.1746325
1725268676.1852078
1725268676.2008355
1725268676.221474
1725268676.2367997
1725268676.2531452
1725268676.266136
1725268676.2842135
1725268676.3008249
1725268676.3212912
1725268676.3375285
1725268676.3544402
1725268676.370959
1725268676.3851357
1725268676.4012954
1725268676.4162943
1725268676.4341428
1725268676.4511547
1725268676.4908895
1725268676.5070083
1725268676.518085
1725268676.5339355
1725268676.5505621
1725268676.569354
1725268676.585354
1725268676.6012928
1725268676.6475308
1725268676.653015
1725268676.6665528
1725268676.6830027
1725268676.7171736
1725268676.766025
1725268676.7818413
1725268676.794347
1725268676.804725
1725268676.859046
1725268676.8715189
1725268676.8898032
1725268676.924638
1725268676.928543
1725268676.9385135
1725268676.9515605
1725268676.975292
1725268676.987112
1725268677.0029733
1725268677.0200927
1725268677.0385053
1725268677.077111
1725268677.1167135
1725268677.1237059
1725268677.135054
1725268677.151394
1725268677.1733854
1725268677.1901877
1725268677.2065856
1725268677.241959
1725268677.259511
1725268677.272857
1725268677.2877784
1725268677.3041399
1725268677.3207335
1725268677.3368022
1725268677.3554385
1725268677.3720222
1725268677.3929687
1725268677.4066591
1725268677.4196465
1725268677.439343
1725268677.4557428
1725268677.4725072
1725268677.5268066
1725268677.5391057
1725268677.5418372
1725268677.554922
1725268677.5715334
1725268677.5911598
1725268677.6059208
1725268677.6239953
1725268677.6398177
1725268677.6555047
1725268677.7014127
1725268677.722122
1725268677.7394671
1725268677.7579312
1725268677.7745054
1725268677.7888017
1725268677.8080144
1725268677.8197663
1725268677.854555
1725268677.8699617
1725268677.8846002
1725268677.9017859
1725268677.9495418
1725268677.9810603
1725268677.9890232
1725268678.0025067
1725268678.0367422
1725268678.0554447
1725268678.0737004
1725268678.1054883
1725268678.120088
1725268678.1358864
1725268678.153246
1725268678.1699142
1725268678.1858268
1725268678.2028635
1725268678.220893
1725268678.2350914
1725268678.2579596
1725268678.269431
1725268678.2855625
1725268678.3022668
1725268678.3192465
1725268678.3411646
1725268678.3579586
1725268678.3695245
1725268678.384746
1725268678.426698
1725268678.4362574
1725268678.4526467
1725268678.4695127
1725268678.4915032
1725268678.5061855
1725268678.518868
1725268678.5499249
1725268678.5669587
1725268678.5837467
1725268678.5998538
1725268678.6165948
1725268678.6356907
1725268678.6513886
1725268678.6667428
1725268678.6834931
1725268678.6997628
1725268678.716314
1725268678.7448146
1725268678.7675307
1725268678.7871966
1725268678.8002121
1725268678.8195465
1725268678.8329298
1725268678.8499148
1725268678.8663447
1725268678.9088929
1725268678.9219787
1725268678.937978
1725268678.9554408
1725268678.9890363
1725268679.005118
1725268679.0212507
1725268679.0356317
1725268679.076428
1725268679.09681
1725268679.1070464
1725268679.1215699
1725268679.1396909
1725268679.1555762
1725268679.1928144
1725268679.2096674
1725268679.2262442
1725268679.2381067
1725268679.2525182
1725268679.2724614
1725268679.2953868
1725268679.3049033
1725268679.3223584
1725268679.3625562
1725268679.3709283
1725268679.388794
1725268679.4048247
1725268679.422824
1725268679.4400697
1725268679.4564226
1725268679.4731941
1725268679.4923291
1725268679.5072293
1725268679.5198035
1725268679.5370958
1725268679.5528793
1725268679.5746143
1725268679.5893188
1725268679.6060846
1725268679.628675
1725268679.6411154
1725268679.6566758
1725268679.672104
1725268679.6922038
1725268679.7096016
1725268679.723897
1725268679.7392662
1725268679.7566884
1725268679.7719543
1725268679.8127155
1725268679.8323476
1725268679.8424785
1725268679.8676186
1725268679.8731208
1725268679.8918781
1725268679.9081957
1725268679.9237733
1725268679.9729517
1725268679.9791648
1725268679.9874303
1725268680.004244
1725268680.0374508
1725268680.0864182
1725268680.1009066
1725268680.1166081
1725268680.1256907
1725268680.182812
1725268680.1961303
1725268680.2115278
1725268680.247739
1725268680.253997
1725268680.2607596
1725268680.2749825
1725268680.2959316
1725268680.3122342
1725268680.3293264
1725268680.3448937
1725268680.3628733
1725268680.4036992
1725268680.4407392
1725268680.4451
1725268680.4599144
1725268680.481029
1725268680.4984176
1725268680.5128903
1725268680.527276
1725268680.567264
1725268680.5835092
1725268680.5957384
1725268680.6120064
1725268680.630474
1725268680.645765
1725268680.662338
1725268680.6786435
1725268680.6934898
1725268680.7176723
1725268680.7287345
1725268680.7458484
1725268680.7613802
1725268680.7794626
1725268680.7927647
1725268680.8467073
1725268680.8579829
1725268680.8633482
1725268680.8784285
1725268680.8995085
1725268680.915748
1725268680.9326367
1725268680.9501567
1725268680.9663718
1725268680.986471
1725268681.0240026
1725268681.0501158
1725268681.064987
1725268681.0820482
1725268681.0946093
1725268681.1156929
1725268681.1365201
1725268681.147814
1725268681.1897082
1725268681.1968324
1725268681.2135324
1725268681.2295628
1725268681.280149
1725268681.3007154
1725268681.3120594
1725268681.3287487
1725268681.3713305
1725268681.3826344
1725268681.3962457
1725268681.4274151
1725268681.4453578
1725268681.462034
1725268681.4778001
1725268681.4970875
1725268681.5202353
1725268681.534331
1725268681.545988
1725268681.5654762
1725268681.5806005
1725268681.5992308
1725268681.6151848
1725268681.6301603
1725268681.6483922
1725268681.6664238
1725268681.6818113
1725268681.6956632
1725268681.712369
1725268681.7551663
1725268681.764596
1725268681.7819643
1725268681.80031
1725268681.8182898
1725268681.8378346
1725268681.8514597
1725268681.8867285
1725268681.902899
1725268681.9163635
1725268681.9357843
1725268681.9513252
1725268681.968903
1725268681.985101
1725268682.0002215
1725268682.0157814
1725268682.0297828
1725268682.0485315
1725268682.0660355
1725268682.104973
1725268682.1255338
1725268682.1356308
1725268682.1496086
1725268682.1650302
1725268682.1831784
1725268682.1996117
1725268682.2354937
1725268682.254434
1725268682.2688828
1725268682.2836509
1725268682.316266
1725268682.3352747
1725268682.3517208
1725268682.3661416
1725268682.4057276
1725268682.4288733
1725268682.4378853
1725268682.4515781
1725268682.4692328
1725268682.4860325
1725268682.5176067
1725268682.5375273
1725268682.556728
1725268682.56396
1725268682.5813138
1725268682.5979555
1725268682.616906
1725268682.6312044
1725268682.6491382
1725268682.682766
1725268682.6979198
1725268682.714567
1725268682.7311873
1725268682.7489295
1725268682.7642064
1725268682.7812176
1725268682.7972572
1725268682.817977
1725268682.839501
1725268682.847862
1725268682.8643367
1725268682.8814821
1725268682.8986564
1725268682.9140549
1725268682.9310691
1725268682.9495952
1725268682.9649336
1725268682.9823406
1725268683.0020607
1725268683.0160084
1725268683.0317652
1725268683.0489187
1725268683.066027
1725268683.086139
1725268683.102133
1725268683.1413558
1725268683.1602628
1725268683.1703434
1725268683.185412
1725268683.200989
1725268683.2199178
1725268683.238405
1725268683.2515054
1725268683.304559
1725268683.3084676
1725268683.3147519
1725268683.3314006
1725268683.3679829
1725268683.4155145
1725268683.4350948
1725268683.453193
1725268683.4579556
1725268683.5082622
1725268683.5195959
1725268683.540443
1725268683.5737212
1725268683.580734
1725268683.5876849
1725268683.60053
1725268683.6238153
1725268683.6393416
1725268683.6530693
1725268683.6695352
1725268683.6899133
1725268683.7274845
1725268683.7625923
1725268683.7693646
1725268683.7895658
1725268683.8055649
1725268683.8237271
1725268683.834329
1725268683.8519018
1725268683.888876
1725268683.9086323
1725268683.9199576
1725268683.935687
1725268683.952087
1725268683.9719574
1725268683.9892862
1725268684.0073833
1725268684.0166545
1725268684.0426326
1725268684.0538309
1725268684.0716856
1725268684.086499
1725268684.1021955
1725268684.1205838
1725268684.1694007
1725268684.182336
1725268684.1863942
1725268684.2037187
1725268684.2213104
1725268684.2382262
1725268684.2539532
1725268684.268035
1725268684.2877624
1725268684.305774
1725268684.3512526
1725268684.36774
1725268684.3886864
1725268684.4056273
1725268684.4216182
1725268684.4389827
1725268684.458562
1725268684.4702952
1725268684.5103142
1725268684.5199172
1725268684.5378568
1725268684.5567634
1725268684.6005225
1725268684.6259892
1725268684.6370366
1725268684.6526372
1725268684.6933079
1725268684.7082963
1725268684.7202208
1725268684.7536001
1725268684.770001
1725268684.7829726
1725268684.8013718
1725268684.8170161
1725268684.8453326
1725268684.8562686
1725268684.868515
1725268684.8838832
1725268684.9026003
1725268684.9175913
1725268684.9343555
1725268684.95315
1725268684.966767
1725268684.989207
1725268685.0081758
1725268685.0201538
1725268685.034357
1725268685.079198
1725268685.085471
1725268685.1000385
1725268685.1175826
1725268685.1374393
1725268685.1542625
1725268685.1651978
1725268685.2006605
1725268685.2173643
1725268685.2337914
1725268685.250477
1725268685.2687435
1725268685.292901
1725268685.3024702
1725268685.3174329
1725268685.332604
1725268685.35036
1725268685.3681345
1725268685.3838127
1725268685.422969
1725268685.435837
1725268685.449506
1725268685.4658773
1725268685.4867027
1725268685.496288
1725268685.5140612
1725268685.5486624
1725268685.5726357
1725268685.5807602
1725268685.6009395
1725268685.6304786
1725268685.6517205
1725268685.6637409
1725268685.680124
1725268685.719345
1725268685.7371142
1725268685.7475286
1725268685.7637928
1725268685.7812972
1725268685.7981956
1725268685.834634
1725268685.8554537
1725268685.8680136
1725268685.8786657
1725268685.9047866
1725268685.9120388
1725268685.9360538
1725268685.9457326
1725268685.9635615
1725268685.9998899
1725268686.0154688
1725268686.028619
1725268686.0451796
1725268686.0626853
1725268686.0774539
1725268686.0950456
1725268686.1115365
1725268686.1328373
1725268686.1477518
1725268686.1608837
1725268686.1754951
1725268686.1959743
1725268686.212442
1725268686.228065
1725268686.2441463
1725268686.265838
1725268686.280257
1725268686.2937257
1725268686.3131707
1725268686.3280973
1725268686.341419
1725268686.359347
1725268686.3731618
1725268686.3923442
1725268686.4092875
1725268686.4441247
1725268686.4589045
1725268686.4720905
1725268686.4875696
1725268686.505354
1725268686.522959
1725268686.5418074
1725268686.5576346
1725268686.5952563
1725268686.603827
1725268686.6184213
1725268686.6356916
1725268686.667718
1725268686.7096896
1725268686.7251503
1725268686.7408426
1725268686.7574685
1725268686.8047273
1725268686.8186193
1725268686.838477
1725268686.8731277
1725268686.878351
1725268686.8881009
1725268686.9010432
1725268686.9214456
1725268686.9345422
1725268686.9511015
1725268686.9708457
1725268686.9834716
1725268687.0186436
1725268687.0553765
1725268687.0657122
1725268687.083193
1725268687.09839
1725268687.115469
1725268687.1334932
1725268687.1486099
1725268687.1838787
1725268687.1998627
1725268687.2145925
1725268687.2309864
1725268687.2536452
1725268687.2652235
1725268687.2830217
1725268687.299037
1725268687.319462
1725268687.3356822
1725268687.349523
1725268687.3647606
1725268687.3829947
1725268687.4003358
1725268687.4147797
1725268687.4657323
1725268687.4783123
1725268687.4822304
1725268687.4998465
1725268687.5173955
1725268687.5313869
1725268687.5490267
1725268687.5643003
1725268687.5827565
1725268687.605385
1725268687.6406684
1725268687.6640387
1725268687.6803997
1725268687.6983366
1725268687.7152843
1725268687.730544
1725268687.7531
1725268687.7643259
1725268687.8048618
1725268687.8131192
1725268687.829672
1725268687.8470492
1725268687.8929799
1725268687.917262
1725268687.9281204
1725268687.9450474
1725268687.9853323
1725268687.9977024
1725268688.0126822
1725268688.0453045
1725268688.0669901
1725268688.0791802
1725268688.09256
1725268688.108766
1725268688.1297088
1725268688.1447968
1725268688.1590986
1725268688.1761365
1725268688.1926782
1725268688.2100613
1725268688.2236514
1725268688.2410421
1725268688.259892
1725268688.2797956
1725268688.2946367
1725268688.3070352
1725268688.32361
1725268688.3675659
1725268688.3739011
1725268688.3885877
1725268688.4085374
1725268688.429474
1725268688.4475536
1725268688.4583464
1725268688.4920623
1725268688.5086606
1725268688.5255325
1725268688.5388405
1725268688.5529401
1725268688.5760195
1725268688.5885875
1725268688.605029
1725268688.622136
1725268688.6369045
1725268688.65271
1725268688.671794
1725268688.7101912
1725268688.7271926
1725268688.7383795
1725268688.7549865
1725268688.7679033
1725268688.7869353
1725268688.8039017
1725268688.834637
1725268688.8574336
1725268688.8712506
1725268688.8957765
1725268688.9229863
1725268688.9388652
1725268688.9563708
1725268688.9718294
1725268689.0095813
1725268689.0215476
1725268689.0374725
1725268689.0527794
1725268689.0736032
1725268689.0849771
1725268689.1237967
1725268689.1429064
1725268689.1592252
1725268689.168349
1725268689.182727
1725268689.2026038
1725268689.2245655
1725268689.2348392
1725268689.250025
1725268689.2887354
1725268689.3016188
1725268689.317463
1725268689.3342433
1725268689.3516116
1725268689.3676205
1725268689.3827107
1725268689.3987873
1725268689.4161685
1725268689.4344103
1725268689.4482949
1725268689.464972
1725268689.4847064
1725268689.497966
1725268689.5123436
1725268689.531816
1725268689.5544863
1725268689.5662203
1725268689.5833008
1725268689.600583
1725268689.6151865
1725268689.6307387
1725268689.6465993
1725268689.6636674
1725268689.677995
1725268689.6980987
1725268689.7356727
1725268689.7556505
1725268689.7659311
1725268689.7799277
1725268689.7969353
1725268689.8146195
1725268689.8285294
1725268689.8457322
1725268689.8969545
1725268689.9035382
1725268689.9068067
1725268689.9245067
1725268689.9578512
1725268690.0042949
1725268690.0208728
1725268690.0349264
1725268690.047192
1725268690.099515
1725268690.1126556
1725268690.129669
1725268690.1663303
1725268690.1726341
1725268690.1792793
1725268690.1932445
1725268690.2155242
1725268690.228095
1725268690.2400446
1725268690.2592332
1725268690.2727606
1725268690.3162937
1725268690.3533385
1725268690.3582115
1725268690.375127
1725268690.3938682
1725268690.4074697
1725268690.422928
1725268690.4408765
1725268690.4823492
1725268690.4910374
1725268690.5050883
1725268690.5238538
1725268690.541257
1725268690.5582752
1725268690.5745628
1725268690.5880773
1725268690.6039476
1725268690.6238313
1725268690.6371439
1725268690.6608043
1725268690.6695712
1725268690.6865947
1725268690.703034
1725268690.7420602
1725268690.7576373
1725268690.772436
1725268690.788918
1725268690.802016
1725268690.818831
1725268690.835117
1725268690.851664
1725268690.8678734
1725268690.8842976
1725268690.922544
1725268690.9516792
1725268690.9686484
1725268690.985042
1725268691.0014477
1725268691.0199707
1725268691.0374
1725268691.0512464
1725268691.0901659
1725268691.0999572
1725268691.1160622
1725268691.1367018
1725268691.1800883
1725268691.2051513
1725268691.2173464
1725268691.2332337
1725268691.2744732
1725268691.2899458
1725268691.3023634
1725268691.3322642
1725268691.3504755
1725268691.3640392
1725268691.3821597
1725268691.4001565
1725268691.419867
1725268691.4338973
1725268691.4493349
1725268691.463637
1725268691.482018
1725268691.4962027
1725268691.513483
1725268691.529289
1725268691.5485628
1725268691.5667346
1725268691.5802548
1725268691.5980518
1725268691.6149626
1725268691.6530356
1725268691.6620247
1725268691.6778114
1725268691.6964438
1725268691.7130406
1725268691.7330978
1725268691.749369
1725268691.7801542
1725268691.797638
1725268691.8137097
1725268691.8286216
1725268691.8442292
1725268691.86574
1725268691.87768
1725268691.894197
1725268691.909872
1725268691.9247544
1725268691.942957
1725268691.9600246
1725268691.9981604
1725268692.013266
1725268692.026382
1725268692.0491366
1725268692.05754
1725268692.0760493
1725268692.0922685
1725268692.1265833
1725268692.1466277
1725268692.1588724
1725268692.1757972
1725268692.211504
1725268692.2244332
1725268692.243731
1725268692.2597778
1725268692.2953818
1725268692.3153253
1725268692.3239076
1725268692.3433247
1725268692.3581522
1725268692.376209
1725268692.4117599
1725268692.4269466
1725268692.4403048
1725268692.4545808
1725268692.4727428
1725268692.4900265
1725268692.5075965
1725268692.5244188
1725268692.5385218
1725268692.5784602
1725268692.591643
1725268692.6053858
1725268692.6256897
1725268692.6391377
1725268692.6529298
1725268692.6732657
1725268692.6900632
1725268692.7119095
1725268692.7252672
1725268692.740017
1725268692.7602024
1725268692.7733514
1725268692.791146
1725268692.8075004
1725268692.8220255
1725268692.840095
1725268692.8570516
1725268692.8742557
1725268692.8892992
1725268692.9059923
1725268692.9240458
1725268692.939612
1725268692.9560142
1725268692.973266
1725268692.9862695
1725268693.0278342
1725268693.0417616
1725268693.0535185
1725268693.0694275
1725268693.085393
1725268693.1022975
1725268693.119262
1725268693.1371403
1725268693.1865344
1725268693.1914022
1725268693.1981695
1725268693.2149723
1725268693.2480748
1725268693.296753
1725268693.31339
1725268693.3277228
1725268693.3374982
1725268693.3934774
1725268693.3992577
1725268693.4186466
1725268693.4569128
1725268693.4610147
1725268693.470124
1725268693.4809322
1725268693.5049474
1725268693.5143611
1725268693.5338042
1725268693.5466545
1725268693.5666854
1725268693.6086998
1725268693.6483407
1725268693.6525335
1725268693.6630065
1725268693.6789541
1725268693.6990895
1725268693.7173862
1725268693.7315469
1725268693.768943
1725268693.7866435
1725268693.8009648
1725268693.8153543
1725268693.8281772
1725268693.849825
1725268693.867869
1725268693.8817832
1725268693.8965182
1725268693.9184563
1725268693.9298964
1725268693.9457035
1725268693.9647567
1725268693.9784694
1725268693.9978285
1725268694.0494826
1725268694.064203
1725268694.069971
1725268694.0818226
1725268694.0949388
1725268694.1088133
1725268694.130393
1725268694.1458673
1725268694.1619754
1725268694.179201
1725268694.2239022
1725268694.2435467
1725268694.261117
1725268694.2796206
1725268694.2941887
1725268694.3105395
1725268694.3289676
1725268694.3427694
1725268694.384372
1725268694.3922932
1725268694.4064827
1725268694.426666
1725268694.4716418
1725268694.4945073
1725268694.5050948
1725268694.524341
1725268694.556575
1725268694.5724378
1725268694.5912676
1725268694.625108
1725268694.6404843
1725268694.6593678
1725268694.6716883
1725268694.686728
1725268694.7047312
1725268694.7210126
1725268694.736689
1725268694.7526088
1725268694.7690067
1725268694.785772
1725268694.8024604
1725268694.818774
1725268694.8369737
1725268694.8543725
1725268694.8724775
1725268694.8884625
1725268694.9043708
1725268694.9397862
1725268694.9540904
1725268694.9712174
1725268694.9872174
1725268695.0061715
1725268695.0235689
1725268695.0383112
1725268695.0721924
1725268695.0884423
1725268695.1110098
1725268695.1251187
1725268695.1407323
1725268695.15827
1725268695.172893
1725268695.1901686
1725268695.2065558
1725268695.2263436
1725268695.240044
1725268695.257398
1725268695.296114
1725268695.310749
1725268695.3235703
1725268695.3452215
1725268695.3549707
1725268695.374222
1725268695.3879097
1725268695.4247367
1725268695.4423006
1725268695.460093
1725268695.476483
1725268695.5035348
1725268695.5222254
1725268695.5410058
1725268695.5566595
1725268695.5941246
1725268695.6094844
1725268695.6214054
1725268695.6368
1725268695.6546013
1725268695.6709192
1725268695.7096386
1725268695.729848
1725268695.7379014
1725268695.75622
1725268695.77216
1725268695.7885673
1725268695.8099954
1725268695.8204706
1725268695.8353913
1725268695.875044
1725268695.89162
1725268695.89948
1725268695.9186716
1725268695.9366004
1725268695.9529822
1725268695.9705734
1725268695.9863398
1725268696.0065649
1725268696.020919
1725268696.0377011
1725268696.0525312
1725268696.075172
1725268696.0888638
1725268696.1012208
1725268696.1151457
1725268696.137484
1725268696.1495786
1725268696.1687224
1725268696.1850657
1725268696.2016249
1725268696.2191172
1725268696.2351637
1725268696.2517166
1725268696.268502
1725268696.2859035
1725268696.3222487
1725268696.3342652
1725268696.3507516
1725268696.3655813
1725268696.3841126
1725268696.3973835
1725268696.4149241
1725268696.4325624
1725268696.4783251
1725268696.4830704
1725268696.4951558
1725268696.5113933
1725268696.5444176
1725268696.5944648
1725268696.6065204
1725268696.6221652
1725268696.636656
1725268696.6877677
1725268696.6998882
1725268696.7166536
1725268696.7525966
1725268696.7575796
1725268696.7645483
1725268696.7791758
1725268696.7956567
1725268696.8152983
1725268696.8306167
1725268696.8504555
1725268696.864015
1725268696.900111
1725268696.941078
1725268696.9458103
1725268696.9594946
1725268696.9754465
1725268696.995665
1725268697.012483
1725268697.0304925
1725268697.0664403
1725268697.0814955
1725268697.0941143
1725268697.1117573
1725268697.1260455
1725268697.143211
1725268697.1594813
1725268697.174181
1725268697.1897044
1725268697.215316
1725268697.2240086
1725268697.2434247
1725268697.2595923
1725268697.275103
1725268697.291944
1725268697.3424325
1725268697.3576863
1725268697.363422
1725268697.3777025
1725268697.3964782
1725268697.4125125
1725268697.4287758
1725268697.4440203
1725268697.4635816
1725268697.4788108
1725268697.5237563
1725268697.5419464
1725268697.5585945
1725268697.5760868
1725268697.5925329
1725268697.607728
1725268697.6290724
1725268697.644329
1725268697.6840272
1725268697.6916735
1725268697.7084544
1725268697.7255225
1725268697.7709236
1725268697.7975724
1725268697.8084075
1725268697.8247876
1725268697.8675911
1725268697.8779829
1725268697.8917985
1725268697.9250374
1725268697.9426525
1725268697.959463
1725268697.9795544
1725268697.9890273
1725268698.0151339
1725268698.0259967
1725268698.0402536
1725268698.057222
1725268698.072362
1725268698.0886483
1725268698.1062376
1725268698.1260598
1725268698.1416237
1725268698.1542697
1725268698.1768186
1725268698.1870742
1725268698.2021446
1725268698.2456458
1725268698.256042
1725268698.2754061
1725268698.289127
1725268698.3117702
1725268698.33011
1725268698.338893
1725268698.3739398
1725268698.3881028
1725268698.403835
1725268698.4225063
1725268698.4383895
1725268698.4595566
1725268698.4702888
1725268698.4862027
1725268698.5054703
1725268698.5193226
1725268698.5359209
1725268698.5529718
1725268698.592922
1725268698.6080298
1725268698.6195874
1725268698.6354032
1725268698.6518307
1725268698.6656072
1725268698.682024
1725268698.7154622
1725268698.73513
1725268698.7505932
1725268698.7681081
1725268698.7981741
1725268698.8173141
1725268698.8332858
1725268698.8494515
1725268698.885669
1725268698.9043815
1725268698.9174397
1725268698.9345424
1725268698.9501164
1725268698.9670324
1725268699.0010452
1725268699.0194623
1725268699.037362
1725268699.049788
1725268699.0670297
1725268699.0831556
1725268699.1049335
1725268699.1194882
1725268699.1328504
1725268699.1676006
1725268699.1851761
1725268699.2014918
1725268699.2145283
1725268699.2314937
1725268699.2486627
1725268699.2690477
1725268699.2841716
1725268699.3035903
1725268699.3153446
1725268699.333576
1725268699.3509674
1725268699.3659267
1725268699.3808718
1725268699.3993435
1725268699.4162672
1725268699.4335752
1725268699.4460824
1725268699.465626
1725268699.4835165
1725268699.498202
1725268699.5141892
1725268699.5291915
1725268699.5445194
1725268699.5647233
1725268699.57913
1725268699.6193566
1725268699.63797
1725268699.6504734
1725268699.6646235
1725268699.6804943
1725268699.695538
1725268699.7104306
1725268699.7289233
1725268699.7806492
1725268699.786106
1725268699.7900143
1725268699.806837
1725268699.8404522
1725268699.888173
1725268699.9027734
1725268699.9178607
1725268699.930288
1725268699.9824588
1725268699.9975655
1725268700.010419
1725268700.0490727
1725268700.0552313
1725268700.0615551
1725268700.074854
1725268700.094608
1725268700.1084702
1725268700.1273646
1725268700.1411345
1725268700.1595528
1725268700.1992424
1725268700.2414744
1725268700.252815
1725268700.263175
1725268700.2725348
1725268700.29162
1725268700.309391
1725268700.325937
1725268700.3632278
1725268700.37811
1725268700.3903148
1725268700.4053204
1725268700.4273481
1725268700.4427562
1725268700.457857
1725268700.4720669
1725268700.4901147
1725268700.5123777
1725268700.5218906
1725268700.5402682
1725268700.5548575
1725268700.574623
1725268700.5904508
1725268700.640321
1725268700.6497192
1725268700.6556325
1725268700.6725805
1725268700.6901782
1725268700.7071974
1725268700.7236943
1725268700.7365236
1725268700.7528148
1725268700.7703638
1725268700.8171444
1725268700.835825
1725268700.8560462
1725268700.8725662
1725268700.8956747
1725268700.90458
1725268700.9257848
1725268700.9375348
1725268700.9781463
1725268700.9865582
1725268701.0038924
1725268701.0216236
1725268701.064164
1725268701.0945375
1725268701.1041198
1725268701.1177533
1725268701.1601272
1725268701.1731958
1725268701.1869817
1725268701.2269473
1725268701.2375894
1725268701.2573647
1725268701.2691884
1725268701.2921991
1725268701.3071768
1725268701.3226275
1725268701.33704
1725268701.3536391
1725268701.3717265
1725268701.3879926
1725268701.4044256
1725268701.4198847
1725268701.4336112
1725268701.4592586
1725268701.4731977
1725268701.4841738
1725268701.499743
1725268701.5350635
1725268701.5492842
1725268701.565837
1725268701.584224
1725268701.6038265
1725268701.62064
1725268701.6356237
1725268701.6695592
1725268701.6849918
1725268701.702264
1725268701.7179995
1725268701.735492
1725268701.7500706
1725268701.7666457
1725268701.781652
1725268701.7970881
1725268701.8133337
1725268701.8325112
1725268701.8497105
1725268701.8889732
1725268701.8985364
1725268701.9167025
1725268701.9336398
1725268701.9455686
1725268701.9665594
1725268701.983774
1725268702.0159445
1725268702.0384333
1725268702.0543423
1725268702.0651698
1725268702.0997381
1725268702.1245058
1725268702.129476
1725268702.146459
1725268702.184729
1725268702.2007117
1725268702.2108653
1725268702.2292256
1725268702.2434916
1725268702.2624662
1725268702.301142
1725268702.3183415
1725268702.3343256
1725268702.3465428
1725268702.3607063
1725268702.3797817
1725268702.3995702
1725268702.4109914
1725268702.4300685
1725268702.4691064
1725268702.4790006
1725268702.4947448
1725268702.5122426
1725268702.5251133
1725268702.5451703
1725268702.5638766
1725268702.5792117
1725268702.597109
1725268702.6081955
1725268702.6268365
1725268702.6469436
1725268702.6632226
1725268702.6775365
1725268702.695257
1725268702.7074573
1725268702.7258744
1725268702.741645
1725268702.7583132
1725268702.7740068
1725268702.7912204
1725268702.807133
1725268702.8235784
1725268702.8401296
1725268702.856782
1725268702.8734205
1725268702.9098606
1725268702.9250216
1725268702.9395256
1725268702.955533
1725268702.9716063
1725268702.9873216
1725268703.0036948
1725268703.0211809
1725268703.0580633
1725268703.0720837
1725268703.0848775
1725268703.1006737
1725268703.1343217
1725268703.173294
1725268703.1894906
1725268703.2093322
1725268703.2238545
1725268703.2766786
1725268703.2885587
1725268703.307557
1725268703.3409336
1725268703.3451056
1725268703.3544135
1725268703.367468
1725268703.3911483
1725268703.4067814
1725268703.418789
1725268703.4385195
1725268703.4519665
1725268703.4944746
1725268703.5327497
1725268703.5393713
1725268703.5518632
1725268703.568066
1725268703.5842395
1725268703.6055732
1725268703.6206598
1725268703.6576784
1725268703.6719453
1725268703.684103
1725268703.700979
1725268703.720198
1725268703.7353077
1725268703.7526138
1725268703.7687428
1725268703.7855148
1725268703.8071005
1725268703.8180468
1725268703.8317943
1725268703.8556454
1725268703.8649092
1725268703.8836427
1725268703.9379752
1725268703.9501932
1725268703.9554434
1725268703.9680748
1725268703.984082
1725268704.0003633
1725268704.0167003
1725268704.0331185
1725268704.0513008
1725268704.0679705
1725268704.1130176
1725268704.1334114
1725268704.1524649
1725268704.1651003
1725268704.1821022
1725268704.199693
1725268704.2205684
1725268704.2323632
1725268704.2718587
1725268704.2806327
1725268704.29682
1725268704.312944
1725268704.355557
1725268704.3812125
1725268704.3978457
1725268704.4125078
1725268704.4555902
1725268704.4690504
1725268704.4793642
1725268704.5134351
1725268704.5297067
1725268704.543192
1725268704.5641403
1725268704.5797558
1725268704.602584
1725268704.6166542
1725268704.6286228
1725268704.6430478
1725268704.6611314
1725268704.675322
1725268704.6961854
1725268704.712363
1725268704.7283797
1725268704.7473419
1725268704.7632232
1725268704.7795389
1725268704.7951252
1725268704.836517
1725268704.8450987
1725268704.8597884
1725268704.8774514
1725268704.9016438
1725268704.9135022
1725268704.9281971
1725268704.9628685
1725268704.9755182
1725268704.9904234
1725268705.0086813
1725268705.0241811
1725268705.0480847
1725268705.0609555
1725268705.0746288
1725268705.0923786
1725268705.109406
1725268705.125373
1725268705.1504974
1725268705.1794071
1725268705.197203
1725268705.2084794
1725268705.2257466
1725268705.240716
1725268705.2577686
1725268705.2750785
1725268705.3082657
1725268705.3265812
1725268705.3389516
1725268705.3593223
1725268705.391232
1725268705.4068944
1725268705.423207
1725268705.4377015
1725268705.4777806
1725268705.4943984
1725268705.5032392
1725268705.5204217
1725268705.534771
1725268705.558142
1725268705.5910199
1725268705.606109
1725268705.6245816
1725268705.634749
1725268705.6502888
1725268705.6711411
1725268705.6933422
1725268705.7023196
1725268705.717388
1725268705.759475
1725268705.7704687
1725268705.785285
1725268705.8043017
1725268705.8188336
1725268705.8396807
1725268705.8527927
1725268705.8692355
1725268705.8921294
1725268705.9048064
1725268705.9188411
1725268705.934921
1725268705.9529862
1725268705.969216
1725268705.9847028
1725268706.0035226
1725268706.024978
1725268706.036271
1725268706.0511026
1725268706.0702655
1725268706.086192
1725268706.1018226
1725268706.1196473
1725268706.13539
1725268706.1503258
1725268706.1670976
1725268706.2070377
1725268706.216529
1725268706.2350094
1725268706.2477908
1725268706.2661903
1725268706.2824545
1725268706.2989197
1725268706.315343
1725268706.36467
1725268706.375602
1725268706.3786576
1725268706.3952994
1725268706.43146
1725268706.47755
1725268706.488208
1725268706.50437
1725268706.5173736
1725268706.5635903
1725268706.5782263
1725268706.6004791
1725268706.637919
1725268706.6444602
1725268706.6512244
1725268706.6624248
1725268706.6806736
1725268706.704276
1725268706.715177
1725268706.7274766
1725268706.7433164
1725268706.7802794
1725268706.8171024
1725268706.8274105
1725268706.8436346
1725268706.860268
1725268706.8765438
1725268706.8931088
1725268706.9092083
1725268706.9442065
1725268706.9611955
1725268706.975632
1725268706.9921675
1725268707.008548
1725268707.0248373
1725268707.0411901
1725268707.0576415
1725268707.0763295
1725268707.0930576
1725268707.1077523
1725268707.123739
1725268707.1401317
1725268707.1587815
1725268707.1732914
1725268707.21683
1725268707.22763
1725268707.243134
1725268707.2635827
1725268707.2720337
1725268707.2921305
1725268707.3091307
1725268707.325752
1725268707.34223
1725268707.3560388
1725268707.403147
1725268707.4231467
1725268707.4417133
1725268707.460727
1725268707.4758294
1725268707.491806
1725268707.511969
1725268707.52605
1725268707.566046
1725268707.5744157
1725268707.5900924
1725268707.603559
1725268707.64656
1725268707.680243
1725268707.6891265
1725268707.7070143
1725268707.7471044
1725268707.756021
1725268707.7728636
1725268707.805876
1725268707.8223634
1725268707.8372085
1725268707.8523974
1725268707.8700495
1725268707.8874352
1725268707.9091427
1725268707.9228566
1725268707.9366572
1725268707.9551919
1725268707.9710035
1725268707.9864635
1725268708.0046942
1725268708.021209
1725268708.042696
1725268708.0584252
1725268708.07013
1725268708.083999
1725268708.1286404
1725268708.1351435
1725268708.1529543
1725268708.1692667
1725268708.1887925
1725268708.2022016
1725268708.219795
1725268708.251831
1725268708.268051
1725268708.2861848
1725268708.2996528
1725268708.3177948
1725268708.3410203
1725268708.3534079
1725268708.368171
1725268708.3859057
1725268708.4019487
1725268708.4188318
1725268708.4343626
1725268708.4713283
1725268708.488654
1725268708.501064
1725268708.5162647
1725268708.5323474
1725268708.551789
1725268708.5664382
1725268708.6013227
1725268708.6182394
1725268708.6368527
1725268708.6557462
1725268708.6839626
1725268708.6998293
1725268708.712958
1725268708.7324157
1725268708.7635117
1725268708.7836087
1725268708.794091
1725268708.8128529
1725268708.8297243
1725268708.8453507
1725268708.8857534
1725268708.9063272
1725268708.9193377
1725268708.9263918
1725268708.9430017
1725268708.9603302
1725268708.9856799
1725268708.9970734
1725268709.0108652
1725268709.0502617
1725268709.0628424
1725268709.078503
1725268709.095582
1725268709.1123457
1725268709.1294465
1725268709.1445186
1725268709.1617308
1725268709.1827617
1725268709.1936083
1725268709.2103415
1725268709.2277749
1725268709.24216
1725268709.2605803
1725268709.2777073
1725268709.2923386
1725268709.311127
1725268709.3254597
1725268709.3415873
1725268709.359488
1725268709.372623
1725268709.3930469
1725268709.4098186
1725268709.424638
1725268709.4381378
1725268709.459923
1725268709.4977083
1725268709.5121562
1725268709.5222168
1725268709.5389006
1725268709.5576553
1725268709.5718443
1725268709.5880165
1725268709.6075325
1725268709.655201
1725268709.6615493
1725268709.6685982
1725268709.6861207
1725268709.7185135
1725268709.766235
1725268709.781577
1725268709.797164
1725268709.808514
1725268709.8618712
1725268709.8687317
1725268709.889453
1725268709.9288316
1725268709.9374332
1725268709.94298
1725268709.9504972
1725268709.971546
1725268709.985348
1725268710.0021975
1725268710.021036
1725268710.0366848
1725268710.0779932
1725268710.112706
1725268710.1185799
1725268710.1360018
1725268710.151881
1725268710.1685379
1725268710.1855392
1725268710.201656
1725268710.2406085
1725268710.261045
1725268710.2673385
1725268710.283637
1725268710.3021321
1725268710.3165154
1725268710.3357959
1725268710.34943
1725268710.367047
1725268710.385797
1725268710.399755
1725268710.4161334
1725268710.4331086
1725268710.4482808
1725268710.468047
1725268710.5014436
1725268710.5240047
1725268710.5324924
1725268710.5508468
1725268710.566235
1725268710.582679
1725268710.6003404
1725268710.6158607
1725268710.630182
1725268710.6494792
1725268710.6917653
1725268710.7151823
1725268710.7350848
1725268710.7480843
1725268710.760899
1725268710.7874036
1725268710.7967148
1725268710.8115358
1725268710.848466
1725268710.8613431
1725268710.8786452
1725268710.8971074
1725268710.9325466
1725268710.9648952
1725268710.9794137
1725268710.9988127
1725268711.0320618
1725268711.0492558
1725268711.0647244
1725268711.098332
1725268711.1159847
1725268711.1313198
1725268711.1480587
1725268711.1835299
1725268711.1856418
1725268711.1989815
1725268711.2146208
1725268711.2301512
1725268711.2502127
1725268711.2656054
1725268711.2846394
1725268711.2981677
1725268711.3137293
1725268711.3355339
1725268711.35182
1725268711.367441
1725268711.378751
1725268711.4158878
1725268711.4311652
1725268711.4485147
1725268711.4653354
1725268711.4831278
1725268711.4993756
1725268711.5112638
1725268711.5435944
1725268711.5597174
1725268711.5768802
1725268711.5929499
1725268711.610904
1725268711.6306465
1725268711.6426823
1725268711.6625617
1725268711.6780043
1725268711.6941984
1725268711.7116723
1725268711.7271206
1725268711.767114
1725268711.7798915
1725268711.7911656
1725268711.8128862
1725268711.8250678
1725268711.8410408
1725268711.8596246
1725268711.8928719
1725268711.9162939
1725268711.93366
1725268711.9469318
1725268711.972523
1725268711.991296
1725268712.0074337
1725268712.0232496
1725268712.0624225
1725268712.0782778
1725268712.0887716
1725268712.107705
1725268712.1238234
1725268712.140607
1725268712.1791103
1725268712.1923635
1725268712.2053385
1725268712.2212229
1725268712.2383153
1725268712.2558537
1725268712.2816465
1725268712.2892103
1725268712.3033862
1725268712.343277
1725268712.3551512
1725268712.3691068
1725268712.3915637
1725268712.4035392
1725268712.4180694
1725268712.4331388
1725268712.4492648
1725268712.4723961
1725268712.486043
1725268712.4985738
1725268712.5205894
1725268712.5335386
1725268712.550501
1725268712.5656896
1725268712.5823836
1725268712.6010437
1725268712.6193392
1725268712.6356735
1725268712.6496537
1725268712.6680093
1725268712.6847787
1725268712.7021093
1725268712.7170148
1725268712.7357745
1725268712.750957
1725268712.7874496
1725268712.8048477
1725268712.8175237
1725268712.831274
1725268712.8508832
1725268712.8675678
1725268712.8835711
1725268712.9020698
1725268712.9420347
1725268712.948009
1725268712.960953
1725268712.9779818
1725268713.0108018
1725268713.061019
1725268713.0764368
1725268713.092861
1725268713.0991745
1725268713.1562197
1725268713.1667378
1725268713.1812818
1725268713.2206635
1725268713.228371
1725268713.2352328
1725268713.2458134
1725268713.267794
1725268713.2798095
1725268713.2936912
1725268713.3130465
1725268713.3306336
1725268713.3697274
1725268713.4059246
1725268713.4124866
1725268713.4266543
1725268713.444975
1725268713.4620144
1725268713.477717
1725268713.4936996
1725268713.530609
1725268713.5533648
1725268713.5623374
1725268713.5779607
1725268713.5943563
1725268713.6125364
1725268713.6264002
1725268713.6429489
1725268713.6591923
1725268713.6830184
1725268713.6937397
1725268713.719782
1725268713.7274013
1725268713.7404432
1725268713.7565527
1725268713.7995594
1725268713.8110533
1725268713.8259766
1725268713.8462648
1725268713.8583581
1725268713.8717868
1725268713.8933816
1725268713.9204981
1725268713.9270847
1725268713.943318
1725268713.989567
1725268714.0093973
1725268714.027192
1725268714.0427482
1725268714.0589252
1725268714.0766423
1725268714.0952055
1725268714.1057074
1725268714.1465762
1725268714.1670833
1725268714.1746814
1725268714.1887224
1725268714.239971
1725268714.260969
1725268714.2730908
1725268714.2899091
1725268714.3296545
1725268714.3442721
1725268714.3559647
1725268714.3915632
1725268714.4061239
1725268714.4243596
1725268714.4382885
1725268714.4549336
1725268714.4758852
1725268714.4891362
1725268714.5074384
1725268714.5215116
1725268714.5381784
1725268714.5552807
1725268714.5728548
1725268714.5852447
1725268714.6030529
1725268714.624113
1725268714.638029
1725268714.652029
1725268714.6674805
1725268714.7109857
1725268714.720066
1725268714.7342017
1725268714.7527294
1725268714.7727358
1725268714.78492
1725268714.7992034
1725268714.8325157
1725268714.8481116
1725268714.8647594
1725268714.8912916
1725268714.900476
1725268714.9172127
1725268714.9326584
1725268714.9498909
1725268714.9656549
1725268714.982592
1725268714.9986174
1725268715.0151818
1725268715.0503335
1725268715.066886
1725268715.0820801
1725268715.1044807
1725268715.114339
1725268715.1313398
1725268715.148396
1725268715.1822608
1725268715.199461
1725268715.2160711
1725268715.2342858
1725268715.2648466
1725268715.2890959
1725268715.302169
1725268715.3187184
1725268715.356293
1725268715.372896
1725268715.380996
1725268715.4034274
1725268715.4177125
1725268715.4343164
1725268715.4732625
1725268715.4866993
1725268715.5007272
1725268715.5179014
1725268715.5352428
1725268715.548572
1725268715.5686352
1725268715.5801425
1725268715.601902
1725268715.6380806
1725268715.6458442
1725268715.6620393
1725268715.6832256
1725268715.698585
1725268715.7160192
1725268715.7309518
1725268715.7483735
1725268715.768898
1725268715.7791262
1725268715.7977004
1725268715.816488
1725268715.8370693
1725268715.8470814
1725268715.8636484
1725268715.8802667
1725268715.9034722
1725268715.9139254
1725268715.9302068
1725268715.9482217
1725268715.9632027
1725268715.9783661
1725268715.9971092
1725268716.0102274
1725268716.0284252
1725268716.046947
1725268716.0841136
1725268716.0989966
1725268716.111142
1725268716.1279602
1725268716.1442986
1725268716.1614044
1725268716.1772115
1725268716.1946993
1725268716.244224
1725268716.2489371
1725268716.2563837
1725268716.272657
1725268716.3063965
1725268716.3553545
1725268716.3691914
1725268716.381809
1725268716.394853
1725268716.448902
1725268716.4603527
1725268716.4777467
1725268716.5164196
1725268716.521135
1725268716.5257127
1725268716.5403137
1725268716.55692
1725268716.572239
1725268716.5882003
1725268716.6043997
1725268716.6296058
1725268716.6627517
1725268716.6993124
1725268716.705046
1725268716.7225482
1725268716.7385986
1725268716.7568922
1725268716.7732227
1725268716.7875469
1725268716.8225937
1725268716.8379467
1725268716.8539028
1725268716.874569
1725268716.8920755
1725268716.9070766
1725268716.9305778
1725268716.9379108
1725268716.9561958
1725268716.9711845
1725268716.9884393
1725268717.0054212
1725268717.02131
1725268717.0388117
1725268717.057108
1725268717.1086397
1725268717.1232948
1725268717.1253617
1725268717.138831
1725268717.1526406
1725268717.1733747
1725268717.1909723
1725268717.2101388
1725268717.2200642
1725268717.2370422
1725268717.2826042
1725268717.3101404
1725268717.320914
1725268717.336707
1725268717.35253
1725268717.3694665
1725268717.3898935
1725268717.402193
1725268717.4374514
1725268717.4499047
1725268717.4687595
1725268717.4860995
1725268717.527889
1725268717.5596023
1725268717.569027
1725268717.5836961
1725268717.624319
1725268717.6539388
1725268717.6556556
1725268717.6845949
1725268717.7024295
1725268717.71959
1725268717.7351663
1725268717.7514315
1725268717.7710178
1725268717.7841473
1725268717.8037152
1725268717.8176851
1725268717.833411
1725268717.8485475
1725268717.8665905
1725268717.8834043
1725268717.8972144
1725268717.9219475
1725268717.9354587
1725268717.9490323
1725268717.9657576
1725268718.00762
1725268718.015729
1725268718.0303364
1725268718.0493846
1725268718.0714536
1725268718.0865557
1725268718.0971227
1725268718.1324499
1725268718.1481647
1725268718.1642938
1725268718.1803336
1725268718.1986244
1725268718.2177496
1725268718.2310119
1725268718.2442589
1725268718.2646747
1725268718.2795544
1725268718.295981
1725268718.3139563
1725268718.3522964
1725268718.3696847
1725268718.379279
1725268718.399864
1725268718.411375
1725268718.4277163
1725268718.444227
1725268718.479692
1725268718.499572
1725268718.5140674
1725268718.5274637
1725268718.5626285
1725268718.574608
1725268718.5939806
1725268718.611139
1725268718.6474113
1725268718.6716888
1725268718.6796148
1725268718.6894944
1725268718.710934
1725268718.7254305
1725268718.7569075
1725268718.7809644
1725268718.7966058
1725268718.8054225
1725268718.8220525
1725268718.839095
1725268718.857057
1725268718.8835022
1725268718.8899148
1725268718.9223258
1725268718.9382951
1725268718.9542806
1725268718.9711077
1725268718.98711
1725268719.0034814
1725268719.020595
1725268719.0368812
1725268719.054662
1725268719.0695786
1725268719.087233
1725268719.1043067
1725268719.1198897
1725268719.13668
1725268719.1529143
1725268719.1724343
1725268719.1878622
1725268719.2033255
1725268719.2194893
1725268719.2361994
1725268719.252293
1725268719.2683852
1725268719.2849739
1725268719.3036063
1725268719.3240783
1725268719.337573
1725268719.3761463
1725268719.3881538
1725268719.4035072
1725268719.4192638
1725268719.4390745
1725268719.4550123
1725268719.4706738
1725268719.4877572
1725268719.5374207
1725268719.5433564
1725268719.5483062
1725268719.5656018
1725268719.598758
1725268719.6492136
1725268719.6654563
1725268719.684429
1725268719.695199
1725268719.7354696
1725268719.7518523
1725268719.7685566
1725268719.8092163
1725268719.8134656
1725268719.819939
1725268719.8338072
1725268719.855361
1725268719.86557
1725268719.8859959
1725268719.9015543
1725268719.9206753
1725268719.9568288
1725268719.996453
1725268720.0030406
1725268720.014862
1725268720.0341997
1725268720.0518076
1725268720.067107
1725268720.0831366
1725268720.1259146
1725268720.1392155
1725268720.1498744
1725268720.1653748
1725268720.1794662
1725268720.201654
1725268720.2130108
1725268720.229841
1725268720.248536
1725268720.2721987
1725268720.2818635
1725268720.2980666
1725268720.3127022
1725268720.3333673
1725268720.3486598
1725268720.3970122
1725268720.4068913
1725268720.413571
1725268720.4315538
1725268720.4474113
1725268720.4649131
1725268720.4772892
1725268720.4964335
1725268720.5127687
1725268720.5321124
1725268720.5744479
1725268720.5953474
1725268720.6119864
1725268720.6282053
1725268720.646032
1725268720.662716
1725268720.6809504
1725268720.6937156
1725268720.73
1725268720.7404737
1725268720.7614527
1725268720.7744687
1725268720.819908
1725268720.849279
1725268720.857574
1725268720.8768466
1725268720.916506
1725268720.9369676
1725268720.9437518
1725268720.9770682
1725268720.9937766
1725268721.0108826
1725268721.0265923
1725268721.0439703
1725268721.064637
1725268721.0814002
1725268721.0917158
1725268721.106355
1725268721.1266458
1725268721.1419003
1725268721.159005
1725268721.1753674
1725268721.1917946
1725268721.2114089
1725268721.232521
1725268721.2441645
1725268721.2603862
1725268721.2998142
1725268721.3068488
1725268721.3252912
1725268721.3405747
1725268721.3633409
1725268721.3801088
1725268721.3912432
1725268721.425167
1725268721.4397402
1725268721.4551172
1725268721.4734862
1725268721.4891977
1725268721.5070715
1725268721.5203505
1725268721.5361583
1725268721.5540454
1725268721.5699866
1725268721.5860143
1725268721.6049545
1725268721.6412091
1725268721.6590579
1725268721.670713
1725268721.68672
1725268721.7026818
1725268721.7185276
1725268721.7349505
1725268721.773232
1725268721.7849982
1725268721.8062031
1725268721.818904
1725268721.8525498
1725268721.8690193
1725268721.8838134
1725268721.9023921
1725268721.9391172
1725268721.9549956
1725268721.96528
1725268721.980429
1725268722.001022
1725268722.0153449
1725268722.0551312
1725268722.0716398
1725268722.0882926
1725268722.09618
1725268722.1125395
1725268722.1320662
1725268722.1550667
1725268722.1651301
1725268722.1786048
1725268722.2207437
1725268722.232674
1725268722.2450755
1725268722.2665303
1725268722.2817962
1725268722.2982016
1725268722.3152866
1725268722.332301
1725268722.3596401
1725268722.3613627
1725268722.3798506
1725268722.39734
1725268722.4124508
1725268722.429058
1725268722.443231
1725268722.4600825
1725268722.4826503
1725268722.4950547
1725268722.5112371
1725268722.5284297
1725268722.5447028
1725268722.558464
1725268722.5773492
1725268722.5924473
1725268722.6116366
1725268722.626
1725268722.6656694
1725268722.68014
1725268722.6932087
1725268722.7080796
1725268722.7274323
1725268722.7424736
1725268722.759017
1725268722.7745721
1725268722.8225834
1725268722.8304927
1725268722.8371696
1725268722.8536072
1725268722.889894
1725268722.939342
1725268722.9465785
1725268722.9623358
1725268722.9764028
1725268723.0259953
1725268723.040879
1725268723.0594275
1725268723.0963266
1725268723.1023586
1725268723.111384
1725268723.1231213
1725268723.1410038
1725268723.1574287
1725268723.1724195
1725268723.1902761
1725268723.2053049
1725268723.244476
1725268723.275902
1725268723.2884042
1725268723.3047256
1725268723.3202174
1725268723.3412056
1725268723.3543143
1725268723.3707972
1725268723.4043574
1725268723.4231265
1725268723.4379342
1725268723.4547107
1725268723.470557
1725268723.4875627
1725268723.5057485
1725268723.5223322
1725268723.5506341
1725268723.5574777
1725268723.5677238
1725268723.5890346
1725268723.6052644
1725268723.6215363
1725268723.6363885
1725268723.6896477
1725268723.7036731
1725268723.7078717
1725268723.7207935
1725268723.7370903
1725268723.752502
1725268723.7684677
1725268723.7913089
1725268723.8009007
1725268723.8185062
1725268723.8641653
1725268723.8853278
1725268723.9019988
1725268723.9158416
1725268723.935133
1725268723.9519744
1725268723.9715893
1725268723.983789
1725268724.0235276
1725268724.0339534
1725268724.0489404
1725268724.0684285
1725268724.1093416
1725268724.1319978
1725268724.1466303
1725268724.1656635
1725268724.2054806
1725268724.2204068
1725268724.2326481
1725268724.2663605
1725268724.282936
1725268724.2974358
1725268724.3139982
1725268724.3316927
1725268724.350612
1725268724.3676577
1725268724.3800101
1725268724.3962579
1725268724.4127135
1725268724.431007
1725268724.4470508
1725268724.4614933
1725268724.4789376
1725268724.4984305
1725268724.5106084
1725268724.5274577
1725268724.547034
1725268724.5774884
1725268724.5918074
1725268724.609529
1725268724.627607
1725268724.6476994
1725268724.661309
1725268724.677122
1725268724.7123086
1725268724.7262053
1725268724.7432997
1725268724.7589467
1725268724.775049
1725268724.7947874
1725268724.8111467
1725268724.8264165
1725268724.844119
1725268724.8596745
1725268724.8757646
1725268724.890882
1725268724.9300861
1725268724.9450328
1725268724.9576235
1725268724.9795074
1725268724.99147
1725268725.0053592
1725268725.0211644
1725268725.0576549
1725268725.0780904
1725268725.0930636
1725268725.1106808
1725268725.1398075
1725268725.1569076
1725268725.1712654
1725268725.185904
1725268725.2198184
1725268725.2447946
1725268725.2537735
1725268725.267784
1725268725.2853668
1725268725.3043694
1725268725.3383005
1725268725.3530505
1725268725.3751116
1725268725.3850398
1725268725.4022293
1725268725.4181302
1725268725.4404664
1725268725.4487238
1725268725.4687364
1725268725.5072453
1725268725.517364
1725268725.5341713
1725268725.551899
1725268725.5683587
1725268725.5846052
1725268725.6023252
1725268725.6182349
1725268725.636499
1725268725.6513045
1725268725.6676202
1725268725.6839244
1725268725.7000551
1725268725.7164047
1725268725.7340896
1725268725.7507246
1725268725.7726228
1725268725.7831638
1725268725.797705
1725268725.81446
1725268725.8464417
1725268725.8478813
1725268725.8669453
1725268725.879986
1725268725.8968723
1725268725.9167385
1725268725.95816
1725268725.9704268
1725268725.981059
1725268725.9970942
1725268726.0165496
1725268726.0315375
1725268726.0494237
1725268726.0666418
1725268726.116746
1725268726.1211739
1725268726.1265516
1725268726.1434793
1725268726.1764028
1725268726.228111
1725268726.2473829
1725268726.2620525
1725268726.2647896
1725268726.3199716
1725268726.3327312
1725268726.3496697
1725268726.3863416
1725268726.391775
1725268726.3977802
1725268726.412768
1725268726.4349716
1725268726.447825
1725268726.4633207
1725268726.480832
1725268726.4965951
1725268726.5351155
1725268726.574135
1725268726.5789862
1725268726.5920556
1725268726.6095266
1725268726.624689
1725268726.6416318
1725268726.6595874
1725268726.691665
1725268726.7128572
1725268726.727244
1725268726.7404451
1725268726.760899
1725268726.7767515
1725268726.791151
1725268726.8086946
1725268726.824467
1725268726.842197
1725268726.8662143
1725268726.871333
1725268726.888136
1725268726.904939
1725268726.9233139
1725268726.9611692
1725268726.974783
1725268726.990941
1725268727.0086925
1725268727.0201752
1725268727.036798
1725268727.0545194
1725268727.0697129
1725268727.0874093
1725268727.1042964
1725268727.1398242
1725268727.176992
1725268727.1857243
1725268727.2061656
1725268727.2181914
1725268727.2349913
1725268727.2530177
1725268727.268051
1725268727.3030868
1725268727.3177183
1725268727.334094
1725268727.3512049
1725268727.3872342
1725268727.4192598
1725268727.4363275
1725268727.4549277
1725268727.4896746
1725268727.501506
1725268727.520003
1725268727.5542185
1725268727.566905
1725268727.583173
1725268727.5983224
1725268727.6190217
1725268727.6441936
1725268727.6537328
1725268727.666366
1725268727.682161
1725268727.7040174
1725268727.7191226
1725268727.7315097
1725268727.75183
1725268727.7687268
1725268727.7856023
1725268727.799484
1725268727.8180778
1725268727.8361201
1725268727.8745725
1725268727.881493
1725268727.8973362
1725268727.916724
1725268727.939254
1725268727.9527416
1725268727.9636116
1725268727.9959629
1725268728.0134306
1725268728.0284705
1725268728.0446188
1725268728.0606968
1725268728.0802615
1725268728.0953872
1725268728.1097066
1725268728.1291032
1725268728.1464963
1725268728.1613145
1725268728.1763315
1725268728.2175107
1725268728.2323794
1725268728.2448325
1725268728.2616963
1725268728.2777605
1725268728.3038132
1725268728.3122096
1725268728.3445885
1725268728.365312
1725268728.3804476
1725268728.3965962
1725268728.4273527
1725268728.4429872
1725268728.459351
1725268728.4751918
1725268728.5133846
1725268728.5370424
1725268728.542459
1725268728.556564
1725268728.5743794
1725268728.5918913
1725268728.6296334
1725268728.647349
1725268728.6580274
1725268728.6734452
1725268728.696533
1725268728.7066653
1725268728.7301018
1725268728.7422378
1725268728.755736
1725268728.7957258
1725268728.8086865
1725268728.8228087
1725268728.8395166
1725268728.856868
1725268728.8738837
1725268728.8890333
1725268728.9140277
1725268728.924981
1725268728.9390404
1725268728.9559758
1725268728.972058
1725268728.991125
1725268729.0078251
1725268729.0243518
1725268729.0418658
1725268729.061684
1725268729.0754092
1725268729.090263
1725268729.1059566
1725268729.1223772
1725268729.1362689
1725268729.1525662
1725268729.1731763
1725268729.1891754
1725268729.206086
1725268729.2442353
1725268729.259587
1725268729.2733808
1725268729.2847855
1725268729.304377
1725268729.3209033
1725268729.3370283
1725268729.3547907
1725268729.4011002
1725268729.407145
1725268729.416641
1725268729.4323077
1725268729.4656894
1725268729.513182
1725268729.5271504
1725268729.5400434
1725268729.5539656
1725268729.6104944
1725268729.6202044
1725268729.6376235
1725268729.6720102
1725268729.6774542
1725268729.6882288
1725268729.6978374
1725268729.7220304
1725268729.7347445
1725268729.749585
1725268729.7691379
1725268729.78429
1725268729.8223789
1725268729.8615417
1725268729.8659015
1725268729.8800063
1725268729.903028
1725268729.9169376
1725268729.932873
1725268729.9455037
1725268729.9872205
1725268730.0029895
1725268730.0159404
1725268730.0300438
1725268730.0493326
1725268730.062381
1725268730.0790195
1725268730.097402
1725268730.1126986
1725268730.1323674
1725268730.14535
1725268730.1618056
1725268730.1803567
1725268730.1949291
1725268730.2128658
1725268730.2649758
1725268730.277877
1725268730.2796857
1725268730.2965722
1725268730.3110971
1725268730.3291862
1725268730.3426352
1725268730.3631067
1725268730.3758616
1725268730.3936086
1725268730.4381762
1725268730.4594998
1725268730.477866
1725268730.4938548
1725268730.5084732
1725268730.526065
1725268730.5482726
1725268730.5594497
1725268730.5917864
1725268730.6048243
1725268730.6239567
1725268730.6411266
1725268730.6880188
1725268730.7109199
1725268730.7228549
1725268730.7369008
1725268730.7844694
1725268730.7929058
1725268730.8040464
1725268730.842908
1725268730.8565817
1725268730.876009
1725268730.8853204
1725268730.902432
1725268730.9208531
1725268730.9373755
1725268730.9540253
1725268730.9702961
1725268730.985287
1725268731.0010517
1725268731.0174303
1725268731.0342696
1725268731.0522592
1725268731.068345
1725268731.0854874
1725268731.1012561
1725268731.1168582
1725268731.1520472
1725268731.1656835
1725268731.183262
1725268731.1994927
1725268731.2193282
1725268731.2351217
1725268731.2501116
1725268731.282651
1725268731.2988398
1725268731.3157752
1725268731.3324187
1725268731.3490076
1725268731.366374
1725268731.3815336
1725268731.402175
1725268731.4179237
1725268731.4349535
1725268731.4519334
1725268731.4655714
1725268731.5040436
1725268731.5152726
1725268731.530209
1725268731.555957
1725268731.5658562
1725268731.5824337
1725268731.5990164
1725268731.6285627
1725268731.6478612
1725268731.664307
1725268731.6806123
1725268731.714906
1725268731.7296648
1725268731.7445345
1725268731.763371
1725268731.794096
1725268731.8194642
1725268731.8291485
1725268731.842822
1725268731.8607035
1725268731.8769262
1725268731.9143012
1725268731.9333344
1725268731.9434783
1725268731.959891
1725268731.980049
1725268731.9932032
1725268732.0153496
1725268732.0265179
1725268732.0431385
1725268732.0811512
1725268732.0950143
1725268732.108917
1725268732.124936
1725268732.1400268
1725268732.158992
1725268732.1733449
1725268732.1916997
1725268732.2100787
1725268732.2244656
1725268732.2405586
1725268732.2580392
1725268732.2764866
1725268732.288522
1725268732.3056536
1725268732.3254561
1725268732.3469906
1725268732.3581846
1725268732.3727038
1725268732.3905258
1725268732.4072275
1725268732.4238737
1725268732.4410298
1725268732.4567897
1725268732.4728477
1725268732.4860008
1725268732.5274951
1725268732.5422795
1725268732.5552673
1725268732.571856
1725268732.589956
1725268732.605586
1725268732.6223986
1725268732.637299
1725268732.6854122
1725268732.6914961
1725268732.6998322
1725268732.7168622
1725268732.7499268
1725268732.8147683
1725268732.8201013
1725268732.8316872
1725268732.8389754
1725268732.8920453
1725268732.9040897
1725268732.9229171
1725268732.9595137
1725268732.9660785
1725268732.9763653
1725268732.9828098
1725268733.0053985
1725268733.017632
1725268733.035771
1725268733.050751
1725268733.0690532
1725268733.1058207
1725268733.1466925
1725268733.1543636
1725268733.164757
1725268733.181992
1725268733.200163
1725268733.2215312
1725268733.2318356
1725268733.2679183
1725268733.2843406
1725268733.2966573
1725268733.3152094
1725268733.3331482
1725268733.3484783
1725268733.3666685
1725268733.3820877
1725268733.3989277
1725268733.42044
1725268733.4344015
1725268733.4466612
1725268733.4649873
1725268733.47957
1725268733.4950795
1725268733.5508466
1725268733.563328
1725268733.5675917
1725268733.5799108
1725268733.5931048
1725268733.611627
1725268733.6270168
1725268733.6430423
1725268733.6596172
1725268733.6794496
1725268733.7260387
1725268733.7472746
1725268733.7637239
1725268733.7789412
1725268733.7948658
1725268733.8131049
1725268733.8327167
1725268733.8450036
1725268733.8846872
1725268733.894959
1725268733.9108648
1725268733.9319353
1725268733.9691982
1725268733.9972506
1725268734.0100555
1725268734.0246835
1725268734.066753
1725268734.0757396
1725268734.092666
1725268734.1254814
1725268734.1422002
1725268734.1556828
1725268734.1728039
1725268734.1896954
1725268734.211684
1725268734.2289171
1725268734.2409992
1725268734.2581487
1725268734.2755966
1725268734.2893293
1725268734.3053596
1725268734.3235807
1725268734.340593
1725268734.3586354
1725268734.3737402
1725268734.390418
1725268734.4072626
1725268734.4463966
1725268734.4552844
1725268734.4712749
1725268734.4891427
1725268734.509716
1725268734.5248642
1725268734.5378773
1725268734.57261
1725268734.587054
1725268734.6051357
1725268734.6232407
1725268734.6391017
1725268734.6593776
1725268734.670519
1725268734.6895347
1725268734.7026207
1725268734.723076
1725268734.7375903
1725268734.7528872
1725268734.7919502
1725268734.8086894
1725268734.8230796
1725268734.8371785
1725268734.853569
1725268734.870585
1725268734.886223
1725268734.9169972
1725268734.9361477
1725268734.9527857
1725268734.9708202
1725268735.0003366
1725268735.0171795
1725268735.0331993
1725268735.050031
1725268735.0848136
1725268735.101577
1725268735.1159978
1725268735.1330051
1725268735.159631
1725268735.1657746
1725268735.2019572
1725268735.2166963
1725268735.2367253
1725268735.2484212
1725268735.2650292
1725268735.282232
1725268735.3007002
1725268735.320717
1725268735.332998
1725268735.3653388
1725268735.3807354
1725268735.3980672
1725268735.4178054
1725268735.4322505
1725268735.4491808
1725268735.4647434
1725268735.4837182
1725268735.5009868
1725268735.515228
1725268735.5303075
1725268735.5480099
1725268735.5652914
1725268735.578067
1725268735.5992725
1725268735.6126235
1725268735.6289294
1725268735.6494944
1725268735.6656437
1725268735.6784163
1725268735.6971915
1725268735.7127657
1725268735.731723
1725268735.7461352
1725268735.7627032
1725268735.7789268
1725268735.8170505
1725268735.8323405
1725268735.8440132
1725268735.8626595
1725268735.8818023
1725268735.8949306
1725268735.9114537
1725268735.92836
1725268735.9751458
1725268735.9795163
1725268735.9899604
1725268736.006607
1725268736.0401182
1725268736.0871196
1725268736.1009636
1725268736.1150608
1725268736.1310396
1725268736.1823392
1725268736.193945
1725268736.210331
1725268736.2504349
1725268736.2570426
1725268736.2617927
1725268736.272883
1725268736.2978232
1725268736.313481
1725268736.327089
1725268736.344292
1725268736.3572385
1725268736.39892
1725268736.4362986
1725268736.4417315
1725268736.456521
1725268736.475651
1725268736.48856
1725268736.5085404
1725268736.5257375
1725268736.5652323
1725268736.5740047
1725268736.5928564
1725268736.614627
1725268736.6224267
1725268736.6390178
1725268736.6543374
1725268736.6719637
1725268736.6863804
1725268736.704354
1725268736.7228632
1725268736.7368553
1725268736.7520437
1725268736.7698033
1725268736.7895362
1725268736.843226
1725268736.8563657
1725268736.8599515
1725268736.8714895
1725268736.8868058
1725268736.9033425
1725268736.9193711
1725268736.9357967
1725268736.95272
1725268736.9742255
1725268737.0067916
1725268737.0352108
1725268737.0523465
1725268737.0680895
1725268737.0844984
1725268737.101635
1725268737.1183639
1725268737.1336443
1725268737.1700926
1725268737.1830277
1725268737.2003756
1725268737.2156188
1725268737.2528615
1725268737.2856183
1725268737.2996445
1725268737.3170493
1725268737.352604
1725268737.3665905
1725268737.3824475
1725268737.4161053
1725268737.4313085
1725268737.4484653
1725268737.4654026
1725268737.4827695
1725268737.499131
1725268737.5175428
1725268737.5320387
1725268737.5489748
1725268737.5668116
1725268737.5812337
1725268737.602036
1725268737.613826
1725268737.6313288
1725268737.6505842
1725268737.6665573
1725268737.6815035
1725268737.6975071
1725268737.7395508
1725268737.74927
1725268737.7632744
1725268737.7778678
1725268737.8021333
1725268737.8170385
1725268737.8271956
1725268737.8662274
1725268737.8825543
1725268737.8954217
1725268737.9122987
1725268737.930819
1725268737.9520147
1725268737.962862
1725268737.9789724
1725268737.9961221
1725268738.0118885
1725268738.0294526
1725268738.0473351
1725268738.0833864
1725268738.1010308
1725268738.1104448
1725268738.1354375
1725268738.1446497
1725268738.1579266
1725268738.1789646
1725268738.210874
1725268738.2292678
1725268738.2510424
1725268738.2670295
1725268738.2934508
1725268738.3132522
1725268738.3263292
1725268738.340719
1725268738.38118
1725268738.3965607
1725268738.407637
1725268738.424693
1725268738.4412594
1725268738.457926
1725268738.4954777
1725268738.5100648
1725268738.526651
1725268738.5406578
1725268738.5570364
1725268738.5724728
1725268738.5942678
1725268738.60466
1725268738.6245954
1725268738.660829
1725268738.67476
1725268738.6888316
1725268738.7050145
1725268738.7211263
1725268738.740333
1725268738.755599
1725268738.7717838
1725268738.7937143
1725268738.8058093
1725268738.8201437
1725268738.8360038
1725268738.8526096
1725268738.869469
1725268738.88714
1725268738.903984
1725268738.9243078
1725268738.9342842
1725268738.9495757
1725268738.9662888
1725268738.9820008
1725268738.9992096
1725268739.0168476
1725268739.0330586
1725268739.0497766
1725268739.0669823
1725268739.101592
1725268739.1193001
1725268739.1337154
1725268739.1599836
1725268739.1654289
1725268739.1819637
1725268739.1984825
1725268739.215965
1725268739.2539036
1725268739.2658613
1725268739.281071
1725268739.296516
1725268739.3315122
1725268739.3683171
1725268739.3863873
1725268739.4075298
1725268739.4202864
1725268739.4665737
1725268739.4821439
1725268739.500221
1725268739.5361729
1725268739.5381346
1725268739.5508618
1725268739.5636954
1725268739.5829246
1725268739.597235
1725268739.6134653
1725268739.6298282
1725268739.646586
1725268739.6837454
1725268739.7215683
1725268739.73015
1725268739.7456925
1725268739.7643986
1725268739.7790523
1725268739.794749
1725268739.8110929
1725268739.8452191
1725268739.862223
1725268739.8774638
1725268739.8936808
1725268739.910568
1725268739.9264045
1725268739.9426432
1725268739.959778
1725268739.9757743
1725268739.9943905
1725268740.0091496
1725268740.0252287
1725268740.0418773
1725268740.0601656
1725268740.0803106
1725268740.1282697
1725268740.13782
1725268740.1450315
1725268740.1632013
1725268740.177197
1725268740.1901624
1725268740.211425
1725268740.2282171
1725268740.2448223
1725268740.2608411
1725268740.3052504
1725268740.327316
1725268740.3422568
1725268740.3596318
1725268740.376328
1725268740.3919413
1725268740.4112291
1725268740.4233873
1725268740.46426
1725268740.4734535
1725268740.4891818
1725268740.5069938
1725268740.5492983
1725268740.5814354
1725268740.589524
1725268740.604836
1725268740.6465719
1725268740.6604698
1725268740.6719584
1725268740.7069886
1725268740.7234993
1725268740.7446086
1725268740.7533975
1725268740.7724528
1725268740.7897983
1725268740.8031442
1725268740.8177145
1725268740.838473
1725268740.8542485
1725268740.8708928
1725268740.8913534
1725268740.9030578
1725268740.919928
1725268740.9411821
1725268740.9534314
1725268740.9735029
1725268740.9871266
1725268741.0280015
1725268741.0354302
1725268741.051994
1725268741.0707762
1725268741.0870464
1725268741.1033657
1725268741.117887
1725268741.1522825
1725268741.169083
1725268741.185078
1725268741.2021453
1725268741.2161632
1725268741.2412944
1725268741.2496302
1725268741.267623
1725268741.2859693
1725268741.2991188
1725268741.316813
1725268741.3340003
1725268741.3663106
1725268741.3915176
1725268741.401158
1725268741.420205
1725268741.4319065
1725268741.4513214
1725268741.4635231
1725268741.4966316
1725268741.515281
1725268741.5380507
1725268741.549822
1725268741.5850856
1725268741.5985541
1725268741.6148193
1725268741.6315548
1725268741.663212
1725268741.680509
1725268741.6944776
1725268741.712975
1725268741.7297552
1725268741.7438552
1725268741.785973
1725268741.80598
1725268741.8160427
1725268741.8276489
1725268741.8427536
1725268741.8636975
1725268741.883733
1725268741.8942792
1725268741.9102814
1725268741.9484086
1725268741.9587836
1725268741.9793684
1725268741.9947965
1725268742.0082645
1725268742.0242348
1725268742.0449183
1725268742.0606804
1725268742.0813477
1725268742.0940788
1725268742.1093202
1725268742.1247454
1725268742.143049
1725268742.159181
1725268742.177598
1725268742.1946669
1725268742.2139723
1725268742.2247746
1725268742.2416365
1725268742.2568958
1725268742.2759354
1725268742.2923608
1725268742.3088884
1725268742.3252506
1725268742.3434982
1725268742.3578851
1725268742.3959181
1725268742.4124722
1725268742.4231615
1725268742.4446003
1725268742.4560492
1725268742.472186
1725268742.4909794
1725268742.506983
1725268742.5545583
1725268742.5598617
1725268742.5703783
1725268742.5863836
1725268742.6207972
1725268742.6696565
1725268742.6867476
1725268742.7020493
1725268742.709145
1725268742.760946
1725268742.7739697
1725268742.7903614
1725268742.8290348
1725268742.8337488
1725268742.8419936
1725268742.8525107
1725268742.8763847
1725268742.8895838
1725268742.9058433
1725268742.9205513
1725268742.939291
1725268742.9705608
1725268743.0076306
1725268743.0186288
1725268743.0348682
1725268743.0512514
1725268743.0677383
1725268743.0851593
1725268743.1016252
1725268743.1352255
1725268743.152301
1725268743.169195
1725268743.1836967
1725268743.2003376
1725268743.216541
1725268743.244624
1725268743.2529335
1725268743.2669404
1725268743.285939
1725268743.3001628
1725268743.3190053
1725268743.3334756
1725268743.3496714
1725268743.36662
1725268743.406982
1725268743.4207783
1725268743.4346392
1725268743.4547615
1725268743.4665806
1725268743.4846215
1725268743.5024707
1725268743.5152805
1725268743.5359545
1725268743.5528336
1725268743.597007
1725268743.6163592
1725268743.6335597
1725268743.6522603
1725268743.6684291
1725268743.685002
1725268743.7051976
1725268743.7201633
1725268743.7592735
1725268743.7679152
1725268743.7821934
1725268743.8022735
1725268743.8458478
1725268743.870412
1725268743.8800392
1725268743.8984668
1725268743.9404533
1725268743.9517276
1725268743.9628997
1725268744.000191
1725268744.0179255
1725268744.032425
1725268744.0509958
1725268744.063765
1725268744.0830271
1725268744.1012967
1725268744.114859
1725268744.1275115
1725268744.1436715
1725268744.1641772
1725268744.1777823
1725268744.1942003
1725268744.209339
1725268744.231466
1725268744.248019
1725268744.2628658
1725268744.2798316
1725268744.3272095
1725268744.3291953
1725268744.3416321
1725268744.365015
1725268744.3825536
1725268744.3964288
1725268744.4121654
1725268744.4456224
1725268744.461983
1725268744.4809544
1725268744.4946191
1725268744.5118675
1725268744.5262754
1725268744.5459623
1725268744.5601733
1725268744.5784376
1725268744.593011
1725268744.6098053
1725268744.6278453
1725268744.6640162
1725268744.6797473
1725268744.6900353
1725268744.709054
1725268744.7258103
1725268744.7423239
1725268744.7601576
1725268744.7931972
1725268744.8100567
1725268744.827024
1725268744.8459074
1725268744.8762167
1725268744.8917243
1725268744.9083862
1725268744.929112
1725268744.9646325
1725268744.979037
1725268745.0020733
1725268745.0058496
1725268745.0238059
1725268745.038489
1725268745.0771708
1725268745.096247
1725268745.111809
1725268745.1215174
1725268745.1358972
1725268745.1552749
1725268745.1748438
1725268745.186425
1725268745.2041333
1725268745.2426074
1725268745.2576172
1725268745.2689269
1725268745.2856102
1725268745.305406
1725268745.3218372
1725268745.3365355
1725268745.3548331
1725268745.3753095
1725268745.3866475
1725268745.4029632
1725268745.4206636
1725268745.4388127
1725268745.457463
1725268745.4703572
1725268745.4896197
1725268745.5091486
1725268745.5168219
1725268745.5352209
1725268745.5513122
1725268745.569043
1725268745.5823834
1725268745.598537
1725268745.6185117
1725268745.633447
1725268745.6483028
1725268745.6895592
1725268745.7053037
1725268745.71802
1725268745.732691
1725268745.7498145
1725268745.7675931
1725268745.7882547
1725268745.7992725
1725268745.8451788
1725268745.8498006
1725268745.8611112
1725268745.8794162
1725268745.9106095
1725268745.9593368
1725268745.9730916
1725268745.9863415
1725268746.0036347
1725268746.052596
1725268746.0642636
1725268746.0807846
1725268746.1198256
1725268746.1264672
1725268746.1335397
1725268746.1452143
1725268746.1670325
1725268746.1809537
1725268746.1952934
1725268746.2117097
1725268746.2281115
1725268746.267101
1725268746.3052843
1725268746.3122957
1725268746.3279564
1725268746.3449574
1725268746.361816
1725268746.3782883
1725268746.3966796
1725268746.4323056
1725268746.4460728
1725268746.4575498
1725268746.474132
1725268746.4942424
1725268746.5112143
1725268746.5262327
1725268746.5425787
1725268746.5603974
1725268746.5827932
1725268746.595905
1725268746.608218
1725268746.625625
1725268746.6428409
1725268746.6581726
1725268746.695261
1725268746.7103732
1725268746.724946
1725268746.7413495
1725268746.7540646
1725268746.770792
1725268746.7888396
1725268746.8033452
1725268746.8206747
1725268746.8397522
1725268746.8743377
1725268746.9046443
1725268746.9183607
1725268746.934861
1725268746.9512777
1725268746.9676054
1725268746.9847298
1725268747.000119
1725268747.0363386
1725268747.050018
1725268747.0663145
1725268747.0824823
1725268747.1192935
1725268747.1512775
1725268747.1648903
1725268747.1810982
1725268747.217356
1725268747.231707
1725268747.248922
1725268747.279998
1725268747.2968388
1725268747.3130484
1725268747.3317158
1725268747.3512235
1725268747.3647752
1725268747.3880353
1725268747.3958738
1725268747.4125192
1725268747.4283905
1725268747.446272
1725268747.4616246
1725268747.4776413
1725268747.4972482
1725268747.519147
1725268747.533315
1725268747.545945
1725268747.5642192
1725268747.6029978
1725268747.6117966
1725268747.6287074
1725268747.650362
1725268747.6669054
1725268747.6804245
1725268747.6919487
1725268747.728938
1725268747.7456148
1725268747.762372
1725268747.7771401
1725268747.791978
1725268747.8143568
1725268747.8279138
1725268747.8419206
1725268747.85975
1725268747.8737864
1725268747.8920517
1725268747.9108558
1725268747.948016
1725268747.9696834
1725268747.9769678
1725268747.9984813
1725268748.0073266
1725268748.027114
1725268748.0429995
1725268748.079309
1725268748.096852
1725268748.1104338
1725268748.129199
1725268748.159337
1725268748.1751606
1725268748.189269
1725268748.207756
1725268748.2490983
1725268748.2629178
1725268748.2718906
1725268748.2913063
1725268748.308755
1725268748.3255365
1725268748.3614552
1725268748.3773274
1725268748.3910518
1725268748.4051037
1725268748.425964
1725268748.440122
1725268748.46158
1725268748.4735649
1725268748.4914389
1725268748.5283666
1725268748.5385926
1725268748.5602684
1725268748.5763278
1725268748.5878685
1725268748.6041484
1725268748.6248467
1725268748.6410203
1725268748.6600163
1725268748.6734679
1725268748.6894796
1725268748.704349
1725268748.7222056
1725268748.7384684
1725268748.7589555
1725268748.773723
1725268748.795484
1725268748.8052764
1725268748.8189147
1725268748.8409555
1725268748.8556328
1725268748.8724418
1725268748.8896465
1725268748.9056723
1725268748.922466
1725268748.9380898
1725268748.9815922
1725268748.9937296
1725268749.0037413
1725268749.0215185
1725268749.040096
1725268749.0546248
1725268749.0735486
1725268749.0850217
1725268749.133579
1725268749.1388662
1725268749.1491058
1725268749.1656237
1725268749.199069
1725268749.2498329
1725268749.2638593
1725268749.2760212
1725268749.287932
1725268749.3437042
1725268749.353756
1725268749.3697338
1725268749.403356
1725268749.4050422
1725268749.4207613
1725268749.4386334
1725268749.4578247
1725268749.46899
1725268749.4849846
1725268749.5035188
1725268749.5183234
1725268749.5583935
1725268749.5938053
1725268749.600685
1725268749.615829
1725268749.6333256
1725268749.6491323
1725268749.6676366
1725268749.6828778
1725268749.7224782
1725268749.738119
1725268749.7499542
1725268749.767133
1725268749.7822268
1725268749.7993395
1725268749.8125238
1725268749.832993
1725268749.8511384
1725268749.8670979
1725268749.8806794
1725268749.8957484
1725268749.9152677
1725268749.932484
1725268749.9489024
1725268750.0028555
1725268750.016638
1725268750.0216799
1725268750.0317457
1725268750.0479465
1725268750.0665793
1725268750.0823808
1725268750.0977101
1725268750.1145656
1725268750.1326952
1725268750.1768446
1725268750.1951668
1725268750.218434
1725268750.2336435
1725268750.2477689
1725268750.2654068
1725268750.281419
1725268750.2991912
1725268750.3363984
1725268750.3459892
1725268750.363303
1725268750.380763
1725268750.4205556
1725268750.4542623
1725268750.4613423
1725268750.476237
1725268750.522889
1725268750.533253
1725268750.5448377
1725268750.5810883
1725268750.5952642
1725268750.60984
1725268750.6273062
1725268750.6445732
1725268750.6648622
1725268750.684194
1725268750.6943614
1725268750.7132518
1725268750.7260146
1725268750.7452173
1725268750.7583454
1725268750.7753031
1725268750.7916627
1725268750.8089259
1725268750.8252006
1725268750.8436484
1725268750.857951
1725268750.8994775
1725268750.908079
1725268750.926668
1725268750.9436567
1725268750.964634
1725268750.9853833
1725268750.9970624
1725268751.0226943
1725268751.0401447
1725268751.0556762
1725268751.073779
1725268751.0881803
1725268751.1066418
1725268751.122504
1725268751.1376405
1725268751.1562128
1725268751.1706138
1725268751.1875296
1725268751.204236
1725268751.2403295
1725268751.256423
1725268751.2704175
1725268751.2895584
1725268751.3041644
1725268751.3203018
1725268751.3461587
1725268751.370074
1725268751.3893209
1725268751.406319
1725268751.4246204
1725268751.455175
1725268751.4712684
1725268751.4870899
1725268751.5038588
1725268751.5428932
1725268751.566398
1725268751.57373
1725268751.5864055
1725268751.603058
1725268751.6190548
1725268751.6628406
1725268751.6755893
1725268751.6897333
1725268751.7009802
1725268751.7192614
1725268751.7362869
1725268751.752001
1725268751.7667613
1725268751.7831278
1725268751.8243685
1725268751.8353803
1725268751.849495
1725268751.8716948
1725268751.882187
1725268751.9026072
1725268751.9185934
1725268751.9318023
1725268751.9522536
1725268751.9655383
1725268751.981696
1725268751.999385
1725268752.0160763
1725268752.0332124
1725268752.0506375
1725268752.0660467
1725268752.0849602
1725268752.099303
1725268752.1175303
1725268752.1338992
1725268752.150197
1725268752.1674483
1725268752.1842
1725268752.2016304
1725268752.2162185
1725268752.231207
1725268752.2703252
1725268752.2893124
1725268752.299507
1725268752.3171053
1725268752.331174
1725268752.3468034
1725268752.3641648
1725268752.3803635
1725268752.4313548
1725268752.435818
1725268752.4434893
1725268752.466433
1725268752.498245
1725268752.54742
1725268752.5638292
1725268752.5808578
1725268752.5855505
1725268752.635687
1725268752.6488233
1725268752.6649866
1725268752.7040308
1725268752.7105296
1725268752.714831
1725268752.7272148
1725268752.749246
1725268752.76033
1725268752.7789574
1725268752.7938318
1725268752.8111715
1725268752.8503342
1725268752.8805177
1725268752.8903177
1725268752.909051
1725268752.9258473
1725268752.9437199
1725268752.9586596
1725268752.9756382
1725268753.0173419
1725268753.0316544
1725268753.0430052
1725268753.0562096
1725268753.0771523
1725268753.093118
1725268753.1057642
1725268753.12184
1725268753.1380332
1725268753.1559246
1725268753.170925
1725268753.1865754
1725268753.2068896
1725268753.2246592
1725268753.2414086
1725268753.290857
1725268753.3036914
1725268753.306898
1725268753.3251617
1725268753.3406556
1725268753.3570685
1725268753.374658
1725268753.3902104
1725268753.4092555
1725268753.4290257
1725268753.4726768
1725268753.4904792
1725268753.5043924
1725268753.521881
1725268753.5372443
1725268753.5539658
1725268753.5737276
1725268753.5885837
1725268753.6289916
1725268753.6380322
1725268753.652713
1725268753.6693654
1725268753.7153397
1725268753.7352648
1725268753.755107
1725268753.7715526
1725268753.8100035
1725268753.8215413
1725268753.832845
1725268753.8696098
1725268753.885415
1725268753.9026253
1725268753.9169455
1725268753.9324563
1725268753.9566357
1725268753.9694912
1725268753.981516
1725268754.0020196
1725268754.018479
1725268754.034498
1725268754.0518115
1725268754.0655851
1725268754.0835156
1725268754.100673
1725268754.1212575
1725268754.1322594
1725268754.1470761
1725268754.1931393
1725268754.1990907
1725268754.2170796
1725268754.2313337
1725268754.2536237
1725268754.2694528
1725268754.2810152
1725268754.3142543
1725268754.3318272
1725268754.3480482
1725268754.3661501
1725268754.3807337
1725268754.3991208
1725268754.4116876
1725268754.4285955
1725268754.443778
1725268754.4599507
1725268754.4760234
1725268754.4924943
1725268754.5283177
1725268754.5448096
1725268754.5576057
1725268754.5761669
1725268754.590305
1725268754.6059844
1725268754.6222854
1725268754.6544855
1725268754.6718948
1725268754.6915734
1725268754.7119234
1725268754.7375855
1725268754.7541401
1725268754.7700596
1725268754.7871802
1725268754.8210385
1725268754.8386467
1725268754.8519354
1725268754.8681915
1725268754.8844798
1725268754.9004285
1725268754.9448009
1725268754.955935
1725268754.971379
1725268754.9860203
1725268755.004839
1725268755.0224776
1725268755.0354376
1725268755.0490074
1725268755.0657256
1725268755.101002
1725268755.1168563
1725268755.1331651
1725268755.1494412
1725268755.1652577
1725268755.1824985
1725268755.198214
1725268755.2153802
1725268755.2325456
1725268755.2488768
1725268755.264497
1725268755.2811043
1725268755.2972097
1725268755.3135672
1725268755.3301039
1725268755.3465378
1725268755.3651676
1725268755.3798218
1725268755.3961818
1725268755.4123545
1725268755.4300358
1725268755.4454765
1725268755.461648
1725268755.4783905
1725268755.4977202
1725268755.5116851
1725268755.5518167
1725268755.5645826
1725268755.5819123
1725268755.5989723
1725268755.6162589
1725268755.6438704
1725268755.6474888
1725268755.6634705
1725268755.7163973
1725268755.7221844
1725268755.7270508
1725268755.742022
1725268755.7766824
1725268755.8239934
1725268755.8422098
1725268755.8552802
1725268755.865511
1725268755.9201784
1725268755.9317775
1725268755.9465742
1725268755.9851258
1725268755.9913309
1725268756.0000112
1725268756.0132265
1725268756.0299685
1725268756.0489092
1725268756.0604696
1725268756.081684
1725268756.101647
1725268756.1398642
1725268756.1778562
1725268756.1832368
1725268756.1926994
1725268756.2113438
1725268756.2287996
1725268756.246225
1725268756.2623162
1725268756.30165
1725268756.3168716
1725268756.3273394
1725268756.3437219
1725268756.3621354
1725268756.3816662
1725268756.3926039
1725268756.4116156
1725268756.4272783
1725268756.4543247
1725268756.4614534
1725268756.4781597
1725268756.49297
1725268756.510125
1725268756.5259411
1725268756.5778773
1725268756.5879169
1725268756.5929902
1725268756.612812
1725268756.6272676
1725268756.6444912
1725268756.662322
1725268756.681233
1725268756.6949222
1725268756.7075028
1725268756.7464857
1725268756.7724698
1725268756.7930255
1725268756.8086433
1725268756.8242838
1725268756.8382347
1725268756.8627794
1725268756.8743231
1725268756.9146092
1725268756.921078
1725268756.9401774
1725268756.9605284
1725268756.9961677
1725268757.0384862
1725268757.0397794
1725268757.054807
1725268757.096645
1725268757.1082468
1725268757.1204078
1725268757.157542
1725268757.1749275
1725268757.1858947
1725268757.2042575
1725268757.2204554
1725268757.2382772
1725268757.2585328
1725268757.2705364
1725268757.2839818
1725268757.3036492
1725268757.318634
1725268757.3392324
1725268757.352203
1725268757.3690953
1725268757.3929756
1725268757.4030545
1725268757.4165807
1725268757.437719
1725268757.476733
1725268757.4840803
1725268757.505478
1725268757.5195496
1725268757.5422304
1725268757.5554712
1725268757.5679073
1725268757.6021159
1725268757.6149464
1725268757.6381521
1725268757.6499212
1725268757.665147
1725268757.6884227
1725268757.7043123
1725268757.716783
1725268757.7357771
1725268757.7517283
1725268757.7701225
1725268757.782535
1725268757.821506
1725268757.834854
1725268757.8489594
1725268757.8708766
1725268757.8809593
1725268757.8976023
1725268757.9153843
1725268757.9487798
1725268757.9661305
1725268757.9817643
1725268758.0051756
1725268758.032066
1725268758.0491045
1725268758.065484
1725268758.0818698
1725268758.1214561
1725268758.1385443
1725268758.1469557
1725268758.1612914
1725268758.180651
1725268758.1982074
1725268758.2350392
1725268758.251231
1725268758.2682042
1725268758.2769585
1725268758.297848
1725268758.3124514
1725268758.3340566
1725268758.3450556
1725268758.3637474
1725268758.4021745
1725268758.4132833
1725268758.4292953
1725268758.4466093
1725268758.4643962
1725268758.4783623
1725268758.495161
1725268758.5111701
1725268758.5300474
1725268758.5456274
1725268758.5614376
1725268758.5775099
1725268758.5914874
1725268758.6171453
1725268758.6240234
1725268758.6442432
1725268758.6630473
1725268758.6772583
1725268758.692627
1725268758.7073088
1725268758.7256687
1725268758.7432153
1725268758.760189
1725268758.775116
1725268758.7923954
1725268758.8100526
1725268758.84355
1725268758.8617275
1725268758.8733854
1725268758.8884883
1725268758.9089708
1725268758.9233005
1725268758.9408214
1725268758.9575443
1725268759.0038002
1725268759.0078652
1725268759.0192084
1725268759.0357244
1725268759.068673
1725268759.1127784
1725268759.126001
1725268759.1454897
1725268759.1596186
1725268759.2058556
1725268759.2209501
1725268759.2381208
1725268759.2749937
1725268759.2764015
1725268759.2882657
1725268759.3029716
1725268759.3211508
1725268759.3364341
1725268759.3521588
1725268759.3693266
1725268759.3848672
1725268759.4200668
1725268759.4621859
1725268759.470805
1725268759.4841137
1725268759.5006437
1725268759.5183277
1725268759.5338452
1725268759.5498652
1725268759.5920353
1725268759.6070192
1725268759.6194212
1725268759.6339211
1725268759.652513
1725268759.6708634
1725268759.6883936
1725268759.7019691
1725268759.7171898
1725268759.7397768
1725268759.752467
1725268759.7671065
1725268759.7852705
1725268759.8021793
1725268759.81903
1725268759.8700056
1725268759.8838475
1725268759.888134
1725268759.9005132
1725268759.9179
1725268759.9338818
1725268759.9492698
1725268759.9640818
1725268759.9840736
1725268760.0012026
1725268760.047386
1725268760.0657544
1725268760.0824041
1725268760.1011
1725268760.116484
1725268760.1320603
1725268760.1516628
1725268760.1658354
1725268760.2054284
1725268760.2148519
1725268760.2310386
1725268760.2483943
1725268760.2834275
1725268760.3200717
1725268760.3307068
1725268760.34599
1725268760.3860166
1725268760.398177
1725268760.4136868
1725268760.44688
1725268760.4624162
1725268760.479613
1725268760.494923
1725268760.5133355
1725268760.5333443
1725268760.5482447
1725268760.5592942
1725268760.57843
1725268760.5941799
1725268760.6109738
1725268760.624932
1725268760.6598864
1725268760.6610672
1725268760.676457
1725268760.692384
1725268760.7106223
1725268760.7236087
1725268760.7673166
1725268760.7764337
1725268760.789195
1725268760.807418
1725268760.8316255
1725268760.8454297
1725268760.8602936
1725268760.8929486
1725268760.91057
1725268760.9263144
1725268760.9416335
1725268760.9597263
1725268760.9791217
1725268760.9925795
1725268761.006336
1725268761.0244615
1725268761.04735
1725268761.0565984
1725268761.073819
1725268761.1112835
1725268761.127644
1725268761.1384406
1725268761.1558096
1725268761.1712356
1725268761.1876585
1725268761.206008
1725268761.2394917
1725268761.2599165
1725268761.278078
1725268761.2893388
1725268761.3210967
1725268761.3370495
1725268761.3552587
1725268761.3691318
1725268761.4089503
1725268761.4248817
1725268761.4334102
1725268761.453473
1725268761.4693873
1725268761.4869757
1725268761.520923
1725268761.5377262
1725268761.5521486
1725268761.5695753
1725268761.5893846
1725268761.6034334
1725268761.6204717
1725268761.6323135
1725268761.652109
1725268761.6890433
1725268761.697855
1725268761.715955
1725268761.7328956
1725268761.7458146
1725268761.7625144
1725268761.7786632
1725268761.7973423
1725268761.8206193
1725268761.832264
1725268761.8445382
1725268761.8615026
1725268761.881965
1725268761.898023
1725268761.9130585
1725268761.93086
1725268761.9462328
1725268761.9622688
1725268761.9770048
1725268761.9937534
1725268762.0096335
1725268762.029287
1725268762.0428433
1725268762.0616448
1725268762.0782957
1725268762.0995417
1725268762.1342242
1725268762.1490057
1725268762.1610565
1725268762.1764896
1725268762.1935174
1725268762.2115128
1725268762.2297454
1725268762.245814
1725268762.29312
1725268762.2986472
1725268762.3063107
1725268762.3231566
1725268762.3564768
1725268762.4018073
1725268762.4129736
1725268762.4343424
1725268762.4456394
1725268762.4928129
1725268762.5121307
1725268762.5286262
1725268762.5661006
1725268762.571359
1725268762.577972
1725268762.592988
1725268762.611392
1725268762.6245239
1725268762.6445887
1725268762.6576145
1725268762.6727514
1725268762.7149575
1725268762.7524302
1725268762.7583008
1725268762.7731833
1725268762.7903411
1725268762.8095367
1725268762.8260355
1725268762.841404
1725268762.8799627
1725268762.8963814
1725268762.907475
1725268762.928446
1725268762.939874
1725268762.9583075
1725268762.9733999
1725268762.9965296
1725268763.0078213
1725268763.022316
1725268763.0421362
1725268763.0580297
1725268763.074516
1725268763.089581
1725268763.1121187
1725268763.1438897
1725268763.15779
1725268763.1725907
1725268763.1897209
1725268763.2040603
1725268763.2195728
1725268763.2360091
1725268763.2521868
1725268763.2704751
1725268763.2856295
1725268763.3252325
1725268763.352608
1725268763.3714833
1725268763.3858798
1725268763.4021075
1725268763.418237
1725268763.4361537
1725268763.4518077
1725268763.4882212
1725268763.5025067
1725268763.5190158
1725268763.5353339
1725268763.5724232
1725268763.6131523
1725268763.6178014
1725268763.6341405
1725268763.6783051
1725268763.689319
1725268763.7012293
1725268763.7391677
1725268763.7504435
1725268763.7700434
1725268763.7870462
1725268763.8009126
1725268763.822205
1725268763.843424
1725268763.8529284
1725268763.8660853
1725268763.8818042
1725268763.9021566
1725268763.9189775
1725268763.935555
1725268763.9514048
1725268763.9682777
1725268763.98875
1725268764.0008142
1725268764.0144482
1725268764.0580068
1725268764.0674706
1725268764.0832992
1725268764.1011157
1725268764.1233823
1725268764.138804
1725268764.150502
1725268764.1830134
1725268764.201289
1725268764.2164965
1725268764.2327468
1725268764.2485678
1725268764.267805
1725268764.2823043
1725268764.298229
1725268764.3139355
1725268764.3332992
1725268764.3462718
1725268764.3649561
1725268764.4019945
1725268764.4137795
1725268764.4315624
1725268764.450119
1725268764.463143
1725268764.4790194
1725268764.496043
1725268764.5296617
1725268764.5536206
1725268764.5656474
1725268764.577562
1725268764.6115005
1725268764.628157
1725268764.6457033
1725268764.6614704
1725268764.7010396
1725268764.7145238
1725268764.7238805
1725268764.743393
1725268764.757752
1725268764.7754438
1725268764.8152766
1725268764.8345006
1725268764.8499143
1725268764.8593535
1725268764.875739
1725268764.8932562
1725268764.9145317
1725268764.9246151
1725268764.944464
1725268764.982098
1725268764.992866
1725268765.0094056
1725268765.0265653
1725268765.0465715
1725268765.0581963
1725268765.0755994
1725268765.0910525
1725268765.1113248
1725268765.1246428
1725268765.141995
1725268765.1562603
1725268765.1738477
1725268765.1915162
1725268765.2085984
1725268765.2247481
1725268765.247045
1725268765.258015
1725268765.2737226
1725268765.291137
1725268765.3076806
1725268765.3243985
1725268765.337263
1725268765.3588386
1725268765.3726807
1725268765.3902977
1725268765.4302523
1725268765.4409904
1725268765.4563873
1725268765.4694495
1725268765.4890058
1725268765.5048647
1725268765.5230281
1725268765.5374982
1725268765.5841343
1725268765.5880525
1725268765.6000705
1725268765.616178
1725268765.6526315
1725268765.6928349
1725268765.7053134
1725268765.724211
1725268765.739478
1725268765.7879553
1725268765.8048446
1725268765.821378
1725268765.8590412
1725268765.8663003
1725268765.8729043
1725268765.8856368
1725268765.906743
1725268765.9198587
1725268765.935632
1725268765.953898
1725268765.9699154
1725268766.009076
1725268766.0491352
1725268766.051915
1725268766.0673661
1725268766.084774
1725268766.1024313
1725268766.1190767
1725268766.1354208
1725268766.1721969
1725268766.1883376
1725268766.2028775
1725268766.2174447
1725268766.2332816
1725268766.2516117
1725268766.2668347
1725268766.2831063
1725268766.2995996
1725268766.3217561
1725268766.3308184
1725268766.3510983
1725268766.36692
1725268766.383882
1725268766.4003527
1725268766.4499755
1725268766.4655848
1725268766.4693701
1725268766.4821827
1725268766.4982169
1725268766.518276
1725268766.5328662
1725268766.549712
1725268766.565838
1725268766.5839884
1725268766.615795
1725268766.647767
1725268766.6651015
1725268766.682229
1725268766.7001321
1725268766.713276
1725268766.7371306
1725268766.7464209
1725268766.781147
1725268766.7975514
1725268766.8111234
1725268766.828351
1725268766.8649807
1725268766.9028683
1725268766.9117887
1725268766.9278986
1725268766.9689984
1725268766.9817505
1725268766.9927883
1725268767.026022
1725268767.0456305
1725268767.0586832
1725268767.0768363
1725268767.0965686
1725268767.1159396
1725268767.1268995
1725268767.1414323
1725268767.1575356
1725268767.1750162
1725268767.191211
1725268767.208074
1725268767.2234538
1725268767.2403052
1725268767.2586493
1725268767.2759123
1725268767.2906094
1725268767.3059082
1725268767.342066
1725268767.355072
1725268767.3717203
1725268767.3878381
1725268767.407146
1725268767.4231255
1725268767.4386191
1725268767.4703445
1725268767.4871452
1725268767.503372
1725268767.5224104
1725268767.5374691
1725268767.555694
1725268767.5715106
1725268767.586979
1725268767.6057353
1725268767.620548
1725268767.6426582
1725268767.6558523
1725268767.6943276
1725268767.7140374
1725268767.7217474
1725268767.7466834
1725268767.7557714
1725268767.772324
1725268767.7901328
1725268767.8316848
1725268767.839318
1725268767.855749
1725268767.881925
1725268767.907789
1725268767.9251738
1725268767.9393852
1725268767.9570436
1725268767.9945755
1725268768.011525
1725268768.0209506
1725268768.0361485
1725268768.0571742
1725268768.0717695
1725268768.1089175
1725268768.121999
1725268768.1399536
1725268768.1547725
1725268768.1719444
1725268768.2062173
1725268768.2087352
1725268768.2200322
1725268768.2356038
1725268768.2747653
1725268768.2870712
1725268768.3076446
1725268768.3230796
1725268768.336126
1725268768.3543816
1725268768.3720372
1725268768.3889892
1725268768.408443
1725268768.4188623
1725268768.43459
1725268768.4495907
1725268768.4702694
1725268768.4874432
1725268768.505077
1725268768.519331
1725268768.5349596
1725268768.5549114
1725268768.5690956
1725268768.5866358
1725268768.6031008
1725268768.617981
1725268768.6342566
1725268768.6525564
1725268768.6686957
1725268768.6838686
1725268768.7225447
1725268768.7386217
1725268768.747832
1725268768.7682261
1725268768.7850642
1725268768.7999697
1725268768.8161845
1725268768.8315969
1725268768.88015
1725268768.8877878
1725268768.8963537
1725268768.9123876
1725268768.9462376
1725268768.9910848
1725268769.0060627
1725268769.020873
1725268769.0350864
1725268769.0844624
1725268769.0964673
1725268769.116236
1725268769.1616096
1725268769.1631238
1725268769.1672223
1725268769.1790009
1725268769.2013564
1725268769.2161946
1725268769.2309399
1725268769.24573
1725268769.2627096
1725268769.3027194
1725268769.3433287
1725268769.3499696
1725268769.3650608
1725268769.3758667
1725268769.394263
1725268769.4136534
1725268769.430206
1725268769.4693372
1725268769.4824274
1725268769.4957125
1725268769.509086
1725268769.5286405
1725268769.5438895
1725268769.561846
1725268769.5781136
1725268769.5952857
1725268769.6137698
1725268769.6247795
1725268769.640513
1725268769.6592264
1725268769.6761773
1725268769.6932638
1725268769.746575
1725268769.76134
1725268769.767243
1725268769.7767303
1725268769.7932844
1725268769.808215
1725268769.827103
1725268769.8389542
1725268769.8621206
1725268769.8820486
1725268769.9193573
1725268769.9415767
1725268769.9560921
1725268769.9731295
1725268769.9906666
1725268770.0082786
1725268770.0285058
1725268770.0415673
1725268770.0806153
1725268770.0902307
1725268770.104939
1725268770.123382
1725268770.1688433
1725268770.1923435
1725268770.2053652
1725268770.2224545
1725268770.2618525
1725268770.2737954
1725268770.2891605
1725268770.323772
1725268770.3413155
1725268770.3565211
1725268770.3712735
1725268770.385165
1725268770.4037752
1725268770.4200616
1725268770.4390163
1725268770.4526293
1725268770.4737594
1725268770.4893675
1725268770.5031533
1725268770.5193229
1725268770.537521
1725268770.5588634
1725268770.5705395
1725268770.5886278
1725268770.604692
1725268770.6433287
1725268770.6520965
1725268770.6665614
1725268770.6870615
1725268770.7011995
1725268770.7208512
1725268770.7353897
1725268770.7698576
1725268770.7876713
1725268770.8012507
1725268770.8173816
1725268770.833615
1725268770.8545976
1725268770.868283
1725268770.8868966
1725268770.9076746
1725268770.9143472
1725268770.9349232
1725268770.9490316
1725268770.9864373
1725268771.0022914
1725268771.0132673
1725268771.032233
1725268771.05115
1725268771.06382
1725268771.082276
1725268771.1157088
1725268771.133046
1725268771.150014
1725268771.1636786
1725268771.194198
1725268771.2108378
1725268771.2278018
1725268771.2441893
1725268771.2780836
1725268771.2966788
1725268771.3095639
1725268771.3261936
1725268771.3445392
1725268771.3600867
1725268771.4026453
1725268771.4127462
1725268771.4312859
1725268771.443776
1725268771.4617925
1725268771.4784038
1725268771.4947126
1725268771.5102563
1725268771.52913
1725268771.5596914
1725268771.5753074
1725268771.5935736
1725268771.6093137
1725268771.6228628
1725268771.6418247
1725268771.656091
1725268771.6735382
1725268771.689508
1725268771.7046618
1725268771.7207491
1725268771.7371938
1725268771.7535534
1725268771.771733
1725268771.789706
1725268771.802099
1725268771.8196857
1725268771.836172
1725268771.8516102
1725268771.8673604
1725268771.883494
1725268771.901879
1725268771.9195945
1725268771.9330068
1725268771.9489727
1725268771.9651952
1725268771.9990335
1725268772.015312
1725268772.030525
1725268772.0467045
1725268772.0640566
1725268772.081789
1725268772.0964994
1725268772.112979
1725268772.1485028
1725268772.161698
1725268772.176173
1725268772.1919954
1725268772.22752
1725268772.2659967
1725268772.2761202
1725268772.2934506
1725268772.313812
1725268772.357371
1725268772.3727815
1725268772.3953152
1725268772.4290824
1725268772.4303443
1725268772.4444137
1725268772.4553201
1725268772.4708235
1725268772.4869506
1725268772.5017467
1725268772.5178764
1725268772.53387
1725268772.568377
1725268772.603251
1725268772.6164715
1725268772.6326218
1725268772.6487463
1725268772.6652682
1725268772.6825447
1725268772.6973133
1725268772.731975
1725268772.7477522
1725268772.7636547
1725268772.779579
1725268772.7956498
1725268772.8122008
1725268772.828188
1725268772.8443208
1725268772.8614836
1725268772.8781312
1725268772.8939931
1725268772.91011
1725268772.9275897
1725268772.9454556
1725268772.9598558
1725268772.9966648
1725268773.0119147
1725268773.0309181
1725268773.0487275
1725268773.057427
1725268773.0744214
1725268773.0917947
1725268773.1065772
1725268773.123892
1725268773.140532
1725268773.1770022
1725268773.2090547
1725268773.22108
1725268773.236675
1725268773.253916
1725268773.2723954
1725268773.292348
1725268773.3063724
1725268773.3464713
1725268773.3543296
1725268773.3693213
1725268773.3884814
1725268773.4328363
1725268773.4605854
1725268773.4688244
1725268773.4875772
1725268773.5267467
1725268773.541837
1725268773.554172
1725268773.5872505
1725268773.6033442
1725268773.6178534
1725268773.6326025
1725268773.6488113
1725268773.6720986
1725268773.6852446
1725268773.6975846
1725268773.7163944
1725268773.7296703
1725268773.7458138
1725268773.7625813
1725268773.7795305
1725268773.7958179
1725268773.81455
1725268773.830031
1725268773.8468823
1725268773.8609579
1725268773.8951135
1725268773.9099622
1725268773.9249341
1725268773.9415922
1725268773.960189
1725268773.9762113
1725268773.9917722
1725268774.0254045
1725268774.0431712
1725268774.0594916
1725268774.0759988
1725268774.0915651
1725268774.110322
1725268774.1259897
1725268774.1413138
1725268774.1578293
1725268774.1739113
1725268774.192348
1725268774.206683
1725268774.2407806
1725268774.2586255
1725268774.272959
1725268774.2916396
1725268774.3063118
1725268774.321809
1725268774.3383105
1725268774.371064
1725268774.3903563
1725268774.4144607
1725268774.4270363
1725268774.4568696
1725268774.4718544
1725268774.4895148
1725268774.505389
1725268774.54751
1725268774.5607355
1725268774.5688696
1725268774.5850904
1725268774.6061301
1725268774.6210508
1725268774.659181
1725268774.6817386
1725268774.6934574
1725268774.702987
1725268774.7186198
1725268774.735348
1725268774.7528815
1725268774.7684128
1725268774.784595
1725268774.8206491
1725268774.8328488
1725268774.8503423
1725268774.8647885
1725268774.8848693
1725268774.897192
1725268774.9169104
1725268774.9338214
1725268774.9580884
1725268774.9726481
1725268774.983582
1725268774.9978878
1725268775.0144334
1725268775.0343542
1725268775.048518
1725268775.0644724
1725268775.0866377
1725268775.0981572
1725268775.1156704
1725268775.1325164
1725268775.148224
1725268775.1644127
1725268775.1810527
1725268775.1941814
1725268775.2110643
1725268775.2280238
1725268775.261477
1725268775.279093
1725268775.2942455
1725268775.3097816
1725268775.327373
1725268775.3421712
1725268775.358438
1725268775.37509
1725268775.4136462
1725268775.4261932
1725268775.4401023
1725268775.4565308
1725268775.4897048
1725268775.5296216
1725268775.546125
1725268775.5653572
1725268775.5793111
1725268775.6257548
1725268775.6412683
1725268775.661965
1725268775.6996226
1725268775.7095032
1725268775.7130437
1725268775.72235
1725268775.7482748
1725268775.756799
1725268775.7754605
1725268775.7903626
1725268775.806391
1725268775.849145
1725268775.8822322
1725268775.8883352
1725268775.9049573
1725268775.9231465
1725268775.9425182
1725268775.9575343
1725268775.9734266
1725268776.0147705
1725268776.0275352
1725268776.04185
1725268776.055409
1725268776.0751047
1725268776.089753
1725268776.1056921
1725268776.1234841
1725268776.1415668
1725268776.1548903
1725268776.172836
1725268776.1879492
1725268776.2073774
1725268776.2247448
1725268776.2406547
1725268776.2944756
1725268776.3100235
1725268776.3139613
1725268776.32205
1725268776.3363583
1725268776.3571482
1725268776.3723257
1725268776.38971
1725268776.407054
1725268776.4241269
1725268776.4667137
1725268776.489066
1725268776.506088
1725268776.5228279
1725268776.537468
1725268776.5533102
1725268776.5744367
1725268776.5892408
1725268776.6289268
1725268776.6386564
1725268776.651788
1725268776.677391
1725268776.7040796
1725268776.7409706
1725268776.7495823
1725268776.7664313
1725268776.8058424
1725268776.8183255
1725268776.833116
1725268776.8657508
1725268776.8817337
1725268776.8986385
1725268776.9155393
1725268776.938611
1725268776.9531446
1725268776.973563
1725268776.986991
1725268777.0010269
1725268777.014385
1725268777.0348375
1725268777.049489
1725268777.0663083
1725268777.082368
1725268777.1039202
1725268777.1162803
1725268777.1344414
1725268777.1464796
1725268777.1816459
1725268777.1983519
1725268777.2160435
1725268777.233536
1725268777.2507803
1725268777.2648256
1725268777.2820337
1725268777.315661
1725268777.3321826
1725268777.3462367
1725268777.3614023
1725268777.3809311
1725268777.4011025
1725268777.4146028
1725268777.4291046
1725268777.448866
1725268777.4616506
1725268777.480047
1725268777.496263
1725268777.5395193
1725268777.552846
1725268777.5612872
1725268777.5861545
1725268777.595276
1725268777.6114504
1725268777.625927
1725268777.6632125
1725268777.68099
1725268777.6975577
1725268777.7162666
1725268777.7484636
1725268777.7650628
1725268777.780122
1725268777.7962604
1725268777.8325071
1725268777.8455126
1725268777.861346
1725268777.8788042
1725268777.8989162
1725268777.9125004
1725268777.953695
1725268777.9667091
1725268777.983315
1725268777.9935558
1725268778.012398
1725268778.028698
1725268778.048463
1725268778.0715425
1725268778.0766416
1725268778.1194031
1725268778.1302054
1725268778.1470957
1725268778.1605158
1725268778.176379
1725268778.191889
1725268778.2071204
1725268778.232338
1725268778.2411692
1725268778.256169
1725268778.2738113
1725268778.2929351
1725268778.3083856
1725268778.3255727
1725268778.343387
1725268778.3606324
1725268778.3801723
1725268778.3917184
1725268778.4056523
1725268778.4215899
1725268778.441071
1725268778.458322
1725268778.474563
1725268778.48835
1725268778.5048783
1725268778.522623
1725268778.5618641
1725268778.5752394
1725268778.5885007
1725268778.6019988
1725268778.6185548
1725268778.634948
1725268778.654609
1725268778.6721861
1725268778.7125065
1725268778.7191324
1725268778.7322953
1725268778.7484236
1725268778.781143
1725268778.8308494
1725268778.8482146
1725268778.8642507
1725268778.8741143
1725268778.925192
1725268778.937154
1725268778.952532
1725268778.9903452
1725268778.995521
1725268779.0022383
1725268779.0162356
1725268779.0362408
1725268779.0512369
1725268779.0674684
1725268779.0952282
1725268779.101227
1725268779.1425176
1725268779.1776628
1725268779.1935186
1725268779.1993906
1725268779.2154696
1725268779.2305284
1725268779.246435
1725268779.2636302
1725268779.2980657
1725268779.3168318
1725268779.331195
1725268779.3469784
1725268779.3655128
1725268779.3802083
1725268779.3962424
1725268779.4139018
1725268779.4293308
1725268779.4472048
1725268779.462958
1725268779.4788535
1725268779.4956424
1725268779.5111883
1725268779.5276737
1725268779.56844
1725268779.5820513
1725268779.5976992
1725268779.6140585
1725268779.6283813
1725268779.6455333
1725268779.660533
1725268779.6769466
1725268779.6933358
1725268779.709576
1725268779.7481806
1725268779.7766914
1725268779.795436
1725268779.8094442
1725268779.8259745
1725268779.842584
1725268779.860724
1725268779.8756447
1725268779.9104633
1725268779.9252841
1725268779.9409716
1725268779.9576967
1725268779.99684
1725268780.0275965
1725268780.0411844
1725268780.0591285
1725268780.1033032
1725268780.109524
1725268780.1254525
1725268780.161296
1725268780.1758955
1725268780.191754
1725268780.2082455
1725268780.225036
1725268780.2460258
1725268780.257346
1725268780.2779517
1725268780.2937074
1725268780.316269
1725268780.3270447
1725268780.341043
1725268780.3574886
1725268780.3758526
1725268780.3967128
1725268780.412153
1725268780.424209
1725268780.4412045
1725268780.4784029
1725268780.4883256
1725268780.5038278
1725268780.5228755
1725268780.5411887
1725268780.5585392
1725268780.570583
1725268780.6084437
1725268780.621162
1725268780.6387634
1725268780.654233
1725268780.6722338
1725268780.6925926
1725268780.7059002
1725268780.7207124
1725268780.7360032
1725268780.75566
1725268780.7702386
1725268780.7881672
1725268780.8260322
1725268780.8423283
1725268780.8532863
1725268780.8721647
1725268780.8862162
1725268780.9057262
1725268780.9168322
1725268780.9530153
1725268780.974468
1725268780.989078
1725268781.0057304
1725268781.035684
1725268781.0523596
1725268781.0773444
1725268781.0839565
1725268781.1204696
1725268781.1372852
1725268781.1476717
1725268781.166821
1725268781.1849287
1725268781.20124
1725268781.236917
1725268781.2509065
1725268781.2737408
1725268781.280911
1725268781.2989135
1725268781.3182862
1725268781.3393512
1725268781.3498664
1725268781.3642194
1725268781.4054148
1725268781.4162767
1725268781.4324205
1725268781.4488492
1725268781.4630682
1725268781.480211
1725268781.495549
1725268781.5155106
1725268781.5445435
1725268781.5534544
1725268781.563807
1725268781.58083
1725268781.6003923
1725268781.612792
1725268781.6327546
1725268781.6456883
1725268781.666981
1725268781.678567
1725268781.6934175
1725268781.7133775
1725268781.7291512
1725268781.754519
1725268781.7624698
1725268781.7780404
1725268781.7923956
1725268781.8104084
1725268781.8444612
1725268781.8592253
1725268781.8745685
1725268781.8939695
1725268781.9111156
1725268781.9249008
1725268781.9409013
1725268781.9609213
1725268782.0102077
1725268782.0156782
1725268782.021884
1725268782.0385404
1725268782.071912
1725268782.1156948
1725268782.1274881
1725268782.149322
1725268782.1676111
1725268782.2116988
1725268782.225397
1725268782.2445319
1725268782.280339
1725268782.2914093
1725268782.2950263
1725268782.3087356
1725268782.334639
1725268782.3449907
1725268782.3608735
1725268782.3771818
1725268782.3962336
1725268782.4338858
1725268782.473525
1725268782.4786186
1725268782.4929173
1725268782.508379
1725268782.5286028
1725268782.5450053
1725268782.5670688
1725268782.5985
1725268782.619706
1725268782.6296668
1725268782.6434531
1725268782.6599884
1725268782.675768
1725268782.6915815
1725268782.7089734
1725268782.7287245
1725268782.7478614
1725268782.7606082
1725268782.7744832
1725268782.7909496
1725268782.807682
1725268782.8261423
1725268782.8753297
1725268782.8849483
1725268782.8909948
1725268782.9105306
1725268782.9234836
1725268782.9395652
1725268782.956028
1725268782.973726
1725268782.9916399
1725268783.0051928
1725268783.0522795
1725268783.0746133
1725268783.087688
1725268783.1036267
1725268783.1182778
1725268783.1388035
1725268783.1582923
1725268783.1689484
1725268783.2082424
1725268783.2177672
1725268783.236857
1725268783.2521245
1725268783.288559
1725268783.3211005
1725268783.3353481
1725268783.3521152
1725268783.3885143
1725268783.402533
1725268783.4185908
1725268783.450486
1725268783.466893
1725268783.4893944
1725268783.4998415
1725268783.5162263
1725268783.5341625
1725268783.5524561
1725268783.56654
1725268783.590964
1725268783.6001163
1725268783.6154106
1725268783.6319609
1725268783.6487079
1725268783.664602
1725268783.683935
1725268783.7017114
1725268783.717427
1725268783.735664
1725268783.7757933
1725268783.788994
1725268783.8021734
1725268783.8185995
1725268783.8399193
1725268783.8565557
1725268783.8677135
1725268783.898185
1725268783.9161406
1725268783.9326696
1725268783.951224
1725268783.9671073
1725268783.984976
1725268784.0073779
1725268784.0214825
1725268784.0330696
1725268784.0509362
1725268784.0641727
1725268784.079793
1725268784.11904
1725268784.138511
1725268784.1504114
1725268784.1713812
1725268784.1810656
1725268784.1996818
1725268784.2150137
1725268784.248384
1725268784.269315
1725268784.2850037
1725268784.300675
1725268784.331
1725268784.349759
1725268784.3632734
1725268784.3802233
1725268784.4158664
1725268784.4295716
1725268784.4455233
1725268784.463522
1725268784.4798017
1725268784.494824
1725268784.5356688
1725268784.5518768
1725268784.5623958
1725268784.5755944
1725268784.5964904
1725268784.6132755
1725268784.6275253
1725268784.6424198
1725268784.658355
1725268784.6981366
1725268784.7078726
1725268784.7240212
1725268784.7459717
1725268784.756965
1725268784.7761881
1725268784.7924788
1725268784.8103049
1725268784.8316069
1725268784.8434246
1725268784.8591435
1725268784.8757777
1725268784.8933337
1725268784.9107444
1725268784.9246385
1725268784.9407363
1725268784.9641511
1725268784.9753006
1725268784.9903154
1725268785.0073867
1725268785.0346553
1725268785.0425742
1725268785.0578122
1725268785.0774088
1725268785.0912821
1725268785.1081793
1725268785.14624
1725268785.1643116
1725268785.1755972
1725268785.191266
1725268785.2060606
1725268785.2243724
1725268785.2392895
1725268785.2528899
1725268785.3045392
1725268785.309592
1725268785.3208258
1725268785.3353949
1725268785.3681626
1725268785.4167924
1725268785.4327533
1725268785.447818
1725268785.45672
1725268785.5100539
1725268785.5233202
1725268785.537925
1725268785.5767856
1725268785.5805764
1725268785.5879118
1725268785.6005976
1725268785.6217568
1725268785.636918
1725268785.6518965
1725268785.6704986
1725268785.685647
1725268785.7260418
1725268785.7593126
1725268785.766074
1725268785.7835028
1725268785.800873
1725268785.8195326
1725268785.835674
1725268785.8513598
1725268785.8882563
1725268785.9025307
1725268785.915853
1725268785.9380472
1725268785.9522798
1725268785.965822
1725268785.9819558
1725268786.0001388
1725268786.0176704
1725268786.0346084
1725268786.0481718
1725268786.0651686
1725268786.082876
1725268786.0991547
1725268786.1159925
1725268786.1670597
1725268786.1810951
1725268786.1852984
1725268786.198398
1725268786.2152116
1725268786.231736
1725268786.2602937
1725268786.2671876
1725268786.280467
1725268786.2978344
1725268786.343364
1725268786.3613684
1725268786.3816957
1725268786.3989985
1725268786.414137
1725268786.4312077
1725268786.4541056
1725268786.4685295
1725268786.503008
1725268786.514427
1725268786.5313687
1725268786.5460618
1725268786.592936
1725268786.6185124
1725268786.627522
1725268786.645609
1725268786.685715
1725268786.6993759
1725268786.712679
1725268786.7446759
1725268786.7626746
1725268786.7784173
1725268786.7930722
1725268786.8088257
1725268786.829352
1725268786.8430257
1725268786.8569605
1725268786.874423
1725268786.8916125
1725268786.9092302
1725268786.9243968
1725268786.942025
1725268786.9583092
1725268786.9753673
1725268787.000783
1725268787.0090804
1725268787.0239685
1725268787.063343
1725268787.0725734
1725268787.0897205
1725268787.1048348
1725268787.1273463
1725268787.1454635
1725268787.1578362
1725268787.1924894
1725268787.2054205
1725268787.220401
1725268787.23953
1725268787.2556574
1725268787.2722518
1725268787.2878504
1725268787.3032281
1725268787.3199863
1725268787.3361855
1725268787.3523946
1725268787.3719795
1725268787.4044967
1725268787.4260247
1725268787.4362133
1725268787.4541655
1725268787.4707615
1725268787.4855835
1725268787.503572
1725268787.5360425
1725268787.5539844
1725268787.5700276
1725268787.5873892
1725268787.6180558
1725268787.6342032
1725268787.6504612
1725268787.6665397
1725268787.7014446
1725268787.718751
1725268787.7323914
1725268787.7488375
1725268787.7651637
1725268787.7830079
1725268787.8163044
1725268787.833364
1725268787.8519695
1725268787.864233
1725268787.8810155
1725268787.8967707
1725268787.9158921
1725268787.929723
1725268787.9461827
1725268787.9842746
1725268787.997478
1725268788.0140176
1725268788.029993
1725268788.0465615
1725268788.0633037
1725268788.0795114
1725268788.0955918
1725268788.1133373
1725268788.128672
1725268788.1449394
1725268788.163283
1725268788.1777132
1725268788.195437
1725268788.2103405
1725268788.2277503
1725268788.2448757
1725268788.260498
1725268788.27737
1725268788.2950485
1725268788.3199875
1725268788.3280787
1725268788.347215
1725268788.3622224
1725268788.379469
1725268788.395707
1725268788.4332905
1725268788.448182
1725268788.4621289
1725268788.4795997
1725268788.4976757
1725268788.517934
1725268788.5292065
1725268788.5457416
1725268788.595227
1725268788.601618
1725268788.6069405
1725268788.6239185
1725268788.657474
1725268788.7072768
1725268788.7261825
1725268788.7371755
1725268788.746475
1725268788.8028846
1725268788.8111026
1725268788.8282192
1725268788.863032
1725268788.8652902
1725268788.8775017
1725268788.892769
1725268788.9113622
1725268788.9242115
1725268788.9421039
1725268788.9579437
1725268788.974416
1725268789.015079
1725268789.0541286
1725268789.0607247
1725268789.0744321
1725268789.0954566
1725268789.1061983
1725268789.1274378
1725268789.1430767
1725268789.1791074
1725268789.1956937
1725268789.2067437
1725268789.2250226
1725268789.2389722
1725268789.2574623
1725268789.2736351
1725268789.2927623
1725268789.3068724
1725268789.335821
1725268789.338025
1725268789.3565688
1725268789.3733861
1725268789.3882093
1725268789.406182
1725268789.4427125
1725268789.4560263
1725268789.4723547
1725268789.4904099
1725268789.5045972
1725268789.5235748
1725268789.537779
1725268789.5553026
1725268789.5692873
1725268789.5887988
1725268789.628641
1725268789.651896
1725268789.6699355
1725268789.685012
1725268789.7001007
1725268789.719694
1725268789.7412367
1725268789.7526143
1725268789.7908309
1725268789.8019972
1725268789.8203757
1725268789.8343415
1725268789.880036
1725268789.9059746
1725268789.9164288
1725268789.9314215
1725268789.9771845
1725268789.9900806
1725268790.001473
1725268790.036239
1725268790.0494874
1725268790.0659416
1725268790.0831375
1725268790.0999103
1725268790.121074
1725268790.1385863
1725268790.1488147
1725268790.164281
1725268790.1837502
1725268790.1997201
1725268790.2154503
1725268790.2318096
1725268790.2485077
1725268790.271922
1725268790.2858357
1725268790.2968276
1725268790.3114016
1725268790.3621233
1725268790.364786
1725268790.3814757
1725268790.397039
1725268790.4160879
1725268790.4324217
1725268790.446078
1725268790.4835794
1725268790.4936147
1725268790.509892
1725268790.53006
1725268790.5460668
1725268790.5642912
1725268790.5793664
1725268790.5957055
1725268790.6108484
1725268790.627183
1725268790.645067
1725268790.662003
1725268790.7022643
1725268790.7208455
1725268790.7280369
1725268790.747493
1725268790.7616715
1725268790.779091
1725268790.7967548
1725268790.8301387
1725268790.8451993
1725268790.8650248
1725268790.8838947
1725268790.9107773
1725268790.9248567
1725268790.9438732
1725268790.9613767
1725268791.0002556
1725268791.0144372
1725268791.0253086
1725268791.0430365
1725268791.058229
1725268791.074023
1725268791.1134672
1725268791.1310887
1725268791.1494462
1725268791.1584833
1725268791.1757627
1725268791.1884556
1725268791.2142467
1725268791.2248862
1725268791.2394674
1725268791.2729511
1725268791.2881134
1725268791.3052373
1725268791.3214395
1725268791.338635
1725268791.353924
1725268791.3714533
1725268791.3916142
1725268791.40496
1725268791.4209924
1725268791.4372704
1725268791.4526181
1725268791.4689546
1725268791.4860048
1725268791.5025876
1725268791.5200548
1725268791.5366716
1725268791.5524871
1725268791.5715573
1725268791.5850837
1725268791.6025531
1725268791.6175861
1725268791.636064
1725268791.6563814
1725268791.668115
1725268791.6845515
1725268791.7192168
1725268791.735874
1725268791.75084
1725268791.767018
1725268791.784252
1725268791.8024268
1725268791.817065
1725268791.8346074
1725268791.875309
1725268791.8824914
1725268791.8969023
1725268791.9138088
1725268791.947114
1725268791.994914
1725268792.0104258
1725268792.0286994
1725268792.0365534
1725268792.0831497
1725268792.0965762
1725268792.1173894
1725268792.1558347
1725268792.1630528
1725268792.1676233
1725268792.1794832
1725268792.1974137
1725268792.2162266
1725268792.2320592
1725268792.2467036
1725268792.2660182
1725268792.305452
1725268792.3445492
1725268792.34945
1725268792.360844
1725268792.3802414
1725268792.3996465
1725268792.413854
1725268792.4294622
1725268792.4681385
1725268792.482612
1725268792.493521
1725268792.51263
1725268792.527708
1725268792.5418954
1725268792.5621135
1725268792.5782676
1725268792.591289
1725268792.610017
1725268792.6323135
1725268792.641637
1725268792.6599882
1725268792.6759865
1725268792.6942377
1725268792.745683
1725268792.7592106
1725268792.7628806
1725268792.7791824
1725268792.7921643
1725268792.810318
1725268792.8275013
1725268792.8395383
1725268792.8592458
1725268792.8756547
1725268792.9203146
1725268792.938626
1725268792.9583037
1725268792.973833
1725268792.991689
1725268793.0095155
1725268793.027738
1725268793.040977
1725268793.0806699
1725268793.0899558
1725268793.1068995
1725268793.1230848
1725268793.1574445
1725268793.1952639
1725268793.207885
1725268793.2254326
1725268793.2629936
1725268793.2766778
1725268793.288273
1725268793.3221157
1725268793.3383708
1725268793.3556824
1725268793.372993
1725268793.38615
1725268793.4074073
1725268793.4265115
1725268793.4358363
1725268793.4524114
1725268793.4697478
1725268793.486885
1725268793.5033064
1725268793.5190868
1725268793.5362298
1725268793.557429
1725268793.571291
1725268793.5842357
1725268793.6018188
1725268793.6339407
1725268793.6602182
1725268793.6656473
1725268793.6832979
1725268793.7036886
1725268793.71656
1725268793.7337747
1725268793.7696261
1725268793.7849429
1725268793.7987545
1725268793.817924
1725268793.843288
1725268793.8516254
1725268793.865623
1725268793.8803275
1725268793.8962271
1725268793.913009
1725268793.929304
1725268793.9459822
1725268793.9832845
1725268794.0017457
1725268794.012224
1725268794.034369
1725268794.045184
1725268794.0601122
1725268794.0783703
1725268794.1139147
1725268794.130536
1725268794.144736
1725268794.170152
1725268794.1916447
1725268794.210593
1725268794.2263532
1725268794.243054
1725268794.2845836
1725268794.3010519
1725268794.308711
1725268794.3237855
1725268794.3404095
1725268794.3589823
1725268794.3968406
1725268794.4121785
1725268794.4305289
1725268794.438886
1725268794.4560733
1725268794.4727728
1725268794.4985342
1725268794.5069168
1725268794.5243528
1725268794.5591896
1725268794.5747523
1725268794.588465
1725268794.6072366
1725268794.6250863
1725268794.646924
1725268794.6562989
1725268794.6727083
1725268794.687641
1725268794.7068815
1725268794.7214057
1725268794.73909
1725268794.755279
1725268794.7728527
1725268794.789781
1725268794.8063793
1725268794.826555
1725268794.8412497
1725268794.8562326
1725268794.869917
1725268794.8901186
1725268794.906069
1725268794.9223585
1725268794.9404788
1725268794.9550843
1725268794.9738853
1725268795.0120068
1725268795.0259995
1725268795.0376313
1725268795.0530162
1725268795.0726657
1725268795.08838
1725268795.106881
1725268795.122488
1725268795.1711478
1725268795.1775708
1725268795.184905
1725268795.2008271
1725268795.2334647
1725268795.2829914
1725268795.298866
1725268795.317052
1725268795.3216996
1725268795.3760593
1725268795.3862815
1725268795.403129
1725268795.4406414
1725268795.4427383
1725268795.4559581
1725268795.468907
1725268795.4851499
1725268795.50303
1725268795.516684
1725268795.5349226
1725268795.5493233
1725268795.5845828
1725268795.619441
1725268795.6327002
1725268795.6571069
1725268795.665758
1725268795.682079
1725268795.699297
1725268795.715435
1725268795.7498808
1725268795.7670488
1725268795.7851377
1725268795.799145
1725268795.820439
1725268795.8350685
1725268795.852843
1725268795.8678362
1725268795.8829618
1725268795.9035425
1725268795.917052
1725268795.9327579
1725268795.9491973
1725268795.9680135
1725268795.9825835
1725268796.0364776
1725268796.0523055
1725268796.055973
1725268796.065729
1725268796.079917
1725268796.0996656
1725268796.116317
1725268796.132754
1725268796.1495683
1725268796.1661909
1725268796.2110767
1725268796.232382
1725268796.2479396
1725268796.2660465
1725268796.288596
1725268796.2996006
1725268796.3196533
1725268796.3331811
1725268796.3724265
1725268796.3798897
1725268796.3978245
1725268796.4114382
1725268796.4514844
1725268796.4889581
1725268796.4961255
1725268796.5116189
1725268796.5578856
1725268796.5659428
1725268796.5763125
1725268796.6144547
1725268796.6304047
1725268796.6436934
1725268796.6602132
1725268796.6761873
1725268796.7015162
1725268796.7158966
1725268796.7282643
1725268796.7421842
1725268796.7589943
1725268796.777559
1725268796.7932527
1725268796.8097622
1725268796.8268588
1725268796.8440776
1725268796.8592343
1725268796.875884
1725268796.889958
1725268796.9267533
1725268796.9383337
1725268796.95757
1725268796.9756553
1725268796.9970653
1725268797.0068765
1725268797.0214896
1725268797.060124
1725268797.0781112
1725268797.0889857
1725268797.1138542
1725268797.1231313
1725268797.1397033
1725268797.1558492
1725268797.1719625
1725268797.187884
1725268797.204565
1725268797.2206519
1725268797.2379818
1725268797.2715857
1725268797.2884667
1725268797.3045864
1725268797.3213687
1725268797.3370316
1725268797.3527284
1725268797.3695567
1725268797.4025774
1725268797.420387
1725268797.437548
1725268797.4563498
1725268797.4869633
1725268797.5034547
1725268797.522082
1725268797.536856
1725268797.570274
1725268797.5884538
1725268797.6014247
1725268797.6184466
1725268797.6350656
1725268797.6548378
1725268797.6914144
1725268797.7089486
1725268797.7256246
1725268797.735573
1725268797.7521756
1725268797.7662313
1725268797.787066
1725268797.802264
1725268797.815895
1725268797.8562074
1725268797.8672729
1725268797.8861918
1725268797.9006195
1725268797.9166524
1725268797.9352005
1725268797.951988
1725268797.9678166
1725268797.9903283
1725268798.0008943
1725268798.0177941
1725268798.0344245
1725268798.05029
1725268798.0679495
1725268798.0847373
1725268798.1015394
1725268798.1210654
1725268798.1352587
1725268798.1486769
1725268798.1629207
1725268798.1843233
1725268798.1993876
1725268798.2165482
1725268798.2330384
1725268798.250496
1725268798.266795
1725268798.3032084
1725268798.316536
1725268798.3307936
1725268798.3495488
1725268798.3644927
1725268798.3812315
1725268798.399981
1725268798.4156773
1725268798.4632213
1725268798.4704716
1725268798.477073
1725268798.493895
1725268798.5273638
1725268798.5681357
1725268798.583823
1725268798.6028316
1725268798.6176875
1725268798.6766732
1725268798.6823015
1725268798.698023
1725268798.7378054
1725268798.7448165
1725268798.7501516
1725268798.764506
1725268798.785721
1725268798.7976599
1725268798.811641
1725268798.8315852
1725268798.8496325
1725268798.8867426
1725268798.9256673
1725268798.9316437
1725268798.944955
1725268798.963276
1725268798.9805229
1725268798.9973412
1725268799.0107675
1725268799.0516403
1725268799.069259
1725268799.0819874
1725268799.0971572
1725268799.1139874
1725268799.1310008
1725268799.1448765
1725268799.1631925
1725268799.1805577
1725268799.1973615
1725268799.2111752
1725268799.2292707
1725268799.248686
1725268799.2610822
1725268799.2778413
1725268799.3293915
1725268799.341641
1725268799.3460152
1725268799.3613625
1725268799.3740728
1725268799.3911016
1725268799.4077857
1725268799.423929
1725268799.440438
1725268799.4588625
1725268799.4951315
1725268799.5236642
1725268799.5402334
1725268799.5577333
1725268799.5779428
1725268799.590135
1725268799.60782
1725268799.6241639
1725268799.6578324
1725268799.671799
1725268799.6888301
1725268799.705156
1725268799.7424498
1725268799.7745035
1725268799.7901337
1725268799.804163
1725268799.8445208
1725268799.8550806
1725268799.873547
1725268799.9078293
1725268799.9232826
1725268799.9400535
1725268799.9547915
1725268799.9843163
1725268799.9924362
1725268800.0104108
1725268800.0229514
1725268800.0385227
1725268800.0562193
1725268800.072328
1725268800.089505
1725268800.1058776
1725268800.1212814
1725268800.1434026
1725268800.1575272
1725268800.1682627
1725268800.1890306
1725268800.2269676
1725268800.234154
1725268800.2538881
1725268800.2706738
1725268800.2906537
1725268800.3057883
1725268800.318554
1725268800.3536456
1725268800.36539
1725268800.3814597
1725268800.3996797
1725268800.415433
1725268800.4374986
1725268800.4500165
1725268800.466206
1725268800.4840147
1725268800.500703
1725268800.51703
1725268800.5331671
1725268800.5693016
1725268800.593893
1725268800.5973704
1725268800.618321
1725268800.633721
1725268800.6479044
1725268800.6666393
1725268800.6992047
1725268800.7204008
1725268800.7335455
1725268800.7489023
1725268800.7832015
1725268800.7985346
1725268800.8128245
1725268800.8285725
1725268800.869333
1725268800.8793051
1725268800.8953946
1725268800.913432
1725268800.9292486
1725268800.9471698
1725268800.984018
1725268800.9990315
1725268801.0121024
1725268801.0272179
1725268801.0461996
1725268801.0621245
1725268801.0850384
1725268801.0952096
1725268801.115507
1725268801.148713
1725268801.1622195
1725268801.174657
1725268801.1979225
1725268801.211819
1725268801.2266755
1725268801.2428713
1725268801.2617579
1725268801.2837214
1725268801.2933655
1725268801.3090487
1725268801.328825
1725268801.3443885
1725268801.3578625
1725268801.3746617
1725268801.3916814
1725268801.4099207
1725268801.4248977
1725268801.4417589
1725268801.4615028
1725268801.4771547
1725268801.4915788
1725268801.507535
1725268801.5270429
1725268801.5436804
1725268801.5597072
1725268801.5949926
1725268801.6130643
1725268801.6262262
1725268801.6424208
1725268801.660798
1725268801.6784432
1725268801.6960998
1725268801.706642
1725268801.7551754
1725268801.7603738
1725268801.7696588
1725268801.7861269
1725268801.8196166
1725268801.8695595
1725268801.883651
1725268801.896441
1725268801.909128
1725268801.9543061
1725268801.9696338
1725268801.9923315
1725268802.0245986
1725268802.0270534
1725268802.0395927
1725268802.0517368
1725268802.0691679
1725268802.0845945
1725268802.1008754
1725268802.1169167
1725268802.133251
1725268802.1692374
1725268802.2044096
1725268802.2159824
1725268802.2326024
1725268802.2490401
1725268802.2653468
1725268802.2822144
1725268802.298272
1725268802.3406718
1725268802.3511114
1725268802.366349
1725268802.3828979
1725268802.3982704
1725268802.4146793
1725268802.432132
1725268802.4476662
1725268802.4678493
1725268802.4826825
1725268802.4976356
1725268802.5154583
1725268802.5311596
1725268802.5466423
1725268802.5629716
1725268802.601892
1725268802.6233625
1725268802.6331966
1725268802.6511207
