2024-09-02 18:36:04
../stream-replay/logs/rtt-6207@128.txt
1 0.182849 0 
2 0.166853 0 
4 0.134751 0 
5 0.118348 0 
6 0.143483 0 
7 0.133939 0 
8 0.118774 0 
9 0.132035 0 
10 0.116006 0 
11 0.099844 0 
12 0.114412 0 
13 0.098682 0 
14 0.082315 0 
15 0.104214 0 
16 0.087909 0 
17 0.071497 0 
18 0.079546 0 
19 0.063390 0 
20 0.053966 0 
21 0.047780 0 
22 0.031471 0 
23 0.015189 0 
24 0.033958 0 
25 0.018222 0 
26 0.061594 0 
27 0.045252 0 
28 0.028876 0 
29 0.026882 0 
31 0.077827 0 
32 0.080869 0 
33 0.064415 0 
34 0.048049 0 
35 0.051575 0 
36 0.035217 0 
37 0.018688 0 
38 0.034155 0 
40 0.194945 0 
41 0.178533 0 
42 0.161454 0 
43 0.146125 0 
45 0.113571 0 
47 0.091370 0 
48 0.107002 0 
49 0.182526 0 
50 0.187843 0 
53 0.138726 0 
54 0.135160 0 
55 0.119227 0 
56 0.102970 0 
57 0.086578 0 
58 0.113419 0 
59 0.096956 0 
60 0.080405 0 
61 0.063849 0 
62 0.107872 0 
63 0.091479 0 
64 0.075054 0 
66 0.043577 0 
68 0.022636 0 
69 0.034506 0 
70 0.018060 0 
71 0.048144 0 
72 0.031691 0 
73 0.058085 0 
74 0.047347 0 
76 0.145301 0 
77 0.128626 0 
78 0.188528 0 
79 0.171974 0 
80 0.154515 0 
81 0.163038 0 
82 0.146665 0 
83 0.130266 0 
84 0.161355 0 
85 0.145306 0 
86 0.128838 0 
87 0.124644 0 
88 0.107783 0 
89 0.091361 0 
90 0.089357 0 
92 0.068777 0 
93 0.093525 0 
94 0.077135 0 
95 0.060623 0 
96 0.062376 0 
97 0.048075 0 
98 0.032258 0 
99 0.036029 0 
100 0.019511 0 
101 0.082693 0 
103 0.112364 0 
105 0.078631 0 
106 0.062176 0 
107 0.056227 0 
108 0.040971 0 
109 0.024611 0 
110 0.030506 0 
111 0.014064 0 
113 0.081744 0 
114 0.065357 0 
115 0.064034 0 
116 0.047252 0 
118 0.037530 0 
120 0.061477 0 
121 0.045084 0 
122 0.074024 0 
124 0.041204 0 
125 0.056096 0 
126 0.039634 0 
128 0.048390 0 
129 0.030927 0 
130 0.053327 0 
131 0.036960 0 
132 0.020162 0 
133 0.070028 0 
134 0.053441 0 
135 0.036562 0 
136 0.040956 0 
137 0.024048 0 
138 0.019135 0 
139 0.125775 0 
140 0.109643 0 
141 0.092920 0 
142 0.137419 0 
143 0.120661 0 
144 0.104165 0 
145 0.087768 0 
147 0.055097 0 
148 0.065971 0 
149 0.048580 0 
150 0.032237 0 
151 0.037470 0 
152 0.020926 0 
153 0.013730 0 
155 0.055358 0 
156 0.039076 0 
157 0.022553 0 
158 0.065101 0 
159 0.048641 0 
160 0.072350 0 
161 0.055609 0 
162 0.039354 0 
163 0.045311 0 
164 0.040164 0 
165 0.045667 0 
166 0.091396 0 
168 0.059011 0 
169 0.095711 0 
170 0.079176 0 
171 0.061947 0 
172 0.046152 0 
173 0.122217 0 
174 0.105720 0 
176 0.072913 0 
177 0.107010 0 
178 0.090426 0 
179 0.073696 0 
181 0.040940 0 
182 0.089390 0 
183 0.073391 0 
184 0.071344 0 
186 0.037275 0 
187 0.065079 0 
188 0.049038 0 
189 0.065104 0 
190 0.048659 0 
191 0.032234 0 
193 0.046712 0 
194 0.057570 0 
195 0.040995 0 
196 0.133528 0 
197 0.117348 0 
198 0.100774 0 
199 0.090785 0 
200 0.074348 0 
201 0.058048 0 
203 0.080667 0 
204 0.062942 0 
205 0.148321 0 
206 0.131899 0 
207 0.115037 0 
208 0.145652 0 
209 0.128865 0 
210 0.114217 0 
211 0.100296 0 
212 0.084527 0 
213 0.099347 0 
214 0.082968 0 
215 0.066556 0 
216 0.050186 0 
217 0.072178 0 
218 0.055358 0 
219 0.039242 0 
220 0.022794 0 
221 0.045880 0 
222 0.029425 0 
223 0.085846 0 
224 0.069518 0 
225 0.053108 0 
226 0.123065 0 
227 0.106986 0 
228 0.090400 0 
230 0.099025 0 
231 0.082283 0 
232 0.180264 0 
233 0.163794 0 
234 0.147388 0 
235 0.157728 0 
236 0.141432 0 
237 0.124628 0 
239 0.173134 0 
240 0.157102 0 
241 0.140921 0 
242 0.124798 0 
244 0.092082 0 
246 0.059240 0 
247 0.122233 0 
248 0.154281 0 
249 0.140021 0 
252 0.169610 0 
253 0.152231 0 
257 0.196491 0 
258 0.195682 0 
259 0.179544 0 
260 0.186397 0 
261 0.210928 0 
262 0.194140 0 
263 0.187393 0 
265 0.154610 0 
267 0.171110 0 
268 0.154775 0 
269 0.153265 0 
270 0.136946 0 
271 0.120535 0 
272 0.115458 0 
273 0.097949 0 
275 0.065225 0 
276 0.066330 0 
277 0.073436 0 
278 0.057326 0 
279 0.040897 0 
280 0.024405 0 
281 0.106511 0 
282 0.089947 0 
283 0.073088 0 
284 0.105625 0 
285 0.089171 0 
286 0.124165 0 
288 0.176696 0 
289 0.193797 0 
292 0.331076 0 
293 0.338209 0 
294 0.321776 0 
295 0.354885 0 
296 0.338398 0 
297 0.322098 0 
298 0.305182 0 
299 0.289320 0 
300 0.287347 0 
302 0.309622 0 
304 0.277400 0 
305 0.280097 0 
306 0.263989 0 
307 0.247880 0 
308 0.231748 0 
309 0.237463 0 
310 0.221305 0 
312 0.227548 0 
313 0.211162 0 
314 0.194742 0 
315 0.189388 0 
317 0.178976 0 
319 0.177526 0 
320 0.161047 0 
321 0.149674 0 
323 0.120006 0 
324 0.103382 0 
325 0.121427 0 
327 0.088782 0 
328 0.120568 0 
329 0.104130 0 
330 0.087246 0 
331 0.070782 0 
332 0.123532 0 
333 0.112737 0 
334 0.096438 0 
335 0.079070 0 
336 0.062542 0 
337 0.059639 0 
338 0.043322 0 
339 0.026975 0 
340 0.042835 0 
341 0.027359 0 
342 0.083002 0 
343 0.103265 0 
344 0.086815 0 
346 0.131548 0 
347 0.114585 0 
348 0.098332 0 
349 0.109870 0 
350 0.093395 0 
351 0.132875 0 
352 0.121107 0 
354 0.090475 0 
355 0.093471 0 
356 0.076675 0 
357 0.060709 0 
358 0.050300 0 
359 0.050617 0 
360 0.034099 0 
361 0.101794 0 
362 0.085353 0 
363 0.180491 0 
364 0.164276 0 
365 0.147838 0 
367 0.171526 0 
368 0.154667 0 
369 0.138057 0 
370 0.121468 0 
371 0.174587 0 
372 0.158205 0 
373 0.141804 0 
375 0.350308 0 
376 0.343535 0 
377 0.422779 0 
378 0.406253 0 
380 0.407179 0 
381 0.390745 0 
382 0.374431 0 
383 0.435717 0 
385 0.421409 0 
386 0.477671 0 
387 0.461218 0 
388 0.444847 0 
389 0.428587 0 
390 0.440329 0 
392 0.406186 0 
393 0.429316 0 
394 0.432622 0 
395 0.416325 0 
396 0.399994 0 
397 0.383534 0 
398 0.403815 0 
399 0.387490 0 
400 0.371361 0 
402 0.365505 0 
403 0.349573 0 
404 0.333253 0 
405 0.316869 0 
406 0.300488 0 
407 0.377425 0 
408 0.361519 0 
409 0.344482 0 
410 0.328442 0 
411 0.312059 0 
412 0.295660 0 
413 0.298246 0 
414 0.281791 0 
415 0.265347 0 
416 0.249042 0 
417 0.268840 0 
418 0.252568 0 
419 0.260343 0 
420 0.243861 0 
421 0.227422 0 
422 0.211081 0 
423 0.194580 0 
424 0.178185 0 
425 0.161551 0 
426 0.212883 0 
427 0.196745 0 
429 0.187285 0 
430 0.170601 0 
431 0.153998 0 
432 0.137563 0 
433 0.138183 0 
434 0.121732 0 
435 0.175975 0 
436 0.159681 0 
438 0.138191 0 
439 0.122066 0 
440 0.124999 0 
441 0.108858 0 
443 0.074721 0 
445 0.093879 0 
446 0.280132 0 
447 0.263015 0 
448 0.246558 0 
451 0.195916 0 
452 0.180123 0 
453 0.163775 0 
454 0.147540 0 
455 0.131429 0 
456 0.115507 0 
457 0.148801 0 
458 0.132848 0 
459 0.124377 0 
460 0.108296 0 
461 0.092292 0 
462 0.087113 0 
464 0.063588 0 
466 0.037681 0 
467 0.021471 0 
468 0.066036 0 
469 0.049711 0 
470 0.043062 0 
471 0.026665 0 
472 0.072038 0 
474 0.040138 0 
475 0.031426 0 
476 0.034305 0 
477 0.083567 0 
478 0.067175 0 
479 0.050714 0 
480 0.080230 0 
481 0.136745 0 
482 0.119875 0 
483 0.103389 0 
484 0.127781 0 
485 0.111323 0 
486 0.094451 0 
487 0.125055 0 
488 0.108542 0 
490 0.174271 0 
491 0.157446 0 
492 0.140996 0 
493 0.124641 0 
494 0.153428 0 
495 0.137462 0 
496 0.121099 0 
497 0.104792 0 
498 0.088410 0 
499 0.082863 0 
501 0.075635 0 
503 0.144244 0 
504 0.127928 0 
505 0.111420 0 
506 0.148805 0 
507 0.132462 0 
508 0.115876 0 
509 0.099467 0 
511 0.104637 0 
512 0.088167 0 
513 0.071739 0 
514 0.055422 0 
516 0.180709 0 
518 0.154677 0 
519 0.211133 0 
520 0.194684 0 
522 0.162298 0 
523 0.288949 0 
524 0.272948 0 
526 0.278016 0 
527 0.261581 0 
528 0.245140 0 
529 0.228732 0 
530 0.221939 0 
531 0.205100 0 
532 0.211257 0 
533 0.194826 0 
534 0.217308 0 
535 0.204633 0 
536 0.195135 0 
537 0.190672 0 
538 0.174335 0 
539 0.176851 0 
540 0.160318 0 
541 0.207961 0 
542 0.191633 0 
543 0.175215 0 
545 0.142407 0 
546 0.157076 0 
547 0.139885 0 
548 0.131222 0 
549 0.113955 0 
550 0.097456 0 
551 0.080300 0 
553 0.087731 0 
554 0.071257 0 
555 0.054827 0 
556 0.058547 0 
557 0.041897 0 
558 0.124240 0 
559 0.107993 0 
560 0.091673 0 
561 0.075251 0 
562 0.058887 0 
563 0.054814 0 
564 0.040101 0 
566 0.108305 0 
567 0.091696 0 
568 0.075289 0 
569 0.058686 0 
570 0.106939 0 
571 0.090522 0 
572 0.106858 0 
574 0.074185 0 
575 0.116385 0 
576 0.099757 0 
577 0.083025 0 
579 0.081785 0 
580 0.064933 0 
581 0.048508 0 
582 0.031923 0 
584 0.117598 0 
585 0.131888 0 
586 0.115694 0 
587 0.099247 0 
588 0.082822 0 
589 0.087399 0 
591 0.061723 0 
592 0.061259 0 
593 0.048035 0 
594 0.038757 0 
595 0.022442 0 
596 0.036754 0 
597 0.036161 0 
598 0.020450 0 
599 0.128534 0 
601 0.096005 0 
602 0.133170 0 
603 0.116559 0 
604 0.099647 0 
605 0.140055 0 
606 0.121800 0 
607 0.105288 0 
608 0.088853 0 
609 0.072313 0 
610 0.066543 0 
611 0.092502 0 
612 0.076139 0 
613 0.058892 0 
614 0.065164 0 
615 0.048508 0 
616 0.031992 0 
617 0.113549 0 
618 0.126979 0 
619 0.139532 0 
620 0.122962 0 
621 0.129512 0 
622 0.113221 0 
623 0.097001 0 
624 0.080653 0 
625 0.064361 0 
626 0.063839 0 
628 0.122264 0 
629 0.173647 0 
630 0.157258 0 
631 0.140870 0 
632 0.124549 0 
633 0.108177 0 
634 0.157346 0 
635 0.140483 0 
637 0.107489 0 
638 0.090889 0 
639 0.074672 0 
640 0.058129 0 
642 0.025259 0 
644 0.048202 0 
645 0.125092 0 
646 0.129608 0 
647 0.112979 0 
650 0.096189 0 
651 0.176224 0 
652 0.159571 0 
653 0.177980 0 
654 0.161520 0 
655 0.145166 0 
656 0.128888 0 
657 0.161065 0 
658 0.173861 0 
659 0.157255 0 
660 0.141270 0 
661 0.131766 0 
663 0.099032 0 
665 0.083957 0 
666 0.067022 0 
667 0.104443 0 
668 0.087933 0 
669 0.070775 0 
670 0.054438 0 
671 0.038063 0 
673 0.049167 0 
674 0.078504 0 
675 0.061650 0 
676 0.070678 0 
677 0.055436 0 
678 0.039175 0 
679 0.022657 0 
680 0.039794 0 
681 0.044500 0 
682 0.109390 0 
683 0.093383 0 
684 0.076998 0 
685 0.060590 0 
686 0.043413 0 
687 0.027645 0 
689 0.130329 0 
690 0.135103 0 
691 0.172788 0 
692 0.156276 0 
693 0.139974 0 
694 0.123497 0 
695 0.137086 0 
696 0.120279 0 
697 0.103957 0 
698 0.087483 0 
700 0.057943 0 
702 0.024519 0 
703 0.027252 0 
704 0.090973 0 
705 0.074928 0 
706 0.058163 0 
707 0.112156 0 
708 0.095850 0 
710 0.098195 0 
711 0.098137 0 
712 0.081792 0 
713 0.065309 0 
715 0.117788 0 
717 0.084382 0 
718 0.068514 0 
719 0.108652 0 
721 0.076772 0 
722 0.092641 0 
723 0.209523 0 
725 0.203413 0 
726 0.187032 0 
727 0.170562 0 
728 0.153170 0 
729 0.197039 0 
730 0.252722 0 
733 0.243321 0 
734 0.241217 0 
735 0.224966 0 
736 0.270963 0 
737 0.254732 0 
738 0.238438 0 
739 0.268210 0 
740 0.252188 0 
741 0.284680 0 
742 0.268202 0 
744 0.250490 0 
745 0.235633 0 
746 0.219807 0 
747 0.221283 0 
748 0.205008 0 
749 0.291560 0 
750 0.274736 0 
752 0.242280 0 
753 0.247810 0 
754 0.239029 0 
755 0.222782 0 
756 0.206628 0 
757 0.258096 0 
758 0.241762 0 
759 0.225463 0 
760 0.209486 0 
761 0.193219 0 
762 0.177239 0 
763 0.241618 0 
765 0.209121 0 
766 0.192827 0 
767 0.224198 0 
768 0.207931 0 
769 0.191201 0 
770 0.221909 0 
771 0.205735 0 
773 0.173376 0 
774 0.206329 0 
775 0.192783 0 
776 0.253462 0 
778 0.220537 0 
779 0.204336 0 
780 0.188162 0 
781 0.171897 0 
783 0.148504 0 
784 0.132204 0 
785 0.164438 0 
786 0.148073 0 
787 0.131916 0 
788 0.120801 0 
790 0.088207 0 
791 0.087803 0 
792 0.071473 0 
793 0.129360 0 
794 0.113104 0 
795 0.115433 0 
796 0.098720 0 
797 0.082537 0 
798 0.066652 0 
801 0.125836 0 
802 0.136041 0 
803 0.129688 0 
804 0.113392 0 
805 0.134199 0 
806 0.117922 0 
807 0.101657 0 
808 0.085416 0 
809 0.068954 0 
810 0.052778 0 
811 0.036497 0 
812 0.020290 0 
813 0.052432 0 
814 0.044690 0 
815 0.028317 0 
816 0.023686 0 
817 0.042932 0 
818 0.026324 0 
819 0.010482 0 
820 0.041197 0 
821 0.024941 0 
822 0.038932 0 
823 0.099610 0 
824 0.083356 0 
825 0.067104 0 
827 0.054279 0 
828 0.038012 0 
829 0.045242 0 
830 0.029588 0 
831 0.026745 0 
832 0.081892 0 
833 0.065931 0 
834 0.049583 0 
836 0.067166 0 
837 0.092567 0 
838 0.076775 0 
839 0.060599 0 
841 0.028351 0 
843 0.058813 0 
844 0.149576 0 
845 0.162398 0 
846 0.145762 0 
849 0.119671 0 
850 0.103458 0 
851 0.087269 0 
852 0.071191 0 
853 0.054842 0 
854 0.086511 0 
855 0.070419 0 
856 0.053235 0 
857 0.036911 0 
858 0.155157 0 
859 0.138929 0 
860 0.122702 0 
862 0.090191 0 
864 0.057189 0 
865 0.041029 0 
866 0.059474 0 
867 0.043781 0 
868 0.036270 0 
869 0.042875 0 
870 0.026619 0 
872 0.051827 0 
873 0.041868 0 
874 0.024711 0 
875 0.009937 0 
876 0.086225 0 
877 0.070031 0 
878 0.053419 0 
879 0.076921 0 
880 0.061317 0 
881 0.044645 0 
882 0.028870 0 
883 0.045852 0 
884 0.029643 0 
885 0.013364 0 
886 0.067773 0 
888 0.069472 0 
889 0.124016 0 
890 0.107139 0 
891 0.109007 0 
892 0.092767 0 
893 0.076560 0 
894 0.095278 0 
895 0.078843 0 
896 0.095096 0 
897 0.078825 0 
899 0.101278 0 
901 0.069166 0 
902 0.052320 0 
903 0.036257 0 
904 0.137005 0 
905 0.119956 0 
906 0.142687 0 
907 0.126465 0 
909 0.100494 0 
910 0.084659 0 
911 0.118827 0 
912 0.102643 0 
914 0.069512 0 
916 0.055373 0 
917 0.064225 0 
918 0.137951 0 
920 0.105264 0 
921 0.144998 0 
922 0.142663 0 
924 0.110537 0 
925 0.093849 0 
926 0.077538 0 
927 0.172884 0 
928 0.156394 0 
929 0.168135 0 
930 0.151849 0 
931 0.214384 0 
932 0.198104 0 
933 0.181824 0 
934 0.165288 0 
935 0.285339 0 
936 0.269139 0 
937 0.252763 0 
938 0.298296 0 
939 0.281646 0 
940 0.274036 0 
941 0.258958 0 
943 0.263719 0 
944 0.247091 0 
945 0.231159 0 
946 0.223912 0 
947 0.206921 0 
948 0.379325 0 
949 0.362510 0 
951 0.329808 0 
952 0.313225 0 
953 0.296956 0 
954 0.280715 0 
955 0.360794 0 
956 0.344635 0 
957 0.328316 0 
958 0.364570 0 
959 0.348354 0 
960 0.332093 0 
961 0.315574 0 
962 0.330217 0 
964 0.297268 0 
965 0.306990 0 
966 0.290361 0 
967 0.274107 0 
968 0.285798 0 
969 0.273109 0 
970 0.256475 0 
972 0.232385 0 
973 0.216228 0 
974 0.199684 0 
975 0.195730 0 
977 0.162828 0 
978 0.147159 0 
979 0.141870 0 
980 0.125822 0 
982 0.174479 0 
983 0.158211 0 
984 0.162352 0 
985 0.146117 0 
986 0.129221 0 
987 0.123572 0 
989 0.125986 0 
990 0.184798 0 
991 0.168448 0 
992 0.152086 0 
993 0.154845 0 
994 0.138093 0 
995 0.121833 0 
996 0.105539 0 
997 0.098722 0 
999 0.090811 0 
1000 0.074394 0 
1001 0.058264 0 
1002 0.043151 0 
1003 0.027002 0 
1004 0.040539 0 
1005 0.024476 0 
1006 0.152790 0 
1007 0.142673 0 
1008 0.163192 0 
1009 0.146994 0 
1010 0.177624 0 
1011 0.161381 0 
1012 0.145112 0 
1013 0.128651 0 
1014 0.112981 0 
1015 0.148296 0 
1016 0.132032 0 
1017 0.178429 0 
1018 0.169703 0 
1019 0.153876 0 
1020 0.138133 0 
1021 0.132755 0 
1022 0.116441 0 
1023 0.160836 0 
1024 0.144597 0 
1026 0.114862 0 
1027 0.106402 0 
1028 0.119329 0 
1029 0.103078 0 
1030 0.096600 0 
1031 0.080349 0 
1032 0.108314 0 
1033 0.092135 0 
1035 0.082760 0 
1036 0.072081 0 
1037 0.147660 0 
1038 0.131490 0 
1040 0.098912 0 
1042 0.066326 0 
1043 0.111083 0 
1044 0.139847 0 
1045 0.123499 0 
1048 0.119345 0 
1049 0.138441 0 
1050 0.122110 0 
1051 0.106473 0 
1052 0.095778 0 
1053 0.079897 0 
1054 0.063841 0 
1055 0.083987 0 
1056 0.067910 0 
1057 0.051759 0 
1058 0.035728 0 
1059 0.019693 0 
1061 0.051764 0 
1063 0.082446 0 
1064 0.066465 0 
1065 0.050139 0 
1066 0.032919 0 
1067 0.068957 0 
1068 0.064056 0 
1069 0.047933 0 
1071 0.030776 0 
1072 0.033820 0 
1073 0.017123 0 
1074 0.066497 0 
1075 0.050309 0 
1076 0.032918 0 
1077 0.040425 0 
1078 0.148798 0 
1079 0.132440 0 
1080 0.166522 0 
1081 0.150234 0 
1082 0.133915 0 
1083 0.117176 0 
1084 0.100827 0 
1085 0.094674 0 
1087 0.117600 0 
1088 0.119112 0 
1089 0.112151 0 
1090 0.096076 0 
1091 0.104010 0 
1092 0.087491 0 
1093 0.071214 0 
1094 0.067563 0 
1095 0.050793 0 
1096 0.034730 0 
1098 0.055433 0 
1100 0.074261 0 
1101 0.058043 0 
1102 0.041827 0 
1103 0.128633 0 
1104 0.112421 0 
1105 0.096095 0 
1106 0.112091 0 
1108 0.079435 0 
1109 0.073110 0 
1110 0.056476 0 
1111 0.040701 0 
1113 0.063637 0 
1115 0.031993 0 
1116 0.023633 0 
1117 0.101213 0 
1119 0.068628 0 
1120 0.103471 0 
1121 0.087151 0 
1123 0.053797 0 
1124 0.054605 0 
1125 0.038053 0 
1126 0.021796 0 
1127 0.057150 0 
1128 0.067792 0 
1129 0.055015 0 
1130 0.041098 0 
1131 0.024706 0 
1132 0.033196 0 
1133 0.088260 0 
1134 0.071606 0 
1135 0.054917 0 
1136 0.047574 0 
1137 0.041481 0 
1138 0.025135 0 
1139 0.062489 0 
1140 0.045437 0 
1142 0.020802 0 
1143 0.013111 0 
1144 0.074998 0 
1145 0.058746 0 
1146 0.071648 0 
1147 0.074028 0 
1148 0.057756 0 
1150 0.025392 0 
1151 0.166778 0 
1152 0.150630 0 
1153 0.134358 0 
1154 0.118144 0 
1155 0.101983 0 
1156 0.085681 0 
1157 0.069113 0 
1158 0.118142 0 
1159 0.101738 0 
1160 0.085396 0 
1161 0.132119 0 
1163 0.100030 0 
1164 0.083200 0 
1165 0.066444 0 
1166 0.050016 0 
1167 0.033787 0 
1168 0.045537 0 
1169 0.044935 0 
1171 0.072237 0 
1172 0.055944 0 
1173 0.067594 0 
1174 0.124768 0 
1176 0.092421 0 
1177 0.075905 0 
1178 0.059865 0 
1179 0.050686 0 
1181 0.050860 0 
1182 0.176252 0 
1183 0.159780 0 
1184 0.207633 0 
1185 0.191472 0 
1186 0.175184 0 
1188 0.185216 0 
1189 0.173985 0 
1190 0.187486 0 
1191 0.170476 0 
1192 0.181715 0 
1193 0.165353 0 
1194 0.149044 0 
1195 0.132767 0 
1196 0.116615 0 
1198 0.088799 0 
1199 0.076129 0 
1200 0.070675 0 
1201 0.075168 0 
1202 0.058984 0 
1203 0.046576 0 
1204 0.030400 0 
1205 0.048270 0 
1206 0.031788 0 
1207 0.026741 0 
1208 0.098101 0 
1209 0.081861 0 
1210 0.168272 0 
1211 0.152105 0 
1212 0.134958 0 
1213 0.118791 0 
1214 0.105307 0 
1215 0.089016 0 
1216 0.164618 0 
1217 0.148216 0 
1218 0.132035 0 
1219 0.140900 0 
1220 0.124669 0 
1221 0.108421 0 
1222 0.104824 0 
1223 0.088584 0 
1225 0.055693 0 
1226 0.055237 0 
1227 0.038964 0 
1228 0.057538 0 
1229 0.041958 0 
1230 0.025832 0 
1231 0.034861 0 
1232 0.018276 0 
1234 0.047876 0 
1235 0.031495 0 
1236 0.042915 0 
1237 0.026774 0 
1239 0.067963 0 
1241 0.035459 0 
1242 0.268293 0 
1243 0.307009 0 
1244 0.290619 0 
1247 0.294407 0 
1248 0.278112 0 
1249 0.301066 0 
1250 0.284505 0 
1251 0.276104 0 
1252 0.339425 0 
1253 0.324920 0 
1254 0.343040 0 
1255 0.404138 0 
1256 0.388203 0 
1257 0.371959 0 
1258 0.355666 0 
1260 0.323127 0 
1262 0.302084 0 
1263 0.285835 0 
1264 0.289103 0 
1265 0.272742 0 
1266 0.256746 0 
1267 0.240564 0 
1268 0.224749 0 
1270 0.192241 0 
1271 0.272043 0 
1272 0.255826 0 
1273 0.329549 0 
1274 0.313304 0 
1275 0.297006 0 
1276 0.337047 0 
1277 0.320425 0 
1278 0.305505 0 
1279 0.320452 0 
1280 0.304127 0 
1281 0.287908 0 
1282 0.298527 0 
1283 0.281791 0 
1284 0.277722 0 
1286 0.249213 0 
1287 0.272649 0 
1288 0.256375 0 
1289 0.240156 0 
1290 0.291780 0 
1291 0.274390 0 
1292 0.259041 0 
1293 0.242199 0 
1294 0.301366 0 
1295 0.285141 0 
1301 0.263285 0 
1302 0.263801 0 
1303 0.247519 0 
1304 0.272624 0 
1305 0.263159 0 
1307 0.343827 0 
1308 0.327545 0 
1309 0.311309 0 
1310 0.295091 0 
1312 0.287922 0 
1314 0.260345 0 
1315 0.244622 0 
1316 0.228275 0 
1318 0.212772 0 
1319 0.290845 0 
1320 0.274466 0 
1322 0.242091 0 
1323 0.225941 0 
1324 0.209646 0 
1325 0.273543 0 
1326 0.257342 0 
1327 0.240915 0 
1328 0.281156 0 
1329 0.264892 0 
1330 0.248576 0 
1331 0.281916 0 
1332 0.265717 0 
1333 0.249412 0 
1334 0.233103 0 
1335 0.243036 0 
1336 0.226718 0 
1337 0.236291 0 
1338 0.220056 0 
1339 0.267855 0 
1341 0.235302 0 
1342 0.219023 0 
1343 0.202855 0 
1344 0.186027 0 
1345 0.170216 0 
1346 0.170603 0 
1347 0.154477 0 
1349 0.121498 0 
1350 0.105706 0 
1351 0.088984 0 
1352 0.072630 0 
1353 0.056323 0 
1354 0.113069 0 
1355 0.096753 0 
1356 0.083613 0 
1357 0.064790 0 
1358 0.054499 0 
1359 0.057808 0 
1360 0.040176 0 
1362 0.024542 0 
1363 0.115233 0 
1364 0.098899 0 
1365 0.082472 0 
1366 0.066361 0 
1367 0.101719 0 
1368 0.089970 0 
1370 0.057326 0 
1371 0.040490 0 
1372 0.077007 0 
1373 0.123935 0 
1375 0.091068 0 
1376 0.074808 0 
1377 0.058591 0 
1378 0.041966 0 
1380 0.066526 0 
1381 0.064563 0 
1382 0.058626 0 
1383 0.042412 0 
1384 0.026256 0 
1385 0.010157 0 
1387 0.041168 0 
1388 0.036309 0 
1389 0.048375 0 
1390 0.032297 0 
1391 0.090647 0 
1392 0.074376 0 
1393 0.081555 0 
1394 0.065268 0 
1395 0.048188 0 
1397 0.033264 0 
1398 0.051254 0 
1399 0.035025 0 
1400 0.018217 0 
1401 0.160194 0 
1402 0.143899 0 
1403 0.127634 0 
1404 0.111385 0 
1405 0.095185 0 
1406 0.136074 0 
1407 0.119833 0 
1408 0.103554 0 
1409 0.087292 0 
1410 0.070921 0 
1411 0.054565 0 
1412 0.038076 0 
1413 0.078743 0 
1414 0.062488 0 
1415 0.109345 0 
1416 0.093504 0 
1417 0.077224 0 
1418 0.060917 0 
1419 0.133320 0 
1420 0.117131 0 
1421 0.100869 0 
1422 0.089851 0 
1424 0.109362 0 
1425 0.092890 0 
1426 0.076558 0 
1427 0.062429 0 
1428 0.046204 0 
1429 0.035405 0 
1430 0.018772 0 
1431 0.070292 0 
1433 0.129664 0 
1434 0.112982 0 
1435 0.096774 0 
1436 0.080633 0 
1438 0.048191 0 
1440 0.080897 0 
1441 0.126312 0 
1442 0.132190 0 
1443 0.116027 0 
1446 0.098755 0 
1447 0.090074 0 
1448 0.073912 0 
1449 0.092093 0 
1450 0.106658 0 
1451 0.090414 0 
1452 0.073342 0 
1453 0.070813 0 
1454 0.054466 0 
1455 0.038110 0 
1456 0.039024 0 
1457 0.022537 0 
1459 0.126209 0 
1461 0.093638 0 
1462 0.077312 0 
1463 0.178876 0 
1464 0.166610 0 
1465 0.160558 0 
1466 0.144083 0 
1467 0.182430 0 
1469 0.215303 0 
1470 0.199162 0 
1471 0.183005 0 
1472 0.166213 0 
1473 0.158003 0 
1474 0.141338 0 
1475 0.121260 0 
1476 0.194803 0 
1477 0.178591 0 
1479 0.293123 0 
1480 0.276931 0 
1481 0.260634 0 
1482 0.288213 0 
1483 0.271957 0 
1485 0.272489 0 
1486 0.352379 0 
1487 0.336055 0 
1488 0.326795 0 
1489 0.310176 0 
1490 0.293876 0 
1491 0.297995 0 
1492 0.281862 0 
1493 0.278735 0 
1494 0.271106 0 
1496 0.238854 0 
1498 0.303904 0 
1499 0.287705 0 
1500 0.271127 0 
1501 0.254772 0 
1502 0.283762 0 
1503 0.266901 0 
1504 0.250993 0 
1506 0.308534 0 
1507 0.292746 0 
1508 0.276481 0 
1509 0.285553 0 
1511 0.323649 0 
1513 0.290682 0 
1514 0.274402 0 
1515 0.258163 0 
1517 0.225615 0 
1518 0.342020 0 
1519 0.325545 0 
1521 0.292935 0 
1522 0.308168 0 
1523 0.291983 0 
1524 0.304374 0 
1525 0.288543 0 
1526 0.274546 0 
1527 0.339564 0 
1528 0.333498 0 
1529 0.323110 0 
1530 0.306828 0 
1531 0.290531 0 
1532 0.304198 0 
1533 0.288366 0 
1534 0.271691 0 
1535 0.340690 0 
1536 0.324801 0 
1537 0.341821 0 
1538 0.326484 0 
1540 0.294119 0 
1541 0.298198 0 
1542 0.304444 0 
1543 0.288176 0 
1544 0.271621 0 
1545 0.255583 0 
1546 0.303108 0 
1548 0.272191 0 
1549 0.255961 0 
1550 0.358951 0 
1551 0.342732 0 
1552 0.326494 0 
1553 0.310096 0 
1554 0.293831 0 
1555 0.277190 0 
1556 0.281675 0 
1557 0.265492 0 
1558 0.354391 0 
1559 0.339118 0 
1561 0.306584 0 
1562 0.309154 0 
1563 0.292917 0 
1564 0.276031 0 
1565 0.260279 0 
1566 0.250224 0 
1567 0.233947 0 
1569 0.201787 0 
1570 0.216399 0 
1571 0.206663 0 
1572 0.257477 0 
1574 0.224553 0 
1575 0.224243 0 
1576 0.215516 0 
1577 0.199259 0 
1579 0.165954 0 
1580 0.263157 0 
1581 0.246797 0 
1582 0.230658 0 
1583 0.212714 0 
1584 0.197349 0 
1586 0.164909 0 
1587 0.148325 0 
1588 0.131847 0 
1589 0.115541 0 
1590 0.127203 0 
1591 0.127260 0 
1592 0.110346 0 
1593 0.141826 0 
1594 0.125616 0 
1596 0.093084 0 
1597 0.090638 0 
1598 0.074286 0 
1599 0.058178 0 
1600 0.054508 0 
1601 0.038308 0 
1602 0.057754 0 
1603 0.041620 0 
1604 0.046223 0 
1605 0.029991 0 
1606 0.034332 0 
1607 0.018074 0 
1608 0.042450 0 
1609 0.026200 0 
1610 0.114306 0 
1611 0.098072 0 
1612 0.163126 0 
1613 0.146436 0 
1614 0.130227 0 
1615 0.114070 0 
1616 0.097807 0 
1617 0.136932 0 
1618 0.120719 0 
1619 0.109580 0 
1620 0.093243 0 
1621 0.076850 0 
1623 0.043917 0 
1624 0.038586 0 
1625 0.022351 0 
1626 0.170129 0 
1627 0.154052 0 
1628 0.137934 0 
1629 0.264672 0 
1630 0.248432 0 
1632 0.270657 0 
1633 0.254334 0 
1634 0.238028 0 
1635 0.221844 0 
1637 0.188700 0 
1639 0.155536 0 
1640 0.160160 0 
1641 0.237293 0 
1642 0.221045 0 
1645 0.182712 0 
1646 0.166472 0 
1647 0.150311 0 
1648 0.193651 0 
1649 0.177246 0 
1650 0.161091 0 
1651 0.281498 0 
1652 0.264881 0 
1653 0.344117 0 
1654 0.328169 0 
1655 0.312015 0 
1656 0.295764 0 
1658 0.360327 0 
1660 0.327154 0 
1661 0.310141 0 
1662 0.293819 0 
1663 0.277522 0 
1664 0.269098 0 
1665 0.252962 0 
1666 0.236725 0 
1668 0.224241 0 
1669 0.207954 0 
1670 0.229515 0 
1671 0.213259 0 
1672 0.196956 0 
1673 0.223385 0 
1674 0.207040 0 
1675 0.190717 0 
1676 0.194311 0 
1677 0.178005 0 
1678 0.161691 0 
1679 0.177096 0 
1680 0.161216 0 
1681 0.144973 0 
1682 0.130567 0 
1684 0.132229 0 
1685 0.127521 0 
1686 0.120274 0 
1687 0.110478 0 
1688 0.117531 0 
1689 0.101305 0 
1690 0.085084 0 
1691 0.069048 0 
1692 0.052787 0 
1693 0.036562 0 
1695 0.051334 0 
1697 0.028255 0 
1698 0.065253 0 
1699 0.048974 0 
1700 0.032686 0 
1701 0.016004 0 
1702 0.031393 0 
1703 0.015184 0 
1705 0.025502 0 
1706 0.087193 0 
1707 0.071784 0 
1708 0.055534 0 
1710 0.075110 0 
1712 0.108469 0 
1713 0.092311 0 
1714 0.075677 0 
1716 0.043525 0 
1717 0.091403 0 
1718 0.077256 0 
1720 0.123215 0 
1721 0.106974 0 
1722 0.090321 0 
1723 0.074100 0 
1724 0.057831 0 
1725 0.082458 0 
1726 0.080723 0 
1727 0.064611 0 
1728 0.048466 0 
1729 0.032204 0 
1730 0.054882 0 
1731 0.046352 0 
1732 0.039401 0 
1733 0.080625 0 
1734 0.082625 0 
1735 0.079382 0 
1736 0.063099 0 
1737 0.046813 0 
1739 0.073807 0 
1740 0.064939 0 
1741 0.103817 0 
1742 0.087602 0 
1743 0.111494 0 
1744 0.095193 0 
1745 0.131348 0 
1747 0.098891 0 
1748 0.082556 0 
1749 0.079138 0 
1750 0.062880 0 
1751 0.097201 0 
1752 0.081042 0 
1753 0.064708 0 
1754 0.088354 0 
1755 0.071984 0 
1756 0.065071 0 
1757 0.048435 0 
1758 0.032204 0 
1760 0.047764 0 
1761 0.031458 0 
1762 0.142148 0 
1763 0.136404 0 
1764 0.185080 0 
1765 0.168819 0 
1766 0.151467 0 
1768 0.119093 0 
1769 0.102790 0 
1770 0.181159 0 
1771 0.202780 0 
1773 0.170260 0 
1774 0.153985 0 
1775 0.198413 0 
1776 0.181922 0 
1778 0.150198 0 
1779 0.207529 0 
1780 0.191451 0 
1781 0.175728 0 
1782 0.159429 0 
1783 0.143165 0 
1785 0.238015 0 
1786 0.221665 0 
1787 0.303701 0 
1788 0.287771 0 
1789 0.316602 0 
1790 0.397671 0 
1791 0.381085 0 
1792 0.449185 0 
1793 0.432918 0 
1795 0.400204 0 
1796 0.487764 0 
1797 0.471543 0 
1798 0.455272 0 
1799 0.452363 0 
1800 0.436060 0 
1801 0.419720 0 
1802 0.408527 0 
1803 0.392042 0 
1804 0.390734 0 
1805 0.389946 0 
1806 0.374131 0 
1807 0.360798 0 
1808 0.344522 0 
1809 0.327906 0 
1810 0.321129 0 
1811 0.313293 0 
1812 0.297560 0 
1813 0.281256 0 
1814 0.270936 0 
1815 0.255047 0 
1816 0.238844 0 
1817 0.234297 0 
1818 0.218081 0 
1819 0.201697 0 
1820 0.186062 0 
1822 0.232760 0 
1823 0.216204 0 
1824 0.200176 0 
1825 0.185477 0 
1826 0.169232 0 
1827 0.152908 0 
1828 0.136656 0 
1829 0.207673 0 
1831 0.257471 0 
1832 0.244452 0 
1833 0.228181 0 
1834 0.211531 0 
1836 0.179116 0 
1838 0.166528 0 
1839 0.171513 0 
1840 0.277334 0 
1841 0.261116 0 
1844 0.250187 0 
1845 0.232541 0 
1846 0.259982 0 
1847 0.243620 0 
1848 0.227350 0 
1849 0.220526 0 
1850 0.204233 0 
1851 0.212507 0 
1852 0.195851 0 
1853 0.179233 0 
1854 0.163106 0 
1855 0.146832 0 
1857 0.113634 0 
1859 0.132739 0 
1860 0.139200 0 
1861 0.123066 0 
1862 0.106772 0 
1863 0.090667 0 
1864 0.103988 0 
1865 0.087742 0 
1867 0.100665 0 
1868 0.099073 0 
1869 0.083373 0 
1870 0.067088 0 
1871 0.059662 0 
1872 0.043325 0 
1873 0.065999 0 
1874 0.049581 0 
1875 0.095273 0 
1876 0.079073 0 
1877 0.081363 0 
1878 0.084061 0 
1879 0.074111 0 
1880 0.122916 0 
1881 0.106737 0 
1883 0.189183 0 
1884 0.191733 0 
1885 0.175982 0 
1886 0.159351 0 
1887 0.143509 0 
1888 0.141897 0 
1889 0.125935 0 
1890 0.109424 0 
1891 0.110166 0 
1892 0.093608 0 
1894 0.084392 0 
1896 0.052202 0 
1897 0.050268 0 
1898 0.033831 0 
1899 0.059178 0 
1900 0.103182 0 
1901 0.106697 0 
1902 0.090047 0 
1904 0.061661 0 
1905 0.061059 0 
1906 0.072477 0 
1907 0.056567 0 
1909 0.023870 0 
1911 0.063029 0 
1912 0.046192 0 
1913 0.082949 0 
1915 0.050386 0 
1916 0.092418 0 
1917 0.076147 0 
1919 0.045660 0 
1920 0.095928 0 
1921 0.079216 0 
1922 0.063486 0 
1923 0.047278 0 
1924 0.062884 0 
1925 0.059377 0 
1926 0.043100 0 
1927 0.062093 0 
1928 0.045975 0 
1929 0.029918 0 
1930 0.013816 0 
1931 0.141103 0 
1932 0.125011 0 
1933 0.159377 0 
1934 0.143085 0 
1935 0.154698 0 
1936 0.138410 0 
1938 0.131818 0 
1939 0.115568 0 
1940 0.099277 0 
1941 0.083330 0 
1942 0.118317 0 
1943 0.145849 0 
1944 0.130016 0 
1946 0.164377 0 
1947 0.147805 0 
1948 0.131526 0 
1949 0.189918 0 
1950 0.174235 0 
1951 0.157329 0 
1952 0.207543 0 
1953 0.191339 0 
1954 0.175220 0 
1955 0.401295 0 
1956 0.384994 0 
1957 0.368694 0 
1959 0.388255 0 
1960 0.371882 0 
1961 0.355628 0 
1962 0.339297 0 
1963 0.379566 0 
1964 0.362611 0 
1965 0.346718 0 
1967 0.312858 0 
1968 0.383285 0 
1969 0.367353 0 
1970 0.351300 0 
1972 0.318845 0 
1973 0.302383 0 
1974 0.286410 0 
1975 0.294870 0 
1977 0.262346 0 
1978 0.256914 0 
1979 0.240587 0 
1980 0.283871 0 
1981 0.266844 0 
1982 0.250585 0 
1984 0.240421 0 
1985 0.237978 0 
1986 0.233936 0 
1987 0.226677 0 
1988 0.210711 0 
1989 0.194523 0 
1990 0.199932 0 
1991 0.183100 0 
1992 0.168504 0 
1994 0.169923 0 
1995 0.153648 0 
1996 0.137403 0 
1997 0.121265 0 
1998 0.104997 0 
1999 0.142760 0 
2000 0.126507 0 
2001 0.110383 0 
2002 0.113573 0 
2003 0.097414 0 
2004 0.081094 0 
2005 0.089121 0 
2006 0.088328 0 
2007 0.072084 0 
2008 0.055969 0 
2009 0.105202 0 
2010 0.089021 0 
2011 0.108982 0 
2012 0.092788 0 
2013 0.158136 0 
2014 0.141859 0 
2015 0.125570 0 
2016 0.117623 0 
2017 0.101393 0 
2018 0.085087 0 
2019 0.070946 0 
2021 0.041652 0 
2022 0.047094 0 
2023 0.058831 0 
2024 0.042603 0 
2025 0.026269 0 
2026 0.114354 0 
2027 0.098526 0 
2028 0.081756 0 
2030 0.049027 0 
2031 0.030365 0 
2032 0.015625 0 
2033 0.088717 0 
2035 0.056360 0 
2037 0.071351 0 
2038 0.077552 0 
2039 0.065367 0 
2040 0.083492 0 
2043 0.034922 0 
2044 0.099108 0 
2045 0.082854 0 
2046 0.066617 0 
2047 0.050421 0 
2048 0.180513 0 
2049 0.172592 0 
2050 0.173399 0 
2051 0.157116 0 
2052 0.140739 0 
2053 0.124382 0 
2054 0.108310 0 
2056 0.104587 0 
2058 0.071975 0 
2059 0.108265 0 
2060 0.092077 0 
2061 0.075797 0 
2062 0.070481 0 
2063 0.054254 0 
2064 0.037476 0 
2066 0.106837 0 
2067 0.132688 0 
2068 0.116442 0 
2069 0.100148 0 
2070 0.100512 0 
2071 0.086926 0 
2072 0.071814 0 
2073 0.055675 0 
2074 0.094125 0 
2075 0.077966 0 
2076 0.076260 0 
2077 0.059992 0 
2078 0.043875 0 
2079 0.027612 0 
2080 0.108241 0 
2082 0.107185 0 
2083 0.090791 0 
2084 0.112266 0 
2085 0.095642 0 
2086 0.080238 0 
2087 0.085577 0 
2088 0.083340 0 
2089 0.067001 0 
2090 0.229759 0 
2091 0.213488 0 
2093 0.239673 0 
2095 0.207104 0 
2096 0.190799 0 
2097 0.174469 0 
2098 0.158557 0 
2099 0.142324 0 
2100 0.126103 0 
2101 0.131242 0 
2103 0.098809 0 
2104 0.085089 0 
2105 0.070130 0 
2106 0.058642 0 
2108 0.096325 0 
2110 0.073997 0 
2111 0.057760 0 
2112 0.089369 0 
2114 0.063395 0 
2115 0.056180 0 
2116 0.039879 0 
2118 0.067965 0 
2119 0.051684 0 
2120 0.035457 0 
2121 0.043610 0 
2122 0.026940 0 
2123 0.058544 0 
2124 0.051707 0 
2125 0.035434 0 
2126 0.040369 0 
2127 0.024135 0 
2128 0.128195 0 
2129 0.111970 0 
2130 0.095684 0 
2131 0.079370 0 
2132 0.063355 0 
2133 0.103634 0 
2134 0.087132 0 
2135 0.070873 0 
2137 0.038278 0 
2138 0.022006 0 
2139 0.047939 0 
2140 0.031533 0 
2141 0.127788 0 
2142 0.141376 0 
2143 0.124730 0 
2145 0.092649 0 
2146 0.130533 0 
2147 0.126769 0 
2148 0.146400 0 
2149 0.129964 0 
2150 0.214551 0 
2151 0.198686 0 
2152 0.295275 0 
2153 0.279007 0 
2154 0.262686 0 
2155 0.264579 0 
2156 0.248348 0 
2158 0.215949 0 
2159 0.219702 0 
2160 0.205314 0 
2161 0.231982 0 
2162 0.215770 0 
2163 0.199484 0 
2164 0.183327 0 
2166 0.150814 0 
2167 0.218903 0 
2168 0.202781 0 
2169 0.208620 0 
2171 0.176244 0 
2172 0.240799 0 
2173 0.224694 0 
2174 0.208452 0 
2176 0.214550 0 
2177 0.198197 0 
2178 0.211773 0 
2179 0.195481 0 
2180 0.179242 0 
2181 0.162952 0 
2183 0.183269 0 
2184 0.166948 0 
2185 0.150568 0 
2186 0.156703 0 
2187 0.140452 0 
2188 0.124560 0 
2189 0.162757 0 
2190 0.146530 0 
2191 0.130316 0 
2193 0.147542 0 
2194 0.131327 0 
2195 0.114537 0 
2196 0.098257 0 
2197 0.082034 0 
2198 0.065789 0 
2199 0.057197 0 
2200 0.040930 0 
2201 0.046461 0 
2202 0.030060 0 
2203 0.119214 0 
2204 0.102974 0 
2205 0.086487 0 
2206 0.070301 0 
2207 0.053403 0 
2208 0.059243 0 
2209 0.085244 0 
2210 0.068980 0 
2211 0.052692 0 
2212 0.036562 0 
2213 0.094528 0 
2214 0.078542 0 
2215 0.062023 0 
2216 0.046071 0 
2217 0.051314 0 
2218 0.035117 0 
2220 0.045453 0 
2221 0.102700 0 
2222 0.086459 0 
2223 0.070184 0 
2224 0.073778 0 
2225 0.058185 0 
2226 0.041362 0 
2227 0.024823 0 
2229 0.202239 0 
2230 0.185973 0 
2231 0.169881 0 
2232 0.153748 0 
2234 0.121183 0 
2236 0.098207 0 
2237 0.122996 0 
2238 0.200511 0 
2239 0.184179 0 
2242 0.161044 0 
2243 0.144709 0 
2244 0.128351 0 
2245 0.112228 0 
2246 0.117524 0 
2247 0.101270 0 
2248 0.085029 0 
2249 0.148240 0 
2250 0.131984 0 
2251 0.115694 0 
2252 0.236834 0 
2253 0.220577 0 
2255 0.187990 0 
2257 0.178225 0 
2258 0.176910 0 
2259 0.160590 0 
2260 0.144315 0 
2261 0.132371 0 
2262 0.158235 0 
2263 0.141771 0 
2265 0.194071 0 
2266 0.177703 0 
2267 0.211788 0 
2268 0.196084 0 
2269 0.179015 0 
2270 0.193053 0 
2271 0.176764 0 
2272 0.169134 0 
2273 0.152934 0 
2274 0.136555 0 
2275 0.120221 0 
2276 0.104040 0 
2277 0.087715 0 
2278 0.088619 0 
2279 0.072387 0 
2281 0.130610 0 
2282 0.173713 0 
2283 0.157994 0 
2284 0.146816 0 
2285 0.130447 0 
2286 0.129246 0 
2287 0.138060 0 
2288 0.121812 0 
2289 0.105666 0 
2290 0.089420 0 
2292 0.070151 0 
2294 0.163475 0 
2295 0.147376 0 
2296 0.131141 0 
2297 0.114980 0 
2298 0.098705 0 
2299 0.082461 0 
2300 0.074669 0 
2302 0.041281 0 
2303 0.041507 0 
2304 0.025234 0 
2305 0.063097 0 
2307 0.034517 0 
2309 0.154936 0 
2310 0.190872 0 
2311 0.174692 0 
2313 0.153853 0 
2314 0.137006 0 
2315 0.143874 0 
2317 0.110967 0 
2318 0.114692 0 
2319 0.097079 0 
2320 0.085996 0 
2321 0.091191 0 
2322 0.095584 0 
2323 0.098357 0 
2324 0.150438 0 
2325 0.133252 0 
2326 0.117516 0 
2327 0.101283 0 
2328 0.085031 0 
2329 0.068501 0 
2330 0.052198 0 
2331 0.054762 0 
2332 0.038099 0 
2333 0.033313 0 
2334 0.017648 0 
2336 0.096884 0 
2337 0.081679 0 
2338 0.083421 0 
2339 0.066785 0 
2340 0.081606 0 
2341 0.065325 0 
2342 0.061409 0 
2344 0.028883 0 
2345 0.066602 0 
2346 0.050389 0 
2347 0.065920 0 
2348 0.104474 0 
2349 0.087953 0 
2350 0.107715 0 
2351 0.091471 0 
2352 0.075202 0 
2353 0.067839 0 
2354 0.051630 0 
2355 0.035439 0 
2357 0.080373 0 
2358 0.093572 0 
2359 0.131230 0 
2360 0.114864 0 
2361 0.108625 0 
2362 0.091380 0 
2363 0.075163 0 
2365 0.160035 0 
2366 0.143788 0 
2367 0.167562 0 
2368 0.203074 0 
2370 0.170233 0 
2371 0.154310 0 
2372 0.138075 0 
2373 0.191642 0 
2375 0.159039 0 
2376 0.213013 0 
2377 0.196954 0 
2378 0.180699 0 
2379 0.223406 0 
2380 0.207165 0 
2383 0.323168 0 
2384 0.317627 0 
2385 0.301409 0 
2386 0.338567 0 
2387 0.321739 0 
2388 0.318685 0 
2389 0.302075 0 
2390 0.286160 0 
2392 0.295762 0 
2393 0.358155 0 
2394 0.341828 0 
2395 0.325579 0 
2396 0.309467 0 
2397 0.330185 0 
2398 0.313941 0 
2399 0.327214 0 
2400 0.311023 0 
2401 0.305868 0 
2402 0.289632 0 
2403 0.273487 0 
2404 0.257255 0 
2405 0.241146 0 
2406 0.272076 0 
2407 0.265784 0 
2408 0.248945 0 
2409 0.233068 0 
2410 0.243396 0 
2411 0.228616 0 
2412 0.213269 0 
2413 0.197368 0 
2414 0.218462 0 
2415 0.202581 0 
2416 0.186446 0 
2417 0.229488 0 
2419 0.196294 0 
2420 0.206243 0 
2421 0.197150 0 
2422 0.181445 0 
2423 0.181698 0 
2424 0.165529 0 
2425 0.149209 0 
2426 0.132851 0 
2428 0.139011 0 
2429 0.122474 0 
2430 0.106291 0 
2431 0.090065 0 
2433 0.057715 0 
2435 0.130080 0 
2436 0.145114 0 
2437 0.155792 0 
2438 0.143791 0 
2441 0.094925 0 
2442 0.084529 0 
2443 0.068259 0 
2444 0.062340 0 
2445 0.046372 0 
2446 0.029696 0 
2447 0.055811 0 
2448 0.039670 0 
2449 0.074527 0 
2450 0.058253 0 
2451 0.041495 0 
2452 0.025732 0 
2454 0.062467 0 
2456 0.036849 0 
2457 0.051797 0 
2458 0.111170 0 
2459 0.094941 0 
2460 0.077953 0 
2461 0.070524 0 
2462 0.054240 0 
2464 0.021610 0 
2465 0.084527 0 
2466 0.068245 0 
2467 0.059438 0 
2468 0.043232 0 
2469 0.027080 0 
2470 0.109058 0 
2471 0.092858 0 
2472 0.076573 0 
2473 0.074109 0 
2474 0.082821 0 
2475 0.066673 0 
2476 0.050387 0 
2477 0.034170 0 
2478 0.017710 0 
2480 0.070772 0 
2481 0.159276 0 
2482 0.142553 0 
2483 0.131607 0 
2484 0.115638 0 
2485 0.099475 0 
2486 0.084444 0 
2487 0.068236 0 
2488 0.059765 0 
2489 0.043493 0 
2491 0.031724 0 
2493 0.089940 0 
2494 0.073739 0 
2495 0.057603 0 
2496 0.061130 0 
2497 0.045188 0 
2498 0.043936 0 
2499 0.034159 0 
2501 0.058912 0 
2502 0.043880 0 
2503 0.094029 0 
2504 0.077820 0 
2506 0.045376 0 
2508 0.044512 0 
2509 0.028349 0 
2510 0.068180 0 
2512 0.035611 0 
2513 0.064405 0 
2514 0.048104 0 
2516 0.015666 0 
2517 0.070082 0 
2518 0.053827 0 
2519 0.037513 0 
2520 0.021386 0 
2521 0.059137 0 
2522 0.042790 0 
2523 0.026566 0 
2524 0.076283 0 
2525 0.060300 0 
2526 0.044158 0 
2527 0.055647 0 
2528 0.039436 0 
2529 0.023217 0 
2530 0.041399 0 
2531 0.045188 0 
2532 0.098828 0 
2533 0.083154 0 
2535 0.050388 0 
2536 0.058192 0 
2537 0.041974 0 
2538 0.040435 0 
2539 0.048782 0 
2540 0.032441 0 
2541 0.062719 0 
2543 0.029836 0 
2544 0.013968 0 
2545 0.089103 0 
2546 0.072833 0 
2547 0.056544 0 
2548 0.052348 0 
2549 0.036075 0 
2550 0.061454 0 
2551 0.066203 0 
2552 0.049920 0 
2553 0.067231 0 
2554 0.051041 0 
2556 0.080045 0 
2558 0.195012 0 
2559 0.178762 0 
2560 0.162570 0 
2561 0.146427 0 
2562 0.156362 0 
2564 0.123873 0 
2565 0.191068 0 
2566 0.174690 0 
2567 0.197732 0 
2569 0.179138 0 
2570 0.183560 0 
2571 0.167312 0 
2572 0.151010 0 
2574 0.117693 0 
2575 0.162186 0 
2576 0.145992 0 
2577 0.198007 0 
2578 0.181198 0 
2579 0.165206 0 
2581 0.137281 0 
2582 0.121530 0 
2583 0.118274 0 
2584 0.114853 0 
2585 0.098846 0 
2586 0.082642 0 
2587 0.079368 0 
2588 0.063148 0 
2589 0.045672 0 
2591 0.071468 0 
2592 0.152876 0 
2593 0.136204 0 
2594 0.119932 0 
2595 0.103631 0 
2596 0.087344 0 
2597 0.070784 0 
2598 0.139851 0 
2599 0.121854 0 
2600 0.179734 0 
2601 0.175778 0 
2602 0.159377 0 
2603 0.143167 0 
2604 0.171862 0 
2605 0.157277 0 
2606 0.140995 0 
2607 0.136312 0 
2608 0.120028 0 
2609 0.157263 0 
2610 0.141013 0 
2611 0.128441 0 
2612 0.112166 0 
2613 0.113319 0 
2614 0.096883 0 
2615 0.080615 0 
2616 0.085730 0 
2618 0.053828 0 
2619 0.049495 0 
2620 0.033412 0 
2621 0.017235 0 
2622 0.055503 0 
2623 0.039239 0 
2624 0.022992 0 
2625 0.072860 0 
2627 0.049326 0 
2628 0.033018 0 
2629 0.016850 0 
2630 0.043355 0 
2632 0.039307 0 
2634 0.073321 0 
2635 0.077609 0 
2636 0.088185 0 
2637 0.071965 0 
2640 0.032895 0 
2641 0.016605 0 
2642 0.216531 0 
2643 0.200396 0 
2644 0.232680 0 
2645 0.216759 0 
2646 0.214950 0 
2647 0.198658 0 
2648 0.182896 0 
2649 0.204606 0 
2650 0.188330 0 
2651 0.172002 0 
2653 0.200239 0 
2655 0.186582 0 
2656 0.170358 0 
2657 0.153890 0 
2658 0.137593 0 
2659 0.121377 0 
2660 0.105120 0 
2661 0.104352 0 
2663 0.071819 0 
2664 0.088239 0 
2665 0.071957 0 
2666 0.055707 0 
2667 0.047474 0 
2668 0.031224 0 
2669 0.013945 0 
2670 0.057065 0 
2671 0.040870 0 
2672 0.065733 0 
2673 0.052015 0 
2674 0.035748 0 
2675 0.054454 0 
2676 0.038214 0 
2677 0.021901 0 
2679 0.051848 0 
2680 0.136301 0 
2681 0.119519 0 
2682 0.103742 0 
2683 0.086985 0 
2684 0.070221 0 
2685 0.053875 0 
2686 0.061322 0 
2687 0.044878 0 
2688 0.028764 0 
2690 0.035993 0 
2692 0.050088 0 
2693 0.049902 0 
2694 0.033669 0 
2695 0.050282 0 
2696 0.033565 0 
2697 0.039899 0 
2698 0.095391 0 
2700 0.062372 0 
2701 0.053895 0 
2702 0.046113 0 
2703 0.030249 0 
2705 0.093966 0 
2707 0.061472 0 
2708 0.058061 0 
2709 0.041833 0 
2711 0.024001 0 
2712 0.122711 0 
2713 0.106437 0 
2715 0.105683 0 
2716 0.088958 0 
2717 0.121988 0 
2718 0.105631 0 
2719 0.089338 0 
2720 0.072702 0 
2721 0.056978 0 
2722 0.040666 0 
2723 0.025691 0 
2724 0.125607 0 
2725 0.134853 0 
2726 0.120579 0 
2727 0.140177 0 
2728 0.123577 0 
2729 0.107688 0 
2730 0.091231 0 
2731 0.074928 0 
2732 0.058642 0 
2734 0.026091 0 
2735 0.049668 0 
2736 0.033562 0 
2737 0.017317 0 
2738 0.034444 0 
2739 0.060053 0 
2740 0.043812 0 
2742 0.029142 0 
2743 0.084097 0 
2744 0.067937 0 
2745 0.082304 0 
2746 0.065989 0 
2747 0.127508 0 
2748 0.111268 0 
2749 0.094829 0 
2750 0.077816 0 
2751 0.114794 0 
2752 0.098611 0 
2753 0.082362 0 
2755 0.083223 0 
2756 0.067173 0 
2757 0.051013 0 
2758 0.048821 0 
2759 0.032572 0 
2760 0.120961 0 
2761 0.112710 0 
2763 0.080123 0 
2764 0.110296 0 
2765 0.094035 0 
2766 0.077682 0 
2768 0.045199 0 
2769 0.088821 0 
2770 0.072591 0 
2771 0.056323 0 
2773 0.072757 0 
2774 0.062865 0 
2775 0.046579 0 
2776 0.037633 0 
2777 0.020849 0 
2778 0.099416 0 
2780 0.066449 0 
2781 0.050577 0 
2782 0.035759 0 
2783 0.034655 0 
2784 0.035430 0 
2785 0.019151 0 
2786 0.068322 0 
2787 0.068913 0 
2788 0.052665 0 
2790 0.026250 0 
2791 0.047936 0 
2792 0.031597 0 
2793 0.015005 0 
2794 0.134754 0 
2795 0.117828 0 
2796 0.101544 0 
2797 0.085228 0 
2798 0.077165 0 
2799 0.060937 0 
2800 0.049217 0 
2801 0.033222 0 
2802 0.057740 0 
2803 0.114704 0 
2804 0.098092 0 
2805 0.102053 0 
2806 0.113107 0 
2807 0.096916 0 
2808 0.080720 0 
2809 0.064424 0 
2810 0.048149 0 
2811 0.031787 0 
2812 0.076044 0 
2813 0.059961 0 
2814 0.043534 0 
2815 0.070487 0 
2817 0.037968 0 
2818 0.039018 0 
2819 0.023109 0 
2820 0.055453 0 
2821 0.038490 0 
2822 0.022216 0 
2823 0.023125 0 
2824 0.073247 0 
2826 0.054827 0 
2827 0.038513 0 
2828 0.021958 0 
2829 0.042160 0 
2831 0.064370 0 
2833 0.079313 0 
2834 0.212393 0 
2835 0.277516 0 
2836 0.406074 0 
2839 0.393546 0 
2840 0.377274 0 
2841 0.360327 0 
2842 0.344353 0 
2843 0.328294 0 
2844 0.349411 0 
2845 0.333039 0 
2846 0.316561 0 
2847 0.300426 0 
2848 0.284198 0 
2849 0.370075 0 
2850 0.353610 0 
2852 0.321038 0 
2854 0.320370 0 
2855 0.357125 0 
2856 0.340832 0 
2857 0.361363 0 
2858 0.345195 0 
2859 0.385744 0 
2860 0.369489 0 
2862 0.336863 0 
2863 0.333486 0 
2864 0.317186 0 
2865 0.332369 0 
2866 0.316495 0 
2867 0.300184 0 
2868 0.301406 0 
2869 0.285180 0 
2870 0.268148 0 
2871 0.367607 0 
2872 0.351355 0 
2873 0.335085 0 
2874 0.336343 0 
2875 0.320141 0 
2876 0.303904 0 
2878 0.346290 0 
2879 0.329024 0 
2880 0.312759 0 
2881 0.296441 0 
2882 0.281921 0 
2883 0.277722 0 
2884 0.261989 0 
2885 0.273092 0 
2886 0.256480 0 
2887 0.240596 0 
2889 0.355251 0 
2891 0.356271 0 
2892 0.340168 0 
2893 0.323751 0 
2894 0.307465 0 
2895 0.307129 0 
2896 0.290804 0 
2897 0.274383 0 
2899 0.287060 0 
2900 0.270500 0 
2901 0.377665 0 
2902 0.377691 0 
2904 0.373738 0 
2906 0.341916 0 
2907 0.356467 0 
2908 0.340334 0 
2910 0.323100 0 
2911 0.322267 0 
2912 0.306508 0 
2914 0.296709 0 
2915 0.280454 0 
2916 0.264240 0 
2917 0.248079 0 
2918 0.231620 0 
2919 0.215524 0 
2920 0.249358 0 
2921 0.232692 0 
2922 0.216471 0 
2923 0.236917 0 
2924 0.220556 0 
2925 0.204472 0 
2926 0.188310 0 
2927 0.172065 0 
2928 0.216745 0 
2929 0.207896 0 
2930 0.228363 0 
2931 0.273629 0 
2933 0.241177 0 
2934 0.224949 0 
2935 0.208143 0 
2936 0.217414 0 
2937 0.201092 0 
2938 0.202664 0 
2939 0.194719 0 
2941 0.207960 0 
2942 0.191506 0 
2943 0.175181 0 
2944 0.158959 0 
2945 0.142236 0 
2946 0.125738 0 
2947 0.117393 0 
2948 0.101477 0 
2949 0.097298 0 
2950 0.080635 0 
2951 0.064572 0 
2952 0.179216 0 
2954 0.145889 0 
2955 0.130383 0 
2956 0.113739 0 
2957 0.179797 0 
2958 0.163194 0 
2959 0.146991 0 
2960 0.131074 0 
2962 0.127112 0 
2963 0.110795 0 
2964 0.155221 0 
2965 0.138845 0 
2967 0.124334 0 
2968 0.108050 0 
2969 0.105986 0 
2970 0.089751 0 
2972 0.091263 0 
2973 0.113535 0 
2974 0.096446 0 
2975 0.080568 0 
2976 0.064420 0 
2977 0.048207 0 
2979 0.015708 0 
2980 0.043293 0 
2981 0.098909 0 
2982 0.082734 0 
2983 0.066533 0 
2984 0.050177 0 
2985 0.033983 0 
2986 0.047978 0 
2987 0.031337 0 
2989 0.125036 0 
2990 0.108770 0 
2991 0.163895 0 
2992 0.147717 0 
2993 0.131457 0 
2994 0.152410 0 
2995 0.140182 0 
2996 0.126706 0 
2997 0.110388 0 
2998 0.094255 0 
2999 0.094543 0 
3000 0.100278 0 
3001 0.083969 0 
3002 0.067746 0 
3003 0.051562 0 
3004 0.053983 0 
3005 0.037378 0 
3006 0.021426 0 
3007 0.096789 0 
3008 0.080512 0 
3009 0.137171 0 
3010 0.120528 0 
3011 0.103745 0 
3012 0.088106 0 
3014 0.146000 0 
3016 0.113506 0 
3017 0.172347 0 
3018 0.156137 0 
3019 0.139869 0 
3020 0.123624 0 
3021 0.122862 0 
3022 0.156709 0 
3023 0.140533 0 
3025 0.107909 0 
3026 0.091612 0 
3027 0.075594 0 
3028 0.059002 0 
3030 0.139312 0 
3032 0.134408 0 
3033 0.156240 0 
3034 0.210216 0 
3035 0.193913 0 
3038 0.182275 0 
3039 0.165905 0 
3040 0.149701 0 
3041 0.133340 0 
3042 0.117029 0 
3043 0.113987 0 
3044 0.097713 0 
3045 0.081396 0 
3046 0.065309 0 
3047 0.049587 0 
3048 0.033353 0 
3049 0.144804 0 
3051 0.151333 0 
3053 0.117844 0 
3054 0.101594 0 
3055 0.085692 0 
3056 0.109290 0 
3057 0.128102 0 
3058 0.112030 0 
3059 0.095936 0 
3061 0.063282 0 
3062 0.060724 0 
3063 0.044520 0 
3064 0.028328 0 
3065 0.089266 0 
3066 0.073002 0 
3067 0.124414 0 
3068 0.108046 0 
3069 0.099548 0 
3070 0.141284 0 
3071 0.125027 0 
3072 0.128850 0 
3073 0.112595 0 
3074 0.129530 0 
3075 0.113533 0 
3077 0.081206 0 
3078 0.154155 0 
3079 0.138172 0 
3080 0.144837 0 
3081 0.137389 0 
3082 0.121215 0 
3083 0.123368 0 
3084 0.107101 0 
3085 0.090776 0 
3086 0.074492 0 
3088 0.086773 0 
3090 0.053844 0 
3091 0.037934 0 
3092 0.020865 0 
3093 0.053539 0 
3094 0.037571 0 
3095 0.028712 0 
3096 0.012378 0 
3098 0.131541 0 
3099 0.114884 0 
3100 0.112293 0 
3101 0.125801 0 
3103 0.093271 0 
3105 0.080721 0 
3106 0.064195 0 
3107 0.047781 0 
3109 0.076701 0 
3110 0.133109 0 
3111 0.116958 0 
3113 0.084455 0 
3114 0.083740 0 
3115 0.067757 0 
3116 0.051639 0 
3117 0.035419 0 
3118 0.039516 0 
3119 0.023261 0 
3120 0.077862 0 
3121 0.061559 0 
3122 0.133290 0 
3123 0.162531 0 
3124 0.146313 0 
3125 0.130047 0 
3126 0.140351 0 
3127 0.135601 0 
3128 0.118808 0 
3129 0.125610 0 
3130 0.108856 0 
3132 0.113617 0 
3133 0.096893 0 
3134 0.090578 0 
3135 0.074281 0 
3136 0.083179 0 
3137 0.078969 0 
3138 0.062729 0 
3140 0.030350 0 
3141 0.014208 0 
3142 0.010574 0 
3143 0.168088 0 
3144 0.151643 0 
3145 0.153959 0 
3146 0.137985 0 
3147 0.145025 0 
3148 0.128177 0 
3149 0.112311 0 
3150 0.095797 0 
3151 0.079994 0 
3153 0.060865 0 
3154 0.044616 0 
3155 0.028372 0 
3156 0.034685 0 
3157 0.018432 0 
3158 0.148769 0 
3159 0.132550 0 
3161 0.099943 0 
3162 0.095109 0 
3163 0.111053 0 
3164 0.094308 0 
3166 0.062045 0 
3167 0.045871 0 
3168 0.029609 0 
3169 0.062980 0 
3171 0.030450 0 
3172 0.036325 0 
3173 0.090039 0 
3174 0.073738 0 
3175 0.057484 0 
3176 0.040949 0 
3178 0.065242 0 
3179 0.060495 0 
3180 0.050933 0 
3181 0.097873 0 
3182 0.081617 0 
3183 0.065372 0 
3184 0.049088 0 
3185 0.032493 0 
3186 0.016086 0 
3188 0.045624 0 
3189 0.029298 0 
3190 0.019955 0 
3191 0.038155 0 
3192 0.021896 0 
3193 0.073602 0 
3194 0.057312 0 
3195 0.040882 0 
3196 0.043646 0 
3197 0.027650 0 
3198 0.069785 0 
3199 0.053615 0 
3200 0.037400 0 
3205 0.160176 0 
3206 0.143936 0 
3207 0.127805 0 
3208 0.111123 0 
3209 0.094881 0 
3210 0.078678 0 
3211 0.062314 0 
3212 0.100389 0 
3213 0.084219 0 
3215 0.058311 0 
3216 0.060748 0 
3217 0.044504 0 
3218 0.028181 0 
3219 0.065425 0 
3220 0.049351 0 
3221 0.033059 0 
3222 0.060506 0 
3224 0.027881 0 
3225 0.043994 0 
3226 0.027830 0 
3227 0.011592 0 
3229 0.085897 0 
3231 0.053303 0 
3232 0.045090 0 
3233 0.043705 0 
3234 0.026904 0 
3237 0.065244 0 
3238 0.048877 0 
3239 0.032660 0 
3240 0.103232 0 
3241 0.086731 0 
3242 0.070494 0 
3243 0.070131 0 
3244 0.053774 0 
3245 0.149156 0 
3246 0.132408 0 
3247 0.115778 0 
3248 0.099069 0 
3250 0.066693 0 
3252 0.061476 0 
3253 0.064052 0 
3254 0.047636 0 
3255 0.031642 0 
3256 0.177859 0 
3257 0.161616 0 
3258 0.145356 0 
3260 0.128487 0 
3261 0.111746 0 
3262 0.095912 0 
3263 0.120563 0 
3264 0.103805 0 
3265 0.088560 0 
3266 0.078261 0 
3267 0.062031 0 
3268 0.046767 0 
3271 0.140087 0 
3272 0.123755 0 
3273 0.107580 0 
3274 0.091486 0 
3276 0.084438 0 
3277 0.080076 0 
3278 0.132753 0 
3279 0.116491 0 
3280 0.167139 0 
3281 0.169279 0 
3282 0.152881 0 
3283 0.148938 0 
3284 0.132543 0 
3285 0.120707 0 
3287 0.100283 0 
3289 0.075780 0 
3290 0.122741 0 
3291 0.106389 0 
3292 0.090032 0 
3293 0.074082 0 
3294 0.117314 0 
3295 0.101926 0 
3297 0.083422 0 
3298 0.066497 0 
3299 0.050901 0 
3300 0.035798 0 
3302 0.168211 0 
3304 0.135652 0 
3305 0.119455 0 
3306 0.102834 0 
3308 0.142535 0 
3309 0.126320 0 
3310 0.109993 0 
3312 0.077523 0 
3313 0.061273 0 
3314 0.053320 0 
3315 0.036701 0 
3316 0.020380 0 
3317 0.100731 0 
3318 0.084416 0 
3319 0.068203 0 
3320 0.051662 0 
3321 0.133098 0 
3322 0.116807 0 
3323 0.100580 0 
3324 0.084476 0 
3325 0.068141 0 
3326 0.051900 0 
3327 0.034965 0 
3328 0.018897 0 
3329 0.080449 0 
3331 0.047916 0 
3332 0.031615 0 
3333 0.019335 0 
3334 0.036507 0 
3335 0.035970 0 
3336 0.019305 0 
3337 0.087763 0 
3339 0.055263 0 
3340 0.058116 0 
3341 0.041860 0 
3342 0.024771 0 
3343 0.062324 0 
3344 0.046049 0 
3345 0.029080 0 
3346 0.013160 0 
3347 0.041236 0 
3348 0.024976 0 
3349 0.038621 0 
3350 0.049121 0 
3352 0.016206 0 
3353 0.030798 0 
3354 0.014520 0 
3355 0.031445 0 
3356 0.015191 0 
3357 0.115161 0 
3358 0.098980 0 
3360 0.066227 0 
3361 0.069435 0 
3362 0.078704 0 
3363 0.062524 0 
3365 0.030035 0 
3366 0.088877 0 
3367 0.072691 0 
3368 0.056437 0 
3370 0.078285 0 
3371 0.088328 0 
3372 0.072040 0 
3373 0.055766 0 
3374 0.038806 0 
3375 0.067096 0 
3377 0.033921 0 
3378 0.045121 0 
3379 0.028340 0 
3380 0.012126 0 
3381 0.078431 0 
3382 0.062129 0 
3383 0.089301 0 
3384 0.072970 0 
3385 0.056689 0 
3387 0.109053 0 
3388 0.092750 0 
3389 0.076386 0 
3390 0.060386 0 
3391 0.082142 0 
3392 0.066002 0 
3393 0.050153 0 
3394 0.088446 0 
3395 0.072140 0 
3396 0.055544 0 
3397 0.061712 0 
3398 0.045492 0 
3399 0.027991 0 
3400 0.045946 0 
3401 0.030035 0 
3402 0.047990 0 
3403 0.032234 0 
3404 0.181526 0 
3405 0.166084 0 
3406 0.149815 0 
3407 0.135306 0 
3408 0.120532 0 
3409 0.104044 0 
3410 0.093837 0 
3411 0.133632 0 
3412 0.117779 0 
3414 0.085096 0 
3415 0.140062 0 
3416 0.123497 0 
3417 0.124417 0 
3418 0.108188 0 
3419 0.092014 0 
3420 0.084038 0 
3421 0.074750 0 
3423 0.151755 0 
3424 0.135526 0 
3425 0.119339 0 
3426 0.103306 0 
3428 0.070605 0 
3430 0.094781 0 
3431 0.211756 0 
3432 0.269347 0 
3433 0.253118 0 
3436 0.267196 0 
3437 0.250972 0 
3438 0.234625 0 
3439 0.233836 0 
3440 0.217552 0 
3441 0.201577 0 
3442 0.184566 0 
3443 0.183403 0 
3444 0.166823 0 
3445 0.169596 0 
3446 0.153329 0 
3447 0.136998 0 
3449 0.104534 0 
3451 0.093985 0 
3452 0.077772 0 
3453 0.106405 0 
3454 0.090126 0 
3455 0.073714 0 
3456 0.098283 0 
3457 0.082124 0 
3459 0.049243 0 
3460 0.033009 0 
3461 0.016915 0 
3462 0.082741 0 
3463 0.066152 0 
3464 0.066323 0 
3465 0.075910 0 
3466 0.059648 0 
3467 0.043318 0 
3468 0.027085 0 
3469 0.044754 0 
3470 0.079700 0 
3471 0.071242 0 
3472 0.055265 0 
3473 0.043026 0 
3475 0.037596 0 
3476 0.065339 0 
3477 0.049102 0 
3478 0.032957 0 
3479 0.016678 0 
3480 0.077702 0 
3481 0.080742 0 
3482 0.064531 0 
3483 0.048438 0 
3484 0.079707 0 
3486 0.058165 0 
3488 0.025451 0 
3489 0.009188 0 
3490 0.033236 0 
3491 0.017032 0 
3493 0.122889 0 
3494 0.126516 0 
3496 0.093134 0 
3497 0.076878 0 
3498 0.078242 0 
3499 0.062049 0 
3501 0.043822 0 
3503 0.014019 0 
3504 0.039401 0 
3505 0.023827 0 
3507 0.066379 0 
3508 0.061204 0 
3509 0.052233 0 
3511 0.038147 0 
3512 0.082280 0 
3513 0.066038 0 
3514 0.049625 0 
3515 0.033285 0 
3516 0.021436 0 
3517 0.028387 0 
3518 0.012179 0 
3519 0.041580 0 
3520 0.025463 0 
3521 0.032616 0 
3522 0.016442 0 
3523 0.057634 0 
3524 0.041403 0 
3525 0.023848 0 
3526 0.089329 0 
3527 0.072735 0 
3528 0.092004 0 
3530 0.059359 0 
3531 0.042746 0 
3532 0.026896 0 
3533 0.037101 0 
3534 0.020813 0 
3535 0.065620 0 
3536 0.048634 0 
3538 0.044580 0 
3539 0.028498 0 
3540 0.030084 0 
3541 0.117958 0 
3542 0.101661 0 
3543 0.130348 0 
3544 0.114088 0 
3545 0.097549 0 
3546 0.098040 0 
3547 0.081776 0 
3548 0.065296 0 
3549 0.049239 0 
3551 0.067653 0 
3552 0.051022 0 
3553 0.035120 0 
3554 0.037802 0 
3555 0.021396 0 
3556 0.081902 0 
3557 0.065229 0 
3559 0.032950 0 
3560 0.058908 0 
3561 0.042441 0 
3562 0.065501 0 
3564 0.032987 0 
3565 0.016781 0 
3566 0.120492 0 
3567 0.104267 0 
3569 0.151062 0 
3570 0.134366 0 
3571 0.118610 0 
3572 0.102380 0 
3573 0.085730 0 
3574 0.068971 0 
3576 0.037072 0 
3577 0.021497 0 
3578 0.048922 0 
3579 0.175545 0 
3580 0.158957 0 
3581 0.142369 0 
3582 0.257185 0 
3583 0.240630 0 
3584 0.268065 0 
3586 0.241291 0 
3587 0.224215 0 
3588 0.245326 0 
3589 0.229002 0 
3590 0.212890 0 
3591 0.229162 0 
3592 0.212569 0 
3593 0.196350 0 
3594 0.197485 0 
3595 0.196590 0 
3596 0.220563 0 
3597 0.204431 0 
3598 0.202483 0 
3599 0.186249 0 
3600 0.329993 0 
3601 0.313764 0 
3602 0.369887 0 
3603 0.353642 0 
3604 0.336542 0 
3605 0.347697 0 
3606 0.331034 0 
3607 0.362653 0 
3608 0.346304 0 
3609 0.330079 0 
3610 0.312670 0 
3611 0.297518 0 
3613 0.264864 0 
3614 0.277776 0 
3615 0.281190 0 
3616 0.264920 0 
3617 0.251173 0 
3618 0.331808 0 
3619 0.315232 0 
3620 0.298678 0 
3622 0.265973 0 
3623 0.263788 0 
3624 0.247636 0 
3625 0.231537 0 
3627 0.198969 0 
3629 0.245321 0 
3630 0.248846 0 
3631 0.282990 0 
3632 0.266580 0 
3635 0.217394 0 
3636 0.228742 0 
3637 0.212393 0 
3638 0.196086 0 
3639 0.197677 0 
3640 0.181479 0 
3641 0.165240 0 
3642 0.294216 0 
3643 0.278414 0 
3644 0.261825 0 
3645 0.300807 0 
3646 0.284584 0 
3648 0.267064 0 
3650 0.234519 0 
3651 0.240845 0 
3652 0.252449 0 
3653 0.236238 0 
3654 0.219929 0 
3655 0.203843 0 
3656 0.187598 0 
3658 0.258858 0 
3659 0.241973 0 
3660 0.272342 0 
3661 0.256064 0 
3662 0.239770 0 
3663 0.223436 0 
3664 0.207213 0 
3665 0.190174 0 
3666 0.193995 0 
3667 0.184723 0 
3668 0.180842 0 
3669 0.175769 0 
3670 0.159551 0 
3671 0.143390 0 
3672 0.200856 0 
3674 0.184629 0 
3675 0.206875 0 
3676 0.218092 0 
3677 0.232148 0 
3678 0.215922 0 
3679 0.207333 0 
3680 0.256995 0 
3681 0.240750 0 
3682 0.224551 0 
3683 0.208445 0 
3685 0.213644 0 
3687 0.204295 0 
3688 0.188119 0 
3689 0.171870 0 
3690 0.156137 0 
3691 0.192803 0 
3692 0.176692 0 
3693 0.210336 0 
3695 0.177821 0 
3696 0.253092 0 
3697 0.242299 0 
3698 0.233208 0 
3700 0.217548 0 
3702 0.210735 0 
3703 0.194436 0 
3704 0.178303 0 
3706 0.164544 0 
3707 0.155705 0 
3708 0.184955 0 
3710 0.152448 0 
3711 0.136330 0 
3712 0.179586 0 
3713 0.163348 0 
3714 0.152986 0 
3715 0.136688 0 
3716 0.120331 0 
3717 0.104328 0 
3718 0.088441 0 
3719 0.085449 0 
3720 0.069092 0 
3721 0.063710 0 
3722 0.047654 0 
3723 0.031416 0 
3724 0.063453 0 
3725 0.047273 0 
3726 0.086057 0 
3727 0.070068 0 
3729 0.086223 0 
3730 0.068692 0 
3731 0.070005 0 
3732 0.145523 0 
3733 0.129164 0 
3734 0.112864 0 
3735 0.096437 0 
3737 0.080094 0 
3738 0.086201 0 
3739 0.069906 0 
3740 0.053509 0 
3741 0.126013 0 
3742 0.109702 0 
3743 0.093556 0 
3744 0.114745 0 
3745 0.098363 0 
3746 0.082007 0 
3747 0.065753 0 
3748 0.049463 0 
3750 0.106589 0 
3751 0.090025 0 
3752 0.073568 0 
3753 0.285515 0 
3754 0.269736 0 
3755 0.253061 0 
3756 0.238179 0 
3758 0.205495 0 
3759 0.210689 0 
3760 0.221222 0 
3761 0.258663 0 
3763 0.226063 0 
3764 0.209510 0 
3765 0.193368 0 
3766 0.238095 0 
3768 0.205533 0 
3769 0.251932 0 
3770 0.235664 0 
3771 0.226599 0 
3772 0.210531 0 
3773 0.280273 0 
3775 0.247315 0 
3776 0.251269 0 
3777 0.235332 0 
3782 0.397177 0 
3783 0.380817 0 
3785 0.395220 0 
3786 0.378541 0 
3787 0.502155 0 
3788 0.485871 0 
3789 0.469561 0 
3790 0.452783 0 
3791 0.459607 0 
3792 0.442807 0 
3793 0.443960 0 
3794 0.456738 0 
3795 0.440434 0 
3796 0.424174 0 
3797 0.407890 0 
3798 0.391687 0 
3799 0.375426 0 
3800 0.409800 0 
3801 0.393570 0 
3802 0.396191 0 
3803 0.379979 0 
3804 0.363751 0 
3805 0.440521 0 
3806 0.424321 0 
3807 0.407980 0 
3808 0.391472 0 
3809 0.441467 0 
3810 0.437742 0 
3812 0.412225 0 
3813 0.401485 0 
3814 0.385284 0 
3815 0.373970 0 
3816 0.357586 0 
3817 0.340111 0 
3818 0.377598 0 
3819 0.361350 0 
3821 0.385144 0 
3822 0.367530 0 
3823 0.351267 0 
3824 0.335191 0 
3826 0.302802 0 
3828 0.381604 0 
3829 0.533803 0 
3830 0.578506 0 
3831 0.585876 0 
3834 0.536644 0 
3835 0.520469 0 
3836 0.540523 0 
3837 0.524890 0 
3838 0.508350 0 
3839 0.492167 0 
3840 0.475896 0 
3841 0.473533 0 
3842 0.457139 0 
3843 0.440919 0 
3844 0.424714 0 
3845 0.451109 0 
3847 0.418931 0 
3849 0.417542 0 
3850 0.401317 0 
3851 0.388607 0 
3852 0.372753 0 
3853 0.363907 0 
3854 0.366827 0 
3855 0.366167 0 
3857 0.333723 0 
3858 0.342652 0 
3859 0.326185 0 
3860 0.309995 0 
3861 0.293747 0 
3862 0.277420 0 
3863 0.268830 0 
3864 0.252551 0 
3865 0.236220 0 
3866 0.272845 0 
3867 0.256612 0 
3868 0.240318 0 
3869 0.265857 0 
3870 0.313050 0 
3871 0.296836 0 
3873 0.308015 0 
3874 0.358665 0 
3875 0.344504 0 
3876 0.328211 0 
3877 0.394969 0 
3878 0.379343 0 
3879 0.362894 0 
3880 0.423489 0 
3881 0.406988 0 
3882 0.390204 0 
3884 0.431778 0 
3886 0.399372 0 
3887 0.395404 0 
3888 0.386802 0 
3889 0.421501 0 
3890 0.481364 0 
3891 0.468163 0 
3892 0.451951 0 
3894 0.419518 0 
3895 0.411007 0 
3896 0.410556 0 
3897 0.394050 0 
3899 0.410500 0 
3901 0.432154 0 
3902 0.415927 0 
3903 0.399774 0 
3905 0.415807 0 
3906 0.399563 0 
3907 0.442104 0 
3909 0.409925 0 
3910 0.393683 0 
3911 0.377182 0 
3912 0.360185 0 
3913 0.343418 0 
3914 0.420582 0 
3915 0.404356 0 
3916 0.403052 0 
3917 0.386788 0 
3918 0.462011 0 
3919 0.443829 0 
3920 0.427928 0 
3921 0.411799 0 
3922 0.395154 0 
3923 0.378513 0 
3924 0.361763 0 
3925 0.345667 0 
3926 0.329303 0 
3928 0.367428 0 
3929 0.384567 0 
3930 0.385936 0 
3931 0.369266 0 
3932 0.397345 0 
3933 0.419753 0 
3934 0.403443 0 
3936 0.371030 0 
3937 0.422109 0 
3938 0.405906 0 
3939 0.389620 0 
3940 0.373450 0 
3941 0.357144 0 
3942 0.340931 0 
3943 0.332977 0 
3944 0.316727 0 
3945 0.399869 0 
3946 0.392934 0 
3947 0.376937 0 
3949 0.442499 0 
3950 0.426824 0 
3951 0.419368 0 
3952 0.403025 0 
3953 0.439646 0 
3954 0.472154 0 
3955 0.455991 0 
3957 0.423430 0 
3958 0.407133 0 
3959 0.390817 0 
3960 0.374582 0 
3962 0.341607 0 
3963 0.371413 0 
3964 0.355164 0 
3965 0.338958 0 
3967 0.348835 0 
3968 0.379601 0 
3969 0.363686 0 
3970 0.347347 0 
3971 0.331070 0 
3972 0.426149 0 
3974 0.388363 0 
3975 0.424324 0 
3976 0.407985 0 
3977 0.391701 0 
3978 0.375460 0 
3979 0.383332 0 
3980 0.367404 0 
3981 0.359396 0 
3982 0.342974 0 
3984 0.330407 0 
3985 0.346703 0 
3986 0.338010 0 
3987 0.322758 0 
3988 0.317597 0 
3989 0.301363 0 
3990 0.285148 0 
3991 0.291632 0 
3992 0.300551 0 
3993 0.283614 0 
3994 0.267130 0 
3995 0.250987 0 
3996 0.277600 0 
3997 0.261335 0 
3998 0.245073 0 
3999 0.233472 0 
4000 0.228325 0 
4001 0.245676 0 
4002 0.229043 0 
4003 0.253460 0 
4004 0.236843 0 
4005 0.220236 0 
4006 0.204034 0 
4007 0.187739 0 
4008 0.179697 0 
4009 0.163668 0 
4011 0.252137 0 
4012 0.236778 0 
4013 0.237403 0 
4014 0.221133 0 
4015 0.204916 0 
4016 0.188275 0 
4017 0.261972 0 
4018 0.245466 0 
4020 0.284270 0 
4021 0.267591 0 
4022 0.251419 0 
4023 0.235303 0 
4025 0.202458 0 
4027 0.170108 0 
4028 0.172745 0 
4029 0.232843 0 
4030 0.218106 0 
4033 0.288992 0 
4034 0.272681 0 
4035 0.308968 0 
4036 0.294799 0 
4037 0.296361 0 
4038 0.280093 0 
4039 0.263852 0 
4040 0.247605 0 
4041 0.231260 0 
4042 0.244814 0 
4043 0.228737 0 
4044 0.244504 0 
4046 0.268615 0 
4048 0.297666 0 
4049 0.281379 0 
4050 0.275160 0 
4051 0.306737 0 
4052 0.290509 0 
4053 0.275987 0 
4054 0.259622 0 
4056 0.262665 0 
4057 0.259641 0 
4058 0.242784 0 
4059 0.251228 0 
4060 0.234965 0 
4061 0.218873 0 
4062 0.202643 0 
4063 0.186587 0 
4064 0.170439 0 
4065 0.239357 0 
4066 0.223099 0 
4067 0.264238 0 
4068 0.248044 0 
4069 0.231353 0 
4070 0.215078 0 
4072 0.239580 0 
4073 0.296884 0 
4074 0.280624 0 
4075 0.264381 0 
4076 0.288197 0 
4077 0.272133 0 
4078 0.282572 0 
4079 0.295048 0 
4080 0.278870 0 
4081 0.270311 0 
4083 0.314185 0 
4085 0.281585 0 
4086 0.307381 0 
4087 0.291120 0 
4088 0.274815 0 
4089 0.257996 0 
4090 0.299786 0 
4091 0.282999 0 
4093 0.248695 0 
4094 0.288121 0 
4095 0.271792 0 
4096 0.255572 0 
4098 0.241379 0 
4100 0.208054 0 
4101 0.243252 0 
4102 0.227016 0 
4104 0.194479 0 
4105 0.206394 0 
4106 0.190197 0 
4108 0.246146 0 
4109 0.243550 0 
4110 0.226992 0 
4111 0.331847 0 
4112 0.315765 0 
4113 0.368724 0 
4114 0.352799 0 
4115 0.389551 0 
4116 0.374358 0 
4117 0.357991 0 
4118 0.374044 0 
4119 0.357676 0 
4120 0.341086 0 
4121 0.324749 0 
4122 0.362239 0 
4123 0.438149 0 
4124 0.421217 0 
4125 0.404964 0 
4127 0.417318 0 
4128 0.404032 0 
4129 0.387870 0 
4130 0.371737 0 
4131 0.355690 0 
4132 0.339539 0 
4133 0.323272 0 
4135 0.306230 0 
4136 0.290090 0 
4137 0.273905 0 
4138 0.257744 0 
4139 0.251785 0 
4140 0.235595 0 
4141 0.247803 0 
4142 0.231741 0 
4143 0.233869 0 
4144 0.292063 0 
4145 0.353147 0 
4146 0.337024 0 
4148 0.326440 0 
4149 0.310292 0 
4150 0.312093 0 
4151 0.331748 0 
4152 0.314917 0 
4153 0.299138 0 
4154 0.283038 0 
4156 0.342431 0 
4157 0.326080 0 
4158 0.370756 0 
4159 0.366988 0 
4161 0.332170 0 
4162 0.315946 0 
4163 0.300307 0 
4164 0.342752 0 
4166 0.385015 0 
4167 0.372225 0 
4168 0.371982 0 
4169 0.355505 0 
4170 0.365395 0 
4171 0.348240 0 
4173 0.314833 0 
4174 0.307843 0 
4175 0.363065 0 
4176 0.353583 0 
4177 0.340662 0 
4178 0.417279 0 
4179 0.413504 0 
4180 0.397284 0 
4181 0.452688 0 
4183 0.418036 0 
4184 0.426515 0 
4185 0.410017 0 
4186 0.393501 0 
4187 0.422409 0 
4188 0.404818 0 
4189 0.388623 0 
4190 0.372637 0 
4191 0.456429 0 
4192 0.439044 0 
4193 0.437909 0 
4194 0.440872 0 
4195 0.424223 0 
4196 0.407957 0 
4197 0.392155 0 
4198 0.375523 0 
4199 0.441940 0 
4200 0.425530 0 
4201 0.409050 0 
4202 0.393074 0 
4203 0.443094 0 
4204 0.427265 0 
4205 0.411113 0 
4206 0.394953 0 
4207 0.378894 0 
4208 0.362001 0 
4210 0.330185 0 
4211 0.491914 0 
4212 0.482398 0 
4213 0.496315 0 
4214 0.573731 0 
4215 0.557439 0 
4216 0.541335 0 
4217 0.677361 0 
4219 0.693268 0 
4220 0.677118 0 
4221 0.660958 0 
4222 0.644807 0 
4224 0.612586 0 
4226 0.623520 0 
4227 0.771850 0 
4228 0.769559 0 
4229 0.753471 0 
4232 0.705147 0 
4233 0.689071 0 
4234 0.683009 0 
4235 0.667002 0 
4236 0.669731 0 
4237 0.653590 0 
4238 0.637472 0 
4239 0.632154 0 
4240 0.616099 0 
4241 0.680475 0 
4242 0.664190 0 
4243 0.656090 0 
4245 0.639868 0 
4247 0.620350 0 
4248 0.604230 0 
4249 0.589365 0 
4250 0.590336 0 
4251 0.585727 0 
4252 0.570500 0 
4253 0.591180 0 
4255 0.558918 0 
4256 0.614058 0 
4257 0.597920 0 
4258 0.664927 0 
4259 0.648804 0 
4260 0.632593 0 
4261 0.631333 0 
4262 0.719811 0 
4263 0.708189 0 
4264 0.691956 0 
4265 0.675786 0 
4266 0.659643 0 
4267 0.668308 0 
4268 0.654643 0 
4269 0.638474 0 
4271 0.664062 0 
4272 0.775740 0 
4273 0.759631 0 
4274 0.743399 0 
4275 0.802938 0 
4276 0.786740 0 
4277 0.770537 0 
4278 0.780396 0 
4279 0.764228 0 
4280 0.768099 0 
4282 0.813225 0 
4284 0.780648 0 
4285 0.763824 0 
4286 0.747918 0 
4287 0.731508 0 
4288 0.749460 0 
4289 0.733069 0 
4290 0.731395 0 
4292 0.696941 0 
4293 0.705853 0 
4294 0.705631 0 
4295 0.688759 0 
4299 0.758872 0 
4300 0.785291 0 
4301 0.769174 0 
4303 0.836782 0 
4304 0.819775 0 
4305 0.825923 0 
4307 0.793259 0 
4308 0.776749 0 
4309 0.760935 0 
4310 0.809184 0 
4311 0.793016 0 
4312 0.889468 0 
4313 0.873359 0 
4314 0.888282 0 
4315 0.872268 0 
4316 0.855931 0 
4317 0.893057 0 
4318 0.876880 0 
4319 0.860645 0 
4320 0.844330 0 
4321 0.915939 0 
4322 0.898651 0 
4323 0.882431 0 
4324 0.889863 0 
4326 0.961522 0 
4327 0.945448 0 
4328 0.929241 0 
4329 0.913012 0 
4330 0.897367 0 
4331 0.946479 0 
4335 0.921793 0 
4336 0.905637 0 
4337 0.889385 0 
4338 0.887914 0 
4339 0.871249 0 
4340 0.855319 0 
4341 0.838982 0 
4342 0.825900 0 
4343 0.807816 0 
4344 0.850411 0 
4345 0.834283 0 
4347 0.841202 0 
4348 0.824986 0 
4349 0.811280 0 
4350 0.807280 0 
4351 0.790509 0 
4352 0.892069 0 
4353 0.874711 0 
4355 0.842484 0 
4356 0.924738 0 
4357 0.908571 0 
4358 0.912497 0 
4360 0.879036 0 
4361 1.010050 0 
4362 1.008089 0 
4363 1.011311 0 
4365 0.978101 0 
4366 0.961845 0 
4367 1.011208 0 
4368 0.995506 0 
4369 0.977865 0 
4370 0.990262 0 
4372 0.958188 0 
4373 0.948998 0 
4374 0.941161 0 
4375 0.926841 0 
4376 0.935805 0 
4377 0.920538 0 
4378 0.959860 0 
4379 0.943767 0 
4380 0.927624 0 
4382 0.928231 0 
4383 0.910501 0 
4384 0.894361 0 
4385 0.886446 0 
4386 0.921500 0 
4387 0.905395 0 
4388 0.889152 0 
4389 0.974579 0 
4390 0.958386 0 
4391 0.942316 0 
4392 0.957032 0 
4393 0.963157 0 
4394 0.946989 0 
4395 0.941785 0 
4396 0.925570 0 
4397 0.909391 0 
4398 0.968347 0 
4399 0.952331 0 
4400 0.936122 0 
4401 0.962430 0 
4402 0.946342 0 
4403 0.930237 0 
4404 0.914040 0 
4405 0.925593 0 
4406 0.911842 0 
4407 0.908197 0 
4409 0.875715 0 
4410 0.865929 0 
4411 0.860322 0 
4412 0.843819 0 
4413 0.828023 0 
4414 0.891749 0 
4415 0.874826 0 
4416 0.858716 0 
4418 0.855583 0 
4419 0.837801 0 
4420 0.823102 0 
4421 0.807122 0 
4423 0.774951 0 
4425 0.761678 0 
4426 0.768987 0 
4427 0.810780 0 
4428 0.803967 0 
4431 0.751533 0 
4432 0.808209 0 
4433 0.792172 0 
4434 0.775956 0 
4435 0.759832 0 
4436 0.774273 0 
4437 0.758275 0 
4438 0.797137 0 
4439 0.780496 0 
4440 0.765075 0 
4441 0.765103 0 
4442 0.749101 0 
4444 0.749345 0 
4446 0.717221 0 
4447 0.731173 0 
4448 0.714932 0 
4449 0.698752 0 
4450 0.707377 0 
4451 0.691231 0 
4452 0.675040 0 
4454 0.642631 0 
4455 0.628542 0 
4456 0.612351 0 
4457 0.636975 0 
4458 0.620945 0 
4459 0.604478 0 
4460 0.588341 0 
4461 0.572232 0 
4462 0.556175 0 
4463 0.540011 0 
4464 0.523872 0 
4465 0.602282 0 
4466 0.586215 0 
4467 0.570066 0 
4468 0.599477 0 
4470 0.566722 0 
4471 0.564681 0 
4472 0.551367 0 
4473 0.727134 0 
4474 0.711164 0 
4475 0.694094 0 
4476 0.728467 0 
4477 0.712305 0 
4478 0.696347 0 
4479 0.680081 0 
4481 0.702103 0 
4483 0.731879 0 
4484 0.715705 0 
4485 0.699504 0 
4486 0.738736 0 
4487 0.722537 0 
4488 0.706160 0 
4489 0.709552 0 
4491 0.677311 0 
4492 0.661046 0 
4493 0.649678 0 
4494 0.633365 0 
4496 0.662850 0 
4498 0.671838 0 
4499 0.655523 0 
4500 0.639381 0 
4502 0.667279 0 
4503 0.651124 0 
4504 0.686794 0 
4506 0.651749 0 
4507 0.635561 0 
4508 0.629755 0 
4509 0.613667 0 
4510 0.597523 0 
4511 0.682774 0 
4512 0.666142 0 
4513 0.671152 0 
4514 0.655047 0 
4515 0.638839 0 
4516 0.680473 0 
4517 0.669425 0 
4518 0.653296 0 
4519 0.639159 0 
4520 0.642030 0 
4521 0.688909 0 
4522 0.671811 0 
4523 0.670331 0 
4525 0.638123 0 
4526 0.618726 0 
4527 0.602542 0 
4528 0.669211 0 
4529 0.653042 0 
4530 0.679710 0 
4531 0.662749 0 
4533 0.630094 0 
4534 0.756698 0 
4535 0.740493 0 
4536 0.724251 0 
4537 0.793169 0 
4538 0.776949 0 
4539 0.858025 0 
4540 0.843264 0 
4541 0.857888 0 
4542 0.841522 0 
4543 0.834203 0 
4544 0.817325 0 
4546 0.781991 0 
4547 0.781193 0 
4548 0.764652 0 
4549 0.769750 0 
4550 0.752585 0 
4551 0.768631 0 
4552 0.751936 0 
4554 0.718137 0 
4555 0.701343 0 
4556 0.684771 0 
4557 0.706665 0 
4559 0.673450 0 
4560 0.657547 0 
4561 0.640803 0 
4562 0.625275 0 
4564 0.613315 0 
4565 0.598062 0 
4566 0.577861 0 
4567 0.561768 0 
4568 0.598727 0 
4569 0.582668 0 
4571 0.550490 0 
4572 0.560217 0 
4573 0.557727 0 
4574 0.541524 0 
4575 0.525160 0 
4576 0.508891 0 
4577 0.522328 0 
4578 0.505271 0 
4579 0.488988 0 
4581 0.457014 0 
4582 0.441914 0 
4583 0.425501 0 
4584 0.407148 0 
4585 0.455406 0 
4586 0.438686 0 
4587 0.422644 0 
4588 0.406147 0 
4589 0.389699 0 
4590 0.372231 0 
4591 0.375956 0 
4592 0.358610 0 
4593 0.340166 0 
4594 0.336198 0 
4595 0.319542 0 
4596 0.303715 0 
4597 0.304093 0 
4598 0.286793 0 
4599 0.271650 0 
4600 0.296831 0 
4601 0.281489 0 
4602 0.265350 0 
4603 0.249235 0 
4604 0.352714 0 
4605 0.336520 0 
4606 0.320402 0 
4608 0.364812 0 
4609 0.398938 0 
4610 0.382825 0 
4611 0.366673 0 
4612 0.350486 0 
4613 0.345481 0 
4614 0.329301 0 
4615 0.312709 0 
4617 0.300277 0 
4618 0.348686 0 
4619 0.331610 0 
4620 0.316030 0 
4622 0.283491 0 
4624 0.307028 0 
4625 0.400661 0 
4626 0.471189 0 
4627 0.455101 0 
4630 0.476699 0 
4631 0.472489 0 
4632 0.456403 0 
4633 0.440266 0 
4634 0.423988 0 
4635 0.464357 0 
4636 0.448660 0 
4637 0.497723 0 
4638 0.500743 0 
4639 0.484707 0 
4640 0.468792 0 
4641 0.452821 0 
4643 0.420799 0 
4645 0.456505 0 
4646 0.440245 0 
4647 0.423771 0 
4648 0.458643 0 
4649 0.444293 0 
4650 0.427981 0 
4651 0.428729 0 
4653 0.396049 0 
4654 0.427287 0 
4655 0.435748 0 
4656 0.419377 0 
4657 0.456394 0 
4658 0.440157 0 
4659 0.423857 0 
4660 0.490174 0 
4661 0.542683 0 
4662 0.526000 0 
4663 0.693748 0 
4664 0.677296 0 
4665 0.661075 0 
4666 0.646796 0 
4667 0.643449 0 
4669 0.660904 0 
4670 0.644432 0 
4671 0.729835 0 
4672 0.725686 0 
4673 0.723148 0 
4674 0.706840 0 
4675 0.690568 0 
4676 0.674323 0 
4677 0.729347 0 
4678 0.713420 0 
4680 0.754449 0 
4682 0.722140 0 
4683 0.705186 0 
4684 0.729862 0 
4685 0.719629 0 
4686 0.710253 0 
4687 0.733992 0 
4688 0.717239 0 
4690 0.685180 0 
4691 0.669062 0 
4692 0.652725 0 
4693 0.682994 0 
4695 0.649510 0 
4697 0.617367 0 
4698 0.601241 0 
4699 0.585426 0 
4701 0.579779 0 
4702 0.656780 0 
4703 0.639992 0 
4705 0.607919 0 
4706 0.664104 0 
4708 0.725229 0 
4709 0.716403 0 
4713 0.650908 0 
4714 0.746351 0 
4715 0.779678 0 
4716 0.763417 0 
4717 0.747208 0 
4718 0.731214 0 
4719 0.714913 0 
4720 0.711681 0 
4721 0.738272 0 
4722 0.721414 0 
4724 0.687559 0 
4725 0.670807 0 
4727 0.811794 0 
4728 0.841568 0 
4729 0.833987 0 
4730 0.912687 0 
4732 0.878902 0 
4733 0.863047 0 
4734 0.846765 0 
4735 0.837720 0 
4736 0.821484 0 
4737 0.836797 0 
4738 0.820530 0 
4739 0.819002 0 
4740 0.849168 0 
4741 0.835074 0 
4742 0.818895 0 
4743 0.863324 0 
4745 0.830672 0 
4746 0.817444 0 
4747 0.812144 0 
4748 0.849825 0 
4749 0.833516 0 
4750 0.817306 0 
4751 0.800181 0 
4753 0.851274 0 
4754 0.834826 0 
4755 0.879283 0 
4756 0.863102 0 
4758 0.830726 0 
4759 0.814454 0 
4760 0.798331 0 
4761 0.782424 0 
4763 0.749342 0 
4764 0.748225 0 
4765 0.730677 0 
4766 0.819893 0 
4767 0.803633 0 
4768 0.787183 0 
4770 0.790510 0 
4771 0.774278 0 
4772 0.777301 0 
4773 0.761434 0 
4774 0.802423 0 
4775 0.786183 0 
4776 0.959895 0 
4777 0.943738 0 
4778 0.927501 0 
4780 0.894461 0 
4781 0.881721 0 
4782 0.865127 0 
4783 0.885092 0 
4784 0.868394 0 
4785 0.857535 0 
4786 0.841238 0 
4787 0.901489 0 
4788 0.885334 0 
4789 0.912431 0 
4790 0.895557 0 
4791 0.879918 0 
4792 0.944986 0 
4793 0.928679 0 
4794 0.912915 0 
4795 0.926949 0 
4796 0.925793 0 
4797 0.920965 0 
4798 0.904479 0 
4799 0.887821 0 
4800 0.870538 0 
4801 0.869972 0 
4802 0.853734 0 
4803 0.840042 0 
4804 0.847093 0 
4805 0.830427 0 
4807 0.797561 0 
4808 0.792006 0 
4809 0.775746 0 
4810 0.812495 0 
4811 0.796270 0 
4812 0.779199 0 
4813 0.819380 0 
4814 0.803124 0 
4816 0.770049 0 
4817 0.753911 0 
4818 0.737559 0 
4819 0.721487 0 
4821 0.729013 0 
4823 0.696432 0 
4824 0.698484 0 
4825 0.902524 0 
4826 0.886300 0 
4829 0.837607 0 
4830 0.821291 0 
4831 0.804993 0 
4832 0.788698 0 
4833 0.809360 0 
4834 0.793118 0 
4835 0.787397 0 
4836 0.771087 0 
4837 0.754689 0 
4838 0.784485 0 
4839 0.768298 0 
4840 0.751067 0 
4842 0.718073 0 
4844 0.778616 0 
4845 0.762466 0 
4846 0.745806 0 
4847 0.798619 0 
4848 0.782527 0 
4849 0.782541 0 
4850 0.766298 0 
4852 0.754481 0 
4853 0.797452 0 
4854 0.780455 0 
4855 0.795990 0 
4856 0.967159 0 
4857 0.950955 0 
4858 0.953050 0 
4859 0.969611 0 
4860 0.953370 0 
4861 0.954003 0 
4862 0.997653 0 
4863 0.981655 0 
4864 0.965382 0 
4865 1.006920 0 
4866 0.990713 0 
4868 1.003432 0 
4869 1.028396 0 
4870 1.015306 0 
4871 0.998871 0 
4872 0.985924 0 
4873 1.044202 0 
4874 1.028010 0 
4875 1.011430 0 
4876 0.995239 0 
4877 1.036877 0 
4879 1.042258 0 
4881 1.007378 0 
4882 0.988765 0 
4883 0.972076 0 
4884 1.033349 0 
4885 1.016943 0 
4886 1.079618 0 
4887 1.063374 0 
4889 1.125964 0 
4890 1.111230 0 
4891 1.094411 0 
4892 1.089649 0 
4894 1.073150 0 
4896 1.039911 0 
4897 1.041796 0 
4898 1.025486 0 
4900 1.100265 0 
4907 1.167839 0 
4908 1.153638 0 
4909 1.164125 0 
4910 1.147779 0 
4911 1.190092 0 
4912 1.182879 0 
4913 1.166605 0 
4914 1.201233 0 
4915 1.185098 0 
4916 1.168790 0 
4917 1.152508 0 
4918 1.136169 0 
4919 1.290259 0 
4920 1.273975 0 
4921 1.309545 0 
4923 1.276925 0 
4924 1.263515 0 
4925 1.262856 0 
4926 1.246586 0 
4927 1.230288 0 
4928 1.242075 0 
4929 1.276355 0 
4931 1.246298 0 
4932 1.237833 0 
4933 1.245767 0 
4934 1.229110 0 
4935 1.213309 0 
4936 1.241740 0 
4937 1.225321 0 
4938 1.208992 0 
4939 1.239158 0 
4940 1.246052 0 
4941 1.229881 0 
4942 1.213410 0 
4944 1.180511 0 
4945 1.303093 0 
4946 1.286731 0 
4947 1.307815 0 
4948 1.388492 0 
4949 1.372195 0 
4950 1.355514 0 
4952 1.323451 0 
4953 1.376553 0 
4954 1.360806 0 
4955 1.360837 0 
4957 1.328127 0 
4958 1.417339 0 
4959 1.401200 0 
4960 1.476608 0 
4962 1.450750 0 
4963 1.479411 0 
4964 1.463123 0 
4965 1.446861 0 
4966 1.430354 0 
4967 1.413889 0 
4969 1.381046 0 
4970 1.364658 0 
4971 1.463525 0 
4972 1.447075 0 
4973 1.430887 0 
4974 1.414511 0 
4975 1.544823 0 
4976 1.531515 0 
4977 1.524324 0 
4979 1.491659 0 
4980 1.475414 0 
4981 1.500974 0 
4982 1.485141 0 
4983 1.468948 0 
4984 1.540779 0 
4985 1.524546 0 
4986 1.508309 0 
4987 1.574999 0 
4988 1.565778 0 
4989 1.549552 0 
4990 1.572932 0 
4991 1.556686 0 
4992 1.540560 0 
4993 1.553409 0 
4994 1.565368 0 
4995 1.549229 0 
4996 1.598876 0 
4997 1.582690 0 
4998 1.566458 0 
4999 1.550296 0 
5000 1.534063 0 
5001 1.687799 0 
5002 1.671433 0 
5003 1.654882 0 
5004 1.718122 0 
5006 1.685847 0 
5007 1.735681 0 
5008 1.719653 0 
5009 1.722669 0 
5010 1.730364 0 
5011 1.713804 0 
5012 1.706922 0 
5013 1.690106 0 
5015 1.664006 0 
5016 1.687686 0 
5017 1.671529 0 
5018 1.655356 0 
5020 1.622851 0 
5022 1.629606 0 
5023 1.637531 0 
5024 1.641788 0 
5025 1.625449 0 
5029 1.668628 0 
5030 1.687327 0 
5031 1.671374 0 
5032 1.657696 0 
5033 1.641073 0 
5034 1.625018 0 
5035 1.643178 0 
5036 1.626886 0 
5037 1.631111 0 
5038 1.635529 0 
5039 1.619509 0 
5041 1.587382 0 
5043 1.589453 0 
5044 1.573761 0 
5045 1.557267 0 
5046 1.541252 0 
5047 1.562765 0 
5048 1.546896 0 
5049 1.530610 0 
5051 1.498069 0 
5052 1.571754 0 
5053 1.555509 0 
5054 1.539242 0 
5055 1.560890 0 
5056 1.579175 0 
5057 1.563034 0 
5058 1.546733 0 
5059 1.530465 0 
5060 1.514148 0 
5061 1.523181 0 
5062 1.506442 0 
5063 1.494925 0 
5064 1.509949 0 
5065 1.493705 0 
5067 1.551120 0 
5068 1.610279 0 
5069 1.594018 0 
5070 1.577702 0 
5071 1.630888 0 
5072 1.614281 0 
5073 1.598271 0 
5074 1.582942 0 
5075 1.596902 0 
5076 1.580557 0 
5078 1.595444 0 
5080 1.660844 0 
5081 1.644617 0 
5082 1.628360 0 
5083 1.617607 0 
5084 1.601567 0 
5085 1.585397 0 
5086 1.607021 0 
5088 1.702432 0 
5089 1.766251 0 
5090 1.750020 0 
5091 1.733515 0 
5093 1.701047 0 
5095 1.755322 0 
5096 1.739277 0 
5097 1.731063 0 
5099 1.698638 0 
5100 1.733200 0 
5101 1.716615 0 
5103 1.710648 0 
5104 1.694466 0 
5105 1.678136 0 
5106 1.661522 0 
5107 1.645688 0 
5108 1.628996 0 
5109 1.746263 0 
5110 1.730409 0 
5111 1.722131 0 
5112 1.705858 0 
5113 1.735075 0 
5114 1.719127 0 
5115 1.702955 0 
5116 1.694094 0 
5117 1.677773 0 
5118 1.739199 0 
5119 1.722570 0 
5120 1.719177 0 
5122 1.694582 0 
5123 1.678343 0 
5124 1.709813 0 
5125 1.693514 0 
5126 1.716858 0 
5127 1.700554 0 
5128 1.693822 0 
5130 1.707184 0 
5131 1.690902 0 
5132 1.690816 0 
5133 1.674497 0 
5134 1.658355 0 
5135 1.741096 0 
5136 1.724919 0 
5137 1.708605 0 
5138 1.699198 0 
5139 1.682974 0 
5140 1.666847 0 
5141 1.681012 0 
5143 1.648465 0 
5144 1.800088 0 
5145 1.783886 0 
5146 1.783499 0 
5147 1.767019 0 
5148 1.750678 0 
5149 1.743413 0 
5151 1.710200 0 
5152 1.758047 0 
5153 1.741727 0 
5154 1.841858 0 
5156 1.809523 0 
5157 1.825103 0 
5158 1.808765 0 
5159 1.792465 0 
5161 1.775588 0 
5162 1.767853 0 
5163 1.763312 0 
5164 1.747069 0 
5165 1.772901 0 
5166 1.757281 0 
5168 1.724104 0 
5169 1.906009 0 
5170 1.981659 0 
5171 1.965415 0 
5172 1.949250 0 
5173 1.945780 0 
5174 1.928854 0 
5175 1.912517 0 
5176 1.929482 0 
5178 1.969486 0 
5179 1.968902 0 
5180 1.952623 0 
5181 1.936419 0 
5182 1.920153 0 
5183 1.905321 0 
5184 1.948694 0 
5185 1.932473 0 
5186 1.924000 0 
5187 1.996101 0 
5188 1.979867 0 
5189 1.963558 0 
5190 2.074359 0 
5191 2.058076 0 
5192 2.041823 0 
5193 2.098665 0 
5194 2.082702 0 
5195 2.066437 0 
5196 2.132610 0 
5197 2.116445 0 
5198 2.099699 0 
5199 2.123963 0 
5200 2.107712 0 
5201 2.091421 0 
5202 2.168555 0 
5203 2.151963 0 
5205 2.125776 0 
5206 2.196557 0 
5207 2.180048 0 
5208 2.163653 0 
5209 2.147447 0 
5210 2.131254 0 
5211 2.140274 0 
5212 2.124011 0 
5214 2.114211 0 
5215 2.097920 0 
5216 2.081444 0 
5217 2.065559 0 
5219 2.032918 0 
5221 2.058936 0 
5222 2.098575 0 
5223 2.156236 0 
5224 2.139970 0 
5227 2.146864 0 
5228 2.131624 0 
5229 2.122993 0 
5230 2.168884 0 
5231 2.152564 0 
5232 2.136190 0 
5233 2.127998 0 
5234 2.121153 0 
5235 2.142458 0 
5236 2.126174 0 
5237 2.109485 0 
5238 2.093619 0 
5240 2.115232 0 
5242 2.133647 0 
5243 2.171231 0 
5244 2.155042 0 
5245 2.138762 0 
5246 2.126198 0 
5247 2.130243 0 
5248 2.114012 0 
5250 2.187153 0 
5251 2.170653 0 
5252 2.197476 0 
5253 2.181067 0 
5254 2.164857 0 
5255 2.148511 0 
5256 2.180342 0 
5257 2.163462 0 
5258 2.147339 0 
5259 2.170708 0 
5260 2.154180 0 
5261 2.225328 0 
5262 2.208677 0 
5263 2.192737 0 
5264 2.176422 0 
5266 2.171587 0 
5267 2.184398 0 
5268 2.166768 0 
5269 2.190485 0 
5270 2.174310 0 
5271 2.157645 0 
5272 2.221601 0 
5273 2.205336 0 
5274 2.195777 0 
5275 2.213734 0 
5277 2.199740 0 
5279 2.167784 0 
5280 2.151562 0 
5281 2.162198 0 
5282 2.146677 0 
5283 2.130145 0 
5284 2.113849 0 
5285 2.097522 0 
5287 2.110385 0 
5288 2.094186 0 
5289 2.077876 0 
5290 2.121423 0 
5292 2.183039 0 
5294 2.150435 0 
5295 2.133906 0 
5296 2.161661 0 
5298 2.152664 0 
5299 2.141337 0 
5300 2.186910 0 
5302 2.153959 0 
5303 2.140362 0 
5304 2.126064 0 
5305 2.120294 0 
5306 2.104137 0 
5307 2.223783 0 
5308 2.206733 0 
5309 2.306776 0 
5310 2.290533 0 
5311 2.274278 0 
5312 2.258040 0 
5313 2.248654 0 
5314 2.232409 0 
5315 2.216213 0 
5316 2.252838 0 
5317 2.236535 0 
5318 2.220216 0 
5319 2.217747 0 
5321 2.185145 0 
5322 2.167548 0 
5323 2.286387 0 
5324 2.269888 0 
5325 2.273081 0 
5326 2.278640 0 
5327 2.262150 0 
5329 2.284276 0 
5330 2.268429 0 
5331 2.252311 0 
5332 2.246442 0 
5333 2.230440 0 
5334 2.214121 0 
5335 2.266377 0 
5336 2.249890 0 
5337 2.233302 0 
5338 2.250308 0 
5339 2.241920 0 
5340 2.237504 0 
5342 2.207186 0 
5343 2.273394 0 
5344 2.257148 0 
5345 2.442843 0 
5346 2.426676 0 
5347 2.410455 0 
5348 2.538310 0 
5350 2.505771 0 
5351 2.489474 0 
5352 2.473417 0 
5353 2.469828 0 
5355 2.582168 0 
5356 2.565918 0 
5357 2.549669 0 
5358 2.543631 0 
5360 2.602812 0 
5361 2.610386 0 
5362 2.594205 0 
5363 2.650458 0 
5364 2.634238 0 
5365 2.617649 0 
5367 2.585194 0 
5368 2.598278 0 
5369 2.581931 0 
5370 2.565289 0 
5371 2.607180 0 
5372 2.590875 0 
5373 2.574546 0 
5374 2.558320 0 
5375 2.541121 0 
5377 2.522042 0 
5378 2.504372 0 
5379 2.489366 0 
5380 2.473090 0 
5381 2.607564 0 
5382 2.592559 0 
5383 2.576286 0 
5384 2.560027 0 
5385 2.543791 0 
5386 2.763473 0 
5387 2.746933 0 
5388 2.730630 0 
5389 2.714279 0 
5390 2.698089 0 
5391 2.681812 0 
5392 2.731338 0 
5393 2.715064 0 
5394 2.698797 0 
5395 2.682584 0 
5396 2.666406 0 
5397 2.650207 0 
5398 2.678230 0 
5399 2.662005 0 
5400 2.645787 0 
5401 2.674924 0 
5402 2.659139 0 
5404 2.633316 0 
5405 2.616846 0 
5406 2.651496 0 
5407 2.641772 0 
5408 2.625309 0 
5409 2.631265 0 
5410 2.614884 0 
5411 2.598738 0 
5413 2.595572 0 
5414 2.579247 0 
5415 2.563029 0 
5416 2.546968 0 
5418 2.514557 0 
5420 2.514167 0 
5421 2.537563 0 
5422 2.610123 0 
5423 2.611658 0 
5426 2.562189 0 
5427 2.571498 0 
5428 2.557032 0 
5429 2.540804 0 
5430 2.547779 0 
5431 2.531476 0 
5432 2.515186 0 
5433 2.540005 0 
5434 2.524484 0 
5435 2.571862 0 
5436 2.556354 0 
5437 2.550970 0 
5439 2.535365 0 
5441 2.507647 0 
5442 2.502481 0 
5443 2.492809 0 
5444 2.476560 0 
5445 2.460369 0 
5446 2.473675 0 
5447 2.457353 0 
5449 2.427746 0 
5450 2.449803 0 
5451 2.433343 0 
5452 2.417325 0 
5453 2.401112 0 
5454 2.406265 0 
5455 2.402009 0 
5456 2.385507 0 
5457 2.384859 0 
5458 2.368218 0 
5459 2.351304 0 
5460 2.361310 0 
5461 2.345129 0 
5462 2.329026 0 
5463 2.348733 0 
5465 2.315310 0 
5466 2.341341 0 
5467 2.358575 0 
5468 2.342233 0 
5469 2.376676 0 
5470 2.360455 0 
5471 2.344516 0 
5472 2.327856 0 
5473 2.358361 0 
5474 2.342458 0 
5476 2.422204 0 
5478 2.389766 0 
5479 2.453955 0 
5480 2.437797 0 
5481 2.421602 0 
5482 2.405360 0 
5483 2.389462 0 
5484 2.373250 0 
5486 2.445387 0 
5487 2.429162 0 
5488 2.412712 0 
5489 2.396615 0 
5491 2.363770 0 
5493 2.331033 0 
5494 2.344459 0 
5495 2.328254 0 
5497 2.295673 0 
5498 2.288904 0 
5499 2.329022 0 
5501 2.296441 0 
5502 2.281330 0 
5503 2.264998 0 
5504 2.338858 0 
5505 2.322676 0 
5506 2.324581 0 
5507 2.308295 0 
5508 2.291513 0 
5509 2.306182 0 
5510 2.290012 0 
5511 2.278352 0 
5512 2.295794 0 
5513 2.279552 0 
5514 2.263279 0 
5515 2.303644 0 
5516 2.287735 0 
5517 2.327446 0 
5518 2.311543 0 
5520 2.383796 0 
5521 2.367618 0 
5522 2.350886 0 
5523 2.419966 0 
5524 2.405454 0 
5525 2.421871 0 
5526 2.405193 0 
5528 2.372279 0 
5529 2.373120 0 
5530 2.356472 0 
5531 2.339467 0 
5532 2.527858 0 
5533 2.513420 0 
5534 2.504891 0 
5535 2.505067 0 
5536 2.488819 0 
5537 2.472627 0 
5538 2.456371 0 
5539 2.439077 0 
5541 2.542493 0 
5542 2.526243 0 
5543 2.577677 0 
5544 2.561432 0 
5545 2.621639 0 
5546 2.605318 0 
5547 2.589169 0 
5549 2.556626 0 
5550 2.540264 0 
5551 2.562534 0 
5552 2.565134 0 
5554 2.532514 0 
5555 2.516078 0 
5556 2.499796 0 
5557 2.482812 0 
5559 2.450655 0 
5560 2.492871 0 
5561 2.476671 0 
5562 2.517524 0 
5563 2.524189 0 
5564 2.507863 0 
5566 2.496238 0 
5567 2.479958 0 
5568 2.463574 0 
5569 2.493626 0 
5570 2.477385 0 
5571 2.491324 0 
5572 2.475075 0 
5573 2.458843 0 
5574 2.451644 0 
5576 2.462658 0 
5577 2.445395 0 
5578 2.428997 0 
5579 2.412705 0 
5580 2.399703 0 
5581 2.383139 0 
5582 2.387140 0 
5583 2.370426 0 
5584 2.356992 0 
5585 2.371619 0 
5586 2.355413 0 
5587 2.339345 0 
5588 2.323042 0 
5589 2.306871 0 
5590 2.294144 0 
5591 2.277278 0 
5592 2.301196 0 
5593 2.284956 0 
5594 2.307626 0 
5595 2.291445 0 
5596 2.275191 0 
5597 2.257418 0 
5598 2.280882 0 
5599 2.264750 0 
5600 2.247139 0 
5601 2.349058 0 
5603 2.316593 0 
5604 2.332988 0 
5605 2.316496 0 
5606 2.301130 0 
5607 2.320587 0 
5608 2.303769 0 
5609 2.289626 0 
5610 2.350459 0 
5612 2.363280 0 
5613 2.354458 0 
5614 2.338416 0 
5615 2.321643 0 
5617 2.289561 0 
5619 2.426475 0 
5620 2.473911 0 
5621 2.466274 0 
5622 2.450113 0 
5625 2.451583 0 
5626 2.435362 0 
5627 2.419106 0 
5628 2.447205 0 
5629 2.430994 0 
5630 2.414752 0 
5631 2.530229 0 
5632 2.513928 0 
5633 2.514761 0 
5634 2.497547 0 
5635 2.481180 0 
5636 2.529464 0 
5638 2.496481 0 
5640 2.478092 0 
5641 2.482298 0 
5642 2.504318 0 
5643 2.487625 0 
5644 2.471522 0 
5645 2.455409 0 
5646 2.448659 0 
5648 2.423403 0 
5649 2.466905 0 
5650 2.450553 0 
5651 2.456946 0 
5652 2.440740 0 
5653 2.424548 0 
5654 2.408144 0 
5655 2.403324 0 
5656 2.386364 0 
5657 2.400311 0 
5658 2.383998 0 
5659 2.437665 0 
5660 2.443859 0 
5661 2.427569 0 
5662 2.411346 0 
5664 2.524994 0 
5665 2.514579 0 
5666 2.511875 0 
5667 2.512685 0 
5668 2.496326 0 
5669 2.513956 0 
5670 2.497588 0 
5671 2.481374 0 
5672 2.490693 0 
5673 2.472265 0 
5675 2.560455 0 
5677 2.530327 0 
5678 2.516162 0 
5679 2.512380 0 
5680 2.495997 0 
5681 2.479865 0 
5682 2.499125 0 
5683 2.527443 0 
5685 2.494761 0 
5686 2.478585 0 
5687 2.462319 0 
5688 2.446172 0 
5690 2.436108 0 
5692 2.420415 0 
5693 2.404316 0 
5694 2.388228 0 
5696 2.378771 0 
5697 2.362390 0 
5698 2.346148 0 
5700 2.312694 0 
5701 2.304186 0 
5702 2.286446 0 
5703 2.276006 0 
5704 2.259606 0 
5705 2.269372 0 
5706 2.253047 0 
5707 2.556441 0 
5708 2.540242 0 
5709 2.524023 0 
5710 2.507100 0 
5711 2.490785 0 
5712 2.474601 0 
5713 2.485132 0 
5714 2.468852 0 
5715 2.476116 0 
5716 2.460625 0 
5717 2.444369 0 
5719 2.560584 0 
5720 2.543772 0 
5721 2.547978 0 
5722 2.621203 0 
5723 2.618761 0 
5724 2.602507 0 
5725 2.586246 0 
5727 2.553776 0 
5728 2.537514 0 
5729 2.521197 0 
5730 2.582552 0 
5731 2.566329 0 
5732 2.561152 0 
5733 2.544847 0 
5734 2.528714 0 
5735 2.526274 0 
5736 2.510032 0 
5737 2.566006 0 
5738 2.577215 0 
5740 2.552357 0 
5741 2.536021 0 
5742 2.519127 0 
5743 2.543557 0 
5744 2.527354 0 
5745 2.519505 0 
5746 2.503265 0 
5748 2.470908 0 
5749 2.487237 0 
5750 2.470496 0 
5751 2.597486 0 
5753 2.565045 0 
5754 2.623024 0 
5755 2.606829 0 
5756 2.590145 0 
5758 2.603808 0 
5759 2.587958 0 
5760 2.596547 0 
5761 2.599234 0 
5762 2.582844 0 
5763 2.566511 0 
5765 2.561337 0 
5766 2.626181 0 
5767 2.610982 0 
5768 2.593887 0 
5769 2.577553 0 
5770 2.561414 0 
5771 2.693964 0 
5772 2.677330 0 
5773 2.678360 0 
5775 2.645989 0 
5776 2.628890 0 
5777 2.694951 0 
5778 2.678964 0 
5779 2.670829 0 
5780 2.655142 0 
5781 2.639009 0 
5782 2.623313 0 
5783 2.688171 0 
5784 2.671815 0 
5785 2.751789 0 
5786 2.735536 0 
5787 2.719236 0 
5788 2.788310 0 
5789 2.771593 0 
5790 2.754672 0 
5791 2.738586 0 
5792 2.727649 0 
5793 2.711407 0 
5794 2.735007 0 
5795 2.719201 0 
5796 2.701912 0 
5797 2.685551 0 
5798 2.669235 0 
5799 2.652470 0 
5800 2.635903 0 
5802 2.667189 0 
5803 2.651061 0 
5804 2.717807 0 
5805 2.701280 0 
5806 2.684834 0 
5807 2.788580 0 
5808 2.772197 0 
5809 2.756157 0 
5811 2.764333 0 
5812 2.748061 0 
5813 2.731881 0 
5814 2.715832 0 
5816 2.682544 0 
5818 2.719876 0 
5819 2.736881 0 
5820 2.792665 0 
5821 2.805763 0 
5824 2.761409 0 
5825 2.801270 0 
5826 2.784994 0 
5827 2.768361 0 
5828 2.836981 0 
5829 2.840162 0 
5830 2.823931 0 
5831 2.862469 0 
5832 2.854277 0 
5833 2.838041 0 
5834 2.834054 0 
5835 2.817797 0 
5837 2.790892 0 
5839 2.769311 0 
5840 2.769383 0 
5841 2.753140 0 
5842 2.736871 0 
5843 2.763340 0 
5844 2.746436 0 
5845 2.738538 0 
5847 2.825242 0 
5848 2.808686 0 
5849 2.867049 0 
5850 2.850446 0 
5851 2.834353 0 
5852 2.952243 0 
5853 2.934859 0 
5854 2.940251 0 
5855 3.043246 0 
5856 3.026895 0 
5857 3.010620 0 
5858 2.998258 0 
5859 2.981947 0 
5860 2.984599 0 
5861 3.084132 0 
5863 3.081858 0 
5864 3.165662 0 
5865 3.149371 0 
5866 3.167215 0 
5867 3.151043 0 
5868 3.142051 0 
5869 3.125802 0 
5870 3.121380 0 
5871 3.105118 0 
5872 3.088642 0 
5874 3.089645 0 
5876 3.092705 0 
5877 3.086071 0 
5878 3.069439 0 
5879 3.053130 0 
5880 3.036401 0 
5881 3.035753 0 
5882 3.018653 0 
5884 3.019161 0 
5885 3.001875 0 
5886 2.986003 0 
5887 2.969875 0 
5889 2.936739 0 
5891 2.917345 0 
5892 2.901379 0 
5893 2.905731 0 
5895 2.903727 0 
5896 2.905291 0 
5897 2.888471 0 
5899 2.855747 0 
5900 2.910640 0 
5901 2.894923 0 
5902 2.878549 0 
5903 2.861766 0 
5904 2.845556 0 
5905 2.901194 0 
5906 2.884881 0 
5907 2.881813 0 
5908 2.865643 0 
5909 2.849359 0 
5910 2.862419 0 
5911 2.846050 0 
5912 2.834085 0 
5913 2.844525 0 
5914 2.840395 0 
5915 2.824118 0 
5916 2.807796 0 
5918 2.827286 0 
5919 2.810740 0 
5920 2.793810 0 
5921 2.777049 0 
5922 2.765272 0 
5923 2.772567 0 
5924 2.756290 0 
5926 2.723804 0 
5927 2.788161 0 
5928 2.771158 0 
5929 2.776890 0 
5930 2.760573 0 
5931 2.744078 0 
5932 2.726981 0 
5933 2.782405 0 
5934 2.766492 0 
5935 2.750218 0 
5936 2.733972 0 
5937 2.757510 0 
5939 2.725108 0 
5940 2.708796 0 
5941 2.719451 0 
5942 2.702986 0 
5943 2.686676 0 
5944 2.670420 0 
5945 2.653826 0 
5947 2.751890 0 
5948 2.735574 0 
5949 2.719389 0 
5950 2.729855 0 
5952 2.697465 0 
5953 2.700451 0 
5954 2.683646 0 
5955 2.667111 0 
5957 2.646376 0 
5958 2.627264 0 
5959 2.650328 0 
5960 2.634133 0 
5961 2.617964 0 
5962 2.684194 0 
5964 2.673668 0 
5965 2.675818 0 
5966 2.659775 0 
5967 2.643151 0 
5968 2.626888 0 
5969 2.609042 0 
5970 2.630812 0 
5971 2.614574 0 
5972 2.598164 0 
5974 2.565587 0 
5975 2.549310 0 
5976 2.533001 0 
5977 2.524393 0 
5978 2.508047 0 
5979 2.542894 0 
5980 2.526632 0 
5981 2.528255 0 
5982 2.550130 0 
5983 2.533514 0 
5984 2.517598 0 
5985 2.556962 0 
5986 2.540740 0 
5987 2.524111 0 
5988 2.558781 0 
5989 2.542161 0 
5990 2.526202 0 
5991 2.585098 0 
5992 2.569497 0 
5993 2.553127 0 
5994 2.625814 0 
5995 2.609385 0 
5996 2.592986 0 
5997 2.576445 0 
5998 2.564838 0 
5999 2.548558 0 
6001 2.538875 0 
6002 2.527304 0 
6003 2.527107 0 
6004 2.510220 0 
6005 2.494466 0 
6006 2.478093 0 
6007 2.461751 0 
6008 2.445478 0 
6010 2.453800 0 
6011 2.461813 0 
6012 2.445623 0 
6013 2.429414 0 
6015 2.397142 0 
6017 2.371185 0 
6018 2.414962 0 
6019 2.502626 0 
6020 2.486397 0 
6023 2.548146 0 
6024 2.531840 0 
6025 2.561210 0 
6026 2.544322 0 
6027 2.528741 0 
6028 2.546119 0 
6029 2.537005 0 
6030 2.520627 0 
6031 2.561174 0 
6032 2.544862 0 
6033 2.549248 0 
6034 2.532965 0 
6036 2.524489 0 
6038 2.580947 0 
6039 2.564549 0 
6040 2.547763 0 
6041 2.531734 0 
6042 2.515503 0 
6043 2.575012 0 
6044 2.559021 0 
6046 2.526458 0 
6047 2.559888 0 
6048 2.548452 0 
6049 2.566632 0 
6050 2.553244 0 
6051 2.536899 0 
6052 2.612594 0 
6053 2.654980 0 
6054 2.638524 0 
6055 2.714508 0 
6056 2.709587 0 
6057 2.693309 0 
6058 2.676805 0 
6059 2.660517 0 
6060 2.644575 0 
6062 2.643508 0 
6063 2.627188 0 
6064 2.626553 0 
6065 2.655242 0 
6066 2.639100 0 
6067 2.622270 0 
6068 2.697513 0 
6069 2.681303 0 
6070 2.665063 0 
6071 2.648681 0 
6073 2.697217 0 
6075 2.665042 0 
6076 2.652371 0 
6077 2.735885 0 
6078 2.719304 0 
6079 2.703327 0 
6080 2.702538 0 
6081 2.686285 0 
6083 2.653774 0 
6084 2.637620 0 
6085 2.621374 0 
6086 2.619914 0 
6088 2.587390 0 
6090 2.554818 0 
6091 2.538960 0 
6092 2.548314 0 
6094 2.539519 0 
6095 2.523206 0 
6096 2.506829 0 
6098 2.474328 0 
6099 2.533034 0 
6100 2.591419 0 
6101 2.575193 0 
6102 2.558485 0 
6103 2.542488 0 
6104 2.562892 0 
6105 2.546831 0 
6106 2.554734 0 
6110 2.722119 0 
6111 2.705969 0 
6112 2.689652 0 
6113 2.721977 0 
6114 2.706011 0 
6115 2.689683 0 
6117 2.665512 0 
6118 2.649517 0 
6119 2.791744 0 
6120 2.775387 0 
6121 2.761094 0 
6122 2.769530 0 
6123 2.756790 0 
6125 2.730206 0 
6126 2.713902 0 
6127 2.697163 0 
6128 2.714514 0 
6129 2.698091 0 
6130 2.701012 0 
6131 2.683523 0 
6132 2.667335 0 
6133 2.651203 0 
6134 2.635040 0 
6135 2.618889 0 
6136 2.624795 0 
6138 2.626269 0 
6139 2.628385 0 
6140 2.677277 0 
6141 2.661100 0 
6142 2.645007 0 
6143 2.628992 0 
6144 2.612890 0 
6146 2.587127 0 
6147 2.643565 0 
6148 2.626005 0 
6149 2.610243 0 
6151 2.578455 0 
6152 2.562083 0 
6153 2.563794 0 
6154 2.547549 0 
6156 2.581190 0 
6157 2.566169 0 
6158 2.560318 0 
6159 2.579153 0 
6160 2.562995 0 
6161 2.546694 0 
6163 2.514081 0 
6164 2.497719 0 
6165 2.531507 0 
6166 2.515313 0 
6167 2.499036 0 
6168 2.483678 0 
6169 2.475489 0 
6170 2.492226 0 
6171 2.478944 0 
6173 2.498890 0 
6174 2.482462 0 
6175 2.466145 0 
6176 2.661630 0 
6177 2.645493 0 
6178 2.629326 0 
6179 2.613055 0 
6180 2.596811 0 
6181 2.580506 0 
6182 2.564047 0 
6183 2.603696 0 
6184 2.606798 0 
6185 2.589971 0 
6186 2.573583 0 
6187 2.602430 0 
6188 2.586201 0 
6189 2.582447 0 
6190 2.566123 0 
6191 2.615957 0 
6192 2.599755 0 
6193 2.583421 0 
6194 2.567300 0 
6195 2.607629 0 
6196 2.591409 0 
6197 2.575130 0 
6198 2.582714 0 
6200 2.550307 0 
6201 2.606232 0 
6202 2.589989 0 
6203 2.587494 0 
6204 2.608101 0 
6205 2.591875 0 
6206 2.575578 0 
6207 2.559487 0 
6209 2.525946 0 
6210 2.527470 0 
6211 2.511274 0 
6212 2.494984 0 
6214 2.462537 0 
6216 2.457397 0 
6217 2.513301 0 
6218 2.559434 0 
6219 2.588650 0 
6222 2.563891 0 
6223 2.559165 0 
6224 2.559721 0 
6225 2.543364 0 
6226 2.526606 0 
6227 2.511010 0 
6228 2.494732 0 
6229 2.544272 0 
6230 2.527859 0 
6231 2.511585 0 
6232 2.495469 0 
6233 2.479145 0 
6235 2.446677 0 
6237 2.439762 0 
6238 2.456853 0 
6239 2.440607 0 
6240 2.424212 0 
6241 2.455541 0 
6242 2.439664 0 
6243 2.423651 0 
6245 2.459623 0 
6246 2.442980 0 
6247 2.426505 0 
6248 2.410275 0 
6249 2.418550 0 
6250 2.402323 0 
6251 2.386079 0 
6252 2.463782 0 
6253 2.448086 0 
6254 2.431765 0 
6255 2.417478 0 
6256 2.432676 0 
6257 2.415836 0 
6258 2.399787 0 
6259 2.383914 0 
6261 2.402547 0 
6262 2.447316 0 
6263 2.449152 0 
6264 2.432879 0 
6265 2.416694 0 
6266 2.400362 0 
6267 2.395000 0 
6268 2.378621 0 
6269 2.416167 0 
6270 2.399997 0 
6272 2.379061 0 
6274 2.346543 0 
6275 2.328655 0 
6276 2.380064 0 
6277 2.363812 0 
6278 2.347470 0 
6283 2.438030 0 
6284 2.421891 0 
6285 2.431280 0 
6287 2.454084 0 
6289 2.456208 0 
6290 2.439991 0 
6291 2.434022 0 
6293 2.498539 0 
6294 2.482269 0 
6295 2.466017 0 
6297 2.433384 0 
6298 2.417095 0 
6299 2.455538 0 
6300 2.439004 0 
6301 2.422818 0 
6302 2.406636 0 
6303 2.390025 0 
6304 2.484878 0 
6305 2.468543 0 
6306 2.451134 0 
6307 2.539110 0 
6308 2.522896 0 
6309 2.505991 0 
6310 2.532469 0 
6311 2.516085 0 
6312 2.557105 0 
6313 2.542760 0 
6314 2.526462 0 
6316 2.538691 0 
6317 2.522647 0 
6318 2.588788 0 
6319 2.572743 0 
6320 2.556609 0 
6321 2.621463 0 
6322 2.605209 0 
6324 2.572428 0 
6325 2.582752 0 
6326 2.566500 0 
6327 2.550191 0 
6328 2.533955 0 
6329 2.517749 0 
6330 2.501472 0 
6331 2.485101 0 
6332 2.468951 0 
6333 2.495653 0 
6334 2.480096 0 
6335 2.463706 0 
6337 2.473195 0 
6338 2.456992 0 
6339 2.585806 0 
6340 2.584699 0 
6341 2.568471 0 
6342 2.592357 0 
6343 2.576756 0 
6345 2.544065 0 
6346 2.527631 0 
6347 2.523669 0 
6348 2.534905 0 
6350 2.502811 0 
6351 2.486582 0 
6352 2.475405 0 
6353 2.458286 0 
6355 2.430506 0 
6356 2.446548 0 
6357 2.430297 0 
6359 2.508563 0 
6360 2.492310 0 
6362 2.459635 0 
6363 2.465633 0 
6364 2.462922 0 
6365 2.446581 0 
6366 2.430118 0 
6367 2.458349 0 
6368 2.441928 0 
6369 2.478848 0 
6370 2.462788 0 
6372 2.443098 0 
6373 2.451768 0 
6374 2.434875 0 
6375 2.419224 0 
6376 2.448792 0 
6377 2.458691 0 
6378 2.442426 0 
6379 2.428767 0 
6380 2.412455 0 
6381 2.407643 0 
6382 2.391934 0 
6383 2.375652 0 
6384 2.359456 0 
6385 2.385528 0 
6386 2.368751 0 
6387 2.352152 0 
6388 2.336299 0 
6389 2.327417 0 
6390 2.330179 0 
6391 2.314078 0 
6392 2.297853 0 
6393 2.314251 0 
6394 2.305742 0 
6395 2.290072 0 
6396 2.272984 0 
6397 2.267635 0 
6399 2.239302 0 
6400 2.241822 0 
6401 2.225652 0 
6402 2.209460 0 
6403 2.193707 0 
6404 2.177464 0 
6405 2.177562 0 
6406 2.161303 0 
6408 2.128442 0 
6409 2.140803 0 
6410 2.124058 0 
6411 2.108467 0 
6413 2.076135 0 
6415 2.043150 0 
6416 2.070208 0 
6417 2.281096 0 
6418 2.264232 0 
6421 2.216034 0 
6422 2.199780 0 
6423 2.230836 0 
6424 2.214591 0 
6425 2.197524 0 
6426 2.225792 0 
6427 2.217063 0 
6428 2.201565 0 
6429 2.264063 0 
6430 2.248432 0 
6431 2.232408 0 
6432 2.308291 0 
6434 2.276045 0 
6436 2.243892 0 
6437 2.227856 0 
6438 2.245837 0 
6439 2.229753 0 
6440 2.213084 0 
6441 2.197238 0 
6442 2.254562 0 
6444 2.314236 0 
6445 2.298178 0 
6446 2.312492 0 
6447 2.298345 0 
6448 2.282060 0 
6449 2.266135 0 
6450 2.249991 0 
6451 2.281545 0 
6452 2.265292 0 
6453 2.248954 0 
6454 2.276814 0 
6455 2.294434 0 
6456 2.278291 0 
6457 2.261731 0 
6458 2.251206 0 
6460 2.282495 0 
6461 2.434380 0 
6462 2.418435 0 
6463 2.420301 0 
6464 2.404027 0 
6465 2.387744 0 
6466 2.389343 0 
6467 2.373141 0 
6468 2.417564 0 
6469 2.401584 0 
6471 2.368146 0 
6473 2.339691 0 
6474 2.345794 0 
6475 2.329515 0 
6476 2.342607 0 
6477 2.374367 0 
6478 2.358253 0 
6479 2.403451 0 
6481 2.370971 0 
6482 2.371671 0 
6483 2.355427 0 
6484 2.339287 0 
6486 2.518515 0 
6488 2.520346 0 
6489 2.504249 0 
6490 2.487653 0 
6492 2.460618 0 
6493 2.454055 0 
6494 2.472635 0 
6496 2.439772 0 
6497 2.420705 0 
6498 2.479853 0 
6499 2.463798 0 
6500 2.497004 0 
6501 2.480351 0 
6502 2.542310 0 
6503 2.526056 0 
6504 2.509181 0 
6505 2.493444 0 
6506 2.514438 0 
6507 2.498362 0 
6508 2.517061 0 
6509 2.557896 0 
6510 2.541095 0 
6511 2.542342 0 
6512 2.524978 0 
6513 2.508167 0 
6515 2.475739 0 
6516 2.495842 0 
6517 2.479604 0 
6518 2.463116 0 
6519 2.503054 0 
6520 2.486336 0 
6521 2.611385 0 
6523 2.579119 0 
6524 2.562912 0 
6525 2.573211 0 
6526 2.556965 0 
6527 2.540603 0 
6528 2.550145 0 
6529 2.533705 0 
6530 2.535995 0 
6531 2.537458 0 
6532 2.521060 0 
6533 2.504794 0 
6534 2.711105 0 
6536 2.678612 0 
6537 2.723267 0 
6538 2.706814 0 
6539 2.690617 0 
6540 2.721192 0 
6541 2.748037 0 
6542 2.731820 0 
6544 2.699799 0 
6545 2.705570 0 
6546 2.724381 0 
6547 2.723264 0 
6549 2.690849 0 
6550 2.673709 0 
6551 2.657452 0 
6552 2.641002 0 
6554 2.618952 0 
6555 2.620506 0 
6556 2.604841 0 
6557 2.588638 0 
6558 2.618210 0 
6559 2.601592 0 
6561 2.563060 0 
6562 2.639285 0 
6563 2.717992 0 
6564 2.701674 0 
6565 2.685489 0 
6566 2.736317 0 
6567 2.719892 0 
6568 2.703643 0 
6569 2.720149 0 
6571 2.688195 0 
6572 2.695290 0 
6573 2.827820 0 
6574 2.811980 0 
6575 2.795727 0 
6576 2.859168 0 
6577 2.843096 0 
6578 2.826860 0 
6579 2.923843 0 
6580 2.907584 0 
6581 2.923057 0 
6582 2.906710 0 
6583 2.890569 0 
6584 2.874218 0 
6585 3.015546 0 
6586 2.999470 0 
6587 3.019161 0 
6588 3.003400 0 
6589 2.986639 0 
6590 2.982043 0 
6591 2.965726 0 
6592 2.949561 0 
6593 2.933058 0 
6594 3.005352 0 
6595 2.989100 0 
6596 2.972767 0 
6598 2.980329 0 
6599 3.026556 0 
6600 3.010295 0 
6601 2.994036 0 
6602 2.977834 0 
6603 2.961679 0 
6604 2.955971 0 
6605 2.939750 0 
6607 2.907216 0 
6608 2.890974 0 
6609 2.874813 0 
6610 2.858648 0 
6612 2.826277 0 
6614 2.953816 0 
6615 3.123085 0 
6616 3.168421 0 
6617 3.152157 0 
6620 3.114411 0 
6621 3.098274 0 
6622 3.081875 0 
6623 3.161014 0 
6624 3.144754 0 
6625 3.128428 0 
6626 3.187212 0 
6627 3.171351 0 
6628 3.155117 0 
6629 3.190598 0 
6630 3.174371 0 
6631 3.158065 0 
6633 3.161057 0 
6635 3.201692 0 
6636 3.183292 0 
6637 3.166943 0 
6638 3.338216 0 
6639 3.351158 0 
6640 3.334786 0 
6641 3.318448 0 
6643 3.302599 0 
6644 3.286294 0 
6645 3.394834 0 
6646 3.378618 0 
6647 3.362379 0 
6648 3.403696 0 
6649 3.387333 0 
6650 3.371112 0 
6651 3.354813 0 
6652 3.338555 0 
6653 3.322086 0 
6654 3.413218 0 
6655 3.396602 0 
6656 3.379532 0 
6657 3.363436 0 
6659 3.413767 0 
6660 3.482817 0 
6661 3.466234 0 
6662 3.450262 0 
6663 3.434132 0 
6664 3.417860 0 
6665 3.401963 0 
6666 3.433731 0 
6667 3.417561 0 
6668 3.400396 0 
6670 3.510540 0 
6672 3.478053 0 
6673 3.461776 0 
6674 3.464540 0 
6675 3.448572 0 
6676 3.432396 0 
6677 3.463597 0 
6678 3.447239 0 
6680 3.570856 0 
6681 3.554711 0 
6682 3.537809 0 
6683 3.585540 0 
6685 3.552655 0 
6687 3.532926 0 
6688 3.516650 0 
6689 3.519933 0 
6691 3.507112 0 
6692 3.490835 0 
6693 3.474671 0 
6695 3.442228 0 
6696 3.461811 0 
6697 3.445614 0 
6698 3.430415 0 
6699 3.487348 0 
6700 3.471616 0 
6701 3.455336 0 
6702 3.448745 0 
6703 3.432452 0 
6704 3.438845 0 
6705 3.443635 0 
6706 3.427406 0 
6707 3.411206 0 
6708 3.394919 0 
6709 3.378642 0 
6710 3.390768 0 
6711 3.374559 0 
6712 3.455055 0 
6714 3.422135 0 
6715 3.412040 0 
6716 3.402480 0 
6717 3.396119 0 
6718 3.396139 0 
6719 3.379622 0 
6720 3.394049 0 
6722 3.361426 0 
6723 3.344393 0 
6724 3.405945 0 
6725 3.389040 0 
6726 3.373324 0 
6727 3.366068 0 
6728 3.349758 0 
6729 3.333697 0 
6730 3.353489 0 
6731 3.337184 0 
6732 3.320918 0 
6733 3.320829 0 
6735 3.288263 0 
6736 3.306090 0 
6737 3.289717 0 
6738 3.303101 0 
6739 3.286867 0 
6740 3.270643 0 
6741 3.267920 0 
6743 3.242750 0 
6744 3.226132 0 
6745 3.234282 0 
6746 3.217916 0 
6748 3.185477 0 
6749 3.202003 0 
6750 3.185767 0 
6751 3.169421 0 
6753 3.137770 0 
6754 3.121833 0 
6755 3.115119 0 
6756 3.099320 0 
6757 3.083045 0 
6758 3.066950 0 
6760 3.202331 0 
6761 3.185496 0 
6762 3.219740 0 
6763 3.203350 0 
6764 3.242660 0 
6765 3.226465 0 
6766 3.210016 0 
6767 3.193770 0 
6768 3.208541 0 
6770 3.175997 0 
6771 3.238675 0 
6772 3.222379 0 
6773 3.206257 0 
6774 3.281452 0 
6775 3.265228 0 
6776 3.249010 0 
6777 3.232640 0 
6778 3.331634 0 
6779 3.315427 0 
6780 3.375506 0 
6781 3.359389 0 
6782 3.343102 0 
6783 3.360114 0 
6784 3.343846 0 
6785 3.330119 0 
6786 3.345016 0 
6787 3.328672 0 
6788 3.311036 0 
6789 3.352027 0 
6790 3.336183 0 
6791 3.319986 0 
6792 3.382106 0 
6793 3.365286 0 
6794 3.355946 0 
6795 3.339610 0 
6797 3.440884 0 
6798 3.424591 0 
6799 3.487502 0 
6800 3.515521 0 
6801 3.499299 0 
6802 3.483130 0 
6803 3.466702 0 
6804 3.450796 0 
6806 3.461844 0 
6807 3.528790 0 
6808 3.512614 0 
6809 3.496403 0 
6811 3.464108 0 
6813 3.487204 0 
6814 3.516371 0 
6815 3.611664 0 
6816 3.595424 0 
6819 3.594872 0 
6820 3.578581 0 
6821 3.599469 0 
6822 3.583181 0 
6823 3.566990 0 
6824 3.550994 0 
6825 3.534774 0 
6826 3.518550 0 
6827 3.521622 0 
6828 3.505491 0 
6829 3.489250 0 
6830 3.564804 0 
6832 3.531711 0 
6834 3.595065 0 
6835 3.578516 0 
6836 3.652200 0 
6837 3.636009 0 
6838 3.619266 0 
6839 3.692807 0 
6840 3.676292 0 
6842 3.643855 0 
6843 3.646899 0 
6844 3.630537 0 
6845 3.620850 0 
6846 3.612464 0 
6847 3.596239 0 
6848 3.589226 0 
6849 3.572992 0 
6850 3.555949 0 
6858 3.719177 0 
6859 3.710475 0 
7090 0.024933 1 
7091 0.008602 1 
6860 3.824986 0 
6861 3.808694 0 
7093 0.013732 1 
6862 3.827297 0 
6863 3.811025 0 
6864 3.794381 0 
7094 0.037820 1 
7095 0.021525 1 
7096 0.011273 1 
6865 3.820504 0 
6866 3.804089 0 
6867 3.787450 0 
6869 3.754957 0 
6871 3.722144 0 
7097 0.012793 1 
6872 3.714883 0 
6873 3.698512 0 
6874 3.682162 0 
6875 3.664911 0 
7098 0.010596 1 
7099 0.017462 1 
7100 0.025069 1 
6876 3.710043 0 
6877 3.693845 0 
7101 0.031961 1 
7102 0.015701 1 
6879 3.692131 0 
6880 3.675810 0 
6881 3.656760 0 
7103 0.015897 1 
7104 0.016104 1 
7105 0.022362 1 
7106 0.016277 1 
6882 3.702836 0 
6884 3.670287 0 
7107 0.027381 1 
7108 0.011660 1 
7109 0.009998 1 
6886 3.689199 0 
6887 3.673026 0 
6888 3.656704 0 
6890 3.623875 0 
7110 0.032605 1 
7112 0.031202 1 
7113 0.024871 1 
7114 0.018114 1 
6891 3.696198 0 
6892 3.680089 0 
6894 3.647294 0 
7115 0.024127 1 
7116 0.015142 1 
7117 0.019384 1 
7118 0.013813 1 
6895 3.688070 0 
6896 3.671785 0 
6897 3.655487 0 
6898 3.647661 0 
6899 3.631072 0 
6900 3.614658 0 
6901 3.598545 0 
6902 3.606257 0 
6903 3.589963 0 
6904 3.573688 0 
6905 3.557578 0 
6906 3.541198 0 
6907 3.562333 0 
6908 3.546400 0 
7120 0.084290 1 
7121 0.067941 1 
7122 0.051685 1 
6909 3.554388 0 
6910 3.538094 0 
7123 0.061810 1 
7124 0.045533 1 
6911 3.558920 0 
7125 0.046121 1 
7126 0.029558 1 
6913 3.540768 0 
6914 3.553690 0 
6915 3.536916 0 
6916 3.521290 0 
7127 0.052754 1 
7128 0.037566 1 
7129 0.029323 1 
6917 3.571355 0 
7130 0.082129 1 
7131 0.063363 1 
6918 3.577566 0 
6919 3.598629 0 
6921 3.566125 0 
7133 0.089444 1 
7134 0.073164 1 
7135 0.057008 1 
7136 0.040689 1 
6922 3.577223 0 
6923 3.560774 0 
6924 3.553496 0 
7137 0.056058 1 
7138 0.039804 1 
7139 0.023967 1 
6925 3.552340 0 
6926 3.535995 0 
6927 3.519711 0 
6928 3.504951 0 
7141 0.034852 1 
6929 3.530455 0 
6930 3.514010 0 
6931 3.497603 0 
6932 3.481391 0 
7142 0.030875 1 
7143 0.014534 1 
7144 0.052691 1 
6934 3.513453 0 
6935 3.496901 0 
7146 0.031268 1 
7147 0.031440 1 
7148 0.014685 1 
6936 3.500485 0 
6937 3.484225 0 
6938 3.467820 0 
6939 3.451638 0 
7149 0.057077 1 
7151 0.024383 1 
7152 0.021008 1 
7153 0.018541 1 
7154 0.021552 1 
6942 3.576740 0 
6943 3.560115 0 
6944 3.625662 0 
6945 3.609323 0 
7155 0.193644 1 
6947 3.616822 0 
6948 3.600428 0 
6949 3.584011 0 
7159 0.136640 1 
7160 0.120336 1 
7161 0.104073 1 
7162 0.087908 1 
7163 0.072025 1 
7164 0.055713 1 
7165 0.039557 1 
7166 0.047573 1 
7168 0.023170 1 
7169 0.037017 1 
7170 0.019889 1 
6950 3.638136 0 
6952 3.605680 0 
6953 3.589319 0 
6954 3.573028 0 
6955 3.556740 0 
6956 3.540433 0 
6957 3.523560 0 
7171 0.021073 1 
7172 0.018782 1 
7173 0.014670 1 
6959 3.535162 0 
6960 3.522685 0 
7174 0.006524 1 
7175 0.010517 1 
6961 3.546792 0 
6962 3.530609 0 
6963 3.514452 0 
7176 0.012697 1 
7177 0.007394 1 
6964 3.532389 0 
6965 3.516105 0 
7178 0.016634 1 
7179 0.013268 1 
6966 3.535255 0 
6967 3.517284 0 
6969 3.483283 0 
7180 0.018780 1 
7181 0.012321 1 
7182 0.024602 1 
7183 0.020536 1 
7184 0.018109 1 
7185 0.026393 1 
7186 0.022716 1 
6970 3.576680 0 
6971 3.560441 0 
6972 3.544250 0 
7187 0.030758 1 
6973 3.553416 0 
6974 3.537565 0 
6975 3.521303 0 
7188 0.026869 1 
7189 0.010631 1 
6976 3.518855 0 
7190 0.011426 1 
7191 0.020234 1 
7192 0.011894 1 
6977 3.547372 0 
6978 3.535728 0 
6979 3.547636 0 
6980 3.531382 0 
6981 3.515149 0 
6982 3.511286 0 
7193 0.047422 1 
7195 0.014735 1 
7196 0.029314 1 
7197 0.012979 1 
6983 3.550530 0 
6984 3.533515 0 
6985 3.516459 0 
6986 3.500710 0 
6987 3.484290 0 
6988 3.467944 0 
6989 3.450129 0 
6990 3.433623 0 
7198 0.015974 1 
7199 0.008034 1 
6991 3.426550 0 
6992 3.410330 0 
6993 3.409878 0 
6994 3.393446 0 
6996 3.360243 0 
7200 0.023101 1 
7201 0.032377 1 
7202 0.021339 1 
7204 0.015428 1 
6997 3.420069 0 
6998 3.403226 0 
6999 3.387094 0 
7000 3.369811 0 
7205 0.007688 1 
7001 3.371275 0 
7002 3.387972 0 
7003 3.371712 0 
7209 0.023215 1 
7005 3.396674 0 
7006 3.380368 0 
7007 3.364317 0 
7008 3.347990 0 
7010 3.315789 0 
7211 0.029933 1 
7212 0.041425 1 
7213 0.037945 1 
7214 0.021675 1 
7012 3.349356 0 
7217 0.027135 1 
7218 0.020667 1 
7013 3.405189 0 
7014 3.388870 0 
7015 3.372562 0 
7219 0.041359 1 
7018 3.351460 0 
7019 3.335119 0 
7220 0.045611 1 
7221 0.029244 1 
7020 3.334003 0 
7021 3.317726 0 
7022 3.301273 0 
7222 0.030134 1 
7223 0.013564 1 
7023 3.317919 0 
7024 3.301635 0 
7224 0.041471 1 
7025 3.326447 0 
7026 3.311743 0 
7225 0.050420 1 
7226 0.034317 1 
7027 3.305677 0 
7028 3.289611 0 
7029 3.273351 0 
7031 3.254443 0 
7227 0.036288 1 
7228 0.019715 1 
7230 0.017977 1 
7033 3.279425 0 
7034 3.263036 0 
7035 3.246754 0 
7036 3.230330 0 
7037 3.214103 0 
7038 3.205723 0 
7039 3.189084 0 
7232 0.041092 1 
7233 0.021913 1 
7234 0.014446 1 
7041 3.196261 0 
7235 0.011136 1 
7236 0.032443 1 
7042 3.243963 0 
7043 3.228068 0 
7237 0.043575 1 
7238 0.027563 1 
7044 3.246442 0 
7240 0.025145 1 
7045 3.239082 0 
7046 3.222479 0 
7047 3.206674 0 
7048 3.190488 0 
7241 0.040045 1 
7242 0.024029 1 
7049 3.200132 0 
7050 3.183874 0 
7051 3.171601 0 
7052 3.155183 0 
7053 3.157501 0 
7054 3.150692 0 
7055 3.134461 0 
7243 0.043947 1 
7244 0.027805 1 
7245 0.011802 1 
7246 0.021234 1 
7247 0.020863 1 
7248 0.009427 1 
7057 3.154548 0 
7249 0.013365 1 
7250 0.025962 1 
7251 0.014036 1 
7058 3.203976 0 
7059 3.187700 0 
7252 0.017742 1 
7253 0.007483 1 
7254 0.022945 1 
7060 3.236063 0 
7061 3.219193 0 
7062 3.203351 0 
7063 3.185895 0 
7064 3.169784 0 
7065 3.153576 0 
7066 3.136826 0 
7068 3.104315 0 
7256 0.028124 1 
7070 3.090219 0 
7071 3.073615 0 
7072 3.056848 0 
7073 3.040875 0 
7074 3.024681 0 
7075 3.009387 0 
7257 0.040129 1 
7258 0.023855 1 
7076 3.027386 0 
7078 2.995536 0 
7079 2.979328 0 
7259 0.023450 1 
7260 0.018793 1 
7261 0.010664 1 
7262 0.020405 1 
7080 3.012261 0 
7081 2.996004 0 
7263 0.020932 1 
7264 0.011889 1 
7083 2.992988 0 
7085 2.960183 0 
7086 2.943449 0 
7087 2.936517 0 
7089 2.903550 0 
7090 2.895147 0 
7091 2.880807 0 
7093 2.856381 0 
7265 0.038949 1 
7267 0.041744 1 
7094 2.890618 0 
7095 2.874306 0 
7096 2.858840 0 
7097 2.842597 0 
7098 2.826134 0 
7099 2.809791 0 
7269 0.038472 1 
7270 0.021575 1 
7271 0.028383 1 
7272 0.034488 1 
7273 0.018129 1 
7274 0.013326 1 
7100 2.879220 0 
7101 2.863776 0 
7102 2.847463 0 
7103 2.831223 0 
7104 2.815035 0 
7105 2.798803 0 
7106 2.783031 0 
7107 2.766696 0 
7108 2.750367 0 
7109 2.733683 0 
7275 0.048971 1 
7110 2.766354 0 
7112 2.738850 0 
7277 0.033917 1 
7278 0.017697 1 
7279 0.018096 1 
7280 0.016720 1 
7113 2.773597 0 
7114 2.756218 0 
7115 2.740010 0 
7282 0.021485 1 
7116 2.780502 0 
7284 0.029012 1 
7285 0.012738 1 
7286 0.009657 1 
7117 2.789661 0 
7118 2.773100 0 
7120 2.740459 0 
7121 2.724180 0 
7122 2.707922 0 
7288 0.035041 1 
7289 0.018664 1 
7123 2.748139 0 
7124 2.731890 0 
7125 2.714636 0 
7126 2.698328 0 
7127 2.682056 0 
7128 2.665757 0 
7129 2.649464 0 
7130 2.633126 0 
7131 2.614336 0 
7290 0.027789 1 
7292 0.034575 1 
7293 0.017415 1 
7294 0.033486 1 
7295 0.017154 1 
7133 2.690776 0 
7134 2.674500 0 
7135 2.658242 0 
7296 0.028426 1 
7136 2.677041 0 
7137 2.660789 0 
7297 0.038399 1 
7298 0.021892 1 
7299 0.066709 1 
7300 0.050649 1 
7301 0.034365 1 
7138 2.713338 0 
7139 2.697011 0 
7141 2.664256 0 
7302 0.036796 1 
7303 0.020502 1 
7304 0.014743 1 
7142 2.696605 0 
7143 2.680261 0 
7305 0.024493 1 
7306 0.028745 1 
7307 0.045630 1 
7144 2.731584 0 
7146 2.698979 0 
7147 2.682925 0 
7148 2.666233 0 
7308 0.039320 1 
7309 0.022603 1 
7311 0.026033 1 
7312 0.034356 1 
7149 2.712554 0 
7151 2.679832 0 
7152 2.663575 0 
7153 2.646722 0 
7154 2.630091 0 
7313 0.021181 1 
7155 2.627900 0 
7314 0.015879 1 
7156 2.621824 0 
7158 2.589319 0 
7159 2.573150 0 
7315 0.011913 1 
7316 0.023727 1 
7317 0.019190 1 
7160 2.609972 0 
7161 2.593634 0 
7162 2.577559 0 
7163 2.576574 0 
7319 0.030337 1 
7320 0.022364 1 
7321 0.032529 1 
7322 0.025559 1 
7164 2.628209 0 
7165 2.611975 0 
7166 2.595751 0 
7168 2.563282 0 
7169 2.547091 0 
7170 2.530134 0 
7171 2.513955 0 
7172 2.497680 0 
7173 2.481179 0 
7174 2.465237 0 
7175 2.449107 0 
7323 0.016821 1 
7324 0.026272 1 
7325 0.021356 1 
7326 0.023049 1 
7327 0.015311 1 
7176 2.502162 0 
7177 2.485224 0 
7178 2.468568 0 
7179 2.452145 0 
7180 2.435903 0 
7181 2.419651 0 
7182 2.403543 0 
7183 2.387095 0 
7328 0.010761 1 
7329 0.017165 1 
7330 0.014841 1 
7184 2.426172 0 
7185 2.413911 0 
7186 2.397206 0 
7187 2.379533 0 
7332 0.042346 1 
7333 0.026006 1 
7334 0.013343 1 
7188 2.412879 0 
7189 2.396741 0 
7190 2.380018 0 
7191 2.364007 0 
7192 2.347744 0 
7193 2.331318 0 
7195 2.300054 0 
7335 0.026254 1 
7196 2.331172 0 
7197 2.314850 0 
7198 2.298662 0 
7199 2.282392 0 
7336 0.032788 1 
7337 0.032814 1 
7338 0.021553 1 
7340 0.037121 1 
7341 0.020569 1 
7342 0.015558 1 
7343 0.036207 1 
7345 0.016756 1 
7200 2.402861 0 
7201 2.386561 0 
7202 2.369675 0 
7346 0.044009 1 
7347 0.028084 1 
7204 2.393957 0 
7205 2.377869 0 
7206 2.361906 0 
7207 2.345750 0 
7209 2.313244 0 
7211 2.304819 0 
7348 0.065253 1 
7350 0.040033 1 
7351 0.023754 1 
7352 0.022344 1 
7212 2.325571 0 
7353 0.028804 1 
7354 0.013234 1 
7213 2.353409 0 
7355 0.037938 1 
7214 2.387261 0 
7217 2.338428 0 
7218 2.337898 0 
7219 2.321640 0 
7220 2.305241 0 
7221 2.288958 0 
7222 2.272692 0 
7357 0.082330 1 
7358 0.066947 1 
7223 2.288058 0 
7224 2.271686 0 
7225 2.254693 0 
7359 0.066319 1 
7360 0.050164 1 
7226 2.257205 0 
7227 2.240912 0 
7228 2.224431 0 
7230 2.191786 0 
7232 2.190878 0 
7233 2.171710 0 
7234 2.157089 0 
7361 0.084208 1 
7362 0.067789 1 
7363 0.051627 1 
7364 0.035351 1 
7235 2.161023 0 
7236 2.144764 0 
7237 2.128239 0 
7238 2.112331 0 
7365 0.042967 1 
7240 2.124307 0 
7241 2.107935 0 
7242 2.094999 0 
7367 0.051328 1 
7368 0.034898 1 
7369 0.028472 1 
7243 2.108726 0 
7244 2.092478 0 
7245 2.076308 0 
7246 2.060245 0 
7247 2.043930 0 
7370 0.031757 1 
7248 2.042612 0 
7249 2.026366 0 
7250 2.010148 0 
7371 0.042155 1 
7372 0.039026 1 
7373 0.022320 1 
7374 0.046950 1 
7375 0.030575 1 
7376 0.014485 1 
7251 2.086578 0 
7252 2.070110 0 
7253 2.053812 0 
7254 2.037636 0 
7256 2.007739 0 
7257 1.998393 0 
7258 1.983798 0 
7377 0.038047 1 
7378 0.021726 1 
7259 1.998163 0 
7260 1.981964 0 
7261 1.965255 0 
7262 1.948949 0 
7379 0.045884 1 
7380 0.029633 1 
7381 0.013595 1 
7263 2.027803 0 
7264 2.011591 0 
7382 0.083986 1 
7383 0.067766 1 
7384 0.051164 1 
7385 0.034571 1 
7265 2.014538 0 
7267 1.983499 0 
7269 1.950793 0 
7270 1.933967 0 
7271 1.918104 0 
7272 1.901959 0 
7273 1.885571 0 
7386 0.043109 1 
7387 0.026590 1 
7274 1.908933 0 
7275 1.891021 0 
7277 1.859659 0 
7278 1.843522 0 
7279 1.827273 0 
7280 1.810823 0 
7282 1.786850 0 
7284 1.754228 0 
7388 0.047133 1 
7389 0.039084 1 
7390 0.022409 1 
7391 0.025264 1 
7392 0.036250 1 
7285 1.798963 0 
7286 1.782747 0 
7288 1.750189 0 
7289 1.738817 0 
7290 1.748212 0 
7292 1.715273 0 
7293 1.698186 0 
7294 1.682263 0 
7295 1.665911 0 
7394 0.043430 1 
7395 0.027232 1 
7396 0.031160 1 
7397 0.015477 1 
7398 0.029296 1 
7296 1.723381 0 
7399 0.049651 1 
7400 0.033421 1 
7297 1.727176 0 
7298 1.710549 0 
7299 1.694509 0 
7300 1.678055 0 
7301 1.662349 0 
7302 1.646072 0 
7303 1.629743 0 
7304 1.613470 0 
7305 1.597195 0 
7306 1.579998 0 
7307 1.563936 0 
7308 1.547275 0 
7309 1.530754 0 
7401 0.029734 1 
7311 1.509835 0 
7312 1.493842 0 
7313 1.478032 0 
7403 0.028501 1 
7404 0.011853 1 
7405 0.019279 1 
7314 1.519660 0 
7315 1.502537 0 
7316 1.486247 0 
7317 1.470140 0 
7319 1.437548 0 
7320 1.421254 0 
7321 1.404826 0 
7408 0.017021 1 
7322 1.440730 0 
7323 1.424442 0 
7324 1.408175 0 
7325 1.391777 0 
7326 1.378657 0 
7327 1.362398 0 
7328 1.346340 0 
7329 1.330205 0 
7330 1.314021 0 
7332 1.293044 0 
7333 1.316297 0 
7334 1.299879 0 
7410 0.060681 1 
7411 0.051262 1 
7335 1.304224 0 
7336 1.288010 0 
7337 1.271776 0 
7338 1.255310 0 
7340 1.222667 0 
7412 0.044846 1 
7413 0.028382 1 
7416 0.021184 1 
7341 1.256042 0 
7342 1.239748 0 
7417 0.017479 1 
7343 1.248996 0 
7345 1.216252 0 
7346 1.200018 0 
7347 1.183866 0 
7348 1.167676 0 
7350 1.135092 0 
7351 1.118778 0 
7352 1.115153 0 
7353 1.098791 0 
7354 1.082647 0 
7355 1.066216 0 
7357 1.032610 0 
7358 1.017061 0 
7359 1.000641 0 
7360 0.984463 0 
7361 0.967915 0 
7362 0.951473 0 
7363 0.935209 0 
7364 0.923672 0 
7365 0.907348 0 
7367 0.884052 0 
7368 0.867648 0 
7369 0.851010 0 
7370 0.835113 0 
7371 0.818999 0 
7372 0.802690 0 
7418 0.048905 1 
7419 0.032389 1 
7420 0.016014 1 
7421 0.032377 1 
7422 0.016452 1 
7373 0.822935 0 
7374 0.806442 0 
7375 0.790037 0 
7376 0.774345 0 
7377 0.758057 0 
7378 0.741787 0 
7379 0.734896 0 
7380 0.718627 0 
7381 0.702498 0 
7382 0.686403 0 
7383 0.696959 0 
7384 0.680259 0 
7385 0.663701 0 
7386 0.647845 0 
7387 0.631202 0 
7388 0.615016 0 
7389 0.598947 0 
7390 0.582255 0 
7391 0.577104 0 
7392 0.560868 0 
7394 0.528519 0 
7395 0.512316 0 
7423 0.053342 1 
7424 0.037169 1 
7425 0.038157 1 
7426 0.021791 1 
7427 0.019829 1 
7429 0.017395 1 
7396 0.579279 0 
7397 0.563592 0 
7398 0.547256 0 
7399 0.530975 0 
7431 0.034211 1 
7432 0.017943 1 
7433 0.029225 1 
7434 0.013028 1 
7400 0.589600 0 
7401 0.573361 0 
7403 0.540807 0 
7404 0.524137 0 
7405 0.508078 0 
7406 0.491778 0 
7408 0.459188 0 
7435 0.031839 1 
7436 0.023352 1 
7410 0.462563 0 
7411 0.446656 0 
7437 0.020723 1 
7439 0.030535 1 
7440 0.014596 1 
7412 0.501724 0 
7441 0.043360 1 
7442 0.027211 1 
7443 0.040579 1 
7444 0.023188 1 
7445 0.015694 1 
7413 0.545614 0 
7416 0.507224 0 
7417 0.490894 0 
7418 0.474688 0 
7419 0.458151 0 
7420 0.441673 0 
7421 0.425146 0 
7422 0.409309 0 
7423 0.392889 0 
7424 0.376711 0 
7425 0.360264 0 
7426 0.343977 0 
7427 0.327658 0 
7446 0.033393 1 
7447 0.016443 1 
7429 0.330227 0 
7448 0.022723 1 
7449 0.020342 1 
7431 0.322968 0 
7432 0.306694 0 
7433 0.290368 0 
7434 0.274037 0 
7435 0.257915 0 
7436 0.241711 0 
7437 0.225449 0 
7439 0.192911 0 
7450 0.040919 1 
7451 0.024790 1 
7452 0.033913 1 
7453 0.017653 1 
7440 0.240979 0 
7441 0.224568 0 
7442 0.208308 0 
7443 0.191928 0 
7444 0.189344 0 
7445 0.172840 0 
7446 0.162397 0 
7447 0.145442 0 
7448 0.129740 0 
7449 0.113675 0 
7455 0.065170 1 
7456 0.048740 1 
7457 0.032328 1 
7450 0.147561 0 
7451 0.131324 0 
7452 0.115182 0 
7453 0.098909 0 
7455 0.111115 0 
7456 0.094677 0 
7457 0.078588 0 
7458 0.061729 0 
7459 0.045469 0 
7460 0.071107 0 
7461 0.054817 0 
7462 0.038583 0 
7463 0.021915 0 
7464 0.005621 0 
7459 0.091244 1 
7462 0.077277 1 
7463 0.060523 1 
7464 0.044337 1 
7466 0.025323 0 
7468 0.033658 0 
7469 0.016986 0 
7466 0.151181 1 
7468 0.118382 1 
7469 0.101636 1 
7470 0.084956 1 
7471 0.077818 1 
7472 0.061416 1 
7473 0.129905 1 
7474 0.113653 1 
7476 0.080976 1 
7477 0.064878 1 
7478 0.048474 1 
7470 0.183566 0 
7471 0.166939 0 
7472 0.156325 0 
7473 0.139934 0 
7474 0.123636 0 
7476 0.090952 0 
7477 0.079292 0 
7478 0.062912 0 
7479 0.046599 0 
7481 0.014202 0 
7479 0.057550 1 
7481 0.035729 1 
7483 0.029919 0 
7484 0.013787 0 
7483 0.046623 1 
7484 0.030473 1 
7485 0.036031 1 
7485 0.086668 0 
7487 0.054034 0 
7488 0.037772 0 
7489 0.021430 0 
7488 0.051753 1 
7489 0.036280 1 
7491 0.061330 1 
7492 0.072021 1 
7493 0.055921 1 
7494 0.039836 1 
7491 0.096542 0 
7492 0.080430 0 
7493 0.064253 0 
7494 0.048056 0 
7495 0.039097 1 
7496 0.022751 1 
7495 0.047332 0 
7496 0.030980 0 
7497 0.014658 0 
7497 0.025246 1 
7498 0.047718 1 
7498 0.063362 0 
7499 0.047103 0 
7500 0.046057 0 
7499 0.063605 1 
7500 0.047213 1 
7501 0.039261 1 
7501 0.046458 0 
7502 0.030062 0 
7502 0.044988 1 
7503 0.028782 1 
7504 0.021533 1 
7505 0.018318 1 
7503 0.058767 0 
7504 0.042202 0 
7505 0.026312 0 
7506 0.021362 1 
7506 0.023197 0 
7507 0.021018 1 
7508 0.035445 1 
7508 0.060338 0 
7510 0.027719 0 
7510 0.037293 1 
7511 0.047973 1 
7512 0.031841 1 
7513 0.032150 1 
7514 0.035940 1 
7511 0.086948 0 
7512 0.070814 0 
7513 0.054305 0 
7515 0.021997 0 
7515 0.033165 1 
7516 0.030479 0 
7516 0.039346 1 
7518 0.057892 1 
7519 0.041611 1 
7520 0.026127 1 
7518 0.059285 0 
7519 0.042986 0 
7520 0.027395 0 
7521 0.018734 1 
7521 0.034174 0 
7522 0.018122 0 
7522 0.020269 1 
7523 0.004073 0 
7524 0.012585 0 
7523 0.045679 1 
7524 0.044650 1 
7525 0.028243 1 
7526 0.042725 1 
7527 0.026467 1 
7528 0.016585 1 
7529 0.020153 1 
7531 0.027448 1 
7532 0.038296 1 
7533 0.025053 1 
7534 0.031281 1 
7525 0.328588 0 
7526 0.312282 0 
7527 0.296179 0 
7528 0.279873 0 
7529 0.263552 0 
7531 0.231164 0 
7535 0.168301 1 
7536 0.151557 1 
7537 0.135168 1 
7539 0.102905 1 
7540 0.086569 1 
7541 0.070220 1 
7542 0.065579 1 
7544 0.050682 1 
7545 0.037597 1 
7546 0.021316 1 
7532 0.256233 0 
7533 0.240148 0 
7534 0.223910 0 
7535 0.207685 0 
7536 0.191025 0 
7537 0.175186 0 
7539 0.142838 0 
7540 0.153047 0 
7541 0.136708 0 
7542 0.118998 0 
7544 0.100173 0 
7545 0.083525 0 
7546 0.067346 0 
7547 0.051027 0 
7549 0.033216 0 
7550 0.017143 0 
7547 0.113688 1 
7549 0.081195 1 
7550 0.064805 1 
7551 0.048491 1 
7552 0.032058 1 
7553 0.015932 1 
7554 0.013448 1 
7556 0.031003 1 
7557 0.019521 1 
7558 0.025047 1 
7559 0.035253 1 
7551 0.190639 0 
7552 0.174228 0 
7553 0.158103 0 
7554 0.142035 0 
7556 0.109342 0 
7557 0.092467 0 
7558 0.076087 0 
7559 0.059963 0 
7560 0.043652 0 
7560 0.070825 1 
7561 0.054380 1 
7562 0.037853 1 
7563 0.021610 1 
7564 0.015809 1 
7561 0.107653 0 
7562 0.091153 0 
7563 0.075160 0 
7564 0.059010 0 
7566 0.026006 0 
7566 0.026534 1 
7567 0.043730 1 
7568 0.077101 1 
7569 0.061067 1 
7570 0.044528 1 
7571 0.037755 1 
7572 0.021451 1 
7573 0.032032 1 
7567 0.156827 0 
7568 0.140535 0 
7569 0.124223 0 
7570 0.107786 0 
7571 0.091485 0 
7572 0.075292 0 
7573 0.059050 0 
7574 0.042646 0 
7574 0.061808 1 
7575 0.045554 1 
7576 0.029170 1 
7577 0.023758 1 
7575 0.067734 0 
7576 0.051367 0 
7577 0.035122 0 
7578 0.018568 0 
7578 0.053229 1 
7579 0.036925 1 
7580 0.065897 1 
7581 0.049771 1 
7582 0.033509 1 
7583 0.033697 1 
7579 0.102801 0 
7580 0.086437 0 
7581 0.070208 0 
7582 0.053835 0 
7584 0.034973 0 
7585 0.018629 0 
7586 0.030262 0 
7584 0.071892 1 
7585 0.055530 1 
7586 0.077079 1 
7587 0.060600 1 
7588 0.043941 1 
7589 0.027920 1 
7587 0.066463 0 
7588 0.049815 0 
7589 0.033954 0 
7590 0.017714 0 
7590 0.067617 1 
7591 0.051247 1 
7591 0.134543 0 
7593 0.102036 0 
7594 0.085669 0 
7595 0.069429 0 
7596 0.053126 0 
7597 0.057688 0 
7598 0.041525 0 
7599 0.025692 0 
7600 0.049033 0 
7593 0.217394 1 
7594 0.214931 1 
7595 0.198611 1 
7596 0.182419 1 
7597 0.165713 1 
7598 0.149529 1 
7599 0.133696 1 
7600 0.117516 1 
7602 0.084619 1 
7602 0.108588 0 
7603 0.092336 0 
7604 0.076159 0 
7605 0.059890 0 
7607 0.027656 0 
7609 0.029418 0 
7603 0.130137 1 
7604 0.113867 1 
7607 0.065312 1 
7609 0.032760 1 
7610 0.063252 1 
7610 0.079064 0 
7611 0.062315 0 
7612 0.054009 0 
7615 0.012213 0 
7611 0.138180 1 
7612 0.121951 1 
7615 0.070468 1 
7616 0.054802 1 
7616 0.070222 0 
7617 0.053916 0 
7618 0.037611 0 
7619 0.021200 0 
7617 0.062424 1 
7618 0.046226 1 
7619 0.045143 1 
7620 0.049097 0 
7621 0.033730 0 
7620 0.052736 1 
7621 0.037260 1 
7622 0.037635 1 
7622 0.045602 0 
7623 0.029892 0 
7624 0.013523 0 
7623 0.049434 1 
7624 0.033267 1 
7625 0.019082 1 
7626 0.017237 1 
7625 0.051675 0 
7626 0.035296 0 
7628 0.024619 0 
7628 0.042052 1 
7630 0.051904 0 
7631 0.034902 0 
7632 0.018626 0 
7633 0.032291 0 
7634 0.016176 0 
7630 0.103223 1 
7631 0.086205 1 
7632 0.070054 1 
7635 0.064757 0 
7636 0.048491 0 
7638 0.016075 0 
7634 0.088577 1 
7635 0.072245 1 
7636 0.056054 1 
7638 0.062239 1 
7639 0.064713 1 
7640 0.048367 1 
7641 0.051677 1 
7642 0.035594 1 
7643 0.047482 1 
7639 0.118515 0 
7640 0.102166 0 
7641 0.085784 0 
7642 0.069511 0 
7643 0.053293 0 
7644 0.037056 0 
7645 0.020905 0 
7644 0.059946 1 
7645 0.043707 1 
7646 0.029012 0 
7646 0.052121 1 
7647 0.035103 1 
7648 0.063976 1 
7649 0.047642 1 
7650 0.030483 1 
7651 0.041244 1 
7652 0.024995 1 
7647 0.109370 0 
7648 0.093014 0 
7649 0.076762 0 
7650 0.059492 0 
7651 0.043493 0 
7652 0.027255 0 
7654 0.013937 0 
7655 0.014324 0 
7656 0.009454 0 
7657 0.011011 0 
7658 0.010633 0 
7659 0.010792 0 
7660 0.004255 0 
7654 0.133531 1 
7655 0.117120 1 
7656 0.100801 1 
7657 0.084268 1 
7661 0.025181 0 
7662 0.008916 0 
7658 0.086385 1 
7659 0.070041 1 
7660 0.053916 1 
7663 0.009986 0 
7661 0.064122 1 
7662 0.047862 1 
7665 0.010292 0 
7663 0.073290 1 
7665 0.040606 1 
7667 0.013851 0 
7668 0.017696 0 
7667 0.060842 1 
7669 0.032040 0 
7670 0.015766 0 
7668 0.051333 1 
7671 0.013369 0 
7669 0.063867 1 
7672 0.022264 0 
7673 0.005896 0 
7670 0.064939 1 
7671 0.048591 1 
7672 0.057388 1 
7673 0.041018 1 
7675 0.018784 0 
7676 0.012323 0 
7675 0.030050 1 
7676 0.023843 1 
7677 0.010924 0 
7677 0.020296 1 
7678 0.014906 0 
7678 0.023550 1 
7680 0.028808 0 
7680 0.043075 1 
7682 0.024224 0 
7683 0.007918 0 
7682 0.026307 1 
7683 0.018731 1 
7684 0.009951 0 
7684 0.043728 1 
7686 0.015779 0 
7687 0.013138 0 
7688 0.009123 0 
7690 0.008705 0 
7691 0.013747 0 
7686 0.128376 1 
7687 0.111391 1 
7688 0.095237 1 
7690 0.062581 1 
7691 0.046434 1 
7692 0.030185 0 
7693 0.013881 0 
7694 0.018596 0 
7692 0.060852 1 
7693 0.044576 1 
7694 0.028388 1 
7695 0.025460 0 
7696 0.011368 0 
7695 0.038950 1 
7697 0.007422 0 
7696 0.026937 1 
7697 0.019442 1 
7698 0.018518 0 
7699 0.014286 0 
7700 0.014347 0 
7698 0.062092 1 
7699 0.045101 1 
7700 0.029572 1 
7701 0.013860 1 
7701 0.024834 0 
7702 0.005825 0 
7702 0.025810 1 
7703 0.027809 0 
7704 0.011591 0 
7705 0.009771 0 
7704 0.045608 1 
7706 0.026127 0 
7707 0.014356 0 
7705 0.057822 1 
7706 0.043128 1 
7707 0.026846 1 
7709 0.010964 0 
7709 0.024674 1 
7710 0.014452 0 
7710 0.036190 1 
7711 0.019964 1 
7711 0.044607 0 
7712 0.028183 0 
7713 0.011935 0 
7714 0.011969 0 
7713 0.028807 1 
7714 0.033054 1 
7715 0.016700 1 
7717 0.006536 0 
7718 0.016034 0 
7717 0.040119 1 
7719 0.011070 0 
7718 0.031895 1 
7719 0.015579 1 
7720 0.022023 1 
7720 0.027343 0 
7721 0.027371 1 
7722 0.024112 1 
7722 0.024167 0 
7723 0.007590 0 
7723 0.020588 1 
7724 0.027000 1 
7725 0.022505 0 
7725 0.031050 1 
7726 0.014783 1 
7726 0.027772 0 
7727 0.011467 0 
7728 0.011590 0 
7727 0.028722 1 
7728 0.014540 1 
7730 0.010914 0 
7731 0.039225 0 
7732 0.022851 0 
7733 0.008726 0 
7734 0.021982 0 
7730 0.089026 1 
7731 0.072816 1 
7732 0.056763 1 
7733 0.041177 1 
7735 0.008516 0 
7736 0.007357 0 
7734 0.045013 1 
7735 0.028516 1 
7738 0.020464 0 
7736 0.055972 1 
7739 0.009072 0 
7738 0.054696 1 
7739 0.038371 1 
7740 0.026478 0 
7741 0.012537 0 
7743 0.017461 0 
7744 0.005489 0 
7745 0.006860 0 
7740 0.107568 1 
7741 0.091312 1 
7743 0.058465 1 
7744 0.042380 1 
7745 0.025902 1 
7746 0.012424 0 
7746 0.029016 1 
7748 0.043199 0 
7749 0.044399 0 
7750 0.028000 0 
7751 0.011661 0 
7752 0.031030 0 
7753 0.015184 0 
7755 0.018619 0 
7756 0.015906 0 
7748 0.149872 1 
7749 0.133565 1 
7750 0.117134 1 
7751 0.100785 1 
7752 0.084660 1 
7753 0.068258 1 
7757 0.013141 0 
7755 0.053960 1 
7756 0.037223 1 
7758 0.011341 0 
7757 0.029793 1 
7758 0.013657 1 
7759 0.013190 0 
7760 0.012191 0 
7761 0.010761 0 
7762 0.009983 0 
7763 0.012256 0 
7759 0.096971 1 
7760 0.080180 1 
7765 0.012669 0 
7761 0.089014 1 
7762 0.072520 1 
7763 0.055588 1 
7766 0.047781 0 
7767 0.031499 0 
7768 0.028304 0 
7769 0.017556 0 
7765 0.094516 1 
7766 0.078238 1 
7770 0.015246 0 
7767 0.064529 1 
7768 0.048246 1 
7769 0.033810 1 
7770 0.017542 1 
7771 0.007707 0 
7772 0.027070 0 
7773 0.010655 0 
7771 0.071624 1 
7774 0.040295 0 
7775 0.023992 0 
7776 0.015005 0 
7773 0.070360 1 
7774 0.055356 1 
7777 0.006432 0 
7775 0.044861 1 
7776 0.028623 1 
7777 0.035510 1 
7778 0.034975 1 
7778 0.053575 0 
7779 0.037328 0 
7780 0.046185 1 
7780 0.072862 0 
7781 0.056931 0 
7782 0.040328 0 
7783 0.024111 0 
7781 0.062631 1 
7782 0.045987 1 
7783 0.029764 1 
7784 0.028882 1 
7784 0.037065 0 
7785 0.021062 0 
7786 0.023079 0 
7787 0.034392 0 
7788 0.018296 0 
7785 0.068030 1 
7786 0.057703 1 
7788 0.038246 1 
7789 0.022063 1 
7789 0.022460 0 
7790 0.006189 0 
7790 0.020510 1 
7792 0.018433 1 
7792 0.025214 0 
7793 0.008599 0 
7793 0.026509 1 
7794 0.029758 1 
7794 0.033693 0 
7795 0.017431 0 
7795 0.019440 1 
7796 0.007458 0 
7796 0.027629 1 
7797 0.022089 1 
7797 0.022428 0 
7798 0.027774 0 
7799 0.011539 0 
7798 0.043828 1 
7799 0.027601 1 
7801 0.023714 0 
7802 0.007341 0 
7801 0.028749 1 
7802 0.020885 1 
7803 0.016579 1 
7803 0.028800 0 
7804 0.013339 0 
7806 0.015980 1 
7806 0.019586 0 
7808 0.028122 0 
7808 0.033570 1 
7809 0.027900 0 
7810 0.015602 0 
7811 0.026076 0 
7809 0.097259 1 
7814 0.024361 0 
7810 0.095967 1 
7811 0.079758 1 
7814 0.030864 1 
7815 0.021149 0 
7816 0.016809 0 
7816 0.017544 1 
7817 0.044790 0 
7818 0.027823 0 
7819 0.023574 0 
7820 0.012094 0 
7817 0.071186 1 
7818 0.054204 1 
7819 0.037938 1 
7820 0.023428 1 
7821 0.015348 1 
7821 0.016474 0 
7822 0.011640 0 
7823 0.021848 0 
7824 0.005494 0 
7822 0.047836 1 
7825 0.008910 0 
7823 0.047243 1 
7824 0.030883 1 
7825 0.014769 1 
7827 0.005660 0 
7827 0.020660 1 
7829 0.014172 0 
7830 0.010682 0 
7829 0.033388 1 
7831 0.027265 0 
7832 0.010970 0 
7830 0.048142 1 
7831 0.032249 1 
7832 0.040717 1 
7833 0.030344 1 
7833 0.033324 0 
7834 0.017012 0 
7834 0.018082 1 
7835 0.010695 0 
7837 0.020911 0 
7835 0.080249 1 
7837 0.047295 1 
7838 0.031031 1 
7838 0.043384 0 
7839 0.026693 0 
7839 0.031295 1 
7840 0.015017 1 
7840 0.016795 0 
7841 0.006759 0 
7842 0.018021 0 
7841 0.044877 1 
7843 0.018902 0 
7842 0.046550 1 
7844 0.021635 1 
7845 0.011801 1 
7844 0.028684 0 
7845 0.012426 0 
7846 0.015368 0 
7847 0.027378 1 
7847 0.030592 0 
7848 0.013567 0 
7849 0.016154 0 
7848 0.033775 1 
7850 0.010306 0 
7851 0.019144 0 
7853 0.016861 0 
7854 0.033865 0 
7855 0.017549 0 
7850 0.128063 1 
7851 0.111569 1 
7853 0.078216 1 
7854 0.068000 1 
7855 0.051686 1 
7856 0.035567 1 
7857 0.030379 1 
7856 0.050956 0 
7857 0.034811 0 
7858 0.017437 0 
7859 0.029927 0 
7860 0.023064 0 
7861 0.006801 0 
7859 0.071008 1 
7862 0.030657 0 
7861 0.050322 1 
7862 0.034162 1 
7864 0.022859 0 
7864 0.025326 1 
7866 0.008921 1 
7866 0.010673 0 
7867 0.007042 0 
7867 0.014180 1 
7868 0.016379 1 
7868 0.031512 0 
7869 0.014988 0 
7870 0.008195 1 
7870 0.023774 0 
7871 0.006634 0 
7871 0.013677 1 
7872 0.012286 1 
7872 0.012350 0 
7874 0.012195 0 
7875 0.007416 0 
7874 0.025146 1 
7875 0.009209 1 
7876 0.011739 0 
7876 0.018179 1 
7877 0.012987 0 
7877 0.017550 1 
7879 0.011637 0 
7881 0.019645 0 
7882 0.016562 0 
7881 0.040898 1 
7882 0.024842 1 
7883 0.014147 0 
7885 0.010078 0 
7886 0.019319 0 
7887 0.021178 0 
7889 0.020319 0 
7885 0.095797 1 
7886 0.079482 1 
7887 0.063615 1 
7889 0.031105 1 
7890 0.031842 1 
7890 0.036766 0 
7891 0.020435 0 
7892 0.007226 0 
7891 0.029142 1 
7893 0.007878 0 
7892 0.027763 1 
7893 0.015505 1 
7894 0.015268 1 
7894 0.027745 0 
7895 0.011391 0 
7896 0.013205 1 
7896 0.023529 0 
7897 0.008045 1 
7897 0.020966 0 
7898 0.004857 0 
7898 0.011952 1 
7899 0.020440 1 
7899 0.021357 0 
7900 0.021585 0 
7901 0.011775 0 
7901 0.030195 1 
7902 0.017865 1 
7903 0.023614 1 
7902 0.049486 0 
7903 0.033139 0 
7904 0.016870 0 
7905 0.010004 0 
7904 0.032058 1 
7905 0.024052 1 
7906 0.012394 0 
7906 0.013089 1 
7908 0.010495 1 
7908 0.023017 0 
7909 0.011540 1 
7909 0.020952 0 
7910 0.018107 1 
7910 0.023017 0 
7911 0.030049 1 
7912 0.022058 1 
7911 0.041012 0 
7912 0.024040 0 
7913 0.007805 0 
7913 0.013318 1 
7914 0.017714 1 
7914 0.045624 0 
7916 0.012733 0 
7916 0.014785 1 
7917 0.020590 0 
7918 0.016463 1 
7918 0.027022 0 
7919 0.021649 1 
7920 0.017215 1 
7919 0.035259 0 
7920 0.018950 0 
7921 0.011355 1 
7921 0.020238 0 
7922 0.010023 1 
7922 0.021223 0 
7923 0.026268 1 
7924 0.028481 1 
7923 0.072327 0 
7924 0.055100 0 
7925 0.042092 0 
7926 0.025826 0 
7927 0.009709 0 
7929 0.032382 0 
7925 0.101201 1 
7926 0.084909 1 
7927 0.068731 1 
7930 0.076599 0 
7931 0.060292 0 
7932 0.043908 0 
7933 0.027139 0 
7929 0.109811 1 
7930 0.100212 1 
7931 0.084014 1 
7932 0.067766 1 
7933 0.050903 1 
7934 0.034640 0 
7935 0.018363 0 
7934 0.066038 1 
7935 0.049798 1 
7937 0.016973 1 
7937 0.031210 0 
7938 0.014959 0 
7939 0.010722 1 
7940 0.018422 1 
7939 0.053582 0 
7940 0.036927 0 
7942 0.011545 1 
7942 0.020200 0 
7943 0.015222 1 
7944 0.039709 0 
7945 0.023397 0 
7944 0.054345 1 
7947 0.009230 0 
7948 0.021740 0 
7945 0.075822 1 
7947 0.070702 1 
7948 0.054327 1 
7949 0.038043 0 
7949 0.039997 1 
7950 0.023838 1 
7950 0.045542 0 
7951 0.029266 0 
7952 0.013055 0 
7954 0.026272 0 
7955 0.009967 0 
7951 0.089350 1 
7952 0.073056 1 
7956 0.026744 0 
7954 0.066965 1 
7955 0.050646 1 
7956 0.040993 1 
7957 0.024609 1 
7957 0.030220 0 
7958 0.013992 0 
7958 0.024226 1 
7959 0.009423 1 
7960 0.012850 0 
7961 0.007736 0 
7960 0.033916 1 
7961 0.017464 1 
7962 0.015698 1 
7962 0.019252 0 
7964 0.008981 0 
7964 0.018199 1 
7965 0.013289 1 
7966 0.020468 1 
7965 0.049750 0 
7966 0.032726 0 
7967 0.017215 0 
7968 0.013828 0 
7969 0.010185 0 
7967 0.048050 1 
7968 0.032750 1 
7970 0.020842 0 
7969 0.047926 1 
7970 0.031662 1 
7971 0.031415 0 
7972 0.015148 0 
7973 0.015748 0 
7974 0.026663 0 
7972 0.059374 1 
7973 0.043137 1 
7975 0.017532 0 
7975 0.028138 1 
7976 0.012339 1 
7976 0.027848 0 
7977 0.011497 0 
7978 0.019816 0 
7978 0.049383 1 
7979 0.033066 1 
7979 0.033538 0 
7980 0.017205 0 
7980 0.021671 1 
7981 0.016771 1 
7982 0.016223 1 
7981 0.037290 0 
7983 0.013773 0 
7983 0.015558 1 
7984 0.009475 0 
7984 0.016284 1 
7985 0.018497 1 
7985 0.035382 0 
7986 0.019121 0 
7986 0.027577 1 
7987 0.011308 1 
7987 0.024707 0 
7988 0.023399 1 
7988 0.027690 0 
7989 0.012044 0 
7991 0.011389 1 
7991 0.016530 0 
7992 0.027194 1 
7993 0.018714 1 
7994 0.009440 1 
7992 0.050798 0 
7993 0.034532 0 
7995 0.010429 1 
7996 0.010584 1 
7997 0.005384 1 
7994 0.072045 0 
7995 0.055124 0 
7996 0.039135 0 
7997 0.032368 0 
7998 0.016027 0 
8000 0.013881 1 
8000 0.019893 0 
8001 0.005838 1 
8001 0.024019 0 
8002 0.017267 0 
8003 0.012812 0 
8005 0.013925 1 
8005 0.028620 0 
8007 0.015389 0 
8008 0.029273 1 
8009 0.023765 1 
8008 0.056736 0 
8010 0.033807 1 
8009 0.058186 0 
8010 0.041299 0 
8013 0.027426 1 
8014 0.012245 1 
8013 0.034189 0 
8014 0.017917 0 
8015 0.010446 0 
8015 0.055230 1 
8016 0.042736 0 
8017 0.026260 0 
8016 0.046833 1 
8017 0.030447 1 
8018 0.014007 1 
8018 0.017955 0 
8019 0.015876 1 
8020 0.010633 1 
8019 0.030061 0 
8020 0.013732 0 
8021 0.008610 1 
8021 0.010140 0 
8022 0.023747 1 
8022 0.031226 0 
8023 0.014962 0 
8023 0.043315 1 
8024 0.029504 1 
8024 0.042657 0 
8026 0.010073 0 
8028 0.010135 1 
8028 0.017393 0 
8029 0.011250 1 
8029 0.018414 0 
8030 0.020473 1 
8031 0.008797 1 
8030 0.034052 0 
8031 0.017753 0 
8032 0.009287 1 
8032 0.027460 0 
8033 0.011169 0 
8033 0.012679 1 
8034 0.013536 1 
8034 0.019108 0 
8036 0.020911 1 
8037 0.013165 1 
8037 0.022189 0 
8038 0.010863 1 
8038 0.021721 0 
8039 0.011783 0 
8039 0.015695 1 
8040 0.009594 1 
8040 0.016196 0 
8041 0.013226 0 
8041 0.018461 1 
8042 0.010422 1 
8042 0.012449 0 
8043 0.010946 0 
8043 0.018164 1 
8044 0.007990 1 
8045 0.013171 1 
8045 0.031986 0 
8046 0.019410 1 
8047 0.006942 1 
8046 0.028504 0 
8047 0.012206 0 
8048 0.022617 0 
8049 0.016619 1 
8050 0.004520 1 
8050 0.024435 0 
8052 0.011905 1 
8053 0.008464 1 
8052 0.047559 0 
8054 0.018053 1 
8053 0.045294 0 
8054 0.028823 0 
8055 0.015578 0 
8056 0.006776 1 
8057 0.012441 1 
8056 0.038428 0 
8057 0.022169 0 
8058 0.014743 1 
8059 0.010010 1 
8058 0.036408 0 
8059 0.020173 0 
8060 0.012555 1 
8060 0.021576 0 
8061 0.011000 0 
8063 0.009116 1 
8065 0.009985 1 
8063 0.050530 0 
8065 0.017963 0 
8066 0.018140 1 
8067 0.009405 1 
8067 0.037322 0 
8068 0.021067 0 
8069 0.020515 0 
8070 0.026304 0 
8069 0.049667 1 
8070 0.033336 1 
8071 0.017157 1 
8071 0.028057 0 
8073 0.032446 0 
8074 0.027432 0 
8075 0.010176 0 
8074 0.047123 1 
8075 0.047695 1 
8076 0.034716 0 
8076 0.041260 1 
8078 0.013782 0 
8080 0.009834 0 
8080 0.015819 1 
8081 0.010741 1 
8081 0.021090 0 
8082 0.007917 1 
8082 0.017871 0 
8084 0.009182 1 
8085 0.015098 1 
8085 0.022103 0 
8086 0.023917 0 
8086 0.025464 1 
8088 0.010565 1 
8088 0.027488 0 
8089 0.010258 1 
8090 0.007414 1 
8089 0.026796 0 
8090 0.045309 0 
8091 0.029152 0 
8092 0.020394 0 
8091 0.041881 1 
8093 0.018409 1 
8094 0.017133 1 
8093 0.044703 0 
8094 0.027824 0 
8095 0.017043 1 
8096 0.010313 1 
8097 0.014066 1 
8096 0.040725 0 
8097 0.024477 0 
8098 0.023023 1 
8099 0.017966 1 
8100 0.010961 1 
8098 0.056072 0 
8099 0.039845 0 
8101 0.015805 1 
8102 0.006420 1 
8100 0.047200 0 
8103 0.008867 1 
8102 0.028800 0 
8103 0.021473 0 
8104 0.026581 0 
8104 0.027364 1 
8105 0.027616 1 
8105 0.029016 0 
8107 0.008760 1 
8107 0.013730 0 
8108 0.007658 1 
8109 0.008497 1 
8108 0.025479 0 
8110 0.037875 1 
8110 0.039946 0 
8111 0.023642 0 
8111 0.030215 1 
8112 0.013419 1 
8112 0.013763 0 
8113 0.008490 1 
8113 0.034679 0 
8115 0.008354 1 
8115 0.011887 0 
8116 0.010082 0 
8116 0.010141 1 
8117 0.018830 1 
8118 0.011661 1 
8117 0.039232 0 
8118 0.022943 0 
8119 0.008484 1 
8119 0.027978 0 
8120 0.030713 1 
8121 0.014358 1 
8120 0.035437 0 
8121 0.019074 0 
8122 0.012573 1 
8122 0.026788 0 
8123 0.010298 0 
8124 0.010956 1 
8124 0.016202 0 
8125 0.007699 1 
8125 0.013379 0 
8126 0.011239 0 
8126 0.015071 1 
8128 0.021933 1 
8128 0.027209 0 
8129 0.027955 1 
8130 0.017444 1 
8129 0.047011 0 
8131 0.019158 1 
8132 0.009599 1 
8131 0.043764 0 
8132 0.027442 0 
8133 0.011188 1 
8133 0.029028 0 
8134 0.014201 1 
8134 0.034422 0 
8136 0.017904 1 
8136 0.025423 0 
8137 0.009148 0 
8137 0.011005 1 
8138 0.010705 1 
8138 0.017164 0 
8139 0.018742 0 
8139 0.021340 1 
8141 0.021691 0 
8141 0.023354 1 
8142 0.019944 1 
8142 0.020210 0 
8143 0.008044 1 
8144 0.011693 1 
8144 0.034314 0 
8146 0.012269 1 
8146 0.014695 0 
8147 0.046505 1 
8148 0.030334 1 
8149 0.014166 1 
8150 0.014792 1 
8147 0.090438 0 
8148 0.074248 0 
8149 0.058068 0 
8150 0.041757 0 
8151 0.025541 0 
8151 0.034449 1 
8153 0.017102 1 
8153 0.034055 0 
8154 0.022154 0 
8154 0.043885 1 
8155 0.031644 1 
8156 0.015379 1 
8157 0.015440 1 
8155 0.053495 0 
8156 0.037431 0 
8157 0.021047 0 
8158 0.008082 0 
8158 0.010944 1 
8159 0.012488 1 
8159 0.018995 0 
8160 0.013576 1 
8160 0.015012 0 
8161 0.006764 0 
8161 0.018856 1 
8163 0.014828 1 
8164 0.010902 1 
8165 0.009699 1 
8163 0.049853 0 
8164 0.037686 0 
8165 0.021420 0 
8166 0.009822 0 
8166 0.023085 1 
8167 0.025671 1 
8167 0.032914 0 
8168 0.016690 0 
8168 0.017154 1 
8169 0.010494 1 
8169 0.017694 0 
8170 0.005278 0 
8170 0.011852 1 
8171 0.008267 1 
8171 0.027238 0 
8172 0.010759 0 
8172 0.027654 1 
8173 0.020200 1 
8173 0.024819 0 
8174 0.016250 1 
8175 0.016639 1 
8174 0.038641 0 
8175 0.022249 0 
8176 0.015579 1 
8177 0.009941 1 
8176 0.027325 0 
8177 0.011186 0 
8178 0.007997 1 
8178 0.015296 0 
8179 0.012858 0 
8179 0.015220 1 
8180 0.012554 1 
8180 0.024810 0 
8181 0.010433 1 
8181 0.032109 0 
8182 0.015839 0 
8182 0.018546 1 
8183 0.011915 1 
8183 0.015201 0 
8184 0.009513 1 
8184 0.026680 0 
8185 0.029974 1 
8185 0.030996 0 
8186 0.014298 0 
8186 0.022316 1 
8187 0.008546 1 
8188 0.016934 1 
8188 0.020318 0 
8190 0.017531 0 
8190 0.023427 1 
8191 0.022917 1 
8191 0.033528 0 
8192 0.017132 0 
8192 0.025594 1 
8193 0.015028 1 
8194 0.010755 1 
8193 0.028412 0 
8194 0.012196 0 
8195 0.011879 1 
8196 0.011184 1 
8195 0.029767 0 
8196 0.013460 0 
8197 0.004543 0 
8197 0.043055 1 
8199 0.020094 1 
8199 0.028782 0 
8200 0.012419 0 
8200 0.022225 1 
8201 0.014239 1 
8201 0.018953 0 
8202 0.030156 0 
8204 0.011864 1 
8204 0.020701 0 
8206 0.017117 0 
8206 0.043022 1 
8207 0.029532 0 
8208 0.012930 0 
8209 0.005709 0 
8207 0.057233 1 
8208 0.040647 1 
8209 0.043820 1 
8212 0.019900 1 
8212 0.024286 0 
8213 0.010786 1 
8213 0.012983 0 
8214 0.016578 1 
8214 0.021158 0 
8215 0.043080 0 
8216 0.026743 0 
8217 0.018551 0 
8215 0.053621 1 
8216 0.037383 1 
8217 0.031027 1 
8218 0.021709 1 
8219 0.011521 1 
8218 0.031821 0 
8219 0.015579 0 
8220 0.017311 0 
8221 0.009849 1 
8221 0.028235 0 
8222 0.011972 0 
8223 0.018476 1 
8223 0.020301 0 
8225 0.009368 0 
8225 0.017099 1 
8227 0.011521 1 
8228 0.016424 1 
8227 0.033141 0 
8228 0.016532 0 
8229 0.007696 0 
8229 0.018045 1 
8230 0.017567 1 
8231 0.011619 1 
8230 0.029319 0 
8232 0.006639 0 
8232 0.012640 1 
8233 0.008478 1 
8233 0.021963 0 
8235 0.010624 1 
8236 0.014422 1 
8237 0.008732 1 
8235 0.043391 0 
8237 0.011224 0 
8238 0.014456 1 
8239 0.011333 1 
8238 0.028494 0 
8239 0.012307 0 
8240 0.006124 1 
8240 0.032317 0 
8241 0.016094 0 
8241 0.032727 1 
8242 0.022120 1 
8243 0.008536 1 
8242 0.037666 0 
8243 0.021418 0 
8244 0.013075 1 
8244 0.030926 0 
8245 0.014994 0 
8246 0.008029 1 
8246 0.024586 0 
8247 0.008392 0 
8247 0.020145 1 
8248 0.015145 1 
8248 0.033985 0 
8249 0.021611 1 
8249 0.031808 0 
8251 0.033844 1 
8252 0.035030 1 
8251 0.056922 0 
8253 0.038773 1 
8254 0.025107 1 
8255 0.016641 1 
8256 0.016076 1 
8252 0.085315 0 
8253 0.069407 0 
8254 0.053211 0 
8255 0.036971 0 
8257 0.010498 1 
8256 0.029599 0 
8258 0.010818 1 
8258 0.020120 0 
8259 0.013216 1 
8259 0.017278 0 
8260 0.020406 0 
8260 0.029827 1 
8262 0.020164 1 
8264 0.009659 1 
8262 0.045494 0 
8264 0.025324 0 
8265 0.009009 0 
8266 0.018292 0 
8265 0.043979 1 
8266 0.027672 1 
8267 0.029932 0 
8268 0.013672 0 
8269 0.012828 0 
8267 0.067503 1 
8270 0.023228 0 
8268 0.066027 1 
8269 0.048996 1 
8270 0.032852 1 
8272 0.044362 0 
8273 0.028117 0 
8274 0.022758 0 
8272 0.058206 1 
8273 0.042291 1 
8274 0.026036 1 
8275 0.023895 1 
8275 0.029203 0 
8277 0.026038 0 
8277 0.039282 1 
8279 0.022357 0 
8280 0.014187 0 
8279 0.058786 1 
8280 0.042614 1 
8281 0.026694 0 
8283 0.017000 0 
8283 0.030064 1 
8284 0.017007 0 
8284 0.022697 1 
8285 0.035704 0 
8287 0.010522 0 
8285 0.043140 1 
8287 0.026588 1 
8288 0.016869 0 
8289 0.016599 1 
8289 0.016662 0 
8290 0.024278 1 
8290 0.024347 0 
8291 0.011754 0 
8291 0.039915 1 
8292 0.024914 1 
8292 0.035095 0 
8293 0.018802 0 
8293 0.021428 1 
8294 0.008040 0 
8294 0.024999 1 
8295 0.025763 1 
8295 0.033417 0 
8296 0.016986 0 
8297 0.010117 0 
8297 0.031765 1 
8298 0.027034 1 
8298 0.039222 0 
8299 0.022846 0 
8300 0.019932 0 
8301 0.028026 0 
8300 0.059408 1 
8301 0.043196 1 
8302 0.026903 1 
8302 0.050377 0 
8303 0.034173 0 
8304 0.035130 0 
8304 0.048947 1 
8306 0.029869 1 
8307 0.023424 1 
8308 0.016109 1 
8306 0.053849 0 
8307 0.037561 0 
8308 0.021291 0 
8309 0.015434 0 
8310 0.016429 0 
8309 0.040291 1 
8310 0.024043 1 
8311 0.019969 0 
8311 0.036674 1 
8312 0.024718 1 
8312 0.030897 0 
8314 0.014005 1 
8314 0.029675 0 
8315 0.013201 0 
8315 0.031414 1 
8316 0.026174 0 
8317 0.009818 0 
8316 0.054907 1 
8317 0.038563 1 
8318 0.022401 1 
8318 0.030226 0 
8319 0.019635 0 
8320 0.029234 0 
8321 0.012875 0 
8319 0.047982 1 
8320 0.031789 1 
8322 0.016028 0 
8321 0.036512 1 
8322 0.036296 1 
8323 0.028098 1 
8324 0.011832 1 
8323 0.044821 0 
8324 0.028534 0 
8325 0.012273 0 
8325 0.018738 1 
8327 0.022195 0 
8328 0.006043 0 
8327 0.042906 1 
8328 0.026743 1 
8329 0.038687 0 
8330 0.035137 0 
8331 0.019013 0 
8329 0.054315 1 
8330 0.038070 1 
8331 0.028849 1 
8332 0.030302 0 
8333 0.014006 0 
8332 0.037716 1 
8333 0.021762 1 
8335 0.045900 0 
8336 0.029709 0 
8337 0.013357 0 
8335 0.051827 1 
8336 0.035841 1 
8338 0.022712 0 
8340 0.029026 0 
8341 0.012780 0 
8342 0.021465 0 
8337 0.106306 1 
8338 0.089996 1 
8343 0.017462 0 
8345 0.011295 0 
8340 0.105258 1 
8341 0.089021 1 
8346 0.030109 0 
8347 0.014232 0 
8348 0.007723 0 
8342 0.119441 1 
8343 0.103689 1 
8345 0.071230 1 
8346 0.056628 1 
8347 0.049455 1 
8348 0.034135 1 
8349 0.022752 0 
8350 0.006576 0 
8350 0.057745 1 
8352 0.031568 0 
8353 0.015298 0 
8352 0.046708 1 
8353 0.030520 1 
8354 0.016449 0 
8354 0.026181 1 
8355 0.009798 1 
8355 0.026557 0 
8356 0.010215 0 
8356 0.026220 1 
8357 0.018894 1 
8358 0.014972 1 
8358 0.020995 0 
8359 0.010006 0 
8359 0.019960 1 
8360 0.027428 1 
8362 0.015064 1 
8360 0.050743 0 
8362 0.019154 0 
8363 0.016113 1 
8363 0.017486 0 
8364 0.011461 1 
8365 0.006847 1 
8364 0.039726 0 
8365 0.023501 0 
8366 0.017220 1 
8367 0.020482 1 
8366 0.050292 0 
8367 0.034083 0 
8368 0.017398 0 
8368 0.020571 1 
8369 0.012842 1 
8370 0.013982 1 
8369 0.042815 0 
8371 0.012678 1 
8371 0.013917 0 
8372 0.014696 1 
8372 0.030690 0 
8373 0.014447 0 
8373 0.016572 1 
8374 0.009523 1 
8374 0.020925 0 
8375 0.021556 0 
8376 0.016001 0 
8376 0.024241 1 
8377 0.009610 1 
8377 0.015179 0 
8378 0.024648 1 
8378 0.027664 0 
8379 0.011921 0 
8379 0.028564 1 
8380 0.012321 1 
8381 0.014741 1 
8380 0.035262 0 
8381 0.018975 0 
8382 0.015840 1 
8383 0.010504 1 
8382 0.036820 0 
8383 0.026258 0 
8384 0.014710 0 
8385 0.005401 0 
8384 0.032430 1 
8385 0.026981 1 
8386 0.022266 1 
8387 0.019478 1 
8387 0.021012 0 
8389 0.014821 1 
8389 0.020656 0 
8390 0.009703 1 
8390 0.016734 0 
8391 0.034939 1 
8391 0.042400 0 
8392 0.026121 0 
8392 0.036398 1 
8393 0.020200 0 
8394 0.006786 0 
8393 0.031564 1 
8395 0.009912 0 
8394 0.026271 1 
8395 0.010818 1 
8396 0.019617 0 
8396 0.022777 1 
8398 0.020310 1 
8399 0.012097 1 
8398 0.035337 0 
8399 0.020873 0 
8400 0.004680 0 
8400 0.011633 1 
8401 0.021915 0 
8403 0.026664 1 
8403 0.048100 0 
8405 0.022168 1 
8405 0.027288 0 
8406 0.030499 1 
8406 0.039556 0 
8407 0.023089 0 
8407 0.030727 1 
8408 0.016609 1 
8408 0.032427 0 
8411 0.027934 1 
8412 0.015545 1 
8411 0.034554 0 
8412 0.018366 0 
8413 0.018586 0 
8414 0.038990 1 
8415 0.022621 1 
8414 0.044762 0 
8415 0.028383 0 
8416 0.012115 0 
8416 0.024971 1 
8417 0.016928 0 
8417 0.024448 1 
8418 0.017096 1 
8419 0.014570 0 
8419 0.022880 1 
8420 0.012238 1 
8420 0.018328 0 
8421 0.007209 1 
8421 0.023849 0 
8422 0.006755 0 
8422 0.027566 1 
8424 0.018187 1 
8424 0.019214 0 
8426 0.018972 1 
8427 0.013467 1 
8426 0.033183 0 
8427 0.016947 0 
8428 0.009547 0 
8428 0.021340 1 
8429 0.021581 1 
8430 0.015927 1 
8430 0.023395 0 
8431 0.007151 0 
8431 0.014356 1 
8432 0.013299 1 
8432 0.035090 0 
8434 0.020381 0 
8434 0.024472 1 
8435 0.023741 1 
8436 0.010071 1 
8435 0.028735 0 
8436 0.012554 0 
8437 0.026593 0 
8438 0.010477 0 
8438 0.012935 1 
8439 0.009603 1 
8439 0.021384 0 
8440 0.020179 1 
8440 0.041114 0 
8441 0.025296 0 
8442 0.014536 0 
8441 0.032629 1 
8443 0.015076 1 
8444 0.017028 1 
8445 0.022342 1 
8446 0.008777 1 
8443 0.080590 0 
8447 0.030062 1 
8444 0.093304 0 
8445 0.077009 0 
8446 0.060667 0 
8447 0.044445 0 
8448 0.028147 0 
8448 0.054184 1 
8450 0.026284 0 
8451 0.034907 0 
8452 0.018079 0 
8450 0.056444 1 
8451 0.044947 1 
8453 0.021406 0 
8452 0.052831 1 
8453 0.036576 1 
8454 0.021906 0 
8454 0.027865 1 
8455 0.011817 1 
8456 0.010966 0 
8456 0.016414 1 
8457 0.020978 1 
8458 0.015510 1 
8457 0.038560 0 
8458 0.022403 0 
8459 0.012310 0 
8459 0.061207 1 
8461 0.028573 1 
8461 0.037393 0 
8463 0.032127 0 
8464 0.016402 0 
8464 0.019456 1 
8465 0.010552 0 
8465 0.022195 1 
8466 0.026507 1 
8467 0.015754 1 
8466 0.038277 0 
8467 0.022038 0 
8468 0.008889 1 
8468 0.009039 0 
8469 0.012725 0 
8469 0.027802 1 
8471 0.016999 1 
8472 0.022088 1 
8471 0.041706 0 
8473 0.016805 0 
8474 0.018905 1 
8476 0.021635 1 
8476 0.023910 0 
8478 0.014980 1 
8479 0.019715 1 
8480 0.010498 1 
8479 0.050516 0 
8480 0.034002 0 
8482 0.025375 1 
8483 0.011214 1 
8483 0.019457 0 
8484 0.025702 1 
8486 0.009960 1 
8484 0.064745 0 
8486 0.031926 0 
8487 0.016384 0 
8487 0.021876 1 
8488 0.013683 1 
8488 0.019732 0 
8489 0.014385 1 
8489 0.036749 0 
8490 0.020395 0 
8491 0.009827 0 
8491 0.024155 1 
8492 0.026031 1 
8492 0.037879 0 
8493 0.021574 0 
8494 0.018177 1 
8494 0.026013 0 
8495 0.009734 0 
8495 0.020517 1 
8496 0.007523 1 
8496 0.024882 0 
8497 0.007923 0 
8497 0.026974 1 
8498 0.023980 1 
8498 0.024016 0 
8499 0.007800 0 
8499 0.020098 1 
8500 0.021161 1 
8500 0.042699 0 
8501 0.030560 0 
8502 0.013882 0 
8501 0.052130 1 
8502 0.035454 1 
8503 0.029904 1 
8503 0.043223 0 
8505 0.025819 1 
8506 0.016821 1 
8507 0.022101 1 
8508 0.012920 1 
8505 0.068733 0 
8506 0.052403 0 
8507 0.035517 0 
8508 0.019333 0 
8509 0.017050 0 
8510 0.006708 0 
8509 0.041496 1 
8510 0.033031 1 
8511 0.016863 1 
8513 0.011110 0 
8513 0.028114 1 
8514 0.011844 1 
8514 0.042024 0 
8515 0.026226 0 
8516 0.009890 0 
8515 0.042819 1 
8516 0.037751 1 
8517 0.021418 1 
8518 0.016336 1 
8518 0.026816 0 
8519 0.010466 0 
8519 0.014543 1 
8520 0.013108 1 
8520 0.017609 0 
8521 0.012788 0 
8522 0.007032 0 
8522 0.024735 1 
8523 0.015148 1 
8523 0.021983 0 
8524 0.013689 1 
8524 0.030402 0 
8526 0.016682 1 
8526 0.035793 0 
8527 0.019384 0 
8528 0.015179 0 
8528 0.032948 1 
8529 0.034450 1 
8530 0.018177 1 
8531 0.010519 1 
8529 0.058896 0 
8530 0.042622 0 
8531 0.026562 0 
8532 0.010037 0 
8532 0.016649 1 
8534 0.025625 1 
8534 0.035884 0 
8535 0.019588 0 
8535 0.026890 1 
8536 0.014106 1 
8536 0.016311 0 
8537 0.012403 1 
8539 0.019975 1 
8537 0.060511 0 
8539 0.027967 0 
8540 0.029620 0 
8541 0.013404 0 
8540 0.041475 1 
8542 0.011930 0 
8541 0.041342 1 
8542 0.032576 1 
8544 0.020597 1 
8544 0.024308 0 
8545 0.007882 0 
8545 0.013440 1 
8546 0.023336 1 
8546 0.030330 0 
8547 0.014163 0 
8547 0.016471 1 
8548 0.004933 0 
8548 0.015143 1 
8549 0.015626 1 
8549 0.034372 0 
8551 0.019526 0 
8552 0.032202 0 
8553 0.015858 0 
8554 0.034204 0 
8555 0.017972 0 
8551 0.083939 1 
8552 0.067440 1 
8553 0.057140 1 
8554 0.040950 1 
8555 0.024795 1 
8556 0.012834 0 
8557 0.008116 0 
8556 0.042546 1 
8558 0.028049 0 
8559 0.011795 0 
8557 0.050899 1 
8558 0.049490 1 
8559 0.033386 1 
8561 0.011189 1 
8562 0.010818 1 
8563 0.010026 1 
8561 0.051172 0 
8562 0.034632 0 
8563 0.018396 0 
8564 0.011917 1 
8564 0.015113 0 
8565 0.017972 0 
8565 0.018538 1 
8566 0.026417 1 
8566 0.027915 0 
8567 0.016538 1 
8568 0.013542 1 
8567 0.030902 0 
8568 0.014415 0 
8569 0.018117 1 
8570 0.009028 1 
8569 0.045386 0 
8570 0.029046 0 
8571 0.012811 0 
8571 0.022308 1 
8572 0.010816 0 
8573 0.011820 0 
8574 0.023654 0 
8575 0.007413 0 
8572 0.071281 1 
8573 0.055071 1 
8576 0.022419 0 
8575 0.040900 1 
8577 0.035612 0 
8578 0.018790 0 
8578 0.019056 1 
8579 0.005408 0 
8579 0.018322 1 
8580 0.015513 1 
8580 0.025517 0 
8581 0.009241 0 
8581 0.020360 1 
8582 0.012563 0 
8582 0.025080 1 
8583 0.008548 0 
8583 0.014546 1 
8584 0.010477 0 
8584 0.021311 1 
8585 0.007477 0 
8585 0.019658 1 
8586 0.011513 1 
8586 0.023298 0 
8588 0.016243 1 
8589 0.009870 1 
8588 0.046375 0 
8589 0.030045 0 
8590 0.014147 0 
8590 0.037534 1 
8591 0.032486 0 
8592 0.016223 0 
8593 0.022064 1 
8593 0.024258 0 
8594 0.017315 0 
8594 0.027172 1 
8595 0.011089 1 
8595 0.011936 0 
8597 0.015416 0 
8597 0.038347 1 
8598 0.022032 1 
8599 0.011402 1 
8598 0.028410 0 
8599 0.012257 0 
8600 0.006992 0 
8602 0.008230 0 
8602 0.055462 1 
8604 0.043732 0 
8605 0.027341 0 
8606 0.018400 0 
8607 0.022243 0 
8604 0.074545 1 
8605 0.073083 1 
8606 0.056576 1 
8607 0.040287 1 
8610 0.014004 0 
8610 0.027137 1 
8611 0.012363 1 
8611 0.030632 0 
8612 0.014208 0 
8612 0.048033 1 
8613 0.031768 1 
8614 0.019602 1 
8613 0.036114 0 
8614 0.023555 0 
8615 0.022805 0 
8616 0.006852 0 
8615 0.036442 1 
8616 0.020489 1 
8617 0.025589 0 
8618 0.009176 1 
8618 0.021318 0 
8619 0.015336 1 
8619 0.018201 0 
8620 0.010833 1 
8620 0.017741 0 
8621 0.007824 0 
8621 0.014494 1 
8623 0.006592 0 
8623 0.021695 1 
8625 0.011992 1 
8625 0.018839 0 
8626 0.016176 1 
8627 0.009530 1 
8626 0.030407 0 
8627 0.014000 0 
8628 0.010596 0 
8629 0.011804 0 
8629 0.020494 1 
8630 0.006900 1 
8630 0.011854 0 
8631 0.013062 1 
8633 0.011961 1 
8631 0.048900 0 
8633 0.016341 0 
8634 0.020356 0 
8635 0.022748 0 
8636 0.006937 0 
8635 0.026016 1 
8636 0.017371 1 
8637 0.014087 1 
8637 0.017929 0 
8638 0.009745 1 
8638 0.010336 0 
8639 0.005937 0 
8639 0.012591 1 
8640 0.028193 1 
8640 0.031955 0 
8641 0.015668 0 
8641 0.035150 1 
8642 0.020039 1 
8643 0.007047 1 
8642 0.033011 0 
8643 0.016423 0 
8644 0.014009 1 
8644 0.017892 0 
8645 0.013043 1 
8646 0.006735 1 
8645 0.040883 0 
8646 0.024614 0 
8647 0.016007 0 
8647 0.029614 1 
8649 0.022802 0 
8650 0.014754 0 
8649 0.035607 1 
8650 0.029676 1 
8651 0.015247 1 
8652 0.008183 1 
8653 0.018719 1 
8651 0.053989 0 
8652 0.037930 0 
8653 0.021293 0 
8654 0.009333 0 
8654 0.030530 1 
8655 0.014377 1 
8656 0.019137 0 
8656 0.021328 1 
8657 0.011880 1 
8657 0.025898 0 
8658 0.009618 0 
8660 0.019011 1 
8660 0.029766 0 
8662 0.012605 1 
8662 0.023526 0 
8663 0.012238 1 
8663 0.014569 0 
8664 0.013424 0 
8665 0.014597 0 
8665 0.016581 1 
8666 0.007339 0 
8667 0.016619 1 
8667 0.028524 0 
8668 0.012237 0 
8668 0.012411 1 
8670 0.019600 0 
8671 0.011096 0 
8672 0.013448 1 
8672 0.018522 0 
8673 0.013725 0 
8673 0.018675 1 
8675 0.010657 1 
8675 0.020651 0 
8677 0.018542 1 
8677 0.031619 0 
8678 0.015069 0 
8679 0.008167 0 
8681 0.014628 0 
8678 0.083835 1 
8679 0.067655 1 
8681 0.039924 1 
8682 0.023617 1 
8682 0.035338 0 
8683 0.018811 0 
8685 0.010802 0 
8686 0.035755 0 
8687 0.019398 0 
8688 0.033052 0 
8689 0.016914 0 
8685 0.090681 1 
8690 0.011849 0 
8691 0.012347 0 
8686 0.096139 1 
8687 0.079769 1 
8688 0.063558 1 
8689 0.047276 1 
8690 0.048158 1 
8691 0.036847 1 
8692 0.020514 1 
8693 0.027134 1 
8692 0.051253 0 
8693 0.035061 0 
8694 0.018884 0 
8694 0.029485 1 
8695 0.014635 1 
8695 0.022466 0 
8696 0.029121 1 
8697 0.031842 1 
8696 0.048537 0 
8698 0.024351 0 
8699 0.007913 0 
8699 0.023123 1 
8700 0.014111 1 
8701 0.008680 1 
8700 0.028876 0 
8701 0.017922 0 
8702 0.010028 0 
8702 0.015910 1 
8704 0.019630 0 
8705 0.017966 0 
8704 0.038005 1 
8706 0.010989 1 
8707 0.014355 1 
8707 0.021401 0 
8708 0.009903 1 
8708 0.020337 0 
8709 0.016130 1 
8709 0.026614 0 
8710 0.010797 0 
8710 0.019032 1 
8712 0.020620 1 
8712 0.025716 0 
8713 0.007682 0 
8713 0.025870 1 
8714 0.012325 1 
8714 0.014905 0 
8715 0.015216 0 
8716 0.014510 0 
8716 0.016444 1 
8717 0.009367 1 
8718 0.010579 1 
8717 0.035079 0 
8718 0.018894 0 
8719 0.010345 0 
8719 0.017468 1 
8720 0.007745 1 
8721 0.015042 1 
8721 0.025091 0 
8722 0.021475 1 
8722 0.031083 0 
8723 0.014607 0 
8723 0.031604 1 
8725 0.008301 1 
8725 0.013118 0 
8726 0.011286 0 
8726 0.019286 1 
8727 0.010787 1 
8727 0.010855 0 
8728 0.010858 0 
8728 0.029555 1 
8729 0.016319 1 
8730 0.011137 1 
8731 0.020393 1 
8730 0.038116 0 
8731 0.021913 0 
8733 0.006620 1 
8733 0.022486 0 
8734 0.035475 0 
8735 0.019689 0 
8734 0.042240 1 
8735 0.025935 1 
8736 0.029893 1 
8736 0.041481 0 
8738 0.015826 1 
8739 0.014302 1 
8738 0.030868 0 
8739 0.014524 0 
8740 0.015301 1 
8741 0.009860 0 
8741 0.026303 1 
8743 0.010424 1 
8743 0.026636 0 
8744 0.010247 0 
8745 0.010318 1 
8746 0.032056 0 
8747 0.015839 0 
8748 0.035388 0 
8750 0.014887 0 
8751 0.010797 0 
8752 0.025917 0 
8753 0.009588 0 
8746 0.140481 1 
8747 0.136889 1 
8754 0.032971 0 
8755 0.015716 0 
8756 0.019320 0 
8757 0.033399 0 
8758 0.017621 0 
8748 0.184782 1 
8750 0.152174 1 
8751 0.135950 1 
8752 0.138251 1 
8753 0.121913 1 
8754 0.105612 1 
8755 0.088436 1 
8756 0.072366 1 
8760 0.029091 0 
8761 0.019872 0 
8762 0.012351 0 
8757 0.096174 1 
8758 0.080518 1 
8760 0.047811 1 
8761 0.031476 1 
8762 0.029281 1 
8763 0.014734 1 
8763 0.024437 0 
8764 0.008813 1 
8764 0.022690 0 
8765 0.009836 0 
8765 0.013471 1 
8766 0.024781 0 
8767 0.068578 0 
8768 0.060172 0 
8769 0.044519 0 
8770 0.027797 0 
8771 0.011914 0 
8766 0.168409 1 
8772 0.097641 0 
8773 0.081454 0 
8774 0.065182 0 
8775 0.048908 0 
8776 0.032454 0 
8767 0.195926 1 
8768 0.179387 1 
8769 0.163714 1 
8770 0.146883 1 
8771 0.131515 1 
8772 0.115340 1 
8773 0.099216 1 
8774 0.083040 1 
8775 0.067180 1 
8776 0.050745 1 
8777 0.057934 0 
8778 0.042040 0 
8779 0.025872 0 
8777 0.062152 1 
8778 0.046249 1 
8779 0.030108 1 
8780 0.014056 1 
8781 0.010770 1 
8780 0.030416 0 
8781 0.014161 0 
8782 0.011346 1 
8782 0.019265 0 
8783 0.006500 1 
8783 0.007262 0 
8784 0.009604 1 
8784 0.014952 0 
8785 0.018029 1 
8785 0.027132 0 
8787 0.056144 0 
8788 0.041504 0 
8789 0.027802 0 
8790 0.011555 0 
8791 0.034212 0 
8792 0.018641 0 
8793 0.019336 0 
8794 0.037951 0 
8796 0.010726 0 
8787 0.184878 1 
8788 0.168607 1 
8789 0.152424 1 
8790 0.136264 1 
8791 0.119443 1 
8792 0.103945 1 
8793 0.087394 1 
8797 0.025875 0 
8798 0.009727 0 
8794 0.084883 1 
8796 0.052378 1 
8797 0.036220 1 
8799 0.032704 0 
8801 0.009322 0 
8803 0.017494 0 
8804 0.017593 0 
8803 0.057771 1 
8805 0.040414 0 
8806 0.023440 0 
8809 0.063983 0 
8810 0.047771 0 
8811 0.077093 0 
8812 0.060802 0 
8813 0.044363 0 
8814 0.027429 0 
8804 0.225827 1 
8809 0.160168 1 
8810 0.143878 1 
8811 0.127684 1 
8812 0.111468 1 
8813 0.095130 1 
8815 0.075150 0 
8816 0.058813 0 
8817 0.042500 0 
8818 0.025951 0 
8814 0.100910 1 
8815 0.085149 1 
8816 0.068937 1 
8817 0.052770 1 
8818 0.036178 1 
8819 0.020064 1 
8820 0.012344 0 
8820 0.038900 1 
8822 0.011026 1 
8822 0.011090 0 
8824 0.017110 1 
8825 0.013009 1 
8824 0.031359 0 
8825 0.015736 0 
8826 0.008209 1 
8827 0.005513 0 
8827 0.017318 1 
8828 0.025326 0 
8829 0.019818 0 
8830 0.024777 0 
8832 0.013064 0 
8833 0.010633 0 
8834 0.013532 0 
8835 0.016359 0 
8836 0.044119 0 
8837 0.027678 0 
8838 0.015351 0 
8829 0.173199 1 
8830 0.157029 1 
8839 0.012968 0 
8840 0.037744 0 
8841 0.021343 0 
8832 0.178802 1 
8833 0.162610 1 
8834 0.146304 1 
8835 0.130324 1 
8836 0.113944 1 
8837 0.097451 1 
8838 0.080991 1 
8839 0.063979 1 
8840 0.047855 1 
8841 0.031535 1 
8842 0.015308 1 
8842 0.025941 0 
8843 0.009769 0 
8844 0.010117 0 
8843 0.034030 1 
8844 0.018871 1 
8845 0.019923 0 
8846 0.018670 0 
8848 0.022418 0 
8849 0.039391 0 
8850 0.047938 0 
8851 0.046867 0 
8852 0.030595 0 
8853 0.029528 0 
8854 0.013165 0 
8855 0.015771 0 
8856 0.009834 0 
8848 0.159817 1 
8857 0.028456 0 
8850 0.149632 1 
8851 0.133389 1 
8852 0.117077 1 
8853 0.100754 1 
8854 0.084356 1 
8855 0.076665 1 
8856 0.060370 1 
8857 0.046125 1 
8859 0.027424 0 
8859 0.039782 1 
8861 0.037237 0 
8862 0.021210 0 
8863 0.026164 0 
8864 0.009979 0 
8864 0.022576 1 
8865 0.022247 1 
8866 0.022815 1 
8865 0.040581 0 
8867 0.012130 1 
8867 0.033590 0 
8869 0.014760 0 
8870 0.019264 0 
8871 0.032904 0 
8872 0.016616 0 
8874 0.008273 0 
8869 0.118678 1 
8870 0.101874 1 
8876 0.016243 0 
8877 0.010654 0 
8871 0.143396 1 
8872 0.127102 1 
8874 0.094117 1 
8876 0.061764 1 
8877 0.045732 1 
8878 0.036344 0 
8878 0.036480 1 
8880 0.011584 0 
8881 0.013016 0 
8882 0.016112 0 
8880 0.052369 1 
8884 0.007958 0 
8881 0.089421 1 
8882 0.083806 1 
8884 0.051326 1 
8885 0.035148 1 
8886 0.018947 1 
8887 0.019197 1 
8888 0.018515 1 
8889 0.019335 1 
8885 0.086603 0 
8886 0.070226 0 
8887 0.054148 0 
8888 0.037842 0 
8889 0.023340 0 
8890 0.022564 0 
8891 0.019943 0 
8891 0.021992 1 
8892 0.010784 1 
8893 0.008607 1 
8893 0.023286 0 
8894 0.007017 0 
8894 0.020886 1 
8895 0.008250 1 
8895 0.015818 0 
8896 0.017286 1 
8897 0.027960 1 
8898 0.011622 1 
8899 0.020281 1 
8896 0.073401 0 
8897 0.057415 0 
8898 0.044167 0 
8900 0.017977 1 
8899 0.048630 0 
8900 0.031876 0 
8901 0.015570 0 
8901 0.021161 1 
8903 0.009904 1 
8903 0.021569 0 
8904 0.013968 1 
8905 0.012852 1 
8906 0.007586 1 
8904 0.051473 0 
8905 0.035198 0 
8906 0.019481 0 
8907 0.013565 1 
8908 0.012415 1 
8909 0.013992 1 
8908 0.042995 0 
8909 0.026662 0 
8911 0.006769 1 
8911 0.026537 0 
8912 0.021080 1 
8912 0.021136 0 
8913 0.009517 1 
8914 0.006019 1 
8915 0.011198 1 
8913 0.046475 0 
8914 0.030218 0 
8915 0.014110 0 
8916 0.012751 1 
8917 0.011345 1 
8916 0.042512 0 
8917 0.026449 0 
8918 0.010243 0 
8919 0.023101 1 
8920 0.008296 1 
8919 0.036779 0 
8920 0.020493 0 
8921 0.007856 1 
8921 0.015622 0 
8922 0.020483 1 
8924 0.012403 1 
8925 0.014808 1 
8926 0.006869 1 
8925 0.033236 0 
8926 0.016920 0 
8927 0.019788 1 
8928 0.019729 1 
8929 0.007997 1 
8927 0.047965 0 
8928 0.032034 0 
8929 0.025085 0 
8930 0.008828 1 
8930 0.026338 0 
8932 0.017007 1 
8932 0.032008 0 
8933 0.020922 1 
8934 0.013871 1 
8933 0.040206 0 
8934 0.023885 0 
8935 0.012234 1 
8935 0.027067 0 
8937 0.018727 0 
8938 0.013071 1 
8939 0.011087 1 
8938 0.036176 0 
8939 0.019839 0 
8940 0.012199 1 
8940 0.017022 0 
8942 0.016451 1 
8942 0.021738 0 
8943 0.008554 1 
8944 0.011743 1 
8943 0.030864 0 
8944 0.023531 0 
8945 0.013223 0 
8945 0.020226 1 
8946 0.014949 0 
8947 0.020763 0 
8949 0.013071 0 
8946 0.075867 1 
8947 0.060248 1 
8949 0.027619 1 
8950 0.016676 0 
8951 0.022214 0 
8952 0.023319 0 
8953 0.011934 0 
8950 0.077410 1 
8951 0.061054 1 
8952 0.044755 1 
8953 0.057873 1 
8954 0.040551 1 
8954 0.047847 0 
8955 0.031509 0 
8956 0.015393 0 
8957 0.008883 0 
8959 0.010896 0 
8955 0.088095 1 
8956 0.071901 1 
8957 0.055680 1 
8960 0.017012 1 
8960 0.017227 0 
8961 0.005610 1 
8961 0.040282 0 
8962 0.024004 0 
8962 0.026571 1 
8963 0.014858 1 
8964 0.007547 1 
8963 0.040550 0 
8964 0.024235 0 
8965 0.017530 1 
8965 0.026941 0 
8966 0.012728 1 
8966 0.017116 0 
8967 0.016127 1 
8968 0.007604 1 
8967 0.025794 0 
8968 0.009268 0 
8969 0.010981 1 
8969 0.024428 0 
8970 0.019311 0 
8971 0.010397 0 
8970 0.029583 1 
8971 0.038068 1 
8972 0.021922 1 
8973 0.025979 1 
8972 0.053496 0 
8973 0.037675 0 
8974 0.020699 0 
8974 0.033443 1 
8975 0.017242 1 
8976 0.006879 1 
8977 0.008372 1 
8975 0.045047 0 
8976 0.029403 0 
8977 0.023268 0 
8978 0.019379 1 
8979 0.010687 1 
8980 0.017433 1 
8978 0.053871 0 
8979 0.038115 0 
8980 0.029787 0 
8981 0.014015 0 
8982 0.007772 0 
8982 0.007838 1 
8983 0.020796 1 
8983 0.021070 0 
8984 0.006103 0 
8984 0.013027 1 
8986 0.008757 1 
8987 0.010471 1 
8986 0.034707 0 
8987 0.037036 0 
8988 0.020692 0 
8989 0.021190 0 
8990 0.029012 0 
8991 0.013297 0 
8992 0.057683 0 
8993 0.041437 0 
8995 0.024593 0 
8996 0.011276 0 
8988 0.143241 1 
8989 0.127108 1 
8990 0.110953 1 
8991 0.117526 1 
8992 0.101283 1 
8993 0.085130 1 
8995 0.052031 1 
8996 0.036398 1 
8997 0.020550 0 
8998 0.004346 0 
9000 0.011988 0 
9000 0.016460 1 
9002 0.016236 0 
9003 0.023407 0 
9002 0.048251 1 
9003 0.035604 1 
9004 0.019070 1 
9004 0.030595 0 
9005 0.015189 1 
9005 0.051824 0 
9008 0.052374 0 
9009 0.037135 0 
9010 0.055096 0 
9011 0.038859 0 
9012 0.022540 0 
9013 0.016253 0 
9014 0.043195 0 
9015 0.027021 0 
9016 0.010591 0 
9017 0.006401 0 
9018 0.008518 0 
9008 0.175418 1 
9009 0.159954 1 
9010 0.145166 1 
9011 0.128914 1 
9012 0.112705 1 
9013 0.096491 1 
9014 0.080285 1 
9015 0.064195 1 
9016 0.047868 1 
9017 0.031245 1 
9018 0.016730 1 
9019 0.014782 0 
9021 0.008108 1 
9023 0.009126 1 
9023 0.024014 0 
9024 0.011847 0 
9024 0.027524 1 
9025 0.014452 1 
9026 0.006084 1 
9026 0.011900 0 
9027 0.006511 0 
9027 0.017836 1 
9028 0.009246 1 
9028 0.038582 0 
9029 0.022090 0 
9031 0.011691 0 
9032 0.016463 0 
9033 0.011509 0 
9034 0.023840 0 
9035 0.021901 0 
9036 0.016263 0 
9029 0.133203 1 
9031 0.100603 1 
9032 0.084360 1 
9033 0.067999 1 
9034 0.051634 1 
9035 0.034547 1 
9037 0.011471 0 
9037 0.028578 1 
9038 0.013925 1 
9039 0.015184 1 
9038 0.047572 0 
9039 0.031331 0 
9040 0.015080 1 
9040 0.018559 0 
9041 0.020834 1 
9042 0.006928 1 
9041 0.036724 0 
9043 0.005720 1 
9042 0.031816 0 
9043 0.015136 0 
9044 0.016193 1 
9045 0.006535 1 
9044 0.025023 0 
9045 0.008685 0 
9047 0.019818 0 
9047 0.028026 1 
9048 0.015572 1 
9048 0.016490 0 
9049 0.032476 0 
9050 0.016187 0 
9051 0.010566 0 
9052 0.020471 0 
9053 0.040190 0 
9054 0.023973 0 
9055 0.007634 0 
9056 0.010242 0 
9049 0.145238 1 
9050 0.129035 1 
9051 0.112663 1 
9052 0.096495 1 
9053 0.080631 1 
9054 0.064417 1 
9055 0.048077 1 
9056 0.031768 1 
9058 0.012540 1 
9058 0.018267 0 
9060 0.011569 1 
9061 0.017402 1 
9060 0.033896 0 
9062 0.021832 1 
9063 0.011822 1 
9064 0.006453 1 
9062 0.052237 0 
9063 0.035406 0 
9064 0.019786 0 
9065 0.008464 0 
9065 0.017266 1 
9066 0.015236 1 
9066 0.019307 0 
9068 0.010242 1 
9068 0.017069 0 
9069 0.016573 1 
9069 0.031750 0 
9070 0.014890 0 
9071 0.009859 0 
9073 0.019030 0 
9070 0.119461 1 
9071 0.103329 1 
9075 0.038213 0 
9076 0.021960 0 
9073 0.072031 1 
9077 0.015565 0 
9077 0.022170 1 
9079 0.006368 1 
9080 0.008428 1 
9079 0.025399 0 
9080 0.012223 0 
9081 0.008864 0 
9083 0.010873 1 
9084 0.008837 0 
9085 0.007392 1 
9085 0.025230 0 
9086 0.008807 0 
9086 0.010993 1 
9087 0.021402 0 
9088 0.009560 1 
9088 0.023518 0 
9089 0.012419 1 
9089 0.024910 0 
9090 0.022017 0 
9091 0.026576 0 
9092 0.010265 0 
9093 0.025697 0 
9094 0.009460 0 
9090 0.107619 1 
9091 0.091290 1 
9095 0.031620 0 
9096 0.016106 0 
9092 0.084107 1 
9093 0.067828 1 
9094 0.051460 1 
9096 0.031651 1 
9097 0.020022 1 
9098 0.007938 1 
9097 0.036312 0 
9099 0.009413 1 
9098 0.031955 0 
9099 0.015631 0 
9100 0.018138 1 
9100 0.018421 0 
9102 0.013958 1 
9102 0.016150 0 
9103 0.011317 0 
9103 0.017457 1 
9104 0.013496 1 
9104 0.019052 0 
9105 0.009257 1 
9106 0.016058 1 
9105 0.037558 0 
9106 0.020931 0 
9107 0.007183 1 
9107 0.014956 0 
9108 0.007796 0 
9108 0.011007 1 
9110 0.017175 0 
9111 0.015497 0 
9112 0.009906 0 
9113 0.010417 0 
9110 0.073264 1 
9111 0.057030 1 
9112 0.040821 1 
9113 0.024718 1 
9114 0.019268 0 
9115 0.005152 0 
9114 0.032639 1 
9115 0.016301 1 
9116 0.009279 0 
9116 0.021326 1 
9117 0.017823 1 
9117 0.024732 0 
9118 0.012185 1 
9118 0.012236 0 
9119 0.009171 0 
9119 0.020662 1 
9120 0.005298 1 
9120 0.015907 0 
9121 0.017580 0 
9121 0.028809 1 
9123 0.022648 1 
9124 0.021845 1 
9123 0.040355 0 
9125 0.016358 1 
9124 0.036705 0 
9125 0.020412 0 
9126 0.006819 1 
9127 0.015449 1 
9126 0.042236 0 
9127 0.025866 0 
9128 0.009716 0 
9128 0.016837 1 
9129 0.020861 1 
9129 0.046827 0 
9131 0.014077 0 
9132 0.011801 0 
9133 0.006628 0 
9131 0.044195 1 
9133 0.017726 1 
9134 0.008212 0 
