2024-09-02 20:35:56
../stream-replay/logs/rtt-6208@128.txt
1 0.059460 0 
2 0.043251 0 
4 0.060218 0 
5 0.076704 0 
6 0.060632 0 
7 0.044538 0 
8 0.028168 0 
9 0.056330 0 
10 0.045535 0 
11 0.029539 0 
12 0.013389 0 
13 0.040567 0 
14 0.024225 0 
15 0.038871 0 
16 0.022761 0 
17 0.014251 0 
18 0.056370 0 
19 0.039650 0 
20 0.042045 0 
21 0.051380 0 
22 0.035102 0 
23 0.031716 0 
24 0.015666 0 
25 0.044662 0 
26 0.028303 0 
27 0.054063 0 
28 0.037845 0 
29 0.026430 0 
31 0.071534 0 
32 0.102962 0 
33 0.086700 0 
34 0.070510 0 
35 0.054305 0 
36 0.038082 0 
37 0.021937 0 
38 0.028818 0 
40 0.048504 0 
41 0.072937 0 
42 0.056826 0 
43 0.040659 0 
45 0.026984 0 
47 0.049002 0 
48 0.101043 0 
49 0.120802 0 
50 0.154823 0 
53 0.106481 0 
54 0.119259 0 
55 0.103212 0 
56 0.087026 0 
57 0.106762 0 
58 0.090419 0 
59 0.074193 0 
60 0.087457 0 
61 0.073838 0 
62 0.057676 0 
63 0.041543 0 
64 0.025242 0 
66 0.056707 0 
68 0.121572 0 
69 0.134612 0 
70 0.118418 0 
71 0.102082 0 
72 0.085844 0 
73 0.110659 0 
74 0.094473 0 
76 0.073807 0 
77 0.097981 0 
78 0.081850 0 
79 0.065560 0 
80 0.049303 0 
81 0.152351 0 
82 0.136153 0 
83 0.119941 0 
84 0.103746 0 
85 0.087464 0 
86 0.071207 0 
87 0.054921 0 
88 0.063797 0 
89 0.047602 0 
90 0.031529 0 
92 0.042673 0 
93 0.049638 0 
94 0.033331 0 
95 0.097291 0 
96 0.081056 0 
97 0.064654 0 
98 0.048040 0 
99 0.031898 0 
100 0.015621 0 
101 0.072181 0 
103 0.039623 0 
105 0.017305 0 
106 0.075998 0 
107 0.060148 0 
108 0.043799 0 
109 0.027586 0 
110 0.013196 0 
111 0.056168 0 
113 0.023687 0 
114 0.059049 0 
115 0.042968 0 
116 0.026798 0 
118 0.044123 0 
120 0.014148 0 
121 0.041121 0 
122 0.024969 0 
124 0.033913 0 
125 0.017514 0 
126 0.022778 0 
128 0.051756 0 
129 0.035561 0 
130 0.101063 0 
131 0.084964 0 
132 0.068785 0 
133 0.089693 0 
134 0.073447 0 
135 0.057183 0 
136 0.040985 0 
137 0.058963 0 
138 0.042865 0 
139 0.076515 0 
140 0.060318 0 
141 0.044179 0 
142 0.066987 0 
143 0.074129 0 
144 0.057933 0 
145 0.041670 0 
147 0.099370 0 
148 0.083182 0 
149 0.130903 0 
150 0.114663 0 
151 0.098441 0 
152 0.119289 0 
153 0.103063 0 
155 0.092713 0 
156 0.076178 0 
157 0.059978 0 
158 0.049587 0 
159 0.033345 0 
160 0.045577 0 
161 0.029346 0 
162 0.055271 0 
163 0.039162 0 
164 0.023105 0 
165 0.022570 0 
166 0.073637 0 
168 0.046543 0 
169 0.061596 0 
170 0.045300 0 
171 0.033759 0 
172 0.017580 0 
173 0.015802 0 
174 0.051913 0 
176 0.019518 0 
177 0.025868 0 
178 0.079026 0 
179 0.058570 0 
181 0.030276 0 
182 0.053356 0 
183 0.037285 0 
184 0.038705 0 
186 0.045082 0 
187 0.095463 0 
188 0.079132 0 
189 0.062956 0 
190 0.046692 0 
191 0.030406 0 
193 0.055805 0 
194 0.061420 0 
195 0.044289 0 
196 0.063189 0 
197 0.046941 0 
198 0.030734 0 
199 0.022710 0 
200 0.022056 0 
201 0.019085 0 
203 0.074724 0 
204 0.058547 0 
205 0.042207 0 
206 0.025887 0 
207 0.009719 0 
208 0.046132 0 
209 0.029981 0 
210 0.093025 0 
211 0.073995 0 
212 0.057582 0 
213 0.138755 0 
214 0.122658 0 
215 0.106507 0 
216 0.138463 0 
217 0.122442 0 
218 0.106394 0 
219 0.120392 0 
220 0.104033 0 
221 0.087868 0 
222 0.106959 0 
223 0.090800 0 
224 0.074581 0 
225 0.116274 0 
226 0.100140 0 
227 0.133005 0 
228 0.116419 0 
230 0.084288 0 
231 0.068052 0 
232 0.057954 0 
233 0.060447 0 
234 0.044193 0 
235 0.027513 0 
236 0.025943 0 
237 0.045352 0 
239 0.031915 0 
240 0.048136 0 
241 0.032443 0 
242 0.023528 0 
244 0.081546 0 
246 0.045783 0 
247 0.034415 0 
248 0.059845 0 
249 0.043619 0 
252 0.025482 0 
253 0.027570 0 
254 0.073158 0 
255 0.056873 0 
256 0.040685 0 
257 0.024246 0 
258 0.047145 0 
259 0.031064 0 
260 0.068738 0 
261 0.052657 0 
262 0.036446 0 
263 0.019644 0 
265 0.042431 0 
267 0.022975 0 
268 0.040238 0 
269 0.024031 0 
270 0.018198 0 
271 0.130430 0 
272 0.115612 0 
273 0.099262 0 
275 0.066634 0 
276 0.095792 0 
277 0.079213 0 
278 0.063173 0 
279 0.046756 0 
280 0.030432 0 
281 0.027940 0 
282 0.011706 0 
283 0.062481 0 
284 0.046280 0 
285 0.078604 0 
286 0.062347 0 
287 0.097902 0 
288 0.081541 0 
289 0.065411 0 
291 0.032756 0 
292 0.019584 0 
293 0.061285 0 
294 0.044944 0 
295 0.029080 0 
296 0.018915 0 
297 0.024128 0 
298 0.054177 0 
299 0.038074 0 
300 0.021936 0 
302 0.018353 0 
304 0.051893 0 
305 0.035602 0 
306 0.019176 0 
307 0.061623 0 
308 0.045457 0 
309 0.065356 0 
310 0.048504 0 
312 0.027256 0 
313 0.062111 0 
314 0.046379 0 
315 0.030179 0 
317 0.046638 0 
319 0.032691 0 
320 0.108838 0 
321 0.092290 0 
323 0.059666 0 
324 0.077129 0 
325 0.061370 0 
327 0.028699 0 
328 0.043299 0 
329 0.045544 0 
330 0.029316 0 
331 0.075263 0 
332 0.083300 0 
333 0.066287 0 
334 0.050483 0 
335 0.034009 0 
336 0.017779 0 
337 0.058773 0 
338 0.042661 0 
339 0.079112 0 
340 0.062830 0 
341 0.046317 0 
342 0.040162 0 
343 0.053003 0 
344 0.036716 0 
346 0.016533 0 
347 0.054993 0 
348 0.038797 0 
349 0.022483 0 
350 0.024734 0 
351 0.040607 0 
352 0.053828 0 
354 0.020921 0 
355 0.034405 0 
356 0.054289 0 
357 0.037805 0 
358 0.021613 0 
359 0.022288 0 
360 0.088615 0 
361 0.072263 0 
362 0.055986 0 
363 0.039842 0 
364 0.023436 0 
365 0.110657 0 
367 0.078324 0 
368 0.062097 0 
369 0.045866 0 
370 0.136908 0 
371 0.120756 0 
372 0.104334 0 
373 0.088193 0 
375 0.055539 0 
376 0.069852 0 
377 0.053436 0 
378 0.070572 0 
380 0.038506 0 
381 0.047826 0 
382 0.031661 0 
383 0.025358 0 
385 0.037338 0 
386 0.030105 0 
387 0.013744 0 
388 0.040693 0 
389 0.024468 0 
390 0.018262 0 
392 0.042507 0 
393 0.026383 0 
394 0.014331 0 
395 0.042312 0 
396 0.026121 0 
397 0.067306 0 
398 0.050915 0 
399 0.034748 0 
400 0.060637 0 
402 0.028352 0 
403 0.030917 0 
404 0.057785 0 
405 0.041612 0 
406 0.055764 0 
407 0.039928 0 
408 0.058358 0 
409 0.042154 0 
410 0.042763 0 
411 0.045951 0 
412 0.029848 0 
413 0.084865 0 
414 0.068677 0 
415 0.148090 0 
416 0.131905 0 
417 0.115759 0 
418 0.099597 0 
419 0.083360 0 
420 0.067140 0 
421 0.050840 0 
422 0.034293 0 
423 0.095991 0 
424 0.139946 0 
425 0.123811 0 
426 0.107680 0 
427 0.115531 0 
429 0.082855 0 
430 0.099707 0 
431 0.083438 0 
432 0.067194 0 
433 0.068422 0 
434 0.052230 0 
435 0.033282 0 
436 0.017126 0 
438 0.063265 0 
439 0.047106 0 
440 0.030963 0 
441 0.052653 0 
443 0.014012 0 
445 0.023489 0 
446 0.084785 0 
447 0.146337 0 
448 0.130314 0 
451 0.083847 0 
452 0.067728 0 
453 0.051678 0 
454 0.041429 0 
455 0.031210 0 
456 0.014729 0 
457 0.038002 0 
458 0.021777 0 
459 0.031321 0 
460 0.015129 0 
461 0.092191 0 
462 0.076142 0 
464 0.043501 0 
466 0.029159 0 
467 0.033099 0 
468 0.016943 0 
469 0.032892 0 
470 0.067596 0 
471 0.050822 0 
472 0.034445 0 
474 0.025813 0 
475 0.022749 0 
476 0.027336 0 
477 0.016622 0 
478 0.028363 0 
479 0.038401 0 
480 0.022350 0 
481 0.071857 0 
482 0.058181 0 
483 0.088589 0 
484 0.072389 0 
485 0.056109 0 
486 0.039946 0 
487 0.023791 0 
488 0.063009 0 
490 0.046804 0 
491 0.151955 0 
492 0.135642 0 
493 0.119707 0 
494 0.103285 0 
495 0.098806 0 
496 0.082442 0 
497 0.066204 0 
498 0.050132 0 
499 0.054209 0 
501 0.021461 0 
503 0.051236 0 
504 0.052525 0 
505 0.036334 0 
506 0.020062 0 
507 0.016376 0 
508 0.043428 0 
509 0.027257 0 
511 0.064113 0 
512 0.047972 0 
513 0.059580 0 
514 0.043441 0 
516 0.071718 0 
518 0.039191 0 
519 0.045997 0 
520 0.029719 0 
522 0.012644 0 
523 0.040068 0 
524 0.032474 0 
526 0.019032 0 
527 0.024681 0 
528 0.044985 0 
529 0.028854 0 
530 0.012567 0 
531 0.048540 0 
532 0.060127 0 
533 0.045449 0 
534 0.029174 0 
535 0.129854 0 
536 0.113357 0 
537 0.097397 0 
538 0.080766 0 
539 0.064808 0 
540 0.048546 0 
541 0.034564 0 
542 0.018255 0 
543 0.058087 0 
545 0.084221 0 
546 0.068237 0 
547 0.052049 0 
548 0.035846 0 
549 0.045252 0 
550 0.051160 0 
551 0.035490 0 
553 0.093412 0 
554 0.076850 0 
555 0.060893 0 
556 0.044445 0 
557 0.028490 0 
558 0.028640 0 
559 0.015856 0 
560 0.076162 0 
561 0.059946 0 
562 0.043271 0 
563 0.027246 0 
564 0.028555 0 
566 0.091339 0 
567 0.074911 0 
568 0.088509 0 
569 0.071854 0 
570 0.055897 0 
571 0.039816 0 
572 0.032212 0 
574 0.013953 0 
575 0.038022 0 
576 0.139586 0 
577 0.134420 0 
579 0.099265 0 
580 0.083066 0 
581 0.175565 0 
582 0.159369 0 
584 0.126913 0 
585 0.110670 0 
586 0.094389 0 
587 0.090800 0 
588 0.074486 0 
589 0.058535 0 
591 0.033727 0 
592 0.039721 0 
593 0.040091 0 
594 0.057584 0 
595 0.041447 0 
596 0.047395 0 
597 0.030973 0 
598 0.077734 0 
599 0.060931 0 
601 0.069471 0 
602 0.053312 0 
603 0.041065 0 
604 0.059444 0 
605 0.043182 0 
606 0.026894 0 
607 0.099308 0 
608 0.083142 0 
609 0.066995 0 
610 0.050688 0 
611 0.034556 0 
612 0.018118 0 
613 0.062671 0 
614 0.046564 0 
615 0.030307 0 
616 0.069241 0 
617 0.053149 0 
618 0.036729 0 
619 0.085634 0 
620 0.069475 0 
621 0.052741 0 
622 0.036853 0 
623 0.020634 0 
624 0.060801 0 
625 0.080513 0 
626 0.064343 0 
628 0.035155 0 
629 0.024877 0 
630 0.053865 0 
631 0.047521 0 
632 0.031368 0 
633 0.015136 0 
634 0.022392 0 
635 0.006283 0 
637 0.033299 0 
638 0.102618 0 
639 0.086798 0 
640 0.070540 0 
642 0.038165 0 
644 0.060430 0 
645 0.044819 0 
646 0.070117 0 
647 0.053943 0 
650 0.031928 0 
651 0.041225 0 
652 0.024917 0 
653 0.052849 0 
654 0.036719 0 
655 0.048122 0 
656 0.032010 0 
657 0.016026 0 
658 0.103853 0 
659 0.087157 0 
660 0.070525 0 
661 0.054425 0 
663 0.054253 0 
665 0.035728 0 
666 0.019249 0 
667 0.055115 0 
668 0.039081 0 
669 0.022863 0 
670 0.009156 0 
671 0.039615 0 
673 0.021037 0 
674 0.068800 0 
675 0.052128 0 
676 0.035883 0 
677 0.025583 0 
678 0.034572 0 
679 0.052920 0 
680 0.036868 0 
681 0.038021 0 
682 0.021600 0 
683 0.061605 0 
684 0.045337 0 
685 0.028742 0 
686 0.041369 0 
687 0.025001 0 
689 0.051084 0 
690 0.034837 0 
691 0.032528 0 
692 0.037366 0 
693 0.021153 0 
694 0.041679 0 
695 0.025453 0 
696 0.029092 0 
697 0.014414 0 
698 0.066190 0 
700 0.038738 0 
702 0.034160 0 
703 0.017879 0 
704 0.053144 0 
705 0.036897 0 
706 0.020431 0 
707 0.076068 0 
708 0.059875 0 
710 0.027290 0 
711 0.010857 0 
712 0.065692 0 
713 0.049887 0 
715 0.036622 0 
717 0.075224 0 
718 0.059102 0 
719 0.042795 0 
721 0.021029 0 
722 0.100872 0 
723 0.084703 0 
725 0.052378 0 
726 0.036071 0 
727 0.123410 0 
728 0.107250 0 
729 0.091061 0 
730 0.074861 0 
731 0.100600 0 
732 0.084440 0 
733 0.068312 0 
734 0.082676 0 
735 0.066466 0 
736 0.050415 0 
737 0.070028 0 
738 0.054135 0 
739 0.084985 0 
740 0.068685 0 
741 0.052605 0 
742 0.036467 0 
744 0.040603 0 
745 0.033265 0 
746 0.016877 0 
747 0.028617 0 
748 0.012690 0 
749 0.035933 0 
750 0.019711 0 
752 0.090796 0 
753 0.074582 0 
754 0.058419 0 
755 0.061351 0 
756 0.045063 0 
757 0.029048 0 
758 0.044261 0 
759 0.064517 0 
760 0.048489 0 
761 0.032453 0 
762 0.082345 0 
763 0.066204 0 
765 0.033777 0 
766 0.051849 0 
767 0.035622 0 
768 0.019192 0 
769 0.032859 0 
770 0.056330 0 
771 0.039855 0 
773 0.045581 0 
774 0.031992 0 
775 0.041921 0 
776 0.025706 0 
778 0.076595 0 
779 0.060394 0 
780 0.044209 0 
781 0.109816 0 
783 0.077397 0 
784 0.061066 0 
785 0.044727 0 
786 0.028794 0 
787 0.012721 0 
788 0.037384 0 
790 0.037670 0 
791 0.039083 0 
792 0.022754 0 
793 0.022725 0 
794 0.010575 0 
795 0.073013 0 
796 0.056737 0 
797 0.039873 0 
798 0.023642 0 
800 0.024376 0 
801 0.011969 0 
802 0.018266 0 
803 0.043673 0 
804 0.027490 0 
805 0.011242 0 
806 0.053270 0 
807 0.037346 0 
808 0.046633 0 
809 0.055787 0 
810 0.039498 0 
811 0.023417 0 
812 0.062881 0 
813 0.046886 0 
814 0.030758 0 
815 0.079346 0 
816 0.063225 0 
817 0.046664 0 
818 0.030704 0 
819 0.067783 0 
820 0.051693 0 
821 0.035411 0 
822 0.062049 0 
823 0.045958 0 
824 0.029732 0 
825 0.067895 0 
827 0.037893 0 
828 0.021717 0 
829 0.095038 0 
830 0.078900 0 
831 0.062932 0 
832 0.046905 0 
833 0.042150 0 
834 0.026093 0 
836 0.055574 0 
837 0.039433 0 
838 0.023223 0 
839 0.007067 0 
841 0.012208 0 
843 0.074583 0 
844 0.086227 0 
845 0.083030 0 
846 0.066745 0 
849 0.018446 0 
850 0.031095 0 
851 0.015233 0 
852 0.062250 0 
853 0.046000 0 
854 0.029951 0 
855 0.024122 0 
856 0.070218 0 
857 0.054196 0 
858 0.038158 0 
859 0.115289 0 
860 0.098871 0 
862 0.067035 0 
864 0.107002 0 
865 0.090891 0 
866 0.074748 0 
867 0.058585 0 
868 0.042448 0 
869 0.097848 0 
870 0.081721 0 
872 0.049192 0 
873 0.032569 0 
874 0.029891 0 
875 0.107418 0 
876 0.091232 0 
877 0.075110 0 
878 0.058977 0 
879 0.079367 0 
880 0.062605 0 
881 0.065916 0 
882 0.049844 0 
883 0.033728 0 
884 0.037139 0 
885 0.021008 0 
886 0.020364 0 
888 0.079476 0 
889 0.063200 0 
890 0.047152 0 
891 0.030982 0 
892 0.027043 0 
893 0.074829 0 
894 0.058671 0 
895 0.041680 0 
896 0.025260 0 
897 0.040060 0 
899 0.051624 0 
901 0.019374 0 
902 0.008128 0 
903 0.034019 0 
904 0.040893 0 
905 0.024743 0 
906 0.040278 0 
907 0.036465 0 
909 0.016799 0 
910 0.056488 0 
911 0.040342 0 
912 0.024205 0 
914 0.040595 0 
916 0.062997 0 
917 0.047137 0 
918 0.024821 0 
920 0.022305 0 
921 0.056262 0 
922 0.040704 0 
924 0.022131 0 
925 0.102951 0 
926 0.086672 0 
927 0.070722 0 
928 0.054485 0 
929 0.059968 0 
930 0.044244 0 
931 0.064394 0 
932 0.048184 0 
933 0.032167 0 
934 0.052968 0 
935 0.036888 0 
936 0.020797 0 
937 0.013959 0 
938 0.039077 0 
939 0.060063 0 
940 0.043956 0 
941 0.027881 0 
943 0.037046 0 
944 0.020844 0 
945 0.025334 0 
946 0.045178 0 
947 0.027256 0 
948 0.036142 0 
949 0.019840 0 
951 0.029121 0 
952 0.013420 0 
953 0.028925 0 
954 0.066669 0 
955 0.050708 0 
956 0.081797 0 
957 0.065771 0 
958 0.049500 0 
959 0.033455 0 
960 0.017459 0 
961 0.019852 0 
962 0.055052 0 
964 0.022558 0 
965 0.068739 0 
966 0.052487 0 
967 0.075701 0 
968 0.059505 0 
969 0.042947 0 
970 0.027123 0 
972 0.015337 0 
973 0.039912 0 
974 0.058395 0 
975 0.042267 0 
977 0.081781 0 
978 0.065619 0 
979 0.071378 0 
980 0.055166 0 
982 0.048892 0 
983 0.032655 0 
984 0.016276 0 
985 0.014615 0 
986 0.035832 0 
987 0.049584 0 
989 0.029873 0 
990 0.112086 0 
991 0.095789 0 
992 0.079219 0 
993 0.063345 0 
994 0.046920 0 
995 0.030583 0 
996 0.043913 0 
997 0.027823 0 
999 0.070911 0 
1000 0.055331 0 
1001 0.038685 0 
1002 0.022570 0 
1003 0.077568 0 
1004 0.061387 0 
1005 0.045251 0 
1006 0.029102 0 
1007 0.086761 0 
1008 0.070745 0 
1009 0.054546 0 
1010 0.038409 0 
1011 0.022153 0 
1012 0.065268 0 
1013 0.049076 0 
1014 0.032994 0 
1015 0.042250 0 
1016 0.026172 0 
1017 0.009921 0 
1018 0.130270 0 
1019 0.114197 0 
1020 0.097953 0 
1021 0.081729 0 
1022 0.065584 0 
1023 0.049298 0 
1024 0.033211 0 
1026 0.075735 0 
1027 0.059677 0 
1028 0.042903 0 
1029 0.027000 0 
1030 0.087174 0 
1031 0.071082 0 
1032 0.054938 0 
1033 0.047263 0 
1035 0.051497 0 
1036 0.035374 0 
1037 0.019191 0 
1038 0.032833 0 
1040 0.033197 0 
1042 0.058393 0 
1043 0.042063 0 
1044 0.074511 0 
1045 0.058146 0 
1048 0.025655 0 
1049 0.032439 0 
1050 0.016500 0 
1051 0.060074 0 
1052 0.043940 0 
1053 0.042469 0 
1054 0.026460 0 
1055 0.025444 0 
1056 0.062174 0 
1057 0.046134 0 
1058 0.030070 0 
1059 0.067945 0 
1061 0.035727 0 
1063 0.041659 0 
1064 0.040379 0 
1065 0.024149 0 
1066 0.008027 0 
1067 0.034288 0 
1068 0.018259 0 
1069 0.033754 0 
1071 0.015728 0 
1072 0.073623 0 
1073 0.064631 0 
1074 0.048483 0 
1075 0.032300 0 
1076 0.016057 0 
1077 0.065120 0 
1078 0.054910 0 
1079 0.038857 0 
1080 0.022338 0 
1081 0.042198 0 
1082 0.026032 0 
1083 0.096388 0 
1084 0.080250 0 
1085 0.064092 0 
1087 0.040922 0 
1088 0.064236 0 
1089 0.050973 0 
1090 0.035444 0 
1091 0.094796 0 
1092 0.078681 0 
1093 0.062590 0 
1094 0.046505 0 
1095 0.034674 0 
1096 0.018903 0 
1098 0.034482 0 
1100 0.033745 0 
1101 0.017729 0 
1102 0.024270 0 
1103 0.036922 0 
1104 0.020793 0 
1105 0.024507 0 
1106 0.043745 0 
1108 0.014546 0 
1109 0.048931 0 
1110 0.032820 0 
1111 0.070610 0 
1113 0.026710 0 
1115 0.025352 0 
1116 0.026302 0 
1117 0.046267 0 
1119 0.052715 0 
1120 0.036449 0 
1121 0.020185 0 
1123 0.051224 0 
1124 0.034797 0 
1125 0.081094 0 
1126 0.064901 0 
1127 0.084578 0 
1128 0.068717 0 
1129 0.087664 0 
1130 0.071441 0 
1131 0.052932 0 
1132 0.071155 0 
1133 0.055080 0 
1134 0.038906 0 
1135 0.022528 0 
1136 0.024556 0 
1137 0.043283 0 
1138 0.026902 0 
1139 0.088975 0 
1140 0.072665 0 
1142 0.040288 0 
1143 0.023915 0 
1144 0.097173 0 
1145 0.080740 0 
1146 0.064666 0 
1147 0.048471 0 
1148 0.032271 0 
1150 0.084399 0 
1151 0.068155 0 
1152 0.052317 0 
1153 0.035956 0 
1154 0.019846 0 
1155 0.071615 0 
1156 0.055373 0 
1157 0.039162 0 
1158 0.062112 0 
1159 0.045960 0 
1160 0.029684 0 
1161 0.013636 0 
1163 0.041145 0 
1164 0.061049 0 
1165 0.045379 0 
1166 0.029201 0 
1167 0.012942 0 
1168 0.088009 0 
1169 0.072699 0 
1171 0.040428 0 
1172 0.030116 0 
1173 0.013526 0 
1174 0.056409 0 
1176 0.039191 0 
1177 0.023061 0 
1178 0.025617 0 
1179 0.026476 0 
1181 0.040565 0 
1182 0.024754 0 
1183 0.015561 0 
1184 0.049431 0 
1185 0.033301 0 
1186 0.016742 0 
1188 0.025436 0 
1189 0.028442 0 
1190 0.168421 0 
1191 0.152332 0 
1192 0.135764 0 
1193 0.116769 0 
1194 0.100505 0 
1195 0.084422 0 
1196 0.068257 0 
1198 0.042642 0 
1199 0.026504 0 
1200 0.042736 0 
1201 0.026651 0 
1202 0.016059 0 
1203 0.053777 0 
1204 0.037657 0 
1205 0.021278 0 
1206 0.037407 0 
1207 0.057008 0 
1208 0.040390 0 
1209 0.024695 0 
1210 0.099675 0 
1211 0.083102 0 
1212 0.066865 0 
1213 0.050610 0 
1214 0.034437 0 
1215 0.018211 0 
1216 0.050158 0 
1217 0.034168 0 
1218 0.017941 0 
1219 0.086970 0 
1220 0.070914 0 
1221 0.053617 0 
1222 0.059810 0 
1223 0.042757 0 
1225 0.052477 0 
1226 0.044007 0 
1227 0.027546 0 
1228 0.031599 0 
1229 0.015523 0 
1230 0.029501 0 
1231 0.103411 0 
1232 0.087209 0 
1234 0.068035 0 
1235 0.051898 0 
1236 0.035852 0 
1237 0.029739 0 
1239 0.034691 0 
1241 0.028159 0 
1242 0.029484 0 
1243 0.086912 0 
1244 0.070772 0 
1247 0.093768 0 
1248 0.077845 0 
1249 0.062026 0 
1250 0.045930 0 
1251 0.029673 0 
1252 0.033713 0 
1253 0.017605 0 
1254 0.038939 0 
1255 0.033300 0 
1256 0.017259 0 
1257 0.040703 0 
1258 0.022657 0 
1260 0.050088 0 
1262 0.017799 0 
1263 0.006479 0 
1264 0.028105 0 
1265 0.012348 0 
1266 0.029727 0 
1267 0.023664 0 
1268 0.012480 0 
1270 0.036164 0 
1271 0.033488 0 
1272 0.017386 0 
1273 0.015341 0 
1274 0.049824 0 
1275 0.033726 0 
1276 0.035904 0 
1277 0.019730 0 
1278 0.028165 0 
1279 0.082722 0 
1280 0.066588 0 
1281 0.050006 0 
1282 0.036278 0 
1283 0.019916 0 
1284 0.044239 0 
1286 0.039842 0 
1287 0.059801 0 
1288 0.120049 0 
1289 0.103905 0 
1290 0.087658 0 
1291 0.071487 0 
1292 0.085158 0 
1293 0.069086 0 
1294 0.053049 0 
1295 0.036952 0 
1297 0.032540 0 
1299 0.114778 0 
1300 0.098598 0 
1301 0.082340 0 
1302 0.066123 0 
1303 0.049956 0 
1304 0.034017 0 
1305 0.032279 0 
1307 0.009205 0 
1308 0.061702 0 
1309 0.045556 0 
1310 0.029557 0 
1312 0.066041 0 
1314 0.041000 0 
1315 0.024563 0 
1316 0.058294 0 
1318 0.040736 0 
1319 0.067461 0 
1320 0.051298 0 
1322 0.080662 0 
1323 0.064564 0 
1324 0.048193 0 
1325 0.032010 0 
1326 0.015808 0 
1327 0.062661 0 
1328 0.046720 0 
1329 0.102599 0 
1330 0.086463 0 
1331 0.067851 0 
1332 0.051708 0 
1333 0.035591 0 
1334 0.019385 0 
1335 0.046271 0 
1336 0.029954 0 
1337 0.022801 0 
1338 0.053251 0 
1339 0.037686 0 
1341 0.059074 0 
1342 0.042755 0 
1343 0.026526 0 
1344 0.010375 0 
1345 0.048190 0 
1346 0.031908 0 
1347 0.073723 0 
1349 0.094149 0 
1350 0.078052 0 
1351 0.061860 0 
1352 0.045728 0 
1353 0.029599 0 
1354 0.050887 0 
1355 0.034247 0 
1356 0.018136 0 
1357 0.017373 0 
1358 0.043951 0 
1359 0.028131 0 
1360 0.046912 0 
1362 0.014055 0 
1363 0.035173 0 
1364 0.018999 0 
1365 0.036168 0 
1366 0.019884 0 
1367 0.009821 0 
1368 0.022916 0 
1370 0.056545 0 
1371 0.110444 0 
1372 0.094278 0 
1373 0.078075 0 
1375 0.044868 0 
1376 0.028243 0 
1377 0.067628 0 
1378 0.051193 0 
1380 0.066358 0 
1381 0.064760 0 
1382 0.049556 0 
1383 0.033526 0 
1384 0.017464 0 
1385 0.037467 0 
1387 0.070503 0 
1388 0.054178 0 
1389 0.084325 0 
1390 0.068177 0 
1391 0.051712 0 
1392 0.035608 0 
1393 0.061522 0 
1394 0.045218 0 
1395 0.059601 0 
1397 0.026338 0 
1398 0.031814 0 
1399 0.015458 0 
1400 0.042378 0 
1401 0.026222 0 
1402 0.055225 0 
1403 0.068026 0 
1404 0.052140 0 
1405 0.035981 0 
1406 0.025332 0 
1407 0.063560 0 
1408 0.083468 0 
1409 0.067109 0 
1410 0.050890 0 
1411 0.038795 0 
1412 0.022517 0 
1413 0.050051 0 
1414 0.034030 0 
1415 0.026057 0 
1416 0.051544 0 
1417 0.035198 0 
1418 0.018899 0 
1419 0.061018 0 
1420 0.074172 0 
1421 0.058068 0 
1422 0.061692 0 
1424 0.029195 0 
1425 0.134094 0 
1426 0.117989 0 
1427 0.160048 0 
1428 0.143107 0 
1429 0.126976 0 
1430 0.119032 0 
1431 0.102727 0 
1433 0.115466 0 
1434 0.099144 0 
1435 0.083269 0 
1436 0.067132 0 
1438 0.035016 0 
1440 0.097041 0 
1441 0.080849 0 
1442 0.137919 0 
1443 0.121800 0 
1446 0.078875 0 
1447 0.062714 0 
1448 0.046591 0 
1449 0.086937 0 
1450 0.070358 0 
1451 0.051842 0 
1452 0.115957 0 
1453 0.099924 0 
1454 0.083927 0 
1455 0.067832 0 
1456 0.050563 0 
1457 0.108488 0 
1459 0.075992 0 
1461 0.048425 0 
1462 0.075787 0 
1463 0.059705 0 
1464 0.093602 0 
1465 0.077349 0 
1466 0.061139 0 
1467 0.074547 0 
1469 0.042236 0 
1470 0.042462 0 
1471 0.025687 0 
1472 0.051552 0 
1473 0.035538 0 
1474 0.020283 0 
1475 0.053746 0 
1476 0.040472 0 
1477 0.115034 0 
1478 0.098902 0 
1479 0.082704 0 
1480 0.066284 0 
1481 0.054359 0 
1482 0.050842 0 
1483 0.034583 0 
1485 0.047034 0 
1486 0.098205 0 
1487 0.093055 0 
1488 0.166816 0 
1489 0.150695 0 
1490 0.134517 0 
1491 0.118272 0 
1492 0.271486 0 
1493 0.255371 0 
1494 0.239218 0 
1496 0.206857 0 
1498 0.174539 0 
1499 0.158372 0 
1500 0.141020 0 
1501 0.142026 0 
1502 0.125869 0 
1503 0.166879 0 
1504 0.150303 0 
1506 0.121732 0 
1507 0.105567 0 
1508 0.136512 0 
1509 0.120393 0 
1511 0.087966 0 
1513 0.055505 0 
1514 0.038377 0 
1515 0.022250 0 
1517 0.064689 0 
1518 0.089936 0 
1519 0.096967 0 
1521 0.111478 0 
1522 0.095263 0 
1523 0.078989 0 
1524 0.062849 0 
1525 0.046606 0 
1526 0.030468 0 
1527 0.046090 0 
1528 0.051957 0 
1529 0.035852 0 
1530 0.076545 0 
1531 0.060478 0 
1532 0.043970 0 
1533 0.028089 0 
1534 0.066355 0 
1535 0.050209 0 
1536 0.035922 0 
1537 0.064401 0 
1538 0.050586 0 
1540 0.018305 0 
1541 0.085083 0 
1542 0.068992 0 
1543 0.052811 0 
1544 0.055174 0 
1545 0.038180 0 
1546 0.033166 0 
1548 0.023745 0 
1549 0.087407 0 
1550 0.071316 0 
1551 0.055098 0 
1552 0.038986 0 
1553 0.022587 0 
1554 0.009695 0 
1555 0.017645 0 
1556 0.027180 0 
1557 0.034759 0 
1558 0.018349 0 
1559 0.048193 0 
1561 0.055132 0 
1562 0.038941 0 
1563 0.022857 0 
1564 0.068057 0 
1565 0.051925 0 
1566 0.035707 0 
1567 0.019566 0 
1569 0.020828 0 
1570 0.026402 0 
1571 0.034974 0 
1572 0.053631 0 
1574 0.030966 0 
1575 0.014877 0 
1576 0.022429 0 
1577 0.006256 0 
1579 0.032340 0 
1580 0.066414 0 
1581 0.050261 0 
1582 0.083912 0 
1583 0.067761 0 
1584 0.051501 0 
1586 0.092935 0 
1587 0.076681 0 
1588 0.060489 0 
1589 0.044218 0 
1590 0.028244 0 
1591 0.054230 0 
1592 0.037979 0 
1593 0.022214 0 
1594 0.039470 0 
1596 0.040617 0 
1597 0.024318 0 
1598 0.020179 0 
1599 0.049492 0 
1600 0.033300 0 
1601 0.022452 0 
1602 0.087577 0 
1603 0.071583 0 
1604 0.055152 0 
1605 0.046285 0 
1606 0.030199 0 
1607 0.014025 0 
1608 0.023261 0 
1609 0.057740 0 
1610 0.041736 0 
1611 0.025566 0 
1612 0.048673 0 
1613 0.032599 0 
1614 0.016291 0 
1615 0.015424 0 
1616 0.027320 0 
1617 0.030820 0 
1618 0.014685 0 
1619 0.085069 0 
1620 0.068937 0 
1621 0.048053 0 
1623 0.040740 0 
1624 0.024469 0 
1625 0.008341 0 
1626 0.081317 0 
1627 0.065131 0 
1628 0.048978 0 
1629 0.054538 0 
1630 0.038366 0 
1632 0.058315 0 
1633 0.098655 0 
1634 0.082513 0 
1635 0.066379 0 
1637 0.054770 0 
1639 0.022229 0 
1640 0.134934 0 
1641 0.119324 0 
1642 0.121743 0 
1645 0.073298 0 
1646 0.067044 0 
1647 0.050946 0 
1648 0.034858 0 
1649 0.018713 0 
1650 0.095910 0 
1651 0.079773 0 
1652 0.063703 0 
1653 0.047635 0 
1654 0.030805 0 
1655 0.014785 0 
1656 0.070266 0 
1658 0.109004 0 
1660 0.076800 0 
1661 0.060680 0 
1662 0.044451 0 
1663 0.028363 0 
1664 0.011822 0 
1665 0.025760 0 
1666 0.055258 0 
1668 0.025277 0 
1669 0.027332 0 
1670 0.100789 0 
1671 0.084692 0 
1672 0.068557 0 
1673 0.052412 0 
1674 0.087918 0 
1675 0.072435 0 
1676 0.056282 0 
1677 0.097195 0 
1678 0.081162 0 
1679 0.064936 0 
1680 0.046113 0 
1681 0.055285 0 
1682 0.039162 0 
1684 0.051730 0 
1685 0.035509 0 
1686 0.019363 0 
1687 0.030437 0 
1688 0.014541 0 
1689 0.022440 0 
1690 0.053210 0 
1691 0.037186 0 
1692 0.021233 0 
1693 0.020019 0 
1695 0.029572 0 
1697 0.027211 0 
1698 0.022254 0 
1699 0.078701 0 
1700 0.062615 0 
1701 0.046475 0 
1702 0.030093 0 
1703 0.022026 0 
1705 0.083180 0 
1706 0.066973 0 
1707 0.049828 0 
1708 0.034201 0 
1710 0.060561 0 
1712 0.028202 0 
1713 0.069678 0 
1714 0.053591 0 
1716 0.084837 0 
1717 0.068550 0 
1718 0.050781 0 
1720 0.142507 0 
1721 0.126404 0 
1722 0.110310 0 
1723 0.089139 0 
1724 0.072939 0 
1725 0.056705 0 
1726 0.094203 0 
1727 0.078100 0 
1728 0.062006 0 
1729 0.045836 0 
1730 0.029657 0 
1731 0.074875 0 
1732 0.056999 0 
1733 0.040933 0 
1734 0.068644 0 
1735 0.052830 0 
1736 0.036724 0 
1737 0.020779 0 
1739 0.086098 0 
1740 0.069980 0 
1741 0.053817 0 
1742 0.037671 0 
1743 0.020434 0 
1744 0.052168 0 
1745 0.126792 0 
1747 0.094497 0 
1748 0.076917 0 
1749 0.084253 0 
1750 0.068142 0 
1751 0.051964 0 
1752 0.072740 0 
1753 0.056477 0 
1754 0.040561 0 
1755 0.061223 0 
1756 0.045027 0 
1757 0.028765 0 
1758 0.012542 0 
1760 0.066184 0 
1761 0.082918 0 
1762 0.066460 0 
1763 0.054566 0 
1764 0.038048 0 
1765 0.024492 0 
1766 0.042374 0 
1768 0.009483 0 
1769 0.072036 0 
1770 0.055846 0 
1771 0.039672 0 
1776 0.055676 0 
1778 0.120152 0 
1779 0.103707 0 
1780 0.087716 0 
1781 0.071573 0 
1782 0.075016 0 
1783 0.068079 0 
1785 0.035458 0 
1786 0.027178 0 
1787 0.041244 0 
1788 0.025140 0 
1789 0.036993 0 
1790 0.027712 0 
1791 0.016344 0 
1792 0.009089 0 
1793 0.062882 0 
1795 0.045331 0 
1796 0.029161 0 
1797 0.051005 0 
1798 0.112807 0 
1799 0.096706 0 
1800 0.080506 0 
1801 0.064521 0 
1802 0.073160 0 
1803 0.054403 0 
1804 0.091897 0 
1805 0.075774 0 
1806 0.059733 0 
1807 0.068431 0 
1808 0.052397 0 
1809 0.036339 0 
1810 0.020223 0 
1811 0.061025 0 
1812 0.044899 0 
1813 0.050219 0 
1814 0.033980 0 
1815 0.032851 0 
1816 0.030562 0 
1817 0.061953 0 
1818 0.045641 0 
1819 0.029181 0 
1820 0.065475 0 
1822 0.064013 0 
1823 0.047811 0 
1824 0.031428 0 
1825 0.035082 0 
1826 0.018989 0 
1827 0.026056 0 
1828 0.051931 0 
1829 0.035722 0 
1831 0.055527 0 
1832 0.045610 0 
1833 0.030083 0 
1834 0.013817 0 
1836 0.007857 0 
1838 0.035833 0 
1839 0.085644 0 
1840 0.127055 0 
1841 0.111909 0 
1844 0.068067 0 
1845 0.051942 0 
1846 0.035827 0 
1847 0.060838 0 
1848 0.044369 0 
1849 0.026184 0 
1850 0.123375 0 
1851 0.107326 0 
1852 0.091308 0 
1853 0.075133 0 
1854 0.058671 0 
1855 0.042866 0 
1857 0.043847 0 
1859 0.014755 0 
1860 0.048203 0 
1861 0.032352 0 
1862 0.037951 0 
1863 0.022076 0 
1864 0.053637 0 
1865 0.037396 0 
1867 0.020981 0 
1868 0.043055 0 
1869 0.034910 0 
1870 0.018887 0 
1871 0.036567 0 
1872 0.020352 0 
1873 0.076653 0 
1874 0.060524 0 
1875 0.044270 0 
1876 0.027817 0 
1877 0.026417 0 
1878 0.089101 0 
1879 0.073302 0 
1880 0.057009 0 
1881 0.040924 0 
1883 0.055316 0 
1884 0.063885 0 
1885 0.047631 0 
1886 0.062785 0 
1887 0.046683 0 
1888 0.030599 0 
1889 0.021833 0 
1890 0.005743 0 
1891 0.027551 0 
1892 0.101071 0 
1894 0.068646 0 
1896 0.035274 0 
1897 0.046535 0 
1898 0.023958 0 
1899 0.023073 0 
1900 0.024806 0 
1901 0.031852 0 
1902 0.044548 0 
1904 0.025314 0 
1905 0.066148 0 
1906 0.050009 0 
1907 0.033904 0 
1909 0.090028 0 
1911 0.057592 0 
1912 0.041415 0 
1913 0.024429 0 
1915 0.139017 0 
1916 0.123265 0 
1917 0.107027 0 
1919 0.076383 0 
1920 0.060423 0 
1921 0.044317 0 
1922 0.045055 0 
1923 0.028646 0 
1924 0.131051 0 
1925 0.150089 0 
1926 0.133491 0 
1927 0.117289 0 
1928 0.095101 0 
1929 0.078611 0 
1930 0.062212 0 
1931 0.046361 0 
1932 0.026629 0 
1933 0.039368 0 
1934 0.043132 0 
1935 0.027344 0 
1936 0.065573 0 
1938 0.077459 0 
1939 0.061121 0 
1940 0.044910 0 
1941 0.038859 0 
1942 0.022290 0 
1943 0.066533 0 
1944 0.049753 0 
1946 0.055050 0 
1947 0.038815 0 
1948 0.022393 0 
1949 0.023818 0 
1950 0.051353 0 
1951 0.128446 0 
1952 0.112101 0 
1953 0.096057 0 
1954 0.079960 0 
1955 0.092194 0 
1956 0.075600 0 
1957 0.059453 0 
1959 0.038937 0 
1960 0.022787 0 
1961 0.081606 0 
1962 0.065161 0 
1963 0.065112 0 
1964 0.049002 0 
1965 0.032432 0 
1967 0.017870 0 
1968 0.059924 0 
1969 0.110832 0 
1970 0.094710 0 
1972 0.062386 0 
1973 0.045805 0 
1974 0.029698 0 
1975 0.120188 0 
1977 0.087929 0 
1978 0.071691 0 
1979 0.055608 0 
1980 0.039486 0 
1981 0.023435 0 
1982 0.014353 0 
1984 0.041205 0 
1985 0.053721 0 
1986 0.037527 0 
1987 0.084625 0 
1988 0.068472 0 
1989 0.168584 0 
1990 0.152677 0 
1991 0.136538 0 
1992 0.120270 0 
1994 0.087909 0 
1995 0.071725 0 
1996 0.055582 0 
1997 0.039502 0 
1998 0.034564 0 
1999 0.059379 0 
2000 0.043209 0 
2001 0.026765 0 
2002 0.052083 0 
2003 0.035728 0 
2004 0.048955 0 
2005 0.032835 0 
2006 0.068167 0 
2007 0.052041 0 
2008 0.035863 0 
2009 0.019719 0 
2010 0.026281 0 
2011 0.013302 0 
2012 0.134789 0 
2013 0.118650 0 
2014 0.102513 0 
2015 0.086404 0 
2016 0.070331 0 
2017 0.054402 0 
2018 0.038221 0 
2019 0.021990 0 
2021 0.046834 0 
2022 0.030680 0 
2023 0.026009 0 
2024 0.020888 0 
2025 0.067968 0 
2026 0.052124 0 
2027 0.036013 0 
2028 0.019738 0 
2030 0.063895 0 
2031 0.047687 0 
2032 0.031585 0 
2033 0.015419 0 
2035 0.018493 0 
2037 0.011010 0 
2038 0.060755 0 
2039 0.071012 0 
2040 0.054830 0 
2043 0.041009 0 
2044 0.041981 0 
2045 0.070157 0 
2046 0.047127 0 
2047 0.030769 0 
2048 0.041402 0 
2049 0.025311 0 
2050 0.049181 0 
2051 0.033114 0 
2052 0.017063 0 
2053 0.142567 0 
2054 0.126088 0 
2056 0.094049 0 
2058 0.149198 0 
2059 0.132925 0 
2060 0.116665 0 
2061 0.100478 0 
2062 0.084325 0 
2063 0.087634 0 
2064 0.070789 0 
2066 0.038437 0 
2067 0.038927 0 
2068 0.022696 0 
2069 0.055795 0 
2070 0.039683 0 
2071 0.081995 0 
2072 0.065784 0 
2073 0.087365 0 
2074 0.102567 0 
2075 0.086716 0 
2076 0.070614 0 
2077 0.054373 0 
2078 0.038315 0 
2079 0.021479 0 
2080 0.078442 0 
2082 0.075874 0 
2083 0.064407 0 
2084 0.048216 0 
2085 0.043332 0 
2086 0.030541 0 
2087 0.017023 0 
2088 0.043510 0 
2089 0.027442 0 
2090 0.011402 0 
2091 0.016617 0 
2093 0.089030 0 
2095 0.056665 0 
2096 0.040528 0 
2097 0.045092 0 
2098 0.028875 0 
2099 0.012423 0 
2100 0.033001 0 
2101 0.033792 0 
2103 0.033916 0 
2104 0.060341 0 
2105 0.091362 0 
2106 0.073729 0 
2108 0.041246 0 
2110 0.054213 0 
2111 0.056964 0 
2112 0.040832 0 
2114 0.026110 0 
2115 0.019546 0 
2116 0.020119 0 
2118 0.019040 0 
2119 0.025654 0 
2120 0.011292 0 
2121 0.062618 0 
2122 0.046464 0 
2123 0.070026 0 
2124 0.053776 0 
2125 0.076179 0 
2126 0.060440 0 
2127 0.044585 0 
2128 0.074591 0 
2129 0.058385 0 
2130 0.042249 0 
2131 0.117110 0 
2132 0.101028 0 
2133 0.084859 0 
2134 0.068684 0 
2135 0.052446 0 
2137 0.055214 0 
2138 0.039038 0 
2139 0.022976 0 
2140 0.036202 0 
2141 0.072927 0 
2142 0.056676 0 
2143 0.040367 0 
2145 0.087996 0 
2146 0.071838 0 
2147 0.055463 0 
2148 0.039295 0 
2149 0.023203 0 
2150 0.025343 0 
2151 0.019702 0 
2152 0.017997 0 
2153 0.048862 0 
2154 0.032758 0 
2155 0.016557 0 
2156 0.067590 0 
2158 0.035014 0 
2159 0.033081 0 
2160 0.096037 0 
2161 0.079853 0 
2162 0.063728 0 
2163 0.047551 0 
2164 0.031395 0 
2166 0.034311 0 
2167 0.033424 0 
2168 0.157132 0 
2169 0.140715 0 
2171 0.108307 0 
2172 0.091927 0 
2173 0.075827 0 
2174 0.129045 0 
2176 0.091544 0 
2177 0.075355 0 
2178 0.059232 0 
2179 0.043042 0 
2180 0.026544 0 
2181 0.043083 0 
2183 0.098058 0 
2184 0.081778 0 
2185 0.065516 0 
2186 0.049353 0 
2187 0.072035 0 
2188 0.056185 0 
2189 0.039995 0 
2190 0.039313 0 
2191 0.023147 0 
2193 0.052824 0 
2194 0.056747 0 
2195 0.040586 0 
2196 0.024364 0 
2197 0.037744 0 
2198 0.021688 0 
2199 0.021020 0 
2200 0.128292 0 
2201 0.112029 0 
2202 0.103361 0 
2203 0.087415 0 
2204 0.071193 0 
2205 0.055084 0 
2206 0.073536 0 
2207 0.057575 0 
2208 0.041434 0 
2209 0.047809 0 
2210 0.031705 0 
2211 0.091430 0 
2212 0.075514 0 
2213 0.059404 0 
2214 0.054773 0 
2215 0.038527 0 
2216 0.022265 0 
2217 0.053867 0 
2218 0.037680 0 
2220 0.019918 0 
2221 0.087957 0 
2222 0.082174 0 
2223 0.066084 0 
2224 0.049943 0 
2225 0.033735 0 
2226 0.023319 0 
2227 0.054468 0 
2229 0.073367 0 
2230 0.057201 0 
2231 0.041178 0 
2232 0.023588 0 
2234 0.017852 0 
2236 0.066892 0 
2237 0.053266 0 
2238 0.113794 0 
2239 0.097859 0 
2242 0.071222 0 
2243 0.054757 0 
2244 0.090734 0 
2245 0.074462 0 
2246 0.058279 0 
2247 0.042222 0 
2248 0.035339 0 
2249 0.019100 0 
2250 0.046692 0 
2251 0.030634 0 
2252 0.033663 0 
2253 0.017632 0 
2255 0.061674 0 
2257 0.028581 0 
2258 0.048404 0 
2259 0.032317 0 
2260 0.016063 0 
2261 0.046025 0 
2262 0.030165 0 
2263 0.015565 0 
2265 0.086236 0 
2266 0.069795 0 
2267 0.053557 0 
2268 0.040821 0 
2269 0.072003 0 
2270 0.055696 0 
2271 0.039477 0 
2272 0.047564 0 
2273 0.031345 0 
2274 0.025867 0 
2275 0.036190 0 
2276 0.037863 0 
2277 0.021793 0 
2278 0.101318 0 
2279 0.085240 0 
2281 0.072338 0 
2282 0.090691 0 
2283 0.074526 0 
2284 0.058095 0 
2285 0.087577 0 
2286 0.071474 0 
2287 0.055287 0 
2288 0.138208 0 
2289 0.122046 0 
2290 0.105837 0 
2292 0.077957 0 
2294 0.073656 0 
2295 0.057598 0 
2296 0.041351 0 
2297 0.023440 0 
2298 0.008434 0 
2299 0.062867 0 
2300 0.046705 0 
2302 0.038097 0 
2303 0.038742 0 
2304 0.022395 0 
2305 0.053131 0 
2307 0.020684 0 
2309 0.214450 0 
2310 0.198158 0 
2311 0.233605 0 
2313 0.201062 0 
2314 0.184821 0 
2315 0.168364 0 
2317 0.154696 0 
2318 0.138489 0 
2319 0.122312 0 
2320 0.106133 0 
2321 0.090058 0 
2322 0.109722 0 
2323 0.093572 0 
2324 0.076512 0 
2325 0.060533 0 
2326 0.044238 0 
2327 0.092797 0 
2328 0.076682 0 
2329 0.060516 0 
2330 0.044475 0 
2331 0.028307 0 
2332 0.023703 0 
2333 0.072674 0 
2334 0.056843 0 
2339 0.154988 0 
2340 0.138078 0 
2341 0.122120 0 
2342 0.105945 0 
2344 0.073174 0 
2345 0.057022 0 
2346 0.040875 0 
2347 0.019255 0 
2348 0.103394 0 
2349 0.087303 0 
2350 0.071078 0 
2351 0.054965 0 
2352 0.066811 0 
2353 0.050491 0 
2354 0.033615 0 
2355 0.036997 0 
2357 0.023588 0 
2358 0.009038 0 
2359 0.038245 0 
2360 0.022028 0 
2361 0.022401 0 
2362 0.031174 0 
2363 0.015110 0 
2365 0.041233 0 
2366 0.059237 0 
2367 0.085796 0 
2368 0.069554 0 
2370 0.037238 0 
2371 0.021186 0 
2372 0.064197 0 
2373 0.063488 0 
2375 0.031177 0 
2376 0.061120 0 
2377 0.044791 0 
2378 0.028345 0 
2379 0.012396 0 
2380 0.026848 0 
2382 0.051188 0 
2383 0.035050 0 
2384 0.086839 0 
2385 0.070745 0 
2386 0.054671 0 
2387 0.050603 0 
2388 0.051811 0 
2389 0.035669 0 
2390 0.019545 0 
2392 0.076246 0 
2393 0.060095 0 
2394 0.043887 0 
2395 0.027581 0 
2396 0.011496 0 
2397 0.047790 0 
2398 0.031649 0 
2399 0.023518 0 
2400 0.021981 0 
2401 0.025537 0 
2402 0.059408 0 
2403 0.043817 0 
2404 0.027575 0 
2405 0.011400 0 
2406 0.063570 0 
2407 0.047525 0 
2408 0.038197 0 
2409 0.022063 0 
2410 0.045756 0 
2411 0.029626 0 
2412 0.013542 0 
2413 0.076055 0 
2414 0.059906 0 
2415 0.043611 0 
2416 0.027429 0 
2417 0.080597 0 
2419 0.048225 0 
2420 0.031969 0 
2421 0.015593 0 
2422 0.045652 0 
2423 0.072906 0 
2424 0.056804 0 
2425 0.040652 0 
2426 0.020092 0 
2428 0.100196 0 
2429 0.096299 0 
2430 0.080010 0 
2431 0.063981 0 
2433 0.031547 0 
2435 0.122848 0 
2436 0.106674 0 
2437 0.089947 0 
2438 0.142328 0 
2441 0.093413 0 
2442 0.077252 0 
2443 0.060719 0 
2444 0.044834 0 
2445 0.067506 0 
2446 0.083240 0 
2447 0.067195 0 
2448 0.051053 0 
2449 0.035041 0 
2450 0.019097 0 
2451 0.013685 0 
2452 0.020324 0 
2454 0.103020 0 
2456 0.070676 0 
2457 0.116320 0 
2458 0.100172 0 
2459 0.083693 0 
2460 0.067867 0 
2461 0.051810 0 
2462 0.035335 0 
2464 0.030344 0 
2465 0.044732 0 
2466 0.028579 0 
2467 0.022583 0 
2468 0.029165 0 
2469 0.044023 0 
2470 0.027647 0 
2471 0.081415 0 
2472 0.065302 0 
2473 0.049046 0 
2474 0.051619 0 
2475 0.032578 0 
2476 0.050509 0 
2477 0.034255 0 
2478 0.017585 0 
2480 0.052600 0 
2481 0.036188 0 
2482 0.019946 0 
2483 0.016992 0 
2484 0.034907 0 
2485 0.018694 0 
2486 0.066298 0 
2487 0.050174 0 
2488 0.034005 0 
2489 0.201302 0 
2491 0.168794 0 
2493 0.136323 0 
2494 0.120188 0 
2495 0.104006 0 
2496 0.087796 0 
2497 0.152068 0 
2498 0.135943 0 
2499 0.119806 0 
2501 0.087524 0 
2502 0.071226 0 
2503 0.068869 0 
2504 0.052986 0 
2506 0.020535 0 
2508 0.049803 0 
2509 0.034280 0 
2510 0.018201 0 
2512 0.021767 0 
2513 0.022183 0 
2514 0.097445 0 
2516 0.064956 0 
2517 0.049061 0 
2518 0.038385 0 
2519 0.043298 0 
2520 0.024508 0 
2521 0.041919 0 
2522 0.025880 0 
2523 0.049453 0 
2524 0.033403 0 
2525 0.064519 0 
2526 0.048424 0 
2527 0.032479 0 
2528 0.016440 0 
2529 0.042166 0 
2530 0.026087 0 
2531 0.060877 0 
2532 0.044789 0 
2533 0.037210 0 
2535 0.047814 0 
2536 0.031641 0 
2537 0.047144 0 
2538 0.030981 0 
2539 0.019136 0 
2540 0.036435 0 
2541 0.054373 0 
2543 0.089664 0 
2544 0.073514 0 
2545 0.057323 0 
2546 0.041090 0 
2547 0.100280 0 
2548 0.083884 0 
2549 0.067743 0 
2550 0.051872 0 
2551 0.035744 0 
2552 0.074769 0 
2553 0.058383 0 
2554 0.041711 0 
2556 0.103707 0 
2557 0.087595 0 
2558 0.071424 0 
2559 0.055141 0 
2560 0.127854 0 
2561 0.112125 0 
2562 0.095833 0 
2564 0.063438 0 
2565 0.047158 0 
2566 0.076577 0 
2567 0.060251 0 
2569 0.028683 0 
2570 0.021725 0 
2571 0.047749 0 
2572 0.031667 0 
2574 0.032569 0 
2575 0.061387 0 
2576 0.044832 0 
2577 0.028604 0 
2578 0.042318 0 
2579 0.043214 0 
2581 0.079847 0 
2582 0.063770 0 
2583 0.047670 0 
2584 0.031512 0 
2585 0.066031 0 
2586 0.049773 0 
2587 0.033392 0 
2588 0.017168 0 
2589 0.067970 0 
2591 0.035619 0 
2592 0.159818 0 
2593 0.143739 0 
2594 0.127578 0 
2595 0.111367 0 
2596 0.095057 0 
2597 0.078911 0 
2598 0.080591 0 
2599 0.064197 0 
2600 0.047551 0 
2601 0.031355 0 
2602 0.015234 0 
2603 0.034979 0 
2604 0.045806 0 
2605 0.054384 0 
2606 0.038565 0 
2607 0.030970 0 
2608 0.015688 0 
2609 0.133916 0 
2610 0.117877 0 
2611 0.101776 0 
2612 0.084848 0 
2613 0.068789 0 
2614 0.052555 0 
2615 0.036365 0 
2616 0.020278 0 
2618 0.064262 0 
2619 0.093423 0 
2620 0.126520 0 
2621 0.109980 0 
2622 0.093890 0 
2623 0.095607 0 
2624 0.079405 0 
2625 0.063199 0 
2627 0.089985 0 
2628 0.073508 0 
2629 0.050098 0 
2630 0.034003 0 
2632 0.052104 0 
2634 0.019766 0 
2635 0.101904 0 
2636 0.105129 0 
2637 0.117187 0 
2640 0.068185 0 
2641 0.052056 0 
2642 0.054955 0 
2643 0.112888 0 
2644 0.096375 0 
2645 0.080133 0 
2646 0.064036 0 
2647 0.075519 0 
2648 0.059380 0 
2649 0.042395 0 
2650 0.026924 0 
2651 0.099544 0 
2653 0.067587 0 
2655 0.043385 0 
2656 0.028558 0 
2657 0.012716 0 
2658 0.063943 0 
2659 0.047759 0 
2660 0.031641 0 
2661 0.015453 0 
2663 0.011045 0 
2664 0.016761 0 
2665 0.031084 0 
2666 0.015041 0 
2667 0.026319 0 
2668 0.113693 0 
2669 0.097651 0 
2670 0.081511 0 
2671 0.065376 0 
2672 0.048290 0 
2673 0.032056 0 
2674 0.015667 0 
2675 0.047751 0 
2676 0.031263 0 
2677 0.015560 0 
2679 0.018610 0 
2680 0.034967 0 
2681 0.082114 0 
2682 0.066005 0 
2683 0.049411 0 
2684 0.032969 0 
2685 0.071326 0 
2686 0.055242 0 
2687 0.039149 0 
2688 0.019615 0 
2690 0.081396 0 
2692 0.048600 0 
2693 0.032447 0 
2694 0.016042 0 
2695 0.015784 0 
2696 0.046411 0 
2697 0.030093 0 
2698 0.013992 0 
2700 0.059621 0 
2701 0.043411 0 
2702 0.058757 0 
2703 0.042610 0 
2705 0.058701 0 
2707 0.065611 0 
2708 0.049490 0 
2709 0.033346 0 
2711 0.066885 0 
2712 0.065387 0 
2713 0.049265 0 
2715 0.131409 0 
2716 0.115332 0 
2717 0.099141 0 
2718 0.083094 0 
2719 0.066923 0 
2720 0.124802 0 
2721 0.108214 0 
2722 0.119909 0 
2723 0.103750 0 
2724 0.122359 0 
2725 0.106147 0 
2726 0.099817 0 
2727 0.083697 0 
2728 0.067343 0 
2729 0.050374 0 
2730 0.038678 0 
2731 0.022445 0 
2732 0.060669 0 
2734 0.028527 0 
2735 0.012298 0 
2736 0.084180 0 
2737 0.068040 0 
2738 0.080705 0 
2739 0.064760 0 
2740 0.076661 0 
2742 0.044433 0 
2743 0.047331 0 
2744 0.031490 0 
2745 0.015376 0 
2746 0.026265 0 
2747 0.010084 0 
2748 0.045707 0 
2749 0.075921 0 
2750 0.059831 0 
2751 0.042337 0 
2752 0.026848 0 
2753 0.014281 0 
2755 0.121112 0 
2756 0.114154 0 
2757 0.097468 0 
2758 0.135908 0 
2759 0.119787 0 
2760 0.103575 0 
2761 0.091643 0 
2763 0.058550 0 
2764 0.055469 0 
2765 0.038904 0 
2766 0.047597 0 
2768 0.045336 0 
2769 0.029444 0 
2770 0.045451 0 
2771 0.029260 0 
2773 0.030622 0 
2774 0.043051 0 
2775 0.026875 0 
2776 0.018779 0 
2777 0.041381 0 
2778 0.025311 0 
2780 0.039225 0 
2781 0.023131 0 
2782 0.020720 0 
2783 0.233844 0 
2784 0.217663 0 
2785 0.200943 0 
2786 0.184974 0 
2787 0.168804 0 
2788 0.152485 0 
2790 0.174890 0 
2791 0.158699 0 
2792 0.142542 0 
2793 0.126250 0 
2794 0.109931 0 
2795 0.093817 0 
2796 0.081439 0 
2797 0.065336 0 
2798 0.061473 0 
2799 0.056815 0 
2800 0.040482 0 
2801 0.027279 0 
2802 0.042715 0 
2803 0.026632 0 
2804 0.049512 0 
2805 0.033186 0 
2806 0.041591 0 
2807 0.025448 0 
2808 0.078357 0 
2809 0.062090 0 
2810 0.044758 0 
2811 0.065857 0 
2812 0.049606 0 
2813 0.033413 0 
2814 0.016863 0 
2815 0.038145 0 
2817 0.097117 0 
2818 0.080935 0 
2819 0.064793 0 
2820 0.048607 0 
2821 0.088106 0 
2822 0.071923 0 
2823 0.055622 0 
2824 0.039488 0 
2826 0.088786 0 
2827 0.072417 0 
2828 0.056317 0 
2829 0.040174 0 
2831 0.026336 0 
2833 0.082437 0 
2834 0.066217 0 
2835 0.088379 0 
2836 0.073900 0 
2839 0.025459 0 
2840 0.027518 0 
2841 0.079227 0 
2842 0.063212 0 
2843 0.046912 0 
2844 0.030833 0 
2845 0.063505 0 
2846 0.046972 0 
2847 0.030846 0 
2848 0.044570 0 
2849 0.028517 0 
2850 0.053544 0 
2852 0.021242 0 
2854 0.119198 0 
2855 0.103193 0 
2856 0.087066 0 
2857 0.070862 0 
2858 0.054436 0 
2859 0.056607 0 
2860 0.040493 0 
2862 0.062138 0 
2863 0.114668 0 
2864 0.098537 0 
2865 0.082226 0 
2866 0.066117 0 
2867 0.049993 0 
2868 0.033826 0 
2869 0.069751 0 
2870 0.053663 0 
2871 0.037525 0 
2872 0.040143 0 
2873 0.023923 0 
2874 0.015530 0 
2875 0.143790 0 
2876 0.127754 0 
2878 0.158537 0 
2879 0.138238 0 
2880 0.121986 0 
2881 0.105863 0 
2882 0.089262 0 
2883 0.073462 0 
2884 0.057101 0 
2885 0.041102 0 
2886 0.024914 0 
2887 0.068326 0 
2889 0.038780 0 
2891 0.012075 0 
2892 0.049181 0 
2893 0.057380 0 
2894 0.041234 0 
2895 0.024870 0 
2896 0.008694 0 
2897 0.078905 0 
2899 0.046122 0 
2900 0.063991 0 
2901 0.047982 0 
2902 0.031848 0 
2904 0.138694 0 
2906 0.163250 0 
2907 0.147138 0 
2908 0.130991 0 
2910 0.131921 0 
2911 0.115741 0 
2912 0.100117 0 
2914 0.067366 0 
2915 0.069988 0 
2916 0.053867 0 
2917 0.037232 0 
2918 0.020622 0 
2919 0.014755 0 
2920 0.045703 0 
2921 0.029546 0 
2922 0.013428 0 
2923 0.034029 0 
2924 0.067133 0 
2925 0.050986 0 
2926 0.072716 0 
2927 0.055915 0 
2928 0.069969 0 
2929 0.053856 0 
2930 0.075796 0 
2931 0.059632 0 
2933 0.045089 0 
2934 0.029074 0 
2935 0.037424 0 
2936 0.021263 0 
2937 0.073132 0 
2938 0.056638 0 
2939 0.063021 0 
2941 0.031048 0 
2942 0.014877 0 
2943 0.040806 0 
2944 0.024498 0 
2945 0.007982 0 
2946 0.042448 0 
2947 0.026315 0 
2948 0.038833 0 
2949 0.022657 0 
2950 0.023897 0 
2951 0.045283 0 
2952 0.028950 0 
2954 0.052676 0 
2955 0.038322 0 
2956 0.024422 0 
2957 0.060390 0 
2958 0.044162 0 
2959 0.167232 0 
2960 0.151177 0 
2962 0.118880 0 
2963 0.102426 0 
2964 0.083941 0 
2965 0.068347 0 
2967 0.058975 0 
2968 0.043145 0 
2969 0.050179 0 
2970 0.034088 0 
2972 0.011299 0 
2973 0.071224 0 
2974 0.055032 0 
2975 0.038893 0 
2976 0.026125 0 
2977 0.009874 0 
2979 0.028981 0 
2980 0.036940 0 
2981 0.038967 0 
2982 0.031511 0 
2983 0.093787 0 
2984 0.077115 0 
2985 0.060848 0 
2986 0.109655 0 
2987 0.093405 0 
2989 0.061075 0 
2990 0.044811 0 
2991 0.080538 0 
2992 0.064411 0 
2993 0.048165 0 
2994 0.046519 0 
2995 0.030274 0 
2996 0.036253 0 
2997 0.021592 0 
2998 0.033409 0 
2999 0.072465 0 
3000 0.056350 0 
3001 0.040061 0 
3002 0.023529 0 
3003 0.065328 0 
3004 0.049212 0 
3005 0.086276 0 
3006 0.069958 0 
3007 0.053107 0 
3008 0.037288 0 
3009 0.021088 0 
3010 0.026933 0 
3011 0.022489 0 
3012 0.028589 0 
3013 0.012291 0 
3014 0.035678 0 
3016 0.045575 0 
3017 0.091731 0 
3018 0.075598 0 
3019 0.057138 0 
3020 0.040883 0 
3021 0.047428 0 
3022 0.031286 0 
3023 0.044444 0 
3025 0.077823 0 
3026 0.058162 0 
3027 0.036934 0 
3028 0.020923 0 
3030 0.034747 0 
3032 0.046776 0 
3033 0.044240 0 
3034 0.094883 0 
3035 0.080333 0 
3038 0.031681 0 
3039 0.040725 0 
3040 0.091142 0 
3041 0.075743 0 
3042 0.059359 0 
3043 0.059329 0 
3044 0.042853 0 
3045 0.026685 0 
3046 0.027727 0 
3047 0.069881 0 
3048 0.053807 0 
3049 0.058007 0 
3051 0.060535 0 
3053 0.060301 0 
3054 0.044111 0 
3055 0.028657 0 
3056 0.077837 0 
3057 0.061663 0 
3058 0.045575 0 
3059 0.049665 0 
3061 0.019920 0 
3062 0.062073 0 
3063 0.045936 0 
3064 0.029480 0 
3065 0.013314 0 
3066 0.028326 0 
3067 0.012237 0 
3068 0.028769 0 
3069 0.111061 0 
3070 0.095418 0 
3071 0.079259 0 
3072 0.063119 0 
3073 0.047023 0 
3074 0.030864 0 
3075 0.056277 0 
3077 0.034089 0 
3078 0.082298 0 
3079 0.066109 0 
3080 0.049891 0 
3081 0.033749 0 
3082 0.017401 0 
3083 0.040865 0 
3084 0.024743 0 
3085 0.015907 0 
3086 0.112151 0 
3088 0.142942 0 
3090 0.110557 0 
3091 0.094373 0 
3092 0.078105 0 
3093 0.062037 0 
3094 0.045970 0 
3095 0.054829 0 
3096 0.038773 0 
3098 0.072414 0 
3099 0.054439 0 
3100 0.040234 0 
3101 0.090790 0 
3103 0.058468 0 
3105 0.049858 0 
3106 0.033835 0 
3107 0.053675 0 
3109 0.086534 0 
3110 0.070421 0 
3111 0.054039 0 
3113 0.033882 0 
3114 0.017243 0 
3115 0.011554 0 
3116 0.042669 0 
3117 0.026469 0 
3118 0.020464 0 
3119 0.119321 0 
3120 0.103668 0 
3121 0.087440 0 
3122 0.071099 0 
3123 0.060280 0 
3124 0.070566 0 
3125 0.054386 0 
3126 0.038236 0 
3127 0.026496 0 
3128 0.013294 0 
3129 0.014999 0 
3130 0.075250 0 
3132 0.043130 0 
3133 0.027005 0 
3134 0.050463 0 
3135 0.034461 0 
3136 0.083585 0 
3137 0.067357 0 
3138 0.050940 0 
3140 0.022057 0 
3141 0.006028 0 
3142 0.022016 0 
3143 0.083497 0 
3144 0.066072 0 
3145 0.107357 0 
3146 0.091001 0 
3147 0.075025 0 
3148 0.058989 0 
3149 0.042858 0 
3150 0.026725 0 
3151 0.011028 0 
3153 0.037009 0 
3154 0.021521 0 
3155 0.042941 0 
3156 0.076068 0 
3157 0.059637 0 
3158 0.043459 0 
3159 0.068226 0 
3161 0.080275 0 
3162 0.063911 0 
3163 0.047623 0 
3164 0.031462 0 
3166 0.040799 0 
3167 0.024495 0 
3168 0.097481 0 
3169 0.080973 0 
3171 0.048779 0 
3172 0.041628 0 
3173 0.025520 0 
3174 0.115193 0 
3175 0.099147 0 
3176 0.082711 0 
3178 0.048970 0 
3179 0.100264 0 
3180 0.084279 0 
3181 0.103488 0 
3182 0.087447 0 
3183 0.071342 0 
3184 0.054528 0 
3185 0.042900 0 
3186 0.027542 0 
3188 0.081544 0 
3189 0.065400 0 
3190 0.048915 0 
3191 0.033102 0 
3192 0.055066 0 
3193 0.039000 0 
3194 0.022860 0 
3195 0.024431 0 
3196 0.007827 0 
3197 0.045512 0 
3198 0.029693 0 
3199 0.042963 0 
3200 0.032420 0 
3201 0.037913 0 
3202 0.019640 0 
3203 0.019652 0 
3204 0.010584 0 
3205 0.055287 0 
3206 0.039163 0 
3207 0.023140 0 
3208 0.025951 0 
3209 0.009407 0 
3210 0.047488 0 
3211 0.076586 0 
3212 0.060503 0 
3213 0.044382 0 
3215 0.029386 0 
3216 0.013038 0 
3217 0.045136 0 
3218 0.029916 0 
3219 0.013852 0 
3220 0.049114 0 
3221 0.032954 0 
3222 0.016764 0 
3224 0.055923 0 
3225 0.039849 0 
3226 0.037692 0 
3227 0.021578 0 
3229 0.022307 0 
3231 0.050416 0 
3232 0.064165 0 
3233 0.067538 0 
3234 0.077410 0 
3237 0.028457 0 
3238 0.031743 0 
3239 0.060908 0 
3240 0.044729 0 
3241 0.028586 0 
3242 0.030745 0 
3243 0.039078 0 
3244 0.040138 0 
3245 0.024050 0 
3246 0.051828 0 
3247 0.035717 0 
3248 0.046090 0 
3250 0.080868 0 
3252 0.048337 0 
3253 0.032128 0 
3254 0.079408 0 
3255 0.063259 0 
3256 0.117585 0 
3257 0.101475 0 
3258 0.085375 0 
3260 0.052513 0 
3261 0.057500 0 
3262 0.041847 0 
3263 0.034898 0 
3264 0.069216 0 
3265 0.052944 0 
3266 0.037056 0 
3267 0.048272 0 
3268 0.031884 0 
3269 0.015534 0 
3270 0.015348 0 
3271 0.111566 0 
3272 0.095301 0 
3273 0.079130 0 
3274 0.105036 0 
3276 0.113819 0 
3277 0.096303 0 
3278 0.114177 0 
3279 0.098009 0 
3280 0.080970 0 
3281 0.095994 0 
3282 0.079988 0 
3283 0.062943 0 
3284 0.068885 0 
3285 0.052835 0 
3287 0.019554 0 
3289 0.023177 0 
3290 0.007082 0 
3291 0.056623 0 
3292 0.040316 0 
3293 0.026101 0 
3294 0.018517 0 
3295 0.041392 0 
3297 0.017520 0 
3298 0.031965 0 
3299 0.015176 0 
3300 0.068279 0 
3302 0.035805 0 
3304 0.034805 0 
3305 0.069993 0 
3306 0.053792 0 
3308 0.021342 0 
3309 0.018356 0 
3310 0.171763 0 
3312 0.139585 0 
3313 0.122178 0 
3314 0.106297 0 
3315 0.090221 0 
3316 0.073991 0 
3317 0.057799 0 
3318 0.064456 0 
3319 0.048025 0 
3320 0.031850 0 
3321 0.019267 0 
3322 0.053844 0 
3323 0.037752 0 
3324 0.021822 0 
3325 0.043767 0 
3326 0.027605 0 
3327 0.025200 0 
3328 0.054713 0 
3329 0.038835 0 
3331 0.110570 0 
3332 0.094340 0 
3333 0.078132 0 
3334 0.084316 0 
3335 0.068113 0 
3336 0.130894 0 
3337 0.114797 0 
3339 0.082360 0 
3340 0.065938 0 
3341 0.049862 0 
3342 0.033753 0 
3343 0.038080 0 
3344 0.021676 0 
3345 0.081513 0 
3346 0.065372 0 
3347 0.058849 0 
3348 0.042391 0 
3349 0.026311 0 
3350 0.083098 0 
3352 0.050333 0 
3353 0.085273 0 
3354 0.069659 0 
3355 0.052850 0 
3356 0.036922 0 
3357 0.100053 0 
3358 0.083709 0 
3360 0.051699 0 
3361 0.066324 0 
3362 0.050082 0 
3363 0.098618 0 
3365 0.066959 0 
3366 0.109647 0 
3367 0.093547 0 
3368 0.077296 0 
3370 0.149844 0 
3371 0.133600 0 
3372 0.117530 0 
3373 0.101355 0 
3374 0.085331 0 
3375 0.069251 0 
3377 0.036742 0 
3378 0.047578 0 
3379 0.031228 0 
3380 0.079654 0 
3381 0.063329 0 
3382 0.047174 0 
3383 0.022708 0 
3384 0.041917 0 
3385 0.025540 0 
3387 0.063053 0 
3388 0.047283 0 
3389 0.039026 0 
3390 0.022897 0 
3391 0.061727 0 
3392 0.045609 0 
3393 0.080605 0 
3394 0.064531 0 
3395 0.048257 0 
3396 0.031906 0 
3397 0.042703 0 
3398 0.038349 0 
3399 0.046433 0 
3400 0.090129 0 
3401 0.073985 0 
3402 0.057851 0 
3403 0.041528 0 
3404 0.058575 0 
3405 0.042455 0 
3406 0.025806 0 
3407 0.034019 0 
3408 0.031056 0 
3409 0.014605 0 
3410 0.024801 0 
3411 0.011057 0 
3412 0.075984 0 
3414 0.049945 0 
3415 0.066710 0 
3416 0.050653 0 
3417 0.034214 0 
3418 0.024991 0 
3419 0.009093 0 
3420 0.053239 0 
3421 0.037103 0 
3423 0.047374 0 
3424 0.031000 0 
3425 0.015184 0 
3426 0.036770 0 
3428 0.003981 0 
3430 0.067588 0 
3431 0.130064 0 
3432 0.113434 0 
3433 0.097249 0 
3436 0.057978 0 
3437 0.041905 0 
3438 0.036786 0 
3439 0.096602 0 
3440 0.080591 0 
3441 0.064093 0 
3442 0.048303 0 
3443 0.034226 0 
3444 0.034600 0 
3445 0.018463 0 
3446 0.054397 0 
3447 0.038110 0 
3449 0.078798 0 
3451 0.065094 0 
3452 0.048916 0 
3453 0.032715 0 
3454 0.076480 0 
3455 0.060367 0 
3456 0.044303 0 
3457 0.028094 0 
3459 0.091494 0 
3460 0.075377 0 
3461 0.082899 0 
3462 0.066506 0 
3463 0.050017 0 
3464 0.085952 0 
3465 0.069899 0 
3466 0.053777 0 
3467 0.037581 0 
3468 0.021463 0 
3469 0.077952 0 
3470 0.061464 0 
3471 0.045384 0 
3472 0.029047 0 
3473 0.069644 0 
3475 0.056998 0 
3476 0.133185 0 
3477 0.116971 0 
3478 0.100369 0 
3479 0.083943 0 
3480 0.067855 0 
3481 0.077796 0 
3482 0.061696 0 
3483 0.045508 0 
3484 0.029197 0 
3486 0.080570 0 
3488 0.048197 0 
3489 0.078200 0 
3490 0.062064 0 
3491 0.045804 0 
3492 0.029289 0 
3493 0.082128 0 
3494 0.066023 0 
3496 0.036679 0 
3497 0.043802 0 
3498 0.026299 0 
3499 0.077261 0 
3501 0.044978 0 
3503 0.094178 0 
3504 0.078135 0 
3505 0.061983 0 
3507 0.029278 0 
3508 0.013137 0 
3509 0.118635 0 
3511 0.086189 0 
3512 0.070099 0 
3513 0.053838 0 
3514 0.051534 0 
3515 0.035505 0 
3516 0.019287 0 
3517 0.081324 0 
3518 0.065185 0 
3519 0.060226 0 
3520 0.044020 0 
3521 0.027546 0 
3522 0.047635 0 
3523 0.031529 0 
3524 0.020974 0 
3525 0.110967 0 
3526 0.102920 0 
3527 0.086702 0 
3528 0.089453 0 
3530 0.057249 0 
3531 0.041058 0 
3532 0.024919 0 
3533 0.015081 0 
3534 0.079608 0 
3535 0.070888 0 
3536 0.055107 0 
3538 0.022903 0 
3539 0.046824 0 
3540 0.031085 0 
3541 0.029659 0 
3542 0.010299 0 
3543 0.042650 0 
3544 0.086531 0 
3545 0.070230 0 
3546 0.053545 0 
3547 0.037841 0 
3548 0.053224 0 
3549 0.037076 0 
3551 0.090865 0 
3552 0.074697 0 
3553 0.058553 0 
3554 0.054573 0 
3555 0.038190 0 
3556 0.022119 0 
3557 0.051734 0 
3559 0.074944 0 
3560 0.058685 0 
3561 0.042506 0 
3562 0.058860 0 
3564 0.026523 0 
3565 0.044959 0 
3566 0.029033 0 
3567 0.030445 0 
3569 0.047468 0 
3570 0.038670 0 
3571 0.022984 0 
3572 0.018009 0 
3573 0.047734 0 
3574 0.031352 0 
3576 0.058368 0 
3577 0.042815 0 
3578 0.030266 0 
3579 0.087932 0 
3580 0.071903 0 
3581 0.055089 0 
3582 0.074388 0 
3583 0.058209 0 
3584 0.041857 0 
3586 0.047085 0 
3587 0.073864 0 
3588 0.055737 0 
3589 0.039662 0 
3590 0.092848 0 
3591 0.076870 0 
3592 0.060801 0 
3593 0.044688 0 
3594 0.072611 0 
3595 0.056554 0 
3596 0.037975 0 
3597 0.021438 0 
3598 0.024718 0 
3599 0.054407 0 
3600 0.038306 0 
3601 0.029413 0 
3602 0.038586 0 
3603 0.033598 0 
3604 0.017264 0 
3605 0.033429 0 
3606 0.055788 0 
3607 0.039772 0 
3608 0.133771 0 
3609 0.117798 0 
3610 0.101409 0 
3611 0.085112 0 
3613 0.051829 0 
3614 0.034882 0 
3615 0.034079 0 
3616 0.017729 0 
3617 0.015038 0 
3618 0.039595 0 
3619 0.023300 0 
3620 0.021307 0 
3622 0.058235 0 
3623 0.073136 0 
3624 0.057110 0 
3625 0.041117 0 
3627 0.091769 0 
3629 0.059387 0 
3630 0.078960 0 
3631 0.075155 0 
3632 0.071812 0 
3635 0.023388 0 
3636 0.006973 0 
3637 0.047547 0 
3638 0.046768 0 
3639 0.029961 0 
3640 0.020862 0 
3641 0.097853 0 
3642 0.081614 0 
3643 0.086456 0 
3644 0.070468 0 
3645 0.054309 0 
3646 0.037305 0 
3648 0.073212 0 
3650 0.041102 0 
3651 0.036834 0 
3652 0.020633 0 
3653 0.014582 0 
3654 0.058324 0 
3655 0.042228 0 
3656 0.025350 0 
3658 0.051782 0 
3659 0.033364 0 
3660 0.043251 0 
3661 0.035821 0 
3662 0.055195 0 
3663 0.039221 0 
3664 0.043536 0 
3665 0.027528 0 
3666 0.014173 0 
3667 0.038877 0 
3668 0.016069 0 
3669 0.013076 0 
3670 0.016560 0 
3671 0.094372 0 
3672 0.078289 0 
3674 0.065773 0 
3675 0.078588 0 
3676 0.062507 0 
3677 0.067755 0 
3678 0.049694 0 
3679 0.030063 0 
3680 0.096123 0 
3681 0.079594 0 
3682 0.063437 0 
3683 0.047460 0 
3685 0.092550 0 
3687 0.059475 0 
3688 0.043483 0 
3689 0.027117 0 
3690 0.010917 0 
3691 0.056289 0 
3692 0.040118 0 
3693 0.071115 0 
3695 0.038870 0 
3696 0.022702 0 
3697 0.035667 0 
3698 0.019552 0 
3700 0.023604 0 
3702 0.042102 0 
3703 0.038059 0 
3704 0.022015 0 
3706 0.052686 0 
3707 0.096335 0 
3708 0.080277 0 
3710 0.048064 0 
3711 0.029639 0 
3712 0.013456 0 
3713 0.025190 0 
3714 0.009545 0 
3715 0.028749 0 
3716 0.032161 0 
3717 0.016075 0 
3718 0.042090 0 
3719 0.022021 0 
3720 0.011050 0 
3721 0.031543 0 
3722 0.015531 0 
3723 0.064001 0 
3724 0.047986 0 
3725 0.031910 0 
3726 0.015223 0 
3727 0.041818 0 
3729 0.065755 0 
3730 0.049548 0 
3731 0.115969 0 
3732 0.099763 0 
3733 0.083542 0 
3734 0.067345 0 
3735 0.048705 0 
3737 0.057131 0 
3738 0.041040 0 
3739 0.024969 0 
3740 0.137976 0 
3741 0.120390 0 
3742 0.103734 0 
3743 0.088083 0 
3744 0.071908 0 
3745 0.054197 0 
3746 0.038205 0 
3747 0.026834 0 
3748 0.010607 0 
3750 0.013762 0 
3751 0.100221 0 
3752 0.084156 0 
3753 0.080975 0 
3754 0.065094 0 
3755 0.049089 0 
3756 0.032753 0 
3758 0.039892 0 
3759 0.023700 0 
3760 0.031781 0 
3761 0.037468 0 
3763 0.054098 0 
3764 0.038148 0 
3765 0.080191 0 
3766 0.064048 0 
3768 0.038438 0 
3769 0.071342 0 
3770 0.049671 0 
3771 0.033721 0 
3772 0.064303 0 
3773 0.048141 0 
3775 0.031206 0 
3776 0.014654 0 
3777 0.020608 0 
3778 0.020944 0 
3779 0.038115 0 
3780 0.021858 0 
3781 0.022890 0 
3782 0.055014 0 
3783 0.038870 0 
3785 0.055565 0 
3786 0.038934 0 
3787 0.022760 0 
3788 0.053316 0 
3789 0.037900 0 
3790 0.021760 0 
3791 0.050084 0 
3792 0.033805 0 
3793 0.026737 0 
3794 0.057808 0 
3795 0.041354 0 
3796 0.025178 0 
3797 0.069719 0 
3798 0.053701 0 
3799 0.037774 0 
3800 0.022303 0 
3801 0.006280 0 
3802 0.097472 0 
3803 0.081484 0 
3804 0.065427 0 
3805 0.049376 0 
3806 0.032820 0 
3807 0.083437 0 
3808 0.066904 0 
3809 0.050744 0 
3810 0.034650 0 
3812 0.076864 0 
3813 0.060789 0 
3814 0.086613 0 
3815 0.070635 0 
3816 0.054483 0 
3817 0.038109 0 
3818 0.060922 0 
3819 0.044780 0 
3821 0.064081 0 
3822 0.047720 0 
3823 0.031710 0 
3824 0.015638 0 
3826 0.042223 0 
3828 0.021853 0 
3829 0.067062 0 
3830 0.049388 0 
3831 0.025984 0 
3834 0.036502 0 
3835 0.020451 0 
3836 0.025225 0 
3837 0.054012 0 
3838 0.037958 0 
3839 0.021896 0 
3840 0.032650 0 
3841 0.016616 0 
3842 0.013618 0 
3843 0.061431 0 
3844 0.045367 0 
3845 0.029188 0 
3847 0.073472 0 
3849 0.047143 0 
3850 0.031831 0 
3851 0.015665 0 
3852 0.079882 0 
3853 0.063760 0 
3854 0.046792 0 
3855 0.044739 0 
3857 0.059995 0 
3858 0.043612 0 
3859 0.019527 0 
3860 0.063719 0 
3861 0.047749 0 
3862 0.078899 0 
3863 0.062828 0 
3864 0.044971 0 
3865 0.083427 0 
3866 0.067280 0 
3867 0.051219 0 
3868 0.035170 0 
3869 0.019118 0 
3870 0.066332 0 
3871 0.048686 0 
3873 0.058699 0 
3874 0.042071 0 
3875 0.025970 0 
3876 0.040936 0 
3877 0.024892 0 
3878 0.037565 0 
3879 0.023699 0 
3880 0.007887 0 
3881 0.062132 0 
3882 0.046830 0 
3884 0.064259 0 
3886 0.140084 0 
3887 0.124058 0 
3888 0.106907 0 
3889 0.090752 0 
3890 0.071218 0 
3891 0.064932 0 
3892 0.048847 0 
3894 0.035697 0 
3895 0.019643 0 
3896 0.095194 0 
3897 0.079963 0 
3899 0.098709 0 
3901 0.066094 0 
3902 0.049904 0 
3903 0.044319 0 
3905 0.039697 0 
3906 0.023248 0 
3907 0.073872 0 
3909 0.041686 0 
3910 0.054552 0 
3911 0.038633 0 
3912 0.030373 0 
3913 0.013579 0 
3914 0.034411 0 
3915 0.018602 0 
3916 0.019923 0 
3917 0.050376 0 
3918 0.034025 0 
3919 0.018324 0 
3920 0.023018 0 
3921 0.015834 0 
3922 0.058710 0 
3923 0.042511 0 
3924 0.031365 0 
3925 0.037060 0 
3926 0.041438 0 
3928 0.092122 0 
3929 0.133420 0 
3930 0.115706 0 
3931 0.099231 0 
3932 0.083130 0 
3933 0.118133 0 
3934 0.101808 0 
3936 0.066783 0 
3937 0.120016 0 
3938 0.122704 0 
3939 0.106140 0 
3940 0.087752 0 
3941 0.068968 0 
3942 0.052752 0 
3943 0.036589 0 
3944 0.022638 0 
3945 0.056453 0 
3946 0.070391 0 
3947 0.054340 0 
3949 0.069946 0 
3950 0.053737 0 
3951 0.037293 0 
3952 0.021443 0 
3953 0.046923 0 
3954 0.027537 0 
3955 0.026604 0 
3957 0.012867 0 
3958 0.023896 0 
3959 0.032596 0 
3960 0.032661 0 
3962 0.077997 0 
3963 0.058059 0 
3964 0.041878 0 
3965 0.029403 0 
3967 0.026181 0 
3968 0.047694 0 
3969 0.031618 0 
3970 0.015296 0 
3971 0.046456 0 
3972 0.029930 0 
3974 0.059515 0 
3975 0.043200 0 
3976 0.026865 0 
3977 0.014932 0 
3978 0.025389 0 
3979 0.014999 0 
3980 0.068661 0 
3981 0.052713 0 
3982 0.050025 0 
3984 0.017851 0 
3985 0.038413 0 
3986 0.022106 0 
3987 0.013730 0 
3988 0.033850 0 
3989 0.017394 0 
3990 0.056914 0 
3991 0.073142 0 
3992 0.058375 0 
3993 0.073553 0 
3994 0.057375 0 
3995 0.041041 0 
3996 0.024631 0 
3997 0.056970 0 
3998 0.040657 0 
3999 0.024802 0 
4000 0.016165 0 
4001 0.029076 0 
4002 0.093075 0 
4003 0.076773 0 
4004 0.060696 0 
4005 0.044549 0 
4006 0.028412 0 
4007 0.076707 0 
4008 0.060710 0 
4009 0.044606 0 
4011 0.065597 0 
4012 0.048837 0 
4013 0.032841 0 
4014 0.034311 0 
4015 0.018332 0 
4016 0.051057 0 
4017 0.055794 0 
4018 0.039499 0 
4020 0.032905 0 
4021 0.017548 0 
4022 0.007438 0 
4023 0.028267 0 
4025 0.035325 0 
4027 0.028714 0 
4028 0.031066 0 
4029 0.071383 0 
4030 0.055362 0 
4033 0.069451 0 
4034 0.052896 0 
4035 0.036819 0 
4036 0.090731 0 
4037 0.074659 0 
4038 0.058573 0 
4039 0.042468 0 
4040 0.063070 0 
4041 0.046885 0 
4042 0.030029 0 
4043 0.013754 0 
4044 0.093013 0 
4046 0.052833 0 
4048 0.019907 0 
4049 0.032846 0 
4050 0.017019 0 
4051 0.067177 0 
4052 0.050392 0 
4053 0.033820 0 
4054 0.063691 0 
4056 0.031718 0 
4057 0.026002 0 
4058 0.067988 0 
4059 0.117572 0 
4060 0.101739 0 
4061 0.085611 0 
4062 0.069191 0 
4063 0.052153 0 
4064 0.035930 0 
4065 0.015197 0 
4066 0.053153 0 
4067 0.037070 0 
4068 0.020910 0 
4069 0.073447 0 
4070 0.057379 0 
4072 0.077306 0 
4073 0.060388 0 
4074 0.044870 0 
4075 0.028796 0 
4076 0.025627 0 
4077 0.067140 0 
4078 0.050450 0 
4079 0.034396 0 
4080 0.105673 0 
4081 0.084837 0 
4083 0.051913 0 
4085 0.019235 0 
4086 0.010179 0 
4087 0.013614 0 
4088 0.062345 0 
4089 0.040673 0 
4090 0.024496 0 
4091 0.022592 0 
4093 0.078175 0 
4094 0.062112 0 
4095 0.046123 0 
4096 0.029723 0 
4098 0.046197 0 
4100 0.056444 0 
4101 0.041073 0 
4102 0.024539 0 
4104 0.030284 0 
4105 0.031121 0 
4106 0.014970 0 
4108 0.072199 0 
4109 0.056123 0 
4110 0.039728 0 
4111 0.024020 0 
4112 0.007789 0 
4113 0.031017 0 
4114 0.044453 0 
4115 0.028325 0 
4116 0.012102 0 
4117 0.014540 0 
4118 0.057499 0 
4119 0.041544 0 
4120 0.025042 0 
4121 0.031155 0 
4122 0.043809 0 
4123 0.027422 0 
4124 0.106091 0 
4125 0.087517 0 
4127 0.054296 0 
4128 0.038131 0 
4129 0.021580 0 
4130 0.020901 0 
4131 0.024829 0 
4132 0.110574 0 
4133 0.094419 0 
4135 0.062007 0 
4136 0.045830 0 
4137 0.029724 0 
4138 0.031492 0 
4139 0.014938 0 
4140 0.032829 0 
4141 0.095734 0 
4142 0.079570 0 
4143 0.062459 0 
4144 0.046728 0 
4145 0.030597 0 
4146 0.079745 0 
4148 0.047744 0 
4149 0.057254 0 
4150 0.041131 0 
4151 0.024977 0 
4152 0.019165 0 
4153 0.054445 0 
4154 0.038277 0 
4156 0.092897 0 
4157 0.076678 0 
4158 0.075307 0 
4159 0.059133 0 
4161 0.026643 0 
4162 0.023563 0 
4163 0.041077 0 
4164 0.024833 0 
4166 0.049696 0 
4167 0.074909 0 
4168 0.058526 0 
4169 0.070530 0 
4170 0.054343 0 
4171 0.038142 0 
4173 0.032084 0 
4174 0.090318 0 
4175 0.083622 0 
4176 0.067521 0 
4177 0.051387 0 
4178 0.081796 0 
4179 0.065140 0 
4180 0.049514 0 
4181 0.059935 0 
4183 0.138663 0 
4184 0.122365 0 
4185 0.106155 0 
4186 0.090015 0 
4187 0.073870 0 
4188 0.057738 0 
4189 0.041412 0 
4190 0.025151 0 
4191 0.056990 0 
4192 0.040848 0 
4193 0.070349 0 
4194 0.052334 0 
4195 0.055638 0 
4196 0.039407 0 
4197 0.023458 0 
4198 0.019919 0 
4199 0.030782 0 
4200 0.014634 0 
4201 0.086523 0 
4202 0.070384 0 
4203 0.054212 0 
4204 0.037981 0 
4205 0.068791 0 
4206 0.052503 0 
4207 0.036156 0 
4208 0.027856 0 
4210 0.012489 0 
4211 0.085045 0 
4212 0.068950 0 
4213 0.052836 0 
4214 0.036556 0 
4215 0.020443 0 
4216 0.072774 0 
4217 0.056716 0 
4219 0.033984 0 
4220 0.017666 0 
4221 0.048281 0 
4222 0.032272 0 
4224 0.032757 0 
4226 0.064205 0 
4227 0.048516 0 
4228 0.089573 0 
4229 0.107236 0 
4232 0.058558 0 
4233 0.042166 0 
4234 0.055156 0 
4235 0.071058 0 
4236 0.054699 0 
4237 0.038758 0 
4238 0.022564 0 
4239 0.038064 0 
4240 0.054269 0 
4241 0.038113 0 
4242 0.032678 0 
4243 0.016230 0 
4245 0.092793 0 
4247 0.059141 0 
4248 0.042945 0 
4249 0.026811 0 
4250 0.085417 0 
4251 0.069343 0 
4252 0.053164 0 
4253 0.103661 0 
4255 0.071330 0 
4256 0.055062 0 
4257 0.038668 0 
4258 0.022732 0 
4259 0.063170 0 
4260 0.047018 0 
4261 0.030427 0 
4262 0.064226 0 
4263 0.048139 0 
4264 0.077539 0 
4265 0.061328 0 
4266 0.044442 0 
4267 0.050410 0 
4268 0.034202 0 
4269 0.098347 0 
4271 0.087495 0 
4272 0.071330 0 
4273 0.069062 0 
4274 0.052911 0 
4275 0.130756 0 
4276 0.114957 0 
4277 0.098841 0 
4278 0.082718 0 
4279 0.121268 0 
4280 0.105162 0 
4282 0.072750 0 
4284 0.040420 0 
4285 0.048983 0 
4286 0.032905 0 
4287 0.016672 0 
4288 0.108577 0 
4289 0.092560 0 
4290 0.150849 0 
4292 0.118236 0 
4293 0.123405 0 
4294 0.107213 0 
4295 0.090836 0 
4297 0.058152 0 
4299 0.025671 0 
4300 0.009557 0 
4301 0.010806 0 
4303 0.021765 0 
4304 0.055659 0 
4305 0.039561 0 
4307 0.023542 0 
4308 0.096272 0 
4309 0.080223 0 
4310 0.064043 0 
4311 0.054738 0 
4312 0.038220 0 
4313 0.026655 0 
4314 0.010503 0 
4315 0.055570 0 
4316 0.039438 0 
4317 0.023257 0 
4318 0.053743 0 
4319 0.036595 0 
4320 0.040174 0 
4321 0.023855 0 
4322 0.064947 0 
4323 0.110953 0 
4324 0.095262 0 
4326 0.062788 0 
4327 0.046594 0 
4328 0.030224 0 
4329 0.014318 0 
4330 0.037864 0 
4331 0.053066 0 
4332 0.036886 0 
4334 0.051310 0 
4335 0.073062 0 
4336 0.056334 0 
4337 0.040419 0 
4338 0.024343 0 
4339 0.046057 0 
4340 0.029890 0 
4341 0.013272 0 
4342 0.039704 0 
4343 0.023550 0 
4344 0.125256 0 
4345 0.108995 0 
4347 0.076655 0 
4348 0.086825 0 
4349 0.070580 0 
4350 0.054466 0 
4351 0.030630 0 
4352 0.014014 0 
4353 0.135734 0 
4355 0.148136 0 
4356 0.131948 0 
4357 0.175585 0 
4358 0.160009 0 
4360 0.127765 0 
4361 0.111629 0 
4362 0.095046 0 
4363 0.078614 0 
4365 0.081091 0 
4366 0.085236 0 
4367 0.068800 0 
4368 0.052737 0 
4369 0.033855 0 
4370 0.029905 0 
4372 0.154828 0 
4373 0.138624 0 
4374 0.122002 0 
4375 0.106013 0 
4376 0.089921 0 
4377 0.073713 0 
4378 0.057409 0 
4379 0.037625 0 
4380 0.042702 0 
4382 0.073123 0 
4383 0.056928 0 
4384 0.040305 0 
4385 0.029956 0 
4386 0.013885 0 
4387 0.012584 0 
4388 0.046938 0 
4389 0.030310 0 
4390 0.051748 0 
4391 0.035510 0 
4392 0.046757 0 
4393 0.030617 0 
4394 0.014398 0 
4395 0.021816 0 
4396 0.048285 0 
4397 0.032134 0 
4398 0.087106 0 
4399 0.070832 0 
4400 0.054553 0 
4401 0.044268 0 
4402 0.028083 0 
4403 0.011973 0 
4404 0.013502 0 
4405 0.022038 0 
4406 0.018717 0 
4407 0.043367 0 
4409 0.044175 0 
4410 0.027979 0 
4411 0.013956 0 
4412 0.029669 0 
4413 0.035035 0 
4414 0.049703 0 
4415 0.033535 0 
4416 0.060704 0 
4418 0.081550 0 
4419 0.065463 0 
4420 0.049269 0 
4421 0.033235 0 
4423 0.042116 0 
4425 0.039656 0 
4426 0.059210 0 
4427 0.069185 0 
4428 0.080489 0 
4431 0.030063 0 
4432 0.027988 0 
4433 0.066800 0 
4434 0.060180 0 
4435 0.044085 0 
4436 0.028000 0 
4437 0.027804 0 
4438 0.066424 0 
4439 0.050575 0 
4440 0.034415 0 
4441 0.095213 0 
4442 0.079172 0 
4444 0.046777 0 
4446 0.031465 0 
4447 0.015377 0 
4448 0.017506 0 
4449 0.035088 0 
4450 0.018978 0 
4451 0.080218 0 
4452 0.064041 0 
4454 0.042792 0 
4455 0.037835 0 
4456 0.021645 0 
4457 0.088902 0 
4458 0.072267 0 
4459 0.052646 0 
4460 0.036446 0 
4461 0.020195 0 
4462 0.031430 0 
4463 0.015088 0 
4464 0.056810 0 
4465 0.040769 0 
4466 0.062389 0 
4467 0.046004 0 
4468 0.029893 0 
4470 0.082623 0 
4471 0.066433 0 
4472 0.067327 0 
4473 0.051092 0 
4474 0.092331 0 
4475 0.075485 0 
4476 0.059670 0 
4477 0.110039 0 
4478 0.132100 0 
4479 0.113717 0 
4481 0.081837 0 
4483 0.049415 0 
4484 0.033195 0 
4485 0.017133 0 
4486 0.128556 0 
4487 0.112524 0 
4488 0.096370 0 
4489 0.088858 0 
4491 0.074511 0 
4492 0.098783 0 
4493 0.082272 0 
4494 0.066147 0 
4496 0.033737 0 
4498 0.038149 0 
4499 0.021873 0 
4500 0.019651 0 
4502 0.015741 0 
4503 0.079155 0 
4504 0.063187 0 
4506 0.030896 0 
4507 0.014787 0 
4508 0.067554 0 
4509 0.051457 0 
4510 0.035270 0 
4511 0.035376 0 
4512 0.018975 0 
4513 0.025884 0 
4514 0.068188 0 
4515 0.052071 0 
4516 0.035915 0 
4517 0.019306 0 
4518 0.018913 0 
4519 0.027123 0 
4520 0.091019 0 
4521 0.074773 0 
4522 0.058578 0 
4523 0.042383 0 
4525 0.024447 0 
4526 0.019258 0 
4527 0.050417 0 
4528 0.034618 0 
4529 0.072627 0 
4530 0.056484 0 
4531 0.040265 0 
4533 0.022834 0 
4534 0.014771 0 
4535 0.043017 0 
4536 0.026910 0 
4537 0.079451 0 
4538 0.063209 0 
4539 0.047067 0 
4540 0.030831 0 
4541 0.014617 0 
4542 0.050045 0 
4543 0.060107 0 
4544 0.043931 0 
4546 0.058455 0 
4547 0.042149 0 
4548 0.047926 0 
4549 0.031805 0 
4550 0.120064 0 
4551 0.104155 0 
4552 0.088054 0 
4554 0.055256 0 
4555 0.039269 0 
4556 0.032269 0 
4557 0.084294 0 
4559 0.051925 0 
4560 0.035911 0 
4561 0.036654 0 
4562 0.064554 0 
4564 0.032294 0 
4565 0.105907 0 
4566 0.089700 0 
4567 0.081717 0 
4568 0.064895 0 
4569 0.048951 0 
4571 0.067062 0 
4572 0.050675 0 
4573 0.133378 0 
4574 0.117272 0 
4575 0.101079 0 
4576 0.084971 0 
4577 0.072191 0 
4578 0.081886 0 
4579 0.065920 0 
4581 0.033670 0 
4582 0.045902 0 
4583 0.061716 0 
4584 0.045708 0 
4585 0.063726 0 
4586 0.047683 0 
4587 0.114532 0 
4588 0.098395 0 
4589 0.085356 0 
4590 0.077859 0 
4591 0.080683 0 
4592 0.064626 0 
4593 0.048390 0 
4594 0.031988 0 
4595 0.084794 0 
4596 0.068619 0 
4597 0.052414 0 
4598 0.036223 0 
4599 0.020090 0 
4600 0.053839 0 
4601 0.048201 0 
4602 0.032058 0 
4603 0.015731 0 
4604 0.080233 0 
4605 0.064137 0 
4606 0.047909 0 
4608 0.014015 0 
4609 0.055925 0 
4610 0.039687 0 
4611 0.039891 0 
4612 0.023740 0 
4613 0.018877 0 
4614 0.048100 0 
4615 0.035706 0 
4617 0.065145 0 
4618 0.048882 0 
4619 0.054416 0 
4620 0.038451 0 
4622 0.073378 0 
4624 0.040890 0 
4625 0.076828 0 
4626 0.099097 0 
4627 0.082940 0 
4630 0.033812 0 
4631 0.065171 0 
4632 0.049532 0 
4633 0.082796 0 
4634 0.066538 0 
4635 0.050382 0 
4636 0.034294 0 
4637 0.064332 0 
4638 0.048161 0 
4639 0.030992 0 
4640 0.014818 0 
4641 0.031065 0 
4643 0.032492 0 
4645 0.066360 0 
4646 0.050403 0 
4647 0.034303 0 
4648 0.063260 0 
4649 0.046939 0 
4650 0.029759 0 
4651 0.009615 0 
4653 0.040176 0 
4654 0.033122 0 
4655 0.015316 0 
4656 0.034700 0 
4657 0.018671 0 
4658 0.014561 0 
4659 0.061171 0 
4660 0.045523 0 
4661 0.029371 0 
4662 0.018816 0 
4663 0.057104 0 
4664 0.041309 0 
4665 0.025173 0 
4666 0.059111 0 
4667 0.043038 0 
4669 0.061405 0 
4670 0.052335 0 
4671 0.075846 0 
4672 0.059845 0 
4673 0.043139 0 
4674 0.027398 0 
4675 0.048833 0 
4676 0.033294 0 
4677 0.058977 0 
4678 0.042740 0 
4680 0.096619 0 
4682 0.064257 0 
4683 0.048069 0 
4684 0.031974 0 
4685 0.033101 0 
4686 0.016952 0 
4687 0.037388 0 
4688 0.021263 0 
4690 0.029482 0 
4691 0.033172 0 
4692 0.017023 0 
4693 0.067976 0 
4695 0.073425 0 
4697 0.058067 0 
4698 0.041344 0 
4699 0.025607 0 
4701 0.032094 0 
4702 0.030697 0 
4703 0.109957 0 
4705 0.077787 0 
4706 0.061711 0 
4707 0.045392 0 
4708 0.049153 0 
4709 0.033111 0 
4710 0.136548 0 
4711 0.120353 0 
4712 0.104263 0 
4713 0.106598 0 
4714 0.090418 0 
4715 0.074288 0 
4716 0.094556 0 
4717 0.078407 0 
4718 0.062293 0 
4719 0.045818 0 
4720 0.042671 0 
4721 0.026561 0 
4722 0.026053 0 
4724 0.060559 0 
4725 0.044407 0 
4726 0.028208 0 
4727 0.011857 0 
4728 0.052837 0 
4729 0.041065 0 
4730 0.024472 0 
4732 0.046184 0 
4733 0.029976 0 
4734 0.013795 0 
4735 0.051427 0 
4736 0.048590 0 
4737 0.032394 0 
4738 0.016124 0 
4739 0.049030 0 
4740 0.032688 0 
4741 0.016358 0 
4742 0.059511 0 
4743 0.043203 0 
4745 0.012091 0 
4746 0.080957 0 
4747 0.065340 0 
4748 0.049139 0 
4749 0.050499 0 
4750 0.034955 0 
4751 0.018394 0 
4753 0.028766 0 
4754 0.012568 0 
4755 0.115404 0 
4756 0.099240 0 
4758 0.066601 0 
4759 0.050400 0 
4760 0.034174 0 
4761 0.062749 0 
4763 0.028546 0 
4764 0.020393 0 
4765 0.059650 0 
4766 0.043643 0 
4767 0.036707 0 
4768 0.020598 0 
4770 0.081078 0 
4771 0.065833 0 
4772 0.049160 0 
4773 0.033482 0 
4774 0.031155 0 
4775 0.039981 0 
4776 0.023662 0 
4777 0.084934 0 
4778 0.068853 0 
4780 0.084281 0 
4781 0.067953 0 
4782 0.051593 0 
4783 0.030493 0 
4784 0.089949 0 
4785 0.073900 0 
4786 0.057523 0 
4787 0.041448 0 
4788 0.048156 0 
4789 0.048230 0 
4790 0.032327 0 
4791 0.072217 0 
4792 0.056288 0 
4793 0.040116 0 
4794 0.023878 0 
4795 0.055187 0 
4796 0.039210 0 
4797 0.033304 0 
4798 0.056830 0 
4799 0.037954 0 
4800 0.021866 0 
4801 0.041156 0 
4802 0.024733 0 
4803 0.103622 0 
4804 0.087486 0 
4805 0.071330 0 
4807 0.038977 0 
4808 0.039667 0 
4809 0.023970 0 
4810 0.024703 0 
4811 0.081903 0 
4812 0.065780 0 
4813 0.049574 0 
4814 0.080764 0 
4816 0.069692 0 
4817 0.053588 0 
4818 0.037434 0 
4819 0.021363 0 
4821 0.043941 0 
4823 0.030037 0 
4824 0.057060 0 
4825 0.063525 0 
4826 0.047000 0 
4829 0.030919 0 
4830 0.014855 0 
4831 0.065121 0 
4832 0.080659 0 
4833 0.061856 0 
4834 0.086478 0 
4835 0.108864 0 
4836 0.092437 0 
4837 0.076163 0 
4838 0.079538 0 
4839 0.063475 0 
4840 0.047350 0 
4842 0.058134 0 
4844 0.019391 0 
4845 0.043792 0 
4846 0.069927 0 
4847 0.053262 0 
4848 0.037102 0 
4849 0.020924 0 
4850 0.059444 0 
4852 0.026882 0 
4853 0.024283 0 
4854 0.007874 0 
4855 0.032729 0 
4856 0.016640 0 
4857 0.048616 0 
4858 0.069981 0 
4859 0.053792 0 
4860 0.037377 0 
4861 0.069021 0 
4862 0.052790 0 
4863 0.036568 0 
4864 0.020557 0 
4865 0.009913 0 
4866 0.044529 0 
4868 0.072521 0 
4869 0.056267 0 
4870 0.040139 0 
4871 0.023886 0 
4872 0.163346 0 
4873 0.147511 0 
4874 0.131302 0 
4875 0.115133 0 
4876 0.098977 0 
4877 0.082753 0 
4879 0.049490 0 
4881 0.072471 0 
4882 0.056585 0 
4883 0.040401 0 
4884 0.075867 0 
4885 0.059230 0 
4886 0.043512 0 
4887 0.027349 0 
4889 0.060485 0 
4890 0.044209 0 
4891 0.027683 0 
4892 0.011889 0 
4894 0.072727 0 
4896 0.104719 0 
4897 0.088597 0 
4898 0.072476 0 
4900 0.040151 0 
4901 0.023962 0 
4902 0.014316 0 
4904 0.052629 0 
4905 0.034708 0 
4906 0.019123 0 
4907 0.009802 0 
4908 0.042667 0 
4909 0.026602 0 
4910 0.068792 0 
4911 0.052702 0 
4912 0.036588 0 
4913 0.019225 0 
4914 0.083200 0 
4915 0.067151 0 
4916 0.050983 0 
4917 0.101559 0 
4918 0.085361 0 
4919 0.105801 0 
4920 0.089453 0 
4921 0.073311 0 
4923 0.146650 0 
4924 0.130579 0 
4925 0.114441 0 
4926 0.098283 0 
4927 0.095591 0 
4928 0.079548 0 
4929 0.063365 0 
4931 0.025911 0 
4932 0.075860 0 
4933 0.059752 0 
4934 0.043683 0 
4935 0.027534 0 
4936 0.087933 0 
4937 0.071783 0 
4938 0.055324 0 
4939 0.039164 0 
4940 0.023063 0 
4941 0.031067 0 
4942 0.098998 0 
4944 0.156446 0 
4945 0.150897 0 
4946 0.134721 0 
4947 0.125124 0 
4948 0.130795 0 
4949 0.114683 0 
4950 0.098250 0 
4952 0.065604 0 
4953 0.049393 0 
4954 0.041319 0 
4955 0.064983 0 
4957 0.031613 0 
4958 0.045828 0 
4959 0.029702 0 
4960 0.013570 0 
4962 0.071912 0 
4963 0.055631 0 
4964 0.039557 0 
4965 0.023572 0 
4966 0.033587 0 
4967 0.061417 0 
4969 0.029249 0 
4970 0.025598 0 
4971 0.038479 0 
4972 0.052097 0 
4973 0.036024 0 
4974 0.020042 0 
4975 0.014830 0 
4976 0.064682 0 
4977 0.048605 0 
4979 0.015389 0 
4980 0.027004 0 
4981 0.086515 0 
4982 0.070405 0 
4983 0.054083 0 
4984 0.169798 0 
4985 0.153774 0 
4986 0.137466 0 
4987 0.205801 0 
4988 0.189564 0 
4989 0.172941 0 
4990 0.167448 0 
4991 0.151339 0 
4992 0.135127 0 
4993 0.176673 0 
4994 0.155317 0 
4995 0.139099 0 
4996 0.163422 0 
4997 0.147320 0 
4998 0.131149 0 
4999 0.144803 0 
5000 0.128404 0 
5001 0.111951 0 
5002 0.099907 0 
5003 0.083618 0 
5004 0.067511 0 
5006 0.045046 0 
5007 0.077409 0 
5008 0.061297 0 
5009 0.041872 0 
5010 0.025559 0 
5011 0.083680 0 
5012 0.067309 0 
5013 0.051224 0 
5015 0.021749 0 
5016 0.037009 0 
5017 0.036787 0 
5018 0.020645 0 
5020 0.034642 0 
5022 0.058905 0 
5023 0.042830 0 
5024 0.069684 0 
5025 0.053642 0 
5028 0.052515 0 
5029 0.036438 0 
5030 0.020310 0 
5031 0.074408 0 
5032 0.058285 0 
5033 0.055062 0 
5034 0.038911 0 
5035 0.022588 0 
5036 0.039115 0 
5037 0.023027 0 
5038 0.006561 0 
5039 0.025306 0 
5041 0.023612 0 
5043 0.067534 0 
5044 0.051349 0 
5045 0.069352 0 
5046 0.053640 0 
5047 0.037132 0 
5048 0.053592 0 
5049 0.037393 0 
5051 0.047001 0 
5052 0.031145 0 
5053 0.021281 0 
5054 0.029428 0 
5055 0.036312 0 
5056 0.070719 0 
5057 0.054598 0 
5058 0.038379 0 
5059 0.022151 0 
5060 0.028756 0 
5061 0.043110 0 
5062 0.082300 0 
5063 0.066070 0 
5064 0.049747 0 
5065 0.033350 0 
5067 0.082754 0 
5068 0.115513 0 
5069 0.136712 0 
5070 0.120550 0 
5071 0.104361 0 
5072 0.088128 0 
5073 0.078049 0 
5074 0.062191 0 
5075 0.045932 0 
5076 0.078019 0 
5078 0.045031 0 
5080 0.022097 0 
5081 0.050828 0 
5082 0.034469 0 
5083 0.055638 0 
5084 0.099818 0 
5085 0.083623 0 
5086 0.067527 0 
5088 0.035209 0 
5089 0.036977 0 
5090 0.020952 0 
5091 0.145411 0 
5093 0.112532 0 
5095 0.092217 0 
5096 0.085335 0 
5097 0.069107 0 
5099 0.036659 0 
5100 0.086845 0 
5101 0.069691 0 
5103 0.149450 0 
5104 0.133437 0 
5105 0.117448 0 
5106 0.101300 0 
5107 0.084966 0 
5108 0.117127 0 
5109 0.100586 0 
5110 0.084933 0 
5111 0.068887 0 
5112 0.108370 0 
5113 0.094020 0 
5114 0.077523 0 
5115 0.061695 0 
5116 0.045237 0 
5117 0.044184 0 
5118 0.040993 0 
5119 0.054832 0 
5120 0.038562 0 
5122 0.047071 0 
5123 0.031080 0 
5124 0.053267 0 
5125 0.037146 0 
5126 0.030089 0 
5127 0.027626 0 
5128 0.061986 0 
5130 0.029780 0 
5131 0.013055 0 
5132 0.048793 0 
5133 0.032715 0 
5134 0.016566 0 
5135 0.047038 0 
5136 0.070522 0 
5137 0.054377 0 
5138 0.038289 0 
5139 0.022054 0 
5140 0.049532 0 
5141 0.033528 0 
5143 0.030880 0 
5144 0.026667 0 
5145 0.031676 0 
5146 0.051018 0 
5147 0.034845 0 
5148 0.018618 0 
5149 0.031847 0 
5151 0.071301 0 
5152 0.055172 0 
5153 0.039078 0 
5154 0.022952 0 
5156 0.054336 0 
5157 0.038133 0 
5158 0.021938 0 
5159 0.062909 0 
5161 0.030637 0 
5162 0.031663 0 
5163 0.029011 0 
5164 0.023394 0 
5165 0.008111 0 
5166 0.046367 0 
5168 0.075484 0 
5169 0.132637 0 
5170 0.116444 0 
5171 0.100282 0 
5172 0.083797 0 
5173 0.067963 0 
5174 0.050951 0 
5175 0.065176 0 
5176 0.049320 0 
5178 0.136775 0 
5179 0.120934 0 
5180 0.104795 0 
5181 0.133479 0 
5182 0.117375 0 
5183 0.100983 0 
5184 0.085054 0 
5185 0.068758 0 
5186 0.051179 0 
5187 0.034916 0 
5188 0.029030 0 
5189 0.087905 0 
5190 0.071897 0 
5191 0.055660 0 
5192 0.129238 0 
5193 0.113080 0 
5194 0.096874 0 
5195 0.080796 0 
5196 0.064610 0 
5197 0.048423 0 
5198 0.032115 0 
5199 0.058511 0 
5200 0.041973 0 
5201 0.026109 0 
5202 0.046212 0 
5203 0.029489 0 
5205 0.025338 0 
5206 0.010899 0 
5207 0.034488 0 
5208 0.018323 0 
5209 0.031716 0 
5210 0.023778 0 
5211 0.054627 0 
5212 0.038617 0 
5214 0.063906 0 
5215 0.071452 0 
5216 0.055379 0 
5217 0.039003 0 
5219 0.006638 0 
5221 0.100885 0 
5222 0.084189 0 
5223 0.067884 0 
5224 0.051736 0 
5227 0.082294 0 
5228 0.066225 0 
5229 0.050168 0 
5230 0.059201 0 
5231 0.043005 0 
5232 0.026983 0 
5233 0.020682 0 
5234 0.041036 0 
5235 0.042185 0 
5236 0.026144 0 
5237 0.049950 0 
5238 0.033905 0 
5240 0.016284 0 
5242 0.018380 0 
5243 0.055674 0 
5244 0.039606 0 
5245 0.023387 0 
5246 0.021920 0 
5247 0.099412 0 
5248 0.083370 0 
5250 0.051202 0 
5251 0.034947 0 
5252 0.026221 0 
5253 0.032173 0 
5254 0.015954 0 
5255 0.063554 0 
5256 0.047476 0 
5257 0.054250 0 
5258 0.036267 0 
5259 0.020348 0 
5260 0.021713 0 
5261 0.110730 0 
5262 0.094641 0 
5263 0.078432 0 
5264 0.094027 0 
5266 0.156195 0 
5267 0.139105 0 
5268 0.123867 0 
5269 0.107956 0 
5270 0.113236 0 
5271 0.097131 0 
5272 0.102153 0 
5273 0.086049 0 
5274 0.070025 0 
5275 0.071425 0 
5277 0.038327 0 
5279 0.118883 0 
5280 0.102745 0 
5281 0.086194 0 
5282 0.070301 0 
5283 0.053868 0 
5284 0.037842 0 
5285 0.021487 0 
5287 0.042480 0 
5288 0.049307 0 
5289 0.033505 0 
5290 0.017347 0 
5292 0.037627 0 
5294 0.072363 0 
5295 0.063040 0 
5296 0.046930 0 
5298 0.076891 0 
5299 0.060532 0 
5300 0.044355 0 
5302 0.037173 0 
5303 0.020483 0 
5304 0.065397 0 
5305 0.049358 0 
5306 0.033032 0 
5307 0.067539 0 
5308 0.067495 0 
5309 0.051134 0 
5310 0.062011 0 
5311 0.045918 0 
5312 0.029769 0 
5313 0.032178 0 
5314 0.053564 0 
5315 0.037423 0 
5316 0.068375 0 
5317 0.051918 0 
5318 0.035544 0 
5319 0.029142 0 
5321 0.020736 0 
5322 0.019538 0 
5323 0.045503 0 
5324 0.029377 0 
5325 0.013178 0 
5326 0.071652 0 
5327 0.055270 0 
5329 0.022454 0 
5330 0.016558 0 
5331 0.028714 0 
5332 0.042786 0 
5333 0.048031 0 
5334 0.026645 0 
5335 0.038030 0 
5336 0.021861 0 
5337 0.039681 0 
5338 0.047709 0 
5339 0.025781 0 
5340 0.037064 0 
5342 0.015282 0 
5343 0.069096 0 
5344 0.053093 0 
5345 0.037111 0 
5346 0.046356 0 
5347 0.026113 0 
5348 0.010020 0 
5350 0.054750 0 
5351 0.036905 0 
5352 0.027256 0 
5353 0.033231 0 
5355 0.030474 0 
5356 0.022658 0 
5357 0.017699 0 
5358 0.050004 0 
5360 0.017408 0 
5361 0.040756 0 
5362 0.024701 0 
5363 0.023946 0 
5364 0.015161 0 
5365 0.053095 0 
5367 0.098184 0 
5368 0.081839 0 
5369 0.065633 0 
5370 0.049159 0 
5371 0.057153 0 
5372 0.040955 0 
5373 0.032873 0 
5374 0.017102 0 
5375 0.042301 0 
5377 0.059623 0 
5378 0.043001 0 
5379 0.027291 0 
5380 0.011155 0 
5381 0.049501 0 
5382 0.044795 0 
5383 0.028604 0 
5384 0.012400 0 
5385 0.032961 0 
5386 0.016810 0 
5387 0.007341 0 
5388 0.078178 0 
5389 0.067631 0 
5390 0.051513 0 
5391 0.056818 0 
5392 0.040575 0 
5393 0.041432 0 
5394 0.025237 0 
5395 0.054892 0 
5396 0.038779 0 
5397 0.022633 0 
5398 0.048559 0 
5399 0.032634 0 
5400 0.016274 0 
5401 0.036958 0 
5402 0.062827 0 
5404 0.030153 0 
5405 0.043714 0 
5406 0.038820 0 
5407 0.022767 0 
5408 0.028203 0 
5409 0.069120 0 
5410 0.052960 0 
5411 0.036871 0 
5413 0.129189 0 
5414 0.113129 0 
5415 0.111143 0 
5416 0.095018 0 
5418 0.101848 0 
5420 0.069467 0 
5421 0.053101 0 
5422 0.045564 0 
5423 0.031452 0 
5426 0.059040 0 
5427 0.042356 0 
5428 0.026062 0 
5429 0.042641 0 
5430 0.026408 0 
5431 0.070451 0 
5432 0.054288 0 
5433 0.038117 0 
5434 0.092035 0 
5435 0.075970 0 
5436 0.059876 0 
5437 0.037352 0 
5439 0.055224 0 
5441 0.023111 0 
5442 0.024744 0 
5443 0.078465 0 
5444 0.062313 0 
5445 0.046166 0 
5446 0.029967 0 
5447 0.035487 0 
5449 0.042165 0 
5450 0.025813 0 
5451 0.076086 0 
5452 0.060350 0 
5453 0.044296 0 
5454 0.027896 0 
5455 0.059375 0 
5456 0.043345 0 
5457 0.027227 0 
5458 0.035313 0 
5459 0.019338 0 
5460 0.043584 0 
5461 0.027151 0 
5462 0.050668 0 
5463 0.034545 0 
5465 0.063755 0 
5466 0.047375 0 
5467 0.031208 0 
5468 0.028178 0 
5469 0.032230 0 
5470 0.015775 0 
5471 0.052255 0 
5472 0.079974 0 
5473 0.063410 0 
5474 0.082806 0 
5476 0.080551 0 
5478 0.048175 0 
5479 0.032024 0 
5480 0.015744 0 
5481 0.021061 0 
5482 0.021309 0 
5483 0.019267 0 
5484 0.041085 0 
5486 0.028713 0 
5487 0.012542 0 
5488 0.054055 0 
5489 0.035293 0 
5491 0.020766 0 
5493 0.054260 0 
5494 0.038319 0 
5495 0.020121 0 
5497 0.063049 0 
5498 0.046217 0 
5499 0.030179 0 
5501 0.010480 0 
5502 0.032797 0 
5503 0.014146 0 
5504 0.099737 0 
5505 0.083681 0 
5506 0.076943 0 
5507 0.071761 0 
5508 0.055583 0 
5509 0.039333 0 
5510 0.016759 0 
5511 0.017617 0 
5512 0.047062 0 
5513 0.040157 0 
5514 0.024023 0 
5515 0.087199 0 
5516 0.080986 0 
5517 0.064905 0 
5518 0.048712 0 
5520 0.078234 0 
5521 0.062113 0 
5522 0.046083 0 
5523 0.029735 0 
5524 0.013367 0 
5525 0.023907 0 
5526 0.034985 0 
5528 0.034363 0 
5529 0.018089 0 
5530 0.048849 0 
5531 0.032749 0 
5532 0.016778 0 
5533 0.065896 0 
5534 0.049833 0 
5535 0.033694 0 
5536 0.017533 0 
5537 0.098433 0 
5538 0.082676 0 
5539 0.066508 0 
5541 0.034225 0 
5542 0.017936 0 
5543 0.027510 0 
5544 0.112002 0 
5545 0.095944 0 
5546 0.079740 0 
5547 0.063398 0 
5549 0.030060 0 
5550 0.025383 0 
5551 0.039988 0 
5552 0.068228 0 
5554 0.035720 0 
5555 0.028575 0 
5556 0.033267 0 
5557 0.032034 0 
5559 0.070480 0 
5560 0.054171 0 
5561 0.037631 0 
5562 0.021216 0 
5563 0.035250 0 
5564 0.136411 0 
5566 0.104193 0 
5567 0.087908 0 
5568 0.071534 0 
5569 0.055233 0 
5570 0.101768 0 
5571 0.085446 0 
5572 0.111228 0 
5573 0.095103 0 
5574 0.111814 0 
5576 0.079278 0 
5577 0.063126 0 
5578 0.098132 0 
5579 0.081728 0 
5580 0.168052 0 
5581 0.151930 0 
5582 0.135726 0 
5583 0.119643 0 
5584 0.129694 0 
5585 0.112849 0 
5586 0.095868 0 
5587 0.079859 0 
5588 0.063739 0 
5589 0.082794 0 
5590 0.066272 0 
5591 0.050421 0 
5592 0.038877 0 
5593 0.022393 0 
5594 0.044836 0 
5595 0.028780 0 
5596 0.052689 0 
5597 0.036526 0 
5598 0.023762 0 
5599 0.007717 0 
5600 0.018468 0 
5601 0.018152 0 
5603 0.030540 0 
5604 0.045588 0 
5605 0.049237 0 
5606 0.033331 0 
5607 0.087888 0 
5608 0.071751 0 
5609 0.055670 0 
5610 0.039511 0 
5612 0.083709 0 
5613 0.067351 0 
5614 0.051064 0 
5615 0.035152 0 
5617 0.008836 0 
5619 0.030102 0 
5620 0.131197 0 
5621 0.115787 0 
5622 0.110066 0 
5625 0.068906 0 
5626 0.051075 0 
5627 0.035012 0 
5628 0.075953 0 
5629 0.059903 0 
5630 0.043749 0 
5631 0.027574 0 
5632 0.021005 0 
5633 0.066568 0 
5634 0.050474 0 
5635 0.057001 0 
5636 0.040945 0 
5638 0.027591 0 
5640 0.026127 0 
5641 0.017293 0 
5642 0.026626 0 
5643 0.011033 0 
5644 0.036165 0 
5645 0.076989 0 
5646 0.060877 0 
5648 0.031830 0 
5649 0.034778 0 
5650 0.018455 0 
5651 0.024970 0 
5652 0.042790 0 
5653 0.026442 0 
5654 0.016978 0 
5655 0.024259 0 
5656 0.007687 0 
5657 0.060342 0 
5658 0.044372 0 
5659 0.028495 0 
5660 0.012293 0 
5661 0.016122 0 
5662 0.022318 0 
5664 0.060263 0 
5665 0.062919 0 
5666 0.046855 0 
5667 0.111570 0 
5668 0.095412 0 
5669 0.079224 0 
5670 0.063018 0 
5671 0.046752 0 
5672 0.072599 0 
5673 0.056454 0 
5675 0.024013 0 
5677 0.047064 0 
5678 0.031238 0 
5679 0.015034 0 
5680 0.006786 0 
5681 0.046588 0 
5682 0.030485 0 
5683 0.029448 0 
5685 0.020103 0 
5686 0.035713 0 
5687 0.075448 0 
5688 0.059326 0 
5690 0.026948 0 
5692 0.076463 0 
5693 0.060266 0 
5694 0.044142 0 
5696 0.043585 0 
5697 0.058691 0 
5698 0.042777 0 
5700 0.010581 0 
5701 0.029786 0 
5702 0.013695 0 
5703 0.024221 0 
5704 0.027309 0 
5705 0.041282 0 
5706 0.023642 0 
5707 0.074352 0 
5708 0.058201 0 
5709 0.042084 0 
5710 0.025813 0 
5711 0.112222 0 
5712 0.093473 0 
5713 0.077206 0 
5714 0.061127 0 
5715 0.044825 0 
5716 0.028634 0 
5717 0.043887 0 
5719 0.076862 0 
5720 0.060341 0 
5721 0.048310 0 
5722 0.085108 0 
5723 0.068994 0 
5724 0.052727 0 
5725 0.045141 0 
5727 0.054119 0 
5728 0.042253 0 
5729 0.090701 0 
5730 0.074510 0 
5731 0.057326 0 
5732 0.041177 0 
5733 0.025015 0 
5734 0.080013 0 
5735 0.063905 0 
5736 0.047842 0 
5737 0.049047 0 
5738 0.033311 0 
5740 0.063431 0 
5741 0.043592 0 
5742 0.027505 0 
5743 0.040421 0 
5744 0.059624 0 
5745 0.043447 0 
5746 0.040038 0 
5748 0.024548 0 
5749 0.089293 0 
5750 0.073185 0 
5751 0.057067 0 
5753 0.024444 0 
5754 0.034408 0 
5755 0.062905 0 
5756 0.046972 0 
5758 0.064113 0 
5759 0.047729 0 
5760 0.031567 0 
5761 0.015522 0 
5762 0.033210 0 
5763 0.021727 0 
5765 0.094571 0 
5766 0.078460 0 
5767 0.062237 0 
5768 0.045862 0 
5769 0.028488 0 
5770 0.026072 0 
5771 0.009888 0 
5772 0.031899 0 
5773 0.147234 0 
5775 0.114592 0 
5776 0.098834 0 
5777 0.090177 0 
5778 0.074045 0 
5779 0.057873 0 
5780 0.038228 0 
5781 0.021878 0 
5782 0.018510 0 
5783 0.069750 0 
5784 0.053626 0 
5785 0.037471 0 
5786 0.021307 0 
5787 0.044837 0 
5788 0.083777 0 
5789 0.067693 0 
5790 0.051414 0 
5791 0.035220 0 
5792 0.019405 0 
5793 0.039716 0 
5794 0.064189 0 
5795 0.048172 0 
5796 0.041875 0 
5797 0.025608 0 
5798 0.073128 0 
5799 0.057053 0 
5800 0.040657 0 
5802 0.043319 0 
5803 0.039603 0 
5804 0.023532 0 
5805 0.017592 0 
5806 0.022257 0 
5807 0.026070 0 
5808 0.074707 0 
5809 0.058748 0 
5811 0.025789 0 
5812 0.044103 0 
5813 0.060200 0 
5814 0.043808 0 
5816 0.044980 0 
5818 0.070810 0 
5819 0.100170 0 
5820 0.083863 0 
5821 0.067732 0 
5824 0.017944 0 
5825 0.025228 0 
5826 0.055806 0 
5827 0.039723 0 
5828 0.064742 0 
5829 0.048561 0 
5830 0.032479 0 
5831 0.016289 0 
5832 0.039862 0 
5833 0.037024 0 
5834 0.020943 0 
5835 0.012054 0 
5837 0.064201 0 
5839 0.031510 0 
5840 0.034848 0 
5841 0.018989 0 
5842 0.039551 0 
5843 0.023480 0 
5844 0.015522 0 
5845 0.009560 0 
5847 0.046544 0 
5848 0.030289 0 
5849 0.025429 0 
5850 0.041798 0 
5851 0.034694 0 
5852 0.018419 0 
5853 0.019962 0 
5854 0.080058 0 
5855 0.063926 0 
5856 0.056175 0 
5857 0.039972 0 
5858 0.068391 0 
5859 0.052173 0 
5860 0.045911 0 
5861 0.028347 0 
5863 0.068836 0 
5864 0.052528 0 
5865 0.046814 0 
5866 0.030707 0 
5867 0.054011 0 
5868 0.060399 0 
5869 0.042617 0 
5870 0.026527 0 
5871 0.010350 0 
5872 0.043065 0 
5874 0.129415 0 
5876 0.094448 0 
5877 0.078269 0 
5878 0.080563 0 
5879 0.064420 0 
5880 0.048303 0 
5881 0.074165 0 
5882 0.057827 0 
5884 0.024202 0 
5885 0.009137 0 
5886 0.033008 0 
5887 0.016865 0 
5889 0.015238 0 
5891 0.074068 0 
5892 0.057050 0 
5893 0.041931 0 
5895 0.010009 0 
5896 0.037875 0 
5897 0.021493 0 
5899 0.033880 0 
5900 0.017596 0 
5901 0.053019 0 
5902 0.036931 0 
5903 0.020780 0 
5904 0.128268 0 
5905 0.112088 0 
5906 0.095887 0 
5907 0.079680 0 
5908 0.063354 0 
5909 0.047321 0 
5910 0.033575 0 
5911 0.046500 0 
5912 0.030420 0 
5913 0.056743 0 
5914 0.056132 0 
5915 0.040561 0 
5916 0.024062 0 
5918 0.067251 0 
5919 0.075008 0 
5920 0.058959 0 
5921 0.042799 0 
5922 0.094663 0 
5923 0.078454 0 
5924 0.062265 0 
5926 0.044471 0 
5927 0.028339 0 
5928 0.012299 0 
5929 0.014817 0 
5930 0.010457 0 
5931 0.113242 0 
5932 0.097140 0 
5933 0.081003 0 
5934 0.064828 0 
5935 0.048257 0 
5936 0.032099 0 
5937 0.015853 0 
5939 0.046046 0 
5940 0.029770 0 
5941 0.013547 0 
5942 0.028238 0 
5943 0.044138 0 
5944 0.027815 0 
5945 0.028509 0 
5947 0.008464 0 
5948 0.068535 0 
5949 0.052405 0 
5950 0.036218 0 
5952 0.042976 0 
5953 0.047132 0 
5954 0.030996 0 
5955 0.053895 0 
5957 0.021675 0 
5958 0.052583 0 
5959 0.036387 0 
5960 0.092254 0 
5961 0.076068 0 
5962 0.056342 0 
5964 0.078873 0 
5965 0.061943 0 
5966 0.046416 0 
5967 0.030215 0 
5968 0.024174 0 
5969 0.054066 0 
5970 0.057368 0 
5971 0.041271 0 
5972 0.025176 0 
5974 0.017372 0 
5975 0.087482 0 
5976 0.071452 0 
5977 0.052739 0 
5978 0.036638 0 
5979 0.052980 0 
5980 0.037152 0 
5981 0.020893 0 
5982 0.024456 0 
5983 0.057392 0 
5984 0.041478 0 
5985 0.036978 0 
5986 0.020868 0 
5987 0.022177 0 
5988 0.025509 0 
5989 0.080951 0 
5990 0.064816 0 
5991 0.048466 0 
5992 0.078103 0 
5993 0.061897 0 
5994 0.045528 0 
5995 0.062510 0 
5996 0.046069 0 
5997 0.029765 0 
5998 0.085994 0 
5999 0.069815 0 
6001 0.037616 0 
6002 0.025037 0 
6003 0.008872 0 
6004 0.051151 0 
6005 0.034721 0 
6006 0.018050 0 
6007 0.036960 0 
6008 0.020357 0 
6010 0.102029 0 
6011 0.085957 0 
6012 0.069527 0 
6013 0.053432 0 
6015 0.020588 0 
6017 0.033594 0 
6018 0.060146 0 
6019 0.043523 0 
6020 0.040294 0 
6023 0.088861 0 
6024 0.072765 0 
6025 0.056602 0 
6026 0.040405 0 
6027 0.024168 0 
6028 0.067157 0 
6029 0.047312 0 
6030 0.029676 0 
6031 0.021819 0 
6032 0.015204 0 
6033 0.032783 0 
6034 0.016545 0 
6036 0.097674 0 
6038 0.152513 0 
6039 0.136384 0 
6040 0.120222 0 
6041 0.103895 0 
6042 0.087474 0 
6043 0.071431 0 
6044 0.080696 0 
6046 0.048275 0 
6047 0.031969 0 
6048 0.059520 0 
6049 0.043325 0 
6050 0.058322 0 
6051 0.042580 0 
6052 0.052668 0 
6053 0.036492 0 
6054 0.020364 0 
6055 0.048508 0 
6056 0.032429 0 
6057 0.015879 0 
6058 0.043475 0 
6059 0.027465 0 
6060 0.024438 0 
6062 0.021265 0 
6063 0.025881 0 
6064 0.086133 0 
6065 0.070024 0 
6066 0.053730 0 
6067 0.037521 0 
6068 0.021351 0 
6069 0.021435 0 
6070 0.008987 0 
6071 0.031871 0 
6073 0.054304 0 
6075 0.021967 0 
6076 0.005790 0 
6077 0.062889 0 
6078 0.046752 0 
6079 0.036335 0 
6080 0.035552 0 
6081 0.047187 0 
6083 0.024842 0 
6084 0.031950 0 
6085 0.044404 0 
6086 0.028256 0 
6088 0.041173 0 
6090 0.069448 0 
6091 0.053386 0 
6092 0.093523 0 
6094 0.061248 0 
6095 0.044990 0 
6096 0.028745 0 
6098 0.025404 0 
6099 0.058388 0 
6100 0.042260 0 
6101 0.025988 0 
6102 0.072761 0 
6103 0.056336 0 
6104 0.040200 0 
6105 0.023608 0 
6106 0.027741 0 
6107 0.034439 0 
6108 0.018290 0 
6109 0.051029 0 
6110 0.034835 0 
6111 0.018612 0 
6112 0.013146 0 
6113 0.063006 0 
6114 0.048553 0 
6115 0.066075 0 
6117 0.089805 0 
6118 0.073514 0 
6119 0.056794 0 
6120 0.041230 0 
6121 0.071470 0 
6122 0.055282 0 
6123 0.088313 0 
6125 0.056058 0 
6126 0.039901 0 
6127 0.057148 0 
6128 0.041233 0 
6129 0.025027 0 
6130 0.032637 0 
6131 0.016510 0 
6132 0.051058 0 
6133 0.034431 0 
6134 0.034769 0 
6135 0.018645 0 
6136 0.045266 0 
6138 0.019706 0 
6139 0.058214 0 
6140 0.042098 0 
6141 0.025897 0 
6142 0.009698 0 
6143 0.015421 0 
6144 0.025869 0 
6146 0.011096 0 
6147 0.006347 0 
6148 0.024393 0 
6149 0.048601 0 
6151 0.058034 0 
6152 0.041711 0 
6153 0.025710 0 
6154 0.068700 0 
6156 0.036382 0 
6157 0.032253 0 
6158 0.015661 0 
6159 0.050483 0 
6160 0.034334 0 
6161 0.046932 0 
6163 0.022374 0 
6164 0.057107 0 
6165 0.040870 0 
6166 0.024653 0 
6167 0.089311 0 
6168 0.073239 0 
6169 0.100451 0 
6170 0.084354 0 
6171 0.100729 0 
6173 0.065704 0 
6174 0.049045 0 
6175 0.056658 0 
6176 0.040426 0 
6177 0.023280 0 
6178 0.062940 0 
6179 0.046967 0 
6180 0.030889 0 
6181 0.033740 0 
6182 0.062967 0 
6183 0.046832 0 
6184 0.030651 0 
6185 0.050105 0 
6186 0.033868 0 
6187 0.043404 0 
6188 0.027325 0 
6189 0.047887 0 
6190 0.031982 0 
6191 0.022489 0 
6192 0.006357 0 
6193 0.045063 0 
6194 0.082793 0 
6195 0.066596 0 
6196 0.050649 0 
6197 0.034364 0 
6198 0.044059 0 
6200 0.035237 0 
6201 0.027370 0 
6202 0.115391 0 
6203 0.099214 0 
6204 0.083055 0 
6205 0.066700 0 
6206 0.050534 0 
6207 0.034316 0 
6209 0.086469 0 
6210 0.070254 0 
6211 0.054282 0 
6212 0.038185 0 
6214 0.068797 0 
6216 0.133406 0 
6217 0.117192 0 
6218 0.129765 0 
6219 0.155985 0 
6222 0.106853 0 
6223 0.087711 0 
6224 0.071242 0 
6225 0.069877 0 
6226 0.053663 0 
6227 0.037479 0 
6228 0.021316 0 
6229 0.030977 0 
6230 0.011956 0 
6231 0.013010 0 
6232 0.064219 0 
6233 0.048216 0 
6235 0.018436 0 
6237 0.071189 0 
6238 0.055082 0 
6239 0.038852 0 
6240 0.022575 0 
6241 0.021101 0 
6242 0.050758 0 
6243 0.034655 0 
6245 0.073983 0 
6246 0.057774 0 
6247 0.041307 0 
6248 0.025139 0 
6249 0.090865 0 
6250 0.074472 0 
6251 0.058327 0 
6252 0.042202 0 
6253 0.024784 0 
6254 0.037194 0 
6255 0.043695 0 
6256 0.044935 0 
6257 0.028785 0 
6258 0.021647 0 
6259 0.031583 0 
6261 0.081931 0 
6262 0.065587 0 
6263 0.049480 0 
6264 0.068595 0 
6265 0.052543 0 
6266 0.036618 0 
6267 0.031716 0 
6268 0.015603 0 
6269 0.036060 0 
6270 0.046282 0 
6272 0.048910 0 
6274 0.086131 0 
6275 0.069628 0 
6276 0.053503 0 
6277 0.037405 0 
6278 0.021276 0 
6279 0.032568 0 
6280 0.035677 0 
6282 0.030715 0 
6283 0.051851 0 
6284 0.035728 0 
6285 0.019284 0 
6287 0.017678 0 
6289 0.073615 0 
6290 0.056920 0 
6291 0.071623 0 
6293 0.036836 0 
6294 0.048416 0 
6295 0.032241 0 
6297 0.031284 0 
6298 0.039716 0 
6299 0.023435 0 
6300 0.079370 0 
6301 0.063231 0 
6302 0.046899 0 
6303 0.047990 0 
6304 0.031783 0 
6305 0.024565 0 
6306 0.049093 0 
6307 0.032937 0 
6308 0.106301 0 
6309 0.090200 0 
6310 0.073995 0 
6311 0.056073 0 
6312 0.041962 0 
6313 0.025808 0 
6314 0.039213 0 
6316 0.050862 0 
6317 0.034596 0 
6318 0.035977 0 
6319 0.031175 0 
6320 0.015260 0 
6321 0.039196 0 
6322 0.023037 0 
6324 0.107471 0 
6325 0.091405 0 
6326 0.075175 0 
6327 0.074360 0 
6328 0.058254 0 
6329 0.134124 0 
6330 0.118053 0 
6331 0.102007 0 
6332 0.115781 0 
6333 0.099497 0 
6334 0.082843 0 
6335 0.066999 0 
6337 0.034248 0 
6338 0.071110 0 
6339 0.055019 0 
6340 0.038899 0 
6341 0.022731 0 
6342 0.027325 0 
6343 0.011545 0 
6345 0.050280 0 
6346 0.034106 0 
6347 0.017634 0 
6348 0.133265 0 
6350 0.101958 0 
6351 0.085650 0 
6352 0.069565 0 
6353 0.053330 0 
6355 0.052110 0 
6356 0.035980 0 
6357 0.019430 0 
6358 0.041010 0 
6359 0.028442 0 
6360 0.044685 0 
6362 0.102388 0 
6363 0.086380 0 
6364 0.070356 0 
6365 0.054426 0 
6366 0.158239 0 
6367 0.142247 0 
6368 0.126052 0 
6369 0.152462 0 
6370 0.136280 0 
6372 0.098143 0 
6373 0.082066 0 
6374 0.067100 0 
6375 0.058420 0 
6376 0.057215 0 
6377 0.041167 0 
6378 0.024935 0 
6379 0.048777 0 
6380 0.032492 0 
6381 0.090006 0 
6382 0.073307 0 
6383 0.056363 0 
6384 0.070603 0 
6385 0.054444 0 
6386 0.038333 0 
6387 0.022259 0 
6388 0.038229 0 
6389 0.021760 0 
6390 0.102576 0 
6391 0.086197 0 
6392 0.072659 0 
6393 0.056439 0 
6394 0.043708 0 
6395 0.023587 0 
6396 0.015596 0 
6397 0.061319 0 
6399 0.028961 0 
6400 0.067813 0 
6401 0.052209 0 
6402 0.035942 0 
6403 0.019752 0 
6404 0.017236 0 
6405 0.060268 0 
6406 0.043897 0 
6408 0.066636 0 
6409 0.050545 0 
6410 0.034459 0 
6411 0.017235 0 
6413 0.040603 0 
6415 0.050882 0 
6416 0.034853 0 
6417 0.072276 0 
6418 0.056159 0 
6421 0.043336 0 
6422 0.027261 0 
6423 0.052010 0 
6424 0.080990 0 
6425 0.064747 0 
6426 0.048771 0 
6427 0.032619 0 
6428 0.016521 0 
6429 0.011807 0 
6430 0.032005 0 
6431 0.028599 0 
6432 0.078308 0 
6434 0.045902 0 
6436 0.118227 0 
6437 0.102109 0 
6438 0.085902 0 
6439 0.069684 0 
6440 0.053641 0 
6441 0.037383 0 
6442 0.021035 0 
6444 0.052901 0 
6445 0.079917 0 
6446 0.063683 0 
6447 0.047364 0 
6448 0.031229 0 
6449 0.015036 0 
6450 0.010864 0 
6451 0.038709 0 
6452 0.057773 0 
6453 0.042619 0 
6454 0.099471 0 
6455 0.083784 0 
6456 0.067569 0 
6457 0.079983 0 
6458 0.063865 0 
6460 0.054308 0 
6461 0.061520 0 
6462 0.045422 0 
6463 0.029387 0 
6464 0.031158 0 
6465 0.015023 0 
6466 0.026132 0 
6467 0.051119 0 
6468 0.035114 0 
6469 0.018917 0 
6471 0.029924 0 
6473 0.065268 0 
6474 0.048052 0 
6475 0.031781 0 
6476 0.015421 0 
6477 0.036619 0 
6478 0.020750 0 
6479 0.048967 0 
6481 0.039295 0 
6482 0.027651 0 
6483 0.011573 0 
6484 0.073529 0 
6486 0.126112 0 
6488 0.113497 0 
6489 0.097256 0 
6490 0.081147 0 
6492 0.082187 0 
6493 0.065967 0 
6494 0.053655 0 
6496 0.021285 0 
6497 0.034237 0 
6498 0.023108 0 
6499 0.055551 0 
6500 0.084373 0 
6501 0.068224 0 
6502 0.051650 0 
6503 0.035511 0 
6504 0.019370 0 
6505 0.057832 0 
6506 0.077978 0 
6507 0.061898 0 
6508 0.045709 0 
6509 0.092736 0 
6510 0.142157 0 
6511 0.130265 0 
6512 0.136788 0 
6513 0.120479 0 
6515 0.087313 0 
6516 0.151404 0 
6517 0.135270 0 
6518 0.119072 0 
6519 0.102320 0 
6520 0.085782 0 
6521 0.069907 0 
6523 0.133532 0 
6524 0.116647 0 
6525 0.100660 0 
6526 0.084296 0 
6527 0.146403 0 
6528 0.129780 0 
6529 0.113610 0 
6530 0.097447 0 
6531 0.081315 0 
6532 0.065195 0 
6533 0.048726 0 
6534 0.032508 0 
6536 0.049500 0 
6537 0.088160 0 
6538 0.071933 0 
6539 0.055253 0 
6540 0.039121 0 
6541 0.071599 0 
6542 0.055529 0 
6544 0.036870 0 
6545 0.020713 0 
6546 0.022518 0 
6547 0.121288 0 
6549 0.089010 0 
6550 0.072939 0 
6551 0.056510 0 
6552 0.040693 0 
6554 0.056021 0 
6555 0.039763 0 
6556 0.023709 0 
6557 0.015961 0 
6558 0.049803 0 
6559 0.033620 0 
6561 0.118185 0 
6562 0.102593 0 
6563 0.086147 0 
6564 0.069429 0 
6565 0.052547 0 
6566 0.049432 0 
6567 0.060070 0 
6568 0.043838 0 
6569 0.027354 0 
6571 0.012097 0 
6572 0.016682 0 
6573 0.049958 0 
6574 0.119064 0 
6575 0.104600 0 
6576 0.088413 0 
6577 0.072189 0 
6578 0.068056 0 
6579 0.051730 0 
6580 0.035459 0 
6581 0.014399 0 
6582 0.016383 0 
6583 0.027963 0 
6584 0.077510 0 
6585 0.061487 0 
6586 0.045376 0 
6587 0.029400 0 
6588 0.021388 0 
6589 0.043918 0 
6590 0.027632 0 
6591 0.014726 0 
6592 0.113548 0 
6593 0.096813 0 
6594 0.080692 0 
6595 0.064551 0 
6596 0.048396 0 
6598 0.016023 0 
6599 0.052976 0 
6600 0.037797 0 
6601 0.028433 0 
6602 0.012277 0 
6603 0.027050 0 
6604 0.080525 0 
6605 0.064485 0 
6607 0.052806 0 
6608 0.036409 0 
6609 0.020324 0 
6610 0.106590 0 
6612 0.074337 0 
6614 0.042002 0 
6615 0.106674 0 
6616 0.106284 0 
6617 0.122003 0 
6620 0.073958 0 
6621 0.057922 0 
6622 0.041571 0 
6623 0.055858 0 
6624 0.044243 0 
6625 0.032689 0 
6626 0.016575 0 
6627 0.060567 0 
6628 0.044437 0 
6629 0.074321 0 
6630 0.058323 0 
6631 0.042226 0 
6633 0.049554 0 
6635 0.017260 0 
6636 0.044252 0 
6637 0.028222 0 
6638 0.074364 0 
6639 0.058216 0 
6640 0.041966 0 
6641 0.038758 0 
6643 0.058259 0 
6644 0.042089 0 
6645 0.026006 0 
6646 0.088044 0 
6647 0.071937 0 
6648 0.055687 0 
6649 0.039486 0 
6650 0.026330 0 
6651 0.010176 0 
6652 0.066912 0 
6653 0.050951 0 
6654 0.034924 0 
6655 0.018872 0 
6656 0.089797 0 
6657 0.073677 0 
6659 0.084352 0 
6660 0.102765 0 
6661 0.086596 0 
6662 0.066937 0 
6663 0.104222 0 
6664 0.088242 0 
6665 0.072082 0 
6666 0.055920 0 
6667 0.063573 0 
6668 0.047610 0 
6670 0.085921 0 
6672 0.053687 0 
6673 0.037474 0 
6674 0.154519 0 
6675 0.138366 0 
6676 0.122194 0 
6677 0.105874 0 
6678 0.096912 0 
6680 0.089735 0 
6681 0.073101 0 
6682 0.086904 0 
6683 0.070878 0 
6685 0.036472 0 
6687 0.055182 0 
6688 0.039256 0 
6689 0.022890 0 
6691 0.037549 0 
6692 0.060331 0 
6693 0.044178 0 
6695 0.011779 0 
6696 0.070069 0 
6697 0.054029 0 
6698 0.037754 0 
6699 0.021192 0 
6700 0.073373 0 
6701 0.057166 0 
6702 0.070115 0 
6703 0.053748 0 
6704 0.037443 0 
6705 0.021399 0 
6706 0.030794 0 
6707 0.014667 0 
6708 0.096437 0 
6709 0.080126 0 
6710 0.063532 0 
6711 0.047337 0 
6712 0.031146 0 
6714 0.017725 0 
6715 0.105774 0 
6716 0.089599 0 
6717 0.073452 0 
6718 0.056921 0 
6719 0.040842 0 
6720 0.024599 0 
6722 0.016629 0 
6723 0.018346 0 
6724 0.047906 0 
6725 0.031794 0 
6726 0.025755 0 
6727 0.078287 0 
6728 0.062952 0 
6729 0.046769 0 
6730 0.030568 0 
6731 0.014408 0 
6732 0.072307 0 
6733 0.056201 0 
6735 0.023889 0 
6736 0.044024 0 
6737 0.027852 0 
6738 0.058019 0 
6739 0.041850 0 
6740 0.024242 0 
6741 0.040170 0 
6743 0.059038 0 
6744 0.042813 0 
6745 0.026610 0 
6746 0.024950 0 
6748 0.061189 0 
6749 0.104175 0 
6750 0.087946 0 
6751 0.071514 0 
6753 0.039402 0 
6754 0.066644 0 
6755 0.050432 0 
6756 0.034315 0 
6757 0.018158 0 
6758 0.010275 0 
6760 0.029535 0 
6761 0.060455 0 
6762 0.044026 0 
6763 0.095255 0 
6764 0.078878 0 
6765 0.062530 0 
6766 0.046314 0 
6767 0.030380 0 
6768 0.069613 0 
6770 0.037189 0 
6771 0.020985 0 
6772 0.023032 0 
6773 0.035191 0 
6774 0.021766 0 
6775 0.043973 0 
6776 0.024617 0 
6777 0.056181 0 
6778 0.040289 0 
6779 0.037587 0 
6780 0.021497 0 
6781 0.068219 0 
6782 0.052174 0 
6783 0.036024 0 
6784 0.041480 0 
6785 0.067693 0 
6786 0.051574 0 
6787 0.035388 0 
6788 0.019200 0 
6789 0.027737 0 
6790 0.060042 0 
6791 0.043905 0 
6792 0.087559 0 
6793 0.071406 0 
6794 0.055252 0 
6795 0.039067 0 
6797 0.029797 0 
6798 0.013649 0 
6799 0.042671 0 
6800 0.026584 0 
6801 0.077823 0 
6802 0.061715 0 
6803 0.090114 0 
6804 0.072457 0 
6806 0.059194 0 
6807 0.098473 0 
6808 0.082402 0 
6809 0.065835 0 
6811 0.033653 0 
6813 0.047046 0 
6814 0.063718 0 
6815 0.047286 0 
6816 0.029749 0 
6819 0.048600 0 
6820 0.033819 0 
6821 0.025089 0 
6822 0.053314 0 
6823 0.037130 0 
6824 0.024841 0 
6825 0.097548 0 
6826 0.081658 0 
6827 0.065526 0 
6828 0.049456 0 
6829 0.035302 0 
6830 0.083651 0 
6832 0.051199 0 
6834 0.027343 0 
6835 0.048144 0 
6836 0.032049 0 
6837 0.015918 0 
6838 0.045641 0 
6839 0.029465 0 
6840 0.013579 0 
6842 0.025421 0 
6843 0.047544 0 
6844 0.058651 0 
6845 0.042341 0 
6846 0.026218 0 
6847 0.032826 0 
6848 0.016774 0 
6849 0.065777 0 
6850 0.049656 0 
6851 0.058758 0 
6852 0.042618 0 
6853 0.119504 0 
6854 0.104544 0 
6855 0.088424 0 
6856 0.071927 0 
6858 0.065712 0 
6859 0.159862 0 
6860 0.143772 0 
6861 0.127706 0 
6862 0.111561 0 
6863 0.106354 0 
6864 0.090362 0 
6865 0.074336 0 
6866 0.058311 0 
6867 0.042244 0 
6869 0.091005 0 
6871 0.057844 0 
6872 0.041754 0 
6873 0.044028 0 
6874 0.041109 0 
6875 0.025153 0 
6876 0.029289 0 
6877 0.022879 0 
6879 0.023086 0 
6880 0.019544 0 
6881 0.040241 0 
6882 0.024176 0 
6884 0.037279 0 
6886 0.024008 0 
6887 0.025109 0 
6888 0.081495 0 
6890 0.049556 0 
6891 0.033356 0 
6892 0.050823 0 
6894 0.059994 0 
6895 0.043985 0 
6896 0.090944 0 
6897 0.074603 0 
6898 0.058929 0 
6899 0.061028 0 
6900 0.044847 0 
6901 0.049697 0 
6902 0.033108 0 
6903 0.017219 0 
6904 0.013946 0 
6905 0.025446 0 
6906 0.021627 0 
6907 0.055871 0 
6908 0.039632 0 
6909 0.041326 0 
6910 0.025084 0 
6911 0.024344 0 
6913 0.079219 0 
6914 0.063095 0 
6915 0.046982 0 
6916 0.031124 0 
6917 0.035809 0 
6918 0.019715 0 
6919 0.074996 0 
6921 0.065692 0 
6922 0.049504 0 
6923 0.033261 0 
6924 0.049667 0 
6925 0.033456 0 
6926 0.066774 0 
6927 0.050260 0 
6928 0.070105 0 
6929 0.053963 0 
6930 0.037800 0 
6931 0.066106 0 
6932 0.049616 0 
6934 0.059944 0 
6935 0.089896 0 
6936 0.073673 0 
6937 0.057441 0 
6938 0.041301 0 
6939 0.056661 0 
6940 0.040523 0 
6942 0.008310 0 
6943 0.027738 0 
6944 0.072622 0 
6945 0.056432 0 
6947 0.024025 0 
6948 0.025555 0 
6949 0.019681 0 
6950 0.077810 0 
6952 0.045433 0 
6953 0.037284 0 
6954 0.021076 0 
6955 0.042165 0 
6956 0.025908 0 
6957 0.047119 0 
6959 0.040340 0 
6960 0.041677 0 
6961 0.050010 0 
6962 0.031266 0 
6963 0.015409 0 
6964 0.046458 0 
6965 0.039149 0 
6966 0.023033 0 
6967 0.021155 0 
6969 0.074526 0 
6970 0.058549 0 
6971 0.089087 0 
6972 0.073100 0 
6973 0.057023 0 
6974 0.055803 0 
6975 0.039793 0 
6976 0.040741 0 
6977 0.032780 0 
6978 0.045776 0 
6979 0.024323 0 
6980 0.047554 0 
6981 0.061471 0 
6982 0.045230 0 
6983 0.028946 0 
6984 0.013070 0 
6985 0.048026 0 
6986 0.032260 0 
6987 0.016192 0 
6988 0.021652 0 
6989 0.005522 0 
6990 0.012382 0 
6991 0.034227 0 
6992 0.018099 0 
6993 0.039636 0 
6994 0.023471 0 
6996 0.086734 0 
6997 0.070796 0 
6998 0.054260 0 
6999 0.063651 0 
7000 0.047498 0 
7001 0.042958 0 
7002 0.026820 0 
7003 0.010696 0 
7005 0.053722 0 
7006 0.037412 0 
7007 0.021264 0 
7008 0.039096 0 
7010 0.074977 0 
7012 0.063333 0 
7013 0.086079 0 
7014 0.190567 0 
7015 0.188007 0 
7018 0.139229 0 
7019 0.166671 0 
7020 0.163294 0 
7021 0.147132 0 
7022 0.140838 0 
7023 0.124178 0 
7024 0.108056 0 
7025 0.124084 0 
7026 0.107936 0 
7027 0.091810 0 
7028 0.095315 0 
7029 0.079045 0 
7031 0.046816 0 
7033 0.034817 0 
7034 0.027043 0 
7035 0.011011 0 
7036 0.105560 0 
7037 0.089355 0 
7038 0.073218 0 
7039 0.056954 0 
7041 0.128874 0 
7042 0.112730 0 
7043 0.096256 0 
7044 0.112432 0 
7045 0.096245 0 
7046 0.093308 0 
7047 0.077089 0 
7048 0.061022 0 
7049 0.043698 0 
7050 0.079019 0 
7051 0.072978 0 
7052 0.056761 0 
7053 0.038494 0 
7054 0.022080 0 
7055 0.017445 0 
7057 0.073362 0 
7058 0.058100 0 
7059 0.107910 0 
7060 0.091713 0 
7061 0.074835 0 
7062 0.059005 0 
7063 0.065029 0 
7064 0.048788 0 
7065 0.032444 0 
7066 0.046887 0 
7068 0.018139 0 
7070 0.043958 0 
7071 0.027853 0 
7072 0.051471 0 
7073 0.042976 0 
7074 0.026805 0 
7075 0.033295 0 
7076 0.051651 0 
7078 0.028428 0 
7079 0.068085 0 
7080 0.051669 0 
7081 0.035877 0 
7083 0.018193 0 
7085 0.028222 0 
7086 0.022728 0 
7087 0.032863 0 
7089 0.025154 0 
7090 0.042103 0 
7091 0.074789 0 
7093 0.075087 0 
7094 0.059008 0 
7095 0.042921 0 
7096 0.038508 0 
7097 0.022299 0 
7098 0.111891 0 
7099 0.095451 0 
7100 0.079230 0 
7101 0.063030 0 
7102 0.106504 0 
7103 0.090462 0 
7104 0.074219 0 
7105 0.068120 0 
7106 0.052034 0 
7107 0.035825 0 
7108 0.076570 0 
7109 0.060456 0 
7110 0.044086 0 
7112 0.011490 0 
7113 0.056927 0 
7114 0.040777 0 
7115 0.038099 0 
7116 0.022473 0 
7117 0.091713 0 
7118 0.075579 0 
7120 0.043240 0 
7121 0.026839 0 
7123 0.013390 1 
7122 0.031065 0 
7124 0.012616 1 
7123 0.028853 0 
7125 0.008273 1 
7124 0.040529 0 
7125 0.048128 0 
7126 0.031652 0 
7127 0.046378 0 
7128 0.030065 0 
7129 0.013842 0 
7126 0.062460 1 
7129 0.061294 1 
7130 0.051301 0 
7131 0.035091 0 
7130 0.071158 1 
7131 0.054929 1 
7133 0.022389 1 
7134 0.020943 1 
7135 0.008111 1 
7136 0.007422 1 
7133 0.071706 0 
7137 0.008793 1 
7135 0.052911 0 
7138 0.015239 1 
7139 0.009948 1 
7136 0.060582 0 
7137 0.044425 0 
7141 0.022224 1 
7142 0.010405 1 
7143 0.019345 1 
7139 0.101776 0 
7141 0.069844 0 
7142 0.053596 0 
7143 0.037256 0 
7144 0.023377 1 
7144 0.064129 0 
7146 0.032049 0 
7147 0.030158 0 
7148 0.014105 0 
7147 0.032890 1 
7149 0.007639 1 
7149 0.060996 0 
7151 0.028650 0 
7151 0.046502 1 
7152 0.034323 1 
7153 0.035726 1 
7154 0.019517 1 
7155 0.016211 1 
7152 0.081053 0 
7153 0.064915 0 
7154 0.048694 0 
7156 0.025914 1 
7155 0.048378 0 
7156 0.031952 0 
7158 0.011625 1 
7158 0.030012 0 
7159 0.017921 1 
7160 0.011893 1 
7161 0.005637 1 
7162 0.008259 1 
7159 0.060464 0 
7163 0.008479 1 
7164 0.019594 1 
7165 0.017329 1 
7166 0.005863 1 
7168 0.006385 1 
7169 0.023257 1 
7170 0.014395 1 
7160 0.180090 0 
7161 0.163917 0 
7162 0.147809 0 
7163 0.131635 0 
7164 0.119658 0 
7165 0.111586 0 
7166 0.095490 0 
7171 0.027266 1 
7172 0.016673 1 
7173 0.006724 1 
7174 0.005399 1 
7175 0.008064 1 
7176 0.022169 1 
7177 0.013671 1 
7178 0.011212 1 
7179 0.008509 1 
7168 0.210552 0 
7169 0.194382 0 
7170 0.178212 0 
7180 0.015750 1 
7181 0.011425 1 
7182 0.020634 1 
7183 0.032832 1 
7184 0.018525 1 
7171 0.232110 0 
7172 0.216016 0 
7173 0.199909 0 
7174 0.183593 0 
7175 0.167533 0 
7176 0.150991 0 
7177 0.134875 0 
7185 0.009852 1 
7186 0.016034 1 
7178 0.152969 0 
7179 0.136671 0 
7180 0.120551 0 
7181 0.104194 0 
7182 0.087962 0 
7183 0.071785 0 
7184 0.055581 0 
7187 0.008223 1 
7185 0.055670 0 
7186 0.039581 0 
7187 0.023414 0 
7188 0.025840 1 
7188 0.030107 0 
7189 0.013925 0 
7189 0.033184 1 
7190 0.035771 1 
7191 0.019558 1 
7192 0.007694 1 
7193 0.015738 1 
7191 0.069013 0 
7192 0.052928 0 
7193 0.036724 0 
7195 0.017414 1 
7196 0.021657 0 
7197 0.014905 1 
7198 0.017957 1 
7199 0.013113 1 
7198 0.039936 0 
7199 0.023926 0 
7200 0.011002 1 
7200 0.035784 0 
7201 0.063896 1 
7202 0.047829 1 
7204 0.029993 1 
7205 0.020643 1 
7201 0.110338 0 
7202 0.094301 0 
7204 0.072511 0 
7205 0.055802 0 
7206 0.039709 0 
7207 0.023595 0 
7209 0.023807 0 
7209 0.030649 1 
7211 0.010802 1 
7212 0.011338 1 
7211 0.071841 0 
7212 0.055742 0 
7213 0.047285 0 
7213 0.058880 1 
7214 0.042384 1 
7217 0.013238 1 
7218 0.008240 1 
7214 0.086383 0 
7219 0.072791 1 
7220 0.056573 1 
7221 0.040301 1 
7222 0.024223 1 
7217 0.107850 0 
7218 0.091731 0 
7223 0.010763 1 
7222 0.030544 0 
7223 0.014403 0 
7224 0.011894 1 
7225 0.010233 1 
7226 0.023723 1 
7227 0.041687 1 
7224 0.091305 0 
7225 0.074430 0 
7226 0.058646 0 
7227 0.042618 0 
7228 0.026543 0 
7228 0.042390 1 
7230 0.027867 1 
7230 0.057594 0 
7232 0.025146 0 
7233 0.017045 0 
7233 0.033159 1 
7234 0.017004 1 
7235 0.011265 1 
7234 0.043226 0 
7235 0.026897 0 
7236 0.010741 1 
7237 0.007624 1 
7236 0.046194 0 
7237 0.030130 0 
7238 0.021709 1 
7240 0.025791 1 
7241 0.008696 1 
7238 0.074247 0 
7241 0.027946 0 
7242 0.011506 0 
7243 0.016059 1 
7244 0.008037 1 
7245 0.027954 1 
7244 0.050501 0 
7245 0.034503 0 
7246 0.027198 1 
7247 0.030473 1 
7248 0.014306 1 
7246 0.057216 0 
7249 0.017550 1 
7250 0.013823 1 
7248 0.066360 0 
7249 0.047907 0 
7251 0.017839 1 
7252 0.010298 1 
7250 0.047772 0 
7251 0.031528 0 
7253 0.022280 1 
7254 0.014328 1 
7252 0.074216 0 
7253 0.058070 0 
7254 0.041915 0 
7256 0.023674 1 
7257 0.032334 1 
7258 0.036366 1 
7256 0.071149 0 
7257 0.054335 0 
7259 0.034092 1 
7260 0.031827 1 
7261 0.023042 1 
7262 0.012838 1 
7258 0.079971 0 
7259 0.064003 0 
7260 0.047645 0 
7262 0.030887 0 
7263 0.043268 0 
7264 0.027146 0 
7263 0.050346 1 
7265 0.029754 1 
7265 0.053682 0 
7267 0.031544 0 
7269 0.035042 0 
7270 0.018986 0 
7267 0.085127 1 
7269 0.052962 1 
7270 0.036875 1 
7271 0.035307 0 
7271 0.047332 1 
7272 0.031049 1 
7273 0.012732 1 
7274 0.030068 0 
7275 0.013958 0 
7275 0.027102 1 
7277 0.023048 1 
7278 0.022889 1 
7279 0.021073 1 
7280 0.023432 1 
7279 0.050840 0 
7280 0.034651 0 
7282 0.029298 1 
7284 0.018002 0 
7284 0.022894 1 
7285 0.015230 0 
7285 0.025449 1 
7286 0.013969 1 
7288 0.037972 1 
7289 0.021856 1 
7290 0.031920 1 
7292 0.016765 1 
7289 0.071076 0 
7290 0.054856 0 
7292 0.022473 0 
7293 0.010459 1 
7293 0.022008 0 
7294 0.008283 1 
7295 0.016766 1 
7295 0.039759 0 
7296 0.024581 1 
7297 0.013111 1 
7298 0.022292 1 
7296 0.058418 0 
7297 0.042305 0 
7299 0.012752 1 
7300 0.028614 1 
7299 0.049094 0 
7300 0.032871 0 
7301 0.020675 1 
7302 0.023916 1 
7303 0.046840 1 
7304 0.030810 1 
7305 0.024441 1 
7301 0.090291 0 
7302 0.074541 0 
7303 0.057897 0 
7306 0.030793 1 
7307 0.020456 1 
7304 0.090224 0 
7305 0.074166 0 
7306 0.055827 0 
7307 0.047421 0 
7308 0.031079 0 
7309 0.022803 0 
7308 0.039422 1 
7309 0.022891 1 
7311 0.025187 1 
7312 0.020411 1 
7313 0.045668 1 
7314 0.032109 1 
7315 0.026011 1 
7316 0.014051 1 
7315 0.040745 0 
7317 0.022571 1 
7319 0.022514 1 
7320 0.018788 1 
7316 0.099558 0 
7317 0.083441 0 
7319 0.050416 0 
7320 0.049579 0 
7321 0.032758 0 
7322 0.016825 0 
7321 0.047816 1 
7322 0.032120 1 
7323 0.023942 1 
7324 0.017651 1 
7324 0.092717 0 
7325 0.076597 0 
7326 0.060220 0 
7326 0.070822 1 
7327 0.057982 1 
7328 0.042373 1 
7329 0.025481 1 
7330 0.027207 1 
7332 0.043525 1 
7333 0.055935 0 
7334 0.039823 0 
7335 0.023236 0 
7333 0.066257 1 
7334 0.050157 1 
7335 0.034102 1 
7336 0.018955 1 
7337 0.015943 1 
7336 0.057469 0 
7337 0.038914 0 
7340 0.034636 1 
7341 0.040465 1 
7342 0.024241 1 
7343 0.015180 1 
7338 0.099190 0 
7340 0.067028 0 
7341 0.050819 0 
7342 0.050305 0 
7343 0.034037 0 
7345 0.014488 1 
7345 0.020187 0 
7346 0.041226 1 
7347 0.025181 1 
7348 0.030148 1 
7350 0.032638 0 
7351 0.016479 0 
7352 0.027787 0 
7353 0.011811 0 
7350 0.098660 1 
7351 0.082442 1 
7352 0.065971 1 
7353 0.049962 1 
7354 0.034015 1 
7355 0.018418 0 
7355 0.078063 1 
7357 0.045033 1 
7358 0.028802 1 
7357 0.073733 0 
7358 0.057551 0 
7359 0.041259 0 
7360 0.024772 0 
7359 0.055050 1 
7360 0.038579 1 
7361 0.025990 1 
7362 0.031747 1 
7362 0.044018 0 
7363 0.055119 0 
7364 0.038541 0 
7365 0.022400 0 
7363 0.062829 1 
7364 0.046325 1 
7365 0.030338 1 
7367 0.011826 1 
7368 0.038881 1 
7367 0.080600 0 
7368 0.064491 0 
7369 0.048188 0 
7370 0.031959 0 
7371 0.015709 0 
7371 0.028940 1 
7372 0.014965 0 
7373 0.026912 0 
7374 0.018369 0 
7372 0.053541 1 
7373 0.037363 1 
7374 0.021261 1 
7375 0.070688 1 
7376 0.075082 0 
7377 0.058914 0 
7378 0.042764 0 
7379 0.026043 0 
7376 0.091556 1 
7377 0.075359 1 
7378 0.059254 1 
7379 0.050559 1 
7380 0.034122 1 
7380 0.074055 0 
7381 0.057794 0 
7382 0.041596 0 
7383 0.035163 0 
7384 0.018750 0 
7385 0.061701 0 
7386 0.045679 0 
7387 0.029491 0 
7381 0.130703 1 
7382 0.123140 1 
7383 0.106854 1 
7384 0.090414 1 
7385 0.074377 1 
7386 0.058367 1 
7387 0.068425 1 
7388 0.052268 1 
7389 0.036162 1 
7390 0.049445 1 
7391 0.033261 1 
7392 0.026644 1 
7388 0.113785 0 
7389 0.097726 0 
7390 0.081513 0 
7391 0.065322 0 
7394 0.016017 0 
7395 0.047988 0 
7395 0.051424 1 
7396 0.035262 1 
7397 0.019189 1 
7396 0.042043 0 
7397 0.025823 0 
7398 0.028157 0 
7398 0.036901 1 
7399 0.021015 1 
7400 0.028510 1 
7399 0.046556 0 
7400 0.031315 0 
7401 0.020588 1 
7401 0.026319 0 
7403 0.027359 0 
7403 0.036469 1 
7404 0.021915 1 
7405 0.010323 1 
7405 0.078568 0 
7406 0.062170 0 
7408 0.029698 0 
7410 0.028523 0 
7411 0.020836 0 
7412 0.031813 0 
7413 0.015606 0 
7408 0.106740 1 
7410 0.073876 1 
7411 0.101053 1 
7412 0.084329 1 
7413 0.067913 1 
7416 0.035229 0 
7417 0.018059 0 
7418 0.016469 0 
7416 0.095931 1 
7417 0.078768 1 
7419 0.056511 0 
7420 0.040481 0 
7418 0.090394 1 
7419 0.074431 1 
7420 0.058393 1 
7421 0.042402 1 
7422 0.026297 1 
7423 0.030202 1 
7424 0.020588 1 
7425 0.022633 1 
7426 0.013731 1 
7427 0.025311 1 
7421 0.137960 0 
7422 0.121861 0 
7423 0.105779 0 
7424 0.089704 0 
7425 0.073671 0 
7426 0.060738 0 
7427 0.044663 0 
7429 0.012543 0 
7429 0.039515 1 
7431 0.012927 1 
7432 0.023022 1 
7433 0.012916 1 
7434 0.018306 1 
7435 0.018658 1 
7431 0.085871 0 
7432 0.070315 0 
7433 0.054068 0 
7434 0.041278 0 
7436 0.017096 1 
7437 0.017592 1 
7435 0.083864 0 
7436 0.068359 0 
7437 0.052436 0 
7439 0.020049 0 
7440 0.025559 1 
7441 0.028662 1 
7442 0.020259 1 
7440 0.057984 0 
7442 0.025428 0 
7443 0.011740 0 
7444 0.012544 0 
7444 0.023947 1 
7445 0.007834 1 
7445 0.041223 0 
7446 0.024989 0 
7446 0.043354 1 
7447 0.027288 1 
7448 0.015866 0 
7448 0.027179 1 
7449 0.016397 1 
7449 0.017609 0 
7450 0.025378 0 
7450 0.038451 1 
7451 0.022310 1 
7452 0.023865 1 
7451 0.040975 0 
7452 0.024819 0 
7453 0.015203 1 
7453 0.033111 0 
7455 0.022925 0 
7455 0.030504 1 
7456 0.035590 0 
7456 0.039709 1 
7457 0.023577 1 
7458 0.032926 1 
7459 0.042518 1 
7460 0.025971 1 
7457 0.092210 0 
7458 0.075934 0 
7461 0.026212 1 
7459 0.069798 0 
7460 0.053336 0 
7461 0.032593 0 
7462 0.029499 1 
7463 0.022069 1 
7464 0.025386 1 
7466 0.016802 1 
7463 0.089064 0 
7464 0.072782 0 
7466 0.040415 0 
7468 0.008612 1 
7469 0.025180 1 
7468 0.046608 0 
7470 0.036932 0 
7471 0.020707 0 
7470 0.049250 1 
7471 0.033058 1 
7472 0.029359 0 
7473 0.024128 0 
7474 0.014560 0 
7472 0.049129 1 
7473 0.032308 1 
7474 0.035716 1 
7476 0.017722 1 
7477 0.024139 0 
7477 0.038023 1 
7478 0.028047 1 
7479 0.017972 1 
7478 0.052983 0 
7481 0.025151 0 
7481 0.054333 1 
7483 0.033456 1 
7484 0.017219 1 
7485 0.015151 1 
7487 0.009776 1 
7488 0.024028 1 
7485 0.092504 0 
7489 0.041900 1 
7491 0.022110 1 
7492 0.014569 1 
7487 0.105960 0 
7488 0.089642 0 
7489 0.073516 0 
7491 0.041232 0 
7492 0.025262 0 
7493 0.016141 1 
7493 0.037976 0 
7494 0.018046 0 
7494 0.027808 1 
7495 0.059162 1 
7496 0.043150 1 
7497 0.030729 1 
7498 0.021129 1 
7499 0.015252 1 
7500 0.033936 1 
7501 0.017774 1 
7499 0.056369 0 
7502 0.026169 1 
7503 0.023397 1 
7501 0.057506 0 
7502 0.041362 0 
7504 0.018290 1 
7505 0.016868 1 
7505 0.046417 0 
7506 0.047709 0 
7507 0.031474 0 
7508 0.029693 1 
7508 0.047574 0 
7510 0.010686 0 
7510 0.011763 1 
7511 0.007464 1 
7512 0.020736 1 
7511 0.054167 0 
7513 0.021592 0 
7514 0.025966 0 
7513 0.049380 1 
7514 0.032980 1 
7515 0.016874 1 
7516 0.021999 1 
7515 0.060639 0 
7516 0.044681 0 
7518 0.012345 0 
7518 0.036797 1 
7519 0.035121 0 
7520 0.018997 0 
7519 0.037397 1 
7521 0.014227 0 
7520 0.049160 1 
7521 0.033021 1 
7522 0.017071 1 
7523 0.017154 1 
7522 0.034931 0 
7524 0.014326 1 
7525 0.017072 1 
7525 0.040201 0 
7526 0.023634 0 
7527 0.020156 1 
7528 0.015567 1 
7527 0.036191 0 
7529 0.012906 1 
7528 0.045628 0 
7529 0.029435 0 
7531 0.035636 1 
7532 0.031067 1 
7531 0.062350 0 
7532 0.046219 0 
7533 0.029988 0 
7534 0.013727 0 
7533 0.057015 1 
7534 0.040771 1 
7535 0.024334 1 
7536 0.022014 0 
7536 0.034240 1 
7537 0.037057 0 
7537 0.050132 1 
7539 0.034964 1 
7540 0.021078 0 
7540 0.026227 1 
7541 0.027550 1 
7542 0.020176 1 
7542 0.044453 0 
7544 0.027064 1 
7544 0.050989 0 
7545 0.034513 0 
7546 0.018382 0 
7545 0.037049 1 
7546 0.021207 1 
7547 0.005385 0 
7547 0.043728 1 
7549 0.031893 1 
7549 0.055400 0 
7550 0.042585 1 
7550 0.050791 0 
7551 0.034616 0 
7552 0.018433 0 
7551 0.053000 1 
7553 0.042404 0 
7554 0.026325 0 
7552 0.063830 1 
7553 0.047446 1 
7554 0.031340 1 
7556 0.036119 1 
7557 0.053285 0 
7558 0.036649 0 
7559 0.020248 0 
7557 0.068986 1 
7558 0.053977 1 
7559 0.037722 1 
7560 0.027663 0 
7561 0.011889 0 
7560 0.032537 1 
7561 0.016746 1 
7562 0.023193 1 
7563 0.019019 1 
7562 0.041638 0 
7564 0.030863 1 
7563 0.065677 0 
7566 0.016921 1 
7566 0.024513 0 
7567 0.018244 1 
7567 0.036855 0 
7568 0.020497 0 
7568 0.040476 1 
7569 0.070783 0 
7570 0.054770 0 
7571 0.038627 0 
7569 0.094740 1 
7572 0.052044 0 
7573 0.037007 0 
7574 0.018179 0 
7575 0.017627 0 
7570 0.135778 1 
7571 0.119649 1 
7572 0.103054 1 
7573 0.104325 1 
7576 0.065796 0 
7577 0.049686 0 
7578 0.033577 0 
7574 0.108768 1 
7575 0.092542 1 
7576 0.076178 1 
7577 0.060057 1 
7578 0.043946 1 
7579 0.080547 1 
7580 0.064545 1 
7581 0.048060 1 
7582 0.039966 0 
7582 0.049402 1 
7583 0.033335 1 
7584 0.017309 1 
7585 0.011085 1 
7586 0.017371 1 
7583 0.078662 0 
7584 0.062614 0 
7585 0.046503 0 
7586 0.030292 0 
7587 0.019603 1 
7588 0.019685 1 
7587 0.070292 0 
7588 0.054437 0 
7589 0.038126 0 
7590 0.022141 0 
7591 0.015755 0 
7589 0.054458 1 
7590 0.040142 1 
7591 0.023710 1 
7593 0.013270 1 
7594 0.017745 0 
7594 0.019607 1 
7595 0.028905 1 
7596 0.034850 1 
7597 0.018348 1 
7595 0.063727 0 
7598 0.021573 1 
7598 0.029718 0 
7599 0.030920 0 
7600 0.014813 0 
7599 0.034074 1 
7600 0.064236 1 
7602 0.041907 0 
7603 0.025956 0 
7604 0.009815 0 
7602 0.046961 1 
7603 0.031002 1 
7604 0.016539 1 
7605 0.022601 0 
7607 0.018271 1 
7607 0.035447 0 
7609 0.015711 0 
7610 0.012954 0 
7609 0.042785 1 
7610 0.026513 1 
7611 0.024476 1 
7611 0.028014 0 
7612 0.025123 0 
7612 0.032765 1 
7615 0.006891 0 
7615 0.024476 1 
7616 0.018609 0 
7617 0.030536 1 
7617 0.049547 0 
7618 0.033304 0 
7619 0.017175 0 
7620 0.012024 0 
7618 0.053373 1 
7619 0.044762 1 
7621 0.030079 0 
7622 0.013948 0 
7623 0.007414 0 
7620 0.060633 1 
7621 0.044517 1 
7622 0.028331 1 
7623 0.024264 1 
7624 0.015083 0 
7625 0.020830 0 
7626 0.004816 0 
7624 0.042874 1 
7625 0.026789 1 
7626 0.010795 1 
7628 0.010920 0 
7628 0.027344 1 
7630 0.024719 0 
7631 0.015466 0 
7632 0.015250 0 
7633 0.005399 0 
7630 0.063718 1 
7631 0.047585 1 
7632 0.031469 1 
7634 0.013106 0 
7635 0.007565 0 
7633 0.055616 1 
7634 0.039446 1 
7635 0.023466 1 
7636 0.010019 1 
7636 0.014103 0 
7638 0.020850 1 
7639 0.011196 0 
7640 0.008395 0 
7641 0.030112 0 
7642 0.013855 0 
7643 0.012230 0 
7639 0.087916 1 
7640 0.071774 1 
7641 0.052692 1 
7642 0.053793 1 
7643 0.037321 1 
7644 0.021242 1 
7645 0.009859 0 
7645 0.010834 1 
7646 0.013315 0 
7647 0.018695 0 
7648 0.013727 0 
7646 0.059933 1 
7647 0.044498 1 
7648 0.028245 1 
7649 0.024453 1 
7650 0.013153 0 
7651 0.018588 0 
7652 0.005724 0 
7650 0.041709 1 
7654 0.020570 0 
7652 0.056703 1 
7654 0.033625 1 
7655 0.025309 1 
7656 0.018675 1 
7656 0.044885 0 
7657 0.028778 0 
7658 0.012661 0 
7657 0.029922 1 
7659 0.014470 0 
7658 0.033443 1 
7659 0.017541 1 
7660 0.009641 1 
7661 0.018542 1 
7661 0.023237 0 
7662 0.012039 0 
7663 0.005215 0 
7662 0.035104 1 
7663 0.021965 1 
7665 0.015977 0 
7665 0.026628 1 
7667 0.013909 1 
7668 0.013856 1 
7667 0.036617 0 
7669 0.008709 0 
7670 0.020180 0 
7669 0.036407 1 
7671 0.014362 0 
7672 0.008430 0 
7671 0.052688 1 
7672 0.036574 1 
7673 0.028993 0 
7673 0.064737 1 
7675 0.032463 0 
7676 0.016405 0 
7677 0.007114 0 
7678 0.020608 0 
7680 0.011739 0 
7682 0.006599 0 
7683 0.007510 0 
7684 0.022514 0 
7686 0.010257 0 
7687 0.010507 0 
7675 0.230800 1 
7688 0.023185 0 
7690 0.017197 0 
7691 0.012376 0 
7692 0.005577 0 
7676 0.273644 1 
7677 0.257175 1 
7678 0.241106 1 
7693 0.021176 0 
7694 0.023493 0 
7680 0.258424 1 
7682 0.225592 1 
7683 0.209513 1 
7684 0.193306 1 
7686 0.160925 1 
7687 0.144754 1 
7688 0.127283 1 
7690 0.094776 1 
7695 0.020961 0 
7691 0.089845 1 
7692 0.073228 1 
7696 0.019331 0 
7697 0.009447 0 
7698 0.012999 0 
7693 0.095397 1 
7694 0.079273 1 
7695 0.063086 1 
7699 0.005018 0 
7696 0.056706 1 
7697 0.041067 1 
7698 0.032776 1 
7699 0.049747 1 
7700 0.035278 0 
7701 0.023152 0 
7702 0.007333 0 
7700 0.054493 1 
7703 0.007920 0 
7702 0.038696 1 
7703 0.022358 1 
7704 0.016444 0 
7705 0.011605 0 
7704 0.036705 1 
7705 0.028129 1 
7706 0.033879 1 
7707 0.019720 0 
7709 0.007735 0 
7707 0.047654 1 
7710 0.019336 0 
7711 0.005932 0 
7712 0.009700 0 
7711 0.028161 1 
7712 0.018972 1 
7713 0.018960 0 
7714 0.016989 0 
7715 0.018439 0 
7713 0.055736 1 
7715 0.036903 1 
7717 0.012319 0 
7717 0.032884 1 
7718 0.017273 1 
7718 0.018524 0 
7719 0.012039 0 
7720 0.009624 0 
7721 0.011781 0 
7719 0.055657 1 
7720 0.039594 1 
7722 0.012450 0 
7721 0.039243 1 
7722 0.022990 1 
7723 0.008345 0 
7724 0.023329 0 
7725 0.018286 0 
7723 0.050389 1 
7724 0.034523 1 
7726 0.012193 0 
7727 0.010404 0 
7728 0.005589 0 
7726 0.045897 1 
7727 0.029832 1 
7728 0.037004 1 
7730 0.009951 0 
7730 0.012436 1 
7731 0.016153 1 
7732 0.023771 0 
7732 0.036905 1 
7733 0.024699 0 
7734 0.008579 0 
7733 0.032377 1 
7735 0.010184 0 
7734 0.034357 1 
7736 0.017454 0 
7738 0.011654 0 
7735 0.073693 1 
7736 0.057502 1 
7739 0.009490 0 
7740 0.014354 0 
7741 0.011209 0 
7738 0.072016 1 
7739 0.055483 1 
7740 0.039244 1 
7741 0.022695 1 
7743 0.007645 0 
7743 0.024151 1 
7744 0.010335 0 
7744 0.018270 1 
7745 0.015095 0 
7745 0.020692 1 
7746 0.009968 0 
7746 0.019642 1 
7748 0.010536 0 
7748 0.013593 1 
7749 0.011822 0 
7749 0.027332 1 
7750 0.015071 1 
7750 0.018934 0 
7751 0.005340 0 
7752 0.011576 0 
7751 0.058986 1 
7752 0.042340 1 
7753 0.026098 0 
7753 0.028117 1 
7755 0.014353 1 
7755 0.022798 0 
7756 0.010460 0 
7757 0.007875 0 
7756 0.033893 1 
7758 0.024105 0 
7759 0.007904 0 
7757 0.061064 1 
7758 0.046407 1 
7759 0.030218 1 
7760 0.021034 0 
7761 0.009428 0 
7760 0.030496 1 
7761 0.017013 1 
7762 0.006541 0 
7762 0.015854 1 
7763 0.006114 1 
7763 0.023582 0 
7765 0.014838 0 
7766 0.012108 0 
7765 0.032476 1 
7766 0.016317 1 
7767 0.013154 0 
7767 0.018918 1 
7768 0.016393 0 
7769 0.004713 0 
7768 0.032453 1 
7770 0.010045 0 
7769 0.029365 1 
7770 0.030583 1 
7771 0.017687 0 
7772 0.005164 0 
7771 0.038940 1 
7773 0.015680 0 
7772 0.033689 1 
7774 0.026213 1 
7775 0.011990 0 
7775 0.019069 1 
7776 0.025251 0 
7777 0.013106 0 
7776 0.032042 1 
7778 0.012551 0 
7778 0.017233 1 
7779 0.015796 1 
7779 0.024713 0 
7780 0.016409 1 
7780 0.039337 0 
7781 0.023347 0 
7782 0.017418 0 
7783 0.019554 0 
7782 0.041961 1 
7783 0.025799 1 
7784 0.007416 0 
7785 0.016092 0 
7784 0.030616 1 
7786 0.007639 0 
7785 0.028540 1 
7786 0.012337 1 
7787 0.033494 0 
7788 0.017365 0 
7789 0.006596 0 
7788 0.038566 1 
7789 0.022315 1 
7790 0.010071 0 
7790 0.032311 1 
7792 0.017433 1 
7792 0.037267 0 
7793 0.021113 0 
7793 0.053392 1 
7794 0.037169 1 
7795 0.041867 0 
7796 0.025341 0 
7797 0.009064 0 
7795 0.059610 1 
7798 0.018984 0 
7799 0.014617 0 
7796 0.085656 1 
7797 0.069414 1 
7798 0.053345 1 
7799 0.063799 1 
7801 0.040354 0 
7802 0.023925 0 
7803 0.007897 0 
7801 0.066872 1 
7802 0.050445 1 
7803 0.034398 1 
7804 0.030622 0 
7806 0.008356 0 
7806 0.013358 1 
7808 0.020094 0 
7809 0.011464 0 
7810 0.017272 0 
7811 0.019548 0 
7808 0.086519 1 
7809 0.070074 1 
7810 0.053900 1 
7811 0.037794 1 
7814 0.010160 0 
7814 0.031670 1 
7815 0.015490 1 
7816 0.026047 0 
7816 0.042879 1 
7817 0.040229 1 
7818 0.022579 1 
7819 0.025334 0 
7820 0.009265 0 
7821 0.015310 0 
7819 0.051306 1 
7820 0.035216 1 
7822 0.020329 0 
7823 0.006951 0 
7821 0.054267 1 
7822 0.038253 1 
7823 0.022164 1 
7824 0.014783 0 
7824 0.025181 1 
7825 0.013721 0 
7825 0.028281 1 
7827 0.007669 0 
7827 0.038246 1 
7829 0.019945 1 
7830 0.009663 1 
7829 0.036323 0 
7830 0.019826 0 
7831 0.013017 0 
7832 0.007787 0 
7831 0.033871 1 
7833 0.013301 0 
7834 0.012813 0 
7832 0.051056 1 
7833 0.034900 1 
7834 0.036846 1 
7835 0.019650 1 
7837 0.021047 0 
7837 0.022616 1 
7838 0.025272 0 
7838 0.033297 1 
7839 0.022662 0 
7840 0.006541 0 
7841 0.010518 0 
7842 0.011527 0 
7839 0.061644 1 
7840 0.045533 1 
7841 0.029443 1 
7843 0.015628 1 
7843 0.016345 0 
7844 0.021903 0 
7845 0.010396 0 
7844 0.035801 1 
7846 0.021919 0 
7846 0.027324 1 
7847 0.011151 1 
7847 0.015334 0 
7848 0.006009 1 
7848 0.007964 0 
7849 0.014601 0 
7850 0.017179 0 
7851 0.015751 0 
7851 0.015836 1 
7853 0.027120 0 
7854 0.016704 0 
7853 0.048211 1 
7854 0.031861 1 
7855 0.031593 1 
7856 0.030601 0 
7857 0.014605 0 
7856 0.032452 1 
7857 0.028101 1 
7858 0.029469 1 
7858 0.029609 0 
7859 0.013239 0 
7859 0.021209 1 
7860 0.013645 1 
7861 0.019572 1 
7862 0.015972 1 
7861 0.041648 0 
7862 0.023122 0 
7864 0.023970 0 
7864 0.034540 1 
7866 0.022501 1 
7867 0.011283 0 
7867 0.012186 1 
7868 0.008171 0 
7869 0.013967 1 
7869 0.028891 0 
7870 0.012663 0 
7871 0.007748 0 
7870 0.036100 1 
7872 0.019170 0 
7871 0.038672 1 
7874 0.011793 1 
7874 0.028298 0 
7875 0.012188 0 
7876 0.019696 0 
7877 0.010148 0 
7875 0.049432 1 
7876 0.033043 1 
7877 0.017170 1 
7879 0.015241 1 
7879 0.025916 0 
7881 0.023355 1 
7882 0.006598 0 
7882 0.015197 1 
7883 0.007809 0 
7883 0.032526 1 
7885 0.009957 1 
7885 0.012909 0 
7886 0.015121 0 
7886 0.026428 1 
7887 0.014508 0 
7887 0.029548 1 
7889 0.010200 1 
7889 0.019006 0 
7890 0.014402 1 
7891 0.018096 1 
7892 0.007914 1 
7892 0.011933 0 
7893 0.013845 0 
7893 0.028889 1 
7894 0.021588 1 
7894 0.031804 0 
7895 0.015603 0 
7896 0.014672 0 
7895 0.030892 1 
7896 0.014740 1 
7897 0.008776 1 
7898 0.007990 1 
7899 0.007648 1 
7899 0.010642 0 
7900 0.010985 1 
7900 0.014008 0 
7901 0.014254 0 
7902 0.008147 0 
7901 0.030586 1 
7902 0.020312 1 
7903 0.011818 1 
7903 0.013942 0 
7904 0.021452 1 
7904 0.040425 0 
7905 0.024255 0 
7906 0.017034 0 
7905 0.038926 1 
7906 0.022475 1 
7908 0.014904 0 
7908 0.020165 1 
7909 0.019966 1 
7910 0.009161 1 
7909 0.026779 0 
7910 0.010463 0 
7911 0.006509 0 
7911 0.009693 1 
7912 0.031734 1 
7913 0.012700 1 
7912 0.045953 0 
7913 0.026831 0 
7914 0.012618 0 
7914 0.039240 1 
7916 0.011027 1 
7916 0.013772 0 
7917 0.036215 1 
7917 0.044769 0 
7918 0.028686 0 
7918 0.037099 1 
7919 0.021067 1 
7919 0.022150 0 
7920 0.016453 0 
7920 0.022221 1 
7921 0.010971 0 
7921 0.014062 1 
7922 0.007393 1 
7922 0.021366 0 
7923 0.006876 1 
7923 0.042910 0 
7924 0.026491 0 
7925 0.017933 0 
7926 0.004838 0 
7924 0.037610 1 
7926 0.026914 1 
7927 0.010870 0 
7927 0.014597 1 
7929 0.007989 1 
7929 0.016497 0 
7930 0.012532 0 
7931 0.013628 1 
7932 0.023981 1 
7932 0.044974 0 
7933 0.028761 0 
7933 0.036908 1 
7934 0.020429 1 
7934 0.021272 0 
7935 0.012457 0 
7935 0.028262 1 
7937 0.015013 0 
7937 0.017057 1 
7938 0.014976 1 
7939 0.022839 1 
7940 0.023765 1 
7942 0.008561 1 
7939 0.059203 0 
7940 0.042978 0 
7942 0.010453 0 
7943 0.017645 0 
7943 0.028080 1 
7944 0.017040 1 
7945 0.014315 0 
7947 0.014382 1 
7948 0.017985 1 
7947 0.048723 0 
7948 0.032538 0 
7949 0.016330 0 
7949 0.025169 1 
7950 0.017915 1 
7951 0.016234 1 
7951 0.018636 0 
7952 0.016560 0 
7952 0.033679 1 
7954 0.010814 1 
7954 0.015505 0 
7955 0.010693 1 
7955 0.022657 0 
7956 0.015516 1 
7957 0.014471 1 
7957 0.030582 0 
7958 0.014200 0 
7958 0.024541 1 
7959 0.012606 1 
7960 0.012983 1 
7960 0.025208 0 
7961 0.009048 0 
7961 0.032293 1 
7962 0.025716 0 
7962 0.035638 1 
7964 0.013999 0 
7964 0.029624 1 
7965 0.013439 0 
7965 0.025819 1 
7966 0.009590 1 
7967 0.010300 1 
7967 0.030304 0 
7968 0.032114 0 
7969 0.034414 1 
7969 0.038461 0 
7970 0.022411 0 
7970 0.033592 1 
7971 0.017335 1 
7972 0.018137 0 
7972 0.023247 1 
7973 0.008779 1 
7973 0.023017 0 
7974 0.020581 1 
7974 0.024814 0 
7975 0.009616 1 
7975 0.019614 0 
7976 0.021238 0 
7976 0.026388 1 
7977 0.014471 1 
7977 0.020472 0 
7978 0.010982 0 
7979 0.006878 1 
7980 0.008471 1 
7979 0.041474 0 
7980 0.025155 0 
7981 0.009123 0 
7981 0.028152 1 
7982 0.011970 1 
7982 0.014978 0 
7983 0.013436 0 
7983 0.018186 1 
7984 0.011446 1 
7984 0.017939 0 
7985 0.009628 1 
7985 0.011682 0 
7986 0.007699 1 
7986 0.015286 0 
7987 0.017068 0 
7987 0.027243 1 
7988 0.011077 1 
7988 0.011870 0 
7989 0.008449 0 
7991 0.011849 1 
7992 0.012961 1 
7992 0.020546 0 
7993 0.022225 1 
7994 0.015518 0 
7995 0.022197 0 
7996 0.018740 0 
7994 0.073096 1 
7995 0.056882 1 
7996 0.040814 1 
7997 0.024659 1 
7998 0.013827 1 
7997 0.039147 0 
8000 0.022537 1 
8001 0.007742 0 
8001 0.027825 1 
8002 0.026508 0 
8003 0.012694 0 
8005 0.017514 0 
8005 0.032412 1 
8007 0.021257 0 
8008 0.023238 0 
8008 0.028423 1 
8009 0.018791 1 
8010 0.020779 1 
8009 0.045278 0 
8010 0.029093 0 
8013 0.012542 0 
8013 0.020890 1 
8014 0.025182 1 
8015 0.019362 1 
8015 0.049517 0 
8016 0.033348 0 
8017 0.016856 0 
8018 0.017932 0 
8016 0.082568 1 
8017 0.066151 1 
8019 0.039811 0 
8020 0.023431 0 
8021 0.021015 0 
8022 0.014840 0 
8018 0.083026 1 
8021 0.034366 1 
8023 0.021807 0 
8024 0.005702 0 
8022 0.048658 1 
8023 0.049649 1 
8024 0.038679 1 
8026 0.014565 1 
8026 0.020112 0 
8028 0.009854 1 
8028 0.022963 0 
8029 0.013623 0 
8029 0.013769 1 
8030 0.008029 1 
8030 0.011936 0 
8031 0.011797 0 
8031 0.021147 1 
8032 0.011033 1 
8032 0.011927 0 
8033 0.005251 0 
8034 0.010481 0 
8033 0.030710 1 
8036 0.012527 1 
8036 0.033686 0 
8037 0.033338 1 
8038 0.016944 1 
8038 0.033501 0 
8039 0.017226 0 
8039 0.023447 1 
8040 0.014060 0 
8041 0.012524 0 
8041 0.019793 1 
8042 0.008248 1 
8043 0.008809 1 
8043 0.025489 0 
8044 0.020200 1 
8045 0.010717 1 
8045 0.017878 0 
8046 0.021559 1 
8047 0.014223 1 
8048 0.009211 1 
8046 0.051082 0 
8047 0.034935 0 
8048 0.018886 0 
8049 0.025163 1 
8049 0.030451 0 
8050 0.014334 0 
8050 0.039138 1 
8052 0.014108 1 
8052 0.022491 0 
8053 0.017951 1 
8054 0.013294 1 
8053 0.030931 0 
8055 0.007383 1 
8054 0.031543 0 
8055 0.015660 0 
8056 0.014333 1 
8056 0.022621 0 
8057 0.006418 0 
8057 0.011263 1 
8058 0.017595 0 
8059 0.006545 0 
8058 0.042505 1 
8059 0.026303 1 
8060 0.010223 1 
8061 0.009227 1 
8061 0.030839 0 
8063 0.009684 1 
8063 0.014754 0 
8065 0.009066 1 
8065 0.014190 0 
8066 0.020542 1 
8067 0.008782 1 
8066 0.035453 0 
8067 0.019290 0 
8068 0.019262 0 
8069 0.015569 1 
8069 0.026439 0 
8070 0.015866 0 
8071 0.012425 0 
8070 0.032219 1 
8071 0.016098 1 
8073 0.007459 1 
8073 0.040118 0 
8074 0.023891 0 
8074 0.028714 1 
8075 0.015111 0 
8075 0.031557 1 
8076 0.015475 1 
8078 0.006768 1 
8078 0.014884 0 
8080 0.016165 0 
8080 0.017093 1 
8081 0.022657 0 
8081 0.031583 1 
8082 0.015473 1 
8082 0.015504 0 
8084 0.011520 1 
8084 0.018794 0 
8085 0.009538 0 
8085 0.016855 1 
8086 0.008113 1 
8086 0.039019 0 
8088 0.016507 0 
8089 0.024918 1 
8090 0.017083 1 
8089 0.048055 0 
8091 0.015650 0 
8091 0.032126 1 
8092 0.015801 1 
8092 0.021276 0 
8093 0.025043 1 
8094 0.019301 0 
8094 0.019429 1 
8095 0.014071 0 
8096 0.013892 1 
8096 0.028049 0 
8097 0.013020 1 
8097 0.021896 0 
8098 0.019169 0 
8099 0.039754 0 
8100 0.023925 0 
8101 0.012142 0 
8102 0.015100 0 
8098 0.083911 1 
8099 0.066000 1 
8100 0.050216 1 
8101 0.039526 1 
8102 0.023416 1 
8103 0.036991 1 
8104 0.020939 1 
8105 0.011667 1 
8105 0.017377 0 
8107 0.019173 0 
8108 0.006538 0 
8108 0.023828 1 
8109 0.007830 1 
8109 0.025605 0 
8110 0.019363 1 
8110 0.022053 0 
8111 0.015933 1 
8112 0.030685 1 
8111 0.052330 0 
8112 0.033149 0 
8113 0.017895 0 
8113 0.032101 1 
8115 0.017699 1 
8116 0.016764 1 
8117 0.026121 0 
8117 0.041695 1 
8118 0.025432 1 
8119 0.022047 1 
8118 0.044002 0 
8120 0.023889 1 
8121 0.007634 0 
8121 0.019413 1 
8122 0.012656 0 
8122 0.020849 1 
8123 0.011254 1 
8123 0.021109 0 
8124 0.012773 0 
8125 0.009842 0 
8125 0.018173 1 
8126 0.011903 1 
8128 0.005903 1 
8128 0.017966 0 
8129 0.010805 1 
8129 0.024530 0 
8130 0.013129 1 
8130 0.019320 0 
8131 0.018788 1 
8132 0.011880 0 
8132 0.031457 1 
8133 0.021384 1 
8134 0.006490 0 
8134 0.008945 1 
8136 0.008155 0 
8137 0.024968 0 
8138 0.016208 0 
8139 0.015231 0 
8137 0.076797 1 
8138 0.060505 1 
8141 0.015555 0 
8139 0.052659 1 
8141 0.020357 1 
8142 0.010765 0 
8142 0.016756 1 
8143 0.011223 1 
8143 0.028443 0 
8144 0.009848 0 
8144 0.060888 1 
8146 0.028452 1 
8147 0.021187 1 
8147 0.024483 0 
8148 0.010675 1 
8149 0.021982 1 
8148 0.038166 0 
8149 0.022122 0 
8150 0.008228 0 
8151 0.018600 0 
8150 0.035420 1 
8153 0.012937 0 
8154 0.008771 1 
8154 0.013385 0 
8155 0.013472 1 
8155 0.020806 0 
8156 0.012789 1 
8156 0.016365 0 
8157 0.006230 1 
8157 0.019962 0 
8158 0.016229 0 
8158 0.020115 1 
8159 0.006882 1 
8159 0.012616 0 
8160 0.013783 1 
8161 0.007138 1 
8160 0.025137 0 
8161 0.028295 0 
8163 0.016535 1 
8163 0.027765 0 
8164 0.011593 0 
8164 0.032725 1 
8165 0.016601 1 
8166 0.010888 1 
8166 0.013444 0 
8167 0.009342 1 
8167 0.021109 0 
8168 0.008457 0 
8168 0.018828 1 
8169 0.021355 0 
8170 0.005489 0 
8170 0.024803 1 
8171 0.010611 0 
8171 0.012585 1 
8172 0.007120 1 
8173 0.013588 0 
8173 0.018859 1 
8174 0.008510 1 
8174 0.022647 0 
8175 0.020165 1 
8175 0.023109 0 
8176 0.006940 0 
8176 0.012905 1 
8177 0.018829 1 
8178 0.012386 1 
8177 0.037263 0 
8179 0.010312 1 
8179 0.015406 0 
8180 0.007404 1 
8180 0.026169 0 
8181 0.030500 1 
8182 0.014328 1 
8182 0.039381 0 
8183 0.023219 0 
8183 0.026651 1 
8184 0.010505 1 
8185 0.008903 1 
8184 0.027395 0 
8185 0.016076 0 
8186 0.018272 1 
8186 0.035499 0 
8187 0.019855 0 
8188 0.024177 0 
8187 0.042659 1 
8188 0.026400 1 
8190 0.015475 0 
8190 0.027478 1 
8191 0.019126 1 
8191 0.040941 0 
8192 0.024390 0 
8192 0.042403 1 
8193 0.030862 1 
8194 0.014531 1 
8194 0.033062 0 
8195 0.016922 0 
8195 0.028855 1 
8196 0.013372 1 
8196 0.017805 0 
8197 0.013220 1 
8199 0.018694 1 
8200 0.017683 1 
8199 0.036503 0 
8201 0.006103 0 
8202 0.016884 0 
8204 0.005989 0 
8204 0.016231 1 
8206 0.021903 1 
8207 0.015410 0 
8207 0.032963 1 
8208 0.022702 1 
8209 0.024097 1 
8208 0.046992 0 
8212 0.013258 0 
8212 0.018271 1 
8213 0.009766 0 
8213 0.034663 1 
8214 0.023908 1 
8214 0.048056 0 
8215 0.031804 0 
8216 0.015616 0 
8215 0.035014 1 
8216 0.018902 1 
8217 0.008801 0 
8217 0.010093 1 
8218 0.012638 1 
8219 0.011637 0 
8220 0.019970 1 
8221 0.013908 1 
8220 0.039523 0 
8222 0.007337 0 
8222 0.014881 1 
8223 0.008317 1 
8223 0.014044 0 
8225 0.011838 1 
8225 0.015885 0 
8227 0.018033 1 
8227 0.025262 0 
8228 0.009113 0 
8228 0.058887 1 
8229 0.043381 0 
8230 0.027494 0 
8231 0.011421 0 
8229 0.058629 1 
8230 0.042732 1 
8231 0.026685 1 
8232 0.016872 0 
8232 0.023602 1 
8233 0.010588 1 
8233 0.033562 0 
8235 0.010952 1 
8235 0.036354 0 
8236 0.019169 0 
8237 0.031479 0 
8238 0.015420 0 
8239 0.011440 0 
8236 0.060527 1 
8237 0.044870 1 
8238 0.042734 1 
8239 0.026672 1 
8240 0.022464 1 
8240 0.024595 0 
8241 0.029427 0 
8241 0.041689 1 
8242 0.025543 1 
8242 0.025660 0 
8243 0.018338 0 
8244 0.014454 0 
8245 0.011009 0 
8246 0.013795 0 
8247 0.011832 0 
8243 0.081444 1 
8244 0.065040 1 
8245 0.048980 1 
8246 0.031027 1 
8247 0.018878 1 
8248 0.013118 1 
8248 0.013793 0 
8249 0.015849 0 
8251 0.013935 0 
8252 0.015437 0 
8249 0.091343 1 
8251 0.058979 1 
8253 0.047001 0 
8254 0.030690 0 
8255 0.014613 0 
8256 0.008482 0 
8253 0.064725 1 
8254 0.048454 1 
8255 0.032322 1 
8257 0.008736 0 
8258 0.008740 0 
8256 0.059709 1 
8257 0.043520 1 
8258 0.027362 1 
8259 0.016519 0 
8259 0.027032 1 
8260 0.015044 0 
8262 0.029191 0 
8264 0.015881 0 
8264 0.020258 1 
8265 0.017142 0 
8265 0.020396 1 
8266 0.011104 1 
8266 0.019758 0 
8267 0.013433 1 
8267 0.018118 0 
8268 0.017780 0 
8268 0.019780 1 
8269 0.011275 0 
8269 0.051531 1 
8270 0.035330 1 
8272 0.022822 1 
8273 0.014560 1 
8272 0.033570 0 
8273 0.017445 0 
8274 0.025009 0 
8274 0.030001 1 
8275 0.023713 0 
8275 0.028161 1 
8277 0.011781 1 
8277 0.026321 0 
8279 0.020316 1 
8280 0.011021 0 
8281 0.012678 0 
8280 0.031278 1 
8283 0.008170 0 
8283 0.016678 1 
8284 0.017249 0 
8284 0.031081 1 
8285 0.014620 0 
8285 0.019541 1 
8287 0.006177 0 
8287 0.022656 1 
8288 0.024151 0 
8288 0.030640 1 
8289 0.017166 0 
8289 0.022495 1 
8290 0.015305 1 
8290 0.016784 0 
8291 0.007565 1 
8291 0.015227 0 
8292 0.007147 1 
8292 0.038806 0 
8293 0.022374 0 
8293 0.026924 1 
8294 0.010723 0 
8295 0.015006 0 
8294 0.034536 1 
8296 0.008336 0 
8295 0.028901 1 
8296 0.012576 1 
8297 0.011616 1 
8298 0.007296 1 
8298 0.026872 0 
8299 0.010697 0 
8299 0.033344 1 
8300 0.016970 1 
8300 0.028988 0 
8301 0.022370 1 
8302 0.013899 1 
8303 0.009911 1 
8301 0.068317 0 
8302 0.052188 0 
8303 0.034357 0 
8304 0.020006 1 
8304 0.024315 0 
8306 0.014580 0 
8306 0.024469 1 
8307 0.018358 0 
8307 0.024752 1 
8308 0.016204 1 
8308 0.022592 0 
8309 0.008108 0 
8309 0.010758 1 
8310 0.016182 0 
8310 0.020818 1 
8311 0.004745 1 
8312 0.017932 1 
8311 0.039456 0 
8312 0.023221 0 
8314 0.016451 1 
8315 0.007412 1 
8316 0.007890 1 
8314 0.056363 0 
8315 0.040004 0 
8316 0.023828 0 
8317 0.010487 1 
8317 0.014781 0 
8318 0.016130 1 
8318 0.020225 0 
8319 0.005874 0 
8319 0.015649 1 
8320 0.021466 0 
8320 0.026336 1 
8321 0.010168 1 
8321 0.014454 0 
8322 0.011848 1 
8323 0.009649 1 
8322 0.028023 0 
8323 0.018487 0 
8324 0.029999 0 
8325 0.015784 0 
8324 0.035827 1 
8325 0.033815 1 
8327 0.017085 0 
8327 0.024081 1 
8328 0.014352 0 
8328 0.016387 1 
8329 0.006120 1 
8330 0.008947 1 
8329 0.026256 0 
8330 0.015394 0 
8331 0.013082 1 
8332 0.026106 0 
8333 0.010247 0 
8333 0.013755 1 
8335 0.012349 1 
8336 0.032930 1 
8335 0.060305 0 
8336 0.044075 0 
8337 0.027795 0 
8337 0.032995 1 
8338 0.016363 1 
8340 0.005948 1 
8338 0.054959 0 
8341 0.012510 1 
8340 0.031058 0 
8342 0.013916 0 
8343 0.022545 0 
8345 0.020658 0 
8345 0.047458 1 
8346 0.031145 1 
8347 0.016558 1 
8348 0.009220 1 
8347 0.025710 0 
8349 0.017287 1 
8350 0.020005 1 
8348 0.063210 0 
8349 0.046914 0 
8350 0.030476 0 
8352 0.013651 1 
8352 0.021914 0 
8353 0.010935 0 
8354 0.007315 1 
8354 0.009813 0 
8355 0.016434 0 
8356 0.016613 0 
8357 0.023382 0 
8358 0.014119 0 
8356 0.048682 1 
8357 0.033303 1 
8358 0.017208 1 
8359 0.029960 0 
8360 0.013542 0 
8359 0.034085 1 
8360 0.017666 1 
8362 0.015321 0 
8363 0.015751 0 
8364 0.016764 0 
8363 0.035139 1 
8364 0.018748 1 
8365 0.019122 0 
8365 0.049593 1 
8366 0.033107 1 
8367 0.029403 1 
8368 0.016668 0 
8369 0.012830 0 
8370 0.007631 0 
8368 0.057349 1 
8369 0.041257 1 
8370 0.025287 1 
8371 0.011651 0 
8371 0.022530 1 
8372 0.005661 1 
8372 0.031141 0 
8373 0.034214 0 
8374 0.025718 0 
8373 0.043606 1 
8375 0.015685 0 
8376 0.022861 1 
8377 0.020560 1 
8376 0.040482 0 
8378 0.016079 1 
8377 0.040781 0 
8378 0.024611 0 
8379 0.007220 0 
8379 0.012173 1 
8380 0.015739 1 
8380 0.022324 0 
8381 0.005955 0 
8381 0.030260 1 
8382 0.016837 0 
8382 0.022709 1 
8383 0.018718 0 
8383 0.024542 1 
8384 0.013576 0 
8384 0.016068 1 
8385 0.009296 0 
8385 0.015596 1 
8386 0.014182 0 
8387 0.010798 0 
8386 0.037176 1 
8387 0.022092 1 
8389 0.024143 0 
8389 0.026527 1 
8390 0.010293 1 
8391 0.010223 1 
8392 0.006637 1 
8390 0.046365 0 
8391 0.035266 0 
8393 0.029141 1 
8392 0.060848 0 
8393 0.045176 0 
8394 0.029016 0 
8394 0.037009 1 
8395 0.020932 1 
8395 0.029377 0 
8396 0.013184 0 
8396 0.021798 1 
8398 0.011728 0 
8399 0.012787 0 
8398 0.037030 1 
8400 0.013524 0 
8401 0.009077 0 
8399 0.046177 1 
8403 0.016080 0 
8405 0.029430 1 
8406 0.020238 1 
8407 0.016301 0 
8407 0.029379 1 
8408 0.025703 1 
8408 0.032955 0 
8411 0.022980 0 
8412 0.011730 0 
8412 0.021966 1 
8413 0.020014 0 
8414 0.036417 0 
8413 0.055414 1 
8414 0.039238 1 
8415 0.023120 1 
8416 0.006975 1 
8417 0.013923 1 
8418 0.015606 1 
8415 0.068949 0 
8416 0.052805 0 
8417 0.033943 0 
8418 0.033453 0 
8419 0.016932 0 
8419 0.028976 1 
8420 0.013270 1 
8421 0.009454 0 
8421 0.015529 1 
8422 0.010193 1 
8422 0.013492 0 
8424 0.013510 0 
8424 0.023551 1 
8426 0.014150 0 
8427 0.012189 0 
8426 0.041848 1 
8427 0.024252 1 
8428 0.012034 0 
8428 0.017442 1 
8429 0.014725 1 
8429 0.030806 0 
8430 0.014658 0 
8431 0.007059 0 
8430 0.037744 1 
8431 0.021494 1 
8432 0.006726 0 
8432 0.028374 1 
8434 0.009594 1 
8434 0.026538 0 
8435 0.010325 0 
8436 0.013317 0 
8435 0.031579 1 
8436 0.015426 1 
8437 0.012482 0 
8437 0.023802 1 
8438 0.018483 0 
8439 0.015462 0 
8440 0.007928 0 
8438 0.047951 1 
8439 0.031891 1 
8441 0.009433 0 
8442 0.013342 1 
8442 0.013384 0 
8443 0.022208 0 
8443 0.022794 1 
8444 0.006611 1 
8444 0.026010 0 
8445 0.024556 1 
8446 0.018086 1 
8445 0.044732 0 
8446 0.027487 0 
8447 0.023365 1 
8447 0.032028 0 
8448 0.015905 0 
8450 0.032624 0 
8451 0.016593 0 
8452 0.012659 0 
8450 0.054690 1 
8451 0.038719 1 
8452 0.022668 1 
8453 0.017550 0 
8453 0.024557 1 
8454 0.013204 1 
8454 0.020271 0 
8455 0.021681 0 
8456 0.029087 0 
8455 0.051914 1 
8456 0.036061 1 
8457 0.022023 0 
8458 0.014679 0 
8457 0.036637 1 
8458 0.020140 1 
8459 0.021937 1 
8461 0.030556 1 
8461 0.031824 0 
8463 0.015317 0 
8463 0.025445 1 
8464 0.010002 1 
8465 0.011981 1 
8464 0.029305 0 
8466 0.008531 1 
8466 0.020875 0 
8467 0.020535 0 
8468 0.013261 0 
8467 0.035875 1 
8468 0.019787 1 
8469 0.023998 1 
8469 0.027630 0 
8471 0.025449 0 
8471 0.026816 1 
8472 0.023163 1 
8472 0.045751 0 
8473 0.029652 0 
8474 0.017680 1 
8474 0.021816 0 
8476 0.018552 1 
8476 0.019099 0 
8478 0.011894 0 
8479 0.013244 0 
8480 0.005240 0 
8478 0.040570 1 
8479 0.061924 1 
8480 0.045841 1 
8482 0.019889 0 
8483 0.020473 0 
8484 0.009742 0 
8482 0.045470 1 
8483 0.029775 1 
8484 0.016996 1 
8486 0.009003 0 
8486 0.022097 1 
8487 0.015892 1 
8487 0.041245 0 
8488 0.025104 0 
8489 0.008899 0 
8488 0.025625 1 
8490 0.012083 1 
8490 0.017096 0 
8491 0.011412 1 
8491 0.027653 0 
8492 0.016118 0 
8493 0.013241 0 
8494 0.018123 0 
8493 0.041286 1 
8494 0.025115 1 
8495 0.008869 1 
8495 0.010696 0 
8496 0.009182 1 
8497 0.007378 1 
8496 0.030977 0 
8497 0.014957 0 
8498 0.015232 0 
8499 0.014917 0 
8498 0.040450 1 
8499 0.024345 1 
8500 0.020862 1 
8500 0.035333 0 
8501 0.019198 0 
8501 0.025265 1 
8502 0.012962 0 
8502 0.031111 1 
8503 0.015002 1 
8505 0.027064 0 
8506 0.010922 0 
8505 0.042683 1 
8507 0.011758 0 
8507 0.019995 1 
8508 0.020955 1 
8509 0.009337 1 
8508 0.038703 0 
8509 0.022340 0 
8510 0.015789 1 
8510 0.042779 0 
8511 0.026621 0 
8513 0.010200 0 
8513 0.032163 1 
8514 0.017789 1 
8514 0.020164 0 
8515 0.011662 0 
8516 0.017488 0 
8517 0.009814 0 
8518 0.011795 0 
8519 0.019883 0 
8520 0.014591 0 
8521 0.022221 0 
8522 0.014670 0 
8523 0.015855 0 
8524 0.016381 0 
8526 0.005345 0 
8527 0.014730 0 
8528 0.023202 0 
8529 0.059951 0 
8530 0.043756 0 
8531 0.073080 0 
8532 0.056961 0 
8534 0.024682 0 
8535 0.029876 0 
8536 0.010598 0 
8537 0.030774 0 
8539 0.009600 0 
8540 0.008539 0 
8541 0.011312 0 
8542 0.014878 0 
8544 0.024641 0 
8545 0.011662 0 
8546 0.045518 0 
8547 0.029425 0 
8548 0.021826 0 
8549 0.011725 0 
8551 0.013383 0 
8552 0.016177 0 
8553 0.028244 0 
8554 0.029469 0 
8555 0.013358 0 
8556 0.011997 0 
8557 0.017294 0 
8558 0.007059 0 
8559 0.007678 0 
8561 0.008544 0 
8562 0.026892 0 
8563 0.013754 0 
8564 0.041709 0 
8565 0.025518 0 
8566 0.021067 0 
8567 0.011637 0 
8568 0.007132 0 
8569 0.015075 0 
8570 0.012829 0 
8571 0.017403 0 
8572 0.019966 0 
8573 0.019725 0 
8574 0.015349 0 
8575 0.012033 0 
8576 0.013222 0 
8577 0.017557 0 
8578 0.020988 0 
8579 0.033545 0 
8580 0.017416 0 
8581 0.011945 0 
8582 0.020109 0 
8583 0.026614 0 
8584 0.023507 0 
8585 0.039117 0 
8586 0.043656 0 
8588 0.027447 0 
8589 0.026477 0 
8590 0.010930 0 
8591 0.034154 0 
8592 0.043720 0 
8593 0.027653 0 
8594 0.026478 0 
8595 0.010321 0 
8597 0.038242 0 
8598 0.021928 0 
8599 0.017900 0 
8600 0.027186 0 
8602 0.021164 0 
8604 0.017923 0 
8605 0.030614 0 
8606 0.021333 0 
8607 0.027464 0 
8610 0.020344 0 
8611 0.009433 0 
8612 0.053660 0 
8613 0.037710 0 
8614 0.021529 0 
8615 0.035323 0 
8616 0.019051 0 
8617 0.031765 0 
8618 0.024180 0 
8619 0.012957 0 
8620 0.016030 0 
8621 0.013730 0 
8623 0.027591 0 
8625 0.041487 0 
8626 0.025445 0 
8627 0.009352 0 
8628 0.024332 0 
8629 0.024003 0 
8630 0.012404 0 
8631 0.015634 0 
8633 0.013139 0 
8634 0.028347 0 
8635 0.012127 0 
8636 0.010672 0 
8637 0.024321 0 
8638 0.026670 0 
8639 0.010720 0 
8640 0.014282 0 
8641 0.020367 0 
8642 0.016126 0 
8643 0.008975 0 
8644 0.016440 0 
8645 0.013513 0 
8646 0.009711 0 
8647 0.023772 0 
8649 0.031618 0 
8650 0.020878 0 
8651 0.031825 0 
8652 0.023309 0 
8653 0.007239 0 
8654 0.035429 0 
8655 0.027677 0 
8656 0.011395 0 
8657 0.018686 0 
8658 0.020402 0 
8660 0.021505 0 
8662 0.022711 0 
8663 0.022736 0 
8664 0.006614 0 
8665 0.009559 0 
8666 0.013777 0 
8667 0.047809 0 
8668 0.031517 0 
8670 0.026668 0 
8671 0.010484 0 
8672 0.027197 0 
8673 0.020450 0 
8675 0.043127 0 
8677 0.038842 0 
8678 0.022659 0 
8679 0.016078 0 
8681 0.027271 0 
8682 0.010890 0 
8683 0.047476 0 
8685 0.023827 0 
8686 0.039526 0 
8687 0.023411 0 
8688 0.018370 0 
8689 0.021708 0 
8690 0.033509 0 
8691 0.022832 0 
8692 0.012429 0 
8693 0.043916 0 
8694 0.027916 0 
8695 0.011790 0 
8696 0.009610 0 
8697 0.035575 0 
8698 0.019462 0 
8699 0.014314 0 
8700 0.029158 0 
8701 0.013102 0 
8702 0.031975 0 
8704 0.038962 0 
8705 0.014919 0 
8706 0.026554 0 
8707 0.010578 0 
8708 0.014446 0 
8709 0.022438 0 
8710 0.011535 0 
8712 0.025325 0 
8713 0.048856 0 
8714 0.032046 0 
8715 0.020853 0 
8716 0.033396 0 
8717 0.017421 0 
8718 0.029003 0 
8719 0.012401 0 
8720 0.015072 0 
8721 0.009278 0 
8722 0.032498 0 
8723 0.041558 0 
8725 0.024477 0 
8726 0.018895 0 
8727 0.016113 0 
8728 0.024351 0 
8729 0.008210 0 
8730 0.020808 0 
8731 0.016819 0 
8733 0.014506 0 
8734 0.016907 0 
8735 0.014681 0 
8736 0.032347 0 
8738 0.025394 0 
8739 0.035892 0 
8740 0.019753 0 
8741 0.016320 0 
8743 0.011348 0 
8744 0.011943 0 
8745 0.019174 0 
8746 0.046470 0 
8747 0.029955 0 
8748 0.013797 0 
8750 0.012226 0 
8751 0.009620 0 
8752 0.013345 0 
8753 0.018682 0 
8754 0.010426 0 
8755 0.014781 0 
8756 0.027996 0 
8757 0.054464 0 
8758 0.038404 0 
8760 0.015471 0 
8761 0.024399 0 
8762 0.007537 0 
8763 0.011621 0 
8764 0.011374 0 
8765 0.015337 0 
8766 0.023438 0 
8767 0.031564 0 
8768 0.028685 0 
8769 0.012691 0 
8770 0.037629 0 
8771 0.021412 0 
8772 0.023779 0 
8773 0.038045 0 
8774 0.028801 0 
8775 0.013033 0 
8776 0.033973 0 
8777 0.027979 0 
8778 0.011677 0 
8779 0.031193 0 
8780 0.015098 0 
8781 0.036519 0 
8782 0.019898 0 
8783 0.030627 0 
8784 0.014529 0 
8785 0.015952 0 
8787 0.024802 0 
8788 0.024420 0 
8789 0.008161 0 
8790 0.037244 0 
8791 0.021162 0 
8792 0.040241 0 
8793 0.024439 0 
8794 0.014633 0 
8796 0.067543 0 
8797 0.051121 0 
8798 0.034986 0 
8799 0.017145 0 
8801 0.037867 0 
8803 0.017657 0 
8804 0.045214 0 
8805 0.028850 0 
8806 0.015602 0 
8809 0.031018 0 
8810 0.023651 0 
8811 0.019539 0 
8812 0.032422 0 
8813 0.011363 0 
8814 0.027611 0 
8815 0.010965 0 
8816 0.020595 0 
8817 0.014858 0 
8818 0.028374 0 
8819 0.012127 0 
8820 0.017260 0 
8822 0.012447 0 
8824 0.030717 0 
8825 0.014450 0 
8826 0.007897 0 
8827 0.020446 0 
8828 0.014981 0 
8829 0.011616 0 
8830 0.014750 0 
8832 0.028918 0 
8833 0.032196 0 
8834 0.015957 0 
8835 0.010682 0 
8836 0.007874 0 
8837 0.008876 0 
8838 0.025537 0 
8839 0.021384 0 
8840 0.007926 0 
8841 0.015915 0 
8842 0.011617 0 
8843 0.013613 0 
8844 0.039111 0 
8845 0.022974 0 
8846 0.006805 0 
8848 0.013372 0 
8849 0.021558 0 
8850 0.030053 0 
8851 0.017942 0 
8852 0.016343 0 
8853 0.028320 0 
8854 0.012180 0 
8855 0.023725 0 
8856 0.010613 0 
8857 0.014412 0 
8859 0.029054 0 
8861 0.013091 0 
8862 0.008976 0 
8863 0.005518 0 
8864 0.038769 0 
8865 0.022613 0 
8866 0.034072 0 
8867 0.017902 0 
8869 0.024372 0 
8870 0.008291 0 
8871 0.023410 0 
8872 0.006362 0 
8874 0.025219 0 
8876 0.016912 0 
8877 0.013306 0 
8878 0.009150 0 
8880 0.010439 0 
8881 0.012933 0 
8882 0.015271 0 
8884 0.016901 0 
8885 0.023844 0 
8886 0.007710 0 
8887 0.029548 0 
8888 0.013422 0 
8889 0.016570 0 
8890 0.028856 0 
8891 0.012775 0 
8892 0.037360 0 
8893 0.026731 0 
8894 0.018038 0 
8895 0.004333 0 
8896 0.021858 0 
8897 0.010308 0 
8898 0.047389 0 
8899 0.031095 0 
8900 0.014941 0 
8901 0.010321 0 
8903 0.013938 0 
8904 0.008945 0 
8905 0.016533 0 
8906 0.010029 0 
8907 0.009460 0 
8908 0.011876 0 
8909 0.034720 0 
8911 0.015619 0 
8912 0.011985 0 
8913 0.043652 0 
8914 0.027286 0 
8915 0.009455 0 
8916 0.028208 0 
8917 0.012084 0 
8918 0.029446 0 
8919 0.013188 0 
8920 0.012156 0 
8921 0.009247 0 
8922 0.023643 0 
8924 0.027373 0 
8925 0.023736 0 
8926 0.015609 0 
8927 0.023767 0 
8928 0.026107 0 
8929 0.009673 0 
8930 0.024628 0 
8932 0.011534 0 
8933 0.033343 0 
8934 0.030787 0 
8935 0.029454 0 
8937 0.009608 0 
8938 0.010047 0 
8939 0.018166 0 
8940 0.016917 0 
8942 0.020132 0 
8943 0.019718 0 
8944 0.028875 0 
8945 0.020012 0 
8946 0.012712 0 
8947 0.020832 0 
8949 0.009941 0 
8950 0.026786 0 
8951 0.010603 0 
8952 0.036394 0 
8953 0.020281 0 
8954 0.020255 0 
8955 0.019796 0 
8956 0.012048 0 
8957 0.018385 0 
8959 0.022086 0 
8960 0.025327 0 
8961 0.009228 0 
8962 0.015482 0 
8963 0.012159 0 
8964 0.020376 0 
8965 0.013594 0 
8965 0.020488 1 
8966 0.011726 0 
8966 0.014812 1 
8967 0.025852 1 
8967 0.029413 0 
8968 0.013096 0 
8969 0.019817 0 
8969 0.024631 1 
8970 0.014369 1 
8971 0.016212 1 
8970 0.033789 0 
8972 0.005700 1 
8971 0.025293 0 
8972 0.008977 0 
8973 0.006608 1 
8973 0.034818 0 
8974 0.018374 0 
8975 0.017033 0 
8974 0.046853 1 
8975 0.031018 1 
8976 0.024351 0 
8976 0.025846 1 
8977 0.009754 1 
8977 0.015917 0 
8978 0.014201 1 
8978 0.020067 0 
8979 0.027977 1 
8979 0.043407 0 
8980 0.027343 0 
8981 0.011178 0 
8980 0.040135 1 
8982 0.011783 0 
8982 0.018404 1 
8983 0.007808 1 
8983 0.012304 0 
8984 0.013235 1 
8986 0.020017 0 
8987 0.009865 0 
8986 0.035263 1 
8988 0.013720 0 
8987 0.030125 1 
8988 0.026774 1 
8989 0.016078 0 
8989 0.017274 1 
8990 0.017784 1 
8990 0.019223 0 
8991 0.016295 1 
8991 0.028140 0 
8992 0.012294 0 
8993 0.011981 0 
8992 0.030490 1 
8993 0.034452 1 
8995 0.014417 0 
8995 0.021141 1 
8996 0.012850 0 
8997 0.018976 0 
8998 0.017663 0 
9000 0.015811 0 
9002 0.007846 1 
9002 0.013921 0 
9003 0.007919 1 
9003 0.017203 0 
9004 0.035029 1 
9005 0.029300 1 
9004 0.054400 0 
9005 0.038096 0 
9008 0.046109 0 
9008 0.051442 1 
9009 0.039936 0 
9009 0.058773 1 
9010 0.047276 0 
9011 0.031136 0 
9012 0.014964 0 
9010 0.054564 1 
9013 0.011764 0 
9014 0.019942 0 
9015 0.018486 0 
9016 0.014130 0 
9011 0.102749 1 
9012 0.086570 1 
9013 0.070428 1 
9014 0.054305 1 
9015 0.038190 1 
9017 0.011760 0 
9018 0.026400 0 
9019 0.013567 0 
9016 0.066999 1 
9017 0.050889 1 
9018 0.031668 1 
9019 0.015396 1 
9021 0.025531 0 
9021 0.038404 1 
9023 0.028485 0 
9024 0.012419 0 
9023 0.035902 1 
9024 0.019811 1 
9025 0.016002 0 
9025 0.023510 1 
9026 0.017658 0 
9026 0.036562 1 
9027 0.015152 1 
9028 0.008390 1 
9027 0.028645 0 
9028 0.012296 0 
9029 0.014767 0 
9029 0.034951 1 
9031 0.011419 0 
9031 0.021314 1 
9032 0.017218 0 
9033 0.012848 1 
9033 0.017151 0 
9034 0.016535 1 
9034 0.021661 0 
9035 0.021711 1 
9035 0.037725 0 
9036 0.021617 0 
9037 0.005461 0 
9036 0.031988 1 
9038 0.013535 0 
9037 0.032454 1 
9039 0.014288 1 
9039 0.021789 0 
9040 0.015750 0 
9041 0.037331 0 
9042 0.021170 0 
9043 0.013088 0 
9044 0.017614 0 
9045 0.018923 0 
9047 0.032820 0 
9048 0.039367 0 
9049 0.023230 0 
9050 0.017287 0 
9051 0.018417 0 
9052 0.037558 0 
9053 0.021506 0 
9054 0.008872 0 
9055 0.027990 0 
9056 0.020190 0 
9058 0.024344 0 
9060 0.023141 0 
9061 0.030497 0 
9062 0.019252 0 
9063 0.017733 0 
9064 0.009338 0 
9065 0.054045 0 
9066 0.037494 0 
9068 0.024393 0 
9069 0.008202 0 
9070 0.017601 0 
9071 0.018929 0 
9073 0.029742 0 
9075 0.017497 0 
9076 0.036324 0 
9077 0.020002 0 
9079 0.024646 0 
9080 0.010401 0 
9081 0.015199 0 
9083 0.008909 0 
9084 0.009917 0 
9085 0.025196 0 
9086 0.008965 0 
9087 0.005916 0 
9088 0.014666 0 
9089 0.026810 0 
9090 0.010691 0 
9091 0.012801 0 
9092 0.019684 0 
9093 0.015346 0 
9094 0.029252 0 
9095 0.013256 0 
9096 0.020086 0 
9097 0.019832 0 
9098 0.023576 0 
9099 0.010163 0 
9100 0.027405 0 
9102 0.031495 0 
9103 0.014322 0 
9104 0.014897 0 
9105 0.032850 0 
9106 0.016587 0 
9107 0.027024 0 
9108 0.041967 0 
9110 0.027111 0 
9111 0.010968 0 
9112 0.007903 0 
9113 0.034811 0 
9114 0.020091 0 
9115 0.034417 0 
9116 0.036180 0 
9117 0.022884 0 
9118 0.016585 0 
9119 0.014021 0 
9120 0.024637 0 
9121 0.009647 0 
9123 0.010852 0 
9124 0.012757 0 
9125 0.031701 0 
9126 0.041208 0 
9127 0.025398 0 
9128 0.022176 0 
9129 0.025356 0 
9131 0.020838 0 
9132 0.010924 0 
9133 0.025990 0 
9134 0.013678 0 
9136 0.008070 0 
9137 0.013553 0 
9138 0.013894 0 
9139 0.019131 0 
9141 0.016153 0 
9142 0.014203 0 
9143 0.018841 0 
9144 0.020979 0 
9145 0.015594 0 
9146 0.012568 0 
9148 0.016661 0 
9149 0.033872 0 
9150 0.026677 0 
9151 0.015471 0 
9152 0.013590 0 
9153 0.010831 0 
9154 0.026970 0 
9155 0.010465 0 
9156 0.022058 0 
9158 0.008559 0 
9159 0.043321 0 
9160 0.027092 0 
9161 0.014694 0 
9162 0.019925 0 
9163 0.024451 0 
9164 0.030582 0 
9165 0.014268 0 
9166 0.018237 0 
9167 0.031016 0 
9168 0.014859 0 
9169 0.009715 0 
9170 0.024001 0 
9171 0.019456 0 
9172 0.020296 0 
9173 0.007828 0 
9174 0.007883 0 
9175 0.019673 0 
9176 0.009595 0 
9177 0.014793 0 
9178 0.015200 0 
9179 0.011232 0 
9180 0.017797 0 
9181 0.007961 0 
9182 0.013826 0 
9183 0.021329 0 
9185 0.012012 0 
9186 0.026280 0 
9187 0.021003 0 
9188 0.021426 0 
9189 0.011317 0 
9190 0.010636 0 
9191 0.024508 0 
9192 0.008293 0 
9194 0.030084 0 
9195 0.013796 0 
9196 0.023600 0 
9197 0.007515 0 
9199 0.012471 0 
9201 0.020159 0 
9202 0.014265 0 
9203 0.042193 0 
9204 0.030237 0 
9207 0.019806 0 
9208 0.020128 0 
9209 0.078223 0 
9210 0.062018 0 
9211 0.045800 0 
9212 0.029642 0 
9213 0.017783 0 
9214 0.016881 0 
9215 0.010999 0 
9216 0.013040 0 
9217 0.014088 0 
9218 0.029805 0 
9220 0.031044 0 
9222 0.022027 0 
9223 0.022900 0 
9224 0.012058 0 
9225 0.012790 0 
9226 0.021531 0 
9227 0.013303 0 
9228 0.019148 0 
9230 0.032802 0 
9231 0.015910 0 
9232 0.023034 0 
9233 0.006969 0 
9234 0.021424 0 
9235 0.018507 0 
9236 0.019872 0 
9237 0.010375 0 
9238 0.026960 0 
9239 0.015685 0 
9240 0.022233 0 
9241 0.026495 0 
9242 0.042328 0 
9243 0.026195 0 
9244 0.010019 0 
9246 0.033304 0 
9247 0.016249 0 
9248 0.018662 0 
9249 0.015491 0 
9250 0.023234 0 
9251 0.010598 0 
9252 0.020082 0 
9253 0.057636 0 
9254 0.041061 0 
9255 0.025175 0 
9257 0.032861 0 
9259 0.008304 0 
9260 0.008534 0 
9261 0.037455 0 
9262 0.021451 0 
9263 0.010353 0 
9264 0.010746 0 
9265 0.030756 0 
9267 0.034752 0 
9268 0.018623 0 
9269 0.011806 0 
9270 0.026200 0 
9272 0.030427 0 
9274 0.023324 0 
9275 0.030418 0 
9276 0.014343 0 
9278 0.036955 0 
9279 0.020754 0 
9280 0.024920 0 
9282 0.016129 0 
9283 0.012864 0 
9284 0.014246 0 
9285 0.016803 0 
9286 0.019638 0 
9287 0.010938 0 
9288 0.012726 0 
9289 0.011303 0 
9290 0.028322 0 
9291 0.012180 0 
9292 0.010766 0 
9293 0.015958 0 
9294 0.026511 0 
9295 0.007009 0 
9296 0.020985 0 
9297 0.028300 0 
9298 0.011865 0 
9299 0.010678 0 
9301 0.051129 0 
9302 0.034988 0 
9303 0.018894 0 
9304 0.031722 0 
9305 0.015383 0 
9306 0.016991 0 
9307 0.020886 0 
9309 0.018106 0 
9310 0.014430 0 
9311 0.011018 0 
9312 0.005339 0 
9313 0.014740 0 
9314 0.031095 0 
9315 0.030052 0 
9316 0.013504 0 
9317 0.031102 0 
9318 0.032068 0 
9319 0.015752 0 
9320 0.033393 0 
9322 0.034443 0 
9323 0.024916 0 
9324 0.021532 0 
9325 0.012828 0 
9326 0.011847 0 
9327 0.016577 0 
9328 0.020977 0 
9330 0.014672 0 
9331 0.007869 0 
9332 0.019893 0 
9333 0.032064 0 
9335 0.015566 0 
9336 0.011791 0 
9337 0.035974 0 
9338 0.019538 0 
9340 0.022794 0 
9341 0.013546 0 
9342 0.010061 0 
9343 0.011920 0 
9344 0.022110 0 
9345 0.016158 0 
9347 0.018612 0 
9348 0.025208 0 
9349 0.025649 0 
9350 0.020863 0 
9351 0.018733 0 
9352 0.009471 0 
9353 0.030788 0 
9354 0.032835 0 
9355 0.016760 0 
9357 0.010100 0 
9358 0.008699 0 
9359 0.027112 0 
9360 0.010946 0 
9361 0.011464 0 
9362 0.024153 0 
9363 0.007888 0 
9364 0.017888 0 
9365 0.035925 0 
9366 0.020374 0 
9367 0.023258 0 
9368 0.006861 0 
9369 0.022565 0 
9370 0.016721 0 
9371 0.012972 0 
9372 0.021425 0 
9373 0.014519 0 
9374 0.013929 0 
9375 0.014388 0 
9376 0.030661 0 
9377 0.032330 0 
9378 0.016106 0 
9379 0.011172 0 
9380 0.031395 0 
9381 0.019111 0 
9382 0.023968 0 
9384 0.018152 0 
9385 0.007282 0 
9386 0.021224 0 
9387 0.030880 0 
9388 0.014738 0 
9389 0.033614 0 
9390 0.017582 0 
9391 0.026863 0 
9393 0.042289 0 
9394 0.026110 0 
9395 0.010002 0 
9396 0.013996 0 
9398 0.018108 0 
9400 0.022085 0 
9401 0.028629 0 
9402 0.019166 0 
9403 0.027844 0 
9406 0.024637 0 
9407 0.042053 0 
9408 0.054939 0 
9409 0.047963 0 
9410 0.031703 0 
9411 0.015617 0 
9412 0.020764 0 
9413 0.015454 0 
9414 0.024165 0 
9415 0.008177 0 
9416 0.015900 0 
9417 0.019954 0 
9419 0.019751 0 
9421 0.011505 1 
9422 0.009032 1 
9421 0.026699 0 
9422 0.010567 0 
9423 0.009368 0 
9423 0.023686 1 
9424 0.009722 1 
9424 0.022609 0 
9425 0.010799 0 
9425 0.032182 1 
9426 0.025241 0 
9426 0.028958 1 
9427 0.019381 1 
9429 0.039331 1 
9430 0.023194 1 
9430 0.025826 0 
9431 0.009624 0 
9431 0.017724 1 
9432 0.028937 1 
9433 0.025133 1 
9434 0.016826 0 
9435 0.025109 0 
9436 0.008817 0 
9437 0.017928 0 
9435 0.081377 1 
9436 0.065129 1 
9437 0.049634 1 
9438 0.033079 1 
9439 0.016549 1 
9439 0.017782 0 
9440 0.024772 1 
9441 0.008589 0 
9441 0.032049 1 
9442 0.017189 1 
9443 0.010443 0 
9443 0.054199 1 
9445 0.020190 1 
9445 0.021401 0 
9446 0.032349 0 
9447 0.023030 0 
9446 0.052292 1 
9448 0.026012 0 
9449 0.010119 0 
9450 0.013714 0 
9447 0.069906 1 
9448 0.053739 1 
9449 0.037671 1 
9451 0.011971 0 
9450 0.041104 1 
9451 0.025146 1 
9452 0.011975 0 
9452 0.019434 1 
9453 0.010957 1 
9453 0.012309 0 
9454 0.025247 1 
9456 0.018253 0 
9456 0.031879 1 
9458 0.009673 1 
9458 0.011603 0 
9459 0.015687 0 
9459 0.019510 1 
9460 0.006355 1 
9460 0.021000 0 
9461 0.011071 0 
9462 0.006286 0 
9461 0.041228 1 
9462 0.024566 1 
9463 0.015209 1 
9464 0.009706 1 
9463 0.032800 0 
9464 0.012131 0 
9466 0.008535 0 
9466 0.012020 1 
9467 0.017664 0 
9468 0.023201 0 
9469 0.011224 0 
9467 0.074489 1 
9471 0.012645 0 
9468 0.077862 1 
9469 0.061728 1 
9471 0.029428 1 
9473 0.017353 0 
9474 0.032062 1 
9474 0.032195 0 
9475 0.018563 0 
9475 0.038452 1 
9477 0.034442 0 
9478 0.018268 0 
9477 0.044784 1 
9478 0.028608 1 
9479 0.022373 1 
9479 0.049541 0 
9481 0.017311 0 
9481 0.025966 1 
9482 0.023450 1 
9483 0.007308 1 
9482 0.023547 0 
9483 0.007443 0 
9484 0.017313 0 
9484 0.020875 1 
9485 0.038330 1 
9486 0.022181 1 
9485 0.047778 0 
9486 0.031597 0 
9487 0.025245 0 
9487 0.043997 1 
9488 0.027429 1 
9489 0.012383 1 
9488 0.033653 0 
9489 0.017840 0 
9490 0.016994 1 
9490 0.017247 0 
9491 0.030692 0 
9491 0.031800 1 
9492 0.015494 1 
9492 0.038894 0 
9493 0.022741 0 
9493 0.035046 1 
9494 0.018662 1 
9495 0.028581 1 
9496 0.013815 1 
9497 0.011596 1 
9496 0.042347 0 
9497 0.026700 0 
9498 0.018609 0 
9500 0.048135 0 
9501 0.031827 0 
9502 0.015658 0 
9503 0.030273 0 
9504 0.026723 0 
9505 0.027048 0 
9506 0.028922 0 
9508 0.016659 0 
9509 0.035605 0 
9510 0.028311 0 
9511 0.011999 0 
9512 0.025364 0 
9513 0.051048 0 
9514 0.034089 0 
9515 0.017905 0 
9516 0.035956 0 
9517 0.019834 0 
9518 0.028860 0 
9519 0.012832 0 
9521 0.010185 0 
9522 0.042283 0 
9523 0.026072 0 
9524 0.018655 0 
9525 0.015490 0 
9526 0.029764 0 
9527 0.053133 0 
9529 0.021217 0 
9530 0.029673 0 
9531 0.013470 0 
9532 0.025438 0 
9534 0.022826 0 
9535 0.016429 0 
9536 0.009800 0 
9537 0.011201 0 
9539 0.010832 0 
9540 0.037457 0 
9541 0.021225 0 
9542 0.011999 0 
9543 0.045783 0 
9544 0.029657 0 
9546 0.035288 0 
9547 0.019101 0 
9548 0.012409 0 
9549 0.022418 0 
9550 0.015340 0 
9551 0.017045 0 
9552 0.028005 0 
9553 0.017148 0 
9554 0.013048 0 
9556 0.012253 0 
9557 0.027173 0 
9558 0.011030 0 
9559 0.022285 0 
9560 0.006106 0 
9561 0.014919 0 
9562 0.016783 0 
9563 0.015631 0 
9564 0.015843 0 
9565 0.039100 0 
9566 0.033252 0 
9567 0.017274 0 
9568 0.019358 0 
9569 0.027074 0 
9570 0.010927 0 
9571 0.027551 0 
9572 0.026898 0 
9573 0.010819 0 
9574 0.033123 0 
9575 0.020264 0 
9576 0.010641 0 
9577 0.023885 0 
9578 0.007466 0 
9579 0.026337 0 
9580 0.033038 0 
9581 0.029165 0 
9583 0.018238 0 
9584 0.025931 0 
9585 0.009744 0 
9586 0.021314 0 
9587 0.024205 0 
9588 0.019693 0 
9589 0.015113 0 
9590 0.010964 0 
9592 0.040124 0 
9593 0.023914 0 
9594 0.007723 0 
9595 0.028385 0 
9597 0.011220 0 
9599 0.015604 0 
9600 0.012038 0 
9601 0.040324 0 
9602 0.038426 0 
9605 0.015743 0 
9606 0.017511 0 
9607 0.059030 0 
9608 0.042702 0 
9609 0.026408 0 
9610 0.028850 0 
9611 0.012622 0 
9612 0.018321 0 
9613 0.016001 0 
9614 0.011804 0 
9615 0.013342 0 
9616 0.028657 0 
9618 0.024384 0 
9620 0.026783 0 
9621 0.010827 0 
9622 0.033231 0 
9623 0.016959 0 
9624 0.012122 0 
9625 0.013639 0 
9626 0.017203 0 
9628 0.031199 0 
9629 0.036126 0 
9630 0.019785 0 
9631 0.018316 0 
9632 0.019897 0 
9633 0.011163 0 
9634 0.019156 0 
9635 0.014550 0 
9636 0.009817 0 
9637 0.009921 0 
9638 0.037302 0 
9639 0.021743 0 
9640 0.031618 0 
9641 0.014240 0 
9642 0.027582 0 
9644 0.038325 0 
9645 0.022213 0 
9646 0.017615 0 
9647 0.018294 0 
9648 0.024589 0 
9649 0.006989 0 
9650 0.016637 0 
9651 0.007771 0 
9652 0.013128 0 
9653 0.013999 0 
9655 0.012806 0 
9657 0.043870 0 
9658 0.028122 0 
9659 0.011907 0 
9660 0.010827 0 
9661 0.018051 0 
9662 0.041256 0 
9663 0.025106 0 
9665 0.018266 0 
9666 0.016443 0 
9667 0.016813 0 
9668 0.013244 0 
9670 0.017393 0 
9672 0.022048 0 
9673 0.012416 0 
9674 0.007174 0 
9676 0.018806 0 
9677 0.020076 0 
9678 0.014440 0 
9680 0.007332 0 
9681 0.008110 0 
9682 0.018137 0 
9683 0.017825 0 
9684 0.008893 0 
9685 0.023609 0 
9686 0.011149 0 
9687 0.015952 0 
9688 0.014349 0 
9689 0.038588 0 
9690 0.021768 0 
9691 0.026584 0 
9692 0.010496 0 
9693 0.010540 0 
9694 0.028912 0 
9695 0.022810 0 
9696 0.028044 0 
9697 0.025875 0 
9699 0.022179 0 
9700 0.022759 0 
9701 0.024550 0 
9702 0.008727 0 
9703 0.023575 0 
9704 0.030211 0 
9705 0.014080 0 
9707 0.018357 0 
9708 0.049566 0 
9709 0.033458 0 
9710 0.017236 0 
9711 0.035239 0 
9712 0.019061 0 
9713 0.016134 0 
9714 0.022738 0 
9715 0.017097 0 
9716 0.015931 0 
9717 0.023272 0 
9718 0.007622 0 
9720 0.028056 0 
9721 0.018062 0 
9722 0.031407 0 
9723 0.015239 0 
9724 0.007758 0 
9725 0.015019 0 
9726 0.018815 0 
9728 0.032815 0 
9729 0.035787 0 
9730 0.019992 0 
9731 0.026875 0 
9733 0.016466 0 
9734 0.019170 0 
9735 0.029748 0 
9736 0.013644 0 
9738 0.022973 0 
9739 0.040636 0 
9740 0.024517 0 
9741 0.008343 0 
9742 0.028685 0 
9743 0.012437 0 
9745 0.009560 0 
9746 0.026355 0 
9747 0.044648 0 
9748 0.028557 0 
9749 0.012666 0 
9750 0.012153 0 
9751 0.024961 0 
9752 0.008702 0 
9753 0.021502 0 
9755 0.015971 0 
9756 0.011147 0 
9757 0.018281 0 
9758 0.057889 0 
9759 0.041768 0 
9760 0.025510 0 
9761 0.009159 0 
9762 0.029613 0 
9763 0.019277 0 
9764 0.032902 0 
9765 0.016695 0 
9766 0.023521 0 
9767 0.010954 0 
9768 0.028141 0 
9769 0.011806 0 
9770 0.017468 0 
9771 0.020765 0 
9772 0.010968 0 
9773 0.032238 0 
9774 0.031717 0 
9775 0.015558 0 
9776 0.021752 0 
9777 0.014464 0 
9778 0.011365 0 
9779 0.015931 0 
9780 0.020020 0 
9782 0.016804 0 
9783 0.012032 0 
9784 0.016017 0 
9785 0.013218 0 
9786 0.016631 0 
9787 0.013468 0 
9788 0.049935 0 
9789 0.034052 0 
9791 0.038423 0 
9792 0.022335 0 
9793 0.006225 0 
9794 0.018599 0 
9796 0.008600 0 
9798 0.017260 0 
9799 0.019744 0 
9800 0.058644 0 
9801 0.042530 0 
9804 0.037964 0 
9805 0.021783 0 
9806 0.034465 0 
9807 0.063183 0 
9808 0.047266 0 
9809 0.031130 0 
9810 0.014345 0 
9811 0.019386 0 
9812 0.018816 0 
9813 0.012699 0 
9814 0.022151 0 
9815 0.010970 0 
9817 0.037947 0 
9819 0.060371 0 
9820 0.044315 0 
9821 0.024948 0 
9822 0.008649 0 
9823 0.018504 0 
9824 0.008868 0 
9825 0.009607 0 
9827 0.009382 0 
9828 0.015907 0 
9829 0.010036 0 
9830 0.009391 0 
9831 0.010134 0 
9832 0.011310 0 
9833 0.025121 0 
9834 0.010689 0 
9835 0.009087 0 
9836 0.024645 0 
9837 0.032393 0 
9838 0.016210 0 
9839 0.022358 0 
9840 0.015532 0 
9841 0.010708 0 
9843 0.061550 0 
9844 0.045348 0 
9845 0.028851 0 
9846 0.012934 0 
9847 0.010168 0 
9848 0.007172 0 
9849 0.012809 0 
9850 0.012095 0 
9851 0.015179 0 
9852 0.015400 0 
9854 0.030503 0 
9856 0.034791 0 
9857 0.018204 0 
9858 0.022027 0 
9859 0.012300 0 
9860 0.011369 0 
9861 0.013583 0 
9862 0.025679 0 
9864 0.022743 0 
9865 0.040431 0 
9866 0.022521 0 
9867 0.012954 0 
9869 0.019532 0 
9871 0.015642 1 
9871 0.026544 0 
9872 0.010389 0 
9873 0.008495 1 
9873 0.024134 0 
9875 0.017003 0 
9875 0.030968 1 
9876 0.014727 1 
9876 0.033255 0 
9877 0.017060 0 
9879 0.026081 0 
9880 0.009327 0 
9877 0.072986 1 
9879 0.040666 1 
9881 0.015284 0 
9882 0.014058 0 
9883 0.018974 0 
9884 0.022369 0 
9885 0.011545 0 
9880 0.096848 1 
9881 0.080793 1 
9882 0.064460 1 
9883 0.048522 1 
9884 0.044588 1 
9885 0.028340 1 
9886 0.012036 1 
9886 0.018160 0 
9887 0.009310 0 
9887 0.024438 1 
9888 0.017333 0 
9889 0.012998 0 
9890 0.013548 0 
9891 0.040542 0 
9892 0.024382 0 
9888 0.094976 1 
9889 0.078776 1 
9890 0.062699 1 
9891 0.046678 1 
9892 0.030990 1 
9893 0.017406 0 
9893 0.030280 1 
9894 0.013811 1 
9894 0.019810 0 
9895 0.011416 1 
9895 0.011458 0 
9896 0.011518 1 
9896 0.053530 0 
9898 0.021111 0 
9899 0.028696 0 
9900 0.012561 0 
9901 0.010442 0 
9899 0.052104 1 
9900 0.035902 1 
9901 0.041902 1 
9902 0.025968 1 
9902 0.026081 0 
9903 0.025045 1 
9903 0.029918 0 
9904 0.013680 0 
9904 0.024462 1 
9906 0.020746 0 
9906 0.035524 1 
9907 0.014238 1 
9908 0.021415 1 
9908 0.025607 0 
9909 0.025455 1 
9909 0.029289 0 
9910 0.020813 1 
9911 0.014522 0 
9911 0.027545 1 
9912 0.020752 0 
9912 0.028442 1 
9913 0.014025 0 
9913 0.031311 1 
9914 0.014967 1 
9914 0.016975 0 
9915 0.031567 0 
9915 0.036495 1 
9916 0.020375 1 
9916 0.022087 0 
9917 0.020167 0 
9917 0.034567 1 
9919 0.019253 0 
9920 0.018091 0 
9919 0.047199 1 
9920 0.027327 1 
9921 0.010807 1 
9921 0.029938 0 
9922 0.027094 0 
9923 0.020892 0 
9922 0.041914 1 
9924 0.014729 0 
9924 0.033680 1 
9925 0.017535 1 
9925 0.052988 0 
9927 0.019714 0 
9927 0.031745 1 
9928 0.020850 1 
9929 0.017646 0 
9929 0.019699 1 
9930 0.012554 1 
9930 0.020804 0 
9932 0.007853 1 
9933 0.005918 1 
9933 0.025410 0 
9934 0.015290 0 
9934 0.027322 1 
9935 0.011122 1 
9935 0.013043 0 
9937 0.011590 1 
9938 0.014574 1 
9939 0.011068 1 
9937 0.044707 0 
9938 0.027344 0 
9940 0.010237 1 
9940 0.028568 0 
9941 0.012470 0 
9942 0.012345 0 
9941 0.043953 1 
9942 0.045928 1 
9944 0.023303 1 
9945 0.016168 0 
9945 0.021877 1 
9946 0.013401 0 
9947 0.036214 0 
9948 0.020078 0 
9946 0.063956 1 
9947 0.047777 1 
9948 0.031630 1 
9949 0.018946 0 
9950 0.017246 0 
9951 0.037437 0 
9952 0.021327 0 
9954 0.012047 0 
9955 0.012784 0 
9956 0.025268 0 
9957 0.032715 0 
9958 0.016134 0 
9959 0.032795 0 
9960 0.016649 0 
9961 0.028266 0 
9962 0.012400 0 
9963 0.010572 0 
9964 0.030773 0 
9965 0.040790 0 
9966 0.024661 0 
9967 0.019446 0 
9968 0.030067 0 
9969 0.013994 0 
9970 0.024868 0 
9971 0.014935 0 
9972 0.025980 0 
9973 0.012362 0 
9974 0.041494 0 
9975 0.024519 0 
9976 0.019305 0 
9977 0.012714 0 
9978 0.011824 0 
9979 0.014521 0 
9981 0.013334 0 
9982 0.025678 0 
9983 0.046639 0 
9984 0.024071 0 
9985 0.015599 0 
9986 0.021000 0 
9987 0.021923 0 
9988 0.014544 0 
9990 0.023841 0 
9991 0.010415 0 
9992 0.021972 0 
9993 0.025543 0 
9995 0.020818 0 
9997 0.031529 0 
9998 0.056484 0 
9999 0.034032 0 
10000 0.018071 0 
10003 0.012941 0 
10004 0.012870 0 
10005 0.047054 0 
10006 0.030650 0 
10007 0.014510 0 
10008 0.029199 0 
10009 0.013089 0 
10010 0.010801 0 
10011 0.008945 0 
10012 0.012912 0 
10013 0.026162 0 
10014 0.010222 0 
10016 0.014460 0 
10018 0.015946 0 
10019 0.031471 0 
10020 0.031622 0 
10021 0.013204 0 
10022 0.013262 0 
10023 0.023817 0 
10024 0.016585 0 
10026 0.015472 0 
10027 0.012893 0 
10028 0.011952 0 
10029 0.018896 0 
10030 0.012675 0 
10031 0.009375 0 
10032 0.033624 0 
10033 0.017785 0 
10034 0.005855 0 
10035 0.021012 0 
10036 0.018270 0 
10037 0.022008 0 
10038 0.018099 0 
10039 0.015702 0 
10040 0.029114 0 
10042 0.048095 0 
10043 0.030962 0 
10044 0.028714 0 
10045 0.012524 0 
10046 0.005253 0 
10047 0.010594 0 
10048 0.011310 0 
10049 0.007911 0 
10050 0.015716 0 
10051 0.020680 0 
10053 0.009831 0 
10055 0.045346 0 
10056 0.029187 0 
10057 0.013122 0 
10058 0.015351 0 
10059 0.031324 0 
10060 0.030669 0 
10061 0.014483 0 
10063 0.017002 0 
10064 0.014981 0 
10065 0.039923 0 
10066 0.023470 0 
10068 0.025126 0 
10070 0.031109 0 
10071 0.015030 0 
10072 0.008840 0 
10074 0.008711 0 
10075 0.023823 0 
10076 0.022592 0 
10078 0.024420 0 
10079 0.008407 0 
10080 0.012240 0 
10081 0.026484 0 
10082 0.010350 0 
10083 0.012717 0 
10084 0.039569 0 
10085 0.023429 0 
10086 0.008640 0 
10087 0.026397 0 
10088 0.010277 0 
10089 0.011042 0 
10090 0.031633 0 
10091 0.023468 0 
10092 0.040420 0 
10093 0.024560 0 
10094 0.015277 0 
10095 0.016169 0 
10097 0.048090 0 
10098 0.032459 0 
10099 0.023523 0 
10100 0.007466 0 
10101 0.029417 0 
10102 0.056932 0 
10103 0.040812 0 
10105 0.037518 0 
10106 0.021547 0 
10107 0.011045 0 
10108 0.020824 0 
10109 0.025130 0 
10110 0.036088 0 
10111 0.019915 0 
10112 0.018285 0 
10113 0.008475 0 
10114 0.024340 0 
10115 0.008178 0 
10116 0.008578 0 
10118 0.029504 0 
10119 0.022913 0 
10120 0.008377 0 
10121 0.035932 0 
10122 0.019867 0 
10123 0.013226 0 
10124 0.014635 0 
10126 0.016016 0 
10127 0.007220 0 
10128 0.009192 0 
10129 0.032032 0 
10131 0.013216 0 
10132 0.014418 0 
10133 0.013908 0 
10134 0.011044 0 
10136 0.012486 0 
10137 0.027857 0 
10138 0.011790 0 
10139 0.024098 0 
10140 0.022238 0 
10141 0.005476 0 
10143 0.015249 0 
10144 0.027256 0 
10145 0.021889 0 
10146 0.011067 0 
10147 0.016973 0 
10148 0.025855 0 
10149 0.009691 0 
10150 0.017797 0 
10151 0.019301 0 
10153 0.028621 0 
10154 0.023165 0 
10155 0.026809 0 
10156 0.020509 0 
10157 0.017198 0 
10158 0.018112 0 
10159 0.007806 0 
10160 0.015120 0 
10161 0.018883 0 
10162 0.037059 0 
10163 0.020937 0 
10164 0.011295 0 
10165 0.028681 0 
10166 0.011663 0 
10167 0.024651 0 
10168 0.020530 0 
10169 0.010745 0 
10170 0.007286 0 
10171 0.017727 0 
10172 0.015257 0 
10173 0.025650 0 
10174 0.025570 0 
10175 0.014563 0 
10176 0.021089 0 
10177 0.010432 0 
10178 0.025597 0 
10180 0.011479 0 
10181 0.045815 0 
10182 0.029680 0 
10183 0.013561 0 
10184 0.038585 0 
10185 0.022417 0 
10186 0.006270 0 
10187 0.039310 0 
10189 0.031674 0 
10190 0.015422 0 
10191 0.016112 0 
10192 0.009066 0 
10194 0.023648 0 
10196 0.026081 0 
10197 0.035336 0 
10198 0.053561 0 
10199 0.037350 0 
10202 0.024716 0 
10203 0.011198 0 
10204 0.078090 0 
10205 0.059804 0 
10206 0.043602 0 
10207 0.027418 0 
10208 0.015408 0 
10209 0.016590 0 
10210 0.013627 0 
10211 0.052132 0 
10212 0.035923 0 
10213 0.019884 0 
10215 0.018800 0 
10217 0.013923 0 
10218 0.018127 0 
10219 0.023869 0 
10220 0.033237 0 
10221 0.017180 0 
10222 0.014619 0 
10223 0.027032 0 
10225 0.012289 0 
10226 0.031727 0 
10227 0.015379 0 
10228 0.017461 0 
10229 0.021595 0 
10230 0.009570 0 
10231 0.015519 0 
10232 0.009079 0 
10233 0.006184 0 
10234 0.018644 0 
10235 0.021336 0 
10236 0.015876 0 
10237 0.034425 0 
10238 0.026124 0 
10239 0.010089 0 
10241 0.048841 0 
10242 0.032769 0 
10243 0.016636 0 
10244 0.030661 0 
10245 0.027192 0 
10246 0.011143 0 
10247 0.026076 0 
10248 0.018234 0 
10249 0.012845 0 
10250 0.018682 0 
10252 0.023067 0 
10254 0.008974 0 
10255 0.028409 0 
10256 0.012286 0 
10257 0.028719 0 
10258 0.018204 0 
10259 0.032115 0 
10260 0.017056 0 
10262 0.050003 0 
10263 0.034593 0 
10264 0.018481 0 
10265 0.024230 0 
10267 0.028581 0 
10269 0.022114 0 
10270 0.009260 0 
10271 0.018858 0 
10273 0.010104 0 
10274 0.027630 0 
10275 0.011574 0 
10277 0.016838 0 
10278 0.014213 0 
10279 0.019056 0 
10280 0.039142 0 
10281 0.022980 0 
10282 0.027865 0 
10283 0.011506 0 
10284 0.017179 0 
10285 0.019108 0 
10286 0.020697 0 
10287 0.028659 0 
10288 0.012613 0 
10289 0.020762 0 
10290 0.009907 0 
10291 0.027235 0 
10292 0.024340 0 
10293 0.013900 0 
10294 0.042593 0 
10296 0.010304 0 
10297 0.010121 0 
10298 0.031980 0 
10299 0.015892 0 
10300 0.035865 0 
10301 0.042211 0 
10302 0.025999 0 
10304 0.023750 0 
10305 0.014528 0 
10306 0.083052 0 
10307 0.066643 0 
10308 0.050406 0 
10309 0.033433 0 
10310 0.031466 0 
10311 0.020905 0 
10312 0.040218 0 
10313 0.024130 0 
10314 0.010151 0 
10315 0.023194 0 
10317 0.020896 0 
10318 0.026508 0 
10319 0.010356 0 
10320 0.029631 0 
10321 0.013612 0 
10322 0.024282 0 
10323 0.011723 0 
10325 0.021084 0 
10326 0.022453 0 
10327 0.028773 0 
10328 0.018707 0 
10328 0.031906 1 
10330 0.020406 0 
10331 0.010779 0 
10330 0.032722 1 
10331 0.027454 1 
10332 0.021103 0 
10332 0.032923 1 
10333 0.025242 0 
10333 0.037160 1 
10335 0.016464 0 
10336 0.025068 1 
10337 0.022803 1 
10337 0.032410 0 
10338 0.022861 0 
10338 0.027076 1 
10339 0.014223 0 
10340 0.026253 0 
10342 0.020201 0 
10343 0.015695 0 
10339 0.101403 1 
10340 0.085329 1 
10342 0.052834 1 
10343 0.039467 1 
10344 0.023290 1 
10344 0.028409 0 
10345 0.012312 0 
10345 0.046759 1 
10346 0.030504 1 
10347 0.011501 1 
10348 0.011800 0 
10348 0.021049 1 
10349 0.013977 0 
10350 0.010555 0 
10352 0.014665 0 
10353 0.031363 0 
10354 0.015082 0 
10352 0.050817 1 
10354 0.028055 1 
10355 0.011919 1 
10355 0.024636 0 
10356 0.008568 0 
10356 0.028238 1 
10357 0.031721 0 
10358 0.015639 0 
10357 0.066819 1 
10358 0.050888 1 
10359 0.034522 1 
10360 0.033936 0 
10361 0.046455 0 
10362 0.030179 0 
10363 0.014070 0 
10364 0.013122 0 
10360 0.085726 1 
10361 0.069198 1 
10365 0.019960 0 
10362 0.088798 1 
10363 0.073312 1 
10364 0.056995 1 
10365 0.040898 1 
10366 0.024725 1 
10366 0.028828 0 
10367 0.012370 0 
10368 0.012998 0 
10367 0.032419 1 
10368 0.016273 1 
10369 0.025129 1 
10370 0.031966 1 
10371 0.015808 1 
10369 0.054378 0 
10371 0.021982 0 
10372 0.008641 0 
10373 0.017563 0 
10372 0.038405 1 
10373 0.022157 1 
10374 0.019554 1 
10374 0.028675 0 
10375 0.012710 0 
10376 0.010994 0 
10377 0.010317 0 
10376 0.039718 1 
10377 0.025117 1 
10379 0.020423 0 
10380 0.010056 0 
10379 0.031063 1 
10380 0.028123 1 
10381 0.020690 1 
10381 0.032784 0 
10382 0.016597 0 
10383 0.014073 0 
10384 0.008951 0 
10383 0.043712 1 
10384 0.027816 1 
10385 0.019543 1 
10386 0.014968 1 
10386 0.045416 0 
10388 0.015451 1 
10388 0.031792 0 
10389 0.015667 0 
10389 0.037352 1 
10390 0.021661 0 
10391 0.012254 0 
10393 0.017138 0 
10395 0.012067 0 
10395 0.027477 1 
10396 0.012771 1 
10396 0.033863 0 
10397 0.019354 0 
10397 0.029860 1 
10398 0.013561 1 
10398 0.017787 0 
10401 0.024426 0 
10402 0.027381 0 
10403 0.056540 0 
10404 0.040182 0 
10405 0.032420 0 
10406 0.016373 0 
10407 0.022349 0 
10408 0.028770 0 
10409 0.013123 0 
10410 0.007942 0 
10411 0.017748 0 
10412 0.011952 0 
10414 0.028836 0 
10416 0.014526 0 
10417 0.012890 0 
10418 0.049865 0 
10419 0.033768 0 
10420 0.017477 0 
10421 0.017316 0 
10422 0.011812 0 
10424 0.050662 0 
10425 0.048118 0 
10426 0.040961 0 
10427 0.024718 0 
10428 0.008561 0 
10429 0.033062 0 
10430 0.016968 0 
10431 0.021467 0 
10432 0.013645 0 
10433 0.014088 0 
10434 0.020611 0 
10435 0.011660 0 
10436 0.024523 0 
10437 0.008085 0 
10438 0.014759 0 
10440 0.022486 0 
10441 0.034104 0 
10442 0.017965 0 
10443 0.019641 0 
10444 0.015168 0 
10445 0.037024 0 
10446 0.019071 0 
10447 0.028538 0 
10448 0.012033 0 
10449 0.020030 0 
10451 0.019987 0 
10453 0.038443 0 
10454 0.022225 0 
10455 0.011165 0 
10456 0.018179 0 
10457 0.037009 0 
10458 0.020905 0 
10459 0.007250 0 
10461 0.024750 0 
10462 0.031956 0 
10463 0.039554 0 
10464 0.031907 0 
10466 0.012598 0 
10468 0.041825 0 
10469 0.025742 0 
10470 0.019540 0 
10472 0.026208 0 
10473 0.010210 0 
10474 0.047486 0 
10476 0.028004 0 
10477 0.011666 0 
10478 0.015528 0 
10479 0.015751 0 
10480 0.021347 0 
10481 0.008584 0 
10482 0.014910 0 
10483 0.017066 0 
10484 0.013245 0 
10485 0.015326 0 
10486 0.019740 0 
10487 0.022658 0 
10488 0.019848 0 
10489 0.015642 0 
10490 0.020317 0 
10491 0.021473 0 
10492 0.024208 0 
10493 0.018911 0 
10495 0.027260 0 
10496 0.014568 0 
10497 0.012840 0 
10498 0.023206 0 
10499 0.012693 0 
10500 0.037770 0 
10501 0.021631 0 
10503 0.012064 0 
10504 0.025115 0 
10505 0.014426 0 
10506 0.011363 0 
10507 0.012010 0 
10508 0.015229 0 
10509 0.020368 0 
10510 0.021183 0 
10511 0.016102 0 
10512 0.023658 0 
10513 0.019184 0 
10514 0.026333 0 
10516 0.020059 0 
10517 0.042251 0 
10518 0.026149 0 
10519 0.022718 0 
10520 0.047719 0 
10521 0.031785 0 
10522 0.015642 0 
10524 0.006164 0 
10525 0.023655 0 
10526 0.016419 0 
10527 0.026535 0 
10529 0.024187 0 
10530 0.022003 0 
10531 0.037666 0 
10532 0.020995 0 
10534 0.012214 0 
10535 0.038527 0 
10536 0.022467 0 
10537 0.034500 0 
10538 0.018432 0 
10539 0.007089 0 
10541 0.023452 0 
10542 0.007402 0 
10543 0.070722 0 
10544 0.054571 0 
10545 0.038382 0 
10546 0.022227 0 
10547 0.024132 0 
10548 0.024128 0 
10549 0.007795 0 
10551 0.040560 0 
10552 0.024480 0 
10553 0.020214 0 
10554 0.029036 0 
10555 0.021016 0 
10556 0.020139 0 
10557 0.009923 0 
10558 0.014777 0 
10559 0.008151 0 
10560 0.010260 0 
10561 0.007767 0 
10562 0.011376 0 
10563 0.014504 0 
10564 0.016263 0 
10565 0.014320 0 
10566 0.010723 0 
10567 0.015227 0 
10568 0.025197 0 
10569 0.017020 0 
10570 0.013304 0 
10571 0.016210 0 
10572 0.024518 0 
10573 0.013703 0 
10574 0.007029 0 
10575 0.019530 0 
10576 0.007072 0 
10578 0.011920 0 
10579 0.028411 0 
10580 0.012118 0 
10581 0.020041 0 
10582 0.018665 0 
10583 0.018834 0 
10584 0.014614 0 
10585 0.048093 0 
10587 0.017651 0 
10588 0.018602 0 
10589 0.006983 0 
10590 0.009600 0 
10592 0.020125 0 
10594 0.014202 0 
10595 0.023136 0 
10596 0.028338 0 
10597 0.015053 0 
10600 0.012320 0 
10601 0.016833 0 
10602 0.050160 0 
10603 0.033944 0 
10604 0.017578 0 
10605 0.026319 0 
10606 0.027348 0 
10607 0.016405 0 
10608 0.016358 0 
10609 0.008768 0 
10610 0.012553 0 
10611 0.014740 0 
10613 0.024641 0 
10615 0.020844 0 
10616 0.015309 0 
10617 0.029611 0 
10618 0.025411 0 
10619 0.009255 0 
10620 0.011649 0 
10621 0.027646 0 
10623 0.012298 0 
10624 0.018345 0 
10625 0.011633 0 
10626 0.009967 0 
10627 0.014995 0 
10628 0.007968 0 
10629 0.011315 0 
10630 0.025010 0 
10631 0.023262 0 
10632 0.023848 0 
10633 0.015068 0 
10634 0.019844 0 
10635 0.020735 0 
10636 0.009434 0 
10637 0.035735 0 
10639 0.030506 0 
10640 0.019667 0 
10641 0.039491 0 
10642 0.050870 0 
10643 0.034842 0 
10644 0.014338 0 
10645 0.029216 0 
10646 0.013069 0 
10647 0.009799 0 
10648 0.019215 0 
10650 0.022471 0 
10652 0.017025 0 
10653 0.023245 0 
10654 0.022157 0 
10655 0.022618 0 
10656 0.006543 0 
10657 0.028933 0 
10658 0.031389 0 
10660 0.014392 0 
10661 0.016844 0 
10662 0.013874 0 
10663 0.034292 0 
10665 0.020758 0 
10667 0.030879 0 
10668 0.016894 0 
10669 0.017332 0 
10671 0.023992 0 
10672 0.020558 0 
10673 0.015544 0 
10675 0.012921 0 
10676 0.015152 0 
10677 0.027483 0 
10678 0.011281 0 
10679 0.020166 0 
10680 0.020626 0 
10681 0.015803 0 
10682 0.025817 0 
10683 0.009485 0 
10684 0.012545 0 
10685 0.022435 0 
10686 0.022508 0 
10687 0.018568 0 
10688 0.035206 0 
10689 0.019041 0 
10690 0.041328 0 
10691 0.022154 0 
10692 0.018244 0 
10694 0.022958 0 
10695 0.006899 0 
10696 0.017100 0 
10697 0.043487 0 
10698 0.027400 0 
10699 0.016906 0 
10700 0.024455 0 
10702 0.019017 0 
10703 0.012884 0 
10704 0.016514 0 
10705 0.062059 0 
10706 0.045892 0 
10707 0.051889 0 
10708 0.035854 0 
10709 0.019557 0 
10710 0.011989 0 
10711 0.035671 0 
10712 0.019358 0 
10713 0.025239 0 
10715 0.011480 0 
10716 0.020049 0 
10717 0.033773 0 
10718 0.017233 0 
10719 0.022774 0 
10720 0.006592 0 
10721 0.028744 0 
10723 0.036435 0 
10724 0.019714 0 
10725 0.026374 0 
10726 0.014651 0 
10728 0.036916 0 
10729 0.020846 0 
10730 0.013079 0 
10731 0.011558 0 
10733 0.015138 0 
10734 0.026685 0 
10735 0.042346 0 
10736 0.026212 0 
10737 0.009928 0 
10738 0.007142 0 
10740 0.022252 0 
10741 0.037201 0 
10742 0.051191 0 
10743 0.035529 0 
10744 0.039248 0 
10745 0.022826 0 
10746 0.024935 0 
10747 0.008726 0 
10748 0.009932 0 
10750 0.015455 0 
10751 0.024800 0 
10752 0.008558 0 
10753 0.010131 0 
10754 0.012789 0 
10755 0.016487 0 
10756 0.037490 0 
10757 0.021361 0 
10758 0.010273 0 
10759 0.020594 0 
10760 0.023212 0 
10761 0.014696 0 
10762 0.019053 0 
10763 0.022829 0 
10764 0.022584 0 
10765 0.011957 0 
10766 0.021932 0 
10767 0.016335 0 
10768 0.024975 0 
10769 0.016637 0 
10770 0.022215 0 
10771 0.024087 0 
10772 0.007996 0 
10773 0.022557 0 
10774 0.018474 0 
10775 0.014844 0 
10777 0.016473 0 
10778 0.014735 0 
10778 0.026401 1 
10779 0.015623 0 
10779 0.023899 1 
10780 0.016305 1 
10780 0.027082 0 
10781 0.010798 0 
10781 0.010830 1 
10782 0.012608 1 
10782 0.019991 0 
10783 0.013323 1 
10783 0.019996 0 
10784 0.008952 0 
10784 0.018175 1 
10786 0.015114 0 
10787 0.012722 1 
10787 0.037222 0 
10788 0.027256 0 
10789 0.010965 0 
10791 0.019625 0 
10793 0.013191 1 
10794 0.014549 0 
10795 0.024922 1 
10796 0.036650 1 
10796 0.038121 0 
10799 0.021470 1 
10800 0.012000 1 
10800 0.031536 0 
10801 0.015378 0 
10801 0.053361 1 
10802 0.037189 1 
10803 0.020892 1 
10802 0.048343 0 
10803 0.032067 0 
10804 0.016524 1 
10804 0.021987 0 
10805 0.012653 1 
10805 0.025541 0 
10806 0.022009 0 
10807 0.009196 0 
10806 0.036886 1 
10808 0.009897 0 
10809 0.012139 0 
10807 0.048955 1 
10808 0.032873 1 
10809 0.029146 1 
10810 0.016295 0 
10810 0.028238 1 
10812 0.011485 1 
10812 0.012257 0 
10814 0.018528 0 
10815 0.012483 0 
10814 0.042508 1 
10816 0.016083 0 
10817 0.027969 0 
10815 0.061451 1 
10816 0.044984 1 
10817 0.029153 1 
10818 0.022575 0 
10818 0.024093 1 
10819 0.011210 1 
10819 0.017517 0 
10820 0.007225 0 
10820 0.023563 1 
10822 0.013351 0 
10822 0.037966 1 
10823 0.021772 1 
10823 0.027666 0 
10824 0.011459 0 
10824 0.016311 1 
10825 0.013590 0 
10826 0.015442 0 
10827 0.009064 0 
10826 0.037882 1 
10827 0.021880 1 
10828 0.012209 0 
10828 0.022297 1 
10829 0.009863 0 
10829 0.010000 1 
10830 0.011445 1 
10830 0.013135 0 
10831 0.014097 1 
10832 0.020424 1 
10833 0.025079 1 
10834 0.023823 1 
10832 0.058706 0 
10833 0.042695 0 
10835 0.010400 0 
10835 0.015630 1 
10836 0.007616 0 
10838 0.016046 0 
10839 0.014597 0 
10840 0.035394 0 
10841 0.019241 0 
10839 0.060074 1 
10840 0.043202 1 
10841 0.027001 1 
10842 0.014879 0 
10842 0.027250 1 
10843 0.013441 0 
10844 0.018730 1 
10845 0.013725 0 
10846 0.013132 0 
10845 0.032493 1 
10846 0.016237 1 
10847 0.016047 0 
10847 0.029767 1 
10849 0.012334 1 
10849 0.016629 0 
10851 0.011470 0 
10852 0.016123 0 
10853 0.014261 0 
10851 0.047886 1 
10852 0.038310 1 
10853 0.023973 1 
10854 0.026499 0 
10855 0.010660 0 
10854 0.027675 1 
10856 0.022877 0 
10856 0.044957 1 
10857 0.031300 1 
10857 0.036605 0 
10859 0.019075 0 
10860 0.020081 0 
10861 0.017466 0 
10862 0.018579 0 
10864 0.011417 0 
10866 0.015168 0 
10867 0.018296 0 
10868 0.015773 0 
10870 0.010818 0 
10871 0.013750 0 
10872 0.009051 0 
10874 0.010778 0 
10875 0.017476 0 
10876 0.015931 0 
10877 0.015732 0 
10878 0.009551 0 
10879 0.014237 0 
10880 0.014663 0 
10881 0.021366 0 
10882 0.027563 0 
10883 0.011397 0 
10884 0.021361 0 
10885 0.004842 0 
10886 0.007386 0 
10887 0.032779 0 
10888 0.022568 0 
10889 0.021520 0 
10890 0.009772 0 
10891 0.022629 0 
10893 0.024717 0 
10894 0.019323 0 
10895 0.015988 0 
10896 0.008264 0 
10897 0.029380 0 
10898 0.013164 0 
10899 0.041306 0 
10901 0.008869 0 
10902 0.028168 0 
10903 0.011663 0 
10904 0.017450 0 
10905 0.014910 0 
10906 0.009173 0 
10907 0.024825 0 
10908 0.008700 0 
10909 0.015202 0 
10910 0.023876 0 
10911 0.017148 0 
10912 0.009020 0 
10914 0.012257 0 
10915 0.013213 0 
10916 0.010862 0 
10917 0.027005 0 
10918 0.010908 0 
10919 0.024468 0 
10920 0.008337 0 
10922 0.015167 0 
10923 0.018285 0 
10924 0.007551 0 
10925 0.020180 0 
10927 0.027560 0 
10928 0.019848 0 
10929 0.024036 0 
10930 0.010491 0 
10932 0.012998 0 
10933 0.022447 0 
10934 0.009107 0 
10935 0.010950 0 
10936 0.024371 0 
10937 0.011005 0 
10939 0.029003 0 
10940 0.012660 0 
10941 0.034205 0 
10942 0.025633 0 
10943 0.020631 0 
10944 0.008614 0 
10945 0.020560 0 
10946 0.008168 0 
10947 0.005844 0 
10949 0.030548 0 
10950 0.014486 0 
10951 0.015849 0 
10952 0.011974 0 
10953 0.013818 0 
10954 0.019598 0 
10955 0.020200 0 
10956 0.021831 0 
10957 0.015885 0 
10958 0.028616 0 
10959 0.043657 0 
10960 0.027827 0 
10961 0.011621 0 
10962 0.016500 0 
10963 0.018153 0 
10964 0.012177 0 
10965 0.027692 0 
10966 0.018073 0 
10967 0.008368 0 
10968 0.029948 0 
10969 0.013843 0 
10970 0.018315 0 
10971 0.030341 0 
10972 0.014555 0 
10973 0.036195 0 
10974 0.020152 0 
10976 0.035055 0 
10977 0.018816 0 
10978 0.030794 0 
10979 0.014396 0 
10980 0.026134 0 
10981 0.010016 0 
10982 0.031419 0 
10983 0.015190 0 
10985 0.033414 0 
10986 0.037675 0 
10987 0.021575 0 
10988 0.031615 0 
10990 0.013304 0 
10992 0.018581 0 
10993 0.028769 0 
10994 0.012153 0 
10995 0.025976 0 
10998 0.015446 0 
10999 0.030999 0 
11000 0.045295 0 
11001 0.034262 0 
11002 0.018097 0 
11003 0.019152 0 
11004 0.016743 0 
11005 0.017666 0 
11006 0.017193 0 
11007 0.018399 0 
11008 0.018309 0 
11009 0.020529 0 
11011 0.039341 0 
11013 0.021506 0 
11014 0.025613 0 
11015 0.017509 0 
11016 0.011150 0 
11017 0.015770 0 
11018 0.009372 0 
11019 0.022944 0 
11021 0.031273 0 
11022 0.015292 0 
11023 0.018997 0 
11024 0.010449 0 
11025 0.023064 0 
11026 0.014952 0 
11027 0.011248 0 
11028 0.019292 0 
11029 0.013969 0 
11030 0.013902 0 
11031 0.033951 0 
11032 0.018132 0 
11033 0.011266 0 
11034 0.028692 0 
11035 0.023050 0 
11037 0.038661 0 
11038 0.022433 0 
11039 0.032555 0 
11040 0.016466 0 
11041 0.011837 0 
11042 0.009136 0 
11043 0.028151 0 
11044 0.011872 0 
11045 0.012299 0 
11046 0.007944 0 
11048 0.008762 0 
11050 0.011122 0 
11051 0.024422 0 
11052 0.008260 0 
11053 0.011945 0 
11054 0.026580 0 
11055 0.025581 0 
11056 0.009391 0 
11058 0.025259 0 
11059 0.009172 0 
11060 0.019335 0 
11061 0.011118 0 
11063 0.024078 0 
11065 0.024268 0 
11066 0.018984 0 
11067 0.016754 0 
11069 0.009387 0 
11070 0.021704 0 
11071 0.028583 0 
11073 0.006484 0 
11074 0.008866 0 
11075 0.012240 0 
11076 0.018591 0 
11077 0.019679 0 
11078 0.026873 0 
11079 0.017999 0 
11080 0.029770 0 
11081 0.013613 0 
11082 0.009399 0 
11083 0.022563 0 
11084 0.006217 0 
11085 0.038877 0 
11086 0.022315 0 
11087 0.029110 0 
11088 0.013020 0 
11089 0.016199 0 
11090 0.024990 0 
11092 0.019731 0 
11093 0.005952 0 
11094 0.021757 0 
11095 0.010037 0 
11096 0.010473 0 
11097 0.019725 0 
11098 0.008453 0 
11100 0.008064 0 
11101 0.032889 0 
11102 0.016681 0 
11103 0.023304 0 
11104 0.022516 0 
11105 0.010396 0 
11106 0.015443 0 
11107 0.018178 0 
11108 0.017294 0 
11109 0.016404 0 
11110 0.020396 0 
11111 0.014092 0 
11113 0.015989 0 
11114 0.036212 0 
11115 0.019301 0 
11116 0.010417 0 
11117 0.019579 0 
11118 0.012614 0 
11119 0.028854 0 
11121 0.010604 0 
11122 0.013141 0 
11123 0.040795 0 
11124 0.036445 0 
11126 0.035114 0 
11127 0.018994 0 
11128 0.030856 0 
11129 0.014696 0 
11131 0.015991 0 
11132 0.023896 0 
11133 0.015366 0 
11134 0.041403 0 
11135 0.025268 0 
11136 0.022038 0 
11138 0.012091 0 
11139 0.038773 0 
11140 0.049228 0 
11141 0.033127 0 
11142 0.017142 0 
11143 0.012433 0 
11144 0.020849 0 
11145 0.009169 0 
11146 0.026110 0 
11148 0.015348 0 
11149 0.019912 0 
11150 0.019199 0 
11151 0.016506 0 
11152 0.021218 0 
11153 0.008569 0 
11154 0.020046 0 
11155 0.015007 0 
11156 0.023577 0 
11157 0.024560 0 
11158 0.011357 0 
11159 0.029697 0 
11160 0.013659 0 
11161 0.017381 0 
11162 0.036160 0 
11163 0.020179 0 
11164 0.010571 0 
11165 0.026225 0 
11166 0.009917 0 
11167 0.005971 0 
11168 0.024811 0 
11169 0.005770 0 
11170 0.011340 0 
11171 0.011502 0 
11172 0.010252 0 
11173 0.009084 0 
11175 0.009661 0 
11176 0.014327 0 
11177 0.011705 0 
11178 0.007091 0 
11179 0.014707 0 
11180 0.027595 0 
11181 0.011515 0 
11182 0.032817 0 
11184 0.021819 0 
11185 0.039047 0 
11186 0.022849 0 
11187 0.006672 0 
11189 0.015180 0 
11191 0.009355 0 
11192 0.019653 0 
11193 0.035957 0 
11194 0.016607 0 
11197 0.021627 0 
11198 0.026143 0 
11199 0.051063 0 
11200 0.034812 0 
11201 0.018491 0 
11202 0.020812 0 
11203 0.008433 0 
11204 0.009810 0 
11205 0.018222 0 
11206 0.025412 0 
11207 0.009220 0 
11208 0.021886 0 
11210 0.046529 0 
11212 0.014196 0 
11213 0.027418 0 
11214 0.011291 0 
11215 0.011914 0 
11216 0.021181 0 
11217 0.012957 0 
11218 0.034962 0 
11220 0.010995 0 
11221 0.010976 0 
11222 0.015517 0 
11223 0.009382 0 
11224 0.011580 0 
11225 0.025393 0 
11226 0.009197 0 
11227 0.015738 0 
11228 0.010839 0 
11229 0.020864 0 
11230 0.020104 0 
11231 0.026329 0 
11232 0.010154 0 
11233 0.010831 0 
11234 0.016877 0 
11236 0.038127 1 
11236 0.039146 0 
11237 0.022861 0 
11237 0.025964 1 
11238 0.026858 1 
11239 0.028076 1 
11238 0.049768 0 
11240 0.017574 0 
11241 0.006965 0 
11240 0.036951 1 
11241 0.020822 1 
11242 0.013469 1 
11242 0.022105 0 
11243 0.007359 1 
11243 0.017349 0 
11244 0.016777 0 
11244 0.025101 1 
11245 0.014758 0 
11245 0.038873 1 
11247 0.024297 1 
11247 0.031005 0 
11249 0.010854 1 
11250 0.011614 1 
11250 0.021216 0 
11251 0.027426 0 
11252 0.011266 0 
11253 0.018338 0 
11251 0.055103 1 
11252 0.038922 1 
11253 0.028101 1 
11254 0.011776 1 
11254 0.023491 0 
11255 0.013453 0 
11257 0.012257 0 
11258 0.013158 1 
11259 0.020598 0 
11259 0.034713 1 
11260 0.018549 0 
11260 0.028022 1 
11262 0.013493 1 
11262 0.028630 0 
11264 0.014092 0 
11264 0.021169 1 
11265 0.017521 1 
11266 0.010363 1 
11265 0.032257 0 
11266 0.016175 0 
11268 0.022807 1 
11269 0.010485 1 
11268 0.032602 0 
11269 0.014843 0 
11270 0.044579 1 
11272 0.014659 1 
11270 0.058986 0 
11272 0.026575 0 
11273 0.010441 0 
11273 0.020357 1 
11274 0.008017 1 
11274 0.021370 0 
11275 0.005272 0 
11276 0.008213 0 
11275 0.027805 1 
11277 0.018600 0 
11278 0.011133 0 
11276 0.058444 1 
11277 0.041751 1 
11278 0.025859 1 
11279 0.013264 0 
11279 0.020331 1 
11280 0.013687 1 
11280 0.018951 0 
11281 0.020854 0 
11282 0.025365 0 
11282 0.031593 1 
11283 0.015194 1 
11283 0.019853 0 
11284 0.003938 0 
11284 0.012999 1 
11285 0.008091 1 
11285 0.016002 0 
11286 0.012285 1 
11286 0.018076 0 
11287 0.013907 1 
11287 0.016634 0 
11288 0.027033 0 
11289 0.010872 0 
11288 0.035512 1 
11289 0.019381 1 
11291 0.016275 1 
11292 0.007678 0 
11292 0.016452 1 
11293 0.006341 1 
11293 0.019593 0 
11294 0.006712 1 
11294 0.027133 0 
11295 0.010962 0 
11296 0.010639 0 
11295 0.038232 1 
11296 0.021622 1 
11297 0.012419 1 
11299 0.017152 0 
11299 0.023994 1 
11300 0.007876 1 
11300 0.028269 0 
11301 0.012189 0 
11302 0.016011 0 
11301 0.033162 1 
11302 0.017040 1 
11303 0.011134 1 
11303 0.024036 0 
11304 0.016758 0 
11305 0.011858 1 
11305 0.035013 0 
11306 0.018474 0 
11307 0.008241 0 
11306 0.037446 1 
11308 0.009601 0 
11309 0.018185 0 
11307 0.050627 1 
11308 0.034536 1 
11309 0.018493 1 
11310 0.013252 1 
11310 0.028965 0 
11312 0.017246 0 
11312 0.035925 1 
11313 0.021675 0 
11314 0.014979 0 
11315 0.015404 0 
11313 0.049873 1 
11314 0.033632 1 
11315 0.017300 1 
11316 0.006963 0 
11316 0.016302 1 
11317 0.014337 1 
11318 0.007575 1 
11318 0.009401 0 
11320 0.015016 0 
11320 0.018328 1 
11321 0.022299 0 
11322 0.016235 0 
11322 0.026679 1 
11323 0.021759 0 
11323 0.030803 1 
11325 0.012336 1 
11326 0.016408 0 
11326 0.030577 1 
11327 0.014842 0 
11327 0.028804 1 
11328 0.012952 1 
11330 0.040318 0 
11331 0.024134 0 
11332 0.042621 0 
11333 0.026442 0 
11334 0.014127 0 
11330 0.081055 1 
11331 0.065291 1 
11332 0.049161 1 
11335 0.011209 0 
11334 0.028618 1 
11335 0.011332 1 
11337 0.008638 1 
11337 0.012498 0 
11338 0.020794 1 
11338 0.028564 0 
11339 0.013221 0 
11340 0.009197 1 
11340 0.024649 0 
11341 0.010956 1 
11341 0.015932 0 
11342 0.012410 1 
11342 0.023410 0 
11343 0.009151 1 
11343 0.032568 0 
11344 0.016137 0 
11345 0.010844 0 
11345 0.038046 1 
11347 0.013654 1 
11347 0.022614 0 
11348 0.006427 1 
11348 0.014154 0 
11349 0.010088 1 
11349 0.014972 0 
11350 0.006281 0 
11350 0.012852 1 
11351 0.010630 0 
11351 0.020778 1 
11352 0.011189 0 
11353 0.022437 0 
11354 0.012053 0 
11355 0.013442 0 
11353 0.052112 1 
11354 0.044912 1 
11355 0.028648 1 
11356 0.017036 1 
11357 0.018642 0 
11358 0.011734 1 
11358 0.021557 0 
11359 0.019848 0 
11360 0.006108 0 
11359 0.026961 1 
11360 0.010831 1 
11361 0.011913 1 
11362 0.007906 1 
11361 0.026529 0 
11362 0.010390 0 
11363 0.008437 0 
11363 0.012171 1 
11364 0.026929 0 
11365 0.010763 0 
11365 0.022416 1 
11366 0.021859 0 
11366 0.021956 1 
11367 0.009812 1 
11367 0.022438 0 
11368 0.009570 1 
11368 0.023048 0 
11369 0.014113 1 
11370 0.013222 1 
11369 0.037148 0 
11370 0.020633 0 
11371 0.011230 0 
11372 0.019537 0 
11372 0.030834 1 
11374 0.013937 1 
11375 0.010025 1 
11374 0.030097 0 
11375 0.013942 0 
11376 0.015470 0 
11376 0.034704 1 
11377 0.019544 0 
11377 0.026810 1 
11378 0.024757 1 
11378 0.028139 0 
11379 0.014533 1 
11380 0.014000 1 
11379 0.032658 0 
11380 0.021585 0 
11381 0.011382 0 
11383 0.009723 1 
11383 0.024534 0 
11384 0.009551 0 
11385 0.008193 0 
11386 0.017090 0 
11388 0.011474 0 
11390 0.015708 0 
11390 0.037217 1 
11391 0.020998 1 
11392 0.011718 1 
11391 0.048748 0 
11392 0.035410 0 
11393 0.017513 1 
11393 0.025559 0 
11396 0.013228 0 
11397 0.020993 0 
11398 0.012756 0 
11399 0.021115 0 
11400 0.012996 0 
11401 0.014615 0 
11402 0.018686 0 
11403 0.017831 0 
11404 0.012970 0 
11405 0.014504 0 
11406 0.009187 0 
11407 0.010494 0 
11409 0.031885 0 
11411 0.013694 0 
11412 0.026565 0 
11413 0.010403 0 
11414 0.006053 0 
11415 0.020639 0 
11416 0.016520 0 
11417 0.024556 0 
11419 0.019066 0 
11420 0.016599 0 
11421 0.007281 0 
11422 0.017091 0 
11423 0.026612 0 
11424 0.010328 0 
11425 0.024144 0 
11426 0.010479 0 
11427 0.017555 0 
11428 0.012944 0 
11429 0.011602 0 
11430 0.022056 0 
11431 0.011823 0 
11432 0.027413 0 
11433 0.011270 0 
11435 0.032112 0 
11436 0.022447 0 
11437 0.028656 0 
11438 0.033675 0 
11439 0.017451 0 
11440 0.018918 0 
11441 0.051612 0 
11442 0.035528 0 
11443 0.019385 0 
11444 0.010068 0 
11446 0.011656 0 
11448 0.023502 0 
11449 0.011483 0 
11450 0.022130 0 
11451 0.009737 0 
11452 0.038441 0 
11453 0.022341 0 
11454 0.016970 0 
11456 0.019946 0 
11457 0.029182 0 
11458 0.013058 0 
11459 0.018733 0 
11461 0.021836 0 
11463 0.011931 0 
11464 0.014491 0 
11465 0.007461 0 
11467 0.016676 0 
11468 0.026857 0 
11469 0.029645 0 
11471 0.010472 0 
11472 0.025354 0 
11473 0.018206 0 
11474 0.020745 0 
11475 0.010255 0 
11476 0.009488 0 
11477 0.036892 0 
11478 0.020760 0 
11479 0.021467 0 
11480 0.036644 0 
11481 0.020109 0 
11482 0.011587 0 
11483 0.020898 0 
11484 0.011522 0 
11485 0.021712 0 
11486 0.008907 0 
11487 0.026798 0 
11488 0.010470 0 
11490 0.014778 0 
11491 0.013721 0 
11492 0.024287 0 
11493 0.007760 0 
11494 0.014325 0 
11495 0.026943 0 
11496 0.025681 0 
11498 0.026752 0 
11499 0.026704 0 
11500 0.010549 0 
11501 0.022306 0 
11502 0.021979 0 
11503 0.028666 0 
11504 0.021762 0 
11505 0.010931 0 
11506 0.020695 0 
11507 0.010226 0 
11508 0.022425 0 
11509 0.007246 0 
11511 0.040037 0 
11512 0.020429 0 
11513 0.009189 0 
11514 0.010226 0 
11515 0.023637 0 
11516 0.029611 0 
11517 0.012897 0 
11519 0.020453 0 
11520 0.014153 0 
11521 0.022715 0 
11522 0.013293 0 
11524 0.009300 0 
11525 0.010172 0 
11526 0.028689 0 
11527 0.012490 0 
11529 0.035279 0 
11530 0.019195 0 
11531 0.012798 0 
11532 0.015131 0 
11533 0.016893 0 
11534 0.012558 0 
11536 0.042603 0 
11537 0.022964 0 
11538 0.027931 0 
11539 0.011840 0 
11540 0.017675 0 
11541 0.017867 0 
11542 0.039682 0 
11543 0.023325 0 
11544 0.018584 0 
11546 0.022763 0 
11547 0.009291 0 
11548 0.037413 0 
11549 0.021255 0 
11550 0.024000 0 
11551 0.019570 0 
11552 0.047657 0 
11553 0.031739 0 
11554 0.014772 0 
11555 0.016772 0 
11556 0.015857 0 
11557 0.017807 0 
11558 0.036110 0 
11559 0.019899 0 
11560 0.020224 0 
11561 0.006317 0 
11562 0.022486 0 
11563 0.022963 0 
11564 0.011042 0 
11565 0.023947 0 
11566 0.033108 0 
11567 0.016903 0 
11568 0.013586 0 
11569 0.031498 0 
11570 0.015330 0 
11571 0.013761 0 
11573 0.013308 0 
11574 0.019200 0 
11575 0.006620 0 
11576 0.015900 0 
11577 0.032834 0 
11578 0.023282 0 
11579 0.022259 0 
11580 0.021935 0 
11582 0.035373 0 
11583 0.018992 0 
11584 0.020742 0 
11585 0.004717 0 
11587 0.009617 0 
11589 0.021521 0 
11590 0.027190 0 
11591 0.036600 0 
11592 0.020319 0 
11595 0.025760 0 
11596 0.015903 0 
11597 0.027566 0 
11598 0.055875 0 
11599 0.034734 0 
11600 0.017729 0 
11601 0.008414 0 
11602 0.012805 0 
11603 0.023750 0 
11604 0.007613 0 
11605 0.028593 0 
11606 0.012501 0 
11608 0.023360 0 
11610 0.016110 0 
11611 0.029287 0 
11612 0.022176 0 
11613 0.014417 0 
11614 0.045346 0 
11615 0.029251 0 
11616 0.031446 0 
11618 0.031792 0 
11619 0.015393 0 
11620 0.007370 0 
11621 0.029851 0 
11622 0.013704 0 
11623 0.030252 0 
11624 0.014119 0 
11625 0.013215 0 
11626 0.020022 0 
11627 0.011078 0 
11628 0.045804 0 
11629 0.029648 0 
11630 0.013035 0 
11631 0.019721 0 
11632 0.011816 0 
11634 0.022356 0 
11635 0.027286 0 
11636 0.032882 0 
11637 0.027628 0 
11638 0.011456 0 
11639 0.012371 0 
11640 0.014734 0 
11641 0.007753 0 
11642 0.025594 0 
11643 0.023378 0 
11645 0.029793 0 
11647 0.012177 0 
11648 0.007221 0 
11649 0.008133 0 
11650 0.023047 0 
11651 0.011064 0 
11652 0.062670 0 
11653 0.046514 0 
11655 0.018750 0 
11656 0.019545 0 
11657 0.030764 0 
11658 0.014949 0 
11660 0.010328 0 
11662 0.020311 0 
11663 0.015127 0 
11664 0.012445 0 
11666 0.016023 0 
11667 0.031688 0 
11668 0.015902 0 
11670 0.013185 0 
11671 0.014908 0 
11672 0.009665 0 
11673 0.009594 0 
11674 0.007679 0 
11675 0.012188 0 
11676 0.023091 0 
11677 0.034972 0 
11678 0.018919 0 
11679 0.014835 0 
11680 0.010015 0 
11681 0.014219 0 
11682 0.011221 0 
11683 0.029743 0 
11684 0.020658 0 
11685 0.011802 0 
11686 0.021489 0 
11687 0.014418 0 
11689 0.014668 0 
11690 0.016232 0 
11691 0.016127 0 
11692 0.019546 0 
11693 0.018037 0 
11694 0.021953 0 
11695 0.012320 0 
11697 0.010650 0 
11698 0.039844 0 
11699 0.023639 0 
11700 0.020370 0 
11701 0.007698 0 
11702 0.018732 0 
11703 0.017346 0 
11704 0.007871 0 
11705 0.010957 0 
11706 0.028048 0 
11707 0.018856 0 
11708 0.021006 0 
11710 0.026175 0 
11711 0.035802 0 
11712 0.031135 0 
11713 0.025961 0 
11714 0.020725 0 
11715 0.019743 0 
11716 0.009593 0 
11718 0.009997 0 
11719 0.016657 0 
11720 0.028682 0 
11721 0.010350 0 
11723 0.021651 0 
11724 0.036607 0 
11725 0.020497 0 
11726 0.039800 0 
11728 0.017026 0 
11729 0.029679 0 
11730 0.021539 0 
11731 0.029650 0 
11732 0.013575 0 
11733 0.008668 0 
11735 0.016518 0 
11736 0.012799 0 
11737 0.047014 0 
11738 0.030907 0 
11739 0.026109 0 
11740 0.022837 0 
11741 0.025256 0 
11742 0.005385 0 
11743 0.013745 0 
11745 0.044150 0 
11746 0.027646 0 
11747 0.022239 0 
11748 0.031715 0 
11749 0.025721 0 
11750 0.027231 0 
11751 0.011060 0 
11752 0.016754 0 
11753 0.048278 0 
11754 0.032101 0 
11755 0.019621 0 
11756 0.029575 0 
11757 0.013405 0 
11758 0.030016 0 
11759 0.013938 0 
11760 0.016560 0 
11761 0.025939 0 
11762 0.009943 0 
11763 0.007349 0 
11764 0.010838 0 
11765 0.021445 0 
11766 0.014862 0 
11767 0.007716 0 
11768 0.019665 0 
11769 0.023744 0 
11770 0.014683 0 
11772 0.034379 0 
11773 0.018090 0 
11774 0.062701 0 
11775 0.046063 0 
11776 0.030136 0 
11777 0.014015 0 
11778 0.029064 0 
11779 0.013930 0 
11781 0.033387 0 
11782 0.017272 0 
11783 0.005100 0 
11784 0.017142 0 
11786 0.010823 0 
11788 0.023584 0 
11789 0.053485 0 
11790 0.037260 0 
11791 0.039804 0 
11794 0.023531 0 
11795 0.012797 0 
11796 0.022097 0 
11797 0.048886 0 
11798 0.032791 0 
11799 0.016674 0 
11800 0.020268 0 
11801 0.010022 0 
11802 0.011890 0 
11803 0.017931 0 
11804 0.032100 0 
11805 0.016022 0 
11807 0.055508 0 
11809 0.023124 0 
11810 0.007040 0 
11811 0.025742 0 
11812 0.009760 0 
11813 0.046949 0 
11814 0.030885 0 
11815 0.029651 0 
11817 0.013003 0 
11818 0.027089 0 
11819 0.015109 0 
11820 0.012393 0 
11821 0.026700 0 
11822 0.015449 0 
11823 0.012538 0 
11824 0.015928 0 
11825 0.022146 0 
11826 0.011524 0 
11827 0.023151 0 
11828 0.014700 0 
11829 0.028148 0 
11830 0.012020 0 
11831 0.027951 0 
11833 0.037277 0 
11834 0.050245 0 
11835 0.034044 0 
11836 0.060210 0 
11837 0.044091 0 
11838 0.028002 0 
11839 0.011870 0 
11840 0.013484 0 
11841 0.022310 0 
11842 0.006094 0 
11844 0.027588 0 
11846 0.026837 0 
11847 0.010345 0 
11848 0.021697 0 
11849 0.017105 0 
11850 0.024235 0 
11851 0.014330 0 
11852 0.022704 0 
11854 0.015609 0 
11855 0.010864 0 
11856 0.016255 0 
11857 0.005762 0 
11859 0.053444 0 
11861 0.034021 0 
11862 0.016251 0 
11863 0.035345 0 
11865 0.038192 0 
11866 0.022017 0 
11867 0.068353 0 
11869 0.035757 0 
11870 0.019593 0 
11871 0.034521 0 
11872 0.047294 0 
11873 0.031384 0 
11874 0.015184 0 
11875 0.021773 0 
11876 0.036312 0 
11877 0.020048 0 
11878 0.015123 0 
11879 0.008470 0 
11880 0.028481 0 
11881 0.012320 0 
11882 0.009701 0 
11883 0.016209 0 
11884 0.019234 0 
11885 0.016085 0 
11886 0.028052 0 
11888 0.009450 0 
11889 0.025265 0 
11890 0.014685 0 
11891 0.025251 0 
11892 0.028311 0 
11893 0.039062 0 
11894 0.022952 0 
11896 0.028349 0 
11897 0.012154 0 
11898 0.013759 0 
11899 0.011775 0 
11900 0.009893 0 
11901 0.021462 0 
11902 0.025642 0 
11903 0.014142 0 
11904 0.023845 0 
11905 0.024221 0 
11906 0.008060 0 
11907 0.017030 0 
11909 0.006304 0 
11910 0.032472 0 
11911 0.034714 0 
11912 0.026603 0 
11913 0.010286 0 
11914 0.026943 0 
11915 0.016660 0 
11917 0.021097 0 
11918 0.015800 0 
11919 0.007872 0 
11920 0.035258 0 
11922 0.014971 0 
11923 0.031325 0 
11924 0.015249 0 
11925 0.016822 0 
11927 0.039974 0 
11928 0.023436 0 
11929 0.011847 0 
11930 0.019373 0 
11931 0.009917 0 
11932 0.024250 0 
11934 0.025973 0 
11935 0.027829 0 
11936 0.052010 0 
11937 0.035933 0 
11938 0.019588 0 
11939 0.011836 0 
11940 0.029004 0 
11941 0.012840 0 
11942 0.014197 0 
11944 0.016714 0 
11945 0.020981 0 
11946 0.026499 0 
11947 0.021049 0 
11948 0.010784 0 
11949 0.022222 0 
11950 0.012262 0 
11951 0.026271 0 
11952 0.023931 0 
11953 0.015161 0 
11954 0.016578 0 
11955 0.022238 0 
11956 0.019272 0 
11957 0.017965 0 
11958 0.010285 0 
11959 0.016582 0 
11960 0.026478 0 
11961 0.010315 0 
11962 0.015805 0 
11963 0.014384 0 
11964 0.017702 0 
11965 0.010313 0 
11966 0.015468 0 
11967 0.016535 0 
11968 0.007859 0 
11969 0.027241 0 
11971 0.024154 0 
11972 0.016931 0 
11973 0.018068 0 
11974 0.017554 0 
11975 0.009952 0 
11976 0.022240 0 
11977 0.018168 0 
11978 0.024335 0 
11980 0.032332 0 
11981 0.016099 0 
11982 0.011982 0 
11983 0.015198 0 
11985 0.004652 0 
11987 0.023037 0 
11988 0.023339 0 
11989 0.027712 0 
11990 0.021565 0 
11993 0.012983 0 
11994 0.012658 0 
11995 0.030793 0 
11996 0.047393 0 
11997 0.032034 0 
11998 0.017972 0 
11999 0.010845 0 
12000 0.016094 0 
12001 0.013599 0 
12002 0.014279 0 
12003 0.034455 0 
12004 0.018424 0 
12006 0.014570 0 
12008 0.031171 0 
12009 0.020734 0 
12010 0.010379 0 
12011 0.010950 0 
12012 0.031338 0 
12013 0.021686 0 
12014 0.020010 0 
12016 0.028811 0 
12017 0.027157 0 
12018 0.028122 0 
12019 0.012118 0 
12020 0.029009 0 
12021 0.013214 0 
12022 0.011899 0 
12023 0.013093 0 
12024 0.028497 0 
12025 0.012190 0 
12026 0.032043 0 
12027 0.016094 0 
12028 0.012041 0 
12029 0.021832 0 
12030 0.032105 0 
12032 0.018616 0 
12033 0.033058 0 
12034 0.016969 0 
12035 0.023058 0 
12036 0.012136 0 
12037 0.024144 0 
12038 0.008398 0 
12039 0.029442 0 
12040 0.020756 0 
12041 0.023128 0 
12043 0.026765 0 
12045 0.012373 0 
12046 0.018497 0 
12047 0.021219 0 
12048 0.077758 0 
12049 0.061635 0 
12050 0.045592 0 
12051 0.036788 0 
12053 0.017136 0 
12054 0.023301 0 
12055 0.024978 0 
12056 0.008892 0 
12058 0.015493 0 
12060 0.021143 0 
12061 0.011347 0 
12062 0.031067 0 
12064 0.023553 0 
12065 0.045370 0 
12066 0.040833 0 
12068 0.024567 0 
12069 0.029321 0 
12070 0.013176 0 
12071 0.018805 0 
12072 0.042472 0 
12073 0.025935 0 
12074 0.010019 0 
12075 0.007584 0 
12076 0.014926 0 
12077 0.012264 0 
12078 0.007632 0 
12079 0.023716 0 
12080 0.007395 0 
12081 0.010057 0 
12082 0.007877 0 
12083 0.013576 0 
12084 0.020041 0 
12085 0.030141 0 
12087 0.029224 0 
12088 0.019594 0 
12089 0.016535 0 
12090 0.041477 0 
12091 0.025328 0 
12092 0.022242 0 
12093 0.012633 0 
12095 0.026972 0 
12096 0.017482 0 
12097 0.042389 0 
12098 0.026106 0 
12099 0.028832 0 
12100 0.038234 0 
12101 0.022075 0 
12102 0.045690 0 
12103 0.029497 0 
12104 0.013418 0 
12105 0.043970 0 
12106 0.027803 0 
12108 0.018186 0 
12109 0.028930 0 
12110 0.013107 0 
12111 0.025302 0 
12112 0.017261 0 
12113 0.024131 0 
12114 0.007701 0 
12116 0.021405 0 
12117 0.013509 0 
12118 0.018299 0 
12119 0.017199 0 
12121 0.013188 0 
12122 0.028181 0 
12123 0.043555 0 
12124 0.027033 0 
12126 0.028953 0 
12127 0.012348 0 
12128 0.023030 0 
12129 0.019071 0 
12130 0.018090 0 
12131 0.043987 0 
12133 0.023658 0 
12134 0.015042 0 
12135 0.017718 0 
12136 0.016981 0 
12137 0.019294 0 
12138 0.006407 0 
12139 0.018003 0 
12140 0.038235 0 
12141 0.019212 0 
12143 0.023252 0 
12144 0.015353 0 
12145 0.028354 0 
12146 0.036165 0 
12147 0.020062 0 
12148 0.026925 0 
12149 0.010633 0 
12150 0.031646 0 
12151 0.015510 0 
12152 0.014467 0 
12153 0.012935 0 
12154 0.019075 0 
12155 0.010362 0 
12156 0.009133 0 
12157 0.026680 0 
12158 0.038095 0 
12159 0.021965 0 
12160 0.023346 0 
12161 0.034258 0 
12162 0.024954 0 
12163 0.008343 0 
12164 0.015120 0 
12165 0.031690 0 
12166 0.026398 0 
12167 0.009863 0 
12168 0.031572 0 
12170 0.013077 0 
12171 0.016321 0 
12172 0.013928 0 
12173 0.025513 0 
12174 0.012317 0 
12175 0.015818 0 
12176 0.029474 0 
12177 0.024091 0 
12179 0.041356 0 
12180 0.025262 0 
12181 0.009198 0 
12182 0.010422 0 
12184 0.013353 0 
12186 0.041316 0 
12187 0.025522 0 
12188 0.037585 0 
12189 0.027600 0 
12192 0.019242 0 
12193 0.012580 0 
12194 0.017821 0 
12195 0.035635 0 
12196 0.034432 0 
12197 0.018350 0 
