2024-09-02 18:31:57
../stream-replay/logs/rtt-6205@128.txt
4 0.111308 0 
5 0.095741 0 
6 0.088846 0 
7 0.072552 0 
8 0.056347 0 
9 0.040160 0 
10 0.023749 0 
11 0.024914 0 
12 0.035131 0 
13 0.018954 0 
14 0.015889 0 
15 0.010088 0 
16 0.008342 0 
17 0.008188 0 
18 0.010419 0 
19 0.012938 0 
20 0.010223 0 
21 0.008310 0 
22 0.011984 0 
23 0.009058 0 
24 0.009603 0 
25 0.007000 0 
26 0.009344 0 
27 0.013566 0 
28 0.017524 0 
29 0.006222 0 
31 0.035927 0 
32 0.023725 0 
33 0.021994 0 
34 0.008363 0 
35 0.011867 0 
36 0.008291 0 
37 0.010479 0 
38 0.016966 0 
40 0.027102 0 
41 0.029769 0 
42 0.013468 0 
43 0.011818 0 
45 0.011843 0 
47 0.023212 0 
48 0.024385 0 
49 0.037954 0 
50 0.021510 0 
53 0.030622 0 
54 0.014659 0 
55 0.048294 0 
56 0.031791 0 
57 0.025984 0 
58 0.027609 0 
59 0.022484 0 
60 0.031414 0 
61 0.020783 0 
62 0.016705 0 
63 0.014346 0 
64 0.014255 0 
66 0.021350 0 
68 0.037348 0 
69 0.020689 0 
70 0.014208 0 
71 0.010951 0 
72 0.008229 0 
73 0.009523 0 
74 0.012652 0 
76 0.017618 0 
77 0.022971 0 
78 0.012997 0 
79 0.018981 0 
80 0.023189 0 
81 0.019873 0 
82 0.027232 0 
83 0.022471 0 
84 0.021243 0 
85 0.017934 0 
86 0.028473 0 
87 0.018729 0 
88 0.016021 0 
89 0.033877 0 
90 0.022935 0 
92 0.033274 0 
93 0.025755 0 
94 0.013827 0 
95 0.019051 0 
96 0.029190 0 
97 0.052221 0 
98 0.034872 0 
99 0.019396 0 
100 0.015382 0 
101 0.015507 0 
103 0.027581 0 
105 0.013099 0 
106 0.016614 0 
107 0.018805 0 
108 0.013060 0 
109 0.022382 0 
110 0.026592 0 
111 0.011474 0 
113 0.026312 0 
114 0.011568 0 
115 0.015106 0 
116 0.016559 0 
118 0.030853 0 
120 0.037688 0 
121 0.021530 0 
122 0.042843 0 
124 0.033566 0 
125 0.041355 0 
126 0.025026 0 
128 0.018296 0 
129 0.026043 0 
130 0.016479 0 
131 0.011982 0 
132 0.013216 0 
133 0.025115 0 
134 0.017764 0 
135 0.021678 0 
136 0.018180 0 
137 0.011301 0 
138 0.013332 0 
139 0.010132 0 
140 0.007581 0 
141 0.011114 0 
142 0.013196 0 
143 0.015543 0 
144 0.010477 0 
145 0.020077 0 
147 0.029065 0 
148 0.012696 0 
149 0.007204 0 
150 0.019055 0 
151 0.020767 0 
152 0.019062 0 
153 0.015115 0 
155 0.018414 0 
156 0.014787 0 
157 0.015642 0 
158 0.020804 0 
159 0.027740 0 
160 0.022221 0 
161 0.011014 0 
162 0.011891 0 
163 0.017031 0 
164 0.016157 0 
165 0.014039 0 
166 0.011390 0 
168 0.023531 0 
169 0.035429 0 
170 0.018108 0 
171 0.018963 0 
172 0.010107 0 
173 0.012855 0 
174 0.016285 0 
176 0.022252 0 
177 0.017030 0 
178 0.016346 0 
179 0.017381 0 
181 0.021806 0 
182 0.019288 0 
183 0.014273 0 
184 0.008476 0 
186 0.040843 0 
187 0.024281 0 
188 0.027572 0 
189 0.013621 0 
190 0.024824 0 
191 0.028017 0 
193 0.025562 0 
194 0.017723 0 
195 0.033525 0 
196 0.031484 0 
197 0.017330 0 
198 0.024489 0 
199 0.035212 0 
200 0.018726 0 
201 0.007748 0 
203 0.018617 0 
204 0.019950 0 
205 0.017572 0 
206 0.011380 0 
207 0.013090 0 
208 0.016963 0 
209 0.018246 0 
210 0.017328 0 
211 0.020125 0 
212 0.014517 0 
213 0.014383 0 
214 0.017137 0 
215 0.013162 0 
216 0.014742 0 
217 0.009805 0 
218 0.018813 0 
219 0.019371 0 
220 0.013283 0 
221 0.020470 0 
222 0.014593 0 
223 0.008897 0 
224 0.011815 0 
225 0.008264 0 
226 0.015664 0 
227 0.013510 0 
228 0.008402 0 
230 0.011429 0 
231 0.010903 0 
232 0.015546 0 
233 0.008263 0 
234 0.016068 0 
235 0.007645 0 
236 0.009396 0 
237 0.009899 0 
239 0.030562 0 
240 0.016351 0 
241 0.005205 0 
242 0.008153 0 
244 0.010082 0 
246 0.029603 0 
247 0.043033 0 
248 0.029484 0 
249 0.013190 0 
252 0.021781 0 
253 0.011125 0 
254 0.012197 0 
255 0.031533 0 
256 0.028802 0 
257 0.020567 0 
258 0.021764 0 
259 0.027313 0 
260 0.010694 0 
261 0.008573 0 
262 0.017601 0 
263 0.032965 0 
265 0.020181 0 
267 0.022568 0 
268 0.021196 0 
269 0.009794 0 
270 0.017749 0 
271 0.019103 0 
272 0.012219 0 
273 0.011883 0 
275 0.022690 0 
276 0.015387 0 
277 0.009035 0 
278 0.014749 0 
279 0.010173 0 
280 0.014196 0 
281 0.012244 0 
282 0.014803 0 
283 0.065295 0 
284 0.049049 0 
285 0.032368 0 
286 0.015880 0 
287 0.021987 0 
288 0.014470 0 
289 0.009694 0 
291 0.035443 0 
292 0.035533 0 
293 0.018614 0 
294 0.012836 0 
295 0.014221 0 
296 0.014266 0 
297 0.010154 0 
298 0.011207 0 
299 0.016428 0 
300 0.013615 0 
302 0.027078 0 
304 0.009981 0 
305 0.007220 0 
306 0.011514 0 
307 0.018527 0 
308 0.011745 0 
309 0.016886 0 
310 0.012921 0 
312 0.020048 0 
313 0.019358 0 
314 0.017201 0 
315 0.014625 0 
317 0.026040 0 
319 0.017616 0 
320 0.009369 0 
321 0.014898 0 
323 0.012701 0 
324 0.009315 0 
325 0.014137 0 
327 0.017722 0 
328 0.014737 0 
329 0.012962 0 
330 0.020507 0 
331 0.020681 0 
332 0.027090 0 
333 0.019871 0 
334 0.022619 0 
335 0.016153 0 
336 0.010683 0 
337 0.023249 0 
338 0.023127 0 
339 0.012182 0 
340 0.010765 0 
341 0.013831 0 
342 0.029603 0 
343 0.013160 0 
344 0.016179 0 
346 0.024692 0 
347 0.015498 0 
348 0.012676 0 
349 0.015427 0 
350 0.017912 0 
351 0.016136 0 
352 0.013194 0 
354 0.023946 0 
355 0.012160 0 
356 0.013732 0 
357 0.014922 0 
358 0.020497 0 
359 0.017380 0 
360 0.010499 0 
361 0.011680 0 
362 0.026436 0 
363 0.016322 0 
364 0.013390 0 
365 0.022307 0 
367 0.020110 0 
368 0.024538 0 
369 0.012734 0 
370 0.019609 0 
371 0.008929 0 
372 0.014664 0 
373 0.038207 0 
375 0.010514 0 
376 0.016494 0 
377 0.022343 0 
378 0.015017 0 
380 0.016661 0 
381 0.016157 0 
382 0.016627 0 
383 0.011489 0 
385 0.010493 0 
386 0.016279 0 
387 0.012549 0 
388 0.013843 0 
389 0.011949 0 
390 0.021992 0 
392 0.016349 0 
393 0.023817 0 
394 0.019409 0 
395 0.010518 0 
396 0.011350 0 
397 0.013174 0 
398 0.021650 0 
399 0.013780 0 
400 0.008685 0 
402 0.015550 0 
403 0.014602 0 
404 0.014802 0 
405 0.012389 0 
406 0.012150 0 
407 0.011239 0 
408 0.013666 0 
409 0.014095 0 
410 0.023974 0 
411 0.016514 0 
412 0.009847 0 
413 0.009666 0 
414 0.015919 0 
415 0.019103 0 
416 0.014018 0 
417 0.016154 0 
418 0.017525 0 
419 0.013862 0 
420 0.009723 0 
421 0.014927 0 
422 0.038594 0 
423 0.022120 0 
424 0.013745 0 
425 0.016307 0 
426 0.012876 0 
427 0.014955 0 
429 0.020105 0 
430 0.027486 0 
431 0.011049 0 
432 0.007677 0 
433 0.011701 0 
434 0.014091 0 
435 0.010708 0 
436 0.013728 0 
438 0.030707 0 
439 0.019280 0 
440 0.011005 0 
441 0.007141 0 
443 0.006197 0 
445 0.018565 0 
446 0.026567 0 
447 0.027730 0 
448 0.021097 0 
451 0.018696 0 
452 0.008081 0 
453 0.014092 0 
454 0.032821 0 
455 0.018760 0 
456 0.016773 0 
457 0.021033 0 
458 0.012132 0 
459 0.018494 0 
460 0.017001 0 
461 0.014483 0 
462 0.008029 0 
464 0.013596 0 
466 0.029508 0 
467 0.021086 0 
468 0.013902 0 
469 0.017880 0 
470 0.010182 0 
471 0.012197 0 
472 0.014888 0 
474 0.016588 0 
475 0.012453 0 
476 0.015587 0 
477 0.011151 0 
478 0.011340 0 
479 0.012738 0 
480 0.010190 0 
481 0.012127 0 
482 0.008803 0 
483 0.016588 0 
484 0.007882 0 
485 0.008786 0 
486 0.011247 0 
487 0.010300 0 
488 0.008837 0 
490 0.032658 0 
491 0.029670 0 
492 0.018280 0 
493 0.012317 0 
494 0.017098 0 
495 0.016828 0 
496 0.024720 0 
497 0.014659 0 
498 0.013450 0 
499 0.024298 0 
501 0.021193 0 
503 0.017472 0 
504 0.030798 0 
505 0.041344 0 
506 0.024978 0 
507 0.018839 0 
508 0.021741 0 
509 0.016222 0 
511 0.016829 0 
512 0.010144 0 
513 0.009179 0 
514 0.023321 0 
516 0.029375 0 
518 0.019248 0 
519 0.009286 0 
520 0.024424 0 
522 0.021588 0 
523 0.014411 0 
524 0.011613 0 
526 0.028748 0 
527 0.020260 0 
528 0.016865 0 
529 0.014456 0 
530 0.019972 0 
531 0.014536 0 
532 0.019091 0 
533 0.014517 0 
534 0.013116 0 
535 0.009434 0 
536 0.012815 0 
537 0.011816 0 
538 0.011459 0 
539 0.013333 0 
540 0.019919 0 
541 0.018864 0 
542 0.010209 0 
543 0.012661 0 
545 0.026570 0 
546 0.010195 0 
547 0.007233 0 
548 0.014223 0 
549 0.015679 0 
550 0.013895 0 
551 0.019815 0 
553 0.018447 0 
554 0.011410 0 
555 0.013475 0 
556 0.014840 0 
557 0.013713 0 
558 0.020469 0 
559 0.012061 0 
560 0.014987 0 
561 0.011836 0 
562 0.012603 0 
563 0.015079 0 
564 0.011197 0 
566 0.028121 0 
567 0.025760 0 
568 0.009326 0 
569 0.018286 0 
570 0.025450 0 
571 0.009147 0 
572 0.013458 0 
574 0.019514 0 
575 0.016709 0 
576 0.022284 0 
577 0.023628 0 
579 0.010494 0 
580 0.013160 0 
581 0.020728 0 
582 0.017738 0 
584 0.017901 0 
585 0.028004 0 
586 0.011295 0 
587 0.012057 0 
588 0.015765 0 
589 0.010449 0 
591 0.016969 0 
592 0.026872 0 
593 0.015117 0 
594 0.009531 0 
595 0.016885 0 
596 0.012531 0 
597 0.014174 0 
598 0.010886 0 
599 0.009616 0 
601 0.017833 0 
602 0.010037 0 
603 0.007463 0 
604 0.011206 0 
605 0.012327 0 
606 0.017757 0 
607 0.013034 0 
608 0.015198 0 
609 0.024227 0 
610 0.014639 0 
611 0.011916 0 
612 0.008997 0 
613 0.008414 0 
614 0.008345 0 
615 0.010388 0 
616 0.014866 0 
617 0.021071 0 
618 0.013821 0 
619 0.007716 0 
620 0.012458 0 
621 0.008417 0 
622 0.010065 0 
623 0.013729 0 
624 0.016523 0 
625 0.014636 0 
626 0.015244 0 
628 0.030794 0 
629 0.018236 0 
630 0.012484 0 
631 0.025759 0 
632 0.009444 0 
633 0.023701 0 
634 0.016868 0 
635 0.016763 0 
637 0.032713 0 
638 0.036174 0 
639 0.019969 0 
640 0.010317 0 
642 0.016144 0 
644 0.026764 0 
645 0.038045 0 
646 0.031178 0 
647 0.045187 0 
650 0.018460 0 
651 0.010102 0 
652 0.010482 0 
653 0.047436 0 
654 0.030950 0 
655 0.021798 0 
656 0.020620 0 
657 0.015370 0 
658 0.011789 0 
659 0.012166 0 
660 0.016476 0 
661 0.010456 0 
663 0.018188 0 
665 0.024499 0 
666 0.010653 0 
667 0.016221 0 
668 0.012466 0 
669 0.021240 0 
670 0.029450 0 
671 0.020797 0 
673 0.018910 0 
674 0.019504 0 
675 0.023062 0 
676 0.009415 0 
677 0.012302 0 
678 0.010530 0 
679 0.014974 0 
680 0.016839 0 
681 0.024454 0 
682 0.020334 0 
683 0.017120 0 
684 0.009113 0 
685 0.012393 0 
686 0.018724 0 
687 0.018335 0 
689 0.043680 0 
690 0.029380 0 
691 0.021613 0 
692 0.011308 0 
693 0.029056 0 
694 0.029588 0 
695 0.013219 0 
696 0.016605 0 
697 0.009173 0 
698 0.009279 0 
700 0.014614 0 
702 0.017564 0 
703 0.011007 0 
704 0.013073 0 
705 0.016566 0 
706 0.037854 0 
707 0.021023 0 
708 0.019457 0 
710 0.014518 0 
711 0.012291 0 
712 0.007653 0 
713 0.011858 0 
715 0.016757 0 
717 0.033031 0 
718 0.017196 0 
719 0.027526 0 
721 0.013063 0 
722 0.012669 0 
723 0.015506 0 
725 0.011707 0 
726 0.015338 0 
727 0.007864 0 
728 0.014760 0 
729 0.010937 0 
730 0.026298 0 
731 0.023104 0 
732 0.017189 0 
733 0.009289 0 
734 0.012483 0 
735 0.019491 0 
736 0.012342 0 
737 0.011135 0 
738 0.011341 0 
739 0.017040 0 
740 0.018466 0 
741 0.016211 0 
742 0.011874 0 
744 0.017956 0 
745 0.011321 0 
746 0.009901 0 
747 0.016036 0 
748 0.017702 0 
749 0.022501 0 
750 0.009936 0 
752 0.017462 0 
753 0.025447 0 
754 0.012904 0 
755 0.013452 0 
756 0.014500 0 
757 0.017010 0 
758 0.022400 0 
759 0.013613 0 
760 0.017275 0 
761 0.016750 0 
762 0.016405 0 
763 0.015512 0 
765 0.019127 0 
766 0.021023 0 
767 0.019031 0 
768 0.012189 0 
769 0.015349 0 
770 0.009568 0 
771 0.012247 0 
773 0.027771 0 
774 0.021859 0 
775 0.020064 0 
776 0.022470 0 
778 0.027430 0 
779 0.016822 0 
780 0.020097 0 
781 0.012260 0 
783 0.017324 0 
784 0.045407 0 
785 0.029016 0 
786 0.016360 0 
787 0.017860 0 
788 0.015441 0 
790 0.018144 0 
791 0.021518 0 
792 0.015713 0 
793 0.010233 0 
794 0.017732 0 
795 0.020292 0 
796 0.016733 0 
797 0.029707 0 
798 0.029133 0 
800 0.019790 0 
801 0.030731 0 
802 0.026160 0 
803 0.026202 0 
804 0.020131 0 
805 0.018970 0 
806 0.013897 0 
807 0.023968 0 
808 0.019411 0 
809 0.019495 0 
810 0.010742 0 
811 0.015451 0 
812 0.026841 0 
813 0.012024 0 
814 0.034034 0 
815 0.036274 0 
816 0.020007 0 
817 0.009362 0 
818 0.008840 0 
819 0.012947 0 
820 0.010949 0 
821 0.012289 0 
822 0.012287 0 
823 0.011634 0 
824 0.015736 0 
825 0.014951 0 
827 0.022204 0 
828 0.014707 0 
829 0.020891 0 
830 0.012497 0 
831 0.014309 0 
832 0.013759 0 
833 0.012307 0 
834 0.010353 0 
836 0.026691 0 
837 0.019613 0 
838 0.017314 0 
839 0.004021 0 
841 0.013577 0 
843 0.029341 0 
844 0.028635 0 
845 0.034469 0 
846 0.018140 0 
849 0.016786 0 
850 0.013175 0 
851 0.016868 0 
852 0.043418 0 
853 0.026218 0 
854 0.024483 0 
855 0.010681 0 
856 0.017621 0 
857 0.011093 0 
858 0.009477 0 
859 0.019099 0 
860 0.011373 0 
862 0.018149 0 
864 0.024353 0 
865 0.041352 0 
866 0.025035 0 
867 0.019791 0 
868 0.010579 0 
869 0.010592 0 
870 0.015165 0 
872 0.024682 0 
873 0.015873 0 
874 0.013387 0 
875 0.011513 0 
876 0.014651 0 
877 0.011632 0 
878 0.021711 0 
879 0.024059 0 
880 0.014102 0 
881 0.013845 0 
882 0.010298 0 
883 0.014043 0 
884 0.024489 0 
885 0.020072 0 
886 0.014579 0 
888 0.051058 0 
889 0.039853 0 
890 0.045747 0 
891 0.029446 0 
892 0.023174 0 
893 0.013941 0 
894 0.018789 0 
895 0.013556 0 
896 0.016325 0 
897 0.016143 0 
899 0.021579 0 
901 0.010417 0 
902 0.022820 0 
903 0.013689 0 
904 0.014415 0 
905 0.012220 0 
906 0.013067 0 
907 0.014537 0 
909 0.024604 0 
910 0.014991 0 
911 0.012254 0 
912 0.015118 0 
914 0.014431 0 
916 0.017731 0 
917 0.019154 0 
918 0.017646 0 
920 0.024143 0 
921 0.020808 0 
922 0.020581 0 
924 0.014846 0 
925 0.013618 0 
926 0.022788 0 
927 0.026749 0 
928 0.017018 0 
929 0.016653 0 
930 0.022816 0 
931 0.019485 0 
932 0.024498 0 
933 0.015202 0 
934 0.011147 0 
935 0.020971 0 
936 0.009776 0 
937 0.016357 0 
938 0.006535 0 
939 0.024291 0 
940 0.011931 0 
941 0.010828 0 
943 0.020510 0 
944 0.017267 0 
945 0.012451 0 
946 0.012180 0 
947 0.011666 0 
948 0.014640 0 
949 0.009847 0 
951 0.011023 0 
952 0.013742 0 
953 0.012270 0 
954 0.013815 0 
955 0.023727 0 
956 0.015280 0 
957 0.012271 0 
958 0.010429 0 
959 0.009336 0 
960 0.009515 0 
961 0.008725 0 
962 0.010905 0 
964 0.029457 0 
965 0.058875 0 
966 0.042330 0 
967 0.025501 0 
968 0.012438 0 
969 0.011596 0 
970 0.010913 0 
972 0.041425 0 
973 0.025260 0 
974 0.027289 0 
975 0.020971 0 
977 0.011670 0 
978 0.014893 0 
979 0.012845 0 
980 0.019903 0 
982 0.022478 0 
983 0.020757 0 
984 0.022738 0 
985 0.014735 0 
986 0.010935 0 
987 0.011450 0 
989 0.025108 0 
990 0.016827 0 
991 0.015023 0 
992 0.011073 0 
993 0.013486 0 
994 0.012197 0 
995 0.016279 0 
996 0.013053 0 
997 0.014191 0 
999 0.020837 0 
1000 0.010701 0 
1001 0.013757 0 
1002 0.010909 0 
1003 0.008960 0 
1004 0.012041 0 
1005 0.011417 0 
1006 0.014357 0 
1007 0.017461 0 
1008 0.018782 0 
1009 0.015459 0 
1010 0.026963 0 
1011 0.016494 0 
1012 0.012891 0 
1013 0.017683 0 
1014 0.026666 0 
1015 0.022281 0 
1016 0.023215 0 
1017 0.041918 0 
1018 0.025491 0 
1019 0.015244 0 
1020 0.027525 0 
1021 0.029651 0 
1022 0.013242 0 
1023 0.009956 0 
1024 0.012086 0 
1026 0.021446 0 
1027 0.020402 0 
1028 0.027177 0 
1029 0.017595 0 
1030 0.017386 0 
1031 0.028889 0 
1032 0.012380 0 
1033 0.017471 0 
1035 0.027771 0 
1036 0.014889 0 
1037 0.011870 0 
1038 0.013839 0 
1040 0.024525 0 
1042 0.026233 0 
1043 0.039114 0 
1044 0.036752 0 
1045 0.027413 0 
1048 0.021849 0 
1049 0.015980 0 
1050 0.016924 0 
1051 0.041083 0 
1052 0.024460 0 
1053 0.023620 0 
1054 0.023830 0 
1055 0.020021 0 
1056 0.013034 0 
1057 0.010607 0 
1058 0.016402 0 
1059 0.015566 0 
1061 0.020951 0 
1063 0.028925 0 
1064 0.014457 0 
1065 0.017662 0 
1066 0.011668 0 
1067 0.015054 0 
1068 0.017782 0 
1069 0.017501 0 
1071 0.018104 0 
1072 0.016324 0 
1073 0.018734 0 
1074 0.018133 0 
1075 0.017978 0 
1076 0.011411 0 
1077 0.012193 0 
1078 0.012519 0 
1079 0.018190 0 
1080 0.017119 0 
1081 0.013998 0 
1082 0.014403 0 
1083 0.029498 0 
1084 0.013328 0 
1085 0.012946 0 
1087 0.040858 0 
1088 0.048796 0 
1089 0.036319 0 
1090 0.020216 0 
1091 0.010525 0 
1092 0.017262 0 
1093 0.014283 0 
1094 0.016169 0 
1095 0.011701 0 
1096 0.014344 0 
1098 0.026138 0 
1100 0.022044 0 
1101 0.034356 0 
1102 0.023025 0 
1103 0.014220 0 
1104 0.013928 0 
1105 0.021654 0 
1106 0.022030 0 
1108 0.024376 0 
1109 0.019074 0 
1110 0.008357 0 
1111 0.011582 0 
1113 0.040058 0 
1115 0.022947 0 
1116 0.022310 0 
1117 0.009088 0 
1119 0.046713 0 
1120 0.029371 0 
1121 0.013743 0 
1123 0.012610 0 
1124 0.033693 0 
1125 0.024631 0 
1126 0.031543 0 
1127 0.020580 0 
1128 0.019533 0 
1129 0.024578 0 
1130 0.008267 0 
1131 0.011555 0 
1132 0.037777 0 
1133 0.021522 0 
1134 0.008274 0 
1135 0.011656 0 
1136 0.010916 0 
1137 0.024406 0 
1138 0.018050 0 
1139 0.023341 0 
1140 0.021210 0 
1142 0.011724 0 
1143 0.016432 0 
1144 0.024625 0 
1145 0.038352 0 
1146 0.022109 0 
1147 0.023241 0 
1148 0.029914 0 
1150 0.039025 0 
1151 0.022738 0 
1152 0.015603 0 
1153 0.014941 0 
1154 0.010235 0 
1155 0.020153 0 
1156 0.027634 0 
1157 0.023338 0 
1158 0.014281 0 
1159 0.010760 0 
1160 0.013895 0 
1161 0.013517 0 
1163 0.043663 0 
1164 0.040043 0 
1165 0.023780 0 
1166 0.019482 0 
1167 0.010200 0 
1168 0.008435 0 
1169 0.017917 0 
1171 0.013279 0 
1172 0.014673 0 
1173 0.012756 0 
1174 0.009659 0 
1176 0.017082 0 
1177 0.014268 0 
1178 0.022380 0 
1179 0.010244 0 
1181 0.019540 0 
1182 0.016347 0 
1183 0.009148 0 
1184 0.014776 0 
1185 0.008082 0 
1186 0.015103 0 
1188 0.033685 0 
1189 0.023607 0 
1190 0.022817 0 
1191 0.008771 0 
1192 0.011003 0 
1193 0.021901 0 
1194 0.013685 0 
1195 0.018546 0 
1196 0.016918 0 
1198 0.016958 0 
1199 0.021799 0 
1200 0.021201 0 
1201 0.010353 0 
1202 0.033368 0 
1203 0.030793 0 
1204 0.016740 0 
1205 0.013638 0 
1206 0.023158 0 
1207 0.020314 0 
1208 0.034213 0 
1209 0.017871 0 
1210 0.013841 0 
1211 0.019448 0 
1212 0.019241 0 
1213 0.017072 0 
1214 0.014020 0 
1215 0.018286 0 
1216 0.008109 0 
1217 0.017179 0 
1218 0.011760 0 
1219 0.014511 0 
1220 0.019081 0 
1221 0.012262 0 
1222 0.008767 0 
1223 0.008493 0 
1225 0.011253 0 
1226 0.018187 0 
1227 0.012692 0 
1228 0.010916 0 
1229 0.005584 0 
1230 0.011222 0 
1231 0.012763 0 
1232 0.011646 0 
1234 0.013178 0 
1235 0.010327 0 
1236 0.006532 0 
1237 0.010707 0 
1239 0.010601 0 
1241 0.017447 0 
1242 0.024849 0 
1243 0.048434 0 
1244 0.032232 0 
1247 0.013126 0 
1248 0.011003 0 
1249 0.022466 0 
1250 0.059367 0 
1251 0.043117 0 
1252 0.026894 0 
1253 0.024429 0 
1254 0.028802 0 
1255 0.025944 0 
1256 0.021927 0 
1257 0.018777 0 
1258 0.021905 0 
1260 0.019184 0 
1262 0.048412 0 
1263 0.038187 0 
1264 0.021961 0 
1265 0.011740 0 
1266 0.015693 0 
1267 0.012244 0 
1268 0.016093 0 
1270 0.020979 0 
1271 0.022827 0 
1272 0.017176 0 
1273 0.012533 0 
1274 0.015395 0 
1275 0.013384 0 
1276 0.012151 0 
1277 0.012963 0 
1278 0.012671 0 
1279 0.014846 0 
1280 0.016984 0 
1281 0.023071 0 
1282 0.012791 0 
1283 0.049383 0 
1284 0.032845 0 
1286 0.053865 0 
1287 0.046977 0 
1288 0.053124 0 
1289 0.036770 0 
1290 0.021234 0 
1291 0.020583 0 
1292 0.014863 0 
1293 0.011584 0 
1294 0.017817 0 
1295 0.016703 0 
1297 0.033413 0 
1299 0.020025 0 
1300 0.015758 0 
1301 0.014440 0 
1302 0.011141 0 
1303 0.024670 0 
1304 0.037998 0 
1305 0.021533 0 
1307 0.033326 0 
1308 0.020702 0 
1309 0.011687 0 
1310 0.015335 0 
1312 0.028733 0 
1314 0.023104 0 
1315 0.012682 0 
1316 0.009069 0 
1318 0.030654 0 
1319 0.035816 0 
1320 0.030280 0 
1322 0.016652 0 
1323 0.014604 0 
1324 0.010215 0 
1325 0.011697 0 
1326 0.011134 0 
1327 0.015836 0 
1328 0.013521 0 
1329 0.015825 0 
1330 0.024967 0 
1331 0.035818 0 
1332 0.019419 0 
1333 0.020567 0 
1334 0.010894 0 
1335 0.024973 0 
1336 0.020328 0 
1337 0.021978 0 
1338 0.013083 0 
1339 0.017325 0 
1341 0.027749 0 
1342 0.023794 0 
1343 0.021675 0 
1344 0.019668 0 
1345 0.017463 0 
1346 0.020057 0 
1347 0.017161 0 
1349 0.017258 0 
1350 0.010707 0 
1351 0.013053 0 
1352 0.017622 0 
1353 0.014282 0 
1354 0.021473 0 
1355 0.017174 0 
1356 0.024063 0 
1357 0.033083 0 
1358 0.020033 0 
1359 0.025615 0 
1360 0.008792 0 
1362 0.024616 0 
1363 0.031969 0 
1364 0.024599 0 
1365 0.058463 0 
1366 0.041769 0 
1367 0.034617 0 
1368 0.018131 0 
1370 0.026952 0 
1371 0.016305 0 
1372 0.014737 0 
1373 0.020705 0 
1375 0.012290 0 
1376 0.017083 0 
1377 0.015475 0 
1378 0.010988 0 
1380 0.029567 0 
1381 0.017520 0 
1382 0.010914 0 
1383 0.020830 0 
1384 0.011564 0 
1385 0.014327 0 
1387 0.014278 0 
1388 0.026664 0 
1389 0.021790 0 
1390 0.016337 0 
1391 0.017476 0 
1392 0.017053 0 
1393 0.019083 0 
1394 0.011948 0 
1395 0.014804 0 
1397 0.019614 0 
1398 0.023111 0 
1399 0.013318 0 
1400 0.018275 0 
1401 0.013992 0 
1402 0.014403 0 
1403 0.019078 0 
1404 0.018112 0 
1405 0.020832 0 
1406 0.021461 0 
1407 0.014851 0 
1408 0.050426 0 
1409 0.034573 0 
1410 0.017985 0 
1411 0.021815 0 
1412 0.032484 0 
1413 0.024221 0 
1414 0.011185 0 
1415 0.012298 0 
1416 0.014397 0 
1417 0.015167 0 
1418 0.014106 0 
1419 0.014831 0 
1420 0.014570 0 
1421 0.021795 0 
1422 0.014340 0 
1424 0.013872 0 
1425 0.010157 0 
1426 0.009878 0 
1427 0.008884 0 
1428 0.012518 0 
1429 0.013372 0 
1430 0.012192 0 
1431 0.011136 0 
1433 0.022505 0 
1434 0.016413 0 
1435 0.006312 0 
1436 0.005310 0 
1438 0.008543 0 
1440 0.020561 0 
1441 0.027697 0 
1442 0.020112 0 
1443 0.025714 0 
1446 0.008953 0 
1447 0.014900 0 
1448 0.012409 0 
1449 0.026886 0 
1450 0.027902 0 
1451 0.011668 0 
1452 0.010465 0 
1453 0.010901 0 
1454 0.017367 0 
1455 0.036352 0 
1456 0.020171 0 
1457 0.015553 0 
1459 0.025309 0 
1461 0.050817 0 
1462 0.034471 0 
1463 0.017898 0 
1464 0.018024 0 
1465 0.024338 0 
1466 0.008936 0 
1467 0.013700 0 
1469 0.015462 0 
1470 0.020466 0 
1471 0.027000 0 
1472 0.023686 0 
1473 0.013833 0 
1474 0.025022 0 
1475 0.008386 0 
1476 0.010146 0 
1477 0.008367 0 
1478 0.016983 0 
1479 0.028494 0 
1480 0.015665 0 
1481 0.018582 0 
1482 0.009212 0 
1483 0.017603 0 
1485 0.032697 0 
1486 0.020357 0 
1487 0.015177 0 
1488 0.018827 0 
1489 0.014971 0 
1490 0.020121 0 
1491 0.017570 0 
1492 0.014950 0 
1493 0.014808 0 
1494 0.022736 0 
1496 0.023285 0 
1498 0.013173 0 
1499 0.014625 0 
1500 0.016028 0 
1501 0.015008 0 
1502 0.018274 0 
1503 0.032061 0 
1504 0.018197 0 
1506 0.024732 0 
1507 0.008770 0 
1508 0.007122 0 
1509 0.053000 0 
1511 0.035874 0 
1513 0.024678 0 
1514 0.014943 0 
1515 0.015590 0 
1517 0.020796 0 
1518 0.013807 0 
1519 0.009419 0 
1521 0.013432 0 
1522 0.012061 0 
1523 0.024957 0 
1524 0.037294 0 
1525 0.033026 0 
1526 0.019712 0 
1527 0.013855 0 
1528 0.045488 0 
1529 0.029377 0 
1530 0.019311 0 
1531 0.016864 0 
1532 0.014055 0 
1533 0.019396 0 
1534 0.037916 0 
1535 0.031824 0 
1536 0.015381 0 
1537 0.011835 0 
1538 0.008433 0 
1540 0.042966 0 
1541 0.026499 0 
1542 0.023856 0 
1543 0.007529 0 
1544 0.009699 0 
1545 0.024766 0 
1546 0.014060 0 
1548 0.033486 0 
1549 0.021686 0 
1550 0.014649 0 
1551 0.013276 0 
1552 0.010445 0 
1553 0.016412 0 
1554 0.025622 0 
1555 0.010958 0 
1556 0.015068 0 
1557 0.010084 0 
1558 0.013841 0 
1559 0.015785 0 
1561 0.018901 0 
1562 0.018815 0 
1563 0.018434 0 
1564 0.024567 0 
1565 0.018131 0 
1566 0.021359 0 
1567 0.018450 0 
1569 0.012233 0 
1570 0.018584 0 
1571 0.023160 0 
1572 0.015538 0 
1574 0.018382 0 
1575 0.010769 0 
1576 0.010376 0 
1577 0.012496 0 
1579 0.017401 0 
1580 0.016250 0 
1581 0.009317 0 
1582 0.010426 0 
1583 0.046646 0 
1584 0.030361 0 
1586 0.017184 0 
1587 0.027591 0 
1588 0.018929 0 
1589 0.013077 0 
1590 0.013701 0 
1591 0.018348 0 
1592 0.021045 0 
1593 0.016238 0 
1594 0.018064 0 
1596 0.015329 0 
1597 0.022114 0 
1598 0.018656 0 
1599 0.012635 0 
1600 0.009718 0 
1601 0.011194 0 
1602 0.014974 0 
1603 0.012724 0 
1604 0.018902 0 
1605 0.018200 0 
1606 0.009050 0 
1607 0.009092 0 
1608 0.023448 0 
1609 0.013918 0 
1610 0.011823 0 
1611 0.019302 0 
1612 0.026891 0 
1613 0.015000 0 
1614 0.013889 0 
1615 0.049521 0 
1616 0.033154 0 
1617 0.016627 0 
1618 0.015773 0 
1619 0.013552 0 
1620 0.015029 0 
1621 0.028234 0 
1623 0.019075 0 
1624 0.023472 0 
1625 0.018443 0 
1626 0.016458 0 
1627 0.041739 0 
1628 0.025196 0 
1629 0.023317 0 
1630 0.017430 0 
1632 0.030515 0 
1633 0.021759 0 
1634 0.010804 0 
1635 0.005799 0 
1637 0.005661 0 
1639 0.029996 0 
1640 0.029440 0 
1641 0.028671 0 
1642 0.018081 0 
1645 0.020368 0 
1646 0.015805 0 
1647 0.018706 0 
1648 0.036579 0 
1649 0.023333 0 
1650 0.017379 0 
1651 0.007755 0 
1652 0.021039 0 
1653 0.018447 0 
1654 0.019447 0 
1655 0.015998 0 
1656 0.015515 0 
1658 0.034026 0 
1660 0.019046 0 
1661 0.014578 0 
1662 0.009580 0 
1663 0.017860 0 
1664 0.020549 0 
1665 0.025812 0 
1666 0.013789 0 
1668 0.018691 0 
1669 0.014056 0 
1670 0.019253 0 
1671 0.014209 0 
1672 0.007821 0 
1673 0.009236 0 
1674 0.016111 0 
1675 0.020253 0 
1676 0.027378 0 
1677 0.042244 0 
1678 0.026165 0 
1679 0.010181 0 
1680 0.009003 0 
1681 0.008308 0 
1682 0.007240 0 
1684 0.022496 0 
1685 0.015353 0 
1686 0.020783 0 
1687 0.015140 0 
1688 0.009876 0 
1689 0.008520 0 
1690 0.047087 0 
1691 0.030715 0 
1692 0.028222 0 
1693 0.011814 0 
1695 0.024521 0 
1697 0.015754 0 
1698 0.019778 0 
1699 0.012738 0 
1700 0.038006 0 
1701 0.048118 0 
1702 0.031601 0 
1703 0.023227 0 
1705 0.015965 0 
1706 0.011508 0 
1707 0.009345 0 
1708 0.011427 0 
1710 0.013193 0 
1712 0.024279 0 
1713 0.026790 0 
1714 0.024499 0 
1716 0.020883 0 
1717 0.023156 0 
1718 0.016148 0 
1720 0.015944 0 
1721 0.018675 0 
1722 0.012627 0 
1723 0.009433 0 
1724 0.007514 0 
1725 0.013819 0 
1726 0.016272 0 
1727 0.014742 0 
1728 0.025774 0 
1729 0.017430 0 
1730 0.013135 0 
1731 0.017200 0 
1732 0.011468 0 
1733 0.010426 0 
1734 0.011915 0 
1735 0.016708 0 
1736 0.017295 0 
1737 0.019223 0 
1739 0.038137 0 
1740 0.021805 0 
1741 0.027963 0 
1742 0.015434 0 
1743 0.019279 0 
1744 0.022950 0 
1745 0.038409 0 
1747 0.018888 0 
1748 0.027389 0 
1749 0.019225 0 
1750 0.013849 0 
1751 0.014540 0 
1752 0.019362 0 
1753 0.024732 0 
1754 0.013521 0 
1755 0.011082 0 
1756 0.013521 0 
1757 0.015554 0 
1758 0.016895 0 
1760 0.015818 0 
1761 0.021078 0 
1762 0.022304 0 
1763 0.024611 0 
1764 0.017215 0 
1765 0.013734 0 
1766 0.010961 0 
1768 0.013953 0 
1769 0.040457 0 
1770 0.027171 0 
1771 0.023677 0 
1773 0.010083 0 
1774 0.008296 0 
1775 0.012698 0 
1776 0.018591 0 
1778 0.014472 0 
1779 0.017998 0 
1780 0.011907 0 
1781 0.023129 0 
1782 0.017278 0 
1783 0.016005 0 
1785 0.018024 0 
1786 0.021873 0 
1787 0.032555 0 
1788 0.022377 0 
1789 0.014983 0 
1790 0.011358 0 
1791 0.019801 0 
1792 0.010569 0 
1793 0.022824 0 
1795 0.018757 0 
1796 0.023488 0 
1797 0.017987 0 
1798 0.021624 0 
1799 0.017915 0 
1800 0.020443 0 
1801 0.015551 0 
1802 0.017998 0 
1803 0.027312 0 
1804 0.019574 0 
1805 0.017619 0 
1806 0.014826 0 
1807 0.018071 0 
1808 0.011335 0 
1809 0.006288 0 
1810 0.008818 0 
1811 0.010086 0 
1812 0.011698 0 
1813 0.012029 0 
1814 0.016562 0 
1815 0.014459 0 
1816 0.015534 0 
1817 0.008289 0 
1818 0.018533 0 
1819 0.015937 0 
1820 0.025185 0 
1822 0.017395 0 
1823 0.015255 0 
1824 0.015803 0 
1825 0.019786 0 
1826 0.012270 0 
1827 0.010762 0 
1828 0.013438 0 
1829 0.008229 0 
1831 0.033577 0 
1832 0.020670 0 
1833 0.006029 0 
1834 0.014959 0 
1836 0.018487 0 
1838 0.023740 0 
1839 0.038565 0 
1840 0.038535 0 
1841 0.022232 0 
1844 0.017897 0 
1845 0.014525 0 
1846 0.015455 0 
1847 0.045749 0 
1848 0.055654 0 
1849 0.039176 0 
1850 0.030856 0 
1851 0.015007 0 
1852 0.018138 0 
1853 0.016444 0 
1854 0.012258 0 
1855 0.038042 0 
1857 0.035552 0 
1859 0.024463 0 
1860 0.026991 0 
1861 0.013267 0 
1862 0.011648 0 
1863 0.016077 0 
1864 0.017480 0 
1865 0.025161 0 
1867 0.016655 0 
1868 0.029708 0 
1869 0.027153 0 
1870 0.027005 0 
1871 0.016415 0 
1872 0.015190 0 
1873 0.009391 0 
1874 0.013470 0 
1875 0.024446 0 
1876 0.018023 0 
1877 0.009959 0 
1878 0.012411 0 
1879 0.017661 0 
1880 0.020863 0 
1881 0.011606 0 
1883 0.030188 0 
1884 0.027104 0 
1885 0.034475 0 
1886 0.017149 0 
1887 0.013048 0 
1888 0.012774 0 
1889 0.017421 0 
1890 0.014459 0 
1891 0.011758 0 
1892 0.011726 0 
1894 0.022624 0 
1896 0.011386 0 
1897 0.011634 0 
1898 0.011771 0 
1899 0.011190 0 
1900 0.013080 0 
1901 0.017825 0 
1902 0.018727 0 
1904 0.018266 0 
1905 0.018424 0 
1906 0.013040 0 
1907 0.014516 0 
1909 0.027378 0 
1911 0.017387 0 
1912 0.006901 0 
1913 0.011873 0 
1915 0.017679 0 
1916 0.011180 0 
1917 0.007751 0 
1919 0.008380 0 
1920 0.008569 0 
1921 0.017692 0 
1922 0.015798 0 
1923 0.032973 0 
1924 0.028637 0 
1925 0.028161 0 
1926 0.010882 0 
1927 0.019930 0 
1928 0.012081 0 
1929 0.009787 0 
1930 0.015335 0 
1931 0.023183 0 
1932 0.027131 0 
1933 0.035339 0 
1934 0.026832 0 
1935 0.018064 0 
1936 0.015906 0 
1938 0.012625 0 
1939 0.007751 0 
1940 0.010923 0 
1941 0.018502 0 
1942 0.012675 0 
1943 0.028415 0 
1944 0.018187 0 
1946 0.017329 0 
1947 0.054990 0 
1948 0.038442 0 
1949 0.021852 0 
1950 0.023271 0 
1951 0.022311 0 
1952 0.024109 0 
1953 0.018967 0 
1954 0.014238 0 
1955 0.017749 0 
1956 0.010127 0 
1957 0.011658 0 
1959 0.016443 0 
1960 0.021858 0 
1961 0.018593 0 
1962 0.015355 0 
1963 0.010315 0 
1964 0.014393 0 
1965 0.011305 0 
1967 0.022865 0 
1968 0.023978 0 
1969 0.021976 0 
1970 0.015915 0 
1972 0.015848 0 
1973 0.012083 0 
1974 0.015180 0 
1975 0.013913 0 
1977 0.016724 0 
1978 0.022491 0 
1979 0.011434 0 
1980 0.009970 0 
1981 0.016728 0 
1982 0.011544 0 
1984 0.018391 0 
1985 0.021995 0 
1986 0.026455 0 
1987 0.009955 0 
1988 0.011569 0 
1989 0.029992 0 
1990 0.017880 0 
1991 0.010634 0 
1992 0.031829 0 
1994 0.017726 0 
1995 0.009750 0 
1996 0.011708 0 
1997 0.015304 0 
1998 0.016442 0 
1999 0.013726 0 
2000 0.014746 0 
2001 0.012440 0 
2002 0.018897 0 
2003 0.015395 0 
2004 0.017058 0 
2005 0.013439 0 
2006 0.015124 0 
2007 0.016869 0 
2008 0.014866 0 
2009 0.012411 0 
2010 0.011284 0 
2011 0.015315 0 
2012 0.016725 0 
2013 0.024760 0 
2014 0.010904 0 
2015 0.011374 0 
2016 0.014094 0 
2017 0.011362 0 
2018 0.012349 0 
2019 0.026282 0 
2021 0.022028 0 
2022 0.032646 0 
2023 0.016344 0 
2024 0.024572 0 
2025 0.019226 0 
2026 0.021262 0 
2027 0.010348 0 
2028 0.017058 0 
2030 0.036052 0 
2031 0.032585 0 
2032 0.016359 0 
2033 0.015999 0 
2035 0.017158 0 
2037 0.036478 0 
2038 0.026654 0 
2039 0.026491 0 
2040 0.031164 0 
2043 0.024724 0 
2044 0.011293 0 
2045 0.014658 0 
2046 0.034184 0 
2047 0.040823 0 
2048 0.024418 0 
2049 0.011521 0 
2050 0.021584 0 
2051 0.025464 0 
2052 0.008600 0 
2053 0.021160 0 
2054 0.018414 0 
2056 0.021460 0 
2058 0.026964 0 
2059 0.010564 0 
2060 0.040522 0 
2061 0.024171 0 
2062 0.019755 0 
2063 0.026493 0 
2064 0.019634 0 
2066 0.022139 0 
2067 0.027112 0 
2068 0.022141 0 
2069 0.011267 0 
2070 0.018047 0 
2071 0.010930 0 
2072 0.019625 0 
2073 0.021070 0 
2074 0.016025 0 
2075 0.020169 0 
2076 0.016102 0 
2077 0.014433 0 
2078 0.028059 0 
2079 0.035024 0 
2080 0.019270 0 
2082 0.034055 0 
2083 0.033639 0 
2084 0.021366 0 
2085 0.014047 0 
2086 0.012934 0 
2087 0.010808 0 
2088 0.012503 0 
2089 0.012233 0 
2090 0.013148 0 
2091 0.011832 0 
2093 0.018142 0 
2095 0.015283 0 
2096 0.012633 0 
2097 0.012182 0 
2098 0.019948 0 
2099 0.023740 0 
2100 0.018505 0 
2101 0.025981 0 
2103 0.028159 0 
2104 0.011522 0 
2105 0.010053 0 
2106 0.009400 0 
2108 0.019505 0 
2110 0.046173 0 
2111 0.029859 0 
2112 0.013249 0 
2114 0.014650 0 
2115 0.010712 0 
2116 0.007592 0 
2118 0.023800 0 
2119 0.028699 0 
2120 0.012214 0 
2121 0.019633 0 
2122 0.015542 0 
2123 0.020359 0 
2124 0.024086 0 
2125 0.016425 0 
2126 0.011543 0 
2127 0.010785 0 
2128 0.012219 0 
2129 0.021096 0 
2130 0.012082 0 
2131 0.013681 0 
2132 0.021663 0 
2133 0.016675 0 
2134 0.014542 0 
2135 0.019900 0 
2137 0.021252 0 
2138 0.015956 0 
2139 0.023916 0 
2140 0.029290 0 
2141 0.018992 0 
2142 0.019554 0 
2143 0.018351 0 
2145 0.012272 0 
2146 0.048397 0 
2147 0.031882 0 
2148 0.027001 0 
2149 0.035917 0 
2150 0.036644 0 
2151 0.029683 0 
2152 0.013557 0 
2153 0.025269 0 
2154 0.027952 0 
2155 0.011553 0 
2156 0.009386 0 
2158 0.010183 0 
2159 0.012374 0 
2160 0.011410 0 
2161 0.021373 0 
2162 0.017619 0 
2163 0.015734 0 
2164 0.009993 0 
2166 0.007859 0 
2167 0.011457 0 
2168 0.011958 0 
2169 0.017762 0 
2171 0.015810 0 
2172 0.013442 0 
2173 0.009244 0 
2174 0.012813 0 
2176 0.017124 0 
2177 0.018465 0 
2178 0.020940 0 
2179 0.018585 0 
2180 0.017934 0 
2181 0.013015 0 
2183 0.010966 0 
2184 0.012303 0 
2185 0.030508 0 
2186 0.016626 0 
2187 0.009297 0 
2188 0.014700 0 
2189 0.016185 0 
2190 0.018136 0 
2191 0.018209 0 
2193 0.016746 0 
2194 0.016766 0 
2195 0.014393 0 
2196 0.015566 0 
2197 0.017513 0 
2198 0.021103 0 
2199 0.011790 0 
2200 0.013012 0 
2201 0.031635 0 
2202 0.015247 0 
2203 0.017585 0 
2204 0.017096 0 
2205 0.035711 0 
2206 0.019733 0 
2207 0.017969 0 
2208 0.023045 0 
2209 0.027723 0 
2210 0.034998 0 
2211 0.018643 0 
2212 0.011951 0 
2213 0.014472 0 
2214 0.016767 0 
2215 0.011337 0 
2216 0.015299 0 
2217 0.013129 0 
2218 0.011399 0 
2220 0.022491 0 
2221 0.028701 0 
2222 0.012522 0 
2223 0.010926 0 
2224 0.030365 0 
2225 0.013529 0 
2226 0.013787 0 
2227 0.011248 0 
2229 0.040613 0 
2230 0.024236 0 
2231 0.015421 0 
2232 0.016504 0 
2234 0.012811 0 
2236 0.039989 0 
2237 0.030633 0 
2238 0.023837 0 
2239 0.016775 0 
2242 0.023225 0 
2243 0.019829 0 
2244 0.039854 0 
2245 0.046385 0 
2246 0.037896 0 
2247 0.027220 0 
2248 0.024439 0 
2249 0.017067 0 
2250 0.017550 0 
2251 0.011150 0 
2252 0.010472 0 
2253 0.020284 0 
2255 0.019501 0 
2257 0.027771 0 
2258 0.013410 0 
2259 0.038891 0 
2260 0.022640 0 
2261 0.025516 0 
2262 0.034892 0 
2263 0.029077 0 
2265 0.048390 0 
2266 0.044590 0 
2267 0.028219 0 
2268 0.021554 0 
2269 0.015028 0 
2270 0.015572 0 
2271 0.019156 0 
2272 0.012840 0 
2273 0.024984 0 
2274 0.026605 0 
2275 0.026635 0 
2276 0.018358 0 
2277 0.024805 0 
2278 0.018132 0 
2279 0.015398 0 
2281 0.033091 0 
2282 0.043388 0 
2283 0.025528 0 
2284 0.022860 0 
2285 0.011409 0 
2286 0.012532 0 
2287 0.016552 0 
2288 0.017242 0 
2289 0.030389 0 
2290 0.016882 0 
2292 0.024967 0 
2294 0.030233 0 
2295 0.029000 0 
2296 0.017390 0 
2297 0.014680 0 
2298 0.025829 0 
2299 0.027479 0 
2300 0.014952 0 
2302 0.021876 0 
2303 0.011998 0 
2304 0.015427 0 
2305 0.012889 0 
2307 0.026410 0 
2309 0.020834 0 
2310 0.011835 0 
2311 0.011247 0 
2313 0.022390 0 
2314 0.029139 0 
2315 0.012941 0 
2317 0.021131 0 
2318 0.017280 0 
2319 0.012555 0 
2320 0.013532 0 
2321 0.010302 0 
2322 0.013726 0 
2323 0.010317 0 
2324 0.016049 0 
2325 0.015815 0 
2326 0.017656 0 
2327 0.012203 0 
2328 0.019347 0 
2329 0.023741 0 
2330 0.014689 0 
2331 0.023010 0 
2332 0.035511 0 
2333 0.019061 0 
2334 0.016099 0 
2336 0.020903 0 
2337 0.013629 0 
2338 0.017003 0 
2339 0.021172 0 
2340 0.027602 0 
2341 0.035142 0 
2342 0.032072 0 
2344 0.022781 0 
2345 0.025692 0 
2346 0.014778 0 
2347 0.012335 0 
2348 0.014426 0 
2349 0.044294 0 
2350 0.028077 0 
2351 0.038016 0 
2352 0.021827 0 
2353 0.015034 0 
2354 0.015536 0 
2355 0.016060 0 
2357 0.021023 0 
2358 0.027626 0 
2359 0.024633 0 
2360 0.024465 0 
2361 0.010897 0 
2362 0.011646 0 
2363 0.014605 0 
2365 0.014226 0 
2366 0.017160 0 
2367 0.019142 0 
2368 0.026788 0 
2370 0.011094 0 
2371 0.010764 0 
2372 0.011500 0 
2373 0.009778 0 
2375 0.024229 0 
2376 0.039333 0 
2377 0.023083 0 
2378 0.012114 0 
2379 0.010899 0 
2380 0.028808 0 
2382 0.040553 0 
2383 0.026050 0 
2384 0.017766 0 
2385 0.016593 0 
2386 0.017727 0 
2387 0.028109 0 
2388 0.022283 0 
2389 0.026449 0 
2390 0.023824 0 
2392 0.015738 0 
2393 0.022245 0 
2394 0.013893 0 
2395 0.038696 0 
2396 0.022468 0 
2397 0.013804 0 
2398 0.009918 0 
2399 0.011042 0 
2400 0.030204 0 
2401 0.017401 0 
2402 0.009314 0 
2403 0.012046 0 
2404 0.010693 0 
2405 0.011535 0 
2406 0.014236 0 
2407 0.009548 0 
2408 0.012957 0 
2409 0.008357 0 
2410 0.010616 0 
2411 0.012919 0 
2412 0.010241 0 
2413 0.009422 0 
2414 0.013782 0 
2415 0.008386 0 
2416 0.011643 0 
2417 0.008957 0 
2419 0.034724 0 
2420 0.018430 0 
2421 0.015293 0 
2422 0.022999 0 
2423 0.017657 0 
2424 0.011413 0 
2425 0.011656 0 
2426 0.021418 0 
2428 0.043374 0 
2429 0.025760 0 
2430 0.009395 0 
2431 0.028979 0 
2433 0.006453 0 
2435 0.035417 0 
2436 0.019017 0 
2437 0.030172 0 
2438 0.013791 0 
2441 0.016710 0 
2442 0.017041 0 
2443 0.015595 0 
2444 0.031505 0 
2445 0.014099 0 
2446 0.029510 0 
2447 0.013666 0 
2448 0.016670 0 
2449 0.034352 0 
2450 0.025516 0 
2451 0.024508 0 
2452 0.022708 0 
2454 0.011474 0 
2456 0.013701 0 
2457 0.026377 0 
2458 0.009969 0 
2459 0.009146 0 
2460 0.008815 0 
2461 0.006352 0 
2462 0.033327 0 
2464 0.012610 0 
2465 0.010717 0 
2466 0.009358 0 
2467 0.021197 0 
2468 0.010919 0 
2469 0.009017 0 
2470 0.015029 0 
2471 0.006999 0 
2472 0.007570 0 
2473 0.010380 0 
2474 0.008095 0 
2475 0.020646 0 
2476 0.022945 0 
2477 0.023409 0 
2478 0.022033 0 
2480 0.034769 0 
2481 0.035915 0 
2482 0.019339 0 
2483 0.023654 0 
2484 0.016029 0 
2485 0.016009 0 
2486 0.009001 0 
2487 0.018575 0 
2488 0.022106 0 
2489 0.019429 0 
2491 0.025306 0 
2493 0.015511 0 
2494 0.013206 0 
2495 0.009909 0 
2496 0.018468 0 
2497 0.013071 0 
2498 0.032125 0 
2499 0.015845 0 
2501 0.026011 0 
2502 0.020385 0 
2503 0.023591 0 
2504 0.016154 0 
2506 0.028228 0 
2508 0.023593 0 
2509 0.020569 0 
2510 0.020892 0 
2512 0.039043 0 
2513 0.040349 0 
2514 0.024063 0 
2516 0.016000 0 
2517 0.021108 0 
2518 0.014820 0 
2519 0.055272 0 
2520 0.038776 0 
2521 0.022248 0 
2522 0.034595 0 
2523 0.017925 0 
2524 0.050128 0 
2525 0.049206 0 
2526 0.033041 0 
2527 0.016354 0 
2528 0.018498 0 
2529 0.014290 0 
2530 0.027873 0 
2531 0.019385 0 
2532 0.016878 0 
2533 0.024491 0 
2535 0.017057 0 
2536 0.014739 0 
2537 0.014190 0 
2538 0.013007 0 
2539 0.019997 0 
2540 0.023917 0 
2541 0.024733 0 
2543 0.024653 0 
2544 0.012277 0 
2545 0.016191 0 
2546 0.015779 0 
2547 0.010885 0 
2548 0.023963 0 
2549 0.019599 0 
2550 0.023472 0 
2551 0.021413 0 
2552 0.016346 0 
2553 0.018423 0 
2554 0.016296 0 
2556 0.033814 0 
2557 0.031279 0 
2558 0.014749 0 
2559 0.015287 0 
2560 0.011152 0 
2561 0.032996 0 
2562 0.016487 0 
2564 0.018069 0 
2565 0.014640 0 
2566 0.018553 0 
2567 0.035764 0 
2569 0.011190 0 
2570 0.015217 0 
2571 0.018440 0 
2572 0.020762 0 
2574 0.020282 0 
2575 0.021215 0 
2576 0.014326 0 
2577 0.012307 0 
2578 0.014307 0 
2579 0.013170 0 
2581 0.016150 0 
2582 0.018589 0 
2583 0.015648 0 
2584 0.011555 0 
2585 0.009632 0 
2586 0.011765 0 
2587 0.018625 0 
2588 0.019217 0 
2589 0.007935 0 
2591 0.030480 0 
2592 0.014935 0 
2593 0.014784 0 
2594 0.019929 0 
2595 0.015468 0 
2596 0.013032 0 
2597 0.010226 0 
2598 0.028767 0 
2599 0.024268 0 
2600 0.013341 0 
2601 0.018803 0 
2602 0.018129 0 
2603 0.011749 0 
2604 0.021835 0 
2605 0.017905 0 
2606 0.023884 0 
2607 0.036897 0 
2608 0.018894 0 
2609 0.026578 0 
2610 0.022135 0 
2611 0.027261 0 
2612 0.036759 0 
2613 0.020771 0 
2614 0.018839 0 
2615 0.028950 0 
2616 0.018327 0 
2618 0.017504 0 
2619 0.014893 0 
2620 0.015215 0 
2621 0.016569 0 
2622 0.072128 0 
2623 0.055814 0 
2624 0.064446 0 
2625 0.047836 0 
2627 0.027580 0 
2628 0.028870 0 
2629 0.012685 0 
2630 0.010108 0 
2632 0.008344 0 
2634 0.028240 0 
2635 0.028113 0 
2636 0.020348 0 
2637 0.013879 0 
2640 0.020586 0 
2641 0.007999 0 
2642 0.009272 0 
2643 0.029454 0 
2644 0.013022 0 
2645 0.023211 0 
2646 0.014950 0 
2647 0.017019 0 
2648 0.009061 0 
2649 0.006087 0 
2650 0.012214 0 
2651 0.008310 0 
2653 0.012413 0 
2655 0.024577 0 
2656 0.014148 0 
2657 0.012287 0 
2658 0.012420 0 
2659 0.011934 0 
2660 0.019448 0 
2661 0.012801 0 
2663 0.013255 0 
2664 0.009631 0 
2665 0.008121 0 
2666 0.019417 0 
2667 0.012260 0 
2668 0.010148 0 
2669 0.009109 0 
2670 0.012744 0 
2671 0.011169 0 
2672 0.013513 0 
2673 0.012490 0 
2674 0.016775 0 
2675 0.013970 0 
2676 0.012822 0 
2677 0.014639 0 
2679 0.039488 0 
2680 0.033590 0 
2681 0.036419 0 
2682 0.020314 0 
2683 0.009075 0 
2684 0.020017 0 
2685 0.016131 0 
2686 0.017249 0 
2687 0.013141 0 
2688 0.016804 0 
2690 0.063758 0 
2692 0.031002 0 
2693 0.021582 0 
2694 0.015411 0 
2695 0.012938 0 
2696 0.009125 0 
2697 0.014424 0 
2698 0.015051 0 
2700 0.058288 0 
2701 0.042153 0 
2702 0.025992 0 
2703 0.020830 0 
2705 0.013641 0 
2707 0.013613 0 
2708 0.007008 0 
2709 0.007434 0 
2711 0.010032 0 
2712 0.013603 0 
2713 0.008552 0 
2715 0.011546 0 
2716 0.008622 0 
2717 0.008451 0 
2718 0.010669 0 
2719 0.007858 0 
2720 0.015268 0 
2721 0.017802 0 
2722 0.018931 0 
2723 0.009316 0 
2724 0.015574 0 
2725 0.011854 0 
2726 0.018575 0 
2727 0.009712 0 
2728 0.013230 0 
2729 0.015350 0 
2730 0.028254 0 
2731 0.011822 0 
2732 0.010513 0 
2734 0.011358 0 
2735 0.011670 0 
2736 0.010992 0 
2737 0.013290 0 
2738 0.015681 0 
2739 0.013829 0 
2740 0.024336 0 
2742 0.014646 0 
2743 0.009977 0 
2744 0.009785 0 
2745 0.010055 0 
2746 0.017166 0 
2747 0.011868 0 
2748 0.011843 0 
2749 0.008725 0 
2750 0.008442 0 
2751 0.009561 0 
2752 0.010373 0 
2753 0.022519 0 
2755 0.009865 0 
2756 0.011223 0 
2757 0.012107 0 
2758 0.014032 0 
2759 0.032760 0 
2760 0.019192 0 
2761 0.027086 0 
2763 0.011395 0 
2764 0.014444 0 
2765 0.013824 0 
2766 0.018824 0 
2768 0.010177 0 
2769 0.027651 0 
2770 0.035644 0 
2771 0.030926 0 
2773 0.017175 0 
2774 0.017190 0 
2775 0.031588 0 
2776 0.035366 0 
2777 0.019063 0 
2778 0.020055 0 
2780 0.013856 0 
2781 0.014726 0 
2782 0.015826 0 
2783 0.010220 0 
2784 0.010165 0 
2785 0.010812 0 
2786 0.013004 0 
2787 0.009775 0 
2788 0.007879 0 
2790 0.015450 0 
2791 0.011125 0 
2792 0.008536 0 
2793 0.020366 0 
2794 0.018126 0 
2795 0.006261 0 
2796 0.023312 0 
2797 0.010757 0 
2798 0.017586 0 
2799 0.012840 0 
2800 0.010493 0 
2801 0.007391 0 
2802 0.009557 0 
2803 0.020830 0 
2804 0.015115 0 
2805 0.039512 0 
2806 0.032254 0 
2807 0.015878 0 
2808 0.022294 0 
2809 0.030364 0 
2810 0.014030 0 
2811 0.009989 0 
2812 0.019173 0 
2813 0.019017 0 
2814 0.008724 0 
2815 0.008173 0 
2817 0.009734 0 
2818 0.013944 0 
2819 0.015512 0 
2820 0.014311 0 
2821 0.032856 0 
2822 0.016607 0 
2823 0.029394 0 
2824 0.017083 0 
2826 0.021840 0 
2827 0.011130 0 
2828 0.005855 0 
2829 0.005486 0 
2831 0.006872 0 
2833 0.026208 0 
2834 0.033291 0 
2835 0.032711 0 
2836 0.018265 0 
2839 0.024389 0 
2840 0.020016 0 
2841 0.019204 0 
2842 0.036345 0 
2843 0.030298 0 
2844 0.027782 0 
2845 0.016503 0 
2846 0.030121 0 
2847 0.013293 0 
2848 0.013109 0 
2849 0.014776 0 
2850 0.011321 0 
2852 0.017630 0 
2854 0.042980 0 
2855 0.026632 0 
2856 0.013646 0 
2857 0.024985 0 
2858 0.019755 0 
2859 0.016507 0 
2860 0.013989 0 
2862 0.021780 0 
2863 0.019400 0 
2864 0.026845 0 
2865 0.041438 0 
2866 0.025131 0 
2867 0.012851 0 
2868 0.015219 0 
2869 0.010013 0 
2870 0.016394 0 
2871 0.023760 0 
2872 0.016857 0 
2873 0.021483 0 
2874 0.024868 0 
2875 0.025429 0 
2876 0.017708 0 
2878 0.034720 0 
2879 0.035977 0 
2880 0.021587 0 
2881 0.012740 0 
2882 0.016489 0 
2883 0.019307 0 
2884 0.014626 0 
2885 0.018280 0 
2886 0.011219 0 
2887 0.013877 0 
2889 0.012518 0 
2891 0.008886 0 
2892 0.015197 0 
2893 0.018393 0 
2894 0.015844 0 
2895 0.014814 0 
2896 0.014375 0 
2897 0.015350 0 
2899 0.011810 0 
2900 0.011363 0 
2901 0.011174 0 
2902 0.013112 0 
2904 0.012056 0 
2906 0.012393 0 
2907 0.012781 0 
2908 0.017765 0 
2910 0.014667 0 
2911 0.009819 0 
2912 0.013664 0 
2914 0.014417 0 
2915 0.010102 0 
2916 0.008198 0 
2917 0.012322 0 
2918 0.007831 0 
2919 0.014685 0 
2920 0.009589 0 
2921 0.014834 0 
2922 0.013187 0 
2923 0.016667 0 
2924 0.023612 0 
2925 0.011140 0 
2926 0.013547 0 
2927 0.011400 0 
2928 0.012907 0 
2929 0.009524 0 
2930 0.013366 0 
2931 0.011566 0 
2933 0.034297 0 
2934 0.028844 0 
2935 0.034477 0 
2936 0.018239 0 
2937 0.073120 0 
2938 0.056669 0 
2939 0.040109 0 
2941 0.006770 0 
2942 0.012598 0 
2943 0.012174 0 
2944 0.023269 0 
2945 0.015883 0 
2946 0.017318 0 
2947 0.019811 0 
2948 0.011432 0 
2949 0.012702 0 
2950 0.050982 0 
2951 0.035109 0 
2952 0.019318 0 
2954 0.015195 0 
2955 0.016965 0 
2956 0.028949 0 
2957 0.029804 0 
2958 0.017873 0 
2959 0.015824 0 
2960 0.013679 0 
2962 0.013423 0 
2963 0.018020 0 
2964 0.014772 0 
2965 0.013054 0 
2967 0.012520 0 
2968 0.011151 0 
2969 0.012340 0 
2970 0.021044 0 
2972 0.019994 0 
2973 0.037246 0 
2974 0.020586 0 
2975 0.018214 0 
2976 0.010282 0 
2977 0.014431 0 
2979 0.039547 0 
2980 0.033073 0 
2981 0.031452 0 
2982 0.015147 0 
2983 0.017139 0 
2984 0.018813 0 
2985 0.037051 0 
2986 0.047858 0 
2987 0.031662 0 
2989 0.017544 0 
2990 0.016290 0 
2991 0.011842 0 
2992 0.018515 0 
2993 0.017531 0 
2994 0.014264 0 
2995 0.013040 0 
2996 0.011604 0 
2997 0.016388 0 
2998 0.014373 0 
2999 0.014012 0 
3000 0.015209 0 
3001 0.012668 0 
3002 0.011779 0 
3003 0.014549 0 
3004 0.012933 0 
3005 0.024769 0 
3006 0.026047 0 
3007 0.012664 0 
3008 0.011524 0 
3009 0.012599 0 
3010 0.011725 0 
3011 0.010638 0 
3012 0.010066 0 
3013 0.016394 0 
3014 0.019479 0 
3016 0.040635 0 
3017 0.024320 0 
3018 0.030099 0 
3019 0.013370 0 
3020 0.009920 0 
3021 0.012640 0 
3022 0.011865 0 
3023 0.007040 0 
3025 0.049457 0 
3026 0.032793 0 
3027 0.016614 0 
3028 0.004815 0 
3030 0.008110 0 
3032 0.014339 0 
3033 0.029899 0 
3034 0.025530 0 
3035 0.018015 0 
3038 0.016965 0 
3039 0.011013 0 
3040 0.026231 0 
3041 0.038669 0 
3042 0.022473 0 
3043 0.039747 0 
3044 0.024266 0 
3045 0.015324 0 
3046 0.022709 0 
3047 0.018003 0 
3048 0.017654 0 
3049 0.023996 0 
3051 0.029141 0 
3053 0.025151 0 
3054 0.027047 0 
3055 0.039816 0 
3056 0.024289 0 
3057 0.023562 0 
3058 0.011958 0 
3059 0.009650 0 
3061 0.014944 0 
3062 0.012333 0 
3063 0.019556 0 
3064 0.007260 0 
3065 0.018951 0 
3066 0.006419 0 
3067 0.009888 0 
3068 0.013030 0 
3069 0.021930 0 
3070 0.028893 0 
3071 0.017363 0 
3072 0.024862 0 
3073 0.027509 0 
3074 0.016235 0 
3075 0.015024 0 
3077 0.022090 0 
3078 0.018020 0 
3079 0.009068 0 
3080 0.013658 0 
3081 0.019947 0 
3082 0.009049 0 
3083 0.011214 0 
3084 0.012798 0 
3085 0.009660 0 
3086 0.017940 0 
3088 0.022514 0 
3090 0.012087 0 
3091 0.011675 0 
3092 0.014398 0 
3093 0.012376 0 
3094 0.021252 0 
3095 0.022192 0 
3096 0.023032 0 
3098 0.021093 0 
3099 0.011018 0 
3100 0.014953 0 
3101 0.016071 0 
3103 0.023438 0 
3105 0.020684 0 
3106 0.014270 0 
3107 0.016181 0 
3109 0.024046 0 
3110 0.016901 0 
3111 0.033121 0 
3113 0.017663 0 
3114 0.071177 0 
3115 0.054805 0 
3116 0.038088 0 
3117 0.028225 0 
3118 0.033653 0 
3119 0.027045 0 
3120 0.016662 0 
3121 0.020246 0 
3122 0.018742 0 
3123 0.018820 0 
3124 0.016131 0 
3125 0.017877 0 
3126 0.018836 0 
3127 0.012522 0 
3128 0.013936 0 
3129 0.007701 0 
3130 0.009926 0 
3132 0.034348 0 
3133 0.022320 0 
3134 0.025233 0 
3135 0.016396 0 
3136 0.023462 0 
3137 0.019575 0 
3138 0.013408 0 
3140 0.007149 0 
3141 0.007603 0 
3142 0.011129 0 
3143 0.012684 0 
3144 0.025580 0 
3145 0.013340 0 
3146 0.009176 0 
3147 0.007609 0 
3148 0.012419 0 
3149 0.010794 0 
3150 0.012167 0 
3151 0.007893 0 
3153 0.008266 0 
3154 0.018058 0 
3155 0.018036 0 
3156 0.015681 0 
3157 0.017599 0 
3158 0.014212 0 
3159 0.012590 0 
3161 0.018489 0 
3162 0.021043 0 
3163 0.037235 0 
3164 0.031564 0 
3166 0.021861 0 
3167 0.052097 0 
3168 0.035665 0 
3169 0.019016 0 
3171 0.029447 0 
3172 0.025902 0 
3173 0.017565 0 
3174 0.018519 0 
3175 0.009973 0 
3176 0.016809 0 
3178 0.015806 0 
3179 0.018584 0 
3180 0.026589 0 
3181 0.010299 0 
3182 0.014381 0 
3183 0.014635 0 
3184 0.012845 0 
3185 0.013498 0 
3186 0.011202 0 
3188 0.015972 0 
3189 0.017705 0 
3190 0.009879 0 
3191 0.015060 0 
3192 0.024692 0 
3193 0.032837 0 
3194 0.016454 0 
3195 0.029458 0 
3196 0.026996 0 
3197 0.010796 0 
3198 0.010874 0 
3199 0.018862 0 
3200 0.011860 0 
3201 0.012122 0 
3202 0.008811 0 
3203 0.012094 0 
3204 0.013178 0 
3205 0.012464 0 
3206 0.013388 0 
3207 0.024271 0 
3208 0.014713 0 
3209 0.016042 0 
3210 0.015654 0 
3211 0.014485 0 
3212 0.014044 0 
3213 0.015628 0 
3215 0.019785 0 
3216 0.022189 0 
3217 0.034448 0 
3218 0.018284 0 
3219 0.015034 0 
3220 0.010468 0 
3221 0.030140 0 
3222 0.022267 0 
3224 0.027634 0 
3225 0.013764 0 
3226 0.010096 0 
3227 0.007375 0 
3229 0.011822 0 
3231 0.040760 0 
3232 0.036884 0 
3233 0.025595 0 
3234 0.016985 0 
3237 0.023118 0 
3238 0.011292 0 
3239 0.010574 0 
3240 0.035897 0 
3241 0.026707 0 
3242 0.012243 0 
3243 0.011566 0 
3244 0.025071 0 
3245 0.012773 0 
3246 0.011456 0 
3247 0.012667 0 
3248 0.017778 0 
3250 0.017242 0 
3252 0.022709 0 
3253 0.014904 0 
3254 0.020572 0 
3255 0.012423 0 
3256 0.020809 0 
3257 0.018346 0 
3258 0.020843 0 
3260 0.017994 0 
3261 0.024877 0 
3262 0.022062 0 
3263 0.015266 0 
3264 0.023864 0 
3265 0.016015 0 
3266 0.021925 0 
3267 0.019823 0 
3268 0.012740 0 
3269 0.018890 0 
3270 0.017562 0 
3271 0.012111 0 
3272 0.008315 0 
3273 0.024793 0 
3274 0.014010 0 
3276 0.030403 0 
3277 0.026476 0 
3278 0.032619 0 
3279 0.016533 0 
3280 0.011405 0 
3281 0.015569 0 
3282 0.014488 0 
3283 0.015685 0 
3284 0.006825 0 
3285 0.018392 0 
3287 0.037151 0 
3289 0.013121 0 
3290 0.008076 0 
3291 0.016581 0 
3292 0.014324 0 
3293 0.010973 0 
3294 0.016727 0 
3295 0.015482 0 
3297 0.020271 0 
3298 0.009973 0 
3299 0.016779 0 
3300 0.011461 0 
3302 0.026558 0 
3304 0.013753 0 
3305 0.008410 0 
3306 0.014038 0 
3308 0.025807 0 
3309 0.023022 0 
3310 0.017514 0 
3312 0.031940 0 
3313 0.032649 0 
3314 0.021031 0 
3315 0.047251 0 
3316 0.036294 0 
3317 0.019637 0 
3318 0.024458 0 
3319 0.016861 0 
3320 0.017397 0 
3321 0.024803 0 
3322 0.017598 0 
3323 0.018865 0 
3324 0.018117 0 
3325 0.038780 0 
3326 0.022451 0 
3327 0.026876 0 
3328 0.014522 0 
3329 0.021722 0 
3331 0.030586 0 
3332 0.026365 0 
3333 0.011772 0 
3334 0.010082 0 
3335 0.025572 0 
3336 0.029915 0 
3337 0.021873 0 
3339 0.012158 0 
3340 0.009060 0 
3341 0.011676 0 
3342 0.023784 0 
3343 0.018190 0 
3344 0.008190 0 
3345 0.012073 0 
3346 0.022977 0 
3347 0.012310 0 
3348 0.013257 0 
3349 0.009145 0 
3350 0.017041 0 
3352 0.018275 0 
3353 0.023535 0 
3354 0.015184 0 
3355 0.012023 0 
3356 0.008347 0 
3357 0.011421 0 
3358 0.007792 0 
3360 0.011989 0 
3361 0.015308 0 
3362 0.019388 0 
3363 0.030776 0 
3365 0.010757 0 
3366 0.018822 0 
3367 0.018683 0 
3368 0.013273 0 
3370 0.011195 0 
3371 0.012265 0 
3372 0.009467 0 
3373 0.009859 0 
3374 0.011315 0 
3375 0.011255 0 
3377 0.015728 0 
3378 0.014789 0 
3379 0.016025 0 
3380 0.013681 0 
3381 0.018611 0 
3382 0.008922 0 
3383 0.013774 0 
3384 0.015295 0 
3385 0.011413 0 
3387 0.012167 0 
3388 0.011086 0 
3389 0.012136 0 
3390 0.016697 0 
3391 0.012815 0 
3392 0.010530 0 
3393 0.010524 0 
3394 0.007922 0 
3395 0.010329 0 
3396 0.008654 0 
3397 0.020247 0 
3398 0.011078 0 
3399 0.012245 0 
3400 0.018592 0 
3401 0.019590 0 
3402 0.014310 0 
3403 0.027192 0 
3404 0.019078 0 
3405 0.014537 0 
3406 0.013211 0 
3407 0.027932 0 
3408 0.032272 0 
3409 0.022679 0 
3410 0.019477 0 
3411 0.018244 0 
3412 0.014921 0 
3414 0.047677 0 
3415 0.030944 0 
3416 0.017349 0 
3417 0.020106 0 
3418 0.011587 0 
3419 0.022457 0 
3420 0.022602 0 
3421 0.020593 0 
3423 0.048892 0 
3424 0.032219 0 
3425 0.016053 0 
3426 0.016658 0 
3428 0.018350 0 
3430 0.036019 0 
3431 0.022978 0 
3432 0.028097 0 
3433 0.022970 0 
3436 0.030327 0 
3437 0.021781 0 
3438 0.015890 0 
3439 0.036086 0 
3440 0.024274 0 
3441 0.019682 0 
3442 0.011461 0 
3443 0.014739 0 
3444 0.012840 0 
3445 0.013921 0 
3446 0.011400 0 
3447 0.010590 0 
3449 0.022814 0 
3451 0.020595 0 
3452 0.014665 0 
3453 0.020537 0 
3454 0.038434 0 
3455 0.028070 0 
3456 0.016296 0 
3457 0.020386 0 
3459 0.017340 0 
3460 0.023496 0 
3461 0.029780 0 
3462 0.017958 0 
3463 0.012479 0 
3464 0.008577 0 
3465 0.012044 0 
3466 0.008434 0 
3467 0.015665 0 
3468 0.016374 0 
3469 0.015790 0 
3470 0.018864 0 
3471 0.012673 0 
3472 0.010831 0 
3473 0.013631 0 
3475 0.024082 0 
3476 0.022192 0 
3477 0.011312 0 
3478 0.016608 0 
3479 0.020809 0 
3480 0.010576 0 
3481 0.014140 0 
3482 0.014875 0 
3483 0.012337 0 
3484 0.011764 0 
3486 0.023710 0 
3488 0.013991 0 
3489 0.013368 0 
3490 0.028916 0 
3491 0.012184 0 
3492 0.015020 0 
3493 0.017072 0 
3494 0.016464 0 
3496 0.042159 0 
3497 0.026447 0 
3498 0.016248 0 
3499 0.011462 0 
3501 0.091582 0 
3503 0.058216 0 
3504 0.041960 0 
3505 0.025540 0 
3507 0.020319 0 
3508 0.015044 0 
3509 0.012043 0 
3511 0.012734 0 
3512 0.019866 0 
3513 0.012771 0 
3514 0.017648 0 
3515 0.013324 0 
3516 0.016822 0 
3517 0.016290 0 
3518 0.014340 0 
3519 0.010831 0 
3520 0.015527 0 
3521 0.022372 0 
3522 0.011102 0 
3523 0.010450 0 
3524 0.016587 0 
3525 0.016539 0 
3526 0.024638 0 
3527 0.025084 0 
3528 0.018052 0 
3530 0.019573 0 
3531 0.017158 0 
3532 0.013206 0 
3533 0.010190 0 
3534 0.020259 0 
3535 0.017674 0 
3536 0.019454 0 
3538 0.013579 0 
3539 0.009299 0 
3540 0.008998 0 
3541 0.013425 0 
3542 0.035630 0 
3543 0.032226 0 
3544 0.021098 0 
3545 0.016809 0 
3546 0.017438 0 
3547 0.009842 0 
3548 0.012937 0 
3549 0.009918 0 
3551 0.016752 0 
3552 0.022235 0 
3553 0.023516 0 
3554 0.021770 0 
3555 0.009839 0 
3556 0.015695 0 
3557 0.015834 0 
3559 0.013252 0 
3560 0.018568 0 
3561 0.020301 0 
3562 0.023396 0 
3564 0.016081 0 
3565 0.015836 0 
3566 0.016056 0 
3567 0.017477 0 
3569 0.022167 0 
3570 0.029388 0 
3571 0.013118 0 
3572 0.015666 0 
3573 0.013726 0 
3574 0.012811 0 
3576 0.013727 0 
3577 0.020806 0 
3578 0.022388 0 
3579 0.020630 0 
3580 0.010284 0 
3581 0.038311 0 
3582 0.051601 0 
3583 0.035445 0 
3584 0.019114 0 
3586 0.019543 0 
3587 0.018251 0 
3588 0.020136 0 
3589 0.017660 0 
3590 0.019055 0 
3591 0.014446 0 
3592 0.014537 0 
3593 0.019019 0 
3594 0.016154 0 
3595 0.013195 0 
3596 0.023926 0 
3597 0.020550 0 
3598 0.009607 0 
3599 0.018200 0 
3600 0.041924 0 
3601 0.025626 0 
3602 0.016064 0 
3603 0.013683 0 
3604 0.017222 0 
3605 0.012569 0 
3606 0.011176 0 
3607 0.016256 0 
3608 0.012913 0 
3609 0.038601 0 
3610 0.022074 0 
3611 0.015629 0 
3613 0.029771 0 
3614 0.025830 0 
3615 0.014030 0 
3616 0.010827 0 
3617 0.012181 0 
3618 0.019264 0 
3619 0.013326 0 
3620 0.015574 0 
3622 0.018346 0 
3623 0.023552 0 
3624 0.009935 0 
3625 0.007941 0 
3627 0.008849 0 
3629 0.014591 0 
3630 0.020290 0 
3631 0.022023 0 
3632 0.011767 0 
3635 0.027859 0 
3636 0.025647 0 
3637 0.041262 0 
3638 0.041270 0 
3639 0.027792 0 
3640 0.021137 0 
3641 0.012859 0 
3642 0.017646 0 
3643 0.020040 0 
3644 0.012840 0 
3645 0.008445 0 
3646 0.009962 0 
3648 0.012315 0 
3650 0.028598 0 
3651 0.012629 0 
3652 0.009282 0 
3653 0.012332 0 
3654 0.014268 0 
3655 0.009392 0 
3656 0.012335 0 
3658 0.014881 0 
3659 0.028281 0 
3660 0.011930 0 
3661 0.013636 0 
3662 0.021595 0 
3663 0.016261 0 
3664 0.020243 0 
3665 0.018401 0 
3666 0.009841 0 
3667 0.020448 0 
3668 0.042823 0 
3669 0.025991 0 
3670 0.009491 0 
3671 0.010369 0 
3672 0.019480 0 
3674 0.028970 0 
3675 0.027672 0 
3676 0.012181 0 
3677 0.013813 0 
3678 0.017751 0 
3679 0.015589 0 
3680 0.015973 0 
3681 0.011854 0 
3682 0.015656 0 
3683 0.015798 0 
3685 0.027534 0 
3687 0.019257 0 
3688 0.013568 0 
3689 0.017470 0 
3690 0.014439 0 
3691 0.014707 0 
3692 0.021700 0 
3693 0.011196 0 
3695 0.029840 0 
3696 0.013370 0 
3697 0.011551 0 
3698 0.014502 0 
3700 0.026080 0 
3702 0.023962 0 
3703 0.022224 0 
3704 0.011535 0 
3706 0.026135 0 
3707 0.012034 0 
3708 0.011073 0 
3710 0.018584 0 
3711 0.026023 0 
3712 0.019351 0 
3713 0.012877 0 
3714 0.011514 0 
3715 0.017188 0 
3716 0.025877 0 
3717 0.030630 0 
3718 0.025440 0 
3719 0.020609 0 
3720 0.015597 0 
3721 0.019876 0 
3722 0.008964 0 
3723 0.012409 0 
3724 0.018950 0 
3725 0.015720 0 
3726 0.017541 0 
3727 0.022002 0 
3729 0.023591 0 
3730 0.012412 0 
3731 0.021769 0 
3732 0.014314 0 
3733 0.037783 0 
3734 0.030706 0 
3735 0.014282 0 
3737 0.023829 0 
3738 0.020168 0 
3739 0.018678 0 
3740 0.014305 0 
3741 0.018329 0 
3742 0.024304 0 
3743 0.013964 0 
3744 0.016626 0 
3745 0.012962 0 
3746 0.028036 0 
3747 0.014441 0 
3748 0.022783 0 
3750 0.019468 0 
3751 0.020018 0 
3752 0.022437 0 
3753 0.026699 0 
3754 0.014931 0 
3755 0.040401 0 
3756 0.023994 0 
3758 0.013679 0 
3759 0.024235 0 
3760 0.028312 0 
3761 0.020378 0 
3763 0.012951 0 
3764 0.012881 0 
3765 0.014203 0 
3766 0.011418 0 
3768 0.028551 0 
3769 0.012251 0 
3770 0.017104 0 
3771 0.018052 0 
3772 0.016928 0 
3773 0.015161 0 
3775 0.024585 0 
3776 0.016987 0 
3777 0.017202 0 
3778 0.012703 0 
3779 0.018725 0 
3780 0.016937 0 
3781 0.026378 0 
3782 0.010165 0 
3783 0.014058 0 
3785 0.013090 0 
3786 0.020077 0 
3787 0.013933 0 
3788 0.013854 0 
3789 0.017581 0 
3790 0.013279 0 
3791 0.010458 0 
3792 0.013444 0 
3793 0.024435 0 
3794 0.015781 0 
3795 0.010846 0 
3796 0.024543 0 
3797 0.030621 0 
3798 0.026295 0 
3799 0.037982 0 
3800 0.021529 0 
3801 0.020674 0 
3802 0.027318 0 
3803 0.012184 0 
3804 0.023790 0 
3805 0.015763 0 
3806 0.009536 0 
3807 0.010335 0 
3808 0.009898 0 
3809 0.011425 0 
3810 0.009343 0 
3812 0.016713 0 
3813 0.022743 0 
3814 0.019307 0 
3815 0.017255 0 
3816 0.027429 0 
3817 0.012983 0 
3818 0.017008 0 
3819 0.014410 0 
3821 0.028373 0 
3822 0.018012 0 
3823 0.004164 0 
3824 0.007342 0 
3826 0.005824 0 
3828 0.029483 0 
3829 0.020239 0 
3830 0.022488 0 
3831 0.024966 0 
3834 0.017998 0 
3835 0.032901 0 
3836 0.026624 0 
3837 0.035544 0 
3838 0.035081 0 
3839 0.019334 0 
3840 0.012508 0 
3841 0.013485 0 
3842 0.018045 0 
3843 0.015573 0 
3844 0.046855 0 
3845 0.032874 0 
3847 0.013721 0 
3849 0.049591 0 
3850 0.051885 0 
3851 0.035426 0 
3852 0.032160 0 
3853 0.022719 0 
3854 0.014650 0 
3855 0.021088 0 
3857 0.013847 0 
3858 0.010738 0 
3859 0.015122 0 
3860 0.009990 0 
3861 0.011064 0 
3862 0.012706 0 
3863 0.012368 0 
3864 0.012056 0 
3865 0.012242 0 
3866 0.014195 0 
3867 0.014348 0 
3868 0.015321 0 
3869 0.010479 0 
3870 0.009588 0 
3871 0.009443 0 
3873 0.019124 0 
3874 0.023487 0 
3875 0.031007 0 
3876 0.018970 0 
3877 0.008519 0 
3878 0.011126 0 
3879 0.008055 0 
3880 0.033041 0 
3881 0.016006 0 
3882 0.013175 0 
3884 0.033436 0 
3886 0.009304 0 
3887 0.012309 0 
3888 0.012881 0 
3889 0.022812 0 
3890 0.014825 0 
3891 0.015319 0 
3892 0.025476 0 
3894 0.020617 0 
3895 0.013382 0 
3896 0.015321 0 
3897 0.012139 0 
3899 0.028508 0 
3901 0.021048 0 
3902 0.009447 0 
3903 0.008799 0 
3905 0.030311 0 
3906 0.013422 0 
3907 0.025249 0 
3909 0.016489 0 
3910 0.007907 0 
3911 0.014047 0 
3912 0.016165 0 
3913 0.027297 0 
3914 0.015192 0 
3915 0.013529 0 
3916 0.014182 0 
3917 0.016448 0 
3918 0.020016 0 
3919 0.021966 0 
3920 0.026834 0 
3921 0.015721 0 
3922 0.025583 0 
3923 0.023647 0 
3924 0.023325 0 
3925 0.017140 0 
3926 0.018826 0 
3928 0.041109 0 
3929 0.024524 0 
3930 0.016932 0 
3931 0.019892 0 
3932 0.022953 0 
3933 0.019938 0 
3934 0.019451 0 
3936 0.009147 0 
3937 0.009455 0 
3938 0.010816 0 
3939 0.013682 0 
3940 0.011100 0 
3941 0.011308 0 
3942 0.011699 0 
3943 0.021841 0 
3944 0.014697 0 
3945 0.011357 0 
3946 0.021022 0 
3947 0.015462 0 
3949 0.019766 0 
3950 0.014240 0 
3951 0.017596 0 
3952 0.010088 0 
3953 0.008838 0 
3954 0.011596 0 
3955 0.011984 0 
3957 0.014022 0 
3958 0.022746 0 
3959 0.023497 0 
3960 0.028787 0 
3962 0.018712 0 
3963 0.017996 0 
3964 0.019632 0 
3965 0.008291 0 
3967 0.020121 0 
3968 0.018599 0 
3969 0.017426 0 
3970 0.012122 0 
3971 0.014855 0 
3972 0.013397 0 
3974 0.018807 0 
3975 0.016332 0 
3976 0.017194 0 
3977 0.040128 0 
3978 0.023948 0 
3979 0.021114 0 
3980 0.046921 0 
3981 0.030942 0 
3982 0.014320 0 
3984 0.011936 0 
3985 0.009151 0 
3986 0.009735 0 
3987 0.015219 0 
3988 0.022798 0 
3989 0.008441 0 
3990 0.007459 0 
3991 0.014588 0 
3992 0.022527 0 
3993 0.014512 0 
3994 0.015590 0 
3995 0.016136 0 
3996 0.013513 0 
3997 0.018490 0 
3998 0.013578 0 
3999 0.018056 0 
4000 0.020693 0 
4001 0.015146 0 
4002 0.036842 0 
4003 0.020377 0 
4004 0.017610 0 
4005 0.011774 0 
4006 0.009679 0 
4007 0.022820 0 
4008 0.011237 0 
4009 0.018564 0 
4011 0.019675 0 
4012 0.016116 0 
4013 0.014001 0 
4014 0.013890 0 
4015 0.017749 0 
4016 0.016681 0 
4017 0.013139 0 
4018 0.017842 0 
4020 0.030611 0 
4021 0.014805 0 
4022 0.012161 0 
4023 0.008381 0 
4025 0.006301 0 
4027 0.047068 0 
4028 0.030951 0 
4029 0.027751 0 
4030 0.015535 0 
4033 0.017558 0 
4034 0.023263 0 
4035 0.017123 0 
4036 0.045232 0 
4037 0.031931 0 
4038 0.015326 0 
4039 0.019247 0 
4040 0.016354 0 
4041 0.010289 0 
4042 0.012151 0 
4043 0.012688 0 
4044 0.015171 0 
4046 0.023049 0 
4048 0.023166 0 
4049 0.021571 0 
4050 0.017370 0 
4051 0.012851 0 
4052 0.021766 0 
4053 0.021556 0 
4054 0.016827 0 
4056 0.019079 0 
4057 0.022686 0 
4058 0.016869 0 
4059 0.013435 0 
4060 0.009532 0 
4061 0.020458 0 
4062 0.008129 0 
4063 0.019896 0 
4064 0.015852 0 
4065 0.026144 0 
4066 0.017917 0 
4067 0.017876 0 
4068 0.018509 0 
4069 0.015486 0 
4070 0.013835 0 
4072 0.036946 0 
4073 0.037497 0 
4074 0.027045 0 
4075 0.018479 0 
4076 0.009956 0 
4077 0.032795 0 
4078 0.030955 0 
4079 0.022609 0 
4080 0.021281 0 
4081 0.023073 0 
4083 0.035088 0 
4085 0.019070 0 
4086 0.021797 0 
4087 0.014540 0 
4088 0.015244 0 
4089 0.026193 0 
4090 0.028254 0 
4091 0.023762 0 
4093 0.016896 0 
4094 0.008950 0 
4095 0.006448 0 
4096 0.014826 0 
4098 0.028925 0 
4100 0.020053 0 
4101 0.017238 0 
4102 0.005134 0 
4104 0.017907 0 
4105 0.012232 0 
4106 0.008636 0 
4108 0.011750 0 
4109 0.015290 0 
4110 0.014624 0 
4111 0.017447 0 
4112 0.009539 0 
4113 0.014401 0 
4114 0.014210 0 
4115 0.015208 0 
4116 0.021078 0 
4117 0.017463 0 
4118 0.010781 0 
4119 0.016152 0 
4120 0.014470 0 
4121 0.009908 0 
4122 0.030172 0 
4123 0.029084 0 
4124 0.014374 0 
4125 0.015734 0 
4127 0.028294 0 
4128 0.010380 0 
4129 0.015314 0 
4130 0.008358 0 
4131 0.018384 0 
4132 0.021014 0 
4133 0.023371 0 
4135 0.021138 0 
4136 0.015633 0 
4137 0.029556 0 
4138 0.018919 0 
4139 0.022310 0 
4140 0.014921 0 
4141 0.016805 0 
4142 0.023703 0 
4143 0.050595 0 
4144 0.034814 0 
4145 0.018294 0 
4146 0.038769 0 
4148 0.026753 0 
4149 0.020605 0 
4150 0.020853 0 
4151 0.020369 0 
4152 0.021053 0 
4153 0.017545 0 
4154 0.008070 0 
4156 0.014621 0 
4157 0.032194 0 
4158 0.036371 0 
4159 0.027427 0 
4161 0.013040 0 
4162 0.008961 0 
4163 0.018398 0 
4164 0.019943 0 
4166 0.024047 0 
4167 0.018788 0 
4168 0.016129 0 
4169 0.025385 0 
4170 0.026040 0 
4171 0.037946 0 
4173 0.028324 0 
4174 0.028886 0 
4175 0.025038 0 
4176 0.020957 0 
4177 0.021806 0 
4178 0.018163 0 
4179 0.019633 0 
4180 0.017335 0 
4181 0.016286 0 
4183 0.015880 0 
4184 0.026199 0 
4185 0.013657 0 
4186 0.012954 0 
4187 0.016943 0 
4188 0.017257 0 
4189 0.017412 0 
4190 0.033887 0 
4191 0.019861 0 
4192 0.021641 0 
4193 0.012045 0 
4194 0.023891 0 
4195 0.015881 0 
4196 0.017576 0 
4197 0.018377 0 
4198 0.024288 0 
4199 0.023129 0 
4200 0.023475 0 
4201 0.022003 0 
4202 0.012563 0 
4203 0.013522 0 
4204 0.015088 0 
4205 0.012575 0 
4206 0.011513 0 
4207 0.014357 0 
4208 0.015217 0 
4210 0.018037 0 
4211 0.009861 0 
4212 0.013467 0 
4213 0.027156 0 
4214 0.017843 0 
4215 0.013306 0 
4216 0.025789 0 
4217 0.015951 0 
4219 0.035309 0 
4220 0.027010 0 
4221 0.010852 0 
4222 0.051795 0 
4224 0.019029 0 
4226 0.030357 0 
4227 0.024174 0 
4228 0.028442 0 
4229 0.021496 0 
4232 0.024602 0 
4233 0.029049 0 
4234 0.028229 0 
4235 0.040420 0 
4236 0.025598 0 
4237 0.026181 0 
4238 0.009687 0 
4239 0.020588 0 
4240 0.021564 0 
4241 0.008808 0 
4242 0.019268 0 
4243 0.012382 0 
4245 0.025436 0 
4247 0.025629 0 
4248 0.017202 0 
4249 0.011964 0 
4250 0.021885 0 
4251 0.021112 0 
4252 0.015537 0 
4253 0.018422 0 
4255 0.017253 0 
4256 0.045630 0 
4257 0.029543 0 
4258 0.013135 0 
4259 0.017314 0 
4260 0.021041 0 
4261 0.016331 0 
4262 0.008390 0 
4263 0.012798 0 
4264 0.017559 0 
4265 0.011271 0 
4266 0.010566 0 
4267 0.007053 0 
4268 0.009276 0 
4269 0.011078 0 
4271 0.017797 0 
4272 0.012183 0 
4273 0.012913 0 
4274 0.017127 0 
4275 0.009314 0 
4276 0.011343 0 
4277 0.007897 0 
4278 0.006215 0 
4279 0.019162 0 
4280 0.011003 0 
4282 0.015801 0 
4284 0.008753 0 
4285 0.008617 0 
4286 0.011903 0 
4287 0.010806 0 
4288 0.014967 0 
4289 0.020490 0 
4290 0.019807 0 
4292 0.013077 0 
4293 0.008006 0 
4294 0.018298 0 
4295 0.013374 0 
4297 0.015013 0 
4299 0.009871 0 
4300 0.011551 0 
4301 0.016393 0 
4303 0.022316 0 
4304 0.016956 0 
4305 0.013727 0 
4307 0.015706 0 
4308 0.015936 0 
4309 0.011721 0 
4310 0.013088 0 
4311 0.013828 0 
4312 0.021919 0 
4313 0.021420 0 
4314 0.011540 0 
4315 0.018903 0 
4316 0.012444 0 
4317 0.015085 0 
4318 0.038470 0 
4319 0.026670 0 
4320 0.020098 0 
4321 0.019549 0 
4322 0.026177 0 
4323 0.019602 0 
4324 0.021296 0 
4326 0.042152 0 
4327 0.026029 0 
4328 0.036680 0 
4329 0.020178 0 
4330 0.024968 0 
4331 0.030371 0 
4332 0.020770 0 
4334 0.013999 0 
4335 0.015019 0 
4336 0.011955 0 
4337 0.009763 0 
4338 0.024606 0 
4339 0.032101 0 
4340 0.015761 0 
4341 0.014821 0 
4342 0.008537 0 
4343 0.025251 0 
4344 0.032917 0 
4345 0.016724 0 
4347 0.015437 0 
4348 0.014197 0 
4349 0.014571 0 
4350 0.034578 0 
4351 0.017944 0 
4352 0.016297 0 
4353 0.028158 0 
4355 0.014152 0 
4356 0.012748 0 
4357 0.014086 0 
4358 0.016744 0 
4360 0.011367 0 
4361 0.018589 0 
4362 0.009070 0 
4363 0.009695 0 
4365 0.007804 0 
4366 0.017359 0 
4367 0.011779 0 
4368 0.007358 0 
4369 0.024964 0 
4370 0.031060 0 
4372 0.013808 0 
4373 0.009992 0 
4374 0.020416 0 
4375 0.013596 0 
4376 0.016274 0 
4377 0.018533 0 
4378 0.014910 0 
4379 0.009761 0 
4380 0.011582 0 
4382 0.019802 0 
4383 0.014698 0 
4384 0.016241 0 
4385 0.012136 0 
4386 0.010116 0 
4387 0.011505 0 
4388 0.013477 0 
4389 0.023227 0 
4390 0.021811 0 
4391 0.021291 0 
4392 0.013198 0 
4393 0.014717 0 
4394 0.017232 0 
4395 0.014531 0 
4396 0.012165 0 
4397 0.011483 0 
4398 0.029662 0 
4399 0.018760 0 
4400 0.020160 0 
4401 0.038753 0 
4402 0.036757 0 
4403 0.020605 0 
4404 0.017792 0 
4405 0.022095 0 
4406 0.020385 0 
4407 0.018243 0 
4409 0.018513 0 
4410 0.025392 0 
4411 0.014135 0 
4412 0.009327 0 
4413 0.018768 0 
4414 0.012436 0 
4415 0.020567 0 
4416 0.023479 0 
4418 0.029663 0 
4419 0.015332 0 
4420 0.005870 0 
4421 0.007450 0 
4423 0.007373 0 
4425 0.030540 0 
4426 0.026288 0 
4427 0.031979 0 
4428 0.017979 0 
4431 0.023099 0 
4432 0.021216 0 
4433 0.011365 0 
4434 0.036611 0 
4435 0.021796 0 
4436 0.014418 0 
4437 0.011727 0 
4438 0.017489 0 
4439 0.013115 0 
4440 0.016662 0 
4441 0.011651 0 
4442 0.007867 0 
4444 0.020992 0 
4446 0.023556 0 
4447 0.014933 0 
4448 0.009659 0 
4449 0.023299 0 
4450 0.020716 0 
4451 0.008249 0 
4452 0.006728 0 
4454 0.023555 0 
4455 0.018936 0 
4456 0.016824 0 
4457 0.008978 0 
4458 0.026000 0 
4459 0.013556 0 
4460 0.023041 0 
4461 0.016012 0 
4462 0.012219 0 
4463 0.023942 0 
4464 0.009588 0 
4465 0.013233 0 
4466 0.015757 0 
4467 0.023393 0 
4468 0.015718 0 
4470 0.033267 0 
4471 0.026109 0 
4472 0.016066 0 
4473 0.057336 0 
4474 0.045069 0 
4475 0.028619 0 
4476 0.026770 0 
4477 0.010599 0 
4478 0.019908 0 
4479 0.014335 0 
4481 0.026225 0 
4483 0.020732 0 
4484 0.017738 0 
4485 0.015763 0 
4486 0.016170 0 
4487 0.036128 0 
4488 0.024044 0 
4489 0.015613 0 
4491 0.025649 0 
4492 0.009263 0 
4493 0.015783 0 
4494 0.016823 0 
4496 0.063862 0 
4498 0.030742 0 
4499 0.014245 0 
4500 0.027514 0 
4502 0.029309 0 
4503 0.020355 0 
4504 0.011517 0 
4506 0.011295 0 
4507 0.010519 0 
4508 0.014120 0 
4509 0.013947 0 
4510 0.014997 0 
4511 0.027083 0 
4512 0.018136 0 
4513 0.013011 0 
4514 0.012691 0 
4515 0.013632 0 
4516 0.013663 0 
4517 0.038188 0 
4518 0.022167 0 
4519 0.029558 0 
4520 0.024082 0 
4521 0.018876 0 
4522 0.010958 0 
4523 0.022272 0 
4525 0.034189 0 
4526 0.017920 0 
4527 0.022608 0 
4528 0.006230 0 
4529 0.022338 0 
4530 0.042379 0 
4531 0.026122 0 
4533 0.018051 0 
4534 0.016699 0 
4535 0.010097 0 
4536 0.015799 0 
4537 0.011485 0 
4538 0.039674 0 
4539 0.023383 0 
4540 0.015945 0 
4541 0.011064 0 
4542 0.025086 0 
4543 0.010324 0 
4544 0.017849 0 
4546 0.022927 0 
4547 0.020327 0 
4548 0.023848 0 
4549 0.027082 0 
4550 0.026754 0 
4551 0.022520 0 
4552 0.036529 0 
4554 0.020313 0 
4555 0.019351 0 
4556 0.014171 0 
4557 0.018918 0 
4559 0.026832 0 
4560 0.027229 0 
4561 0.010811 0 
4562 0.016024 0 
4564 0.015359 0 
4565 0.016240 0 
4566 0.014252 0 
4567 0.013576 0 
4568 0.015296 0 
4569 0.013975 0 
4571 0.017101 0 
4572 0.016891 0 
4573 0.029970 0 
4574 0.013636 0 
4575 0.014484 0 
4576 0.013907 0 
4577 0.038378 0 
4578 0.021887 0 
4579 0.029970 0 
4581 0.014023 0 
4582 0.010207 0 
4583 0.007454 0 
4584 0.011585 0 
4585 0.017682 0 
4586 0.021832 0 
4587 0.020010 0 
4588 0.021751 0 
4589 0.011165 0 
4590 0.024649 0 
4591 0.022968 0 
4592 0.018277 0 
4593 0.017807 0 
4594 0.020460 0 
4595 0.010384 0 
4596 0.009387 0 
4597 0.040145 0 
4598 0.026611 0 
4599 0.010384 0 
4600 0.010970 0 
4601 0.009862 0 
4602 0.012197 0 
4603 0.008905 0 
4604 0.013406 0 
4605 0.012851 0 
4606 0.013726 0 
4608 0.025243 0 
4609 0.017952 0 
4610 0.018673 0 
4611 0.017163 0 
4612 0.011363 0 
4613 0.010392 0 
4614 0.009843 0 
4615 0.009444 0 
4617 0.034335 0 
4618 0.028614 0 
4619 0.011892 0 
4620 0.007780 0 
4622 0.006419 0 
4624 0.020293 0 
4625 0.024949 0 
4626 0.035233 0 
4627 0.018665 0 
4630 0.018227 0 
4631 0.014584 0 
4632 0.013794 0 
4633 0.036983 0 
4634 0.021136 0 
4635 0.019507 0 
4636 0.008348 0 
4637 0.018232 0 
4638 0.011656 0 
4639 0.012535 0 
4640 0.012415 0 
4641 0.012172 0 
4643 0.011249 0 
4645 0.031912 0 
4646 0.030048 0 
4647 0.034445 0 
4648 0.018176 0 
4649 0.011260 0 
4650 0.015200 0 
4651 0.013299 0 
4653 0.015660 0 
4654 0.020517 0 
4655 0.010285 0 
4656 0.011022 0 
4657 0.009222 0 
4658 0.015007 0 
4659 0.011680 0 
4660 0.009320 0 
4661 0.015327 0 
4662 0.027140 0 
4663 0.028232 0 
4664 0.016554 0 
4665 0.012435 0 
4666 0.016228 0 
4667 0.009953 0 
4669 0.043240 0 
4670 0.038802 0 
4671 0.029119 0 
4672 0.016388 0 
4673 0.020859 0 
4674 0.012382 0 
4675 0.015228 0 
4676 0.013813 0 
4677 0.016685 0 
4678 0.028540 0 
4680 0.026416 0 
4682 0.007275 0 
4683 0.042386 0 
4684 0.040905 0 
4685 0.024489 0 
4686 0.013607 0 
4687 0.016359 0 
4688 0.016260 0 
4690 0.030454 0 
4691 0.014178 0 
4692 0.011355 0 
4693 0.013692 0 
4695 0.022333 0 
4697 0.032601 0 
4698 0.016344 0 
4699 0.038914 0 
4701 0.020891 0 
4702 0.018351 0 
4703 0.009652 0 
4705 0.020198 0 
4706 0.014761 0 
4707 0.014502 0 
4708 0.020319 0 
4709 0.008963 0 
4710 0.019133 0 
4711 0.015362 0 
4712 0.013597 0 
4713 0.007865 0 
4714 0.014110 0 
4715 0.015267 0 
4716 0.013829 0 
4717 0.042836 0 
4718 0.026763 0 
4719 0.020768 0 
4720 0.021173 0 
4721 0.016648 0 
4722 0.022436 0 
4724 0.024673 0 
4725 0.011242 0 
4726 0.014225 0 
4727 0.015796 0 
4728 0.021393 0 
4729 0.025929 0 
4730 0.013336 0 
4732 0.010449 0 
4733 0.016691 0 
4734 0.033701 0 
4735 0.024198 0 
4736 0.008071 0 
4737 0.012939 0 
4738 0.022695 0 
4739 0.037532 0 
4740 0.021368 0 
4741 0.019220 0 
4742 0.021776 0 
4743 0.011685 0 
4745 0.017081 0 
4746 0.032734 0 
4747 0.041056 0 
4748 0.038791 0 
4749 0.022487 0 
4750 0.015050 0 
4751 0.019754 0 
4753 0.025554 0 
4754 0.022709 0 
4755 0.025114 0 
4756 0.017530 0 
4758 0.024979 0 
4759 0.011082 0 
4760 0.030369 0 
4761 0.014051 0 
4763 0.024297 0 
4764 0.032306 0 
4765 0.019864 0 
4766 0.011497 0 
4767 0.021110 0 
4768 0.009769 0 
4770 0.028640 0 
4771 0.027189 0 
4772 0.028390 0 
4773 0.012163 0 
4774 0.011138 0 
4775 0.010335 0 
4776 0.018500 0 
4777 0.021690 0 
4778 0.013792 0 
4780 0.020327 0 
4781 0.013568 0 
4782 0.012513 0 
4783 0.011044 0 
4784 0.019383 0 
4785 0.011648 0 
4786 0.016359 0 
4787 0.012632 0 
4788 0.026481 0 
4789 0.015714 0 
4790 0.011008 0 
4791 0.010226 0 
4792 0.026947 0 
4793 0.012839 0 
4794 0.011528 0 
4795 0.011471 0 
4796 0.014117 0 
4797 0.012991 0 
4798 0.014944 0 
4799 0.014843 0 
4800 0.014078 0 
4801 0.022600 0 
4802 0.020080 0 
4803 0.015928 0 
4804 0.017327 0 
4805 0.013399 0 
4807 0.020220 0 
4808 0.028320 0 
4809 0.023141 0 
4810 0.042337 0 
4811 0.026111 0 
4812 0.052233 0 
4813 0.059265 0 
4814 0.042508 0 
4816 0.018295 0 
4817 0.015834 0 
4818 0.012592 0 
4819 0.006967 0 
4821 0.010052 0 
4823 0.029721 0 
4824 0.039263 0 
4825 0.047154 0 
4826 0.030722 0 
4829 0.016444 0 
4830 0.017569 0 
4831 0.010023 0 
4832 0.029083 0 
4833 0.015380 0 
4834 0.008805 0 
4835 0.008135 0 
4836 0.011176 0 
4837 0.018707 0 
4838 0.008081 0 
4839 0.009762 0 
4840 0.015372 0 
4842 0.025367 0 
4844 0.012206 0 
4845 0.010607 0 
4846 0.007365 0 
4847 0.012861 0 
4848 0.031461 0 
4849 0.015259 0 
4850 0.020129 0 
4852 0.021762 0 
4853 0.022403 0 
4854 0.016724 0 
4855 0.014612 0 
4856 0.009820 0 
4857 0.015113 0 
4858 0.011440 0 
4859 0.016151 0 
4860 0.013359 0 
4861 0.012272 0 
4862 0.019808 0 
4863 0.014730 0 
4864 0.022125 0 
4865 0.028290 0 
4866 0.011827 0 
4868 0.036261 0 
4869 0.029513 0 
4870 0.013426 0 
4871 0.014661 0 
4872 0.012662 0 
4873 0.010652 0 
4874 0.011954 0 
4875 0.030111 0 
4876 0.026761 0 
4877 0.025704 0 
4879 0.025618 0 
4881 0.013635 0 
4882 0.018869 0 
4883 0.012368 0 
4884 0.015617 0 
4885 0.011980 0 
4886 0.011430 0 
4887 0.021790 0 
4889 0.029908 0 
4890 0.015992 0 
4891 0.012720 0 
4892 0.039998 0 
4894 0.039503 0 
4896 0.021657 0 
4897 0.021555 0 
4898 0.008438 0 
4900 0.023049 0 
4901 0.015741 0 
4902 0.013371 0 
4904 0.012268 0 
4905 0.014971 0 
4906 0.012281 0 
4907 0.027833 0 
4908 0.014022 0 
4909 0.022500 0 
4910 0.018705 0 
4911 0.014532 0 
4912 0.013430 0 
4913 0.009432 0 
4914 0.015776 0 
4915 0.014465 0 
4916 0.011653 0 
4917 0.018464 0 
4918 0.025073 0 
4919 0.018121 0 
4920 0.032617 0 
4921 0.016324 0 
4923 0.023353 0 
4924 0.010046 0 
4925 0.017165 0 
4926 0.042678 0 
4927 0.026590 0 
4928 0.024865 0 
4929 0.014999 0 
4931 0.012338 0 
4932 0.019436 0 
4933 0.022795 0 
4934 0.017339 0 
4935 0.028633 0 
4936 0.017455 0 
4937 0.015482 0 
4938 0.010925 0 
4939 0.016768 0 
4940 0.018005 0 
4941 0.023847 0 
4942 0.015188 0 
4944 0.021981 0 
4945 0.016234 0 
4946 0.013474 0 
4947 0.017271 0 
4948 0.017865 0 
4949 0.016712 0 
4950 0.021633 0 
4952 0.011815 0 
4953 0.024833 0 
4954 0.019103 0 
4955 0.029552 0 
4957 0.012017 0 
4958 0.015307 0 
4959 0.025270 0 
4960 0.011806 0 
4962 0.035131 0 
4963 0.018414 0 
4964 0.014359 0 
4965 0.013989 0 
4966 0.013080 0 
4967 0.013741 0 
4969 0.034441 0 
4970 0.040140 0 
4971 0.031217 0 
4972 0.021943 0 
4973 0.016953 0 
4974 0.013809 0 
4975 0.011897 0 
4976 0.013835 0 
4977 0.016972 0 
4979 0.026563 0 
4980 0.016897 0 
4981 0.011319 0 
4982 0.012756 0 
4983 0.017752 0 
4984 0.011317 0 
4985 0.011947 0 
4986 0.015475 0 
4987 0.017596 0 
4988 0.015172 0 
4989 0.025084 0 
4990 0.010669 0 
4991 0.006928 0 
4992 0.010204 0 
4993 0.015748 0 
4994 0.016780 0 
4995 0.019408 0 
4996 0.012264 0 
4997 0.010383 0 
4998 0.015567 0 
4999 0.022529 0 
5000 0.016744 0 
5001 0.014769 0 
5002 0.022875 0 
5003 0.028362 0 
5004 0.011799 0 
5006 0.019874 0 
5007 0.023285 0 
5008 0.022953 0 
5009 0.012863 0 
5010 0.025826 0 
5011 0.011701 0 
5012 0.020593 0 
5013 0.012110 0 
5015 0.025698 0 
5016 0.038915 0 
5017 0.022804 0 
5018 0.009917 0 
5020 0.005826 0 
5022 0.017527 0 
5023 0.030127 0 
5024 0.035586 0 
5025 0.020182 0 
5028 0.034092 0 
5029 0.017561 0 
5030 0.018819 0 
5031 0.040751 0 
5032 0.029001 0 
5033 0.022021 0 
5034 0.016600 0 
5035 0.034088 0 
5036 0.020843 0 
5037 0.013002 0 
5038 0.014194 0 
5039 0.013280 0 
5041 0.026239 0 
5043 0.023513 0 
5044 0.024019 0 
5045 0.007691 0 
5046 0.014071 0 
5047 0.011888 0 
5048 0.015806 0 
5049 0.023880 0 
5051 0.021872 0 
5052 0.019816 0 
5053 0.020650 0 
5054 0.025575 0 
5055 0.019215 0 
5056 0.008107 0 
5057 0.032142 0 
5058 0.030072 0 
5059 0.013431 0 
5060 0.019763 0 
5061 0.009547 0 
5062 0.028769 0 
5063 0.025832 0 
5064 0.017049 0 
5065 0.012792 0 
5067 0.031054 0 
5068 0.023974 0 
5069 0.041392 0 
5070 0.025326 0 
5071 0.036916 0 
5072 0.036126 0 
5073 0.019920 0 
5074 0.017755 0 
5075 0.012886 0 
5076 0.022293 0 
5078 0.022036 0 
5080 0.013839 0 
5081 0.022071 0 
5082 0.006693 0 
5083 0.011918 0 
5084 0.015713 0 
5085 0.016348 0 
5086 0.017811 0 
5088 0.010555 0 
5089 0.015455 0 
5090 0.011854 0 
5091 0.023515 0 
5093 0.017189 0 
5095 0.016936 0 
5096 0.008521 0 
5097 0.015518 0 
5099 0.014785 0 
5100 0.011808 0 
5101 0.014814 0 
5103 0.016440 0 
5104 0.017519 0 
5105 0.010989 0 
5106 0.019092 0 
5107 0.014262 0 
5108 0.022291 0 
5109 0.024943 0 
5110 0.016025 0 
5111 0.019930 0 
5112 0.014496 0 
5113 0.011208 0 
5114 0.012117 0 
5115 0.018383 0 
5116 0.015453 0 
5117 0.018241 0 
5118 0.018242 0 
5119 0.014552 0 
5120 0.014158 0 
5122 0.028913 0 
5123 0.012466 0 
5124 0.016319 0 
5125 0.013151 0 
5126 0.017636 0 
5127 0.018666 0 
5128 0.009789 0 
5130 0.013410 0 
5131 0.012753 0 
5132 0.027253 0 
5133 0.010995 0 
5134 0.028183 0 
5135 0.023571 0 
5136 0.015031 0 
5137 0.015759 0 
5138 0.012364 0 
5139 0.013341 0 
5140 0.034389 0 
5141 0.030501 0 
5143 0.017755 0 
5144 0.024400 0 
5145 0.017559 0 
5146 0.010327 0 
5147 0.026249 0 
5148 0.021127 0 
5149 0.015986 0 
5151 0.013819 0 
5152 0.024780 0 
5153 0.013494 0 
5154 0.020728 0 
5156 0.010344 0 
5157 0.019109 0 
5158 0.022299 0 
5159 0.015537 0 
5161 0.017602 0 
5162 0.015699 0 
5163 0.010679 0 
5164 0.019886 0 
5165 0.017618 0 
5166 0.020013 0 
5168 0.018213 0 
5169 0.020585 0 
5170 0.016935 0 
5171 0.013024 0 
5172 0.015519 0 
5173 0.017912 0 
5174 0.015183 0 
5175 0.023293 0 
5176 0.013039 0 
5178 0.020148 0 
5179 0.017869 0 
5180 0.012269 0 
5181 0.013520 0 
5182 0.019407 0 
5183 0.017106 0 
5184 0.025706 0 
5185 0.020693 0 
5186 0.022601 0 
5187 0.015081 0 
5188 0.015589 0 
5189 0.015527 0 
5190 0.024046 0 
5191 0.014411 0 
5192 0.027584 0 
5193 0.011234 0 
5194 0.015362 0 
5195 0.014273 0 
5196 0.014468 0 
5197 0.010141 0 
5198 0.014748 0 
5199 0.021831 0 
5200 0.016590 0 
5201 0.009939 0 
5202 0.038381 0 
5203 0.022190 0 
5205 0.018259 0 
5206 0.039063 0 
5207 0.022796 0 
5208 0.036064 0 
5209 0.019591 0 
5210 0.012095 0 
5211 0.012980 0 
5212 0.009313 0 
5214 0.042134 0 
5215 0.025471 0 
5216 0.009269 0 
5217 0.018426 0 
5219 0.007763 0 
5221 0.023008 0 
5222 0.031049 0 
5223 0.033631 0 
5224 0.030703 0 
5227 0.041823 0 
5228 0.025187 0 
5229 0.040900 0 
5230 0.044554 0 
5231 0.028062 0 
5232 0.027207 0 
5233 0.017234 0 
5234 0.018174 0 
5235 0.015449 0 
5236 0.013369 0 
5237 0.014120 0 
5238 0.026997 0 
5240 0.023721 0 
5242 0.033949 0 
5243 0.017744 0 
5244 0.013461 0 
5245 0.013947 0 
5246 0.012378 0 
5247 0.012854 0 
5248 0.017718 0 
5250 0.018954 0 
5251 0.016896 0 
5252 0.026840 0 
5253 0.020937 0 
5254 0.029409 0 
5255 0.013205 0 
5256 0.026058 0 
5257 0.016131 0 
5258 0.010629 0 
5259 0.031294 0 
5260 0.014784 0 
5261 0.015450 0 
5262 0.010841 0 
5263 0.012769 0 
5264 0.015401 0 
5266 0.037474 0 
5267 0.035859 0 
5268 0.019574 0 
5269 0.022138 0 
5270 0.010721 0 
5271 0.009609 0 
5272 0.021199 0 
5273 0.012690 0 
5274 0.014708 0 
5275 0.013062 0 
5277 0.030602 0 
5279 0.013580 0 
5280 0.011850 0 
5281 0.011371 0 
5282 0.015337 0 
5283 0.017366 0 
5284 0.015554 0 
5285 0.013249 0 
5287 0.018560 0 
5288 0.010712 0 
5289 0.013052 0 
5290 0.025271 0 
5292 0.028104 0 
5294 0.028003 0 
5295 0.013897 0 
5296 0.030293 0 
5298 0.021632 0 
5299 0.022743 0 
5300 0.027685 0 
5302 0.047289 0 
5303 0.030834 0 
5304 0.027959 0 
5305 0.018639 0 
5306 0.012633 0 
5307 0.011943 0 
5308 0.031633 0 
5309 0.032818 0 
5310 0.023429 0 
5311 0.011906 0 
5312 0.021178 0 
5313 0.018340 0 
5314 0.021126 0 
5315 0.014546 0 
5316 0.022443 0 
5317 0.011661 0 
5318 0.016388 0 
5319 0.015062 0 
5321 0.013460 0 
5322 0.010108 0 
5323 0.012508 0 
5324 0.015636 0 
5325 0.018517 0 
5326 0.017811 0 
5327 0.020545 0 
5329 0.008607 0 
5330 0.013486 0 
5331 0.027877 0 
5332 0.017056 0 
5333 0.014792 0 
5334 0.015695 0 
5335 0.015588 0 
5336 0.050526 0 
5337 0.033341 0 
5338 0.038732 0 
5339 0.049495 0 
5340 0.032245 0 
5342 0.026623 0 
5343 0.016407 0 
5344 0.015925 0 
5345 0.018187 0 
5346 0.027081 0 
5347 0.010824 0 
5348 0.012810 0 
5350 0.012939 0 
5351 0.015682 0 
5352 0.025907 0 
5353 0.014922 0 
5355 0.012263 0 
5356 0.010422 0 
5357 0.008834 0 
5358 0.010441 0 
5360 0.016989 0 
5361 0.045941 0 
5362 0.029516 0 
5363 0.036335 0 
5364 0.029047 0 
5365 0.020402 0 
5367 0.016579 0 
5368 0.022591 0 
5369 0.024553 0 
5370 0.019003 0 
5371 0.014268 0 
5372 0.019790 0 
5373 0.022101 0 
5374 0.015355 0 
5375 0.028815 0 
5377 0.041133 0 
5378 0.024794 0 
5379 0.031260 0 
5380 0.024401 0 
5381 0.009868 0 
5382 0.010540 0 
5383 0.016367 0 
5384 0.027117 0 
5385 0.030232 0 
5386 0.013448 0 
5387 0.014512 0 
5388 0.029904 0 
5389 0.013447 0 
5390 0.025281 0 
5391 0.014946 0 
5392 0.012635 0 
5393 0.012582 0 
5394 0.013864 0 
5395 0.007301 0 
5396 0.015519 0 
5397 0.014169 0 
5398 0.013700 0 
5399 0.009456 0 
5400 0.012645 0 
5401 0.010991 0 
5402 0.018887 0 
5404 0.017493 0 
5405 0.019474 0 
5406 0.041923 0 
5407 0.025435 0 
5408 0.028495 0 
5409 0.033685 0 
5410 0.022285 0 
5411 0.014047 0 
5413 0.049492 0 
5414 0.032565 0 
5415 0.016565 0 
5416 0.010599 0 
5418 0.008862 0 
5420 0.026350 0 
5421 0.028466 0 
5422 0.028917 0 
5423 0.020869 0 
5426 0.026903 0 
5427 0.017099 0 
5428 0.012277 0 
5429 0.035617 0 
5430 0.031103 0 
5431 0.014512 0 
5432 0.018541 0 
5433 0.014166 0 
5434 0.018716 0 
5435 0.011084 0 
5436 0.013659 0 
5437 0.012213 0 
5439 0.034132 0 
5441 0.039458 0 
5442 0.022899 0 
5443 0.006344 0 
5444 0.015566 0 
5445 0.016810 0 
5446 0.016522 0 
5447 0.017025 0 
5449 0.018275 0 
5450 0.025859 0 
5451 0.029016 0 
5452 0.013188 0 
5453 0.030140 0 
5454 0.013473 0 
5455 0.010675 0 
5456 0.011301 0 
5457 0.014584 0 
5458 0.015608 0 
5459 0.008914 0 
5460 0.013104 0 
5461 0.010105 0 
5462 0.010183 0 
5463 0.018689 0 
5465 0.028416 0 
5466 0.023117 0 
5467 0.024328 0 
5468 0.014392 0 
5469 0.007451 0 
5470 0.009621 0 
5471 0.018787 0 
5472 0.012465 0 
5473 0.017675 0 
5474 0.014185 0 
5476 0.023542 0 
5478 0.015938 0 
5479 0.012567 0 
5480 0.011611 0 
5481 0.022295 0 
5482 0.011298 0 
5483 0.027099 0 
5484 0.018987 0 
5486 0.009376 0 
5487 0.019539 0 
5488 0.018139 0 
5489 0.018253 0 
5491 0.026690 0 
5493 0.024007 0 
5494 0.039795 0 
5495 0.023418 0 
5497 0.031162 0 
5498 0.019391 0 
5499 0.017349 0 
5501 0.027763 0 
5502 0.019549 0 
5503 0.007729 0 
5504 0.008773 0 
5505 0.017237 0 
5506 0.010347 0 
5507 0.037274 0 
5508 0.021091 0 
5509 0.026272 0 
5510 0.016910 0 
5511 0.011947 0 
5512 0.024203 0 
5513 0.033900 0 
5514 0.018791 0 
5515 0.017633 0 
5516 0.030375 0 
5517 0.012873 0 
5518 0.014255 0 
5520 0.018688 0 
5521 0.015393 0 
5522 0.013441 0 
5523 0.019774 0 
5524 0.017240 0 
5525 0.028876 0 
5526 0.025184 0 
5528 0.013826 0 
5529 0.014049 0 
5530 0.012774 0 
5531 0.017433 0 
5532 0.016259 0 
5533 0.015281 0 
5534 0.018906 0 
5535 0.011490 0 
5536 0.014237 0 
5537 0.012994 0 
5538 0.021568 0 
5539 0.019676 0 
5541 0.017893 0 
5542 0.019766 0 
5543 0.018150 0 
5544 0.017157 0 
5545 0.010801 0 
5546 0.014933 0 
5547 0.016388 0 
5549 0.018293 0 
5550 0.020485 0 
5551 0.029707 0 
5552 0.024913 0 
5554 0.016157 0 
5555 0.019036 0 
5556 0.015613 0 
5557 0.017070 0 
5559 0.028203 0 
5560 0.011964 0 
5561 0.011339 0 
5562 0.010563 0 
5563 0.016345 0 
5564 0.031915 0 
5566 0.011649 0 
5567 0.015342 0 
5568 0.014799 0 
5569 0.014327 0 
5570 0.017342 0 
5571 0.012052 0 
5572 0.012213 0 
5573 0.007902 0 
5574 0.008921 0 
5576 0.014247 0 
5577 0.012171 0 
5578 0.030762 0 
5579 0.015188 0 
5580 0.018090 0 
5581 0.036462 0 
5582 0.020284 0 
5583 0.025768 0 
5584 0.014238 0 
5585 0.024676 0 
5586 0.009266 0 
5587 0.012552 0 
5588 0.015503 0 
5589 0.011300 0 
5590 0.018340 0 
5591 0.022994 0 
5592 0.023152 0 
5593 0.018392 0 
5594 0.017420 0 
5595 0.033079 0 
5596 0.017349 0 
5597 0.013545 0 
5598 0.014682 0 
5599 0.028562 0 
5600 0.026173 0 
5601 0.018446 0 
5603 0.020228 0 
5604 0.021591 0 
5605 0.008709 0 
5606 0.010523 0 
5607 0.013829 0 
5608 0.013491 0 
5609 0.019751 0 
5610 0.019296 0 
5612 0.032911 0 
5613 0.016732 0 
5614 0.014783 0 
5615 0.013669 0 
5617 0.014316 0 
5619 0.022503 0 
5620 0.030828 0 
5621 0.029042 0 
5622 0.012748 0 
5625 0.024773 0 
5626 0.011790 0 
5627 0.019698 0 
5628 0.036493 0 
5629 0.024877 0 
5630 0.022965 0 
5631 0.015203 0 
5632 0.027527 0 
5633 0.021952 0 
5634 0.018137 0 
5635 0.031914 0 
5636 0.016682 0 
5638 0.021178 0 
5640 0.026883 0 
5641 0.010802 0 
5642 0.010035 0 
5643 0.023906 0 
5644 0.023777 0 
5645 0.014449 0 
5646 0.015585 0 
5648 0.032538 0 
5649 0.030431 0 
5650 0.013987 0 
5651 0.017519 0 
5652 0.013757 0 
5653 0.013632 0 
5654 0.014176 0 
5655 0.013793 0 
5656 0.033865 0 
5657 0.025832 0 
5658 0.015460 0 
5659 0.025425 0 
5660 0.014362 0 
5661 0.016207 0 
5662 0.012279 0 
5664 0.033565 0 
5665 0.023536 0 
5666 0.016594 0 
5667 0.012082 0 
5668 0.033536 0 
5669 0.027770 0 
5670 0.016898 0 
5671 0.018967 0 
5672 0.021352 0 
5673 0.012314 0 
5675 0.033606 0 
5677 0.014591 0 
5678 0.033891 0 
5679 0.017441 0 
5680 0.015201 0 
5681 0.024692 0 
5682 0.026888 0 
5683 0.012984 0 
5685 0.043974 0 
5686 0.031508 0 
5687 0.015104 0 
5688 0.024121 0 
5690 0.022834 0 
5692 0.021281 0 
5693 0.015220 0 
5694 0.018862 0 
5696 0.020785 0 
5697 0.018235 0 
5698 0.014912 0 
5700 0.016529 0 
5701 0.010769 0 
5702 0.016723 0 
5703 0.010904 0 
5704 0.017859 0 
5705 0.019463 0 
5706 0.023260 0 
5707 0.028469 0 
5708 0.023815 0 
5709 0.010220 0 
5710 0.013216 0 
5711 0.010672 0 
5712 0.011941 0 
5713 0.010595 0 
5714 0.017536 0 
5715 0.017562 0 
5716 0.023149 0 
5717 0.013694 0 
5719 0.025506 0 
5720 0.009205 0 
5721 0.021536 0 
5722 0.007350 0 
5723 0.038036 0 
5724 0.022262 0 
5725 0.012803 0 
5727 0.019996 0 
5728 0.014245 0 
5729 0.022948 0 
5730 0.019445 0 
5731 0.019928 0 
5732 0.020143 0 
5733 0.020974 0 
5734 0.014798 0 
5735 0.015831 0 
5736 0.019315 0 
5737 0.014956 0 
5738 0.014020 0 
5740 0.018945 0 
5741 0.027946 0 
5742 0.019617 0 
5743 0.028157 0 
5744 0.011611 0 
5745 0.035492 0 
5746 0.020536 0 
5748 0.020833 0 
5749 0.019042 0 
5750 0.014995 0 
5751 0.027377 0 
5753 0.012962 0 
5754 0.024853 0 
5755 0.037921 0 
5756 0.031546 0 
5758 0.010663 0 
5759 0.045940 0 
5760 0.030061 0 
5761 0.035937 0 
5762 0.019783 0 
5763 0.015411 0 
5765 0.022165 0 
5766 0.019163 0 
5767 0.055095 0 
5768 0.038796 0 
5769 0.034898 0 
5770 0.018807 0 
5771 0.021577 0 
5772 0.008183 0 
5773 0.009743 0 
5775 0.025871 0 
5776 0.014705 0 
5777 0.019398 0 
5778 0.010884 0 
5779 0.023456 0 
5780 0.015165 0 
5781 0.021306 0 
5782 0.018854 0 
5783 0.024379 0 
5784 0.030121 0 
5785 0.031693 0 
5786 0.015529 0 
5787 0.009689 0 
5788 0.025577 0 
5789 0.016933 0 
5790 0.012204 0 
5791 0.013920 0 
5792 0.013666 0 
5793 0.014863 0 
5794 0.015909 0 
5795 0.021734 0 
5796 0.015553 0 
5797 0.018195 0 
5798 0.027307 0 
5799 0.021424 0 
5800 0.014907 0 
5802 0.027789 0 
5803 0.022787 0 
5804 0.018828 0 
5805 0.015222 0 
5806 0.014432 0 
5807 0.011402 0 
5808 0.016462 0 
5809 0.018993 0 
5811 0.018538 0 
5812 0.012715 0 
5813 0.015207 0 
5814 0.010219 0 
5816 0.011926 0 
5818 0.021636 0 
5819 0.028401 0 
5820 0.022225 0 
5821 0.016349 0 
5824 0.018516 0 
5825 0.018493 0 
5826 0.018344 0 
5827 0.031850 0 
5828 0.022946 0 
5829 0.012240 0 
5830 0.015527 0 
5831 0.015511 0 
5832 0.009879 0 
5833 0.021543 0 
5834 0.026948 0 
5835 0.027387 0 
5837 0.022977 0 
5839 0.019940 0 
5840 0.008450 0 
5841 0.034479 0 
5842 0.017197 0 
5843 0.013725 0 
5844 0.014605 0 
5845 0.011883 0 
5847 0.019044 0 
5848 0.010992 0 
5849 0.018626 0 
5850 0.009232 0 
5851 0.008201 0 
5852 0.012439 0 
5853 0.011963 0 
5854 0.010391 0 
5855 0.012799 0 
5856 0.009216 0 
5857 0.011755 0 
5858 0.010100 0 
5859 0.014753 0 
5860 0.010434 0 
5861 0.024792 0 
5863 0.030114 0 
5864 0.037510 0 
5865 0.021580 0 
5866 0.039503 0 
5867 0.023528 0 
5868 0.024968 0 
5869 0.029343 0 
5870 0.013085 0 
5871 0.013318 0 
5872 0.012307 0 
5874 0.033261 0 
5876 0.017615 0 
5877 0.022938 0 
5878 0.023930 0 
5879 0.027576 0 
5880 0.012313 0 
5881 0.021336 0 
5882 0.011834 0 
5884 0.021989 0 
5885 0.023555 0 
5886 0.011067 0 
5887 0.012524 0 
5889 0.016055 0 
5891 0.020181 0 
5892 0.013559 0 
5893 0.023911 0 
5895 0.028600 0 
5896 0.016690 0 
5897 0.013674 0 
5899 0.006844 0 
5900 0.007180 0 
5901 0.017037 0 
5902 0.032052 0 
5903 0.022839 0 
5904 0.023451 0 
5905 0.021624 0 
5906 0.026356 0 
5907 0.015221 0 
5908 0.014821 0 
5909 0.020796 0 
5910 0.020493 0 
5911 0.017824 0 
5912 0.007757 0 
5913 0.017644 0 
5914 0.018960 0 
5915 0.028710 0 
5916 0.035154 0 
5918 0.023286 0 
5919 0.025581 0 
5920 0.009703 0 
5921 0.033882 0 
5922 0.034262 0 
5923 0.017497 0 
5924 0.009839 0 
5926 0.006670 0 
5927 0.014577 0 
5928 0.024351 0 
5929 0.013214 0 
5930 0.013001 0 
5931 0.017827 0 
5932 0.012605 0 
5933 0.018133 0 
5934 0.014914 0 
5935 0.016815 0 
5936 0.017496 0 
5937 0.025193 0 
5939 0.017013 0 
5940 0.021625 0 
5941 0.018896 0 
5942 0.025030 0 
5943 0.017041 0 
5944 0.016081 0 
5945 0.017791 0 
5947 0.013618 0 
5948 0.016478 0 
5949 0.034736 0 
5950 0.018012 0 
5952 0.013421 0 
5953 0.022877 0 
5954 0.018158 0 
5955 0.020157 0 
5957 0.021102 0 
5958 0.010269 0 
5959 0.013905 0 
5960 0.013513 0 
5961 0.019902 0 
5962 0.026285 0 
5964 0.029943 0 
5965 0.020726 0 
5966 0.017144 0 
5967 0.009895 0 
5968 0.021581 0 
5969 0.015140 0 
5970 0.018219 0 
5971 0.018178 0 
5972 0.017928 0 
5974 0.018479 0 
5975 0.025909 0 
5976 0.017242 0 
5977 0.014512 0 
5978 0.019574 0 
5979 0.014740 0 
5980 0.015092 0 
5981 0.016824 0 
5982 0.017713 0 
5983 0.017617 0 
5984 0.019107 0 
5985 0.012664 0 
5986 0.015324 0 
5987 0.013005 0 
5988 0.017992 0 
5989 0.013047 0 
5990 0.030641 0 
5991 0.014158 0 
5992 0.011115 0 
5993 0.015044 0 
5994 0.031583 0 
5995 0.019321 0 
5996 0.015812 0 
5997 0.014123 0 
5998 0.028316 0 
5999 0.014323 0 
6001 0.022616 0 
6002 0.029390 0 
6003 0.016038 0 
6004 0.010768 0 
6005 0.013638 0 
6006 0.019560 0 
6007 0.013216 0 
6008 0.023830 0 
6010 0.038077 0 
6011 0.027399 0 
6012 0.027018 0 
6013 0.010811 0 
6015 0.011225 0 
6017 0.027583 0 
6018 0.024764 0 
6019 0.020252 0 
6020 0.017366 0 
6023 0.017971 0 
6024 0.015264 0 
6025 0.011351 0 
6026 0.033355 0 
6027 0.025473 0 
6028 0.017218 0 
6029 0.012623 0 
6030 0.015727 0 
6031 0.008643 0 
6032 0.017566 0 
6033 0.012496 0 
6034 0.020664 0 
6036 0.024001 0 
6038 0.022863 0 
6039 0.018314 0 
6040 0.012814 0 
6041 0.016872 0 
6042 0.023336 0 
6043 0.013243 0 
6044 0.011920 0 
6046 0.024526 0 
6047 0.016154 0 
6048 0.010579 0 
6049 0.017269 0 
6050 0.016772 0 
6051 0.009894 0 
6052 0.018776 0 
6053 0.012811 0 
6054 0.015195 0 
6055 0.016585 0 
6056 0.011526 0 
6057 0.018263 0 
6058 0.015414 0 
6059 0.015642 0 
6060 0.011457 0 
6062 0.021952 0 
6063 0.015025 0 
6064 0.024295 0 
6065 0.013450 0 
6066 0.015443 0 
6067 0.011124 0 
6068 0.026470 0 
6069 0.015175 0 
6070 0.011189 0 
6071 0.015604 0 
6073 0.019328 0 
6075 0.013084 0 
6076 0.013486 0 
6077 0.014063 0 
6078 0.019812 0 
6079 0.013487 0 
6080 0.010783 0 
6081 0.011541 0 
6083 0.015106 0 
6084 0.009576 0 
6085 0.011304 0 
6086 0.015908 0 
6088 0.041958 0 
6090 0.013388 0 
6091 0.017956 0 
6092 0.017498 0 
6094 0.022350 0 
6095 0.023321 0 
6096 0.032218 0 
6098 0.013512 0 
6099 0.020515 0 
6100 0.016802 0 
6101 0.007695 0 
6102 0.012967 0 
6103 0.010955 0 
6104 0.014610 0 
6105 0.023292 0 
6106 0.026586 0 
6107 0.016272 0 
6108 0.018992 0 
6109 0.024339 0 
6110 0.019854 0 
6111 0.017762 0 
6112 0.027488 0 
6113 0.026525 0 
6114 0.024403 0 
6115 0.025120 0 
6117 0.022920 0 
6118 0.011781 0 
6119 0.011417 0 
6120 0.016251 0 
6121 0.016097 0 
6122 0.014483 0 
6123 0.016604 0 
6125 0.013059 0 
6126 0.014465 0 
6127 0.013448 0 
6128 0.012291 0 
6129 0.013668 0 
6130 0.019583 0 
6131 0.015158 0 
6132 0.018549 0 
6133 0.012476 0 
6134 0.027112 0 
6135 0.011431 0 
6136 0.010406 0 
6138 0.025362 0 
6139 0.025018 0 
6140 0.025052 0 
6141 0.018076 0 
6142 0.027029 0 
6143 0.018963 0 
6144 0.019676 0 
6146 0.015048 0 
6147 0.022273 0 
6148 0.014480 0 
6149 0.020297 0 
6151 0.014042 0 
6152 0.011232 0 
6153 0.012620 0 
6154 0.008852 0 
6156 0.016436 0 
6157 0.025991 0 
6158 0.011411 0 
6159 0.013008 0 
6160 0.010252 0 
6161 0.013817 0 
6163 0.015681 0 
6164 0.025140 0 
6165 0.025378 0 
6166 0.016387 0 
6167 0.011984 0 
6168 0.015477 0 
6169 0.025359 0 
6170 0.020007 0 
6171 0.017984 0 
6173 0.024776 0 
6174 0.014322 0 
6175 0.015052 0 
6176 0.033018 0 
6177 0.020650 0 
6178 0.021135 0 
6179 0.017450 0 
6180 0.021918 0 
6181 0.018622 0 
6182 0.021319 0 
6183 0.015764 0 
6184 0.013183 0 
6185 0.018557 0 
6186 0.013534 0 
6187 0.011228 0 
6188 0.038289 0 
6189 0.021948 0 
6190 0.027291 0 
6191 0.016505 0 
6192 0.015667 0 
6193 0.020666 0 
6194 0.014879 0 
6195 0.020736 0 
6196 0.008285 0 
6197 0.017677 0 
6198 0.013753 0 
6200 0.029610 0 
6201 0.016457 0 
6202 0.010373 0 
6203 0.008774 0 
6204 0.019144 0 
6205 0.043832 0 
6206 0.027562 0 
6207 0.011066 0 
6209 0.030400 0 
6210 0.029218 0 
6211 0.018394 0 
6212 0.006856 0 
6214 0.005513 0 
6216 0.024714 0 
6217 0.023532 0 
6218 0.035614 0 
6219 0.036551 0 
6222 0.009054 0 
6223 0.009795 0 
6224 0.014641 0 
6225 0.042901 0 
6226 0.025160 0 
6227 0.021535 0 
6228 0.015890 0 
6229 0.011395 0 
6230 0.015009 0 
6231 0.015498 0 
6232 0.017456 0 
6233 0.012025 0 
6235 0.026153 0 
6237 0.034153 0 
6238 0.033697 0 
6239 0.017439 0 
6240 0.015733 0 
6241 0.017872 0 
6242 0.017620 0 
6243 0.013332 0 
6245 0.016814 0 
6246 0.016600 0 
6247 0.015913 0 
6248 0.016075 0 
6249 0.019164 0 
6250 0.015224 0 
6251 0.011062 0 
6252 0.010775 0 
6253 0.013168 0 
6254 0.025212 0 
6255 0.012334 0 
6256 0.012678 0 
6257 0.037920 0 
6258 0.021340 0 
6259 0.016908 0 
6261 0.026061 0 
6262 0.061401 0 
6263 0.045160 0 
6264 0.028548 0 
6265 0.040760 0 
6266 0.030531 0 
6267 0.014174 0 
6268 0.023823 0 
6269 0.023528 0 
6270 0.018800 0 
6272 0.027535 0 
6274 0.021350 0 
6275 0.013180 0 
6276 0.021197 0 
6277 0.020743 0 
6278 0.013823 0 
6279 0.016157 0 
6280 0.010498 0 
6282 0.031222 0 
6283 0.032205 0 
6284 0.019871 0 
6285 0.016477 0 
6287 0.039017 0 
6289 0.019724 0 
6290 0.033747 0 
6291 0.017287 0 
6293 0.016501 0 
6294 0.012898 0 
6295 0.010060 0 
6297 0.008230 0 
6298 0.008166 0 
6299 0.012950 0 
6300 0.010475 0 
6301 0.012130 0 
6302 0.012256 0 
6303 0.009356 0 
6304 0.019192 0 
6305 0.007925 0 
6306 0.014733 0 
6307 0.013294 0 
6308 0.011503 0 
6309 0.008635 0 
6310 0.008051 0 
6311 0.017129 0 
6312 0.017479 0 
6313 0.009294 0 
6314 0.022755 0 
6316 0.018736 0 
6317 0.014745 0 
6318 0.009002 0 
6319 0.007399 0 
6320 0.014642 0 
6321 0.018716 0 
6322 0.012468 0 
6324 0.021376 0 
6325 0.022791 0 
6326 0.023273 0 
6327 0.019568 0 
6328 0.022093 0 
6329 0.033238 0 
6330 0.016238 0 
6331 0.013111 0 
6332 0.011915 0 
6333 0.011091 0 
6334 0.014660 0 
6335 0.017813 0 
6337 0.013892 0 
6338 0.013433 0 
6339 0.016094 0 
6340 0.020203 0 
6341 0.012320 0 
6342 0.013169 0 
6343 0.018489 0 
6345 0.011778 0 
6346 0.015967 0 
6347 0.022146 0 
6348 0.048454 0 
6350 0.015805 0 
6351 0.018443 0 
6352 0.013029 0 
6353 0.010249 0 
6355 0.020279 0 
6356 0.019983 0 
6357 0.019149 0 
6358 0.022292 0 
6359 0.015711 0 
6360 0.016893 0 
6362 0.045228 0 
6363 0.029014 0 
6364 0.012743 0 
6365 0.012707 0 
6366 0.015226 0 
6367 0.005896 0 
6368 0.020804 0 
6369 0.010851 0 
6370 0.011780 0 
6372 0.018807 0 
6373 0.019873 0 
6374 0.018593 0 
6375 0.013324 0 
6376 0.017781 0 
6377 0.010920 0 
6378 0.015553 0 
6379 0.020084 0 
6380 0.018603 0 
6381 0.009040 0 
6382 0.011492 0 
6383 0.022614 0 
6384 0.015495 0 
6385 0.020381 0 
6386 0.020337 0 
6387 0.010469 0 
6388 0.014752 0 
6389 0.016396 0 
6390 0.015513 0 
6391 0.029916 0 
6392 0.043699 0 
6393 0.027487 0 
6394 0.021447 0 
6395 0.012976 0 
6396 0.016757 0 
6397 0.010995 0 
6399 0.026040 0 
6400 0.019031 0 
6401 0.016151 0 
6402 0.012677 0 
6403 0.019382 0 
6404 0.015683 0 
6405 0.018067 0 
6406 0.027423 0 
6408 0.031662 0 
6409 0.014509 0 
6410 0.008084 0 
6411 0.008500 0 
6413 0.005719 0 
6415 0.026068 0 
6416 0.029549 0 
6417 0.043686 0 
6418 0.039247 0 
6421 0.017032 0 
6422 0.019820 0 
6423 0.022603 0 
6424 0.060780 0 
6425 0.043422 0 
6426 0.026941 0 
6427 0.021807 0 
6428 0.020716 0 
6429 0.017395 0 
6430 0.021451 0 
6431 0.023798 0 
6432 0.010351 0 
6434 0.031360 0 
6436 0.020025 0 
6437 0.012755 0 
6438 0.016687 0 
6439 0.015419 0 
6440 0.015251 0 
6441 0.013086 0 
6442 0.011247 0 
6444 0.013431 0 
6445 0.017762 0 
6446 0.027207 0 
6447 0.020962 0 
6448 0.014436 0 
6449 0.032364 0 
6450 0.015760 0 
6451 0.020346 0 
6452 0.009459 0 
6453 0.025725 0 
6454 0.022137 0 
6455 0.013555 0 
6456 0.008635 0 
6457 0.024208 0 
6458 0.019114 0 
6460 0.041071 0 
6461 0.028476 0 
6462 0.018953 0 
6463 0.014844 0 
6464 0.011224 0 
6465 0.011175 0 
6466 0.019548 0 
6467 0.024783 0 
6468 0.013735 0 
6469 0.021986 0 
6471 0.020990 0 
6473 0.013760 0 
6474 0.013066 0 
6475 0.012815 0 
6476 0.012146 0 
6477 0.027590 0 
6478 0.026860 0 
6479 0.027330 0 
6481 0.018108 0 
6482 0.012027 0 
6483 0.014412 0 
6484 0.010621 0 
6486 0.022298 0 
6488 0.024022 0 
6489 0.013081 0 
6490 0.011822 0 
6492 0.040179 0 
6493 0.023420 0 
6494 0.012708 0 
6496 0.015816 0 
6497 0.020826 0 
6498 0.019877 0 
6499 0.017198 0 
6500 0.012491 0 
6501 0.033839 0 
6502 0.030829 0 
6503 0.042260 0 
6504 0.037660 0 
6505 0.021153 0 
6506 0.013216 0 
6507 0.016985 0 
6508 0.063699 0 
6509 0.047365 0 
6510 0.031069 0 
6511 0.025201 0 
6512 0.013446 0 
6513 0.017154 0 
6515 0.013280 0 
6516 0.009508 0 
6517 0.008223 0 
6518 0.025489 0 
6519 0.019763 0 
6520 0.014858 0 
6521 0.017065 0 
6523 0.025826 0 
6524 0.009558 0 
6525 0.013021 0 
6526 0.013956 0 
6527 0.017903 0 
6528 0.017634 0 
6529 0.037989 0 
6530 0.021722 0 
6531 0.014906 0 
6532 0.015622 0 
6533 0.008674 0 
6534 0.014222 0 
6536 0.013560 0 
6537 0.023058 0 
6538 0.012079 0 
6539 0.012437 0 
6540 0.016393 0 
6541 0.029140 0 
6542 0.023029 0 
6544 0.009754 0 
6545 0.010614 0 
6546 0.018719 0 
6547 0.017385 0 
6549 0.018198 0 
6550 0.018453 0 
6551 0.009451 0 
6552 0.016870 0 
6554 0.015395 0 
6555 0.013388 0 
6556 0.012429 0 
6557 0.030375 0 
6558 0.012911 0 
6559 0.008038 0 
6561 0.013390 0 
6562 0.015711 0 
6563 0.016067 0 
6564 0.011922 0 
6565 0.011857 0 
6566 0.009928 0 
6567 0.022421 0 
6568 0.021777 0 
6569 0.010766 0 
6571 0.019041 0 
6572 0.015824 0 
6573 0.014779 0 
6574 0.022135 0 
6575 0.019230 0 
6576 0.012126 0 
6577 0.023571 0 
6578 0.015347 0 
6579 0.016077 0 
6580 0.010338 0 
6581 0.012012 0 
6582 0.006715 0 
6583 0.040938 0 
6584 0.021662 0 
6585 0.018708 0 
6586 0.014010 0 
6587 0.017697 0 
6588 0.014576 0 
6589 0.009239 0 
6590 0.038510 0 
6591 0.034804 0 
6592 0.018380 0 
6593 0.019200 0 
6594 0.020065 0 
6595 0.013866 0 
6596 0.024209 0 
6598 0.021285 0 
6599 0.028826 0 
6600 0.020154 0 
6601 0.009165 0 
6602 0.013916 0 
6603 0.016650 0 
6604 0.020624 0 
6605 0.013596 0 
6607 0.030581 0 
6608 0.026721 0 
6609 0.010455 0 
6610 0.010135 0 
6612 0.011507 0 
6614 0.036035 0 
6615 0.023918 0 
6616 0.033704 0 
6617 0.017664 0 
6620 0.024694 0 
6621 0.019118 0 
6622 0.015364 0 
6623 0.037680 0 
6624 0.021139 0 
6625 0.015314 0 
6626 0.023337 0 
6627 0.013312 0 
6628 0.009210 0 
6629 0.012187 0 
6630 0.010261 0 
6631 0.013404 0 
6633 0.030043 0 
6635 0.038512 0 
6636 0.022024 0 
6637 0.008630 0 
6638 0.017829 0 
6639 0.014112 0 
6640 0.026990 0 
6641 0.013133 0 
6643 0.016877 0 
6644 0.028182 0 
6645 0.016567 0 
6646 0.017997 0 
6647 0.013191 0 
6648 0.027733 0 
6649 0.012831 0 
6650 0.021008 0 
6651 0.026154 0 
6652 0.031044 0 
6653 0.014618 0 
6654 0.017217 0 
6655 0.008247 0 
6656 0.009840 0 
6657 0.016489 0 
6659 0.030818 0 
6660 0.030859 0 
6661 0.014884 0 
6662 0.016174 0 
6663 0.011213 0 
6664 0.017186 0 
6665 0.011502 0 
6666 0.020859 0 
6667 0.025050 0 
6668 0.015962 0 
6670 0.032007 0 
6672 0.029326 0 
6673 0.013067 0 
6674 0.017609 0 
6675 0.014525 0 
6676 0.018645 0 
6677 0.028474 0 
6678 0.020130 0 
6680 0.014189 0 
6681 0.013394 0 
6682 0.008324 0 
6683 0.011566 0 
6685 0.032294 0 
6687 0.012256 0 
6688 0.017642 0 
6689 0.017885 0 
6691 0.016306 0 
6692 0.018785 0 
6693 0.012708 0 
6695 0.011430 0 
6696 0.014701 0 
6697 0.013633 0 
6698 0.016811 0 
6699 0.012008 0 
6700 0.020400 0 
6701 0.017325 0 
6702 0.017365 0 
6703 0.008573 0 
6704 0.018956 0 
6705 0.010329 0 
6706 0.015737 0 
6707 0.010559 0 
6708 0.014524 0 
6709 0.013477 0 
6710 0.027784 0 
6711 0.018475 0 
6712 0.015094 0 
6714 0.031711 0 
6715 0.020789 0 
6716 0.017385 0 
6717 0.008044 0 
6718 0.023252 0 
6719 0.020274 0 
6720 0.018898 0 
6722 0.016019 0 
6723 0.010322 0 
6724 0.019212 0 
6725 0.009913 0 
6726 0.020856 0 
6727 0.026782 0 
6728 0.016744 0 
6729 0.008943 0 
6730 0.011538 0 
6731 0.022607 0 
6732 0.035951 0 
6733 0.019509 0 
6735 0.027765 0 
6736 0.025635 0 
6737 0.012421 0 
6738 0.022629 0 
6739 0.009093 0 
6740 0.023800 0 
6741 0.026959 0 
6743 0.016239 0 
6744 0.019626 0 
6745 0.016506 0 
6746 0.023594 0 
6748 0.016695 0 
6749 0.011910 0 
6750 0.013745 0 
6751 0.013044 0 
6753 0.014621 0 
6754 0.038226 0 
6755 0.022167 0 
6756 0.021121 0 
6757 0.016142 0 
6758 0.023396 0 
6760 0.016822 0 
6761 0.023337 0 
6762 0.021030 0 
6763 0.021245 0 
6764 0.041937 0 
6765 0.025626 0 
6766 0.017215 0 
6767 0.016074 0 
6768 0.013266 0 
6770 0.033445 0 
6771 0.016926 0 
6772 0.022867 0 
6773 0.011370 0 
6774 0.019375 0 
6775 0.017949 0 
6776 0.016260 0 
6777 0.007431 0 
6778 0.014290 0 
6779 0.009581 0 
6780 0.011983 0 
6781 0.011562 0 
6782 0.013269 0 
6783 0.010531 0 
6784 0.014008 0 
6785 0.016324 0 
6786 0.017229 0 
6787 0.013439 0 
6788 0.015084 0 
6789 0.009815 0 
6790 0.010795 0 
6791 0.011208 0 
6792 0.008336 0 
6793 0.020118 0 
6794 0.009470 0 
6795 0.028873 0 
6797 0.030094 0 
6798 0.015889 0 
6799 0.019717 0 
6800 0.018579 0 
6801 0.011035 0 
6802 0.012741 0 
6803 0.012737 0 
6804 0.010383 0 
6806 0.020799 0 
6807 0.027382 0 
6808 0.011254 0 
6809 0.008242 0 
6811 0.012445 0 
6813 0.033982 0 
6814 0.048646 0 
6815 0.040060 0 
6816 0.023278 0 
6819 0.031288 0 
6820 0.014355 0 
6821 0.028310 0 
6822 0.035198 0 
6823 0.021350 0 
6824 0.011604 0 
6825 0.029352 0 
6826 0.033749 0 
6827 0.028534 0 
6828 0.012283 0 
6829 0.011865 0 
6830 0.012666 0 
6832 0.016452 0 
6834 0.026416 0 
6835 0.022175 0 
6836 0.012017 0 
6837 0.014216 0 
6838 0.010914 0 
6839 0.014508 0 
6840 0.011095 0 
6842 0.028312 0 
6843 0.020442 0 
6844 0.022491 0 
6845 0.020806 0 
6846 0.009514 0 
6847 0.010526 0 
6848 0.010945 0 
6849 0.012743 0 
6850 0.023014 0 
6851 0.019622 0 
6852 0.014656 0 
6853 0.014129 0 
6854 0.007955 0 
6855 0.010176 0 
6856 0.015963 0 
6858 0.036059 0 
6859 0.033499 0 
6860 0.022510 0 
6861 0.013978 0 
6862 0.011968 0 
6863 0.021527 0 
6864 0.011990 0 
6865 0.014106 0 
6866 0.014221 0 
6867 0.012986 0 
6869 0.036672 0 
6871 0.023527 0 
6872 0.018561 0 
6873 0.015143 0 
6874 0.009481 0 
6875 0.017746 0 
6876 0.022196 0 
6877 0.023067 0 
6879 0.017003 0 
6880 0.012933 0 
6881 0.013294 0 
6882 0.032484 0 
6884 0.025778 0 
6886 0.030900 0 
6887 0.014443 0 
6888 0.019994 0 
6890 0.020130 0 
6891 0.015136 0 
6892 0.024179 0 
6894 0.017839 0 
6895 0.020459 0 
6896 0.020269 0 
6897 0.040900 0 
6898 0.021872 0 
6899 0.017784 0 
6900 0.026590 0 
6901 0.017577 0 
6902 0.021314 0 
6903 0.011300 0 
6904 0.014502 0 
6905 0.040396 0 
6906 0.023957 0 
6907 0.021768 0 
6908 0.022239 0 
6909 0.014246 0 
6910 0.014461 0 
6911 0.018048 0 
6913 0.012838 0 
6914 0.011580 0 
6915 0.014034 0 
6916 0.011315 0 
6917 0.024280 0 
6918 0.017471 0 
6919 0.017244 0 
6921 0.013272 0 
6922 0.011291 0 
6923 0.009362 0 
6924 0.011702 0 
6925 0.010715 0 
6926 0.016141 0 
6927 0.010400 0 
6928 0.010703 0 
6929 0.014903 0 
6930 0.017606 0 
6931 0.013594 0 
6932 0.020200 0 
6934 0.019517 0 
6935 0.023828 0 
6936 0.033848 0 
6937 0.023564 0 
6938 0.010813 0 
6939 0.010705 0 
6940 0.017703 0 
6942 0.011879 0 
6943 0.016998 0 
6944 0.026044 0 
6945 0.029063 0 
6947 0.016683 0 
6948 0.015514 0 
6949 0.012780 0 
6950 0.010051 0 
6952 0.014140 0 
6953 0.014496 0 
6954 0.009057 0 
6955 0.012445 0 
6956 0.006812 0 
6957 0.012702 0 
6959 0.028025 0 
6960 0.025836 0 
6961 0.026252 0 
6962 0.017809 0 
6963 0.013747 0 
6964 0.013276 0 
6965 0.022463 0 
6966 0.014144 0 
6967 0.008601 0 
6969 0.016989 0 
6970 0.011839 0 
6971 0.013965 0 
6972 0.008943 0 
6973 0.013076 0 
6974 0.011832 0 
6975 0.012526 0 
6976 0.014201 0 
6977 0.017278 0 
6978 0.015321 0 
6979 0.013063 0 
6980 0.030776 0 
6981 0.014601 0 
6982 0.013853 0 
6983 0.017170 0 
6984 0.014321 0 
6985 0.021913 0 
6986 0.010013 0 
6987 0.007548 0 
6988 0.009488 0 
6989 0.026163 0 
6990 0.015871 0 
6991 0.025068 0 
6992 0.023242 0 
6993 0.012506 0 
6994 0.021385 0 
6996 0.025184 0 
6997 0.017313 0 
6998 0.023092 0 
6999 0.012305 0 
7000 0.016433 0 
7001 0.010769 0 
7002 0.026604 0 
7003 0.010374 0 
7005 0.027116 0 
7006 0.022207 0 
7007 0.016724 0 
7008 0.014323 0 
7010 0.018721 0 
7012 0.026062 0 
7013 0.025413 0 
7014 0.025495 0 
7015 0.023561 0 
7018 0.023376 0 
7019 0.026875 0 
7020 0.020435 0 
7021 0.040381 0 
7022 0.024208 0 
7023 0.022525 0 
7024 0.015410 0 
7025 0.011943 0 
7026 0.008289 0 
7027 0.010447 0 
7028 0.007739 0 
7029 0.010275 0 
7031 0.013603 0 
7033 0.019914 0 
7034 0.024006 0 
7035 0.007627 0 
7036 0.011639 0 
7037 0.009981 0 
7038 0.011541 0 
7039 0.010185 0 
7041 0.013569 0 
7042 0.022589 0 
7043 0.015182 0 
7044 0.012279 0 
7045 0.009697 0 
7046 0.010392 0 
7047 0.008221 0 
7048 0.011004 0 
7049 0.025426 0 
7050 0.022960 0 
7051 0.012436 0 
7052 0.017092 0 
7053 0.020332 0 
7054 0.023727 0 
7055 0.012296 0 
7057 0.034291 0 
7058 0.029311 0 
7059 0.047945 0 
7060 0.031863 0 
7061 0.023641 0 
7062 0.012691 0 
7063 0.034162 0 
7064 0.025104 0 
7065 0.021549 0 
7066 0.043275 0 
7068 0.030946 0 
7070 0.014182 0 
7071 0.019762 0 
7072 0.015454 0 
7073 0.015512 0 
7074 0.020680 0 
7075 0.023388 0 
7076 0.020089 0 
7078 0.018833 0 
7079 0.017245 0 
7080 0.016820 0 
7081 0.013665 0 
7083 0.031822 0 
7085 0.017794 0 
7086 0.014659 0 
7087 0.018106 0 
7089 0.031237 0 
7090 0.025143 0 
7091 0.021460 0 
7093 0.023256 0 
7094 0.011409 0 
7095 0.023201 0 
7096 0.016043 0 
7097 0.021472 0 
7098 0.017221 0 
7099 0.018179 0 
7100 0.020613 0 
7101 0.018500 0 
7102 0.016641 0 
7103 0.014885 0 
7104 0.015632 0 
7105 0.013018 0 
7106 0.016836 0 
7107 0.026815 0 
7108 0.018142 0 
7109 0.017545 0 
7110 0.011396 0 
7112 0.033348 0 
7113 0.022703 0 
7114 0.016060 0 
7115 0.013497 0 
7116 0.018983 0 
7117 0.015640 0 
7118 0.013889 0 
7120 0.011996 0 
7121 0.015456 0 
7122 0.016726 0 
7123 0.014236 0 
7124 0.012909 0 
7125 0.025355 0 
7126 0.015242 0 
7127 0.010490 0 
7128 0.020890 0 
7129 0.018101 0 
7130 0.016114 0 
7131 0.014804 0 
7133 0.029057 0 
7134 0.019315 0 
7135 0.032508 0 
7136 0.018819 0 
7137 0.013661 0 
7138 0.013997 0 
7139 0.026969 0 
7141 0.019356 0 
7142 0.014833 0 
7143 0.009396 0 
7144 0.011013 0 
7146 0.014464 0 
7147 0.038613 0 
7148 0.022077 0 
7149 0.025910 0 
7151 0.021323 0 
7152 0.033958 0 
7153 0.024408 0 
7154 0.012424 0 
7155 0.016020 0 
7156 0.015775 0 
7158 0.014796 0 
7159 0.013521 0 
7160 0.022753 0 
7161 0.017913 0 
7162 0.019588 0 
7163 0.017676 0 
7164 0.040964 0 
7165 0.024992 0 
7166 0.018620 0 
7168 0.013502 0 
7169 0.010483 0 
7170 0.006042 0 
7171 0.011689 0 
7172 0.018510 0 
7173 0.019303 0 
7174 0.010132 0 
7175 0.014943 0 
7176 0.012790 0 
7177 0.013721 0 
7178 0.022380 0 
7179 0.018490 0 
7180 0.018553 0 
7181 0.022044 0 
7182 0.013534 0 
7183 0.020517 0 
7184 0.023224 0 
7185 0.017384 0 
7186 0.013897 0 
7187 0.024938 0 
7188 0.013273 0 
7189 0.017842 0 
7190 0.010394 0 
7191 0.019229 0 
7192 0.011954 0 
7193 0.017268 0 
7195 0.018734 0 
7196 0.037739 0 
7197 0.021449 0 
7198 0.012576 0 
7199 0.012300 0 
7200 0.012533 0 
7201 0.022321 0 
7202 0.016587 0 
7204 0.039320 0 
7205 0.028325 0 
7206 0.012180 0 
7207 0.009132 0 
7209 0.013281 0 
7211 0.022810 0 
7212 0.034484 0 
7213 0.022587 0 
7214 0.018922 0 
7217 0.019469 0 
7218 0.021063 0 
7219 0.018199 0 
7220 0.040989 0 
7221 0.027281 0 
7222 0.011065 0 
7223 0.011425 0 
7224 0.020042 0 
7225 0.018698 0 
7226 0.017559 0 
7227 0.013160 0 
7228 0.014328 0 
7230 0.018555 0 
7232 0.035309 0 
7233 0.018779 0 
7234 0.028913 0 
7235 0.024276 0 
7236 0.012124 0 
7237 0.015296 0 
7238 0.016837 0 
7240 0.039357 0 
7241 0.026003 0 
7242 0.011009 0 
7243 0.022062 0 
7244 0.013930 0 
7245 0.025758 0 
7246 0.016358 0 
7247 0.027103 0 
7248 0.018269 0 
7249 0.012758 0 
7250 0.011184 0 
7251 0.016703 0 
7252 0.023347 0 
7253 0.016661 0 
7254 0.020399 0 
7256 0.035801 0 
7257 0.033616 0 
7258 0.029216 0 
7259 0.028891 0 
7260 0.012687 0 
7261 0.013596 0 
7262 0.011445 0 
7263 0.012092 0 
7264 0.011107 0 
7265 0.015046 0 
7267 0.016574 0 
7269 0.009422 0 
7270 0.015241 0 
7271 0.012501 0 
7272 0.019451 0 
7273 0.016772 0 
7274 0.011287 0 
7275 0.011518 0 
7277 0.013127 0 
7278 0.011837 0 
7279 0.008770 0 
7280 0.018613 0 
7282 0.034753 0 
7284 0.014921 0 
7285 0.016266 0 
7286 0.019474 0 
7288 0.021666 0 
7289 0.014511 0 
7290 0.010607 0 
7292 0.007011 0 
7293 0.014732 0 
7294 0.011471 0 
7295 0.018774 0 
7296 0.010989 0 
7297 0.016073 0 
7298 0.042378 0 
7299 0.026808 0 
7300 0.016881 0 
7301 0.017519 0 
7302 0.017381 0 
7303 0.009236 0 
7304 0.012164 0 
7305 0.012528 0 
7306 0.012149 0 
7307 0.022531 0 
7308 0.029463 0 
7309 0.011985 0 
7311 0.019903 0 
7312 0.029102 0 
7313 0.012831 0 
7314 0.027804 0 
7315 0.013196 0 
7316 0.018291 0 
7317 0.012209 0 
7319 0.036785 0 
7320 0.059994 0 
7321 0.043890 0 
7322 0.027703 0 
7323 0.014840 0 
7324 0.023796 0 
7325 0.013301 0 
7326 0.019029 0 
7327 0.030452 0 
7328 0.013895 0 
7329 0.015038 0 
7330 0.012781 0 
7332 0.035456 0 
7333 0.041375 0 
7334 0.024701 0 
7335 0.015283 0 
7336 0.029379 0 
7337 0.017772 0 
7338 0.034776 0 
7340 0.015347 0 
7341 0.018049 0 
7342 0.014113 0 
7343 0.033977 0 
7345 0.011864 0 
7346 0.014800 0 
7347 0.012550 0 
7348 0.013427 0 
7350 0.021677 0 
7351 0.010599 0 
7352 0.016352 0 
7353 0.013008 0 
7354 0.030976 0 
7355 0.014739 0 
7357 0.019202 0 
7358 0.024254 0 
7359 0.019273 0 
7360 0.028293 0 
7361 0.011713 0 
7362 0.013206 0 
7363 0.020197 0 
7364 0.013074 0 
7365 0.025140 0 
7367 0.017885 0 
7368 0.011865 0 
7369 0.006465 0 
7370 0.013309 0 
7371 0.014713 0 
7372 0.012851 0 
7373 0.026383 0 
7374 0.010555 0 
7375 0.031472 0 
7376 0.020593 0 
7377 0.024528 0 
7378 0.020369 0 
7379 0.014442 0 
7380 0.013700 0 
7381 0.019980 0 
7382 0.028090 0 
7383 0.017059 0 
7384 0.021005 0 
7385 0.024845 0 
7386 0.018981 0 
7387 0.015969 0 
7388 0.014191 0 
7389 0.023789 0 
7390 0.011438 0 
7391 0.020964 0 
7392 0.013854 0 
7394 0.021439 0 
7395 0.021886 0 
7396 0.013348 0 
7397 0.021304 0 
7398 0.019108 0 
7399 0.018736 0 
7400 0.015074 0 
7401 0.018833 0 
7403 0.040716 0 
7404 0.027456 0 
7405 0.011243 0 
7406 0.007850 0 
7408 0.029194 0 
7410 0.025901 0 
7411 0.024320 0 
7412 0.031938 0 
7413 0.029020 0 
7416 0.027121 0 
7417 0.021329 0 
7418 0.013033 0 
7419 0.046345 0 
7420 0.029612 0 
7421 0.023711 0 
7422 0.010626 0 
7423 0.018781 0 
7424 0.013885 0 
7425 0.017431 0 
7426 0.016159 0 
7427 0.018511 0 
7429 0.026507 0 
7431 0.027775 0 
7432 0.020822 0 
7433 0.018446 0 
7434 0.013371 0 
7435 0.025429 0 
7436 0.014431 0 
7437 0.012896 0 
7439 0.019023 0 
7440 0.020536 0 
7441 0.020108 0 
7442 0.012102 0 
7443 0.020649 0 
7444 0.017106 0 
7445 0.011497 0 
7446 0.021142 0 
7447 0.013400 0 
7448 0.018761 0 
7449 0.022393 0 
7450 0.013194 0 
7451 0.014976 0 
7452 0.018857 0 
7453 0.019800 0 
7455 0.036276 0 
7456 0.037969 0 
7457 0.021673 0 
7458 0.029707 0 
7459 0.013041 0 
7460 0.016923 0 
7461 0.033800 0 
7462 0.022345 0 
7463 0.025572 0 
7464 0.014885 0 
7466 0.033185 0 
7468 0.014181 0 
7469 0.022611 0 
7470 0.026230 0 
7471 0.022282 0 
7472 0.013440 0 
7473 0.028773 0 
7474 0.012408 0 
7476 0.039676 0 
7477 0.023401 0 
7478 0.016030 0 
7479 0.033401 0 
7481 0.046227 0 
7483 0.027826 0 
7484 0.031298 0 
7485 0.026189 0 
7487 0.036831 0 
7488 0.042026 0 
7489 0.025616 0 
7491 0.021953 0 
7492 0.014056 0 
7493 0.017506 0 
7494 0.014673 0 
7495 0.021572 0 
7496 0.014384 0 
7497 0.023864 0 
7498 0.017411 0 
7499 0.036556 0 
7500 0.029579 0 
7501 0.013331 0 
7502 0.018851 0 
7503 0.019025 0 
7504 0.010636 0 
7505 0.020943 0 
7506 0.009843 0 
7507 0.008678 0 
7508 0.010499 0 
7510 0.011773 0 
7511 0.023984 0 
7512 0.011537 0 
7513 0.028514 0 
7514 0.014496 0 
7515 0.015413 0 
7516 0.010680 0 
7518 0.015663 0 
7519 0.016037 0 
7520 0.010979 0 
7521 0.011361 0 
7522 0.012280 0 
7523 0.016435 0 
7524 0.009684 0 
7525 0.015775 0 
7526 0.008040 0 
7527 0.009800 0 
7528 0.018436 0 
7529 0.016647 0 
7531 0.018341 0 
7532 0.009980 0 
7533 0.016930 0 
7534 0.009429 0 
7535 0.009650 0 
7536 0.008235 0 
7537 0.017751 0 
7539 0.015137 0 
7540 0.018647 0 
7541 0.014249 0 
7542 0.024049 0 
7544 0.011879 0 
7545 0.020289 0 
7546 0.013182 0 
7547 0.014729 0 
7549 0.016941 0 
7550 0.021680 0 
7551 0.014721 0 
7552 0.015614 0 
7553 0.012169 0 
7554 0.026391 0 
7556 0.032660 0 
7557 0.018348 0 
7558 0.028895 0 
7559 0.012677 0 
7560 0.016135 0 
7561 0.010674 0 
7562 0.029543 0 
7563 0.015806 0 
7564 0.024277 0 
7566 0.031660 0 
7567 0.062838 0 
7568 0.047881 0 
7569 0.031791 0 
7570 0.015388 0 
7571 0.014313 0 
7572 0.010094 0 
7573 0.010512 0 
7574 0.024794 0 
7575 0.013791 0 
7576 0.025818 0 
7577 0.014841 0 
7578 0.009586 0 
7579 0.010969 0 
7580 0.014827 0 
7581 0.027597 0 
7582 0.025012 0 
7583 0.039181 0 
7584 0.022357 0 
7585 0.014884 0 
7586 0.016788 0 
7587 0.016544 0 
7588 0.014542 0 
7589 0.010825 0 
7590 0.030031 0 
7591 0.013808 0 
7593 0.018353 0 
7594 0.016562 0 
7595 0.015855 0 
7596 0.015484 0 
7597 0.007837 0 
7598 0.012231 0 
7599 0.019482 0 
7600 0.037947 0 
7602 0.028866 0 
7603 0.016209 0 
7604 0.003696 0 
7605 0.011382 0 
7607 0.011078 0 
7609 0.016183 0 
7610 0.051570 0 
7611 0.048547 0 
7612 0.035203 0 
7615 0.019302 0 
7616 0.023751 0 
7617 0.017695 0 
7618 0.033504 0 
7619 0.024866 0 
7620 0.023254 0 
7621 0.014611 0 
7622 0.012261 0 
7623 0.016130 0 
7624 0.013757 0 
7625 0.010577 0 
7626 0.022052 0 
7628 0.028173 0 
7630 0.028649 0 
7631 0.012009 0 
7632 0.016675 0 
7633 0.011291 0 
7634 0.019860 0 
7635 0.017184 0 
7636 0.017867 0 
7638 0.020773 0 
7639 0.013592 0 
7640 0.014948 0 
7641 0.028605 0 
7642 0.022302 0 
7643 0.026328 0 
7644 0.037416 0 
7645 0.020920 0 
7646 0.019063 0 
7647 0.027837 0 
7648 0.029876 0 
7649 0.017899 0 
7650 0.016313 0 
7651 0.015770 0 
7652 0.019404 0 
7654 0.058762 0 
7655 0.042284 0 
7656 0.027166 0 
7657 0.014537 0 
7658 0.022968 0 
7659 0.008709 0 
7660 0.015175 0 
7661 0.018607 0 
7662 0.028049 0 
7663 0.011923 0 
7665 0.030535 0 
7667 0.018332 0 
7668 0.014427 0 
7669 0.016264 0 
7670 0.012500 0 
7671 0.033725 0 
7672 0.029555 0 
7673 0.020597 0 
7675 0.022947 0 
7676 0.012003 0 
7677 0.024703 0 
7678 0.033350 0 
7680 0.027743 0 
7682 0.035968 0 
7683 0.019778 0 
7684 0.017479 0 
7686 0.018449 0 
7687 0.022457 0 
7688 0.015213 0 
7690 0.014527 0 
7691 0.016714 0 
7692 0.019737 0 
7693 0.013793 0 
7694 0.014073 0 
7695 0.024366 0 
7696 0.027434 0 
7697 0.026521 0 
7698 0.030836 0 
7699 0.014328 0 
7700 0.016847 0 
7701 0.035061 0 
7702 0.018935 0 
7703 0.012193 0 
7704 0.031930 0 
7705 0.030720 0 
7706 0.019773 0 
7707 0.013472 0 
7709 0.017446 0 
7710 0.018483 0 
7711 0.010398 0 
7712 0.026667 0 
7713 0.012735 0 
7714 0.024391 0 
7715 0.010563 0 
7717 0.036390 0 
7718 0.024930 0 
7719 0.013470 0 
7720 0.024158 0 
7721 0.037581 0 
7722 0.020941 0 
7723 0.032851 0 
7724 0.016639 0 
7725 0.012088 0 
7726 0.008960 0 
7727 0.010997 0 
7728 0.042584 0 
7730 0.016433 0 
7731 0.013944 0 
7732 0.015604 0 
7733 0.026508 0 
7734 0.020357 0 
7735 0.031515 0 
7736 0.015380 0 
7738 0.018052 0 
7739 0.025039 0 
7740 0.019508 0 
7741 0.026212 0 
7743 0.011722 0 
7744 0.024091 0 
7745 0.017542 0 
7746 0.006586 0 
7748 0.033423 0 
7749 0.037266 0 
7750 0.020645 0 
7751 0.015939 0 
7752 0.012918 0 
7753 0.014982 0 
7755 0.018985 0 
7756 0.015727 0 
7757 0.011044 0 
7758 0.013760 0 
7759 0.012279 0 
7760 0.017043 0 
7761 0.012288 0 
7762 0.013127 0 
7763 0.007561 0 
7765 0.011499 0 
7766 0.017279 0 
7767 0.011999 0 
7768 0.009826 0 
7769 0.022824 0 
7770 0.019085 0 
7771 0.013309 0 
7772 0.016824 0 
7773 0.014779 0 
7774 0.015346 0 
7775 0.007199 0 
7776 0.014958 0 
7777 0.016936 0 
7778 0.013047 0 
7779 0.014762 0 
7780 0.012812 0 
7781 0.022122 0 
7782 0.023508 0 
7783 0.031196 0 
7784 0.014849 0 
7785 0.014591 0 
7786 0.013782 0 
7787 0.012225 0 
7788 0.012725 0 
7789 0.019040 0 
7790 0.017396 0 
7792 0.017208 0 
7793 0.019927 0 
7794 0.017487 0 
7795 0.016669 0 
7796 0.033087 0 
7797 0.036190 0 
7798 0.019639 0 
7799 0.013200 0 
7801 0.045377 0 
7802 0.028230 0 
7803 0.011801 0 
7804 0.014768 0 
7806 0.027479 0 
7808 0.034125 0 
7809 0.022726 0 
7810 0.028379 0 
7811 0.011990 0 
7814 0.016698 0 
7815 0.024743 0 
7816 0.014708 0 
7817 0.039275 0 
7818 0.025470 0 
7819 0.018888 0 
7820 0.011514 0 
7821 0.018509 0 
7822 0.033762 0 
7823 0.026851 0 
7824 0.010482 0 
7825 0.014452 0 
7827 0.021526 0 
7829 0.018858 0 
7830 0.020421 0 
7831 0.018029 0 
7832 0.009563 0 
7833 0.016675 0 
7834 0.015783 0 
7835 0.016599 0 
7837 0.021533 0 
7838 0.011379 0 
7839 0.014289 0 
7840 0.015634 0 
7841 0.024245 0 
7842 0.011992 0 
7843 0.021544 0 
7844 0.010433 0 
7845 0.018362 0 
7846 0.016776 0 
7847 0.015110 0 
7848 0.009387 0 
7849 0.017861 0 
7850 0.013776 0 
7851 0.013078 0 
7853 0.033981 0 
7854 0.037796 0 
7855 0.021560 0 
7856 0.014253 0 
7857 0.011278 0 
7858 0.015276 0 
7859 0.029512 0 
7860 0.018802 0 
7861 0.015615 0 
7862 0.012722 0 
7864 0.023856 0 
7866 0.045088 0 
7867 0.029148 0 
7868 0.017178 0 
7869 0.011749 0 
7870 0.012733 0 
7871 0.018381 0 
7872 0.013202 0 
7874 0.023850 0 
7875 0.034663 0 
7876 0.028378 0 
7877 0.045686 0 
7879 0.041406 0 
7881 0.023970 0 
7882 0.023828 0 
7883 0.009341 0 
7885 0.013722 0 
7886 0.020746 0 
7887 0.016819 0 
7889 0.021772 0 
7890 0.021383 0 
7891 0.015522 0 
7892 0.008480 0 
7893 0.011895 0 
7894 0.015297 0 
7895 0.022495 0 
7896 0.021187 0 
7897 0.029035 0 
7898 0.031067 0 
7899 0.014620 0 
7900 0.013885 0 
7901 0.017551 0 
7902 0.015241 0 
7903 0.019264 0 
7904 0.013835 0 
7905 0.013404 0 
7906 0.017708 0 
7908 0.032232 0 
7909 0.015726 0 
7910 0.016024 0 
7911 0.039215 0 
7912 0.027650 0 
7913 0.020122 0 
7914 0.028455 0 
7916 0.020952 0 
7917 0.012872 0 
7918 0.009089 0 
7919 0.010739 0 
7920 0.040705 0 
7921 0.024315 0 
7922 0.023624 0 
7923 0.016266 0 
7924 0.015973 0 
7925 0.020220 0 
7926 0.037808 0 
7927 0.021631 0 
7929 0.022483 0 
7930 0.020973 0 
7931 0.023233 0 
7932 0.033992 0 
7933 0.017498 0 
7934 0.017895 0 
7935 0.014600 0 
7937 0.027711 0 
7938 0.028578 0 
7939 0.017935 0 
7940 0.024840 0 
7942 0.011339 0 
7943 0.012570 0 
7944 0.030258 0 
7945 0.016797 0 
7947 0.017723 0 
7948 0.026434 0 
7949 0.017897 0 
7950 0.019693 0 
7951 0.025779 0 
7952 0.019163 0 
7954 0.030077 0 
7955 0.022295 0 
7956 0.016162 0 
7957 0.028135 0 
7958 0.054570 0 
7959 0.038091 0 
7960 0.033359 0 
7961 0.016994 0 
7962 0.015849 0 
7964 0.029899 0 
7965 0.013681 0 
7966 0.024139 0 
7967 0.011202 0 
7968 0.018965 0 
7969 0.012194 0 
7970 0.010602 0 
7971 0.010672 0 
7972 0.028400 0 
7973 0.011754 0 
7974 0.009448 0 
7975 0.010137 0 
7976 0.012502 0 
7977 0.020559 0 
7978 0.018435 0 
7979 0.017616 0 
7980 0.014214 0 
7981 0.015482 0 
7982 0.053872 0 
7983 0.042857 0 
7984 0.056009 0 
7985 0.039774 0 
7986 0.024927 0 
7987 0.013880 0 
7988 0.010812 0 
7989 0.017028 0 
7991 0.019316 0 
7992 0.023856 0 
7993 0.007574 0 
7994 0.010106 0 
7995 0.012981 0 
7996 0.011481 0 
7997 0.007795 0 
7998 0.006909 0 
8000 0.024121 0 
8001 0.012702 0 
8002 0.009499 0 
8003 0.006225 0 
8005 0.007429 0 
8007 0.014849 0 
8008 0.041425 0 
8009 0.024623 0 
8010 0.019301 0 
8013 0.017184 0 
8014 0.016849 0 
8015 0.010198 0 
8016 0.033877 0 
8017 0.029002 0 
8018 0.045873 0 
8019 0.029252 0 
8020 0.018263 0 
8021 0.022451 0 
8022 0.012416 0 
8023 0.013892 0 
8024 0.016423 0 
8026 0.017468 0 
8028 0.022573 0 
8029 0.017719 0 
8030 0.016774 0 
8031 0.010010 0 
8032 0.018235 0 
8033 0.016273 0 
8034 0.013792 0 
8036 0.017840 0 
8037 0.018645 0 
8038 0.012191 0 
8039 0.021511 0 
8040 0.013164 0 
8041 0.016566 0 
8042 0.014728 0 
8043 0.030150 0 
8044 0.013742 0 
8045 0.023856 0 
8046 0.049920 0 
8047 0.037577 0 
8048 0.020625 0 
8049 0.029768 0 
8050 0.013833 0 
8052 0.044629 0 
8053 0.033301 0 
8054 0.017647 0 
8055 0.029334 0 
8056 0.013059 0 
8057 0.022333 0 
8058 0.014769 0 
8059 0.011316 0 
8060 0.013499 0 
8061 0.013785 0 
8063 0.031518 0 
8065 0.031831 0 
8066 0.025119 0 
8067 0.020009 0 
8068 0.025259 0 
8069 0.018768 0 
8070 0.015360 0 
8071 0.019274 0 
8073 0.023772 0 
8074 0.008602 0 
8075 0.009324 0 
8076 0.012877 0 
8078 0.028311 0 
8080 0.019209 0 
8081 0.024402 0 
8082 0.023775 0 
8084 0.023203 0 
8085 0.018230 0 
8086 0.018995 0 
8088 0.018192 0 
8089 0.022772 0 
8090 0.010340 0 
8091 0.013729 0 
8092 0.014165 0 
8093 0.017907 0 
8094 0.012434 0 
8095 0.019645 0 
8096 0.015502 0 
8097 0.014961 0 
8098 0.008090 0 
8099 0.036895 0 
8100 0.028742 0 
8101 0.026841 0 
8102 0.032110 0 
8103 0.018614 0 
8104 0.018294 0 
8105 0.021259 0 
8107 0.031332 0 
8108 0.014686 0 
8109 0.019117 0 
8110 0.008357 0 
8111 0.028648 0 
8112 0.021525 0 
8113 0.022680 0 
8115 0.026902 0 
8116 0.016987 0 
8117 0.017788 0 
8118 0.010870 0 
8119 0.019592 0 
8120 0.018679 0 
8121 0.017155 0 
8122 0.016767 0 
8123 0.020464 0 
8124 0.014949 0 
8125 0.022804 0 
8126 0.011240 0 
8128 0.025211 0 
8129 0.017718 0 
8130 0.013636 0 
8131 0.030119 0 
8132 0.013780 0 
8133 0.013873 0 
8134 0.017137 0 
8136 0.020603 0 
8137 0.027477 0 
8138 0.024379 0 
8139 0.017231 0 
8141 0.017524 0 
8142 0.008626 0 
8143 0.025243 0 
8144 0.020493 0 
8146 0.018279 0 
8147 0.017964 0 
8148 0.015522 0 
8149 0.028705 0 
8150 0.043113 0 
8151 0.027011 0 
8153 0.027408 0 
8154 0.014738 0 
8155 0.017622 0 
8156 0.010859 0 
8157 0.018457 0 
8158 0.026537 0 
8159 0.027503 0 
8160 0.022002 0 
8161 0.014865 0 
8163 0.017544 0 
8164 0.018992 0 
8165 0.019044 0 
8166 0.010994 0 
8167 0.021660 0 
8168 0.018863 0 
8169 0.017404 0 
8170 0.037811 0 
8171 0.021234 0 
8172 0.019202 0 
8173 0.019795 0 
8174 0.027216 0 
8175 0.017494 0 
8176 0.014478 0 
8177 0.016445 0 
8178 0.014809 0 
8179 0.011117 0 
8180 0.019035 0 
8181 0.020077 0 
8182 0.018832 0 
8183 0.011608 0 
8184 0.019229 0 
8185 0.016328 0 
8186 0.011815 0 
8187 0.021451 0 
8188 0.013291 0 
8190 0.020138 0 
8191 0.013385 0 
8192 0.018292 0 
8193 0.016077 0 
8194 0.018534 0 
8195 0.013726 0 
8196 0.009910 0 
8197 0.016403 0 
8199 0.040187 0 
8200 0.022380 0 
8201 0.011518 0 
8202 0.004656 0 
8204 0.008219 0 
8206 0.030504 0 
8207 0.022590 0 
8208 0.030208 0 
8209 0.027842 0 
8212 0.027089 0 
8213 0.011911 0 
8214 0.023728 0 
8215 0.038335 0 
8216 0.030459 0 
8217 0.013549 0 
8218 0.018798 0 
8219 0.020153 0 
8220 0.019412 0 
8221 0.027008 0 
8222 0.010735 0 
8223 0.019166 0 
8225 0.016559 0 
8227 0.024687 0 
8228 0.023902 0 
8229 0.017585 0 
8230 0.020253 0 
8231 0.034555 0 
8232 0.025873 0 
8233 0.015565 0 
8235 0.016406 0 
8236 0.047026 0 
8237 0.030664 0 
8238 0.014295 0 
8239 0.025562 0 
8240 0.022320 0 
8241 0.013372 0 
8242 0.020631 0 
8243 0.014849 0 
8244 0.015548 0 
8245 0.012360 0 
8246 0.010464 0 
8247 0.022973 0 
8248 0.011795 0 
8249 0.012662 0 
8251 0.023612 0 
8252 0.043379 0 
8253 0.026154 0 
8254 0.018569 0 
8255 0.014061 0 
8256 0.012424 0 
8257 0.009340 0 
8258 0.012110 0 
8259 0.009440 0 
8260 0.011574 0 
8262 0.016713 0 
8264 0.012840 0 
8265 0.009889 0 
8266 0.012936 0 
8267 0.012873 0 
8268 0.014093 0 
8269 0.022450 0 
8270 0.019798 0 
8272 0.010814 0 
8273 0.010103 0 
8274 0.012712 0 
8275 0.007749 0 
8277 0.029203 0 
8279 0.014344 0 
8280 0.018628 0 
8281 0.017927 0 
8283 0.016674 0 
8284 0.018661 0 
8285 0.031452 0 
8287 0.016207 0 
8288 0.014835 0 
8289 0.018436 0 
8290 0.028429 0 
8291 0.029590 0 
8292 0.022783 0 
8293 0.017170 0 
8294 0.029541 0 
8295 0.013295 0 
8296 0.020461 0 
8297 0.028178 0 
8298 0.024085 0 
8299 0.017661 0 
8300 0.022660 0 
8301 0.037050 0 
8302 0.021476 0 
8303 0.024807 0 
8304 0.015033 0 
8306 0.021560 0 
8307 0.015388 0 
8308 0.012881 0 
8309 0.023180 0 
8310 0.032013 0 
8311 0.032538 0 
8312 0.016167 0 
8314 0.015990 0 
8315 0.012019 0 
8316 0.024529 0 
8317 0.026372 0 
8318 0.016251 0 
8319 0.016852 0 
8320 0.038508 0 
8321 0.022244 0 
8322 0.079345 0 
8323 0.064131 0 
8324 0.047540 0 
8325 0.036610 0 
8327 0.029339 0 
8328 0.017465 0 
8329 0.011429 0 
8330 0.022916 0 
8331 0.012435 0 
8332 0.013487 0 
8333 0.014206 0 
8335 0.027189 0 
8336 0.016984 0 
8337 0.020058 0 
8338 0.016016 0 
8340 0.015466 0 
8341 0.026823 0 
8342 0.018347 0 
8343 0.031837 0 
8345 0.029401 0 
8346 0.044946 0 
8347 0.038011 0 
8348 0.021578 0 
8349 0.017202 0 
8350 0.015501 0 
8352 0.020316 0 
8353 0.029058 0 
8354 0.016858 0 
8355 0.018971 0 
8356 0.012891 0 
8357 0.025531 0 
8358 0.016860 0 
8359 0.013065 0 
8360 0.012543 0 
8362 0.021796 0 
8363 0.032146 0 
8364 0.016088 0 
8365 0.012999 0 
8366 0.015692 0 
8367 0.021338 0 
8368 0.015379 0 
8369 0.023446 0 
8370 0.019333 0 
8371 0.024020 0 
8372 0.033748 0 
8373 0.017505 0 
8374 0.018100 0 
8375 0.017722 0 
8376 0.011714 0 
8377 0.022015 0 
8378 0.024904 0 
8379 0.025083 0 
8380 0.011531 0 
8381 0.012637 0 
8382 0.011270 0 
8383 0.017775 0 
8384 0.014677 0 
8385 0.031770 0 
8386 0.015335 0 
8387 0.012246 0 
8389 0.022967 0 
8390 0.014962 0 
8391 0.021037 0 
8392 0.024692 0 
8393 0.016999 0 
8394 0.015396 0 
8395 0.018422 0 
8396 0.025772 0 
8398 0.039927 0 
8399 0.023071 0 
8400 0.016416 0 
8401 0.012915 0 
8403 0.016413 0 
8405 0.026866 0 
8406 0.028530 0 
8407 0.034022 0 
8408 0.035562 0 
8411 0.022863 0 
8412 0.023351 0 
8413 0.019769 0 
8414 0.040758 0 
8415 0.024858 0 
8416 0.016329 0 
8417 0.014761 0 
8418 0.015706 0 
8419 0.017503 0 
8420 0.017048 0 
8421 0.021142 0 
8422 0.026798 0 
8424 0.017885 0 
8426 0.029167 0 
8427 0.012839 0 
8428 0.021569 0 
8429 0.022284 0 
8430 0.013209 0 
8431 0.013786 0 
8432 0.013412 0 
8434 0.026774 0 
8435 0.017138 0 
8436 0.014713 0 
8437 0.019663 0 
8438 0.010823 0 
8439 0.010301 0 
8440 0.017505 0 
8441 0.015286 0 
8442 0.031014 0 
8443 0.016829 0 
8444 0.012895 0 
8445 0.013362 0 
8446 0.014432 0 
8447 0.020694 0 
8448 0.018630 0 
8450 0.025763 0 
8451 0.022906 0 
8452 0.019862 0 
8453 0.017928 0 
8454 0.010925 0 
8455 0.016979 0 
8456 0.013747 0 
8457 0.014657 0 
8458 0.020990 0 
8459 0.012155 0 
8461 0.025719 0 
8463 0.011099 0 
8464 0.009018 0 
8465 0.011583 0 
8466 0.015641 0 
8467 0.013422 0 
8468 0.015483 0 
8469 0.018801 0 
8471 0.017332 0 
8472 0.011752 0 
8473 0.010269 0 
8474 0.014729 0 
8476 0.028329 0 
8478 0.027998 0 
8479 0.011609 0 
8480 0.007051 0 
8482 0.020558 0 
8483 0.014470 0 
8484 0.008535 0 
8486 0.011156 0 
8487 0.012186 0 
8488 0.007285 0 
8489 0.027633 0 
8490 0.011505 0 
8491 0.011835 0 
8492 0.024623 0 
8493 0.017361 0 
8494 0.008407 0 
8495 0.010013 0 
8496 0.081055 0 
8497 0.063372 0 
8498 0.048374 0 
8499 0.030132 0 
8500 0.017973 0 
8501 0.011085 0 
8502 0.015711 0 
8503 0.015683 0 
8505 0.023427 0 
8506 0.011505 0 
8507 0.008811 0 
8508 0.013205 0 
8509 0.014750 0 
8510 0.029756 0 
8511 0.013733 0 
8513 0.012973 0 
8514 0.017111 0 
8515 0.007397 0 
8516 0.010587 0 
8517 0.015029 0 
8518 0.014041 0 
8519 0.013936 0 
8520 0.013353 0 
8521 0.015052 0 
8522 0.008360 0 
8523 0.008749 0 
8524 0.012327 0 
8526 0.037629 0 
8527 0.032653 0 
8528 0.015335 0 
8529 0.017082 0 
8530 0.016214 0 
8531 0.014359 0 
8532 0.009274 0 
8534 0.011880 0 
8535 0.011798 0 
8536 0.011075 0 
8537 0.018431 0 
8539 0.014972 0 
8540 0.015271 0 
8541 0.009548 0 
8542 0.012453 0 
8544 0.035135 0 
8545 0.036151 0 
8546 0.019559 0 
8547 0.011437 0 
8548 0.014343 0 
8549 0.017184 0 
8551 0.021518 0 
8552 0.024446 0 
8553 0.020444 0 
8554 0.023956 0 
8555 0.032763 0 
8556 0.016396 0 
8557 0.017696 0 
8558 0.018409 0 
8559 0.025504 0 
8561 0.014486 0 
8562 0.013602 0 
8563 0.012720 0 
8564 0.017166 0 
8565 0.010507 0 
8566 0.017758 0 
8567 0.013414 0 
8568 0.010785 0 
8569 0.011254 0 
8570 0.017530 0 
8571 0.019927 0 
8572 0.010205 0 
8573 0.014831 0 
8574 0.017163 0 
8575 0.013064 0 
8576 0.023237 0 
8577 0.016654 0 
8578 0.019529 0 
8579 0.030639 0 
8580 0.014108 0 
8581 0.014669 0 
8582 0.039615 0 
8583 0.022540 0 
8584 0.024454 0 
8585 0.015857 0 
8586 0.010330 0 
8588 0.022929 0 
8589 0.018805 0 
8590 0.019365 0 
8591 0.015293 0 
8592 0.020186 0 
8593 0.010575 0 
8594 0.043061 0 
8595 0.026845 0 
8597 0.025922 0 
8598 0.016224 0 
8599 0.012218 0 
8600 0.007793 0 
8602 0.008408 0 
8604 0.030937 0 
8605 0.026309 0 
8606 0.035779 0 
8607 0.019469 0 
8610 0.026208 0 
8611 0.014595 0 
8612 0.010383 0 
8613 0.041581 0 
8614 0.027308 0 
8615 0.012322 0 
8616 0.009131 0 
8617 0.015183 0 
8618 0.016599 0 
8619 0.016921 0 
8620 0.009980 0 
8621 0.017254 0 
8623 0.022931 0 
8625 0.054627 0 
8626 0.038296 0 
8627 0.022189 0 
8628 0.013471 0 
8629 0.013902 0 
8630 0.014748 0 
8631 0.017103 0 
8633 0.017509 0 
8634 0.013612 0 
8635 0.017392 0 
8636 0.014140 0 
8637 0.011962 0 
8638 0.015669 0 
8639 0.020417 0 
8640 0.022810 0 
8641 0.009007 0 
8642 0.021233 0 
8643 0.016204 0 
8644 0.021265 0 
8645 0.014455 0 
8646 0.012067 0 
8647 0.011129 0 
8649 0.036269 0 
8650 0.024562 0 
8651 0.021470 0 
8652 0.012217 0 
8653 0.013118 0 
8654 0.013737 0 
8655 0.017461 0 
8656 0.022751 0 
8657 0.012882 0 
8658 0.014965 0 
8660 0.035269 0 
8662 0.015184 0 
8663 0.012903 0 
8664 0.021595 0 
8665 0.018576 0 
8666 0.015356 0 
8667 0.020803 0 
8668 0.016249 0 
8670 0.045459 0 
8671 0.029108 0 
8672 0.012783 0 
8673 0.030331 0 
8675 0.042841 0 
8677 0.023480 0 
8678 0.018616 0 
8679 0.019618 0 
8681 0.020412 0 
8682 0.023634 0 
8683 0.014101 0 
8685 0.014190 0 
8686 0.024771 0 
8687 0.024259 0 
8688 0.026109 0 
8689 0.020115 0 
8690 0.028621 0 
8691 0.033570 0 
8692 0.017302 0 
8693 0.024987 0 
8694 0.017407 0 
8695 0.014495 0 
8696 0.014784 0 
8697 0.011094 0 
8698 0.016839 0 
8699 0.018998 0 
8700 0.045216 0 
8701 0.028408 0 
8702 0.034488 0 
8704 0.024290 0 
8705 0.012679 0 
8706 0.026126 0 
8707 0.009733 0 
8708 0.011949 0 
8709 0.014071 0 
8710 0.014479 0 
8712 0.019728 0 
8713 0.016109 0 
8714 0.013531 0 
8715 0.014824 0 
8716 0.015561 0 
8717 0.018207 0 
8718 0.018701 0 
8719 0.014607 0 
8720 0.016383 0 
8721 0.018927 0 
8722 0.021762 0 
8723 0.007864 0 
8725 0.012354 0 
8726 0.017261 0 
8727 0.023491 0 
8728 0.017927 0 
8729 0.008166 0 
8730 0.009596 0 
8731 0.025650 0 
8733 0.009881 0 
8734 0.026434 0 
8735 0.019857 0 
8736 0.017158 0 
8738 0.021253 0 
8739 0.013008 0 
8740 0.015184 0 
8741 0.008204 0 
8743 0.010093 0 
8744 0.022405 0 
8745 0.008718 0 
8746 0.007709 0 
8747 0.009294 0 
8748 0.016663 0 
8750 0.023065 0 
8751 0.031241 0 
8752 0.040644 0 
8753 0.024117 0 
8754 0.015985 0 
8755 0.013618 0 
8756 0.048440 0 
8757 0.032156 0 
8758 0.017890 0 
8760 0.017442 0 
8761 0.017088 0 
8762 0.011301 0 
8763 0.022655 0 
8764 0.015044 0 
8765 0.010439 0 
8766 0.011361 0 
8767 0.007609 0 
8768 0.014442 0 
8769 0.021015 0 
8770 0.013827 0 
8771 0.024736 0 
8772 0.012058 0 
8773 0.012587 0 
8774 0.009786 0 
8775 0.015074 0 
8776 0.015576 0 
8777 0.013561 0 
8778 0.025566 0 
8779 0.009344 0 
8780 0.027941 0 
8781 0.031153 0 
8782 0.020044 0 
8783 0.021482 0 
8784 0.018586 0 
8785 0.019154 0 
8787 0.027822 0 
8788 0.018902 0 
8789 0.011319 0 
8790 0.011138 0 
8791 0.010849 0 
8792 0.010276 0 
8793 0.011620 0 
8794 0.010663 0 
8796 0.028309 0 
8797 0.019206 0 
8798 0.025851 0 
8799 0.009586 0 
8801 0.008110 0 
8803 0.028104 0 
8804 0.025366 0 
8805 0.038608 0 
8806 0.022018 0 
8809 0.039259 0 
8810 0.022753 0 
8811 0.027192 0 
8812 0.050747 0 
8813 0.034284 0 
8814 0.017413 0 
8815 0.007450 0 
8816 0.016403 0 
8817 0.013284 0 
8818 0.022379 0 
8819 0.027812 0 
8820 0.034301 0 
8822 0.022411 0 
8824 0.035092 0 
8825 0.023888 0 
8826 0.024370 0 
8827 0.015617 0 
8828 0.021343 0 
8829 0.024241 0 
8830 0.025782 0 
8832 0.019038 0 
8833 0.025449 0 
8834 0.017119 0 
8835 0.034181 0 
8836 0.053530 0 
8837 0.050734 0 
8838 0.034447 0 
8839 0.017663 0 
8840 0.016896 0 
8841 0.013196 0 
8842 0.008650 0 
8843 0.014183 0 
8844 0.035865 0 
8845 0.028365 0 
8846 0.018990 0 
8848 0.054925 0 
8849 0.061465 0 
8850 0.048530 0 
8851 0.032157 0 
8852 0.018278 0 
8853 0.012099 0 
8854 0.016718 0 
8855 0.021090 0 
8856 0.011167 0 
8857 0.023540 0 
8859 0.030499 0 
8861 0.023616 0 
8862 0.022592 0 
8863 0.028933 0 
8864 0.019012 0 
8865 0.018705 0 
8866 0.015986 0 
8867 0.025784 0 
8869 0.025241 0 
8870 0.012096 0 
8871 0.025994 0 
8872 0.012369 0 
8874 0.022366 0 
8876 0.013179 0 
8877 0.029333 0 
8878 0.015013 0 
8880 0.027006 0 
8881 0.031219 0 
8882 0.044897 0 
8884 0.015295 0 
8885 0.018158 0 
8886 0.040293 0 
8887 0.034693 0 
8888 0.018585 0 
8889 0.024153 0 
8890 0.016427 0 
8891 0.020492 0 
8892 0.018947 0 
8893 0.027460 0 
8894 0.013370 0 
8895 0.016989 0 
8896 0.013290 0 
8897 0.014918 0 
8898 0.028268 0 
8899 0.026976 0 
8900 0.013377 0 
8901 0.025559 0 
8903 0.054243 0 
8904 0.037740 0 
8905 0.028937 0 
8906 0.011951 0 
8907 0.023014 0 
8908 0.015319 0 
8909 0.011005 0 
8911 0.029410 0 
8912 0.014437 0 
8913 0.015599 0 
8914 0.022110 0 
8915 0.012375 0 
8916 0.028609 0 
8917 0.030876 0 
8918 0.029385 0 
8919 0.012710 0 
8920 0.014479 0 
8921 0.016891 0 
8922 0.028463 0 
8924 0.026547 0 
8925 0.027416 0 
8926 0.026470 0 
8927 0.026182 0 
8928 0.031515 0 
8929 0.031862 0 
8930 0.015344 0 
8932 0.016960 0 
8933 0.016419 0 
8934 0.012972 0 
8935 0.022723 0 
8932 0.090364 1 
8933 0.073155 1 
8934 0.056795 1 
8935 0.040600 1 
8937 0.008111 1 
8937 0.018620 0 
8938 0.015458 0 
8939 0.005801 1 
8940 0.010733 1 
8939 0.029700 0 
8940 0.013561 0 
8942 0.012350 1 
8942 0.020303 0 
8943 0.008056 1 
8944 0.006728 1 
8943 0.036139 0 
8944 0.019907 0 
8945 0.007086 0 
8945 0.009434 1 
8946 0.006201 1 
8946 0.017425 0 
8947 0.011635 0 
8949 0.007188 1 
8949 0.018645 0 
8950 0.006789 1 
8950 0.022871 0 
8951 0.012324 1 
8951 0.015120 0 
8952 0.008168 1 
8952 0.016128 0 
8953 0.009523 1 
8953 0.016175 0 
8954 0.013048 0 
8955 0.007809 1 
8955 0.015422 0 
8956 0.008401 1 
8956 0.011719 0 
8957 0.011518 1 
8957 0.012946 0 
8959 0.007698 1 
8959 0.014383 0 
8960 0.013987 0 
8961 0.009942 1 
8962 0.005380 1 
8962 0.019779 0 
8963 0.013546 1 
8963 0.016959 0 
8964 0.006211 1 
8964 0.015918 0 
8965 0.011040 1 
8965 0.012163 0 
8966 0.010854 0 
8966 0.017689 1 
8967 0.011653 1 
8967 0.015008 0 
8968 0.006958 1 
8968 0.014961 0 
8969 0.012205 0 
8969 0.021288 1 
8970 0.007636 0 
8970 0.028546 1 
8971 0.012237 1 
8971 0.021144 0 
8972 0.006924 1 
8972 0.009850 0 
8973 0.011094 1 
8973 0.017125 0 
8974 0.007794 1 
8974 0.011429 0 
8975 0.014130 0 
8976 0.011995 0 
8977 0.009979 0 
8976 0.032591 1 
8978 0.010629 1 
8978 0.012418 0 
8979 0.014272 1 
8980 0.006352 1 
8980 0.011241 0 
8981 0.013350 0 
8981 0.015202 1 
8982 0.007713 1 
8982 0.013569 0 
8983 0.006246 1 
8983 0.008117 0 
8984 0.011430 1 
8984 0.015055 0 
8986 0.009041 1 
8986 0.016969 0 
8987 0.009844 1 
8988 0.010118 1 
8988 0.013536 0 
8989 0.006978 1 
8989 0.007063 0 
8990 0.020109 1 
8991 0.005295 0 
8991 0.015013 1 
8992 0.008134 1 
8993 0.008758 1 
8993 0.009444 0 
8995 0.007646 1 
8995 0.013826 0 
8996 0.010403 1 
8997 0.005142 0 
8998 0.011544 0 
9000 0.011306 0 
9002 0.018389 0 
9002 0.018986 1 
9003 0.013758 1 
9003 0.018559 0 
9004 0.014722 1 
9005 0.011832 1 
9004 0.035662 0 
9005 0.025787 0 
9008 0.011497 0 
9009 0.017336 1 
9010 0.011252 0 
9011 0.032373 0 
9012 0.015027 0 
9010 0.050845 1 
9011 0.034523 1 
9012 0.017115 1 
9013 0.007574 1 
9013 0.018027 0 
9014 0.006431 1 
9014 0.007630 0 
9015 0.010105 0 
9016 0.009365 0 
9017 0.008003 1 
9017 0.011154 0 
9018 0.012517 1 
9018 0.013344 0 
9019 0.011474 1 
9019 0.023189 0 
9021 0.012375 1 
9021 0.033478 0 
9023 0.008504 1 
9023 0.017632 0 
9024 0.008985 1 
9024 0.016446 0 
9025 0.012063 1 
9025 0.023547 0 
9026 0.008953 1 
9026 0.009795 0 
9027 0.009766 1 
9028 0.008334 1 
9028 0.008432 0 
9029 0.007643 0 
9029 0.011545 1 
9031 0.019874 0 
9032 0.010121 0 
9033 0.020907 0 
9034 0.009526 0 
9031 0.075490 1 
9032 0.059030 1 
9033 0.042726 1 
9034 0.027284 1 
9035 0.013938 1 
9035 0.022476 0 
9036 0.010317 1 
9036 0.015352 0 
9037 0.009102 0 
9038 0.009070 1 
9038 0.014026 0 
9039 0.006572 1 
9039 0.017733 0 
9040 0.015935 1 
9040 0.017724 0 
9041 0.012917 1 
9041 0.017439 0 
9042 0.009623 1 
9042 0.028996 0 
9043 0.012692 0 
9044 0.010985 0 
9043 0.031670 1 
9044 0.017746 1 
9045 0.009577 0 
9045 0.011147 1 
9047 0.022552 0 
9047 0.025546 1 
9048 0.012982 1 
9049 0.011120 1 
9048 0.033835 0 
9049 0.023966 0 
9050 0.011868 0 
9050 0.015105 1 
9051 0.006446 1 
9051 0.016556 0 
9052 0.007021 1 
9052 0.010690 0 
9053 0.007026 1 
9053 0.012142 0 
9054 0.009624 1 
9054 0.011768 0 
9055 0.009260 1 
9056 0.009447 1 
9055 0.026842 0 
9058 0.014662 1 
