2024-09-02 18:59:24
../stream-replay/logs/rtt-6205@128.txt
1 0.044619 0 
2 0.039521 0 
4 0.010932 0 
5 0.057191 0 
6 0.049277 0 
7 0.033214 0 
8 0.042150 0 
9 0.026075 0 
10 0.055165 0 
11 0.039187 0 
12 0.038671 0 
13 0.022177 0 
14 0.044527 0 
15 0.028128 0 
16 0.011795 0 
17 0.051179 0 
18 0.034779 0 
19 0.018448 0 
20 0.060039 0 
21 0.043647 0 
22 0.051575 0 
23 0.035221 0 
24 0.018449 0 
25 0.067609 0 
26 0.051430 0 
27 0.035107 0 
28 0.049533 0 
29 0.033268 0 
31 0.024433 0 
32 0.007743 0 
33 0.061399 0 
34 0.044958 0 
35 0.050216 0 
36 0.033452 0 
37 0.017091 0 
38 0.025620 0 
40 0.064590 0 
41 0.048379 0 
42 0.032228 0 
43 0.016151 0 
45 0.016501 0 
47 0.021115 0 
48 0.083133 0 
49 0.077214 0 
50 0.068654 0 
53 0.019288 0 
54 0.044988 0 
55 0.054425 0 
56 0.037807 0 
57 0.021239 0 
58 0.017015 0 
59 0.030349 0 
60 0.032485 0 
61 0.015887 0 
62 0.039320 0 
63 0.022807 0 
64 0.020853 0 
66 0.023551 0 
68 0.017841 0 
69 0.025144 0 
70 0.024029 0 
71 0.036503 0 
72 0.020149 0 
73 0.020104 0 
74 0.008682 0 
76 0.015305 0 
77 0.035890 0 
78 0.019530 0 
79 0.055740 0 
80 0.049376 0 
81 0.033800 0 
82 0.042611 0 
83 0.026220 0 
84 0.027332 0 
85 0.027932 0 
86 0.050288 0 
87 0.034899 0 
88 0.018268 0 
89 0.078336 0 
90 0.062031 0 
92 0.141235 0 
93 0.138972 0 
94 0.135679 0 
95 0.119141 0 
96 0.109980 0 
97 0.108530 0 
98 0.092082 0 
99 0.075670 0 
100 0.066641 0 
101 0.050153 0 
103 0.033413 0 
105 0.037739 0 
106 0.021310 0 
107 0.034444 0 
108 0.017724 0 
109 0.061135 0 
110 0.045480 0 
111 0.046844 0 
113 0.013943 0 
114 0.049066 0 
115 0.032669 0 
116 0.029603 0 
118 0.049725 0 
120 0.055976 0 
121 0.039233 0 
122 0.056728 0 
124 0.024036 0 
125 0.092851 0 
126 0.076353 0 
128 0.144847 0 
129 0.128190 0 
130 0.111600 0 
131 0.095046 0 
132 0.164995 0 
133 0.148536 0 
134 0.183056 0 
135 0.166639 0 
136 0.212527 0 
137 0.196126 0 
138 0.189010 0 
139 0.172966 0 
140 0.185534 0 
141 0.168996 0 
142 0.167022 0 
143 0.149357 0 
144 0.133183 0 
145 0.141516 0 
147 0.108673 0 
148 0.118902 0 
149 0.102676 0 
150 0.085710 0 
151 0.092317 0 
152 0.075928 0 
153 0.059481 0 
155 0.025247 0 
156 0.017251 0 
157 0.058381 0 
158 0.041916 0 
159 0.025554 0 
160 0.044000 0 
161 0.028648 0 
162 0.042994 0 
163 0.026865 0 
164 0.010534 0 
165 0.038243 0 
166 0.021859 0 
168 0.051246 0 
169 0.068925 0 
170 0.052261 0 
171 0.054694 0 
172 0.038285 0 
173 0.025953 0 
174 0.029964 0 
176 0.101815 0 
177 0.085283 0 
178 0.084646 0 
179 0.097240 0 
181 0.064347 0 
182 0.048069 0 
183 0.031788 0 
184 0.040279 0 
186 0.049005 0 
187 0.050020 0 
188 0.033150 0 
189 0.016695 0 
190 0.012706 0 
191 0.028602 0 
193 0.034733 0 
194 0.018225 0 
195 0.037227 0 
196 0.059221 0 
197 0.047277 0 
198 0.036161 0 
199 0.056885 0 
200 0.040424 0 
201 0.023737 0 
203 0.065691 0 
204 0.049905 0 
205 0.033332 0 
206 0.018961 0 
207 0.034924 0 
208 0.062003 0 
209 0.045604 0 
210 0.029156 0 
211 0.021688 0 
212 0.029339 0 
213 0.012789 0 
214 0.088703 0 
215 0.072718 0 
216 0.072453 0 
217 0.055933 0 
218 0.039514 0 
219 0.060211 0 
220 0.043775 0 
221 0.027393 0 
222 0.042736 0 
223 0.035567 0 
224 0.019096 0 
225 0.025173 0 
226 0.030914 0 
227 0.025734 0 
228 0.009376 0 
230 0.065154 0 
231 0.127847 0 
232 0.118788 0 
233 0.112476 0 
234 0.095845 0 
235 0.079835 0 
236 0.063596 0 
237 0.047342 0 
239 0.058456 0 
240 0.041989 0 
241 0.025732 0 
242 0.022432 0 
244 0.056398 0 
246 0.023330 0 
247 0.063281 0 
248 0.052490 0 
249 0.050338 0 
252 0.035472 0 
253 0.018991 0 
254 0.027891 0 
255 0.047397 0 
256 0.030963 0 
257 0.014539 0 
258 0.028118 0 
259 0.040833 0 
260 0.024419 0 
261 0.019956 0 
262 0.043534 0 
263 0.026788 0 
265 0.066272 0 
267 0.093057 0 
268 0.075264 0 
269 0.058913 0 
270 0.042494 0 
271 0.030569 0 
272 0.014145 0 
273 0.018644 0 
275 0.048525 0 
276 0.076642 0 
277 0.060079 0 
278 0.043631 0 
279 0.040511 0 
280 0.024057 0 
281 0.007578 0 
282 0.054494 0 
283 0.037271 0 
284 0.050292 0 
285 0.033927 0 
286 0.017408 0 
287 0.054104 0 
288 0.037884 0 
289 0.042942 0 
291 0.078984 0 
292 0.088256 0 
293 0.071816 0 
294 0.057461 0 
295 0.080514 0 
296 0.079019 0 
297 0.061679 0 
298 0.045337 0 
299 0.031413 0 
300 0.015148 0 
302 0.014836 0 
304 0.080541 0 
305 0.068374 0 
306 0.051918 0 
307 0.051762 0 
308 0.034724 0 
309 0.041451 0 
310 0.024542 0 
312 0.066905 0 
313 0.050202 0 
314 0.033676 0 
315 0.017283 0 
317 0.083379 0 
319 0.065640 0 
320 0.049157 0 
321 0.032739 0 
323 0.052033 0 
324 0.069785 0 
325 0.053299 0 
330 0.185139 0 
331 0.181639 0 
332 0.166058 0 
333 0.161180 0 
334 0.144736 0 
335 0.173892 0 
336 0.196339 0 
337 0.179908 0 
338 0.163458 0 
339 0.191857 0 
340 0.175451 0 
341 0.165941 0 
342 0.162085 0 
343 0.145598 0 
344 0.176238 0 
346 0.143414 0 
347 0.173568 0 
348 0.157211 0 
349 0.140821 0 
350 0.211799 0 
351 0.195208 0 
352 0.178747 0 
354 0.145983 0 
355 0.129545 0 
356 0.141016 0 
357 0.124366 0 
358 0.108054 0 
359 0.113472 0 
360 0.097049 0 
361 0.080629 0 
362 0.074680 0 
363 0.058862 0 
364 0.048946 0 
365 0.072030 0 
367 0.048411 0 
368 0.066088 0 
369 0.051172 0 
370 0.034550 0 
371 0.028590 0 
372 0.031512 0 
373 0.057758 0 
375 0.025107 0 
376 0.045249 0 
377 0.028757 0 
378 0.014819 0 
380 0.046731 0 
381 0.030359 0 
382 0.026390 0 
383 0.099088 0 
385 0.066342 0 
386 0.077535 0 
387 0.060644 0 
388 0.067931 0 
389 0.069289 0 
390 0.062614 0 
392 0.051805 0 
393 0.075351 0 
394 0.065979 0 
395 0.049574 0 
396 0.099913 0 
397 0.083468 0 
398 0.157524 0 
399 0.140741 0 
400 0.155228 0 
402 0.167409 0 
403 0.151495 0 
404 0.135124 0 
405 0.158790 0 
406 0.141467 0 
407 0.125494 0 
408 0.188685 0 
409 0.172352 0 
410 0.155753 0 
411 0.186959 0 
412 0.169903 0 
413 0.153512 0 
414 0.161071 0 
415 0.144670 0 
416 0.128259 0 
417 0.111959 0 
418 0.095381 0 
419 0.080140 0 
420 0.064161 0 
421 0.052089 0 
422 0.035550 0 
423 0.084485 0 
424 0.068111 0 
425 0.051872 0 
426 0.054302 0 
427 0.037734 0 
429 0.053529 0 
430 0.072847 0 
431 0.056363 0 
432 0.039858 0 
433 0.103244 0 
434 0.086865 0 
435 0.069868 0 
436 0.054038 0 
438 0.114696 0 
439 0.104172 0 
440 0.087950 0 
441 0.071349 0 
443 0.039340 0 
445 0.043981 0 
446 0.055469 0 
447 0.105001 0 
448 0.100652 0 
451 0.051461 0 
452 0.034865 0 
453 0.054874 0 
454 0.038500 0 
455 0.022135 0 
456 0.030568 0 
457 0.014161 0 
458 0.053581 0 
459 0.037126 0 
460 0.042118 0 
461 0.056140 0 
462 0.039749 0 
464 0.027027 0 
466 0.024019 0 
467 0.029058 0 
468 0.012763 0 
469 0.050734 0 
470 0.037714 0 
471 0.037853 0 
472 0.021478 0 
474 0.073354 0 
475 0.110160 0 
476 0.093836 0 
477 0.077504 0 
478 0.085626 0 
479 0.069258 0 
480 0.052814 0 
481 0.036484 0 
482 0.038112 0 
483 0.021545 0 
484 0.053798 0 
485 0.037421 0 
486 0.020670 0 
487 0.057312 0 
488 0.041486 0 
490 0.066049 0 
491 0.110863 0 
492 0.094847 0 
493 0.089824 0 
494 0.101629 0 
495 0.085215 0 
496 0.068669 0 
497 0.052126 0 
498 0.041824 0 
499 0.025373 0 
501 0.051184 0 
503 0.066278 0 
504 0.049861 0 
505 0.033278 0 
506 0.020768 0 
507 0.028342 0 
508 0.045393 0 
509 0.033378 0 
511 0.035914 0 
512 0.019818 0 
513 0.059381 0 
514 0.043322 0 
516 0.049358 0 
518 0.067995 0 
519 0.051601 0 
520 0.035090 0 
522 0.013189 0 
523 0.074759 0 
524 0.058326 0 
526 0.061638 0 
527 0.044327 0 
528 0.027938 0 
529 0.065872 0 
530 0.049557 0 
531 0.084491 0 
532 0.067987 0 
533 0.076104 0 
534 0.061820 0 
535 0.048186 0 
536 0.031549 0 
537 0.027240 0 
538 0.010821 0 
539 0.029385 0 
540 0.048146 0 
541 0.032371 0 
542 0.024362 0 
543 0.007949 0 
545 0.019962 0 
546 0.047290 0 
547 0.030890 0 
548 0.014342 0 
549 0.042497 0 
550 0.061972 0 
551 0.044649 0 
553 0.069972 0 
554 0.053569 0 
555 0.037172 0 
556 0.035130 0 
557 0.018269 0 
558 0.028132 0 
559 0.047637 0 
560 0.031035 0 
561 0.023378 0 
562 0.123475 0 
563 0.107508 0 
564 0.090519 0 
566 0.075477 0 
567 0.058600 0 
568 0.078196 0 
569 0.066787 0 
570 0.076522 0 
571 0.062208 0 
572 0.045777 0 
574 0.034670 0 
575 0.018161 0 
576 0.016404 0 
577 0.073058 0 
579 0.038723 0 
580 0.029294 0 
581 0.012576 0 
582 0.047786 0 
584 0.017133 0 
585 0.043599 0 
586 0.025825 0 
587 0.018742 0 
588 0.074567 0 
589 0.058177 0 
591 0.024919 0 
592 0.033012 0 
593 0.030252 0 
594 0.022532 0 
595 0.037673 0 
596 0.021194 0 
597 0.025541 0 
598 0.021407 0 
599 0.029609 0 
601 0.061490 0 
602 0.044981 0 
603 0.050871 0 
604 0.034553 0 
605 0.018282 0 
606 0.056414 0 
607 0.039574 0 
608 0.023578 0 
609 0.015329 0 
610 0.043308 0 
611 0.026230 0 
612 0.022132 0 
613 0.120234 0 
614 0.103894 0 
615 0.098925 0 
616 0.154562 0 
617 0.198319 0 
618 0.181881 0 
619 0.164996 0 
620 0.151338 0 
621 0.178374 0 
622 0.161118 0 
623 0.142936 0 
624 0.126781 0 
625 0.142568 0 
626 0.126197 0 
628 0.117195 0 
629 0.100586 0 
630 0.094429 0 
631 0.077481 0 
632 0.120406 0 
633 0.103990 0 
634 0.088600 0 
635 0.072141 0 
637 0.038826 0 
638 0.069231 0 
639 0.052538 0 
640 0.033034 0 
642 0.097369 0 
644 0.064410 0 
645 0.088404 0 
646 0.082799 0 
647 0.066134 0 
650 0.061558 0 
651 0.045201 0 
652 0.028712 0 
653 0.042847 0 
654 0.026984 0 
655 0.016809 0 
656 0.036059 0 
657 0.019518 0 
658 0.010068 0 
659 0.074905 0 
660 0.058473 0 
661 0.041692 0 
663 0.030415 0 
665 0.092903 0 
666 0.076522 0 
667 0.059891 0 
668 0.064662 0 
669 0.075949 0 
670 0.059602 0 
671 0.043008 0 
673 0.027685 0 
674 0.023306 0 
675 0.006838 0 
676 0.023895 0 
677 0.036940 0 
678 0.020519 0 
679 0.016770 0 
680 0.025674 0 
681 0.017500 0 
682 0.029950 0 
683 0.013465 0 
684 0.027728 0 
685 0.022228 0 
686 0.031759 0 
687 0.015555 0 
689 0.046418 0 
690 0.060852 0 
691 0.043974 0 
692 0.027521 0 
693 0.025836 0 
694 0.036994 0 
695 0.020594 0 
696 0.044331 0 
697 0.027908 0 
698 0.048960 0 
700 0.040800 0 
702 0.068781 0 
703 0.052520 0 
704 0.036031 0 
705 0.037423 0 
706 0.021428 0 
707 0.022840 0 
708 0.030336 0 
710 0.030707 0 
711 0.045133 0 
712 0.042174 0 
713 0.025782 0 
715 0.074408 0 
717 0.051877 0 
718 0.035450 0 
719 0.019088 0 
721 0.043004 0 
722 0.058770 0 
723 0.068918 0 
725 0.115122 0 
726 0.099054 0 
727 0.082841 0 
728 0.066678 0 
729 0.049552 0 
730 0.062310 0 
731 0.064925 0 
732 0.048270 0 
733 0.054626 0 
734 0.038315 0 
735 0.025615 0 
736 0.038080 0 
737 0.021814 0 
738 0.037634 0 
739 0.062111 0 
740 0.045952 0 
741 0.029675 0 
742 0.043262 0 
744 0.036918 0 
745 0.020727 0 
746 0.026881 0 
747 0.010263 0 
748 0.027932 0 
749 0.042680 0 
750 0.078544 0 
752 0.045930 0 
753 0.073322 0 
754 0.057315 0 
755 0.048906 0 
756 0.032597 0 
757 0.030222 0 
758 0.013942 0 
759 0.015672 0 
760 0.092222 0 
761 0.075801 0 
762 0.059765 0 
763 0.063119 0 
765 0.035828 0 
766 0.025534 0 
767 0.009229 0 
768 0.012229 0 
769 0.048972 0 
770 0.032711 0 
771 0.016136 0 
773 0.056140 0 
774 0.039885 0 
775 0.041088 0 
776 0.032948 0 
778 0.029347 0 
779 0.062528 0 
780 0.046275 0 
781 0.029880 0 
783 0.032910 0 
784 0.037047 0 
785 0.020679 0 
786 0.034361 0 
787 0.043139 0 
788 0.026604 0 
790 0.066726 0 
791 0.078673 0 
792 0.062342 0 
793 0.069037 0 
794 0.052866 0 
795 0.036633 0 
796 0.056191 0 
797 0.039974 0 
798 0.023382 0 
800 0.012384 0 
801 0.067652 0 
802 0.050999 0 
803 0.035872 0 
804 0.053000 0 
805 0.036797 0 
806 0.021361 0 
807 0.014011 0 
808 0.019088 0 
809 0.050540 0 
810 0.034333 0 
811 0.024211 0 
812 0.039940 0 
813 0.023677 0 
814 0.035287 0 
815 0.034462 0 
816 0.017754 0 
817 0.051586 0 
818 0.035479 0 
819 0.019242 0 
820 0.050261 0 
821 0.034046 0 
822 0.030763 0 
823 0.039450 0 
824 0.023222 0 
825 0.066385 0 
827 0.065299 0 
828 0.048640 0 
829 0.087027 0 
830 0.070349 0 
831 0.053907 0 
832 0.037803 0 
833 0.021368 0 
834 0.049465 0 
836 0.139901 0 
837 0.126577 0 
838 0.110364 0 
839 0.094164 0 
841 0.061718 0 
843 0.055894 0 
844 0.147306 0 
845 0.181011 0 
846 0.164778 0 
849 0.122822 0 
850 0.106413 0 
851 0.123050 0 
852 0.106306 0 
853 0.089991 0 
854 0.073681 0 
855 0.080948 0 
856 0.064761 0 
857 0.072133 0 
858 0.058767 0 
859 0.042411 0 
860 0.049659 0 
862 0.017139 0 
864 0.097577 0 
865 0.087844 0 
866 0.077728 0 
867 0.062851 0 
868 0.082078 0 
869 0.065838 0 
870 0.049598 0 
872 0.016390 0 
873 0.066980 0 
874 0.050602 0 
875 0.066708 0 
876 0.050068 0 
877 0.033886 0 
878 0.077046 0 
879 0.060648 0 
880 0.044370 0 
881 0.033067 0 
882 0.022731 0 
883 0.041013 0 
884 0.024772 0 
885 0.039844 0 
886 0.023648 0 
888 0.139269 0 
889 0.152452 0 
890 0.136485 0 
891 0.120112 0 
892 0.117867 0 
893 0.101667 0 
894 0.085306 0 
895 0.105255 0 
896 0.089003 0 
897 0.072742 0 
899 0.098830 0 
901 0.066277 0 
902 0.071092 0 
903 0.054856 0 
904 0.038742 0 
905 0.022453 0 
906 0.047119 0 
907 0.030796 0 
909 0.044756 0 
910 0.028541 0 
911 0.031512 0 
912 0.015655 0 
914 0.032777 0 
916 0.033050 0 
917 0.016741 0 
918 0.037714 0 
920 0.013382 0 
921 0.022721 0 
922 0.045307 0 
924 0.012831 0 
925 0.017969 0 
926 0.046379 0 
927 0.030601 0 
928 0.022713 0 
929 0.046438 0 
930 0.108933 0 
931 0.092145 0 
932 0.075825 0 
933 0.086685 0 
934 0.070394 0 
935 0.054121 0 
936 0.037931 0 
937 0.058774 0 
938 0.047541 0 
939 0.065114 0 
940 0.048890 0 
941 0.032596 0 
943 0.050901 0 
944 0.034222 0 
945 0.030080 0 
946 0.013932 0 
947 0.034510 0 
948 0.046437 0 
949 0.030825 0 
951 0.030379 0 
952 0.028539 0 
953 0.012253 0 
954 0.018424 0 
955 0.016757 0 
956 0.068469 0 
957 0.052415 0 
958 0.044062 0 
959 0.027798 0 
960 0.011694 0 
961 0.055729 0 
962 0.039096 0 
964 0.044480 0 
965 0.028171 0 
966 0.033772 0 
967 0.047923 0 
968 0.031621 0 
969 0.028892 0 
970 0.012552 0 
972 0.009745 0 
973 0.097640 0 
974 0.081344 0 
975 0.065009 0 
977 0.032487 0 
978 0.020464 0 
979 0.017521 0 
980 0.029901 0 
982 0.032773 0 
983 0.016449 0 
984 0.049547 0 
985 0.033283 0 
986 0.024048 0 
987 0.052430 0 
989 0.029471 0 
990 0.056836 0 
991 0.040457 0 
992 0.033557 0 
993 0.025125 0 
994 0.073494 0 
995 0.057242 0 
996 0.073721 0 
997 0.057140 0 
999 0.060935 0 
1000 0.044604 0 
1001 0.052065 0 
1002 0.035977 0 
1003 0.019725 0 
1004 0.031228 0 
1005 0.049184 0 
1006 0.032957 0 
1007 0.022976 0 
1008 0.008852 0 
1009 0.032826 0 
1010 0.016558 0 
1011 0.043431 0 
1012 0.027160 0 
1013 0.062727 0 
1014 0.046508 0 
1015 0.102294 0 
1016 0.086071 0 
1017 0.069925 0 
1018 0.053817 0 
1019 0.037699 0 
1020 0.039482 0 
1021 0.023240 0 
1022 0.036944 0 
1023 0.020735 0 
1024 0.030672 0 
1026 0.034605 0 
1027 0.035574 0 
1028 0.019299 0 
1029 0.043054 0 
1030 0.051152 0 
1031 0.034891 0 
1032 0.067123 0 
1033 0.050885 0 
1035 0.072327 0 
1036 0.056197 0 
1037 0.039919 0 
1038 0.023697 0 
1040 0.006641 0 
1042 0.063084 0 
1043 0.065269 0 
1044 0.164777 0 
1045 0.148832 0 
1048 0.134756 0 
1049 0.118426 0 
1050 0.102085 0 
1051 0.123724 0 
1052 0.129533 0 
1053 0.113346 0 
1054 0.096956 0 
1055 0.080052 0 
1056 0.088216 0 
1057 0.072004 0 
1058 0.055916 0 
1059 0.065246 0 
1061 0.032350 0 
1063 0.027974 0 
1064 0.042126 0 
1065 0.025954 0 
1066 0.009704 0 
1067 0.053000 0 
1068 0.037439 0 
1069 0.034328 0 
1071 0.046568 0 
1072 0.057174 0 
1073 0.040999 0 
1074 0.024749 0 
1075 0.029792 0 
1076 0.013123 0 
1077 0.023643 0 
1078 0.051084 0 
1079 0.034586 0 
1080 0.018743 0 
1081 0.019611 0 
1082 0.021265 0 
1083 0.066858 0 
1084 0.050661 0 
1085 0.046864 0 
1087 0.081063 0 
1088 0.127088 0 
1089 0.110984 0 
1090 0.094731 0 
1091 0.078115 0 
1092 0.062245 0 
1093 0.045947 0 
1094 0.039850 0 
1095 0.023942 0 
1096 0.031202 0 
1098 0.027577 0 
1100 0.038015 0 
1101 0.021791 0 
1102 0.038213 0 
1103 0.021822 0 
1104 0.060270 0 
1105 0.058168 0 
1106 0.051656 0 
1108 0.019079 0 
1109 0.058280 0 
1110 0.042030 0 
1111 0.025919 0 
1113 0.023910 0 
1115 0.032156 0 
1116 0.015880 0 
1117 0.036792 0 
1119 0.044515 0 
1120 0.071007 0 
1121 0.054794 0 
1123 0.026633 0 
1124 0.015929 0 
1125 0.018262 0 
1126 0.052335 0 
1127 0.035421 0 
1128 0.053341 0 
1129 0.037085 0 
1130 0.020785 0 
1131 0.018719 0 
1132 0.031441 0 
1133 0.047777 0 
1134 0.031169 0 
1135 0.036501 0 
1136 0.020271 0 
1137 0.032867 0 
1138 0.023223 0 
1139 0.079540 0 
1140 0.063312 0 
1142 0.063246 0 
1143 0.047043 0 
1144 0.030785 0 
1145 0.013267 0 
1146 0.052252 0 
1147 0.035983 0 
1148 0.029206 0 
1150 0.022958 0 
1151 0.006717 0 
1152 0.067806 0 
1153 0.051576 0 
1154 0.059921 0 
1155 0.043626 0 
1156 0.059385 0 
1157 0.042561 0 
1158 0.031114 0 
1159 0.014910 0 
1160 0.037223 0 
1161 0.036454 0 
1163 0.067056 0 
1164 0.075165 0 
1165 0.058437 0 
1166 0.057694 0 
1167 0.042037 0 
1168 0.025829 0 
1169 0.050215 0 
1171 0.074731 0 
1172 0.058429 0 
1173 0.060970 0 
1174 0.066682 0 
1176 0.053486 0 
1177 0.037257 0 
1178 0.020902 0 
1179 0.066408 0 
1181 0.069323 0 
1182 0.077425 0 
1183 0.061199 0 
1184 0.055720 0 
1185 0.039283 0 
1186 0.026242 0 
1188 0.030307 0 
1189 0.068327 0 
1190 0.052016 0 
1191 0.090626 0 
1192 0.074956 0 
1193 0.058127 0 
1194 0.041780 0 
1195 0.025526 0 
1196 0.026547 0 
1198 0.064744 0 
1199 0.048399 0 
1200 0.052402 0 
1201 0.035355 0 
1202 0.019112 0 
1203 0.058802 0 
1204 0.042413 0 
1205 0.025589 0 
1206 0.032161 0 
1207 0.020494 0 
1208 0.032180 0 
1209 0.015271 0 
1210 0.092795 0 
1211 0.076273 0 
1212 0.060346 0 
1213 0.060276 0 
1214 0.044125 0 
1215 0.027793 0 
1216 0.025455 0 
1217 0.009236 0 
1218 0.032265 0 
1219 0.016008 0 
1220 0.044355 0 
1221 0.028182 0 
1222 0.067753 0 
1223 0.051455 0 
1225 0.036598 0 
1226 0.052887 0 
1227 0.036810 0 
1228 0.051727 0 
1229 0.035011 0 
1230 0.060709 0 
1231 0.044474 0 
1232 0.028242 0 
1234 0.047817 0 
1235 0.030906 0 
1236 0.014711 0 
1237 0.019269 0 
1239 0.037757 0 
1241 0.042583 0 
1242 0.026073 0 
1243 0.114877 0 
1244 0.099083 0 
1247 0.110370 0 
1248 0.093718 0 
1249 0.083051 0 
1250 0.080976 0 
1251 0.064648 0 
1252 0.056266 0 
1253 0.050484 0 
1254 0.034403 0 
1255 0.083751 0 
1256 0.068081 0 
1257 0.051826 0 
1258 0.035192 0 
1260 0.016471 0 
1262 0.059132 0 
1263 0.080864 0 
1264 0.064932 0 
1265 0.048699 0 
1266 0.032464 0 
1267 0.076555 0 
1268 0.060258 0 
1270 0.063620 0 
1271 0.066976 0 
1272 0.050749 0 
1273 0.034337 0 
1274 0.099978 0 
1275 0.083285 0 
1276 0.066629 0 
1277 0.050403 0 
1278 0.034149 0 
1279 0.033932 0 
1280 0.087362 0 
1281 0.071170 0 
1282 0.054962 0 
1283 0.080037 0 
1284 0.064111 0 
1286 0.075327 0 
1287 0.160305 0 
1288 0.144056 0 
1289 0.167337 0 
1290 0.150640 0 
1291 0.145402 0 
1292 0.147761 0 
1293 0.131480 0 
1294 0.124005 0 
1295 0.124466 0 
1297 0.126442 0 
1299 0.097991 0 
1300 0.082890 0 
1301 0.075534 0 
1302 0.086107 0 
1303 0.070097 0 
1304 0.053828 0 
1305 0.053291 0 
1307 0.020662 0 
1308 0.045906 0 
1309 0.029209 0 
1310 0.041913 0 
1312 0.103701 0 
1314 0.071183 0 
1315 0.054467 0 
1316 0.080514 0 
1318 0.047790 0 
1319 0.081281 0 
1320 0.065016 0 
1322 0.031781 0 
1323 0.015103 0 
1324 0.057979 0 
1325 0.041671 0 
1326 0.042927 0 
1327 0.036160 0 
1328 0.054360 0 
1329 0.037913 0 
1330 0.020932 0 
1331 0.058369 0 
1332 0.042079 0 
1333 0.025522 0 
1334 0.033284 0 
1335 0.017093 0 
1336 0.009650 0 
1337 0.125943 0 
1338 0.109339 0 
1339 0.132198 0 
1341 0.099526 0 
1342 0.083453 0 
1343 0.066070 0 
1344 0.050699 0 
1345 0.034806 0 
1346 0.048759 0 
1347 0.032636 0 
1349 0.027246 0 
1350 0.046465 0 
1351 0.030782 0 
1352 0.018442 0 
1353 0.103536 0 
1354 0.087276 0 
1355 0.100025 0 
1356 0.083805 0 
1357 0.082232 0 
1358 0.066145 0 
1359 0.050198 0 
1360 0.033659 0 
1362 0.056794 0 
1363 0.041083 0 
1364 0.061123 0 
1365 0.044837 0 
1366 0.049245 0 
1367 0.032997 0 
1368 0.016772 0 
1370 0.016753 0 
1371 0.092679 0 
1372 0.086264 0 
1373 0.069863 0 
1375 0.068774 0 
1376 0.057028 0 
1377 0.047641 0 
1378 0.032182 0 
1380 0.036610 0 
1381 0.030819 0 
1382 0.014568 0 
1383 0.088658 0 
1384 0.072412 0 
1385 0.055726 0 
1387 0.025352 0 
1388 0.031627 0 
1389 0.047919 0 
1390 0.033899 0 
1391 0.019104 0 
1392 0.025805 0 
1393 0.013069 0 
1394 0.011170 0 
1395 0.059351 0 
1397 0.026886 0 
1398 0.036184 0 
1399 0.060914 0 
1400 0.044664 0 
1401 0.028367 0 
1402 0.035692 0 
1403 0.018847 0 
1404 0.018986 0 
1405 0.074600 0 
1406 0.058374 0 
1407 0.042092 0 
1408 0.025800 0 
1409 0.033407 0 
1410 0.042241 0 
1411 0.025424 0 
1412 0.009731 0 
1413 0.044326 0 
1414 0.036895 0 
1415 0.038233 0 
1416 0.021998 0 
1417 0.019869 0 
1418 0.031039 0 
1419 0.014773 0 
1420 0.052727 0 
1421 0.036013 0 
1422 0.020124 0 
1424 0.060666 0 
1425 0.048192 0 
1426 0.049775 0 
1427 0.033483 0 
1428 0.017359 0 
1429 0.019356 0 
1430 0.016598 0 
1431 0.009521 0 
1433 0.100433 0 
1434 0.084187 0 
1435 0.067955 0 
1436 0.051896 0 
1438 0.019505 0 
1440 0.035125 0 
1441 0.018255 0 
1442 0.029445 0 
1443 0.020919 0 
1446 0.014542 0 
1447 0.025935 0 
1448 0.032460 0 
1449 0.055719 0 
1450 0.039242 0 
1451 0.050452 0 
1452 0.034214 0 
1453 0.017895 0 
1454 0.019580 0 
1459 0.145741 0 
1461 0.127007 0 
1462 0.128666 0 
1463 0.112366 0 
1464 0.095899 0 
1465 0.079228 0 
1466 0.062775 0 
1467 0.062761 0 
1469 0.036854 0 
1470 0.050575 0 
1471 0.034069 0 
1472 0.017831 0 
1473 0.017339 0 
1474 0.055689 0 
1475 0.039405 0 
1476 0.023253 0 
1477 0.019608 0 
1478 0.022145 0 
1479 0.032339 0 
1480 0.032845 0 
1481 0.015939 0 
1482 0.022179 0 
1483 0.059975 0 
1485 0.047840 0 
1486 0.039182 0 
1487 0.028312 0 
1488 0.043196 0 
1489 0.030042 0 
1490 0.029151 0 
1491 0.053595 0 
1492 0.037456 0 
1493 0.021147 0 
1494 0.032151 0 
1496 0.052062 0 
1498 0.049132 0 
1499 0.032849 0 
1500 0.016242 0 
1501 0.030374 0 
1502 0.081805 0 
1503 0.065488 0 
1504 0.101350 0 
1506 0.068835 0 
1507 0.100859 0 
1508 0.084662 0 
1509 0.073046 0 
1511 0.052373 0 
1513 0.036449 0 
1514 0.020607 0 
1515 0.049549 0 
1517 0.015893 0 
1518 0.009417 0 
1519 0.021430 0 
1521 0.047795 0 
1522 0.030903 0 
1523 0.022772 0 
1524 0.011920 0 
1525 0.049779 0 
1526 0.033509 0 
1527 0.068089 0 
1528 0.051698 0 
1529 0.062665 0 
1530 0.046345 0 
1531 0.030137 0 
1532 0.030591 0 
1533 0.014324 0 
1534 0.010186 0 
1535 0.036771 0 
1536 0.097494 0 
1537 0.081239 0 
1538 0.064530 0 
1540 0.073049 0 
1541 0.056755 0 
1542 0.040506 0 
1543 0.067476 0 
1544 0.051229 0 
1545 0.053979 0 
1546 0.037722 0 
1548 0.047914 0 
1549 0.031636 0 
1550 0.055099 0 
1551 0.039103 0 
1552 0.022939 0 
1553 0.028373 0 
1554 0.013397 0 
1555 0.035840 0 
1556 0.019627 0 
1557 0.031988 0 
1558 0.015982 0 
1559 0.043260 0 
1561 0.010784 0 
1562 0.060157 0 
1563 0.044695 0 
1564 0.028504 0 
1565 0.060570 0 
1566 0.056280 0 
1567 0.040219 0 
1569 0.030029 0 
1570 0.013745 0 
1571 0.042937 0 
1572 0.060364 0 
1574 0.027762 0 
1575 0.058028 0 
1576 0.042464 0 
1577 0.026130 0 
1579 0.113525 0 
1580 0.148933 0 
1581 0.132634 0 
1582 0.116283 0 
1583 0.147439 0 
1584 0.131209 0 
1586 0.098567 0 
1587 0.109147 0 
1588 0.130393 0 
1589 0.114292 0 
1590 0.098105 0 
1591 0.129233 0 
1592 0.112853 0 
1593 0.096527 0 
1594 0.097571 0 
1596 0.078936 0 
1597 0.080979 0 
1598 0.064692 0 
1599 0.048465 0 
1600 0.032351 0 
1601 0.055878 0 
1602 0.039488 0 
1603 0.023343 0 
1604 0.034125 0 
1605 0.017848 0 
1606 0.017602 0 
1607 0.045192 0 
1608 0.044334 0 
1609 0.027735 0 
1610 0.036620 0 
1611 0.020340 0 
1612 0.035513 0 
1613 0.019304 0 
1614 0.060920 0 
1615 0.059690 0 
1616 0.043401 0 
1617 0.027063 0 
1618 0.095779 0 
1619 0.078492 0 
1620 0.062773 0 
1621 0.051949 0 
1623 0.075712 0 
1624 0.074819 0 
1625 0.058530 0 
1626 0.042134 0 
1627 0.026015 0 
1628 0.009862 0 
1629 0.011504 0 
1630 0.012539 0 
1632 0.065785 0 
1633 0.081240 0 
1634 0.065085 0 
1635 0.048867 0 
1637 0.016268 0 
1639 0.060047 0 
1640 0.094341 0 
1641 0.104158 0 
1642 0.087857 0 
1645 0.052511 0 
1646 0.036315 0 
1647 0.020086 0 
1648 0.095269 0 
1649 0.078285 0 
1650 0.062055 0 
1651 0.079475 0 
1652 0.063224 0 
1653 0.056706 0 
1654 0.040600 0 
1655 0.024429 0 
1656 0.014849 0 
1658 0.033182 0 
1660 0.061174 0 
1661 0.052001 0 
1662 0.035735 0 
1663 0.019551 0 
1664 0.047400 0 
1665 0.031095 0 
1666 0.032239 0 
1668 0.056699 0 
1669 0.040215 0 
1670 0.039149 0 
1671 0.022263 0 
1672 0.049064 0 
1673 0.032828 0 
1674 0.016369 0 
1675 0.037906 0 
1676 0.021660 0 
1677 0.060708 0 
1678 0.044357 0 
1679 0.071832 0 
1680 0.054910 0 
1681 0.038077 0 
1682 0.053634 0 
1684 0.036034 0 
1685 0.039086 0 
1686 0.029621 0 
1687 0.038242 0 
1688 0.022012 0 
1689 0.027256 0 
1690 0.025995 0 
1691 0.086249 0 
1692 0.069434 0 
1693 0.053582 0 
1695 0.038059 0 
1697 0.059691 0 
1698 0.043378 0 
1699 0.027102 0 
1700 0.071080 0 
1701 0.054889 0 
1702 0.148732 0 
1703 0.132834 0 
1705 0.100275 0 
1706 0.084139 0 
1707 0.068020 0 
1708 0.128197 0 
1710 0.114044 0 
1712 0.096691 0 
1713 0.119492 0 
1714 0.103257 0 
1716 0.079351 0 
1717 0.080164 0 
1718 0.063893 0 
1720 0.042737 0 
1721 0.026632 0 
1722 0.018936 0 
1723 0.052927 0 
1724 0.036673 0 
1725 0.019339 0 
1726 0.107387 0 
1727 0.091097 0 
1728 0.115077 0 
1729 0.098785 0 
1730 0.082237 0 
1731 0.096813 0 
1732 0.080589 0 
1733 0.064251 0 
1734 0.082629 0 
1735 0.066067 0 
1736 0.199966 0 
1737 0.183774 0 
1739 0.198708 0 
1740 0.182454 0 
1741 0.166168 0 
1742 0.149192 0 
1743 0.149611 0 
1744 0.163264 0 
1745 0.147012 0 
1747 0.114145 0 
1748 0.116924 0 
1749 0.100710 0 
1750 0.084452 0 
1751 0.136484 0 
1752 0.120091 0 
1753 0.103816 0 
1754 0.115587 0 
1755 0.099391 0 
1756 0.084250 0 
1757 0.124791 0 
1758 0.108222 0 
1760 0.078767 0 
1761 0.070800 0 
1762 0.058992 0 
1763 0.055912 0 
1764 0.039293 0 
1765 0.047634 0 
1766 0.031423 0 
1768 0.081622 0 
1769 0.064681 0 
1770 0.090791 0 
1771 0.081409 0 
1773 0.048896 0 
1774 0.031351 0 
1775 0.015235 0 
1776 0.071105 0 
1778 0.038262 0 
1779 0.058428 0 
1780 0.042233 0 
1781 0.059349 0 
1782 0.043041 0 
1783 0.035666 0 
1785 0.020772 0 
1786 0.094467 0 
1787 0.120789 0 
1788 0.104838 0 
1789 0.088508 0 
1790 0.072405 0 
1791 0.060981 0 
1792 0.044698 0 
1793 0.037542 0 
1795 0.068821 0 
1796 0.051751 0 
1797 0.074750 0 
1798 0.058531 0 
1799 0.042322 0 
1800 0.066923 0 
1801 0.050952 0 
1802 0.034693 0 
1803 0.024669 0 
1804 0.018076 0 
1805 0.044046 0 
1806 0.027766 0 
1807 0.011495 0 
1808 0.119810 0 
1809 0.103504 0 
1810 0.086690 0 
1811 0.099040 0 
1812 0.082845 0 
1813 0.066603 0 
1814 0.061290 0 
1815 0.045115 0 
1816 0.028919 0 
1817 0.012755 0 
1818 0.045761 0 
1819 0.029116 0 
1820 0.026739 0 
1822 0.031723 0 
1823 0.046887 0 
1824 0.062762 0 
1825 0.064409 0 
1826 0.048039 0 
1827 0.031744 0 
1828 0.031583 0 
1829 0.015235 0 
1831 0.113724 0 
1832 0.097446 0 
1833 0.081277 0 
1834 0.065258 0 
1836 0.032413 0 
1838 0.034617 0 
1839 0.106292 0 
1840 0.167979 0 
1841 0.151788 0 
1844 0.145873 0 
1845 0.129267 0 
1846 0.113029 0 
1847 0.101674 0 
1848 0.085066 0 
1849 0.077806 0 
1850 0.061928 0 
1851 0.045608 0 
1852 0.029422 0 
1853 0.072884 0 
1854 0.100262 0 
1855 0.083509 0 
1857 0.051422 0 
1859 0.044240 0 
1860 0.028591 0 
1861 0.011866 0 
1862 0.029132 0 
1863 0.064551 0 
1864 0.048384 0 
1865 0.032001 0 
1867 0.146738 0 
1868 0.130352 0 
1869 0.113687 0 
1870 0.097422 0 
1871 0.104747 0 
1872 0.088533 0 
1873 0.096148 0 
1874 0.079552 0 
1875 0.063522 0 
1876 0.135514 0 
1877 0.120251 0 
1878 0.104028 0 
1879 0.087831 0 
1880 0.085167 0 
1881 0.068935 0 
1883 0.071500 0 
1884 0.084957 0 
1885 0.086892 0 
1886 0.070663 0 
1887 0.054260 0 
1888 0.054376 0 
1889 0.038189 0 
1890 0.021922 0 
1891 0.072906 0 
1892 0.057140 0 
1894 0.037658 0 
1896 0.055624 0 
1897 0.039366 0 
1898 0.023126 0 
1899 0.048378 0 
1900 0.032224 0 
1901 0.102126 0 
1902 0.085842 0 
1904 0.209626 0 
1905 0.193440 0 
1906 0.177163 0 
1907 0.160861 0 
1909 0.165571 0 
1911 0.179838 0 
1912 0.165151 0 
1913 0.155634 0 
1915 0.122965 0 
1916 0.152175 0 
1917 0.135936 0 
1919 0.102902 0 
1920 0.165178 0 
1921 0.148034 0 
1922 0.131126 0 
1923 0.115340 0 
1924 0.146520 0 
1925 0.153382 0 
1926 0.149335 0 
1927 0.133004 0 
1928 0.116848 0 
1929 0.104982 0 
1930 0.090042 0 
1931 0.078721 0 
1932 0.062339 0 
1933 0.046099 0 
1934 0.045615 0 
1935 0.029319 0 
1936 0.069006 0 
1938 0.036456 0 
1939 0.068574 0 
1940 0.052178 0 
1941 0.036154 0 
1942 0.063672 0 
1943 0.046460 0 
1944 0.070917 0 
1946 0.039093 0 
1947 0.022834 0 
1948 0.030498 0 
1949 0.014241 0 
1950 0.042029 0 
1951 0.054929 0 
1952 0.038594 0 
1953 0.040694 0 
1954 0.076412 0 
1955 0.060214 0 
1956 0.046097 0 
1957 0.032420 0 
1959 0.073111 0 
1960 0.056930 0 
1961 0.061042 0 
1962 0.066236 0 
1963 0.063077 0 
1964 0.046794 0 
1965 0.030578 0 
1967 0.163577 0 
1968 0.147326 0 
1969 0.131036 0 
1970 0.155799 0 
1972 0.124309 0 
1973 0.112838 0 
1974 0.096663 0 
1975 0.080509 0 
1977 0.066519 0 
1978 0.050153 0 
1979 0.049341 0 
1980 0.033120 0 
1981 0.065575 0 
1982 0.049329 0 
1984 0.022444 0 
1985 0.040771 0 
1986 0.047560 0 
1987 0.031284 0 
1988 0.021945 0 
1989 0.017447 0 
1990 0.016741 0 
1991 0.021006 0 
1992 0.042739 0 
1994 0.009672 0 
1995 0.020461 0 
1996 0.026819 0 
1997 0.095758 0 
1998 0.079542 0 
1999 0.063059 0 
2000 0.059047 0 
2001 0.042192 0 
2002 0.056467 0 
2003 0.040263 0 
2004 0.023984 0 
2005 0.130666 0 
2006 0.141098 0 
2007 0.124888 0 
2008 0.107795 0 
2009 0.092254 0 
2010 0.154071 0 
2011 0.167023 0 
2012 0.150642 0 
2013 0.140706 0 
2014 0.124397 0 
2015 0.108222 0 
2016 0.092039 0 
2017 0.123543 0 
2018 0.107398 0 
2019 0.091138 0 
2021 0.126680 0 
2022 0.110321 0 
2023 0.128689 0 
2024 0.112472 0 
2025 0.095875 0 
2026 0.092655 0 
2027 0.080379 0 
2028 0.066430 0 
2030 0.048674 0 
2031 0.048311 0 
2032 0.032154 0 
2033 0.015914 0 
2035 0.009575 0 
2037 0.023327 0 
2038 0.086190 0 
2039 0.092194 0 
2040 0.075526 0 
2043 0.044543 0 
2044 0.028296 0 
2045 0.035359 0 
2046 0.061058 0 
2047 0.044297 0 
2048 0.027974 0 
2049 0.038640 0 
2050 0.058968 0 
2051 0.042715 0 
2052 0.026468 0 
2053 0.033322 0 
2054 0.017218 0 
2056 0.073480 0 
2058 0.130373 0 
2059 0.114498 0 
2060 0.136487 0 
2061 0.119859 0 
2062 0.103729 0 
2063 0.104446 0 
2064 0.122048 0 
2066 0.089506 0 
2067 0.146088 0 
2068 0.129269 0 
2069 0.146115 0 
2070 0.129138 0 
2071 0.119077 0 
2072 0.102698 0 
2073 0.147954 0 
2074 0.131774 0 
2075 0.151363 0 
2076 0.135187 0 
2077 0.119452 0 
2078 0.119182 0 
2079 0.102494 0 
2080 0.086650 0 
2082 0.117350 0 
2083 0.142236 0 
2084 0.132548 0 
2085 0.116273 0 
2086 0.108782 0 
2087 0.108525 0 
2088 0.092181 0 
2089 0.075899 0 
2090 0.113622 0 
2091 0.097380 0 
2093 0.098223 0 
2095 0.065780 0 
2096 0.049690 0 
2097 0.048043 0 
2098 0.032063 0 
2099 0.015973 0 
2100 0.015351 0 
2101 0.081283 0 
2103 0.048740 0 
2104 0.132479 0 
2105 0.116276 0 
2106 0.100013 0 
2108 0.080975 0 
2110 0.071815 0 
2111 0.055564 0 
2112 0.045512 0 
2114 0.022030 0 
2115 0.029119 0 
2116 0.027394 0 
2118 0.038226 0 
2119 0.021443 0 
2120 0.130539 0 
2121 0.114216 0 
2122 0.097962 0 
2123 0.110781 0 
2124 0.094475 0 
2125 0.116440 0 
2126 0.100054 0 
2127 0.084055 0 
2128 0.113615 0 
2129 0.096653 0 
2130 0.080378 0 
2131 0.148679 0 
2132 0.160043 0 
2133 0.142724 0 
2134 0.126488 0 
2135 0.110733 0 
2137 0.129352 0 
2138 0.112882 0 
2139 0.100989 0 
2140 0.085059 0 
2141 0.082833 0 
2142 0.079741 0 
2143 0.063817 0 
2145 0.115891 0 
2146 0.099833 0 
2147 0.083459 0 
2148 0.073945 0 
2149 0.057712 0 
2150 0.040478 0 
2151 0.038194 0 
2152 0.021657 0 
2153 0.023066 0 
2154 0.051465 0 
2155 0.043889 0 
2156 0.053761 0 
2158 0.021197 0 
2159 0.042940 0 
2160 0.026684 0 
2161 0.020578 0 
2162 0.020757 0 
2163 0.043933 0 
2164 0.052704 0 
2166 0.024908 0 
2167 0.011828 0 
2168 0.123581 0 
2169 0.171019 0 
2171 0.138046 0 
2172 0.122357 0 
2173 0.114696 0 
2174 0.098607 0 
2176 0.080601 0 
2177 0.091774 0 
2178 0.075342 0 
2179 0.098643 0 
2180 0.081790 0 
2181 0.066097 0 
2183 0.038174 0 
2184 0.024222 0 
2185 0.076213 0 
2186 0.129166 0 
2187 0.112934 0 
2188 0.096714 0 
2189 0.112979 0 
2190 0.096700 0 
2191 0.080399 0 
2193 0.109881 0 
2194 0.094067 0 
2195 0.077808 0 
2196 0.076192 0 
2197 0.063129 0 
2198 0.046859 0 
2199 0.046678 0 
2200 0.030792 0 
2201 0.014440 0 
2202 0.054722 0 
2203 0.038443 0 
2204 0.074516 0 
2205 0.058170 0 
2206 0.041828 0 
2207 0.047634 0 
2208 0.031412 0 
2209 0.015077 0 
2210 0.030315 0 
2211 0.013563 0 
2212 0.070533 0 
2213 0.053556 0 
2214 0.037251 0 
2215 0.035181 0 
2216 0.030265 0 
2217 0.013647 0 
2218 0.051817 0 
2220 0.037654 0 
2221 0.021349 0 
2222 0.014324 0 
2223 0.117958 0 
2224 0.101351 0 
2225 0.085508 0 
2226 0.069157 0 
2227 0.086589 0 
2229 0.052701 0 
2230 0.042213 0 
2231 0.025910 0 
2232 0.009895 0 
2234 0.043026 0 
2236 0.020307 0 
2237 0.028007 0 
2238 0.039852 0 
2239 0.023570 0 
2242 0.048821 0 
2243 0.032631 0 
2244 0.040548 0 
2245 0.072511 0 
2246 0.056413 0 
2247 0.040115 0 
2248 0.069803 0 
2249 0.062519 0 
2250 0.046256 0 
2251 0.030365 0 
2252 0.019425 0 
2253 0.035133 0 
2255 0.077507 0 
2257 0.044905 0 
2258 0.028590 0 
2259 0.031664 0 
2260 0.015376 0 
2261 0.039619 0 
2262 0.023390 0 
2263 0.049551 0 
2265 0.024010 0 
2266 0.021081 0 
2267 0.032421 0 
2268 0.016209 0 
2269 0.014097 0 
2270 0.015809 0 
2271 0.012085 0 
2272 0.071166 0 
2273 0.054467 0 
2274 0.064853 0 
2275 0.048425 0 
2276 0.031923 0 
2277 0.047440 0 
2278 0.031032 0 
2279 0.029303 0 
2281 0.096644 0 
2282 0.102327 0 
2283 0.086255 0 
2284 0.069531 0 
2285 0.069441 0 
2286 0.053574 0 
2287 0.037287 0 
2288 0.040293 0 
2289 0.028273 0 
2290 0.012427 0 
2292 0.070649 0 
2294 0.046527 0 
2295 0.036628 0 
2296 0.020462 0 
2297 0.069622 0 
2298 0.053508 0 
2299 0.037161 0 
2300 0.020302 0 
2302 0.039284 0 
2303 0.019535 0 
2304 0.025862 0 
2305 0.014920 0 
2307 0.046506 0 
2309 0.032430 0 
2310 0.016173 0 
2311 0.022641 0 
2313 0.054307 0 
2314 0.050222 0 
2315 0.033778 0 
2317 0.028975 0 
2318 0.012987 0 
2319 0.017207 0 
2320 0.031662 0 
2321 0.015104 0 
2322 0.025125 0 
2323 0.008743 0 
2324 0.083898 0 
2325 0.073161 0 
2326 0.077406 0 
2327 0.061139 0 
2328 0.045018 0 
2329 0.028307 0 
2330 0.108965 0 
2331 0.092418 0 
2332 0.076041 0 
2333 0.059223 0 
2334 0.042922 0 
2336 0.047284 0 
2337 0.030758 0 
2338 0.044230 0 
2339 0.028009 0 
2340 0.052157 0 
2341 0.071757 0 
2342 0.078378 0 
2344 0.046081 0 
2345 0.043492 0 
2346 0.026762 0 
2347 0.022151 0 
2348 0.029429 0 
2349 0.040913 0 
2350 0.024590 0 
2351 0.048646 0 
2352 0.032188 0 
2353 0.032976 0 
2354 0.016682 0 
2355 0.036808 0 
2357 0.042419 0 
2358 0.045347 0 
2359 0.029056 0 
2360 0.036759 0 
2361 0.020516 0 
2362 0.043006 0 
2363 0.026745 0 
2365 0.026475 0 
2366 0.051776 0 
2367 0.036191 0 
2368 0.082465 0 
2370 0.088006 0 
2371 0.071350 0 
2372 0.058481 0 
2373 0.078392 0 
2375 0.045816 0 
2376 0.045397 0 
2377 0.028803 0 
2378 0.022722 0 
2379 0.051916 0 
2380 0.035741 0 
2382 0.026586 0 
2383 0.040594 0 
2384 0.024280 0 
2385 0.008011 0 
2386 0.062945 0 
2387 0.046854 0 
2388 0.116759 0 
2389 0.134392 0 
2390 0.118488 0 
2392 0.085680 0 
2393 0.069785 0 
2394 0.064722 0 
2395 0.048311 0 
2396 0.032157 0 
2397 0.015832 0 
2398 0.018612 0 
2399 0.026037 0 
2400 0.013753 0 
2401 0.013270 0 
2402 0.062374 0 
2403 0.046174 0 
2404 0.074581 0 
2405 0.058331 0 
2406 0.042075 0 
2407 0.025824 0 
2408 0.053997 0 
2409 0.038180 0 
2410 0.046816 0 
2411 0.030570 0 
2412 0.014307 0 
2413 0.029059 0 
2414 0.037820 0 
2415 0.021485 0 
2416 0.071278 0 
2417 0.055024 0 
2419 0.031038 0 
2420 0.063130 0 
2421 0.046709 0 
2422 0.043025 0 
2423 0.037194 0 
2424 0.021656 0 
2425 0.017835 0 
2426 0.039758 0 
2428 0.052936 0 
2429 0.036645 0 
2430 0.019842 0 
2431 0.036399 0 
2433 0.027789 0 
2435 0.073080 0 
2436 0.116260 0 
2437 0.168606 0 
2438 0.152457 0 
2441 0.107220 0 
2442 0.090963 0 
2443 0.074812 0 
2444 0.073854 0 
2445 0.057709 0 
2446 0.041556 0 
2447 0.106277 0 
2448 0.089962 0 
2449 0.092771 0 
2450 0.076550 0 
2451 0.060310 0 
2452 0.086282 0 
2454 0.068228 0 
2456 0.048442 0 
2457 0.031176 0 
2458 0.015746 0 
2459 0.046382 0 
2460 0.030137 0 
2461 0.094787 0 
2462 0.078541 0 
2464 0.044705 0 
2465 0.068191 0 
2466 0.051939 0 
2467 0.064875 0 
2468 0.048449 0 
2469 0.032373 0 
2470 0.044051 0 
2471 0.027754 0 
2472 0.085625 0 
2473 0.069294 0 
2474 0.076493 0 
2475 0.060082 0 
2476 0.043807 0 
2477 0.053906 0 
2478 0.037622 0 
2480 0.092576 0 
2481 0.098158 0 
2482 0.081300 0 
2483 0.064724 0 
2484 0.126586 0 
2485 0.109929 0 
2486 0.093716 0 
2487 0.089799 0 
2488 0.073117 0 
2489 0.056844 0 
2491 0.039657 0 
2493 0.036869 0 
2494 0.020710 0 
2495 0.043706 0 
2496 0.027464 0 
2497 0.046035 0 
2498 0.051600 0 
2499 0.035064 0 
2501 0.035804 0 
2502 0.019068 0 
2503 0.030940 0 
2504 0.014679 0 
2506 0.078190 0 
2508 0.045179 0 
2509 0.029023 0 
2510 0.043016 0 
2512 0.044913 0 
2513 0.035619 0 
2514 0.029415 0 
2516 0.020505 0 
2517 0.021652 0 
2518 0.005497 0 
2519 0.065750 0 
2520 0.048299 0 
2521 0.032635 0 
2522 0.027137 0 
2523 0.010822 0 
2524 0.043747 0 
2525 0.027527 0 
2526 0.020150 0 
2527 0.017854 0 
2528 0.037320 0 
2529 0.020706 0 
2530 0.036330 0 
2531 0.049087 0 
2532 0.032413 0 
2533 0.016487 0 
2535 0.021905 0 
2536 0.011866 0 
2537 0.013250 0 
2538 0.036949 0 
2539 0.020729 0 
2540 0.016687 0 
2541 0.023360 0 
2543 0.027092 0 
2544 0.038008 0 
2545 0.021790 0 
2546 0.067235 0 
2547 0.050619 0 
2548 0.109906 0 
2549 0.093080 0 
2550 0.077293 0 
2551 0.084707 0 
2552 0.068485 0 
2553 0.052177 0 
2554 0.044210 0 
2556 0.011655 0 
2557 0.059065 0 
2558 0.042609 0 
2559 0.026340 0 
2560 0.015797 0 
2561 0.027573 0 
2562 0.029936 0 
2564 0.030434 0 
2565 0.016774 0 
2566 0.022128 0 
2567 0.045168 0 
2569 0.037210 0 
2570 0.021541 0 
2571 0.072036 0 
2572 0.055762 0 
2574 0.023471 0 
2575 0.019770 0 
2576 0.066781 0 
2577 0.050484 0 
2578 0.034243 0 
2579 0.023549 0 
2581 0.028607 0 
2582 0.064658 0 
2583 0.060515 0 
2584 0.044190 0 
2585 0.027929 0 
2586 0.068233 0 
2587 0.051746 0 
2588 0.035568 0 
2589 0.030638 0 
2591 0.065207 0 
2592 0.048892 0 
2593 0.032592 0 
2594 0.070246 0 
2595 0.054593 0 
2596 0.038322 0 
2597 0.058228 0 
2598 0.041534 0 
2599 0.055219 0 
2600 0.079577 0 
2601 0.063126 0 
2602 0.047127 0 
2603 0.031086 0 
2604 0.030280 0 
2605 0.014063 0 
2606 0.036122 0 
2607 0.019670 0 
2608 0.078408 0 
2609 0.062361 0 
2610 0.046140 0 
2611 0.044436 0 
2612 0.027427 0 
2613 0.043215 0 
2614 0.026719 0 
2615 0.044163 0 
2616 0.027660 0 
2618 0.059304 0 
2619 0.072580 0 
2620 0.056320 0 
2621 0.039481 0 
2622 0.061821 0 
2623 0.045649 0 
2624 0.029460 0 
2625 0.069124 0 
2627 0.043371 0 
2628 0.026584 0 
2629 0.010998 0 
2630 0.022098 0 
2632 0.040479 0 
2634 0.022082 0 
2635 0.083750 0 
2636 0.104934 0 
2637 0.088465 0 
2640 0.049819 0 
2641 0.033125 0 
2642 0.044859 0 
2643 0.028550 0 
2644 0.059017 0 
2645 0.048800 0 
2646 0.044234 0 
2647 0.060984 0 
2648 0.045123 0 
2649 0.028581 0 
2650 0.027869 0 
2651 0.011566 0 
2653 0.047355 0 
2655 0.031946 0 
2656 0.015692 0 
2657 0.020471 0 
2658 0.021812 0 
2659 0.031258 0 
2660 0.061765 0 
2661 0.045666 0 
2663 0.056741 0 
2664 0.055166 0 
2665 0.058424 0 
2666 0.059673 0 
2667 0.043410 0 
2668 0.027213 0 
2669 0.018333 0 
2670 0.035910 0 
2671 0.020140 0 
2672 0.041623 0 
2673 0.025360 0 
2674 0.092542 0 
2675 0.076295 0 
2676 0.059992 0 
2677 0.043711 0 
2679 0.098582 0 
2680 0.150373 0 
2681 0.134158 0 
2682 0.117891 0 
2683 0.161992 0 
2684 0.145823 0 
2685 0.129580 0 
2686 0.136514 0 
2687 0.120216 0 
2688 0.103371 0 
2690 0.105181 0 
2692 0.072474 0 
2693 0.056003 0 
2694 0.039998 0 
2695 0.084211 0 
2696 0.068041 0 
2697 0.051840 0 
2698 0.035566 0 
2700 0.088414 0 
2701 0.072234 0 
2702 0.055916 0 
2703 0.039636 0 
2705 0.039074 0 
2707 0.053191 0 
2708 0.036834 0 
2709 0.068523 0 
2711 0.060297 0 
2712 0.043495 0 
2713 0.060944 0 
2715 0.027786 0 
2716 0.070344 0 
2717 0.053063 0 
2718 0.036409 0 
2719 0.058143 0 
2720 0.041841 0 
2721 0.053204 0 
2722 0.036852 0 
2723 0.020407 0 
2724 0.079243 0 
2725 0.062428 0 
2726 0.067837 0 
2727 0.085169 0 
2728 0.069091 0 
2729 0.054334 0 
2730 0.071751 0 
2731 0.055405 0 
2732 0.050409 0 
2734 0.017921 0 
2735 0.008701 0 
2736 0.024718 0 
2737 0.008487 0 
2738 0.051604 0 
2739 0.067410 0 
2740 0.050710 0 
2742 0.038042 0 
2743 0.021805 0 
2744 0.088554 0 
2745 0.072438 0 
2746 0.056117 0 
2747 0.072624 0 
2748 0.056243 0 
2749 0.052786 0 
2750 0.036261 0 
2751 0.020794 0 
2752 0.023811 0 
2753 0.049651 0 
2755 0.017208 0 
2756 0.072713 0 
2757 0.060007 0 
2758 0.081266 0 
2759 0.064995 0 
2760 0.048745 0 
2761 0.055986 0 
2763 0.051244 0 
2764 0.034571 0 
2765 0.018204 0 
2766 0.069142 0 
2768 0.043043 0 
2769 0.026023 0 
2770 0.009659 0 
2771 0.019430 0 
2773 0.081768 0 
2774 0.080306 0 
2775 0.064111 0 
2776 0.047749 0 
2777 0.054318 0 
2778 0.038082 0 
2780 0.120118 0 
2781 0.103864 0 
2782 0.087511 0 
2783 0.115558 0 
2784 0.099344 0 
2785 0.083096 0 
2786 0.066477 0 
2787 0.049915 0 
2788 0.032777 0 
2790 0.026563 0 
2791 0.010271 0 
2792 0.048979 0 
2793 0.065165 0 
2794 0.048917 0 
2795 0.031423 0 
2796 0.016365 0 
2797 0.055678 0 
2798 0.039310 0 
2799 0.022988 0 
2800 0.011834 0 
2801 0.037982 0 
2802 0.030376 0 
2803 0.013745 0 
2804 0.078336 0 
2805 0.062115 0 
2806 0.045802 0 
2807 0.044120 0 
2808 0.027696 0 
2809 0.066860 0 
2810 0.050643 0 
2811 0.034358 0 
2812 0.036113 0 
2813 0.019835 0 
2814 0.010344 0 
2815 0.041756 0 
2817 0.029196 0 
2818 0.043509 0 
2819 0.078226 0 
2820 0.061902 0 
2821 0.045792 0 
2822 0.028759 0 
2823 0.013187 0 
2824 0.040657 0 
2826 0.131864 0 
2827 0.115507 0 
2828 0.098730 0 
2829 0.082530 0 
2831 0.049882 0 
2833 0.058400 0 
2834 0.058088 0 
2835 0.085551 0 
2836 0.069067 0 
2839 0.046016 0 
2840 0.029716 0 
2841 0.013571 0 
2842 0.081688 0 
2843 0.065507 0 
2844 0.048611 0 
2845 0.054977 0 
2846 0.047050 0 
2847 0.031184 0 
2848 0.040936 0 
2849 0.024899 0 
2850 0.012669 0 
2852 0.052813 0 
2854 0.042768 0 
2855 0.026312 0 
2856 0.032340 0 
2857 0.043055 0 
2858 0.026623 0 
2859 0.035299 0 
2860 0.019350 0 
2862 0.086560 0 
2863 0.070227 0 
2864 0.053887 0 
2865 0.037574 0 
2866 0.021353 0 
2867 0.069230 0 
2868 0.075440 0 
2869 0.059276 0 
2870 0.043183 0 
2871 0.024757 0 
2872 0.050245 0 
2873 0.033960 0 
2874 0.057685 0 
2875 0.041491 0 
2876 0.025226 0 
2878 0.170547 0 
2879 0.166648 0 
2880 0.157899 0 
2881 0.141669 0 
2882 0.176659 0 
2883 0.159995 0 
2884 0.143754 0 
2885 0.182300 0 
2886 0.166055 0 
2887 0.151460 0 
2889 0.131442 0 
2891 0.098620 0 
2892 0.092733 0 
2893 0.076361 0 
2894 0.060371 0 
2895 0.071108 0 
2896 0.054739 0 
2897 0.060297 0 
2899 0.027080 0 
2900 0.024930 0 
2901 0.008710 0 
2902 0.024300 0 
2904 0.051383 0 
2906 0.018891 0 
2907 0.038702 0 
2908 0.058976 0 
2910 0.044913 0 
2911 0.028643 0 
2912 0.012198 0 
2914 0.040175 0 
2915 0.023906 0 
2916 0.024317 0 
2917 0.059583 0 
2918 0.043309 0 
2919 0.036122 0 
2920 0.019696 0 
2921 0.022415 0 
2922 0.014053 0 
2923 0.063828 0 
2924 0.047390 0 
2925 0.031052 0 
2926 0.020151 0 
2927 0.066210 0 
2928 0.049941 0 
2929 0.108792 0 
2930 0.092530 0 
2931 0.113788 0 
2933 0.081131 0 
2934 0.081277 0 
2935 0.064992 0 
2936 0.053080 0 
2937 0.048740 0 
2938 0.032439 0 
2939 0.032755 0 
2941 0.049497 0 
2942 0.033411 0 
2943 0.017129 0 
2944 0.110786 0 
2945 0.094538 0 
2946 0.078158 0 
2947 0.061295 0 
2948 0.089945 0 
2949 0.074196 0 
2950 0.062936 0 
2951 0.073988 0 
2952 0.057827 0 
2954 0.024719 0 
2955 0.027481 0 
2956 0.015444 0 
2957 0.048842 0 
2958 0.032448 0 
2959 0.052121 0 
2960 0.034945 0 
2962 0.081320 0 
2963 0.065023 0 
2964 0.076795 0 
2965 0.087937 0 
2967 0.055575 0 
2968 0.039351 0 
2969 0.024303 0 
2970 0.069392 0 
2972 0.036872 0 
2973 0.042956 0 
2974 0.026718 0 
2975 0.017699 0 
2976 0.016239 0 
2977 0.070065 0 
2979 0.037702 0 
2980 0.028256 0 
2981 0.032843 0 
2982 0.016577 0 
2983 0.048144 0 
2984 0.031968 0 
2985 0.148332 0 
2986 0.132082 0 
2987 0.176840 0 
2989 0.144344 0 
2990 0.128061 0 
2991 0.111198 0 
2992 0.094925 0 
2993 0.117462 0 
2994 0.101223 0 
2995 0.151990 0 
2996 0.135748 0 
2997 0.134571 0 
2998 0.118281 0 
2999 0.101707 0 
3000 0.085631 0 
3001 0.069467 0 
3002 0.053174 0 
3003 0.036928 0 
3004 0.020606 0 
3005 0.045608 0 
3006 0.029488 0 
3007 0.013318 0 
3008 0.048221 0 
3009 0.062192 0 
3010 0.045919 0 
3011 0.029610 0 
3012 0.044029 0 
3013 0.027840 0 
3014 0.011692 0 
3016 0.035760 0 
3017 0.042053 0 
3018 0.025806 0 
3019 0.042536 0 
3020 0.026950 0 
3021 0.074013 0 
3022 0.057758 0 
3023 0.041492 0 
3025 0.035932 0 
3026 0.046334 0 
3027 0.029773 0 
3028 0.187224 0 
3030 0.154814 0 
3032 0.122076 0 
3033 0.124945 0 
3034 0.136378 0 
3035 0.120192 0 
3038 0.097661 0 
3039 0.080647 0 
3040 0.064546 0 
3041 0.048282 0 
3042 0.040930 0 
3043 0.024586 0 
3044 0.061090 0 
3045 0.051733 0 
3046 0.035546 0 
3047 0.061539 0 
3048 0.045395 0 
3049 0.029174 0 
3051 0.050360 0 
3053 0.032701 0 
3054 0.016564 0 
3055 0.050757 0 
3056 0.034431 0 
3057 0.052575 0 
3058 0.036283 0 
3059 0.020023 0 
3061 0.038498 0 
3062 0.032600 0 
3063 0.016768 0 
3064 0.038280 0 
3065 0.022031 0 
3066 0.005806 0 
3067 0.013378 0 
3068 0.013270 0 
3069 0.069056 0 
3070 0.052718 0 
3071 0.079495 0 
3072 0.063291 0 
3073 0.046797 0 
3074 0.087111 0 
3075 0.071003 0 
3077 0.067181 0 
3078 0.158539 0 
3079 0.158142 0 
3080 0.141924 0 
3081 0.174649 0 
3082 0.158621 0 
3083 0.142064 0 
3084 0.125782 0 
3085 0.164908 0 
3086 0.148941 0 
3088 0.137713 0 
3090 0.104673 0 
3091 0.088551 0 
3092 0.087981 0 
3093 0.071879 0 
3094 0.055717 0 
3095 0.045378 0 
3096 0.029275 0 
3098 0.126905 0 
3099 0.110690 0 
3100 0.094379 0 
3101 0.078094 0 
3103 0.047560 0 
3105 0.052973 0 
3106 0.036756 0 
3107 0.093314 0 
3109 0.060772 0 
3110 0.104161 0 
3111 0.087614 0 
3113 0.055173 0 
3114 0.038875 0 
3115 0.091046 0 
3116 0.074136 0 
3117 0.057917 0 
3118 0.041859 0 
3119 0.065185 0 
3120 0.048768 0 
3121 0.032745 0 
3122 0.081301 0 
3123 0.065188 0 
3124 0.064615 0 
3125 0.061566 0 
3126 0.045305 0 
3127 0.048887 0 
3128 0.032599 0 
3129 0.016236 0 
3130 0.044936 0 
3132 0.030177 0 
3133 0.013967 0 
3134 0.057755 0 
3135 0.041483 0 
3136 0.165185 0 
3137 0.148826 0 
3138 0.235169 0 
3140 0.202549 0 
3141 0.186443 0 
3142 0.170210 0 
3143 0.157505 0 
3144 0.142758 0 
3145 0.156528 0 
3146 0.139444 0 
3147 0.124239 0 
3148 0.116198 0 
3149 0.099954 0 
3150 0.083616 0 
3151 0.064866 0 
3153 0.067234 0 
3154 0.087780 0 
3155 0.071558 0 
3156 0.098891 0 
3157 0.131338 0 
3158 0.116458 0 
3159 0.100171 0 
3161 0.067238 0 
3162 0.050744 0 
3163 0.034546 0 
3164 0.031594 0 
3166 0.063603 0 
3167 0.047089 0 
3168 0.030844 0 
3169 0.037312 0 
3171 0.037154 0 
3172 0.037945 0 
3173 0.020674 0 
3174 0.050197 0 
3175 0.034331 0 
3176 0.018132 0 
3178 0.110623 0 
3179 0.124776 0 
3180 0.107154 0 
3181 0.104825 0 
3182 0.088406 0 
3183 0.072196 0 
3184 0.072032 0 
3185 0.056576 0 
3186 0.040506 0 
3188 0.041509 0 
3189 0.025253 0 
3190 0.057508 0 
3191 0.077347 0 
3192 0.061121 0 
3193 0.068034 0 
3194 0.052062 0 
3195 0.035733 0 
3196 0.019354 0 
3197 0.057847 0 
3198 0.041621 0 
3199 0.025285 0 
3200 0.044564 0 
3201 0.028008 0 
3202 0.085988 0 
3203 0.069705 0 
3204 0.053220 0 
3205 0.037601 0 
3206 0.036235 0 
3207 0.042449 0 
3208 0.064347 0 
3209 0.048076 0 
3210 0.032528 0 
3211 0.019199 0 
3212 0.069337 0 
3213 0.053200 0 
3215 0.096763 0 
3216 0.080443 0 
3217 0.063723 0 
3218 0.047971 0 
3219 0.040671 0 
3220 0.022839 0 
3221 0.052328 0 
3222 0.036031 0 
3224 0.110009 0 
3225 0.093811 0 
3226 0.077562 0 
3227 0.061385 0 
3229 0.029046 0 
3231 0.017775 0 
3232 0.070501 0 
3233 0.086955 0 
3234 0.070714 0 
3237 0.108412 0 
3238 0.092455 0 
3239 0.201511 0 
3240 0.184916 0 
3241 0.168850 0 
3242 0.203915 0 
3243 0.187261 0 
3244 0.171276 0 
3245 0.230412 0 
3246 0.213981 0 
3247 0.197325 0 
3248 0.202664 0 
3250 0.169762 0 
3252 0.166820 0 
3253 0.150564 0 
3254 0.134034 0 
3255 0.139984 0 
3256 0.123810 0 
3257 0.107657 0 
3258 0.091455 0 
3260 0.181827 0 
3261 0.192315 0 
3262 0.176058 0 
3263 0.159747 0 
3264 0.152633 0 
3265 0.179204 0 
3266 0.162847 0 
3267 0.146598 0 
3268 0.130414 0 
3269 0.114144 0 
3270 0.097966 0 
3271 0.081698 0 
3272 0.065206 0 
3273 0.078592 0 
3274 0.062277 0 
3276 0.095469 0 
3277 0.120428 0 
3278 0.136069 0 
3279 0.192097 0 
3280 0.175871 0 
3281 0.159609 0 
3282 0.163152 0 
3283 0.146930 0 
3284 0.147002 0 
3285 0.130757 0 
3287 0.104816 0 
3289 0.072315 0 
3290 0.056096 0 
3291 0.040734 0 
3292 0.045211 0 
3293 0.028991 0 
3294 0.045303 0 
3295 0.027382 0 
3297 0.079547 0 
3298 0.063267 0 
3299 0.062576 0 
3300 0.046420 0 
3302 0.084995 0 
3304 0.052546 0 
3305 0.135597 0 
3306 0.119326 0 
3308 0.170959 0 
3309 0.154605 0 
3310 0.169331 0 
3312 0.136674 0 
3313 0.120503 0 
3314 0.103940 0 
3315 0.118423 0 
3316 0.101960 0 
3317 0.153501 0 
3318 0.137229 0 
3319 0.130289 0 
3320 0.113753 0 
3321 0.097428 0 
3322 0.081143 0 
3323 0.101758 0 
3324 0.085566 0 
3325 0.069278 0 
3326 0.067686 0 
3327 0.051335 0 
3328 0.049327 0 
3329 0.033181 0 
3331 0.025566 0 
3332 0.020513 0 
3333 0.015475 0 
3334 0.028572 0 
3335 0.012242 0 
3336 0.088047 0 
3337 0.071759 0 
3339 0.039341 0 
3340 0.046124 0 
3341 0.030200 0 
3342 0.014084 0 
3343 0.077337 0 
3344 0.090038 0 
3345 0.080725 0 
3346 0.070607 0 
3347 0.060929 0 
3348 0.051732 0 
3349 0.035466 0 
3350 0.019072 0 
3352 0.032011 0 
3353 0.038986 0 
3354 0.031892 0 
3355 0.022102 0 
3356 0.122969 0 
3357 0.106669 0 
3358 0.090428 0 
3360 0.057514 0 
3361 0.064171 0 
3362 0.047786 0 
3363 0.053509 0 
3365 0.020558 0 
3366 0.047085 0 
3367 0.030824 0 
3368 0.069912 0 
3370 0.036521 0 
3371 0.136471 0 
3372 0.119582 0 
3373 0.103112 0 
3374 0.086836 0 
3375 0.070699 0 
3377 0.037877 0 
3378 0.021541 0 
3379 0.009398 0 
3380 0.039428 0 
3381 0.023428 0 
3382 0.009278 0 
3383 0.049164 0 
3384 0.033242 0 
3385 0.023842 0 
3387 0.008980 0 
3388 0.068910 0 
3389 0.053335 0 
3390 0.037101 0 
3391 0.041594 0 
3392 0.025362 0 
3393 0.025094 0 
3394 0.037548 0 
3395 0.021360 0 
3396 0.027843 0 
3397 0.011615 0 
3398 0.076039 0 
3399 0.059838 0 
3400 0.044323 0 
3401 0.082249 0 
3402 0.065494 0 
3403 0.049707 0 
3404 0.033502 0 
3405 0.062445 0 
3406 0.046207 0 
3407 0.030002 0 
3408 0.029860 0 
3409 0.033307 0 
3410 0.023599 0 
3411 0.059674 0 
3412 0.042903 0 
3414 0.073507 0 
3415 0.094165 0 
3416 0.077847 0 
3417 0.061460 0 
3418 0.100586 0 
3419 0.084329 0 
3420 0.068091 0 
3421 0.051826 0 
3423 0.101207 0 
3424 0.084884 0 
3425 0.068682 0 
3426 0.052504 0 
3428 0.019664 0 
3430 0.051078 0 
3431 0.063633 0 
3432 0.120376 0 
3433 0.103975 0 
3436 0.132223 0 
3437 0.115680 0 
3438 0.098719 0 
3439 0.133116 0 
3440 0.116876 0 
3441 0.100577 0 
3442 0.127473 0 
3443 0.111208 0 
3444 0.095040 0 
3445 0.161883 0 
3446 0.145633 0 
3447 0.133775 0 
3449 0.113784 0 
3451 0.106655 0 
3452 0.090099 0 
3453 0.073843 0 
3454 0.115236 0 
3455 0.098959 0 
3456 0.082713 0 
3457 0.094376 0 
3459 0.061843 0 
3460 0.073627 0 
3461 0.057240 0 
3462 0.040682 0 
3463 0.047159 0 
3464 0.030305 0 
3465 0.014608 0 
3466 0.044326 0 
3467 0.028074 0 
3468 0.046301 0 
3469 0.030003 0 
3470 0.061910 0 
3471 0.045087 0 
3472 0.029472 0 
3473 0.076314 0 
3475 0.043577 0 
3476 0.112374 0 
3477 0.096171 0 
3478 0.094450 0 
3479 0.090815 0 
3480 0.074906 0 
3481 0.058404 0 
3482 0.060570 0 
3483 0.044358 0 
3484 0.027654 0 
3486 0.026369 0 
3488 0.069962 0 
3489 0.053684 0 
3490 0.037032 0 
3491 0.020989 0 
3492 0.022242 0 
3493 0.041812 0 
3494 0.023296 0 
3496 0.048413 0 
3497 0.032370 0 
3498 0.016019 0 
3499 0.018109 0 
3501 0.080967 0 
3503 0.045535 0 
3504 0.030178 0 
3505 0.033079 0 
3507 0.030328 0 
3508 0.021773 0 
3509 0.037174 0 
3511 0.048409 0 
3512 0.032227 0 
3513 0.063937 0 
3514 0.047608 0 
3515 0.030706 0 
3516 0.021679 0 
3517 0.110522 0 
3518 0.094756 0 
3519 0.096571 0 
3520 0.080761 0 
3521 0.064581 0 
3522 0.099127 0 
3523 0.083115 0 
3524 0.066906 0 
3525 0.110466 0 
3526 0.093748 0 
3527 0.111514 0 
3528 0.095145 0 
3530 0.160919 0 
3531 0.145093 0 
3532 0.128665 0 
3533 0.112404 0 
3534 0.096707 0 
3535 0.080277 0 
3536 0.064161 0 
3538 0.031610 0 
3539 0.090100 0 
3540 0.073852 0 
3541 0.057602 0 
3542 0.069194 0 
3543 0.052887 0 
3544 0.077247 0 
3545 0.060811 0 
3546 0.043760 0 
3547 0.051634 0 
3548 0.034436 0 
3549 0.023762 0 
3551 0.024019 0 
3552 0.050931 0 
3553 0.034680 0 
3554 0.053051 0 
3555 0.052090 0 
3556 0.035925 0 
3557 0.019513 0 
3559 0.048439 0 
3560 0.031708 0 
3561 0.048172 0 
3562 0.044803 0 
3564 0.029870 0 
3565 0.016251 0 
3566 0.032658 0 
3567 0.016486 0 
3569 0.093278 0 
3570 0.132422 0 
3571 0.116200 0 
3572 0.099837 0 
3573 0.121418 0 
3574 0.105068 0 
3576 0.071699 0 
3577 0.065786 0 
3578 0.100515 0 
3579 0.083969 0 
3580 0.067729 0 
3581 0.116226 0 
3582 0.100382 0 
3583 0.084265 0 
3584 0.068088 0 
3586 0.057818 0 
3587 0.041535 0 
3588 0.076285 0 
3589 0.059988 0 
3590 0.043828 0 
3591 0.060356 0 
3592 0.044427 0 
3593 0.028188 0 
3594 0.059814 0 
3595 0.043355 0 
3596 0.054690 0 
3597 0.038496 0 
3598 0.022174 0 
3599 0.029541 0 
3600 0.013322 0 
3601 0.014756 0 
3602 0.066024 0 
3603 0.049593 0 
3604 0.085914 0 
3605 0.069729 0 
3606 0.053071 0 
3607 0.062122 0 
3608 0.045924 0 
3609 0.029619 0 
3610 0.026236 0 
3611 0.009926 0 
3613 0.058199 0 
3614 0.080905 0 
3615 0.082995 0 
3616 0.066893 0 
3617 0.050640 0 
3618 0.073068 0 
3619 0.057222 0 
3620 0.040508 0 
3622 0.058163 0 
3623 0.041862 0 
3624 0.025598 0 
3625 0.009405 0 
3627 0.050527 0 
3629 0.016549 0 
3630 0.099685 0 
3631 0.094736 0 
3632 0.078475 0 
3635 0.076782 0 
3636 0.060106 0 
3637 0.043913 0 
3638 0.088319 0 
3639 0.072101 0 
3640 0.067260 0 
3641 0.065217 0 
3642 0.049129 0 
3643 0.033070 0 
3644 0.081914 0 
3645 0.072001 0 
3646 0.055887 0 
3648 0.045488 0 
3650 0.026222 0 
3651 0.037931 0 
3652 0.021683 0 
3653 0.047261 0 
3654 0.050974 0 
3655 0.034580 0 
3656 0.028605 0 
3658 0.068765 0 
3659 0.056197 0 
3660 0.058635 0 
3661 0.042352 0 
3662 0.045169 0 
3663 0.028544 0 
3664 0.012344 0 
3665 0.023072 0 
3666 0.027123 0 
3667 0.026159 0 
3668 0.028987 0 
3669 0.012727 0 
3670 0.020249 0 
3671 0.059165 0 
3672 0.043309 0 
3674 0.027373 0 
3675 0.017049 0 
3676 0.054141 0 
3677 0.037740 0 
3678 0.021507 0 
3679 0.021789 0 
3680 0.056671 0 
3681 0.038908 0 
3682 0.022547 0 
3683 0.046561 0 
3685 0.032946 0 
3687 0.028440 0 
3688 0.012201 0 
3689 0.089577 0 
3690 0.073324 0 
3691 0.057130 0 
3692 0.040812 0 
3693 0.042732 0 
3695 0.018437 0 
3696 0.035230 0 
3697 0.019114 0 
3698 0.034096 0 
3700 0.035630 0 
3702 0.068437 0 
3703 0.052609 0 
3704 0.045055 0 
3706 0.012236 0 
3707 0.056006 0 
3708 0.039351 0 
3710 0.013992 0 
3711 0.015622 0 
3712 0.027030 0 
3713 0.033313 0 
3714 0.017055 0 
3715 0.015347 0 
3716 0.046529 0 
3717 0.030270 0 
3718 0.028104 0 
3719 0.011879 0 
3720 0.052077 0 
3721 0.035972 0 
3722 0.027974 0 
3723 0.011582 0 
3724 0.041033 0 
3725 0.038072 0 
3726 0.021776 0 
3727 0.034953 0 
3729 0.076970 0 
3730 0.061803 0 
3731 0.059948 0 
3732 0.044031 0 
3733 0.027820 0 
3734 0.023156 0 
3735 0.015369 0 
3737 0.022196 0 
3738 0.020209 0 
3739 0.076097 0 
3740 0.072029 0 
3741 0.055718 0 
3742 0.047435 0 
3743 0.044122 0 
3744 0.027779 0 
3745 0.016108 0 
3746 0.024191 0 
3747 0.007916 0 
3748 0.014767 0 
3750 0.047047 0 
3751 0.112061 0 
3752 0.095843 0 
3753 0.087765 0 
3754 0.071544 0 
3755 0.055401 0 
3756 0.098985 0 
3758 0.066430 0 
3759 0.050198 0 
3760 0.065135 0 
3761 0.078230 0 
3763 0.045830 0 
3764 0.029578 0 
3765 0.013441 0 
3766 0.022511 0 
3768 0.011069 0 
3769 0.082452 0 
3770 0.066172 0 
3771 0.066284 0 
3772 0.050149 0 
3773 0.034173 0 
3775 0.041415 0 
3776 0.046364 0 
3777 0.047225 0 
3778 0.030957 0 
3779 0.086372 0 
3780 0.070031 0 
3781 0.053411 0 
3782 0.079619 0 
3783 0.065562 0 
3785 0.138399 0 
3786 0.122003 0 
3787 0.105673 0 
3788 0.089316 0 
3789 0.073197 0 
3790 0.057689 0 
3791 0.043776 0 
3792 0.034745 0 
3793 0.018825 0 
3794 0.045352 0 
3795 0.029285 0 
3796 0.051654 0 
3797 0.045085 0 
3798 0.028746 0 
3799 0.012441 0 
3800 0.089028 0 
3801 0.072713 0 
3802 0.056449 0 
3803 0.040162 0 
3804 0.040985 0 
3805 0.024808 0 
3806 0.029059 0 
3807 0.107757 0 
3808 0.091402 0 
3809 0.072521 0 
3810 0.186494 0 
3812 0.154121 0 
3813 0.137719 0 
3814 0.152803 0 
3815 0.136547 0 
3816 0.152308 0 
3817 0.135725 0 
3818 0.124994 0 
3819 0.108787 0 
3821 0.088607 0 
3822 0.087252 0 
3823 0.071255 0 
3824 0.055006 0 
3826 0.022875 0 
3828 0.049730 0 
3829 0.069358 0 
3830 0.102716 0 
3831 0.086059 0 
3834 0.052435 0 
3835 0.036161 0 
3836 0.086636 0 
3837 0.070459 0 
3838 0.054139 0 
3839 0.037619 0 
3840 0.043365 0 
3841 0.027063 0 
3842 0.032056 0 
3843 0.015449 0 
3844 0.025687 0 
3845 0.052985 0 
3847 0.020388 0 
3849 0.038124 0 
3850 0.070045 0 
3851 0.053658 0 
3852 0.037402 0 
3853 0.039548 0 
3854 0.022974 0 
3855 0.022846 0 
3857 0.081161 0 
3858 0.070771 0 
3859 0.054490 0 
3860 0.038291 0 
3861 0.047997 0 
3862 0.031731 0 
3863 0.015471 0 
3864 0.021910 0 
3865 0.055072 0 
3866 0.047660 0 
3867 0.130086 0 
3868 0.111854 0 
3869 0.095849 0 
3870 0.078905 0 
3871 0.072578 0 
3873 0.055475 0 
3874 0.069443 0 
3875 0.053137 0 
3876 0.091221 0 
3877 0.074857 0 
3878 0.057988 0 
3879 0.041835 0 
3880 0.051790 0 
3881 0.035578 0 
3882 0.019400 0 
3884 0.021637 0 
3886 0.047426 0 
3887 0.031166 0 
3888 0.014872 0 
3889 0.041609 0 
3890 0.025346 0 
3891 0.044102 0 
3892 0.027965 0 
3894 0.027637 0 
3895 0.016649 0 
3896 0.023268 0 
3897 0.084149 0 
3899 0.051173 0 
3901 0.053667 0 
3902 0.037404 0 
3903 0.021137 0 
3905 0.085515 0 
3906 0.164981 0 
3907 0.158851 0 
3909 0.126260 0 
3910 0.109955 0 
3911 0.093796 0 
3912 0.077582 0 
3913 0.061453 0 
3914 0.088580 0 
3915 0.072153 0 
3916 0.055951 0 
3917 0.039665 0 
3918 0.047469 0 
3919 0.030297 0 
3920 0.067609 0 
3921 0.106082 0 
3922 0.096568 0 
3923 0.093551 0 
3924 0.077405 0 
3925 0.070152 0 
3926 0.053512 0 
3928 0.028729 0 
3929 0.012460 0 
3930 0.032898 0 
3931 0.015841 0 
3932 0.012010 0 
3933 0.065167 0 
3934 0.048499 0 
3936 0.023098 0 
3937 0.022038 0 
3938 0.027771 0 
3939 0.036094 0 
3940 0.020912 0 
3941 0.057181 0 
3942 0.041099 0 
3943 0.041700 0 
3944 0.025438 0 
3945 0.052150 0 
3946 0.035956 0 
3947 0.026406 0 
3949 0.021430 0 
3950 0.021089 0 
3951 0.025324 0 
3952 0.058046 0 
3953 0.042348 0 
3954 0.120137 0 
3955 0.103969 0 
3957 0.071478 0 
3958 0.055146 0 
3959 0.050997 0 
3960 0.042774 0 
3962 0.021208 0 
3963 0.025616 0 
3964 0.009375 0 
3965 0.031299 0 
3967 0.042934 0 
3968 0.039895 0 
3969 0.023577 0 
3970 0.027809 0 
3971 0.011545 0 
3972 0.066260 0 
3974 0.105736 0 
3975 0.108175 0 
3976 0.091898 0 
3977 0.133670 0 
3978 0.116805 0 
3979 0.101196 0 
3980 0.135142 0 
3981 0.118554 0 
3982 0.116030 0 
3984 0.083381 0 
3985 0.067186 0 
3986 0.120601 0 
3987 0.104365 0 
3988 0.099551 0 
3989 0.083282 0 
3990 0.067149 0 
3991 0.066446 0 
3992 0.050057 0 
3993 0.032569 0 
3994 0.020864 0 
3995 0.072927 0 
3996 0.056716 0 
3997 0.040165 0 
3998 0.046937 0 
3999 0.039340 0 
4000 0.023068 0 
4001 0.058682 0 
4002 0.042556 0 
4003 0.026046 0 
4004 0.068381 0 
4005 0.052070 0 
4006 0.035819 0 
4007 0.023705 0 
4008 0.024640 0 
4009 0.008509 0 
4011 0.050114 0 
4012 0.040261 0 
4013 0.024534 0 
4014 0.048132 0 
4015 0.031632 0 
4016 0.015314 0 
4017 0.051975 0 
4018 0.036188 0 
4020 0.059046 0 
4021 0.051922 0 
4022 0.035326 0 
4023 0.019188 0 
4025 0.087340 0 
4027 0.054823 0 
4028 0.066162 0 
4029 0.063235 0 
4030 0.046935 0 
4033 0.030945 0 
4034 0.044681 0 
4035 0.028474 0 
4036 0.068341 0 
4037 0.052077 0 
4038 0.035810 0 
4039 0.055101 0 
4040 0.038689 0 
4041 0.027159 0 
4042 0.027655 0 
4043 0.011090 0 
4044 0.043352 0 
4046 0.010592 0 
4048 0.032771 0 
4049 0.023889 0 
4050 0.035499 0 
4051 0.019145 0 
4052 0.052030 0 
4053 0.035789 0 
4054 0.025818 0 
4056 0.085493 0 
4057 0.069131 0 
4058 0.052672 0 
4059 0.055928 0 
4060 0.038089 0 
4061 0.021269 0 
4062 0.010435 0 
4063 0.019792 0 
4064 0.049728 0 
4065 0.033421 0 
4066 0.032674 0 
4067 0.016298 0 
4068 0.054389 0 
4069 0.037979 0 
4070 0.021821 0 
4072 0.112212 0 
4073 0.108871 0 
4074 0.092557 0 
4075 0.101651 0 
4076 0.085346 0 
4077 0.069136 0 
4078 0.053011 0 
4079 0.058813 0 
4080 0.042867 0 
4081 0.026573 0 
4083 0.040192 0 
4085 0.012914 0 
4086 0.090207 0 
4087 0.073438 0 
4088 0.066565 0 
4089 0.077802 0 
4090 0.061630 0 
4091 0.044940 0 
4093 0.073414 0 
4094 0.065278 0 
4095 0.058247 0 
4096 0.041973 0 
4098 0.014029 0 
4100 0.036953 0 
4101 0.058354 0 
4102 0.042126 0 
4104 0.044916 0 
4105 0.028684 0 
4106 0.042193 0 
4108 0.009768 0 
4109 0.045432 0 
4110 0.041379 0 
4111 0.025340 0 
4112 0.022224 0 
4113 0.095996 0 
4114 0.079624 0 
4115 0.063158 0 
4116 0.047076 0 
4117 0.031839 0 
4118 0.016582 0 
4119 0.024400 0 
4120 0.011934 0 
4121 0.038901 0 
4122 0.022563 0 
4123 0.053570 0 
4124 0.037274 0 
4125 0.061086 0 
4127 0.028147 0 
4128 0.011904 0 
4129 0.038300 0 
4130 0.022056 0 
4131 0.022905 0 
4132 0.043862 0 
4133 0.078003 0 
4135 0.045418 0 
4136 0.075338 0 
4137 0.124165 0 
4138 0.107679 0 
4139 0.119367 0 
4140 0.102805 0 
4141 0.086540 0 
4142 0.082868 0 
4143 0.066624 0 
4144 0.082554 0 
4145 0.066168 0 
4146 0.049311 0 
4148 0.017056 0 
4149 0.051471 0 
4150 0.034716 0 
4151 0.045561 0 
4152 0.029326 0 
4153 0.030159 0 
4154 0.013878 0 
4156 0.056119 0 
4157 0.039857 0 
4158 0.127540 0 
4159 0.144219 0 
4161 0.111746 0 
4162 0.109248 0 
4163 0.092973 0 
4164 0.076298 0 
4166 0.057091 0 
4167 0.067739 0 
4168 0.051549 0 
4169 0.049091 0 
4170 0.060158 0 
4171 0.043929 0 
4173 0.019914 0 
4174 0.047285 0 
4175 0.068502 0 
4176 0.052150 0 
4177 0.034960 0 
4178 0.024526 0 
4179 0.045213 0 
4180 0.029237 0 
4181 0.055118 0 
4183 0.024505 0 
4184 0.041669 0 
4185 0.025395 0 
4186 0.086622 0 
4187 0.070347 0 
4188 0.075010 0 
4189 0.058425 0 
4190 0.054598 0 
4191 0.077224 0 
4192 0.061003 0 
4193 0.103385 0 
4194 0.087132 0 
4195 0.070827 0 
4196 0.062640 0 
4197 0.065625 0 
4198 0.048967 0 
4199 0.053131 0 
4200 0.036846 0 
4201 0.020002 0 
4202 0.030012 0 
4203 0.013696 0 
4204 0.018478 0 
4205 0.017884 0 
4206 0.026170 0 
4207 0.009964 0 
4208 0.033140 0 
4210 0.032303 0 
4211 0.051879 0 
4212 0.035585 0 
4213 0.091490 0 
4214 0.076725 0 
4215 0.059170 0 
4216 0.043791 0 
4217 0.049988 0 
4219 0.017326 0 
4220 0.057647 0 
4221 0.041394 0 
4222 0.025054 0 
4224 0.039356 0 
4226 0.075561 0 
4227 0.077553 0 
4228 0.112508 0 
4229 0.112317 0 
4232 0.063160 0 
4233 0.095678 0 
4234 0.079377 0 
4235 0.062774 0 
4236 0.137933 0 
4237 0.121931 0 
4238 0.105855 0 
4239 0.100085 0 
4240 0.084071 0 
4241 0.068155 0 
4242 0.052123 0 
4243 0.036124 0 
4245 0.050961 0 
4247 0.066508 0 
4248 0.050374 0 
4249 0.035571 0 
4250 0.019284 0 
4251 0.056463 0 
4252 0.040253 0 
4253 0.024004 0 
4255 0.051826 0 
4256 0.037955 0 
4257 0.055047 0 
4258 0.038769 0 
4259 0.067540 0 
4260 0.051338 0 
4261 0.043569 0 
4262 0.027139 0 
4263 0.018281 0 
4265 0.147472 0 
4266 0.131723 0 
4267 0.115031 0 
4268 0.113838 0 
4269 0.121454 0 
4271 0.121750 0 
4274 0.222246 0 
4275 0.205761 0 
4276 0.228092 0 
4277 0.211828 0 
4278 0.195812 0 
4279 0.179636 0 
4280 0.163423 0 
4282 0.171474 0 
4284 0.138844 0 
4285 0.122679 0 
4286 0.106392 0 
4287 0.090234 0 
4288 0.081765 0 
4289 0.065331 0 
4290 0.049070 0 
4292 0.038462 0 
4293 0.022004 0 
4294 0.038810 0 
4295 0.030070 0 
4297 0.060460 0 
4299 0.049300 0 
4300 0.032614 0 
4301 0.036168 0 
4303 0.020163 0 
4304 0.036376 0 
4305 0.017825 0 
4307 0.052670 0 
4308 0.036247 0 
4309 0.019930 0 
4310 0.012285 0 
4311 0.025783 0 
4312 0.009468 0 
4313 0.029593 0 
4314 0.015460 0 
4315 0.023191 0 
4316 0.036079 0 
4317 0.052200 0 
4318 0.035955 0 
4319 0.019485 0 
4320 0.049138 0 
4321 0.032792 0 
4322 0.031426 0 
4323 0.015125 0 
4324 0.057645 0 
4326 0.052974 0 
4327 0.038068 0 
4328 0.021746 0 
4329 0.028007 0 
4330 0.011689 0 
4331 0.034249 0 
4332 0.017908 0 
4334 0.031037 0 
4335 0.039995 0 
4336 0.046077 0 
4337 0.029834 0 
4338 0.017755 0 
4339 0.038430 0 
4340 0.022639 0 
4341 0.044317 0 
4342 0.028089 0 
4343 0.011816 0 
4344 0.028610 0 
4345 0.012348 0 
4347 0.046058 0 
4348 0.091803 0 
4349 0.075788 0 
4350 0.106665 0 
4351 0.089979 0 
4352 0.073151 0 
4353 0.124100 0 
4355 0.092175 0 
4356 0.089805 0 
4357 0.096570 0 
4358 0.094982 0 
4360 0.062426 0 
4361 0.063663 0 
4362 0.047493 0 
4363 0.031253 0 
4365 0.102123 0 
4366 0.085706 0 
4367 0.084114 0 
4368 0.067731 0 
4369 0.051523 0 
4370 0.035336 0 
4372 0.036383 0 
4373 0.038684 0 
4374 0.022286 0 
4375 0.043075 0 
4376 0.026841 0 
4377 0.039248 0 
4378 0.022799 0 
4379 0.044359 0 
4380 0.027667 0 
4382 0.036386 0 
4383 0.032890 0 
4384 0.016546 0 
4385 0.046576 0 
4386 0.030194 0 
4387 0.054031 0 
4388 0.038175 0 
4389 0.021935 0 
4390 0.114712 0 
4391 0.098108 0 
4392 0.113372 0 
4393 0.096984 0 
4394 0.080353 0 
4395 0.064062 0 
4396 0.092777 0 
4397 0.076153 0 
4398 0.068126 0 
4399 0.051842 0 
4400 0.035683 0 
4401 0.039064 0 
4402 0.023189 0 
4403 0.014880 0 
4404 0.030350 0 
4405 0.014114 0 
4406 0.043335 0 
4407 0.027129 0 
4409 0.048397 0 
4410 0.085617 0 
4411 0.082227 0 
4412 0.065796 0 
4413 0.108744 0 
4414 0.092489 0 
4415 0.076264 0 
4416 0.060004 0 
4418 0.075834 0 
4419 0.074227 0 
4420 0.057944 0 
4421 0.041526 0 
4423 0.008993 0 
4425 0.106752 0 
4426 0.090401 0 
4427 0.125821 0 
4428 0.108897 0 
4431 0.082637 0 
4432 0.066379 0 
4433 0.050066 0 
4434 0.033712 0 
4435 0.017212 0 
4436 0.027803 0 
4437 0.046842 0 
4438 0.049788 0 
4439 0.033492 0 
4440 0.056828 0 
4441 0.040450 0 
4442 0.036595 0 
4444 0.050141 0 
4446 0.033919 0 
4447 0.017210 0 
4448 0.054530 0 
4449 0.038348 0 
4450 0.087663 0 
4451 0.068536 0 
4452 0.054796 0 
4454 0.063699 0 
4455 0.090130 0 
4456 0.073432 0 
4457 0.057078 0 
4458 0.040728 0 
4459 0.034730 0 
4460 0.018461 0 
4461 0.037196 0 
4462 0.099097 0 
4463 0.082198 0 
4464 0.065948 0 
4465 0.049603 0 
4466 0.067149 0 
4467 0.050916 0 
4468 0.034700 0 
4470 0.036304 0 
4471 0.028877 0 
4472 0.028495 0 
4473 0.032603 0 
4474 0.077372 0 
4475 0.087351 0 
4476 0.071090 0 
4477 0.054321 0 
4478 0.058383 0 
4479 0.041703 0 
4481 0.047047 0 
4483 0.078826 0 
4484 0.062791 0 
4485 0.046592 0 
4486 0.050184 0 
4487 0.034019 0 
4488 0.020164 0 
4489 0.025124 0 
4491 0.028554 0 
4492 0.011173 0 
4493 0.070763 0 
4494 0.054163 0 
4496 0.078801 0 
4498 0.055970 0 
4499 0.039981 0 
4500 0.023431 0 
4502 0.070453 0 
4503 0.054238 0 
4504 0.037940 0 
4506 0.051718 0 
4507 0.045399 0 
4508 0.029134 0 
4509 0.021041 0 
4510 0.014411 0 
4511 0.097557 0 
4512 0.104182 0 
4513 0.087396 0 
4514 0.070850 0 
4515 0.061063 0 
4516 0.045014 0 
4517 0.028691 0 
4518 0.011529 0 
4519 0.024531 0 
4520 0.008296 0 
4521 0.028179 0 
4522 0.011385 0 
4523 0.020208 0 
4525 0.010867 0 
4526 0.043848 0 
4527 0.031815 0 
4528 0.015615 0 
4529 0.037908 0 
4530 0.055591 0 
4531 0.038428 0 
4533 0.056673 0 
4534 0.040419 0 
4535 0.033418 0 
4536 0.017036 0 
4537 0.070334 0 
4538 0.055438 0 
4539 0.047993 0 
4540 0.031721 0 
4541 0.015488 0 
4542 0.039844 0 
4543 0.066418 0 
4544 0.050238 0 
4546 0.032282 0 
4547 0.034257 0 
4548 0.018080 0 
4549 0.019836 0 
4550 0.048878 0 
4551 0.033403 0 
4552 0.017182 0 
4554 0.037845 0 
4555 0.021629 0 
4556 0.047474 0 
4557 0.072324 0 
4559 0.038613 0 
4560 0.022872 0 
4561 0.064186 0 
4562 0.044670 0 
4564 0.016416 0 
4565 0.120777 0 
4566 0.128300 0 
4567 0.111424 0 
4568 0.095194 0 
4569 0.078830 0 
4571 0.091984 0 
4572 0.075716 0 
4573 0.080595 0 
4574 0.123557 0 
4575 0.107235 0 
4576 0.091037 0 
4577 0.122680 0 
4578 0.104517 0 
4579 0.088709 0 
4581 0.076121 0 
4582 0.059608 0 
4583 0.043419 0 
4584 0.026727 0 
4585 0.041449 0 
4586 0.025556 0 
4587 0.037853 0 
4588 0.068414 0 
4589 0.051939 0 
4590 0.054780 0 
4591 0.038714 0 
4592 0.022589 0 
4593 0.056070 0 
4594 0.039752 0 
4595 0.025386 0 
4596 0.025399 0 
4597 0.009026 0 
4598 0.112644 0 
4599 0.096339 0 
4600 0.086246 0 
4601 0.085556 0 
4602 0.082778 0 
4603 0.066552 0 
4604 0.061927 0 
4605 0.045717 0 
4606 0.029491 0 
4608 0.044791 0 
4609 0.104668 0 
4610 0.088395 0 
4611 0.074041 0 
4612 0.070885 0 
4613 0.054800 0 
4614 0.040616 0 
4615 0.042262 0 
4617 0.035954 0 
4618 0.028226 0 
4619 0.050834 0 
4620 0.034743 0 
4622 0.036192 0 
4624 0.025819 0 
4625 0.070553 0 
4626 0.060599 0 
4627 0.067587 0 
4630 0.018565 0 
4631 0.020171 0 
4632 0.096659 0 
4633 0.080647 0 
4634 0.070927 0 
4635 0.109899 0 
4636 0.093710 0 
4637 0.077309 0 
4638 0.075700 0 
4639 0.063120 0 
4640 0.046930 0 
4641 0.068748 0 
4643 0.036170 0 
4645 0.174222 0 
4646 0.199906 0 
4647 0.183727 0 
4648 0.166651 0 
4649 0.150318 0 
4650 0.134055 0 
4651 0.117551 0 
4653 0.085161 0 
4654 0.076704 0 
4655 0.060379 0 
4656 0.130676 0 
4657 0.114395 0 
4658 0.124607 0 
4659 0.107989 0 
4660 0.090761 0 
4661 0.075258 0 
4662 0.091927 0 
4663 0.075602 0 
4664 0.059192 0 
4665 0.063585 0 
4666 0.047199 0 
4667 0.031111 0 
4669 0.043098 0 
4670 0.112020 0 
4671 0.095826 0 
4672 0.079332 0 
4673 0.063144 0 
4674 0.046856 0 
4675 0.042961 0 
4676 0.052495 0 
4677 0.036145 0 
4678 0.054228 0 
4680 0.028476 0 
4682 0.052373 0 
4683 0.036150 0 
4684 0.019609 0 
4685 0.059933 0 
4686 0.043164 0 
4687 0.027183 0 
4688 0.074639 0 
4690 0.042051 0 
4691 0.079734 0 
4692 0.062953 0 
4693 0.047234 0 
4695 0.054643 0 
4697 0.078035 0 
4698 0.061400 0 
4699 0.045725 0 
4701 0.086916 0 
4702 0.076474 0 
4703 0.069130 0 
4705 0.052857 0 
4706 0.036603 0 
4707 0.020324 0 
4708 0.057695 0 
4709 0.046019 0 
4710 0.039422 0 
4711 0.054880 0 
4712 0.038938 0 
4713 0.066616 0 
4714 0.050481 0 
4715 0.054463 0 
4716 0.038374 0 
4717 0.027829 0 
4718 0.051268 0 
4719 0.038050 0 
4720 0.122736 0 
4721 0.105016 0 
4722 0.144167 0 
4724 0.112829 0 
4725 0.108317 0 
4726 0.159678 0 
4727 0.140530 0 
4728 0.172082 0 
4729 0.155902 0 
4730 0.172049 0 
4732 0.139645 0 
4733 0.123519 0 
4734 0.107397 0 
4735 0.119889 0 
4736 0.103720 0 
4737 0.116936 0 
4738 0.100714 0 
4739 0.105490 0 
4740 0.165946 0 
4741 0.149819 0 
4742 0.133649 0 
4743 0.117344 0 
4745 0.111245 0 
4746 0.094803 0 
4747 0.081846 0 
4748 0.106477 0 
4749 0.086877 0 
4750 0.088790 0 
4751 0.072634 0 
4753 0.040048 0 
4754 0.093179 0 
4755 0.075972 0 
4756 0.106199 0 
4758 0.073648 0 
4759 0.089994 0 
4760 0.073595 0 
4761 0.057386 0 
4763 0.069000 0 
4764 0.078568 0 
4765 0.062268 0 
4766 0.046115 0 
4767 0.044111 0 
4768 0.027208 0 
4770 0.089315 0 
4771 0.140606 0 
4772 0.123671 0 
4773 0.115731 0 
4774 0.099861 0 
4775 0.083643 0 
4776 0.119876 0 
4777 0.103652 0 
4778 0.087411 0 
4780 0.106014 0 
4781 0.090092 0 
4782 0.095043 0 
4783 0.078634 0 
4784 0.062455 0 
4785 0.045978 0 
4786 0.111705 0 
4787 0.095443 0 
4788 0.078749 0 
4789 0.061647 0 
4790 0.048485 0 
4791 0.051776 0 
4792 0.047584 0 
4793 0.031151 0 
4794 0.047073 0 
4795 0.030921 0 
4796 0.024516 0 
4797 0.037843 0 
4798 0.021261 0 
4799 0.027381 0 
4800 0.100792 0 
4801 0.084593 0 
4802 0.068286 0 
4803 0.062065 0 
4804 0.047088 0 
4805 0.030852 0 
4807 0.058989 0 
4808 0.081806 0 
4809 0.064638 0 
4810 0.048878 0 
4811 0.091038 0 
4812 0.089268 0 
4813 0.083851 0 
4814 0.067466 0 
4816 0.061019 0 
4817 0.105050 0 
4818 0.089750 0 
4819 0.073573 0 
4821 0.040855 0 
4823 0.079347 0 
4824 0.085398 0 
4825 0.166862 0 
4826 0.150511 0 
4829 0.164721 0 
4830 0.150990 0 
4831 0.134716 0 
4832 0.156486 0 
4833 0.140399 0 
4834 0.123624 0 
4835 0.122188 0 
4836 0.105883 0 
4837 0.126465 0 
4838 0.173213 0 
4839 0.157295 0 
4840 0.144171 0 
4842 0.111694 0 
4844 0.109235 0 
4845 0.092982 0 
4846 0.076715 0 
4847 0.060391 0 
4848 0.044101 0 
4849 0.039574 0 
4850 0.023536 0 
4852 0.034918 0 
4853 0.032320 0 
4854 0.016028 0 
4855 0.038397 0 
4856 0.046582 0 
4857 0.030350 0 
4858 0.038489 0 
4859 0.022537 0 
4860 0.026229 0 
4861 0.009939 0 
4862 0.065793 0 
4863 0.050292 0 
4864 0.047610 0 
4865 0.058420 0 
4866 0.042539 0 
4868 0.163382 0 
4869 0.147026 0 
4870 0.141660 0 
4871 0.124923 0 
4872 0.142892 0 
4873 0.126722 0 
4874 0.110439 0 
4875 0.094346 0 
4876 0.078151 0 
4877 0.061965 0 
4879 0.092296 0 
4881 0.059051 0 
4882 0.043132 0 
4883 0.026284 0 
4884 0.009851 0 
4885 0.052266 0 
4886 0.040246 0 
4887 0.023930 0 
4889 0.049187 0 
4890 0.032941 0 
4891 0.029687 0 
4892 0.013017 0 
4894 0.017802 0 
4896 0.060218 0 
4897 0.043938 0 
4898 0.037232 0 
4900 0.064453 0 
4902 0.177537 0 
4905 0.128762 0 
4906 0.112630 0 
4907 0.123844 0 
4908 0.107923 0 
4909 0.091808 0 
4910 0.083638 0 
4911 0.067513 0 
4912 0.090793 0 
4913 0.074563 0 
4914 0.058297 0 
4915 0.052777 0 
4916 0.036819 0 
4917 0.020538 0 
4918 0.030631 0 
4919 0.020218 0 
4920 0.020237 0 
4921 0.072924 0 
4923 0.061843 0 
4924 0.045056 0 
4925 0.029449 0 
4926 0.029523 0 
4927 0.013600 0 
4928 0.062819 0 
4929 0.046716 0 
4931 0.077672 0 
4932 0.061301 0 
4933 0.045002 0 
4934 0.080585 0 
4935 0.063709 0 
4936 0.048038 0 
4937 0.039453 0 
4938 0.023258 0 
4939 0.018440 0 
4940 0.032473 0 
4941 0.015891 0 
4942 0.063180 0 
4944 0.050882 0 
4945 0.046235 0 
4946 0.029570 0 
4947 0.034435 0 
4948 0.018329 0 
4949 0.080719 0 
4950 0.064526 0 
4952 0.032065 0 
4953 0.015739 0 
4954 0.049048 0 
4955 0.075740 0 
4957 0.043327 0 
4958 0.050399 0 
4959 0.034056 0 
4960 0.031265 0 
4962 0.047213 0 
4963 0.030947 0 
4964 0.014677 0 
4965 0.021407 0 
4966 0.013319 0 
4967 0.021680 0 
4969 0.067603 0 
4970 0.060152 0 
4971 0.043602 0 
4972 0.112310 0 
4973 0.095922 0 
4974 0.079245 0 
4975 0.117226 0 
4976 0.100890 0 
4977 0.084773 0 
4979 0.063649 0 
4980 0.047215 0 
4981 0.031001 0 
4982 0.031086 0 
4983 0.014828 0 
4984 0.038775 0 
4985 0.022552 0 
4986 0.022538 0 
4987 0.016446 0 
4988 0.067444 0 
4989 0.052404 0 
4990 0.042798 0 
4991 0.119108 0 
4992 0.102890 0 
4993 0.086615 0 
4994 0.107810 0 
4995 0.091498 0 
4996 0.075173 0 
4997 0.070944 0 
4998 0.054609 0 
4999 0.038352 0 
5000 0.059475 0 
5001 0.088023 0 
5002 0.071783 0 
5003 0.055486 0 
5004 0.056620 0 
5006 0.024453 0 
5007 0.022455 0 
5008 0.035887 0 
5009 0.023107 0 
5010 0.038298 0 
5011 0.021646 0 
5012 0.041159 0 
5013 0.024914 0 
5015 0.061245 0 
5016 0.094668 0 
5017 0.078501 0 
5018 0.062028 0 
5020 0.029505 0 
5022 0.115563 0 
5023 0.165900 0 
5024 0.193439 0 
5025 0.176773 0 
5028 0.127814 0 
5029 0.111290 0 
5030 0.093292 0 
5031 0.105898 0 
5032 0.089574 0 
5033 0.073352 0 
5034 0.060702 0 
5035 0.050051 0 
5036 0.033781 0 
5037 0.016926 0 
5038 0.016376 0 
5039 0.045728 0 
5041 0.085253 0 
5043 0.065212 0 
5044 0.048497 0 
5045 0.066297 0 
5046 0.050003 0 
5047 0.033294 0 
5048 0.044042 0 
5049 0.028578 0 
5051 0.043262 0 
5052 0.068444 0 
5053 0.052062 0 
5054 0.035637 0 
5055 0.043193 0 
5056 0.026972 0 
5057 0.010669 0 
5058 0.112738 0 
5059 0.096025 0 
5060 0.080273 0 
5061 0.068017 0 
5062 0.065626 0 
5063 0.049328 0 
5064 0.033229 0 
5065 0.055045 0 
5067 0.077606 0 
5068 0.171085 0 
5069 0.154850 0 
5070 0.138497 0 
5071 0.122127 0 
5072 0.105811 0 
5073 0.089652 0 
5074 0.133434 0 
5075 0.117539 0 
5076 0.101263 0 
5078 0.084623 0 
5080 0.094715 0 
5081 0.084276 0 
5082 0.073508 0 
5083 0.057299 0 
5084 0.052058 0 
5085 0.035823 0 
5086 0.113546 0 
5088 0.081059 0 
5089 0.120362 0 
5090 0.104103 0 
5091 0.091188 0 
5093 0.119600 0 
5095 0.105038 0 
5096 0.087766 0 
5097 0.071476 0 
5099 0.063873 0 
5100 0.047539 0 
5101 0.060067 0 
5103 0.049684 0 
5104 0.033466 0 
5105 0.054408 0 
5106 0.037869 0 
5107 0.022004 0 
5108 0.040268 0 
5109 0.116623 0 
5110 0.100313 0 
5111 0.083334 0 
5112 0.082382 0 
5113 0.066074 0 
5114 0.050062 0 
5115 0.032884 0 
5116 0.036414 0 
5117 0.019759 0 
5118 0.025257 0 
5119 0.089565 0 
5120 0.074696 0 
5122 0.043960 0 
5123 0.030887 0 
5124 0.014817 0 
5125 0.073093 0 
5126 0.056817 0 
5127 0.081033 0 
5128 0.064375 0 
5130 0.090515 0 
5131 0.087894 0 
5132 0.071487 0 
5133 0.055279 0 
5134 0.063369 0 
5135 0.075065 0 
5136 0.058932 0 
5137 0.054348 0 
5138 0.038049 0 
5139 0.058400 0 
5140 0.042239 0 
5141 0.060510 0 
5143 0.028145 0 
5144 0.057705 0 
5145 0.041050 0 
5146 0.024849 0 
5147 0.060513 0 
5148 0.044289 0 
5149 0.043582 0 
5151 0.054123 0 
5152 0.037771 0 
5153 0.052215 0 
5154 0.035816 0 
5156 0.014915 0 
5157 0.052234 0 
5158 0.035944 0 
5159 0.072719 0 
5161 0.039525 0 
5162 0.054267 0 
5163 0.039134 0 
5164 0.022594 0 
5165 0.033344 0 
5166 0.017087 0 
5168 0.049449 0 
5169 0.032621 0 
5170 0.016275 0 
5171 0.023427 0 
5172 0.006981 0 
5173 0.096184 0 
5174 0.079743 0 
5175 0.094015 0 
5176 0.077725 0 
5178 0.044828 0 
5179 0.059067 0 
5180 0.042714 0 
5181 0.026552 0 
5182 0.047320 0 
5183 0.048136 0 
5184 0.031202 0 
5185 0.048825 0 
5186 0.061235 0 
5187 0.044990 0 
5188 0.028637 0 
5189 0.022443 0 
5190 0.035585 0 
5191 0.019329 0 
5192 0.014276 0 
5193 0.065911 0 
5194 0.049829 0 
5195 0.070757 0 
5196 0.054522 0 
5197 0.038202 0 
5198 0.026211 0 
5199 0.015824 0 
5200 0.052521 0 
5201 0.036324 0 
5202 0.065736 0 
5203 0.049504 0 
5205 0.051195 0 
5206 0.090764 0 
5207 0.074246 0 
5208 0.071397 0 
5209 0.055734 0 
5210 0.039598 0 
5211 0.023305 0 
5212 0.080131 0 
5214 0.109889 0 
5215 0.093385 0 
5216 0.077561 0 
5217 0.061344 0 
5219 0.028884 0 
5221 0.067098 0 
5222 0.077181 0 
5223 0.127825 0 
5224 0.111543 0 
5227 0.172932 0 
5228 0.156603 0 
5229 0.168522 0 
5230 0.152445 0 
5231 0.136256 0 
5232 0.133797 0 
5233 0.152907 0 
5234 0.136509 0 
5235 0.126455 0 
5236 0.110612 0 
5237 0.138211 0 
5238 0.121529 0 
5240 0.135065 0 
5242 0.105817 0 
5243 0.089576 0 
5244 0.097866 0 
5245 0.081582 0 
5246 0.065473 0 
5247 0.077289 0 
5248 0.061117 0 
5250 0.028415 0 
5251 0.044039 0 
5252 0.027765 0 
5253 0.059165 0 
5254 0.042957 0 
5255 0.026710 0 
5256 0.031837 0 
5257 0.024850 0 
5258 0.024194 0 
5259 0.019757 0 
5260 0.028357 0 
5261 0.012118 0 
5262 0.044272 0 
5263 0.026783 0 
5264 0.011167 0 
5266 0.091479 0 
5267 0.120681 0 
5268 0.103813 0 
5269 0.124535 0 
5270 0.108268 0 
5271 0.091885 0 
5272 0.075615 0 
5273 0.086893 0 
5274 0.070617 0 
5275 0.054414 0 
5277 0.056802 0 
5279 0.099083 0 
5280 0.082702 0 
5281 0.066537 0 
5282 0.050328 0 
5283 0.081722 0 
5284 0.074727 0 
5285 0.075171 0 
5287 0.042544 0 
5288 0.072911 0 
5289 0.056670 0 
5290 0.040389 0 
5292 0.071154 0 
5294 0.084329 0 
5295 0.067537 0 
5296 0.074284 0 
5298 0.042900 0 
5299 0.042888 0 
5300 0.026628 0 
5302 0.041258 0 
5303 0.024884 0 
5304 0.146281 0 
5305 0.130089 0 
5306 0.113887 0 
5307 0.099407 0 
5308 0.083117 0 
5309 0.069117 0 
5310 0.073208 0 
5311 0.056919 0 
5312 0.040667 0 
5313 0.024195 0 
5314 0.020000 0 
5315 0.035606 0 
5316 0.026011 0 
5317 0.024200 0 
5318 0.020083 0 
5319 0.049196 0 
5321 0.016650 0 
5322 0.042258 0 
5323 0.026067 0 
5324 0.112014 0 
5325 0.095737 0 
5326 0.079391 0 
5327 0.063083 0 
5329 0.030671 0 
5330 0.024412 0 
5331 0.033083 0 
5332 0.016812 0 
5333 0.054458 0 
5334 0.038158 0 
5335 0.031541 0 
5336 0.015171 0 
5337 0.020046 0 
5338 0.041597 0 
5339 0.025486 0 
5340 0.012529 0 
5342 0.091627 0 
5343 0.087105 0 
5344 0.070989 0 
5345 0.075128 0 
5346 0.059074 0 
5347 0.042691 0 
5348 0.030964 0 
5350 0.045267 0 
5351 0.028552 0 
5352 0.086688 0 
5353 0.071490 0 
5355 0.039011 0 
5356 0.022768 0 
5357 0.044160 0 
5358 0.028022 0 
5360 0.051532 0 
5361 0.034698 0 
5362 0.048367 0 
5363 0.037346 0 
5364 0.068269 0 
5365 0.051902 0 
5367 0.019273 0 
5368 0.041081 0 
5369 0.063576 0 
5370 0.047372 0 
5371 0.130624 0 
5372 0.114409 0 
5373 0.098049 0 
5374 0.095832 0 
5375 0.079644 0 
5377 0.047273 0 
5378 0.073426 0 
5379 0.057106 0 
5380 0.040744 0 
5381 0.071314 0 
5382 0.055274 0 
5383 0.038803 0 
5384 0.034515 0 
5385 0.018060 0 
5386 0.016623 0 
5387 0.044082 0 
5388 0.027636 0 
5389 0.010756 0 
5390 0.040548 0 
5391 0.039528 0 
5392 0.030632 0 
5393 0.040601 0 
5394 0.024579 0 
5395 0.256902 0 
5396 0.240466 0 
5397 0.224118 0 
5398 0.207846 0 
5399 0.191505 0 
5400 0.191485 0 
5401 0.202477 0 
5402 0.186243 0 
5404 0.153692 0 
5405 0.145499 0 
5406 0.129231 0 
5407 0.132223 0 
5408 0.116278 0 
5409 0.100038 0 
5410 0.097045 0 
5411 0.080799 0 
5413 0.118958 0 
5414 0.102712 0 
5415 0.086487 0 
5416 0.070148 0 
5418 0.037757 0 
5420 0.055938 0 
5421 0.052520 0 
5422 0.063654 0 
5423 0.046854 0 
5426 0.039401 0 
5427 0.031023 0 
5428 0.023338 0 
5429 0.109612 0 
5430 0.093330 0 
5431 0.077055 0 
5432 0.078814 0 
5433 0.062494 0 
5434 0.097133 0 
5435 0.080845 0 
5436 0.064512 0 
5437 0.105652 0 
5439 0.073187 0 
5441 0.087270 0 
5442 0.070723 0 
5443 0.095068 0 
5444 0.077937 0 
5445 0.061981 0 
5446 0.045181 0 
5447 0.056698 0 
5449 0.023951 0 
5450 0.015847 0 
5451 0.054498 0 
5452 0.038048 0 
5453 0.061593 0 
5454 0.044960 0 
5455 0.028907 0 
5456 0.053105 0 
5457 0.036430 0 
5458 0.087913 0 
5459 0.071671 0 
5460 0.055625 0 
5461 0.072610 0 
5462 0.055986 0 
5463 0.039644 0 
5465 0.095648 0 
5466 0.130805 0 
5467 0.114480 0 
5468 0.097866 0 
5469 0.099016 0 
5470 0.082783 0 
5471 0.066642 0 
5472 0.085900 0 
5473 0.074053 0 
5474 0.057330 0 
5476 0.157169 0 
5478 0.124195 0 
5479 0.119601 0 
5480 0.103459 0 
5481 0.086478 0 
5482 0.069713 0 
5483 0.105844 0 
5484 0.089589 0 
5486 0.056488 0 
5487 0.040170 0 
5488 0.128126 0 
5489 0.111901 0 
5491 0.079248 0 
5493 0.111163 0 
5494 0.094906 0 
5495 0.129901 0 
5497 0.097279 0 
5498 0.097572 0 
5499 0.080901 0 
5501 0.048435 0 
5502 0.101707 0 
5503 0.085307 0 
5504 0.068696 0 
5505 0.052568 0 
5506 0.049466 0 
5507 0.043065 0 
5508 0.108651 0 
5509 0.091760 0 
5510 0.074903 0 
5511 0.057446 0 
5512 0.085299 0 
5513 0.069031 0 
5514 0.052645 0 
5515 0.039737 0 
5516 0.029591 0 
5517 0.026927 0 
5518 0.030313 0 
5520 0.035950 0 
5521 0.019175 0 
5522 0.042763 0 
5523 0.028025 0 
5524 0.059045 0 
5525 0.056379 0 
5526 0.040119 0 
5528 0.097909 0 
5529 0.081698 0 
5530 0.065454 0 
5531 0.113023 0 
5532 0.096848 0 
5533 0.098677 0 
5534 0.083917 0 
5535 0.079756 0 
5536 0.104083 0 
5537 0.108747 0 
5538 0.092488 0 
5539 0.076217 0 
5541 0.051455 0 
5542 0.037123 0 
5543 0.043321 0 
5544 0.026884 0 
5545 0.039196 0 
5546 0.022978 0 
5547 0.076380 0 
5549 0.088048 0 
5550 0.071765 0 
5551 0.067842 0 
5552 0.068672 0 
5554 0.036031 0 
5555 0.037856 0 
5556 0.021279 0 
5557 0.039563 0 
5559 0.035328 0 
5560 0.054616 0 
5561 0.038831 0 
5562 0.022540 0 
5563 0.041168 0 
5564 0.024940 0 
5566 0.040365 0 
5567 0.023369 0 
5568 0.061986 0 
5569 0.061830 0 
5570 0.045606 0 
5571 0.029267 0 
5572 0.019699 0 
5573 0.042469 0 
5574 0.026192 0 
5576 0.101740 0 
5577 0.084834 0 
5578 0.087070 0 
5579 0.070721 0 
5580 0.052865 0 
5581 0.037199 0 
5582 0.133737 0 
5583 0.117376 0 
5584 0.107055 0 
5585 0.089473 0 
5586 0.073761 0 
5587 0.070469 0 
5588 0.054273 0 
5589 0.045528 0 
5590 0.029308 0 
5591 0.046355 0 
5592 0.030112 0 
5593 0.035632 0 
5594 0.019380 0 
5595 0.051092 0 
5596 0.102767 0 
5597 0.086734 0 
5598 0.070021 0 
5599 0.054163 0 
5600 0.051401 0 
5601 0.035043 0 
5603 0.031538 0 
5604 0.033019 0 
5605 0.016747 0 
5606 0.035532 0 
5607 0.019509 0 
5608 0.073563 0 
5609 0.057424 0 
5610 0.041161 0 
5612 0.060200 0 
5613 0.045870 0 
5614 0.029561 0 
5615 0.013351 0 
5617 0.019383 0 
5619 0.024480 0 
5620 0.054489 0 
5621 0.080036 0 
5622 0.063247 0 
5625 0.052105 0 
5626 0.036254 0 
5627 0.065746 0 
5628 0.049592 0 
5629 0.046909 0 
5630 0.030042 0 
5631 0.013958 0 
5632 0.059548 0 
5633 0.043472 0 
5634 0.058793 0 
5635 0.042567 0 
5636 0.026142 0 
5638 0.056746 0 
5640 0.070887 0 
5641 0.054948 0 
5642 0.053936 0 
5643 0.042456 0 
5644 0.026283 0 
5645 0.008909 0 
5646 0.026978 0 
5648 0.044636 0 
5649 0.044772 0 
5650 0.051933 0 
5651 0.039611 0 
5652 0.022949 0 
5653 0.038431 0 
5654 0.043046 0 
5655 0.026806 0 
5656 0.020597 0 
5657 0.027345 0 
5658 0.011514 0 
5659 0.075334 0 
5660 0.059295 0 
5661 0.069160 0 
5662 0.052966 0 
5664 0.067970 0 
5665 0.053746 0 
5666 0.065068 0 
5667 0.048897 0 
5668 0.032691 0 
5669 0.016523 0 
5670 0.040826 0 
5671 0.028727 0 
5672 0.040993 0 
5673 0.024730 0 
5675 0.062601 0 
5677 0.063365 0 
5678 0.047172 0 
5679 0.030947 0 
5680 0.017093 0 
5681 0.013952 0 
5682 0.033178 0 
5683 0.038825 0 
5685 0.040044 0 
5686 0.023914 0 
5687 0.065986 0 
5688 0.049809 0 
5690 0.082346 0 
5692 0.059062 0 
5693 0.042597 0 
5694 0.038297 0 
5696 0.106257 0 
5697 0.090011 0 
5698 0.083504 0 
5700 0.057084 0 
5701 0.040303 0 
5702 0.048995 0 
5703 0.033305 0 
5704 0.017166 0 
5705 0.062883 0 
5706 0.069474 0 
5707 0.053268 0 
5708 0.039649 0 
5709 0.025365 0 
5710 0.009112 0 
5711 0.057723 0 
5712 0.041085 0 
5713 0.025057 0 
5714 0.050310 0 
5715 0.062047 0 
5716 0.045150 0 
5717 0.029459 0 
5719 0.089468 0 
5720 0.073195 0 
5721 0.155960 0 
5722 0.171664 0 
5723 0.155310 0 
5724 0.139113 0 
5725 0.156837 0 
5727 0.124042 0 
5728 0.107942 0 
5729 0.102394 0 
5730 0.085569 0 
5731 0.069875 0 
5732 0.151708 0 
5733 0.135440 0 
5734 0.119186 0 
5735 0.153153 0 
5736 0.136916 0 
5737 0.126847 0 
5738 0.169923 0 
5740 0.135766 0 
5741 0.141096 0 
5742 0.124255 0 
5743 0.168638 0 
5744 0.152494 0 
5745 0.136166 0 
5746 0.201890 0 
5748 0.169020 0 
5749 0.153201 0 
5750 0.190491 0 
5751 0.204991 0 
5753 0.172472 0 
5754 0.165924 0 
5755 0.170768 0 
5756 0.154511 0 
5758 0.148547 0 
5759 0.150573 0 
5760 0.131867 0 
5761 0.134815 0 
5762 0.118915 0 
5763 0.102644 0 
5765 0.095042 0 
5766 0.089419 0 
5767 0.089832 0 
5768 0.073623 0 
5769 0.107829 0 
5770 0.091615 0 
5771 0.084650 0 
5772 0.068739 0 
5773 0.055238 0 
5775 0.033379 0 
5776 0.018866 0 
5777 0.028423 0 
5778 0.012907 0 
5779 0.052583 0 
5780 0.036492 0 
5781 0.032549 0 
5782 0.017207 0 
5783 0.040885 0 
5784 0.024234 0 
5785 0.049318 0 
5786 0.032758 0 
5787 0.031828 0 
5788 0.037155 0 
5789 0.027744 0 
5790 0.156947 0 
5791 0.140662 0 
5792 0.124362 0 
5793 0.136586 0 
5794 0.120035 0 
5795 0.103843 0 
5796 0.112415 0 
5797 0.095813 0 
5798 0.079131 0 
5799 0.061821 0 
5800 0.045722 0 
5802 0.012788 0 
5803 0.083818 0 
5804 0.094866 0 
5805 0.105306 0 
5806 0.100376 0 
5807 0.084081 0 
5808 0.073798 0 
5809 0.057213 0 
5811 0.055497 0 
5812 0.061387 0 
5813 0.045194 0 
5814 0.029001 0 
5816 0.027441 0 
5818 0.063430 0 
5819 0.052531 0 
5820 0.068046 0 
5821 0.051795 0 
5824 0.014461 0 
5825 0.037167 0 
5826 0.020478 0 
5827 0.075110 0 
5828 0.058728 0 
5829 0.055760 0 
5830 0.054911 0 
5831 0.038529 0 
5832 0.075719 0 
5833 0.059356 0 
5834 0.042737 0 
5835 0.090480 0 
5837 0.058471 0 
5839 0.047652 0 
5840 0.031293 0 
5841 0.028099 0 
5842 0.047725 0 
5843 0.031456 0 
5844 0.054401 0 
5845 0.037762 0 
5847 0.072996 0 
5848 0.057133 0 
5849 0.047710 0 
5850 0.031298 0 
5851 0.015114 0 
5852 0.030540 0 
5853 0.017351 0 
5854 0.022216 0 
5855 0.017047 0 
5856 0.041584 0 
5857 0.025319 0 
5858 0.013858 0 
5859 0.042207 0 
5860 0.025918 0 
5861 0.016295 0 
5863 0.132640 0 
5864 0.145876 0 
5865 0.129614 0 
5866 0.113323 0 
5867 0.130413 0 
5868 0.114016 0 
5869 0.106398 0 
5870 0.090054 0 
5871 0.073902 0 
5872 0.107814 0 
5874 0.107979 0 
5876 0.075158 0 
5877 0.074964 0 
5878 0.058780 0 
5879 0.045986 0 
5880 0.029595 0 
5881 0.055537 0 
5882 0.043409 0 
5884 0.074103 0 
5885 0.063593 0 
5886 0.061354 0 
5887 0.045141 0 
5889 0.043958 0 
5891 0.042242 0 
5892 0.026115 0 
5893 0.046406 0 
5895 0.046196 0 
5896 0.048887 0 
5897 0.032658 0 
5899 0.040837 0 
5900 0.024818 0 
5901 0.038254 0 
5902 0.022016 0 
5903 0.028183 0 
5904 0.042415 0 
5905 0.036332 0 
5906 0.020002 0 
5907 0.054448 0 
5908 0.039109 0 
5909 0.027616 0 
5910 0.011333 0 
5911 0.023346 0 
5912 0.042542 0 
5913 0.026284 0 
5914 0.018330 0 
5915 0.031660 0 
5916 0.041899 0 
5918 0.051105 0 
5919 0.034865 0 
5920 0.018556 0 
5921 0.073901 0 
5922 0.058511 0 
5923 0.081969 0 
5924 0.065654 0 
5926 0.062001 0 
5927 0.045325 0 
5928 0.029061 0 
5929 0.045258 0 
5930 0.028819 0 
5931 0.045111 0 
5932 0.030445 0 
5933 0.013539 0 
5934 0.128408 0 
5935 0.112142 0 
5936 0.095850 0 
5937 0.108260 0 
5939 0.078041 0 
5940 0.071628 0 
5941 0.055453 0 
5942 0.047763 0 
5943 0.071940 0 
5944 0.055996 0 
5945 0.039743 0 
5947 0.080337 0 
5948 0.069969 0 
5949 0.061985 0 
5950 0.045502 0 
5952 0.065992 0 
5953 0.072226 0 
5954 0.056003 0 
5955 0.039838 0 
5957 0.034775 0 
5958 0.054259 0 
5959 0.062607 0 
5960 0.046309 0 
5961 0.030226 0 
5962 0.013980 0 
5964 0.108684 0 
5965 0.092361 0 
5966 0.087311 0 
5967 0.071100 0 
5968 0.106629 0 
5969 0.090414 0 
5970 0.099987 0 
5971 0.082792 0 
5972 0.066534 0 
5974 0.045306 0 
5975 0.029037 0 
5976 0.016898 0 
5977 0.035629 0 
5978 0.019358 0 
5979 0.061424 0 
5980 0.045081 0 
5981 0.029018 0 
5982 0.052391 0 
5983 0.066214 0 
5984 0.080935 0 
5985 0.064622 0 
5986 0.048230 0 
5987 0.031829 0 
5988 0.064671 0 
5989 0.062618 0 
5990 0.068949 0 
5991 0.052660 0 
5992 0.045207 0 
5993 0.053007 0 
5994 0.036664 0 
5995 0.020497 0 
5996 0.079808 0 
5997 0.063677 0 
5998 0.047090 0 
5999 0.115914 0 
6001 0.083298 0 
6002 0.079311 0 
6003 0.085471 0 
6004 0.069600 0 
6005 0.096849 0 
6006 0.080594 0 
6007 0.064901 0 
6008 0.084646 0 
6010 0.073111 0 
6011 0.056732 0 
6012 0.040481 0 
6013 0.024305 0 
6015 0.028810 0 
6017 0.026890 0 
6018 0.105669 0 
6019 0.110727 0 
6020 0.094495 0 
6023 0.059003 0 
6024 0.043268 0 
6025 0.062356 0 
6026 0.076133 0 
6027 0.060360 0 
6028 0.049990 0 
6029 0.062277 0 
6030 0.045753 0 
6031 0.043329 0 
6032 0.027039 0 
6033 0.052957 0 
6034 0.036870 0 
6036 0.034798 0 
6038 0.091600 0 
6039 0.085551 0 
6040 0.068569 0 
6041 0.052038 0 
6042 0.076375 0 
6043 0.060122 0 
6044 0.043703 0 
6046 0.022089 0 
6047 0.107398 0 
6048 0.091059 0 
6049 0.110828 0 
6050 0.094012 0 
6051 0.078271 0 
6052 0.071296 0 
6053 0.054628 0 
6054 0.047139 0 
6055 0.030816 0 
6056 0.045715 0 
6057 0.030006 0 
6058 0.045419 0 
6059 0.028106 0 
6060 0.048817 0 
6062 0.113712 0 
6063 0.111848 0 
6064 0.096160 0 
6065 0.079839 0 
6066 0.094245 0 
6067 0.077756 0 
6068 0.060958 0 
6069 0.044801 0 
6070 0.123065 0 
6071 0.106844 0 
6073 0.080487 0 
6075 0.066668 0 
6076 0.050437 0 
6077 0.034353 0 
6078 0.030108 0 
6079 0.013482 0 
6080 0.054336 0 
6081 0.038173 0 
6083 0.089394 0 
6084 0.072610 0 
6085 0.056179 0 
6086 0.039754 0 
6088 0.025462 0 
6090 0.078295 0 
6091 0.063966 0 
6092 0.073041 0 
6094 0.040122 0 
6095 0.068752 0 
6096 0.052104 0 
6098 0.019505 0 
6099 0.023825 0 
6100 0.034182 0 
6101 0.017890 0 
6102 0.055552 0 
6103 0.057117 0 
6104 0.058716 0 
6105 0.042388 0 
6106 0.032771 0 
6107 0.016129 0 
6108 0.059108 0 
6109 0.042832 0 
6110 0.044881 0 
6111 0.031723 0 
6112 0.051675 0 
6113 0.034971 0 
6114 0.023741 0 
6115 0.023290 0 
6117 0.055051 0 
6118 0.038804 0 
6119 0.032939 0 
6120 0.017679 0 
6121 0.035550 0 
6122 0.047022 0 
6123 0.030645 0 
6125 0.034627 0 
6126 0.039239 0 
6127 0.022739 0 
6128 0.054899 0 
6129 0.038994 0 
6130 0.057481 0 
6131 0.041108 0 
6132 0.035247 0 
6133 0.018773 0 
6134 0.040701 0 
6135 0.024356 0 
6136 0.060546 0 
6138 0.028739 0 
6139 0.023139 0 
6140 0.009462 0 
6141 0.024078 0 
6142 0.039437 0 
6143 0.023242 0 
6144 0.122941 0 
6146 0.090511 0 
6147 0.161658 0 
6148 0.155367 0 
6149 0.139270 0 
6151 0.107001 0 
6152 0.115717 0 
6153 0.099582 0 
6154 0.088485 0 
6156 0.065393 0 
6157 0.057613 0 
6158 0.041639 0 
6159 0.051713 0 
6160 0.046843 0 
6161 0.030449 0 
6163 0.028131 0 
6164 0.023465 0 
6165 0.051014 0 
6166 0.035203 0 
6167 0.019188 0 
6168 0.079637 0 
6169 0.062711 0 
6170 0.079149 0 
6171 0.063261 0 
6173 0.030426 0 
6174 0.014617 0 
6175 0.012871 0 
6176 0.068576 0 
6177 0.052243 0 
6178 0.036031 0 
6179 0.027984 0 
6180 0.023126 0 
6181 0.049447 0 
6182 0.033382 0 
6183 0.107745 0 
6184 0.091488 0 
6185 0.076349 0 
6186 0.065199 0 
6187 0.048352 0 
6188 0.032127 0 
6189 0.043000 0 
6190 0.035750 0 
6191 0.024908 0 
6192 0.058454 0 
6193 0.042207 0 
6194 0.025997 0 
6195 0.048297 0 
6196 0.032817 0 
6197 0.016079 0 
6198 0.058245 0 
6200 0.025104 0 
6201 0.013288 0 
6202 0.026604 0 
6203 0.048414 0 
6204 0.032141 0 
6205 0.015836 0 
6206 0.024833 0 
6207 0.008962 0 
6209 0.072973 0 
6210 0.056649 0 
6211 0.041162 0 
6212 0.024911 0 
6214 0.037918 0 
6216 0.028227 0 
6217 0.043487 0 
6218 0.045192 0 
6219 0.028906 0 
6222 0.037704 0 
6223 0.027020 0 
6224 0.014747 0 
6225 0.100250 0 
6226 0.083859 0 
6227 0.067689 0 
6228 0.076326 0 
6229 0.070659 0 
6230 0.054396 0 
6231 0.037797 0 
6232 0.021342 0 
6233 0.060346 0 
6235 0.084014 0 
6237 0.051445 0 
6238 0.035165 0 
6239 0.018598 0 
6240 0.035066 0 
6241 0.018836 0 
6242 0.017775 0 
6243 0.031022 0 
6245 0.024224 0 
6246 0.044117 0 
6247 0.027847 0 
6248 0.024922 0 
6249 0.039488 0 
6250 0.023273 0 
6251 0.020696 0 
6252 0.030462 0 
6253 0.013794 0 
6254 0.097245 0 
6255 0.079174 0 
6256 0.096094 0 
6257 0.079874 0 
6258 0.068911 0 
6259 0.090066 0 
6261 0.056146 0 
6262 0.039768 0 
6263 0.023304 0 
6264 0.029567 0 
6265 0.142400 0 
6266 0.126085 0 
6267 0.109582 0 
6268 0.093462 0 
6269 0.077022 0 
6270 0.097495 0 
6272 0.085255 0 
6274 0.052660 0 
6275 0.036484 0 
6276 0.056778 0 
6277 0.040596 0 
6278 0.052359 0 
6279 0.036041 0 
6280 0.030676 0 
6282 0.087635 0 
6283 0.071304 0 
6284 0.054664 0 
6285 0.038991 0 
6287 0.040699 0 
6289 0.038052 0 
6290 0.021717 0 
6291 0.028167 0 
6293 0.100056 0 
6294 0.110254 0 
6295 0.093753 0 
6297 0.060665 0 
6298 0.042633 0 
6299 0.029601 0 
6300 0.020547 0 
6301 0.037205 0 
6302 0.020803 0 
6303 0.138270 0 
6304 0.122063 0 
6305 0.105754 0 
6306 0.089165 0 
6307 0.089948 0 
6308 0.072956 0 
6309 0.057287 0 
6310 0.056301 0 
6311 0.040002 0 
6312 0.069894 0 
6313 0.053635 0 
6314 0.037459 0 
6316 0.042413 0 
6317 0.026204 0 
6318 0.046198 0 
6319 0.029984 0 
6320 0.023394 0 
6321 0.032481 0 
6322 0.019159 0 
6324 0.054450 0 
6325 0.038342 0 
6326 0.022756 0 
6327 0.029292 0 
6328 0.013057 0 
6329 0.012184 0 
6330 0.024022 0 
6331 0.069585 0 
6332 0.053378 0 
6333 0.037127 0 
6334 0.042497 0 
6335 0.026207 0 
6337 0.041262 0 
6338 0.070583 0 
6339 0.054356 0 
6340 0.037942 0 
6341 0.020919 0 
6342 0.100966 0 
6343 0.091980 0 
6345 0.058947 0 
6346 0.089116 0 
6347 0.072739 0 
6348 0.094244 0 
6350 0.061779 0 
6351 0.099881 0 
6352 0.083659 0 
6353 0.067435 0 
6355 0.148093 0 
6356 0.131738 0 
6357 0.176894 0 
6358 0.161205 0 
6359 0.144948 0 
6360 0.152680 0 
6362 0.120167 0 
6363 0.124764 0 
6364 0.108200 0 
6365 0.118870 0 
6366 0.102316 0 
6367 0.092918 0 
6368 0.085418 0 
6369 0.070686 0 
6370 0.054321 0 
6372 0.039946 0 
6373 0.023730 0 
6374 0.052825 0 
6375 0.036600 0 
6376 0.020085 0 
6377 0.088379 0 
6378 0.072041 0 
6379 0.056324 0 
6380 0.066696 0 
6381 0.048267 0 
6382 0.043736 0 
6383 0.031965 0 
6384 0.015364 0 
6385 0.017786 0 
6386 0.068184 0 
6387 0.051964 0 
6388 0.048709 0 
6389 0.033725 0 
6390 0.021283 0 
6391 0.039956 0 
6392 0.022600 0 
6393 0.049961 0 
6394 0.033847 0 
6395 0.017708 0 
6396 0.033712 0 
6397 0.017583 0 
6399 0.079999 0 
6400 0.119942 0 
6401 0.103682 0 
6402 0.087361 0 
6403 0.080166 0 
6404 0.071881 0 
6405 0.055602 0 
6406 0.039519 0 
6408 0.115276 0 
6409 0.098436 0 
6410 0.082419 0 
6411 0.065881 0 
6413 0.032369 0 
6415 0.168882 0 
6416 0.190541 0 
6417 0.253448 0 
6418 0.237164 0 
6421 0.207025 0 
6422 0.190851 0 
6423 0.178621 0 
6424 0.209356 0 
6425 0.192347 0 
6426 0.176046 0 
6427 0.159912 0 
6428 0.151485 0 
6429 0.132478 0 
6430 0.158641 0 
6431 0.142467 0 
6432 0.126230 0 
6434 0.112610 0 
6436 0.104100 0 
6437 0.087968 0 
6438 0.071740 0 
6439 0.080983 0 
6440 0.064848 0 
6441 0.048728 0 
6442 0.068095 0 
6444 0.054940 0 
6445 0.058260 0 
6446 0.042071 0 
6447 0.025901 0 
6448 0.065684 0 
6449 0.049485 0 
6450 0.033289 0 
6451 0.042820 0 
6452 0.026929 0 
6453 0.019443 0 
6454 0.144635 0 
6455 0.128558 0 
6456 0.112400 0 
6457 0.096233 0 
6458 0.080050 0 
6460 0.149066 0 
6461 0.163586 0 
6462 0.146150 0 
6463 0.129989 0 
6464 0.166680 0 
6465 0.150589 0 
6466 0.134300 0 
6467 0.117396 0 
6468 0.101408 0 
6469 0.127731 0 
6471 0.095681 0 
6473 0.119212 0 
6474 0.103034 0 
6475 0.086900 0 
6476 0.070729 0 
6477 0.054530 0 
6478 0.038486 0 
6479 0.059910 0 
6481 0.028042 0 
6482 0.065183 0 
6483 0.049062 0 
6484 0.032894 0 
6486 0.039570 0 
6488 0.032498 0 
6489 0.016401 0 
6490 0.018165 0 
6492 0.075779 0 
6493 0.059675 0 
6494 0.053918 0 
6496 0.021609 0 
6497 0.098206 0 
6498 0.082070 0 
6499 0.065893 0 
6500 0.056986 0 
6501 0.040557 0 
6502 0.047541 0 
6503 0.031370 0 
6504 0.015076 0 
6505 0.040695 0 
6506 0.024325 0 
6507 0.049688 0 
6508 0.033451 0 
6509 0.017115 0 
6510 0.031128 0 
6511 0.031983 0 
6512 0.015454 0 
6513 0.009339 0 
6515 0.053797 0 
6516 0.037710 0 
6517 0.076411 0 
6518 0.060688 0 
6519 0.053433 0 
6520 0.127749 0 
6521 0.117168 0 
6523 0.084176 0 
6524 0.067852 0 
6525 0.051035 0 
6526 0.034573 0 
6527 0.014957 0 
6528 0.062142 0 
6529 0.043990 0 
6530 0.027967 0 
6531 0.011426 0 
6532 0.014145 0 
6533 0.045863 0 
6534 0.030222 0 
6536 0.038362 0 
6537 0.037064 0 
6538 0.106187 0 
6539 0.090251 0 
6540 0.074129 0 
6541 0.057273 0 
6542 0.041118 0 
6544 0.016951 0 
6545 0.050407 0 
6546 0.075017 0 
6547 0.059032 0 
6549 0.024670 0 
6550 0.047990 0 
6551 0.030967 0 
6552 0.013984 0 
6554 0.055751 0 
6555 0.039933 0 
6556 0.041377 0 
6557 0.025357 0 
6558 0.026459 0 
6559 0.015858 0 
6561 0.063539 0 
6562 0.070540 0 
6563 0.115787 0 
6564 0.099184 0 
6565 0.086903 0 
6566 0.130896 0 
6567 0.113984 0 
6568 0.098085 0 
6569 0.118169 0 
6571 0.084775 0 
6572 0.066955 0 
6573 0.051693 0 
6574 0.036016 0 
6575 0.070873 0 
6576 0.053450 0 
6577 0.035811 0 
6578 0.055715 0 
6579 0.051657 0 
6580 0.099158 0 
6581 0.082885 0 
6582 0.065117 0 
6583 0.048805 0 
6584 0.032406 0 
6585 0.057172 0 
6586 0.085885 0 
6587 0.080758 0 
6588 0.065635 0 
6589 0.049515 0 
6590 0.032889 0 
6591 0.016258 0 
6592 0.063216 0 
6593 0.047701 0 
6594 0.035978 0 
6595 0.068561 0 
6596 0.064972 0 
6598 0.040366 0 
6599 0.064412 0 
6600 0.048261 0 
6601 0.048146 0 
6602 0.032021 0 
6603 0.015926 0 
6604 0.055695 0 
6605 0.039578 0 
6607 0.081189 0 
6608 0.065061 0 
6609 0.048802 0 
6610 0.032753 0 
6612 0.028275 0 
6614 0.054123 0 
6615 0.058194 0 
6616 0.129323 0 
6617 0.112975 0 
6620 0.079728 0 
6621 0.063306 0 
6622 0.047169 0 
6623 0.065699 0 
6624 0.049579 0 
6625 0.033496 0 
6626 0.092917 0 
6627 0.092763 0 
6628 0.076776 0 
6629 0.066685 0 
6630 0.050200 0 
6631 0.034463 0 
6633 0.104003 0 
6635 0.072029 0 
6636 0.056001 0 
6637 0.044026 0 
6638 0.027884 0 
6639 0.019532 0 
6640 0.052153 0 
6641 0.036055 0 
6643 0.026319 0 
6644 0.029865 0 
6645 0.013734 0 
6646 0.027157 0 
6647 0.017261 0 
6648 0.008453 0 
6649 0.053854 0 
6650 0.039927 0 
6651 0.035916 0 
6652 0.019775 0 
6653 0.057346 0 
6654 0.041191 0 
6655 0.048338 0 
6656 0.044756 0 
6657 0.042384 0 
6659 0.105990 0 
6660 0.123477 0 
6661 0.106535 0 
6662 0.095240 0 
6663 0.094291 0 
6664 0.084773 0 
6665 0.068750 0 
6666 0.068964 0 
6667 0.051236 0 
6668 0.038349 0 
6670 0.046350 0 
6672 0.012831 0 
6673 0.073632 0 
6674 0.057259 0 
6675 0.040352 0 
6676 0.033736 0 
6677 0.015217 0 
6678 0.029994 0 
6680 0.053754 0 
6681 0.037802 0 
6682 0.063235 0 
6683 0.062398 0 
6685 0.113752 0 
6687 0.081010 0 
6688 0.118159 0 
6689 0.107764 0 
6691 0.096594 0 
6692 0.080231 0 
6693 0.063046 0 
6695 0.069977 0 
6696 0.053265 0 
6697 0.035730 0 
6698 0.029132 0 
6699 0.013223 0 
6700 0.041777 0 
6701 0.062397 0 
6702 0.046101 0 
6703 0.027981 0 
6704 0.018420 0 
6705 0.024513 0 
6706 0.075891 0 
6707 0.060491 0 
6708 0.044429 0 
6709 0.088113 0 
6710 0.071723 0 
6711 0.067712 0 
6712 0.051131 0 
6714 0.106108 0 
6715 0.089939 0 
6716 0.073699 0 
6717 0.117828 0 
6718 0.101673 0 
6719 0.157928 0 
6720 0.141988 0 
6722 0.109654 0 
6723 0.110248 0 
6724 0.094157 0 
6725 0.077955 0 
6726 0.087881 0 
6727 0.071721 0 
6728 0.109057 0 
6729 0.101862 0 
6730 0.085710 0 
6731 0.078500 0 
6732 0.062383 0 
6733 0.046218 0 
6735 0.047793 0 
6736 0.114715 0 
6737 0.098918 0 
6738 0.103016 0 
6739 0.101874 0 
6740 0.084867 0 
6741 0.067982 0 
6743 0.035040 0 
6744 0.046480 0 
6745 0.038694 0 
6746 0.022554 0 
6748 0.073594 0 
6749 0.057418 0 
6750 0.041244 0 
6751 0.024804 0 
6753 0.039356 0 
6754 0.060357 0 
6755 0.134694 0 
6756 0.118377 0 
6757 0.102429 0 
6758 0.085822 0 
6760 0.053021 0 
6761 0.036754 0 
6762 0.044779 0 
6763 0.028770 0 
6764 0.022911 0 
6765 0.005464 0 
6766 0.009420 0 
6767 0.033232 0 
6768 0.017322 0 
6770 0.056622 0 
6771 0.040304 0 
6772 0.071159 0 
6773 0.055101 0 
6774 0.043004 0 
6775 0.022447 0 
6776 0.068295 0 
6777 0.076199 0 
6778 0.060766 0 
6779 0.044517 0 
6780 0.075229 0 
6781 0.059067 0 
6782 0.042680 0 
6783 0.025717 0 
6784 0.031458 0 
6785 0.014900 0 
6786 0.072383 0 
6787 0.055719 0 
6788 0.059602 0 
6789 0.043139 0 
6790 0.026648 0 
6791 0.034120 0 
6792 0.025567 0 
6793 0.058715 0 
6794 0.041054 0 
6795 0.025714 0 
6797 0.025471 0 
6798 0.027986 0 
6799 0.010257 0 
6800 0.055336 0 
6801 0.038048 0 
6802 0.021721 0 
6803 0.042222 0 
6804 0.025916 0 
6806 0.098610 0 
6807 0.082333 0 
6808 0.066270 0 
6809 0.049712 0 
6811 0.044755 0 
6813 0.050052 0 
6814 0.047225 0 
6815 0.053066 0 
6816 0.037730 0 
6819 0.069542 0 
6820 0.053528 0 
6821 0.062145 0 
6822 0.046172 0 
6823 0.065073 0 
6824 0.049100 0 
6825 0.033046 0 
6826 0.058553 0 
6827 0.042236 0 
6828 0.026024 0 
6829 0.034930 0 
6830 0.052051 0 
6832 0.019985 0 
6834 0.100789 0 
6835 0.100640 0 
6836 0.084902 0 
6837 0.068474 0 
6838 0.052313 0 
6839 0.036098 0 
6840 0.019882 0 
6842 0.029469 0 
6843 0.059459 0 
6844 0.043345 0 
6845 0.027192 0 
6846 0.016935 0 
6847 0.064196 0 
6848 0.047686 0 
6849 0.030941 0 
6850 0.014889 0 
6852 0.035551 1 
6853 0.019610 1 
6854 0.007451 1 
6855 0.019511 1 
6851 0.087122 0 
6853 0.054970 0 
6854 0.038799 0 
6855 0.023854 0 
6856 0.008354 0 
6858 0.053556 1 
6859 0.037301 1 
6860 0.019904 1 
6861 0.041735 1 
6862 0.025756 1 
6858 0.121403 0 
6859 0.105167 0 
6860 0.090785 0 
6863 0.046550 1 
6864 0.030842 1 
6865 0.012847 1 
6861 0.092454 0 
6862 0.076455 0 
6863 0.070416 0 
6866 0.028282 1 
6864 0.074157 0 
6865 0.056185 0 
6866 0.038971 0 
6867 0.026093 0 
6869 0.024382 1 
6871 0.031524 1 
6872 0.016256 1 
6873 0.018225 1 
6869 0.087051 0 
6874 0.022553 1 
6875 0.013473 1 
6871 0.081844 0 
6872 0.065616 0 
6873 0.049526 0 
6874 0.037904 0 
6875 0.039177 0 
6876 0.023049 0 
6877 0.028462 0 
6876 0.064213 1 
6877 0.048110 1 
6879 0.025858 1 
6880 0.011997 1 
6881 0.026041 1 
6879 0.058454 0 
6880 0.042329 0 
6881 0.052877 0 
6882 0.036775 0 
6884 0.029108 1 
6886 0.014807 1 
6884 0.048106 0 
6887 0.013304 1 
6888 0.015770 1 
6886 0.077033 0 
6887 0.060832 0 
6890 0.033366 1 
6891 0.017184 1 
6892 0.012010 1 
6894 0.009399 1 
6888 0.110777 0 
6890 0.078444 0 
6891 0.062410 0 
6892 0.045835 0 
6895 0.011170 1 
6894 0.055750 0 
6895 0.039572 0 
6896 0.022167 1 
6896 0.024288 0 
6897 0.022221 1 
6898 0.012931 1 
6897 0.049074 0 
6898 0.033226 0 
6899 0.018774 0 
6899 0.049074 1 
6900 0.038355 0 
6901 0.021039 0 
6900 0.053095 1 
6901 0.035792 1 
6902 0.041809 1 
6903 0.025814 1 
6904 0.009718 1 
6904 0.017130 0 
6905 0.012070 1 
6906 0.014496 1 
6905 0.034245 0 
6906 0.018035 0 
6907 0.013118 1 
6907 0.029267 0 
6908 0.013000 0 
6909 0.024215 1 
6909 0.032429 0 
6910 0.022987 1 
6911 0.014143 1 
6913 0.012607 1 
6910 0.078699 0 
6911 0.062432 0 
6913 0.029891 0 
6914 0.013728 0 
6914 0.034138 1 
6915 0.017962 1 
6915 0.018009 0 
6916 0.040678 1 
6917 0.024423 1 
6918 0.015911 1 
6917 0.049371 0 
6918 0.032919 0 
6919 0.019741 1 
6919 0.045776 0 
6921 0.026612 1 
6921 0.031628 0 
6922 0.015075 0 
6923 0.015555 1 
6923 0.031058 0 
6924 0.014756 0 
6924 0.023728 1 
6925 0.015171 1 
6925 0.017063 0 
6926 0.008784 1 
6926 0.029709 0 
6927 0.013301 0 
6927 0.029514 1 
6928 0.024200 1 
6929 0.016010 1 
6930 0.011998 1 
6928 0.046639 0 
6929 0.036890 0 
6930 0.020638 0 
6931 0.012252 1 
6931 0.020011 0 
6932 0.009784 1 
6932 0.019542 0 
6934 0.023982 1 
6934 0.034454 0 
6935 0.017996 0 
6935 0.021484 1 
6936 0.013886 1 
6936 0.018065 0 
6937 0.013658 1 
6938 0.011546 1 
6937 0.028431 0 
6938 0.011760 0 
6939 0.017437 0 
6940 0.014416 1 
6940 0.026539 0 
6942 0.015952 1 
6942 0.020305 0 
6943 0.021312 1 
6944 0.015437 1 
6943 0.035949 0 
6945 0.008270 1 
6945 0.023687 0 
6947 0.018842 1 
6948 0.011542 1 
6949 0.015890 1 
6947 0.053848 0 
6948 0.037376 0 
6949 0.021474 0 
6950 0.014656 1 
6950 0.044312 0 
6952 0.030267 1 
6953 0.023641 1 
6952 0.041053 0 
6953 0.024773 0 
6954 0.013225 0 
6954 0.023871 1 
6955 0.010474 0 
6955 0.025018 1 
6956 0.010247 0 
6956 0.013017 1 
6957 0.010349 1 
6957 0.033730 0 
6959 0.014739 1 
6959 0.020545 0 
6960 0.027046 1 
6960 0.034431 0 
6961 0.017847 1 
6962 0.014870 1 
6963 0.011765 1 
6961 0.057941 0 
6962 0.041612 0 
6964 0.011656 1 
6964 0.033837 0 
6965 0.029218 1 
6966 0.012810 1 
6965 0.033462 0 
6967 0.022041 1 
6966 0.040795 0 
6967 0.024471 0 
6969 0.010594 1 
6969 0.024388 0 
6970 0.029267 1 
6971 0.018204 1 
6970 0.046079 0 
6971 0.029773 0 
6972 0.013143 0 
6972 0.027479 1 
6973 0.011364 1 
6973 0.022097 0 
6974 0.005906 0 
6974 0.015396 1 
6975 0.006953 1 
6975 0.007012 0 
6976 0.038032 0 
6977 0.022225 0 
6976 0.041364 1 
6978 0.012790 1 
6978 0.017599 0 
6979 0.014814 1 
6980 0.011786 1 
6979 0.030847 0 
6980 0.014555 0 
6981 0.008775 1 
6981 0.026441 0 
6982 0.010147 0 
6983 0.038164 0 
6984 0.022014 0 
6983 0.039008 1 
6984 0.022840 1 
6985 0.019507 1 
6986 0.028540 1 
6985 0.054220 0 
6986 0.036987 0 
6987 0.020672 0 
6988 0.015150 0 
6988 0.017828 1 
6989 0.024412 0 
6989 0.036325 1 
6990 0.020661 0 
6990 0.032320 1 
6991 0.016090 1 
6991 0.025143 0 
6992 0.011091 1 
6992 0.012794 0 
6993 0.012818 1 
6994 0.012162 1 
6993 0.031406 0 
6994 0.015137 0 
6996 0.020996 1 
6997 0.018034 1 
6998 0.011734 1 
6996 0.062131 0 
6997 0.052068 0 
6998 0.035924 0 
6999 0.019820 0 
7000 0.019336 0 
6999 0.039853 1 
7000 0.048636 1 
7001 0.032437 1 
7001 0.044790 0 
7002 0.043329 0 
7003 0.027047 0 
7002 0.044321 1 
7003 0.028221 1 
7005 0.021314 1 
7006 0.009632 1 
7005 0.036906 0 
7006 0.020936 0 
7007 0.011715 0 
7008 0.018789 0 
7010 0.015063 1 
7010 0.028577 0 
7012 0.018929 1 
7012 0.027766 0 
7013 0.036297 1 
7013 0.038233 0 
7014 0.027661 1 
7015 0.027049 1 
7014 0.053276 0 
7015 0.037046 0 
7018 0.009609 0 
7019 0.016759 1 
7019 0.041777 0 
7020 0.033963 1 
7020 0.055052 0 
7021 0.038772 0 
7022 0.022238 0 
7021 0.046108 1 
7022 0.029606 1 
7023 0.016421 1 
7024 0.011212 0 
7024 0.023010 1 
7025 0.010022 0 
7025 0.019142 1 
7026 0.043875 1 
7027 0.027541 1 
7026 0.049488 0 
7027 0.033216 0 
7028 0.016794 0 
7028 0.023245 1 
7029 0.010966 0 
7029 0.012081 1 
7031 0.013770 1 
7031 0.023973 0 
7033 0.018904 0 
7034 0.009503 0 
7033 0.030036 1 
7034 0.021190 1 
7035 0.015187 1 
7035 0.022581 0 
7036 0.017099 1 
7037 0.021794 1 
7038 0.015375 1 
7036 0.049424 0 
7037 0.032693 0 
7038 0.033998 0 
7039 0.017513 0 
7039 0.031531 1 
7041 0.013954 1 
7042 0.016563 1 
7041 0.035062 0 
7042 0.021714 0 
7043 0.010523 1 
7043 0.014261 0 
7044 0.010266 1 
7044 0.018806 0 
7045 0.011342 0 
7045 0.020964 1 
7046 0.029723 1 
7046 0.031158 0 
7047 0.014972 0 
7048 0.008387 0 
7047 0.024718 1 
7048 0.012809 1 
7049 0.012483 0 
7049 0.015681 1 
7050 0.006379 0 
7050 0.015059 1 
7051 0.018394 0 
7052 0.017177 0 
7053 0.020857 0 
7052 0.038973 1 
7054 0.032619 1 
7054 0.034553 0 
7055 0.018186 0 
7055 0.020319 1 
7057 0.030369 1 
7057 0.035770 0 
7058 0.027391 0 
7059 0.023454 0 
7060 0.007405 0 
7058 0.047148 1 
7059 0.030804 1 
7060 0.033379 1 
7061 0.017429 1 
7061 0.024085 0 
7062 0.009416 1 
7062 0.019739 0 
7063 0.009385 1 
7064 0.015242 0 
7065 0.009458 0 
7064 0.030546 1 
7065 0.013821 1 
7066 0.018066 1 
7066 0.032894 0 
7068 0.022167 1 
7068 0.036675 0 
7070 0.006742 0 
7071 0.013555 0 
7072 0.014841 0 
7070 0.055553 1 
7071 0.039304 1 
7072 0.023199 1 
7073 0.019122 0 
7074 0.014077 0 
7074 0.027359 1 
7075 0.014778 1 
7075 0.034608 0 
7076 0.018191 0 
7076 0.040181 1 
7078 0.017914 1 
7079 0.024367 1 
7080 0.020915 1 
7078 0.055562 0 
7081 0.009030 1 
7079 0.048056 0 
7080 0.031746 0 
7081 0.015541 0 
7083 0.026270 0 
7085 0.019237 0 
7083 0.057573 1 
7085 0.024424 1 
7086 0.018451 1 
7086 0.033112 0 
7087 0.016827 0 
7087 0.019134 1 
7089 0.012144 0 
7090 0.021070 0 
7091 0.006974 0 
7089 0.042790 1 
7090 0.027193 1 
7091 0.017597 1 
7093 0.015736 0 
7094 0.012450 1 
7094 0.018255 0 
7095 0.004734 0 
7095 0.030046 1 
7096 0.023536 1 
7096 0.035055 0 
7097 0.018723 0 
7097 0.028904 1 
7098 0.013187 1 
7099 0.019433 1 
7098 0.046621 0 
7099 0.030193 0 
7100 0.014019 0 
7101 0.012008 1 
7101 0.014663 0 
7102 0.020291 1 
7103 0.011194 1 
7102 0.031989 0 
7103 0.015831 0 
7104 0.012798 0 
7104 0.019564 1 
7105 0.021563 1 
7105 0.024736 0 
7106 0.008509 0 
7106 0.010427 1 
7107 0.016970 0 
7108 0.011739 0 
7107 0.041808 1 
7108 0.025402 1 
7109 0.027978 1 
7110 0.011638 1 
7109 0.032404 0 
7112 0.016757 1 
7110 0.053390 0 
7112 0.019505 0 
7113 0.011589 0 
7114 0.014702 0 
7113 0.053498 1 
7114 0.037224 1 
7115 0.021042 1 
7115 0.024261 0 
7116 0.007874 0 
7116 0.024060 1 
7117 0.018394 0 
7117 0.021696 1 
7118 0.006322 0 
7118 0.010038 1 
7120 0.016770 0 
7121 0.010899 0 
7120 0.028125 1 
7121 0.011113 1 
7122 0.023307 0 
7123 0.007425 0 
7124 0.012406 0 
7125 0.020314 0 
7126 0.012037 0 
7127 0.021107 0 
7128 0.011628 0 
7129 0.009756 0 
7130 0.008598 0 
7122 0.141278 1 
7123 0.125213 1 
7124 0.109103 1 
7125 0.092818 1 
7126 0.076522 1 
7127 0.060605 1 
7128 0.056122 1 
7129 0.039010 1 
7130 0.023243 1 
7131 0.007738 1 
7133 0.033925 0 
7134 0.017212 0 
7133 0.035245 1 
7134 0.018524 1 
7135 0.012853 1 
7135 0.016952 0 
7136 0.010983 1 
7136 0.019070 0 
7137 0.019443 0 
7138 0.009490 0 
7138 0.017890 1 
7139 0.006825 0 
7139 0.025815 1 
7141 0.009509 0 
7142 0.015733 0 
7141 0.039632 1 
7143 0.010236 0 
7143 0.018201 1 
7144 0.017725 1 
7144 0.031511 0 
7146 0.025939 1 
7147 0.024632 0 
7148 0.012778 0 
7148 0.018100 1 
7149 0.011537 1 
7151 0.022402 0 
7152 0.018988 0 
7152 0.033708 1 
7153 0.018024 1 
7154 0.020962 1 
7153 0.046361 0 
7154 0.032018 0 
7155 0.015670 0 
7156 0.010588 0 
7156 0.022692 1 
7158 0.024618 1 
7159 0.012259 0 
7159 0.032351 1 
7160 0.020960 1 
7160 0.023018 0 
7161 0.026790 1 
7161 0.028787 0 
7162 0.012036 0 
7162 0.023058 1 
7163 0.013646 1 
7163 0.016484 0 
7164 0.009505 0 
7164 0.020173 1 
7165 0.023378 0 
7166 0.010522 1 
7166 0.016190 0 
7168 0.011871 1 
7168 0.012542 0 
7169 0.007024 1 
7169 0.015940 0 
7170 0.017459 0 
7170 0.025775 1 
7171 0.009298 1 
7171 0.015738 0 
7172 0.014703 1 
7172 0.015119 0 
7173 0.010766 1 
7174 0.009509 1 
7174 0.009554 0 
7175 0.005888 1 
7175 0.009796 0 
7176 0.012942 0 
7177 0.008331 0 
7176 0.028885 1 
7178 0.013286 1 
7178 0.020422 0 
7179 0.011431 0 
7180 0.007956 1 
7180 0.011762 0 
7181 0.005277 1 
7181 0.009868 0 
7182 0.010216 0 
7182 0.024740 1 
7183 0.008565 1 
7183 0.021666 0 
7184 0.024485 1 
7185 0.010853 1 
7184 0.039293 0 
7185 0.023008 0 
7186 0.010349 0 
7186 0.016070 1 
7187 0.005811 1 
7187 0.012630 0 
7188 0.003933 0 
7188 0.009186 1 
7189 0.011437 0 
7190 0.006958 0 
7189 0.023476 1 
7190 0.021216 1 
7191 0.008812 1 
7191 0.022238 0 
7192 0.013413 0 
7192 0.014015 1 
7193 0.005913 1 
7193 0.011809 0 
7195 0.025545 0 
7196 0.020532 1 
7196 0.023318 0 
7197 0.010087 1 
7197 0.012927 0 
7198 0.004959 1 
7198 0.014564 0 
7199 0.005325 1 
7199 0.010737 0 
7200 0.008559 1 
7200 0.016731 0 
7201 0.007518 0 
7201 0.024837 1 
7202 0.019623 0 
7204 0.020584 1 
7205 0.009330 1 
7204 0.028567 0 
7205 0.012436 0 
7206 0.020813 0 
7207 0.004913 0 
7209 0.015371 1 
7209 0.017797 0 
7211 0.012344 1 
7211 0.017131 0 
7212 0.015840 0 
7212 0.015906 1 
7213 0.014404 1 
7213 0.029873 0 
7214 0.019172 1 
7214 0.028390 0 
7217 0.013377 1 
7217 0.015576 0 
7218 0.007005 1 
7218 0.019185 0 
7219 0.008280 1 
7219 0.025493 0 
7220 0.045070 1 
7221 0.028839 1 
7220 0.047009 0 
7221 0.030672 0 
7222 0.014526 0 
7222 0.019747 1 
7223 0.009768 1 
7223 0.015097 0 
7224 0.015593 1 
7224 0.018842 0 
7225 0.006544 0 
7225 0.007818 1 
7226 0.016233 0 
7226 0.022576 1 
7227 0.007062 0 
7227 0.009597 1 
7228 0.006203 0 
7228 0.015359 1 
7230 0.012609 1 
7230 0.017797 0 
7232 0.021390 1 
7232 0.022331 0 
7233 0.006737 0 
7233 0.013030 1 
7234 0.017798 0 
7234 0.021713 1 
7235 0.019663 0 
7235 0.031093 1 
7236 0.015255 1 
7236 0.017109 0 
7237 0.006911 1 
7237 0.011718 0 
7238 0.008416 0 
7238 0.013416 1 
7240 0.010933 1 
7240 0.014993 0 
7241 0.008978 0 
7242 0.008667 0 
7242 0.017544 1 
7243 0.011196 1 
7243 0.015488 0 
7244 0.008052 1 
7244 0.024756 0 
7245 0.008508 0 
7245 0.019549 1 
7246 0.010727 1 
7246 0.013485 0 
7247 0.008085 1 
7247 0.017396 0 
7248 0.009334 0 
7248 0.016027 1 
7249 0.011368 1 
7249 0.017019 0 
7250 0.014885 1 
7250 0.026228 0 
7251 0.012660 0 
7251 0.029894 1 
7252 0.013617 1 
7253 0.009284 1 
7252 0.033434 0 
7253 0.017134 0 
7254 0.006597 0 
7254 0.014140 1 
7256 0.011757 1 
7256 0.016687 0 
7257 0.014989 0 
7258 0.019445 1 
7258 0.022663 0 
7259 0.016451 1 
7259 0.025333 0 
7260 0.008700 0 
7261 0.010408 1 
7262 0.011978 1 
7261 0.033470 0 
7262 0.018990 0 
7263 0.009244 0 
7263 0.029928 1 
7264 0.018550 0 
7264 0.029931 1 
7265 0.021487 1 
7265 0.027206 0 
7267 0.016714 1 
7267 0.041922 0 
7269 0.008515 0 
7270 0.016138 1 
7270 0.018058 0 
7271 0.011757 1 
7272 0.015269 1 
7273 0.006407 1 
7272 0.030138 0 
7273 0.013829 0 
7274 0.010678 1 
7275 0.006004 1 
7274 0.027078 0 
7275 0.010784 0 
7277 0.011782 1 
7278 0.008923 1 
7277 0.029953 0 
7278 0.013590 0 
7279 0.009037 1 
7279 0.021479 0 
7280 0.010744 0 
7280 0.015794 1 
7282 0.013894 1 
7282 0.019203 0 
7284 0.019384 1 
7285 0.012020 1 
7285 0.017043 0 
7286 0.014734 1 
7286 0.018395 0 
7288 0.019195 0 
7289 0.034200 0 
7290 0.022415 0 
7292 0.011098 0 
7293 0.022600 0 
7294 0.010619 0 
7288 0.135415 1 
7289 0.119087 1 
7290 0.102909 1 
7292 0.070497 1 
7293 0.054481 1 
7294 0.038357 1 
7295 0.022203 1 
7295 0.028563 0 
7296 0.012194 0 
7297 0.015845 1 
7297 0.027918 0 
7298 0.011451 0 
7299 0.005653 1 
7299 0.018812 0 
7300 0.011042 0 
7301 0.013225 0 
7301 0.022991 1 
7302 0.019309 1 
7303 0.010537 1 
7302 0.028148 0 
7304 0.010103 0 
7305 0.008987 1 
7305 0.010799 0 
7306 0.006250 1 
7306 0.027200 0 
7307 0.025757 0 
7308 0.009399 0 
7307 0.041665 1 
7308 0.025308 1 
7309 0.019299 1 
7309 0.028228 0 
7311 0.017716 1 
7312 0.010978 1 
7311 0.029335 0 
7312 0.013553 0 
7313 0.036365 1 
7314 0.021007 1 
7313 0.045118 0 
7315 0.013351 1 
7314 0.042563 0 
7315 0.026231 0 
7316 0.012406 1 
7317 0.010271 1 
7316 0.030856 0 
7317 0.014617 0 
7319 0.014162 0 
7319 0.026972 1 
7320 0.015084 1 
7320 0.017666 0 
7321 0.012992 1 
7322 0.012161 1 
7321 0.028855 0 
7323 0.015057 1 
7324 0.011392 1 
7323 0.036789 0 
7324 0.020475 0 
7325 0.010991 1 
7325 0.017232 0 
7326 0.025663 1 
7327 0.009450 1 
7326 0.041018 0 
7327 0.024798 0 
7328 0.008414 0 
7328 0.020187 1 
7329 0.019507 0 
7329 0.020289 1 
7330 0.008670 1 
7330 0.041039 0 
7332 0.008539 0 
7332 0.024296 1 
7333 0.007988 1 
7333 0.029750 0 
7334 0.013516 0 
7334 0.027410 1 
7335 0.030270 0 
7336 0.014024 0 
7337 0.018447 0 
7338 0.012065 0 
7336 0.058206 1 
7337 0.041864 1 
7340 0.019737 0 
7341 0.010745 0 
7338 0.067169 1 
7340 0.034573 1 
7341 0.018385 1 
7342 0.017061 1 
7343 0.007422 1 
7342 0.026656 0 
7343 0.031702 0 
7345 0.019338 0 
7345 0.024921 1 
7346 0.016519 0 
7347 0.006451 1 
7347 0.016537 0 
7348 0.024944 1 
7350 0.023311 0 
7350 0.042022 1 
7351 0.032650 1 
7352 0.018501 0 
7352 0.022465 1 
7353 0.015205 0 
7354 0.020603 0 
7355 0.022045 0 
7354 0.041583 1 
7357 0.023229 0 
7358 0.015834 0 
7357 0.042411 1 
7358 0.026127 1 
7359 0.017400 1 
7360 0.007834 1 
7359 0.044309 0 
7360 0.026447 0 
7361 0.014417 1 
7362 0.008332 1 
7361 0.028434 0 
7362 0.012087 0 
7363 0.016392 0 
7364 0.014376 0 
7364 0.015309 1 
7365 0.010561 1 
7367 0.018100 1 
7365 0.053882 0 
7367 0.033731 0 
7368 0.020513 1 
7368 0.043337 0 
7369 0.027015 0 
7370 0.010748 0 
7369 0.042680 1 
7370 0.026534 1 
7371 0.013756 1 
7371 0.021253 0 
7372 0.014912 1 
7373 0.005910 1 
7372 0.027203 0 
7373 0.010872 0 
7374 0.012460 1 
7374 0.020500 0 
7375 0.009639 1 
7376 0.024582 1 
7377 0.008249 1 
7375 0.044178 0 
7376 0.027813 0 
7377 0.011583 0 
7378 0.013523 1 
7378 0.031808 0 
7379 0.015579 0 
7380 0.007638 1 
7380 0.012911 0 
7381 0.006193 1 
7381 0.013943 0 
7382 0.013868 0 
7383 0.025626 0 
7384 0.009127 0 
7382 0.047440 1 
7385 0.011827 0 
7384 0.031470 1 
7386 0.009050 1 
7386 0.016347 0 
7387 0.008141 1 
7387 0.014603 0 
7388 0.008743 0 
7389 0.019292 1 
7390 0.023408 1 
7389 0.042142 0 
7390 0.025863 0 
7391 0.009576 0 
7391 0.018304 1 
7392 0.010022 1 
7394 0.018787 0 
7395 0.010299 0 
7395 0.022482 1 
7396 0.016241 1 
7396 0.016314 0 
7397 0.018004 0 
7398 0.009678 1 
7398 0.015597 0 
7399 0.008581 0 
7399 0.025198 1 
7400 0.008879 1 
7400 0.009029 0 
7401 0.016928 0 
7401 0.050387 1 
7403 0.017122 1 
7404 0.006260 1 
7403 0.028720 0 
7404 0.032188 0 
7405 0.015981 0 
7406 0.016761 0 
7408 0.011977 1 
7408 0.012829 0 
7410 0.011101 1 
7410 0.011428 0 
7411 0.008956 1 
7411 0.023136 0 
7412 0.011085 1 
7412 0.018544 0 
7413 0.021634 0 
7413 0.028827 1 
7416 0.009424 0 
7416 0.023708 1 
7417 0.011312 1 
7417 0.021080 0 
7418 0.011871 0 
7418 0.014818 1 
7419 0.039241 1 
7420 0.023516 1 
7421 0.007078 1 
7419 0.051196 0 
7420 0.035320 0 
7422 0.008214 1 
7421 0.026311 0 
7422 0.010431 0 
7423 0.010517 0 
7423 0.017530 1 
7424 0.008619 1 
7424 0.012023 0 
7425 0.014616 1 
7425 0.018225 0 
7426 0.011117 0 
7427 0.011206 1 
7427 0.023369 0 
7429 0.009800 1 
7429 0.017922 0 
7431 0.008166 1 
7431 0.015598 0 
7432 0.009335 0 
7432 0.019379 1 
7433 0.015627 1 
7433 0.019234 0 
7434 0.013483 1 
7434 0.021390 0 
7435 0.005098 0 
7435 0.012271 1 
7436 0.007662 0 
7436 0.009302 1 
7437 0.005658 0 
7437 0.008939 1 
7439 0.013139 0 
7440 0.015028 1 
7440 0.020982 0 
7441 0.010134 1 
7442 0.011329 1 
7442 0.014330 0 
7443 0.006905 0 
7443 0.015313 1 
7444 0.008240 1 
7444 0.009301 0 
7445 0.011250 0 
7446 0.015892 0 
7445 0.038015 1 
7446 0.020910 1 
7447 0.012593 1 
7447 0.021032 0 
7448 0.020595 0 
7449 0.012549 0 
7450 0.012468 0 
7451 0.010598 0 
7448 0.072411 1 
7449 0.056157 1 
7450 0.040031 1 
7452 0.017332 0 
7451 0.036463 1 
7453 0.015437 1 
7453 0.017125 0 
7455 0.013258 1 
7456 0.013368 1 
7455 0.033859 0 
7456 0.020722 0 
7457 0.028189 1 
7457 0.029651 0 
7458 0.020974 1 
7459 0.016994 1 
7459 0.028429 0 
7460 0.012048 0 
7461 0.008236 0 
7461 0.010893 1 
7462 0.019089 1 
7462 0.031117 0 
7463 0.014906 0 
7463 0.031692 1 
7464 0.015202 1 
7464 0.022707 0 
7466 0.015040 1 
7466 0.016584 0 
7468 0.005770 1 
7468 0.013817 0 
7469 0.009108 1 
7470 0.030719 1 
7469 0.051867 0 
7471 0.022418 1 
7472 0.011116 1 
7470 0.055105 0 
7471 0.038690 0 
7472 0.022473 0 
7473 0.022001 0 
7474 0.010491 1 
7474 0.015352 0 
7476 0.020476 0 
7477 0.017426 0 
7476 0.035057 1 
7478 0.006929 1 
7478 0.012491 0 
7479 0.011163 1 
7479 0.018542 0 
7481 0.012862 1 
7481 0.027566 0 
7483 0.012144 1 
7483 0.016222 0 
7484 0.018239 1 
7484 0.029644 0 
7485 0.011066 0 
7487 0.006736 1 
7487 0.013587 0 
7488 0.018942 1 
7489 0.016104 1 
7488 0.041194 0 
7489 0.024786 0 
7491 0.008402 1 
7491 0.011378 0 
7492 0.006311 1 
7492 0.017206 0 
7493 0.009197 1 
7493 0.014573 0 
7494 0.007021 0 
7495 0.009416 0 
7495 0.016733 1 
7496 0.014009 1 
7497 0.011553 1 
7496 0.030027 0 
7497 0.015977 0 
7498 0.009687 1 
7498 0.016264 0 
7499 0.007761 1 
7499 0.022159 0 
7500 0.014086 1 
7501 0.015385 1 
7500 0.035456 0 
7501 0.018342 0 
7502 0.017765 1 
7503 0.009205 1 
7502 0.027737 0 
7503 0.013931 0 
7504 0.006355 0 
7505 0.007679 1 
7505 0.012050 0 
7506 0.017465 1 
7506 0.018196 0 
7507 0.022687 1 
7507 0.025740 0 
7508 0.009491 0 
7508 0.019820 1 
7510 0.016083 1 
7510 0.021248 0 
7511 0.007132 1 
7511 0.018417 0 
7512 0.010884 1 
7512 0.013490 0 
7513 0.013311 0 
7513 0.025993 1 
7514 0.020373 1 
7515 0.017012 1 
7516 0.019367 1 
7514 0.058460 0 
7515 0.042121 0 
7516 0.033168 0 
7518 0.006652 1 
7518 0.021999 0 
7519 0.025969 0 
7520 0.013072 0 
7519 0.051318 1 
7521 0.017660 1 
7521 0.028099 0 
7522 0.012383 0 
7523 0.006262 0 
7522 0.025533 1 
7523 0.018316 1 
7524 0.008353 0 
7524 0.010609 1 
7525 0.030878 1 
7525 0.043208 0 
7526 0.026973 0 
7526 0.027918 1 
7527 0.019119 0 
7528 0.012635 1 
7528 0.019134 0 
7529 0.018749 1 
7529 0.021737 0 
7531 0.016335 1 
7531 0.016471 0 
7532 0.016731 1 
7533 0.015897 1 
7533 0.025553 0 
7534 0.009187 1 
7534 0.014338 0 
7535 0.012835 1 
7535 0.027829 0 
7536 0.011459 1 
7536 0.019239 0 
7537 0.021471 0 
7539 0.011075 1 
7539 0.022242 0 
7540 0.007500 1 
7540 0.024382 0 
7541 0.007923 0 
7541 0.017841 1 
7542 0.016093 0 
7542 0.027899 1 
7544 0.016887 0 
7544 0.029660 1 
7545 0.013543 1 
7545 0.020810 0 
7546 0.007227 0 
7546 0.026810 1 
7547 0.018174 0 
7549 0.009370 0 
7550 0.013521 0 
7549 0.038771 1 
7551 0.012164 0 
7550 0.041227 1 
7552 0.014867 0 
7551 0.037448 1 
7552 0.021011 1 
7553 0.014112 0 
7553 0.018216 1 
7554 0.012909 1 
7554 0.019147 0 
7556 0.007005 0 
7556 0.048571 1 
7557 0.031798 1 
7557 0.034746 0 
7558 0.023113 0 
7559 0.014504 1 
7560 0.014732 1 
7559 0.031911 0 
7560 0.015658 0 
7561 0.011702 0 
7562 0.008519 0 
7563 0.004945 0 
7562 0.021467 1 
7564 0.028909 0 
7563 0.045342 1 
7566 0.011910 0 
7566 0.020232 1 
7567 0.010710 1 
7568 0.011678 0 
7569 0.025975 1 
7570 0.008882 1 
7569 0.029361 0 
7570 0.012259 0 
7571 0.020292 1 
7571 0.024239 0 
7572 0.007933 0 
7573 0.012329 0 
7573 0.013430 1 
7574 0.017559 1 
7574 0.029715 0 
7575 0.013429 0 
7576 0.010828 0 
7575 0.042703 1 
7576 0.025876 1 
7577 0.019936 1 
7577 0.026753 0 
7578 0.010481 0 
7578 0.023025 1 
7579 0.011966 0 
7579 0.022466 1 
7580 0.013292 1 
7580 0.020026 0 
7581 0.013685 0 
7582 0.015166 0 
7581 0.045703 1 
7582 0.041893 1 
7583 0.025640 1 
7583 0.034738 0 
7584 0.018393 0 
7584 0.021739 1 
7585 0.012765 1 
7586 0.015680 1 
7585 0.032674 0 
7586 0.016428 0 
7587 0.008735 0 
7588 0.015296 0 
7587 0.035077 1 
7588 0.043574 1 
7589 0.027400 1 
7589 0.028056 0 
7590 0.011291 0 
7590 0.019490 1 
7591 0.008641 1 
7591 0.020539 0 
7593 0.012631 0 
7594 0.014046 0 
7594 0.020175 1 
7595 0.014377 0 
7595 0.019613 1 
7596 0.019636 0 
7597 0.009557 0 
7596 0.037261 1 
7597 0.020981 1 
7598 0.022186 1 
7599 0.009994 1 
7598 0.039011 0 
7599 0.022780 0 
7600 0.007454 0 
7600 0.043954 1 
7602 0.025112 0 
7602 0.025396 1 
7603 0.020382 0 
7604 0.010445 0 
7605 0.018388 0 
7607 0.012901 0 
7607 0.015572 1 
7609 0.019876 1 
7609 0.020605 0 
7610 0.018735 0 
7611 0.019059 0 
7610 0.038797 1 
7612 0.016109 0 
7612 0.035895 1 
7615 0.017760 0 
7616 0.010147 0 
7615 0.027667 1 
7616 0.035484 1 
7617 0.044495 0 
7618 0.041333 0 
7619 0.024913 0 
7618 0.050545 1 
7619 0.034134 1 
7620 0.017892 0 
7621 0.012778 0 
7620 0.037654 1 
7622 0.006202 0 
7622 0.027287 1 
7623 0.013404 0 
7623 0.029122 1 
7624 0.014554 1 
7624 0.014613 0 
7625 0.017384 0 
7625 0.021525 1 
7626 0.020589 1 
7626 0.029608 0 
7628 0.009211 0 
7628 0.013896 1 
7630 0.011022 1 
7630 0.020596 0 
7631 0.011721 0 
7632 0.007761 0 
7631 0.024452 1 
7632 0.017025 1 
7633 0.005891 0 
7633 0.017917 1 
7634 0.014246 1 
7634 0.017224 0 
7635 0.015406 1 
7635 0.021804 0 
7636 0.015180 1 
7636 0.030605 0 
7638 0.017115 1 
7639 0.014566 1 
7639 0.015259 0 
7640 0.005613 0 
7640 0.016123 1 
7641 0.009345 0 
7641 0.015519 1 
7642 0.006604 1 
7642 0.018500 0 
7643 0.007465 0 
7644 0.006046 0 
7644 0.016765 1 
7645 0.007202 1 
7645 0.014018 0 
7646 0.007596 1 
7646 0.020386 0 
7647 0.016861 1 
7648 0.010190 1 
7647 0.034920 0 
7648 0.018319 0 
7649 0.008379 1 
7649 0.009291 0 
7650 0.016338 1 
7650 0.020064 0 
7651 0.008225 0 
7651 0.010317 1 
7652 0.011847 1 
7652 0.023445 0 
7654 0.015468 0 
7654 0.015632 1 
7655 0.015575 0 
7656 0.022573 1 
7657 0.015142 1 
7658 0.020121 1 
7659 0.007169 1 
7656 0.058815 0 
7657 0.042285 0 
7658 0.026148 0 
7659 0.018193 0 
7660 0.007314 0 
7660 0.012253 1 
7661 0.010674 1 
7661 0.018219 0 
7662 0.004812 0 
7662 0.026009 1 
7663 0.021510 1 
7663 0.026197 0 
7665 0.007931 1 
7665 0.012558 0 
7667 0.008137 0 
7667 0.010881 1 
7668 0.005041 0 
7668 0.007540 1 
7669 0.005284 0 
7669 0.021872 1 
7670 0.013764 1 
7670 0.017944 0 
7671 0.007013 1 
7671 0.008435 0 
7672 0.018159 0 
7672 0.024142 1 
7673 0.007753 1 
7675 0.008829 0 
7675 0.017649 1 
7676 0.010762 0 
7676 0.031806 1 
7677 0.015761 1 
7677 0.020028 0 
7678 0.013535 0 
7678 0.015694 1 
7680 0.006873 1 
7680 0.008838 0 
7682 0.011292 0 
7682 0.028930 1 
7683 0.012797 0 
7684 0.007401 0 
7683 0.026807 1 
7684 0.010377 1 
7686 0.010601 0 
7686 0.021922 1 
7687 0.011268 0 
7688 0.015128 0 
7687 0.032637 1 
7688 0.019599 1 
7690 0.008471 0 
7690 0.010551 1 
7691 0.005655 0 
7691 0.009061 1 
7692 0.006106 0 
7693 0.017864 0 
7694 0.010863 0 
7695 0.012084 0 
7696 0.005626 0 
7692 0.074055 1 
7693 0.057899 1 
7694 0.041739 1 
7695 0.025467 1 
7696 0.030051 1 
7697 0.013793 1 
7698 0.009479 0 
7698 0.017806 1 
7699 0.010847 1 
7699 0.013283 0 
7700 0.018651 0 
7700 0.027305 1 
7701 0.011083 1 
7701 0.013396 0 
7702 0.005355 0 
7702 0.020975 1 
7703 0.010995 0 
7704 0.015618 0 
7705 0.006646 0 
7705 0.009112 1 
7706 0.008544 0 
7707 0.007766 0 
7706 0.026776 1 
7707 0.019506 1 
7709 0.007799 1 
7709 0.009800 0 
7710 0.007958 0 
7710 0.013952 1 
7711 0.010495 1 
7711 0.013536 0 
7712 0.014678 0 
7712 0.025018 1 
7713 0.015369 0 
7713 0.015618 1 
7714 0.013537 0 
7715 0.007923 0 
7715 0.008762 1 
7717 0.007667 1 
7717 0.008430 0 
7718 0.007277 0 
7718 0.033541 1 
7719 0.021931 0 
7719 0.023675 1 
7720 0.009196 1 
7720 0.014109 0 
7721 0.007794 0 
7721 0.012515 1 
7722 0.006186 0 
7722 0.013540 1 
7723 0.011801 1 
7723 0.011868 0 
7724 0.005450 0 
7724 0.017530 1 
7725 0.006304 0 
7725 0.023359 1 
7726 0.008480 0 
7726 0.017955 1 
7727 0.015573 1 
7727 0.018015 0 
7728 0.007499 1 
7728 0.007559 0 
7730 0.009250 1 
7731 0.021069 1 
7732 0.015183 1 
7731 0.031816 0 
7732 0.015496 0 
7733 0.010497 1 
7733 0.014614 0 
7734 0.007617 1 
7734 0.011170 0 
7735 0.012458 0 
7735 0.012527 1 
7736 0.006235 0 
7736 0.017221 1 
7738 0.011110 0 
7738 0.012362 1 
7739 0.016929 0 
7740 0.009583 0 
7740 0.010555 1 
7741 0.011745 1 
7741 0.020411 0 
7743 0.014247 0 
7744 0.011800 0 
7743 0.032629 1 
7744 0.016339 1 
7745 0.004447 0 
7745 0.012637 1 
7746 0.006303 0 
7746 0.013294 1 
7748 0.009498 1 
7748 0.012055 0 
7749 0.006699 0 
7749 0.012233 1 
7750 0.005316 0 
7750 0.020561 1 
7751 0.006256 1 
7751 0.014505 0 
7752 0.007810 1 
7752 0.012973 0 
7753 0.008235 0 
7753 0.015730 1 
7755 0.011667 0 
7756 0.010963 0 
7757 0.011834 0 
7756 0.034959 1 
7757 0.021212 1 
7758 0.010367 0 
7758 0.017112 1 
7759 0.007680 1 
7759 0.010990 0 
7760 0.009945 1 
7760 0.011728 0 
7761 0.009956 1 
7761 0.013193 0 
7762 0.006034 0 
7762 0.029918 1 
7763 0.017702 1 
7763 0.037308 0 
7765 0.012652 1 
7765 0.017496 0 
7766 0.013714 0 
7767 0.019730 0 
7768 0.032216 1 
7769 0.015948 1 
7768 0.039301 0 
7769 0.025310 0 
7770 0.009111 0 
7771 0.006062 0 
7771 0.010163 1 
7772 0.006225 0 
7772 0.019027 1 
7773 0.007313 1 
7773 0.008077 0 
7774 0.008485 0 
7774 0.014785 1 
7775 0.006009 0 
7776 0.009727 0 
7775 0.033819 1 
7776 0.018941 1 
7777 0.011334 0 
7777 0.015783 1 
7778 0.005538 1 
7779 0.009414 1 
7780 0.007660 1 
7778 0.055703 0 
7779 0.039341 0 
7780 0.023266 0 
7781 0.020074 1 
7781 0.022529 0 
7782 0.009232 1 
7783 0.008118 0 
7783 0.017131 1 
7784 0.009231 0 
7785 0.006088 1 
7785 0.010896 0 
7786 0.008157 1 
7786 0.011282 0 
7787 0.005904 0 
7788 0.006195 0 
7787 0.034386 1 
7788 0.018141 1 
7789 0.007591 0 
7789 0.011162 1 
7790 0.010918 1 
7790 0.010983 0 
7792 0.008933 0 
7792 0.012172 1 
7793 0.014127 1 
7793 0.014802 0 
7794 0.008715 0 
7794 0.015511 1 
7795 0.012882 1 
7796 0.008602 1 
7797 0.012729 1 
7795 0.047392 0 
7796 0.040447 0 
7797 0.024159 0 
7798 0.009848 1 
7798 0.017118 0 
7799 0.016606 0 
7801 0.009773 1 
7801 0.026656 0 
7802 0.010474 0 
7803 0.012688 0 
7804 0.016984 0 
7806 0.012613 0 
7806 0.020460 1 
7808 0.010572 1 
7808 0.012995 0 
7809 0.011476 1 
7809 0.015367 0 
7810 0.011131 1 
7810 0.014345 0 
7811 0.008322 1 
7811 0.017476 0 
7814 0.011341 0 
7814 0.019222 1 
7815 0.009933 0 
7815 0.017508 1 
7816 0.013907 0 
7816 0.047353 1 
7817 0.030903 1 
7817 0.038671 0 
7818 0.027423 0 
7819 0.021610 1 
7819 0.028174 0 
7820 0.013645 1 
7820 0.024354 0 
7821 0.008268 1 
7821 0.012692 0 
7822 0.011369 1 
7822 0.011429 0 
7823 0.009722 1 
7823 0.013206 0 
7824 0.009805 0 
7825 0.012633 0 
7825 0.025024 1 
7827 0.011477 1 
7827 0.011543 0 
7829 0.008044 1 
7829 0.014832 0 
7830 0.006045 1 
7830 0.012440 0 
7831 0.007246 0 
7831 0.024601 1 
7832 0.023276 0 
7833 0.008588 0 
7834 0.008439 0 
7832 0.045838 1 
7833 0.029568 1 
7834 0.021670 1 
7835 0.006180 0 
7835 0.015114 1 
7837 0.007411 0 
7837 0.021518 1 
7838 0.017521 1 
7839 0.016690 1 
7838 0.033442 0 
7839 0.017547 0 
7840 0.015857 0 
7841 0.006192 0 
7841 0.012135 1 
7842 0.006890 0 
7842 0.010267 1 
7843 0.010734 0 
7844 0.011351 1 
7844 0.016931 0 
7845 0.008480 0 
7845 0.016824 1 
7846 0.009554 1 
7846 0.017046 0 
7847 0.013358 0 
7847 0.019203 1 
7848 0.012192 1 
7848 0.016994 0 
7849 0.011346 1 
7849 0.018252 0 
7850 0.008127 0 
7850 0.023199 1 
7851 0.017630 1 
7851 0.017704 0 
7853 0.010347 0 
7853 0.015114 1 
7854 0.008765 0 
7854 0.012516 1 
7855 0.017501 0 
7855 0.041614 1 
7856 0.028085 0 
7857 0.011811 0 
7858 0.011610 1 
7858 0.013058 0 
7859 0.012336 0 
7859 0.026232 1 
7860 0.010282 1 
7860 0.021295 0 
7861 0.005593 1 
7861 0.034630 0 
7862 0.018463 0 
7864 0.011941 1 
7864 0.013441 0 
7866 0.007613 0 
7866 0.015048 1 
7867 0.006387 1 
7867 0.006424 0 
7868 0.007508 0 
7869 0.011787 1 
7870 0.011537 0 
7870 0.017105 1 
7871 0.014961 0 
7872 0.009545 0 
7874 0.016988 0 
7875 0.015390 0 
7876 0.015451 0 
7877 0.010547 0 
7875 0.066309 1 
7876 0.050058 1 
7879 0.009374 0 
7879 0.018227 1 
7881 0.007940 0 
7882 0.015584 0 
7881 0.035523 1 
7882 0.018918 1 
7883 0.009635 0 
7885 0.007413 0 
7885 0.012481 1 
7886 0.008830 1 
7886 0.017502 0 
7887 0.010575 0 
7889 0.006469 0 
7889 0.008621 1 
7890 0.008014 0 
7890 0.012580 1 
7891 0.005803 0 
7891 0.014262 1 
7892 0.006784 1 
7892 0.006831 0 
7893 0.006337 0 
7893 0.025469 1 
7894 0.009604 0 
7894 0.011548 1 
7895 0.014276 0 
7895 0.017895 1 
7896 0.013762 0 
7897 0.011454 0 
7897 0.013266 1 
7898 0.012718 1 
7898 0.016379 0 
7899 0.008847 0 
7900 0.006829 0 
7899 0.036747 1 
7901 0.012506 0 
7900 0.033714 1 
7902 0.008096 0 
7901 0.026319 1 
7903 0.007216 0 
7903 0.010086 1 
7904 0.006719 1 
7904 0.018526 0 
7905 0.007340 0 
7906 0.011913 0 
7906 0.022402 1 
7908 0.012303 1 
7909 0.016922 1 
7908 0.039749 0 
7909 0.023005 0 
7910 0.006763 0 
7910 0.018555 1 
7911 0.007769 1 
7911 0.024654 0 
7912 0.012703 0 
7913 0.013106 0 
7912 0.030461 1 
7914 0.008752 0 
7914 0.010170 1 
7916 0.007488 0 
7916 0.012610 1 
7917 0.019614 1 
7917 0.029281 0 
7918 0.013057 0 
7918 0.028479 1 
7919 0.012100 0 
7920 0.024587 0 
7921 0.009092 0 
7919 0.043299 1 
7921 0.022197 1 
7922 0.007941 0 
7923 0.005608 0 
7923 0.018951 1 
7924 0.011943 0 
7924 0.027186 1 
7925 0.011209 0 
7925 0.027027 1 
7926 0.016384 1 
7927 0.009056 1 
7926 0.030600 0 
7927 0.014076 0 
7929 0.007948 1 
7929 0.013350 0 
7930 0.010942 1 
7930 0.017748 0 
7931 0.005379 0 
7931 0.021709 1 
7932 0.009393 1 
7933 0.013076 1 
7932 0.029051 0 
7933 0.013275 0 
7934 0.010909 0 
7934 0.019839 1 
7935 0.005743 1 
7935 0.041323 0 
7937 0.008876 0 
7937 0.029336 1 
7938 0.013005 1 
7938 0.016610 0 
7939 0.007666 1 
7939 0.027586 0 
7940 0.011172 1 
7940 0.022434 0 
7942 0.006954 1 
7942 0.012009 0 
7943 0.009452 0 
7944 0.006457 0 
7943 0.022925 1 
7944 0.017299 1 
7945 0.012694 1 
7945 0.024748 0 
7947 0.015456 1 
7947 0.018158 0 
7948 0.016567 1 
7948 0.020020 0 
7949 0.006150 0 
7949 0.014664 1 
7950 0.015852 1 
7950 0.020951 0 
7951 0.017924 1 
7952 0.013755 1 
7951 0.037231 0 
7952 0.020905 0 
7954 0.008023 1 
7954 0.013660 0 
7955 0.009920 0 
7955 0.012474 1 
7956 0.011403 0 
7957 0.008739 0 
7958 0.014650 0 
7957 0.039252 1 
7959 0.013264 0 
7958 0.040553 1 
7959 0.024311 1 
7960 0.010845 1 
7960 0.014753 0 
7961 0.006659 1 
7961 0.029478 0 
7962 0.013226 0 
7964 0.013986 0 
7962 0.066555 1 
7964 0.038853 1 
7965 0.022668 1 
7966 0.008926 0 
7966 0.016825 1 
7967 0.006199 1 
7967 0.010009 0 
7968 0.007651 0 
7969 0.004384 0 
7969 0.012793 1 
7970 0.010039 0 
7971 0.008265 1 
7972 0.012425 1 
7972 0.019101 0 
7973 0.006471 0 
7973 0.010952 1 
7974 0.016091 0 
7975 0.030493 0 
7976 0.014348 0 
7975 0.031626 1 
7976 0.022042 1 
7977 0.014404 1 
7977 0.016665 0 
7978 0.006375 1 
7978 0.009587 0 
7979 0.006556 1 
7979 0.011141 0 
7980 0.010744 1 
7980 0.012612 0 
7981 0.012782 0 
7981 0.018179 1 
7982 0.009386 1 
7982 0.010160 0 
7983 0.005926 1 
7983 0.010597 0 
7984 0.021420 0 
7985 0.005218 0 
7985 0.010369 1 
7986 0.015115 0 
7987 0.014432 0 
7988 0.012104 1 
7988 0.020590 0 
7989 0.019389 1 
7989 0.035694 0 
7991 0.008184 0 
7992 0.009063 1 
7992 0.014339 0 
7993 0.022548 1 
7993 0.026872 0 
7994 0.017662 1 
7994 0.025922 0 
7995 0.012800 0 
7996 0.013037 1 
7997 0.013393 1 
7998 0.007379 1 
7996 0.040876 0 
7997 0.024645 0 
7998 0.008459 0 
8000 0.016662 0 
8000 0.016828 1 
8001 0.010723 0 
8001 0.015503 1 
8002 0.005186 0 
8003 0.008792 0 
8005 0.010061 1 
8005 0.016183 0 
8007 0.012535 0 
8007 0.026638 1 
8008 0.013804 0 
8009 0.011055 1 
8009 0.019219 0 
8010 0.012584 1 
8010 0.015587 0 
8013 0.006304 1 
8013 0.018552 0 
8014 0.009946 1 
8015 0.009570 0 
8016 0.040271 0 
8017 0.025822 0 
8018 0.025299 0 
8015 0.075397 1 
8016 0.059157 1 
8017 0.042534 1 
8019 0.019464 0 
8018 0.038465 1 
8020 0.011840 0 
8020 0.017001 1 
8021 0.008026 1 
8021 0.010771 0 
8022 0.013639 0 
8023 0.006131 1 
8023 0.010836 0 
8024 0.024595 1 
8024 0.045121 0 
8026 0.018135 1 
8026 0.035900 0 
8028 0.013734 1 
8028 0.021500 0 
8029 0.011567 0 
8030 0.022840 0 
8031 0.008511 0 
8029 0.041433 1 
8030 0.035239 1 
8031 0.018977 1 
8032 0.008839 1 
8032 0.010712 0 
8033 0.010041 1 
8033 0.010109 0 
8034 0.015776 0 
8036 0.012985 0 
8036 0.044697 1 
8037 0.052785 1 
8038 0.036506 1 
8039 0.020370 1 
8040 0.009810 1 
8037 0.068060 0 
8041 0.005922 1 
8038 0.058740 0 
8039 0.042507 0 
8040 0.026317 0 
8041 0.010040 0 
8042 0.007927 1 
8042 0.014829 0 
8043 0.018137 1 
8044 0.016117 1 
8043 0.038273 0 
8044 0.022026 0 
8045 0.013803 0 
8045 0.026440 1 
8046 0.011682 1 
8046 0.013989 0 
8047 0.008302 0 
8047 0.014712 1 
8048 0.007569 1 
8048 0.015085 0 
8049 0.012890 0 
8050 0.014609 0 
8050 0.020911 1 
8052 0.012498 1 
8052 0.022561 0 
8053 0.014438 1 
8054 0.009121 1 
8053 0.027112 0 
8054 0.019435 0 
8055 0.010452 1 
8055 0.019835 0 
8056 0.026851 0 
8056 0.029597 1 
8057 0.013000 1 
8057 0.025215 0 
8058 0.015255 1 
8058 0.022367 0 
8059 0.014222 1 
8059 0.015867 0 
8060 0.006335 1 
8060 0.011366 0 
8061 0.005653 1 
8061 0.024226 0 
8063 0.012268 1 
8063 0.045733 0 
8065 0.016618 0 
8066 0.023917 0 
8067 0.016336 0 
8065 0.056876 1 
8066 0.040195 1 
8067 0.024199 1 
8068 0.027767 1 
8069 0.017775 1 
8068 0.053903 0 
8069 0.037780 0 
8070 0.019809 0 
8071 0.016091 0 
8070 0.037769 1 
8073 0.008868 1 
8073 0.009769 0 
8074 0.025200 0 
8075 0.016622 1 
8076 0.019629 1 
8076 0.034428 0 
8078 0.013478 1 
8078 0.017273 0 
8080 0.008615 0 
8081 0.022985 0 
8082 0.009864 1 
8082 0.018746 0 
8084 0.017435 1 
8084 0.022682 0 
8085 0.010615 1 
8085 0.017476 0 
8086 0.009378 0 
8086 0.015265 1 
8088 0.007242 1 
8088 0.019871 0 
8089 0.005802 1 
8089 0.018475 0 
8090 0.006379 1 
8090 0.013192 0 
8091 0.006221 0 
8091 0.017358 1 
8092 0.017562 0 
8093 0.014816 0 
8093 0.027707 1 
8094 0.024481 0 
8094 0.024552 1 
8095 0.017673 1 
8095 0.020816 0 
8096 0.008909 0 
8096 0.020744 1 
8097 0.008761 0 
8097 0.010950 1 
8098 0.010677 0 
8099 0.023225 0 
8098 0.041092 1 
8099 0.029946 1 
8100 0.018122 0 
8101 0.013526 1 
8102 0.012025 0 
8102 0.024436 1 
8103 0.010451 0 
8103 0.013072 1 
8104 0.007485 1 
8104 0.020509 0 
8105 0.007219 0 
8105 0.022317 1 
8107 0.023687 1 
8107 0.024823 0 
8108 0.008563 0 
8108 0.021191 1 
8109 0.009786 0 
8109 0.021055 1 
8110 0.011824 1 
8110 0.023628 0 
8111 0.007196 0 
8112 0.015379 0 
8111 0.035674 1 
8113 0.011525 0 
8112 0.040690 1 
8113 0.024451 1 
8115 0.013868 1 
8115 0.023802 0 
8116 0.013312 1 
8116 0.020964 0 
8117 0.007958 0 
8118 0.006361 0 
8117 0.034330 1 
8119 0.006600 0 
8118 0.037788 1 
8119 0.021161 1 
8120 0.014272 0 
8120 0.018935 1 
8121 0.011771 0 
8122 0.007346 0 
8121 0.037912 1 
8122 0.021657 1 
8123 0.009175 0 
8123 0.016061 1 
8124 0.009017 0 
8124 0.022072 1 
8125 0.008148 1 
8125 0.019640 0 
8126 0.007153 0 
8126 0.018893 1 
8128 0.005308 0 
8128 0.017055 1 
8129 0.045821 1 
8130 0.036327 1 
8129 0.052692 0 
8130 0.036540 0 
8131 0.020167 0 
8132 0.013229 0 
8132 0.025426 1 
8133 0.013000 1 
8133 0.018466 0 
8134 0.005262 0 
8134 0.016905 1 
8136 0.008293 0 
8136 0.017331 1 
8137 0.022533 0 
8138 0.009961 0 
8138 0.020886 1 
8139 0.016939 0 
8139 0.028162 1 
8141 0.006407 0 
8141 0.008214 1 
8142 0.008070 0 
8142 0.037761 1 
8143 0.023821 0 
8144 0.014156 0 
8143 0.033617 1 
8146 0.014611 0 
8147 0.008318 1 
8147 0.009494 0 
8148 0.006709 1 
8148 0.024727 0 
8149 0.008397 0 
8150 0.006770 0 
8150 0.023491 1 
8151 0.020536 0 
8151 0.021952 1 
8153 0.010071 1 
8153 0.021131 0 
8154 0.009080 1 
8154 0.017644 0 
8155 0.010472 0 
8155 0.026806 1 
8156 0.010503 1 
8156 0.018347 0 
8157 0.006248 0 
8157 0.013399 1 
8158 0.009161 1 
8158 0.012080 0 
8159 0.018765 1 
8159 0.018835 0 
8160 0.022298 0 
8161 0.008437 0 
8161 0.014833 1 
8163 0.014436 0 
8163 0.024743 1 
8164 0.013799 1 
8165 0.006467 0 
8165 0.012579 1 
8166 0.008058 0 
8166 0.008904 1 
8167 0.009409 1 
8167 0.020269 0 
8168 0.016779 0 
8168 0.025655 1 
8169 0.010362 0 
8169 0.020005 1 
8170 0.020692 1 
8170 0.021794 0 
8171 0.008150 1 
8171 0.018738 0 
8172 0.008822 0 
8172 0.012513 1 
8173 0.006493 1 
8173 0.018356 0 
8174 0.005235 0 
8174 0.023652 1 
8175 0.014496 1 
8175 0.022109 0 
8176 0.005981 1 
8176 0.018223 0 
8177 0.010348 1 
8178 0.008642 1 
8177 0.030700 0 
8178 0.014852 0 
8179 0.006750 1 
8179 0.024521 0 
8180 0.013589 0 
8181 0.016655 1 
8181 0.033732 0 
8182 0.017291 0 
8182 0.018570 1 
8183 0.009621 0 
8184 0.009466 0 
8184 0.012528 1 
8185 0.010653 1 
8185 0.012463 0 
8186 0.011740 1 
8186 0.013840 0 
8187 0.009450 0 
8187 0.020854 1 
8188 0.012781 1 
8188 0.017833 0 
8190 0.009435 0 
8190 0.017737 1 
8191 0.010162 1 
8192 0.013710 0 
8192 0.016289 1 
8193 0.016547 0 
8193 0.019028 1 
8194 0.005975 1 
8194 0.007236 0 
8195 0.006727 0 
8195 0.007446 1 
8196 0.007108 0 
8196 0.007969 1 
8197 0.010193 1 
8197 0.012774 0 
8199 0.018481 0 
8199 0.027901 1 
8200 0.013022 1 
8200 0.021458 0 
8201 0.005381 0 
8202 0.009789 0 
8204 0.010954 0 
8206 0.028878 0 
8207 0.035280 0 
8206 0.057207 1 
8207 0.042899 1 
8208 0.026956 1 
8209 0.012655 1 
8208 0.033834 0 
8209 0.017545 0 
8212 0.013540 1 
8213 0.011281 1 
8213 0.015122 0 
8214 0.013319 1 
8214 0.042283 0 
8215 0.030598 0 
8216 0.014412 0 
8217 0.010605 0 
8215 0.046411 1 
8216 0.030315 1 
8218 0.006801 0 
8217 0.026420 1 
8218 0.019193 1 
8219 0.008230 0 
8219 0.016748 1 
8220 0.009567 1 
8220 0.010148 0 
8221 0.015386 1 
8221 0.018936 0 
8222 0.008715 1 
8223 0.016358 0 
8225 0.018069 0 
8227 0.008444 0 
8228 0.008049 0 
8228 0.015289 1 
8229 0.007304 0 
8229 0.015239 1 
8230 0.012191 0 
8231 0.007610 0 
8230 0.028659 1 
8231 0.017222 1 
8232 0.012909 1 
8232 0.015650 0 
8233 0.010588 0 
8233 0.021740 1 
8235 0.009279 1 
8235 0.010891 0 
8236 0.009533 0 
8237 0.011861 0 
8237 0.014099 1 
8238 0.016012 1 
8238 0.016073 0 
8239 0.010782 0 
8240 0.015937 0 
8240 0.016097 1 
8241 0.012600 1 
8241 0.015241 0 
8242 0.022946 1 
8242 0.023983 0 
8243 0.007789 0 
8243 0.016659 1 
8244 0.018684 1 
8244 0.020194 0 
8245 0.006270 0 
8245 0.009772 1 
8246 0.017433 1 
8247 0.005329 1 
8247 0.010648 0 
8248 0.009699 1 
8248 0.029815 0 
8249 0.013566 0 
8249 0.023800 1 
8251 0.013530 1 
8251 0.027702 0 
8252 0.015783 1 
8253 0.013241 1 
8253 0.014735 0 
8254 0.012061 0 
8255 0.016911 0 
8254 0.033976 1 
8256 0.009733 1 
8256 0.015199 0 
8257 0.011525 1 
8257 0.012164 0 
8258 0.011615 1 
8258 0.021726 0 
8259 0.005697 1 
8259 0.008053 0 
8260 0.006831 1 
8260 0.007537 0 
8262 0.014136 1 
8262 0.031358 0 
8264 0.008363 1 
8264 0.010112 0 
8265 0.006212 1 
8265 0.006893 0 
8266 0.005935 1 
8266 0.007688 0 
8267 0.009129 1 
8267 0.010988 0 
8268 0.007586 0 
8268 0.015313 1 
8269 0.016227 0 
8269 0.020743 1 
8270 0.006606 1 
8270 0.009495 0 
8272 0.007917 1 
8272 0.014813 0 
8273 0.023707 1 
8274 0.015571 1 
8274 0.019167 0 
8275 0.015279 1 
8275 0.017992 0 
8277 0.015225 1 
8277 0.017555 0 
8279 0.008656 1 
8279 0.009945 0 
8280 0.017938 1 
8280 0.019871 0 
8281 0.016511 0 
8283 0.007766 1 
8283 0.012906 0 
8284 0.008571 0 
8284 0.008636 1 
8285 0.006245 1 
8285 0.007553 0 
8287 0.006193 0 
8287 0.010313 1 
8288 0.009570 0 
8288 0.014692 1 
8289 0.007496 0 
8289 0.012077 1 
8290 0.008774 1 
8290 0.008837 0 
8291 0.012952 0 
8292 0.007411 0 
8292 0.024676 1 
8293 0.019132 1 
8293 0.023112 0 
8294 0.012343 0 
8294 0.018967 1 
8295 0.007325 1 
8295 0.011001 0 
8296 0.006821 0 
8296 0.013132 1 
8297 0.006767 1 
8297 0.020850 0 
8298 0.007214 0 
8299 0.011573 1 
8300 0.014598 1 
8300 0.017795 0 
8301 0.010504 0 
8301 0.022449 1 
8302 0.007922 0 
8302 0.011506 1 
8303 0.011801 1 
8303 0.016930 0 
8304 0.013965 1 
8304 0.017915 0 
8306 0.011928 1 
8306 0.016325 0 
8307 0.015349 1 
8307 0.018789 0 
8308 0.013179 1 
8309 0.011635 1 
8309 0.014242 0 
8310 0.013329 0 
8311 0.012676 0 
8311 0.028280 1 
8312 0.017550 0 
8314 0.009422 1 
8314 0.015356 0 
8315 0.010388 0 
8315 0.012712 1 
8316 0.014414 0 
8317 0.011304 0 
8317 0.020844 1 
8318 0.012132 1 
8318 0.020909 0 
8319 0.010948 0 
8319 0.012901 1 
8320 0.007460 1 
8320 0.024049 0 
8321 0.007969 1 
8321 0.012777 0 
8322 0.007492 1 
8322 0.030796 0 
8323 0.021408 0 
8323 0.028019 1 
8324 0.014364 1 
8324 0.034492 0 
8325 0.018220 0 
8327 0.014497 0 
8327 0.014997 1 
8328 0.007703 1 
8328 0.016833 0 
8329 0.008734 1 
8329 0.012850 0 
8330 0.020544 1 
8331 0.011206 1 
8330 0.028400 0 
8331 0.012166 0 
8332 0.007895 0 
8332 0.022186 1 
8333 0.018396 1 
8333 0.023206 0 
8335 0.015258 0 
8335 0.029923 1 
8336 0.019047 0 
8336 0.020356 1 
8337 0.018914 1 
8337 0.020468 0 
8338 0.007269 1 
8338 0.016796 0 
8340 0.010404 1 
8340 0.017348 0 
8341 0.005692 1 
8341 0.015345 0 
8342 0.008119 0 
8342 0.019790 1 
8343 0.014489 1 
8343 0.016395 0 
8345 0.009351 0 
8346 0.008456 1 
8346 0.016973 0 
8347 0.007060 1 
8347 0.014560 0 
8348 0.023035 1 
8348 0.024955 0 
8349 0.018408 1 
8349 0.018846 0 
8350 0.012510 0 
8352 0.013954 1 
8352 0.017180 0 
8353 0.012430 1 
8353 0.020427 0 
8354 0.012614 0 
8355 0.022386 1 
8355 0.022448 0 
8356 0.010663 0 
8356 0.016578 1 
8357 0.008785 1 
8358 0.022126 1 
8357 0.038593 0 
8359 0.011796 1 
8359 0.024473 0 
8360 0.007945 0 
8362 0.007941 1 
8363 0.007455 1 
8362 0.024733 0 
8363 0.017033 0 
8364 0.007735 0 
8364 0.015340 1 
8365 0.011145 1 
8365 0.012834 0 
8366 0.005774 1 
8366 0.015238 0 
8367 0.007881 0 
8367 0.013590 1 
8368 0.017289 0 
8369 0.007450 0 
8369 0.012314 1 
8370 0.017009 1 
8370 0.019648 0 
8371 0.010210 1 
8372 0.009482 1 
8371 0.032243 0 
8372 0.021875 0 
8373 0.010431 0 
8373 0.022367 1 
8374 0.015738 1 
8374 0.020316 0 
8375 0.009176 1 
8375 0.012049 0 
8376 0.015341 0 
8377 0.010477 0 
8377 0.020060 1 
8378 0.007758 1 
8378 0.012214 0 
8379 0.008762 0 
8379 0.027842 1 
8380 0.018203 0 
8381 0.009030 0 
8380 0.027137 1 
8381 0.013754 1 
8382 0.008981 1 
8382 0.024369 0 
8383 0.007852 0 
8383 0.017190 1 
8384 0.010665 1 
8384 0.015421 0 
8385 0.015399 0 
8386 0.018890 0 
8386 0.019787 1 
8387 0.010459 1 
8387 0.023007 0 
8389 0.008909 1 
8389 0.018096 0 
8390 0.011250 1 
8390 0.023293 0 
8391 0.009595 1 
8391 0.015890 0 
8392 0.025303 0 
8393 0.016422 0 
8392 0.040063 1 
8393 0.023658 1 
8394 0.019579 1 
8395 0.007713 1 
8394 0.024341 0 
8395 0.013539 0 
8396 0.026769 0 
8398 0.020183 0 
8396 0.056449 1 
8399 0.011139 0 
8398 0.030461 1 
8399 0.013750 1 
8400 0.017800 0 
8401 0.017417 0 
8403 0.008937 0 
8405 0.018609 0 
8406 0.012697 1 
8406 0.021244 0 
8407 0.012143 1 
8408 0.015512 1 
8407 0.033480 0 
8408 0.024330 0 
8411 0.013506 0 
8412 0.006755 1 
8412 0.013784 0 
8413 0.007293 1 
8413 0.044335 0 
8414 0.027977 0 
8415 0.011608 0 
8416 0.011623 0 
8416 0.013691 1 
8417 0.009733 0 
8417 0.020474 1 
8418 0.008775 1 
8418 0.010467 0 
8419 0.021331 0 
8420 0.008112 0 
8421 0.006789 0 
8420 0.047005 1 
8421 0.030693 1 
8422 0.014485 1 
8422 0.027027 0 
8424 0.007273 1 
8424 0.008455 0 
8426 0.008030 1 
8426 0.020824 0 
8427 0.009468 0 
8427 0.014162 1 
8428 0.006748 1 
8428 0.011425 0 
8429 0.006974 0 
8430 0.011702 1 
8430 0.015838 0 
8431 0.009872 0 
8432 0.013900 1 
8432 0.015296 0 
8434 0.007298 1 
8434 0.013534 0 
8435 0.009996 0 
8435 0.015043 1 
8436 0.019188 0 
8436 0.019393 1 
8437 0.013492 0 
8438 0.005219 1 
8438 0.007713 0 
8439 0.006994 1 
8439 0.008129 0 
8440 0.017115 0 
8441 0.010364 0 
8442 0.021795 0 
8440 0.054803 1 
8441 0.038470 1 
8443 0.016098 1 
8444 0.006359 1 
8443 0.032294 0 
8444 0.021436 0 
8445 0.021492 0 
8446 0.005148 0 
8446 0.010131 1 
8447 0.005026 1 
8447 0.008650 0 
8448 0.012007 0 
8448 0.025691 1 
8450 0.008311 1 
8450 0.014458 0 
8451 0.009514 1 
8451 0.015293 0 
8452 0.006438 1 
8452 0.013492 0 
8453 0.008288 1 
8453 0.019114 0 
8454 0.008916 1 
8454 0.016528 0 
8455 0.006938 1 
8455 0.009032 0 
8456 0.009037 1 
8456 0.015806 0 
8457 0.010242 1 
8457 0.014979 0 
8458 0.005383 0 
8458 0.010695 1 
8459 0.006633 1 
8459 0.022243 0 
8461 0.012907 1 
8461 0.016587 0 
8463 0.005621 1 
8463 0.014678 0 
8464 0.005665 0 
8464 0.014261 1 
8465 0.005794 1 
8465 0.014473 0 
8466 0.009318 1 
8466 0.013945 0 
8467 0.017356 1 
8468 0.008068 1 
8467 0.029980 0 
8468 0.015565 0 
8469 0.005681 1 
8469 0.014487 0 
8471 0.017192 1 
8471 0.027207 0 
8472 0.014387 1 
8472 0.023657 0 
8473 0.007439 0 
8473 0.015273 1 
8474 0.008565 1 
8474 0.016248 0 
8476 0.007806 1 
8476 0.009374 0 
8478 0.007923 1 
8478 0.009699 0 
8479 0.008792 0 
8479 0.024885 1 
8480 0.019596 0 
8482 0.019945 0 
8483 0.005839 0 
8483 0.010825 1 
8484 0.007257 1 
8484 0.011610 0 
8486 0.007259 0 
8486 0.014240 1 
8487 0.006418 1 
8487 0.006489 0 
8488 0.009122 1 
8488 0.014588 0 
8489 0.014839 1 
8489 0.014903 0 
8490 0.009237 0 
8491 0.005986 0 
8491 0.009706 1 
8492 0.009726 0 
8492 0.015117 1 
8493 0.006588 1 
8493 0.020908 0 
8494 0.007071 1 
8494 0.013686 0 
8495 0.006890 1 
8495 0.017677 0 
8496 0.005744 1 
8496 0.014844 0 
8497 0.007487 1 
8497 0.015989 0 
8498 0.014467 1 
8498 0.014537 0 
8499 0.006788 1 
8499 0.014923 0 
8500 0.010012 1 
8500 0.013571 0 
8501 0.007474 1 
8501 0.010800 0 
8502 0.006219 1 
8502 0.010790 0 
8503 0.004888 1 
8503 0.007497 0 
8505 0.012103 1 
8505 0.015433 0 
8506 0.008960 1 
8506 0.014544 0 
8507 0.008343 1 
8507 0.013164 0 
8508 0.010504 1 
8508 0.012276 0 
8509 0.006127 1 
8509 0.013709 0 
8510 0.008499 1 
8510 0.020033 0 
8511 0.013169 1 
8511 0.034651 0 
8513 0.006708 1 
8513 0.017902 0 
8514 0.015181 0 
8514 0.015890 1 
8515 0.005145 1 
8515 0.011540 0 
8516 0.012625 1 
8516 0.014349 0 
8517 0.016049 1 
8518 0.008400 1 
8518 0.012196 0 
8519 0.004989 1 
8519 0.011200 0 
8520 0.005501 1 
8520 0.016874 0 
8521 0.005696 1 
8521 0.011242 0 
8522 0.005520 1 
8522 0.018875 0 
8523 0.014263 0 
8524 0.005961 1 
8524 0.015997 0 
8526 0.007884 0 
8526 0.010827 1 
8527 0.006287 1 
8527 0.007690 0 
8528 0.013268 0 
8529 0.014217 0 
8528 0.034436 1 
8529 0.032779 1 
8530 0.017081 1 
8531 0.010053 1 
8530 0.026814 0 
8532 0.005888 1 
8532 0.010725 0 
8534 0.005374 1 
8534 0.010189 0 
8535 0.011404 1 
8535 0.015763 0 
8536 0.012519 1 
8536 0.024991 0 
8537 0.014772 1 
8537 0.024436 0 
8539 0.010359 1 
8539 0.014766 0 
8540 0.005874 1 
8540 0.008695 0 
8541 0.008828 1 
8541 0.012810 0 
8542 0.018195 1 
8542 0.027514 0 
8544 0.005013 1 
8544 0.008257 0 
8545 0.005508 1 
8545 0.009016 0 
8546 0.010747 1 
8546 0.011677 0 
8547 0.007728 1 
8547 0.015563 0 
8548 0.017791 0 
8549 0.009343 1 
8549 0.010780 0 
8551 0.007971 1 
8551 0.010086 0 
8552 0.005468 1 
8552 0.010943 0 
8553 0.006460 1 
8553 0.009510 0 
8554 0.008986 1 
8554 0.012448 0 
8555 0.007849 1 
8555 0.021241 0 
8556 0.010117 0 
8556 0.010257 1 
8557 0.013799 0 
8557 0.016434 1 
8558 0.010303 1 
8559 0.005088 1 
8559 0.028477 0 
8561 0.012694 1 
8561 0.020424 0 
8562 0.009793 1 
8562 0.009959 0 
8563 0.005039 1 
8563 0.008931 0 
8564 0.009221 0 
8565 0.011023 0 
8566 0.010383 0 
8565 0.033306 1 
8567 0.015014 0 
8566 0.034861 1 
8567 0.018528 1 
8568 0.011097 1 
8569 0.006502 1 
8568 0.023728 0 
8569 0.021030 0 
8570 0.006274 1 
8570 0.010542 0 
8571 0.017024 0 
8572 0.005453 0 
8573 0.017846 0 
8572 0.042330 1 
8573 0.026458 1 
8574 0.010325 1 
8575 0.008291 1 
8574 0.026176 0 
8575 0.009907 0 
8576 0.006336 1 
8576 0.012427 0 
8577 0.009463 1 
8577 0.011079 0 
8578 0.003961 1 
8578 0.010379 0 
8579 0.009605 1 
8579 0.017890 0 
8580 0.008546 1 
8580 0.017457 0 
8581 0.011216 1 
8581 0.017179 0 
8582 0.008814 1 
8582 0.018800 0 
8583 0.010500 1 
8583 0.015294 0 
8584 0.005444 1 
8584 0.008342 0 
8585 0.011935 0 
8586 0.017703 1 
8586 0.021354 0 
8588 0.009105 1 
8588 0.011006 0 
8589 0.015539 1 
8589 0.020767 0 
8590 0.007239 1 
8591 0.008678 1 
8591 0.014598 0 
8592 0.009774 0 
8592 0.018011 1 
8593 0.008318 0 
8594 0.006555 1 
8594 0.016984 0 
8595 0.005271 1 
8595 0.010239 0 
8597 0.007374 1 
8597 0.012243 0 
8598 0.012201 0 
8598 0.017963 1 
8599 0.032074 0 
8600 0.016837 0 
8602 0.014769 0 
8604 0.023343 0 
8604 0.034207 1 
8605 0.017785 1 
8605 0.021610 0 
8606 0.011572 1 
8606 0.019646 0 
8607 0.007735 1 
8607 0.012679 0 
8610 0.006402 1 
8610 0.009345 0 
8611 0.012578 1 
8611 0.027704 0 
8612 0.014418 1 
8612 0.017220 0 
8613 0.029244 1 
8614 0.013177 1 
8613 0.031768 0 
8614 0.015293 0 
8615 0.006308 1 
8615 0.012037 0 
8616 0.009508 1 
8616 0.017794 0 
8617 0.012396 1 
8618 0.011934 1 
8618 0.016114 0 
8619 0.006171 1 
8619 0.006934 0 
8620 0.013373 1 
8620 0.014212 0 
8621 0.007422 1 
8621 0.011332 0 
8623 0.009540 0 
8625 0.007615 1 
8625 0.010524 0 
8626 0.005943 1 
8626 0.011428 0 
8627 0.007996 0 
8628 0.006254 1 
8628 0.010879 0 
8629 0.010043 0 
8629 0.023852 1 
8630 0.007483 1 
8630 0.008580 0 
8631 0.012142 1 
8631 0.026363 0 
8633 0.007785 0 
8633 0.007886 1 
8634 0.006128 1 
8634 0.011483 0 
8635 0.006115 1 
8635 0.012015 0 
8636 0.009346 1 
8637 0.011122 1 
8637 0.012429 0 
8638 0.008898 0 
8638 0.011035 1 
8639 0.011814 1 
8639 0.021033 0 
8640 0.007362 1 
8640 0.018309 0 
8641 0.009691 1 
8641 0.010432 0 
8642 0.017669 1 
8643 0.012495 0 
8644 0.010123 0 
8645 0.007094 0 
8644 0.031570 1 
8645 0.024144 1 
8646 0.009727 1 
8646 0.010997 0 
8647 0.008599 0 
8647 0.014991 1 
8649 0.011015 1 
8649 0.021923 0 
8650 0.009788 1 
8651 0.006315 1 
8650 0.029998 0 
8651 0.016645 0 
8652 0.011360 0 
8652 0.015296 1 
8653 0.009603 1 
8653 0.011667 0 
8654 0.006252 0 
8655 0.018707 0 
8654 0.044070 1 
8655 0.027699 1 
8656 0.011876 1 
8657 0.008476 1 
8657 0.008924 0 
8658 0.007792 1 
8660 0.011519 0 
8662 0.014603 1 
8662 0.014679 0 
8663 0.008576 1 
8663 0.013148 0 
8664 0.011615 1 
8664 0.013834 0 
8665 0.011315 1 
8665 0.017290 0 
8666 0.008987 1 
8666 0.016502 0 
8667 0.006973 0 
8667 0.017486 1 
8668 0.014918 0 
8670 0.008625 1 
8670 0.011091 0 
8671 0.006879 1 
8671 0.014967 0 
8672 0.010895 1 
8672 0.013817 0 
8673 0.015607 0 
8675 0.005800 1 
8675 0.015040 0 
8677 0.006302 1 
8677 0.015603 0 
8678 0.005613 1 
8678 0.008195 0 
8679 0.009430 0 
8679 0.019556 1 
8681 0.008887 1 
8682 0.007394 1 
8683 0.008192 1 
8683 0.015789 0 
8685 0.005409 1 
8685 0.008198 0 
8686 0.006716 1 
8686 0.014769 0 
8687 0.010448 1 
8687 0.013596 0 
8688 0.008621 1 
8688 0.024763 0 
8689 0.008439 0 
8690 0.004699 1 
8690 0.009492 0 
8691 0.007550 0 
8691 0.008428 1 
8692 0.009698 0 
8692 0.012423 1 
8693 0.007478 1 
8693 0.019710 0 
8694 0.006338 1 
8695 0.008458 0 
8696 0.005285 1 
8696 0.013600 0 
8697 0.006874 0 
8697 0.010211 1 
8698 0.007558 0 
8699 0.007850 1 
8700 0.007876 1 
8699 0.026031 0 
8700 0.019269 0 
8701 0.007402 1 
8701 0.018606 0 
8702 0.005048 1 
8702 0.026777 0 
8704 0.009398 0 
8704 0.025162 1 
8705 0.010229 1 
8705 0.010799 0 
8706 0.009799 1 
8706 0.014856 0 
8707 0.005248 0 
8708 0.007666 0 
8708 0.017124 1 
8709 0.005106 1 
8709 0.014527 0 
8710 0.010245 0 
8712 0.007680 0 
8713 0.007342 1 
8714 0.009555 1 
8713 0.029630 0 
8714 0.020960 0 
8715 0.007471 1 
8715 0.014860 0 
8716 0.015729 0 
8717 0.014172 1 
8718 0.006997 1 
8718 0.017035 0 
8719 0.007036 1 
8719 0.007108 0 
8720 0.006384 1 
8720 0.015194 0 
8721 0.005224 1 
8721 0.011019 0 
8722 0.010799 0 
8723 0.011247 0 
8725 0.007710 1 
8725 0.011272 0 
8726 0.005746 1 
8726 0.018181 0 
8727 0.007019 0 
8727 0.010243 1 
8728 0.008813 1 
8728 0.008884 0 
8729 0.010203 0 
8730 0.008262 1 
8731 0.008466 1 
8731 0.020051 0 
8733 0.007693 1 
8733 0.011244 0 
8734 0.005039 1 
8734 0.009526 0 
8735 0.011434 1 
8735 0.012367 0 
8736 0.010464 1 
8736 0.026730 0 
8738 0.008127 1 
8738 0.012802 0 
8739 0.009377 1 
8739 0.011749 0 
8740 0.005844 1 
8740 0.019754 0 
8741 0.008532 1 
8741 0.023362 0 
8743 0.014351 0 
8744 0.011683 1 
8744 0.021064 0 
8745 0.008978 1 
8745 0.016473 0 
8746 0.006122 1 
8746 0.006807 0 
8747 0.007921 0 
8748 0.008869 0 
8750 0.009242 0 
8750 0.012285 1 
8751 0.014401 1 
8752 0.008138 1 
8751 0.029752 0 
8752 0.015076 0 
8753 0.006290 1 
8753 0.025698 0 
8754 0.010620 0 
8755 0.007106 0 
8756 0.019428 0 
8757 0.013262 0 
8758 0.016646 0 
8760 0.010149 0 
8761 0.021649 0 
8762 0.023157 0 
8763 0.005806 0 
8764 0.008368 0 
8765 0.005642 0 
8766 0.007472 0 
8767 0.011961 0 
8768 0.026835 0 
8769 0.010547 0 
8770 0.011357 0 
8771 0.010971 0 
8772 0.006144 0 
8773 0.013685 0 
8774 0.028891 0 
8775 0.014425 0 
8776 0.014786 0 
8777 0.016409 0 
8778 0.017112 0 
8779 0.006236 0 
8780 0.008403 0 
8781 0.006697 0 
8782 0.014675 0 
8783 0.005617 0 
8784 0.005595 0 
8785 0.011509 0 
8787 0.009119 0 
8788 0.009858 0 
8789 0.006636 0 
8790 0.006988 0 
8791 0.023284 0 
8792 0.016118 0 
8793 0.029119 0 
8794 0.012645 0 
8796 0.066064 0 
8797 0.049776 0 
8798 0.033613 0 
8799 0.017243 0 
8801 0.004950 0 
8803 0.016711 0 
8804 0.024824 0 
8805 0.035651 0 
8806 0.019583 0 
8809 0.009033 0 
8810 0.043500 0 
8811 0.046562 0 
8812 0.030907 0 
8813 0.026417 0 
8814 0.015954 0 
8815 0.011849 0 
8816 0.021560 0 
8817 0.009977 0 
8818 0.018339 0 
8819 0.016627 0 
8820 0.020770 0 
8822 0.015007 0 
8824 0.012367 0 
8825 0.014993 0 
8826 0.010882 0 
8827 0.006868 0 
8828 0.008763 0 
8829 0.012711 0 
8830 0.026756 0 
8832 0.020011 0 
8833 0.030600 0 
8834 0.017915 0 
8835 0.006897 0 
8836 0.024741 0 
8837 0.008346 0 
8838 0.007809 0 
8839 0.020839 0 
8840 0.011492 0 
8841 0.009035 0 
8842 0.021712 0 
8843 0.014086 0 
8844 0.006157 0 
8845 0.013869 0 
8846 0.007895 0 
8848 0.021597 0 
8849 0.014736 0 
8850 0.014943 0 
8851 0.022928 0 
8852 0.020667 0 
8853 0.010169 0 
8854 0.056458 0 
8855 0.040038 0 
8856 0.023707 0 
8857 0.025277 0 
8859 0.027023 0 
8861 0.020484 0 
8862 0.013119 0 
8863 0.012208 0 
8864 0.012179 0 
8865 0.006977 0 
8866 0.008087 0 
8867 0.010871 0 
8869 0.009291 0 
8870 0.010352 0 
8871 0.012233 0 
8872 0.010313 0 
8874 0.010600 0 
8876 0.008618 0 
8877 0.009135 0 
8878 0.016168 0 
8880 0.028805 0 
8881 0.019355 0 
8882 0.010970 0 
8884 0.007776 0 
8885 0.015459 0 
8886 0.022931 0 
8887 0.006541 0 
8888 0.005950 0 
8889 0.019748 0 
8890 0.042338 0 
8891 0.025752 0 
8892 0.011921 0 
8893 0.013988 0 
8894 0.050823 0 
8895 0.034594 0 
8896 0.019153 0 
8897 0.005621 0 
8898 0.031190 0 
8899 0.032183 0 
8900 0.015851 0 
8901 0.007740 0 
8903 0.019802 0 
8904 0.021092 0 
8905 0.016813 0 
8906 0.012272 0 
8907 0.040817 0 
8908 0.024537 0 
8909 0.010027 0 
8911 0.021320 0 
8912 0.016906 0 
8913 0.015752 0 
8914 0.015026 0 
8915 0.013400 0 
8916 0.015253 0 
8917 0.025139 0 
8918 0.013365 0 
8919 0.011849 0 
8920 0.018480 0 
8921 0.009052 0 
8922 0.015457 0 
8924 0.013276 0 
8925 0.012450 0 
8926 0.008798 0 
8927 0.012456 0 
8928 0.012539 0 
8929 0.011180 0 
8930 0.008897 0 
8932 0.006858 0 
8933 0.008496 0 
8934 0.034155 0 
8935 0.016744 0 
8937 0.007687 0 
8938 0.008594 0 
8939 0.011764 0 
8940 0.016759 0 
8942 0.021686 0 
8943 0.036970 0 
8944 0.020710 0 
8945 0.022001 0 
8946 0.016895 0 
8947 0.014598 0 
8949 0.030445 0 
8950 0.014149 0 
8951 0.026726 0 
8952 0.035893 0 
8953 0.025120 0 
8954 0.008569 0 
8955 0.014923 0 
8956 0.011420 0 
8957 0.029113 0 
8959 0.019574 0 
8960 0.027819 0 
8961 0.012340 0 
8962 0.011877 0 
8963 0.007323 0 
8964 0.009891 0 
8965 0.010606 0 
8966 0.015030 0 
8967 0.010987 0 
8968 0.011570 0 
8969 0.009513 0 
8970 0.010880 0 
8971 0.018785 0 
8972 0.011243 0 
8973 0.017860 0 
8974 0.011896 0 
8975 0.026831 0 
8976 0.010390 0 
8977 0.008697 0 
8978 0.008370 0 
8979 0.022275 0 
8980 0.017857 0 
8981 0.026865 0 
8982 0.010462 0 
8983 0.012009 0 
8984 0.024936 0 
8986 0.014351 0 
8987 0.026713 0 
8988 0.010056 0 
8989 0.023220 0 
8990 0.027768 0 
8991 0.018052 0 
8992 0.011849 0 
8993 0.020423 0 
8995 0.032928 0 
8996 0.015998 0 
8997 0.007245 0 
8998 0.040637 0 
9000 0.007805 0 
9002 0.023870 0 
9003 0.017133 0 
9004 0.025550 0 
9005 0.016867 0 
9008 0.009624 0 
9009 0.055272 0 
9010 0.057937 0 
9011 0.041584 0 
9012 0.027805 0 
9013 0.018309 0 
9014 0.022082 0 
9015 0.011787 0 
9016 0.024220 0 
9017 0.017258 0 
9018 0.016559 0 
9019 0.018818 0 
9021 0.025609 0 
9023 0.015562 0 
9024 0.013456 0 
9025 0.011533 0 
9026 0.029649 0 
9027 0.013627 0 
9028 0.015419 0 
9029 0.009524 0 
9031 0.027128 0 
9032 0.013587 0 
9033 0.022912 0 
9034 0.016344 0 
9035 0.022238 0 
9036 0.006579 0 
9037 0.012986 0 
9038 0.016366 0 
9039 0.008818 0 
9040 0.009057 0 
9041 0.027472 0 
9042 0.027408 0 
9043 0.034243 0 
9044 0.038790 0 
9045 0.025055 0 
9047 0.038398 0 
9048 0.047728 0 
9049 0.032286 0 
9050 0.026124 0 
9051 0.011445 0 
9052 0.006670 0 
9053 0.022349 0 
9054 0.007060 0 
9055 0.046188 0 
9056 0.029888 0 
9058 0.030707 0 
9060 0.007743 0 
9061 0.020957 0 
9062 0.024898 0 
9063 0.010272 0 
9064 0.019748 0 
9065 0.008674 0 
9066 0.034430 0 
9068 0.013132 0 
9069 0.010083 0 
9070 0.040018 0 
9071 0.023799 0 
9073 0.026799 0 
9075 0.038084 0 
9076 0.021888 0 
9077 0.031956 0 
9079 0.015296 0 
9080 0.016973 0 
9081 0.013058 0 
9083 0.009522 0 
9084 0.025746 0 
9085 0.015591 0 
9086 0.016598 0 
9087 0.017250 0 
9088 0.013132 0 
9089 0.026190 0 
9090 0.008843 0 
9091 0.019208 0 
9092 0.028252 0 
9093 0.020554 0 
9094 0.016560 0 
9095 0.018116 0 
9096 0.014909 0 
9097 0.042335 0 
9098 0.050383 0 
9099 0.033044 0 
9100 0.022481 0 
9102 0.025522 0 
9103 0.009556 0 
9104 0.064092 0 
9105 0.047900 0 
9106 0.041810 0 
9107 0.030632 0 
9108 0.014263 0 
9110 0.033090 0 
9111 0.016810 0 
9112 0.062750 0 
9113 0.046515 0 
9114 0.030107 0 
9115 0.017459 0 
9116 0.066423 0 
9117 0.050139 0 
9118 0.038484 0 
9119 0.035094 0 
9120 0.069605 0 
9121 0.053320 0 
9123 0.019869 0 
9124 0.040149 0 
9125 0.023479 0 
9126 0.030025 0 
9127 0.013606 0 
9128 0.014247 0 
9129 0.011631 0 
9131 0.024534 0 
9132 0.028437 0 
9133 0.017193 0 
9134 0.050161 0 
9136 0.047060 0 
9137 0.030780 0 
9138 0.014511 0 
9139 0.009969 0 
9141 0.025748 0 
9142 0.014176 0 
9143 0.027843 0 
9144 0.029936 0 
9145 0.013682 0 
9146 0.023099 0 
9148 0.085865 0 
9149 0.088396 0 
9150 0.071938 0 
9151 0.055626 0 
9152 0.039241 0 
9153 0.023112 0 
9154 0.012561 0 
9155 0.032692 0 
9156 0.016437 0 
9158 0.031552 0 
9159 0.015192 0 
9160 0.031777 0 
9161 0.015552 0 
9162 0.034174 0 
9163 0.017941 0 
9164 0.010895 0 
9165 0.020700 0 
9166 0.021646 0 
9167 0.018936 0 
9168 0.043945 0 
9169 0.028486 0 
9170 0.017234 0 
9171 0.009996 0 
9172 0.019890 0 
9173 0.011596 0 
9174 0.031157 0 
9175 0.014683 0 
9176 0.023790 0 
9177 0.017084 0 
9178 0.027162 0 
9179 0.019284 0 
9180 0.015076 0 
9181 0.021474 0 
9182 0.012420 0 
9183 0.011904 0 
9185 0.014558 0 
9186 0.007519 0 
9187 0.015279 0 
9188 0.032892 0 
9189 0.016381 0 
9190 0.012432 0 
9191 0.024946 0 
9192 0.028003 0 
9194 0.023915 0 
9195 0.007610 0 
9196 0.020854 0 
9197 0.052044 0 
9199 0.019658 0 
9201 0.019873 0 
9202 0.012149 0 
9203 0.035129 0 
9204 0.019041 0 
9207 0.013748 0 
9208 0.014046 0 
9209 0.058965 0 
9210 0.043216 0 
9211 0.027105 0 
9212 0.013262 0 
9213 0.011027 0 
9214 0.011270 0 
9215 0.033351 0 
9216 0.017176 0 
9217 0.013613 0 
9218 0.042754 0 
9220 0.010255 0 
9222 0.025980 0 
9223 0.009760 0 
9224 0.022065 0 
9225 0.014338 0 
9226 0.024260 0 
9227 0.008063 0 
9228 0.007955 0 
9230 0.013533 0 
9231 0.020164 0 
9232 0.006305 0 
9233 0.019738 0 
9234 0.015967 0 
9235 0.016606 0 
9236 0.024439 0 
9237 0.008186 0 
9238 0.023378 0 
9239 0.013021 0 
9240 0.011060 0 
9240 0.036480 1 
9241 0.020517 1 
9241 0.022813 0 
9242 0.012074 0 
9242 0.018467 1 
9243 0.013689 1 
9243 0.015213 0 
9244 0.013051 0 
9244 0.020130 1 
9246 0.014794 1 
9246 0.040403 0 
9247 0.024012 0 
9248 0.018465 0 
9249 0.015349 1 
9249 0.023614 0 
9250 0.007235 0 
9250 0.033367 1 
9251 0.017141 1 
9252 0.017414 1 
9251 0.034374 0 
9252 0.018086 0 
9253 0.015705 0 
9254 0.013230 0 
9253 0.037926 1 
9254 0.022001 1 
9255 0.021437 0 
9257 0.016468 1 
9257 0.023165 0 
9259 0.033466 0 
9260 0.017212 0 
9259 0.037426 1 
9260 0.021166 1 
9261 0.019894 1 
9261 0.036109 0 
9262 0.019782 0 
9262 0.023489 1 
9263 0.010231 0 
9263 0.014020 1 
9264 0.015607 0 
9264 0.017854 1 
9265 0.012323 0 
9265 0.028088 1 
9267 0.017624 0 
9267 0.020937 1 
9268 0.013623 0 
9269 0.015126 1 
9269 0.024649 0 
9270 0.008330 0 
9270 0.015193 1 
9272 0.017971 0 
9272 0.029822 1 
9274 0.016399 0 
9274 0.024227 1 
9275 0.008036 1 
9275 0.015147 0 
9276 0.015198 1 
9276 0.026376 0 
9278 0.017759 1 
9278 0.024350 0 
9279 0.012703 0 
9279 0.023973 1 
9280 0.011696 1 
9280 0.030099 0 
9282 0.015609 1 
9282 0.020391 0 
9283 0.008179 0 
9283 0.009914 1 
9284 0.018316 0 
9284 0.033928 1 
9285 0.017194 1 
9286 0.019508 1 
9286 0.031766 0 
9287 0.015266 0 
9288 0.017051 1 
9289 0.010458 1 
9288 0.032815 0 
9289 0.017613 0 
9290 0.013410 0 
9290 0.027819 1 
9291 0.025632 0 
9292 0.009367 0 
9291 0.031314 1 
9292 0.015039 1 
9293 0.013204 1 
9293 0.018172 0 
9294 0.019573 0 
9295 0.011443 0 
9295 0.018428 1 
9296 0.009805 1 
9296 0.025842 0 
9297 0.015841 0 
9297 0.020586 1 
9298 0.020706 0 
9298 0.033327 1 
9299 0.016847 1 
9299 0.031173 0 
9301 0.015878 1 
9302 0.009046 1 
9301 0.036078 0 
9302 0.030317 0 
9303 0.013871 0 
9303 0.040473 1 
9304 0.024217 1 
9304 0.036351 0 
9305 0.022019 1 
9306 0.011867 1 
9305 0.030657 0 
9306 0.014211 0 
9307 0.014383 1 
9307 0.024515 0 
9309 0.019939 1 
9309 0.029779 0 
9310 0.013482 0 
9311 0.013322 0 
9311 0.023785 1 
9312 0.006818 1 
9312 0.007203 0 
9313 0.015660 0 
9314 0.005355 1 
9314 0.011777 0 
9315 0.015172 1 
9315 0.021816 0 
9316 0.020299 0 
9316 0.031855 1 
9317 0.015467 1 
9317 0.020707 0 
9318 0.018340 1 
9318 0.028114 0 
9319 0.012018 0 
9319 0.018361 1 
9320 0.006374 1 
9320 0.020494 0 
9322 0.012419 0 
9322 0.015575 1 
9323 0.014537 1 
9323 0.020778 0 
9324 0.007595 1 
9324 0.020620 0 
9325 0.006466 1 
9325 0.025017 0 
9326 0.008805 0 
9327 0.009274 0 
9327 0.027523 1 
9328 0.025898 0 
9328 0.028734 1 
9330 0.010706 1 
9330 0.013102 0 
9331 0.013145 1 
9332 0.007793 1 
9331 0.024542 0 
9332 0.008112 0 
9333 0.010271 0 
9335 0.010541 0 
9335 0.025902 1 
9336 0.024903 1 
9336 0.027790 0 
9337 0.012991 1 
9337 0.019918 0 
9338 0.012417 1 
9338 0.024480 0 
9340 0.022254 0 
9341 0.021799 0 
9341 0.022079 1 
9342 0.011841 0 
9342 0.015585 1 
9343 0.012068 0 
9344 0.006673 0 
9345 0.016336 0 
9344 0.042454 1 
9345 0.025965 1 
9347 0.033324 1 
9347 0.037868 0 
9348 0.021501 0 
9349 0.013715 1 
9349 0.013776 0 
9350 0.012620 1 
9350 0.025013 0 
9351 0.011788 1 
9351 0.027405 0 
9352 0.011159 0 
9353 0.015615 0 
9353 0.024008 1 
9354 0.010933 1 
9354 0.013381 0 
9355 0.008244 0 
9355 0.013889 1 
9357 0.006571 1 
9357 0.015100 0 
9358 0.006582 0 
9358 0.022775 1 
9359 0.013794 0 
9359 0.017748 1 
9360 0.011853 1 
9360 0.020669 0 
9361 0.008456 1 
9361 0.013525 0 
9362 0.005765 0 
9363 0.008016 0 
9363 0.012012 1 
9364 0.013398 0 
9365 0.019899 0 
9366 0.010117 0 
9366 0.019634 1 
9367 0.011196 0 
9368 0.010554 0 
9369 0.008399 0 
9368 0.025460 1 
9370 0.011753 0 
9369 0.040577 1 
9370 0.024260 1 
9371 0.018615 0 
9372 0.007723 0 
9371 0.030906 1 
9372 0.014652 1 
9373 0.012059 1 
9373 0.029230 0 
9374 0.012964 0 
9374 0.016771 1 
9375 0.005686 1 
9375 0.015354 0 
9376 0.005960 1 
9377 0.010979 0 
9378 0.006586 0 
9378 0.022734 1 
9379 0.009013 1 
9379 0.025175 0 
9380 0.009078 0 
9380 0.014009 1 
9381 0.006974 0 
9381 0.016413 1 
9382 0.010714 1 
9382 0.012036 0 
9384 0.023453 1 
9385 0.014478 1 
9384 0.031858 0 
9385 0.015553 0 
9386 0.006825 1 
9386 0.008380 0 
9387 0.008388 1 
9387 0.013114 0 
9388 0.007250 1 
9388 0.014808 0 
9389 0.006817 1 
9389 0.008364 0 
9390 0.022333 1 
9391 0.013153 1 
9390 0.037828 0 
9391 0.027613 0 
9393 0.007702 1 
9394 0.011525 1 
9393 0.046810 0 
9394 0.030175 0 
9395 0.013943 0 
9396 0.015595 0 
9398 0.009050 0 
9400 0.018083 0 
9401 0.009181 0 
9400 0.027904 1 
9401 0.016401 1 
9402 0.009288 1 
9402 0.023851 0 
9403 0.015983 1 
9403 0.018679 0 
9406 0.005387 1 
9406 0.011672 0 
9407 0.005987 1 
9407 0.014446 0 
9408 0.008181 1 
9408 0.047592 0 
9409 0.031278 0 
9410 0.014972 0 
9409 0.036989 1 
9410 0.020787 1 
9411 0.016242 1 
9411 0.016303 0 
9412 0.005930 1 
9412 0.021463 0 
9413 0.006005 1 
9413 0.013566 0 
9414 0.011400 0 
9415 0.012496 0 
9416 0.010275 1 
9416 0.027223 0 
9417 0.014257 0 
9419 0.006433 1 
9419 0.020748 0 
9421 0.016374 0 
9422 0.009536 1 
9422 0.019561 0 
9423 0.013649 1 
9423 0.015434 0 
9424 0.009630 0 
9424 0.022139 1 
9425 0.008533 1 
9425 0.008582 0 
9426 0.011376 1 
9426 0.011570 0 
9427 0.023310 1 
9427 0.031800 0 
9429 0.007958 0 
9430 0.007021 1 
9430 0.025784 0 
9431 0.009692 1 
9431 0.013734 0 
9432 0.005763 1 
9432 0.020878 0 
9433 0.010149 1 
9434 0.007665 0 
9434 0.021313 1 
9435 0.005029 1 
9435 0.011670 0 
9436 0.007980 1 
9436 0.023932 0 
9437 0.013155 1 
9438 0.006515 0 
9438 0.020780 1 
9439 0.024228 0 
9440 0.019730 1 
9440 0.024979 0 
9441 0.008715 1 
9442 0.005603 1 
9441 0.028309 0 
9442 0.012169 0 
9443 0.006325 1 
9443 0.014089 0 
9445 0.010294 1 
9445 0.014470 0 
9446 0.013313 0 
9447 0.022158 0 
9446 0.041477 1 
9448 0.015490 0 
9449 0.017990 1 
9450 0.012749 0 
9450 0.024181 1 
9451 0.012662 0 
9451 0.034376 1 
9452 0.038208 0 
9453 0.022189 0 
9454 0.009614 0 
9452 0.062485 1 
9453 0.046205 1 
9454 0.030070 1 
9456 0.013350 0 
9458 0.008629 0 
9458 0.036275 1 
9459 0.019845 1 
9459 0.019891 0 
9460 0.010249 0 
9461 0.009966 0 
9461 0.011686 1 
9462 0.012220 1 
9462 0.013698 0 
9463 0.007434 1 
9463 0.007493 0 
9464 0.007024 1 
9464 0.008606 0 
9466 0.014684 1 
9467 0.010805 1 
9468 0.007890 1 
9467 0.027495 0 
9468 0.013398 0 
9469 0.014488 1 
9469 0.016476 0 
9471 0.009936 0 
9471 0.027996 1 
9473 0.010870 1 
9473 0.012280 0 
9474 0.007653 1 
9474 0.013408 0 
9475 0.011559 1 
9475 0.016213 0 
9477 0.007889 0 
9477 0.033026 1 
9478 0.016581 0 
9478 0.027683 1 
9479 0.011215 1 
9479 0.011326 0 
9481 0.012197 0 
9481 0.018093 1 
9482 0.005209 1 
9482 0.007050 0 
9483 0.007346 0 
9483 0.016389 1 
9484 0.022742 1 
9484 0.029300 0 
9485 0.012968 0 
9486 0.008290 0 
9486 0.012416 1 
9487 0.007787 0 
9487 0.014271 1 
9488 0.007090 0 
9488 0.013413 1 
9489 0.010398 0 
9490 0.008619 0 
9490 0.025086 1 
9491 0.011176 0 
9492 0.012574 0 
9491 0.028803 1 
9492 0.012993 1 
9493 0.012200 1 
9493 0.014589 0 
9494 0.011006 1 
9494 0.012565 0 
9495 0.009407 0 
9495 0.010245 1 
9496 0.011152 0 
9497 0.013667 0 
9496 0.032603 1 
9497 0.016362 1 
9498 0.007019 0 
9498 0.009860 1 
9500 0.014293 1 
9501 0.009855 1 
9501 0.011796 0 
9502 0.012859 0 
9503 0.012814 0 
9503 0.017258 1 
9504 0.008634 0 
9505 0.010996 0 
9506 0.011359 1 
9506 0.011422 0 
9508 0.009331 1 
9508 0.010356 0 
9509 0.009695 0 
9509 0.038128 1 
9510 0.021898 1 
9511 0.012121 0 
9512 0.008927 0 
9513 0.006892 0 
9512 0.038243 1 
9513 0.022213 1 
9514 0.010692 0 
9515 0.010463 0 
9515 0.021602 1 
9516 0.011783 0 
9517 0.006221 0 
9517 0.010760 1 
9518 0.008868 0 
9518 0.010440 1 
9519 0.012044 0 
9521 0.019457 0 
9522 0.009164 0 
9521 0.040395 1 
9523 0.011695 0 
9524 0.012485 0 
9522 0.049062 1 
9523 0.032807 1 
9524 0.022460 1 
9525 0.008601 0 
9525 0.015448 1 
9526 0.006133 0 
9526 0.020391 1 
9527 0.018095 0 
9529 0.007323 0 
9530 0.010190 0 
9529 0.029654 1 
9531 0.006520 0 
9531 0.012247 1 
9532 0.015210 0 
9532 0.015365 1 
9534 0.007927 0 
9534 0.016204 1 
9535 0.008911 0 
9535 0.025683 1 
9536 0.012232 0 
9536 0.025087 1 
9537 0.012546 0 
9539 0.012117 0 
9540 0.008887 0 
9539 0.038643 1 
9541 0.009825 0 
9542 0.008306 0 
9541 0.026297 1 
9542 0.015392 1 
9543 0.004630 0 
9543 0.010795 1 
9544 0.011620 1 
9544 0.018779 0 
9546 0.009327 0 
9547 0.012956 0 
9546 0.030608 1 
9548 0.012467 0 
9548 0.022068 1 
9549 0.009792 0 
9549 0.024029 1 
9550 0.012667 0 
9551 0.007484 0 
9552 0.012133 0 
9553 0.025280 0 
9554 0.009000 0 
9556 0.010586 0 
9557 0.007429 0 
9558 0.016214 0 
9559 0.013833 0 
9560 0.009686 0 
9561 0.008423 0 
9562 0.008697 0 
9563 0.006602 0 
9564 0.011238 0 
9565 0.008474 0 
9566 0.009341 0 
9567 0.007409 0 
9568 0.005737 0 
9569 0.015363 0 
9570 0.022269 0 
9571 0.007006 0 
9572 0.023199 0 
9573 0.013224 0 
9574 0.011441 0 
9575 0.016970 0 
9576 0.007157 0 
9577 0.008157 0 
9578 0.008257 0 
9579 0.007288 0 
9580 0.008291 0 
9581 0.008226 0 
9583 0.009805 0 
9583 0.026293 1 
9584 0.011370 1 
9585 0.017861 0 
9586 0.015399 0 
9587 0.006310 0 
9588 0.018456 0 
9589 0.006769 0 
9590 0.018443 0 
9592 0.022126 1 
9592 0.024014 0 
9593 0.020133 0 
9594 0.006622 0 
9595 0.004713 0 
9597 0.004905 0 
9599 0.015528 0 
9600 0.009519 0 
9599 0.030662 1 
9600 0.014250 1 
9601 0.008233 1 
9601 0.018022 0 
9602 0.012617 0 
9605 0.009916 0 
9606 0.007424 0 
9607 0.050366 0 
9608 0.033871 0 
9609 0.020501 0 
9610 0.018051 0 
9611 0.007624 0 
9612 0.007761 0 
9612 0.018320 1 
9613 0.017816 0 
9614 0.006022 0 
9615 0.006864 0 
9616 0.015305 0 
9618 0.019274 0 
9620 0.013602 0 
9621 0.014455 0 
9618 0.069667 1 
9622 0.009317 0 
9623 0.009774 0 
9624 0.014623 0 
9625 0.006324 0 
9626 0.016357 0 
9628 0.010558 0 
9629 0.018879 0 
9630 0.016328 0 
9631 0.008304 0 
9632 0.011106 0 
9633 0.017913 0 
9634 0.015785 0 
9635 0.009836 0 
9636 0.012922 0 
9637 0.010616 0 
9638 0.016264 0 
9639 0.009793 0 
9640 0.009103 0 
9641 0.006655 0 
9642 0.012213 0 
9644 0.016306 0 
9645 0.014545 0 
9646 0.011218 0 
9647 0.018036 0 
9648 0.013710 0 
9649 0.006465 0 
9650 0.011682 0 
9651 0.007987 0 
9652 0.015249 0 
9653 0.017051 0 
9655 0.011751 0 
9657 0.007566 0 
9658 0.025254 0 
9659 0.014606 0 
9660 0.009382 0 
9661 0.007742 0 
9662 0.007614 0 
9663 0.007523 0 
9665 0.009617 0 
9666 0.006403 0 
9667 0.007977 0 
9668 0.008476 0 
9670 0.012578 0 
9672 0.014614 0 
9673 0.010094 0 
9674 0.007652 0 
9676 0.008304 0 
9677 0.016626 0 
9678 0.010005 0 
9680 0.005475 0 
9681 0.012211 0 
9682 0.013952 0 
9683 0.007460 0 
9684 0.017757 0 
9685 0.013289 0 
9686 0.013856 0 
9687 0.012916 0 
9688 0.007163 0 
9689 0.013114 0 
9690 0.012128 0 
9691 0.009258 0 
9692 0.008322 0 
9693 0.006592 0 
9694 0.007605 0 
9695 0.023866 0 
9696 0.021910 0 
9697 0.012577 0 
9699 0.009627 0 
9700 0.012271 0 
9701 0.014132 0 
9702 0.007868 0 
9703 0.017660 0 
9704 0.010163 0 
9705 0.005862 0 
9707 0.011786 0 
9708 0.011215 0 
9709 0.008013 0 
9710 0.013805 0 
9711 0.006450 0 
9712 0.016692 0 
9713 0.016193 0 
9714 0.006664 0 
9715 0.018269 0 
9716 0.014192 0 
9717 0.006142 0 
9718 0.007780 0 
9720 0.008567 0 
9721 0.024321 0 
9722 0.010853 0 
9723 0.017698 0 
9724 0.013068 0 
9725 0.008599 0 
9726 0.006095 0 
9728 0.014082 0 
9729 0.009437 0 
9730 0.009983 0 
9731 0.009265 0 
9733 0.009290 0 
9734 0.011481 0 
9735 0.006361 0 
9736 0.010643 0 
9738 0.006738 0 
9739 0.010197 0 
9740 0.011907 0 
9741 0.014328 0 
9742 0.009014 0 
9743 0.005767 0 
9745 0.006562 0 
9746 0.013120 0 
9747 0.023080 0 
9748 0.013484 0 
9749 0.009612 0 
9750 0.009538 0 
9751 0.007786 0 
9752 0.022937 0 
9753 0.011134 0 
9755 0.006950 0 
9756 0.007729 0 
9757 0.009797 0 
9758 0.008205 0 
9759 0.008939 0 
9760 0.006876 0 
9761 0.018455 0 
9762 0.006566 0 
9763 0.007412 0 
9764 0.010566 0 
9765 0.010980 0 
9766 0.008044 0 
9767 0.014909 0 
9768 0.008490 0 
9769 0.015409 0 
9770 0.015458 0 
9771 0.012221 0 
9772 0.016618 0 
9773 0.008989 0 
9774 0.006370 0 
9775 0.009586 0 
9776 0.009604 0 
9777 0.013805 0 
9778 0.014673 0 
9779 0.005389 0 
9780 0.018940 0 
9782 0.008321 0 
9783 0.015153 0 
9784 0.010169 0 
9785 0.015583 0 
9786 0.007172 0 
9787 0.027596 0 
9788 0.013260 0 
9789 0.008049 0 
9791 0.018461 0 
9792 0.011091 0 
9793 0.006045 0 
9794 0.005716 0 
9796 0.010592 0 
9798 0.014087 0 
9799 0.018303 0 
9800 0.014883 0 
9801 0.018435 0 
9804 0.016178 0 
9805 0.007211 0 
9806 0.015173 0 
9807 0.034076 0 
9808 0.019845 0 
9809 0.019054 0 
9810 0.006517 0 
9811 0.013672 0 
9812 0.009210 0 
9813 0.006713 0 
9814 0.032215 0 
9815 0.015951 0 
9817 0.011268 0 
9819 0.020283 0 
9820 0.008023 0 
9821 0.010377 0 
9822 0.007545 0 
9823 0.012874 0 
9824 0.008404 0 
9825 0.014897 0 
9827 0.010944 0 
9828 0.014550 0 
9829 0.006809 0 
9830 0.022394 0 
9831 0.013560 0 
9832 0.011091 0 
9833 0.008997 0 
9834 0.015554 0 
9835 0.012806 0 
9836 0.010152 0 
9837 0.012447 0 
9838 0.015240 0 
9839 0.007878 0 
9840 0.026219 0 
9841 0.019796 0 
9843 0.015495 0 
9844 0.011450 0 
9845 0.015172 0 
9846 0.017864 0 
9847 0.008032 0 
9848 0.017885 0 
9849 0.010276 0 
9850 0.010807 0 
9851 0.013437 0 
9852 0.006889 0 
9854 0.016080 0 
9856 0.008241 0 
9857 0.010406 0 
9858 0.010630 0 
9859 0.015126 0 
9860 0.012029 0 
9861 0.014524 0 
9862 0.007139 0 
9864 0.007563 0 
9865 0.010297 0 
9866 0.013806 0 
9867 0.015032 0 
9869 0.010900 0 
9871 0.030432 0 
9872 0.014150 0 
9873 0.015881 0 
9875 0.014629 0 
9876 0.013601 0 
9877 0.034386 0 
9879 0.007535 0 
9880 0.006518 0 
9881 0.010845 0 
9882 0.007878 0 
9883 0.013302 0 
9884 0.008186 0 
9885 0.017195 0 
9886 0.013720 0 
9887 0.028641 0 
9888 0.019215 0 
9889 0.010976 0 
9890 0.025469 0 
9891 0.014491 0 
9892 0.007589 0 
9893 0.008434 0 
9894 0.008866 0 
9895 0.009370 0 
9896 0.007132 0 
9898 0.011928 0 
9899 0.007545 0 
9900 0.007526 0 
9901 0.006905 0 
9902 0.014717 0 
9903 0.014423 0 
9904 0.011734 0 
9906 0.016479 0 
9907 0.007649 0 
9908 0.006951 0 
9909 0.018404 0 
9910 0.011001 0 
9911 0.007018 0 
9912 0.012636 0 
9913 0.009044 0 
9914 0.010846 0 
9915 0.015196 0 
9916 0.015603 0 
9917 0.028370 0 
9919 0.009068 0 
9920 0.010817 0 
9921 0.013736 0 
9922 0.016052 0 
9923 0.010131 0 
9924 0.026566 0 
9925 0.014796 0 
9927 0.023034 0 
9928 0.007415 0 
9929 0.022033 0 
9930 0.015993 0 
9932 0.011207 0 
9933 0.008598 0 
9934 0.024204 0 
9935 0.007925 0 
9937 0.011744 0 
9938 0.016933 0 
9939 0.011833 0 
9940 0.007517 0 
9941 0.026530 0 
9942 0.018909 0 
9944 0.009892 0 
9945 0.012829 0 
9946 0.022081 0 
9947 0.010161 0 
9948 0.011980 0 
9949 0.008455 0 
9950 0.013947 0 
9951 0.010721 0 
9952 0.008617 0 
9954 0.008823 0 
9955 0.007379 0 
9956 0.013946 0 
9957 0.018751 0 
9958 0.009681 0 
9959 0.015947 0 
9960 0.013618 0 
9961 0.009249 0 
9962 0.015316 0 
9963 0.009363 0 
9964 0.016468 0 
9965 0.009413 0 
9966 0.006398 0 
9967 0.006460 0 
9968 0.007299 0 
9969 0.013387 0 
9970 0.008655 0 
9971 0.008869 0 
9972 0.006946 0 
9973 0.007351 0 
9974 0.015386 0 
9975 0.007589 0 
9976 0.007310 0 
9977 0.011182 0 
9978 0.014744 0 
9979 0.012155 0 
9981 0.014780 0 
9982 0.011129 0 
9983 0.008372 0 
9984 0.022710 0 
9985 0.026956 0 
9986 0.018088 0 
9987 0.012046 0 
9988 0.006799 0 
9990 0.019524 0 
9991 0.012882 0 
9992 0.010177 0 
9993 0.007341 0 
9995 0.008734 0 
9997 0.012819 0 
9998 0.011155 0 
9999 0.028762 0 
10000 0.020262 0 
10003 0.020189 0 
10004 0.012669 0 
10005 0.018749 0 
10006 0.040634 0 
10007 0.024579 0 
10008 0.014955 0 
10009 0.008584 0 
10010 0.008527 0 
10011 0.008121 0 
10012 0.014431 0 
10013 0.012368 0 
10014 0.016216 0 
10016 0.016460 0 
10018 0.018204 0 
10019 0.009073 0 
10020 0.024500 0 
10021 0.022020 0 
10022 0.021557 0 
10023 0.011085 0 
10024 0.019288 0 
10026 0.011839 0 
10027 0.016219 0 
10028 0.010200 0 
10029 0.016839 0 
10030 0.008897 0 
10031 0.008953 0 
10032 0.006983 0 
10033 0.014292 0 
10034 0.016227 0 
10035 0.027029 0 
10036 0.015416 0 
10037 0.017703 0 
10038 0.012171 0 
10039 0.013278 0 
10040 0.021318 0 
10042 0.026386 0 
10043 0.020291 0 
10044 0.027057 0 
10045 0.045990 0 
10046 0.029750 0 
10047 0.013488 0 
10048 0.011238 0 
10049 0.014947 0 
10050 0.010194 0 
10051 0.011725 0 
10053 0.018615 0 
10055 0.010044 0 
10056 0.013847 0 
10057 0.007725 0 
10058 0.018950 0 
10059 0.028775 0 
10060 0.026432 0 
10061 0.010114 0 
10063 0.011661 0 
10064 0.010005 0 
10065 0.019843 0 
10066 0.010850 0 
10068 0.020058 0 
10070 0.008237 0 
10071 0.014069 0 
10072 0.008417 0 
10074 0.013447 0 
10075 0.010963 0 
10076 0.009003 0 
10078 0.018347 0 
10079 0.021248 0 
10080 0.014920 0 
10081 0.029650 0 
10082 0.013331 0 
10083 0.042786 0 
10084 0.033557 0 
10085 0.016187 0 
10086 0.044205 0 
10087 0.027870 0 
10088 0.011538 0 
10089 0.029415 0 
10090 0.013134 0 
10091 0.012578 0 
10092 0.019237 0 
10093 0.015332 0 
10094 0.017400 0 
10095 0.010964 0 
10097 0.030254 0 
10098 0.033685 0 
10099 0.017500 0 
10100 0.016233 0 
10101 0.020182 0 
10102 0.016722 0 
10103 0.015389 0 
10105 0.016882 0 
10106 0.017361 0 
10107 0.023978 0 
10108 0.007404 0 
10109 0.006676 0 
10110 0.015477 0 
10111 0.006447 0 
10112 0.014282 0 
10113 0.010448 0 
10114 0.023838 0 
10115 0.016404 0 
10116 0.021617 0 
10118 0.030073 0 
10119 0.013584 0 
10120 0.013263 0 
10121 0.028486 0 
10122 0.012217 0 
10123 0.032442 0 
10124 0.015640 0 
10126 0.009992 0 
10127 0.016761 0 
10128 0.024846 0 
10129 0.016182 0 
10131 0.020136 0 
10132 0.018507 0 
10133 0.031955 0 
10134 0.016091 0 
10136 0.009728 0 
10137 0.013776 0 
10138 0.021158 0 
10139 0.038665 0 
10140 0.022509 0 
10141 0.015726 0 
10143 0.017744 0 
10144 0.007183 0 
10145 0.009768 0 
10146 0.014487 0 
10147 0.011675 0 
10148 0.011563 0 
10149 0.012219 0 
10150 0.024223 0 
10151 0.008007 0 
10153 0.013323 0 
10154 0.011454 0 
10155 0.030942 0 
10156 0.014557 0 
10157 0.021685 0 
10158 0.009144 0 
10159 0.011235 0 
10160 0.026190 0 
10161 0.009907 0 
10162 0.008810 0 
10163 0.017380 0 
10164 0.010229 0 
10165 0.031288 0 
10166 0.031112 0 
10167 0.014510 0 
10168 0.016659 0 
10169 0.030062 0 
10170 0.013666 0 
10171 0.012582 0 
10172 0.028914 0 
10173 0.012399 0 
10174 0.018438 0 
10175 0.019064 0 
10176 0.025434 0 
10177 0.009101 0 
10178 0.012414 0 
10180 0.029249 0 
10181 0.025768 0 
10182 0.025404 0 
10183 0.051654 0 
10184 0.035348 0 
10185 0.019708 0 
10186 0.021178 0 
10187 0.035483 0 
10189 0.026633 0 
10190 0.030297 0 
10191 0.014150 0 
10192 0.008769 0 
10194 0.006042 0 
10196 0.015144 0 
10197 0.058280 0 
10198 0.052314 0 
10199 0.035619 0 
10202 0.011840 0 
10203 0.014307 0 
10204 0.016768 0 
10205 0.031353 0 
10206 0.020279 0 
10207 0.023288 0 
10208 0.033652 0 
10209 0.019380 0 
10210 0.021974 0 
10211 0.013140 0 
10212 0.013115 0 
10213 0.007202 0 
10215 0.016723 0 
10217 0.026129 0 
10218 0.011891 0 
10219 0.012771 0 
10220 0.010843 0 
10221 0.022883 0 
10222 0.007907 0 
10223 0.015203 0 
10225 0.017878 0 
10226 0.010064 0 
10227 0.016090 0 
10228 0.009984 0 
10229 0.013668 0 
10230 0.021892 0 
10231 0.027084 0 
10232 0.035406 0 
10233 0.045259 0 
10234 0.028701 0 
10235 0.033386 0 
10236 0.016097 0 
10237 0.007885 0 
10238 0.010422 0 
10239 0.009647 0 
10241 0.024472 0 
10242 0.024922 0 
10243 0.022743 0 
10244 0.043215 0 
10245 0.026818 0 
10246 0.025763 0 
10247 0.026014 0 
10248 0.009498 0 
10249 0.016953 0 
10250 0.014985 0 
10252 0.026059 0 
10254 0.026324 0 
10255 0.014673 0 
10256 0.017356 0 
10257 0.052602 0 
10258 0.036414 0 
10259 0.028999 0 
10260 0.012724 0 
10262 0.011176 0 
10263 0.015349 0 
10264 0.007643 0 
10265 0.010042 0 
10267 0.012907 0 
10269 0.015939 0 
10270 0.007706 0 
10271 0.011441 0 
10273 0.009010 0 
10274 0.011341 0 
10275 0.007676 0 
10277 0.010134 0 
10278 0.010816 0 
10279 0.017605 0 
10280 0.035128 0 
10281 0.049040 0 
10282 0.031440 0 
10283 0.036608 0 
10284 0.020347 0 
10285 0.024859 0 
10286 0.012321 0 
10287 0.013046 0 
10288 0.011319 0 
10289 0.026287 0 
10290 0.009837 0 
10291 0.042137 0 
10292 0.025538 0 
10293 0.008753 0 
10294 0.053421 0 
10296 0.036279 0 
10297 0.019084 0 
10298 0.021742 0 
10299 0.014839 0 
10300 0.029908 0 
10301 0.026937 0 
10302 0.024210 0 
10304 0.009679 0 
10305 0.011611 0 
10306 0.008721 0 
10307 0.037464 0 
10308 0.021177 0 
10309 0.029382 0 
10310 0.013124 0 
10311 0.007888 0 
10312 0.006375 0 
10313 0.007783 0 
10314 0.016697 0 
10315 0.027100 0 
10317 0.008438 0 
10318 0.018010 0 
10319 0.006574 0 
10320 0.016968 0 
10321 0.035211 0 
10322 0.018967 0 
10323 0.018874 0 
10325 0.010871 0 
10326 0.014281 0 
10327 0.028600 0 
10328 0.021176 0 
10330 0.013206 0 
10331 0.027684 0 
10332 0.017609 0 
10333 0.011929 0 
10335 0.012853 0 
10336 0.016939 0 
10337 0.010878 0 
10338 0.019591 0 
10339 0.006771 0 
10340 0.015976 0 
10342 0.022931 0 
10343 0.014732 0 
10344 0.011397 0 
10345 0.009146 0 
10346 0.026793 0 
10347 0.010536 0 
10348 0.020118 0 
10349 0.011930 0 
10350 0.009319 0 
10352 0.028670 0 
10353 0.012146 0 
10354 0.010778 0 
10355 0.008370 0 
10356 0.008552 0 
10357 0.007615 0 
10358 0.009905 0 
10359 0.011549 0 
10360 0.017407 0 
10361 0.020398 0 
10362 0.022136 0 
10363 0.013237 0 
10364 0.035909 0 
10365 0.019651 0 
10366 0.012842 0 
10367 0.014596 0 
10368 0.016683 0 
10369 0.010314 0 
10370 0.009315 0 
10371 0.015144 0 
10372 0.011711 0 
10373 0.024347 0 
10374 0.008062 0 
10375 0.010175 0 
10376 0.006413 0 
10377 0.010258 0 
10379 0.026604 0 
10380 0.046418 0 
10381 0.030056 0 
10382 0.040945 0 
10383 0.027892 0 
10384 0.015351 0 
10385 0.016984 0 
10386 0.023590 0 
10388 0.031098 0 
10389 0.014806 0 
10390 0.023146 0 
10391 0.006772 0 
10393 0.013921 0 
10395 0.037366 0 
10396 0.020382 0 
10397 0.038595 0 
10398 0.022231 0 
10401 0.025343 0 
10402 0.017153 0 
10403 0.029682 0 
10404 0.038642 0 
10405 0.022441 0 
10406 0.049861 0 
10407 0.034044 0 
10408 0.017674 0 
10409 0.021698 0 
10410 0.008177 0 
10411 0.022854 0 
10412 0.020845 0 
10414 0.023494 0 
10416 0.010725 0 
10417 0.033252 0 
10418 0.016981 0 
10419 0.030079 0 
10420 0.013882 0 
10421 0.011965 0 
10422 0.016849 0 
10424 0.007673 0 
10425 0.017148 0 
10426 0.009305 0 
10427 0.011871 0 
10428 0.013186 0 
10429 0.020382 0 
10430 0.018335 0 
10431 0.023468 0 
10432 0.018365 0 
10433 0.023053 0 
10434 0.013402 0 
10435 0.020192 0 
10436 0.029013 0 
10437 0.017473 0 
10438 0.019000 0 
10440 0.019577 0 
10441 0.026757 0 
10442 0.034463 0 
10443 0.019360 0 
10444 0.015028 0 
10445 0.026926 0 
10446 0.010648 0 
10447 0.009635 0 
10448 0.010327 0 
10449 0.027453 0 
10451 0.014973 0 
10453 0.012871 0 
10454 0.011735 0 
10455 0.008428 0 
10456 0.014085 0 
10457 0.014626 0 
10458 0.028943 0 
10459 0.040327 0 
10461 0.019205 0 
10462 0.033152 0 
10463 0.016730 0 
10464 0.022374 0 
10466 0.035099 0 
10468 0.060461 0 
10469 0.050918 0 
10470 0.047455 0 
10472 0.015385 0 
10473 0.024256 0 
10474 0.066916 0 
10476 0.034035 0 
10477 0.049984 0 
10478 0.033954 0 
10479 0.017743 0 
10480 0.033208 0 
10481 0.017080 0 
10482 0.016538 0 
10483 0.038020 0 
10484 0.021739 0 
10478 0.127538 1 
10479 0.111265 1 
10480 0.095398 1 
10481 0.078971 1 
10482 0.062517 1 
10485 0.018083 1 
10485 0.021554 0 
10486 0.016644 0 
10486 0.027457 1 
10487 0.011292 1 
10487 0.023563 0 
10488 0.007105 0 
10488 0.025880 1 
10489 0.033943 0 
10490 0.016412 0 
10491 0.006550 0 
10490 0.028792 1 
10492 0.012921 0 
10491 0.030929 1 
10492 0.023122 1 
10493 0.006740 1 
10493 0.028194 0 
10495 0.018021 0 
10496 0.022338 0 
10495 0.038757 1 
10497 0.031834 1 
10498 0.016194 1 
10497 0.041801 0 
10498 0.025466 0 
10499 0.018141 0 
10500 0.032768 1 
10501 0.031699 1 
10500 0.053599 0 
10501 0.050021 0 
10503 0.017538 0 
10503 0.032565 1 
10504 0.024700 0 
10505 0.008477 0 
10506 0.011332 0 
10504 0.049692 1 
10505 0.033473 1 
10506 0.017142 1 
10507 0.008401 0 
10508 0.009763 0 
10507 0.036666 1 
10508 0.037086 1 
10509 0.020658 1 
10510 0.016238 0 
10510 0.022426 1 
10511 0.019925 1 
10511 0.019994 0 
10512 0.007722 0 
10512 0.015315 1 
10513 0.032235 1 
10514 0.015991 1 
10514 0.017653 0 
10516 0.011733 1 
10516 0.013588 0 
10517 0.015640 0 
10517 0.019994 1 
10518 0.011117 1 
10518 0.013634 0 
10519 0.023717 0 
10520 0.007452 0 
10519 0.035213 1 
10521 0.016433 0 
10522 0.005495 0 
10520 0.044870 1 
10521 0.028338 1 
10522 0.015445 1 
10524 0.019285 0 
10524 0.022968 1 
10525 0.011310 0 
10526 0.009941 0 
10527 0.007998 0 
10525 0.052399 1 
10526 0.036197 1 
10527 0.019980 1 
10529 0.011391 0 
10530 0.009920 0 
10529 0.031688 1 
10531 0.015400 1 
10531 0.016612 0 
10532 0.020803 0 
10532 0.032983 1 
10534 0.012455 1 
10534 0.021491 0 
10535 0.009256 1 
10535 0.014987 0 
10536 0.011290 1 
10537 0.014364 1 
10536 0.035116 0 
10537 0.018508 0 
10538 0.016889 0 
10539 0.022304 0 
10538 0.039743 1 
10541 0.013714 1 
10541 0.016327 0 
10542 0.021864 0 
10543 0.020838 1 
10543 0.029033 0 
10544 0.012600 0 
10545 0.012982 0 
10544 0.029450 1 
10545 0.015238 1 
10546 0.018348 1 
10546 0.018414 0 
10547 0.012269 1 
10547 0.025608 0 
10548 0.009097 0 
10548 0.017804 1 
10549 0.017262 0 
10549 0.021702 1 
10551 0.014847 0 
10552 0.011824 0 
10553 0.031619 0 
10554 0.015448 0 
10555 0.015182 0 
10556 0.014444 0 
10557 0.029157 0 
10558 0.012949 0 
10559 0.034759 0 
10560 0.018353 0 
10561 0.015701 0 
10562 0.019428 0 
10563 0.011078 0 
10564 0.016970 0 
10565 0.020935 0 
10566 0.024585 0 
10567 0.049049 0 
10568 0.032737 0 
10569 0.018301 0 
10570 0.026355 0 
10571 0.010006 0 
10572 0.027584 0 
10573 0.014911 0 
10574 0.011155 0 
10575 0.037599 0 
10576 0.021338 0 
10578 0.025438 0 
10579 0.036496 0 
10580 0.020193 0 
10581 0.023927 0 
10582 0.011448 0 
10583 0.018481 0 
10584 0.028041 0 
10585 0.015517 0 
10587 0.033927 0 
10588 0.020727 0 
10589 0.026378 0 
10590 0.010059 0 
10592 0.026152 0 
10594 0.018860 0 
10595 0.016583 0 
10596 0.032877 0 
10597 0.035358 0 
10600 0.019276 0 
10601 0.014475 0 
10602 0.025705 0 
10603 0.027744 0 
10604 0.011681 0 
10605 0.028940 0 
10606 0.015541 0 
10607 0.009022 0 
10608 0.005823 0 
10609 0.006469 0 
10610 0.016276 0 
10611 0.014330 0 
10613 0.013858 0 
10615 0.033977 0 
10616 0.025614 0 
10617 0.010559 0 
10618 0.030752 0 
10619 0.014325 0 
10620 0.038198 0 
10621 0.021954 0 
10623 0.101206 0 
10624 0.084092 0 
10625 0.067535 0 
10626 0.067038 0 
10627 0.050179 0 
10628 0.034165 0 
10629 0.018377 0 
10630 0.006834 0 
10631 0.014026 0 
10632 0.017753 0 
10633 0.036848 0 
10634 0.027209 0 
10635 0.010881 0 
10636 0.031359 0 
10637 0.015090 0 
10639 0.059515 0 
10640 0.043133 0 
10641 0.026981 0 
10642 0.028557 0 
10643 0.012223 0 
10644 0.035947 0 
10645 0.029377 0 
10646 0.028009 0 
10647 0.011688 0 
10648 0.014277 0 
10650 0.015976 0 
10652 0.019741 0 
10653 0.033356 0 
10654 0.017129 0 
10655 0.013913 0 
10656 0.031979 0 
10657 0.015296 0 
10658 0.016254 0 
10660 0.010348 0 
10661 0.013084 0 
10662 0.008508 0 
10663 0.015486 0 
10665 0.010742 0 
10667 0.016572 0 
10668 0.025677 0 
10669 0.009004 0 
10671 0.009839 0 
10672 0.030268 0 
10673 0.024893 0 
10675 0.007531 0 
10676 0.020413 0 
10677 0.011816 0 
10678 0.017042 0 
10679 0.011445 0 
10680 0.018331 0 
10681 0.016721 0 
10682 0.035248 0 
10683 0.019073 0 
10684 0.017824 0 
10685 0.008207 0 
10686 0.010193 0 
10687 0.011747 0 
10688 0.014020 0 
10689 0.020495 0 
10690 0.012958 0 
10691 0.008925 0 
10692 0.012081 0 
10694 0.015767 0 
10695 0.031038 0 
10696 0.014876 0 
10697 0.038759 0 
10698 0.022412 0 
10699 0.026830 0 
10700 0.020865 0 
10702 0.017666 0 
10703 0.041158 0 
10704 0.024825 0 
10705 0.013427 0 
10706 0.014107 0 
10707 0.036931 0 
10708 0.039778 0 
10709 0.023534 0 
10710 0.007113 0 
10711 0.017772 0 
10712 0.012556 0 
10713 0.023116 0 
10715 0.013422 0 
10716 0.014775 0 
10717 0.042052 0 
10718 0.029345 0 
10719 0.016421 0 
10720 0.007233 0 
10721 0.028372 0 
10723 0.009861 0 
10724 0.020737 0 
10725 0.009624 0 
10726 0.032631 0 
10728 0.011165 0 
10729 0.009797 0 
10730 0.019995 0 
10731 0.044445 0 
10733 0.012016 0 
10734 0.025360 0 
10735 0.009207 0 
10736 0.010643 0 
10737 0.010302 0 
10738 0.006525 0 
10740 0.009508 0 
10741 0.008971 0 
10742 0.012444 0 
10743 0.016603 0 
10744 0.024713 0 
10745 0.025702 0 
10746 0.021590 0 
10747 0.025070 0 
10748 0.012209 0 
10750 0.009410 0 
10751 0.019742 0 
10752 0.020432 0 
10753 0.013624 0 
10754 0.009662 0 
10755 0.014491 0 
10756 0.012604 0 
10757 0.019121 0 
10758 0.018239 0 
10759 0.015793 0 
10760 0.009975 0 
10761 0.015525 0 
10762 0.014703 0 
10763 0.027223 0 
10764 0.010952 0 
10765 0.018855 0 
10766 0.033746 0 
10767 0.018316 0 
10768 0.012577 0 
10769 0.011176 0 
10770 0.019093 0 
10771 0.020320 0 
10772 0.016378 0 
10773 0.012287 0 
10774 0.006848 0 
10775 0.006011 0 
10777 0.038661 0 
10778 0.022747 0 
10779 0.010655 0 
10780 0.018198 0 
10781 0.008687 0 
10782 0.017735 0 
10783 0.012780 0 
10784 0.007636 0 
10786 0.018205 0 
10787 0.017184 0 
10788 0.030899 0 
10789 0.014776 0 
10791 0.006793 0 
10793 0.019509 0 
10794 0.040720 0 
10795 0.024287 0 
10796 0.019490 0 
10799 0.029921 0 
10800 0.013867 0 
10801 0.013889 0 
10802 0.036255 0 
10803 0.021333 0 
10804 0.011496 0 
10805 0.011649 0 
10806 0.007785 0 
10807 0.017114 0 
10808 0.013877 0 
10809 0.013629 0 
10810 0.011458 0 
10812 0.015599 0 
10814 0.019948 0 
10815 0.015612 0 
10816 0.017137 0 
10817 0.019660 0 
10818 0.010932 0 
10819 0.010900 0 
10820 0.012732 0 
10822 0.012879 0 
10823 0.013124 0 
10824 0.012572 0 
10825 0.012217 0 
10826 0.017349 0 
10827 0.017384 0 
10828 0.008985 0 
10829 0.025554 0 
10830 0.009383 0 
10831 0.020856 0 
10832 0.012303 0 
10833 0.024067 0 
10834 0.007734 0 
10835 0.011822 0 
10836 0.021086 0 
10838 0.020684 0 
10839 0.020288 0 
10840 0.014775 0 
10841 0.017128 0 
10842 0.012394 0 
10843 0.013643 0 
10844 0.018483 0 
10845 0.009336 0 
10846 0.007960 0 
10847 0.008096 0 
10849 0.009722 0 
10851 0.020916 0 
10852 0.019433 0 
10853 0.019630 0 
10854 0.013567 0 
10855 0.008157 0 
10856 0.007699 0 
10857 0.009987 0 
10859 0.009057 0 
10860 0.027082 0 
10861 0.010953 0 
10862 0.013815 0 
10864 0.009549 0 
10866 0.007872 0 
10867 0.009870 0 
10868 0.009907 0 
10870 0.014573 0 
10871 0.010460 0 
10872 0.016550 0 
10874 0.008438 0 
10875 0.012698 0 
10876 0.026547 0 
10877 0.011194 0 
10878 0.016700 0 
10879 0.021163 0 
10880 0.014005 0 
10881 0.006721 0 
10882 0.017448 0 
10883 0.011297 0 
10884 0.012583 0 
10885 0.014912 0 
10886 0.010040 0 
10887 0.018281 0 
10888 0.011695 0 
10889 0.017363 0 
10890 0.007180 0 
10891 0.008451 0 
10893 0.012392 0 
10894 0.011200 0 
10895 0.025605 0 
10896 0.009204 0 
10897 0.015736 0 
10898 0.023251 0 
10899 0.006816 0 
10901 0.033213 0 
10902 0.016939 0 
10903 0.012397 0 
10904 0.010396 0 
10905 0.007650 0 
10906 0.014667 0 
10907 0.009873 0 
10908 0.014433 0 
10909 0.008321 0 
10910 0.006318 0 
10911 0.009700 0 
10912 0.006509 0 
10914 0.024402 0 
10915 0.029036 0 
10916 0.012736 0 
10917 0.014583 0 
10918 0.005676 0 
10919 0.027360 0 
10920 0.011131 0 
10922 0.017736 0 
10923 0.021111 0 
10924 0.013905 0 
10925 0.014258 0 
10927 0.006928 0 
10928 0.012855 0 
10929 0.010817 0 
10930 0.008729 0 
10932 0.008812 0 
10933 0.010425 0 
10934 0.006254 0 
10935 0.025407 0 
10936 0.008481 0 
10937 0.019524 0 
10939 0.011482 0 
10940 0.007735 0 
10941 0.011276 0 
10942 0.011361 0 
10943 0.014468 0 
10944 0.025897 0 
10945 0.016373 0 
10946 0.019012 0 
10947 0.013435 0 
10949 0.012085 0 
10950 0.014678 0 
10951 0.011466 0 
10952 0.009184 0 
10953 0.018788 0 
10954 0.014701 0 
10955 0.012388 0 
10956 0.015919 0 
10957 0.008293 0 
10958 0.016058 0 
10959 0.008990 0 
10960 0.012569 0 
10961 0.011429 0 
10962 0.009868 0 
10963 0.049712 0 
10964 0.033052 0 
10965 0.019381 0 
10966 0.009864 0 
10967 0.011649 0 
10968 0.008425 0 
10969 0.020637 0 
10970 0.014199 0 
10971 0.010998 0 
10972 0.013380 0 
10973 0.013068 0 
10974 0.022955 0 
10976 0.009552 0 
10977 0.018763 0 
10978 0.012814 0 
10979 0.013444 0 
10980 0.015377 0 
10981 0.026705 0 
10982 0.010044 0 
10983 0.017788 0 
10985 0.028377 0 
10986 0.014988 0 
10987 0.013090 0 
10988 0.014416 0 
10990 0.015160 0 
10992 0.016114 0 
10993 0.011431 0 
10994 0.018875 0 
10995 0.015259 0 
10998 0.016931 0 
10999 0.010525 0 
11000 0.016074 0 
11001 0.033896 0 
11002 0.017573 0 
11003 0.021311 0 
11004 0.009665 0 
11005 0.010746 0 
11006 0.017129 0 
11007 0.026284 0 
11008 0.010004 0 
11009 0.009041 0 
11011 0.012193 0 
11013 0.017460 0 
11014 0.012147 0 
11015 0.009388 0 
11016 0.008209 0 
11017 0.006486 0 
11018 0.011874 0 
11019 0.011380 0 
11021 0.009400 0 
11022 0.018068 0 
11023 0.012976 0 
11024 0.009186 0 
11025 0.017801 0 
11026 0.008231 0 
11027 0.013818 0 
11028 0.011577 0 
11029 0.010254 0 
11030 0.032146 0 
11031 0.015979 0 
11032 0.025329 0 
11033 0.012113 0 
11034 0.011087 0 
11035 0.015353 0 
11037 0.043398 0 
11038 0.053007 0 
11039 0.040751 0 
11040 0.024277 0 
11041 0.012674 0 
11042 0.016309 0 
11043 0.011721 0 
11044 0.017035 0 
11045 0.012299 0 
11046 0.008503 0 
11048 0.023373 0 
11050 0.010438 0 
11051 0.008373 0 
11052 0.007665 0 
11053 0.014751 0 
11054 0.005991 0 
11055 0.011009 0 
11056 0.010969 0 
11058 0.017086 0 
11059 0.016984 0 
11060 0.014687 0 
11061 0.020898 0 
11063 0.010020 0 
11065 0.011214 0 
11066 0.014151 0 
11067 0.006084 0 
11069 0.008837 0 
11070 0.008972 0 
11071 0.007480 0 
11073 0.012571 0 
11074 0.012595 0 
11075 0.011722 0 
11076 0.014081 0 
11077 0.010615 0 
11078 0.015232 0 
11079 0.009116 0 
11080 0.008214 0 
11081 0.015455 0 
11082 0.015040 0 
11083 0.014682 0 
11084 0.072044 0 
11085 0.055587 0 
11086 0.038787 0 
11087 0.031975 0 
11088 0.015501 0 
11089 0.006912 0 
11090 0.008718 0 
11092 0.008657 0 
11093 0.006610 0 
11094 0.012467 0 
11095 0.023673 0 
11096 0.009612 0 
11097 0.010130 0 
11098 0.014051 0 
11100 0.018007 0 
11101 0.018149 0 
11102 0.027161 0 
11103 0.011047 0 
11104 0.008134 0 
11105 0.009698 0 
11106 0.012638 0 
11107 0.016954 0 
11108 0.009914 0 
11109 0.024109 0 
11110 0.016066 0 
11111 0.021240 0 
11113 0.024589 0 
11114 0.019751 0 
11115 0.014765 0 
11116 0.010818 0 
11117 0.006064 0 
11118 0.010823 0 
11119 0.023838 0 
11121 0.013619 0 
11122 0.015094 0 
11123 0.016445 0 
11124 0.013046 0 
11126 0.015092 0 
11127 0.009983 0 
11128 0.013821 0 
11129 0.023066 0 
11131 0.007475 0 
11132 0.023231 0 
11133 0.021944 0 
11134 0.022717 0 
11135 0.012188 0 
11136 0.012042 0 
11138 0.016096 0 
11139 0.010527 0 
11140 0.011034 0 
11141 0.011910 0 
11142 0.008990 0 
11143 0.040687 0 
11144 0.024373 0 
11145 0.013939 0 
11146 0.010391 0 
11148 0.008834 0 
11149 0.029808 0 
11150 0.015457 0 
11151 0.028977 0 
11152 0.012861 0 
11153 0.009082 0 
11154 0.019191 0 
11155 0.009852 0 
11156 0.008271 0 
11157 0.020070 0 
11158 0.011198 0 
11159 0.013120 0 
11160 0.015939 0 
11161 0.007579 0 
11162 0.025461 0 
11163 0.010231 0 
11164 0.009487 0 
11165 0.019791 0 
11166 0.008974 0 
11167 0.016425 0 
11168 0.007576 0 
11169 0.017202 0 
11170 0.015052 0 
11171 0.009289 0 
11172 0.010749 0 
11173 0.014150 0 
11175 0.018283 0 
11176 0.016555 0 
11177 0.021930 0 
11178 0.024256 0 
11179 0.008963 0 
11180 0.013699 0 
11181 0.017373 0 
11182 0.029094 0 
11184 0.018018 0 
11185 0.022866 0 
11186 0.010791 0 
11187 0.010728 0 
11189 0.009059 0 
11191 0.018569 0 
11192 0.014858 0 
11193 0.016032 0 
11194 0.025455 0 
11197 0.011618 0 
11198 0.019277 0 
11199 0.023403 0 
11200 0.030510 0 
11201 0.017829 0 
11202 0.015421 0 
11203 0.008264 0 
11204 0.010773 0 
11205 0.009756 0 
11206 0.008648 0 
11207 0.027650 0 
11208 0.012918 0 
11210 0.030438 0 
11212 0.024195 0 
11213 0.023857 0 
11214 0.009838 0 
11215 0.024109 0 
11216 0.007531 0 
11217 0.029115 0 
11218 0.012805 0 
11220 0.024597 0 
11221 0.020157 0 
11222 0.009278 0 
11223 0.022858 0 
11224 0.012606 0 
11225 0.009133 0 
11226 0.016109 0 
11227 0.019359 0 
11228 0.012125 0 
11229 0.012924 0 
11230 0.017061 0 
11231 0.010656 0 
11232 0.013576 0 
11233 0.008838 0 
11234 0.009425 0 
11236 0.015605 0 
11237 0.028628 0 
11238 0.024545 0 
11239 0.012301 0 
11240 0.009161 0 
11241 0.012506 0 
11242 0.012599 0 
11243 0.026639 0 
11244 0.010386 0 
11245 0.018342 0 
11247 0.014781 0 
11249 0.017350 0 
11250 0.026545 0 
11251 0.010339 0 
11252 0.016619 0 
11253 0.006583 0 
11254 0.016846 0 
11255 0.012961 0 
11257 0.020301 0 
11258 0.009808 0 
11259 0.019471 0 
11260 0.008293 0 
11262 0.020967 0 
11264 0.018117 0 
11265 0.014963 0 
11266 0.007683 0 
11268 0.015118 0 
11269 0.014267 0 
11270 0.010998 0 
11272 0.010426 0 
11273 0.013402 0 
11274 0.016838 0 
11275 0.030110 0 
11276 0.013896 0 
11277 0.019255 0 
11278 0.011336 0 
11279 0.019419 0 
11280 0.010379 0 
11281 0.011354 0 
11282 0.011457 0 
11283 0.008088 0 
11284 0.020739 0 
11285 0.008781 0 
11286 0.016122 0 
11287 0.011320 0 
11288 0.019350 0 
11289 0.009709 0 
11291 0.030100 0 
11292 0.013673 0 
11293 0.011696 0 
11294 0.028323 0 
11295 0.011974 0 
11296 0.013044 0 
11297 0.022737 0 
11299 0.018221 0 
11300 0.021568 0 
11301 0.017294 0 
11302 0.017171 0 
11303 0.012697 0 
11304 0.017441 0 
11305 0.027086 0 
11306 0.010652 0 
11307 0.017780 0 
11308 0.010095 0 
11309 0.011357 0 
11310 0.018117 0 
11312 0.030472 0 
11313 0.014093 0 
11314 0.023714 0 
11315 0.014741 0 
11316 0.014080 0 
11317 0.022660 0 
11318 0.009331 0 
11320 0.016247 0 
11321 0.009959 0 
11322 0.016228 0 
11323 0.013710 0 
11325 0.021031 0 
11326 0.011086 0 
11327 0.009140 0 
11328 0.015293 0 
11330 0.014188 0 
11331 0.027052 0 
11332 0.015613 0 
11333 0.032177 0 
11334 0.015914 0 
11335 0.007602 0 
11337 0.020255 0 
11338 0.014636 0 
11339 0.021830 0 
11340 0.007882 0 
11341 0.005899 0 
11342 0.014503 0 
11343 0.016971 0 
11344 0.016784 0 
11345 0.017329 0 
11347 0.009459 0 
11348 0.020986 0 
11349 0.011303 0 
11350 0.014299 0 
11351 0.009179 0 
11352 0.014990 0 
11353 0.015217 0 
11354 0.015075 0 
11355 0.013060 0 
11356 0.023929 0 
11357 0.012707 0 
11358 0.016443 0 
11359 0.006009 0 
11360 0.010668 0 
11361 0.010536 0 
11362 0.026451 0 
11363 0.016402 0 
11364 0.017252 0 
11365 0.022754 0 
11366 0.006424 0 
11367 0.014421 0 
11368 0.016553 0 
11369 0.010008 0 
11370 0.008768 0 
11371 0.016524 0 
11372 0.012511 0 
11374 0.026348 0 
11375 0.011755 0 
11376 0.019131 0 
11377 0.017212 0 
11378 0.015178 0 
11379 0.019872 0 
11380 0.008106 0 
11381 0.009037 0 
11383 0.017487 0 
11384 0.017463 0 
11385 0.003936 0 
11386 0.009589 0 
11388 0.022066 0 
11390 0.017545 0 
11391 0.016387 0 
11392 0.014265 0 
11393 0.016675 0 
11396 0.013843 0 
11397 0.014894 0 
11398 0.016644 0 
11399 0.030752 0 
11400 0.014501 0 
11401 0.013436 0 
11402 0.014902 0 
11403 0.016647 0 
11404 0.012291 0 
11405 0.007703 0 
11406 0.027524 0 
11407 0.024437 0 
11409 0.023879 0 
11411 0.035172 0 
11412 0.040379 0 
11413 0.023523 0 
11414 0.007501 0 
11415 0.024595 0 
11416 0.008379 0 
11417 0.018610 0 
11419 0.029498 0 
11420 0.014780 0 
11421 0.013999 0 
11422 0.023151 0 
11423 0.006810 0 
11424 0.006990 0 
11425 0.029252 0 
11426 0.012998 0 
11427 0.013072 0 
11428 0.022050 0 
11429 0.010238 0 
11430 0.013688 0 
11431 0.021183 0 
11432 0.005441 0 
11433 0.014726 0 
11435 0.012066 0 
11436 0.030580 0 
11437 0.018184 0 
11438 0.018354 0 
11439 0.015170 0 
11440 0.005815 0 
11441 0.030766 0 
11442 0.014526 0 
11443 0.017914 0 
11444 0.022006 0 
11446 0.022212 0 
11448 0.015358 0 
11449 0.010766 0 
11450 0.011358 0 
11451 0.014922 0 
11452 0.010627 0 
11453 0.029241 0 
11454 0.012828 0 
11456 0.018810 0 
11457 0.012394 0 
11458 0.008112 0 
11459 0.010356 0 
11461 0.019046 0 
11463 0.016211 0 
11464 0.021174 0 
11465 0.015669 0 
11467 0.007946 0 
11468 0.028994 0 
11469 0.012848 0 
11471 0.012897 0 
11472 0.006083 0 
11473 0.014203 0 
11474 0.021520 0 
11475 0.010546 0 
11476 0.015738 0 
11477 0.012971 0 
11478 0.011858 0 
11479 0.011662 0 
11480 0.009673 0 
11481 0.016768 0 
11482 0.015653 0 
11483 0.013000 0 
11484 0.008805 0 
11485 0.011478 0 
11486 0.011357 0 
11487 0.020350 0 
11488 0.016599 0 
11490 0.017114 0 
11491 0.011883 0 
11492 0.010237 0 
11493 0.016194 0 
11494 0.015191 0 
11495 0.024535 0 
11496 0.011023 0 
11498 0.010673 0 
11499 0.007787 0 
11500 0.017226 0 
11501 0.011990 0 
11502 0.008941 0 
11503 0.010577 0 
11504 0.011348 0 
11505 0.027721 0 
11506 0.011414 0 
11507 0.008420 0 
11508 0.022057 0 
11509 0.013479 0 
11511 0.011240 0 
11512 0.008522 0 
11513 0.012965 0 
11514 0.010193 0 
11515 0.015326 0 
11516 0.022417 0 
11517 0.019251 0 
11519 0.025929 0 
11520 0.013795 0 
11521 0.009655 0 
11522 0.017170 0 
11524 0.011171 0 
11525 0.008062 0 
11526 0.012769 0 
11527 0.017383 0 
11529 0.007052 0 
11530 0.035404 0 
11531 0.023479 0 
11532 0.012033 0 
11533 0.005948 0 
11534 0.010206 0 
11536 0.011072 0 
11537 0.016376 0 
11538 0.019215 0 
11539 0.025588 0 
11540 0.022274 0 
11541 0.006364 0 
11542 0.010693 0 
11543 0.009769 0 
11544 0.022191 0 
11546 0.014478 0 
11547 0.017553 0 
11548 0.016040 0 
11549 0.007380 0 
11550 0.046504 0 
11551 0.031312 0 
11552 0.014763 0 
11553 0.009438 0 
11554 0.010205 0 
11555 0.016212 0 
11556 0.012972 0 
11557 0.019955 0 
11558 0.010754 0 
11559 0.014168 0 
11560 0.015574 0 
11561 0.008977 0 
11562 0.019698 0 
11563 0.038116 0 
11564 0.021822 0 
11565 0.009609 0 
11566 0.006865 0 
11567 0.010235 0 
11568 0.016082 0 
11569 0.023623 0 
11570 0.017419 0 
11571 0.014957 0 
11573 0.010269 0 
11574 0.009803 0 
11575 0.024175 0 
11576 0.007838 0 
11577 0.006719 0 
11578 0.011038 0 
11579 0.007452 0 
11580 0.006688 0 
11582 0.013240 0 
11583 0.019967 0 
11584 0.008514 0 
11585 0.007805 0 
11587 0.023739 0 
11589 0.018198 0 
11590 0.014295 0 
11591 0.020062 0 
11592 0.013979 0 
11595 0.012453 0 
11596 0.024486 0 
11597 0.012412 0 
11598 0.033682 0 
11599 0.017139 0 
11600 0.015656 0 
11601 0.010783 0 
11602 0.018596 0 
11603 0.006607 0 
11604 0.024778 0 
11605 0.034928 0 
11606 0.026810 0 
11608 0.016967 0 
11610 0.013484 0 
11611 0.033746 0 
11612 0.017522 0 
11613 0.016507 0 
11614 0.009297 0 
11615 0.036257 0 
11616 0.019889 0 
11618 0.017962 0 
11619 0.026501 0 
11620 0.013105 0 
11621 0.012875 0 
11622 0.005407 0 
11623 0.006369 0 
11624 0.032511 0 
11625 0.016197 0 
11626 0.016345 0 
11627 0.009352 0 
11628 0.006421 0 
11629 0.017116 0 
11630 0.009238 0 
11631 0.022162 0 
11632 0.021078 0 
11634 0.024276 0 
11635 0.036062 0 
11636 0.020593 0 
11637 0.040097 0 
11638 0.023596 0 
11639 0.021319 0 
11640 0.016346 0 
11641 0.032220 0 
11642 0.015902 0 
11643 0.019852 0 
11645 0.020833 0 
11647 0.008894 0 
11648 0.015764 0 
11649 0.013450 0 
11650 0.014758 0 
11651 0.012125 0 
11652 0.009632 0 
11653 0.011616 0 
11655 0.023311 0 
11656 0.015480 0 
11657 0.013073 0 
11658 0.015623 0 
11660 0.020912 0 
11662 0.014846 0 
11663 0.013370 0 
11664 0.014400 0 
11666 0.009698 0 
11667 0.014266 0 
11668 0.030282 0 
11670 0.019469 0 
11671 0.028380 0 
11672 0.011981 0 
11673 0.012109 0 
11674 0.009440 0 
11675 0.059743 0 
11676 0.043113 0 
11677 0.026576 0 
11678 0.009784 0 
11679 0.032174 0 
11680 0.015794 0 
11681 0.040259 0 
11682 0.023936 0 
11683 0.035223 0 
11684 0.018261 0 
11685 0.029292 0 
11686 0.020892 0 
11687 0.028315 0 
11689 0.018186 0 
11690 0.027524 0 
11691 0.011189 0 
11692 0.019940 0 
11693 0.014606 0 
11694 0.025346 0 
11695 0.019301 0 
11697 0.034779 0 
11698 0.018665 0 
11699 0.018828 0 
11700 0.020622 0 
11701 0.014717 0 
11702 0.025010 0 
11703 0.007860 0 
11704 0.017416 0 
11705 0.044533 0 
11706 0.028327 0 
11707 0.012120 0 
11708 0.015752 0 
11710 0.010866 0 
11711 0.015766 0 
11712 0.010046 0 
11713 0.015601 0 
11714 0.013712 0 
11715 0.019862 0 
11716 0.013209 0 
11718 0.026026 0 
11719 0.013105 0 
11720 0.019958 0 
11721 0.014619 0 
11723 0.008349 0 
11724 0.018018 0 
11725 0.017303 0 
11726 0.014830 0 
11728 0.012974 0 
11729 0.033275 0 
11730 0.020215 0 
11731 0.013846 0 
11732 0.014371 0 
11733 0.013058 0 
11735 0.019692 0 
11736 0.022036 0 
11737 0.022240 0 
11738 0.012984 0 
11739 0.006623 0 
11740 0.007555 0 
11741 0.019056 0 
11742 0.018842 0 
11743 0.029433 0 
11745 0.011075 0 
11746 0.016261 0 
11747 0.006443 0 
11748 0.006531 0 
11749 0.019500 0 
11750 0.007644 0 
11751 0.010157 0 
11752 0.005680 0 
11753 0.011871 0 
11754 0.010797 0 
11755 0.034121 0 
11756 0.017836 0 
11757 0.026304 0 
11758 0.024413 0 
11759 0.008151 0 
11760 0.014862 0 
11761 0.039806 0 
11762 0.023261 0 
11763 0.021856 0 
11764 0.006147 0 
11765 0.016884 0 
11766 0.021467 0 
11767 0.044133 0 
11768 0.027894 0 
11769 0.014205 0 
11770 0.035291 0 
11772 0.012392 0 
11773 0.025011 0 
11774 0.027724 0 
11775 0.032293 0 
11776 0.015779 0 
11777 0.008495 0 
11778 0.024064 0 
11779 0.007947 0 
11781 0.026757 0 
11782 0.010623 0 
11783 0.006001 0 
11784 0.008215 0 
11786 0.013253 0 
11788 0.015730 0 
11789 0.017637 0 
11790 0.026330 0 
11791 0.014119 0 
11794 0.020161 0 
11795 0.011427 0 
11796 0.020372 0 
11797 0.032741 0 
11798 0.018495 0 
11799 0.023736 0 
11800 0.007391 0 
11801 0.015046 0 
11802 0.006501 0 
11803 0.008739 0 
11804 0.008860 0 
11805 0.033398 0 
11807 0.006816 0 
11809 0.013131 0 
11810 0.023918 0 
11811 0.008312 0 
11812 0.027981 0 
11813 0.011567 0 
11814 0.034264 0 
11815 0.020769 0 
11817 0.024715 0 
11818 0.018039 0 
11819 0.009274 0 
11820 0.011527 0 
11821 0.015371 0 
11822 0.016583 0 
11823 0.011853 0 
11824 0.033194 0 
11825 0.016733 0 
11826 0.014969 0 
11827 0.010386 0 
11828 0.014746 0 
11829 0.016954 0 
11830 0.015766 0 
11831 0.015588 0 
11833 0.033926 0 
11834 0.017592 0 
11835 0.024318 0 
11836 0.018364 0 
11837 0.022978 0 
11838 0.043201 0 
11839 0.027323 0 
11840 0.010801 0 
11841 0.031161 0 
11842 0.014950 0 
11844 0.023542 0 
11846 0.006407 0 
11847 0.014016 0 
11848 0.012683 0 
11849 0.024742 0 
11850 0.017424 0 
11851 0.028793 0 
11852 0.012432 0 
11854 0.024224 0 
11855 0.016423 0 
11856 0.018736 0 
11857 0.031437 0 
11859 0.012574 0 
11861 0.028078 0 
11862 0.012740 0 
11863 0.018398 0 
11865 0.027959 0 
11866 0.054502 0 
11867 0.037937 0 
11869 0.019706 0 
11870 0.023149 0 
11871 0.025520 0 
11872 0.009634 0 
11873 0.009388 0 
11874 0.019083 0 
11875 0.025192 0 
11876 0.008945 0 
11877 0.018748 0 
11878 0.016768 0 
11879 0.021957 0 
11880 0.012161 0 
11881 0.008748 0 
11882 0.011227 0 
11883 0.022868 0 
11884 0.023368 0 
11885 0.008794 0 
11886 0.019790 0 
11888 0.019467 0 
11889 0.035507 0 
11890 0.019188 0 
11891 0.016203 0 
11892 0.013229 0 
11893 0.021066 0 
11894 0.018437 0 
11896 0.019082 0 
11897 0.010165 0 
11898 0.038161 0 
11899 0.021837 0 
11900 0.005904 0 
11901 0.011130 0 
11902 0.014722 0 
11903 0.008401 0 
11904 0.024589 0 
11905 0.010532 0 
11906 0.015936 0 
11907 0.013246 0 
11909 0.022891 0 
11910 0.028159 0 
11911 0.031755 0 
11912 0.039241 0 
11913 0.022954 0 
11914 0.011629 0 
11915 0.017565 0 
11917 0.007512 0 
11918 0.015654 0 
11919 0.010600 0 
11920 0.029989 0 
11922 0.007646 0 
11923 0.010062 0 
11924 0.012333 0 
11925 0.033113 0 
11927 0.010515 0 
11928 0.012909 0 
11929 0.009605 0 
11930 0.024642 0 
11931 0.016749 0 
11932 0.012748 0 
11934 0.008217 0 
11935 0.014024 0 
11936 0.031322 0 
11937 0.014468 0 
11938 0.023485 0 
11939 0.032785 0 
11940 0.019589 0 
11941 0.023175 0 
11942 0.006948 0 
11944 0.010876 0 
11945 0.010135 0 
11946 0.022187 0 
11947 0.018280 0 
11948 0.018067 0 
11949 0.028747 0 
11950 0.012467 0 
11951 0.024266 0 
11952 0.010224 0 
11953 0.021349 0 
11954 0.006760 0 
11955 0.010983 0 
11956 0.034004 0 
11957 0.017785 0 
11958 0.014333 0 
11959 0.013015 0 
11960 0.006516 0 
11961 0.021800 0 
11962 0.012803 0 
11963 0.014416 0 
11964 0.016118 0 
11965 0.020077 0 
11966 0.010186 0 
11967 0.024107 0 
11968 0.013911 0 
11969 0.017782 0 
11971 0.012012 0 
11972 0.017919 0 
11973 0.021661 0 
11974 0.012192 0 
11975 0.013751 0 
11976 0.022511 0 
11977 0.021303 0 
11978 0.026974 0 
11980 0.034714 0 
11981 0.018546 0 
11982 0.016354 0 
11983 0.016357 0 
11985 0.019050 0 
11987 0.032634 0 
11988 0.021129 0 
11989 0.018414 0 
11990 0.021796 0 
11993 0.049857 0 
11994 0.033488 0 
11995 0.024653 0 
11996 0.042445 0 
11997 0.026734 0 
11998 0.026395 0 
11999 0.010147 0 
12000 0.017256 0 
12001 0.007507 0 
12002 0.014341 0 
12003 0.035394 0 
12004 0.019880 0 
12006 0.010163 0 
12008 0.024134 0 
12009 0.007905 0 
12010 0.010504 0 
12011 0.016416 0 
12012 0.011995 0 
12013 0.012148 0 
12014 0.020328 0 
12016 0.036861 0 
12017 0.027211 0 
12018 0.010888 0 
12019 0.006564 0 
12020 0.009355 0 
12021 0.009794 0 
12022 0.020350 0 
12023 0.014175 0 
12024 0.031976 0 
12025 0.020200 0 
12026 0.015208 0 
12027 0.017521 0 
12028 0.014026 0 
12029 0.030258 0 
12030 0.013931 0 
12032 0.028063 0 
12033 0.015187 0 
12034 0.026937 0 
12035 0.017663 0 
12036 0.028108 0 
12037 0.012503 0 
12038 0.024144 0 
12039 0.010276 0 
12040 0.038068 0 
12041 0.021565 0 
12043 0.021234 0 
12045 0.017800 0 
12046 0.007701 0 
12047 0.014265 0 
12048 0.014618 0 
12049 0.017491 0 
12050 0.022077 0 
12051 0.041500 0 
12053 0.018176 0 
12054 0.008703 0 
12055 0.044093 0 
12056 0.028753 0 
12058 0.015726 0 
12060 0.010949 0 
12061 0.017591 0 
12062 0.014509 0 
12064 0.011686 0 
12065 0.011915 0 
12066 0.016421 0 
12068 0.018364 0 
12069 0.014647 0 
12070 0.015058 0 
12071 0.023557 0 
12072 0.011149 0 
12073 0.010715 0 
12074 0.011632 0 
12075 0.025678 0 
12076 0.015494 0 
12077 0.016434 0 
12078 0.016903 0 
12079 0.014444 0 
12080 0.009593 0 
12081 0.042314 0 
12082 0.025979 0 
12083 0.023395 0 
12084 0.013068 0 
12085 0.024150 0 
12087 0.018934 0 
12088 0.023704 0 
12089 0.037864 0 
12090 0.021402 0 
12091 0.021350 0 
12092 0.020227 0 
12093 0.022351 0 
12095 0.030367 0 
12096 0.014108 0 
12097 0.008324 0 
12098 0.038969 0 
12099 0.022729 0 
12100 0.019637 0 
12101 0.018686 0 
12102 0.010968 0 
12103 0.026590 0 
12104 0.010260 0 
12105 0.024156 0 
12106 0.017781 0 
12108 0.018548 0 
12109 0.008162 0 
12110 0.013116 0 
12111 0.011539 0 
12112 0.007263 0 
12113 0.013109 0 
12114 0.009359 0 
12116 0.007159 0 
12117 0.016560 0 
12118 0.017704 0 
12119 0.014603 0 
12121 0.008886 0 
12122 0.024561 0 
12123 0.014272 0 
12124 0.009425 0 
12126 0.020110 0 
12127 0.010572 0 
12128 0.008280 0 
12129 0.010775 0 
12130 0.014438 0 
12131 0.017441 0 
12133 0.019719 0 
12134 0.009543 0 
12135 0.022738 0 
12136 0.016903 0 
12137 0.015781 0 
12138 0.011640 0 
12139 0.017271 0 
12140 0.028040 0 
12141 0.011787 0 
12143 0.011160 0 
12144 0.026535 0 
12145 0.017115 0 
12146 0.007636 0 
12147 0.006533 0 
12148 0.017904 0 
12149 0.014547 0 
12150 0.010837 0 
12151 0.027066 0 
12152 0.011224 0 
12153 0.012302 0 
12154 0.022804 0 
12155 0.015608 0 
12156 0.036786 0 
12157 0.038591 0 
12158 0.029895 0 
12159 0.013565 0 
12160 0.018546 0 
12161 0.042233 0 
12162 0.025929 0 
12163 0.009588 0 
12164 0.011594 0 
12165 0.019501 0 
12166 0.016482 0 
12167 0.006289 0 
12168 0.026660 0 
12170 0.011265 0 
12171 0.019696 0 
12172 0.010986 0 
12173 0.012560 0 
12174 0.013929 0 
12175 0.018667 0 
12176 0.006318 0 
12177 0.015829 0 
