2024-09-02 20:29:56
../stream-replay/logs/rtt-6205@128.txt
1 0.050638 0 
2 0.043184 0 
4 0.071970 0 
5 0.055543 0 
6 0.039203 0 
7 0.023346 0 
8 0.029133 0 
9 0.021254 0 
10 0.072573 0 
11 0.056374 0 
12 0.050276 0 
13 0.033981 0 
14 0.017315 0 
15 0.117972 0 
16 0.101979 0 
17 0.085875 0 
18 0.143999 0 
19 0.127861 0 
20 0.111370 0 
21 0.142975 0 
22 0.126249 0 
23 0.110113 0 
24 0.093617 0 
25 0.077292 0 
26 0.081259 0 
27 0.065018 0 
28 0.048705 0 
29 0.078021 0 
31 0.045007 0 
32 0.051380 0 
33 0.035151 0 
34 0.019035 0 
35 0.060431 0 
36 0.043984 0 
37 0.027274 0 
38 0.103339 0 
40 0.084811 0 
41 0.068083 0 
42 0.051545 0 
43 0.035184 0 
45 0.031946 0 
47 0.044538 0 
48 0.041592 0 
49 0.171788 0 
50 0.155436 0 
53 0.106773 0 
54 0.090552 0 
55 0.074445 0 
57 0.153094 0 
60 0.103525 0 
61 0.098996 0 
62 0.082665 0 
63 0.070042 0 
64 0.053574 0 
66 0.076831 0 
68 0.096764 0 
69 0.080179 0 
70 0.063890 0 
71 0.085843 0 
72 0.069342 0 
73 0.052917 0 
74 0.092149 0 
76 0.054485 0 
77 0.049457 0 
78 0.037807 0 
79 0.025688 0 
80 0.073565 0 
81 0.059725 0 
82 0.043900 0 
83 0.033779 0 
84 0.069617 0 
85 0.053534 0 
86 0.037326 0 
87 0.080498 0 
88 0.064148 0 
89 0.047974 0 
90 0.032627 0 
92 0.045533 0 
93 0.043542 0 
94 0.027181 0 
95 0.022878 0 
96 0.006321 0 
97 0.021815 0 
98 0.039893 0 
99 0.024013 0 
100 0.007890 0 
101 0.102743 0 
103 0.070072 0 
105 0.085424 0 
106 0.068897 0 
107 0.052534 0 
108 0.065171 0 
109 0.048533 0 
110 0.093270 0 
111 0.076644 0 
113 0.043987 0 
114 0.030591 0 
115 0.021268 0 
116 0.011687 0 
118 0.044298 0 
120 0.016929 0 
121 0.064859 0 
122 0.049079 0 
124 0.032255 0 
125 0.016012 0 
126 0.061185 0 
128 0.028821 0 
129 0.012079 0 
130 0.015872 0 
131 0.031543 0 
132 0.015408 0 
133 0.049581 0 
134 0.091270 0 
135 0.075065 0 
136 0.058407 0 
137 0.042288 0 
138 0.025501 0 
139 0.009426 0 
140 0.054830 0 
141 0.038747 0 
142 0.037324 0 
143 0.021271 0 
144 0.010571 0 
145 0.042205 0 
147 0.035724 0 
148 0.082219 0 
149 0.066242 0 
150 0.057196 0 
151 0.062937 0 
152 0.046769 0 
153 0.043050 0 
155 0.010527 0 
156 0.037873 0 
157 0.021625 0 
158 0.016372 0 
159 0.104844 0 
160 0.088362 0 
161 0.072294 0 
162 0.056358 0 
163 0.040014 0 
164 0.052801 0 
165 0.036371 0 
166 0.020138 0 
168 0.026900 0 
169 0.033461 0 
170 0.057328 0 
171 0.040811 0 
172 0.078947 0 
173 0.062588 0 
174 0.046467 0 
176 0.018836 0 
177 0.017749 0 
178 0.089020 0 
179 0.072985 0 
181 0.039922 0 
182 0.047557 0 
183 0.031293 0 
184 0.076499 0 
186 0.044501 0 
187 0.036333 0 
188 0.020106 0 
189 0.055218 0 
190 0.039063 0 
191 0.022646 0 
193 0.055655 0 
194 0.039489 0 
195 0.045512 0 
196 0.029021 0 
197 0.043690 0 
198 0.027109 0 
199 0.033623 0 
200 0.017473 0 
201 0.078802 0 
203 0.045766 0 
204 0.061346 0 
205 0.045018 0 
206 0.028460 0 
207 0.093807 0 
208 0.077307 0 
209 0.061197 0 
210 0.057290 0 
211 0.040866 0 
212 0.047283 0 
213 0.031176 0 
214 0.057989 0 
215 0.041935 0 
216 0.027393 0 
217 0.049906 0 
218 0.034146 0 
219 0.103988 0 
220 0.087698 0 
221 0.098850 0 
222 0.082514 0 
223 0.066355 0 
224 0.064373 0 
225 0.048016 0 
226 0.031661 0 
227 0.015130 0 
228 0.095931 0 
230 0.062967 0 
231 0.068224 0 
232 0.052145 0 
233 0.064306 0 
234 0.048014 0 
235 0.031703 0 
236 0.016132 0 
237 0.009987 0 
239 0.110360 0 
240 0.094254 0 
241 0.078031 0 
242 0.066187 0 
244 0.033900 0 
246 0.014562 0 
247 0.102237 0 
248 0.085699 0 
249 0.069529 0 
252 0.020351 0 
253 0.181041 0 
254 0.165259 0 
255 0.148846 0 
256 0.201754 0 
257 0.185258 0 
258 0.169177 0 
259 0.170782 0 
260 0.154346 0 
261 0.162744 0 
262 0.146319 0 
263 0.130416 0 
265 0.097848 0 
267 0.125196 0 
268 0.108852 0 
269 0.092544 0 
270 0.143258 0 
271 0.126919 0 
272 0.110531 0 
273 0.094271 0 
275 0.155762 0 
276 0.139951 0 
277 0.129414 0 
278 0.113065 0 
279 0.119498 0 
280 0.103382 0 
281 0.138328 0 
282 0.122002 0 
283 0.106029 0 
284 0.142058 0 
285 0.125696 0 
286 0.109330 0 
287 0.093055 0 
288 0.138020 0 
289 0.121404 0 
291 0.112088 0 
292 0.095320 0 
293 0.102093 0 
294 0.085980 0 
295 0.069689 0 
296 0.058904 0 
297 0.078693 0 
298 0.062278 0 
299 0.045527 0 
300 0.029596 0 
302 0.014657 0 
304 0.010019 0 
305 0.051745 0 
306 0.035401 0 
307 0.018954 0 
308 0.034945 0 
309 0.018740 0 
310 0.021519 0 
312 0.040814 0 
313 0.040430 0 
314 0.024754 0 
315 0.093127 0 
317 0.060591 0 
319 0.028073 0 
320 0.057413 0 
321 0.041393 0 
323 0.024323 0 
324 0.035373 0 
325 0.026618 0 
327 0.065866 0 
328 0.049637 0 
329 0.033437 0 
330 0.051825 0 
331 0.035431 0 
332 0.057544 0 
333 0.043968 0 
334 0.027503 0 
335 0.041062 0 
336 0.035875 0 
337 0.019992 0 
338 0.032057 0 
339 0.054737 0 
340 0.038575 0 
341 0.077035 0 
342 0.069894 0 
343 0.054823 0 
344 0.063200 0 
346 0.030880 0 
347 0.014843 0 
348 0.022801 0 
349 0.092044 0 
350 0.075862 0 
351 0.059599 0 
352 0.079371 0 
354 0.052964 0 
355 0.038439 0 
356 0.022226 0 
357 0.068433 0 
358 0.058185 0 
359 0.055102 0 
360 0.038746 0 
361 0.056581 0 
362 0.040008 0 
363 0.025450 0 
364 0.040348 0 
365 0.035997 0 
367 0.033672 0 
368 0.035547 0 
369 0.019314 0 
370 0.106428 0 
371 0.089856 0 
372 0.094096 0 
373 0.077873 0 
375 0.045115 0 
376 0.053291 0 
377 0.037673 0 
378 0.038365 0 
380 0.019936 0 
381 0.045421 0 
382 0.029442 0 
383 0.015660 0 
385 0.063245 0 
386 0.047559 0 
387 0.034555 0 
388 0.018291 0 
389 0.038996 0 
390 0.022762 0 
392 0.064179 0 
393 0.087137 0 
394 0.087025 0 
395 0.070870 0 
396 0.054578 0 
397 0.038333 0 
398 0.022028 0 
399 0.034938 0 
400 0.034410 0 
402 0.044583 0 
403 0.028053 0 
404 0.223909 0 
405 0.209157 0 
406 0.193634 0 
407 0.200979 0 
408 0.184909 0 
409 0.168424 0 
410 0.176302 0 
411 0.160138 0 
412 0.148290 0 
413 0.132174 0 
414 0.116015 0 
415 0.099618 0 
416 0.090756 0 
417 0.074792 0 
418 0.107237 0 
419 0.090801 0 
420 0.074371 0 
421 0.058409 0 
422 0.055169 0 
423 0.039004 0 
424 0.022027 0 
425 0.023773 0 
426 0.007345 0 
427 0.037706 0 
429 0.031214 0 
430 0.019671 0 
431 0.058430 0 
432 0.041295 0 
433 0.047125 0 
434 0.030823 0 
435 0.014853 0 
436 0.032402 0 
438 0.034325 0 
439 0.017445 0 
440 0.095155 0 
441 0.079044 0 
443 0.047200 0 
445 0.014594 0 
446 0.134970 0 
447 0.136022 0 
448 0.121888 0 
451 0.085679 0 
452 0.069768 0 
453 0.060201 0 
454 0.056435 0 
455 0.039928 0 
456 0.023377 0 
457 0.038200 0 
458 0.022145 0 
459 0.093855 0 
460 0.077745 0 
461 0.062191 0 
462 0.045703 0 
464 0.021567 0 
466 0.015731 0 
467 0.063715 0 
468 0.046746 0 
469 0.030518 0 
470 0.045436 0 
471 0.029081 0 
472 0.019322 0 
474 0.038706 0 
475 0.049927 0 
476 0.033555 0 
477 0.020394 0 
478 0.100858 0 
479 0.084300 0 
480 0.068183 0 
481 0.124800 0 
482 0.108935 0 
483 0.092596 0 
484 0.168261 0 
485 0.152117 0 
486 0.135525 0 
487 0.130550 0 
488 0.113932 0 
490 0.132901 0 
491 0.152441 0 
492 0.136049 0 
493 0.120136 0 
494 0.103232 0 
495 0.086876 0 
496 0.070554 0 
497 0.093158 0 
498 0.076691 0 
499 0.076345 0 
501 0.045227 0 
503 0.061305 0 
504 0.044778 0 
505 0.028493 0 
506 0.069555 0 
507 0.053313 0 
508 0.037190 0 
509 0.020935 0 
511 0.021559 0 
512 0.043588 0 
513 0.027520 0 
514 0.015159 0 
516 0.042638 0 
518 0.031903 0 
519 0.026926 0 
520 0.010375 0 
522 0.013328 0 
523 0.021425 0 
524 0.055958 0 
526 0.023194 0 
527 0.015094 0 
528 0.033352 0 
529 0.021560 0 
530 0.060812 0 
531 0.044449 0 
532 0.040523 0 
533 0.024244 0 
534 0.021092 0 
535 0.014750 0 
536 0.024981 0 
537 0.021049 0 
538 0.032398 0 
539 0.013891 0 
540 0.022119 0 
541 0.064194 0 
542 0.047529 0 
543 0.050822 0 
545 0.018097 0 
546 0.053541 0 
547 0.037689 0 
548 0.025330 0 
549 0.067291 0 
550 0.082873 0 
551 0.066882 0 
553 0.034460 0 
554 0.038837 0 
555 0.022436 0 
556 0.053655 0 
557 0.037040 0 
558 0.036421 0 
559 0.019791 0 
560 0.045477 0 
561 0.028826 0 
562 0.109351 0 
563 0.092838 0 
564 0.076658 0 
566 0.044365 0 
567 0.051855 0 
568 0.035897 0 
569 0.052985 0 
570 0.036425 0 
571 0.065335 0 
572 0.049302 0 
574 0.075458 0 
575 0.059429 0 
576 0.066524 0 
577 0.057401 0 
579 0.023917 0 
580 0.041767 0 
581 0.025618 0 
582 0.029872 0 
584 0.044843 0 
585 0.028255 0 
586 0.022661 0 
587 0.093051 0 
588 0.076609 0 
589 0.060463 0 
591 0.067915 0 
592 0.086067 0 
593 0.070001 0 
594 0.053612 0 
595 0.036762 0 
596 0.112624 0 
597 0.096056 0 
598 0.105687 0 
599 0.089497 0 
601 0.056921 0 
602 0.046603 0 
603 0.034369 0 
604 0.018072 0 
605 0.037302 0 
606 0.020821 0 
607 0.022337 0 
608 0.039438 0 
609 0.023137 0 
610 0.011299 0 
611 0.014748 0 
612 0.020351 0 
613 0.029619 0 
614 0.080032 0 
615 0.063751 0 
616 0.047463 0 
617 0.092640 0 
618 0.076103 0 
619 0.082593 0 
620 0.066332 0 
621 0.049769 0 
622 0.032315 0 
623 0.017123 0 
624 0.071721 0 
625 0.055551 0 
626 0.040611 0 
628 0.026067 0 
629 0.022360 0 
630 0.064749 0 
631 0.053799 0 
632 0.086661 0 
633 0.070405 0 
634 0.053889 0 
635 0.044067 0 
637 0.019351 0 
638 0.023301 0 
639 0.019953 0 
640 0.076275 0 
642 0.043568 0 
644 0.058731 0 
645 0.061288 0 
646 0.061815 0 
647 0.110179 0 
650 0.061154 0 
651 0.049817 0 
652 0.059545 0 
653 0.049641 0 
654 0.040258 0 
655 0.024053 0 
656 0.033829 0 
657 0.017348 0 
658 0.013593 0 
659 0.047586 0 
660 0.031494 0 
661 0.015261 0 
663 0.056258 0 
665 0.036407 0 
666 0.020108 0 
667 0.040820 0 
668 0.025099 0 
669 0.028146 0 
670 0.028611 0 
671 0.013366 0 
673 0.029014 0 
674 0.012716 0 
675 0.133035 0 
676 0.116485 0 
677 0.165519 0 
680 0.235061 0 
682 0.202051 0 
683 0.185359 0 
684 0.210402 0 
685 0.200381 0 
686 0.184112 0 
687 0.246808 0 
689 0.214956 0 
690 0.196984 0 
691 0.181026 0 
692 0.168583 0 
693 0.181294 0 
694 0.200518 0 
695 0.184280 0 
696 0.168070 0 
697 0.177850 0 
698 0.162259 0 
700 0.128868 0 
702 0.096145 0 
703 0.080024 0 
704 0.067522 0 
705 0.055918 0 
706 0.039255 0 
707 0.022379 0 
708 0.133622 0 
710 0.102981 0 
711 0.087464 0 
712 0.071256 0 
713 0.054806 0 
715 0.025325 0 
717 0.038762 0 
718 0.022426 0 
719 0.059268 0 
721 0.056753 0 
722 0.040781 0 
723 0.024540 0 
725 0.064449 0 
726 0.048085 0 
727 0.045090 0 
728 0.028760 0 
729 0.028984 0 
730 0.044722 0 
731 0.028711 0 
732 0.044223 0 
733 0.035988 0 
734 0.032594 0 
735 0.030841 0 
736 0.014602 0 
737 0.026432 0 
738 0.169591 0 
739 0.153179 0 
740 0.149886 0 
741 0.133592 0 
742 0.132643 0 
744 0.100316 0 
745 0.083917 0 
746 0.067486 0 
747 0.079673 0 
748 0.063475 0 
749 0.054108 0 
750 0.037766 0 
752 0.106419 0 
753 0.110512 0 
754 0.094333 0 
755 0.078379 0 
756 0.062041 0 
757 0.045901 0 
758 0.029049 0 
759 0.051002 0 
760 0.034957 0 
761 0.040810 0 
762 0.024760 0 
763 0.067162 0 
765 0.057082 0 
766 0.041120 0 
767 0.024825 0 
768 0.058332 0 
769 0.042157 0 
770 0.083573 0 
771 0.067135 0 
773 0.034909 0 
774 0.043072 0 
775 0.027049 0 
776 0.053635 0 
778 0.071175 0 
779 0.054852 0 
780 0.037818 0 
781 0.021851 0 
783 0.018471 0 
784 0.038649 0 
785 0.021988 0 
786 0.108250 0 
787 0.092319 0 
788 0.076343 0 
790 0.101749 0 
791 0.085403 0 
792 0.097461 0 
793 0.081316 0 
794 0.064624 0 
795 0.059961 0 
796 0.049129 0 
797 0.050942 0 
798 0.034826 0 
800 0.086567 0 
801 0.070379 0 
802 0.080235 0 
803 0.067361 0 
804 0.051280 0 
805 0.067303 0 
806 0.050829 0 
807 0.034421 0 
808 0.023851 0 
809 0.007576 0 
810 0.045990 0 
811 0.029761 0 
812 0.013528 0 
813 0.016064 0 
814 0.033513 0 
815 0.041840 0 
816 0.031926 0 
817 0.033024 0 
818 0.016978 0 
819 0.014696 0 
820 0.036971 0 
821 0.020792 0 
822 0.034895 0 
823 0.018446 0 
824 0.037136 0 
825 0.020502 0 
827 0.031634 0 
828 0.025849 0 
829 0.074534 0 
830 0.057987 0 
831 0.064392 0 
832 0.047988 0 
833 0.035285 0 
834 0.045893 0 
836 0.055017 0 
837 0.038482 0 
838 0.021796 0 
839 0.066195 0 
841 0.033493 0 
843 0.033337 0 
844 0.036885 0 
845 0.104712 0 
846 0.088328 0 
849 0.091025 0 
850 0.074889 0 
851 0.059432 0 
852 0.072946 0 
853 0.056832 0 
854 0.040579 0 
855 0.042175 0 
856 0.024550 0 
857 0.012662 0 
858 0.024467 0 
859 0.042526 0 
860 0.026793 0 
862 0.018335 0 
864 0.016909 0 
865 0.055111 0 
866 0.038384 0 
867 0.022534 0 
868 0.031469 0 
869 0.015794 0 
870 0.088806 0 
872 0.056324 0 
873 0.039815 0 
874 0.033578 0 
875 0.104201 0 
876 0.088013 0 
877 0.090081 0 
878 0.078833 0 
879 0.062517 0 
880 0.046273 0 
881 0.043497 0 
882 0.026987 0 
883 0.045860 0 
884 0.029805 0 
885 0.038176 0 
886 0.021511 0 
888 0.118464 0 
889 0.130133 0 
890 0.114146 0 
891 0.097805 0 
892 0.081688 0 
893 0.065337 0 
894 0.054978 0 
895 0.046917 0 
896 0.036375 0 
897 0.019488 0 
899 0.012921 0 
901 0.022020 0 
902 0.051381 0 
903 0.034992 0 
904 0.018622 0 
905 0.034288 0 
906 0.017970 0 
907 0.050313 0 
909 0.069219 0 
910 0.053556 0 
911 0.065794 0 
912 0.049884 0 
914 0.104625 0 
916 0.119637 0 
917 0.103457 0 
918 0.093619 0 
920 0.176684 0 
921 0.160476 0 
922 0.145072 0 
924 0.112434 0 
925 0.137444 0 
926 0.120918 0 
927 0.104910 0 
928 0.088176 0 
929 0.103850 0 
930 0.087697 0 
931 0.071264 0 
932 0.054851 0 
933 0.038599 0 
934 0.033831 0 
935 0.017745 0 
936 0.031056 0 
937 0.057710 0 
938 0.042552 0 
939 0.089838 0 
940 0.089370 0 
941 0.075316 0 
943 0.047982 0 
944 0.032417 0 
945 0.057074 0 
946 0.041234 0 
947 0.032529 0 
948 0.061229 0 
949 0.044863 0 
951 0.059684 0 
952 0.042812 0 
953 0.027413 0 
954 0.038771 0 
955 0.022413 0 
956 0.040590 0 
957 0.024293 0 
958 0.021844 0 
959 0.060629 0 
960 0.044519 0 
961 0.027847 0 
962 0.066945 0 
964 0.034566 0 
965 0.032748 0 
966 0.016327 0 
967 0.051212 0 
968 0.034900 0 
969 0.034243 0 
970 0.017785 0 
972 0.023815 0 
973 0.024024 0 
974 0.027736 0 
975 0.013407 0 
977 0.051915 0 
978 0.095031 0 
979 0.078276 0 
980 0.061594 0 
982 0.036838 0 
983 0.020674 0 
984 0.028929 0 
985 0.019187 0 
986 0.048760 0 
987 0.032281 0 
989 0.042808 0 
990 0.037223 0 
991 0.040740 0 
992 0.024598 0 
993 0.083824 0 
994 0.067881 0 
995 0.051585 0 
996 0.035394 0 
997 0.018809 0 
999 0.040668 0 
1000 0.024614 0 
1001 0.048988 0 
1002 0.080811 0 
1003 0.064922 0 
1004 0.049300 0 
1005 0.045991 0 
1006 0.045397 0 
1007 0.028637 0 
1008 0.042130 0 
1009 0.027261 0 
1010 0.010044 0 
1011 0.014549 0 
1012 0.028478 0 
1013 0.012475 0 
1014 0.047987 0 
1015 0.032119 0 
1016 0.094357 0 
1017 0.078037 0 
1018 0.154493 0 
1019 0.138331 0 
1020 0.127923 0 
1021 0.112466 0 
1022 0.096323 0 
1023 0.080356 0 
1024 0.063684 0 
1026 0.031553 0 
1027 0.014973 0 
1028 0.053350 0 
1029 0.037004 0 
1030 0.028461 0 
1031 0.036027 0 
1032 0.017945 0 
1033 0.050313 0 
1035 0.026640 0 
1036 0.017253 0 
1037 0.048092 0 
1038 0.031824 0 
1040 0.041527 0 
1042 0.067124 0 
1043 0.065479 0 
1044 0.086957 0 
1045 0.070719 0 
1048 0.066443 0 
1049 0.068886 0 
1050 0.052323 0 
1051 0.065480 0 
1052 0.054181 0 
1053 0.037983 0 
1054 0.036610 0 
1055 0.020250 0 
1056 0.025649 0 
1057 0.039767 0 
1058 0.023295 0 
1059 0.013446 0 
1061 0.029233 0 
1063 0.029325 0 
1064 0.035463 0 
1065 0.080416 0 
1066 0.064449 0 
1067 0.047320 0 
1068 0.031288 0 
1069 0.015558 0 
1071 0.044359 0 
1072 0.081017 0 
1073 0.064505 0 
1074 0.048550 0 
1075 0.042265 0 
1076 0.026154 0 
1077 0.027479 0 
1078 0.011210 0 
1079 0.037893 0 
1080 0.021545 0 
1081 0.027767 0 
1082 0.011369 0 
1083 0.069436 0 
1084 0.052887 0 
1085 0.036739 0 
1087 0.024862 0 
1088 0.055103 0 
1089 0.047080 0 
1090 0.030975 0 
1091 0.030742 0 
1092 0.014741 0 
1093 0.016805 0 
1094 0.045467 0 
1095 0.029207 0 
1096 0.013132 0 
1098 0.055423 0 
1100 0.061377 0 
1101 0.045157 0 
1102 0.028990 0 
1103 0.023186 0 
1104 0.006393 0 
1105 0.076509 0 
1106 0.061165 0 
1108 0.062277 0 
1109 0.046197 0 
1110 0.052077 0 
1111 0.035557 0 
1113 0.021190 0 
1115 0.046413 0 
1116 0.030815 0 
1117 0.044914 0 
1119 0.053633 0 
1120 0.038066 0 
1121 0.021475 0 
1123 0.050462 0 
1124 0.034290 0 
1125 0.018104 0 
1126 0.029578 0 
1127 0.013273 0 
1128 0.036834 0 
1129 0.044119 0 
1130 0.027854 0 
1131 0.011528 0 
1132 0.096302 0 
1133 0.079969 0 
1134 0.063741 0 
1135 0.047268 0 
1136 0.031120 0 
1137 0.054152 0 
1138 0.136954 0 
1139 0.120894 0 
1140 0.111007 0 
1142 0.078228 0 
1143 0.096297 0 
1144 0.079665 0 
1145 0.062104 0 
1146 0.109097 0 
1147 0.092525 0 
1148 0.099977 0 
1150 0.069215 0 
1151 0.052931 0 
1152 0.058836 0 
1153 0.042652 0 
1154 0.026411 0 
1155 0.037685 0 
1156 0.021632 0 
1157 0.011016 0 
1158 0.016322 0 
1159 0.060609 0 
1160 0.044438 0 
1161 0.029136 0 
1163 0.045981 0 
1164 0.037730 0 
1165 0.021041 0 
1166 0.037971 0 
1167 0.022017 0 
1168 0.014444 0 
1169 0.025975 0 
1171 0.061395 0 
1172 0.067099 0 
1173 0.056043 0 
1174 0.048837 0 
1176 0.015945 0 
1177 0.009921 0 
1178 0.112761 0 
1179 0.096196 0 
1181 0.078372 0 
1182 0.062013 0 
1183 0.058728 0 
1184 0.042477 0 
1185 0.025796 0 
1186 0.062418 0 
1188 0.038379 0 
1189 0.031238 0 
1190 0.073599 0 
1191 0.057458 0 
1192 0.041160 0 
1193 0.044931 0 
1194 0.028236 0 
1195 0.036526 0 
1196 0.020151 0 
1198 0.034941 0 
1199 0.018954 0 
1200 0.035669 0 
1201 0.019150 0 
1202 0.035177 0 
1203 0.018912 0 
1204 0.008755 0 
1205 0.032010 0 
1206 0.015338 0 
1207 0.022229 0 
1208 0.016064 0 
1209 0.015499 0 
1210 0.025112 0 
1211 0.017314 0 
1212 0.010222 0 
1213 0.052804 0 
1214 0.036794 0 
1215 0.105153 0 
1216 0.088894 0 
1217 0.072482 0 
1218 0.062739 0 
1219 0.062409 0 
1220 0.046306 0 
1221 0.030090 0 
1222 0.038803 0 
1223 0.023014 0 
1225 0.053813 0 
1226 0.047871 0 
1227 0.049805 0 
1228 0.033710 0 
1229 0.017653 0 
1230 0.020052 0 
1231 0.015868 0 
1232 0.047412 0 
1234 0.059978 0 
1235 0.043998 0 
1236 0.027494 0 
1237 0.011250 0 
1239 0.078165 0 
1241 0.069718 0 
1242 0.071238 0 
1243 0.081985 0 
1244 0.082372 0 
1247 0.033859 0 
1248 0.070771 0 
1249 0.054741 0 
1250 0.037868 0 
1251 0.021530 0 
1252 0.047064 0 
1253 0.030841 0 
1254 0.024657 0 
1255 0.021045 0 
1256 0.018806 0 
1257 0.020454 0 
1258 0.025844 0 
1260 0.044157 0 
1262 0.072780 0 
1263 0.096815 0 
1264 0.080518 0 
1265 0.064386 0 
1266 0.078043 0 
1267 0.061225 0 
1268 0.045233 0 
1270 0.060344 0 
1271 0.044657 0 
1272 0.027581 0 
1273 0.011370 0 
1274 0.011239 0 
1275 0.017960 0 
1276 0.043398 0 
1277 0.028735 0 
1278 0.018141 0 
1279 0.077246 0 
1280 0.061342 0 
1281 0.052165 0 
1282 0.035333 0 
1283 0.019135 0 
1284 0.070123 0 
1286 0.040489 0 
1287 0.038277 0 
1288 0.021819 0 
1289 0.043638 0 
1290 0.027508 0 
1291 0.029078 0 
1292 0.072029 0 
1293 0.055977 0 
1294 0.039628 0 
1295 0.081250 0 
1297 0.148396 0 
1299 0.115812 0 
1300 0.099636 0 
1301 0.083726 0 
1302 0.067729 0 
1303 0.051047 0 
1304 0.041337 0 
1305 0.024559 0 
1307 0.014060 0 
1308 0.026032 0 
1309 0.009852 0 
1310 0.081879 0 
1312 0.069378 0 
1314 0.036532 0 
1315 0.053702 0 
1316 0.059927 0 
1318 0.027287 0 
1319 0.039008 0 
1320 0.061399 0 
1322 0.028831 0 
1323 0.030712 0 
1324 0.089380 0 
1325 0.072967 0 
1326 0.056917 0 
1327 0.040646 0 
1328 0.079875 0 
1329 0.063739 0 
1330 0.099662 0 
1331 0.083425 0 
1332 0.066849 0 
1333 0.091927 0 
1334 0.075489 0 
1335 0.059254 0 
1336 0.062794 0 
1337 0.046761 0 
1338 0.049514 0 
1339 0.033413 0 
1341 0.031811 0 
1342 0.015490 0 
1343 0.010188 0 
1344 0.051557 0 
1345 0.065334 0 
1346 0.049210 0 
1347 0.088407 0 
1349 0.055361 0 
1350 0.039547 0 
1351 0.023275 0 
1352 0.029633 0 
1353 0.146435 0 
1354 0.136836 0 
1355 0.121454 0 
1356 0.105103 0 
1357 0.088849 0 
1358 0.074589 0 
1359 0.057355 0 
1360 0.043600 0 
1362 0.019755 0 
1363 0.071698 0 
1364 0.055603 0 
1365 0.138496 0 
1366 0.121669 0 
1367 0.162221 0 
1368 0.145633 0 
1370 0.112956 0 
1371 0.127530 0 
1372 0.111418 0 
1373 0.154308 0 
1375 0.136211 0 
1376 0.120433 0 
1377 0.104489 0 
1378 0.174550 0 
1384 0.231323 0 
1385 0.215827 0 
1387 0.183194 0 
1388 0.177440 0 
1389 0.161389 0 
1390 0.175824 0 
1391 0.207303 0 
1392 0.191149 0 
1393 0.175112 0 
1394 0.158912 0 
1395 0.142739 0 
1397 0.139350 0 
1398 0.122971 0 
1399 0.106430 0 
1400 0.090736 0 
1401 0.084237 0 
1402 0.068087 0 
1403 0.051124 0 
1404 0.034952 0 
1405 0.044325 0 
1406 0.027963 0 
1407 0.047360 0 
1408 0.031284 0 
1409 0.055707 0 
1410 0.039494 0 
1411 0.030505 0 
1412 0.025225 0 
1413 0.065516 0 
1414 0.060331 0 
1415 0.044031 0 
1416 0.027717 0 
1417 0.036765 0 
1418 0.020579 0 
1419 0.017165 0 
1420 0.069798 0 
1421 0.059632 0 
1422 0.043261 0 
1424 0.081680 0 
1425 0.098189 0 
1426 0.081923 0 
1427 0.077177 0 
1428 0.083315 0 
1429 0.066768 0 
1430 0.085908 0 
1431 0.069328 0 
1433 0.065051 0 
1434 0.048786 0 
1435 0.032488 0 
1436 0.014439 0 
1438 0.074001 0 
1440 0.041420 0 
1441 0.041147 0 
1442 0.084484 0 
1443 0.087442 0 
1446 0.039096 0 
1447 0.022725 0 
1448 0.072873 0 
1449 0.055858 0 
1450 0.039918 0 
1451 0.035827 0 
1452 0.019762 0 
1453 0.039603 0 
1454 0.023841 0 
1455 0.058856 0 
1456 0.101626 0 
1457 0.093961 0 
1459 0.061432 0 
1461 0.132470 0 
1462 0.116064 0 
1463 0.104851 0 
1464 0.095165 0 
1465 0.086560 0 
1466 0.070098 0 
1467 0.077615 0 
1469 0.044940 0 
1470 0.028969 0 
1471 0.012988 0 
1472 0.056296 0 
1473 0.039930 0 
1474 0.023189 0 
1475 0.060566 0 
1476 0.044523 0 
1477 0.028250 0 
1478 0.076522 0 
1479 0.060625 0 
1480 0.082595 0 
1481 0.066028 0 
1482 0.063525 0 
1483 0.047298 0 
1485 0.046535 0 
1486 0.065605 0 
1487 0.049255 0 
1488 0.032828 0 
1489 0.027733 0 
1490 0.011644 0 
1491 0.025120 0 
1492 0.047383 0 
1493 0.059108 0 
1494 0.043166 0 
1496 0.020756 0 
1498 0.027939 0 
1499 0.012037 0 
1500 0.021948 0 
1501 0.049069 0 
1502 0.032518 0 
1503 0.051660 0 
1504 0.035867 0 
1506 0.022727 0 
1507 0.071774 0 
1508 0.055505 0 
1509 0.039467 0 
1511 0.063588 0 
1513 0.050439 0 
1514 0.033825 0 
1515 0.028493 0 
1517 0.129389 0 
1518 0.112843 0 
1519 0.104445 0 
1521 0.071697 0 
1522 0.063629 0 
1523 0.047032 0 
1524 0.031119 0 
1525 0.014985 0 
1526 0.075964 0 
1527 0.059593 0 
1528 0.043961 0 
1529 0.027935 0 
1530 0.093499 0 
1531 0.077824 0 
1532 0.061754 0 
1533 0.045643 0 
1534 0.117469 0 
1535 0.101321 0 
1536 0.128639 0 
1537 0.112131 0 
1538 0.096195 0 
1540 0.063255 0 
1541 0.047171 0 
1542 0.051685 0 
1543 0.035753 0 
1544 0.047386 0 
1545 0.031068 0 
1546 0.026832 0 
1548 0.073348 0 
1549 0.056329 0 
1550 0.084176 0 
1551 0.067816 0 
1552 0.051656 0 
1553 0.044031 0 
1554 0.042017 0 
1555 0.025851 0 
1556 0.038127 0 
1557 0.022142 0 
1558 0.057092 0 
1559 0.046185 0 
1561 0.031601 0 
1562 0.027516 0 
1563 0.020707 0 
1564 0.097826 0 
1565 0.081573 0 
1566 0.080019 0 
1567 0.066638 0 
1569 0.036269 0 
1570 0.020297 0 
1571 0.034731 0 
1572 0.064089 0 
1574 0.031823 0 
1575 0.015430 0 
1576 0.102077 0 
1577 0.085890 0 
1579 0.053308 0 
1580 0.037089 0 
1581 0.030207 0 
1582 0.014158 0 
1583 0.100937 0 
1584 0.085054 0 
1586 0.070215 0 
1587 0.053843 0 
1588 0.060488 0 
1589 0.044091 0 
1590 0.028051 0 
1591 0.054511 0 
1592 0.038310 0 
1593 0.022006 0 
1594 0.014462 0 
1596 0.040000 0 
1597 0.032808 0 
1598 0.016963 0 
1599 0.042628 0 
1600 0.026259 0 
1601 0.030144 0 
1602 0.014216 0 
1603 0.025689 0 
1604 0.136332 0 
1605 0.120507 0 
1606 0.104815 0 
1607 0.087948 0 
1608 0.071493 0 
1609 0.073161 0 
1610 0.056893 0 
1611 0.040493 0 
1612 0.115933 0 
1613 0.099948 0 
1614 0.077349 0 
1615 0.068523 0 
1616 0.052144 0 
1617 0.035935 0 
1618 0.021885 0 
1619 0.092143 0 
1620 0.075828 0 
1621 0.059308 0 
1623 0.062577 0 
1624 0.045709 0 
1625 0.077296 0 
1626 0.060935 0 
1627 0.044694 0 
1628 0.035012 0 
1629 0.018748 0 
1630 0.054973 0 
1632 0.030497 0 
1633 0.014360 0 
1634 0.033590 0 
1635 0.017570 0 
1637 0.085189 0 
1639 0.056203 0 
1640 0.066702 0 
1641 0.119348 0 
1642 0.100719 0 
1645 0.072263 0 
1646 0.056010 0 
1647 0.039014 0 
1648 0.045388 0 
1649 0.028973 0 
1650 0.013150 0 
1651 0.039984 0 
1652 0.022953 0 
1653 0.051328 0 
1654 0.034695 0 
1655 0.018639 0 
1656 0.041049 0 
1658 0.016672 0 
1660 0.133788 0 
1661 0.126889 0 
1662 0.110980 0 
1663 0.094790 0 
1664 0.128426 0 
1665 0.112118 0 
1666 0.095824 0 
1668 0.071253 0 
1669 0.054789 0 
1670 0.049969 0 
1671 0.033480 0 
1672 0.017260 0 
1673 0.009551 0 
1674 0.032202 0 
1675 0.021130 0 
1676 0.035480 0 
1677 0.019547 0 
1678 0.156450 0 
1679 0.153225 0 
1680 0.140730 0 
1681 0.171364 0 
1682 0.155301 0 
1684 0.145831 0 
1685 0.192728 0 
1686 0.179784 0 
1687 0.170628 0 
1688 0.154086 0 
1689 0.172364 0 
1690 0.156128 0 
1691 0.146645 0 
1692 0.139027 0 
1693 0.136059 0 
1695 0.103085 0 
1697 0.086395 0 
1698 0.069962 0 
1699 0.052612 0 
1700 0.098252 0 
1701 0.081883 0 
1702 0.066098 0 
1703 0.049056 0 
1705 0.016439 0 
1706 0.011451 0 
1708 0.185447 0 
1710 0.183966 0 
1712 0.164591 0 
1713 0.147944 0 
1714 0.131750 0 
1716 0.127839 0 
1717 0.111646 0 
1718 0.125638 0 
1720 0.092999 0 
1721 0.076224 0 
1722 0.063901 0 
1723 0.062564 0 
1724 0.046813 0 
1725 0.030025 0 
1726 0.051617 0 
1727 0.034917 0 
1728 0.018348 0 
1729 0.080029 0 
1730 0.063963 0 
1731 0.047823 0 
1732 0.068425 0 
1733 0.052177 0 
1734 0.067149 0 
1735 0.050518 0 
1736 0.034381 0 
1737 0.070088 0 
1739 0.037473 0 
1740 0.036603 0 
1741 0.020018 0 
1742 0.015591 0 
1743 0.027956 0 
1744 0.021277 0 
1745 0.033316 0 
1747 0.033957 0 
1748 0.018041 0 
1749 0.064690 0 
1750 0.048773 0 
1751 0.065104 0 
1752 0.048826 0 
1753 0.050525 0 
1754 0.034058 0 
1755 0.018164 0 
1756 0.065409 0 
1757 0.047768 0 
1758 0.031059 0 
1760 0.067479 0 
1761 0.153005 0 
1762 0.136801 0 
1763 0.133513 0 
1764 0.117863 0 
1765 0.101655 0 
1766 0.085433 0 
1768 0.051527 0 
1769 0.053685 0 
1770 0.042761 0 
1771 0.105624 0 
1773 0.073254 0 
1774 0.056757 0 
1775 0.079943 0 
1776 0.063616 0 
1778 0.030729 0 
1779 0.062748 0 
1780 0.045518 0 
1781 0.029422 0 
1782 0.070657 0 
1783 0.054742 0 
1785 0.022649 0 
1786 0.037470 0 
1787 0.021252 0 
1788 0.038397 0 
1789 0.021940 0 
1790 0.063639 0 
1791 0.047358 0 
1792 0.062415 0 
1793 0.046391 0 
1795 0.069746 0 
1796 0.054849 0 
1797 0.105638 0 
1798 0.089276 0 
1799 0.072733 0 
1800 0.068654 0 
1801 0.052428 0 
1802 0.035874 0 
1803 0.103702 0 
1804 0.087692 0 
1805 0.071434 0 
1806 0.067894 0 
1807 0.051597 0 
1808 0.035529 0 
1809 0.041872 0 
1810 0.051884 0 
1811 0.040061 0 
1812 0.044736 0 
1813 0.028392 0 
1814 0.012581 0 
1815 0.010137 0 
1816 0.035545 0 
1817 0.019714 0 
1818 0.128421 0 
1819 0.119900 0 
1820 0.104156 0 
1822 0.072521 0 
1823 0.080243 0 
1824 0.070325 0 
1825 0.121547 0 
1826 0.105414 0 
1827 0.089232 0 
1828 0.073585 0 
1829 0.091292 0 
1831 0.095070 0 
1832 0.078736 0 
1833 0.062712 0 
1834 0.046100 0 
1836 0.013434 0 
1838 0.036851 0 
1839 0.040486 0 
1840 0.040546 0 
1841 0.023675 0 
1844 0.075070 0 
1845 0.062945 0 
1846 0.127814 0 
1847 0.111850 0 
1848 0.096233 0 
1849 0.083759 0 
1850 0.067200 0 
1851 0.065443 0 
1852 0.049061 0 
1853 0.032764 0 
1854 0.033284 0 
1855 0.077693 0 
1857 0.086628 0 
1859 0.054369 0 
1860 0.037897 0 
1861 0.021720 0 
1862 0.054515 0 
1863 0.038343 0 
1864 0.022240 0 
1865 0.037675 0 
1867 0.073631 0 
1868 0.091808 0 
1869 0.076809 0 
1870 0.060102 0 
1871 0.044226 0 
1872 0.068237 0 
1873 0.052146 0 
1874 0.036195 0 
1875 0.020180 0 
1876 0.024681 0 
1877 0.025944 0 
1878 0.009763 0 
1879 0.012922 0 
1881 0.146055 0 
1883 0.126689 0 
1884 0.178138 0 
1885 0.174013 0 
1886 0.157712 0 
1887 0.167523 0 
1888 0.151668 0 
1889 0.135529 0 
1890 0.119283 0 
1891 0.146345 0 
1892 0.130333 0 
1894 0.113638 0 
1896 0.080826 0 
1897 0.114354 0 
1898 0.098039 0 
1899 0.081923 0 
1900 0.065734 0 
1901 0.049074 0 
1902 0.032875 0 
1904 0.043028 0 
1905 0.047390 0 
1906 0.031518 0 
1907 0.034179 0 
1909 0.033887 0 
1911 0.077585 0 
1912 0.061455 0 
1913 0.093156 0 
1915 0.060374 0 
1916 0.073764 0 
1917 0.057393 0 
1919 0.084598 0 
1920 0.067850 0 
1921 0.050932 0 
1922 0.034425 0 
1923 0.041769 0 
1924 0.025909 0 
1925 0.041483 0 
1926 0.025400 0 
1927 0.024002 0 
1928 0.034245 0 
1929 0.050885 0 
1930 0.042486 0 
1931 0.026191 0 
1932 0.041248 0 
1933 0.025173 0 
1934 0.019356 0 
1935 0.050944 0 
1936 0.034734 0 
1938 0.019414 0 
1939 0.017528 0 
1940 0.056793 0 
1941 0.040463 0 
1942 0.077530 0 
1943 0.061052 0 
1944 0.138926 0 
1946 0.107035 0 
1947 0.090602 0 
1948 0.075099 0 
1949 0.059293 0 
1950 0.042203 0 
1951 0.038681 0 
1952 0.021834 0 
1953 0.042233 0 
1954 0.026373 0 
1955 0.020638 0 
1956 0.022506 0 
1957 0.059887 0 
1959 0.027432 0 
1960 0.034244 0 
1961 0.037390 0 
1962 0.030396 0 
1963 0.013576 0 
1964 0.083326 0 
1965 0.067031 0 
1967 0.049392 0 
1968 0.033252 0 
1969 0.055570 0 
1970 0.043729 0 
1972 0.011370 0 
1973 0.094427 0 
1974 0.078178 0 
1975 0.062362 0 
1977 0.029348 0 
1978 0.047114 0 
1979 0.031994 0 
1980 0.034547 0 
1981 0.018408 0 
1982 0.071897 0 
1984 0.042501 0 
1985 0.055152 0 
1986 0.051811 0 
1987 0.035591 0 
1988 0.019136 0 
1989 0.063668 0 
1990 0.047586 0 
1991 0.102180 0 
1992 0.086061 0 
1994 0.053446 0 
1995 0.068222 0 
1996 0.074136 0 
1997 0.058249 0 
1998 0.042225 0 
1999 0.025813 0 
2000 0.015767 0 
2001 0.010462 0 
2002 0.021702 0 
2003 0.046670 0 
2004 0.030658 0 
2005 0.014172 0 
2006 0.090703 0 
2007 0.079381 0 
2008 0.063679 0 
2009 0.078491 0 
2010 0.062227 0 
2011 0.045960 0 
2012 0.058211 0 
2013 0.041986 0 
2014 0.025784 0 
2015 0.035927 0 
2016 0.019608 0 
2017 0.025617 0 
2018 0.014143 0 
2019 0.022384 0 
2021 0.015370 0 
2022 0.064146 0 
2023 0.047884 0 
2024 0.041127 0 
2025 0.024589 0 
2026 0.014461 0 
2027 0.057932 0 
2028 0.041369 0 
2030 0.071041 0 
2031 0.055565 0 
2032 0.039202 0 
2033 0.022845 0 
2035 0.034538 0 
2037 0.046664 0 
2038 0.077988 0 
2039 0.073441 0 
2040 0.115385 0 
2043 0.067001 0 
2044 0.050882 0 
2045 0.035045 0 
2046 0.077313 0 
2047 0.062679 0 
2048 0.050983 0 
2049 0.054862 0 
2050 0.070623 0 
2051 0.054840 0 
2052 0.038017 0 
2053 0.022260 0 
2054 0.011105 0 
2056 0.034298 0 
2058 0.043649 0 
2059 0.083336 0 
2060 0.067038 0 
2061 0.076600 0 
2062 0.060446 0 
2063 0.044167 0 
2064 0.027430 0 
2066 0.042736 0 
2067 0.026703 0 
2068 0.040936 0 
2069 0.024688 0 
2070 0.009641 0 
2071 0.148921 0 
2072 0.132388 0 
2073 0.116495 0 
2074 0.135367 0 
2075 0.119098 0 
2076 0.102440 0 
2077 0.086358 0 
2078 0.069711 0 
2079 0.053597 0 
2080 0.037243 0 
2082 0.080475 0 
2083 0.063962 0 
2084 0.070475 0 
2085 0.054039 0 
2086 0.037763 0 
2087 0.021651 0 
2088 0.029232 0 
2089 0.013119 0 
2090 0.031510 0 
2091 0.015696 0 
2093 0.029235 0 
2095 0.020749 0 
2096 0.007252 0 
2097 0.031742 0 
2098 0.015005 0 
2099 0.013277 0 
2100 0.037635 0 
2101 0.021038 0 
2103 0.058752 0 
2104 0.042622 0 
2105 0.026145 0 
2106 0.052335 0 
2108 0.049907 0 
2110 0.120896 0 
2111 0.104669 0 
2112 0.092782 0 
2114 0.074723 0 
2115 0.057924 0 
2116 0.050299 0 
2118 0.085353 0 
2119 0.069355 0 
2120 0.052779 0 
2121 0.145584 0 
2122 0.129166 0 
2123 0.168262 0 
2124 0.152138 0 
2125 0.135954 0 
2126 0.172677 0 
2127 0.156545 0 
2128 0.138608 0 
2129 0.146692 0 
2130 0.130286 0 
2131 0.114254 0 
2132 0.096612 0 
2133 0.080356 0 
2134 0.090780 0 
2135 0.074673 0 
2137 0.084505 0 
2138 0.069016 0 
2139 0.053783 0 
2140 0.037539 0 
2141 0.032369 0 
2142 0.029133 0 
2143 0.028909 0 
2145 0.027404 0 
2146 0.030339 0 
2147 0.018843 0 
2148 0.078878 0 
2149 0.063047 0 
2150 0.097714 0 
2151 0.081496 0 
2152 0.071726 0 
2153 0.080989 0 
2154 0.070945 0 
2155 0.054623 0 
2156 0.042651 0 
2158 0.035854 0 
2159 0.105669 0 
2160 0.099122 0 
2161 0.114041 0 
2162 0.106912 0 
2163 0.090382 0 
2164 0.073848 0 
2166 0.084222 0 
2167 0.068229 0 
2168 0.052513 0 
2169 0.052075 0 
2171 0.019150 0 
2172 0.020440 0 
2173 0.006792 0 
2174 0.033712 0 
2176 0.048700 0 
2177 0.044794 0 
2178 0.028318 0 
2179 0.078849 0 
2180 0.062221 0 
2181 0.046409 0 
2183 0.036595 0 
2184 0.040408 0 
2185 0.024433 0 
2186 0.045524 0 
2187 0.029218 0 
2188 0.069213 0 
2189 0.057507 0 
2190 0.061944 0 
2191 0.045415 0 
2193 0.012849 0 
2194 0.024316 0 
2195 0.053078 0 
2196 0.037309 0 
2197 0.021190 0 
2198 0.046013 0 
2199 0.029798 0 
2200 0.064726 0 
2201 0.087395 0 
2202 0.071064 0 
2203 0.055008 0 
2204 0.038934 0 
2205 0.022949 0 
2206 0.040800 0 
2207 0.056331 0 
2208 0.040560 0 
2209 0.030977 0 
2210 0.014647 0 
2211 0.092610 0 
2212 0.076032 0 
2213 0.101278 0 
2214 0.085487 0 
2215 0.069463 0 
2216 0.053294 0 
2217 0.037058 0 
2218 0.020715 0 
2220 0.063091 0 
2221 0.061141 0 
2222 0.044797 0 
2223 0.028131 0 
2224 0.011901 0 
2225 0.018720 0 
2226 0.082525 0 
2227 0.066322 0 
2229 0.093286 0 
2230 0.077394 0 
2231 0.060567 0 
2232 0.044288 0 
2234 0.034445 0 
2236 0.017728 0 
2237 0.036477 0 
2238 0.045030 0 
2239 0.028733 0 
2242 0.056246 0 
2243 0.039866 0 
2244 0.023544 0 
2245 0.048203 0 
2246 0.031856 0 
2247 0.060192 0 
2248 0.044048 0 
2249 0.027920 0 
2250 0.048265 0 
2251 0.032386 0 
2252 0.015799 0 
2253 0.054780 0 
2255 0.023049 0 
2257 0.034780 0 
2258 0.018720 0 
2259 0.019516 0 
2260 0.046481 0 
2261 0.030378 0 
2262 0.014026 0 
2263 0.050286 0 
2265 0.018334 0 
2266 0.017532 0 
2267 0.035304 0 
2268 0.036541 0 
2269 0.020400 0 
2270 0.087188 0 
2271 0.071156 0 
2272 0.071828 0 
2273 0.055547 0 
2274 0.066807 0 
2275 0.050460 0 
2276 0.034609 0 
2277 0.018396 0 
2278 0.113031 0 
2279 0.096228 0 
2281 0.102797 0 
2282 0.122041 0 
2283 0.105479 0 
2284 0.133972 0 
2285 0.117906 0 
2286 0.101672 0 
2287 0.111478 0 
2288 0.095276 0 
2289 0.078678 0 
2290 0.062278 0 
2292 0.082855 0 
2294 0.050426 0 
2295 0.034075 0 
2296 0.041402 0 
2297 0.025760 0 
2298 0.020351 0 
2299 0.011559 0 
2300 0.028134 0 
2302 0.049097 0 
2303 0.032587 0 
2304 0.051566 0 
2305 0.035037 0 
2307 0.029156 0 
2309 0.021885 0 
2310 0.090520 0 
2311 0.074516 0 
2313 0.097023 0 
2314 0.080776 0 
2315 0.064215 0 
2317 0.066638 0 
2318 0.050295 0 
2319 0.033691 0 
2320 0.030730 0 
2321 0.036487 0 
2322 0.046101 0 
2323 0.029905 0 
2324 0.041859 0 
2325 0.024943 0 
2326 0.020589 0 
2327 0.022548 0 
2328 0.075259 0 
2329 0.059175 0 
2330 0.042918 0 
2331 0.071024 0 
2332 0.124877 0 
2333 0.108482 0 
2334 0.092269 0 
2336 0.130530 0 
2337 0.114353 0 
2338 0.097435 0 
2339 0.080518 0 
2340 0.064447 0 
2341 0.066953 0 
2342 0.072186 0 
2344 0.039155 0 
2345 0.022954 0 
2346 0.023919 0 
2347 0.016070 0 
2348 0.032893 0 
2349 0.016510 0 
2350 0.054848 0 
2351 0.038411 0 
2352 0.022681 0 
2353 0.024544 0 
2354 0.008663 0 
2355 0.053179 0 
2357 0.020553 0 
2358 0.044173 0 
2359 0.037988 0 
2360 0.070673 0 
2361 0.054537 0 
2362 0.038691 0 
2363 0.022645 0 
2365 0.042298 0 
2366 0.039143 0 
2367 0.023064 0 
2368 0.058886 0 
2370 0.025846 0 
2371 0.068058 0 
2372 0.051667 0 
2373 0.035429 0 
2375 0.056979 0 
2376 0.071424 0 
2377 0.055188 0 
2378 0.039242 0 
2379 0.022934 0 
2380 0.174241 0 
2382 0.141364 0 
2383 0.125184 0 
2384 0.108887 0 
2385 0.106741 0 
2386 0.090551 0 
2387 0.074199 0 
2388 0.065058 0 
2389 0.083967 0 
2390 0.067634 0 
2392 0.052388 0 
2393 0.035866 0 
2394 0.035861 0 
2395 0.019764 0 
2396 0.033150 0 
2397 0.017034 0 
2398 0.025487 0 
2399 0.008535 0 
2400 0.039038 0 
2401 0.023166 0 
2402 0.045456 0 
2403 0.029071 0 
2404 0.015658 0 
2405 0.016202 0 
2406 0.025618 0 
2407 0.028233 0 
2408 0.012232 0 
2409 0.030073 0 
2410 0.013874 0 
2411 0.036098 0 
2412 0.023915 0 
2413 0.086594 0 
2414 0.070508 0 
2415 0.061882 0 
2416 0.045770 0 
2417 0.029399 0 
2419 0.051403 0 
2420 0.132658 0 
2421 0.115946 0 
2422 0.099510 0 
2423 0.096261 0 
2424 0.107794 0 
2425 0.090896 0 
2426 0.074312 0 
2428 0.078033 0 
2429 0.061821 0 
2430 0.044775 0 
2431 0.028915 0 
2433 0.033608 0 
2435 0.053660 0 
2436 0.055994 0 
2437 0.056458 0 
2438 0.081012 0 
2441 0.032494 0 
2442 0.105321 0 
2443 0.102124 0 
2444 0.085839 0 
2445 0.088394 0 
2446 0.071988 0 
2447 0.055972 0 
2448 0.101331 0 
2449 0.085341 0 
2450 0.068928 0 
2451 0.052806 0 
2452 0.036261 0 
2454 0.021314 0 
2456 0.019755 0 
2457 0.019712 0 
2458 0.042799 0 
2459 0.026196 0 
2460 0.019167 0 
2461 0.017419 0 
2462 0.022592 0 
2464 0.033569 0 
2465 0.017553 0 
2466 0.023606 0 
2467 0.008244 0 
2468 0.008675 0 
2469 0.012408 0 
2470 0.085006 0 
2471 0.068945 0 
2472 0.053533 0 
2473 0.039127 0 
2474 0.079076 0 
2475 0.063009 0 
2476 0.046365 0 
2477 0.029778 0 
2478 0.039016 0 
2480 0.047488 0 
2481 0.051663 0 
2482 0.035569 0 
2483 0.044521 0 
2484 0.028488 0 
2485 0.042327 0 
2486 0.026215 0 
2487 0.037191 0 
2488 0.021119 0 
2489 0.023131 0 
2491 0.035968 0 
2493 0.037826 0 
2494 0.021831 0 
2495 0.076343 0 
2496 0.058861 0 
2497 0.042288 0 
2498 0.068300 0 
2499 0.052246 0 
2501 0.074815 0 
2502 0.058326 0 
2503 0.042304 0 
2504 0.088607 0 
2506 0.073132 0 
2508 0.040428 0 
2509 0.024068 0 
2510 0.074140 0 
2512 0.050182 0 
2513 0.078396 0 
2514 0.062511 0 
2516 0.030133 0 
2517 0.042852 0 
2518 0.026674 0 
2519 0.015081 0 
2520 0.043425 0 
2521 0.027174 0 
2522 0.027286 0 
2523 0.011302 0 
2524 0.023112 0 
2525 0.077435 0 
2526 0.060870 0 
2527 0.044564 0 
2528 0.120628 0 
2529 0.103960 0 
2530 0.131170 0 
2531 0.119054 0 
2532 0.102721 0 
2533 0.113943 0 
2535 0.081452 0 
2536 0.075221 0 
2537 0.058930 0 
2538 0.058336 0 
2539 0.055717 0 
2540 0.038656 0 
2541 0.090000 0 
2543 0.057561 0 
2544 0.041723 0 
2545 0.044257 0 
2546 0.027920 0 
2547 0.035624 0 
2548 0.034727 0 
2549 0.054460 0 
2550 0.038032 0 
2551 0.020904 0 
2552 0.014860 0 
2553 0.158513 0 
2554 0.142245 0 
2556 0.109836 0 
2557 0.093521 0 
2558 0.076922 0 
2559 0.060324 0 
2560 0.044089 0 
2561 0.051203 0 
2562 0.034903 0 
2564 0.059416 0 
2565 0.043532 0 
2566 0.037979 0 
2567 0.058738 0 
2569 0.026796 0 
2570 0.024454 0 
2571 0.031295 0 
2572 0.025939 0 
2574 0.028908 0 
2575 0.036785 0 
2576 0.021427 0 
2577 0.090982 0 
2578 0.074771 0 
2579 0.058513 0 
2581 0.090486 0 
2582 0.074405 0 
2583 0.084697 0 
2584 0.068474 0 
2585 0.084357 0 
2586 0.068192 0 
2587 0.067938 0 
2588 0.051611 0 
2589 0.035320 0 
2591 0.102276 0 
2592 0.085289 0 
2593 0.086679 0 
2594 0.070758 0 
2595 0.053619 0 
2596 0.037243 0 
2597 0.036693 0 
2598 0.020744 0 
2599 0.032032 0 
2600 0.015994 0 
2601 0.021983 0 
2602 0.030764 0 
2603 0.014706 0 
2604 0.056165 0 
2605 0.040361 0 
2606 0.033729 0 
2607 0.043561 0 
2608 0.027217 0 
2609 0.034115 0 
2610 0.017808 0 
2611 0.024293 0 
2612 0.042767 0 
2613 0.026105 0 
2614 0.085245 0 
2615 0.069041 0 
2616 0.052695 0 
2618 0.041251 0 
2619 0.032392 0 
2620 0.015843 0 
2621 0.038305 0 
2622 0.029235 0 
2623 0.012920 0 
2624 0.050269 0 
2625 0.034309 0 
2627 0.047867 0 
2628 0.036293 0 
2629 0.042207 0 
2630 0.025822 0 
2632 0.063088 0 
2634 0.078635 0 
2635 0.071596 0 
2636 0.102922 0 
2637 0.087586 0 
2640 0.038019 0 
2641 0.021732 0 
2642 0.030821 0 
2643 0.063181 0 
2644 0.047101 0 
2645 0.030912 0 
2646 0.019418 0 
2647 0.044229 0 
2648 0.028114 0 
2649 0.022375 0 
2650 0.026030 0 
2651 0.021296 0 
2653 0.070611 0 
2655 0.079964 0 
2656 0.063912 0 
2657 0.065806 0 
2658 0.049670 0 
2659 0.042133 0 
2660 0.033754 0 
2661 0.017218 0 
2663 0.042771 0 
2664 0.073459 0 
2665 0.071527 0 
2666 0.054746 0 
2667 0.039268 0 
2668 0.023063 0 
2669 0.123516 0 
2670 0.106043 0 
2671 0.089511 0 
2672 0.082653 0 
2673 0.072860 0 
2674 0.054904 0 
2675 0.038395 0 
2676 0.060746 0 
2677 0.044556 0 
2679 0.098023 0 
2680 0.088323 0 
2681 0.104296 0 
2682 0.088362 0 
2683 0.072352 0 
2684 0.056277 0 
2685 0.061194 0 
2686 0.045323 0 
2687 0.029270 0 
2688 0.136039 0 
2690 0.104010 0 
2692 0.191053 0 
2693 0.174908 0 
2694 0.158182 0 
2695 0.142029 0 
2696 0.126159 0 
2697 0.129824 0 
2698 0.113532 0 
2700 0.135582 0 
2701 0.118858 0 
2702 0.102163 0 
2703 0.099121 0 
2705 0.095073 0 
2707 0.072951 0 
2708 0.056716 0 
2709 0.046674 0 
2711 0.013984 0 
2712 0.021677 0 
2713 0.021710 0 
2715 0.029875 0 
2716 0.013884 0 
2717 0.066438 0 
2718 0.049764 0 
2719 0.033265 0 
2720 0.037647 0 
2721 0.039907 0 
2722 0.023762 0 
2723 0.077929 0 
2724 0.061764 0 
2725 0.044681 0 
2726 0.028096 0 
2727 0.024146 0 
2728 0.013257 0 
2729 0.050205 0 
2730 0.041493 0 
2731 0.029842 0 
2732 0.013726 0 
2734 0.062016 0 
2735 0.045986 0 
2736 0.085724 0 
2737 0.083697 0 
2738 0.067047 0 
2739 0.051121 0 
2740 0.087514 0 
2742 0.054621 0 
2743 0.038916 0 
2744 0.022019 0 
2745 0.103681 0 
2746 0.087346 0 
2747 0.071115 0 
2748 0.055537 0 
2749 0.039296 0 
2750 0.043554 0 
2751 0.027712 0 
2752 0.067799 0 
2753 0.051538 0 
2755 0.031296 0 
2756 0.014939 0 
2757 0.033045 0 
2758 0.052963 0 
2759 0.080868 0 
2760 0.065441 0 
2761 0.049596 0 
2763 0.027784 0 
2764 0.022451 0 
2765 0.053935 0 
2766 0.066772 0 
2768 0.034064 0 
2769 0.017968 0 
2770 0.019688 0 
2771 0.007969 0 
2773 0.088056 0 
2774 0.072205 0 
2775 0.055933 0 
2776 0.039600 0 
2777 0.066146 0 
2778 0.060300 0 
2780 0.026377 0 
2781 0.042378 0 
2782 0.079428 0 
2783 0.061419 0 
2784 0.045141 0 
2785 0.131719 0 
2786 0.114627 0 
2787 0.106123 0 
2788 0.089801 0 
2790 0.057693 0 
2791 0.089356 0 
2792 0.073136 0 
2793 0.056502 0 
2794 0.069237 0 
2795 0.056454 0 
2796 0.043950 0 
2797 0.027311 0 
2798 0.024687 0 
2799 0.034219 0 
2800 0.048903 0 
2801 0.032370 0 
2802 0.019145 0 
2803 0.009075 0 
2804 0.017178 0 
2805 0.035650 0 
2806 0.019271 0 
2807 0.049948 0 
2808 0.034098 0 
2809 0.035572 0 
2810 0.099598 0 
2811 0.083302 0 
2812 0.071666 0 
2813 0.055614 0 
2814 0.039362 0 
2815 0.072061 0 
2817 0.039614 0 
2818 0.038081 0 
2819 0.022217 0 
2820 0.019906 0 
2821 0.025738 0 
2822 0.074622 0 
2823 0.058849 0 
2824 0.065296 0 
2826 0.084798 0 
2827 0.068541 0 
2828 0.052220 0 
2829 0.035916 0 
2831 0.040133 0 
2833 0.028374 0 
2834 0.031690 0 
2835 0.035158 0 
2836 0.019074 0 
2839 0.028184 0 
2840 0.017921 0 
2841 0.026294 0 
2842 0.065189 0 
2843 0.049405 0 
2844 0.033300 0 
2845 0.034320 0 
2846 0.104270 0 
2847 0.088027 0 
2848 0.071706 0 
2849 0.065906 0 
2850 0.049738 0 
2852 0.070966 0 
2854 0.089605 0 
2855 0.072950 0 
2856 0.056482 0 
2857 0.094722 0 
2858 0.078405 0 
2859 0.061959 0 
2860 0.054028 0 
2862 0.041827 0 
2863 0.081888 0 
2864 0.066126 0 
2865 0.049264 0 
2866 0.033139 0 
2867 0.118220 0 
2868 0.102218 0 
2869 0.086001 0 
2870 0.110306 0 
2871 0.092451 0 
2872 0.077456 0 
2873 0.061261 0 
2874 0.083920 0 
2875 0.067617 0 
2876 0.051333 0 
2878 0.068296 0 
2879 0.056888 0 
2880 0.052627 0 
2881 0.036088 0 
2882 0.019621 0 
2883 0.086974 0 
2884 0.076257 0 
2885 0.060503 0 
2886 0.044683 0 
2887 0.028488 0 
2889 0.036494 0 
2891 0.031336 0 
2892 0.015635 0 
2893 0.040863 0 
2894 0.024402 0 
2895 0.006866 0 
2896 0.010844 0 
2897 0.046134 0 
2899 0.028757 0 
2900 0.012874 0 
2901 0.021072 0 
2902 0.079846 0 
2904 0.046579 0 
2906 0.014642 0 
2907 0.043321 0 
2908 0.026720 0 
2910 0.053816 0 
2911 0.078268 0 
2912 0.062107 0 
2914 0.033915 0 
2915 0.042714 0 
2916 0.026877 0 
2917 0.060316 0 
2918 0.043758 0 
2919 0.032663 0 
2920 0.083606 0 
2921 0.067042 0 
2922 0.060818 0 
2923 0.044563 0 
2924 0.028372 0 
2925 0.033683 0 
2926 0.017312 0 
2927 0.034263 0 
2928 0.017986 0 
2929 0.024157 0 
2930 0.015610 0 
2931 0.032547 0 
2933 0.056076 0 
2934 0.039890 0 
2935 0.024465 0 
2936 0.054773 0 
2937 0.038490 0 
2938 0.042275 0 
2939 0.026033 0 
2941 0.112150 0 
2942 0.096076 0 
2943 0.079658 0 
2944 0.063622 0 
2945 0.047028 0 
2946 0.035508 0 
2947 0.018399 0 
2948 0.021768 0 
2949 0.023697 0 
2950 0.017407 0 
2951 0.035335 0 
2952 0.019139 0 
2954 0.061851 0 
2955 0.053154 0 
2956 0.036500 0 
2957 0.020809 0 
2958 0.091250 0 
2959 0.074941 0 
2960 0.092275 0 
2962 0.060161 0 
2963 0.044070 0 
2964 0.044036 0 
2965 0.087524 0 
2967 0.054732 0 
2968 0.038288 0 
2969 0.022308 0 
2970 0.068749 0 
2972 0.035572 0 
2973 0.022803 0 
2974 0.108855 0 
2975 0.092687 0 
2976 0.076664 0 
2977 0.059884 0 
2979 0.032771 0 
2980 0.080757 0 
2981 0.074604 0 
2982 0.078131 0 
2983 0.062063 0 
2984 0.055746 0 
2985 0.158444 0 
2986 0.173937 0 
2987 0.157060 0 
2989 0.147328 0 
2990 0.130629 0 
2991 0.114197 0 
2992 0.195985 0 
2993 0.179766 0 
2994 0.163646 0 
2995 0.147456 0 
2996 0.130905 0 
2997 0.114239 0 
2998 0.113160 0 
2999 0.096673 0 
3000 0.080395 0 
3001 0.087278 0 
3002 0.071103 0 
3003 0.059642 0 
3004 0.043407 0 
3005 0.054194 0 
3006 0.037708 0 
3007 0.043223 0 
3008 0.027161 0 
3009 0.010839 0 
3010 0.030909 0 
3011 0.026105 0 
3012 0.016915 0 
3013 0.044337 0 
3014 0.028064 0 
3016 0.023619 0 
3017 0.035841 0 
3018 0.020142 0 
3019 0.042100 0 
3020 0.025474 0 
3021 0.015327 0 
3022 0.021832 0 
3023 0.046295 0 
3025 0.065611 0 
3026 0.058700 0 
3027 0.042531 0 
3028 0.026307 0 
3030 0.071309 0 
3032 0.045296 0 
3033 0.050964 0 
3034 0.112022 0 
3035 0.095411 0 
3038 0.045896 0 
3039 0.123755 0 
3040 0.107585 0 
3041 0.165078 0 
3042 0.148115 0 
3043 0.132763 0 
3044 0.116528 0 
3045 0.128896 0 
3046 0.112693 0 
3047 0.117160 0 
3048 0.125862 0 
3049 0.110039 0 
3051 0.122817 0 
3053 0.120513 0 
3054 0.104044 0 
3055 0.140589 0 
3056 0.124236 0 
3057 0.107769 0 
3058 0.093279 0 
3059 0.088396 0 
3061 0.049476 0 
3062 0.173513 0 
3063 0.194334 0 
3064 0.177517 0 
3065 0.162760 0 
3066 0.168225 0 
3067 0.152096 0 
3068 0.136007 0 
3069 0.119481 0 
3070 0.163097 0 
3071 0.146733 0 
3072 0.158079 0 
3073 0.141937 0 
3074 0.125286 0 
3075 0.108862 0 
3077 0.158493 0 
3078 0.155993 0 
3079 0.140449 0 
3080 0.123832 0 
3081 0.152537 0 
3082 0.136602 0 
3083 0.119984 0 
3084 0.143084 0 
3085 0.166005 0 
3086 0.149674 0 
3088 0.117190 0 
3090 0.103913 0 
3091 0.087845 0 
3092 0.071653 0 
3093 0.115746 0 
3094 0.099530 0 
3095 0.082277 0 
3096 0.117876 0 
3098 0.118373 0 
3099 0.102851 0 
3100 0.086074 0 
3101 0.069196 0 
3103 0.051287 0 
3105 0.018593 0 
3106 0.038990 0 
3107 0.023638 0 
3109 0.044538 0 
3110 0.081589 0 
3111 0.072687 0 
3113 0.040466 0 
3114 0.024202 0 
3115 0.029649 0 
3116 0.011477 0 
3117 0.045737 0 
3118 0.028806 0 
3119 0.040609 0 
3120 0.024546 0 
3121 0.027785 0 
3122 0.011668 0 
3123 0.086965 0 
3124 0.154513 0 
3125 0.138127 0 
3126 0.121940 0 
3127 0.105682 0 
3128 0.113258 0 
3129 0.097027 0 
3130 0.095568 0 
3132 0.062358 0 
3133 0.046389 0 
3134 0.046036 0 
3135 0.029787 0 
3136 0.028244 0 
3137 0.044562 0 
3138 0.028189 0 
3140 0.092365 0 
3141 0.076312 0 
3142 0.059835 0 
3143 0.061640 0 
3144 0.044925 0 
3145 0.070424 0 
3146 0.054277 0 
3147 0.038194 0 
3148 0.037066 0 
3149 0.028075 0 
3150 0.040490 0 
3151 0.024054 0 
3153 0.037832 0 
3154 0.021493 0 
3155 0.028999 0 
3156 0.038432 0 
3157 0.022054 0 
3158 0.041042 0 
3159 0.024668 0 
3161 0.042190 0 
3162 0.025853 0 
3163 0.051263 0 
3164 0.073512 0 
3166 0.040113 0 
3167 0.023787 0 
3168 0.107848 0 
3169 0.091570 0 
3171 0.085116 0 
3172 0.068950 0 
3173 0.052566 0 
3174 0.057323 0 
3175 0.041601 0 
3176 0.025073 0 
3178 0.092900 0 
3179 0.077444 0 
3180 0.061068 0 
3181 0.134383 0 
3182 0.118094 0 
3183 0.101536 0 
3184 0.090680 0 
3185 0.074513 0 
3186 0.058228 0 
3188 0.037709 0 
3189 0.024425 0 
3190 0.040280 0 
3191 0.023350 0 
3192 0.026800 0 
3193 0.010477 0 
3194 0.041690 0 
3195 0.025483 0 
3196 0.020995 0 
3197 0.049761 0 
3198 0.033203 0 
3199 0.067769 0 
3200 0.051354 0 
3201 0.038142 0 
3202 0.052932 0 
3203 0.036843 0 
3204 0.020719 0 
3205 0.013594 0 
3206 0.020480 0 
3207 0.010190 0 
3208 0.019581 0 
3209 0.023890 0 
3210 0.007427 0 
3211 0.027974 0 
3212 0.055511 0 
3213 0.039125 0 
3215 0.035634 0 
3216 0.073687 0 
3217 0.057677 0 
3218 0.041456 0 
3219 0.042634 0 
3220 0.026494 0 
3221 0.021762 0 
3222 0.052436 0 
3224 0.069130 0 
3225 0.090180 0 
3226 0.074121 0 
3227 0.058369 0 
3229 0.026335 0 
3231 0.036510 0 
3232 0.032117 0 
3233 0.070976 0 
3234 0.095263 0 
3237 0.074425 0 
3238 0.057708 0 
3239 0.050577 0 
3240 0.034355 0 
3241 0.055705 0 
3242 0.039533 0 
3243 0.023041 0 
3244 0.016380 0 
3245 0.030220 0 
3246 0.014425 0 
3247 0.039986 0 
3248 0.023963 0 
3250 0.030702 0 
3252 0.041711 0 
3253 0.057612 0 
3254 0.043203 0 
3255 0.026767 0 
3256 0.025555 0 
3257 0.042418 0 
3258 0.026303 0 
3260 0.034230 0 
3261 0.093278 0 
3262 0.076465 0 
3263 0.060587 0 
3264 0.064195 0 
3265 0.047837 0 
3266 0.031122 0 
3267 0.086467 0 
3268 0.070297 0 
3269 0.077678 0 
3270 0.061632 0 
3271 0.044734 0 
3272 0.056610 0 
3273 0.040176 0 
3274 0.072535 0 
3276 0.088249 0 
3277 0.071805 0 
3278 0.055512 0 
3279 0.057424 0 
3280 0.041393 0 
3281 0.025356 0 
3282 0.052870 0 
3283 0.035943 0 
3284 0.020914 0 
3285 0.033090 0 
3287 0.072944 0 
3289 0.076785 0 
3290 0.060535 0 
3291 0.044062 0 
3292 0.038900 0 
3293 0.022413 0 
3294 0.037020 0 
3295 0.021097 0 
3297 0.024029 0 
3298 0.034325 0 
3299 0.018137 0 
3300 0.038438 0 
3302 0.054493 0 
3304 0.022325 0 
3305 0.047664 0 
3306 0.031442 0 
3308 0.052720 0 
3309 0.067681 0 
3310 0.051432 0 
3312 0.018741 0 
3313 0.032141 0 
3314 0.016025 0 
3315 0.055156 0 
3316 0.039003 0 
3317 0.039887 0 
3318 0.023598 0 
3319 0.048949 0 
3320 0.032291 0 
3321 0.016267 0 
3322 0.070395 0 
3323 0.054346 0 
3324 0.038325 0 
3325 0.046523 0 
3326 0.030582 0 
3327 0.029878 0 
3328 0.022478 0 
3329 0.023349 0 
3331 0.043300 0 
3332 0.026715 0 
3333 0.023562 0 
3334 0.032142 0 
3335 0.013500 0 
3336 0.080842 0 
3337 0.065153 0 
3339 0.132333 0 
3340 0.116113 0 
3341 0.099748 0 
3342 0.082425 0 
3343 0.079690 0 
3344 0.076125 0 
3345 0.095718 0 
3346 0.079121 0 
3347 0.062589 0 
3348 0.046460 0 
3349 0.042191 0 
3350 0.026189 0 
3352 0.117192 0 
3353 0.161088 0 
3354 0.145057 0 
3355 0.153099 0 
3356 0.136729 0 
3357 0.120587 0 
3358 0.111818 0 
3360 0.079123 0 
3361 0.070898 0 
3362 0.073285 0 
3363 0.056800 0 
3365 0.037166 0 
3366 0.020722 0 
3367 0.035965 0 
3368 0.019782 0 
3370 0.050798 0 
3371 0.048768 0 
3372 0.031877 0 
3373 0.015507 0 
3374 0.033841 0 
3375 0.017516 0 
3377 0.024452 0 
3378 0.068713 0 
3379 0.114397 0 
3380 0.097227 0 
3381 0.086889 0 
3382 0.070887 0 
3383 0.054431 0 
3384 0.038429 0 
3385 0.047205 0 
3387 0.014996 0 
3388 0.074406 0 
3389 0.062335 0 
3390 0.046535 0 
3391 0.044858 0 
3392 0.028649 0 
3393 0.012439 0 
3394 0.027842 0 
3395 0.080248 0 
3396 0.064209 0 
3397 0.095300 0 
3398 0.078888 0 
3399 0.062221 0 
3400 0.046316 0 
3401 0.030063 0 
3402 0.027089 0 
3403 0.023129 0 
3404 0.091901 0 
3405 0.075937 0 
3406 0.059957 0 
3407 0.058539 0 
3408 0.041821 0 
3409 0.025743 0 
3410 0.043289 0 
3411 0.026708 0 
3412 0.010032 0 
3414 0.022007 0 
3415 0.087645 0 
3416 0.071243 0 
3417 0.078967 0 
3418 0.062502 0 
3419 0.046231 0 
3420 0.044330 0 
3421 0.107191 0 
3423 0.079535 0 
3424 0.062956 0 
3425 0.055852 0 
3426 0.039591 0 
3428 0.006799 0 
3430 0.016042 0 
3431 0.084513 0 
3432 0.085709 0 
3433 0.069377 0 
3436 0.047581 0 
3437 0.030867 0 
3438 0.037148 0 
3439 0.040516 0 
3440 0.024389 0 
3441 0.026199 0 
3442 0.009878 0 
3443 0.068051 0 
3444 0.051784 0 
3445 0.084216 0 
3446 0.068072 0 
3447 0.051924 0 
3449 0.060136 0 
3451 0.032111 0 
3452 0.016124 0 
3453 0.027065 0 
3454 0.010973 0 
3455 0.028919 0 
3456 0.020197 0 
3457 0.035914 0 
3459 0.108331 0 
3460 0.115862 0 
3461 0.112842 0 
3462 0.096347 0 
3463 0.114098 0 
3464 0.097870 0 
3465 0.081833 0 
3466 0.065265 0 
3467 0.075181 0 
3468 0.058499 0 
3469 0.081550 0 
3470 0.065695 0 
3471 0.049174 0 
3472 0.080925 0 
3473 0.064621 0 
3475 0.046195 0 
3476 0.067490 0 
3477 0.051624 0 
3478 0.091392 0 
3479 0.075232 0 
3480 0.058810 0 
3481 0.067129 0 
3482 0.050658 0 
3483 0.033980 0 
3484 0.017902 0 
3486 0.039992 0 
3488 0.063630 0 
3489 0.047421 0 
3490 0.045194 0 
3491 0.035443 0 
3492 0.019110 0 
3493 0.062915 0 
3494 0.045897 0 
3496 0.032318 0 
3497 0.079077 0 
3498 0.063443 0 
3499 0.047241 0 
3501 0.073269 0 
3503 0.076786 0 
3504 0.060701 0 
3505 0.044667 0 
3507 0.073884 0 
3508 0.058278 0 
3509 0.041953 0 
3511 0.041930 0 
3512 0.025355 0 
3513 0.028979 0 
3514 0.012838 0 
3515 0.008369 0 
3516 0.027267 0 
3517 0.021825 0 
3518 0.012908 0 
3519 0.013576 0 
3520 0.064463 0 
3521 0.048383 0 
3522 0.032156 0 
3523 0.027291 0 
3524 0.040729 0 
3525 0.024008 0 
3526 0.057701 0 
3527 0.041324 0 
3528 0.075743 0 
3530 0.042356 0 
3531 0.027683 0 
3532 0.011620 0 
3533 0.035437 0 
3534 0.019426 0 
3535 0.139044 0 
3536 0.122804 0 
3538 0.119555 0 
3539 0.103172 0 
3540 0.086863 0 
3541 0.093164 0 
3542 0.076831 0 
3543 0.060277 0 
3544 0.079161 0 
3545 0.062678 0 
3546 0.046514 0 
3547 0.044618 0 
3548 0.027944 0 
3549 0.011814 0 
3551 0.144722 0 
3552 0.129281 0 
3553 0.145213 0 
3554 0.129041 0 
3555 0.136294 0 
3556 0.120044 0 
3557 0.102587 0 
3559 0.079628 0 
3560 0.076368 0 
3561 0.085015 0 
3562 0.068731 0 
3564 0.080083 0 
3565 0.063885 0 
3566 0.047580 0 
3567 0.057350 0 
3569 0.025172 0 
3570 0.032347 0 
3571 0.027323 0 
3572 0.010877 0 
3573 0.052800 0 
3574 0.036725 0 
3576 0.058909 0 
3577 0.062947 0 
3578 0.046423 0 
3579 0.041940 0 
3580 0.025316 0 
3581 0.087390 0 
3582 0.070971 0 
3583 0.061925 0 
3584 0.045614 0 
3586 0.012545 0 
3587 0.030199 0 
3588 0.018164 0 
3589 0.017570 0 
3590 0.033282 0 
3591 0.060519 0 
3592 0.044241 0 
3593 0.027867 0 
3594 0.084293 0 
3595 0.068051 0 
3596 0.068424 0 
3597 0.056883 0 
3598 0.041074 0 
3599 0.136403 0 
3600 0.120015 0 
3601 0.103935 0 
3602 0.087705 0 
3603 0.071353 0 
3604 0.082649 0 
3605 0.091262 0 
3606 0.074589 0 
3607 0.058415 0 
3608 0.054667 0 
3609 0.038013 0 
3610 0.147067 0 
3611 0.130395 0 
3613 0.109686 0 
3614 0.094159 0 
3615 0.095453 0 
3616 0.078943 0 
3617 0.062711 0 
3618 0.045953 0 
3619 0.030283 0 
3620 0.013908 0 
3622 0.035105 0 
3623 0.056482 0 
3624 0.040191 0 
3625 0.023254 0 
3627 0.048319 0 
3629 0.028694 0 
3630 0.171474 0 
3631 0.162723 0 
3632 0.151338 0 
3635 0.112200 0 
3636 0.096105 0 
3637 0.079788 0 
3638 0.087035 0 
3639 0.069892 0 
3640 0.053759 0 
3641 0.044745 0 
3642 0.028750 0 
3643 0.028466 0 
3644 0.042888 0 
3645 0.035035 0 
3646 0.041754 0 
3648 0.050560 0 
3650 0.022755 0 
3651 0.087881 0 
3652 0.085670 0 
3653 0.112630 0 
3654 0.096872 0 
3655 0.080510 0 
3656 0.108318 0 
3658 0.075910 0 
3659 0.077318 0 
3660 0.060823 0 
3661 0.095279 0 
3662 0.079071 0 
3663 0.064884 0 
3664 0.096659 0 
3665 0.080496 0 
3666 0.064243 0 
3667 0.071609 0 
3668 0.055196 0 
3669 0.038722 0 
3670 0.082911 0 
3671 0.064231 0 
3672 0.047672 0 
3674 0.125814 0 
3675 0.109321 0 
3676 0.113811 0 
3677 0.101977 0 
3678 0.085594 0 
3679 0.094309 0 
3680 0.077584 0 
3681 0.087642 0 
3682 0.071023 0 
3683 0.054828 0 
3685 0.031334 0 
3687 0.026222 0 
3688 0.040192 0 
3689 0.023825 0 
3690 0.030271 0 
3691 0.038877 0 
3692 0.022608 0 
3693 0.028691 0 
3695 0.024013 0 
3696 0.015328 0 
3697 0.018983 0 
3698 0.072351 0 
3700 0.063523 0 
3702 0.030905 0 
3703 0.020408 0 
3704 0.014969 0 
3706 0.019379 0 
3707 0.074476 0 
3708 0.059274 0 
3710 0.032054 0 
3711 0.015848 0 
3712 0.048604 0 
3713 0.032157 0 
3714 0.016339 0 
3715 0.016284 0 
3716 0.027912 0 
3717 0.011505 0 
3718 0.041651 0 
3719 0.025323 0 
3720 0.031222 0 
3721 0.014885 0 
3722 0.058197 0 
3723 0.041908 0 
3724 0.025821 0 
3725 0.068704 0 
3726 0.052310 0 
3727 0.045202 0 
3729 0.060107 0 
3730 0.044187 0 
3731 0.027613 0 
3732 0.020718 0 
3733 0.046267 0 
3734 0.047490 0 
3735 0.031186 0 
3737 0.044173 0 
3738 0.028126 0 
3739 0.011703 0 
3740 0.118130 0 
3741 0.102150 0 
3742 0.097735 0 
3743 0.081705 0 
3744 0.065542 0 
3745 0.066373 0 
3746 0.049453 0 
3747 0.032780 0 
3748 0.016470 0 
3750 0.040276 0 
3751 0.044241 0 
3752 0.028038 0 
3753 0.034050 0 
3754 0.018711 0 
3755 0.039598 0 
3756 0.023227 0 
3758 0.023025 0 
3759 0.068211 0 
3760 0.080636 0 
3761 0.064318 0 
3763 0.039109 0 
3764 0.022688 0 
3765 0.090726 0 
3766 0.073909 0 
3768 0.051539 0 
3769 0.035144 0 
3770 0.101034 0 
3771 0.084868 0 
3772 0.068568 0 
3773 0.052593 0 
3775 0.033572 0 
3776 0.026295 0 
3777 0.013395 0 
3778 0.116332 0 
3779 0.100237 0 
3780 0.084311 0 
3781 0.113925 0 
3782 0.097932 0 
3783 0.081826 0 
3785 0.049574 0 
3786 0.032741 0 
3787 0.022962 0 
3788 0.061137 0 
3789 0.044855 0 
3790 0.028614 0 
3791 0.051081 0 
3792 0.049041 0 
3793 0.032820 0 
3794 0.056787 0 
3795 0.043851 0 
3796 0.037657 0 
3797 0.021334 0 
3798 0.058593 0 
3799 0.042079 0 
3800 0.024894 0 
3801 0.021010 0 
3802 0.023414 0 
3803 0.026355 0 
3804 0.010565 0 
3805 0.026035 0 
3806 0.010294 0 
3807 0.017325 0 
3808 0.016725 0 
3809 0.054338 0 
3810 0.045042 0 
3812 0.012574 0 
3813 0.028965 0 
3814 0.012559 0 
3815 0.116919 0 
3816 0.100219 0 
3817 0.083903 0 
3818 0.067664 0 
3819 0.130286 0 
3821 0.121120 0 
3822 0.105027 0 
3823 0.088100 0 
3824 0.072613 0 
3826 0.039362 0 
3828 0.049635 0 
3829 0.125659 0 
3830 0.109781 0 
3831 0.113838 0 
3834 0.064320 0 
3835 0.048302 0 
3836 0.032153 0 
3837 0.047870 0 
3838 0.035520 0 
3839 0.019328 0 
3840 0.018021 0 
3841 0.017969 0 
3842 0.061874 0 
3843 0.046855 0 
3844 0.052479 0 
3845 0.064704 0 
3847 0.032335 0 
3849 0.038343 0 
3850 0.077544 0 
3851 0.061343 0 
3852 0.045160 0 
3853 0.046828 0 
3854 0.045239 0 
3855 0.029009 0 
3857 0.038405 0 
3858 0.030609 0 
3859 0.018882 0 
3860 0.013005 0 
3861 0.073507 0 
3862 0.056191 0 
3863 0.040303 0 
3864 0.036800 0 
3865 0.020655 0 
3866 0.049704 0 
3867 0.033814 0 
3868 0.037383 0 
3869 0.021677 0 
3870 0.045389 0 
3871 0.029536 0 
3873 0.112480 0 
3874 0.208706 0 
3875 0.192609 0 
3876 0.176260 0 
3877 0.215374 0 
3878 0.198975 0 
3879 0.182997 0 
3880 0.167263 0 
3881 0.150762 0 
3882 0.134228 0 
3884 0.141748 0 
3886 0.108924 0 
3887 0.190629 0 
3888 0.189301 0 
3889 0.173185 0 
3890 0.157583 0 
3891 0.185483 0 
3892 0.169349 0 
3894 0.141849 0 
3895 0.143041 0 
3896 0.147304 0 
3897 0.130463 0 
3899 0.098330 0 
3901 0.095177 0 
3902 0.079149 0 
3903 0.062630 0 
3905 0.056228 0 
3906 0.039774 0 
3907 0.023440 0 
3909 0.093495 0 
3910 0.078586 0 
3911 0.061858 0 
3912 0.073835 0 
3913 0.056758 0 
3914 0.041018 0 
3915 0.043649 0 
3916 0.073463 0 
3917 0.057557 0 
3918 0.076634 0 
3919 0.060413 0 
3920 0.043743 0 
3921 0.028198 0 
3922 0.010167 0 
3923 0.014370 0 
3924 0.073391 0 
3925 0.057221 0 
3926 0.064299 0 
3928 0.031690 0 
3929 0.048843 0 
3930 0.032583 0 
3931 0.064444 0 
3932 0.048415 0 
3933 0.150019 0 
3934 0.133775 0 
3936 0.101639 0 
3937 0.119896 0 
3938 0.103716 0 
3939 0.087308 0 
3940 0.070981 0 
3941 0.054678 0 
3942 0.036748 0 
3943 0.126863 0 
3944 0.110691 0 
3945 0.094503 0 
3946 0.149065 0 
3947 0.132470 0 
3949 0.099940 0 
3950 0.084171 0 
3951 0.095085 0 
3952 0.078557 0 
3953 0.062414 0 
3954 0.083109 0 
3955 0.066879 0 
3957 0.034567 0 
3958 0.028273 0 
3959 0.022228 0 
3960 0.046215 0 
3962 0.077942 0 
3963 0.119702 0 
3964 0.103369 0 
3965 0.087184 0 
3967 0.055586 0 
3968 0.039227 0 
3969 0.119433 0 
3970 0.103264 0 
3971 0.086585 0 
3972 0.092970 0 
3974 0.060620 0 
3975 0.156337 0 
3976 0.139781 0 
3977 0.121881 0 
3978 0.105848 0 
3979 0.089572 0 
3980 0.072900 0 
3981 0.056557 0 
3982 0.110452 0 
3984 0.076971 0 
3985 0.060355 0 
3986 0.100625 0 
3987 0.084572 0 
3988 0.068294 0 
3989 0.050020 0 
3990 0.034213 0 
3991 0.032568 0 
3992 0.016376 0 
3993 0.089772 0 
3994 0.073579 0 
3995 0.057522 0 
3996 0.073899 0 
3997 0.057739 0 
3998 0.041706 0 
3999 0.053742 0 
4000 0.038386 0 
4001 0.022701 0 
4002 0.009192 0 
4003 0.039068 0 
4004 0.023037 0 
4005 0.006555 0 
4006 0.010676 0 
4007 0.010598 0 
4008 0.030153 0 
4009 0.127725 0 
4011 0.094961 0 
4012 0.078934 0 
4013 0.143072 0 
4014 0.126272 0 
4015 0.110587 0 
4016 0.094766 0 
4017 0.078648 0 
4018 0.081167 0 
4020 0.048251 0 
4021 0.036673 0 
4022 0.020404 0 
4023 0.043293 0 
4025 0.010944 0 
4027 0.028205 0 
4028 0.044750 0 
4029 0.108863 0 
4030 0.092884 0 
4033 0.043953 0 
4034 0.052281 0 
4035 0.035989 0 
4036 0.114516 0 
4037 0.098323 0 
4038 0.082655 0 
4039 0.065803 0 
4040 0.054734 0 
4041 0.038546 0 
4042 0.028027 0 
4043 0.011876 0 
4044 0.028177 0 
4046 0.047357 0 
4048 0.044117 0 
4049 0.028097 0 
4050 0.096312 0 
4051 0.080166 0 
4052 0.064112 0 
4053 0.096462 0 
4054 0.080110 0 
4056 0.047463 0 
4057 0.048053 0 
4058 0.031833 0 
4059 0.027842 0 
4060 0.011220 0 
4061 0.027255 0 
4062 0.011134 0 
4063 0.023490 0 
4064 0.007370 0 
4065 0.061194 0 
4066 0.045234 0 
4067 0.029210 0 
4068 0.072143 0 
4069 0.056300 0 
4070 0.039886 0 
4072 0.093716 0 
4073 0.080575 0 
4074 0.082686 0 
4075 0.066210 0 
4076 0.083864 0 
4077 0.067637 0 
4078 0.051767 0 
4079 0.058679 0 
4080 0.042930 0 
4081 0.027033 0 
4083 0.105977 0 
4085 0.072072 0 
4086 0.055877 0 
4087 0.039266 0 
4088 0.054837 0 
4089 0.038726 0 
4090 0.061356 0 
4091 0.044796 0 
4093 0.124395 0 
4094 0.108953 0 
4095 0.092507 0 
4096 0.075948 0 
4098 0.073756 0 
4100 0.041154 0 
4101 0.068447 0 
4102 0.052207 0 
4104 0.034913 0 
4105 0.043523 0 
4106 0.027375 0 
4108 0.050545 0 
4109 0.076702 0 
4110 0.060192 0 
4111 0.039117 0 
4112 0.047613 0 
4113 0.030931 0 
4114 0.031050 0 
4115 0.014857 0 
4116 0.061171 0 
4117 0.045050 0 
4118 0.028841 0 
4119 0.053136 0 
4120 0.050174 0 
4121 0.034005 0 
4122 0.083627 0 
4123 0.077438 0 
4124 0.061396 0 
4125 0.045084 0 
4127 0.011384 0 
4128 0.041201 0 
4129 0.025393 0 
4130 0.078700 0 
4131 0.061682 0 
4132 0.111995 0 
4133 0.096130 0 
4135 0.062664 0 
4136 0.066651 0 
4137 0.050409 0 
4138 0.032959 0 
4139 0.061707 0 
4140 0.045433 0 
4141 0.073027 0 
4142 0.056556 0 
4143 0.039945 0 
4144 0.023759 0 
4145 0.119130 0 
4146 0.102757 0 
4148 0.070303 0 
4149 0.094550 0 
4150 0.073344 0 
4151 0.068326 0 
4152 0.052180 0 
4153 0.049725 0 
4154 0.068543 0 
4156 0.035560 0 
4157 0.019136 0 
4158 0.023015 0 
4159 0.030890 0 
4161 0.066858 0 
4162 0.050518 0 
4163 0.034314 0 
4164 0.057698 0 
4166 0.025438 0 
4167 0.032858 0 
4168 0.025976 0 
4169 0.031449 0 
4170 0.028164 0 
4171 0.012091 0 
4173 0.052754 0 
4174 0.081804 0 
4175 0.065228 0 
4176 0.113520 0 
4177 0.097155 0 
4178 0.080592 0 
4179 0.081961 0 
4180 0.065630 0 
4181 0.049381 0 
4183 0.044401 0 
4184 0.028085 0 
4185 0.067113 0 
4186 0.050696 0 
4187 0.034276 0 
4188 0.071254 0 
4189 0.054853 0 
4190 0.038516 0 
4191 0.069728 0 
4192 0.053517 0 
4193 0.042948 0 
4194 0.110681 0 
4195 0.094106 0 
4196 0.077868 0 
4197 0.067968 0 
4198 0.052011 0 
4199 0.087228 0 
4200 0.070519 0 
4201 0.054295 0 
4202 0.057558 0 
4203 0.041416 0 
4204 0.029671 0 
4205 0.036150 0 
4206 0.020701 0 
4207 0.077566 0 
4208 0.061362 0 
4210 0.044209 0 
4211 0.027848 0 
4212 0.060596 0 
4213 0.044633 0 
4214 0.028419 0 
4215 0.102054 0 
4216 0.085318 0 
4217 0.068904 0 
4219 0.051650 0 
4220 0.035374 0 
4221 0.018114 0 
4222 0.012273 0 
4224 0.060789 0 
4226 0.042610 0 
4227 0.058688 0 
4228 0.066481 0 
4229 0.049902 0 
4232 0.047684 0 
4233 0.031613 0 
4234 0.046916 0 
4235 0.042483 0 
4236 0.026348 0 
4237 0.065310 0 
4238 0.048926 0 
4239 0.032233 0 
4240 0.053035 0 
4241 0.047938 0 
4242 0.031750 0 
4243 0.073780 0 
4245 0.041192 0 
4247 0.023465 0 
4248 0.029541 0 
4249 0.076524 0 
4250 0.060261 0 
4251 0.051141 0 
4252 0.090580 0 
4253 0.083061 0 
4255 0.051079 0 
4256 0.082405 0 
4257 0.065655 0 
4258 0.058985 0 
4259 0.069365 0 
4260 0.053195 0 
4261 0.036657 0 
4262 0.091700 0 
4263 0.075212 0 
4264 0.087256 0 
4265 0.071370 0 
4266 0.054093 0 
4267 0.055841 0 
4268 0.039714 0 
4269 0.023636 0 
4271 0.036005 0 
4272 0.041366 0 
4273 0.024867 0 
4274 0.018979 0 
4275 0.118331 0 
4276 0.102201 0 
4277 0.086550 0 
4278 0.099036 0 
4279 0.082959 0 
4280 0.067066 0 
4282 0.145793 0 
4284 0.113960 0 
4285 0.111262 0 
4286 0.094913 0 
4287 0.148686 0 
4288 0.132214 0 
4289 0.115870 0 
4290 0.149857 0 
4292 0.117264 0 
4293 0.129226 0 
4294 0.113097 0 
4295 0.096774 0 
4297 0.072898 0 
4299 0.069931 0 
4300 0.053750 0 
4301 0.037369 0 
4304 0.098107 0 
4305 0.081797 0 
4307 0.048883 0 
4308 0.032694 0 
4309 0.016638 0 
4310 0.015955 0 
4311 0.096942 0 
4312 0.080913 0 
4313 0.064787 0 
4314 0.080328 0 
4315 0.064165 0 
4316 0.087267 0 
4317 0.070538 0 
4318 0.081056 0 
4319 0.147483 0 
4320 0.131233 0 
4321 0.114838 0 
4322 0.153463 0 
4323 0.137086 0 
4324 0.148243 0 
4326 0.115633 0 
4327 0.105656 0 
4328 0.089258 0 
4329 0.073299 0 
4330 0.114423 0 
4331 0.121060 0 
4332 0.120336 0 
4334 0.093390 0 
4335 0.077255 0 
4336 0.061166 0 
4337 0.101137 0 
4338 0.084338 0 
4339 0.097596 0 
4340 0.081571 0 
4341 0.063861 0 
4342 0.069364 0 
4343 0.053864 0 
4344 0.036958 0 
4345 0.020721 0 
4347 0.032432 0 
4348 0.083306 0 
4349 0.067116 0 
4350 0.065444 0 
4351 0.048890 0 
4352 0.032708 0 
4353 0.016395 0 
4355 0.019101 0 
4356 0.085306 0 
4357 0.069422 0 
4358 0.053407 0 
4360 0.059328 0 
4361 0.047717 0 
4362 0.031964 0 
4363 0.015851 0 
4365 0.071060 0 
4366 0.066129 0 
4367 0.049777 0 
4368 0.033732 0 
4369 0.024452 0 
4370 0.022295 0 
4372 0.025631 0 
4373 0.057209 0 
4374 0.051895 0 
4375 0.035689 0 
4376 0.019356 0 
4377 0.040524 0 
4378 0.024407 0 
4379 0.032334 0 
4380 0.016397 0 
4382 0.044704 0 
4383 0.028630 0 
4384 0.083649 0 
4385 0.067661 0 
4386 0.051999 0 
4387 0.076754 0 
4388 0.060386 0 
4389 0.043809 0 
4390 0.043171 0 
4391 0.027142 0 
4392 0.041190 0 
4393 0.024946 0 
4394 0.026881 0 
4395 0.010860 0 
4396 0.016387 0 
4397 0.064946 0 
4398 0.048059 0 
4399 0.032292 0 
4400 0.016037 0 
4401 0.030894 0 
4402 0.053366 0 
4403 0.036461 0 
4404 0.045261 0 
4405 0.052168 0 
4406 0.057189 0 
4407 0.041073 0 
4409 0.014211 0 
4410 0.012624 0 
4411 0.036186 0 
4412 0.019889 0 
4413 0.145648 0 
4414 0.129087 0 
4415 0.112630 0 
4416 0.096850 0 
4418 0.063685 0 
4419 0.047355 0 
4420 0.030968 0 
4421 0.014883 0 
4423 0.050332 0 
4425 0.067411 0 
4426 0.071407 0 
4427 0.228553 0 
4428 0.211874 0 
4431 0.187344 0 
4432 0.171202 0 
4433 0.155352 0 
4434 0.138942 0 
4435 0.122359 0 
4436 0.106214 0 
4437 0.089998 0 
4438 0.073506 0 
4439 0.056823 0 
4440 0.040383 0 
4441 0.042342 0 
4442 0.054264 0 
4444 0.028288 0 
4446 0.021781 0 
4447 0.052794 0 
4448 0.036068 0 
4449 0.026125 0 
4450 0.033783 0 
4451 0.017925 0 
4452 0.098152 0 
4454 0.065323 0 
4455 0.049102 0 
4456 0.032915 0 
4457 0.035539 0 
4458 0.051532 0 
4459 0.035107 0 
4460 0.018604 0 
4461 0.037731 0 
4462 0.021486 0 
4463 0.013263 0 
4464 0.015276 0 
4465 0.044180 0 
4466 0.027679 0 
4467 0.011906 0 
4468 0.118481 0 
4470 0.150208 0 
4471 0.164426 0 
4472 0.148549 0 
4473 0.132068 0 
4474 0.115638 0 
4475 0.099393 0 
4476 0.139206 0 
4477 0.122891 0 
4478 0.106929 0 
4479 0.158982 0 
4481 0.126174 0 
4483 0.105165 0 
4484 0.088799 0 
4485 0.072310 0 
4486 0.056109 0 
4487 0.178118 0 
4488 0.161793 0 
4489 0.168488 0 
4491 0.142202 0 
4492 0.125836 0 
4493 0.137849 0 
4494 0.121718 0 
4496 0.120459 0 
4498 0.096926 0 
4499 0.080779 0 
4500 0.064457 0 
4502 0.120078 0 
4503 0.103748 0 
4504 0.120795 0 
4506 0.088228 0 
4507 0.071673 0 
4508 0.063752 0 
4509 0.047167 0 
4510 0.113773 0 
4511 0.101594 0 
4512 0.086037 0 
4513 0.101603 0 
4514 0.085511 0 
4515 0.068952 0 
4516 0.052910 0 
4517 0.036680 0 
4518 0.027385 0 
4519 0.021962 0 
4520 0.110307 0 
4521 0.094720 0 
4522 0.077780 0 
4523 0.070443 0 
4525 0.068408 0 
4526 0.052393 0 
4527 0.036058 0 
4528 0.117851 0 
4529 0.101371 0 
4530 0.169586 0 
4531 0.153672 0 
4533 0.124371 0 
4534 0.185490 0 
4535 0.168940 0 
4536 0.152734 0 
4537 0.136451 0 
4538 0.120174 0 
4539 0.101202 0 
4540 0.125127 0 
4541 0.108892 0 
4542 0.092642 0 
4543 0.095976 0 
4544 0.079668 0 
4546 0.046186 0 
4547 0.034355 0 
4548 0.030787 0 
4549 0.041766 0 
4550 0.022284 0 
4551 0.031686 0 
4552 0.016608 0 
4554 0.029303 0 
4555 0.012190 0 
4556 0.066457 0 
4557 0.084855 0 
4559 0.051414 0 
4560 0.034769 0 
4561 0.018168 0 
4562 0.016927 0 
4564 0.022511 0 
4565 0.070509 0 
4566 0.054609 0 
4567 0.066691 0 
4568 0.050678 0 
4569 0.034325 0 
4571 0.035273 0 
4572 0.049347 0 
4573 0.033394 0 
4574 0.087794 0 
4575 0.071684 0 
4576 0.055823 0 
4577 0.043164 0 
4578 0.040395 0 
4579 0.024214 0 
4581 0.031792 0 
4582 0.016155 0 
4583 0.042075 0 
4584 0.025990 0 
4585 0.009500 0 
4586 0.043889 0 
4587 0.027268 0 
4588 0.058312 0 
4589 0.042521 0 
4590 0.036685 0 
4591 0.020202 0 
4592 0.045177 0 
4593 0.049070 0 
4594 0.032856 0 
4595 0.085012 0 
4596 0.072338 0 
4597 0.113773 0 
4598 0.098205 0 
4599 0.081949 0 
4600 0.076637 0 
4601 0.060458 0 
4602 0.043794 0 
4603 0.027803 0 
4604 0.103417 0 
4605 0.085975 0 
4606 0.070068 0 
4608 0.076617 0 
4609 0.114267 0 
4610 0.097597 0 
4611 0.081364 0 
4612 0.126178 0 
4613 0.110161 0 
4614 0.094242 0 
4615 0.119506 0 
4617 0.116755 0 
4618 0.100508 0 
4619 0.084177 0 
4620 0.068164 0 
4622 0.035323 0 
4624 0.030854 0 
4625 0.103988 0 
4626 0.098717 0 
4627 0.082468 0 
4630 0.064053 0 
4631 0.047784 0 
4632 0.043942 0 
4633 0.089761 0 
4634 0.073494 0 
4635 0.057137 0 
4636 0.113578 0 
4637 0.097551 0 
4638 0.155764 0 
4639 0.139778 0 
4640 0.123453 0 
4641 0.157802 0 
4643 0.126085 0 
4645 0.164657 0 
4646 0.148341 0 
4647 0.154617 0 
4648 0.138393 0 
4649 0.161313 0 
4650 0.144958 0 
4651 0.128842 0 
4653 0.111822 0 
4654 0.096038 0 
4655 0.143433 0 
4656 0.127114 0 
4657 0.110492 0 
4658 0.126292 0 
4659 0.109866 0 
4660 0.093453 0 
4661 0.115795 0 
4662 0.099457 0 
4663 0.083266 0 
4664 0.140203 0 
4665 0.123985 0 
4666 0.107440 0 
4667 0.091526 0 
4669 0.076961 0 
4670 0.068586 0 
4671 0.052490 0 
4672 0.060773 0 
4673 0.044698 0 
4674 0.028564 0 
4675 0.025886 0 
4676 0.011931 0 
4677 0.019209 0 
4678 0.008153 0 
4680 0.090925 0 
4682 0.058481 0 
4683 0.042439 0 
4684 0.049936 0 
4685 0.033888 0 
4686 0.017503 0 
4687 0.034260 0 
4688 0.079786 0 
4690 0.047987 0 
4691 0.110756 0 
4692 0.094703 0 
4693 0.077778 0 
4695 0.082862 0 
4697 0.050250 0 
4698 0.033717 0 
4699 0.037332 0 
4701 0.035017 0 
4702 0.068783 0 
4703 0.073024 0 
4705 0.047119 0 
4706 0.031284 0 
4707 0.013198 0 
4708 0.017600 0 
4709 0.030338 0 
4710 0.079055 0 
4711 0.063060 0 
4712 0.090912 0 
4713 0.074602 0 
4714 0.064797 0 
4715 0.197325 0 
4716 0.181283 0 
4717 0.164603 0 
4718 0.147940 0 
4719 0.207433 0 
4720 0.190781 0 
4721 0.174302 0 
4722 0.157655 0 
4724 0.159502 0 
4725 0.142842 0 
4726 0.126820 0 
4727 0.123962 0 
4728 0.152040 0 
4729 0.136114 0 
4730 0.147527 0 
4732 0.123346 0 
4733 0.106467 0 
4734 0.093270 0 
4735 0.086767 0 
4736 0.070873 0 
4737 0.133389 0 
4738 0.117063 0 
4739 0.100695 0 
4740 0.107212 0 
4741 0.091324 0 
4742 0.075101 0 
4743 0.079562 0 
4745 0.068525 0 
4746 0.050746 0 
4747 0.049433 0 
4748 0.033509 0 
4749 0.030416 0 
4750 0.014213 0 
4751 0.024076 0 
4753 0.017884 0 
4754 0.049812 0 
4755 0.049592 0 
4756 0.033121 0 
4758 0.016680 0 
4759 0.015647 0 
4760 0.053487 0 
4761 0.037379 0 
4763 0.045118 0 
4764 0.043779 0 
4765 0.027572 0 
4766 0.011257 0 
4767 0.069087 0 
4768 0.053273 0 
4770 0.041034 0 
4771 0.024988 0 
4772 0.025230 0 
4773 0.033657 0 
4774 0.017901 0 
4775 0.014488 0 
4776 0.019798 0 
4777 0.021228 0 
4778 0.019767 0 
4780 0.027277 0 
4781 0.011031 0 
4782 0.038805 0 
4783 0.022895 0 
4784 0.051535 0 
4785 0.035017 0 
4786 0.024930 0 
4787 0.060234 0 
4788 0.043895 0 
4789 0.106595 0 
4790 0.090427 0 
4791 0.074205 0 
4792 0.058578 0 
4793 0.042273 0 
4794 0.030825 0 
4795 0.035929 0 
4796 0.051345 0 
4797 0.035904 0 
4798 0.019375 0 
4799 0.029946 0 
4800 0.054666 0 
4801 0.038435 0 
4802 0.022144 0 
4803 0.021148 0 
4804 0.084082 0 
4805 0.067594 0 
4807 0.062261 0 
4808 0.142409 0 
4809 0.126001 0 
4810 0.109854 0 
4811 0.182521 0 
4812 0.166310 0 
4813 0.149675 0 
4814 0.133283 0 
4816 0.128642 0 
4817 0.112165 0 
4818 0.095934 0 
4819 0.079802 0 
4821 0.047384 0 
4823 0.022021 0 
4824 0.078023 0 
4825 0.062080 0 
4826 0.045279 0 
4829 0.032781 0 
4830 0.016494 0 
4831 0.055898 0 
4832 0.040316 0 
4833 0.092511 0 
4834 0.076108 0 
4835 0.059967 0 
4836 0.061218 0 
4837 0.045153 0 
4838 0.028947 0 
4839 0.032870 0 
4840 0.041059 0 
4842 0.008760 0 
4844 0.097146 0 
4845 0.079634 0 
4846 0.063431 0 
4847 0.047270 0 
4848 0.037875 0 
4849 0.120060 0 
4850 0.103945 0 
4852 0.180704 0 
4853 0.170907 0 
4854 0.155241 0 
4855 0.137677 0 
4856 0.122482 0 
4857 0.130022 0 
4858 0.129555 0 
4859 0.118492 0 
4860 0.102390 0 
4861 0.109678 0 
4862 0.093438 0 
4863 0.077227 0 
4864 0.060773 0 
4865 0.044731 0 
4866 0.028035 0 
4868 0.039341 0 
4869 0.037243 0 
4870 0.055177 0 
4871 0.039048 0 
4872 0.022930 0 
4873 0.079408 0 
4874 0.070225 0 
4875 0.053971 0 
4876 0.038379 0 
4877 0.021937 0 
4879 0.033091 0 
4881 0.122525 0 
4882 0.106261 0 
4883 0.090205 0 
4884 0.081640 0 
4885 0.065558 0 
4886 0.096308 0 
4887 0.080086 0 
4889 0.151730 0 
4890 0.135384 0 
4891 0.119252 0 
4892 0.102822 0 
4894 0.092708 0 
4896 0.068511 0 
4897 0.052190 0 
4898 0.057408 0 
4900 0.029135 0 
4901 0.023712 0 
4902 0.023367 0 
4904 0.051808 0 
4905 0.035706 0 
4906 0.019626 0 
4907 0.048449 0 
4908 0.031704 0 
4909 0.026498 0 
4910 0.042401 0 
4911 0.025650 0 
4912 0.066437 0 
4913 0.050526 0 
4914 0.034287 0 
4915 0.064394 0 
4916 0.048587 0 
4917 0.032404 0 
4918 0.071077 0 
4919 0.055733 0 
4920 0.044417 0 
4921 0.028156 0 
4923 0.033155 0 
4924 0.016865 0 
4925 0.014216 0 
4926 0.060054 0 
4927 0.043664 0 
4928 0.058799 0 
4929 0.042457 0 
4931 0.014137 0 
4932 0.041665 0 
4933 0.025516 0 
4934 0.123241 0 
4935 0.107226 0 
4936 0.134252 0 
4937 0.117778 0 
4938 0.101444 0 
4939 0.103135 0 
4940 0.086829 0 
4941 0.070409 0 
4942 0.053740 0 
4944 0.050713 0 
4945 0.034976 0 
4946 0.018275 0 
4947 0.013007 0 
4948 0.061481 0 
4949 0.042068 0 
4950 0.025571 0 
4952 0.117114 0 
4953 0.100424 0 
4954 0.130536 0 
4955 0.114738 0 
4957 0.082287 0 
4958 0.069301 0 
4959 0.052761 0 
4960 0.032429 0 
4962 0.048498 0 
4963 0.057521 0 
4964 0.040460 0 
4965 0.023544 0 
4966 0.023458 0 
4967 0.008638 0 
4969 0.035278 0 
4970 0.053263 0 
4971 0.049771 0 
4972 0.036991 0 
4973 0.035234 0 
4974 0.018560 0 
4975 0.052182 0 
4976 0.036088 0 
4977 0.058975 0 
4979 0.145039 0 
4980 0.148267 0 
4981 0.132307 0 
4982 0.116009 0 
4983 0.100355 0 
4984 0.106729 0 
4985 0.090290 0 
4986 0.072634 0 
4987 0.061696 0 
4988 0.118943 0 
4989 0.128615 0 
4990 0.112303 0 
4991 0.101228 0 
4992 0.084793 0 
4993 0.068375 0 
4994 0.051629 0 
4995 0.034409 0 
4996 0.018327 0 
4997 0.024910 0 
4998 0.008627 0 
4999 0.031098 0 
5000 0.014949 0 
5001 0.080023 0 
5002 0.063397 0 
5003 0.047486 0 
5004 0.043931 0 
5006 0.076095 0 
5007 0.170608 0 
5008 0.154571 0 
5009 0.138317 0 
5010 0.174157 0 
5011 0.157878 0 
5012 0.141619 0 
5013 0.175449 0 
5015 0.207481 0 
5016 0.191404 0 
5017 0.174639 0 
5018 0.158128 0 
5020 0.125231 0 
5022 0.117818 0 
5023 0.103817 0 
5024 0.112572 0 
5025 0.147140 0 
5028 0.124887 0 
5029 0.108457 0 
5030 0.092413 0 
5031 0.075956 0 
5032 0.059738 0 
5033 0.043725 0 
5034 0.083412 0 
5035 0.067293 0 
5036 0.067732 0 
5037 0.051590 0 
5038 0.035561 0 
5039 0.079590 0 
5041 0.046981 0 
5043 0.088279 0 
5044 0.072260 0 
5045 0.055746 0 
5046 0.056009 0 
5047 0.045448 0 
5048 0.028754 0 
5049 0.012418 0 
5051 0.067326 0 
5052 0.051311 0 
5053 0.035323 0 
5054 0.062096 0 
5055 0.045267 0 
5056 0.029364 0 
5057 0.013056 0 
5058 0.023624 0 
5059 0.042979 0 
5060 0.055521 0 
5061 0.039370 0 
5062 0.045892 0 
5063 0.028553 0 
5064 0.012475 0 
5065 0.060880 0 
5067 0.044500 0 
5068 0.062603 0 
5069 0.046457 0 
5070 0.041920 0 
5071 0.025939 0 
5072 0.009595 0 
5073 0.077380 0 
5074 0.061749 0 
5075 0.045573 0 
5076 0.074270 0 
5078 0.077475 0 
5080 0.130691 0 
5081 0.114496 0 
5082 0.106423 0 
5083 0.122296 0 
5084 0.105553 0 
5085 0.089162 0 
5086 0.072995 0 
5088 0.046645 0 
5089 0.074870 0 
5090 0.058394 0 
5091 0.042290 0 
5093 0.079090 0 
5095 0.080649 0 
5096 0.156795 0 
5097 0.140808 0 
5099 0.108645 0 
5100 0.130267 0 
5101 0.114571 0 
5103 0.090694 0 
5104 0.073676 0 
5105 0.056729 0 
5106 0.039962 0 
5107 0.028099 0 
5108 0.012564 0 
5109 0.040688 0 
5110 0.024367 0 
5111 0.089963 0 
5112 0.073772 0 
5113 0.057495 0 
5114 0.064807 0 
5115 0.048946 0 
5116 0.032623 0 
5117 0.034165 0 
5118 0.052963 0 
5119 0.036422 0 
5120 0.036700 0 
5122 0.035348 0 
5123 0.019170 0 
5124 0.044655 0 
5125 0.028328 0 
5126 0.023391 0 
5127 0.071688 0 
5128 0.055509 0 
5130 0.077965 0 
5131 0.061413 0 
5132 0.076561 0 
5133 0.060320 0 
5134 0.043893 0 
5135 0.064811 0 
5136 0.047927 0 
5137 0.031777 0 
5138 0.015385 0 
5139 0.014188 0 
5140 0.039304 0 
5141 0.022322 0 
5143 0.028289 0 
5144 0.042822 0 
5145 0.026321 0 
5146 0.025194 0 
5147 0.009123 0 
5148 0.035976 0 
5149 0.019650 0 
5151 0.047736 0 
5152 0.031427 0 
5153 0.067565 0 
5154 0.053271 0 
5156 0.027066 0 
5157 0.022862 0 
5158 0.072584 0 
5159 0.055008 0 
5161 0.050741 0 
5162 0.146036 0 
5163 0.129944 0 
5164 0.114397 0 
5165 0.119571 0 
5166 0.103169 0 
5168 0.069397 0 
5169 0.069380 0 
5170 0.068460 0 
5171 0.051883 0 
5172 0.035670 0 
5173 0.019172 0 
5174 0.022062 0 
5175 0.045253 0 
5176 0.112788 0 
5178 0.094714 0 
5179 0.078649 0 
5180 0.063255 0 
5181 0.046254 0 
5182 0.036133 0 
5183 0.026462 0 
5184 0.051002 0 
5185 0.035331 0 
5186 0.019355 0 
5187 0.013540 0 
5188 0.065511 0 
5189 0.049299 0 
5190 0.054067 0 
5191 0.038029 0 
5192 0.021292 0 
5193 0.039783 0 
5194 0.023772 0 
5195 0.020375 0 
5196 0.027916 0 
5197 0.050075 0 
5198 0.033563 0 
5199 0.016989 0 
5200 0.006579 0 
5201 0.077852 0 
5202 0.061251 0 
5203 0.066392 0 
5205 0.039536 0 
5206 0.061476 0 
5207 0.044067 0 
5208 0.027759 0 
5209 0.011234 0 
5210 0.026458 0 
5211 0.010308 0 
5212 0.015849 0 
5214 0.108890 0 
5215 0.119748 0 
5216 0.103725 0 
5217 0.087994 0 
5219 0.054288 0 
5221 0.134486 0 
5222 0.173528 0 
5223 0.161254 0 
5224 0.161627 0 
5227 0.112431 0 
5228 0.116994 0 
5229 0.100928 0 
5230 0.084893 0 
5231 0.119226 0 
5232 0.103026 0 
5233 0.086530 0 
5234 0.094295 0 
5235 0.078274 0 
5236 0.061974 0 
5237 0.063879 0 
5238 0.047845 0 
5240 0.026983 0 
5242 0.014424 0 
5243 0.026411 0 
5244 0.023627 0 
5245 0.037079 0 
5246 0.036413 0 
5247 0.020264 0 
5248 0.044706 0 
5250 0.060449 0 
5251 0.044401 0 
5252 0.028717 0 
5253 0.012351 0 
5254 0.040643 0 
5255 0.025760 0 
5256 0.009136 0 
5257 0.048009 0 
5258 0.032028 0 
5259 0.032633 0 
5260 0.016383 0 
5261 0.041060 0 
5262 0.024684 0 
5263 0.008271 0 
5264 0.043433 0 
5266 0.071831 0 
5267 0.096895 0 
5268 0.080564 0 
5269 0.064545 0 
5270 0.063999 0 
5271 0.047385 0 
5272 0.031033 0 
5273 0.095390 0 
5274 0.079292 0 
5275 0.063177 0 
5277 0.044671 0 
5279 0.038035 0 
5280 0.022134 0 
5281 0.039363 0 
5282 0.022769 0 
5283 0.034044 0 
5284 0.017851 0 
5285 0.024044 0 
5287 0.027848 0 
5288 0.011595 0 
5289 0.023231 0 
5290 0.007116 0 
5292 0.028030 0 
5294 0.014457 0 
5295 0.060443 0 
5296 0.044023 0 
5298 0.014481 0 
5299 0.078605 0 
5300 0.062419 0 
5302 0.028694 0 
5303 0.069715 0 
5304 0.053560 0 
5305 0.037939 0 
5306 0.058879 0 
5307 0.042563 0 
5308 0.042888 0 
5309 0.026334 0 
5310 0.011932 0 
5311 0.081782 0 
5312 0.065565 0 
5313 0.049781 0 
5314 0.079440 0 
5315 0.062716 0 
5316 0.061836 0 
5317 0.049904 0 
5318 0.033735 0 
5319 0.105542 0 
5321 0.073164 0 
5322 0.097681 0 
5323 0.097363 0 
5324 0.081085 0 
5325 0.081312 0 
5326 0.065071 0 
5327 0.049162 0 
5329 0.074109 0 
5330 0.057410 0 
5331 0.037683 0 
5332 0.059840 0 
5333 0.043648 0 
5334 0.092504 0 
5335 0.075661 0 
5336 0.060184 0 
5337 0.043958 0 
5338 0.027875 0 
5339 0.042500 0 
5340 0.026510 0 
5342 0.047226 0 
5343 0.043100 0 
5344 0.033395 0 
5345 0.031904 0 
5346 0.067051 0 
5347 0.051626 0 
5348 0.035255 0 
5350 0.017161 0 
5351 0.078070 0 
5352 0.089351 0 
5353 0.073442 0 
5355 0.041198 0 
5356 0.025112 0 
5357 0.051239 0 
5358 0.034128 0 
5360 0.070902 0 
5361 0.083152 0 
5362 0.081624 0 
5363 0.065414 0 
5364 0.051928 0 
5365 0.035522 0 
5367 0.057720 0 
5368 0.061270 0 
5369 0.045290 0 
5370 0.107846 0 
5371 0.091590 0 
5372 0.073874 0 
5373 0.093499 0 
5374 0.090511 0 
5375 0.073921 0 
5377 0.041487 0 
5378 0.024740 0 
5379 0.043592 0 
5380 0.027345 0 
5381 0.036608 0 
5382 0.020647 0 
5383 0.065901 0 
5384 0.049778 0 
5385 0.034134 0 
5386 0.073816 0 
5387 0.056527 0 
5388 0.040807 0 
5389 0.097600 0 
5390 0.080908 0 
5391 0.065437 0 
5392 0.049394 0 
5393 0.033053 0 
5394 0.031586 0 
5395 0.015082 0 
5396 0.035010 0 
5397 0.018867 0 
5398 0.015874 0 
5399 0.040061 0 
5400 0.024026 0 
5401 0.081316 0 
5402 0.092533 0 
5404 0.059898 0 
5405 0.043567 0 
5406 0.027152 0 
5407 0.010789 0 
5408 0.022040 0 
5409 0.039057 0 
5410 0.022859 0 
5411 0.013783 0 
5413 0.072896 0 
5414 0.056423 0 
5415 0.040304 0 
5416 0.024320 0 
5418 0.062888 0 
5420 0.029801 0 
5421 0.025698 0 
5422 0.104748 0 
5423 0.088133 0 
5426 0.085728 0 
5427 0.069403 0 
5428 0.088552 0 
5429 0.072660 0 
5430 0.056338 0 
5431 0.075818 0 
5432 0.059591 0 
5433 0.043214 0 
5434 0.049736 0 
5435 0.033538 0 
5436 0.074029 0 
5437 0.057723 0 
5439 0.060043 0 
5441 0.109440 0 
5442 0.147134 0 
5443 0.130997 0 
5444 0.114665 0 
5445 0.147451 0 
5446 0.131600 0 
5447 0.114746 0 
5449 0.102730 0 
5450 0.086427 0 
5451 0.106687 0 
5452 0.104112 0 
5453 0.087922 0 
5454 0.082172 0 
5455 0.065478 0 
5456 0.049082 0 
5457 0.032334 0 
5458 0.024164 0 
5459 0.007903 0 
5460 0.036613 0 
5461 0.028608 0 
5462 0.007526 0 
5463 0.052464 0 
5465 0.051505 0 
5466 0.034606 0 
5467 0.048640 0 
5468 0.032511 0 
5469 0.092580 0 
5470 0.076746 0 
5471 0.060830 0 
5472 0.044725 0 
5473 0.079627 0 
5474 0.064176 0 
5476 0.099008 0 
5478 0.066186 0 
5479 0.050410 0 
5480 0.034229 0 
5481 0.017947 0 
5482 0.015406 0 
5483 0.118652 0 
5484 0.102527 0 
5486 0.112068 0 
5487 0.096091 0 
5488 0.103749 0 
5489 0.087590 0 
5491 0.116034 0 
5493 0.105260 0 
5494 0.089542 0 
5495 0.073684 0 
5497 0.046525 0 
5498 0.030236 0 
5499 0.022463 0 
5501 0.033157 0 
5502 0.016737 0 
5503 0.038767 0 
5504 0.043441 0 
5505 0.090514 0 
5506 0.074118 0 
5507 0.103081 0 
5508 0.086946 0 
5509 0.069610 0 
5510 0.053063 0 
5511 0.036386 0 
5512 0.020106 0 
5513 0.016614 0 
5514 0.017965 0 
5515 0.071541 0 
5516 0.064912 0 
5517 0.100387 0 
5518 0.084138 0 
5520 0.056373 0 
5521 0.055388 0 
5522 0.038882 0 
5523 0.034090 0 
5524 0.092364 0 
5525 0.076863 0 
5526 0.060759 0 
5528 0.031384 0 
5529 0.014892 0 
5530 0.052566 0 
5531 0.036305 0 
5532 0.039376 0 
5533 0.022505 0 
5534 0.035957 0 
5535 0.019268 0 
5536 0.101985 0 
5537 0.086002 0 
5538 0.079315 0 
5539 0.063820 0 
5541 0.031247 0 
5542 0.022808 0 
5543 0.006206 0 
5544 0.059989 0 
5545 0.043736 0 
5546 0.046329 0 
5547 0.030243 0 
5549 0.021277 0 
5550 0.060967 0 
5551 0.047598 0 
5552 0.074451 0 
5554 0.073707 0 
5555 0.057218 0 
5556 0.040918 0 
5557 0.118617 0 
5559 0.086246 0 
5560 0.219198 0 
5561 0.203260 0 
5562 0.188854 0 
5563 0.175527 0 
5564 0.162442 0 
5566 0.129806 0 
5567 0.121780 0 
5568 0.173769 0 
5569 0.157320 0 
5570 0.140949 0 
5571 0.140944 0 
5572 0.124655 0 
5573 0.125864 0 
5574 0.109582 0 
5576 0.090898 0 
5577 0.090832 0 
5578 0.074439 0 
5579 0.057650 0 
5580 0.044752 0 
5581 0.028320 0 
5582 0.027073 0 
5583 0.033607 0 
5584 0.017071 0 
5585 0.017961 0 
5586 0.068378 0 
5587 0.104595 0 
5588 0.088107 0 
5589 0.072210 0 
5590 0.056002 0 
5591 0.074449 0 
5592 0.058236 0 
5593 0.041456 0 
5594 0.025530 0 
5595 0.023670 0 
5596 0.063835 0 
5597 0.047122 0 
5598 0.030844 0 
5599 0.040286 0 
5600 0.024230 0 
5601 0.032609 0 
5603 0.017754 0 
5604 0.033155 0 
5605 0.029484 0 
5606 0.013700 0 
5607 0.072264 0 
5608 0.055588 0 
5609 0.105395 0 
5610 0.089865 0 
5612 0.133908 0 
5613 0.125540 0 
5614 0.108967 0 
5615 0.092731 0 
5617 0.060128 0 
5619 0.026465 0 
5620 0.031251 0 
5621 0.086172 0 
5622 0.077329 0 
5625 0.028520 0 
5626 0.011577 0 
5627 0.044249 0 
5628 0.100047 0 
5629 0.083719 0 
5630 0.067402 0 
5631 0.078418 0 
5632 0.077300 0 
5633 0.061107 0 
5634 0.071450 0 
5635 0.055216 0 
5636 0.038990 0 
5638 0.051774 0 
5640 0.048539 0 
5641 0.049865 0 
5642 0.033980 0 
5643 0.050555 0 
5644 0.034205 0 
5645 0.028459 0 
5646 0.012267 0 
5648 0.017700 0 
5649 0.058843 0 
5650 0.049601 0 
5651 0.091481 0 
5652 0.074961 0 
5653 0.058806 0 
5654 0.054222 0 
5655 0.038210 0 
5656 0.022083 0 
5657 0.049824 0 
5658 0.033591 0 
5659 0.050255 0 
5660 0.071587 0 
5661 0.055195 0 
5662 0.039395 0 
5664 0.051321 0 
5665 0.057979 0 
5666 0.081936 0 
5667 0.065737 0 
5668 0.094224 0 
5669 0.078100 0 
5670 0.075480 0 
5671 0.059549 0 
5672 0.049960 0 
5673 0.033860 0 
5675 0.022372 0 
5677 0.106174 0 
5678 0.103396 0 
5679 0.087120 0 
5680 0.071270 0 
5681 0.054974 0 
5682 0.058745 0 
5683 0.042913 0 
5685 0.029373 0 
5686 0.025866 0 
5687 0.010055 0 
5688 0.111164 0 
5690 0.079172 0 
5692 0.046699 0 
5693 0.103672 0 
5694 0.087131 0 
5696 0.086951 0 
5697 0.075747 0 
5698 0.059503 0 
5700 0.113100 0 
5701 0.096715 0 
5702 0.080641 0 
5703 0.096496 0 
5704 0.079610 0 
5705 0.063508 0 
5706 0.114576 0 
5707 0.098333 0 
5708 0.098305 0 
5709 0.081917 0 
5710 0.074704 0 
5711 0.058504 0 
5712 0.062671 0 
5713 0.046673 0 
5714 0.037259 0 
5715 0.074283 0 
5716 0.058067 0 
5717 0.059872 0 
5719 0.057957 0 
5720 0.045653 0 
5721 0.029867 0 
5722 0.023102 0 
5723 0.015714 0 
5724 0.085050 0 
5725 0.069054 0 
5727 0.035789 0 
5728 0.019339 0 
5729 0.034910 0 
5730 0.018693 0 
5731 0.050019 0 
5732 0.033582 0 
5733 0.085884 0 
5734 0.069657 0 
5735 0.053592 0 
5736 0.046276 0 
5737 0.039279 0 
5738 0.022819 0 
5740 0.043665 0 
5741 0.068033 0 
5742 0.051285 0 
5743 0.047396 0 
5744 0.030782 0 
5745 0.018146 0 
5746 0.068746 0 
5748 0.036340 0 
5749 0.033426 0 
5750 0.023201 0 
5751 0.101188 0 
5753 0.068574 0 
5754 0.091644 0 
5755 0.075292 0 
5756 0.058982 0 
5758 0.047473 0 
5759 0.034640 0 
5760 0.017926 0 
5761 0.035198 0 
5762 0.019169 0 
5763 0.080637 0 
5765 0.050448 0 
5766 0.077121 0 
5767 0.061278 0 
5768 0.044765 0 
5769 0.028252 0 
5770 0.030124 0 
5771 0.037369 0 
5772 0.076258 0 
5773 0.065271 0 
5775 0.043662 0 
5776 0.027420 0 
5777 0.032269 0 
5778 0.016061 0 
5779 0.020458 0 
5780 0.025663 0 
5781 0.009212 0 
5782 0.016431 0 
5783 0.031153 0 
5784 0.014369 0 
5785 0.011034 0 
5786 0.043203 0 
5787 0.026868 0 
5788 0.071716 0 
5789 0.063252 0 
5790 0.069507 0 
5791 0.053137 0 
5792 0.053744 0 
5793 0.058217 0 
5794 0.045859 0 
5795 0.029712 0 
5796 0.042479 0 
5797 0.044686 0 
5798 0.028329 0 
5799 0.055663 0 
5800 0.039286 0 
5802 0.095394 0 
5803 0.092978 0 
5804 0.076712 0 
5805 0.060548 0 
5806 0.043970 0 
5807 0.035072 0 
5808 0.018224 0 
5809 0.018492 0 
5811 0.053569 0 
5812 0.037163 0 
5813 0.020784 0 
5814 0.047759 0 
5816 0.015656 0 
5818 0.026653 0 
5819 0.018575 0 
5820 0.089861 0 
5821 0.073491 0 
5824 0.027032 0 
5825 0.010587 0 
5826 0.032245 0 
5827 0.033344 0 
5828 0.016689 0 
5829 0.030927 0 
5830 0.014385 0 
5831 0.063729 0 
5832 0.053074 0 
5833 0.037395 0 
5834 0.029358 0 
5835 0.013368 0 
5837 0.045974 0 
5839 0.126947 0 
5840 0.110572 0 
5841 0.094333 0 
5842 0.088953 0 
5843 0.072767 0 
5844 0.057652 0 
5845 0.048824 0 
5847 0.041220 0 
5848 0.035479 0 
5849 0.019692 0 
5850 0.036176 0 
5851 0.020143 0 
5852 0.036651 0 
5853 0.020707 0 
5854 0.029697 0 
5855 0.032210 0 
5856 0.066912 0 
5857 0.050438 0 
5858 0.034000 0 
5859 0.031659 0 
5860 0.015554 0 
5861 0.037692 0 
5863 0.055686 0 
5864 0.039491 0 
5865 0.023045 0 
5866 0.054453 0 
5867 0.038177 0 
5868 0.021961 0 
5869 0.042310 0 
5870 0.053008 0 
5871 0.047472 0 
5872 0.030781 0 
5874 0.085953 0 
5876 0.053365 0 
5877 0.036497 0 
5878 0.020013 0 
5879 0.097354 0 
5880 0.081178 0 
5881 0.069464 0 
5882 0.053541 0 
5884 0.059564 0 
5885 0.045307 0 
5886 0.029025 0 
5887 0.063939 0 
5889 0.093324 0 
5891 0.078555 0 
5892 0.062335 0 
5893 0.046296 0 
5895 0.017846 0 
5896 0.070125 0 
5897 0.053383 0 
5899 0.068777 0 
5900 0.051955 0 
5901 0.034016 0 
5902 0.017903 0 
5903 0.037229 0 
5904 0.020995 0 
5905 0.033242 0 
5906 0.016378 0 
5907 0.037385 0 
5908 0.021293 0 
5909 0.011416 0 
5910 0.010031 0 
5911 0.073839 0 
5912 0.057551 0 
5913 0.069564 0 
5914 0.053522 0 
5915 0.070580 0 
5916 0.054596 0 
5918 0.019926 0 
5919 0.061155 0 
5920 0.045146 0 
5921 0.081923 0 
5922 0.068221 0 
5923 0.071159 0 
5924 0.055068 0 
5926 0.030955 0 
5927 0.030837 0 
5928 0.014470 0 
5929 0.041126 0 
5930 0.025051 0 
5931 0.084974 0 
5932 0.068499 0 
5933 0.049225 0 
5934 0.055227 0 
5935 0.039190 0 
5936 0.022768 0 
5937 0.018394 0 
5939 0.049656 0 
5940 0.033567 0 
5941 0.040711 0 
5942 0.040028 0 
5943 0.046516 0 
5944 0.030512 0 
5945 0.014442 0 
5947 0.029874 0 
5948 0.017311 0 
5949 0.023847 0 
5950 0.069796 0 
5952 0.054899 0 
5953 0.039067 0 
5954 0.028193 0 
5955 0.016788 0 
5957 0.056517 0 
5958 0.065995 0 
5959 0.049688 0 
5960 0.033244 0 
5961 0.016700 0 
5962 0.020415 0 
5964 0.013206 0 
5965 0.035605 0 
5966 0.056960 0 
5967 0.040139 0 
5968 0.040684 0 
5969 0.024547 0 
5970 0.024335 0 
5971 0.016161 0 
5972 0.067383 0 
5974 0.070128 0 
5975 0.100005 0 
5976 0.083931 0 
5977 0.068026 0 
5978 0.051636 0 
5979 0.035322 0 
5980 0.082495 0 
5981 0.066325 0 
5982 0.050119 0 
5983 0.033851 0 
5984 0.074012 0 
5985 0.057750 0 
5986 0.041844 0 
5987 0.050225 0 
5988 0.033674 0 
5989 0.063546 0 
5990 0.047395 0 
5991 0.058743 0 
5992 0.042777 0 
5993 0.026669 0 
5994 0.009986 0 
5995 0.018507 0 
5996 0.020639 0 
5997 0.039895 0 
5998 0.039559 0 
5999 0.023202 0 
6001 0.032850 0 
6002 0.016224 0 
6003 0.099459 0 
6004 0.083429 0 
6005 0.079949 0 
6006 0.065403 0 
6007 0.048664 0 
6008 0.037926 0 
6010 0.083269 0 
6011 0.067281 0 
6012 0.050767 0 
6013 0.033986 0 
6015 0.048293 0 
6017 0.026909 0 
6018 0.027823 0 
6019 0.049962 0 
6020 0.033649 0 
6023 0.032553 0 
6024 0.016495 0 
6025 0.035270 0 
6026 0.043872 0 
6027 0.027791 0 
6028 0.040097 0 
6029 0.024133 0 
6030 0.022273 0 
6031 0.061610 0 
6032 0.054163 0 
6033 0.038560 0 
6034 0.027473 0 
6036 0.095595 0 
6038 0.075783 0 
6039 0.059379 0 
6040 0.045779 0 
6041 0.049311 0 
6042 0.032979 0 
6043 0.064200 0 
6044 0.048074 0 
6046 0.039068 0 
6047 0.022480 0 
6048 0.017378 0 
6049 0.018101 0 
6050 0.010407 0 
6051 0.068535 0 
6052 0.052460 0 
6053 0.036101 0 
6054 0.032024 0 
6055 0.015842 0 
6056 0.160916 0 
6057 0.144756 0 
6058 0.135679 0 
6059 0.119794 0 
6060 0.103417 0 
6062 0.116800 0 
6063 0.116359 0 
6064 0.100092 0 
6065 0.083837 0 
6066 0.106491 0 
6067 0.090028 0 
6068 0.133643 0 
6069 0.117292 0 
6070 0.101327 0 
6071 0.085027 0 
6073 0.123972 0 
6075 0.121103 0 
6076 0.104975 0 
6077 0.088331 0 
6078 0.098992 0 
6079 0.082654 0 
6080 0.063904 0 
6081 0.048661 0 
6083 0.036406 0 
6084 0.020231 0 
6085 0.042543 0 
6086 0.032931 0 
6088 0.033789 0 
6090 0.091869 0 
6091 0.075192 0 
6092 0.058213 0 
6094 0.031312 0 
6095 0.035258 0 
6096 0.018629 0 
6098 0.078254 0 
6099 0.062273 0 
6100 0.045055 0 
6101 0.060760 0 
6102 0.044164 0 
6103 0.047513 0 
6104 0.031158 0 
6105 0.014357 0 
6106 0.081836 0 
6107 0.065549 0 
6108 0.049196 0 
6109 0.048200 0 
6110 0.032267 0 
6111 0.015304 0 
6112 0.045099 0 
6113 0.054841 0 
6114 0.038588 0 
6115 0.030851 0 
6117 0.023417 0 
6118 0.048341 0 
6119 0.031383 0 
6120 0.015124 0 
6121 0.023607 0 
6122 0.032751 0 
6123 0.022154 0 
6125 0.017935 0 
6126 0.070966 0 
6127 0.054430 0 
6128 0.038781 0 
6129 0.043387 0 
6130 0.106288 0 
6131 0.089779 0 
6132 0.072188 0 
6133 0.056861 0 
6134 0.040761 0 
6135 0.057375 0 
6136 0.041138 0 
6138 0.037926 0 
6139 0.021007 0 
6140 0.015249 0 
6141 0.031872 0 
6142 0.020294 0 
6143 0.058013 0 
6144 0.042732 0 
6146 0.079768 0 
6147 0.083561 0 
6148 0.067414 0 
6149 0.103645 0 
6151 0.067830 0 
6152 0.052222 0 
6153 0.036528 0 
6154 0.025739 0 
6156 0.015153 0 
6157 0.057247 0 
6158 0.040559 0 
6159 0.032326 0 
6160 0.016265 0 
6161 0.062562 0 
6163 0.030487 0 
6164 0.092587 0 
6165 0.156892 0 
6166 0.140455 0 
6167 0.123013 0 
6168 0.106219 0 
6169 0.173994 0 
6170 0.157495 0 
6171 0.145154 0 
6173 0.113466 0 
6174 0.159119 0 
6175 0.142798 0 
6176 0.126600 0 
6177 0.114333 0 
6178 0.097844 0 
6179 0.081631 0 
6180 0.133044 0 
6181 0.120265 0 
6182 0.125605 0 
6183 0.109205 0 
6184 0.092492 0 
6185 0.096923 0 
6186 0.080361 0 
6187 0.063998 0 
6188 0.055820 0 
6189 0.039263 0 
6190 0.070547 0 
6191 0.053104 0 
6192 0.036099 0 
6193 0.036914 0 
6194 0.020920 0 
6195 0.037683 0 
6196 0.021437 0 
6197 0.022615 0 
6198 0.026210 0 
6200 0.052396 0 
6201 0.047070 0 
6202 0.049021 0 
6203 0.032717 0 
6204 0.016418 0 
6205 0.016671 0 
6206 0.102311 0 
6207 0.085893 0 
6209 0.052679 0 
6210 0.036307 0 
6211 0.091364 0 
6212 0.074838 0 
6214 0.112131 0 
6216 0.079261 0 
6217 0.119172 0 
6218 0.109679 0 
6219 0.144759 0 
6222 0.095381 0 
6223 0.079501 0 
6224 0.062979 0 
6225 0.047336 0 
6226 0.028792 0 
6227 0.015232 0 
6228 0.021693 0 
6229 0.053311 0 
6230 0.036956 0 
6231 0.054065 0 
6232 0.037714 0 
6233 0.020754 0 
6235 0.038685 0 
6237 0.039449 0 
6238 0.025234 0 
6239 0.016362 0 
6240 0.028255 0 
6241 0.012906 0 
6242 0.025194 0 
6243 0.018625 0 
6245 0.076564 0 
6246 0.060889 0 
6247 0.049790 0 
6248 0.033548 0 
6249 0.017172 0 
6250 0.063214 0 
6251 0.046861 0 
6252 0.030188 0 
6253 0.030653 0 
6255 0.128854 0 
6256 0.112816 0 
6257 0.102145 0 
6258 0.085510 0 
6259 0.068275 0 
6261 0.153909 0 
6262 0.156331 0 
6263 0.140920 0 
6264 0.126614 0 
6265 0.147608 0 
6266 0.137230 0 
6267 0.121139 0 
6268 0.113005 0 
6269 0.108855 0 
6270 0.091576 0 
6272 0.082763 0 
6274 0.070873 0 
6275 0.054115 0 
6276 0.037798 0 
6277 0.021273 0 
6278 0.100674 0 
6279 0.084651 0 
6280 0.134647 0 
6282 0.101066 0 
6283 0.084247 0 
6284 0.067827 0 
6285 0.051801 0 
6287 0.024437 0 
6289 0.018477 0 
6290 0.051435 0 
6291 0.115176 0 
6293 0.082794 0 
6294 0.076013 0 
6295 0.056229 0 
6297 0.023378 0 
6298 0.028844 0 
6299 0.012640 0 
6300 0.030721 0 
6301 0.050729 0 
6302 0.034255 0 
6303 0.023204 0 
6304 0.021824 0 
6305 0.055270 0 
6306 0.039821 0 
6307 0.040340 0 
6308 0.054953 0 
6309 0.038589 0 
6310 0.021707 0 
6311 0.044105 0 
6312 0.038077 0 
6313 0.030490 0 
6314 0.037606 0 
6316 0.079288 0 
6317 0.062163 0 
6318 0.115500 0 
6319 0.097928 0 
6320 0.081373 0 
6321 0.103196 0 
6322 0.086919 0 
6324 0.087011 0 
6325 0.070560 0 
6326 0.054290 0 
6327 0.046388 0 
6328 0.029316 0 
6329 0.013018 0 
6330 0.050726 0 
6331 0.035011 0 
6332 0.018483 0 
6333 0.054761 0 
6334 0.038566 0 
6335 0.022270 0 
6337 0.038034 0 
6338 0.035174 0 
6339 0.036097 0 
6340 0.019582 0 
6341 0.028097 0 
6342 0.050170 0 
6343 0.033661 0 
6345 0.070066 0 
6346 0.053398 0 
6347 0.108753 0 
6348 0.093323 0 
6350 0.134277 0 
6351 0.117448 0 
6352 0.101281 0 
6353 0.085095 0 
6355 0.052464 0 
6356 0.041803 0 
6357 0.024664 0 
6358 0.008228 0 
6359 0.075010 0 
6360 0.059640 0 
6362 0.040285 0 
6363 0.030403 0 
6364 0.032663 0 
6365 0.033339 0 
6366 0.016646 0 
6367 0.044695 0 
6368 0.041279 0 
6369 0.032720 0 
6370 0.016503 0 
6372 0.015880 0 
6373 0.073164 0 
6374 0.056913 0 
6375 0.040443 0 
6376 0.023086 0 
6377 0.025910 0 
6378 0.020072 0 
6379 0.015660 0 
6380 0.039496 0 
6381 0.023513 0 
6382 0.029296 0 
6383 0.039994 0 
6384 0.023803 0 
6385 0.012135 0 
6386 0.044393 0 
6387 0.027904 0 
6388 0.062897 0 
6389 0.044749 0 
6390 0.120528 0 
6391 0.104504 0 
6392 0.087458 0 
6393 0.082420 0 
6394 0.066263 0 
6395 0.049013 0 
6396 0.032361 0 
6397 0.063367 0 
6399 0.040789 0 
6400 0.081467 0 
6401 0.064759 0 
6402 0.054872 0 
6403 0.070326 0 
6404 0.054550 0 
6405 0.048693 0 
6406 0.032323 0 
6408 0.039090 0 
6409 0.022374 0 
6410 0.091150 0 
6411 0.074463 0 
6413 0.042501 0 
6415 0.013176 0 
6416 0.048560 0 
6417 0.059336 0 
6418 0.042811 0 
6421 0.059460 0 
6422 0.043183 0 
6423 0.042493 0 
6424 0.061742 0 
6425 0.045539 0 
6426 0.028085 0 
6427 0.017156 0 
6428 0.023183 0 
6429 0.011374 0 
6430 0.031345 0 
6431 0.054202 0 
6432 0.038034 0 
6434 0.044574 0 
6436 0.057662 0 
6437 0.062112 0 
6438 0.046516 0 
6439 0.028762 0 
6440 0.020464 0 
6441 0.118182 0 
6442 0.101420 0 
6444 0.109860 0 
6445 0.094519 0 
6446 0.080671 0 
6447 0.064180 0 
6448 0.052673 0 
6449 0.036177 0 
6450 0.039284 0 
6451 0.023288 0 
6452 0.026617 0 
6453 0.030932 0 
6454 0.016662 0 
6455 0.064642 0 
6456 0.048231 0 
6457 0.031608 0 
6458 0.069759 0 
6460 0.063675 0 
6461 0.046082 0 
6462 0.029326 0 
6463 0.030598 0 
6464 0.025843 0 
6465 0.039123 0 
6466 0.022828 0 
6467 0.019719 0 
6468 0.058033 0 
6469 0.041815 0 
6471 0.017425 0 
6473 0.015744 0 
6474 0.083003 0 
6475 0.067231 0 
6476 0.051079 0 
6477 0.054166 0 
6478 0.042208 0 
6479 0.023999 0 
6481 0.035647 0 
6482 0.019537 0 
6483 0.024362 0 
6484 0.008619 0 
6486 0.023115 0 
6488 0.104614 0 
6489 0.087984 0 
6490 0.131819 0 
6492 0.097777 0 
6493 0.103177 0 
6494 0.086220 0 
6496 0.052845 0 
6497 0.037424 0 
6498 0.112895 0 
6499 0.096740 0 
6500 0.080338 0 
6501 0.094697 0 
6502 0.078763 0 
6503 0.092733 0 
6504 0.076530 0 
6505 0.059998 0 
6506 0.054836 0 
6507 0.037570 0 
6508 0.033236 0 
6509 0.017239 0 
6510 0.058349 0 
6511 0.051644 0 
6512 0.035223 0 
6513 0.018953 0 
6515 0.021651 0 
6516 0.042297 0 
6517 0.025528 0 
6518 0.047898 0 
6519 0.031841 0 
6520 0.023282 0 
6521 0.026930 0 
6523 0.033967 0 
6524 0.017394 0 
6525 0.018643 0 
6526 0.046602 0 
6527 0.030140 0 
6528 0.039707 0 
6529 0.023205 0 
6530 0.038853 0 
6531 0.022424 0 
6532 0.006711 0 
6533 0.025491 0 
6534 0.019842 0 
6536 0.067055 0 
6537 0.082097 0 
6538 0.065881 0 
6539 0.049292 0 
6540 0.032658 0 
6541 0.025719 0 
6542 0.016265 0 
6544 0.023716 0 
6545 0.072446 0 
6546 0.091818 0 
6547 0.074819 0 
6549 0.042332 0 
6550 0.040315 0 
6551 0.023407 0 
6552 0.061944 0 
6554 0.029830 0 
6555 0.037581 0 
6556 0.050512 0 
6557 0.033439 0 
6558 0.020245 0 
6559 0.094129 0 
6561 0.094016 0 
6562 0.109305 0 
6563 0.092939 0 
6564 0.109242 0 
6565 0.092882 0 
6566 0.076590 0 
6567 0.060009 0 
6568 0.043629 0 
6569 0.027384 0 
6571 0.142621 0 
6572 0.125469 0 
6573 0.109881 0 
6574 0.093297 0 
6575 0.076936 0 
6576 0.060158 0 
6577 0.078198 0 
6578 0.062304 0 
6579 0.089715 0 
6580 0.073361 0 
6581 0.056920 0 
6582 0.039593 0 
6583 0.032969 0 
6584 0.016911 0 
6585 0.025530 0 
6586 0.027380 0 
6587 0.013281 0 
6588 0.041409 0 
6589 0.025007 0 
6590 0.065986 0 
6591 0.050006 0 
6592 0.034232 0 
6593 0.084402 0 
6594 0.068246 0 
6595 0.051577 0 
6596 0.061317 0 
6598 0.025870 0 
6599 0.031775 0 
6600 0.048509 0 
6601 0.032185 0 
6602 0.016127 0 
6603 0.018412 0 
6604 0.030680 0 
6605 0.014397 0 
6607 0.082775 0 
6608 0.066183 0 
6609 0.050414 0 
6610 0.034240 0 
6612 0.013994 0 
6614 0.053046 0 
6615 0.105092 0 
6616 0.125299 0 
6617 0.109483 0 
6620 0.060455 0 
6621 0.101602 0 
6622 0.085531 0 
6623 0.069562 0 
6624 0.122662 0 
6625 0.106424 0 
6626 0.090296 0 
6627 0.073676 0 
6628 0.056688 0 
6629 0.040513 0 
6630 0.024433 0 
6631 0.023384 0 
6633 0.032145 0 
6635 0.092897 0 
6636 0.077190 0 
6637 0.080089 0 
6638 0.063870 0 
6639 0.046912 0 
6640 0.030386 0 
6641 0.063257 0 
6643 0.045998 0 
6644 0.030092 0 
6645 0.034775 0 
6646 0.018155 0 
6647 0.028951 0 
6648 0.015082 0 
6649 0.053915 0 
6650 0.037932 0 
6651 0.050198 0 
6652 0.034156 0 
6653 0.026219 0 
6654 0.012882 0 
6655 0.020477 0 
6656 0.055440 0 
6657 0.039590 0 
6659 0.048391 0 
6660 0.104441 0 
6661 0.087785 0 
6662 0.074763 0 
6663 0.071200 0 
6664 0.055016 0 
6665 0.038667 0 
6666 0.032838 0 
6667 0.016662 0 
6668 0.065753 0 
6670 0.033341 0 
6672 0.023016 0 
6673 0.024416 0 
6674 0.011792 0 
6675 0.048267 0 
6676 0.032661 0 
6677 0.024337 0 
6678 0.068277 0 
6680 0.035505 0 
6681 0.022850 0 
6682 0.012321 0 
6683 0.088490 0 
6685 0.079213 0 
6687 0.046332 0 
6688 0.052982 0 
6689 0.036841 0 
6691 0.065804 0 
6692 0.071947 0 
6693 0.055885 0 
6695 0.023275 0 
6696 0.057702 0 
6697 0.041440 0 
6698 0.025378 0 
6699 0.014018 0 
6700 0.061562 0 
6701 0.055376 0 
6702 0.038985 0 
6703 0.031674 0 
6704 0.035239 0 
6705 0.026888 0 
6706 0.028974 0 
6707 0.012981 0 
6708 0.018653 0 
6709 0.048408 0 
6710 0.035985 0 
6711 0.020037 0 
6712 0.050231 0 
6714 0.075078 0 
6715 0.061572 0 
6716 0.065667 0 
6717 0.049722 0 
6718 0.032978 0 
6719 0.025434 0 
6720 0.009155 0 
6722 0.128583 0 
6723 0.109525 0 
6724 0.092823 0 
6725 0.076158 0 
6726 0.068671 0 
6727 0.117119 0 
6728 0.100746 0 
6729 0.084565 0 
6730 0.100409 0 
6731 0.083923 0 
6732 0.067529 0 
6733 0.081223 0 
6735 0.048692 0 
6736 0.048869 0 
6737 0.032693 0 
6738 0.032168 0 
6739 0.015914 0 
6740 0.124085 0 
6741 0.107526 0 
6743 0.075330 0 
6744 0.059519 0 
6745 0.082046 0 
6746 0.069351 0 
6748 0.036824 0 
6749 0.038848 0 
6750 0.022667 0 
6751 0.010695 0 
6753 0.057358 0 
6754 0.091501 0 
6755 0.074727 0 
6756 0.058286 0 
6757 0.041755 0 
6758 0.053884 0 
6760 0.124445 0 
6761 0.108118 0 
6762 0.113559 0 
6763 0.097479 0 
6764 0.086987 0 
6765 0.110163 0 
6766 0.096670 0 
6767 0.132785 0 
6768 0.116051 0 
6770 0.083257 0 
6771 0.089244 0 
6772 0.072946 0 
6773 0.066109 0 
6774 0.050242 0 
6775 0.034148 0 
6776 0.017105 0 
6777 0.041019 0 
6778 0.024551 0 
6779 0.033571 0 
6780 0.015510 0 
6781 0.045366 0 
6782 0.029061 0 
6783 0.012288 0 
6784 0.022762 0 
6785 0.007656 0 
6786 0.084721 0 
6787 0.068285 0 
6788 0.052328 0 
6789 0.036024 0 
6790 0.019461 0 
6791 0.030869 0 
6792 0.014197 0 
6793 0.051650 0 
6794 0.035605 0 
6795 0.019616 0 
6797 0.019139 0 
6798 0.040455 0 
6799 0.045636 0 
6800 0.053866 0 
6801 0.037631 0 
6802 0.021340 0 
6803 0.064701 0 
6804 0.052455 0 
6806 0.030145 0 
6807 0.055287 0 
6808 0.039233 0 
6809 0.022960 0 
6811 0.067665 0 
6813 0.065508 0 
6814 0.068805 0 
6815 0.085857 0 
6816 0.084691 0 
6819 0.079255 0 
6820 0.063288 0 
6821 0.047140 0 
6822 0.037282 0 
6823 0.021152 0 
6824 0.029707 0 
6825 0.161307 0 
6826 0.145078 0 
6827 0.147281 0 
6828 0.131772 0 
6829 0.115110 0 
6830 0.119411 0 
6832 0.086902 0 
6834 0.095470 0 
6835 0.079113 0 
6836 0.063330 0 
6837 0.047162 0 
6838 0.030621 0 
6839 0.014107 0 
6840 0.030032 0 
6842 0.080139 0 
6843 0.077421 0 
6844 0.093758 0 
6845 0.077704 0 
6846 0.061720 0 
6847 0.223591 0 
6848 0.207606 0 
6849 0.190802 0 
6850 0.229455 0 
6851 0.213265 0 
6852 0.196796 0 
6853 0.185920 0 
6854 0.169331 0 
6855 0.152516 0 
6856 0.190342 0 
6858 0.158080 0 
6859 0.159992 0 
6860 0.143807 0 
6861 0.174501 0 
6862 0.157853 0 
6863 0.141562 0 
6864 0.125394 0 
6865 0.116490 0 
6866 0.100077 0 
6867 0.083785 0 
6869 0.060244 0 
6871 0.037956 0 
6872 0.021770 0 
6873 0.009455 0 
6874 0.010851 0 
6875 0.018298 0 
6876 0.062755 0 
6877 0.046522 0 
6879 0.038203 0 
6880 0.021828 0 
6881 0.042475 0 
6882 0.026442 0 
6884 0.013463 0 
6886 0.053312 0 
6887 0.037288 0 
6888 0.051977 0 
6890 0.055179 0 
6891 0.038035 0 
6892 0.032105 0 
6894 0.028127 0 
6895 0.011901 0 
6896 0.104961 0 
6897 0.088149 0 
6898 0.071874 0 
6899 0.073864 0 
6900 0.057324 0 
6901 0.046090 0 
6902 0.029553 0 
6903 0.022643 0 
6904 0.081674 0 
6905 0.065363 0 
6906 0.069021 0 
6907 0.089421 0 
6908 0.072736 0 
6909 0.081164 0 
6910 0.065465 0 
6911 0.051355 0 
6913 0.061597 0 
6914 0.045045 0 
6915 0.053576 0 
6916 0.037030 0 
6917 0.020508 0 
6918 0.011579 0 
6919 0.035352 0 
6921 0.053358 0 
6922 0.036825 0 
6923 0.020363 0 
6924 0.063418 0 
6925 0.047202 0 
6926 0.031467 0 
6927 0.051066 0 
6928 0.034837 0 
6929 0.019060 0 
6930 0.014168 0 
6931 0.046407 0 
6932 0.030144 0 
6934 0.045213 0 
6935 0.029086 0 
6936 0.055718 0 
6937 0.039395 0 
6938 0.075128 0 
6939 0.058985 0 
6940 0.049582 0 
6942 0.017285 0 
6943 0.076651 0 
6944 0.060056 0 
6945 0.089467 0 
6947 0.078372 0 
6948 0.062310 0 
6949 0.046036 0 
6950 0.029803 0 
6952 0.072621 0 
6953 0.088866 0 
6954 0.072732 0 
6955 0.056675 0 
6956 0.040354 0 
6957 0.023508 0 
6959 0.048727 0 
6960 0.032371 0 
6961 0.026033 0 
6962 0.122214 0 
6963 0.106018 0 
6964 0.090546 0 
6965 0.087948 0 
6966 0.067706 0 
6967 0.078171 0 
6969 0.103458 0 
6970 0.087553 0 
6971 0.071260 0 
6972 0.104317 0 
6973 0.088038 0 
6974 0.071232 0 
6975 0.075160 0 
6976 0.058758 0 
6977 0.042367 0 
6978 0.035022 0 
6979 0.018463 0 
6980 0.025040 0 
6981 0.019724 0 
6982 0.060707 0 
6983 0.044208 0 
6984 0.027935 0 
6985 0.024823 0 
6986 0.044961 0 
6987 0.028757 0 
6988 0.012254 0 
6989 0.063267 0 
6990 0.047338 0 
6991 0.031119 0 
6992 0.087308 0 
6993 0.072234 0 
6994 0.056291 0 
6996 0.066387 0 
6997 0.079490 0 
6998 0.063295 0 
6999 0.047007 0 
6999 0.066031 1 
7000 0.049500 1 
7001 0.033321 1 
7002 0.017405 1 
7003 0.006219 1 
7000 0.058764 0 
7001 0.063043 0 
7002 0.047069 0 
7003 0.030226 0 
7005 0.026803 0 
7006 0.010334 0 
7006 0.025945 1 
7007 0.058426 0 
7008 0.042318 0 
7010 0.042475 0 
7012 0.030214 1 
7013 0.013743 1 
7014 0.025928 1 
7012 0.067814 0 
7015 0.021327 1 
7013 0.071281 0 
7014 0.069097 0 
7015 0.070707 0 
7018 0.021878 0 
7018 0.027871 1 
7019 0.011623 1 
7020 0.016117 1 
7019 0.049743 0 
7021 0.036315 1 
7022 0.019474 1 
7023 0.007790 1 
7024 0.009873 1 
7025 0.013510 1 
7020 0.101514 0 
7021 0.084805 0 
7022 0.067933 0 
7023 0.051694 0 
7026 0.017987 1 
7027 0.019914 1 
7028 0.011870 1 
7024 0.083255 0 
7025 0.067105 0 
7026 0.050664 0 
7029 0.008996 1 
7027 0.050915 0 
7028 0.034715 0 
7029 0.035700 0 
7031 0.016543 0 
7033 0.029036 1 
7034 0.024402 1 
7035 0.015229 1 
7036 0.028818 1 
7033 0.091239 0 
7034 0.082632 0 
7035 0.066028 0 
7036 0.049300 0 
7037 0.037930 1 
7038 0.021816 1 
7039 0.024198 1 
7041 0.007306 1 
7037 0.072693 0 
7038 0.056505 0 
7039 0.053863 0 
7041 0.021344 0 
7042 0.007960 1 
7042 0.021616 0 
7043 0.021874 1 
7044 0.010868 1 
7043 0.036624 0 
7045 0.026135 1 
7046 0.016760 1 
7047 0.008603 1 
7044 0.059429 0 
7045 0.043382 0 
7046 0.027235 0 
7047 0.010514 0 
7048 0.016744 1 
7049 0.014752 1 
7048 0.043442 0 
7049 0.027201 0 
7050 0.015119 1 
7051 0.013772 1 
7052 0.013026 1 
7053 0.006122 1 
7054 0.005127 1 
7055 0.011954 1 
7057 0.042270 1 
7058 0.026321 1 
7059 0.016855 1 
7060 0.017334 1 
7051 0.167662 0 
7052 0.152064 0 
7053 0.135627 0 
7054 0.126629 0 
7055 0.115200 0 
7061 0.020582 1 
7062 0.012532 1 
7057 0.098056 0 
7063 0.013861 1 
7058 0.116001 0 
7064 0.026771 1 
7065 0.027736 1 
7066 0.011818 1 
7059 0.141803 0 
7060 0.125639 0 
7061 0.109340 0 
7062 0.092930 0 
7063 0.076787 0 
7064 0.060366 0 
7065 0.044408 0 
7068 0.020867 1 
7066 0.085418 0 
7070 0.019957 1 
7068 0.054817 0 
7070 0.029060 0 
7071 0.010308 1 
7072 0.008531 1 
7073 0.014487 1 
7071 0.053665 0 
7072 0.037030 0 
7073 0.020648 0 
7074 0.022944 1 
7075 0.017620 1 
7076 0.017110 1 
7078 0.011465 1 
7075 0.062862 0 
7076 0.046710 0 
7078 0.018335 0 
7079 0.008846 1 
7079 0.028162 0 
7080 0.011922 0 
7081 0.012441 1 
7083 0.012125 1 
7081 0.052531 0 
7085 0.009807 1 
7083 0.053250 0 
7086 0.007858 1 
7085 0.030306 0 
7086 0.014209 0 
7087 0.011644 0 
7087 0.016109 1 
7089 0.014186 1 
7090 0.007268 1 
7091 0.006294 1 
7089 0.047375 0 
7090 0.031259 0 
7093 0.022550 1 
7091 0.063317 0 
7094 0.014842 1 
7094 0.022864 0 
7095 0.020519 1 
7096 0.010963 1 
7097 0.007994 1 
7098 0.010505 1 
7095 0.078331 0 
7096 0.062099 0 
7097 0.045430 0 
7098 0.029335 0 
7099 0.018836 1 
7100 0.009158 1 
7100 0.022772 0 
7101 0.016621 1 
7102 0.008980 1 
7101 0.037989 0 
7102 0.021399 0 
7103 0.008169 1 
7104 0.007253 1 
7103 0.052253 0 
7104 0.035722 0 
7105 0.018896 0 
7105 0.025513 1 
7106 0.009367 1 
7106 0.033713 0 
7107 0.017536 0 
7107 0.019897 1 
7108 0.013523 1 
7109 0.009869 1 
7110 0.006962 1 
7108 0.069763 0 
7109 0.053420 0 
7110 0.046404 0 
7112 0.013454 0 
7112 0.045530 1 
7113 0.029380 1 
7114 0.013129 1 
7115 0.009066 1 
7116 0.006896 1 
7117 0.009646 1 
7113 0.085073 0 
7114 0.068846 0 
7115 0.052816 0 
7116 0.036336 0 
7118 0.017095 1 
7117 0.047269 0 
7118 0.031132 0 
7120 0.014527 1 
7121 0.006954 1 
7122 0.008146 1 
7120 0.048818 0 
7121 0.032169 0 
7122 0.015738 0 
7123 0.011199 1 
7124 0.017186 1 
7125 0.029680 1 
7123 0.068356 0 
7124 0.052093 0 
7125 0.036154 0 
7126 0.023092 1 
7127 0.012632 1 
7128 0.008576 1 
7129 0.008582 1 
7126 0.080268 0 
7127 0.064352 0 
7128 0.047014 0 
7130 0.024455 1 
7131 0.008147 1 
7129 0.070786 0 
7130 0.054614 0 
7131 0.038251 0 
7133 0.021008 1 
7134 0.010963 1 
7135 0.008264 1 
7133 0.047739 0 
7134 0.031692 0 
7135 0.015468 0 
7136 0.021105 0 
7136 0.026228 1 
7137 0.009926 1 
7137 0.021887 0 
7138 0.016169 1 
7139 0.014989 1 
7138 0.053710 0 
7139 0.037167 0 
7141 0.006803 1 
7142 0.021418 1 
7143 0.016110 1 
7141 0.050182 0 
7142 0.033855 0 
7143 0.022165 0 
7144 0.017430 1 
7144 0.040095 0 
7146 0.007290 0 
7146 0.011500 1 
7147 0.007401 1 
7147 0.021285 0 
7148 0.016437 1 
7149 0.017737 1 
7151 0.025588 1 
7152 0.016547 1 
7149 0.071368 0 
7151 0.038865 0 
7152 0.022497 0 
7153 0.014016 1 
7154 0.009015 1 
7153 0.066950 0 
7154 0.051115 0 
7155 0.034817 0 
7155 0.046151 1 
7156 0.029963 1 
7156 0.034688 0 
7158 0.015556 0 
7158 0.017150 1 
7159 0.014664 1 
7159 0.033264 0 
7160 0.017173 0 
7160 0.031528 1 
7161 0.021610 1 
7162 0.008091 1 
7163 0.028792 1 
7164 0.029545 1 
7165 0.013236 1 
7166 0.009109 1 
7168 0.011655 1 
7161 0.139383 0 
7162 0.123293 0 
7163 0.107439 0 
7164 0.106066 0 
7165 0.089742 0 
7166 0.073373 0 
7168 0.040319 0 
7169 0.023762 1 
7170 0.018925 1 
7169 0.044654 0 
7170 0.028212 0 
7171 0.022938 1 
7172 0.016233 1 
7171 0.076323 0 
7172 0.060645 0 
7173 0.044779 0 
7174 0.028939 0 
7175 0.019292 0 
7176 0.026179 0 
7177 0.009701 0 
7174 0.069478 1 
7175 0.052917 1 
7176 0.036630 1 
7177 0.021960 1 
7178 0.012950 1 
7178 0.069601 0 
7179 0.053246 0 
7180 0.036843 0 
7181 0.020532 0 
7182 0.010964 0 
7180 0.075297 1 
7181 0.059052 1 
7182 0.042571 1 
7183 0.026344 1 
7184 0.013629 1 
7185 0.038910 1 
7186 0.022670 1 
7183 0.073199 0 
7184 0.056897 0 
7187 0.017927 1 
7188 0.024280 1 
7189 0.010244 1 
7185 0.076196 0 
7186 0.059933 0 
7187 0.043718 0 
7188 0.032489 0 
7189 0.015915 0 
7190 0.013278 0 
7191 0.006480 1 
7192 0.009660 1 
7191 0.037469 0 
7192 0.021158 0 
7193 0.021992 1 
7195 0.016341 1 
7196 0.019927 1 
7193 0.080273 0 
7195 0.046882 0 
7196 0.031009 0 
7197 0.020478 1 
7198 0.011057 1 
7197 0.057459 0 
7199 0.034631 1 
7200 0.018300 1 
7201 0.012902 1 
7202 0.013436 1 
7198 0.083922 0 
7199 0.067654 0 
7200 0.051955 0 
7201 0.035431 0 
7204 0.027816 1 
7205 0.025303 1 
7204 0.084398 0 
7205 0.068696 0 
7206 0.052013 0 
7207 0.036094 0 
7209 0.009171 1 
7211 0.024750 1 
7209 0.101949 0 
7211 0.070141 0 
7212 0.063358 0 
7212 0.065567 1 
7213 0.049162 1 
7214 0.033126 1 
7213 0.071218 0 
7214 0.054929 0 
7217 0.032022 1 
7218 0.014750 1 
7217 0.058161 0 
7218 0.040972 0 
7219 0.026040 0 
7219 0.048947 1 
7220 0.032619 1 
7221 0.016394 1 
7222 0.009503 1 
7220 0.058114 0 
7221 0.041878 0 
7222 0.025488 0 
7223 0.028206 1 
7223 0.037745 0 
7224 0.020946 0 
7224 0.037615 1 
7225 0.021602 1 
7225 0.027071 0 
7226 0.010708 0 
7226 0.019203 1 
7227 0.036826 1 
7228 0.020682 1 
7230 0.025441 1 
7227 0.105330 0 
7232 0.023649 1 
7233 0.013905 1 
7228 0.103157 0 
7230 0.069156 0 
7234 0.013636 1 
7235 0.027844 1 
7236 0.021099 1 
7233 0.074413 0 
7234 0.057171 0 
7235 0.041536 0 
7237 0.031994 1 
7238 0.035042 1 
7237 0.060539 0 
7240 0.027692 1 
7240 0.029849 0 
7241 0.012679 0 
7241 0.038255 1 
7242 0.044283 1 
7243 0.044700 1 
7244 0.049595 1 
7245 0.033199 1 
7246 0.016075 1 
7242 0.084992 0 
7243 0.068692 0 
7244 0.052739 0 
7247 0.020114 1 
7248 0.026621 1 
7249 0.010449 1 
7247 0.056259 0 
7248 0.040166 0 
7249 0.023928 0 
7250 0.017740 0 
7250 0.031992 1 
7251 0.016856 0 
7251 0.021284 1 
7252 0.016568 1 
7253 0.009096 1 
7254 0.008170 1 
7252 0.063246 0 
7253 0.047040 0 
7254 0.030538 0 
7256 0.013569 0 
7257 0.036877 0 
7258 0.020109 0 
7256 0.055340 1 
7259 0.062877 0 
7260 0.046470 0 
7261 0.030493 0 
7262 0.060945 0 
7263 0.044271 0 
7264 0.027008 0 
7265 0.025035 0 
7257 0.178814 1 
7267 0.029619 0 
7258 0.181769 1 
7259 0.165591 1 
7260 0.149188 1 
7261 0.132906 1 
7262 0.116684 1 
7263 0.100102 1 
7264 0.082517 1 
7269 0.025428 0 
7270 0.011752 0 
7265 0.105509 1 
7267 0.077502 1 
7269 0.044448 1 
7271 0.044134 0 
7272 0.027639 0 
7273 0.011546 0 
7270 0.066834 1 
7273 0.069470 1 
7274 0.053253 1 
7274 0.053997 0 
7275 0.038440 0 
7275 0.039196 1 
7277 0.013891 0 
7277 0.039135 1 
7278 0.022634 1 
7278 0.044168 0 
7279 0.028118 0 
7280 0.011800 0 
7279 0.050993 1 
7280 0.034595 1 
7282 0.025543 1 
7282 0.040566 0 
7284 0.012258 1 
7285 0.014467 1 
7286 0.015903 1 
7285 0.055532 0 
7286 0.039419 0 
7288 0.015021 1 
7289 0.022766 1 
7288 0.040772 0 
7290 0.014144 1 
7289 0.065547 0 
7292 0.023222 0 
7292 0.056507 1 
7293 0.040203 1 
7294 0.023910 1 
7295 0.018360 1 
7296 0.011776 1 
7293 0.072222 0 
7294 0.056068 0 
7295 0.040163 0 
7297 0.031327 1 
7298 0.030740 1 
7299 0.014450 1 
7296 0.066102 0 
7297 0.050124 0 
7298 0.034020 0 
7299 0.017959 0 
7300 0.023249 1 
7300 0.029904 0 
7301 0.017346 1 
7302 0.019203 1 
7301 0.043575 0 
7303 0.011329 0 
7304 0.022956 1 
7305 0.016201 0 
7305 0.019223 1 
7306 0.011014 0 
7306 0.032738 1 
7307 0.020455 1 
7308 0.023880 1 
7309 0.016739 1 
7307 0.053883 0 
7308 0.037538 0 
7309 0.021161 0 
7311 0.014406 0 
7311 0.018862 1 
7312 0.019599 0 
7312 0.029578 1 
7313 0.012523 1 
7313 0.019176 0 
7314 0.013343 1 
7314 0.017105 0 
7315 0.009198 1 
7315 0.021595 0 
7316 0.005039 0 
7317 0.008271 0 
7316 0.031187 1 
7317 0.014717 1 
7319 0.009343 0 
7319 0.012580 1 
7320 0.016665 1 
7321 0.007668 1 
7321 0.017492 0 
7322 0.012835 1 
7322 0.026803 0 
7323 0.010649 0 
7323 0.015267 1 
7324 0.010783 0 
7324 0.020588 1 
7325 0.014119 1 
7325 0.025385 0 
7326 0.013596 1 
7326 0.019928 0 
7327 0.006608 0 
7327 0.013745 1 
7328 0.012617 1 
7328 0.028576 0 
7329 0.012367 0 
7329 0.023637 1 
7330 0.010130 0 
7330 0.028730 1 
7332 0.009583 0 
7332 0.012046 1 
7333 0.009785 1 
7333 0.016807 0 
7334 0.011828 1 
7334 0.050648 0 
7335 0.034334 0 
7336 0.017378 0 
7337 0.011982 0 
7335 0.058613 1 
7336 0.041480 1 
7337 0.024670 1 
7338 0.019597 1 
7338 0.019621 0 
7340 0.013275 0 
7341 0.014078 0 
7341 0.057265 1 
7342 0.040944 1 
7343 0.024458 1 
7342 0.041716 0 
7343 0.025161 0 
7345 0.004517 0 
7345 0.016594 1 
7346 0.016138 0 
7346 0.021136 1 
7347 0.017395 0 
7347 0.031416 1 
7348 0.020226 0 
7350 0.005663 0 
7350 0.019332 1 
7351 0.016449 1 
7352 0.012763 1 
7351 0.040023 0 
7352 0.023736 0 
7353 0.007681 0 
7353 0.023290 1 
7354 0.018721 0 
7354 0.024630 1 
7355 0.010198 0 
7355 0.029188 1 
7357 0.029819 1 
7358 0.031030 1 
7357 0.054220 0 
7358 0.038028 0 
7359 0.027791 0 
7360 0.037056 0 
7361 0.022882 0 
7362 0.020730 0 
7359 0.085690 1 
7360 0.067372 1 
7361 0.051046 1 
7362 0.034495 1 
7363 0.027452 1 
7363 0.028790 0 
7364 0.012763 0 
7364 0.019353 1 
7365 0.013727 1 
7365 0.023566 0 
7367 0.041036 0 
7368 0.024867 0 
7369 0.008624 0 
7370 0.011460 0 
7368 0.047666 1 
7369 0.041876 1 
7370 0.032338 1 
7371 0.016424 1 
7372 0.016384 0 
7372 0.027590 1 
7373 0.011316 1 
7373 0.020179 0 
7374 0.027152 1 
7375 0.010659 1 
7374 0.028634 0 
7375 0.012194 0 
7376 0.011049 0 
7376 0.012925 1 
7377 0.008395 1 
7377 0.020091 0 
7378 0.017950 0 
7379 0.023588 0 
7380 0.008226 0 
7379 0.039559 1 
7380 0.031214 1 
7381 0.031830 1 
7382 0.015040 1 
7381 0.036624 0 
7382 0.019824 0 
7383 0.013552 1 
7383 0.023738 0 
7384 0.007077 0 
7385 0.006690 0 
7384 0.043309 1 
7385 0.026887 1 
7386 0.014286 0 
7387 0.010083 0 
7386 0.030417 1 
7387 0.014008 1 
7388 0.012609 0 
7389 0.011517 0 
7389 0.014901 1 
7390 0.007704 0 
7390 0.013235 1 
7391 0.013651 0 
7391 0.020966 1 
7392 0.015268 0 
7392 0.027293 1 
7394 0.006564 0 
7394 0.015175 1 
7395 0.016295 0 
7396 0.036600 0 
7397 0.021096 0 
7396 0.040840 1 
7398 0.015246 0 
7397 0.035917 1 
7399 0.014367 0 
7399 0.022255 1 
7400 0.020989 0 
7401 0.012987 1 
7401 0.017303 0 
7403 0.024176 0 
7404 0.007649 0 
7405 0.008645 0 
7403 0.061996 1 
7404 0.045415 1 
7406 0.017138 0 
7405 0.035672 1 
7408 0.014069 0 
7408 0.025108 1 
7410 0.009320 0 
7410 0.035823 1 
7411 0.031787 0 
7412 0.022460 0 
7411 0.039051 1 
7413 0.011750 0 
7412 0.043235 1 
7413 0.031442 1 
7416 0.020063 0 
7416 0.030198 1 
7417 0.017327 0 
7417 0.032865 1 
7418 0.016801 1 
7419 0.034250 1 
7420 0.017970 1 
7419 0.041005 0 
7420 0.024716 0 
7421 0.015131 1 
7421 0.015164 0 
7422 0.017948 0 
7423 0.010669 0 
7424 0.013722 0 
7422 0.046925 1 
7423 0.030199 1 
7424 0.023242 1 
7425 0.008982 0 
7425 0.022350 1 
7426 0.015769 1 
7427 0.011726 1 
7426 0.040653 0 
7427 0.024476 0 
7429 0.009236 0 
7429 0.014848 1 
7431 0.019123 1 
7431 0.036258 0 
7432 0.019883 0 
7433 0.012283 1 
7433 0.013715 0 
7434 0.007989 1 
7434 0.011573 0 
7435 0.021476 0 
7436 0.004783 0 
7437 0.010092 0 
7436 0.027313 1 
7439 0.011741 1 
7440 0.007773 0 
7441 0.009974 0 
7440 0.037470 1 
7441 0.021256 1 
7442 0.021846 0 
7443 0.005750 0 
7443 0.014417 1 
7444 0.016995 0 
7444 0.028723 1 
7445 0.012311 1 
7445 0.021350 0 
7446 0.028996 0 
7447 0.012621 0 
7446 0.041178 1 
7447 0.024778 1 
7448 0.031252 0 
7449 0.014952 0 
7448 0.041497 1 
7450 0.016158 0 
7449 0.037751 1 
7450 0.025747 1 
7451 0.009852 1 
7451 0.025491 0 
7452 0.008764 0 
7452 0.020443 1 
7453 0.006957 0 
7453 0.024005 1 
7455 0.025499 0 
7456 0.009825 0 
7457 0.012869 0 
7455 0.052823 1 
7456 0.036848 1 
7457 0.020565 1 
7458 0.020562 0 
7458 0.022255 1 
7459 0.008673 0 
7460 0.005416 0 
7459 0.027482 1 
7460 0.011279 1 
7461 0.008054 0 
7462 0.012549 0 
7461 0.038001 1 
7462 0.021852 1 
7463 0.009063 0 
7463 0.018939 1 
7464 0.008089 0 
7464 0.011965 1 
7466 0.010410 0 
7466 0.041384 1 
7468 0.023597 1 
7468 0.023812 0 
7469 0.010958 1 
7469 0.017668 0 
7470 0.011868 0 
7471 0.013618 0 
7472 0.011615 0 
7470 0.054043 1 
7471 0.037608 1 
7472 0.021330 1 
7473 0.013859 0 
7474 0.013594 0 
7473 0.057573 1 
7474 0.041212 1 
7476 0.016936 0 
7477 0.013664 0 
7478 0.008661 0 
7477 0.036110 1 
7478 0.020192 1 
7479 0.010003 1 
7479 0.015743 0 
7481 0.010753 0 
7481 0.015575 1 
7483 0.013846 1 
7483 0.017841 0 
7484 0.006460 1 
7484 0.014566 0 
7485 0.013046 1 
7485 0.016866 0 
7487 0.010884 0 
7487 0.024357 1 
7488 0.015845 0 
7488 0.023918 1 
7489 0.011515 1 
7489 0.033461 0 
7491 0.013724 0 
7491 0.014465 1 
7492 0.015099 0 
7493 0.004858 0 
7492 0.031828 1 
7493 0.015724 1 
7494 0.006582 0 
7494 0.018064 1 
7495 0.007841 0 
7495 0.017460 1 
7496 0.021485 0 
7497 0.010267 0 
7496 0.037702 1 
7497 0.020873 1 
7498 0.023268 0 
7499 0.028988 1 
7500 0.012859 1 
7499 0.031012 0 
7500 0.014814 0 
7501 0.015243 0 
7502 0.005851 0 
7501 0.047817 1 
7502 0.031420 1 
7503 0.022639 0 
7503 0.036210 1 
7504 0.019807 1 
7504 0.024246 0 
7505 0.007686 0 
7506 0.010286 0 
7505 0.028301 1 
7506 0.012300 1 
7507 0.014857 1 
7507 0.018170 0 
7508 0.007545 0 
7508 0.008878 1 
7510 0.014115 1 
7510 0.017565 0 
7511 0.007818 0 
7512 0.010130 0 
7512 0.013902 1 
7513 0.012686 0 
7513 0.013780 1 
7514 0.011546 0 
7514 0.017290 1 
7515 0.013284 0 
7515 0.035340 1 
7516 0.019870 0 
7516 0.041236 1 
7518 0.014886 1 
7518 0.015627 0 
7519 0.009853 0 
7520 0.012316 0 
7520 0.012607 1 
7521 0.012965 1 
7521 0.018070 0 
7522 0.014186 0 
7522 0.029497 1 
7523 0.017654 0 
7524 0.011037 0 
7523 0.041397 1 
7524 0.025015 1 
7525 0.008395 1 
7525 0.020481 0 
7526 0.012251 1 
7526 0.019228 0 
7527 0.013998 0 
7527 0.016845 1 
7528 0.015939 0 
7529 0.015731 0 
7528 0.044799 1 
7529 0.028646 1 
7531 0.013581 0 
7531 0.028731 1 
7532 0.012642 1 
7532 0.020341 0 
7533 0.007241 1 
7533 0.025230 0 
7534 0.018236 0 
7534 0.025892 1 
7535 0.009681 1 
7535 0.025863 0 
7536 0.017388 0 
7536 0.022236 1 
7537 0.009560 0 
7539 0.007268 1 
7539 0.012270 0 
7540 0.018229 0 
7541 0.008847 1 
7541 0.019602 0 
7542 0.013129 0 
7544 0.013453 1 
7544 0.027398 0 
7545 0.010539 0 
7545 0.016467 1 
7546 0.006001 1 
7546 0.011451 0 
7547 0.014436 0 
7547 0.037272 1 
7549 0.008012 1 
7549 0.020158 0 
7550 0.009047 0 
7551 0.005791 1 
7551 0.012398 0 
7552 0.008241 1 
7552 0.013641 0 
7553 0.015516 1 
7553 0.031073 0 
7554 0.014641 0 
7554 0.047797 1 
7556 0.014915 1 
7556 0.026849 0 
7557 0.010548 1 
7558 0.011671 1 
7557 0.043971 0 
7558 0.027592 0 
7559 0.011611 0 
7559 0.025051 1 
7560 0.008857 1 
7560 0.012039 0 
7561 0.015368 0 
7562 0.007078 0 
7561 0.025351 1 
7562 0.009232 1 
7563 0.007995 1 
7563 0.016904 0 
7564 0.014202 1 
7564 0.014231 0 
7566 0.009588 1 
7566 0.021621 0 
7567 0.015389 1 
7567 0.015421 0 
7568 0.006291 1 
7568 0.012249 0 
7569 0.006016 1 
7569 0.014129 0 
7570 0.005760 1 
7570 0.011154 0 
7571 0.022260 0 
7571 0.023292 1 
7572 0.007822 1 
7572 0.018073 0 
7573 0.009434 0 
7573 0.022086 1 
7574 0.008311 1 
7575 0.010615 1 
7574 0.026655 0 
7576 0.006927 1 
7576 0.020593 0 
7577 0.022817 1 
7578 0.010127 1 
7577 0.027021 0 
7579 0.009193 0 
7580 0.010180 1 
7580 0.014489 0 
7581 0.013932 1 
7581 0.016368 0 
7582 0.011536 0 
7582 0.014918 1 
7583 0.006135 1 
7583 0.009887 0 
7584 0.009732 0 
7584 0.010435 1 
7585 0.011000 1 
7585 0.014665 0 
7586 0.011955 1 
7586 0.014052 0 
7587 0.008851 0 
7587 0.019221 1 
7588 0.006374 0 
7588 0.009072 1 
7589 0.007036 1 
7589 0.019295 0 
7590 0.016145 1 
7591 0.005592 1 
7590 0.027824 0 
7591 0.011662 0 
7593 0.009092 1 
7593 0.011434 0 
7594 0.009737 1 
7594 0.016827 0 
7595 0.012635 0 
7595 0.014697 1 
7596 0.009730 0 
7596 0.020373 1 
7597 0.007886 1 
7597 0.008668 0 
7598 0.012942 1 
7598 0.017001 0 
7599 0.010834 0 
7599 0.012301 1 
7600 0.009613 1 
7600 0.031559 0 
7602 0.018789 1 
7603 0.010148 1 
7602 0.032044 0 
7603 0.028951 0 
7604 0.012497 0 
7605 0.004985 0 
7607 0.009239 1 
7607 0.015205 0 
7609 0.009008 0 
7610 0.023927 0 
7609 0.048979 1 
7610 0.032875 1 
7611 0.025162 1 
7611 0.025980 0 
7612 0.013886 0 
7612 0.019078 1 
7615 0.014174 1 
7615 0.016291 0 
7616 0.011244 0 
7616 0.018497 1 
7617 0.010332 1 
7617 0.013716 0 
7618 0.028215 1 
7619 0.011917 1 
7618 0.030273 0 
7619 0.013964 0 
7620 0.010750 1 
7620 0.014247 0 
7621 0.012747 0 
7621 0.016069 1 
7622 0.020803 0 
7623 0.011307 1 
7623 0.019733 0 
7624 0.008150 1 
7625 0.008950 1 
7624 0.033480 0 
7625 0.017264 0 
7626 0.009365 1 
7626 0.017182 0 
7628 0.018274 1 
7628 0.028860 0 
7630 0.007005 1 
7630 0.011656 0 
7631 0.012702 1 
7631 0.014203 0 
7632 0.007792 1 
7632 0.011258 0 
7633 0.005044 0 
7634 0.007635 1 
7634 0.017261 0 
7635 0.019856 0 
7635 0.021858 1 
7636 0.011816 1 
7636 0.013558 0 
7638 0.008813 1 
7638 0.015997 0 
7639 0.008704 0 
7640 0.012222 0 
7640 0.021438 1 
7641 0.011283 0 
7642 0.008746 0 
7643 0.009554 1 
7643 0.018076 0 
7644 0.009342 0 
7644 0.010283 1 
7645 0.009130 0 
7645 0.009953 1 
7646 0.008113 1 
7646 0.013755 0 
7647 0.009455 0 
7648 0.010494 1 
7649 0.014293 1 
7648 0.035069 0 
7649 0.019089 0 
7650 0.008338 1 
7650 0.010987 0 
7651 0.023661 1 
7652 0.011084 1 
7651 0.031035 0 
7652 0.014657 0 
7654 0.018478 1 
7654 0.025967 0 
7655 0.012691 1 
7656 0.006853 1 
7655 0.029371 0 
7656 0.028995 0 
7657 0.012961 0 
7657 0.027068 1 
7658 0.014478 0 
7658 0.022909 1 
7659 0.011776 0 
7659 0.022736 1 
7660 0.008497 0 
7660 0.010369 1 
7661 0.008391 1 
7661 0.018379 0 
7662 0.015723 1 
7662 0.017852 0 
7663 0.007897 0 
7663 0.010655 1 
7665 0.013347 0 
7665 0.021781 1 
7667 0.006886 0 
7667 0.015715 1 
7668 0.008698 1 
7668 0.012457 0 
7669 0.008810 0 
7670 0.008652 0 
7671 0.010365 0 
7670 0.054332 1 
7671 0.038166 1 
7672 0.021520 1 
7673 0.006893 1 
7672 0.026150 0 
7673 0.009868 0 
7675 0.008382 1 
7675 0.014876 0 
7676 0.015306 0 
7676 0.028634 1 
7677 0.012373 1 
7677 0.012391 0 
7678 0.007156 0 
7678 0.013241 1 
7680 0.012867 1 
7680 0.021977 0 
7682 0.005859 1 
7682 0.008038 0 
7683 0.018699 0 
7684 0.008060 0 
7683 0.043458 1 
7684 0.027437 1 
7686 0.012009 0 
7686 0.022095 1 
7687 0.011620 0 
7687 0.024998 1 
7688 0.011070 1 
7688 0.013461 0 
7690 0.023065 1 
7691 0.012279 1 
7690 0.039332 0 
7692 0.008062 1 
7691 0.026973 0 
7692 0.011536 0 
7693 0.006521 1 
7693 0.037671 0 
7694 0.021478 0 
7695 0.012211 0 
7695 0.032549 1 
7696 0.016074 1 
7696 0.019663 0 
7697 0.016646 0 
7697 0.028492 1 
7698 0.015941 0 
7698 0.028857 1 
7699 0.012620 1 
7699 0.015747 0 
7700 0.008609 1 
7700 0.026440 0 
7701 0.016742 0 
7702 0.006534 1 
7702 0.027920 0 
7703 0.011389 0 
7704 0.009807 1 
7705 0.012030 1 
7704 0.039874 0 
7705 0.023658 0 
7706 0.007310 0 
7706 0.008053 1 
7707 0.005706 1 
7707 0.008679 0 
7709 0.015877 1 
7709 0.016785 0 
7710 0.008328 1 
7710 0.017175 0 
7711 0.010109 0 
7711 0.015515 1 
7712 0.006715 0 
7712 0.008580 1 
7713 0.008158 0 
7713 0.017459 1 
7714 0.026152 0 
7714 0.026380 1 
7715 0.010949 0 
7717 0.008162 1 
7717 0.016331 0 
7718 0.007730 1 
7718 0.008316 0 
7719 0.011557 1 
7719 0.017332 0 
7720 0.014100 0 
7720 0.018760 1 
7721 0.019082 0 
7721 0.023068 1 
7722 0.015742 1 
7722 0.018812 0 
7723 0.008567 1 
7724 0.008681 1 
7723 0.035427 0 
7724 0.021266 0 
7725 0.009984 1 
7725 0.016621 0 
7726 0.011953 0 
7726 0.020681 1 
7727 0.010690 1 
7727 0.013721 0 
7728 0.014964 1 
7728 0.021837 0 
7730 0.010129 1 
7730 0.013597 0 
7731 0.010701 1 
7731 0.024795 0 
7732 0.008748 0 
7732 0.020699 1 
7733 0.009412 1 
7733 0.013703 0 
7734 0.012055 0 
7735 0.009373 1 
7735 0.014130 0 
7736 0.004958 0 
7736 0.011639 1 
7738 0.010499 1 
7738 0.026556 0 
7739 0.024471 1 
7739 0.024909 0 
7740 0.008969 0 
7740 0.030366 1 
7741 0.019182 1 
7741 0.024393 0 
7743 0.005579 1 
7743 0.018373 0 
7744 0.014976 0 
7744 0.037331 1 
7745 0.021847 0 
7746 0.011531 0 
7745 0.052999 1 
7746 0.036787 1 
7748 0.012252 1 
7749 0.009749 1 
7750 0.015040 1 
7749 0.037747 0 
7750 0.021872 0 
7751 0.025270 1 
7751 0.026689 0 
7752 0.010272 0 
7752 0.016418 1 
7753 0.011789 0 
7753 0.017647 1 
7755 0.015968 1 
7756 0.008342 0 
7756 0.033450 1 
7757 0.018284 0 
7758 0.023467 0 
7759 0.013288 0 
7757 0.057485 1 
7758 0.054871 1 
7759 0.038601 1 
7760 0.021929 1 
7760 0.027561 0 
7761 0.011158 0 
7761 0.016907 1 
7762 0.009109 1 
7762 0.027773 0 
7763 0.011332 0 
7763 0.024550 1 
7765 0.016080 0 
7765 0.022875 1 
7766 0.011726 1 
7767 0.008071 1 
7766 0.024580 0 
7767 0.008994 0 
7768 0.006371 1 
7769 0.013013 1 
7768 0.029629 0 
7770 0.005843 0 
7770 0.011381 1 
7771 0.013047 0 
7771 0.022348 1 
7772 0.011149 1 
7772 0.014410 0 
7773 0.009451 0 
7773 0.010052 1 
7774 0.006834 1 
7774 0.012844 0 
7775 0.009064 1 
7775 0.017231 0 
7776 0.014275 1 
7777 0.012330 1 
7778 0.013177 1 
7779 0.006319 1 
7777 0.042532 0 
7778 0.026503 0 
7779 0.010138 0 
7780 0.007458 1 
7780 0.016130 0 
7781 0.012425 1 
7782 0.008684 0 
7782 0.019798 1 
7783 0.018036 0 
7783 0.031769 1 
7784 0.015682 1 
7784 0.021219 0 
7785 0.007840 1 
7785 0.015992 0 
7786 0.009673 1 
7786 0.016218 0 
7787 0.012534 1 
7788 0.011155 0 
7788 0.021264 1 
7789 0.008013 1 
7789 0.011643 0 
7790 0.013059 1 
7790 0.025862 0 
7792 0.014651 1 
7792 0.021320 0 
7793 0.011248 0 
7793 0.011441 1 
7794 0.006840 1 
7794 0.015563 0 
7795 0.011592 1 
7795 0.015829 0 
7796 0.011991 0 
7797 0.007800 0 
7796 0.033459 1 
7797 0.017352 1 
7798 0.010494 1 
7798 0.016035 0 
7799 0.008485 1 
7799 0.015368 0 
7801 0.011188 0 
7801 0.017591 1 
7802 0.012756 0 
7803 0.015351 0 
7804 0.013535 0 
7806 0.005640 1 
7806 0.012153 0 
7808 0.015760 0 
7808 0.028636 1 
7809 0.017062 1 
7809 0.022614 0 
7810 0.015526 1 
7811 0.008588 1 
7810 0.051649 0 
7811 0.035699 0 
7814 0.022470 0 
7815 0.024578 1 
7816 0.007805 1 
7816 0.009249 0 
7817 0.031009 0 
7817 0.032588 1 
7818 0.015907 1 
7818 0.019270 0 
7819 0.018830 1 
7819 0.023473 0 
7820 0.007109 0 
7820 0.008810 1 
7821 0.013553 0 
7821 0.018794 1 
7822 0.005541 1 
7822 0.017072 0 
7823 0.015901 1 
7824 0.006433 1 
7823 0.023990 0 
7824 0.011622 0 
7825 0.011676 0 
7825 0.029971 1 
7827 0.005941 1 
7827 0.018007 0 
7829 0.010827 1 
7829 0.010863 0 
7830 0.008290 1 
7830 0.028807 0 
7831 0.012646 0 
7832 0.010936 0 
7833 0.013932 0 
7832 0.036785 1 
7834 0.008824 0 
7833 0.030433 1 
7834 0.014014 1 
7835 0.025831 1 
7837 0.013382 1 
7837 0.034307 0 
7838 0.018054 0 
7838 0.021189 1 
7839 0.010858 1 
7839 0.013416 0 
7840 0.011904 1 
7841 0.006698 1 
7840 0.025883 0 
7841 0.017315 0 
7842 0.008558 1 
7842 0.018561 0 
7843 0.010790 1 
7843 0.023523 0 
7844 0.007305 0 
7844 0.019962 1 
7845 0.006907 1 
7845 0.021613 0 
7846 0.005903 0 
7846 0.015919 1 
7847 0.007947 1 
7847 0.013222 0 
7848 0.007409 1 
7848 0.014489 0 
7849 0.009087 1 
7849 0.019580 0 
7850 0.017030 0 
7850 0.023345 1 
7851 0.006973 1 
7851 0.029363 0 
7853 0.013322 0 
7853 0.026175 1 
7854 0.031580 0 
7855 0.022961 0 
7856 0.006461 0 
7856 0.024491 1 
7857 0.016931 1 
7857 0.020104 0 
7858 0.022424 1 
7859 0.011263 1 
7860 0.005355 1 
7858 0.044012 0 
7859 0.027730 0 
7860 0.011759 0 
7861 0.012690 1 
7862 0.006998 1 
7861 0.024359 0 
7862 0.009721 0 
7864 0.018227 0 
7864 0.054018 1 
7866 0.035981 0 
7867 0.019464 0 
7867 0.048581 1 
7868 0.033204 0 
7869 0.017078 0 
7868 0.035364 1 
7869 0.019240 1 
7870 0.015062 1 
7871 0.026955 0 
7872 0.021013 0 
7872 0.034842 1 
7874 0.011026 0 
7874 0.015411 1 
7875 0.018357 1 
7875 0.023591 0 
7876 0.009289 1 
7876 0.026023 0 
7877 0.014835 0 
7877 0.021177 1 
7879 0.011112 1 
7879 0.023126 0 
7881 0.010153 0 
7882 0.008022 0 
7882 0.013759 1 
7883 0.006369 1 
7883 0.026063 0 
7885 0.012075 1 
7886 0.006895 1 
7885 0.032070 0 
7886 0.015969 0 
7887 0.006768 1 
7887 0.025067 0 
7889 0.016474 1 
7889 0.027238 0 
7890 0.016367 1 
7890 0.018909 0 
7891 0.009721 1 
7891 0.010810 0 
7892 0.010729 1 
7893 0.005664 1 
7892 0.025946 0 
7893 0.009686 0 
7894 0.012903 1 
7894 0.016211 0 
7895 0.015236 1 
7896 0.011129 1 
7897 0.009906 1 
7898 0.007615 1 
7899 0.006181 1 
7895 0.087189 0 
7896 0.070786 0 
7897 0.054668 0 
7898 0.039411 0 
7899 0.028123 0 
7900 0.013291 1 
7900 0.013505 0 
7901 0.007089 1 
7901 0.016100 0 
7902 0.008991 1 
7902 0.014309 0 
7903 0.011358 1 
7903 0.013416 0 
7904 0.007200 1 
7904 0.017202 0 
7905 0.007610 1 
7906 0.017401 1 
7905 0.039168 0 
7906 0.023278 0 
7908 0.012192 0 
7908 0.012358 1 
7909 0.007510 1 
7909 0.016521 0 
7910 0.008278 1 
7911 0.010722 1 
7912 0.022229 1 
7910 0.057123 0 
7911 0.040808 0 
7913 0.011276 1 
7914 0.017162 1 
7913 0.037174 0 
7914 0.021150 0 
7916 0.012200 1 
7916 0.012338 0 
7917 0.010793 1 
7917 0.043013 0 
7918 0.026517 0 
7919 0.009937 0 
7918 0.048877 1 
7919 0.032066 1 
7920 0.022495 1 
7921 0.012722 1 
7920 0.029501 0 
7921 0.013107 0 
7922 0.012101 1 
7922 0.016329 0 
7923 0.014705 1 
7923 0.015850 0 
7924 0.017761 1 
7924 0.019015 0 
7925 0.008390 0 
7925 0.019386 1 
7926 0.019257 0 
7927 0.030073 1 
7929 0.013863 1 
7927 0.047895 0 
7930 0.013792 0 
7930 0.034703 1 
7931 0.018030 1 
7931 0.021447 0 
7932 0.010895 0 
7933 0.015117 0 
7932 0.052474 1 
7933 0.035951 1 
7934 0.019194 1 
7934 0.028211 0 
7935 0.012086 0 
7935 0.016048 1 
7937 0.006653 0 
7937 0.021223 1 
7938 0.007490 0 
7938 0.036263 1 
7939 0.019628 1 
7940 0.020056 1 
7939 0.061025 0 
7940 0.044855 0 
7942 0.012262 0 
7942 0.013390 1 
7943 0.007864 0 
7944 0.007314 0 
7945 0.014142 0 
7944 0.055409 1 
7947 0.005833 0 
7948 0.006353 0 
7945 0.065264 1 
7947 0.025651 1 
7948 0.035317 1 
7949 0.018885 1 
7949 0.032869 0 
7950 0.022414 1 
7950 0.024093 0 
7951 0.014540 1 
7952 0.007231 1 
7951 0.029989 0 
7952 0.013813 0 
7954 0.009779 1 
7954 0.020352 0 
7955 0.012717 0 
7955 0.018950 1 
7956 0.033805 0 
7957 0.017782 0 
7958 0.005217 0 
7959 0.016076 0 
7956 0.074641 1 
7957 0.058354 1 
7958 0.045252 1 
7959 0.028996 1 
7960 0.016322 1 
7961 0.022205 1 
7961 0.026121 0 
7962 0.010042 0 
7964 0.019857 0 
7965 0.010551 1 
7965 0.015518 0 
7966 0.008087 1 
7966 0.029404 0 
7967 0.013472 0 
7968 0.009502 0 
7969 0.020342 1 
7970 0.017183 1 
7971 0.013721 1 
7969 0.047776 0 
7970 0.031241 0 
7971 0.026878 0 
7972 0.015839 1 
7972 0.021646 0 
7973 0.024590 1 
7973 0.046040 0 
7974 0.030225 0 
7975 0.014273 0 
7976 0.006009 0 
7976 0.015693 1 
7977 0.010822 0 
7977 0.017633 1 
7978 0.003798 0 
7978 0.009923 1 
7979 0.018861 1 
7979 0.022453 0 
7980 0.016414 0 
7980 0.027373 1 
7981 0.028562 0 
7982 0.012599 0 
7981 0.032930 1 
7982 0.016736 1 
7983 0.013412 0 
7983 0.016672 1 
7984 0.010629 1 
7984 0.022002 0 
7985 0.014385 0 
7985 0.014403 1 
7986 0.020412 0 
7986 0.024531 1 
7987 0.017193 0 
7988 0.012544 0 
7987 0.032139 1 
7988 0.015861 1 
7989 0.010857 1 
7989 0.024936 0 
7991 0.012637 1 
7991 0.037325 0 
7992 0.021203 0 
7992 0.027781 1 
7993 0.034203 1 
7994 0.028551 1 
7995 0.011566 1 
7993 0.046505 0 
7994 0.030284 0 
7996 0.009791 1 
7996 0.011504 0 
7997 0.006290 1 
7997 0.039826 0 
7998 0.019843 0 
7998 0.026586 1 
8000 0.014874 0 
8000 0.021370 1 
8001 0.016254 0 
8001 0.017064 1 
8002 0.009686 1 
8002 0.032964 0 
8003 0.017046 0 
8005 0.016301 1 
8007 0.009861 0 
8007 0.015819 1 
8008 0.016060 1 
8008 0.029062 0 
8009 0.013208 0 
8009 0.018666 1 
8010 0.035175 1 
8013 0.014638 1 
8013 0.026582 0 
8014 0.010220 0 
8015 0.006363 0 
8014 0.036009 1 
8016 0.042238 0 
8017 0.025400 0 
8018 0.014471 0 
8015 0.094967 1 
8016 0.078665 1 
8017 0.061678 1 
8018 0.055552 1 
8019 0.039580 1 
8020 0.034701 1 
8021 0.021205 1 
8022 0.012292 1 
8019 0.067930 0 
8020 0.051610 0 
8021 0.052480 0 
8022 0.036292 0 
8023 0.021628 1 
8024 0.008447 1 
8023 0.033816 0 
8024 0.017597 0 
8026 0.008414 1 
8026 0.008449 0 
8028 0.013228 1 
8028 0.018170 0 
8029 0.016029 0 
8030 0.009477 1 
8030 0.019051 0 
8031 0.018205 0 
8032 0.009959 1 
8032 0.011824 0 
8033 0.008705 1 
8033 0.024139 0 
8034 0.011677 1 
8034 0.013589 0 
8036 0.011783 1 
8036 0.012889 0 
8037 0.011295 0 
8038 0.009032 1 
8038 0.012523 0 
8039 0.004992 1 
8039 0.012033 0 
8040 0.007942 1 
8040 0.018167 0 
8041 0.010300 1 
8041 0.023283 0 
8042 0.006304 0 
8042 0.018838 1 
8043 0.010265 1 
8043 0.016946 0 
8044 0.014495 1 
8044 0.016618 0 
8045 0.009115 1 
8045 0.012802 0 
8046 0.009355 1 
8046 0.013402 0 
8047 0.008720 0 
8047 0.011946 1 
8048 0.010782 0 
8049 0.016588 1 
8049 0.032004 0 
8050 0.015434 0 
8050 0.019694 1 
8052 0.012477 1 
8053 0.015362 1 
8052 0.034386 0 
8054 0.024606 1 
8053 0.042877 0 
8054 0.025677 0 
8055 0.008346 0 
8055 0.017948 1 
8056 0.011685 0 
8056 0.015299 1 
8057 0.007147 1 
8058 0.010681 1 
8057 0.027942 0 
8058 0.018344 0 
8059 0.007751 0 
8059 0.010210 1 
8060 0.017156 0 
8061 0.008935 0 
8060 0.026545 1 
8061 0.010288 1 
8063 0.011683 0 
8063 0.014641 1 
8065 0.009748 1 
8065 0.014246 0 
8066 0.022095 0 
8067 0.011003 0 
8067 0.021179 1 
8068 0.023151 1 
8068 0.024094 0 
8069 0.007903 0 
8069 0.014582 1 
8070 0.009968 0 
8070 0.035521 1 
8071 0.018375 1 
8071 0.022243 0 
8073 0.005559 0 
8073 0.017033 1 
8074 0.009388 0 
8074 0.011095 1 
8075 0.003979 0 
8075 0.013121 1 
8076 0.022030 1 
8076 0.045195 0 
8078 0.013176 0 
8078 0.037673 1 
8080 0.017875 0 
8081 0.010377 0 
8081 0.027191 1 
8082 0.012464 1 
8082 0.016631 0 
8084 0.016586 1 
8084 0.019222 0 
8085 0.007124 0 
8085 0.024807 1 
8086 0.008630 1 
8086 0.027885 0 
8088 0.010278 1 
8088 0.020159 0 
8089 0.009987 1 
8089 0.018314 0 
8090 0.014227 1 
8090 0.025495 0 
8091 0.007881 0 
8091 0.022606 1 
8092 0.008685 0 
8092 0.017959 1 
8093 0.007136 0 
8093 0.031283 1 
8094 0.014520 0 
8094 0.018241 1 
8095 0.015749 1 
8095 0.017473 0 
8096 0.008939 1 
8096 0.016686 0 
8097 0.015511 1 
8097 0.026493 0 
8098 0.009929 0 
8098 0.012962 1 
8099 0.008024 0 
8100 0.010798 0 
8099 0.027653 1 
8100 0.017578 1 
8101 0.018924 1 
8102 0.011200 1 
8101 0.032518 0 
8102 0.016222 0 
8103 0.009468 1 
8103 0.013583 0 
8104 0.024450 0 
8105 0.008582 0 
8104 0.073663 1 
8105 0.057837 1 
8107 0.024859 1 
8108 0.008685 1 
8107 0.031358 0 
8108 0.015247 0 
8109 0.008322 1 
8109 0.012678 0 
8110 0.007422 0 
8111 0.014233 0 
8112 0.015974 0 
8113 0.013425 0 
8110 0.081389 1 
8111 0.067670 1 
8112 0.050993 1 
8113 0.034602 1 
8115 0.020456 0 
8116 0.022228 0 
8117 0.010321 0 
8118 0.008257 0 
8115 0.069777 1 
8116 0.053534 1 
8117 0.050170 1 
8118 0.034108 1 
8119 0.017877 1 
8120 0.014886 0 
8120 0.015694 1 
8121 0.007687 1 
8121 0.015594 0 
8122 0.016543 0 
8123 0.014351 0 
8124 0.020404 1 
8124 0.024580 0 
8125 0.007899 0 
8125 0.010564 1 
8126 0.013289 0 
8126 0.027780 1 
8128 0.011065 0 
8128 0.019039 1 
8129 0.015707 0 
8129 0.019999 1 
8130 0.014841 0 
8130 0.024646 1 
8131 0.015661 1 
8132 0.013167 1 
8132 0.024205 0 
8133 0.011823 1 
8134 0.011472 1 
8133 0.030834 0 
8134 0.014567 0 
8136 0.012195 0 
8137 0.012038 0 
8136 0.033263 1 
8138 0.023399 0 
8137 0.047178 1 
8138 0.030958 1 
8139 0.021405 0 
8139 0.026557 1 
8141 0.010700 0 
8141 0.032321 1 
8142 0.020905 0 
8143 0.022587 1 
8144 0.013361 1 
8143 0.059343 0 
8144 0.042758 0 
8146 0.014198 1 
8146 0.015231 0 
8147 0.017769 0 
8147 0.026075 1 
8148 0.028301 0 
8148 0.034766 1 
8149 0.018513 1 
8150 0.010880 1 
8150 0.013539 0 
8151 0.010173 0 
8151 0.013875 1 
8153 0.011209 1 
8153 0.022008 0 
8154 0.014892 0 
8154 0.015045 1 
8155 0.024484 0 
8155 0.026940 1 
8156 0.010781 1 
8156 0.019594 0 
8157 0.012393 0 
8157 0.016004 1 
8158 0.008153 1 
8158 0.014004 0 
8159 0.010427 1 
8159 0.025533 0 
8160 0.009193 0 
8160 0.015109 1 
8161 0.010618 0 
8161 0.022167 1 
8163 0.010830 0 
8164 0.013564 1 
8164 0.013599 0 
8165 0.011909 1 
8165 0.012684 0 
8166 0.011567 0 
8166 0.016262 1 
8167 0.012095 1 
8167 0.012944 0 
8168 0.014319 1 
8168 0.020438 0 
8169 0.008211 1 
8169 0.024175 0 
8170 0.007448 0 
8170 0.007833 1 
8171 0.013663 1 
8171 0.018103 0 
8172 0.022121 0 
8173 0.005961 0 
8173 0.013336 1 
8174 0.013883 0 
8174 0.014921 1 
8175 0.008677 1 
8175 0.011270 0 
8176 0.006884 0 
8176 0.011813 1 
8177 0.014183 1 
8177 0.019706 0 
8178 0.025126 0 
8179 0.008692 0 
8178 0.028328 1 
8179 0.015713 1 
8180 0.020098 1 
8181 0.007587 1 
8180 0.032830 0 
8181 0.016368 0 
8182 0.012500 1 
8182 0.023974 0 
8183 0.008060 0 
8184 0.007790 1 
8184 0.010020 0 
8185 0.008297 0 
8185 0.011002 1 
8186 0.009061 0 
8186 0.021368 1 
8187 0.006677 1 
8187 0.012759 0 
8188 0.009667 1 
8188 0.015241 0 
8190 0.025700 0 
8190 0.026499 1 
8191 0.015170 1 
8192 0.016313 0 
8192 0.022332 1 
8193 0.009079 1 
8193 0.016207 0 
8194 0.013680 1 
8195 0.007626 1 
8195 0.013757 0 
8196 0.008513 0 
8196 0.012962 1 
8197 0.006241 0 
8197 0.013401 1 
8199 0.011578 0 
8199 0.014327 1 
8200 0.006423 1 
8200 0.011605 0 
8201 0.007374 0 
8202 0.028864 0 
8204 0.012810 1 
8204 0.021598 0 
8206 0.019225 0 
8207 0.014233 0 
8208 0.010158 0 
8209 0.018077 0 
8212 0.007830 0 
8213 0.009548 0 
8214 0.016500 0 
8206 0.164280 1 
8207 0.146131 1 
8215 0.028834 0 
8216 0.012813 0 
8217 0.019926 0 
8208 0.176877 1 
8209 0.160615 1 
8212 0.111101 1 
8213 0.094291 1 
8214 0.077890 1 
8218 0.012933 0 
8215 0.073318 1 
8216 0.057297 1 
8217 0.047637 1 
8218 0.031615 1 
8219 0.016017 0 
8220 0.011541 0 
8219 0.029704 1 
8220 0.019383 1 
8221 0.008703 0 
8221 0.025351 1 
8222 0.018458 0 
8223 0.011936 0 
8225 0.013517 1 
8225 0.017570 0 
8227 0.016640 0 
8227 0.035119 1 
8228 0.018825 1 
8228 0.022024 0 
8229 0.005930 0 
8229 0.022936 1 
8230 0.007637 1 
8230 0.014487 0 
8231 0.011567 0 
8232 0.007539 0 
8233 0.011300 0 
8235 0.027763 0 
8236 0.019372 0 
8237 0.011670 0 
8238 0.010139 0 
8239 0.011710 0 
8240 0.022246 0 
8241 0.014451 0 
8232 0.187625 1 
8233 0.171632 1 
8235 0.138609 1 
8236 0.121977 1 
8237 0.106465 1 
8242 0.029442 0 
8243 0.013396 0 
8238 0.099220 1 
8239 0.083166 1 
8240 0.068367 1 
8241 0.052357 1 
8242 0.036393 1 
8243 0.031095 1 
8244 0.016112 1 
8245 0.010487 1 
8246 0.009248 0 
8247 0.012044 1 
8247 0.014745 0 
8248 0.013842 0 
8249 0.014935 0 
8251 0.018390 1 
8251 0.028008 0 
8252 0.015353 1 
8253 0.012691 1 
8252 0.029984 0 
8253 0.020399 0 
8254 0.019521 1 
8254 0.026198 0 
8255 0.010049 0 
8255 0.012589 1 
8256 0.006249 1 
8257 0.007106 1 
8256 0.024105 0 
8257 0.012378 0 
8258 0.008554 1 
8258 0.021040 0 
8259 0.012866 0 
8259 0.024186 1 
8260 0.010759 1 
8260 0.019707 0 
8262 0.011764 0 
8264 0.011114 0 
8264 0.013932 1 
8265 0.013024 0 
8265 0.019196 1 
8266 0.013649 0 
8266 0.014211 1 
8267 0.012660 0 
8267 0.019511 1 
8268 0.007351 1 
8268 0.014546 0 
8269 0.005991 0 
8269 0.011593 1 
8270 0.006602 0 
8270 0.010108 1 
8272 0.020149 1 
8272 0.027852 0 
8273 0.011976 0 
8273 0.022445 1 
8274 0.010805 1 
8274 0.021046 0 
8275 0.008771 1 
8275 0.021053 0 
8277 0.011698 0 
8279 0.020669 0 
8277 0.061776 1 
8279 0.029085 1 
8280 0.013266 0 
8280 0.017682 1 
8281 0.013788 1 
8281 0.017634 0 
8283 0.011813 1 
8283 0.017341 0 
8284 0.004622 0 
8284 0.021526 1 
8285 0.015160 0 
8287 0.006262 0 
8287 0.030621 1 
8288 0.014415 0 
8288 0.028736 1 
8289 0.013711 0 
8290 0.006733 0 
8289 0.031669 1 
8290 0.024826 1 
8291 0.011788 0 
8291 0.016270 1 
8292 0.016516 1 
8292 0.023078 0 
8293 0.007091 0 
8293 0.008050 1 
8294 0.010731 1 
8294 0.012457 0 
8295 0.009168 1 
8295 0.021051 0 
8296 0.010123 0 
8297 0.009723 0 
8297 0.014554 1 
8298 0.005744 1 
8298 0.006715 0 
8299 0.010575 0 
8299 0.016547 1 
8300 0.008542 1 
8301 0.010711 1 
8300 0.028720 0 
8301 0.012499 0 
8302 0.008024 1 
8302 0.017528 0 
8303 0.009217 0 
8303 0.023004 1 
8304 0.007809 0 
8304 0.019016 1 
8306 0.011451 1 
8306 0.011485 0 
8307 0.008790 1 
8307 0.017069 0 
8308 0.009349 1 
8308 0.016223 0 
8309 0.015176 1 
8309 0.016446 0 
8310 0.023965 1 
8310 0.026229 0 
8311 0.010362 1 
8311 0.020743 0 
8312 0.007867 1 
8312 0.013791 0 
8314 0.010534 1 
8315 0.012293 0 
8315 0.020308 1 
8316 0.008477 0 
8317 0.009894 0 
8317 0.025824 1 
8318 0.010298 0 
8318 0.012973 1 
8319 0.007311 1 
8319 0.009053 0 
8320 0.012513 1 
8320 0.025797 0 
8321 0.009620 0 
8321 0.018832 1 
8322 0.005859 0 
8322 0.011853 1 
8323 0.013107 1 
8323 0.020589 0 
8324 0.008475 1 
8324 0.018045 0 
8325 0.007804 0 
8325 0.009662 1 
8327 0.021990 1 
8327 0.022094 0 
8328 0.016097 0 
8329 0.007514 0 
8328 0.040986 1 
8329 0.024380 1 
8330 0.015121 1 
8331 0.010696 1 
8330 0.029101 0 
8331 0.020142 0 
8332 0.009634 0 
8333 0.019073 0 
8333 0.028286 1 
8335 0.005615 0 
8335 0.022414 1 
8336 0.006745 1 
8336 0.011848 0 
8337 0.007172 0 
8337 0.013740 1 
8338 0.008097 0 
8340 0.011601 1 
8340 0.018025 0 
8341 0.014812 0 
8342 0.007539 0 
8342 0.022295 1 
8343 0.023174 0 
8343 0.033552 1 
8345 0.015654 0 
8346 0.011719 0 
8347 0.007912 0 
8345 0.054900 1 
8346 0.038421 1 
8348 0.005876 0 
8347 0.035203 1 
8349 0.012149 0 
8348 0.035197 1 
8349 0.024035 1 
8350 0.017524 0 
8350 0.032365 1 
8352 0.006888 0 
8352 0.029049 1 
8353 0.023795 0 
8354 0.012794 1 
8354 0.017774 0 
8355 0.015305 1 
8355 0.019367 0 
8356 0.006799 1 
8356 0.015401 0 
8357 0.009673 1 
8357 0.011150 0 
8358 0.012935 0 
8358 0.022367 1 
8359 0.006855 0 
8359 0.014626 1 
8360 0.007125 0 
8360 0.015909 1 
8362 0.009341 1 
8362 0.018250 0 
8363 0.013489 0 
8363 0.015001 1 
8364 0.005137 0 
8364 0.024291 1 
8365 0.012666 1 
8365 0.032435 0 
8366 0.015229 0 
8366 0.028750 1 
8367 0.012134 1 
8367 0.071565 0 
8368 0.056033 0 
8369 0.039736 0 
8370 0.023837 0 
8371 0.037150 0 
8372 0.020916 0 
8373 0.019966 0 
8374 0.009933 0 
8375 0.017865 0 
8376 0.017830 0 
8377 0.015088 0 
8378 0.015512 0 
8379 0.018106 0 
8380 0.015986 0 
8381 0.034611 0 
8382 0.018852 0 
8383 0.019989 0 
8384 0.013748 0 
8385 0.020974 0 
8386 0.008424 0 
8387 0.013508 0 
8389 0.015985 0 
8390 0.012877 0 
8373 0.295967 1 
8374 0.279728 1 
8375 0.262715 1 
8376 0.246255 1 
8377 0.228996 1 
8378 0.212624 1 
8379 0.196326 1 
8380 0.179897 1 
8381 0.163195 1 
8382 0.147303 1 
8383 0.130383 1 
8384 0.114091 1 
8385 0.097902 1 
8386 0.081335 1 
8387 0.064636 1 
8389 0.031744 1 
8390 0.016636 1 
8391 0.016710 0 
8391 0.019907 1 
8392 0.009824 1 
8392 0.019988 0 
8393 0.013891 1 
8394 0.007557 1 
8393 0.032167 0 
8394 0.015848 0 
8395 0.009501 0 
8395 0.024662 1 
8396 0.018393 0 
8398 0.013042 0 
8399 0.017831 0 
8400 0.013319 0 
8401 0.019057 0 
8403 0.021995 0 
8405 0.057042 0 
8406 0.040932 0 
8407 0.029608 0 
8408 0.022819 0 
8403 0.128762 1 
8405 0.095845 1 
8406 0.079672 1 
8407 0.063303 1 
8408 0.046768 1 
8411 0.010837 1 
8412 0.006600 1 
8411 0.027617 0 
8412 0.011636 0 
8413 0.024276 0 
8414 0.032127 0 
8415 0.015840 0 
8413 0.056878 1 
8416 0.013985 0 
8416 0.016371 1 
8417 0.007675 1 
8417 0.009323 0 
8418 0.006599 1 
8418 0.011137 0 
8419 0.007650 1 
8419 0.015391 0 
8420 0.014075 0 
8420 0.019552 1 
8421 0.006584 1 
8421 0.009419 0 
8422 0.010156 0 
8422 0.014569 1 
8424 0.007655 1 
8424 0.026664 0 
8426 0.013900 0 
8426 0.025296 1 
8427 0.009037 1 
8427 0.013145 0 
8428 0.007173 0 
8428 0.014920 1 
8429 0.008669 1 
8430 0.010296 1 
8430 0.014498 0 
8431 0.006280 1 
8432 0.007275 1 
8431 0.028092 0 
8432 0.027416 0 
8434 0.012198 0 
8435 0.009652 1 
8435 0.026601 0 
8436 0.009792 0 
8437 0.008562 0 
8437 0.013261 1 
8438 0.006201 1 
8438 0.020330 0 
8439 0.014573 0 
8439 0.019834 1 
8440 0.007770 0 
8440 0.009170 1 
8441 0.011190 1 
8441 0.018164 0 
8442 0.008704 1 
8442 0.013772 0 
8443 0.008496 1 
8443 0.019880 0 
8444 0.011629 1 
8444 0.016072 0 
8445 0.019960 1 
8446 0.007457 1 
8446 0.023601 0 
8447 0.013640 0 
8447 0.020353 1 
8448 0.011583 1 
8450 0.010420 1 
8450 0.024984 0 
8451 0.019675 1 
8451 0.024660 0 
8452 0.010751 1 
8453 0.015473 0 
8453 0.018978 1 
8454 0.006958 1 
8454 0.009894 0 
8455 0.008738 1 
8455 0.015350 0 
8456 0.007037 1 
8457 0.009455 1 
8456 0.026981 0 
8457 0.012197 0 
8458 0.016088 0 
8459 0.012582 0 
8461 0.020815 0 
8459 0.060813 1 
8461 0.028041 1 
8463 0.006873 1 
8463 0.014376 0 
8464 0.005569 0 
8464 0.010897 1 
8465 0.007965 1 
8465 0.013706 0 
8466 0.006480 1 
8466 0.012365 0 
8467 0.009299 0 
8468 0.010346 1 
8469 0.006838 1 
8469 0.013325 0 
8471 0.018082 0 
8472 0.010094 0 
8473 0.007499 0 
8471 0.047936 1 
8472 0.031646 1 
8473 0.015332 1 
8474 0.005816 1 
8474 0.010371 0 
8476 0.024355 0 
8478 0.009622 0 
8476 0.048634 1 
8479 0.013335 0 
8480 0.013529 0 
8482 0.012711 0 
8483 0.012375 0 
8484 0.013101 0 
8486 0.013742 0 
8487 0.017607 0 
8488 0.021719 0 
8479 0.174530 1 
8480 0.158632 1 
8482 0.125437 1 
8483 0.109010 1 
8484 0.092080 1 
8486 0.059763 1 
8487 0.043367 1 
8488 0.027402 1 
8489 0.009948 1 
8489 0.012814 0 
8490 0.013824 0 
8490 0.017761 1 
8491 0.007191 1 
8491 0.009769 0 
8492 0.006896 0 
8492 0.010046 1 
8493 0.005167 1 
8493 0.020061 0 
8494 0.006183 1 
8494 0.018349 0 
8495 0.006845 0 
8495 0.014183 1 
8496 0.005737 1 
8496 0.018033 0 
8497 0.008996 0 
8497 0.013088 1 
8498 0.008407 0 
8499 0.006160 1 
8499 0.010814 0 
8500 0.005829 0 
8500 0.006886 1 
8501 0.014194 1 
8502 0.011853 0 
8502 0.021449 1 
8503 0.008120 1 
8503 0.018401 0 
8505 0.011707 1 
8505 0.021653 0 
8506 0.005402 1 
8506 0.011643 0 
8507 0.012138 0 
8508 0.005471 0 
8507 0.027260 1 
8508 0.012525 1 
8509 0.010997 0 
8509 0.012916 1 
8510 0.008874 0 
8510 0.010633 1 
8511 0.007780 1 
8511 0.020728 0 
8513 0.013457 0 
8514 0.017113 0 
8515 0.011452 0 
8514 0.035241 1 
8515 0.023216 1 
8516 0.013611 1 
8517 0.008150 1 
8516 0.032888 0 
8517 0.016618 0 
8518 0.008998 0 
8518 0.019969 1 
8519 0.008729 0 
8520 0.011293 0 
8519 0.036262 1 
8520 0.019949 1 
8521 0.019245 1 
8522 0.007004 1 
8522 0.018037 0 
8523 0.007037 1 
8523 0.009811 0 
8524 0.005048 1 
8524 0.012089 0 
8526 0.014652 1 
8526 0.017855 0 
8527 0.008929 1 
8527 0.010385 0 
8528 0.007857 1 
8529 0.012271 1 
8528 0.028445 0 
8529 0.012320 0 
8530 0.009385 1 
8530 0.016540 0 
8531 0.014103 1 
8531 0.018595 0 
8532 0.014884 1 
8532 0.026247 0 
8534 0.012958 1 
8534 0.018689 0 
8535 0.007038 1 
8535 0.014587 0 
8536 0.009742 1 
8536 0.016541 0 
8537 0.011092 1 
8537 0.014597 0 
8539 0.005965 1 
8539 0.009330 0 
8540 0.008213 1 
8540 0.036187 0 
8541 0.020012 0 
8542 0.012246 0 
8544 0.013061 0 
8545 0.016787 0 
8546 0.005889 0 
8547 0.007348 0 
8548 0.025974 0 
8549 0.017440 0 
8551 0.008403 0 
8552 0.029036 0 
8553 0.015307 0 
8554 0.014960 0 
8544 0.180994 1 
8545 0.164689 1 
8546 0.148481 1 
8547 0.133569 1 
8548 0.117353 1 
8549 0.101164 1 
8551 0.068708 1 
8552 0.052692 1 
8553 0.036013 1 
8554 0.019403 1 
8555 0.011904 1 
8556 0.006176 1 
8555 0.036684 0 
8556 0.020753 0 
8557 0.008878 1 
8558 0.005300 1 
8557 0.030691 0 
8559 0.007470 1 
8558 0.028682 0 
8559 0.011985 0 
8561 0.008391 0 
8561 0.008412 1 
8562 0.007183 1 
8562 0.019078 0 
8563 0.005495 0 
8563 0.013824 1 
8564 0.007962 1 
8564 0.024324 0 
8565 0.007816 0 
8565 0.009855 1 
8566 0.007140 1 
8567 0.006012 1 
8567 0.010495 0 
8568 0.032426 0 
8569 0.016671 0 
8570 0.006624 0 
8569 0.031163 1 
8570 0.014558 1 
8571 0.006347 0 
8571 0.010579 1 
8572 0.009950 1 
8572 0.021763 0 
8573 0.011007 0 
8574 0.009030 0 
8575 0.005782 0 
8575 0.021940 1 
8576 0.009137 1 
8576 0.018313 0 
8577 0.015693 0 
8577 0.019398 1 
8578 0.008130 1 
8578 0.015628 0 
8579 0.009946 0 
8579 0.026901 1 
8580 0.025943 0 
8581 0.009971 0 
8582 0.008952 0 
8580 0.055477 1 
8581 0.039264 1 
8582 0.022930 1 
8583 0.009156 0 
8584 0.007248 1 
8584 0.011992 0 
8585 0.008256 0 
8586 0.007699 1 
8586 0.018244 0 
8588 0.012723 1 
8588 0.016392 0 
8589 0.009066 0 
8589 0.009308 1 
8590 0.007174 0 
8590 0.009192 1 
8591 0.005665 1 
8591 0.017278 0 
8592 0.006318 1 
8592 0.012824 0 
8593 0.007980 1 
8593 0.017163 0 
8594 0.015438 0 
8595 0.006304 0 
8594 0.029201 1 
8595 0.012586 1 
8597 0.007101 1 
8597 0.017939 0 
8598 0.006461 1 
8598 0.010639 0 
8599 0.016297 0 
8600 0.017097 0 
8602 0.008516 0 
8604 0.005836 1 
8604 0.007955 0 
8605 0.010807 0 
8605 0.013492 1 
8606 0.011951 1 
8606 0.024427 0 
8607 0.015566 1 
8607 0.023210 0 
8610 0.007384 1 
8610 0.021227 0 
8611 0.020116 0 
8612 0.014553 1 
8612 0.038514 0 
8613 0.028636 0 
8614 0.012498 0 
8613 0.036214 1 
8614 0.020079 1 
8615 0.012490 0 
8616 0.005716 1 
8616 0.007314 0 
8617 0.007672 1 
8617 0.012417 0 
8618 0.015594 1 
8619 0.010739 1 
8618 0.032251 0 
8619 0.019593 0 
8620 0.010729 0 
8621 0.004533 1 
8621 0.010359 0 
8623 0.006458 1 
8623 0.021461 0 
8625 0.006788 1 
8625 0.013781 0 
8626 0.012787 0 
8626 0.015231 1 
8627 0.005701 1 
8627 0.012185 0 
8628 0.011536 0 
8628 0.013315 1 
8629 0.007961 1 
8629 0.012615 0 
8630 0.011026 0 
8631 0.009495 1 
8631 0.014149 0 
8633 0.005661 1 
8633 0.013855 0 
8634 0.007279 1 
8635 0.005034 1 
8634 0.025836 0 
8635 0.009738 0 
8636 0.005137 1 
8636 0.012980 0 
8637 0.006171 0 
8637 0.012465 1 
8638 0.007958 1 
8639 0.007959 1 
8638 0.026668 0 
8639 0.010409 0 
8640 0.007056 1 
8640 0.008795 0 
8641 0.004922 1 
8641 0.017978 0 
8642 0.007565 1 
8642 0.018726 0 
8643 0.010182 0 
8643 0.016851 1 
8644 0.012315 1 
8644 0.025324 0 
8645 0.009185 0 
8645 0.013506 1 
8646 0.012569 0 
8646 0.023742 1 
8647 0.012440 1 
8649 0.018643 0 
8649 0.022284 1 
8650 0.006172 1 
8650 0.014894 0 
8651 0.013775 0 
8651 0.019167 1 
8652 0.012867 0 
8653 0.019407 0 
8654 0.011909 0 
8655 0.016796 0 
8656 0.021253 0 
8657 0.010840 0 
8658 0.023283 0 
8660 0.027162 0 
8662 0.023213 0 
8656 0.144020 1 
8657 0.126929 1 
8658 0.110446 1 
8660 0.077480 1 
8662 0.044738 1 
8663 0.023825 1 
8664 0.009607 1 
8663 0.032261 0 
8664 0.015419 0 
8665 0.006029 1 
8665 0.007741 0 
8666 0.005461 1 
8666 0.011574 0 
8667 0.020867 1 
8668 0.011455 1 
8667 0.028203 0 
8668 0.013868 0 
8670 0.008879 1 
8670 0.021689 0 
8671 0.005786 1 
8671 0.017197 0 
8672 0.004480 1 
8672 0.008300 0 
8673 0.012699 0 
8673 0.019326 1 
8675 0.019519 1 
8677 0.008642 1 
8678 0.006927 1 
8677 0.033745 0 
8678 0.017878 0 
8679 0.008540 1 
8679 0.015408 0 
8681 0.005440 1 
8682 0.007949 1 
8683 0.008697 1 
8681 0.046927 0 
8682 0.030725 0 
8683 0.014751 0 
8685 0.012759 1 
8685 0.027705 0 
8686 0.010871 0 
8686 0.015342 1 
8687 0.012782 0 
8688 0.011857 1 
8688 0.016841 0 
8689 0.010654 0 
8690 0.008078 1 
8690 0.020571 0 
8691 0.014655 1 
8691 0.030469 0 
8692 0.015936 1 
8693 0.013438 1 
8693 0.017246 0 
8694 0.006171 1 
8694 0.017174 0 
8695 0.011930 1 
8695 0.013543 0 
8696 0.007008 1 
8696 0.012866 0 
8697 0.018973 0 
8698 0.005037 0 
8698 0.017019 1 
8699 0.007957 1 
8699 0.008970 0 
8700 0.008938 0 
8700 0.015983 1 
8701 0.006740 1 
8701 0.015144 0 
8702 0.006643 1 
8702 0.009321 0 
8704 0.019736 1 
8705 0.006259 1 
8704 0.037682 0 
8705 0.021297 0 
8706 0.010086 1 
8706 0.021854 0 
8707 0.005370 0 
8707 0.007710 1 
8708 0.007825 1 
8709 0.014493 1 
8708 0.034209 0 
8709 0.018198 0 
8710 0.020642 0 
8712 0.006236 0 
8712 0.021239 1 
8713 0.009385 1 
8714 0.007362 0 
8714 0.010581 1 
8715 0.008467 1 
8715 0.012614 0 
8716 0.008459 0 
8716 0.026442 1 
8717 0.014344 1 
8717 0.021185 0 
8718 0.013544 1 
8718 0.021179 0 
8719 0.005522 1 
8719 0.016072 0 
8720 0.009424 1 
8721 0.014501 1 
8722 0.005550 1 
8720 0.041225 0 
8721 0.024745 0 
8722 0.008588 0 
8723 0.006642 0 
8723 0.015914 1 
8725 0.007932 1 
8725 0.012804 0 
8726 0.008068 0 
8727 0.008877 1 
8727 0.018064 0 
8728 0.008099 1 
8728 0.015052 0 
8729 0.010182 0 
8729 0.016983 1 
8730 0.018358 0 
8731 0.006943 0 
8731 0.010974 1 
8733 0.013818 0 
8733 0.013859 1 
8734 0.011901 1 
8734 0.022182 0 
8735 0.013965 0 
8735 0.021980 1 
8736 0.009269 0 
8736 0.028015 1 
8738 0.008926 1 
8738 0.017219 0 
8739 0.008243 1 
8740 0.007449 1 
8739 0.030621 0 
8740 0.018627 0 
8741 0.021278 1 
8743 0.011315 0 
8743 0.018032 1 
8744 0.007414 1 
8744 0.019025 0 
8745 0.008540 1 
8746 0.006405 1 
8746 0.008266 0 
8747 0.007424 1 
8747 0.008315 0 
8748 0.021541 0 
8750 0.007266 1 
8750 0.021105 0 
8751 0.014571 1 
8752 0.010740 1 
8753 0.024479 1 
8754 0.012895 1 
8755 0.023710 1 
8756 0.020418 1 
8757 0.010010 1 
8758 0.008214 1 
8760 0.015605 1 
8761 0.023342 1 
8762 0.013114 1 
8763 0.011516 1 
8764 0.009868 1 
8765 0.012098 1 
8766 0.016258 1 
8767 0.021075 1 
8768 0.015265 1 
8769 0.008647 1 
8770 0.011362 1 
8771 0.032507 1 
8772 0.029317 1 
8773 0.031518 1 
8774 0.022287 1 
8775 0.018417 1 
8776 0.012285 1 
8777 0.022269 1 
8778 0.026788 1 
8779 0.015644 1 
8780 0.016460 1 
8781 0.007579 1 
8782 0.012991 1 
8783 0.020937 1 
8784 0.014750 1 
8785 0.013410 1 
8787 0.008849 1 
8788 0.016075 1 
8789 0.018300 1 
8790 0.032525 1 
8791 0.016288 1 
8792 0.027700 1 
8793 0.011258 1 
8794 0.007569 1 
8796 0.033499 1 
8797 0.018351 1 
8798 0.005526 1 
8799 0.012623 1 
8801 0.007814 1 
8803 0.025001 1 
8804 0.038341 1 
8805 0.032408 1 
8806 0.021034 1 
8809 0.025856 1 
8810 0.013833 1 
8811 0.020153 1 
8812 0.037100 1 
8813 0.026407 1 
8814 0.017902 1 
8815 0.022939 1 
8816 0.014074 1 
8817 0.021251 1 
8818 0.008934 1 
8819 0.011824 1 
8820 0.008826 1 
8822 0.019066 1 
8824 0.021673 1 
8825 0.017171 1 
8826 0.018140 1 
8827 0.009699 1 
8828 0.020576 1 
8829 0.009097 1 
8830 0.020266 1 
8832 0.009276 1 
8833 0.012549 1 
8835 0.215470 1 
8836 0.198878 1 
8837 0.182320 1 
8838 0.165470 1 
8839 0.148836 1 
8840 0.132701 1 
8841 0.116300 1 
8842 0.100000 1 
8843 0.083001 1 
8844 0.066958 1 
8845 0.050687 1 
8846 0.034990 1 
8848 0.042101 1 
8849 0.031364 1 
8850 0.017864 1 
8851 0.013640 1 
8852 0.011309 1 
8853 0.024415 1 
8854 0.011509 1 
8855 0.016466 1 
8856 0.006387 1 
8857 0.012629 1 
8859 0.024071 1 
8861 0.019972 1 
8862 0.009139 1 
8863 0.011333 1 
8864 0.007059 1 
8865 0.029635 1 
8866 0.013059 1 
8867 0.025436 1 
8869 0.017612 1 
8870 0.010417 1 
8871 0.008113 1 
8872 0.013444 1 
8874 0.014062 1 
8876 0.020295 1 
8877 0.012796 1 
8878 0.022871 1 
8880 0.013971 1 
8881 0.010481 1 
8882 0.008263 1 
8884 0.020557 1 
8885 0.008217 1 
8886 0.018112 1 
8887 0.007914 1 
8888 0.010138 1 
8889 0.012655 1 
8890 0.032427 1 
8891 0.027304 1 
8892 0.018330 1 
8893 0.011187 1 
8894 0.013030 1 
8895 0.009781 1 
8896 0.030732 1 
8897 0.014326 1 
8898 0.018624 1 
8899 0.012062 1 
8900 0.037950 1 
8901 0.021540 1 
8903 0.015749 1 
8904 0.009916 1 
8905 0.008276 1 
8906 0.018569 1 
8907 0.011540 1 
8908 0.012079 1 
8909 0.019830 1 
8911 0.009742 1 
8912 0.009650 1 
8913 0.012839 1 
8914 0.014766 1 
8915 0.015386 1 
8916 0.032006 1 
8917 0.017504 1 
8918 0.011469 1 
8919 0.010399 1 
8920 0.009820 1 
8921 0.016666 1 
8922 0.012209 1 
8924 0.011780 1 
8925 0.013715 1 
8926 0.012447 1 
8927 0.025857 1 
8928 0.039707 1 
8929 0.034892 1 
8930 0.017565 1 
8932 0.011249 1 
8933 0.009982 1 
8934 0.040516 1 
8935 0.028419 1 
8937 0.017736 1 
8938 0.010733 1 
8939 0.014620 1 
8940 0.023359 1 
8942 0.020543 1 
8943 0.019996 1 
8944 0.010831 1 
8945 0.011956 1 
8946 0.038066 1 
8947 0.063359 1 
8949 0.046105 1 
8950 0.035430 1 
8951 0.018830 1 
8952 0.030742 1 
8953 0.053794 1 
8954 0.046142 1 
8955 0.040180 1 
8956 0.025685 1 
8957 0.010741 1 
8959 0.031652 1 
8960 0.021840 1 
8961 0.012001 1 
8962 0.018038 1 
8963 0.013883 1 
8964 0.030103 1 
8965 0.013850 1 
8966 0.020438 1 
8967 0.015714 1 
8968 0.017400 1 
8969 0.014166 1 
8970 0.012763 1 
8971 0.091286 1 
8972 0.074551 1 
8973 0.081071 1 
8974 0.064226 1 
8975 0.048048 1 
8976 0.031599 1 
8977 0.022624 1 
8978 0.015591 1 
8979 0.017349 1 
8980 0.022920 1 
8981 0.012304 1 
8982 0.008219 1 
8983 0.027642 1 
8984 0.011509 1 
8986 0.008685 1 
8987 0.018036 1 
8988 0.009122 1 
8989 0.015276 1 
8990 0.009258 1 
8991 0.022843 1 
8992 0.011333 1 
8993 0.012009 1 
8995 0.026185 1 
8996 0.015540 1 
8997 0.010905 1 
8998 0.008351 1 
9000 0.007882 1 
9002 0.039362 1 
9003 0.043211 1 
9004 0.097469 1 
9005 0.081219 1 
9008 0.034147 1 
9009 0.017168 1 
9010 0.022804 1 
9011 0.031152 1 
9012 0.016200 1 
9013 0.013668 1 
9014 0.027735 1 
9015 0.033568 1 
9016 0.027589 1 
9017 0.011422 1 
9018 0.011090 1 
9019 0.008929 1 
9021 0.017682 1 
9023 0.011957 1 
9024 0.016861 1 
9025 0.008009 1 
9026 0.011637 1 
9027 0.017075 1 
9028 0.012537 1 
9029 0.011635 1 
9031 0.009756 1 
9032 0.013301 1 
9033 0.088936 1 
9034 0.072426 1 
9035 0.056085 1 
9036 0.039794 1 
9037 0.028444 1 
9038 0.015729 1 
9039 0.053466 1 
9040 0.042096 1 
9041 0.025702 1 
9042 0.012797 1 
9043 0.014454 1 
9044 0.006932 1 
9045 0.009270 1 
9047 0.033199 1 
9048 0.031103 1 
9049 0.016004 1 
9050 0.018835 1 
9051 0.055805 1 
9052 0.039497 1 
9053 0.027815 1 
9054 0.012871 1 
9055 0.014710 1 
9056 0.018035 1 
9058 0.015966 1 
9060 0.015420 1 
9061 0.011946 1 
9062 0.013341 1 
9063 0.015122 1 
9064 0.150315 1 
9065 0.133698 1 
9066 0.117230 1 
9068 0.094610 1 
9069 0.078482 1 
9070 0.062413 1 
9071 0.045855 1 
9073 0.073444 1 
9075 0.095719 1 
9076 0.079607 1 
9077 0.119402 1 
9079 0.086041 1 
9080 0.073383 1 
9081 0.057049 1 
9083 0.059080 1 
9084 0.042215 1 
9085 0.026190 1 
9086 0.015558 1 
9087 0.009000 1 
9088 0.035012 1 
9089 0.026848 1 
9090 0.028526 1 
9091 0.014301 1 
9092 0.019282 1 
9093 0.014159 1 
9094 0.011577 1 
9095 0.014645 1 
9096 0.029065 1 
9097 0.025821 1 
9098 0.027390 1 
9099 0.012288 1 
9100 0.013393 1 
9102 0.017687 1 
9103 0.027160 1 
9104 0.013859 1 
9105 0.018581 1 
9106 0.011981 1 
9107 0.027702 1 
9108 0.019615 1 
9110 0.013561 1 
9111 0.013206 1 
9112 0.012124 1 
9113 0.013999 1 
9114 0.032459 1 
9115 0.023750 1 
9116 0.009933 1 
9117 0.017191 1 
9118 0.020430 1 
9119 0.033849 1 
9120 0.019763 1 
9121 0.022650 1 
9123 0.012739 1 
9124 0.023248 1 
9125 0.040791 1 
9126 0.034775 1 
9127 0.031801 1 
9128 0.014821 1 
9129 0.010241 1 
9131 0.017832 1 
9132 0.005477 0 
9133 0.003174 0 
9134 0.006325 0 
9136 0.010976 0 
9137 0.004464 0 
9138 0.005448 0 
9139 0.004284 0 
9141 0.007407 0 
9142 0.008697 0 
9132 0.190542 1 
9133 0.173640 1 
9134 0.157722 1 
9136 0.124852 1 
9137 0.108218 1 
9138 0.091827 1 
9143 0.009670 0 
9139 0.077258 1 
9141 0.044223 1 
9142 0.040344 1 
9144 0.009362 0 
9145 0.007032 0 
9146 0.004549 0 
9143 0.053905 1 
9144 0.037432 1 
9145 0.020439 1 
9146 0.023027 1 
9148 0.012504 0 
9148 0.018492 1 
9149 0.011852 1 
9150 0.006547 0 
9151 0.007683 0 
9150 0.023823 1 
9151 0.039293 1 
9152 0.030971 0 
9153 0.014882 0 
9152 0.048449 1 
9153 0.032188 1 
9154 0.017020 0 
9154 0.023562 1 
9155 0.010209 0 
9155 0.015930 1 
9156 0.008151 0 
9156 0.012192 1 
9158 0.010853 1 
9158 0.027354 0 
9159 0.010813 0 
9159 0.015623 1 
9160 0.008610 0 
9160 0.016836 1 
9161 0.010541 1 
9162 0.014302 1 
9163 0.014919 0 
9164 0.008550 0 
9163 0.041996 1 
9164 0.025925 1 
9165 0.010212 0 
9165 0.019358 1 
9166 0.004657 0 
9166 0.019549 1 
9167 0.012568 1 
9167 0.019339 0 
9168 0.008575 1 
9168 0.020865 0 
9169 0.004589 0 
9170 0.009575 0 
9169 0.027975 1 
9171 0.008402 0 
9171 0.017779 1 
9172 0.006324 0 
9172 0.011203 1 
9173 0.012200 0 
9173 0.012415 1 
9174 0.011439 1 
9174 0.035422 0 
9175 0.019048 0 
9176 0.008746 0 
9176 0.013118 1 
9177 0.010594 0 
9177 0.020303 1 
9178 0.009028 1 
9179 0.015596 1 
9180 0.005252 0 
9180 0.013281 1 
9181 0.016985 0 
9182 0.014099 0 
9182 0.017521 1 
9183 0.013864 0 
9185 0.008663 0 
9185 0.017452 1 
9186 0.004633 0 
9186 0.013299 1 
9187 0.013242 1 
9187 0.015159 0 
9188 0.011641 0 
9189 0.004881 0 
9188 0.040390 1 
9189 0.023800 1 
9190 0.010087 0 
9190 0.015606 1 
9191 0.009783 0 
9191 0.011074 1 
9192 0.007433 0 
9192 0.007586 1 
9194 0.012105 0 
9194 0.029100 1 
9195 0.014348 0 
9196 0.006356 0 
9197 0.007283 0 
9199 0.011516 0 
9201 0.008793 0 
9202 0.009046 0 
9203 0.008005 0 
9195 0.162075 1 
9196 0.146027 1 
9204 0.021118 0 
9199 0.111489 1 
9207 0.008050 0 
9201 0.116318 1 
9202 0.099688 1 
9208 0.004699 0 
9203 0.105785 1 
9209 0.016048 0 
9204 0.125200 1 
9207 0.075126 1 
9208 0.065414 1 
9209 0.049261 1 
9210 0.032778 0 
9211 0.016437 0 
9210 0.040596 1 
9211 0.025975 1 
9212 0.014338 0 
9213 0.015711 1 
9213 0.026287 0 
9214 0.009695 0 
9215 0.009223 0 
9214 0.029427 1 
9215 0.018903 1 
9216 0.005954 0 
9216 0.022124 1 
9217 0.018127 0 
9218 0.006148 0 
9220 0.015386 0 
9222 0.006770 0 
9223 0.007520 0 
9224 0.007581 0 
9225 0.012890 0 
9226 0.008208 0 
9227 0.007123 0 
9228 0.006866 0 
9230 0.018303 0 
9231 0.016000 0 
9232 0.008157 0 
9233 0.008432 0 
9234 0.009168 0 
9235 0.006523 0 
9220 0.265675 1 
9236 0.008786 0 
9222 0.246580 1 
9223 0.230188 1 
9224 0.213929 1 
9225 0.196293 1 
9226 0.180118 1 
9237 0.010797 0 
9227 0.199151 1 
9228 0.182903 1 
9230 0.150055 1 
9231 0.133616 1 
9238 0.017431 0 
9239 0.008077 0 
9232 0.130741 1 
9233 0.112778 1 
9240 0.005760 0 
9234 0.110218 1 
9235 0.100545 1 
9241 0.008603 0 
9242 0.005296 0 
9236 0.103720 1 
9237 0.087401 1 
9238 0.071492 1 
9239 0.055194 1 
9240 0.038811 1 
9241 0.022779 1 
9242 0.021358 1 
9243 0.008397 0 
9243 0.027138 1 
9244 0.011859 0 
9244 0.020236 1 
9246 0.010196 0 
9246 0.024540 1 
9247 0.013843 0 
9247 0.026107 1 
9248 0.009812 1 
9248 0.021071 0 
9249 0.013427 1 
9250 0.009787 0 
9250 0.021986 1 
9251 0.007395 1 
9251 0.022461 0 
9252 0.006394 0 
9252 0.015976 1 
9253 0.008304 1 
9253 0.018677 0 
9254 0.014213 1 
9254 0.017601 0 
9255 0.008832 1 
9255 0.013484 0 
9257 0.009900 0 
9257 0.034975 1 
9259 0.009306 1 
9259 0.014026 0 
9260 0.009592 1 
9260 0.013329 0 
9261 0.006668 1 
9261 0.039335 0 
9262 0.023409 1 
9263 0.013570 1 
9263 0.017179 0 
9264 0.010726 0 
9265 0.012682 1 
9265 0.042152 0 
9267 0.009494 0 
9267 0.024465 1 
9268 0.007883 0 
9269 0.006441 0 
9268 0.026519 1 
9269 0.024366 1 
9270 0.012696 0 
9272 0.020858 0 
9274 0.016883 0 
9275 0.004843 0 
9276 0.010514 0 
9278 0.012401 0 
9279 0.013176 0 
9280 0.005800 0 
9274 0.127167 1 
9275 0.111112 1 
9276 0.094592 1 
9278 0.072472 1 
9279 0.056335 1 
9282 0.007962 0 
9283 0.008381 0 
9280 0.065966 1 
9282 0.035868 1 
9284 0.006762 0 
9283 0.039276 1 
9284 0.023167 1 
9285 0.014441 1 
9286 0.005020 0 
9286 0.013358 1 
9287 0.004922 0 
9287 0.023497 1 
9288 0.012378 0 
9288 0.024390 1 
9289 0.011154 0 
9290 0.005442 0 
9289 0.021851 1 
9290 0.008654 1 
9291 0.008998 0 
9291 0.012554 1 
9292 0.007435 1 
9292 0.014889 0 
9293 0.007289 0 
9293 0.024321 1 
9294 0.008211 1 
9294 0.009392 0 
9295 0.016818 0 
9295 0.019771 1 
9296 0.010767 1 
9296 0.013222 0 
9297 0.009645 0 
9297 0.016487 1 
9298 0.007243 1 
9298 0.012338 0 
9299 0.013682 0 
9301 0.007562 0 
9301 0.031552 1 
9302 0.015203 1 
9303 0.010257 1 
9302 0.034960 0 
9304 0.007389 1 
9303 0.026579 0 
9304 0.010461 0 
9305 0.019907 0 
9306 0.012492 0 
9307 0.008541 0 
9306 0.035471 1 
9307 0.032478 1 
9309 0.010212 0 
9309 0.026431 1 
9310 0.012867 1 
9310 0.014406 0 
9311 0.011074 1 
9311 0.015273 0 
9312 0.008816 0 
9312 0.018981 1 
9313 0.013654 1 
9313 0.026015 0 
9314 0.010511 0 
9314 0.014109 1 
9315 0.007138 1 
9315 0.013261 0 
9316 0.008448 0 
9316 0.014655 1 
9317 0.009715 1 
9317 0.013960 0 
9318 0.007980 0 
9319 0.015186 0 
9320 0.013495 0 
9318 0.046493 1 
9319 0.035415 1 
9320 0.019241 1 
9322 0.009142 1 
9322 0.022151 0 
9323 0.007830 1 
9323 0.010611 0 
9324 0.009035 0 
9324 0.027537 1 
9325 0.017142 0 
9326 0.011140 0 
9326 0.023963 1 
9327 0.010484 0 
9327 0.013683 1 
9328 0.015329 1 
9328 0.033579 0 
9330 0.015562 0 
9331 0.007892 0 
9331 0.011379 1 
9332 0.013700 0 
9332 0.025510 1 
9333 0.011643 0 
9333 0.012444 1 
9335 0.007147 0 
9335 0.020966 1 
9336 0.022293 1 
9336 0.024539 0 
9337 0.008068 0 
9337 0.015827 1 
9338 0.009689 0 
9338 0.025259 1 
9340 0.007281 0 
9340 0.023475 1 
9341 0.015566 1 
9341 0.021833 0 
9342 0.010582 0 
9343 0.006879 0 
9344 0.018495 0 
9345 0.005766 0 
9343 0.038855 1 
9345 0.016109 1 
9347 0.005563 0 
9347 0.010272 1 
9348 0.006503 0 
9349 0.005565 0 
9348 0.032657 1 
9349 0.020209 1 
9350 0.006368 1 
9350 0.008754 0 
9351 0.005601 0 
9351 0.018389 1 
9352 0.007728 1 
9352 0.018670 0 
9353 0.012629 1 
9354 0.005528 0 
9354 0.009334 1 
9355 0.007079 0 
9357 0.011771 0 
9357 0.020261 1 
9358 0.007815 0 
9358 0.012033 1 
9359 0.004462 0 
9360 0.008887 0 
9359 0.033163 1 
9360 0.016886 1 
9361 0.012906 0 
9362 0.033100 1 
9362 0.041018 0 
9363 0.025028 0 
9364 0.008755 0 
9364 0.015590 1 
9365 0.009575 1 
9366 0.009193 1 
9365 0.027204 0 
9366 0.010827 0 
9367 0.010934 1 
9367 0.018760 0 
9368 0.012229 0 
9369 0.009555 0 
9368 0.035270 1 
9369 0.031839 1 
9370 0.015394 1 
9371 0.007500 1 
9372 0.013655 1 
9370 0.055580 0 
9371 0.039155 0 
9372 0.022693 0 
9373 0.009111 1 
9373 0.009184 0 
9374 0.013853 0 
9374 0.023890 1 
9375 0.012904 1 
9375 0.019364 0 
9376 0.012237 0 
9376 0.015123 1 
9377 0.007933 1 
9377 0.009341 0 
9378 0.010153 1 
9378 0.021385 0 
9379 0.007929 0 
9379 0.012911 1 
9380 0.020356 0 
9380 0.025255 1 
9381 0.017699 0 
9382 0.014516 0 
9382 0.017521 1 
9384 0.016067 0 
9385 0.011328 0 
9384 0.034757 1 
9385 0.018476 1 
9386 0.006322 1 
9386 0.011025 0 
9387 0.007692 0 
9388 0.014331 0 
9387 0.037296 1 
9388 0.023875 1 
9389 0.007438 1 
9389 0.013501 0 
9390 0.009418 0 
9390 0.015570 1 
9391 0.006945 1 
9391 0.010166 0 
9393 0.014700 0 
9394 0.005801 0 
9393 0.038047 1 
9395 0.006526 0 
9394 0.033337 1 
9395 0.017133 1 
9396 0.005494 0 
9398 0.005983 0 
9398 0.012914 1 
9400 0.033327 0 
9401 0.016546 0 
9400 0.046520 1 
9401 0.029646 1 
9402 0.022196 0 
9402 0.036535 1 
9403 0.023491 1 
9403 0.032073 0 
9406 0.012711 0 
9407 0.013883 0 
9406 0.034193 1 
9407 0.025146 1 
9408 0.008943 0 
9408 0.023165 1 
9409 0.038045 1 
9410 0.021609 1 
9409 0.038098 0 
9410 0.021644 0 
9411 0.009595 1 
9411 0.016945 0 
9412 0.012635 0 
9412 0.014188 1 
9413 0.009244 0 
9413 0.017240 1 
9414 0.004836 0 
9414 0.018715 1 
9415 0.013730 0 
9415 0.017168 1 
9416 0.004526 0 
9416 0.013446 1 
9417 0.007353 1 
9419 0.011271 1 
9417 0.054614 0 
9419 0.022525 0 
9421 0.015411 1 
9421 0.016141 0 
9422 0.008646 1 
9422 0.016161 0 
9423 0.008276 0 
9423 0.011025 1 
9424 0.011139 0 
9424 0.020999 1 
9425 0.011464 0 
9426 0.005406 0 
9425 0.031953 1 
9426 0.033183 1 
9427 0.024334 1 
9427 0.058414 0 
9429 0.028407 0 
9430 0.012744 0 
9431 0.009734 0 
9432 0.012848 0 
9433 0.006548 0 
9434 0.007566 0 
9435 0.009029 0 
9436 0.007878 0 
9437 0.014911 0 
9438 0.006869 0 
9439 0.024069 0 
9440 0.009555 0 
9429 0.199178 1 
9430 0.182869 1 
9441 0.005662 0 
9431 0.183585 1 
9432 0.167319 1 
9433 0.152060 1 
9434 0.135426 1 
9435 0.119049 1 
9436 0.102640 1 
9437 0.088120 1 
9438 0.071502 1 
9439 0.052396 1 
9440 0.037869 1 
9442 0.080360 0 
9443 0.063847 0 
9441 0.101890 1 
9442 0.085763 1 
9443 0.078243 1 
9445 0.048863 1 
9446 0.031360 1 
9445 0.054416 0 
9447 0.022557 1 
9448 0.012939 1 
9446 0.050457 0 
9447 0.033895 0 
9449 0.007301 0 
9450 0.009292 1 
9450 0.011551 0 
9451 0.009262 1 
9451 0.014833 0 
9452 0.012879 1 
9452 0.012917 0 
9453 0.010351 1 
9454 0.010148 1 
9453 0.032371 0 
9454 0.016324 0 
9456 0.021622 0 
9458 0.005947 1 
9458 0.008835 0 
9459 0.014135 1 
9460 0.008415 1 
9460 0.015273 0 
9461 0.011323 0 
9462 0.009001 0 
9463 0.010879 0 
9464 0.008472 0 
9466 0.010924 0 
9467 0.028432 0 
9468 0.022004 0 
9469 0.015111 0 
9461 0.162432 1 
9471 0.021833 0 
9462 0.185123 1 
9463 0.168990 1 
9473 0.007036 0 
9464 0.174830 1 
9466 0.141666 1 
9467 0.125088 1 
9468 0.108902 1 
9469 0.092102 1 
9471 0.058941 1 
9473 0.026323 1 
9474 0.010477 1 
9475 0.010287 0 
9475 0.042596 1 
9477 0.011609 0 
9477 0.017303 1 
9478 0.009672 0 
9478 0.014688 1 
9479 0.011435 0 
9479 0.036950 1 
9481 0.014907 0 
9481 0.023431 1 
9482 0.007128 1 
9482 0.015849 0 
9483 0.009456 0 
9483 0.013705 1 
9484 0.008213 1 
9484 0.018659 0 
9485 0.008617 0 
9485 0.023288 1 
9486 0.017566 1 
9486 0.021083 0 
9487 0.011626 0 
9488 0.015039 0 
9487 0.031659 1 
9489 0.007141 1 
9489 0.011644 0 
9490 0.007401 1 
9490 0.010212 0 
9491 0.010642 1 
9491 0.010811 0 
9492 0.008773 0 
9492 0.028103 1 
9493 0.018984 0 
9494 0.008003 0 
9494 0.012147 1 
9495 0.010780 1 
9495 0.016602 0 
9496 0.011172 1 
9497 0.012302 1 
9498 0.008762 0 
9498 0.031594 1 
9500 0.017734 0 
9500 0.018022 1 
9501 0.009742 0 
9501 0.011935 1 
9502 0.011449 1 
9502 0.012878 0 
9503 0.006057 1 
9503 0.031113 0 
9504 0.017807 0 
9504 0.022237 1 
9505 0.010437 1 
9506 0.006371 0 
9506 0.026829 1 
9508 0.005494 0 
9508 0.010776 1 
9509 0.006939 1 
9509 0.012313 0 
9510 0.014188 0 
9511 0.009370 0 
9511 0.015386 1 
9512 0.015049 1 
9512 0.018066 0 
9513 0.017603 1 
9513 0.023626 0 
9514 0.007512 0 
9515 0.012681 0 
9516 0.007938 0 
9515 0.026136 1 
9516 0.012689 1 
9517 0.007971 0 
9517 0.016687 1 
9518 0.019920 0 
9519 0.003710 0 
9519 0.018624 1 
9521 0.006537 1 
9521 0.014017 0 
9522 0.017158 1 
9522 0.028842 0 
9523 0.045808 0 
9524 0.029665 0 
9525 0.013095 0 
9524 0.032208 1 
9525 0.028353 1 
9526 0.011074 1 
9526 0.016122 0 
9527 0.006395 0 
9527 0.008644 1 
9529 0.005506 0 
9530 0.011494 0 
9531 0.024679 0 
9532 0.008429 0 
9534 0.010179 0 
9535 0.018864 0 
9536 0.010524 0 
9537 0.007465 0 
9529 0.165447 1 
9530 0.149405 1 
9531 0.132545 1 
9532 0.117295 1 
9534 0.084904 1 
9535 0.068476 1 
9536 0.052310 1 
9537 0.036065 1 
9539 0.025720 0 
9540 0.026771 0 
9541 0.010135 0 
9540 0.041044 1 
9541 0.024399 1 
9542 0.009747 0 
9542 0.016036 1 
9543 0.017689 0 
9544 0.009640 1 
9546 0.007486 1 
9546 0.009198 0 
9547 0.011273 1 
9547 0.015448 0 
9548 0.009101 0 
9548 0.015734 1 
9549 0.009700 0 
9549 0.028862 1 
9550 0.020357 0 
9551 0.007293 0 
9551 0.015862 1 
9552 0.008749 0 
9552 0.013206 1 
9553 0.017914 1 
9553 0.023062 0 
9554 0.006811 0 
9554 0.022495 1 
9556 0.015173 0 
9556 0.016944 1 
9557 0.009109 1 
9557 0.016747 0 
9558 0.007525 0 
9558 0.011739 1 
9559 0.011075 1 
9560 0.018514 0 
9560 0.032982 1 
9561 0.016287 1 
9561 0.018067 0 
9562 0.011056 0 
9562 0.017644 1 
9563 0.010099 1 
9563 0.013606 0 
9564 0.012616 1 
9564 0.014693 0 
9565 0.005548 0 
9565 0.010585 1 
9566 0.012825 0 
9567 0.019623 0 
9568 0.010094 0 
9569 0.012018 0 
9570 0.008546 0 
9566 0.080751 1 
9567 0.064349 1 
9568 0.047985 1 
9571 0.007015 0 
9569 0.047070 1 
9570 0.030463 1 
9571 0.018719 1 
9572 0.019306 0 
9573 0.008073 0 
9572 0.027577 1 
9573 0.023943 1 
9574 0.017138 0 
9574 0.020141 1 
9575 0.009392 1 
9575 0.011520 0 
9576 0.006816 0 
9576 0.012382 1 
9577 0.010982 0 
9577 0.015102 1 
9578 0.008442 0 
9578 0.010446 1 
9579 0.006063 0 
9580 0.012033 0 
9581 0.008811 0 
9579 0.048682 1 
9580 0.032377 1 
9581 0.017083 1 
9583 0.009855 0 
9584 0.012864 0 
9585 0.015203 0 
9583 0.060022 1 
9584 0.044094 1 
9586 0.021299 0 
9585 0.048079 1 
9586 0.032314 1 
9587 0.015727 0 
9587 0.017787 1 
9588 0.012707 0 
9589 0.017713 1 
9589 0.020776 0 
9590 0.006599 0 
9590 0.012740 1 
9592 0.017597 1 
9592 0.021161 0 
9593 0.010943 0 
9593 0.026212 1 
9594 0.017095 0 
9595 0.022563 0 
9597 0.007057 1 
9597 0.008252 0 
9599 0.021991 0 
9599 0.030662 1 
9600 0.013201 1 
9600 0.014482 0 
9601 0.010249 1 
9601 0.022354 0 
9602 0.015872 1 
9602 0.022733 0 
9605 0.011503 0 
9605 0.021932 1 
9606 0.011571 0 
9606 0.013437 1 
9607 0.009061 1 
9607 0.049321 0 
9608 0.032600 0 
9609 0.016089 0 
9610 0.014995 0 
9610 0.017926 1 
9611 0.015474 0 
9612 0.010872 0 
9611 0.040201 1 
9613 0.013313 0 
9614 0.008916 0 
9612 0.044770 1 
9613 0.028601 1 
9614 0.024381 1 
9615 0.011090 0 
9615 0.011639 1 
9616 0.012318 0 
9616 0.034514 1 
9618 0.015302 1 
9618 0.021576 0 
9620 0.007322 0 
9620 0.014273 1 
9621 0.009182 1 
9621 0.013334 0 
9622 0.022953 0 
9623 0.011383 1 
9623 0.018869 0 
9624 0.016066 0 
9624 0.016675 1 
9625 0.006891 1 
9625 0.015476 0 
9626 0.016667 1 
9626 0.022309 0 
9628 0.009659 1 
9628 0.015457 0 
9629 0.010048 0 
9629 0.015242 1 
9630 0.020753 0 
9631 0.014298 1 
9631 0.022122 0 
9632 0.005387 0 
9632 0.008780 1 
9633 0.008919 0 
9634 0.011839 1 
9634 0.019138 0 
9635 0.014964 1 
9635 0.020140 0 
9636 0.011240 1 
9636 0.019693 0 
9637 0.020474 0 
9638 0.009074 1 
9638 0.016125 0 
9639 0.009512 1 
9639 0.013314 0 
9640 0.007969 1 
9640 0.026409 0 
9641 0.025409 0 
9641 0.028035 1 
9642 0.015852 1 
9644 0.013847 1 
9644 0.026188 0 
9645 0.015268 1 
9645 0.022529 0 
9646 0.012988 1 
9647 0.008622 0 
9648 0.013870 0 
9649 0.011246 0 
9647 0.046968 1 
9649 0.019566 1 
9650 0.010813 1 
9650 0.020389 0 
9651 0.009602 1 
9651 0.016276 0 
9652 0.006468 1 
9652 0.010582 0 
9653 0.011261 0 
9655 0.007749 0 
9655 0.021705 1 
9657 0.006565 1 
9657 0.008809 0 
9658 0.009413 1 
9658 0.014044 0 
9659 0.014232 0 
9659 0.020415 1 
9660 0.014418 1 
9660 0.017335 0 
9661 0.007465 0 
9661 0.016948 1 
9662 0.005967 1 
9662 0.017623 0 
9663 0.012404 0 
9663 0.013942 1 
9665 0.016415 0 
9665 0.017596 1 
9666 0.008287 1 
9666 0.016313 0 
9667 0.017247 0 
9667 0.020659 1 
9668 0.011353 0 
9670 0.017539 0 
9672 0.017103 0 
9673 0.011667 0 
9674 0.028020 0 
9676 0.009032 0 
9677 0.009235 0 
9678 0.015930 0 
9680 0.011568 0 
9681 0.014976 0 
9682 0.010424 0 
9683 0.010042 0 
9684 0.012276 0 
9685 0.013930 0 
9670 0.259913 1 
9672 0.227224 1 
9673 0.209981 1 
9674 0.193772 1 
9676 0.161581 1 
9677 0.145058 1 
9686 0.020489 0 
9678 0.154179 1 
9687 0.009787 0 
9680 0.127427 1 
9681 0.111228 1 
9682 0.095030 1 
9683 0.078444 1 
9684 0.062249 1 
9685 0.045908 1 
9688 0.017106 0 
9686 0.064538 1 
9687 0.048171 1 
9689 0.023830 0 
9690 0.012357 0 
9688 0.057816 1 
9691 0.015812 0 
9692 0.012335 0 
9693 0.014153 0 
9694 0.007540 0 
9695 0.017702 0 
9696 0.012995 0 
9697 0.031795 0 
9689 0.183105 1 
9690 0.166860 1 
9691 0.150767 1 
9699 0.023928 0 
9700 0.008030 0 
9693 0.138694 1 
9694 0.122234 1 
9695 0.106846 1 
9696 0.090623 1 
9701 0.009766 0 
9697 0.075260 1 
9699 0.042462 1 
9700 0.026237 1 
9701 0.010001 1 
9702 0.008020 1 
9702 0.011483 0 
9703 0.016338 0 
9704 0.014303 0 
9703 0.058790 1 
9704 0.042143 1 
9705 0.025482 1 
9705 0.029118 0 
9707 0.010263 1 
9707 0.016892 0 
9708 0.006393 0 
9708 0.007979 1 
9709 0.009134 0 
9709 0.018572 1 
9710 0.014288 1 
9710 0.019670 0 
9711 0.018998 0 
9711 0.024905 1 
9712 0.008534 1 
9712 0.009898 0 
9713 0.010285 0 
9714 0.011402 0 
9715 0.024777 0 
9716 0.022842 0 
9717 0.023051 0 
9718 0.006576 0 
9720 0.019861 0 
9721 0.021488 0 
9722 0.022716 0 
9723 0.012880 0 
9724 0.009551 0 
9725 0.011804 0 
9726 0.009740 0 
9728 0.013172 0 
9729 0.012770 0 
9730 0.015262 0 
9713 0.300921 1 
9714 0.284781 1 
9715 0.268603 1 
9716 0.252181 1 
9717 0.235822 1 
9718 0.219332 1 
9720 0.185951 1 
9721 0.169357 1 
9722 0.152489 1 
9723 0.136089 1 
9724 0.119688 1 
9725 0.112309 1 
9726 0.095979 1 
9728 0.063479 1 
9729 0.046906 1 
9730 0.030418 1 
9731 0.022833 0 
9731 0.029968 1 
9733 0.010010 0 
9733 0.024659 1 
9734 0.012025 0 
9734 0.013357 1 
9735 0.009179 0 
9735 0.020205 1 
9736 0.005925 0 
9736 0.010184 1 
9738 0.009037 1 
9738 0.019212 0 
9739 0.010661 1 
9739 0.012261 0 
9740 0.010545 0 
9740 0.022380 1 
9741 0.012812 0 
9741 0.013877 1 
9742 0.014386 0 
9742 0.017115 1 
9743 0.006427 1 
9743 0.009734 0 
9745 0.011417 1 
9745 0.013599 0 
9746 0.019047 1 
9747 0.010814 1 
9747 0.012160 0 
9748 0.020892 1 
9749 0.005874 1 
9749 0.009825 0 
9750 0.009524 1 
9750 0.016438 0 
9751 0.007338 0 
9751 0.009229 1 
9752 0.013468 0 
9753 0.008211 1 
9753 0.008737 0 
9755 0.007731 1 
9755 0.020987 0 
9756 0.010428 1 
9756 0.015216 0 
9757 0.006561 1 
9757 0.008249 0 
9758 0.005265 1 
9758 0.013829 0 
9759 0.009177 0 
9759 0.011612 1 
9760 0.007764 0 
9760 0.024570 1 
9761 0.011003 0 
9761 0.012308 1 
9762 0.007518 1 
9762 0.016987 0 
9763 0.008148 1 
9763 0.010290 0 
9764 0.007849 0 
9765 0.007173 0 
9766 0.010715 0 
9767 0.014004 0 
9768 0.007210 0 
9769 0.013370 0 
9770 0.010100 0 
9764 0.132720 1 
9765 0.115472 1 
9766 0.099465 1 
9767 0.083090 1 
9771 0.017569 0 
9768 0.066712 1 
9769 0.050428 1 
9770 0.034035 1 
9771 0.018764 1 
9772 0.013284 1 
9773 0.009475 0 
9773 0.013506 1 
9774 0.009956 1 
9774 0.013275 0 
9775 0.013324 0 
9776 0.046882 0 
9777 0.030813 0 
9778 0.014199 0 
9779 0.005179 0 
9780 0.017288 0 
9782 0.009444 0 
9783 0.005976 0 
9784 0.006881 0 
9775 0.190527 1 
9776 0.173697 1 
9777 0.157520 1 
9778 0.140956 1 
9785 0.024554 0 
9779 0.126283 1 
9780 0.109726 1 
9782 0.077138 1 
9783 0.061049 1 
9784 0.044398 1 
9785 0.031136 1 
9786 0.014204 1 
9786 0.014638 0 
9787 0.009827 1 
9788 0.007760 1 
9788 0.016989 0 
9789 0.009714 0 
9789 0.020092 1 
9791 0.012408 1 
9791 0.016392 0 
9792 0.005902 0 
9793 0.006690 0 
9794 0.006696 0 
9796 0.004761 0 
9798 0.015778 0 
9799 0.016538 0 
9800 0.015146 0 
9801 0.021406 0 
9804 0.008358 0 
9804 0.018812 1 
9805 0.006424 1 
9806 0.007666 1 
9805 0.025837 0 
9807 0.036260 1 
9808 0.019990 1 
9806 0.054425 0 
9808 0.029098 0 
9809 0.012769 0 
9810 0.012626 1 
9810 0.016805 0 
9811 0.006321 1 
9811 0.013523 0 
9812 0.010062 1 
9812 0.018003 0 
9813 0.009589 1 
9813 0.012293 0 
9814 0.009257 1 
9814 0.013691 0 
9815 0.010239 0 
9815 0.024298 1 
9817 0.006826 1 
9817 0.010954 0 
9819 0.007207 1 
9820 0.006082 1 
9819 0.032445 0 
9820 0.016179 0 
9821 0.006768 0 
9821 0.018345 1 
9822 0.007764 1 
9822 0.015986 0 
9823 0.009732 1 
9823 0.010519 0 
9824 0.005818 1 
9824 0.011480 0 
9825 0.006905 1 
9825 0.011495 0 
9827 0.009550 0 
9827 0.016523 1 
9828 0.006871 1 
9828 0.013267 0 
9829 0.011951 0 
9829 0.015412 1 
9830 0.007140 1 
9830 0.017563 0 
9831 0.006258 1 
9831 0.011667 0 
9832 0.008358 0 
9833 0.010717 0 
9834 0.007004 0 
9833 0.024849 1 
9835 0.008885 0 
9835 0.015123 1 
9836 0.007253 1 
9836 0.018387 0 
9837 0.008042 1 
9837 0.010929 0 
9838 0.004902 0 
9838 0.014245 1 
9839 0.011078 0 
9840 0.021917 0 
9841 0.013095 0 
9841 0.022108 1 
9843 0.014588 1 
9843 0.019011 0 
9844 0.005116 1 
9844 0.018229 0 
9845 0.015291 1 
9845 0.023657 0 
9846 0.009586 1 
9846 0.015501 0 
9847 0.008308 1 
9847 0.014539 0 
9848 0.008127 1 
9848 0.024369 0 
9849 0.008192 0 
9850 0.006556 1 
9850 0.013724 0 
9851 0.006726 1 
9851 0.015515 0 
9852 0.017565 1 
9852 0.019848 0 
9854 0.013289 1 
9856 0.006734 1 
9857 0.005781 1 
9856 0.031616 0 
9857 0.015223 0 
9858 0.012538 0 
9858 0.019052 1 
9859 0.013382 1 
9859 0.026250 0 
9860 0.010041 0 
9860 0.018006 1 
9861 0.005163 1 
9861 0.014470 0 
9862 0.007325 1 
9862 0.017275 0 
9864 0.010998 0 
9864 0.022106 1 
9865 0.005989 1 
9865 0.013313 0 
9866 0.013180 0 
9866 0.017901 1 
9867 0.019870 1 
9867 0.021099 0 
9869 0.011001 0 
9869 0.015372 1 
9871 0.009730 0 
9871 0.019613 1 
9872 0.006415 0 
9872 0.024380 1 
9873 0.019239 0 
9873 0.019760 1 
9875 0.016810 0 
9876 0.006460 0 
9875 0.026026 1 
9876 0.027388 1 
9877 0.011770 0 
9877 0.024401 1 
9879 0.010353 1 
9879 0.016323 0 
9880 0.005175 1 
9880 0.011983 0 
9881 0.005268 0 
9881 0.008152 1 
9882 0.011607 1 
9882 0.029471 0 
9883 0.013572 0 
9883 0.017909 1 
9884 0.010720 0 
9884 0.014109 1 
9885 0.011346 0 
9885 0.017135 1 
9886 0.012501 1 
9886 0.018082 0 
9887 0.009895 1 
9887 0.012097 0 
9888 0.012112 1 
9888 0.014764 0 
9889 0.012768 0 
9890 0.006672 0 
9891 0.009460 0 
9892 0.012190 0 
9893 0.009328 0 
9894 0.020285 0 
9895 0.010659 0 
9896 0.019166 0 
9898 0.012505 0 
9899 0.019555 0 
9900 0.020923 0 
9901 0.018259 0 
9902 0.008759 0 
9903 0.011181 0 
9904 0.013409 0 
9906 0.009953 0 
9907 0.009650 0 
9908 0.011439 0 
9909 0.017444 0 
9910 0.010554 0 
9911 0.020617 0 
9912 0.014246 0 
9913 0.017626 0 
9914 0.012660 0 
9915 0.013340 0 
9916 0.014410 0 
9917 0.008130 0 
9919 0.006354 0 
9920 0.006349 0 
9921 0.033385 0 
9922 0.029583 0 
9923 0.012865 0 
9924 0.014604 0 
9925 0.010620 0 
9927 0.010315 0 
9928 0.013257 0 
9929 0.014323 0 
9930 0.011181 0 
9932 0.012779 0 
9933 0.011466 0 
9934 0.011317 0 
9935 0.024066 0 
9937 0.009834 0 
9938 0.010766 0 
9939 0.013732 0 
9940 0.008269 0 
9941 0.019258 0 
9942 0.010012 0 
9944 0.015872 0 
9945 0.012115 0 
9946 0.008448 0 
9947 0.021322 0 
9948 0.011342 0 
9949 0.009379 0 
9950 0.011063 0 
9951 0.012932 0 
9952 0.013333 0 
9954 0.014859 0 
9955 0.007614 0 
9956 0.008950 0 
9957 0.012754 0 
9958 0.018814 0 
9959 0.013458 0 
9960 0.006181 0 
9961 0.007109 0 
9962 0.011726 0 
9963 0.015161 0 
9964 0.014957 0 
9965 0.016147 0 
9966 0.007470 0 
9967 0.010639 0 
9968 0.010358 0 
9969 0.015706 0 
9970 0.009156 0 
9971 0.008130 0 
9972 0.014832 0 
9973 0.017567 0 
9974 0.018580 0 
9975 0.007515 0 
9976 0.022356 0 
9977 0.006037 0 
9978 0.006775 0 
9979 0.019183 0 
9981 0.016448 0 
9982 0.013809 0 
9983 0.016715 0 
9984 0.011735 0 
9985 0.017323 0 
9986 0.019814 0 
9987 0.014973 0 
9988 0.006791 0 
9990 0.022808 0 
9991 0.018775 0 
9992 0.013352 0 
9993 0.016587 0 
9995 0.004445 0 
9997 0.015502 0 
9998 0.020735 0 
9999 0.023040 0 
10000 0.012048 0 
10003 0.018177 0 
10004 0.009151 0 
10005 0.050074 0 
10006 0.033406 0 
10007 0.017109 0 
10008 0.025115 0 
10009 0.013115 0 
10010 0.009115 0 
10011 0.016345 0 
10012 0.013372 0 
10013 0.014699 0 
10014 0.013047 0 
10016 0.017752 0 
10018 0.010626 0 
10019 0.015276 0 
10020 0.015398 0 
10021 0.010613 0 
10022 0.011402 0 
10023 0.012969 0 
10024 0.007942 0 
10026 0.009296 0 
10027 0.011141 0 
10028 0.019196 0 
10029 0.029603 0 
10030 0.013492 0 
10031 0.008530 0 
10032 0.006458 0 
10033 0.010115 0 
10034 0.012437 0 
10035 0.007016 0 
10036 0.022073 0 
10037 0.011218 0 
10038 0.006403 0 
10039 0.011574 0 
10040 0.015328 0 
10042 0.024436 0 
10043 0.013989 0 
10044 0.014756 0 
10045 0.012536 0 
10046 0.013127 0 
10047 0.015031 0 
10048 0.016648 0 
10049 0.005526 0 
10050 0.012300 0 
10051 0.012030 0 
10053 0.018715 0 
10055 0.011226 0 
10056 0.012005 0 
10057 0.014797 0 
10058 0.007140 0 
10059 0.016458 0 
10060 0.014087 0 
10061 0.010175 0 
10063 0.012040 0 
10064 0.007250 0 
10065 0.013224 0 
10066 0.014399 0 
10068 0.023164 0 
10070 0.014691 0 
10071 0.016733 0 
10072 0.017112 0 
10074 0.020833 0 
10075 0.015985 0 
10076 0.007563 0 
10078 0.016792 0 
10079 0.006540 0 
10080 0.010368 0 
10081 0.009436 0 
10082 0.008170 0 
10083 0.035040 0 
10084 0.018472 0 
10085 0.014841 0 
10086 0.006830 0 
10087 0.008998 0 
10088 0.010380 0 
10089 0.008325 0 
10090 0.015418 0 
10091 0.015685 0 
10092 0.010932 0 
10093 0.014943 0 
10094 0.019797 0 
10095 0.013592 0 
10097 0.021191 0 
10098 0.016548 0 
10099 0.014759 0 
10100 0.007871 0 
10101 0.016972 0 
10102 0.028096 0 
10103 0.011803 0 
10105 0.017966 0 
10106 0.006604 0 
10107 0.015615 0 
10108 0.019786 0 
10109 0.016893 0 
10110 0.023311 0 
10111 0.006590 0 
10112 0.012872 0 
10113 0.007006 0 
10114 0.015417 0 
10115 0.018449 0 
10116 0.020871 0 
10118 0.006968 0 
10119 0.012700 0 
10120 0.009723 0 
10121 0.013595 0 
10122 0.006876 0 
10123 0.017210 0 
10124 0.006422 0 
10126 0.007725 0 
10127 0.016202 0 
10128 0.019679 0 
10129 0.023122 0 
10131 0.005651 0 
10132 0.007803 0 
10133 0.013753 0 
10134 0.013864 0 
10136 0.017628 0 
10137 0.011184 0 
10138 0.017371 0 
10139 0.008393 0 
10140 0.014557 0 
10141 0.028159 0 
10143 0.016183 0 
10144 0.020299 0 
10145 0.017006 0 
10146 0.012526 0 
10147 0.024304 0 
10148 0.007738 0 
10149 0.011160 0 
10150 0.024593 0 
10151 0.009009 0 
10153 0.020840 0 
10154 0.010105 0 
10155 0.008643 0 
10156 0.012569 0 
10157 0.021089 0 
10158 0.012661 0 
10159 0.010907 0 
10160 0.039551 0 
10161 0.028389 0 
10162 0.012242 0 
10163 0.015279 0 
10164 0.008348 0 
10165 0.010067 0 
10166 0.006409 0 
10167 0.008962 0 
10168 0.013444 0 
10169 0.011797 0 
10170 0.011519 0 
10171 0.013566 0 
10172 0.013329 0 
10173 0.012303 0 
10174 0.014636 0 
10175 0.012379 0 
10176 0.016314 0 
10177 0.009603 0 
10178 0.017188 0 
10180 0.013564 0 
10181 0.015780 0 
10182 0.018501 0 
10183 0.022390 0 
10184 0.006306 0 
10185 0.009683 0 
10186 0.007640 0 
10187 0.026751 0 
10189 0.024674 0 
10190 0.024844 0 
10191 0.008651 0 
10192 0.025595 0 
10194 0.020117 0 
10196 0.014240 0 
10197 0.025753 0 
10198 0.032508 0 
10199 0.016033 0 
10202 0.016454 0 
10203 0.013746 0 
10204 0.050270 0 
10205 0.036987 0 
10206 0.020834 0 
10207 0.019153 0 
10208 0.005580 0 
10209 0.011086 0 
10210 0.017279 0 
10211 0.008846 0 
10212 0.009135 0 
10213 0.013340 0 
10215 0.010072 0 
10217 0.021605 0 
10218 0.010679 0 
10219 0.015749 0 
10220 0.022319 0 
10221 0.008825 0 
10222 0.006567 0 
10223 0.005094 0 
10225 0.020981 0 
10226 0.016721 0 
10227 0.016103 0 
10228 0.021847 0 
10229 0.016157 0 
10230 0.009667 0 
10231 0.005705 0 
10232 0.005345 0 
10233 0.009049 0 
10234 0.025771 0 
10235 0.009139 0 
10236 0.013653 0 
10237 0.009046 0 
10238 0.014290 0 
10239 0.011099 0 
10241 0.022962 0 
10242 0.033909 0 
10243 0.019676 0 
10244 0.014057 0 
10245 0.005855 0 
10246 0.041699 0 
10247 0.025355 0 
10248 0.011196 0 
10249 0.020359 0 
10250 0.009382 0 
10252 0.017521 0 
10254 0.009215 0 
10255 0.006014 0 
10256 0.014656 0 
10257 0.018795 0 
10258 0.011178 0 
10259 0.014635 0 
10260 0.008244 0 
10262 0.015089 0 
10263 0.031855 0 
10264 0.015440 0 
10265 0.033051 0 
10267 0.029806 0 
10269 0.009996 0 
10270 0.014607 0 
10271 0.046810 0 
10273 0.019224 0 
10274 0.014485 0 
10275 0.011584 0 
10277 0.013739 0 
10278 0.014679 0 
10279 0.018985 0 
10280 0.024359 0 
10281 0.008096 0 
10282 0.014703 0 
10283 0.030042 0 
10284 0.012786 0 
10285 0.024268 0 
10286 0.007171 0 
10287 0.012885 0 
10288 0.034787 0 
10289 0.018579 0 
10290 0.006469 0 
10291 0.026871 0 
10292 0.017366 0 
10293 0.043773 0 
10294 0.035030 0 
10296 0.015268 0 
10297 0.017782 0 
10298 0.012332 0 
10299 0.014539 0 
10300 0.016364 0 
10301 0.014791 0 
10302 0.011527 0 
10304 0.027372 0 
10305 0.010970 0 
10306 0.046157 0 
10307 0.029553 0 
10308 0.013632 0 
10309 0.013963 0 
10310 0.012545 0 
10311 0.015914 0 
10312 0.013166 0 
10313 0.018795 0 
10314 0.018278 0 
10315 0.014845 0 
10317 0.014707 0 
10318 0.017712 0 
10319 0.013472 0 
10320 0.038104 0 
10321 0.020108 0 
10322 0.014568 0 
10323 0.012904 0 
10325 0.011870 0 
10326 0.015709 0 
10327 0.016812 0 
10328 0.022599 0 
10330 0.006148 0 
10331 0.012789 0 
10332 0.010613 0 
10333 0.010379 0 
10335 0.011670 0 
10336 0.010024 0 
10337 0.020871 0 
10338 0.013649 0 
10339 0.010639 0 
10340 0.013541 0 
10342 0.012105 0 
10343 0.008809 0 
10344 0.045399 0 
10345 0.029133 0 
10346 0.015322 0 
10347 0.018289 0 
10348 0.008241 0 
10349 0.006434 0 
10350 0.006949 0 
10352 0.013021 0 
10353 0.008164 0 
10354 0.015597 0 
10355 0.019724 0 
10356 0.008366 0 
10357 0.031619 0 
10358 0.015510 0 
10359 0.015839 0 
10360 0.022026 0 
10361 0.017567 0 
10362 0.006984 0 
10363 0.020630 0 
10364 0.017663 0 
10365 0.010294 0 
10366 0.014971 0 
10367 0.005470 0 
10368 0.014945 0 
10369 0.023704 0 
10370 0.017544 0 
10371 0.031857 0 
10372 0.023378 0 
10373 0.018579 0 
10374 0.028864 0 
10375 0.012517 0 
10376 0.015247 0 
10377 0.014742 0 
10379 0.015727 0 
10380 0.017632 0 
10381 0.007786 0 
10382 0.006594 0 
10383 0.012215 0 
10384 0.017624 0 
10385 0.012646 0 
10386 0.012445 0 
10388 0.033008 0 
10389 0.016436 0 
10390 0.006515 0 
10391 0.025516 0 
10393 0.020570 0 
10395 0.028024 0 
10396 0.019908 0 
10397 0.040274 0 
10398 0.023978 0 
10401 0.013067 0 
10402 0.017804 0 
10403 0.043304 0 
10404 0.027165 0 
10405 0.017042 0 
10406 0.017442 0 
10407 0.017093 0 
10408 0.011132 0 
10409 0.018913 0 
10410 0.027632 0 
10411 0.011540 0 
10412 0.016870 0 
10414 0.008370 0 
10416 0.009678 0 
10417 0.014540 0 
10418 0.014664 0 
10419 0.012400 0 
10420 0.023041 0 
10421 0.014518 0 
10422 0.025452 0 
10424 0.017037 0 
10425 0.011585 0 
10426 0.028973 0 
10427 0.012834 0 
10428 0.012780 0 
10429 0.014346 0 
10430 0.025666 0 
10431 0.013272 0 
10432 0.024671 0 
10433 0.025204 0 
10434 0.021367 0 
10435 0.005700 0 
10436 0.009403 0 
10437 0.019723 0 
10438 0.027140 0 
10440 0.033054 0 
10441 0.023183 0 
10442 0.021715 0 
10443 0.024177 0 
10444 0.009217 0 
10445 0.023551 0 
10446 0.021206 0 
10447 0.008862 0 
10448 0.022039 0 
10449 0.019243 0 
10451 0.017737 0 
10453 0.012082 0 
10454 0.010371 0 
10455 0.017349 0 
10456 0.007666 0 
10457 0.036925 0 
10458 0.020325 0 
10459 0.028509 0 
10461 0.011868 0 
10462 0.038426 0 
10463 0.024272 0 
10464 0.030306 0 
10466 0.019701 0 
10468 0.022240 0 
10469 0.011841 0 
10470 0.022080 0 
10472 0.009241 0 
10473 0.006220 0 
10474 0.013544 0 
10476 0.013052 0 
10477 0.008181 0 
10478 0.009796 0 
10479 0.033417 0 
10480 0.020289 0 
10481 0.016219 0 
10482 0.016283 0 
10483 0.012270 0 
10484 0.018691 0 
10485 0.023409 0 
10486 0.006903 0 
10487 0.010534 0 
10488 0.015157 0 
10489 0.018080 0 
10490 0.028324 0 
10491 0.038812 0 
10492 0.022750 0 
10493 0.012018 0 
10495 0.032366 0 
10496 0.017143 0 
10497 0.013853 0 
10498 0.015588 0 
10499 0.018937 0 
10500 0.029780 0 
10501 0.013680 0 
10503 0.019396 0 
10504 0.022864 0 
10505 0.048577 0 
10506 0.032424 0 
10507 0.016296 0 
10508 0.015033 0 
10509 0.028974 0 
10510 0.013086 0 
10511 0.020050 0 
10512 0.013911 0 
10513 0.025120 0 
10514 0.009001 0 
10516 0.014073 0 
10517 0.025734 0 
10518 0.009721 0 
10519 0.017286 0 
10520 0.019206 0 
10521 0.020257 0 
10522 0.020129 0 
10524 0.015708 0 
10525 0.017890 0 
10526 0.020117 0 
10527 0.021062 0 
10529 0.008335 0 
10530 0.013767 0 
10531 0.004983 0 
10532 0.023429 0 
10534 0.008939 0 
10535 0.018381 0 
10536 0.006432 0 
10537 0.016214 0 
10538 0.013799 0 
10539 0.018095 0 
10541 0.020045 0 
10542 0.023399 0 
10543 0.041388 0 
10544 0.033490 0 
10545 0.016852 0 
10546 0.015295 0 
10547 0.017582 0 
10548 0.019038 0 
10549 0.012548 0 
10551 0.020715 0 
10552 0.018771 0 
10553 0.043821 0 
10554 0.027710 0 
10555 0.017792 0 
10556 0.011107 0 
10557 0.013491 0 
10558 0.024574 0 
10559 0.022355 0 
10560 0.015403 0 
10561 0.007443 0 
10562 0.010993 0 
10563 0.020668 0 
10564 0.022484 0 
10565 0.024458 0 
10566 0.013714 0 
10567 0.024278 0 
10568 0.018603 0 
10569 0.019019 0 
10570 0.012875 0 
10571 0.024741 0 
10572 0.032574 0 
10573 0.016455 0 
10574 0.013301 0 
10575 0.023544 0 
10576 0.007581 0 
10578 0.032832 0 
10579 0.016467 0 
10580 0.019647 0 
10581 0.025528 0 
10582 0.009366 0 
10583 0.013087 0 
10584 0.010145 0 
10585 0.019551 0 
10587 0.031975 0 
10588 0.050263 0 
10589 0.034067 0 
10590 0.024921 0 
10592 0.026696 0 
10594 0.023581 0 
10595 0.031765 0 
10596 0.044879 0 
10597 0.028206 0 
10600 0.010000 0 
10601 0.011047 0 
10602 0.055560 0 
10603 0.039265 0 
10604 0.022949 0 
10605 0.014429 0 
10606 0.013648 0 
10607 0.024580 0 
10608 0.008042 0 
10609 0.008559 0 
10610 0.010375 0 
10611 0.014250 0 
10613 0.011006 0 
10615 0.013046 0 
10616 0.021564 0 
10617 0.012189 0 
10618 0.009816 0 
10619 0.019485 0 
10620 0.014786 0 
10621 0.012228 0 
10623 0.024558 0 
10624 0.015864 0 
10625 0.016466 0 
10626 0.019588 0 
10627 0.013518 0 
10628 0.012296 0 
10629 0.013494 0 
10630 0.008803 0 
10631 0.014103 0 
10632 0.032320 0 
10633 0.015989 0 
10634 0.017921 0 
10635 0.010872 0 
10636 0.010154 0 
10637 0.026769 0 
10639 0.020996 0 
10640 0.016632 0 
10641 0.016260 0 
10642 0.011755 0 
10643 0.013110 0 
10644 0.008196 0 
10645 0.011218 0 
10646 0.027912 0 
10647 0.011954 0 
10648 0.010750 0 
10650 0.030154 0 
10652 0.035616 0 
10653 0.019081 0 
10654 0.012217 0 
10655 0.009080 0 
10656 0.008337 0 
10657 0.014430 0 
10658 0.022805 0 
10660 0.015519 0 
10661 0.011892 0 
10662 0.022684 0 
10663 0.008436 0 
10665 0.023338 0 
10667 0.025205 0 
10668 0.009118 0 
10669 0.012410 0 
10671 0.016493 0 
10672 0.014070 0 
10673 0.014000 0 
10675 0.005579 0 
10676 0.010687 0 
10677 0.022963 0 
10678 0.009214 0 
10679 0.023317 0 
10680 0.021095 0 
10681 0.014364 0 
10682 0.015520 0 
10683 0.023669 0 
10684 0.007533 0 
10685 0.010352 0 
10686 0.016254 0 
10687 0.007513 0 
10688 0.025399 0 
10689 0.023561 0 
10690 0.044703 0 
10691 0.028829 0 
10692 0.019875 0 
10694 0.024568 0 
10695 0.016531 0 
10696 0.007514 0 
10697 0.009027 0 
10698 0.038098 0 
10699 0.021919 0 
10700 0.024683 0 
10702 0.011842 0 
10703 0.022556 0 
10704 0.017246 0 
10705 0.010771 0 
10706 0.019683 0 
10707 0.020576 0 
10708 0.014607 0 
10709 0.011429 0 
10710 0.011061 0 
10711 0.012067 0 
10712 0.020088 0 
10713 0.016243 0 
10715 0.012369 0 
10716 0.020605 0 
10717 0.016141 0 
10718 0.016130 0 
10719 0.017798 0 
10720 0.026561 0 
10721 0.010713 0 
10723 0.010877 0 
10724 0.013258 0 
10725 0.030057 0 
10726 0.013800 0 
10728 0.007158 0 
10729 0.020938 0 
10730 0.013105 0 
10731 0.007275 0 
10733 0.010711 0 
10734 0.019123 0 
10735 0.010469 0 
10736 0.025787 0 
10737 0.009575 0 
10738 0.015982 0 
10740 0.032367 0 
10741 0.015285 0 
10742 0.032704 0 
10743 0.016357 0 
10744 0.006214 0 
10745 0.013617 0 
10746 0.008164 0 
10747 0.013402 0 
10748 0.022255 0 
10750 0.009141 0 
10751 0.016280 0 
10752 0.006344 0 
10753 0.010343 0 
10754 0.012021 0 
10755 0.014773 0 
10756 0.016826 0 
10757 0.011141 0 
10758 0.018424 0 
10759 0.017632 0 
10760 0.008604 0 
10761 0.036269 0 
10762 0.020024 0 
10763 0.024381 0 
10764 0.029238 0 
10765 0.012674 0 
10766 0.016022 0 
10767 0.013296 0 
10768 0.014724 0 
10769 0.021265 0 
10770 0.014303 0 
10771 0.010845 0 
10772 0.009071 0 
10773 0.014659 0 
10774 0.013499 0 
10775 0.015142 0 
10777 0.009218 0 
10778 0.013130 0 
10779 0.021557 0 
10780 0.033627 0 
10781 0.016750 0 
10782 0.015144 0 
10783 0.007128 0 
10784 0.011677 0 
10786 0.068718 0 
10787 0.052402 0 
10788 0.036325 0 
10789 0.019464 0 
10791 0.006987 0 
10793 0.006227 0 
10794 0.031604 0 
10795 0.025139 0 
10796 0.012108 0 
10799 0.011177 0 
10800 0.016647 0 
10801 0.043695 0 
10802 0.027653 0 
10803 0.019606 0 
10804 0.019894 0 
10805 0.020232 0 
10806 0.013537 0 
10807 0.013875 0 
10808 0.011254 0 
10809 0.020542 0 
10810 0.017735 0 
10812 0.028792 0 
10814 0.033425 0 
10815 0.024769 0 
10816 0.030864 0 
10817 0.019075 0 
10818 0.023120 0 
10819 0.015960 0 
10820 0.010552 0 
10822 0.022113 0 
10823 0.018142 0 
10824 0.034396 0 
10825 0.018811 0 
10826 0.028735 0 
10827 0.016320 0 
10828 0.009787 0 
10829 0.025048 0 
10830 0.044847 0 
10831 0.040792 0 
10832 0.036038 0 
10833 0.025055 0 
10834 0.016800 0 
10835 0.029261 0 
10836 0.020357 0 
10838 0.016606 0 
10839 0.014696 0 
10840 0.015066 0 
10841 0.010719 0 
10842 0.020351 0 
10843 0.035958 0 
10844 0.019946 0 
10845 0.017233 0 
10846 0.020941 0 
10847 0.023335 0 
10849 0.034012 0 
10851 0.019319 0 
10852 0.023432 0 
10853 0.012108 0 
10854 0.015091 0 
10855 0.019091 0 
10856 0.011407 0 
10857 0.014326 0 
10859 0.011567 0 
10860 0.023239 0 
10861 0.007440 0 
10862 0.025555 0 
10864 0.022368 0 
10866 0.009132 0 
10867 0.040779 0 
10868 0.024786 0 
10870 0.014978 0 
10871 0.013341 0 
10872 0.039968 0 
10874 0.032278 0 
10875 0.016278 0 
10876 0.010769 0 
10877 0.010704 0 
10878 0.007023 0 
10879 0.015200 0 
10880 0.026885 0 
10881 0.010668 0 
10882 0.013031 0 
10883 0.008933 0 
10884 0.027359 0 
10885 0.059392 0 
10886 0.042157 0 
10887 0.026325 0 
10888 0.058479 0 
10889 0.042862 0 
10890 0.063220 0 
10891 0.046818 0 
10893 0.021517 0 
10894 0.034810 0 
10895 0.018442 0 
10896 0.013844 0 
10897 0.017013 0 
10898 0.021001 0 
10899 0.019026 0 
10901 0.021361 0 
10902 0.016057 0 
10903 0.021133 0 
10904 0.020579 0 
10905 0.014666 0 
10906 0.030000 0 
10907 0.014218 0 
10908 0.018496 0 
10909 0.020119 0 
10910 0.030168 0 
10911 0.026163 0 
10912 0.011153 0 
10914 0.012429 0 
10915 0.033118 0 
10916 0.017076 0 
10917 0.008626 0 
