2024-09-02 18:52:33
../stream-replay/logs/rtt-6205@128.txt
1 0.400087 0 
2 0.390341 0 
7 0.307424 0 
8 0.298368 0 
9 0.287474 0 
10 0.271301 0 
11 0.253818 0 
12 0.253864 0 
13 0.235385 0 
14 0.218924 0 
15 0.212247 0 
16 0.196615 0 
17 0.189207 0 
18 0.172638 0 
19 0.155451 0 
20 0.152109 0 
21 0.134688 0 
22 0.118948 0 
23 0.109987 0 
24 0.091875 0 
25 0.075962 0 
26 0.059428 0 
27 0.057927 0 
28 0.041470 0 
29 0.025580 0 
31 0.009327 0 
32 0.010337 0 
33 0.009577 0 
34 0.012788 0 
35 0.008433 0 
36 0.009915 0 
37 0.007065 0 
38 0.015383 0 
40 0.021924 0 
41 0.008578 0 
42 0.008924 0 
43 0.005953 0 
45 0.005396 0 
47 0.015945 0 
48 0.016101 0 
49 0.022634 0 
50 0.014856 0 
53 0.013074 0 
54 0.013050 0 
55 0.046172 0 
56 0.032790 0 
57 0.016157 0 
58 0.018060 0 
59 0.012768 0 
60 0.018783 0 
61 0.022830 0 
62 0.010188 0 
63 0.007291 0 
64 0.009324 0 
66 0.011666 0 
68 0.016819 0 
69 0.011311 0 
70 0.035431 0 
71 0.019166 0 
72 0.010818 0 
73 0.011410 0 
74 0.008355 0 
76 0.009802 0 
77 0.018242 0 
78 0.007515 0 
79 0.010313 0 
80 0.011288 0 
81 0.012828 0 
82 0.010156 0 
83 0.010308 0 
84 0.009164 0 
85 0.008917 0 
86 0.008534 0 
87 0.007827 0 
88 0.009387 0 
89 0.006888 0 
90 0.009325 0 
92 0.014688 0 
93 0.023194 0 
94 0.019518 0 
95 0.008209 0 
96 0.014878 0 
97 0.014745 0 
98 0.013022 0 
99 0.015455 0 
100 0.009659 0 
101 0.016568 0 
103 0.028700 0 
105 0.013443 0 
106 0.015071 0 
107 0.011840 0 
108 0.017296 0 
109 0.011870 0 
110 0.017699 0 
111 0.011882 0 
113 0.020760 0 
114 0.013171 0 
115 0.010602 0 
116 0.008277 0 
118 0.031684 0 
120 0.021822 0 
121 0.009327 0 
122 0.008335 0 
124 0.018595 0 
125 0.017243 0 
126 0.016103 0 
128 0.033997 0 
129 0.015740 0 
130 0.012307 0 
131 0.023592 0 
132 0.017803 0 
133 0.016998 0 
134 0.017753 0 
135 0.010481 0 
136 0.012971 0 
137 0.012672 0 
138 0.030176 0 
139 0.013852 0 
140 0.010427 0 
141 0.011006 0 
142 0.013381 0 
143 0.012823 0 
144 0.021097 0 
145 0.012218 0 
147 0.021261 0 
148 0.014599 0 
149 0.009244 0 
150 0.021098 0 
151 0.020139 0 
152 0.015837 0 
153 0.014315 0 
155 0.017745 0 
156 0.016900 0 
157 0.009051 0 
158 0.017247 0 
159 0.019784 0 
160 0.017769 0 
161 0.014760 0 
162 0.012397 0 
163 0.016708 0 
164 0.012333 0 
165 0.012676 0 
166 0.012867 0 
168 0.020015 0 
169 0.038332 0 
170 0.021955 0 
171 0.024221 0 
172 0.011782 0 
173 0.010792 0 
174 0.009612 0 
176 0.012579 0 
177 0.021072 0 
178 0.012855 0 
179 0.015889 0 
181 0.011587 0 
182 0.012552 0 
183 0.018691 0 
184 0.018656 0 
186 0.024101 0 
187 0.019183 0 
188 0.010283 0 
189 0.022631 0 
190 0.013879 0 
191 0.007819 0 
193 0.027355 0 
194 0.022450 0 
195 0.029611 0 
196 0.015418 0 
197 0.011901 0 
198 0.011262 0 
199 0.018585 0 
200 0.013257 0 
201 0.012216 0 
203 0.018769 0 
204 0.010718 0 
205 0.015663 0 
206 0.013848 0 
207 0.012954 0 
208 0.009640 0 
209 0.013451 0 
210 0.009949 0 
211 0.018615 0 
212 0.010687 0 
213 0.007315 0 
214 0.014749 0 
215 0.019690 0 
216 0.013070 0 
217 0.017453 0 
218 0.018430 0 
219 0.022986 0 
220 0.009246 0 
221 0.017897 0 
222 0.018785 0 
223 0.018116 0 
224 0.010734 0 
225 0.018775 0 
226 0.030373 0 
227 0.015637 0 
228 0.014757 0 
230 0.010652 0 
231 0.031766 0 
232 0.015139 0 
233 0.009293 0 
234 0.006672 0 
235 0.006937 0 
236 0.011222 0 
237 0.009355 0 
239 0.015212 0 
240 0.010160 0 
241 0.005609 0 
242 0.011858 0 
244 0.007442 0 
246 0.019340 0 
247 0.017563 0 
248 0.022374 0 
249 0.009454 0 
252 0.010923 0 
253 0.025979 0 
254 0.041893 0 
255 0.025186 0 
256 0.011626 0 
257 0.009062 0 
258 0.016642 0 
259 0.012737 0 
260 0.010488 0 
261 0.012461 0 
262 0.012929 0 
263 0.019868 0 
265 0.019506 0 
267 0.025960 0 
268 0.011956 0 
269 0.019267 0 
270 0.011193 0 
271 0.014755 0 
272 0.011477 0 
273 0.012360 0 
275 0.016945 0 
276 0.016010 0 
277 0.009559 0 
278 0.020910 0 
279 0.011420 0 
280 0.010316 0 
281 0.011624 0 
282 0.028108 0 
283 0.014302 0 
284 0.027370 0 
285 0.017510 0 
286 0.014863 0 
287 0.017613 0 
288 0.010247 0 
289 0.010843 0 
291 0.046424 0 
292 0.032533 0 
293 0.021677 0 
294 0.014184 0 
295 0.016028 0 
296 0.011179 0 
297 0.012697 0 
298 0.014274 0 
299 0.015118 0 
300 0.013700 0 
302 0.029428 0 
304 0.008076 0 
305 0.013924 0 
306 0.015507 0 
307 0.013785 0 
308 0.016159 0 
309 0.017792 0 
310 0.013262 0 
312 0.023934 0 
313 0.010192 0 
314 0.009894 0 
315 0.020068 0 
317 0.031799 0 
319 0.016578 0 
320 0.012491 0 
321 0.012139 0 
323 0.021731 0 
324 0.019430 0 
325 0.016605 0 
327 0.017641 0 
328 0.018670 0 
329 0.014261 0 
330 0.013917 0 
331 0.010127 0 
332 0.021390 0 
333 0.017953 0 
334 0.013590 0 
335 0.017555 0 
336 0.017107 0 
337 0.017242 0 
338 0.014866 0 
339 0.015472 0 
340 0.029705 0 
341 0.020441 0 
342 0.021581 0 
343 0.013197 0 
344 0.007180 0 
346 0.026339 0 
347 0.014905 0 
348 0.017296 0 
349 0.013130 0 
350 0.011358 0 
351 0.016552 0 
352 0.017825 0 
354 0.015966 0 
355 0.018001 0 
356 0.015337 0 
357 0.008783 0 
358 0.026520 0 
359 0.010405 0 
360 0.013940 0 
361 0.007308 0 
362 0.014537 0 
363 0.010229 0 
364 0.014002 0 
365 0.011628 0 
367 0.017523 0 
368 0.015364 0 
369 0.011260 0 
370 0.031648 0 
371 0.015406 0 
372 0.007184 0 
373 0.008079 0 
375 0.011433 0 
376 0.009381 0 
377 0.025637 0 
378 0.022569 0 
380 0.017077 0 
381 0.019939 0 
382 0.014551 0 
383 0.009022 0 
385 0.020986 0 
386 0.016740 0 
387 0.010118 0 
388 0.011299 0 
389 0.016458 0 
390 0.012604 0 
392 0.017995 0 
393 0.015203 0 
394 0.037437 0 
395 0.021076 0 
396 0.010618 0 
397 0.011346 0 
398 0.013099 0 
399 0.008055 0 
400 0.011810 0 
402 0.018481 0 
403 0.012504 0 
404 0.020887 0 
405 0.010370 0 
406 0.010158 0 
407 0.018818 0 
408 0.010472 0 
409 0.016564 0 
410 0.009724 0 
411 0.010175 0 
412 0.011616 0 
413 0.020759 0 
414 0.015361 0 
415 0.009310 0 
416 0.013446 0 
417 0.009856 0 
418 0.022940 0 
419 0.011289 0 
420 0.012797 0 
421 0.012914 0 
422 0.012254 0 
423 0.011261 0 
424 0.013808 0 
425 0.016172 0 
426 0.011767 0 
427 0.007224 0 
429 0.019690 0 
430 0.015656 0 
431 0.019553 0 
432 0.015708 0 
433 0.012385 0 
434 0.020753 0 
435 0.007472 0 
436 0.015794 0 
438 0.050192 0 
439 0.033470 0 
440 0.017285 0 
441 0.008436 0 
443 0.006400 0 
445 0.020392 0 
446 0.021549 0 
447 0.028056 0 
448 0.011911 0 
451 0.016064 0 
452 0.012194 0 
453 0.011690 0 
454 0.034695 0 
455 0.018378 0 
456 0.015026 0 
457 0.008085 0 
458 0.020179 0 
459 0.008836 0 
460 0.012155 0 
461 0.011444 0 
462 0.018636 0 
464 0.018421 0 
466 0.021125 0 
467 0.014017 0 
468 0.019142 0 
469 0.011785 0 
470 0.006990 0 
471 0.008551 0 
472 0.007333 0 
474 0.009639 0 
475 0.013415 0 
476 0.006663 0 
477 0.007285 0 
478 0.008760 0 
479 0.006775 0 
480 0.010242 0 
481 0.007546 0 
482 0.008777 0 
483 0.011393 0 
484 0.009553 0 
485 0.010368 0 
486 0.008887 0 
487 0.009460 0 
488 0.008173 0 
490 0.018045 0 
491 0.012974 0 
492 0.027556 0 
493 0.017288 0 
494 0.008252 0 
495 0.010116 0 
496 0.014622 0 
497 0.009768 0 
498 0.010430 0 
499 0.010096 0 
501 0.027796 0 
503 0.016389 0 
504 0.011484 0 
505 0.011261 0 
506 0.010922 0 
507 0.018448 0 
508 0.018200 0 
509 0.014536 0 
511 0.026118 0 
512 0.021684 0 
513 0.011362 0 
514 0.010133 0 
516 0.039356 0 
518 0.023778 0 
519 0.018401 0 
520 0.022334 0 
522 0.017853 0 
523 0.019848 0 
524 0.017446 0 
526 0.013372 0 
527 0.011620 0 
528 0.018638 0 
529 0.010704 0 
530 0.013448 0 
531 0.012519 0 
532 0.014157 0 
533 0.008341 0 
534 0.013313 0 
535 0.010584 0 
536 0.024553 0 
537 0.013523 0 
538 0.014069 0 
539 0.016038 0 
540 0.017112 0 
541 0.012602 0 
542 0.010878 0 
543 0.010946 0 
545 0.021453 0 
546 0.016097 0 
547 0.014220 0 
548 0.011475 0 
549 0.019311 0 
550 0.014486 0 
551 0.015129 0 
553 0.022044 0 
554 0.015455 0 
555 0.014380 0 
556 0.017483 0 
557 0.011638 0 
558 0.010243 0 
559 0.014155 0 
560 0.011787 0 
561 0.018352 0 
562 0.013468 0 
563 0.012892 0 
564 0.012833 0 
566 0.023587 0 
567 0.025341 0 
568 0.015036 0 
569 0.018440 0 
570 0.013186 0 
571 0.008495 0 
572 0.025638 0 
574 0.010955 0 
575 0.020759 0 
576 0.017517 0 
577 0.013645 0 
579 0.016426 0 
580 0.007227 0 
581 0.007618 0 
582 0.015187 0 
584 0.019570 0 
585 0.021028 0 
586 0.010133 0 
587 0.011880 0 
588 0.012102 0 
589 0.013954 0 
591 0.039953 0 
592 0.027014 0 
593 0.010497 0 
594 0.009569 0 
595 0.015241 0 
596 0.008264 0 
597 0.013285 0 
598 0.012655 0 
599 0.014240 0 
601 0.025101 0 
602 0.016274 0 
603 0.018407 0 
604 0.018454 0 
605 0.012191 0 
606 0.011210 0 
607 0.012213 0 
608 0.010505 0 
609 0.024834 0 
610 0.015998 0 
611 0.020474 0 
612 0.013102 0 
613 0.018372 0 
614 0.012457 0 
615 0.012128 0 
616 0.012086 0 
617 0.024481 0 
618 0.016686 0 
619 0.011253 0 
620 0.013289 0 
621 0.016938 0 
622 0.013657 0 
623 0.016640 0 
624 0.013219 0 
625 0.014109 0 
626 0.011931 0 
628 0.022621 0 
629 0.017743 0 
630 0.011973 0 
631 0.014004 0 
632 0.013704 0 
633 0.017574 0 
634 0.018288 0 
635 0.019198 0 
637 0.035933 0 
638 0.019327 0 
639 0.004673 0 
640 0.005450 0 
642 0.008306 0 
644 0.024781 0 
645 0.019922 0 
646 0.026638 0 
647 0.014988 0 
650 0.019640 0 
651 0.015218 0 
652 0.014672 0 
653 0.030910 0 
654 0.026009 0 
655 0.011693 0 
656 0.018894 0 
657 0.013828 0 
658 0.016583 0 
659 0.015427 0 
660 0.011223 0 
661 0.018472 0 
663 0.017773 0 
665 0.032996 0 
666 0.016968 0 
667 0.012236 0 
668 0.011251 0 
669 0.015669 0 
670 0.017284 0 
671 0.015710 0 
673 0.014195 0 
674 0.014499 0 
675 0.007013 0 
676 0.010820 0 
677 0.006079 0 
678 0.012313 0 
679 0.020473 0 
680 0.015056 0 
681 0.009774 0 
682 0.014114 0 
683 0.021400 0 
684 0.016168 0 
685 0.018343 0 
686 0.014479 0 
687 0.013759 0 
689 0.034453 0 
690 0.032933 0 
691 0.026023 0 
692 0.011212 0 
693 0.012945 0 
694 0.011258 0 
695 0.008542 0 
696 0.017210 0 
697 0.013748 0 
698 0.013011 0 
700 0.024885 0 
702 0.011907 0 
703 0.009073 0 
704 0.012500 0 
705 0.023025 0 
706 0.013759 0 
707 0.021407 0 
708 0.015210 0 
710 0.019601 0 
711 0.015218 0 
712 0.018899 0 
713 0.006961 0 
715 0.019707 0 
717 0.017309 0 
718 0.011413 0 
719 0.008762 0 
721 0.016522 0 
722 0.014443 0 
723 0.012090 0 
725 0.008282 0 
726 0.021275 0 
727 0.007491 0 
728 0.009185 0 
729 0.010979 0 
730 0.009103 0 
731 0.031026 0 
732 0.014386 0 
733 0.014798 0 
734 0.010965 0 
735 0.009312 0 
736 0.006815 0 
737 0.006623 0 
738 0.013296 0 
739 0.010005 0 
740 0.020420 0 
741 0.013846 0 
742 0.012202 0 
744 0.030995 0 
745 0.014538 0 
746 0.011478 0 
747 0.014843 0 
748 0.015840 0 
749 0.018589 0 
750 0.016778 0 
752 0.015382 0 
753 0.012152 0 
754 0.022274 0 
755 0.015391 0 
756 0.010578 0 
757 0.020004 0 
758 0.013068 0 
759 0.012415 0 
760 0.013950 0 
761 0.013538 0 
762 0.010344 0 
763 0.010231 0 
765 0.019850 0 
766 0.017152 0 
767 0.008823 0 
768 0.017085 0 
769 0.007615 0 
770 0.017524 0 
771 0.010230 0 
773 0.013926 0 
774 0.013797 0 
775 0.016177 0 
776 0.023406 0 
778 0.011656 0 
779 0.008644 0 
780 0.008808 0 
781 0.010977 0 
783 0.023242 0 
784 0.019697 0 
785 0.011206 0 
786 0.008610 0 
787 0.014352 0 
788 0.014642 0 
790 0.017861 0 
791 0.018492 0 
792 0.019055 0 
793 0.011015 0 
794 0.008524 0 
795 0.018527 0 
796 0.019012 0 
797 0.016589 0 
798 0.010991 0 
800 0.020995 0 
801 0.016169 0 
802 0.013419 0 
803 0.020630 0 
804 0.010904 0 
805 0.020521 0 
806 0.016374 0 
807 0.012275 0 
808 0.017126 0 
809 0.013508 0 
810 0.013082 0 
811 0.014046 0 
812 0.029729 0 
813 0.025974 0 
814 0.011526 0 
815 0.009769 0 
816 0.014339 0 
817 0.012290 0 
818 0.021814 0 
819 0.014212 0 
820 0.012522 0 
821 0.012802 0 
822 0.009190 0 
823 0.013106 0 
824 0.013506 0 
825 0.016457 0 
827 0.020272 0 
828 0.017867 0 
829 0.010876 0 
830 0.009925 0 
831 0.016264 0 
832 0.008531 0 
833 0.014217 0 
834 0.017668 0 
836 0.036337 0 
837 0.023331 0 
838 0.007172 0 
839 0.011513 0 
841 0.007633 0 
843 0.023475 0 
844 0.030206 0 
845 0.021511 0 
846 0.016199 0 
849 0.022237 0 
850 0.019504 0 
851 0.012772 0 
852 0.035555 0 
853 0.024823 0 
854 0.013352 0 
855 0.012215 0 
856 0.018324 0 
857 0.015711 0 
858 0.009914 0 
859 0.015757 0 
860 0.011835 0 
862 0.027141 0 
864 0.033615 0 
865 0.017253 0 
866 0.011725 0 
867 0.011208 0 
868 0.012546 0 
869 0.012903 0 
870 0.011305 0 
872 0.024611 0 
873 0.019304 0 
874 0.028734 0 
875 0.022329 0 
876 0.014621 0 
877 0.010737 0 
878 0.010469 0 
879 0.016958 0 
880 0.011924 0 
881 0.021905 0 
882 0.029445 0 
883 0.020209 0 
884 0.011964 0 
885 0.020943 0 
886 0.019967 0 
888 0.031261 0 
889 0.035273 0 
890 0.019066 0 
891 0.010111 0 
892 0.014503 0 
893 0.015274 0 
894 0.012962 0 
895 0.011767 0 
896 0.014072 0 
897 0.015778 0 
899 0.031726 0 
901 0.010677 0 
902 0.024584 0 
903 0.015747 0 
904 0.015726 0 
905 0.013732 0 
906 0.014077 0 
907 0.012223 0 
909 0.012544 0 
910 0.016041 0 
911 0.008337 0 
912 0.009212 0 
914 0.023742 0 
916 0.011433 0 
917 0.042918 0 
918 0.026707 0 
920 0.018562 0 
921 0.010730 0 
922 0.013869 0 
924 0.014218 0 
925 0.012978 0 
926 0.016056 0 
927 0.016639 0 
928 0.010084 0 
929 0.017646 0 
930 0.022696 0 
931 0.013868 0 
932 0.021012 0 
933 0.012763 0 
934 0.016102 0 
935 0.019339 0 
936 0.018557 0 
937 0.017673 0 
938 0.009719 0 
939 0.011576 0 
940 0.007641 0 
941 0.009871 0 
943 0.021239 0 
944 0.012043 0 
945 0.012518 0 
946 0.015031 0 
947 0.011462 0 
948 0.018833 0 
949 0.024719 0 
951 0.011045 0 
952 0.018908 0 
953 0.020790 0 
954 0.012173 0 
955 0.007588 0 
956 0.013425 0 
957 0.012451 0 
958 0.008544 0 
959 0.007692 0 
960 0.011153 0 
961 0.010947 0 
962 0.009800 0 
964 0.017562 0 
965 0.009329 0 
966 0.007952 0 
967 0.015993 0 
968 0.011093 0 
969 0.008197 0 
970 0.007829 0 
972 0.008569 0 
973 0.011535 0 
974 0.011690 0 
975 0.013790 0 
977 0.006983 0 
978 0.014359 0 
979 0.008147 0 
980 0.014203 0 
982 0.011446 0 
983 0.012827 0 
984 0.007979 0 
985 0.013414 0 
986 0.024843 0 
987 0.019302 0 
989 0.028661 0 
990 0.016732 0 
991 0.017255 0 
992 0.010389 0 
993 0.010271 0 
994 0.015025 0 
995 0.038455 0 
996 0.022042 0 
997 0.017760 0 
999 0.019213 0 
1000 0.015133 0 
1001 0.009342 0 
1002 0.017000 0 
1003 0.024412 0 
1004 0.013515 0 
1005 0.014392 0 
1006 0.013336 0 
1007 0.022410 0 
1008 0.016397 0 
1009 0.012927 0 
1010 0.012863 0 
1011 0.009342 0 
1012 0.017153 0 
1013 0.018488 0 
1014 0.014147 0 
1015 0.016939 0 
1016 0.011115 0 
1017 0.011730 0 
1018 0.010744 0 
1019 0.010654 0 
1020 0.012697 0 
1021 0.014273 0 
1022 0.012501 0 
1023 0.022617 0 
1024 0.016663 0 
1026 0.018743 0 
1027 0.018264 0 
1028 0.012857 0 
1029 0.007803 0 
1030 0.014697 0 
1031 0.018392 0 
1032 0.015774 0 
1033 0.012645 0 
1035 0.036265 0 
1036 0.019841 0 
1037 0.008897 0 
1038 0.011312 0 
1040 0.007103 0 
1042 0.031194 0 
1043 0.018261 0 
1044 0.017577 0 
1045 0.013139 0 
1048 0.022384 0 
1049 0.015884 0 
1050 0.011400 0 
1051 0.037095 0 
1052 0.021938 0 
1053 0.024615 0 
1054 0.014720 0 
1055 0.015354 0 
1056 0.016273 0 
1057 0.019245 0 
1058 0.010754 0 
1059 0.015584 0 
1061 0.025966 0 
1063 0.026992 0 
1064 0.019268 0 
1065 0.011972 0 
1066 0.018940 0 
1067 0.014496 0 
1068 0.010207 0 
1069 0.011063 0 
1071 0.019342 0 
1072 0.032021 0 
1073 0.016037 0 
1074 0.012425 0 
1075 0.011213 0 
1076 0.016687 0 
1077 0.014164 0 
1078 0.020326 0 
1079 0.044496 0 
1080 0.027107 0 
1081 0.011120 0 
1082 0.015758 0 
1083 0.014422 0 
1084 0.009470 0 
1085 0.014094 0 
1087 0.029278 0 
1088 0.026423 0 
1089 0.020975 0 
1090 0.010339 0 
1091 0.017732 0 
1092 0.014232 0 
1093 0.012862 0 
1094 0.014184 0 
1095 0.010905 0 
1096 0.006240 0 
1098 0.022908 0 
1100 0.011171 0 
1101 0.014607 0 
1102 0.016437 0 
1103 0.012332 0 
1104 0.016108 0 
1105 0.018623 0 
1106 0.017247 0 
1108 0.018549 0 
1109 0.022349 0 
1110 0.035320 0 
1111 0.019765 0 
1113 0.023238 0 
1115 0.018592 0 
1116 0.012097 0 
1117 0.009674 0 
1119 0.018171 0 
1120 0.016954 0 
1121 0.011632 0 
1123 0.012074 0 
1124 0.015017 0 
1125 0.012522 0 
1126 0.009043 0 
1127 0.009454 0 
1128 0.015679 0 
1129 0.015903 0 
1130 0.015699 0 
1131 0.013293 0 
1132 0.012399 0 
1133 0.010479 0 
1134 0.009414 0 
1135 0.017392 0 
1136 0.011788 0 
1137 0.025192 0 
1138 0.011353 0 
1139 0.022292 0 
1140 0.022136 0 
1142 0.019191 0 
1143 0.009815 0 
1144 0.010498 0 
1145 0.017833 0 
1146 0.026314 0 
1147 0.021904 0 
1148 0.017004 0 
1150 0.020197 0 
1151 0.014657 0 
1152 0.014046 0 
1153 0.012235 0 
1154 0.017583 0 
1155 0.012998 0 
1156 0.015893 0 
1157 0.014611 0 
1158 0.009299 0 
1159 0.022753 0 
1160 0.018601 0 
1161 0.020315 0 
1163 0.019751 0 
1164 0.022754 0 
1165 0.023138 0 
1166 0.021261 0 
1167 0.015285 0 
1168 0.007425 0 
1169 0.013721 0 
1171 0.015407 0 
1172 0.029434 0 
1173 0.020229 0 
1174 0.033769 0 
1176 0.016313 0 
1177 0.024028 0 
1178 0.030268 0 
1179 0.014071 0 
1181 0.019920 0 
1182 0.019106 0 
1183 0.012701 0 
1184 0.012980 0 
1185 0.011125 0 
1186 0.011375 0 
1188 0.016895 0 
1189 0.013359 0 
1190 0.019461 0 
1191 0.009447 0 
1192 0.012211 0 
1193 0.014781 0 
1194 0.022610 0 
1195 0.015050 0 
1196 0.019315 0 
1198 0.011127 0 
1199 0.007900 0 
1200 0.009076 0 
1201 0.007504 0 
1202 0.019797 0 
1203 0.014070 0 
1204 0.021068 0 
1205 0.013111 0 
1206 0.016849 0 
1207 0.011870 0 
1208 0.007947 0 
1209 0.011497 0 
1210 0.016742 0 
1211 0.008880 0 
1212 0.010727 0 
1213 0.011738 0 
1214 0.009976 0 
1215 0.009996 0 
1216 0.007079 0 
1217 0.010893 0 
1218 0.009628 0 
1219 0.011798 0 
1220 0.012235 0 
1221 0.017316 0 
1222 0.009804 0 
1223 0.012105 0 
1225 0.009644 0 
1226 0.011962 0 
1227 0.020267 0 
1228 0.013794 0 
1229 0.012559 0 
1230 0.012991 0 
1231 0.018329 0 
1232 0.014520 0 
1234 0.038648 0 
1235 0.022177 0 
1236 0.014537 0 
1237 0.010186 0 
1239 0.009912 0 
1241 0.023767 0 
1242 0.028221 0 
1243 0.032877 0 
1244 0.020831 0 
1247 0.030073 0 
1248 0.019715 0 
1249 0.020701 0 
1250 0.040007 0 
1251 0.027251 0 
1252 0.018971 0 
1253 0.013503 0 
1254 0.014742 0 
1255 0.017030 0 
1256 0.016072 0 
1257 0.011054 0 
1258 0.013543 0 
1260 0.019043 0 
1262 0.022799 0 
1263 0.009679 0 
1264 0.009394 0 
1265 0.011232 0 
1266 0.013259 0 
1267 0.014011 0 
1268 0.008516 0 
1270 0.016128 0 
1271 0.019740 0 
1272 0.009749 0 
1273 0.015172 0 
1274 0.013216 0 
1275 0.009342 0 
1276 0.017416 0 
1277 0.011989 0 
1278 0.012250 0 
1279 0.018775 0 
1280 0.010554 0 
1281 0.008043 0 
1282 0.017572 0 
1283 0.009937 0 
1284 0.012878 0 
1286 0.038321 0 
1287 0.041999 0 
1288 0.052228 0 
1289 0.035981 0 
1290 0.019355 0 
1291 0.017496 0 
1292 0.014580 0 
1293 0.016491 0 
1294 0.014863 0 
1295 0.018348 0 
1297 0.024935 0 
1299 0.019816 0 
1300 0.012406 0 
1301 0.017676 0 
1302 0.006838 0 
1303 0.007601 0 
1304 0.016931 0 
1305 0.012490 0 
1307 0.022429 0 
1308 0.015133 0 
1309 0.013375 0 
1310 0.016392 0 
1312 0.035971 0 
1314 0.022787 0 
1315 0.013586 0 
1316 0.012658 0 
1318 0.024646 0 
1319 0.008520 0 
1320 0.018860 0 
1322 0.013618 0 
1323 0.014751 0 
1324 0.007454 0 
1325 0.013112 0 
1326 0.010919 0 
1327 0.018395 0 
1328 0.015597 0 
1329 0.012870 0 
1330 0.013089 0 
1331 0.011634 0 
1332 0.020190 0 
1333 0.014775 0 
1334 0.013840 0 
1335 0.011274 0 
1336 0.016187 0 
1337 0.014734 0 
1338 0.023342 0 
1339 0.011661 0 
1341 0.026547 0 
1342 0.013565 0 
1343 0.010603 0 
1344 0.011395 0 
1345 0.017475 0 
1346 0.019371 0 
1347 0.014694 0 
1349 0.013435 0 
1350 0.012811 0 
1351 0.011660 0 
1352 0.012337 0 
1353 0.008845 0 
1354 0.017607 0 
1355 0.012463 0 
1356 0.016695 0 
1357 0.010818 0 
1358 0.013970 0 
1359 0.012130 0 
1360 0.017013 0 
1362 0.023786 0 
1363 0.022427 0 
1364 0.017043 0 
1365 0.016887 0 
1366 0.012396 0 
1367 0.009309 0 
1368 0.014293 0 
1370 0.016204 0 
1371 0.021896 0 
1372 0.019858 0 
1373 0.018466 0 
1375 0.008189 0 
1376 0.026210 0 
1377 0.021363 0 
1378 0.015904 0 
1380 0.012470 0 
1381 0.015930 0 
1382 0.020763 0 
1383 0.040757 0 
1384 0.026908 0 
1385 0.010638 0 
1387 0.015582 0 
1388 0.018376 0 
1389 0.030225 0 
1390 0.018867 0 
1391 0.009448 0 
1392 0.013681 0 
1393 0.033022 0 
1394 0.016645 0 
1395 0.022524 0 
1397 0.018102 0 
1398 0.017289 0 
1399 0.017105 0 
1400 0.022933 0 
1401 0.020179 0 
1402 0.014867 0 
1403 0.023542 0 
1404 0.014771 0 
1405 0.017696 0 
1406 0.015884 0 
1407 0.015233 0 
1408 0.017920 0 
1409 0.011892 0 
1410 0.011397 0 
1411 0.014596 0 
1412 0.018721 0 
1413 0.020770 0 
1414 0.010809 0 
1415 0.011014 0 
1416 0.009933 0 
1417 0.011654 0 
1418 0.017013 0 
1419 0.021637 0 
1420 0.015645 0 
1421 0.018599 0 
1422 0.014444 0 
1424 0.013555 0 
1425 0.009726 0 
1426 0.008355 0 
1427 0.012502 0 
1428 0.017099 0 
1429 0.012339 0 
1430 0.016353 0 
1431 0.021818 0 
1433 0.032309 0 
1434 0.018245 0 
1435 0.008158 0 
1436 0.008123 0 
1438 0.010646 0 
1440 0.032468 0 
1441 0.027991 0 
1442 0.017356 0 
1443 0.013414 0 
1446 0.012734 0 
1447 0.012887 0 
1448 0.012846 0 
1449 0.031839 0 
1450 0.015513 0 
1451 0.011666 0 
1452 0.008454 0 
1453 0.011827 0 
1454 0.010023 0 
1455 0.009852 0 
1456 0.018404 0 
1457 0.011185 0 
1459 0.011306 0 
1461 0.013671 0 
1462 0.007639 0 
1463 0.008595 0 
1464 0.007690 0 
1465 0.015956 0 
1466 0.008680 0 
1467 0.008574 0 
1469 0.025558 0 
1470 0.018935 0 
1471 0.011170 0 
1472 0.016905 0 
1473 0.020376 0 
1474 0.011578 0 
1475 0.010811 0 
1476 0.016515 0 
1477 0.014989 0 
1478 0.022533 0 
1479 0.016165 0 
1480 0.006418 0 
1481 0.017391 0 
1482 0.010264 0 
1483 0.021865 0 
1485 0.025595 0 
1486 0.028343 0 
1487 0.012114 0 
1488 0.014842 0 
1489 0.011491 0 
1490 0.010809 0 
1491 0.015860 0 
1492 0.012102 0 
1493 0.010072 0 
1494 0.007603 0 
1496 0.032103 0 
1498 0.009844 0 
1499 0.027026 0 
1500 0.018885 0 
1501 0.010708 0 
1502 0.008819 0 
1503 0.015298 0 
1504 0.017353 0 
1506 0.020409 0 
1507 0.013959 0 
1508 0.011961 0 
1509 0.019495 0 
1511 0.028600 0 
1513 0.015887 0 
1514 0.012688 0 
1515 0.010430 0 
1517 0.018258 0 
1518 0.015019 0 
1519 0.015217 0 
1521 0.013173 0 
1522 0.018916 0 
1523 0.008648 0 
1524 0.009566 0 
1525 0.013671 0 
1526 0.018617 0 
1527 0.014738 0 
1528 0.014383 0 
1529 0.016227 0 
1530 0.011834 0 
1531 0.016653 0 
1532 0.011047 0 
1533 0.010828 0 
1534 0.010144 0 
1535 0.023085 0 
1536 0.016192 0 
1537 0.012895 0 
1538 0.012170 0 
1540 0.026810 0 
1541 0.011969 0 
1542 0.011272 0 
1543 0.015547 0 
1544 0.025909 0 
1545 0.027593 0 
1546 0.011023 0 
1548 0.016795 0 
1549 0.019043 0 
1550 0.011126 0 
1551 0.017632 0 
1552 0.011570 0 
1553 0.022430 0 
1554 0.022516 0 
1555 0.025646 0 
1556 0.015159 0 
1557 0.011981 0 
1558 0.013007 0 
1559 0.012814 0 
1561 0.017248 0 
1562 0.017628 0 
1563 0.010292 0 
1564 0.020289 0 
1565 0.016714 0 
1566 0.022153 0 
1567 0.022847 0 
1569 0.016155 0 
1570 0.025525 0 
1571 0.011335 0 
1572 0.020089 0 
1574 0.015193 0 
1575 0.019305 0 
1576 0.017463 0 
1577 0.013114 0 
1579 0.025341 0 
1580 0.020181 0 
1581 0.007985 0 
1582 0.008274 0 
1583 0.010760 0 
1584 0.009600 0 
1586 0.009999 0 
1587 0.020720 0 
1588 0.015249 0 
1589 0.016625 0 
1590 0.009991 0 
1591 0.011595 0 
1592 0.025598 0 
1593 0.009340 0 
1594 0.009271 0 
1596 0.023423 0 
1597 0.011923 0 
1598 0.019792 0 
1599 0.018463 0 
1600 0.010575 0 
1601 0.011280 0 
1602 0.007691 0 
1603 0.010865 0 
1604 0.018300 0 
1605 0.013953 0 
1606 0.012042 0 
1607 0.009634 0 
1608 0.015283 0 
1609 0.008029 0 
1610 0.013347 0 
1611 0.019250 0 
1612 0.022874 0 
1613 0.014960 0 
1614 0.010911 0 
1615 0.015396 0 
1616 0.016414 0 
1617 0.014420 0 
1618 0.014743 0 
1619 0.014490 0 
1620 0.011310 0 
1621 0.018065 0 
1623 0.019532 0 
1624 0.019518 0 
1625 0.013889 0 
1626 0.013060 0 
1627 0.011530 0 
1628 0.015195 0 
1629 0.017507 0 
1630 0.016531 0 
1632 0.029260 0 
1633 0.014364 0 
1634 0.007577 0 
1635 0.009273 0 
1637 0.011046 0 
1639 0.029730 0 
1640 0.022583 0 
1641 0.030953 0 
1642 0.022314 0 
1645 0.013945 0 
1646 0.019894 0 
1647 0.013181 0 
1648 0.038798 0 
1649 0.025783 0 
1650 0.022658 0 
1651 0.015241 0 
1652 0.016644 0 
1653 0.012028 0 
1654 0.021047 0 
1655 0.009578 0 
1656 0.021051 0 
1658 0.027686 0 
1660 0.021256 0 
1661 0.016302 0 
1662 0.007917 0 
1663 0.008884 0 
1664 0.016421 0 
1665 0.011325 0 
1666 0.010494 0 
1668 0.017422 0 
1669 0.020130 0 
1670 0.015987 0 
1671 0.007038 0 
1672 0.011242 0 
1673 0.015482 0 
1674 0.011461 0 
1675 0.016703 0 
1676 0.014260 0 
1677 0.017344 0 
1678 0.014934 0 
1679 0.024952 0 
1680 0.011780 0 
1681 0.010668 0 
1682 0.010779 0 
1684 0.030644 0 
1685 0.032796 0 
1686 0.019571 0 
1687 0.016478 0 
1688 0.007219 0 
1689 0.009386 0 
1690 0.009568 0 
1691 0.017101 0 
1692 0.007438 0 
1693 0.006837 0 
1695 0.011822 0 
1697 0.009463 0 
1698 0.011131 0 
1699 0.012775 0 
1700 0.007156 0 
1701 0.010127 0 
1702 0.015961 0 
1703 0.010380 0 
1705 0.015323 0 
1706 0.013830 0 
1707 0.015163 0 
1708 0.008844 0 
1710 0.023542 0 
1712 0.014648 0 
1713 0.015135 0 
1714 0.007637 0 
1716 0.041945 0 
1717 0.025335 0 
1718 0.016559 0 
1720 0.012813 0 
1721 0.019649 0 
1722 0.015372 0 
1723 0.015331 0 
1724 0.010308 0 
1725 0.010463 0 
1726 0.014811 0 
1727 0.013477 0 
1728 0.010611 0 
1729 0.029607 0 
1730 0.023362 0 
1731 0.017969 0 
1732 0.016670 0 
1733 0.007433 0 
1734 0.022510 0 
1735 0.028044 0 
1736 0.019068 0 
1737 0.017103 0 
1739 0.019779 0 
1740 0.020904 0 
1741 0.018874 0 
1742 0.017615 0 
1743 0.017020 0 
1744 0.013993 0 
1745 0.011072 0 
1747 0.012626 0 
1748 0.012811 0 
1749 0.017435 0 
1750 0.013338 0 
1751 0.013077 0 
1752 0.020811 0 
1753 0.014863 0 
1754 0.011670 0 
1755 0.011217 0 
1756 0.011515 0 
1757 0.017760 0 
1758 0.018358 0 
1760 0.021599 0 
1761 0.021042 0 
1762 0.012158 0 
1763 0.016195 0 
1764 0.008092 0 
1765 0.010466 0 
1766 0.011175 0 
1768 0.012010 0 
1769 0.019034 0 
1770 0.021599 0 
1771 0.029304 0 
1773 0.012675 0 
1774 0.012317 0 
1775 0.012475 0 
1776 0.012212 0 
1778 0.015757 0 
1779 0.016473 0 
1780 0.017307 0 
1781 0.019266 0 
1782 0.012469 0 
1783 0.016944 0 
1785 0.021758 0 
1786 0.026900 0 
1787 0.018228 0 
1788 0.011901 0 
1789 0.013417 0 
1790 0.013209 0 
1791 0.024947 0 
1792 0.019522 0 
1793 0.016702 0 
1795 0.018323 0 
1796 0.017451 0 
1797 0.021878 0 
1798 0.024391 0 
1799 0.015129 0 
1800 0.012874 0 
1801 0.016847 0 
1802 0.012585 0 
1803 0.013884 0 
1804 0.012857 0 
1805 0.012457 0 
1806 0.017695 0 
1807 0.013691 0 
1808 0.011924 0 
1809 0.013552 0 
1810 0.010022 0 
1811 0.017896 0 
1812 0.012470 0 
1813 0.009213 0 
1814 0.010013 0 
1815 0.019014 0 
1816 0.023802 0 
1817 0.030658 0 
1818 0.017397 0 
1819 0.010434 0 
1820 0.009709 0 
1822 0.025210 0 
1823 0.022105 0 
1824 0.026224 0 
1825 0.010177 0 
1826 0.008442 0 
1827 0.007074 0 
1828 0.030298 0 
1829 0.013991 0 
1831 0.031677 0 
1832 0.021687 0 
1833 0.005507 0 
1834 0.005736 0 
1836 0.006997 0 
1838 0.027669 0 
1839 0.023802 0 
1840 0.038478 0 
1841 0.030638 0 
1844 0.024055 0 
1845 0.015726 0 
1846 0.015788 0 
1847 0.033263 0 
1848 0.024558 0 
1849 0.017703 0 
1850 0.009633 0 
1851 0.017579 0 
1852 0.017859 0 
1853 0.014275 0 
1854 0.016080 0 
1855 0.018632 0 
1857 0.014245 0 
1859 0.024515 0 
1860 0.013137 0 
1861 0.011839 0 
1862 0.012400 0 
1863 0.014096 0 
1864 0.013361 0 
1865 0.016205 0 
1867 0.023036 0 
1868 0.017066 0 
1869 0.017556 0 
1870 0.014172 0 
1871 0.030144 0 
1872 0.014075 0 
1873 0.010386 0 
1874 0.012300 0 
1875 0.014144 0 
1876 0.011664 0 
1877 0.013180 0 
1878 0.009959 0 
1879 0.010404 0 
1880 0.010064 0 
1881 0.014353 0 
1883 0.035819 0 
1884 0.031077 0 
1885 0.019615 0 
1886 0.015870 0 
1887 0.010704 0 
1888 0.011418 0 
1889 0.011984 0 
1890 0.011117 0 
1891 0.014821 0 
1892 0.014472 0 
1894 0.032883 0 
1896 0.018920 0 
1897 0.013535 0 
1898 0.011003 0 
1899 0.016611 0 
1900 0.015684 0 
1901 0.012767 0 
1902 0.017659 0 
1904 0.021135 0 
1905 0.013750 0 
1906 0.011496 0 
1907 0.017464 0 
1909 0.027260 0 
1911 0.014110 0 
1912 0.007504 0 
1913 0.011359 0 
1915 0.015885 0 
1916 0.015811 0 
1917 0.020512 0 
1919 0.009461 0 
1920 0.010761 0 
1921 0.014507 0 
1922 0.012562 0 
1923 0.012464 0 
1924 0.021880 0 
1925 0.014282 0 
1926 0.009429 0 
1927 0.012161 0 
1928 0.013697 0 
1929 0.006386 0 
1930 0.007712 0 
1931 0.011018 0 
1932 0.009158 0 
1933 0.023429 0 
1934 0.017473 0 
1935 0.011184 0 
1936 0.008986 0 
1938 0.013619 0 
1939 0.012115 0 
1940 0.011613 0 
1941 0.012260 0 
1942 0.014144 0 
1943 0.013770 0 
1944 0.012119 0 
1946 0.017440 0 
1947 0.010874 0 
1948 0.009670 0 
1949 0.010545 0 
1950 0.010696 0 
1951 0.017845 0 
1952 0.013287 0 
1953 0.011403 0 
1954 0.009482 0 
1955 0.010876 0 
1956 0.008568 0 
1957 0.010892 0 
1959 0.016846 0 
1960 0.016320 0 
1961 0.018140 0 
1962 0.017721 0 
1963 0.010769 0 
1964 0.014544 0 
1965 0.023630 0 
1967 0.013981 0 
1968 0.009524 0 
1969 0.014249 0 
1970 0.023601 0 
1972 0.012922 0 
1973 0.014912 0 
1974 0.014111 0 
1975 0.010979 0 
1977 0.024619 0 
1978 0.023095 0 
1979 0.010384 0 
1980 0.006805 0 
1981 0.013849 0 
1982 0.010908 0 
1984 0.020921 0 
1985 0.013950 0 
1986 0.019723 0 
1987 0.012439 0 
1988 0.009644 0 
1989 0.011247 0 
1990 0.021316 0 
1991 0.013519 0 
1992 0.016809 0 
1994 0.030892 0 
1995 0.014342 0 
1996 0.017096 0 
1997 0.017727 0 
1998 0.019567 0 
1999 0.016851 0 
2000 0.017288 0 
2001 0.016857 0 
2002 0.017192 0 
2003 0.015849 0 
2004 0.009881 0 
2005 0.017215 0 
2006 0.012803 0 
2007 0.009269 0 
2008 0.013627 0 
2009 0.011526 0 
2010 0.018438 0 
2011 0.016083 0 
2012 0.012972 0 
2013 0.010769 0 
2014 0.016113 0 
2015 0.010777 0 
2016 0.010647 0 
2017 0.011509 0 
2018 0.012369 0 
2019 0.011951 0 
2021 0.024240 0 
2022 0.014534 0 
2023 0.010908 0 
2024 0.007544 0 
2025 0.020590 0 
2026 0.011631 0 
2027 0.012581 0 
2028 0.007199 0 
2030 0.032645 0 
2031 0.019661 0 
2032 0.013547 0 
2033 0.008927 0 
2035 0.008391 0 
2037 0.031922 0 
2038 0.029963 0 
2039 0.029180 0 
2040 0.021075 0 
2043 0.017924 0 
2044 0.020112 0 
2045 0.038107 0 
2046 0.040445 0 
2047 0.023944 0 
2048 0.013384 0 
2049 0.008467 0 
2050 0.011450 0 
2051 0.013765 0 
2052 0.013957 0 
2053 0.015015 0 
2054 0.012412 0 
2056 0.026909 0 
2058 0.014816 0 
2059 0.010638 0 
2060 0.010011 0 
2061 0.011395 0 
2062 0.011071 0 
2063 0.014271 0 
2064 0.013285 0 
2066 0.015857 0 
2067 0.019012 0 
2068 0.008226 0 
2069 0.022624 0 
2070 0.010726 0 
2071 0.017516 0 
2072 0.011245 0 
2073 0.020721 0 
2074 0.011966 0 
2075 0.027842 0 
2076 0.020472 0 
2077 0.018177 0 
2078 0.009492 0 
2079 0.020047 0 
2080 0.014130 0 
2082 0.029303 0 
2083 0.033160 0 
2084 0.017145 0 
2085 0.016065 0 
2086 0.011624 0 
2087 0.008598 0 
2088 0.015951 0 
2089 0.014073 0 
2090 0.013454 0 
2091 0.018015 0 
2093 0.030608 0 
2095 0.018278 0 
2096 0.014650 0 
2097 0.020160 0 
2098 0.014231 0 
2099 0.013850 0 
2100 0.025645 0 
2101 0.018061 0 
2103 0.017647 0 
2104 0.010985 0 
2105 0.009668 0 
2106 0.019864 0 
2108 0.013199 0 
2110 0.014269 0 
2111 0.009789 0 
2112 0.011303 0 
2114 0.024104 0 
2115 0.012916 0 
2116 0.010707 0 
2118 0.021580 0 
2119 0.014337 0 
2120 0.011898 0 
2121 0.009870 0 
2122 0.009824 0 
2123 0.019616 0 
2124 0.021036 0 
2125 0.022597 0 
2126 0.016890 0 
2127 0.009191 0 
2128 0.010644 0 
2129 0.016726 0 
2130 0.012064 0 
2131 0.024116 0 
2132 0.019794 0 
2133 0.021273 0 
2134 0.010844 0 
2135 0.017704 0 
2137 0.026958 0 
2138 0.023188 0 
2139 0.023504 0 
2140 0.018723 0 
2141 0.013720 0 
2142 0.016890 0 
2143 0.018049 0 
2145 0.015707 0 
2146 0.012594 0 
2147 0.011049 0 
2148 0.033794 0 
2149 0.016826 0 
2150 0.024971 0 
2151 0.017601 0 
2152 0.017384 0 
2153 0.012812 0 
2154 0.010676 0 
2155 0.015714 0 
2156 0.010097 0 
2158 0.018378 0 
2159 0.017537 0 
2160 0.011179 0 
2161 0.012344 0 
2162 0.009543 0 
2163 0.010040 0 
2164 0.012897 0 
2166 0.008614 0 
2167 0.012988 0 
2168 0.016132 0 
2169 0.028303 0 
2171 0.012461 0 
2172 0.008523 0 
2173 0.014725 0 
2174 0.008851 0 
2176 0.008472 0 
2177 0.008657 0 
2178 0.007506 0 
2179 0.009391 0 
2180 0.007658 0 
2181 0.022910 0 
2183 0.018314 0 
2184 0.024822 0 
2185 0.030401 0 
2186 0.012869 0 
2187 0.015301 0 
2188 0.022478 0 
2189 0.016162 0 
2190 0.026208 0 
2191 0.020240 0 
2193 0.017575 0 
2194 0.010022 0 
2195 0.009849 0 
2196 0.013777 0 
2197 0.014516 0 
2198 0.008466 0 
2199 0.019433 0 
2200 0.018749 0 
2201 0.014417 0 
2202 0.012270 0 
2203 0.007934 0 
2204 0.010521 0 
2205 0.016140 0 
2206 0.018181 0 
2207 0.017142 0 
2208 0.012401 0 
2209 0.011827 0 
2210 0.012016 0 
2211 0.012769 0 
2212 0.013850 0 
2213 0.008073 0 
2214 0.010467 0 
2215 0.013704 0 
2216 0.014524 0 
2217 0.008904 0 
2218 0.010354 0 
2220 0.014848 0 
2221 0.010398 0 
2222 0.007429 0 
2223 0.007964 0 
2224 0.010832 0 
2225 0.010360 0 
2226 0.018541 0 
2227 0.014272 0 
2229 0.025270 0 
2230 0.008890 0 
2231 0.004430 0 
2232 0.008883 0 
2234 0.009038 0 
2236 0.026233 0 
2237 0.025230 0 
2238 0.022218 0 
2239 0.019689 0 
2242 0.018412 0 
2243 0.019624 0 
2244 0.018688 0 
2245 0.033998 0 
2246 0.034710 0 
2247 0.018287 0 
2248 0.020820 0 
2249 0.024350 0 
2250 0.018822 0 
2251 0.022107 0 
2252 0.022606 0 
2253 0.017817 0 
2255 0.021604 0 
2257 0.029768 0 
2258 0.013136 0 
2259 0.014828 0 
2260 0.012299 0 
2261 0.010544 0 
2262 0.013667 0 
2263 0.013348 0 
2265 0.018612 0 
2266 0.017754 0 
2267 0.012335 0 
2268 0.014347 0 
2269 0.011129 0 
2270 0.012086 0 
2271 0.011284 0 
2272 0.012275 0 
2273 0.010682 0 
2274 0.018971 0 
2275 0.013262 0 
2276 0.011165 0 
2277 0.009401 0 
2278 0.016227 0 
2279 0.015362 0 
2281 0.032130 0 
2282 0.024683 0 
2283 0.021387 0 
2284 0.018059 0 
2285 0.014495 0 
2286 0.024089 0 
2287 0.013116 0 
2288 0.011953 0 
2289 0.026056 0 
2290 0.009816 0 
2292 0.034852 0 
2294 0.031118 0 
2295 0.014756 0 
2296 0.016979 0 
2297 0.013251 0 
2298 0.014885 0 
2299 0.039834 0 
2300 0.028414 0 
2302 0.020413 0 
2303 0.014453 0 
2304 0.016258 0 
2305 0.016363 0 
2307 0.023948 0 
2309 0.014878 0 
2310 0.020983 0 
2311 0.016588 0 
2313 0.024157 0 
2314 0.018154 0 
2315 0.010507 0 
2317 0.022154 0 
2318 0.017898 0 
2319 0.017128 0 
2320 0.010804 0 
2321 0.006806 0 
2322 0.016926 0 
2323 0.022054 0 
2324 0.011858 0 
2325 0.014838 0 
2326 0.015181 0 
2327 0.017962 0 
2328 0.022972 0 
2329 0.011146 0 
2330 0.016432 0 
2331 0.019714 0 
2332 0.013394 0 
2333 0.012901 0 
2334 0.011983 0 
2336 0.019609 0 
2337 0.013808 0 
2338 0.013484 0 
2339 0.018651 0 
2340 0.013685 0 
2341 0.010683 0 
2342 0.019655 0 
2344 0.011630 0 
2345 0.008963 0 
2346 0.012763 0 
2347 0.015542 0 
2348 0.023147 0 
2349 0.027786 0 
2350 0.011442 0 
2351 0.018288 0 
2352 0.016310 0 
2353 0.009568 0 
2354 0.014604 0 
2355 0.015172 0 
2357 0.017605 0 
2358 0.017439 0 
2359 0.015037 0 
2360 0.037057 0 
2361 0.020705 0 
2362 0.012274 0 
2363 0.009802 0 
2365 0.013414 0 
2366 0.016474 0 
2367 0.019723 0 
2368 0.019332 0 
2370 0.012619 0 
2371 0.019947 0 
2372 0.017312 0 
2373 0.017153 0 
2375 0.030344 0 
2376 0.031091 0 
2377 0.014734 0 
2378 0.010494 0 
2379 0.021573 0 
2380 0.012758 0 
2382 0.018136 0 
2383 0.018914 0 
2384 0.029441 0 
2385 0.013045 0 
2386 0.027359 0 
2387 0.020499 0 
2388 0.017615 0 
2389 0.017269 0 
2390 0.013222 0 
2392 0.013180 0 
2393 0.015311 0 
2394 0.013830 0 
2395 0.014537 0 
2396 0.013959 0 
2397 0.015224 0 
2398 0.012775 0 
2399 0.021899 0 
2400 0.018393 0 
2401 0.012454 0 
2402 0.015131 0 
2403 0.024613 0 
2404 0.011910 0 
2405 0.010699 0 
2406 0.010253 0 
2407 0.016490 0 
2408 0.015642 0 
2409 0.033610 0 
2410 0.020214 0 
2411 0.019980 0 
2412 0.023096 0 
2413 0.011711 0 
2414 0.010323 0 
2415 0.016124 0 
2416 0.009593 0 
2417 0.006972 0 
2419 0.010597 0 
2420 0.017595 0 
2421 0.012980 0 
2422 0.010804 0 
2423 0.011837 0 
2424 0.010406 0 
2425 0.005808 0 
2426 0.011464 0 
2428 0.016740 0 
2429 0.014184 0 
2430 0.009153 0 
2431 0.009848 0 
2433 0.013168 0 
2435 0.016713 0 
2436 0.021798 0 
2437 0.020356 0 
2438 0.014692 0 
2441 0.018939 0 
2442 0.014570 0 
2443 0.015068 0 
2444 0.031539 0 
2445 0.014858 0 
2446 0.010889 0 
2447 0.016434 0 
2448 0.010138 0 
2449 0.011457 0 
2450 0.007592 0 
2451 0.008343 0 
2452 0.011384 0 
2454 0.025506 0 
2456 0.017986 0 
2457 0.011779 0 
2458 0.011071 0 
2459 0.013296 0 
2460 0.010344 0 
2461 0.007484 0 
2462 0.008852 0 
2464 0.017291 0 
2465 0.029807 0 
2466 0.015744 0 
2467 0.012324 0 
2468 0.009667 0 
2469 0.021324 0 
2470 0.021953 0 
2471 0.018106 0 
2472 0.012881 0 
2473 0.016815 0 
2474 0.020263 0 
2475 0.014928 0 
2476 0.025814 0 
2477 0.013689 0 
2478 0.017750 0 
2480 0.028048 0 
2481 0.014879 0 
2482 0.011292 0 
2483 0.010959 0 
2484 0.012819 0 
2485 0.008790 0 
2486 0.011212 0 
2487 0.009683 0 
2488 0.018367 0 
2489 0.011929 0 
2491 0.025519 0 
2493 0.010300 0 
2494 0.010619 0 
2495 0.016867 0 
2496 0.012836 0 
2497 0.015585 0 
2498 0.020519 0 
2499 0.024274 0 
2501 0.018570 0 
2502 0.018541 0 
2503 0.014736 0 
2504 0.011124 0 
2506 0.023631 0 
2508 0.016678 0 
2509 0.011626 0 
2510 0.016124 0 
2512 0.017415 0 
2513 0.017785 0 
2514 0.013128 0 
2516 0.015796 0 
2517 0.014083 0 
2518 0.012676 0 
2519 0.009743 0 
2520 0.027528 0 
2521 0.050020 0 
2522 0.033550 0 
2523 0.017301 0 
2524 0.025566 0 
2525 0.016675 0 
2526 0.014308 0 
2527 0.018583 0 
2528 0.013876 0 
2529 0.011525 0 
2530 0.017540 0 
2531 0.011410 0 
2532 0.010201 0 
2533 0.012978 0 
2535 0.025277 0 
2536 0.009073 0 
2537 0.009422 0 
2538 0.020394 0 
2539 0.021653 0 
2540 0.024403 0 
2541 0.017251 0 
2543 0.011744 0 
2544 0.014006 0 
2545 0.018470 0 
2546 0.016120 0 
2547 0.016173 0 
2548 0.015164 0 
2549 0.012087 0 
2550 0.009798 0 
2551 0.009759 0 
2552 0.015007 0 
2553 0.014636 0 
2554 0.015880 0 
2556 0.012743 0 
2557 0.019419 0 
2558 0.016964 0 
2559 0.018359 0 
2560 0.009554 0 
2561 0.012535 0 
2562 0.013124 0 
2564 0.011622 0 
2565 0.023194 0 
2566 0.015166 0 
2567 0.010446 0 
2569 0.012228 0 
2570 0.014657 0 
2571 0.010894 0 
2572 0.012225 0 
2574 0.014440 0 
2575 0.018059 0 
2576 0.016994 0 
2577 0.014165 0 
2578 0.016098 0 
2579 0.012784 0 
2581 0.017487 0 
2582 0.022896 0 
2583 0.017442 0 
2584 0.010153 0 
2585 0.010584 0 
2586 0.014475 0 
2587 0.021641 0 
2588 0.012228 0 
2589 0.020826 0 
2591 0.018539 0 
2592 0.027402 0 
2593 0.015092 0 
2594 0.012733 0 
2595 0.019187 0 
2596 0.017051 0 
2597 0.012990 0 
2598 0.029367 0 
2599 0.017191 0 
2600 0.011842 0 
2601 0.032923 0 
2602 0.019903 0 
2603 0.011385 0 
2604 0.011622 0 
2605 0.016262 0 
2606 0.015161 0 
2607 0.021107 0 
2608 0.015014 0 
2609 0.010815 0 
2610 0.016721 0 
2611 0.014863 0 
2612 0.011497 0 
2613 0.012127 0 
2614 0.019536 0 
2615 0.012007 0 
2616 0.014978 0 
2618 0.026018 0 
2619 0.019772 0 
2620 0.019053 0 
2621 0.012556 0 
2622 0.012654 0 
2623 0.018235 0 
2624 0.012006 0 
2625 0.008855 0 
2627 0.036009 0 
2628 0.019415 0 
2629 0.006524 0 
2630 0.006541 0 
2632 0.014183 0 
2634 0.039070 0 
2635 0.024328 0 
2636 0.030343 0 
2637 0.013859 0 
2640 0.021801 0 
2641 0.014544 0 
2642 0.019413 0 
2643 0.038018 0 
2644 0.021358 0 
2645 0.018856 0 
2646 0.015326 0 
2647 0.016635 0 
2648 0.011906 0 
2649 0.017463 0 
2650 0.029986 0 
2651 0.023519 0 
2653 0.017928 0 
2655 0.023101 0 
2656 0.011698 0 
2657 0.014180 0 
2658 0.017306 0 
2659 0.010854 0 
2660 0.017054 0 
2661 0.011823 0 
2663 0.011262 0 
2664 0.015491 0 
2665 0.009475 0 
2666 0.007339 0 
2667 0.008859 0 
2668 0.007494 0 
2669 0.009840 0 
2670 0.029333 0 
2671 0.012959 0 
2672 0.027294 0 
2673 0.011759 0 
2674 0.015371 0 
2675 0.008123 0 
2676 0.011595 0 
2677 0.008464 0 
2679 0.020405 0 
2680 0.021998 0 
2681 0.019949 0 
2682 0.015174 0 
2683 0.017108 0 
2684 0.007490 0 
2685 0.009072 0 
2686 0.015553 0 
2687 0.010909 0 
2688 0.010011 0 
2690 0.023624 0 
2692 0.013598 0 
2693 0.025098 0 
2694 0.012137 0 
2695 0.023639 0 
2696 0.013093 0 
2697 0.013312 0 
2698 0.010735 0 
2700 0.044988 0 
2701 0.028871 0 
2702 0.012563 0 
2703 0.015027 0 
2705 0.025206 0 
2707 0.023443 0 
2708 0.010171 0 
2709 0.020684 0 
2711 0.021976 0 
2712 0.014205 0 
2713 0.017208 0 
2715 0.013071 0 
2716 0.016288 0 
2717 0.015748 0 
2718 0.011085 0 
2719 0.009711 0 
2720 0.014101 0 
2721 0.021104 0 
2722 0.017660 0 
2723 0.016536 0 
2724 0.012270 0 
2725 0.012586 0 
2726 0.012719 0 
2727 0.010727 0 
2728 0.015412 0 
2729 0.021129 0 
2730 0.017162 0 
2731 0.009237 0 
2732 0.020717 0 
2734 0.017815 0 
2735 0.010720 0 
2736 0.010768 0 
2737 0.013355 0 
2738 0.013503 0 
2739 0.020157 0 
2740 0.006815 0 
2742 0.013727 0 
2743 0.015378 0 
2744 0.014448 0 
2745 0.018225 0 
2746 0.010606 0 
2747 0.020957 0 
2748 0.017149 0 
2749 0.013815 0 
2750 0.010825 0 
2751 0.012506 0 
2752 0.008675 0 
2753 0.012020 0 
2755 0.013824 0 
2756 0.040649 0 
2757 0.024419 0 
2758 0.028064 0 
2759 0.016144 0 
2760 0.012557 0 
2761 0.015612 0 
2763 0.012418 0 
2764 0.018380 0 
2765 0.013557 0 
2766 0.020778 0 
2768 0.015864 0 
2769 0.010924 0 
2770 0.024236 0 
2771 0.016483 0 
2773 0.016324 0 
2774 0.018336 0 
2775 0.010662 0 
2776 0.013965 0 
2777 0.009284 0 
2778 0.009719 0 
2780 0.015726 0 
2781 0.018803 0 
2782 0.021023 0 
2783 0.006521 0 
2784 0.012395 0 
2785 0.015632 0 
2786 0.015356 0 
2787 0.015512 0 
2788 0.013208 0 
2790 0.021550 0 
2791 0.012475 0 
2792 0.013923 0 
2793 0.009865 0 
2794 0.017436 0 
2795 0.015457 0 
2796 0.012534 0 
2797 0.006989 0 
2798 0.009960 0 
2799 0.031624 0 
2800 0.030416 0 
2801 0.017271 0 
2802 0.013876 0 
2803 0.011908 0 
2804 0.014395 0 
2805 0.014080 0 
2806 0.018600 0 
2807 0.017530 0 
2808 0.009226 0 
2809 0.010804 0 
2810 0.013448 0 
2811 0.015665 0 
2812 0.011743 0 
2813 0.015925 0 
2814 0.010768 0 
2815 0.013161 0 
2817 0.018193 0 
2818 0.021841 0 
2819 0.011226 0 
2820 0.017223 0 
2821 0.011927 0 
2822 0.012134 0 
2823 0.010516 0 
2824 0.010299 0 
2826 0.029703 0 
2827 0.025072 0 
2828 0.009120 0 
2829 0.006097 0 
2831 0.009872 0 
2833 0.023453 0 
2834 0.024588 0 
2835 0.021888 0 
2836 0.028446 0 
2839 0.022145 0 
2840 0.014735 0 
2841 0.020713 0 
2842 0.039042 0 
2843 0.027498 0 
2844 0.026673 0 
2845 0.010404 0 
2846 0.016501 0 
2847 0.013585 0 
2848 0.012725 0 
2849 0.014515 0 
2850 0.017825 0 
2852 0.019824 0 
2854 0.030400 0 
2855 0.014166 0 
2856 0.010872 0 
2857 0.014155 0 
2858 0.015594 0 
2859 0.013252 0 
2860 0.016860 0 
2862 0.016124 0 
2863 0.015173 0 
2864 0.010642 0 
2865 0.008909 0 
2866 0.012919 0 
2867 0.011980 0 
2868 0.021890 0 
2869 0.021267 0 
2870 0.011974 0 
2871 0.013793 0 
2872 0.012486 0 
2873 0.009949 0 
2874 0.014770 0 
2875 0.009366 0 
2876 0.011780 0 
2878 0.050191 0 
2879 0.038764 0 
2880 0.032773 0 
2881 0.015919 0 
2882 0.020901 0 
2883 0.018515 0 
2884 0.019263 0 
2885 0.008540 0 
2886 0.017248 0 
2887 0.015716 0 
2889 0.021758 0 
2891 0.010778 0 
2892 0.012623 0 
2893 0.021603 0 
2894 0.020913 0 
2895 0.017384 0 
2896 0.015315 0 
2897 0.015928 0 
2899 0.020371 0 
2900 0.010877 0 
2901 0.013308 0 
2902 0.013459 0 
2904 0.020859 0 
2906 0.018843 0 
2907 0.013450 0 
2908 0.013182 0 
2910 0.012859 0 
2911 0.012654 0 
2912 0.016004 0 
2914 0.012683 0 
2915 0.010551 0 
2916 0.012344 0 
2917 0.010726 0 
2918 0.018208 0 
2919 0.030336 0 
2920 0.017900 0 
2921 0.010516 0 
2922 0.009419 0 
2923 0.008088 0 
2924 0.009618 0 
2925 0.014369 0 
2926 0.025022 0 
2927 0.010234 0 
2928 0.010033 0 
2929 0.020990 0 
2930 0.010325 0 
2931 0.020870 0 
2933 0.020060 0 
2934 0.009075 0 
2935 0.009918 0 
2936 0.006976 0 
2937 0.036423 0 
2938 0.028833 0 
2939 0.018378 0 
2941 0.017540 0 
2942 0.010960 0 
2943 0.017608 0 
2944 0.014865 0 
2945 0.017803 0 
2946 0.015124 0 
2947 0.012860 0 
2948 0.014584 0 
2949 0.016910 0 
2950 0.019792 0 
2951 0.015281 0 
2952 0.015719 0 
2954 0.022037 0 
2955 0.023466 0 
2956 0.011482 0 
2957 0.013091 0 
2958 0.012471 0 
2959 0.011806 0 
2960 0.018574 0 
2962 0.018909 0 
2963 0.023218 0 
2964 0.015846 0 
2965 0.019449 0 
2967 0.024101 0 
2968 0.013614 0 
2969 0.013029 0 
2970 0.019423 0 
2972 0.014918 0 
2973 0.022816 0 
2974 0.023361 0 
2975 0.011365 0 
2976 0.017409 0 
2977 0.010768 0 
2979 0.034018 0 
2980 0.017246 0 
2981 0.021190 0 
2982 0.008412 0 
2983 0.015591 0 
2984 0.018712 0 
2985 0.025077 0 
2986 0.016513 0 
2987 0.009444 0 
2989 0.018081 0 
2990 0.016462 0 
2991 0.013338 0 
2992 0.031711 0 
2993 0.023582 0 
2994 0.021075 0 
2995 0.025941 0 
2996 0.018001 0 
2997 0.025820 0 
2998 0.021150 0 
2999 0.015062 0 
3000 0.014596 0 
3001 0.014705 0 
3002 0.013287 0 
3003 0.013468 0 
3004 0.013873 0 
3005 0.020133 0 
3006 0.014926 0 
3007 0.024548 0 
3008 0.024778 0 
3009 0.013732 0 
3010 0.011332 0 
3011 0.020226 0 
3012 0.012304 0 
3013 0.019342 0 
3014 0.015798 0 
3016 0.019611 0 
3017 0.029453 0 
3018 0.013126 0 
3019 0.009140 0 
3020 0.011329 0 
3021 0.010497 0 
3022 0.012110 0 
3023 0.015589 0 
3025 0.033414 0 
3026 0.021762 0 
3027 0.005620 0 
3028 0.005413 0 
3030 0.007865 0 
3032 0.023459 0 
3033 0.021843 0 
3034 0.027797 0 
3035 0.014088 0 
3038 0.021127 0 
3039 0.019602 0 
3040 0.015521 0 
3041 0.042002 0 
3042 0.025259 0 
3043 0.011781 0 
3044 0.017318 0 
3045 0.016417 0 
3046 0.014311 0 
3047 0.017874 0 
3048 0.018303 0 
3049 0.021143 0 
3051 0.019760 0 
3053 0.018691 0 
3054 0.017233 0 
3055 0.018741 0 
3056 0.014107 0 
3057 0.008727 0 
3058 0.014730 0 
3059 0.012455 0 
3061 0.031614 0 
3062 0.015412 0 
3063 0.026955 0 
3064 0.017122 0 
3065 0.022065 0 
3066 0.021614 0 
3067 0.012947 0 
3068 0.007793 0 
3069 0.011814 0 
3070 0.017759 0 
3071 0.008069 0 
3072 0.007834 0 
3073 0.029705 0 
3074 0.012323 0 
3075 0.010402 0 
3077 0.019683 0 
3078 0.011574 0 
3079 0.011451 0 
3080 0.018517 0 
3081 0.009117 0 
3082 0.009648 0 
3083 0.017630 0 
3084 0.014904 0 
3085 0.016537 0 
3086 0.015141 0 
3088 0.023619 0 
3090 0.007830 0 
3091 0.007585 0 
3092 0.013301 0 
3093 0.014817 0 
3094 0.016511 0 
3095 0.012368 0 
3096 0.008245 0 
3098 0.027483 0 
3099 0.011210 0 
3100 0.014871 0 
3101 0.014075 0 
3103 0.016710 0 
3105 0.020066 0 
3106 0.036418 0 
3107 0.019986 0 
3109 0.019322 0 
3110 0.015579 0 
3111 0.013680 0 
3113 0.013896 0 
3114 0.014549 0 
3115 0.012667 0 
3116 0.022746 0 
3117 0.011736 0 
3118 0.012367 0 
3119 0.019122 0 
3120 0.018893 0 
3121 0.011178 0 
3122 0.015619 0 
3123 0.011544 0 
3124 0.018763 0 
3125 0.010240 0 
3126 0.012855 0 
3127 0.019244 0 
3128 0.010046 0 
3129 0.018883 0 
3130 0.012857 0 
3132 0.017317 0 
3133 0.009129 0 
3134 0.009727 0 
3135 0.030584 0 
3136 0.031959 0 
3137 0.022168 0 
3138 0.015041 0 
3140 0.014463 0 
3141 0.017415 0 
3142 0.015215 0 
3143 0.016629 0 
3144 0.008582 0 
3145 0.015113 0 
3146 0.008059 0 
3147 0.018023 0 
3148 0.006630 0 
3149 0.018027 0 
3150 0.031519 0 
3151 0.015074 0 
3153 0.013568 0 
3154 0.014434 0 
3155 0.009768 0 
3156 0.015412 0 
3157 0.012080 0 
3158 0.011397 0 
3159 0.011933 0 
3161 0.009407 0 
3162 0.011523 0 
3163 0.016927 0 
3164 0.014394 0 
3166 0.007613 0 
3167 0.009407 0 
3168 0.012491 0 
3169 0.009103 0 
3171 0.012023 0 
3172 0.021042 0 
3173 0.022708 0 
3174 0.016587 0 
3175 0.009902 0 
3176 0.010906 0 
3178 0.010164 0 
3179 0.017258 0 
3180 0.014964 0 
3181 0.015318 0 
3182 0.009050 0 
3183 0.013050 0 
3184 0.013515 0 
3185 0.007010 0 
3186 0.011431 0 
3188 0.020547 0 
3189 0.013042 0 
3190 0.016460 0 
3191 0.012984 0 
3192 0.019631 0 
3193 0.020033 0 
3194 0.016559 0 
3195 0.018154 0 
3196 0.017664 0 
3197 0.016615 0 
3198 0.014469 0 
3199 0.012201 0 
3200 0.027328 0 
3201 0.014171 0 
3202 0.018215 0 
3203 0.018799 0 
3204 0.018746 0 
3205 0.015975 0 
3206 0.017107 0 
3207 0.015496 0 
3208 0.011507 0 
3209 0.012863 0 
3210 0.010456 0 
3211 0.012228 0 
3212 0.012447 0 
3213 0.010601 0 
3215 0.022394 0 
3216 0.018178 0 
3217 0.010912 0 
3218 0.012799 0 
3219 0.009312 0 
3220 0.012180 0 
3221 0.012872 0 
3222 0.026865 0 
3224 0.031410 0 
3225 0.027628 0 
3226 0.011366 0 
3227 0.009323 0 
3229 0.009718 0 
3231 0.016250 0 
3232 0.023168 0 
3233 0.016592 0 
3234 0.027251 0 
3237 0.017566 0 
3238 0.019457 0 
3239 0.019535 0 
3240 0.034609 0 
3241 0.026654 0 
3242 0.015232 0 
3243 0.016625 0 
3244 0.010690 0 
3245 0.021972 0 
3246 0.011080 0 
3247 0.013914 0 
3248 0.014424 0 
3250 0.017342 0 
3252 0.024026 0 
3253 0.016927 0 
3254 0.013933 0 
3255 0.012459 0 
3256 0.016445 0 
3257 0.010195 0 
3258 0.014523 0 
3260 0.016474 0 
3261 0.016860 0 
3262 0.016050 0 
3263 0.011878 0 
3264 0.008173 0 
3265 0.020212 0 
3266 0.010197 0 
3267 0.015062 0 
3268 0.015313 0 
3269 0.014599 0 
3270 0.015058 0 
3271 0.021764 0 
3272 0.008259 0 
3273 0.016242 0 
3274 0.015904 0 
3276 0.034110 0 
3277 0.029144 0 
3278 0.020297 0 
3279 0.013264 0 
3280 0.014374 0 
3281 0.015429 0 
3282 0.010971 0 
3283 0.015871 0 
3284 0.014606 0 
3285 0.017066 0 
3287 0.020039 0 
3289 0.016859 0 
3290 0.018063 0 
3291 0.015626 0 
3292 0.016937 0 
3293 0.015268 0 
3294 0.017200 0 
3295 0.015596 0 
3297 0.017694 0 
3298 0.015929 0 
3299 0.007303 0 
3300 0.011877 0 
3302 0.027518 0 
3304 0.015769 0 
3305 0.012607 0 
3306 0.023799 0 
3308 0.021607 0 
3309 0.015619 0 
3310 0.009884 0 
3312 0.019679 0 
3313 0.013388 0 
3314 0.009634 0 
3315 0.021445 0 
3316 0.016704 0 
3317 0.025112 0 
3318 0.021660 0 
3319 0.021542 0 
3320 0.009749 0 
3321 0.009792 0 
3322 0.021388 0 
3323 0.010933 0 
3324 0.014731 0 
3325 0.012144 0 
3326 0.014390 0 
3327 0.017355 0 
3328 0.010329 0 
3329 0.018264 0 
3331 0.026456 0 
3332 0.015376 0 
3333 0.015151 0 
3334 0.015782 0 
3335 0.017397 0 
3336 0.016088 0 
3337 0.015507 0 
3339 0.034026 0 
3340 0.017686 0 
3341 0.042601 0 
3342 0.026275 0 
3343 0.013230 0 
3344 0.017100 0 
3345 0.012546 0 
3346 0.023005 0 
3347 0.015767 0 
3348 0.013458 0 
3349 0.016147 0 
3350 0.012934 0 
3352 0.016260 0 
3353 0.014693 0 
3354 0.010485 0 
3355 0.013618 0 
3356 0.011529 0 
3357 0.016994 0 
3358 0.014344 0 
3360 0.012797 0 
3361 0.024833 0 
3362 0.020813 0 
3363 0.025719 0 
3365 0.014408 0 
3366 0.010411 0 
3367 0.015543 0 
3368 0.015673 0 
3370 0.031880 0 
3371 0.037179 0 
3372 0.020749 0 
3373 0.013092 0 
3374 0.010554 0 
3375 0.013570 0 
3377 0.028905 0 
3378 0.021592 0 
3379 0.017344 0 
3380 0.009803 0 
3381 0.015397 0 
3382 0.016957 0 
3383 0.011590 0 
3384 0.015849 0 
3385 0.017856 0 
3387 0.016389 0 
3388 0.012953 0 
3389 0.013641 0 
3390 0.013482 0 
3391 0.011632 0 
3392 0.011455 0 
3393 0.009828 0 
3394 0.012832 0 
3395 0.020725 0 
3396 0.017278 0 
3397 0.013335 0 
3398 0.011457 0 
3399 0.016864 0 
3400 0.011482 0 
3401 0.017837 0 
3402 0.007282 0 
3403 0.009510 0 
3404 0.025652 0 
3405 0.009264 0 
3406 0.010623 0 
3407 0.012346 0 
3408 0.011977 0 
3409 0.007601 0 
3410 0.009780 0 
3411 0.007269 0 
3412 0.012005 0 
3414 0.015636 0 
3415 0.021068 0 
3416 0.009327 0 
3417 0.010321 0 
3418 0.013004 0 
3419 0.015208 0 
3420 0.009855 0 
3421 0.007968 0 
3423 0.013871 0 
3424 0.014864 0 
3425 0.016378 0 
3426 0.004050 0 
3428 0.006200 0 
3430 0.017045 0 
3431 0.018824 0 
3432 0.026512 0 
3433 0.019927 0 
3436 0.009598 0 
3437 0.016527 0 
3438 0.013793 0 
3439 0.032857 0 
3440 0.016347 0 
3441 0.014972 0 
3442 0.009479 0 
3443 0.014524 0 
3444 0.035866 0 
3445 0.018885 0 
3446 0.008969 0 
3447 0.013368 0 
3449 0.011323 0 
3451 0.015702 0 
3452 0.010313 0 
3453 0.013300 0 
3454 0.008997 0 
3455 0.007562 0 
3456 0.008979 0 
3457 0.007973 0 
3459 0.009230 0 
3460 0.022852 0 
3461 0.016773 0 
3462 0.015666 0 
3463 0.018469 0 
3464 0.009506 0 
3465 0.034502 0 
3466 0.018256 0 
3467 0.012167 0 
3468 0.014760 0 
3469 0.018152 0 
3470 0.018867 0 
3471 0.022828 0 
3472 0.013815 0 
3473 0.016865 0 
3475 0.037195 0 
3476 0.035479 0 
3477 0.021991 0 
3478 0.016903 0 
3479 0.015361 0 
3480 0.017799 0 
3481 0.015219 0 
3482 0.017272 0 
3483 0.012098 0 
3484 0.018008 0 
3486 0.028356 0 
3488 0.011276 0 
3489 0.010056 0 
3490 0.011490 0 
3491 0.012282 0 
3492 0.016059 0 
3493 0.014551 0 
3494 0.020998 0 
3496 0.027953 0 
3497 0.011616 0 
3498 0.007865 0 
3499 0.009440 0 
3501 0.025791 0 
3503 0.017298 0 
3504 0.011035 0 
3505 0.010285 0 
3507 0.018891 0 
3508 0.021594 0 
3509 0.015113 0 
3511 0.025645 0 
3512 0.016882 0 
3513 0.017615 0 
3514 0.012639 0 
3515 0.014057 0 
3516 0.020255 0 
3517 0.022083 0 
3518 0.023494 0 
3519 0.018138 0 
3520 0.014344 0 
3521 0.008986 0 
3522 0.015097 0 
3523 0.013330 0 
3524 0.030750 0 
3525 0.030095 0 
3526 0.012964 0 
3527 0.018612 0 
3528 0.019809 0 
3530 0.024298 0 
3531 0.014945 0 
3532 0.012917 0 
3533 0.014148 0 
3534 0.013349 0 
3535 0.013970 0 
3536 0.016050 0 
3538 0.019784 0 
3539 0.013557 0 
3540 0.011250 0 
3541 0.009647 0 
3542 0.011026 0 
3543 0.023972 0 
3544 0.010791 0 
3545 0.012069 0 
3546 0.010665 0 
3547 0.013500 0 
3548 0.008986 0 
3549 0.019475 0 
3551 0.019488 0 
3552 0.023319 0 
3553 0.014134 0 
3554 0.018884 0 
3555 0.014068 0 
3556 0.023584 0 
3557 0.007368 0 
3559 0.017529 0 
3560 0.018581 0 
3561 0.018712 0 
3562 0.022707 0 
3564 0.014496 0 
3565 0.019191 0 
3566 0.014327 0 
3567 0.015748 0 
3569 0.023312 0 
3570 0.017629 0 
3571 0.019079 0 
3572 0.017311 0 
3573 0.015567 0 
3574 0.018301 0 
3576 0.016005 0 
3577 0.016358 0 
3578 0.022919 0 
3579 0.011311 0 
3580 0.017063 0 
3581 0.014075 0 
3582 0.015355 0 
3583 0.013024 0 
3584 0.010961 0 
3586 0.019482 0 
3587 0.019357 0 
3588 0.017318 0 
3589 0.024084 0 
3590 0.016716 0 
3591 0.007122 0 
3592 0.009995 0 
3593 0.020007 0 
3594 0.019331 0 
3595 0.015301 0 
3596 0.011230 0 
3597 0.010009 0 
3598 0.012316 0 
3599 0.021902 0 
3600 0.022151 0 
3601 0.018709 0 
3602 0.019442 0 
3603 0.018784 0 
3604 0.022272 0 
3605 0.018283 0 
3606 0.014835 0 
3607 0.014277 0 
3608 0.012810 0 
3609 0.018610 0 
3610 0.014757 0 
3611 0.021951 0 
3613 0.020299 0 
3614 0.020260 0 
3615 0.012469 0 
3616 0.012698 0 
3617 0.018237 0 
3618 0.015962 0 
3619 0.012535 0 
3620 0.014436 0 
3622 0.031699 0 
3623 0.016940 0 
3624 0.003907 0 
3625 0.016014 0 
3627 0.011482 0 
3629 0.015100 0 
3630 0.019432 0 
3631 0.015202 0 
3632 0.020919 0 
3635 0.016853 0 
3636 0.013898 0 
3637 0.016548 0 
3638 0.029316 0 
3639 0.016356 0 
3640 0.011148 0 
3641 0.013251 0 
3642 0.012388 0 
3643 0.068407 0 
3644 0.052550 0 
3645 0.035438 0 
3646 0.019117 0 
3648 0.008625 0 
3650 0.018377 0 
3651 0.010254 0 
3652 0.008405 0 
3653 0.007472 0 
3654 0.011074 0 
3655 0.013909 0 
3656 0.009682 0 
3658 0.007464 0 
3659 0.009133 0 
3660 0.014498 0 
3661 0.008065 0 
3662 0.010227 0 
3663 0.021659 0 
3664 0.009419 0 
3665 0.020854 0 
3666 0.010083 0 
3667 0.015437 0 
3668 0.014533 0 
3669 0.011207 0 
3670 0.013308 0 
3671 0.013217 0 
3672 0.016029 0 
3674 0.043641 0 
3675 0.044769 0 
3676 0.027466 0 
3677 0.020218 0 
3678 0.010248 0 
3679 0.022353 0 
3680 0.017487 0 
3681 0.013983 0 
3682 0.010639 0 
3683 0.013754 0 
3685 0.031166 0 
3687 0.011769 0 
3688 0.010817 0 
3689 0.012858 0 
3690 0.013230 0 
3691 0.012258 0 
3692 0.021863 0 
3693 0.019960 0 
3695 0.014506 0 
3696 0.010528 0 
3697 0.020899 0 
3698 0.038276 0 
3700 0.025086 0 
3702 0.019217 0 
3703 0.009781 0 
3704 0.019391 0 
3706 0.024684 0 
3707 0.015157 0 
3708 0.012998 0 
3710 0.026667 0 
3711 0.010365 0 
3712 0.013101 0 
3713 0.018695 0 
3714 0.014149 0 
3715 0.012766 0 
3716 0.022850 0 
3717 0.021587 0 
3718 0.018249 0 
3719 0.010947 0 
3720 0.021530 0 
3721 0.014700 0 
3722 0.018576 0 
3723 0.010631 0 
3724 0.014475 0 
3725 0.013158 0 
3726 0.014924 0 
3727 0.015450 0 
3729 0.018583 0 
3730 0.014835 0 
3731 0.014958 0 
3732 0.015481 0 
3733 0.017305 0 
3734 0.022591 0 
3735 0.029532 0 
3737 0.012139 0 
3738 0.012597 0 
3739 0.008880 0 
3740 0.012042 0 
3741 0.021633 0 
3742 0.027985 0 
3743 0.017970 0 
3744 0.012390 0 
3745 0.011107 0 
3746 0.013409 0 
3747 0.023608 0 
3748 0.017566 0 
3750 0.023706 0 
3751 0.019377 0 
3752 0.014839 0 
3753 0.033847 0 
3754 0.026402 0 
3755 0.016224 0 
3756 0.015286 0 
3758 0.012987 0 
3759 0.019139 0 
3760 0.022144 0 
3761 0.026196 0 
3763 0.017196 0 
3764 0.012292 0 
3765 0.015263 0 
3766 0.012540 0 
3768 0.018712 0 
3769 0.018289 0 
3770 0.014181 0 
3771 0.012889 0 
3772 0.019524 0 
3773 0.018288 0 
3775 0.024266 0 
3776 0.013165 0 
3777 0.019430 0 
3778 0.015885 0 
3779 0.046902 0 
3780 0.030735 0 
3781 0.041953 0 
3782 0.035097 0 
3783 0.019153 0 
3785 0.024209 0 
3786 0.014820 0 
3787 0.014368 0 
3788 0.014740 0 
3789 0.014472 0 
3790 0.012099 0 
3791 0.014518 0 
3792 0.011388 0 
3793 0.020448 0 
3794 0.015879 0 
3795 0.017241 0 
3796 0.012627 0 
3797 0.011112 0 
3798 0.021891 0 
3799 0.010374 0 
3800 0.013501 0 
3801 0.009113 0 
3802 0.010289 0 
3803 0.013175 0 
3804 0.008488 0 
3805 0.020661 0 
3806 0.017844 0 
3807 0.023347 0 
3808 0.013712 0 
3809 0.009815 0 
3810 0.014274 0 
3812 0.017714 0 
3813 0.018364 0 
3814 0.018583 0 
3815 0.011719 0 
3816 0.011996 0 
3817 0.020609 0 
3818 0.017540 0 
3819 0.012604 0 
3821 0.039387 0 
3822 0.033149 0 
3823 0.016844 0 
3824 0.005676 0 
3826 0.014808 0 
3828 0.030120 0 
3829 0.021940 0 
3830 0.052499 0 
3831 0.036139 0 
3834 0.017714 0 
3835 0.022903 0 
3836 0.012771 0 
3837 0.035488 0 
3838 0.021934 0 
3839 0.012586 0 
3840 0.018706 0 
3841 0.031176 0 
3842 0.014854 0 
3843 0.011771 0 
3844 0.016114 0 
3845 0.007664 0 
3847 0.025567 0 
3849 0.031157 0 
3850 0.014771 0 
3851 0.019169 0 
3852 0.020125 0 
3853 0.025211 0 
3854 0.025317 0 
3855 0.040952 0 
3857 0.036513 0 
3858 0.032845 0 
3859 0.016603 0 
3860 0.014807 0 
3861 0.020355 0 
3862 0.017398 0 
3863 0.019517 0 
3864 0.016748 0 
3865 0.016291 0 
3866 0.024736 0 
3867 0.010550 0 
3868 0.016808 0 
3869 0.016262 0 
3870 0.017652 0 
3871 0.017732 0 
3873 0.024324 0 
3874 0.029819 0 
3875 0.013626 0 
3876 0.013581 0 
3877 0.010645 0 
3878 0.009466 0 
3879 0.009628 0 
3880 0.009208 0 
3881 0.012738 0 
3882 0.011694 0 
3884 0.016806 0 
3886 0.013463 0 
3887 0.009088 0 
3888 0.013207 0 
3889 0.016429 0 
3890 0.021253 0 
3891 0.012594 0 
3892 0.009498 0 
3894 0.014988 0 
3895 0.011276 0 
3896 0.008015 0 
3897 0.014434 0 
3899 0.024046 0 
3901 0.017020 0 
3902 0.029773 0 
3903 0.019076 0 
3905 0.010353 0 
3906 0.014848 0 
3907 0.009573 0 
3909 0.017198 0 
3910 0.023860 0 
3911 0.019340 0 
3912 0.012237 0 
3913 0.011129 0 
3914 0.045194 0 
3915 0.028590 0 
3916 0.014034 0 
3917 0.012008 0 
3918 0.011253 0 
3919 0.011860 0 
3920 0.010246 0 
3921 0.018237 0 
3922 0.012923 0 
3923 0.024104 0 
3924 0.015726 0 
3925 0.009345 0 
3926 0.014741 0 
3928 0.020476 0 
3929 0.012531 0 
3930 0.008947 0 
3931 0.013631 0 
3932 0.018339 0 
3933 0.025993 0 
3934 0.018645 0 
3936 0.017470 0 
3937 0.011894 0 
3938 0.019090 0 
3939 0.052862 0 
3940 0.059681 0 
3941 0.043514 0 
3942 0.027148 0 
3943 0.013143 0 
3944 0.012027 0 
3945 0.015254 0 
3946 0.010806 0 
3947 0.015947 0 
3949 0.017994 0 
3950 0.021701 0 
3951 0.015831 0 
3952 0.018974 0 
3953 0.010145 0 
3954 0.018839 0 
3955 0.010315 0 
3957 0.013294 0 
3958 0.018807 0 
3959 0.018252 0 
3960 0.014928 0 
3962 0.008766 0 
3963 0.011633 0 
3964 0.010700 0 
3965 0.011975 0 
3967 0.033938 0 
3968 0.024042 0 
3969 0.015826 0 
3970 0.017623 0 
3971 0.014597 0 
3972 0.015797 0 
3974 0.017118 0 
3975 0.016604 0 
3976 0.020460 0 
3977 0.012667 0 
3978 0.010569 0 
3979 0.015569 0 
3980 0.022281 0 
3981 0.017906 0 
3982 0.019038 0 
3984 0.028638 0 
3985 0.018987 0 
3986 0.012870 0 
3987 0.011645 0 
3988 0.011307 0 
3989 0.011287 0 
3990 0.031988 0 
3991 0.021524 0 
3992 0.018277 0 
3993 0.010549 0 
3994 0.026007 0 
3995 0.020922 0 
3996 0.023275 0 
3997 0.013851 0 
3998 0.015509 0 
3999 0.011503 0 
4000 0.014533 0 
4001 0.017100 0 
4002 0.016520 0 
4003 0.021982 0 
4004 0.014399 0 
4005 0.010091 0 
4006 0.012348 0 
4007 0.018151 0 
4008 0.044316 0 
4009 0.033185 0 
4011 0.042016 0 
4012 0.025486 0 
4013 0.029003 0 
4014 0.012990 0 
4015 0.011975 0 
4016 0.015707 0 
4017 0.011925 0 
4018 0.010883 0 
4020 0.038887 0 
4021 0.022617 0 
4022 0.006588 0 
4023 0.007699 0 
4025 0.009244 0 
4027 0.018489 0 
4028 0.015617 0 
4029 0.023196 0 
4030 0.014368 0 
4033 0.019897 0 
4034 0.011965 0 
4035 0.013508 0 
4036 0.035697 0 
4037 0.025799 0 
4038 0.020169 0 
4039 0.017391 0 
4040 0.017725 0 
4041 0.013437 0 
4042 0.013219 0 
4043 0.009451 0 
4044 0.013141 0 
4046 0.017331 0 
4048 0.029967 0 
4049 0.016135 0 
4050 0.012287 0 
4051 0.011118 0 
4052 0.013258 0 
4053 0.028018 0 
4054 0.020653 0 
4056 0.018324 0 
4057 0.015947 0 
4058 0.010772 0 
4059 0.007764 0 
4060 0.021898 0 
4061 0.017575 0 
4062 0.036751 0 
4063 0.020130 0 
4064 0.012645 0 
4065 0.016314 0 
4066 0.016551 0 
4067 0.011055 0 
4068 0.009291 0 
4069 0.017302 0 
4070 0.022714 0 
4072 0.036973 0 
4073 0.024796 0 
4074 0.017485 0 
4075 0.013001 0 
4076 0.023528 0 
4077 0.013602 0 
4078 0.015432 0 
4079 0.012622 0 
4080 0.013211 0 
4081 0.013398 0 
4083 0.031292 0 
4085 0.024310 0 
4086 0.009434 0 
4087 0.016190 0 
4088 0.031253 0 
4089 0.028191 0 
4090 0.019380 0 
4091 0.019424 0 
4093 0.017382 0 
4094 0.011326 0 
4095 0.023940 0 
4096 0.017100 0 
4098 0.024767 0 
4100 0.026122 0 
4101 0.013459 0 
4102 0.013231 0 
4104 0.022343 0 
4105 0.026330 0 
4106 0.013092 0 
4108 0.017597 0 
4109 0.009519 0 
4110 0.009774 0 
4111 0.017133 0 
4112 0.031344 0 
4113 0.021762 0 
4114 0.017834 0 
4115 0.012810 0 
4116 0.015327 0 
4117 0.011959 0 
4118 0.014170 0 
4119 0.012273 0 
4120 0.010266 0 
4121 0.008817 0 
4122 0.013766 0 
4123 0.009660 0 
4124 0.012330 0 
4125 0.011523 0 
4127 0.014771 0 
4128 0.009647 0 
4129 0.011927 0 
4130 0.009533 0 
4131 0.019007 0 
4132 0.017901 0 
4133 0.017024 0 
4135 0.011876 0 
4136 0.011062 0 
4137 0.013592 0 
4138 0.013432 0 
4139 0.012398 0 
4140 0.018661 0 
4141 0.011822 0 
4142 0.014521 0 
4143 0.010585 0 
4144 0.013777 0 
4145 0.009542 0 
4146 0.007772 0 
4148 0.013841 0 
4149 0.009297 0 
4150 0.012055 0 
4151 0.024800 0 
4152 0.008378 0 
4153 0.009029 0 
4154 0.017172 0 
4156 0.016439 0 
4157 0.016251 0 
4158 0.013899 0 
4159 0.023095 0 
4161 0.014318 0 
4162 0.044728 0 
4163 0.028335 0 
4164 0.018694 0 
4166 0.022923 0 
4167 0.020096 0 
4168 0.018550 0 
4169 0.016130 0 
4170 0.013878 0 
4171 0.009501 0 
4173 0.016461 0 
4174 0.024072 0 
4175 0.025086 0 
4176 0.020146 0 
4177 0.010165 0 
4178 0.009667 0 
4179 0.018239 0 
4180 0.017952 0 
4181 0.015066 0 
4183 0.012314 0 
4184 0.009748 0 
4185 0.013418 0 
4186 0.015705 0 
4187 0.014854 0 
4188 0.009431 0 
4189 0.011659 0 
4190 0.009590 0 
4191 0.019931 0 
4192 0.013946 0 
4193 0.013369 0 
4194 0.018412 0 
4195 0.012382 0 
4196 0.015296 0 
4197 0.011273 0 
4198 0.010352 0 
4199 0.012784 0 
4200 0.006856 0 
4201 0.012039 0 
4202 0.015321 0 
4203 0.015831 0 
4204 0.009134 0 
4205 0.012159 0 
4206 0.014871 0 
4207 0.007896 0 
4208 0.016588 0 
4210 0.017635 0 
4211 0.016009 0 
4212 0.025176 0 
4213 0.019425 0 
4214 0.019270 0 
4215 0.027443 0 
4216 0.010904 0 
4217 0.018919 0 
4219 0.027314 0 
4220 0.017511 0 
4221 0.010401 0 
4222 0.013590 0 
4224 0.015716 0 
4226 0.023530 0 
4227 0.019868 0 
4228 0.015322 0 
4229 0.013632 0 
4232 0.022108 0 
4233 0.018168 0 
4234 0.010768 0 
4235 0.036345 0 
4236 0.037515 0 
4237 0.023463 0 
4238 0.017461 0 
4239 0.020790 0 
4240 0.020177 0 
4241 0.013455 0 
4242 0.009388 0 
4243 0.013641 0 
4245 0.023242 0 
4247 0.023530 0 
4248 0.017884 0 
4249 0.013059 0 
4250 0.010298 0 
4251 0.017712 0 
4252 0.011943 0 
4253 0.016255 0 
4255 0.035166 0 
4256 0.021124 0 
4257 0.014567 0 
4258 0.015748 0 
4259 0.016385 0 
4260 0.016202 0 
4261 0.011433 0 
4262 0.011106 0 
4263 0.016186 0 
4264 0.013806 0 
4265 0.015130 0 
4266 0.011239 0 
4267 0.020220 0 
4268 0.013994 0 
4269 0.013335 0 
4271 0.019848 0 
4272 0.013103 0 
4273 0.011653 0 
4274 0.020565 0 
4275 0.016200 0 
4276 0.011597 0 
4277 0.011441 0 
4278 0.014556 0 
4279 0.010395 0 
4280 0.014721 0 
4282 0.022084 0 
4284 0.015843 0 
4285 0.027044 0 
4286 0.013759 0 
4287 0.020286 0 
4288 0.011765 0 
4289 0.020121 0 
4290 0.013860 0 
4292 0.027885 0 
4293 0.018665 0 
4294 0.013206 0 
4295 0.012382 0 
4297 0.022891 0 
4299 0.018431 0 
4300 0.009895 0 
4301 0.007370 0 
4303 0.017130 0 
4304 0.015211 0 
4305 0.011660 0 
4307 0.012675 0 
4308 0.010673 0 
4309 0.011224 0 
4310 0.009633 0 
4311 0.011095 0 
4312 0.015167 0 
4313 0.016762 0 
4314 0.010492 0 
4315 0.014977 0 
4316 0.009157 0 
4317 0.011136 0 
4318 0.018064 0 
4319 0.007530 0 
4320 0.007138 0 
4321 0.026835 0 
4322 0.015952 0 
4323 0.014304 0 
4324 0.010903 0 
4326 0.033534 0 
4327 0.017084 0 
4328 0.015737 0 
4329 0.017929 0 
4330 0.029886 0 
4331 0.026331 0 
4332 0.011455 0 
4334 0.013003 0 
4335 0.017005 0 
4336 0.011186 0 
4337 0.014066 0 
4338 0.011614 0 
4339 0.019855 0 
4340 0.013712 0 
4341 0.015985 0 
4342 0.024220 0 
4343 0.017948 0 
4344 0.013313 0 
4345 0.010328 0 
4347 0.017941 0 
4348 0.017714 0 
4349 0.012320 0 
4350 0.015901 0 
4351 0.013535 0 
4352 0.012810 0 
4353 0.013155 0 
4355 0.012012 0 
4356 0.011289 0 
4357 0.012073 0 
4358 0.019419 0 
4360 0.011273 0 
4361 0.023530 0 
4362 0.013263 0 
4363 0.014954 0 
4365 0.012938 0 
4366 0.014602 0 
4367 0.009272 0 
4368 0.009082 0 
4369 0.010448 0 
4370 0.007716 0 
4372 0.018646 0 
4373 0.019809 0 
4374 0.010258 0 
4375 0.007923 0 
4376 0.008260 0 
4377 0.010785 0 
4378 0.021376 0 
4379 0.010635 0 
4380 0.016083 0 
4382 0.018146 0 
4383 0.015252 0 
4384 0.009630 0 
4385 0.009476 0 
4386 0.009914 0 
4387 0.009148 0 
4388 0.017024 0 
4389 0.019687 0 
4390 0.011863 0 
4391 0.018933 0 
4392 0.011536 0 
4393 0.010825 0 
4394 0.020569 0 
4395 0.016409 0 
4396 0.010504 0 
4397 0.017432 0 
4398 0.014916 0 
4399 0.015977 0 
4400 0.012913 0 
4401 0.009838 0 
4402 0.024839 0 
4403 0.035390 0 
4404 0.018668 0 
4405 0.021755 0 
4406 0.021905 0 
4407 0.017144 0 
4409 0.018568 0 
4410 0.021508 0 
4411 0.012352 0 
4412 0.011026 0 
4413 0.014231 0 
4414 0.016244 0 
4415 0.017152 0 
4416 0.017631 0 
4418 0.039958 0 
4419 0.023148 0 
4420 0.007196 0 
4421 0.006364 0 
4423 0.010270 0 
4425 0.017713 0 
4426 0.025358 0 
4427 0.017582 0 
4428 0.030655 0 
4431 0.018219 0 
4432 0.013791 0 
4433 0.013384 0 
4434 0.035398 0 
4435 0.025071 0 
4436 0.011336 0 
4437 0.009331 0 
4438 0.017101 0 
4439 0.010071 0 
4440 0.012146 0 
4441 0.021613 0 
4442 0.010814 0 
4444 0.021027 0 
4446 0.028458 0 
4447 0.029461 0 
4448 0.013299 0 
4449 0.016492 0 
4450 0.017268 0 
4451 0.010775 0 
4452 0.009973 0 
4454 0.016737 0 
4455 0.036477 0 
4456 0.029783 0 
4457 0.023345 0 
4458 0.010609 0 
4459 0.017608 0 
4460 0.014902 0 
4461 0.013787 0 
4462 0.018560 0 
4463 0.018521 0 
4464 0.012420 0 
4465 0.030906 0 
4466 0.018085 0 
4467 0.013680 0 
4468 0.014964 0 
4470 0.046998 0 
4471 0.030424 0 
4472 0.014246 0 
4473 0.019384 0 
4474 0.014351 0 
4475 0.021499 0 
4476 0.010834 0 
4477 0.020575 0 
4478 0.014201 0 
4479 0.012331 0 
4481 0.023730 0 
4483 0.010570 0 
4484 0.008027 0 
4485 0.031846 0 
4486 0.014640 0 
4487 0.013757 0 
4488 0.013499 0 
4489 0.016099 0 
4491 0.017672 0 
4492 0.012705 0 
4493 0.012859 0 
4494 0.011815 0 
4496 0.028734 0 
4498 0.022810 0 
4499 0.010133 0 
4500 0.012037 0 
4502 0.022008 0 
4503 0.014019 0 
4504 0.012113 0 
4506 0.011601 0 
4507 0.011469 0 
4508 0.011025 0 
4509 0.018949 0 
4510 0.017340 0 
4511 0.015521 0 
4512 0.013944 0 
4513 0.009353 0 
4514 0.014719 0 
4515 0.019922 0 
4516 0.010966 0 
4517 0.015695 0 
4518 0.014388 0 
4519 0.011488 0 
4520 0.016027 0 
4521 0.019198 0 
4522 0.015980 0 
4523 0.013925 0 
4525 0.019243 0 
4526 0.011712 0 
4527 0.016502 0 
4528 0.015759 0 
4529 0.017884 0 
4530 0.016823 0 
4531 0.015268 0 
4533 0.013574 0 
4534 0.016418 0 
4535 0.009615 0 
4536 0.017360 0 
4537 0.010540 0 
4538 0.014469 0 
4539 0.016904 0 
4540 0.011391 0 
4541 0.017620 0 
4542 0.015122 0 
4543 0.009567 0 
4544 0.013952 0 
4546 0.015638 0 
4547 0.011331 0 
4548 0.009593 0 
4549 0.012593 0 
4550 0.014487 0 
4551 0.012462 0 
4552 0.018218 0 
4554 0.012520 0 
4555 0.033345 0 
4556 0.018580 0 
4557 0.019938 0 
4559 0.015767 0 
4560 0.026433 0 
4561 0.017415 0 
4562 0.010971 0 
4564 0.019661 0 
4565 0.023223 0 
4566 0.013854 0 
4567 0.012615 0 
4568 0.011333 0 
4569 0.015092 0 
4571 0.016343 0 
4572 0.009782 0 
4573 0.026642 0 
4574 0.014713 0 
4575 0.015483 0 
4576 0.011957 0 
4577 0.021491 0 
4578 0.020767 0 
4579 0.020411 0 
4581 0.013862 0 
4582 0.015041 0 
4583 0.013371 0 
4584 0.010077 0 
4585 0.008059 0 
4586 0.008209 0 
4587 0.013155 0 
4588 0.024158 0 
4589 0.033518 0 
4590 0.035655 0 
4591 0.019539 0 
4592 0.028910 0 
4593 0.015900 0 
4594 0.015481 0 
4595 0.012309 0 
4596 0.010470 0 
4597 0.012068 0 
4598 0.015667 0 
4599 0.011616 0 
4600 0.014407 0 
4601 0.016710 0 
4602 0.016036 0 
4603 0.015719 0 
4604 0.014014 0 
4605 0.025107 0 
4606 0.014544 0 
4608 0.013487 0 
4609 0.012647 0 
4610 0.011248 0 
4611 0.008824 0 
4612 0.007917 0 
4613 0.008340 0 
4614 0.010665 0 
4615 0.013313 0 
4617 0.012249 0 
4618 0.017256 0 
4619 0.005763 0 
4620 0.010232 0 
4622 0.005575 0 
4624 0.020980 0 
4625 0.017978 0 
4626 0.027266 0 
4627 0.022466 0 
4630 0.024767 0 
4631 0.012695 0 
4632 0.011966 0 
4633 0.031939 0 
4634 0.016373 0 
4635 0.031687 0 
4636 0.016986 0 
4637 0.009611 0 
4638 0.014163 0 
4639 0.012206 0 
4640 0.016836 0 
4641 0.013225 0 
4643 0.011628 0 
4645 0.014348 0 
4646 0.012342 0 
4647 0.009757 0 
4648 0.010171 0 
4649 0.011765 0 
4650 0.008162 0 
4651 0.009314 0 
4653 0.012184 0 
4654 0.013250 0 
4655 0.012820 0 
4656 0.007828 0 
4657 0.013062 0 
4658 0.016330 0 
4659 0.023003 0 
4660 0.017665 0 
4661 0.014026 0 
4662 0.014503 0 
4663 0.014161 0 
4664 0.013130 0 
4665 0.015248 0 
4666 0.015485 0 
4667 0.023915 0 
4669 0.037980 0 
4670 0.030061 0 
4671 0.027181 0 
4672 0.014355 0 
4673 0.010425 0 
4674 0.011635 0 
4675 0.015945 0 
4676 0.012525 0 
4677 0.013865 0 
4678 0.012054 0 
4680 0.027138 0 
4682 0.027643 0 
4683 0.018823 0 
4684 0.014811 0 
4685 0.010432 0 
4686 0.011775 0 
4687 0.024069 0 
4688 0.027304 0 
4690 0.027729 0 
4691 0.015617 0 
4692 0.011845 0 
4693 0.011984 0 
4695 0.028340 0 
4697 0.017995 0 
4698 0.019728 0 
4699 0.009391 0 
4701 0.021413 0 
4702 0.035216 0 
4703 0.018486 0 
4705 0.026896 0 
4706 0.014290 0 
4707 0.031268 0 
4708 0.033910 0 
4709 0.017387 0 
4710 0.014523 0 
4711 0.015306 0 
4712 0.017704 0 
4713 0.012389 0 
4714 0.012466 0 
4715 0.029678 0 
4716 0.016657 0 
4717 0.008157 0 
4718 0.024679 0 
4719 0.020835 0 
4720 0.025281 0 
4721 0.008970 0 
4722 0.010735 0 
4724 0.026995 0 
4725 0.014254 0 
4726 0.012772 0 
4727 0.011844 0 
4728 0.013230 0 
4729 0.021809 0 
4730 0.011799 0 
4732 0.010576 0 
4733 0.023284 0 
4734 0.011293 0 
4735 0.008983 0 
4736 0.008929 0 
4737 0.027282 0 
4738 0.018291 0 
4739 0.013457 0 
4740 0.015444 0 
4741 0.010538 0 
4742 0.010472 0 
4743 0.016637 0 
4745 0.025416 0 
4746 0.013086 0 
4747 0.013165 0 
4748 0.022122 0 
4749 0.013436 0 
4750 0.006777 0 
4751 0.010668 0 
4753 0.014989 0 
4754 0.014433 0 
4755 0.022818 0 
4756 0.021073 0 
4758 0.008281 0 
4759 0.014104 0 
4760 0.013927 0 
4761 0.014467 0 
4763 0.021976 0 
4764 0.013495 0 
4765 0.010177 0 
4766 0.008761 0 
4767 0.011525 0 
4768 0.011376 0 
4770 0.018050 0 
4771 0.013715 0 
4772 0.012619 0 
4773 0.009564 0 
4774 0.008447 0 
4775 0.018331 0 
4776 0.024777 0 
4777 0.017851 0 
4778 0.013935 0 
4780 0.021418 0 
4781 0.027583 0 
4782 0.057092 0 
4783 0.040798 0 
4784 0.024420 0 
4785 0.014040 0 
4786 0.016287 0 
4787 0.017716 0 
4788 0.028469 0 
4789 0.014945 0 
4790 0.013881 0 
4791 0.015499 0 
4792 0.015095 0 
4793 0.023075 0 
4794 0.038762 0 
4795 0.022903 0 
4796 0.017774 0 
4797 0.012790 0 
4798 0.012686 0 
4799 0.009532 0 
4800 0.018566 0 
4801 0.012040 0 
4802 0.010688 0 
4803 0.010075 0 
4804 0.009755 0 
4805 0.011118 0 
4807 0.021338 0 
4808 0.012814 0 
4809 0.035636 0 
4810 0.019362 0 
4811 0.010741 0 
4812 0.009259 0 
4813 0.008166 0 
4814 0.011165 0 
4816 0.035038 0 
4817 0.018599 0 
4818 0.009537 0 
4819 0.017175 0 
4821 0.006747 0 
4823 0.041718 0 
4824 0.025297 0 
4825 0.021165 0 
4826 0.020380 0 
4829 0.017771 0 
4830 0.023886 0 
4831 0.015286 0 
4832 0.032417 0 
4833 0.025294 0 
4834 0.015635 0 
4835 0.013081 0 
4836 0.017666 0 
4837 0.017936 0 
4838 0.013808 0 
4839 0.011845 0 
4840 0.010354 0 
4842 0.019176 0 
4844 0.023875 0 
4845 0.011686 0 
4846 0.009758 0 
4847 0.024547 0 
4848 0.027361 0 
4849 0.010927 0 
4850 0.015463 0 
4852 0.012874 0 
4853 0.011561 0 
4854 0.011625 0 
4855 0.010971 0 
4856 0.008264 0 
4857 0.011008 0 
4858 0.010904 0 
4859 0.008663 0 
4860 0.007125 0 
4861 0.031159 0 
4862 0.014708 0 
4863 0.015107 0 
4864 0.009792 0 
4865 0.013539 0 
4866 0.008252 0 
4868 0.050369 0 
4869 0.046130 0 
4870 0.028582 0 
4871 0.026891 0 
4872 0.013861 0 
4873 0.013947 0 
4874 0.010947 0 
4875 0.017102 0 
4876 0.010293 0 
4877 0.012419 0 
4879 0.018485 0 
4881 0.013256 0 
4882 0.013484 0 
4883 0.010964 0 
4884 0.011487 0 
4885 0.009422 0 
4886 0.017419 0 
4887 0.013453 0 
4889 0.026041 0 
4890 0.012889 0 
4891 0.005963 0 
4892 0.010565 0 
4894 0.026068 0 
4896 0.026751 0 
4897 0.010317 0 
4898 0.017955 0 
4900 0.018040 0 
4901 0.017514 0 
4902 0.014452 0 
4904 0.024579 0 
4905 0.018942 0 
4906 0.015152 0 
4907 0.017850 0 
4908 0.016734 0 
4909 0.015099 0 
4910 0.014103 0 
4911 0.018945 0 
4912 0.015769 0 
4913 0.014751 0 
4914 0.020349 0 
4915 0.015515 0 
4916 0.014489 0 
4917 0.009911 0 
4918 0.029268 0 
4919 0.017957 0 
4920 0.009833 0 
4921 0.009871 0 
4923 0.019122 0 
4924 0.014853 0 
4925 0.014147 0 
4926 0.012469 0 
4927 0.034194 0 
4928 0.017866 0 
4929 0.025762 0 
4931 0.011599 0 
4932 0.009977 0 
4933 0.008660 0 
4934 0.007477 0 
4935 0.015394 0 
4936 0.015162 0 
4937 0.011885 0 
4938 0.011582 0 
4939 0.011637 0 
4940 0.013473 0 
4941 0.010490 0 
4942 0.013767 0 
4944 0.017645 0 
4945 0.015181 0 
4946 0.011547 0 
4947 0.022262 0 
4948 0.011997 0 
4949 0.018060 0 
4950 0.015627 0 
4952 0.010002 0 
4953 0.017426 0 
4954 0.025974 0 
4955 0.023717 0 
4957 0.014516 0 
4958 0.012778 0 
4959 0.011630 0 
4960 0.020174 0 
4962 0.023359 0 
4963 0.038617 0 
4964 0.022557 0 
4965 0.014037 0 
4966 0.013794 0 
4967 0.014466 0 
4969 0.014193 0 
4970 0.014081 0 
4971 0.015815 0 
4972 0.026218 0 
4973 0.015592 0 
4974 0.012593 0 
4975 0.021732 0 
4976 0.014026 0 
4977 0.014947 0 
4979 0.016841 0 
4980 0.013693 0 
4981 0.011257 0 
4982 0.012635 0 
4983 0.010182 0 
4984 0.012913 0 
4985 0.015574 0 
4986 0.012295 0 
4987 0.020205 0 
4988 0.016395 0 
4989 0.012421 0 
4990 0.011936 0 
4991 0.012577 0 
4992 0.014523 0 
4993 0.014126 0 
4994 0.012981 0 
4995 0.019556 0 
4996 0.011052 0 
4997 0.007475 0 
4998 0.013144 0 
4999 0.013078 0 
5000 0.013037 0 
5001 0.021672 0 
5002 0.022320 0 
5003 0.020309 0 
5004 0.012748 0 
5006 0.028776 0 
5007 0.016590 0 
5008 0.016991 0 
5009 0.017890 0 
5010 0.017152 0 
5011 0.026832 0 
5012 0.020679 0 
5013 0.017210 0 
5015 0.039878 0 
5016 0.051579 0 
5017 0.035440 0 
5018 0.019266 0 
5020 0.008771 0 
5022 0.024864 0 
5023 0.026475 0 
5024 0.039140 0 
5025 0.022751 0 
5028 0.036878 0 
5029 0.020437 0 
5030 0.017331 0 
5031 0.033776 0 
5032 0.023590 0 
5033 0.013593 0 
5034 0.010899 0 
5035 0.018629 0 
5036 0.011501 0 
5037 0.009502 0 
5038 0.007119 0 
5039 0.012796 0 
5041 0.025056 0 
5043 0.024084 0 
5044 0.014142 0 
5045 0.015427 0 
5046 0.011779 0 
5047 0.010634 0 
5048 0.012735 0 
5049 0.016944 0 
5051 0.024177 0 
5052 0.018543 0 
5053 0.020123 0 
5054 0.016201 0 
5055 0.014493 0 
5056 0.016823 0 
5057 0.041524 0 
5058 0.024892 0 
5059 0.014478 0 
5060 0.018535 0 
5061 0.014503 0 
5062 0.013178 0 
5063 0.026398 0 
5064 0.022319 0 
5065 0.017157 0 
5067 0.030687 0 
5068 0.029178 0 
5069 0.021121 0 
5070 0.024373 0 
5071 0.011708 0 
5072 0.017753 0 
5073 0.014860 0 
5074 0.023305 0 
5075 0.009680 0 
5076 0.008712 0 
5078 0.027118 0 
5080 0.008764 0 
5081 0.011055 0 
5082 0.010485 0 
5083 0.011877 0 
5084 0.017156 0 
5085 0.013018 0 
5086 0.009529 0 
5088 0.027782 0 
5089 0.017385 0 
5090 0.014088 0 
5091 0.030165 0 
5093 0.025193 0 
5095 0.014169 0 
5096 0.019596 0 
5097 0.016937 0 
5099 0.012346 0 
5100 0.013354 0 
5101 0.010212 0 
5103 0.007505 0 
5104 0.014515 0 
5105 0.008760 0 
5106 0.011908 0 
5107 0.012211 0 
5108 0.010450 0 
5109 0.018207 0 
5110 0.022761 0 
5111 0.013777 0 
5112 0.018936 0 
5113 0.007286 0 
5114 0.011525 0 
5115 0.011074 0 
5116 0.011935 0 
5117 0.018647 0 
5118 0.016959 0 
5119 0.011234 0 
5120 0.012365 0 
5122 0.015061 0 
5123 0.012439 0 
5124 0.012868 0 
5125 0.009832 0 
5126 0.023127 0 
5127 0.026740 0 
5128 0.016302 0 
5130 0.023524 0 
5131 0.010762 0 
5132 0.019854 0 
5133 0.018415 0 
5134 0.016356 0 
5135 0.021121 0 
5136 0.020392 0 
5137 0.009875 0 
5138 0.013390 0 
5139 0.011946 0 
5140 0.010228 0 
5141 0.009789 0 
5143 0.015530 0 
5144 0.025179 0 
5145 0.009130 0 
5146 0.013016 0 
5147 0.009229 0 
5148 0.012400 0 
5149 0.012568 0 
5151 0.014140 0 
5152 0.030039 0 
5153 0.018753 0 
5154 0.015831 0 
5156 0.010957 0 
5157 0.017998 0 
5158 0.019052 0 
5159 0.015646 0 
5161 0.017500 0 
5162 0.020442 0 
5163 0.012205 0 
5164 0.025175 0 
5165 0.028776 0 
5166 0.028517 0 
5168 0.025931 0 
5169 0.025471 0 
5170 0.020858 0 
5171 0.011830 0 
5172 0.013465 0 
5173 0.013332 0 
5174 0.023696 0 
5175 0.009299 0 
5176 0.013287 0 
5178 0.041796 0 
5179 0.025465 0 
5180 0.027557 0 
5181 0.025401 0 
5182 0.015805 0 
5183 0.018420 0 
5184 0.013716 0 
5185 0.015905 0 
5186 0.020262 0 
5187 0.014807 0 
5188 0.013640 0 
5189 0.012842 0 
5190 0.015090 0 
5191 0.014333 0 
5192 0.014132 0 
5193 0.012419 0 
5194 0.020348 0 
5195 0.042956 0 
5196 0.026566 0 
5197 0.023940 0 
5198 0.009230 0 
5199 0.009677 0 
5200 0.015027 0 
5201 0.008745 0 
5202 0.018750 0 
5203 0.023307 0 
5205 0.020751 0 
5206 0.015332 0 
5207 0.009807 0 
5208 0.038265 0 
5209 0.025732 0 
5210 0.014305 0 
5211 0.018038 0 
5212 0.011202 0 
5214 0.021472 0 
5215 0.011627 0 
5216 0.007956 0 
5217 0.007151 0 
5219 0.006355 0 
5221 0.015969 0 
5222 0.017010 0 
5223 0.021406 0 
5224 0.026088 0 
5227 0.017174 0 
5228 0.009907 0 
5229 0.013296 0 
5230 0.030817 0 
5231 0.020413 0 
5232 0.018225 0 
5233 0.015324 0 
5234 0.021213 0 
5235 0.014328 0 
5236 0.015053 0 
5237 0.014774 0 
5238 0.015209 0 
5240 0.017679 0 
5242 0.025926 0 
5243 0.014343 0 
5244 0.045689 0 
5245 0.035014 0 
5246 0.018536 0 
5247 0.023719 0 
5248 0.011569 0 
5250 0.015210 0 
5251 0.022689 0 
5252 0.027164 0 
5253 0.014775 0 
5254 0.011225 0 
5255 0.012596 0 
5256 0.011430 0 
5257 0.012765 0 
5258 0.010892 0 
5259 0.016781 0 
5260 0.015646 0 
5261 0.012025 0 
5262 0.011811 0 
5263 0.025869 0 
5264 0.016796 0 
5266 0.035717 0 
5267 0.032070 0 
5268 0.021903 0 
5269 0.062897 0 
5270 0.046476 0 
5271 0.039364 0 
5272 0.022858 0 
5273 0.016728 0 
5274 0.010790 0 
5275 0.022321 0 
5277 0.025653 0 
5279 0.012465 0 
5280 0.010738 0 
5281 0.008294 0 
5282 0.013062 0 
5283 0.014193 0 
5284 0.015045 0 
5285 0.012682 0 
5287 0.022438 0 
5288 0.011299 0 
5289 0.015646 0 
5290 0.011415 0 
5292 0.032282 0 
5294 0.020813 0 
5295 0.013914 0 
5296 0.010543 0 
5298 0.022101 0 
5299 0.012390 0 
5300 0.006814 0 
5302 0.010613 0 
5303 0.012498 0 
5304 0.012855 0 
5305 0.016968 0 
5306 0.017220 0 
5307 0.024578 0 
5308 0.025198 0 
5309 0.019983 0 
5310 0.014733 0 
5311 0.020685 0 
5312 0.009764 0 
5313 0.017250 0 
5314 0.009940 0 
5315 0.016953 0 
5316 0.017071 0 
5317 0.016694 0 
5318 0.009440 0 
5319 0.026680 0 
5321 0.023262 0 
5322 0.021389 0 
5323 0.011373 0 
5324 0.011280 0 
5325 0.023619 0 
5326 0.010877 0 
5327 0.015437 0 
5329 0.015568 0 
5330 0.016259 0 
5331 0.015109 0 
5332 0.027092 0 
5333 0.016959 0 
5334 0.021271 0 
5335 0.016200 0 
5336 0.008517 0 
5337 0.006837 0 
5338 0.009415 0 
5339 0.010703 0 
5340 0.008160 0 
5342 0.007907 0 
5343 0.018258 0 
5344 0.008425 0 
5345 0.020389 0 
5346 0.008082 0 
5347 0.009224 0 
5348 0.009716 0 
5350 0.008640 0 
5351 0.009781 0 
5352 0.011893 0 
5353 0.012494 0 
5355 0.009471 0 
5356 0.010466 0 
5357 0.010374 0 
5358 0.011022 0 
5360 0.014075 0 
5361 0.018771 0 
5362 0.011516 0 
5363 0.013273 0 
5364 0.012743 0 
5365 0.015192 0 
5367 0.018771 0 
5368 0.015855 0 
5369 0.019047 0 
5370 0.010217 0 
5371 0.007435 0 
5372 0.010302 0 
5373 0.016319 0 
5374 0.014673 0 
5375 0.012619 0 
5377 0.017797 0 
5378 0.010401 0 
5379 0.009392 0 
5380 0.015802 0 
5381 0.011512 0 
5382 0.014767 0 
5383 0.014259 0 
5384 0.014567 0 
5385 0.011008 0 
5386 0.012122 0 
5387 0.018174 0 
5388 0.018313 0 
5389 0.014635 0 
5390 0.013097 0 
5391 0.013569 0 
5392 0.015878 0 
5393 0.013084 0 
5394 0.012122 0 
5395 0.013061 0 
5396 0.020572 0 
5397 0.013299 0 
5398 0.016419 0 
5399 0.024642 0 
5400 0.016379 0 
5401 0.015392 0 
5402 0.011212 0 
5404 0.026321 0 
5405 0.023467 0 
5406 0.026804 0 
5407 0.011182 0 
5408 0.013878 0 
5409 0.013747 0 
5410 0.020971 0 
5411 0.012350 0 
5413 0.033594 0 
5414 0.017269 0 
5415 0.009179 0 
5416 0.005976 0 
5418 0.010557 0 
5420 0.026983 0 
5421 0.013977 0 
5422 0.022381 0 
5423 0.014949 0 
5426 0.021409 0 
5427 0.014586 0 
5428 0.019351 0 
5429 0.036143 0 
5430 0.032158 0 
5431 0.015603 0 
5432 0.012891 0 
5433 0.024321 0 
5434 0.019298 0 
5435 0.010882 0 
5436 0.014884 0 
5437 0.016095 0 
5439 0.018453 0 
5441 0.028051 0 
5442 0.028780 0 
5443 0.012993 0 
5444 0.015054 0 
5445 0.014797 0 
5446 0.017195 0 
5447 0.011092 0 
5449 0.015784 0 
5450 0.020464 0 
5451 0.035347 0 
5452 0.019223 0 
5453 0.010214 0 
5454 0.021314 0 
5455 0.015430 0 
5456 0.015867 0 
5457 0.014510 0 
5458 0.023736 0 
5459 0.011108 0 
5460 0.015472 0 
5461 0.010532 0 
5462 0.017910 0 
5463 0.012739 0 
5465 0.030014 0 
5466 0.024037 0 
5467 0.015787 0 
5468 0.021336 0 
5469 0.039507 0 
5470 0.023126 0 
5471 0.017963 0 
5472 0.018749 0 
5473 0.013068 0 
5474 0.027812 0 
5476 0.021876 0 
5478 0.021263 0 
5479 0.014146 0 
5480 0.009033 0 
5481 0.017356 0 
5482 0.023973 0 
5483 0.017975 0 
5484 0.015134 0 
5486 0.023306 0 
5487 0.012686 0 
5488 0.023551 0 
5489 0.012277 0 
5491 0.034067 0 
5493 0.020497 0 
5494 0.010446 0 
5495 0.011593 0 
5497 0.018009 0 
5498 0.016746 0 
5499 0.013005 0 
5501 0.016331 0 
5502 0.016380 0 
5503 0.012376 0 
5504 0.018648 0 
5505 0.014083 0 
5506 0.020585 0 
5507 0.015964 0 
5508 0.015619 0 
5509 0.006920 0 
5510 0.012521 0 
5511 0.017452 0 
5512 0.015011 0 
5513 0.011455 0 
5514 0.014695 0 
5515 0.015775 0 
5516 0.014052 0 
5517 0.008108 0 
5518 0.008395 0 
5520 0.024288 0 
5521 0.015143 0 
5522 0.018988 0 
5523 0.030675 0 
5524 0.018519 0 
5525 0.014960 0 
5526 0.018430 0 
5528 0.024717 0 
5529 0.010909 0 
5530 0.018293 0 
5531 0.010587 0 
5532 0.011736 0 
5533 0.017166 0 
5534 0.009071 0 
5535 0.014022 0 
5536 0.014210 0 
5537 0.014147 0 
5538 0.008225 0 
5539 0.012737 0 
5541 0.017434 0 
5542 0.023431 0 
5543 0.027765 0 
5544 0.020636 0 
5545 0.009585 0 
5546 0.018867 0 
5547 0.007820 0 
5549 0.027029 0 
5550 0.035082 0 
5551 0.021641 0 
5552 0.018294 0 
5554 0.014229 0 
5555 0.013219 0 
5556 0.010485 0 
5557 0.019445 0 
5559 0.017772 0 
5560 0.033906 0 
5561 0.017655 0 
5562 0.014298 0 
5563 0.016400 0 
5564 0.018677 0 
5566 0.012588 0 
5567 0.019685 0 
5568 0.025962 0 
5569 0.016326 0 
5570 0.011895 0 
5571 0.009731 0 
5572 0.016205 0 
5573 0.015927 0 
5574 0.018568 0 
5576 0.018921 0 
5577 0.014036 0 
5578 0.013174 0 
5579 0.008356 0 
5580 0.027178 0 
5581 0.011037 0 
5582 0.013481 0 
5583 0.009687 0 
5584 0.012173 0 
5585 0.011929 0 
5586 0.012049 0 
5587 0.010799 0 
5588 0.013651 0 
5589 0.010077 0 
5590 0.008227 0 
5591 0.010535 0 
5592 0.010804 0 
5593 0.014184 0 
5594 0.008885 0 
5595 0.008027 0 
5596 0.011068 0 
5597 0.007785 0 
5598 0.021066 0 
5599 0.007202 0 
5600 0.007067 0 
5601 0.010469 0 
5603 0.017525 0 
5604 0.014981 0 
5605 0.008941 0 
5606 0.009042 0 
5607 0.015624 0 
5608 0.010319 0 
5609 0.013607 0 
5610 0.011097 0 
5612 0.030001 0 
5613 0.027397 0 
5614 0.011209 0 
5615 0.005002 0 
5617 0.008425 0 
5619 0.021588 0 
5620 0.019411 0 
5621 0.021501 0 
5622 0.018213 0 
5625 0.017300 0 
5626 0.008615 0 
5627 0.016943 0 
5628 0.034751 0 
5629 0.033060 0 
5630 0.024117 0 
5631 0.013363 0 
5632 0.014473 0 
5633 0.010110 0 
5634 0.012024 0 
5635 0.022331 0 
5636 0.008519 0 
5638 0.012448 0 
5640 0.015754 0 
5641 0.016244 0 
5642 0.013708 0 
5643 0.010549 0 
5644 0.009542 0 
5645 0.015269 0 
5646 0.007868 0 
5648 0.015113 0 
5649 0.014550 0 
5650 0.008478 0 
5651 0.017131 0 
5652 0.006903 0 
5653 0.013709 0 
5654 0.011779 0 
5655 0.013348 0 
5656 0.010382 0 
5657 0.010002 0 
5658 0.014987 0 
5659 0.010455 0 
5660 0.008284 0 
5661 0.012169 0 
5662 0.013659 0 
5664 0.015022 0 
5665 0.014996 0 
5666 0.015544 0 
5667 0.014989 0 
5668 0.007361 0 
5669 0.008722 0 
5670 0.019035 0 
5671 0.010305 0 
5672 0.012121 0 
5673 0.017132 0 
5675 0.013970 0 
5677 0.009100 0 
5678 0.009112 0 
5679 0.010151 0 
5680 0.017323 0 
5681 0.013231 0 
5682 0.014409 0 
5683 0.008727 0 
5685 0.018122 0 
5686 0.012378 0 
5687 0.011554 0 
5688 0.022149 0 
5690 0.030736 0 
5692 0.016809 0 
5693 0.009865 0 
5694 0.014459 0 
5696 0.021766 0 
5697 0.015615 0 
5698 0.015152 0 
5700 0.017354 0 
5701 0.016056 0 
5702 0.033349 0 
5703 0.016853 0 
5704 0.013466 0 
5705 0.014698 0 
5706 0.017241 0 
5707 0.021750 0 
5708 0.012039 0 
5709 0.029523 0 
5710 0.040548 0 
5711 0.025961 0 
5712 0.021826 0 
5713 0.028745 0 
5714 0.021268 0 
5715 0.014026 0 
5716 0.020120 0 
5717 0.013554 0 
5719 0.016859 0 
5720 0.010657 0 
5721 0.011054 0 
5722 0.017575 0 
5723 0.015253 0 
5724 0.017284 0 
5725 0.012645 0 
5727 0.015836 0 
5728 0.014641 0 
5729 0.012874 0 
5730 0.009947 0 
5731 0.012445 0 
5732 0.020106 0 
5733 0.016176 0 
5734 0.016431 0 
5735 0.012851 0 
5736 0.017749 0 
5737 0.017874 0 
5738 0.016420 0 
5740 0.016981 0 
5741 0.019695 0 
5742 0.014400 0 
5743 0.019325 0 
5744 0.013105 0 
5745 0.011433 0 
5746 0.008474 0 
5748 0.016361 0 
5749 0.016559 0 
5750 0.023715 0 
5751 0.018609 0 
5753 0.011472 0 
5754 0.022686 0 
5755 0.017122 0 
5756 0.018862 0 
5758 0.028074 0 
5759 0.018638 0 
5760 0.022632 0 
5761 0.009538 0 
5762 0.012616 0 
5763 0.009772 0 
5765 0.019197 0 
5766 0.022999 0 
5767 0.021250 0 
5768 0.013270 0 
5769 0.010184 0 
5770 0.032054 0 
5771 0.023514 0 
5772 0.015861 0 
5773 0.011835 0 
5775 0.018180 0 
5776 0.012684 0 
5777 0.009323 0 
5778 0.012135 0 
5779 0.009356 0 
5780 0.007553 0 
5781 0.008801 0 
5782 0.009100 0 
5783 0.048357 0 
5784 0.032225 0 
5785 0.016018 0 
5786 0.016357 0 
5787 0.008334 0 
5788 0.009558 0 
5789 0.010393 0 
5790 0.008059 0 
5791 0.017352 0 
5792 0.011104 0 
5793 0.015136 0 
5794 0.018439 0 
5795 0.011921 0 
5796 0.013075 0 
5797 0.013279 0 
5798 0.024227 0 
5799 0.016642 0 
5800 0.011645 0 
5802 0.016104 0 
5803 0.021267 0 
5804 0.011727 0 
5805 0.012130 0 
5806 0.011886 0 
5807 0.013816 0 
5808 0.013857 0 
5809 0.014464 0 
5811 0.028504 0 
5812 0.017521 0 
5813 0.009555 0 
5814 0.009221 0 
5816 0.008507 0 
5818 0.021633 0 
5819 0.023416 0 
5820 0.028471 0 
5821 0.032580 0 
5824 0.021942 0 
5825 0.010579 0 
5826 0.019468 0 
5827 0.034843 0 
5828 0.018248 0 
5829 0.012531 0 
5830 0.008972 0 
5831 0.012783 0 
5832 0.012769 0 
5833 0.012381 0 
5834 0.012427 0 
5835 0.006799 0 
5837 0.013200 0 
5839 0.017046 0 
5840 0.014947 0 
5841 0.013538 0 
5842 0.007429 0 
5843 0.009826 0 
5844 0.008774 0 
5845 0.016675 0 
5847 0.012418 0 
5848 0.021221 0 
5849 0.008997 0 
5850 0.010921 0 
5851 0.008600 0 
5852 0.009300 0 
5853 0.010970 0 
5854 0.008248 0 
5855 0.009108 0 
5856 0.009853 0 
5857 0.009193 0 
5858 0.019135 0 
5859 0.015395 0 
5860 0.014735 0 
5861 0.010128 0 
5863 0.019437 0 
5864 0.016182 0 
5865 0.012623 0 
5866 0.010930 0 
5867 0.007309 0 
5868 0.020062 0 
5869 0.010098 0 
5870 0.013164 0 
5871 0.009420 0 
5872 0.016609 0 
5874 0.021967 0 
5876 0.011018 0 
5877 0.014366 0 
5878 0.007643 0 
5879 0.008553 0 
5880 0.009889 0 
5881 0.013282 0 
5882 0.013970 0 
5884 0.018067 0 
5885 0.009877 0 
5886 0.011542 0 
5887 0.015957 0 
5889 0.034171 0 
5891 0.009257 0 
5892 0.014073 0 
5893 0.016981 0 
5895 0.025305 0 
5896 0.014879 0 
5897 0.016528 0 
5899 0.011793 0 
5900 0.006908 0 
5901 0.011630 0 
5902 0.009336 0 
5903 0.010228 0 
5904 0.008428 0 
5905 0.011154 0 
5906 0.013384 0 
5907 0.015622 0 
5908 0.015309 0 
5909 0.009125 0 
5910 0.010907 0 
5911 0.011213 0 
5912 0.009446 0 
5913 0.020218 0 
5914 0.021470 0 
5915 0.012519 0 
5916 0.012028 0 
5918 0.018507 0 
5919 0.023679 0 
5920 0.019321 0 
5921 0.012734 0 
5922 0.016299 0 
5923 0.019443 0 
5924 0.014132 0 
5926 0.017039 0 
5927 0.014570 0 
5928 0.013297 0 
5929 0.013793 0 
5930 0.013153 0 
5931 0.016602 0 
5932 0.016085 0 
5933 0.023529 0 
5934 0.019347 0 
5935 0.014850 0 
5936 0.013550 0 
5937 0.012481 0 
5939 0.018304 0 
5940 0.015853 0 
5941 0.012966 0 
5942 0.016109 0 
5943 0.012255 0 
5944 0.010561 0 
5945 0.018155 0 
5947 0.014273 0 
5948 0.012714 0 
5949 0.014118 0 
5950 0.010548 0 
5952 0.039833 0 
5953 0.025546 0 
5954 0.011960 0 
5955 0.014077 0 
5957 0.016440 0 
5958 0.024078 0 
5959 0.014527 0 
5960 0.010014 0 
5961 0.015793 0 
5962 0.009066 0 
5964 0.017830 0 
5965 0.025562 0 
5966 0.014194 0 
5967 0.008452 0 
5968 0.012014 0 
5969 0.015191 0 
5970 0.023929 0 
5971 0.014654 0 
5972 0.008854 0 
5974 0.015873 0 
5975 0.016187 0 
5976 0.015240 0 
5977 0.009865 0 
5978 0.009771 0 
5979 0.015765 0 
5980 0.010206 0 
5981 0.021891 0 
5982 0.017051 0 
5983 0.016225 0 
5984 0.009250 0 
5985 0.021777 0 
5986 0.010716 0 
5987 0.010215 0 
5988 0.015459 0 
5989 0.016987 0 
5990 0.018991 0 
5991 0.012161 0 
5992 0.011836 0 
5993 0.014363 0 
5994 0.011405 0 
5995 0.015151 0 
5996 0.014959 0 
5997 0.012460 0 
5998 0.021146 0 
5999 0.010164 0 
6001 0.022775 0 
6002 0.018771 0 
6003 0.017811 0 
6004 0.008273 0 
6005 0.010513 0 
6006 0.012069 0 
6007 0.009858 0 
6008 0.011861 0 
6010 0.027337 0 
6011 0.023440 0 
6012 0.006986 0 
6013 0.012014 0 
6015 0.010789 0 
6017 0.023325 0 
6018 0.032799 0 
6019 0.031491 0 
6020 0.014769 0 
6023 0.014467 0 
6024 0.027577 0 
6025 0.011364 0 
6026 0.038919 0 
6027 0.022449 0 
6028 0.013069 0 
6029 0.016315 0 
6030 0.021243 0 
6031 0.036619 0 
6032 0.020232 0 
6033 0.014668 0 
6034 0.016979 0 
6036 0.022100 0 
6038 0.034956 0 
6039 0.020131 0 
6040 0.015270 0 
6041 0.011051 0 
6042 0.011006 0 
6043 0.012515 0 
6044 0.012191 0 
6046 0.019573 0 
6047 0.021764 0 
6048 0.026760 0 
6049 0.023029 0 
6050 0.017756 0 
6051 0.011739 0 
6052 0.013146 0 
6053 0.011714 0 
6054 0.011856 0 
6055 0.012664 0 
6056 0.010632 0 
6057 0.015996 0 
6058 0.014902 0 
6059 0.016865 0 
6060 0.014473 0 
6062 0.030106 0 
6063 0.040169 0 
6064 0.034680 0 
6065 0.020387 0 
6066 0.013117 0 
6067 0.005806 0 
6068 0.010665 0 
6069 0.008894 0 
6070 0.015017 0 
6071 0.015116 0 
6073 0.012333 0 
6075 0.011171 0 
6076 0.018048 0 
6077 0.009392 0 
6078 0.009619 0 
6079 0.012312 0 
6080 0.016261 0 
6081 0.014897 0 
6083 0.013303 0 
6084 0.018221 0 
6085 0.011764 0 
6086 0.013651 0 
6088 0.015637 0 
6090 0.013439 0 
6091 0.012273 0 
6092 0.011234 0 
6094 0.013425 0 
6095 0.017212 0 
6096 0.014050 0 
6098 0.014485 0 
6099 0.013372 0 
6100 0.014678 0 
6101 0.012169 0 
6102 0.012065 0 
6103 0.013774 0 
6104 0.017663 0 
6105 0.021036 0 
6106 0.023406 0 
6107 0.011654 0 
6108 0.011791 0 
6109 0.009855 0 
6110 0.013710 0 
6111 0.009570 0 
6112 0.033407 0 
6113 0.017614 0 
6114 0.014942 0 
6115 0.009296 0 
6117 0.020595 0 
6118 0.015635 0 
6119 0.011905 0 
6120 0.011752 0 
6121 0.022732 0 
6122 0.014648 0 
6123 0.012698 0 
6125 0.021689 0 
6126 0.016067 0 
6127 0.013299 0 
6128 0.009140 0 
6129 0.015324 0 
6130 0.019288 0 
6131 0.011176 0 
6132 0.016881 0 
6133 0.010491 0 
6134 0.012265 0 
6135 0.030154 0 
6136 0.025275 0 
6138 0.018568 0 
6139 0.017572 0 
6140 0.009193 0 
6141 0.015560 0 
6142 0.008103 0 
6143 0.010851 0 
6144 0.009070 0 
6146 0.013689 0 
6147 0.020805 0 
6148 0.016058 0 
6149 0.026765 0 
6151 0.008073 0 
6152 0.012521 0 
6153 0.016228 0 
6154 0.013343 0 
6156 0.015191 0 
6157 0.023549 0 
6158 0.010892 0 
6159 0.014067 0 
6160 0.010110 0 
6161 0.014023 0 
6163 0.021772 0 
6164 0.018373 0 
6165 0.019061 0 
6166 0.009679 0 
6167 0.022880 0 
6168 0.013484 0 
6169 0.016650 0 
6170 0.007016 0 
6171 0.016917 0 
6173 0.021754 0 
6174 0.020037 0 
6175 0.017171 0 
6176 0.009453 0 
6177 0.013250 0 
6178 0.010178 0 
6179 0.013935 0 
6180 0.014259 0 
6181 0.017486 0 
6182 0.013079 0 
6183 0.013683 0 
6184 0.014675 0 
6185 0.030424 0 
6186 0.016582 0 
6187 0.018022 0 
6188 0.012781 0 
6189 0.015851 0 
6190 0.008283 0 
6191 0.018596 0 
6192 0.016039 0 
6193 0.014157 0 
6194 0.011473 0 
6195 0.017906 0 
6196 0.012254 0 
6197 0.014192 0 
6198 0.019250 0 
6200 0.017483 0 
6201 0.017099 0 
6202 0.018840 0 
6203 0.011244 0 
6204 0.011388 0 
6205 0.014337 0 
6206 0.010120 0 
6207 0.010704 0 
6209 0.029420 0 
6210 0.017220 0 
6211 0.004309 0 
6212 0.012927 0 
6214 0.007669 0 
6216 0.023154 0 
6217 0.026622 0 
6218 0.020692 0 
6219 0.016829 0 
6222 0.028112 0 
6223 0.027148 0 
6224 0.015116 0 
6225 0.044897 0 
6226 0.037128 0 
6227 0.020720 0 
6228 0.016701 0 
6229 0.016988 0 
6230 0.010216 0 
6231 0.012181 0 
6232 0.013457 0 
6233 0.010019 0 
6235 0.021574 0 
6237 0.026353 0 
6238 0.018672 0 
6239 0.009364 0 
6240 0.014899 0 
6241 0.010924 0 
6242 0.012457 0 
6243 0.011435 0 
6245 0.015184 0 
6246 0.013792 0 
6247 0.019683 0 
6248 0.031452 0 
6249 0.016798 0 
6250 0.025097 0 
6251 0.017730 0 
6252 0.017542 0 
6253 0.013478 0 
6254 0.019965 0 
6255 0.014673 0 
6256 0.007605 0 
6257 0.010372 0 
6258 0.016796 0 
6259 0.014295 0 
6261 0.031849 0 
6262 0.032969 0 
6263 0.023435 0 
6264 0.013550 0 
6265 0.011671 0 
6266 0.010801 0 
6267 0.013640 0 
6268 0.013272 0 
6269 0.016977 0 
6270 0.025601 0 
6272 0.033444 0 
6274 0.017537 0 
6275 0.014904 0 
6276 0.008990 0 
6277 0.013576 0 
6278 0.010643 0 
6279 0.021669 0 
6280 0.027895 0 
6282 0.031518 0 
6283 0.015334 0 
6284 0.008048 0 
6285 0.019769 0 
6287 0.016103 0 
6289 0.017832 0 
6290 0.009472 0 
6291 0.020283 0 
6293 0.021226 0 
6294 0.016744 0 
6295 0.013219 0 
6297 0.010841 0 
6298 0.037251 0 
6299 0.021028 0 
6300 0.014084 0 
6301 0.015684 0 
6302 0.023089 0 
6303 0.019195 0 
6304 0.020667 0 
6305 0.012365 0 
6306 0.015099 0 
6307 0.010943 0 
6308 0.010850 0 
6309 0.010505 0 
6310 0.010444 0 
6311 0.017596 0 
6312 0.014553 0 
6313 0.013928 0 
6314 0.015037 0 
6316 0.018207 0 
6317 0.013621 0 
6318 0.011351 0 
6319 0.009075 0 
6320 0.014032 0 
6321 0.012201 0 
6322 0.016422 0 
6324 0.014499 0 
6325 0.009796 0 
6326 0.009907 0 
6327 0.007091 0 
6328 0.015342 0 
6329 0.013086 0 
6330 0.013486 0 
6331 0.012066 0 
6332 0.010184 0 
6333 0.011698 0 
6334 0.022317 0 
6335 0.011609 0 
6337 0.011050 0 
6338 0.012978 0 
6339 0.016240 0 
6340 0.019337 0 
6341 0.015414 0 
6342 0.010869 0 
6343 0.011037 0 
6345 0.014155 0 
6346 0.018501 0 
6347 0.016534 0 
6348 0.025140 0 
6350 0.019717 0 
6351 0.012551 0 
6352 0.011810 0 
6353 0.017208 0 
6355 0.020432 0 
6356 0.022749 0 
6357 0.020066 0 
6358 0.024746 0 
6359 0.012401 0 
6360 0.011421 0 
6362 0.021038 0 
6363 0.019548 0 
6364 0.017641 0 
6365 0.009602 0 
6366 0.016009 0 
6367 0.014943 0 
6368 0.023758 0 
6369 0.019782 0 
6370 0.014919 0 
6372 0.051190 0 
6373 0.034646 0 
6374 0.025776 0 
6375 0.011204 0 
6376 0.022454 0 
6377 0.011884 0 
6378 0.028119 0 
6379 0.013260 0 
6380 0.016803 0 
6381 0.011979 0 
6382 0.011940 0 
6383 0.014522 0 
6384 0.012009 0 
6385 0.009124 0 
6386 0.008867 0 
6387 0.013286 0 
6388 0.015563 0 
6389 0.008766 0 
6390 0.014131 0 
6391 0.010832 0 
6392 0.011383 0 
6393 0.009594 0 
6394 0.009284 0 
6395 0.015151 0 
6396 0.017519 0 
6397 0.022029 0 
6399 0.031626 0 
6400 0.016460 0 
6401 0.011842 0 
6402 0.015232 0 
6403 0.012031 0 
6404 0.010679 0 
6405 0.011745 0 
6406 0.012784 0 
6408 0.026719 0 
6409 0.027301 0 
6410 0.011261 0 
6411 0.007264 0 
6413 0.009343 0 
6415 0.019535 0 
6416 0.021520 0 
6417 0.015137 0 
6418 0.012902 0 
6421 0.013379 0 
6422 0.015603 0 
6423 0.010344 0 
6424 0.035998 0 
6425 0.028218 0 
6426 0.020267 0 
6427 0.006968 0 
6428 0.031230 0 
6429 0.014889 0 
6430 0.013273 0 
6431 0.012161 0 
6432 0.015383 0 
6434 0.030603 0 
6436 0.024561 0 
6437 0.008727 0 
6438 0.009486 0 
6439 0.030487 0 
6440 0.022522 0 
6441 0.015341 0 
6442 0.014971 0 
6444 0.016198 0 
6445 0.011436 0 
6446 0.014071 0 
6447 0.012305 0 
6448 0.011088 0 
6449 0.016120 0 
6450 0.012183 0 
6451 0.012940 0 
6452 0.021273 0 
6453 0.023883 0 
6454 0.020286 0 
6455 0.012811 0 
6456 0.012444 0 
6457 0.014237 0 
6458 0.011495 0 
6460 0.041352 0 
6461 0.033428 0 
6462 0.017132 0 
6463 0.012280 0 
6464 0.010339 0 
6465 0.017242 0 
6466 0.011257 0 
6467 0.011212 0 
6468 0.013968 0 
6469 0.010749 0 
6471 0.033925 0 
6473 0.013650 0 
6474 0.009880 0 
6475 0.010055 0 
6476 0.012317 0 
6477 0.017681 0 
6478 0.015172 0 
6479 0.008088 0 
6481 0.021186 0 
6482 0.018970 0 
6483 0.023493 0 
6484 0.022864 0 
6486 0.021452 0 
6488 0.022000 0 
6489 0.012362 0 
6490 0.011067 0 
6492 0.018967 0 
6493 0.020533 0 
6494 0.011987 0 
6496 0.016701 0 
6497 0.010576 0 
6498 0.024326 0 
6499 0.012024 0 
6500 0.009711 0 
6501 0.017859 0 
6502 0.023042 0 
6503 0.022577 0 
6504 0.016164 0 
6505 0.011014 0 
6506 0.012525 0 
6507 0.011873 0 
6508 0.015487 0 
6509 0.008032 0 
6510 0.015965 0 
6511 0.027877 0 
6512 0.011917 0 
6513 0.010580 0 
6515 0.026808 0 
6516 0.017084 0 
6517 0.011690 0 
6518 0.011613 0 
6519 0.020375 0 
6520 0.016049 0 
6521 0.018781 0 
6523 0.018864 0 
6524 0.015931 0 
6525 0.011674 0 
6526 0.012234 0 
6527 0.021368 0 
6528 0.027040 0 
6529 0.014270 0 
6530 0.015170 0 
6531 0.010666 0 
6532 0.013291 0 
6533 0.021507 0 
6534 0.010449 0 
6536 0.019403 0 
6537 0.013052 0 
6538 0.015615 0 
6539 0.027264 0 
6540 0.014240 0 
6541 0.017773 0 
6542 0.015903 0 
6544 0.013045 0 
6545 0.014300 0 
6546 0.018407 0 
6547 0.016993 0 
6549 0.011818 0 
6550 0.015718 0 
6551 0.017510 0 
6552 0.019779 0 
6554 0.011352 0 
6555 0.013095 0 
6556 0.009885 0 
6557 0.009341 0 
6558 0.011407 0 
6559 0.015466 0 
6561 0.021669 0 
6562 0.012022 0 
6563 0.016122 0 
6564 0.010983 0 
6565 0.009769 0 
6566 0.008518 0 
6567 0.016298 0 
6568 0.008102 0 
6569 0.014604 0 
6571 0.024548 0 
6572 0.014799 0 
6573 0.012038 0 
6574 0.012529 0 
6575 0.008139 0 
6576 0.018576 0 
6577 0.019634 0 
6578 0.009256 0 
6579 0.010978 0 
6580 0.010461 0 
6581 0.007834 0 
6582 0.033379 0 
6583 0.019239 0 
6584 0.012082 0 
6585 0.008891 0 
6586 0.011251 0 
6587 0.013538 0 
6588 0.011621 0 
6589 0.018404 0 
6590 0.009249 0 
6591 0.009110 0 
6592 0.007909 0 
6593 0.011308 0 
6594 0.008552 0 
6595 0.011328 0 
6596 0.013147 0 
6598 0.019349 0 
6599 0.019506 0 
6600 0.018147 0 
6601 0.019131 0 
6602 0.011316 0 
6603 0.015222 0 
6604 0.018304 0 
6605 0.014714 0 
6607 0.031879 0 
6608 0.021554 0 
6609 0.005641 0 
6610 0.014820 0 
6612 0.015648 0 
6614 0.033588 0 
6615 0.021410 0 
6616 0.024118 0 
6617 0.021719 0 
6620 0.019249 0 
6621 0.018708 0 
6622 0.013058 0 
6623 0.036927 0 
6624 0.030694 0 
6625 0.016865 0 
6626 0.016455 0 
6627 0.020015 0 
6628 0.017570 0 
6629 0.013889 0 
6630 0.015357 0 
6631 0.018833 0 
6633 0.022852 0 
6635 0.027413 0 
6636 0.015464 0 
6637 0.012005 0 
6638 0.020699 0 
6639 0.011225 0 
6640 0.014033 0 
6641 0.011475 0 
6643 0.021243 0 
6644 0.021999 0 
6645 0.014164 0 
6646 0.012221 0 
6647 0.011214 0 
6648 0.014620 0 
6649 0.010981 0 
6650 0.020692 0 
6651 0.014664 0 
6652 0.011847 0 
6653 0.019346 0 
6654 0.019548 0 
6655 0.011574 0 
6656 0.028795 0 
6657 0.012433 0 
6659 0.031656 0 
6660 0.027478 0 
6661 0.016106 0 
6662 0.018164 0 
6663 0.009357 0 
6664 0.013364 0 
6665 0.015182 0 
6666 0.019350 0 
6667 0.013839 0 
6668 0.013299 0 
6670 0.024150 0 
6672 0.015532 0 
6673 0.013147 0 
6674 0.025291 0 
6675 0.015410 0 
6676 0.014103 0 
6677 0.016333 0 
6678 0.014259 0 
6680 0.024072 0 
6681 0.040554 0 
6682 0.024088 0 
6683 0.013768 0 
6685 0.023083 0 
6687 0.023609 0 
6688 0.015921 0 
6689 0.015390 0 
6691 0.022088 0 
6692 0.017591 0 
6693 0.010330 0 
6695 0.010727 0 
6696 0.012352 0 
6697 0.009829 0 
6698 0.013241 0 
6699 0.007681 0 
6700 0.028675 0 
6701 0.012536 0 
6702 0.018009 0 
6703 0.007595 0 
6704 0.012066 0 
6705 0.016766 0 
6706 0.012523 0 
6707 0.009745 0 
6708 0.013805 0 
6709 0.017221 0 
6710 0.023968 0 
6711 0.010973 0 
6712 0.012126 0 
6714 0.018496 0 
6715 0.016502 0 
6716 0.016338 0 
6717 0.012765 0 
6718 0.018232 0 
6719 0.017304 0 
6720 0.016335 0 
6722 0.013497 0 
6723 0.016068 0 
6724 0.012979 0 
6725 0.013696 0 
6726 0.017351 0 
6727 0.017593 0 
6728 0.016244 0 
6729 0.012012 0 
6730 0.009260 0 
6731 0.011207 0 
6732 0.010506 0 
6733 0.008474 0 
6735 0.017949 0 
6736 0.036471 0 
6737 0.020409 0 
6738 0.025934 0 
6739 0.017365 0 
6740 0.010613 0 
6741 0.013483 0 
6743 0.014241 0 
6744 0.015616 0 
6745 0.020496 0 
6746 0.015873 0 
6748 0.009895 0 
6749 0.016339 0 
6750 0.012344 0 
6751 0.017338 0 
6753 0.020000 0 
6754 0.019493 0 
6755 0.009780 0 
6756 0.015266 0 
6757 0.017705 0 
6758 0.011894 0 
6760 0.017932 0 
6761 0.020561 0 
6762 0.015758 0 
6763 0.014825 0 
6764 0.016915 0 
6765 0.008957 0 
6766 0.020834 0 
6767 0.013001 0 
6768 0.012906 0 
6770 0.020299 0 
6771 0.014439 0 
6772 0.015600 0 
6773 0.013122 0 
6774 0.024408 0 
6775 0.014197 0 
6776 0.012258 0 
6777 0.010281 0 
6778 0.010437 0 
6779 0.009877 0 
6780 0.011768 0 
6781 0.015486 0 
6782 0.010228 0 
6783 0.010457 0 
6784 0.010373 0 
6785 0.011840 0 
6786 0.026849 0 
6787 0.016216 0 
6788 0.015061 0 
6789 0.015145 0 
6790 0.007959 0 
6791 0.009891 0 
6792 0.027316 0 
6793 0.021182 0 
6794 0.015448 0 
6795 0.007547 0 
6797 0.011750 0 
6798 0.032807 0 
6799 0.015125 0 
6800 0.007607 0 
6801 0.011765 0 
6802 0.013234 0 
6803 0.009082 0 
6804 0.017923 0 
6806 0.017769 0 
6807 0.008682 0 
6808 0.006965 0 
6809 0.016316 0 
6811 0.022905 0 
6813 0.020569 0 
6814 0.019173 0 
6815 0.023834 0 
6816 0.020588 0 
6819 0.011927 0 
6820 0.019186 0 
6821 0.015457 0 
6822 0.030003 0 
6823 0.029964 0 
6824 0.014181 0 
6825 0.016241 0 
6826 0.012701 0 
6827 0.010751 0 
6828 0.010834 0 
6829 0.017532 0 
6830 0.030772 0 
6832 0.017384 0 
6834 0.013433 0 
6835 0.012806 0 
6836 0.022940 0 
6837 0.007666 0 
6838 0.008518 0 
6839 0.007111 0 
6840 0.010038 0 
6842 0.017923 0 
6843 0.014123 0 
6844 0.017520 0 
6845 0.014526 0 
6846 0.020384 0 
6847 0.013739 0 
6848 0.023834 0 
6849 0.012020 0 
6850 0.018221 0 
6851 0.017393 0 
6852 0.010929 0 
6853 0.012048 0 
6854 0.014215 0 
6855 0.012439 0 
6856 0.018214 0 
6858 0.034101 0 
6859 0.028119 0 
6860 0.020496 0 
6861 0.018003 0 
6862 0.014312 0 
6863 0.015472 0 
6864 0.011931 0 
6865 0.009753 0 
6866 0.016269 0 
6867 0.010369 0 
6869 0.037894 0 
6871 0.010305 0 
6872 0.014099 0 
6873 0.022829 0 
6874 0.015224 0 
6875 0.018840 0 
6876 0.016208 0 
6877 0.012753 0 
6879 0.023327 0 
6880 0.013585 0 
6881 0.015507 0 
6882 0.016303 0 
6884 0.023339 0 
6886 0.036488 0 
6887 0.019965 0 
6888 0.011502 0 
6890 0.020028 0 
6891 0.014909 0 
6892 0.013090 0 
6894 0.012847 0 
6895 0.009450 0 
6896 0.014592 0 
6897 0.023524 0 
6898 0.022063 0 
6899 0.018746 0 
6900 0.015250 0 
6901 0.015571 0 
6902 0.009686 0 
6903 0.007108 0 
6904 0.016471 0 
6905 0.017766 0 
6906 0.012505 0 
6907 0.015121 0 
6908 0.013800 0 
6909 0.024624 0 
6910 0.017570 0 
6911 0.014714 0 
6913 0.022741 0 
6914 0.011740 0 
6915 0.011805 0 
6916 0.011478 0 
6917 0.015574 0 
6918 0.013012 0 
6919 0.020444 0 
6921 0.017048 0 
6922 0.017421 0 
6923 0.020522 0 
6924 0.014396 0 
6925 0.024729 0 
6926 0.011164 0 
6927 0.019917 0 
6928 0.010287 0 
6929 0.012020 0 
6930 0.008231 0 
6931 0.013662 0 
6932 0.010587 0 
6934 0.014036 0 
6935 0.013428 0 
6936 0.016363 0 
6937 0.021866 0 
6938 0.012022 0 
6939 0.010338 0 
6940 0.013214 0 
6942 0.011795 0 
6943 0.021741 0 
6944 0.016823 0 
6945 0.014559 0 
6947 0.021432 0 
6948 0.016271 0 
6949 0.012141 0 
6950 0.009846 0 
6952 0.015893 0 
6953 0.029680 0 
6954 0.016510 0 
6955 0.021842 0 
6956 0.012408 0 
6957 0.011888 0 
6959 0.017488 0 
6960 0.037772 0 
6961 0.021342 0 
6962 0.014658 0 
6963 0.011245 0 
6964 0.012514 0 
6965 0.028837 0 
6966 0.012531 0 
6967 0.020153 0 
6969 0.020837 0 
6970 0.014091 0 
6971 0.023427 0 
6972 0.015634 0 
6973 0.029861 0 
6974 0.013609 0 
6975 0.011184 0 
6976 0.017051 0 
6977 0.018313 0 
6978 0.010517 0 
6979 0.013253 0 
6980 0.008196 0 
6981 0.009180 0 
6982 0.011746 0 
6983 0.019406 0 
6984 0.015222 0 
6985 0.029714 0 
6986 0.013475 0 
6987 0.017510 0 
6988 0.012222 0 
6989 0.017672 0 
6990 0.016876 0 
6991 0.015505 0 
6992 0.013270 0 
6993 0.016733 0 
6994 0.011684 0 
6996 0.017292 0 
6997 0.022843 0 
6998 0.009899 0 
6999 0.008065 0 
7000 0.013225 0 
7001 0.019135 0 
7002 0.013069 0 
7003 0.015790 0 
7005 0.022699 0 
7006 0.011647 0 
7007 0.014555 0 
7008 0.008059 0 
7010 0.008182 0 
7012 0.015416 0 
7013 0.022713 0 
7014 0.023954 0 
7015 0.023464 0 
7018 0.024911 0 
7019 0.017443 0 
7020 0.010980 0 
7021 0.045456 0 
7022 0.028926 0 
7023 0.013491 0 
7024 0.007782 0 
7025 0.013772 0 
7026 0.011191 0 
7027 0.012486 0 
7028 0.023076 0 
7029 0.013172 0 
7031 0.016240 0 
7033 0.020072 0 
7034 0.032754 0 
7035 0.016733 0 
7036 0.009186 0 
7037 0.009326 0 
7038 0.012882 0 
7039 0.007010 0 
7041 0.016838 0 
7042 0.019166 0 
7043 0.011702 0 
7044 0.018685 0 
7045 0.010761 0 
7046 0.011411 0 
7047 0.032432 0 
7048 0.016443 0 
7049 0.019130 0 
7050 0.021176 0 
7051 0.009354 0 
7052 0.012087 0 
7053 0.019749 0 
7054 0.005851 0 
7055 0.017706 0 
7057 0.018976 0 
7058 0.015244 0 
7059 0.012794 0 
7060 0.019673 0 
7061 0.011545 0 
7062 0.015444 0 
7063 0.009086 0 
7064 0.009752 0 
7065 0.010442 0 
7066 0.010641 0 
7068 0.022790 0 
7070 0.013170 0 
7071 0.016012 0 
7072 0.016353 0 
7073 0.010351 0 
7074 0.009518 0 
7075 0.010136 0 
7076 0.012582 0 
7078 0.022717 0 
7079 0.008735 0 
7080 0.010058 0 
7081 0.008666 0 
7083 0.013627 0 
7085 0.011279 0 
7086 0.007792 0 
7087 0.008157 0 
7089 0.023114 0 
7090 0.014437 0 
7091 0.015687 0 
7093 0.013117 0 
7094 0.010002 0 
7095 0.015287 0 
7096 0.013669 0 
7097 0.014024 0 
7098 0.010778 0 
7099 0.016174 0 
7100 0.013948 0 
7101 0.010810 0 
7102 0.021715 0 
7103 0.015763 0 
7104 0.005466 0 
7105 0.008063 0 
7106 0.009979 0 
7107 0.014245 0 
7108 0.037720 0 
7109 0.021957 0 
7110 0.008479 0 
7112 0.020527 0 
7113 0.015272 0 
7114 0.019638 0 
7115 0.010461 0 
7116 0.024111 0 
7117 0.012047 0 
7118 0.009111 0 
7120 0.015365 0 
7121 0.016659 0 
7122 0.012874 0 
7123 0.018359 0 
7124 0.019674 0 
7125 0.019086 0 
7126 0.017765 0 
7127 0.018800 0 
7128 0.023278 0 
7129 0.014567 0 
7130 0.008683 0 
7131 0.019504 0 
7133 0.020977 0 
7134 0.023538 0 
7135 0.017355 0 
7136 0.019856 0 
7137 0.016196 0 
7138 0.025389 0 
7139 0.011264 0 
7141 0.015969 0 
7142 0.018185 0 
7143 0.016571 0 
7144 0.025782 0 
7146 0.016430 0 
7147 0.009838 0 
7148 0.010712 0 
7149 0.015014 0 
7151 0.019167 0 
7152 0.021281 0 
7153 0.015644 0 
7154 0.024713 0 
7155 0.010968 0 
7156 0.019763 0 
7158 0.018942 0 
7159 0.022400 0 
7160 0.019932 0 
7161 0.010684 0 
7162 0.017428 0 
7163 0.012125 0 
7164 0.018148 0 
7165 0.014211 0 
7166 0.010319 0 
7168 0.021800 0 
7169 0.014070 0 
7170 0.024039 0 
7171 0.010638 0 
7172 0.018813 0 
7173 0.014585 0 
7174 0.013342 0 
7175 0.016837 0 
7176 0.018651 0 
7177 0.008128 0 
7178 0.016228 0 
7179 0.009232 0 
7180 0.013578 0 
7181 0.019371 0 
7182 0.023236 0 
7183 0.013520 0 
7184 0.017752 0 
7185 0.017343 0 
7186 0.012582 0 
7187 0.015868 0 
7188 0.019630 0 
7189 0.016846 0 
7190 0.013237 0 
7191 0.014940 0 
7192 0.020297 0 
7193 0.011836 0 
7195 0.019327 0 
7196 0.024776 0 
7197 0.014019 0 
7198 0.016472 0 
7199 0.013637 0 
7200 0.012600 0 
7201 0.014944 0 
7202 0.013403 0 
7204 0.041303 0 
7205 0.024922 0 
7206 0.015112 0 
7207 0.012552 0 
7209 0.010928 0 
7211 0.027312 0 
7212 0.023852 0 
7213 0.028039 0 
7214 0.023695 0 
7217 0.022624 0 
7218 0.017559 0 
7219 0.017065 0 
7220 0.034698 0 
7221 0.035674 0 
7222 0.022214 0 
7223 0.012818 0 
7224 0.018423 0 
7225 0.014738 0 
7226 0.022267 0 
7227 0.012424 0 
7228 0.012250 0 
7230 0.020079 0 
7232 0.024297 0 
7233 0.012707 0 
7234 0.009959 0 
7235 0.012875 0 
7236 0.011234 0 
7237 0.012001 0 
7238 0.013759 0 
7240 0.013509 0 
7241 0.012456 0 
7242 0.010321 0 
7243 0.011457 0 
7244 0.018536 0 
7245 0.012354 0 
7246 0.024075 0 
7247 0.012512 0 
7248 0.011380 0 
7249 0.023092 0 
7250 0.025184 0 
7251 0.011157 0 
7252 0.012870 0 
7253 0.012075 0 
7254 0.012392 0 
7256 0.037060 0 
7257 0.020573 0 
7258 0.012622 0 
7259 0.014787 0 
7260 0.010964 0 
7261 0.010833 0 
7262 0.031557 0 
7263 0.025999 0 
7264 0.010890 0 
7265 0.011663 0 
7267 0.032830 0 
7269 0.023799 0 
7270 0.018119 0 
7271 0.012467 0 
7272 0.014804 0 
7273 0.018768 0 
7274 0.017911 0 
7275 0.015495 0 
7277 0.023775 0 
7278 0.014797 0 
7279 0.009065 0 
7280 0.012693 0 
7282 0.014078 0 
7284 0.015827 0 
7285 0.008395 0 
7286 0.007992 0 
7288 0.047737 0 
7289 0.031100 0 
7290 0.014459 0 
7292 0.009202 0 
7293 0.009064 0 
7294 0.014257 0 
7295 0.010127 0 
7296 0.010494 0 
7297 0.011019 0 
7298 0.016348 0 
7299 0.026480 0 
7300 0.010800 0 
7301 0.013146 0 
7302 0.012967 0 
7303 0.017529 0 
7304 0.013422 0 
7305 0.008415 0 
7306 0.018545 0 
7307 0.014374 0 
7308 0.015187 0 
7309 0.015738 0 
7311 0.013252 0 
7312 0.009574 0 
7313 0.018172 0 
7314 0.024796 0 
7315 0.034395 0 
7316 0.023186 0 
7317 0.014427 0 
7319 0.013764 0 
7320 0.012282 0 
7321 0.008398 0 
7322 0.016057 0 
7323 0.018361 0 
7324 0.023239 0 
7325 0.022077 0 
7326 0.013499 0 
7327 0.013846 0 
7328 0.012455 0 
7329 0.006264 0 
7330 0.012166 0 
7332 0.019379 0 
7333 0.023689 0 
7334 0.010972 0 
7335 0.016835 0 
7336 0.009367 0 
7337 0.019396 0 
7338 0.014018 0 
7340 0.011949 0 
7341 0.010377 0 
7342 0.016690 0 
7343 0.020370 0 
7345 0.023727 0 
7346 0.014963 0 
7347 0.027325 0 
7348 0.021116 0 
7350 0.018572 0 
7351 0.019117 0 
7352 0.007124 0 
7353 0.010648 0 
7354 0.014234 0 
7355 0.012323 0 
7357 0.030622 0 
7358 0.015157 0 
7359 0.013324 0 
7360 0.013516 0 
7361 0.014429 0 
7362 0.017810 0 
7363 0.027262 0 
7364 0.011055 0 
7365 0.008802 0 
7367 0.028257 0 
7368 0.017514 0 
7369 0.028416 0 
7370 0.016138 0 
7371 0.017744 0 
7372 0.016146 0 
7373 0.013423 0 
7374 0.017704 0 
7375 0.027824 0 
7376 0.017951 0 
7377 0.016461 0 
7378 0.015587 0 
7379 0.011459 0 
7380 0.013486 0 
7381 0.015598 0 
7382 0.014334 0 
7383 0.020596 0 
7384 0.016708 0 
7385 0.013104 0 
7386 0.013056 0 
7387 0.018015 0 
7388 0.016822 0 
7389 0.023200 0 
7390 0.018328 0 
7391 0.016173 0 
7392 0.014942 0 
7394 0.028898 0 
7395 0.020513 0 
7396 0.014421 0 
7397 0.013434 0 
7398 0.012238 0 
7399 0.010222 0 
7400 0.012676 0 
7401 0.012086 0 
7403 0.028227 0 
7404 0.020509 0 
7405 0.012436 0 
7406 0.007953 0 
7408 0.008648 0 
7410 0.015889 0 
7411 0.016924 0 
7412 0.027634 0 
7413 0.026364 0 
7416 0.022463 0 
7417 0.013523 0 
7418 0.018710 0 
7419 0.034263 0 
7420 0.032577 0 
7421 0.019468 0 
7422 0.009676 0 
7423 0.029818 0 
7424 0.013414 0 
7425 0.015764 0 
7426 0.014283 0 
7427 0.016210 0 
7429 0.019260 0 
7431 0.029392 0 
7432 0.012983 0 
7433 0.010436 0 
7434 0.012827 0 
7435 0.017574 0 
7436 0.016109 0 
7437 0.017756 0 
7439 0.016959 0 
7440 0.010607 0 
7441 0.013620 0 
7442 0.013618 0 
7443 0.012673 0 
7444 0.019293 0 
7445 0.017749 0 
7446 0.009690 0 
7447 0.018277 0 
7448 0.034300 0 
7449 0.026046 0 
7450 0.014559 0 
7451 0.019576 0 
7452 0.011515 0 
7453 0.016676 0 
7455 0.032283 0 
7456 0.020232 0 
7457 0.010219 0 
7458 0.013587 0 
7459 0.013572 0 
7460 0.017112 0 
7461 0.020125 0 
7462 0.010894 0 
7463 0.013328 0 
7464 0.018607 0 
7466 0.019701 0 
7468 0.021201 0 
7469 0.012709 0 
7470 0.009280 0 
7471 0.013626 0 
7472 0.010775 0 
7473 0.015319 0 
7474 0.011725 0 
7476 0.028442 0 
7477 0.012091 0 
7478 0.010426 0 
7479 0.017900 0 
7481 0.017320 0 
7483 0.021030 0 
7484 0.012151 0 
7485 0.009134 0 
7487 0.027056 0 
7488 0.025790 0 
7489 0.021372 0 
7491 0.015138 0 
7492 0.016917 0 
7493 0.010531 0 
7494 0.011970 0 
7495 0.013000 0 
7496 0.019951 0 
7497 0.012233 0 
7498 0.016252 0 
7499 0.010132 0 
7500 0.012962 0 
7501 0.012323 0 
7502 0.011087 0 
7503 0.016218 0 
7504 0.013888 0 
7505 0.013703 0 
7506 0.017768 0 
7507 0.008735 0 
7508 0.012424 0 
7510 0.025996 0 
7511 0.014084 0 
7512 0.014692 0 
7513 0.011603 0 
7514 0.016932 0 
7515 0.014802 0 
7516 0.023242 0 
7518 0.011495 0 
7519 0.011984 0 
7520 0.015346 0 
7521 0.011868 0 
7522 0.014882 0 
7523 0.022161 0 
7524 0.014906 0 
7525 0.021076 0 
7526 0.012831 0 
7527 0.006427 0 
7528 0.012863 0 
7529 0.009527 0 
7531 0.012423 0 
7532 0.018198 0 
7533 0.016635 0 
7534 0.025748 0 
7535 0.022446 0 
7536 0.029548 0 
7537 0.013008 0 
7539 0.014475 0 
7540 0.012740 0 
7541 0.013785 0 
7542 0.024337 0 
7544 0.012887 0 
7545 0.010097 0 
7546 0.011333 0 
7547 0.018616 0 
7549 0.013105 0 
7550 0.021658 0 
7551 0.014360 0 
7552 0.009651 0 
7553 0.012452 0 
7554 0.011456 0 
7556 0.021290 0 
7557 0.019394 0 
7558 0.015343 0 
7559 0.007334 0 
7560 0.021903 0 
7561 0.011975 0 
7562 0.021731 0 
7563 0.016461 0 
7564 0.012090 0 
7566 0.026947 0 
7567 0.017092 0 
7568 0.011372 0 
7569 0.011239 0 
7570 0.012394 0 
7571 0.013596 0 
7572 0.023611 0 
7573 0.016202 0 
7574 0.017162 0 
7575 0.011050 0 
7576 0.012015 0 
7577 0.014274 0 
7578 0.013971 0 
7579 0.010293 0 
7580 0.014502 0 
7581 0.008345 0 
7582 0.020443 0 
7583 0.012691 0 
7584 0.014533 0 
7585 0.014526 0 
7586 0.018538 0 
7587 0.016711 0 
7588 0.009870 0 
7589 0.010351 0 
7590 0.017615 0 
7591 0.017958 0 
7593 0.022591 0 
7594 0.018004 0 
7595 0.014427 0 
7596 0.019946 0 
7597 0.019212 0 
7598 0.011425 0 
7599 0.009622 0 
7600 0.017787 0 
7602 0.027501 0 
7603 0.022176 0 
7604 0.024812 0 
7605 0.008429 0 
7607 0.008969 0 
7609 0.062573 0 
7610 0.046245 0 
7611 0.038001 0 
7612 0.021139 0 
7615 0.015909 0 
7616 0.015990 0 
7617 0.009148 0 
7618 0.033381 0 
7619 0.022105 0 
7620 0.017079 0 
7621 0.010222 0 
7622 0.028326 0 
7623 0.018929 0 
7624 0.021807 0 
7625 0.007643 0 
7626 0.011952 0 
7628 0.023144 0 
7630 0.022876 0 
7631 0.009179 0 
7632 0.014848 0 
7633 0.012317 0 
7634 0.016925 0 
7635 0.015888 0 
7636 0.015481 0 
7638 0.022793 0 
7639 0.014421 0 
7640 0.015214 0 
7641 0.008807 0 
7642 0.016575 0 
7643 0.011857 0 
7644 0.017233 0 
7645 0.007542 0 
7646 0.017865 0 
7647 0.032036 0 
7648 0.022966 0 
7649 0.014679 0 
7650 0.017148 0 
7651 0.018083 0 
7652 0.034750 0 
7654 0.026860 0 
7655 0.020478 0 
7656 0.017606 0 
7657 0.009126 0 
7658 0.015751 0 
7659 0.009839 0 
7660 0.025364 0 
7661 0.015084 0 
7662 0.031629 0 
7663 0.037091 0 
7665 0.036775 0 
7667 0.015716 0 
7668 0.016095 0 
7669 0.011490 0 
7670 0.012847 0 
7671 0.021003 0 
7672 0.016667 0 
7673 0.016533 0 
7675 0.024027 0 
7676 0.014269 0 
7677 0.012687 0 
7678 0.015927 0 
7680 0.022310 0 
7682 0.024011 0 
7683 0.017849 0 
7684 0.013901 0 
7686 0.018622 0 
7687 0.010739 0 
7688 0.011633 0 
7690 0.025824 0 
7691 0.009619 0 
7692 0.029522 0 
7693 0.012993 0 
7694 0.013762 0 
7695 0.017267 0 
7696 0.025955 0 
7697 0.011073 0 
7698 0.014841 0 
7699 0.010620 0 
7700 0.011632 0 
7701 0.009878 0 
7702 0.020286 0 
7703 0.011585 0 
7704 0.018798 0 
7705 0.010082 0 
7706 0.015749 0 
7707 0.009730 0 
7709 0.019979 0 
7710 0.010762 0 
7711 0.010226 0 
7712 0.018621 0 
7713 0.018267 0 
7714 0.026129 0 
7715 0.017277 0 
7717 0.021473 0 
7718 0.013940 0 
7719 0.009797 0 
7720 0.010119 0 
7721 0.025093 0 
7722 0.015600 0 
7723 0.019929 0 
7724 0.013678 0 
7725 0.013196 0 
7726 0.015449 0 
7727 0.011422 0 
7728 0.012038 0 
7730 0.019388 0 
7731 0.016986 0 
7732 0.010795 0 
7733 0.010682 0 
7734 0.011785 0 
7735 0.013963 0 
7736 0.017122 0 
7738 0.013256 0 
7739 0.034812 0 
7740 0.018446 0 
7741 0.020519 0 
7743 0.014277 0 
7744 0.013049 0 
7745 0.018871 0 
7746 0.018636 0 
7748 0.016507 0 
7749 0.019252 0 
7750 0.018544 0 
7751 0.022421 0 
7752 0.015263 0 
7753 0.018323 0 
7755 0.020242 0 
7756 0.014435 0 
7757 0.022617 0 
7758 0.015923 0 
7759 0.014158 0 
7760 0.013203 0 
7761 0.025707 0 
7762 0.012718 0 
7763 0.010397 0 
7765 0.021910 0 
7766 0.011886 0 
7767 0.018251 0 
7768 0.022636 0 
7769 0.010468 0 
7770 0.045346 0 
7771 0.029019 0 
7772 0.012809 0 
7773 0.014956 0 
7774 0.008736 0 
7775 0.009869 0 
7776 0.012465 0 
7777 0.013172 0 
7778 0.012745 0 
7779 0.011504 0 
7780 0.009088 0 
7781 0.014895 0 
7782 0.014398 0 
7783 0.008243 0 
7784 0.010215 0 
7785 0.019139 0 
7786 0.011598 0 
7787 0.010402 0 
7788 0.008242 0 
7789 0.015189 0 
7790 0.010147 0 
7792 0.012547 0 
7793 0.016217 0 
7794 0.009332 0 
7795 0.012743 0 
7796 0.008970 0 
7797 0.013910 0 
7798 0.011879 0 
7799 0.011935 0 
7801 0.030264 0 
7802 0.021337 0 
7803 0.009492 0 
7804 0.011397 0 
7806 0.006801 0 
7808 0.017347 0 
7809 0.012801 0 
7810 0.020751 0 
7811 0.014395 0 
7814 0.023207 0 
7815 0.019151 0 
7816 0.010629 0 
7817 0.038317 0 
7818 0.025375 0 
7819 0.012654 0 
7820 0.011292 0 
7821 0.012753 0 
7822 0.010870 0 
7823 0.011227 0 
7824 0.013797 0 
7825 0.013496 0 
7827 0.020566 0 
7829 0.028244 0 
7830 0.015498 0 
7831 0.007682 0 
7832 0.020339 0 
7833 0.013897 0 
7834 0.009900 0 
7835 0.013343 0 
7837 0.008588 0 
7838 0.021002 0 
7839 0.024347 0 
7840 0.007647 0 
7841 0.018185 0 
7842 0.012619 0 
7843 0.009901 0 
7844 0.039505 0 
7845 0.023289 0 
7846 0.024209 0 
7847 0.016384 0 
7848 0.009964 0 
7849 0.011177 0 
7850 0.015439 0 
7851 0.015043 0 
7853 0.040493 0 
7854 0.038471 0 
7855 0.022889 0 
7856 0.027315 0 
7857 0.017788 0 
7858 0.017228 0 
7859 0.024587 0 
7860 0.015985 0 
7861 0.008083 0 
7862 0.014612 0 
7864 0.026135 0 
7866 0.010781 0 
7867 0.007385 0 
7868 0.015271 0 
7869 0.013663 0 
7870 0.017278 0 
7871 0.016442 0 
7872 0.010612 0 
7874 0.018780 0 
7875 0.008850 0 
7876 0.012357 0 
7877 0.010253 0 
7879 0.023147 0 
7881 0.029648 0 
7882 0.021474 0 
7883 0.017963 0 
7885 0.021746 0 
7886 0.017226 0 
7887 0.007558 0 
7889 0.017421 0 
7890 0.013182 0 
7891 0.010715 0 
7892 0.016570 0 
7893 0.012378 0 
7894 0.022430 0 
7895 0.016602 0 
7896 0.016501 0 
7897 0.012372 0 
7898 0.013718 0 
7899 0.012001 0 
7900 0.013495 0 
7901 0.011544 0 
7902 0.017506 0 
7903 0.019127 0 
7904 0.012220 0 
7905 0.007900 0 
7906 0.018282 0 
7908 0.020002 0 
7909 0.017317 0 
7910 0.013959 0 
7911 0.018138 0 
7912 0.025149 0 
7913 0.015865 0 
7914 0.009163 0 
7916 0.016040 0 
7917 0.013247 0 
7918 0.021009 0 
7919 0.019957 0 
7920 0.017718 0 
7921 0.029556 0 
7922 0.025604 0 
7923 0.009227 0 
7924 0.015264 0 
7925 0.010332 0 
7926 0.013923 0 
7927 0.016751 0 
7929 0.018237 0 
7930 0.015298 0 
7931 0.018404 0 
7932 0.033849 0 
7933 0.033129 0 
7934 0.016489 0 
7935 0.014928 0 
7937 0.015424 0 
7938 0.018560 0 
7939 0.028049 0 
7940 0.023984 0 
7942 0.024272 0 
7943 0.014879 0 
7944 0.016887 0 
7945 0.018922 0 
7947 0.013392 0 
7948 0.022631 0 
7949 0.012888 0 
7950 0.011913 0 
7951 0.010242 0 
7952 0.011885 0 
7954 0.017343 0 
7955 0.011728 0 
7956 0.019946 0 
7957 0.008544 0 
7958 0.013327 0 
7959 0.010060 0 
7960 0.014582 0 
7961 0.010788 0 
7962 0.012061 0 
7964 0.025133 0 
7965 0.022092 0 
7966 0.011909 0 
7967 0.008815 0 
7968 0.013505 0 
7969 0.013071 0 
7970 0.013058 0 
7971 0.011484 0 
7972 0.018014 0 
7973 0.012573 0 
7974 0.016699 0 
7975 0.016309 0 
7976 0.008959 0 
7977 0.012574 0 
7978 0.008465 0 
7979 0.012411 0 
7980 0.024332 0 
7981 0.017632 0 
7982 0.012680 0 
7983 0.010556 0 
7984 0.010145 0 
7985 0.009852 0 
7986 0.013023 0 
7987 0.012155 0 
7988 0.014376 0 
7989 0.012723 0 
7991 0.017952 0 
7992 0.019936 0 
7993 0.014884 0 
7994 0.008994 0 
7995 0.009385 0 
7996 0.011431 0 
7997 0.022450 0 
7998 0.012339 0 
8000 0.057198 0 
8001 0.043639 0 
8002 0.027406 0 
8003 0.010784 0 
8005 0.009742 0 
8007 0.025494 0 
8008 0.022859 0 
8009 0.021131 0 
8010 0.014141 0 
8013 0.016124 0 
8014 0.007844 0 
8015 0.012614 0 
8016 0.036900 0 
8017 0.020064 0 
8018 0.017181 0 
8019 0.014715 0 
8020 0.014526 0 
8021 0.008635 0 
8022 0.007564 0 
8023 0.007868 0 
8024 0.015256 0 
8026 0.020151 0 
8028 0.021703 0 
8029 0.012359 0 
8030 0.013929 0 
8031 0.012672 0 
8032 0.011004 0 
8033 0.016891 0 
8034 0.014509 0 
8036 0.011959 0 
8037 0.023646 0 
8038 0.014614 0 
8039 0.009656 0 
8040 0.010141 0 
8041 0.011796 0 
8042 0.012285 0 
8043 0.016961 0 
8044 0.019734 0 
8045 0.011362 0 
8046 0.009896 0 
8047 0.009754 0 
8048 0.023479 0 
8049 0.021585 0 
8050 0.013589 0 
8052 0.031335 0 
8053 0.028149 0 
8054 0.016332 0 
8055 0.018317 0 
8056 0.017760 0 
8057 0.012007 0 
8058 0.013910 0 
8059 0.016242 0 
8060 0.008877 0 
8061 0.013097 0 
8063 0.023788 0 
8065 0.018000 0 
8066 0.015634 0 
8067 0.021849 0 
8068 0.017636 0 
8069 0.019165 0 
8070 0.014617 0 
8071 0.024268 0 
8073 0.027675 0 
8074 0.015711 0 
8075 0.012465 0 
8076 0.012339 0 
8078 0.027082 0 
8080 0.022024 0 
8081 0.010469 0 
8082 0.015791 0 
8084 0.023402 0 
8085 0.010573 0 
8086 0.012883 0 
8088 0.013337 0 
8089 0.017866 0 
8090 0.013619 0 
8091 0.011402 0 
8092 0.011322 0 
8093 0.024576 0 
8094 0.014779 0 
8095 0.020697 0 
8096 0.013458 0 
8097 0.017101 0 
8098 0.013416 0 
8099 0.029239 0 
8100 0.030976 0 
8101 0.014714 0 
8102 0.022134 0 
8103 0.019276 0 
8104 0.010717 0 
8105 0.011759 0 
8107 0.024602 0 
8108 0.015917 0 
8109 0.012981 0 
8110 0.012295 0 
8111 0.017325 0 
8112 0.017448 0 
8113 0.016764 0 
8115 0.018011 0 
8116 0.013235 0 
8117 0.014033 0 
8118 0.014328 0 
8119 0.017963 0 
8120 0.019010 0 
8121 0.016349 0 
8122 0.011719 0 
8123 0.022074 0 
8124 0.011386 0 
8125 0.015938 0 
8126 0.010165 0 
8128 0.018820 0 
8129 0.018706 0 
8130 0.017619 0 
8131 0.016934 0 
8132 0.008546 0 
8133 0.027683 0 
8134 0.011464 0 
8136 0.015426 0 
8137 0.031825 0 
8138 0.022957 0 
8139 0.026884 0 
8141 0.008874 0 
8142 0.013651 0 
8143 0.021584 0 
8144 0.012083 0 
8146 0.020807 0 
8147 0.014422 0 
8148 0.015666 0 
8149 0.014498 0 
8150 0.014607 0 
8151 0.016029 0 
8153 0.043365 0 
8154 0.026889 0 
8155 0.035724 0 
8156 0.019220 0 
8157 0.017784 0 
8158 0.009790 0 
8159 0.020429 0 
8160 0.011456 0 
8161 0.013937 0 
8163 0.018038 0 
8164 0.010131 0 
8165 0.009525 0 
8166 0.014213 0 
8167 0.025575 0 
8168 0.008464 0 
8169 0.017948 0 
8170 0.015350 0 
8171 0.009626 0 
8172 0.007397 0 
8173 0.012089 0 
8174 0.007635 0 
8175 0.008551 0 
8176 0.007363 0 
8177 0.012476 0 
8178 0.006913 0 
8179 0.012026 0 
8180 0.009948 0 
8181 0.015943 0 
8182 0.012058 0 
8183 0.008570 0 
8184 0.011626 0 
8185 0.010349 0 
8186 0.011683 0 
8187 0.010842 0 
8188 0.010478 0 
8190 0.011950 0 
8191 0.021112 0 
8192 0.016837 0 
8193 0.010212 0 
8194 0.010009 0 
8195 0.008790 0 
8196 0.009521 0 
8197 0.008215 0 
8199 0.021679 0 
8200 0.020316 0 
8201 0.007675 0 
8202 0.004647 0 
8204 0.006627 0 
8206 0.019472 0 
8207 0.016384 0 
8208 0.027331 0 
8209 0.029122 0 
8212 0.015563 0 
8213 0.013895 0 
8214 0.015219 0 
8215 0.033184 0 
8216 0.023026 0 
8217 0.014581 0 
8218 0.009610 0 
8219 0.023911 0 
8220 0.014554 0 
8221 0.014031 0 
8222 0.011942 0 
8223 0.010727 0 
8225 0.018709 0 
8227 0.021402 0 
8228 0.038279 0 
8229 0.022182 0 
8230 0.018192 0 
8231 0.012598 0 
8232 0.011029 0 
8233 0.017532 0 
8235 0.020243 0 
8236 0.020159 0 
8237 0.018597 0 
8238 0.012436 0 
8239 0.017418 0 
8240 0.013789 0 
8241 0.016207 0 
8242 0.012313 0 
8243 0.014916 0 
8244 0.017462 0 
8245 0.016372 0 
8246 0.010674 0 
8247 0.008747 0 
8248 0.008576 0 
8249 0.011061 0 
8251 0.028249 0 
8252 0.019182 0 
8253 0.030088 0 
8254 0.023663 0 
8255 0.014979 0 
8256 0.010844 0 
8257 0.006551 0 
8258 0.009970 0 
8259 0.011669 0 
8260 0.012575 0 
8262 0.011473 0 
8264 0.009921 0 
8265 0.013765 0 
8266 0.010736 0 
8267 0.022956 0 
8268 0.013564 0 
8269 0.014695 0 
8270 0.011039 0 
8272 0.013858 0 
8273 0.009249 0 
8274 0.010398 0 
8275 0.015370 0 
8277 0.019077 0 
8279 0.014230 0 
8280 0.008790 0 
8281 0.014707 0 
8283 0.014001 0 
8284 0.015482 0 
8285 0.026058 0 
8287 0.014263 0 
8288 0.014029 0 
8289 0.010325 0 
8290 0.011390 0 
8291 0.020030 0 
8292 0.014623 0 
8293 0.012924 0 
8294 0.012564 0 
8295 0.012027 0 
8296 0.007128 0 
8297 0.021294 0 
8298 0.008859 0 
8299 0.015624 0 
8300 0.010736 0 
8301 0.027258 0 
8302 0.028255 0 
8303 0.016229 0 
8304 0.013054 0 
8306 0.018138 0 
8307 0.013324 0 
8308 0.013387 0 
8309 0.013694 0 
8310 0.017916 0 
8311 0.015206 0 
8312 0.016585 0 
8314 0.011476 0 
8315 0.012836 0 
8316 0.013007 0 
8317 0.016787 0 
8318 0.012033 0 
8319 0.015236 0 
8320 0.012444 0 
8321 0.013106 0 
8322 0.009818 0 
8323 0.016499 0 
8324 0.012323 0 
8325 0.014093 0 
8327 0.018463 0 
8328 0.016790 0 
8329 0.029615 0 
8330 0.042659 0 
8331 0.028946 0 
8332 0.012926 0 
8333 0.013671 0 
8335 0.016955 0 
8336 0.020217 0 
8337 0.022483 0 
8338 0.015434 0 
8340 0.018946 0 
8341 0.015713 0 
8342 0.008230 0 
8343 0.010036 0 
8345 0.018814 0 
8346 0.032053 0 
8347 0.015646 0 
8348 0.010907 0 
8349 0.019632 0 
8350 0.012399 0 
8352 0.019860 0 
8353 0.022308 0 
8354 0.014828 0 
8355 0.012925 0 
8356 0.012632 0 
8357 0.011724 0 
8358 0.031767 0 
8359 0.015148 0 
8360 0.010442 0 
8362 0.021670 0 
8363 0.013584 0 
8364 0.009134 0 
8365 0.020409 0 
8366 0.024897 0 
8367 0.017759 0 
8368 0.009745 0 
8369 0.013135 0 
8370 0.018878 0 
8371 0.028149 0 
8372 0.019865 0 
8373 0.018162 0 
8374 0.017309 0 
8375 0.017281 0 
8376 0.014414 0 
8377 0.022565 0 
8378 0.015468 0 
8379 0.013609 0 
8380 0.011067 0 
8381 0.021824 0 
8382 0.008557 0 
8383 0.013080 0 
8384 0.040321 0 
8385 0.023834 0 
8386 0.014779 0 
8387 0.022359 0 
8389 0.027431 0 
8390 0.021290 0 
8391 0.026491 0 
8392 0.015182 0 
8393 0.024086 0 
8394 0.017425 0 
8395 0.021060 0 
8396 0.024883 0 
8398 0.034827 0 
8399 0.017988 0 
8400 0.005631 0 
8401 0.006755 0 
8403 0.011253 0 
8405 0.025175 0 
8406 0.024563 0 
8407 0.019028 0 
8408 0.022856 0 
8411 0.018534 0 
8412 0.014954 0 
8413 0.012870 0 
8414 0.040551 0 
8415 0.034856 0 
8416 0.018290 0 
8417 0.010566 0 
8418 0.015481 0 
8419 0.019293 0 
8420 0.024189 0 
8421 0.024756 0 
8422 0.011940 0 
8424 0.022253 0 
8426 0.021364 0 
8427 0.015420 0 
8428 0.010201 0 
8429 0.016250 0 
8430 0.015251 0 
8431 0.019919 0 
8432 0.023994 0 
8434 0.033543 0 
8435 0.016865 0 
8436 0.018330 0 
8437 0.010196 0 
8438 0.013635 0 
8439 0.018046 0 
8440 0.021847 0 
8441 0.021355 0 
8442 0.015557 0 
8443 0.020479 0 
8444 0.021255 0 
8445 0.013632 0 
8446 0.015678 0 
8447 0.013542 0 
8448 0.019342 0 
8450 0.061899 0 
8451 0.044723 0 
8452 0.028349 0 
8453 0.019865 0 
8454 0.007349 0 
8455 0.015593 0 
8456 0.012778 0 
8457 0.013504 0 
8458 0.027860 0 
8459 0.027198 0 
8461 0.022787 0 
8463 0.014805 0 
8464 0.033421 0 
8465 0.017284 0 
8466 0.011298 0 
8467 0.016370 0 
8468 0.017396 0 
8469 0.016902 0 
8471 0.024796 0 
8472 0.014315 0 
8473 0.013155 0 
8474 0.022954 0 
8476 0.032489 0 
8478 0.016303 0 
8479 0.014436 0 
8480 0.018300 0 
8482 0.023623 0 
8483 0.015943 0 
8484 0.020475 0 
8486 0.030491 0 
8487 0.014275 0 
8488 0.044193 0 
8489 0.027619 0 
8490 0.011447 0 
8491 0.017800 0 
8492 0.021816 0 
8493 0.030554 0 
8494 0.021436 0 
8495 0.019517 0 
8496 0.017382 0 
8497 0.015161 0 
8498 0.011316 0 
8499 0.011171 0 
8500 0.014170 0 
8501 0.012337 0 
8502 0.016917 0 
8503 0.012383 0 
8505 0.011780 0 
8506 0.007541 0 
8507 0.011045 0 
8508 0.009378 0 
8509 0.013293 0 
8510 0.025263 0 
8511 0.025506 0 
8513 0.007394 0 
8514 0.013941 0 
8515 0.013724 0 
8516 0.013195 0 
8517 0.010579 0 
8518 0.014664 0 
8519 0.010830 0 
8520 0.014601 0 
8521 0.009623 0 
8522 0.016716 0 
8523 0.007417 0 
8524 0.012914 0 
8526 0.012621 0 
8527 0.020266 0 
8528 0.013870 0 
8529 0.011066 0 
8530 0.014202 0 
8531 0.014729 0 
8532 0.014017 0 
8534 0.017488 0 
8535 0.025057 0 
8536 0.028736 0 
8537 0.022302 0 
8539 0.014019 0 
8540 0.023802 0 
8541 0.015139 0 
8542 0.014426 0 
8544 0.034813 0 
8545 0.028574 0 
8546 0.023336 0 
8547 0.012612 0 
8548 0.018017 0 
8549 0.014785 0 
8551 0.016747 0 
8552 0.034629 0 
8553 0.027585 0 
8554 0.011456 0 
8555 0.011082 0 
8556 0.014780 0 
8557 0.015599 0 
8558 0.017417 0 
8559 0.016379 0 
8561 0.009759 0 
8562 0.012802 0 
8563 0.012515 0 
8564 0.009293 0 
8565 0.013633 0 
8566 0.010598 0 
8567 0.010638 0 
8568 0.014816 0 
8569 0.010177 0 
8570 0.020334 0 
8571 0.013558 0 
8572 0.009105 0 
8573 0.008942 0 
8574 0.013439 0 
8575 0.009226 0 
8576 0.010097 0 
8577 0.018464 0 
8578 0.027742 0 
8579 0.011867 0 
8580 0.024595 0 
8581 0.010528 0 
8582 0.009789 0 
8583 0.010032 0 
8584 0.011740 0 
8585 0.011225 0 
8586 0.012536 0 
8588 0.019016 0 
8589 0.015107 0 
8590 0.017574 0 
8591 0.012024 0 
8592 0.016765 0 
8593 0.011190 0 
8594 0.019798 0 
8595 0.012545 0 
8597 0.032541 0 
8598 0.018120 0 
8599 0.010119 0 
8600 0.009387 0 
8602 0.011495 0 
8604 0.031397 0 
8605 0.026199 0 
8606 0.019251 0 
8607 0.017885 0 
8610 0.010669 0 
8611 0.011267 0 
8612 0.017548 0 
8613 0.037871 0 
8614 0.024841 0 
8615 0.011771 0 
8616 0.010603 0 
8617 0.013804 0 
8618 0.012750 0 
8619 0.011181 0 
8620 0.014315 0 
8621 0.012632 0 
8623 0.014414 0 
8625 0.022697 0 
8626 0.015910 0 
8627 0.009939 0 
8628 0.015322 0 
8629 0.010042 0 
8630 0.021554 0 
8631 0.012451 0 
8633 0.022271 0 
8634 0.014220 0 
8635 0.011475 0 
8636 0.018611 0 
8637 0.010924 0 
8638 0.019577 0 
8639 0.010535 0 
8640 0.012834 0 
8641 0.009908 0 
8642 0.013459 0 
8643 0.010793 0 
8644 0.013636 0 
8645 0.008646 0 
8646 0.011832 0 
8647 0.011087 0 
8649 0.038023 0 
8650 0.043881 0 
8651 0.027289 0 
8652 0.016900 0 
8653 0.008645 0 
8654 0.022223 0 
8655 0.011250 0 
8656 0.024514 0 
8657 0.022316 0 
8658 0.019717 0 
8660 0.023864 0 
8662 0.023982 0 
8663 0.014467 0 
8664 0.021126 0 
8665 0.020653 0 
8666 0.016258 0 
8667 0.007727 0 
8668 0.013341 0 
8670 0.022363 0 
8671 0.017801 0 
8672 0.016271 0 
8673 0.031637 0 
8675 0.025508 0 
8677 0.021996 0 
8678 0.017588 0 
8679 0.011065 0 
8681 0.030749 0 
8682 0.019260 0 
8683 0.014100 0 
8685 0.013719 0 
8686 0.021223 0 
8687 0.008707 0 
8688 0.026628 0 
8689 0.010355 0 
8690 0.015456 0 
8691 0.009974 0 
8692 0.020801 0 
8693 0.012370 0 
8694 0.025669 0 
8695 0.012925 0 
8696 0.012393 0 
8697 0.019841 0 
8698 0.015582 0 
8699 0.009243 0 
8700 0.018691 0 
8701 0.014334 0 
8702 0.017629 0 
8704 0.022101 0 
8705 0.009982 0 
8706 0.017968 0 
8707 0.009347 0 
8708 0.021097 0 
8709 0.012843 0 
8710 0.017927 0 
8712 0.019890 0 
8713 0.035970 0 
8714 0.019554 0 
8715 0.034398 0 
8716 0.018221 0 
8717 0.028959 0 
8718 0.017867 0 
8719 0.012690 0 
8720 0.028992 0 
8721 0.021479 0 
8722 0.018182 0 
8723 0.031559 0 
8725 0.018521 0 
8726 0.020791 0 
8727 0.007765 0 
8728 0.011723 0 
8729 0.009786 0 
8730 0.012322 0 
8731 0.014501 0 
8733 0.014726 0 
8734 0.017000 0 
8735 0.024971 0 
8736 0.022609 0 
8738 0.013386 0 
8739 0.010845 0 
8740 0.013839 0 
8741 0.011956 0 
8743 0.024730 0 
8744 0.012263 0 
8745 0.013363 0 
8746 0.010638 0 
8747 0.013983 0 
8748 0.012476 0 
8750 0.012392 0 
8751 0.013024 0 
8752 0.014509 0 
8753 0.006877 0 
8754 0.013740 0 
8755 0.010237 0 
8756 0.014337 0 
8757 0.010677 0 
8758 0.010715 0 
8760 0.022717 0 
8761 0.012439 0 
8762 0.014068 0 
8763 0.014685 0 
8764 0.015759 0 
8765 0.007660 0 
8766 0.012626 0 
8767 0.021101 0 
8768 0.018101 0 
8769 0.007706 0 
8770 0.009212 0 
8771 0.015988 0 
8772 0.013148 0 
8773 0.005406 0 
8774 0.006871 0 
8775 0.018296 0 
8776 0.017711 0 
8777 0.014593 0 
8778 0.011118 0 
8779 0.010102 0 
8780 0.012295 0 
8781 0.013387 0 
8782 0.014553 0 
8783 0.016886 0 
8784 0.010771 0 
8785 0.013056 0 
8787 0.030301 0 
8788 0.017078 0 
8789 0.026627 0 
8790 0.009701 0 
8791 0.014191 0 
8792 0.010571 0 
8793 0.026784 0 
8794 0.012807 0 
8796 0.031252 0 
8797 0.029054 0 
8798 0.012835 0 
8799 0.007373 0 
8801 0.007216 0 
8803 0.022714 0 
8804 0.026048 0 
8805 0.020095 0 
8806 0.013686 0 
8809 0.023153 0 
8810 0.009468 0 
8811 0.020725 0 
8812 0.039792 0 
8813 0.027767 0 
8814 0.013361 0 
8815 0.014546 0 
8816 0.015009 0 
8817 0.009042 0 
8818 0.008554 0 
8819 0.008613 0 
8820 0.007175 0 
8822 0.015740 0 
8824 0.027631 0 
8825 0.020864 0 
8826 0.008229 0 
8827 0.012107 0 
8828 0.013980 0 
8829 0.015432 0 
8830 0.014849 0 
8832 0.016857 0 
8833 0.020916 0 
8834 0.017128 0 
8835 0.013104 0 
8836 0.008966 0 
8837 0.021729 0 
8838 0.016009 0 
8839 0.016456 0 
8840 0.012789 0 
8841 0.017941 0 
8842 0.010389 0 
8843 0.027929 0 
8844 0.013738 0 
8845 0.020206 0 
8846 0.019705 0 
8848 0.035106 0 
8849 0.043180 0 
8850 0.027135 0 
8851 0.019310 0 
8852 0.009904 0 
8853 0.011426 0 
8854 0.014901 0 
8855 0.024632 0 
8856 0.014712 0 
8857 0.014611 0 
8859 0.057199 0 
8861 0.025356 0 
8862 0.017902 0 
8863 0.011568 0 
8864 0.016051 0 
8865 0.017004 0 
8866 0.014898 0 
8867 0.014339 0 
8869 0.020076 0 
8870 0.009992 0 
8871 0.008209 0 
8872 0.015648 0 
8874 0.020092 0 
8876 0.019739 0 
8877 0.013968 0 
8878 0.008026 0 
8880 0.044956 0 
8881 0.028640 0 
8882 0.021735 0 
8884 0.012218 0 
8885 0.010216 0 
8886 0.023001 0 
8887 0.015916 0 
8888 0.016498 0 
8889 0.018234 0 
8890 0.016602 0 
8891 0.016785 0 
8892 0.016063 0 
8893 0.020026 0 
8894 0.012662 0 
8895 0.011104 0 
8896 0.020437 0 
8897 0.015808 0 
8898 0.017947 0 
8899 0.014442 0 
8900 0.010937 0 
8901 0.013293 0 
8903 0.019022 0 
8904 0.013498 0 
8905 0.024731 0 
8906 0.013491 0 
8907 0.019629 0 
8908 0.018345 0 
8909 0.013656 0 
8911 0.009038 0 
8912 0.016185 0 
8913 0.012962 0 
8914 0.012092 0 
8915 0.008940 0 
8916 0.010097 0 
8917 0.018163 0 
8918 0.015292 0 
8919 0.013501 0 
8920 0.007883 0 
8921 0.009174 0 
8922 0.016403 0 
8924 0.019270 0 
8925 0.013817 0 
8926 0.010021 0 
8927 0.019261 0 
8928 0.008092 0 
8929 0.010998 0 
8930 0.015429 0 
8932 0.011687 0 
8933 0.017315 0 
8934 0.017940 0 
8935 0.024474 0 
8937 0.009168 0 
8938 0.010849 0 
8939 0.011806 0 
8940 0.013820 0 
8942 0.034710 0 
8943 0.018531 0 
8944 0.010713 0 
8945 0.016347 0 
8946 0.022097 0 
8947 0.012578 0 
8949 0.024099 0 
8950 0.019968 0 
8951 0.022821 0 
8952 0.010593 0 
8953 0.012064 0 
8954 0.013330 0 
8955 0.012118 0 
8956 0.008467 0 
8957 0.021119 0 
8959 0.017843 0 
8960 0.011491 0 
8961 0.013549 0 
8962 0.011956 0 
8963 0.015115 0 
8964 0.020966 0 
8965 0.019280 0 
8966 0.020627 0 
8967 0.018999 0 
8968 0.014503 0 
8969 0.009682 0 
8970 0.013133 0 
8971 0.015424 0 
8972 0.007699 0 
8973 0.020689 0 
8974 0.014797 0 
8975 0.027928 0 
8976 0.013987 0 
8977 0.009308 0 
8978 0.017251 0 
8979 0.021689 0 
8980 0.015524 0 
8981 0.016567 0 
8982 0.014466 0 
8983 0.015787 0 
8984 0.014519 0 
8986 0.016268 0 
8987 0.015202 0 
8988 0.020563 0 
8989 0.007796 0 
8990 0.021827 0 
8991 0.016159 0 
8992 0.013342 0 
8993 0.018554 0 
8995 0.020757 0 
8996 0.020408 0 
8997 0.007105 0 
8998 0.009717 0 
9000 0.013485 0 
9002 0.020004 0 
9003 0.040351 0 
9004 0.039204 0 
9005 0.022673 0 
9008 0.010121 0 
9009 0.015738 0 
9010 0.012388 0 
9011 0.030829 0 
9012 0.014222 0 
9013 0.010822 0 
9014 0.008974 0 
9015 0.011080 0 
9016 0.011068 0 
9017 0.012422 0 
9018 0.017035 0 
9019 0.013068 0 
9021 0.016459 0 
9023 0.027599 0 
9024 0.021228 0 
9025 0.011845 0 
9026 0.016323 0 
9027 0.010944 0 
9028 0.011448 0 
9029 0.014637 0 
9031 0.022774 0 
9032 0.016154 0 
9033 0.012308 0 
9034 0.016425 0 
9035 0.015015 0 
9036 0.024470 0 
9037 0.010572 0 
9038 0.014165 0 
9039 0.014978 0 
9040 0.018265 0 
9041 0.014196 0 
9042 0.020097 0 
9043 0.018238 0 
9044 0.011572 0 
9045 0.010366 0 
9047 0.035408 0 
9048 0.027656 0 
9049 0.015407 0 
9050 0.013174 0 
9051 0.013272 0 
9052 0.012377 0 
9053 0.015995 0 
9054 0.020970 0 
9055 0.014866 0 
9056 0.010771 0 
9058 0.026373 0 
9060 0.010183 0 
