2024-09-02 19:04:25
../stream-replay/logs/rtt-6208@128.txt
1 0.063716 0 
2 0.047593 0 
4 0.082899 0 
5 0.066240 0 
6 0.050111 0 
7 0.033952 0 
8 0.017812 0 
9 0.015318 0 
10 0.055006 0 
11 0.088144 0 
12 0.071454 0 
13 0.055114 0 
14 0.038731 0 
15 0.026317 0 
16 0.009940 0 
17 0.032980 0 
18 0.077731 0 
19 0.061106 0 
20 0.044541 0 
21 0.028260 0 
22 0.071438 0 
23 0.055188 0 
24 0.059579 0 
25 0.043265 0 
26 0.026917 0 
27 0.131457 0 
28 0.115093 0 
29 0.099119 0 
31 0.066346 0 
32 0.050108 0 
33 0.083152 0 
34 0.066738 0 
35 0.074742 0 
36 0.058495 0 
37 0.042114 0 
38 0.041692 0 
40 0.022934 0 
41 0.035333 0 
42 0.019097 0 
43 0.024266 0 
45 0.034237 0 
47 0.071577 0 
48 0.072856 0 
49 0.063713 0 
50 0.071519 0 
53 0.022732 0 
54 0.027545 0 
55 0.110534 0 
56 0.094185 0 
57 0.077842 0 
58 0.061498 0 
59 0.045198 0 
60 0.052587 0 
61 0.036251 0 
62 0.019884 0 
63 0.036080 0 
64 0.019785 0 
66 0.032450 0 
68 0.047320 0 
69 0.049223 0 
70 0.033202 0 
71 0.039205 0 
72 0.021915 0 
73 0.013280 0 
74 0.022478 0 
76 0.079957 0 
77 0.063498 0 
78 0.047188 0 
79 0.030725 0 
80 0.014344 0 
81 0.052035 0 
82 0.035485 0 
83 0.042752 0 
84 0.026403 0 
85 0.050189 0 
86 0.033808 0 
87 0.104083 0 
88 0.087641 0 
89 0.071494 0 
90 0.055125 0 
92 0.029827 0 
93 0.023098 0 
94 0.027381 0 
95 0.061832 0 
96 0.045522 0 
97 0.029117 0 
98 0.091913 0 
99 0.075529 0 
100 0.058992 0 
101 0.042904 0 
103 0.040475 0 
105 0.065547 0 
106 0.049185 0 
107 0.032801 0 
108 0.078306 0 
109 0.061808 0 
110 0.115183 0 
111 0.098890 0 
113 0.066149 0 
114 0.049771 0 
115 0.033595 0 
116 0.017260 0 
118 0.042817 0 
120 0.033687 0 
121 0.054811 0 
122 0.038461 0 
124 0.044131 0 
125 0.027951 0 
126 0.035253 0 
128 0.014040 0 
129 0.049046 0 
130 0.032727 0 
131 0.094054 0 
132 0.077570 0 
133 0.061142 0 
134 0.044676 0 
135 0.028059 0 
136 0.011444 0 
137 0.071021 0 
138 0.054717 0 
139 0.038263 0 
140 0.102737 0 
141 0.086828 0 
142 0.070362 0 
143 0.107147 0 
144 0.090847 0 
145 0.074499 0 
147 0.080585 0 
148 0.064321 0 
149 0.098300 0 
150 0.081983 0 
151 0.065745 0 
152 0.048918 0 
153 0.032540 0 
155 0.053322 0 
156 0.037041 0 
157 0.020826 0 
158 0.039768 0 
159 0.023734 0 
160 0.043460 0 
161 0.033446 0 
162 0.017181 0 
163 0.023092 0 
164 0.111362 0 
165 0.095243 0 
166 0.078940 0 
168 0.074851 0 
169 0.058391 0 
170 0.042067 0 
171 0.026971 0 
172 0.010635 0 
173 0.018038 0 
174 0.061970 0 
176 0.053942 0 
177 0.068243 0 
178 0.119411 0 
179 0.113381 0 
181 0.080950 0 
182 0.064676 0 
183 0.048287 0 
184 0.117529 0 
186 0.084969 0 
187 0.068533 0 
188 0.052216 0 
189 0.035772 0 
190 0.032500 0 
191 0.062453 0 
193 0.028999 0 
194 0.021593 0 
195 0.017333 0 
196 0.053467 0 
197 0.056848 0 
198 0.072588 0 
199 0.056190 0 
200 0.039916 0 
201 0.023691 0 
203 0.056195 0 
204 0.039812 0 
205 0.039086 0 
206 0.022719 0 
207 0.006531 0 
208 0.026299 0 
209 0.032866 0 
210 0.016499 0 
211 0.082768 0 
212 0.066491 0 
213 0.072886 0 
214 0.056538 0 
215 0.040242 0 
216 0.034824 0 
217 0.018498 0 
218 0.048236 0 
219 0.161553 0 
220 0.145252 0 
221 0.128892 0 
222 0.112413 0 
223 0.096199 0 
224 0.080186 0 
225 0.102715 0 
226 0.086591 0 
227 0.070212 0 
228 0.053843 0 
230 0.021238 0 
231 0.055215 0 
232 0.038876 0 
233 0.031577 0 
234 0.056016 0 
235 0.092596 0 
236 0.076509 0 
237 0.060206 0 
239 0.036023 0 
240 0.028557 0 
241 0.042461 0 
242 0.026379 0 
244 0.015356 0 
246 0.050507 0 
247 0.077822 0 
248 0.106234 0 
249 0.089628 0 
252 0.086393 0 
253 0.070071 0 
254 0.079098 0 
255 0.062794 0 
256 0.046362 0 
257 0.030134 0 
258 0.013879 0 
259 0.071046 0 
260 0.078370 0 
261 0.062158 0 
262 0.045540 0 
263 0.029373 0 
265 0.051286 0 
267 0.025283 0 
268 0.074709 0 
269 0.058413 0 
270 0.041672 0 
271 0.025551 0 
272 0.040437 0 
273 0.024106 0 
275 0.145664 0 
276 0.129272 0 
277 0.112898 0 
278 0.096785 0 
279 0.087568 0 
280 0.070866 0 
281 0.054907 0 
282 0.038437 0 
283 0.046351 0 
284 0.024246 0 
285 0.013230 0 
286 0.055098 0 
287 0.038808 0 
288 0.022493 0 
289 0.054151 0 
291 0.077421 0 
292 0.060818 0 
293 0.044717 0 
294 0.047799 0 
295 0.049843 0 
296 0.033663 0 
297 0.055464 0 
298 0.039176 0 
299 0.022561 0 
300 0.123206 0 
302 0.090313 0 
304 0.057341 0 
305 0.040841 0 
306 0.094092 0 
307 0.077851 0 
308 0.062138 0 
309 0.045728 0 
310 0.043081 0 
312 0.010121 0 
313 0.032474 0 
314 0.015749 0 
315 0.054222 0 
317 0.036639 0 
319 0.050135 0 
320 0.033772 0 
321 0.041414 0 
323 0.038274 0 
324 0.032389 0 
325 0.016062 0 
327 0.056168 0 
328 0.039850 0 
329 0.083066 0 
330 0.066823 0 
331 0.085418 0 
332 0.069185 0 
333 0.052744 0 
334 0.036437 0 
335 0.031660 0 
336 0.015336 0 
337 0.051527 0 
338 0.053964 0 
339 0.037663 0 
340 0.029978 0 
341 0.013422 0 
342 0.044416 0 
343 0.028146 0 
344 0.030773 0 
346 0.025824 0 
347 0.020919 0 
348 0.028864 0 
349 0.012294 0 
350 0.076607 0 
351 0.060097 0 
352 0.043762 0 
354 0.035747 0 
355 0.038886 0 
356 0.022770 0 
357 0.024990 0 
358 0.027269 0 
359 0.053591 0 
360 0.037287 0 
361 0.020811 0 
362 0.034942 0 
363 0.091369 0 
364 0.074978 0 
365 0.058724 0 
367 0.026185 0 
368 0.036200 0 
369 0.019654 0 
370 0.042408 0 
371 0.046517 0 
372 0.030218 0 
373 0.059455 0 
375 0.026927 0 
376 0.033828 0 
377 0.016876 0 
378 0.116633 0 
380 0.084301 0 
381 0.067974 0 
382 0.051645 0 
383 0.035369 0 
385 0.035743 0 
386 0.044308 0 
387 0.028274 0 
388 0.026899 0 
389 0.024722 0 
390 0.008369 0 
392 0.046279 0 
393 0.029763 0 
394 0.026212 0 
395 0.053695 0 
396 0.037383 0 
397 0.080359 0 
398 0.063921 0 
399 0.046846 0 
400 0.037560 0 
402 0.092974 0 
403 0.076605 0 
404 0.060255 0 
405 0.044076 0 
406 0.027778 0 
407 0.022489 0 
408 0.019383 0 
409 0.041225 0 
410 0.024812 0 
411 0.117678 0 
412 0.101317 0 
413 0.084858 0 
414 0.068509 0 
415 0.052264 0 
416 0.035905 0 
417 0.019655 0 
418 0.079358 0 
419 0.063042 0 
420 0.046591 0 
421 0.030091 0 
422 0.085543 0 
423 0.069214 0 
424 0.052559 0 
425 0.047801 0 
426 0.031703 0 
427 0.058208 0 
429 0.024687 0 
430 0.089434 0 
431 0.073097 0 
432 0.167867 0 
433 0.151532 0 
434 0.135125 0 
435 0.170933 0 
436 0.154661 0 
438 0.121426 0 
439 0.104900 0 
440 0.088744 0 
441 0.072348 0 
443 0.040933 0 
445 0.054108 0 
446 0.037390 0 
447 0.044016 0 
448 0.027631 0 
451 0.038979 0 
452 0.043272 0 
453 0.098209 0 
454 0.082582 0 
455 0.065970 0 
456 0.049443 0 
457 0.033087 0 
458 0.024744 0 
459 0.015214 0 
460 0.038611 0 
461 0.051877 0 
462 0.035679 0 
464 0.035936 0 
466 0.038842 0 
467 0.059907 0 
468 0.043677 0 
469 0.046127 0 
470 0.029795 0 
471 0.013416 0 
472 0.074665 0 
474 0.042037 0 
475 0.025701 0 
476 0.009543 0 
477 0.042122 0 
478 0.025819 0 
479 0.023136 0 
480 0.078761 0 
481 0.062436 0 
482 0.046231 0 
483 0.029880 0 
484 0.032370 0 
485 0.015982 0 
486 0.040063 0 
487 0.040100 0 
488 0.023766 0 
490 0.071317 0 
491 0.096812 0 
492 0.080454 0 
493 0.063628 0 
494 0.047700 0 
495 0.031557 0 
496 0.054745 0 
497 0.038541 0 
498 0.022189 0 
499 0.076314 0 
501 0.043573 0 
503 0.010960 0 
504 0.105600 0 
505 0.089209 0 
506 0.072514 0 
507 0.056535 0 
508 0.040076 0 
509 0.023706 0 
511 0.021651 0 
512 0.058518 0 
513 0.062051 0 
514 0.045706 0 
516 0.033750 0 
518 0.159794 0 
519 0.143560 0 
520 0.127246 0 
522 0.136441 0 
523 0.119993 0 
524 0.103556 0 
526 0.071012 0 
527 0.054670 0 
528 0.038297 0 
529 0.074735 0 
530 0.058393 0 
531 0.041616 0 
532 0.025258 0 
533 0.049341 0 
534 0.033061 0 
535 0.072281 0 
536 0.055739 0 
537 0.039435 0 
538 0.100209 0 
539 0.084020 0 
540 0.067615 0 
541 0.051062 0 
542 0.034655 0 
543 0.018320 0 
545 0.088432 0 
546 0.072020 0 
547 0.055632 0 
548 0.039364 0 
549 0.023082 0 
550 0.021827 0 
551 0.020399 0 
553 0.011144 0 
554 0.047313 0 
555 0.030995 0 
556 0.014590 0 
557 0.123255 0 
558 0.106911 0 
559 0.090502 0 
560 0.074090 0 
561 0.057699 0 
562 0.041434 0 
563 0.033890 0 
564 0.033246 0 
566 0.045634 0 
567 0.029163 0 
568 0.012729 0 
569 0.106594 0 
570 0.090341 0 
571 0.074032 0 
572 0.057733 0 
574 0.025069 0 
575 0.016394 0 
576 0.080689 0 
577 0.064036 0 
579 0.031538 0 
580 0.082946 0 
581 0.066645 0 
582 0.050296 0 
584 0.017723 0 
585 0.044795 0 
586 0.028436 0 
587 0.036711 0 
588 0.020296 0 
589 0.076687 0 
591 0.044139 0 
592 0.048181 0 
593 0.129714 0 
594 0.113169 0 
595 0.096810 0 
596 0.080556 0 
597 0.064119 0 
598 0.047811 0 
599 0.031516 0 
601 0.055278 0 
602 0.038818 0 
603 0.028254 0 
604 0.012087 0 
605 0.039478 0 
606 0.097339 0 
607 0.080983 0 
608 0.064657 0 
609 0.048278 0 
610 0.031933 0 
611 0.022433 0 
612 0.013236 0 
613 0.014423 0 
614 0.052224 0 
615 0.036012 0 
616 0.042938 0 
617 0.026424 0 
618 0.043330 0 
619 0.026837 0 
620 0.069088 0 
621 0.052994 0 
622 0.088487 0 
623 0.072271 0 
624 0.055860 0 
625 0.069535 0 
626 0.053229 0 
628 0.020581 0 
629 0.035358 0 
630 0.044297 0 
631 0.028054 0 
632 0.011753 0 
633 0.026799 0 
634 0.069520 0 
635 0.053249 0 
637 0.068750 0 
638 0.096631 0 
639 0.080507 0 
640 0.064265 0 
642 0.031886 0 
644 0.041246 0 
645 0.038589 0 
646 0.021693 0 
647 0.029470 0 
650 0.125891 0 
651 0.109407 0 
652 0.093105 0 
653 0.080623 0 
654 0.072559 0 
655 0.056205 0 
656 0.039988 0 
657 0.058096 0 
658 0.041569 0 
659 0.025302 0 
660 0.049863 0 
661 0.040107 0 
663 0.040359 0 
665 0.039920 0 
666 0.043838 0 
667 0.027574 0 
668 0.089089 0 
669 0.072806 0 
670 0.056494 0 
671 0.040130 0 
673 0.036731 0 
674 0.062032 0 
675 0.045816 0 
676 0.093115 0 
677 0.081095 0 
678 0.064879 0 
679 0.048621 0 
680 0.032284 0 
681 0.073104 0 
682 0.056734 0 
683 0.040343 0 
684 0.024001 0 
685 0.043099 0 
686 0.026777 0 
687 0.013285 0 
689 0.062516 0 
690 0.088298 0 
691 0.071919 0 
692 0.055584 0 
693 0.040527 0 
694 0.024002 0 
695 0.006921 0 
696 0.007804 0 
697 0.064002 0 
698 0.047719 0 
700 0.047608 0 
702 0.015009 0 
703 0.038766 0 
704 0.022557 0 
705 0.012597 0 
706 0.036747 0 
707 0.020398 0 
708 0.011696 0 
710 0.023267 0 
711 0.008728 0 
712 0.016120 0 
713 0.019995 0 
715 0.042910 0 
717 0.040849 0 
718 0.024528 0 
719 0.084552 0 
721 0.075092 0 
722 0.144433 0 
723 0.128120 0 
725 0.095699 0 
726 0.108195 0 
727 0.091750 0 
728 0.075539 0 
729 0.062564 0 
730 0.046278 0 
731 0.053479 0 
732 0.037041 0 
733 0.020736 0 
734 0.025903 0 
735 0.025259 0 
736 0.052357 0 
737 0.036323 0 
738 0.020113 0 
739 0.024958 0 
740 0.015168 0 
741 0.038141 0 
742 0.082326 0 
744 0.050085 0 
745 0.033857 0 
746 0.044259 0 
747 0.027840 0 
748 0.020891 0 
749 0.087716 0 
750 0.071466 0 
752 0.067978 0 
753 0.051798 0 
754 0.035617 0 
755 0.043693 0 
756 0.027460 0 
757 0.034950 0 
758 0.018546 0 
759 0.039204 0 
760 0.068426 0 
761 0.052234 0 
762 0.036056 0 
763 0.019949 0 
765 0.074671 0 
766 0.112387 0 
767 0.096439 0 
768 0.103948 0 
769 0.087704 0 
770 0.071451 0 
771 0.055215 0 
773 0.022914 0 
774 0.020266 0 
775 0.034173 0 
776 0.030023 0 
778 0.075634 0 
779 0.059374 0 
780 0.043098 0 
781 0.137922 0 
783 0.105646 0 
784 0.088972 0 
785 0.072763 0 
786 0.056519 0 
787 0.040329 0 
788 0.024058 0 
790 0.040484 0 
791 0.023623 0 
792 0.019717 0 
793 0.035847 0 
794 0.044923 0 
795 0.081881 0 
796 0.065323 0 
797 0.049090 0 
798 0.032796 0 
800 0.029956 0 
801 0.083129 0 
802 0.066726 0 
803 0.050512 0 
804 0.034408 0 
805 0.017292 0 
806 0.052761 0 
807 0.036637 0 
808 0.020354 0 
809 0.007678 0 
810 0.060113 0 
811 0.043963 0 
812 0.027714 0 
813 0.016242 0 
814 0.060374 0 
815 0.044161 0 
816 0.030283 0 
817 0.087987 0 
818 0.071819 0 
819 0.068326 0 
820 0.052573 0 
821 0.036335 0 
822 0.043010 0 
823 0.026802 0 
824 0.046707 0 
825 0.030651 0 
827 0.047491 0 
828 0.063384 0 
829 0.047103 0 
830 0.091896 0 
831 0.075685 0 
832 0.059562 0 
833 0.043621 0 
834 0.027504 0 
836 0.045798 0 
837 0.055678 0 
838 0.039567 0 
839 0.023422 0 
841 0.009979 0 
843 0.018548 0 
844 0.067426 0 
845 0.116673 0 
846 0.100497 0 
849 0.064332 0 
850 0.048093 0 
851 0.092259 0 
852 0.076150 0 
853 0.059748 0 
854 0.043599 0 
855 0.027392 0 
856 0.072428 0 
857 0.056176 0 
858 0.039888 0 
859 0.023798 0 
860 0.056587 0 
862 0.024616 0 
864 0.016801 0 
865 0.039836 0 
866 0.023636 0 
867 0.036748 0 
868 0.029654 0 
869 0.013638 0 
870 0.030029 0 
872 0.081382 0 
873 0.081766 0 
874 0.065546 0 
875 0.049330 0 
876 0.063283 0 
877 0.047115 0 
878 0.030807 0 
879 0.098644 0 
880 0.082428 0 
881 0.066077 0 
882 0.049833 0 
883 0.071206 0 
884 0.054932 0 
885 0.038502 0 
886 0.070025 0 
888 0.046134 0 
889 0.088978 0 
890 0.068071 0 
891 0.075015 0 
892 0.058853 0 
893 0.042723 0 
894 0.081522 0 
895 0.065141 0 
896 0.048911 0 
897 0.072628 0 
899 0.064257 0 
901 0.032547 0 
902 0.078857 0 
903 0.062577 0 
904 0.046088 0 
905 0.029523 0 
906 0.047823 0 
907 0.031408 0 
909 0.015433 0 
910 0.022234 0 
911 0.017880 0 
912 0.038462 0 
914 0.027124 0 
916 0.090721 0 
917 0.074537 0 
918 0.058435 0 
920 0.025719 0 
921 0.037898 0 
922 0.055660 0 
924 0.048700 0 
925 0.049967 0 
926 0.033931 0 
927 0.038028 0 
928 0.021865 0 
929 0.011612 0 
930 0.039666 0 
931 0.022775 0 
932 0.021446 0 
933 0.022993 0 
934 0.058084 0 
935 0.041948 0 
936 0.144044 0 
937 0.127856 0 
938 0.111667 0 
939 0.095440 0 
940 0.079276 0 
941 0.062910 0 
943 0.029916 0 
944 0.038421 0 
945 0.022180 0 
946 0.025400 0 
947 0.044529 0 
948 0.028251 0 
949 0.022821 0 
951 0.022938 0 
952 0.021091 0 
953 0.071238 0 
954 0.054999 0 
955 0.090126 0 
956 0.074022 0 
957 0.107335 0 
958 0.091107 0 
959 0.074844 0 
960 0.060771 0 
961 0.044540 0 
962 0.065414 0 
964 0.032939 0 
965 0.081955 0 
966 0.065581 0 
967 0.115125 0 
968 0.099043 0 
969 0.082781 0 
970 0.066732 0 
972 0.034178 0 
973 0.017666 0 
974 0.059089 0 
975 0.042820 0 
977 0.061600 0 
978 0.045181 0 
979 0.028719 0 
980 0.012445 0 
982 0.032790 0 
983 0.033431 0 
984 0.032659 0 
985 0.059514 0 
986 0.043060 0 
987 0.026867 0 
989 0.018212 0 
990 0.048454 0 
991 0.032246 0 
992 0.028183 0 
993 0.011877 0 
994 0.027574 0 
995 0.043302 0 
996 0.027187 0 
997 0.040082 0 
999 0.040005 0 
1000 0.227237 0 
1001 0.210812 0 
1002 0.194488 0 
1003 0.178194 0 
1004 0.161919 0 
1005 0.145688 0 
1006 0.143867 0 
1007 0.150007 0 
1008 0.133756 0 
1009 0.143645 0 
1010 0.127439 0 
1011 0.111195 0 
1012 0.094916 0 
1013 0.078888 0 
1014 0.062809 0 
1015 0.046540 0 
1016 0.032020 0 
1017 0.032140 0 
1018 0.015905 0 
1019 0.022795 0 
1020 0.038035 0 
1021 0.045862 0 
1022 0.029685 0 
1023 0.063440 0 
1024 0.046582 0 
1026 0.045675 0 
1027 0.028822 0 
1028 0.013059 0 
1029 0.084385 0 
1030 0.068194 0 
1031 0.058653 0 
1032 0.042597 0 
1033 0.026407 0 
1035 0.113971 0 
1036 0.097730 0 
1037 0.081575 0 
1038 0.065423 0 
1040 0.042127 0 
1042 0.051155 0 
1043 0.035160 0 
1044 0.032047 0 
1045 0.065673 0 
1048 0.017529 0 
1049 0.086647 0 
1050 0.070572 0 
1051 0.054286 0 
1052 0.038047 0 
1053 0.047038 0 
1054 0.030917 0 
1055 0.014597 0 
1056 0.029321 0 
1057 0.034405 0 
1058 0.017969 0 
1059 0.038448 0 
1061 0.062586 0 
1063 0.108131 0 
1064 0.092119 0 
1065 0.075913 0 
1066 0.059586 0 
1067 0.043437 0 
1068 0.061049 0 
1069 0.050667 0 
1071 0.022740 0 
1072 0.006459 0 
1073 0.059160 0 
1074 0.042905 0 
1075 0.041070 0 
1076 0.024811 0 
1077 0.019752 0 
1078 0.081152 0 
1079 0.064904 0 
1080 0.048977 0 
1081 0.032742 0 
1082 0.020044 0 
1083 0.060021 0 
1084 0.043890 0 
1085 0.027729 0 
1087 0.091711 0 
1088 0.075395 0 
1089 0.059136 0 
1090 0.042988 0 
1091 0.030313 0 
1092 0.064094 0 
1093 0.047806 0 
1094 0.031686 0 
1095 0.038965 0 
1096 0.022819 0 
1098 0.045023 0 
1100 0.041109 0 
1101 0.024882 0 
1102 0.053919 0 
1103 0.037741 0 
1104 0.021413 0 
1105 0.012738 0 
1106 0.079941 0 
1108 0.047765 0 
1109 0.031575 0 
1110 0.015473 0 
1111 0.077482 0 
1113 0.044074 0 
1115 0.056304 0 
1116 0.040046 0 
1117 0.032959 0 
1119 0.088162 0 
1120 0.071914 0 
1121 0.055673 0 
1123 0.047671 0 
1124 0.031446 0 
1125 0.062429 0 
1126 0.046216 0 
1127 0.030070 0 
1128 0.083318 0 
1129 0.141636 0 
1130 0.125128 0 
1131 0.108972 0 
1132 0.107682 0 
1133 0.091498 0 
1134 0.085992 0 
1135 0.069819 0 
1136 0.060212 0 
1137 0.043938 0 
1138 0.061780 0 
1139 0.045521 0 
1140 0.029362 0 
1142 0.055760 0 
1143 0.084922 0 
1144 0.068717 0 
1145 0.076014 0 
1146 0.081253 0 
1147 0.064002 0 
1148 0.096950 0 
1150 0.063998 0 
1151 0.048283 0 
1152 0.180227 0 
1153 0.164023 0 
1154 0.147755 0 
1155 0.131446 0 
1156 0.115247 0 
1157 0.129661 0 
1158 0.113502 0 
1159 0.097232 0 
1160 0.081079 0 
1161 0.107435 0 
1163 0.075068 0 
1164 0.107344 0 
1165 0.091099 0 
1166 0.074842 0 
1167 0.058668 0 
1168 0.042117 0 
1169 0.053542 0 
1171 0.029450 0 
1172 0.022335 0 
1173 0.017341 0 
1174 0.045105 0 
1176 0.110918 0 
1177 0.094713 0 
1178 0.078581 0 
1179 0.062186 0 
1185 0.046431 0 
1186 0.030286 0 
1188 0.023734 0 
1189 0.053619 0 
1190 0.037345 0 
1191 0.055409 0 
1192 0.039207 0 
1193 0.022889 0 
1194 0.105869 0 
1195 0.089376 0 
1196 0.073121 0 
1198 0.111763 0 
1199 0.095489 0 
1200 0.078736 0 
1201 0.062851 0 
1202 0.046658 0 
1203 0.076687 0 
1204 0.060309 0 
1205 0.044272 0 
1206 0.061937 0 
1207 0.045711 0 
1208 0.029521 0 
1209 0.016655 0 
1210 0.015711 0 
1211 0.076657 0 
1212 0.170181 0 
1213 0.180237 0 
1214 0.193233 0 
1215 0.176970 0 
1216 0.160776 0 
1217 0.144458 0 
1218 0.128364 0 
1219 0.155260 0 
1220 0.139011 0 
1221 0.122795 0 
1222 0.106656 0 
1223 0.090585 0 
1225 0.058026 0 
1226 0.131933 0 
1227 0.115115 0 
1228 0.139695 0 
1229 0.123528 0 
1230 0.107254 0 
1231 0.091020 0 
1232 0.074775 0 
1234 0.042250 0 
1235 0.039709 0 
1236 0.023560 0 
1237 0.009460 0 
1239 0.014883 0 
1241 0.088130 0 
1242 0.071764 0 
1243 0.170240 0 
1244 0.154060 0 
1247 0.125737 0 
1248 0.109424 0 
1249 0.099303 0 
1250 0.083151 0 
1251 0.066845 0 
1252 0.050701 0 
1253 0.069965 0 
1254 0.053721 0 
1255 0.037548 0 
1256 0.045856 0 
1257 0.029628 0 
1258 0.037863 0 
1260 0.059486 0 
1262 0.026907 0 
1263 0.086571 0 
1264 0.070392 0 
1265 0.054166 0 
1266 0.051214 0 
1267 0.035002 0 
1268 0.018912 0 
1270 0.008980 0 
1271 0.045999 0 
1272 0.029692 0 
1273 0.109121 0 
1274 0.093077 0 
1275 0.076833 0 
1276 0.103416 0 
1277 0.087386 0 
1278 0.071114 0 
1279 0.106964 0 
1280 0.090744 0 
1281 0.100284 0 
1282 0.084072 0 
1283 0.067851 0 
1284 0.051512 0 
1286 0.054185 0 
1287 0.052433 0 
1288 0.071322 0 
1289 0.054908 0 
1290 0.038598 0 
1291 0.022533 0 
1292 0.010996 0 
1293 0.027322 0 
1294 0.011132 0 
1295 0.062619 0 
1297 0.052459 0 
1299 0.019814 0 
1300 0.035010 0 
1301 0.043234 0 
1302 0.026663 0 
1303 0.090586 0 
1304 0.074322 0 
1305 0.165450 0 
1307 0.132409 0 
1308 0.116531 0 
1309 0.100294 0 
1310 0.084053 0 
1312 0.062700 0 
1314 0.044043 0 
1315 0.027784 0 
1316 0.132711 0 
1318 0.100142 0 
1319 0.083860 0 
1320 0.067737 0 
1322 0.035400 0 
1323 0.109593 0 
1324 0.093474 0 
1325 0.077325 0 
1326 0.061127 0 
1327 0.044270 0 
1328 0.027771 0 
1329 0.011641 0 
1330 0.038918 0 
1331 0.098036 0 
1332 0.081801 0 
1333 0.065559 0 
1334 0.049460 0 
1335 0.034044 0 
1336 0.060037 0 
1337 0.046080 0 
1338 0.068111 0 
1339 0.051922 0 
1341 0.065074 0 
1342 0.049038 0 
1343 0.060288 0 
1344 0.044098 0 
1345 0.027624 0 
1346 0.106232 0 
1347 0.090006 0 
1349 0.057547 0 
1350 0.041304 0 
1351 0.025052 0 
1352 0.025946 0 
1353 0.057566 0 
1354 0.076708 0 
1355 0.060439 0 
1356 0.044026 0 
1357 0.027584 0 
1358 0.027590 0 
1359 0.011395 0 
1360 0.079568 0 
1362 0.046828 0 
1363 0.030346 0 
1364 0.074077 0 
1365 0.057786 0 
1366 0.041566 0 
1367 0.025330 0 
1368 0.029337 0 
1370 0.085269 0 
1371 0.069061 0 
1372 0.052559 0 
1373 0.036332 0 
1375 0.016746 0 
1376 0.068522 0 
1377 0.052258 0 
1378 0.049564 0 
1380 0.095610 0 
1381 0.079312 0 
1382 0.063068 0 
1383 0.061234 0 
1384 0.045063 0 
1385 0.028842 0 
1387 0.076572 0 
1388 0.060031 0 
1389 0.043680 0 
1390 0.074581 0 
1391 0.058480 0 
1392 0.058321 0 
1393 0.042008 0 
1394 0.065597 0 
1395 0.049392 0 
1397 0.030776 0 
1398 0.014296 0 
1399 0.061956 0 
1400 0.045751 0 
1401 0.029533 0 
1402 0.133966 0 
1403 0.117677 0 
1404 0.101648 0 
1405 0.085402 0 
1406 0.069103 0 
1407 0.085662 0 
1408 0.069452 0 
1409 0.053229 0 
1410 0.036839 0 
1411 0.066947 0 
1412 0.050164 0 
1413 0.034289 0 
1414 0.058715 0 
1415 0.042590 0 
1416 0.068275 0 
1417 0.052074 0 
1418 0.035859 0 
1419 0.027775 0 
1420 0.035204 0 
1421 0.019014 0 
1422 0.028890 0 
1424 0.069901 0 
1425 0.098553 0 
1426 0.082314 0 
1427 0.065994 0 
1428 0.049863 0 
1429 0.033503 0 
1430 0.017378 0 
1431 0.029505 0 
1433 0.057015 0 
1434 0.040379 0 
1435 0.023434 0 
1436 0.070875 0 
1438 0.038606 0 
1440 0.034660 0 
1441 0.060037 0 
1442 0.097736 0 
1443 0.081393 0 
1446 0.032688 0 
1447 0.016747 0 
1448 0.091395 0 
1449 0.075061 0 
1450 0.058719 0 
1451 0.042443 0 
1452 0.026281 0 
1453 0.025577 0 
1454 0.017626 0 
1455 0.052757 0 
1456 0.036244 0 
1457 0.028769 0 
1459 0.040400 0 
1461 0.077649 0 
1462 0.061481 0 
1463 0.045254 0 
1464 0.029036 0 
1465 0.109892 0 
1466 0.093689 0 
1467 0.077432 0 
1469 0.044805 0 
1470 0.032996 0 
1471 0.017175 0 
1472 0.012760 0 
1473 0.031347 0 
1474 0.027098 0 
1475 0.048239 0 
1476 0.032089 0 
1477 0.020503 0 
1478 0.012433 0 
1479 0.030562 0 
1480 0.022077 0 
1481 0.079835 0 
1482 0.063228 0 
1483 0.047148 0 
1485 0.084978 0 
1486 0.068788 0 
1487 0.051998 0 
1488 0.036173 0 
1489 0.043619 0 
1490 0.027376 0 
1491 0.060694 0 
1492 0.044617 0 
1493 0.028431 0 
1494 0.042446 0 
1496 0.060727 0 
1498 0.038281 0 
1499 0.074997 0 
1500 0.058867 0 
1501 0.074939 0 
1502 0.058886 0 
1503 0.074086 0 
1504 0.087966 0 
1506 0.055510 0 
1507 0.039271 0 
1508 0.022946 0 
1509 0.060616 0 
1511 0.102605 0 
1513 0.070356 0 
1514 0.067837 0 
1515 0.113901 0 
1517 0.081447 0 
1518 0.121275 0 
1519 0.105134 0 
1521 0.072797 0 
1522 0.056579 0 
1523 0.040458 0 
1524 0.024330 0 
1525 0.044534 0 
1526 0.028303 0 
1527 0.089557 0 
1528 0.073446 0 
1529 0.057135 0 
1530 0.040904 0 
1531 0.024861 0 
1532 0.065162 0 
1533 0.048926 0 
1534 0.044992 0 
1535 0.028743 0 
1536 0.063967 0 
1537 0.047020 0 
1538 0.093523 0 
1540 0.060893 0 
1541 0.044876 0 
1542 0.028671 0 
1543 0.012326 0 
1544 0.070132 0 
1545 0.053729 0 
1546 0.037715 0 
1548 0.039924 0 
1549 0.097300 0 
1550 0.081130 0 
1551 0.063706 0 
1552 0.048051 0 
1553 0.063350 0 
1554 0.047097 0 
1555 0.030839 0 
1556 0.041200 0 
1557 0.064013 0 
1558 0.047719 0 
1559 0.031268 0 
1561 0.050256 0 
1562 0.033862 0 
1563 0.017552 0 
1564 0.053761 0 
1565 0.037621 0 
1566 0.021454 0 
1567 0.035382 0 
1569 0.059740 0 
1570 0.079007 0 
1571 0.090652 0 
1572 0.074376 0 
1574 0.041941 0 
1575 0.038353 0 
1576 0.022140 0 
1577 0.055845 0 
1579 0.027329 0 
1580 0.033409 0 
1581 0.095004 0 
1582 0.078833 0 
1583 0.062778 0 
1584 0.046540 0 
1586 0.091730 0 
1587 0.098581 0 
1588 0.082361 0 
1589 0.066118 0 
1590 0.057616 0 
1591 0.041365 0 
1592 0.058741 0 
1593 0.042515 0 
1594 0.026258 0 
1596 0.073474 0 
1597 0.057186 0 
1598 0.041014 0 
1599 0.032420 0 
1600 0.015379 0 
1601 0.058303 0 
1602 0.042082 0 
1603 0.031004 0 
1604 0.047431 0 
1605 0.064368 0 
1606 0.047992 0 
1607 0.031558 0 
1608 0.015397 0 
1609 0.028394 0 
1610 0.032316 0 
1611 0.062230 0 
1612 0.045932 0 
1613 0.070526 0 
1614 0.054660 0 
1615 0.038430 0 
1616 0.022194 0 
1617 0.031202 0 
1618 0.035412 0 
1619 0.045616 0 
1620 0.029414 0 
1621 0.012904 0 
1623 0.050191 0 
1624 0.033709 0 
1625 0.017441 0 
1626 0.028284 0 
1627 0.028082 0 
1628 0.011907 0 
1629 0.087675 0 
1630 0.071496 0 
1632 0.067727 0 
1633 0.051493 0 
1634 0.035090 0 
1635 0.026115 0 
1637 0.019985 0 
1639 0.055309 0 
1640 0.070317 0 
1641 0.053857 0 
1642 0.037153 0 
1645 0.051581 0 
1646 0.035415 0 
1647 0.018649 0 
1648 0.049948 0 
1649 0.033749 0 
1650 0.108767 0 
1651 0.098318 0 
1652 0.081756 0 
1653 0.065524 0 
1654 0.049271 0 
1655 0.032926 0 
1656 0.030683 0 
1658 0.038942 0 
1660 0.060598 0 
1661 0.044446 0 
1662 0.028199 0 
1663 0.028192 0 
1664 0.041218 0 
1665 0.024950 0 
1666 0.008790 0 
1668 0.047691 0 
1669 0.031323 0 
1670 0.014801 0 
1671 0.038674 0 
1672 0.055323 0 
1673 0.038776 0 
1674 0.051659 0 
1675 0.035566 0 
1676 0.074638 0 
1677 0.058388 0 
1678 0.042190 0 
1679 0.034499 0 
1680 0.018325 0 
1681 0.006065 0 
1682 0.038182 0 
1684 0.046148 0 
1685 0.037140 0 
1686 0.020977 0 
1687 0.052709 0 
1688 0.036418 0 
1689 0.040947 0 
1690 0.043051 0 
1691 0.026827 0 
1692 0.025050 0 
1693 0.019507 0 
1695 0.025276 0 
1697 0.037901 0 
1698 0.021677 0 
1699 0.008836 0 
1700 0.021775 0 
1701 0.023127 0 
1702 0.045522 0 
1703 0.029373 0 
1705 0.067071 0 
1706 0.142588 0 
1707 0.126416 0 
1708 0.110215 0 
1710 0.077767 0 
1712 0.108778 0 
1713 0.092487 0 
1714 0.076216 0 
1716 0.043767 0 
1717 0.027501 0 
1718 0.072888 0 
1720 0.040458 0 
1721 0.024288 0 
1722 0.029850 0 
1723 0.029907 0 
1724 0.052472 0 
1725 0.036693 0 
1726 0.025427 0 
1727 0.009257 0 
1728 0.045960 0 
1729 0.029670 0 
1730 0.013490 0 
1731 0.084815 0 
1732 0.068635 0 
1733 0.052417 0 
1734 0.056442 0 
1735 0.040180 0 
1736 0.048307 0 
1737 0.031908 0 
1739 0.064124 0 
1740 0.048867 0 
1741 0.032966 0 
1742 0.016767 0 
1743 0.040800 0 
1744 0.037366 0 
1745 0.044673 0 
1747 0.040532 0 
1748 0.024273 0 
1749 0.025903 0 
1750 0.065794 0 
1751 0.049604 0 
1752 0.053355 0 
1753 0.051613 0 
1754 0.035053 0 
1755 0.076525 0 
1756 0.060476 0 
1757 0.044132 0 
1758 0.069716 0 
1760 0.047329 0 
1761 0.031215 0 
1762 0.047484 0 
1763 0.031192 0 
1764 0.084121 0 
1765 0.067912 0 
1766 0.051669 0 
1768 0.038656 0 
1769 0.022434 0 
1770 0.041168 0 
1771 0.047133 0 
1773 0.014540 0 
1774 0.021681 0 
1775 0.059535 0 
1776 0.043455 0 
1778 0.032070 0 
1779 0.039751 0 
1780 0.023548 0 
1781 0.028191 0 
1782 0.046686 0 
1783 0.030495 0 
1785 0.043219 0 
1786 0.048463 0 
1787 0.085663 0 
1788 0.069455 0 
1789 0.096332 0 
1790 0.080133 0 
1791 0.063789 0 
1792 0.047650 0 
1793 0.054491 0 
1795 0.022028 0 
1796 0.027703 0 
1797 0.088784 0 
1798 0.072623 0 
1799 0.056093 0 
1800 0.039679 0 
1801 0.023491 0 
1802 0.021610 0 
1803 0.064004 0 
1804 0.048713 0 
1805 0.028354 0 
1806 0.011966 0 
1807 0.034346 0 
1808 0.018062 0 
1809 0.071535 0 
1810 0.055390 0 
1811 0.055159 0 
1812 0.038891 0 
1813 0.040140 0 
1814 0.023887 0 
1815 0.044115 0 
1816 0.027767 0 
1817 0.034965 0 
1818 0.045665 0 
1819 0.029690 0 
1820 0.021361 0 
1822 0.034012 0 
1823 0.034481 0 
1824 0.069990 0 
1825 0.053671 0 
1826 0.068484 0 
1827 0.052301 0 
1828 0.036174 0 
1829 0.098074 0 
1831 0.065518 0 
1832 0.103473 0 
1833 0.087328 0 
1834 0.071213 0 
1836 0.038197 0 
1838 0.049809 0 
1839 0.039964 0 
1840 0.047676 0 
1841 0.051908 0 
1844 0.071057 0 
1845 0.054942 0 
1846 0.051618 0 
1847 0.086643 0 
1848 0.070417 0 
1849 0.066253 0 
1850 0.050056 0 
1851 0.033818 0 
1852 0.017625 0 
1853 0.037053 0 
1854 0.040366 0 
1855 0.024129 0 
1857 0.093564 0 
1859 0.061076 0 
1860 0.044153 0 
1861 0.027738 0 
1862 0.025723 0 
1863 0.054546 0 
1864 0.038157 0 
1865 0.021569 0 
1867 0.045581 0 
1868 0.029240 0 
1869 0.013001 0 
1870 0.036290 0 
1871 0.020068 0 
1872 0.029282 0 
1873 0.037484 0 
1874 0.021344 0 
1875 0.042128 0 
1876 0.025927 0 
1877 0.027224 0 
1878 0.071046 0 
1879 0.054795 0 
1880 0.038567 0 
1881 0.133693 0 
1883 0.160081 0 
1884 0.143866 0 
1885 0.127368 0 
1886 0.110951 0 
1887 0.125617 0 
1888 0.109390 0 
1889 0.093188 0 
1890 0.077023 0 
1891 0.067770 0 
1892 0.051545 0 
1894 0.018999 0 
1896 0.048730 0 
1897 0.118497 0 
1898 0.102179 0 
1899 0.085996 0 
1900 0.069398 0 
1901 0.053141 0 
1902 0.036866 0 
1904 0.048224 0 
1905 0.031929 0 
1906 0.015721 0 
1907 0.039467 0 
1909 0.019469 0 
1911 0.041071 0 
1912 0.024996 0 
1913 0.068827 0 
1915 0.050164 0 
1916 0.033838 0 
1917 0.037939 0 
1919 0.068998 0 
1920 0.052819 0 
1921 0.036606 0 
1922 0.020432 0 
1923 0.053293 0 
1924 0.036863 0 
1925 0.037382 0 
1926 0.021125 0 
1927 0.057462 0 
1928 0.041095 0 
1929 0.024866 0 
1930 0.036689 0 
1931 0.041654 0 
1932 0.025415 0 
1933 0.049884 0 
1934 0.043761 0 
1935 0.027461 0 
1936 0.029929 0 
1938 0.027758 0 
1939 0.017977 0 
1940 0.026568 0 
1941 0.086374 0 
1942 0.070085 0 
1943 0.053583 0 
1944 0.037312 0 
1946 0.030892 0 
1947 0.032067 0 
1948 0.028208 0 
1949 0.012004 0 
1950 0.030655 0 
1951 0.014198 0 
1952 0.081953 0 
1953 0.065145 0 
1954 0.049341 0 
1955 0.095549 0 
1956 0.079314 0 
1957 0.063088 0 
1959 0.030691 0 
1960 0.014508 0 
1961 0.016897 0 
1962 0.055290 0 
1963 0.039082 0 
1964 0.022948 0 
1965 0.052974 0 
1967 0.051518 0 
1968 0.035283 0 
1969 0.030463 0 
1970 0.049680 0 
1972 0.036894 0 
1973 0.020686 0 
1974 0.116211 0 
1975 0.099999 0 
1977 0.067501 0 
1978 0.108201 0 
1979 0.092047 0 
1980 0.088372 0 
1981 0.076898 0 
1982 0.060653 0 
1984 0.051740 0 
1985 0.035463 0 
1986 0.035718 0 
1987 0.043164 0 
1988 0.059696 0 
1989 0.043477 0 
1990 0.078107 0 
1991 0.061884 0 
1992 0.072591 0 
1994 0.040127 0 
1995 0.031082 0 
1996 0.014860 0 
1997 0.025370 0 
1998 0.008821 0 
1999 0.030540 0 
2000 0.063991 0 
2001 0.060014 0 
2002 0.043710 0 
2003 0.065493 0 
2004 0.049619 0 
2005 0.033457 0 
2006 0.059083 0 
2007 0.042165 0 
2008 0.026482 0 
2009 0.114641 0 
2010 0.098432 0 
2011 0.082209 0 
2012 0.065867 0 
2013 0.061596 0 
2014 0.045383 0 
2015 0.028918 0 
2016 0.089979 0 
2017 0.073791 0 
2018 0.057442 0 
2019 0.079743 0 
2021 0.047335 0 
2022 0.031007 0 
2023 0.034495 0 
2024 0.018317 0 
2025 0.026276 0 
2026 0.010077 0 
2027 0.016440 0 
2028 0.056803 0 
2030 0.106349 0 
2031 0.090097 0 
2032 0.073949 0 
2033 0.057863 0 
2035 0.027693 0 
2037 0.041407 0 
2038 0.114318 0 
2039 0.126130 0 
2040 0.109977 0 
2043 0.082432 0 
2044 0.066308 0 
2045 0.053397 0 
2046 0.037257 0 
2047 0.025337 0 
2048 0.035025 0 
2049 0.018864 0 
2050 0.072950 0 
2051 0.056446 0 
2052 0.074580 0 
2053 0.058364 0 
2054 0.042098 0 
2056 0.026281 0 
2058 0.044644 0 
2059 0.028421 0 
2060 0.028920 0 
2061 0.020608 0 
2062 0.053956 0 
2063 0.037657 0 
2064 0.033839 0 
2066 0.042583 0 
2067 0.026317 0 
2068 0.037260 0 
2069 0.021061 0 
2070 0.047853 0 
2071 0.032058 0 
2072 0.015633 0 
2073 0.030030 0 
2074 0.034053 0 
2075 0.054118 0 
2076 0.037829 0 
2077 0.021599 0 
2078 0.069299 0 
2079 0.062448 0 
2080 0.046293 0 
2082 0.048735 0 
2083 0.100924 0 
2084 0.084727 0 
2085 0.068410 0 
2086 0.156539 0 
2087 0.140380 0 
2088 0.123566 0 
2089 0.107432 0 
2090 0.141945 0 
2091 0.125749 0 
2093 0.093155 0 
2095 0.060718 0 
2096 0.043917 0 
2097 0.082854 0 
2098 0.066532 0 
2099 0.050542 0 
2100 0.034289 0 
2101 0.018137 0 
2103 0.047791 0 
2104 0.031590 0 
2105 0.015359 0 
2106 0.033618 0 
2108 0.086565 0 
2110 0.054085 0 
2111 0.037990 0 
2112 0.021774 0 
2114 0.038421 0 
2115 0.036627 0 
2116 0.020430 0 
2118 0.057862 0 
2119 0.041622 0 
2120 0.079051 0 
2121 0.062845 0 
2122 0.046628 0 
2123 0.030300 0 
2124 0.014013 0 
2125 0.043473 0 
2126 0.027251 0 
2127 0.072317 0 
2128 0.061798 0 
2129 0.045531 0 
2130 0.039735 0 
2131 0.109436 0 
2132 0.093220 0 
2133 0.076905 0 
2134 0.147965 0 
2135 0.131747 0 
2137 0.099307 0 
2138 0.082950 0 
2139 0.066191 0 
2140 0.050294 0 
2141 0.033815 0 
2142 0.053618 0 
2143 0.037367 0 
2145 0.016277 0 
2146 0.041882 0 
2147 0.025688 0 
2148 0.086810 0 
2149 0.070591 0 
2150 0.119990 0 
2151 0.103773 0 
2152 0.087470 0 
2153 0.071438 0 
2154 0.055216 0 
2155 0.041973 0 
2156 0.033322 0 
2158 0.048491 0 
2159 0.033671 0 
2160 0.039279 0 
2161 0.022877 0 
2162 0.047908 0 
2163 0.031746 0 
2164 0.043725 0 
2166 0.027354 0 
2167 0.056239 0 
2168 0.049790 0 
2169 0.033014 0 
2171 0.035110 0 
2172 0.018890 0 
2173 0.039624 0 
2174 0.038921 0 
2176 0.030276 0 
2177 0.098543 0 
2178 0.082383 0 
2179 0.073893 0 
2180 0.057633 0 
2181 0.041480 0 
2183 0.072993 0 
2184 0.057076 0 
2185 0.040728 0 
2186 0.032146 0 
2187 0.015668 0 
2188 0.084731 0 
2189 0.068671 0 
2190 0.052486 0 
2191 0.036281 0 
2193 0.012661 0 
2194 0.066822 0 
2195 0.050535 0 
2196 0.050619 0 
2197 0.059386 0 
2198 0.088874 0 
2199 0.072653 0 
2200 0.056396 0 
2201 0.040274 0 
2202 0.055889 0 
2203 0.088119 0 
2204 0.071950 0 
2205 0.055708 0 
2206 0.039055 0 
2207 0.022755 0 
2208 0.106054 0 
2209 0.089910 0 
2210 0.101398 0 
2211 0.085032 0 
2212 0.068765 0 
2213 0.052716 0 
2214 0.047698 0 
2215 0.031506 0 
2216 0.015382 0 
2217 0.027804 0 
2218 0.011610 0 
2220 0.031511 0 
2221 0.079442 0 
2222 0.063295 0 
2223 0.046975 0 
2224 0.030645 0 
2225 0.050125 0 
2226 0.074431 0 
2227 0.058190 0 
2229 0.085630 0 
2230 0.069427 0 
2231 0.053352 0 
2232 0.037228 0 
2234 0.040154 0 
2236 0.032960 0 
2237 0.081771 0 
2238 0.100430 0 
2239 0.084195 0 
2242 0.035366 0 
2243 0.019105 0 
2244 0.045049 0 
2245 0.049384 0 
2246 0.033153 0 
2247 0.037160 0 
2248 0.088617 0 
2249 0.072516 0 
2250 0.056288 0 
2251 0.070180 0 
2252 0.053924 0 
2253 0.037755 0 
2255 0.057853 0 
2257 0.025083 0 
2258 0.022722 0 
2259 0.044150 0 
2260 0.097860 0 
2261 0.081850 0 
2262 0.065919 0 
2263 0.049705 0 
2265 0.031565 0 
2266 0.044316 0 
2267 0.027554 0 
2268 0.011477 0 
2269 0.060795 0 
2270 0.044584 0 
2271 0.028353 0 
2272 0.069408 0 
2273 0.053201 0 
2274 0.037026 0 
2275 0.058030 0 
2276 0.042335 0 
2277 0.026120 0 
2278 0.015316 0 
2279 0.019374 0 
2281 0.063919 0 
2282 0.047581 0 
2283 0.039499 0 
2284 0.022952 0 
2285 0.015065 0 
2286 0.080392 0 
2287 0.064294 0 
2288 0.048058 0 
2289 0.031821 0 
2290 0.015600 0 
2292 0.055605 0 
2294 0.023212 0 
2295 0.006925 0 
2296 0.037735 0 
2297 0.079264 0 
2298 0.062931 0 
2299 0.046088 0 
2300 0.029934 0 
2302 0.050556 0 
2303 0.034346 0 
2304 0.018126 0 
2305 0.022710 0 
2307 0.031604 0 
2309 0.045082 0 
2310 0.034337 0 
2311 0.017855 0 
2313 0.048252 0 
2314 0.031953 0 
2315 0.015435 0 
2317 0.070685 0 
2318 0.065763 0 
2319 0.049659 0 
2320 0.033473 0 
2321 0.017305 0 
2322 0.050050 0 
2323 0.034182 0 
2324 0.017914 0 
2325 0.160707 0 
2326 0.144538 0 
2327 0.128309 0 
2328 0.112154 0 
2329 0.099070 0 
2330 0.082844 0 
2331 0.069540 0 
2332 0.095665 0 
2333 0.078823 0 
2334 0.062580 0 
2336 0.030366 0 
2337 0.014106 0 
2338 0.120148 0 
2339 0.103905 0 
2340 0.087622 0 
2341 0.071325 0 
2342 0.055128 0 
2344 0.027772 0 
2345 0.011362 0 
2346 0.053188 0 
2347 0.045271 0 
2348 0.054970 0 
2349 0.038758 0 
2350 0.062990 0 
2351 0.046750 0 
2352 0.030488 0 
2353 0.014354 0 
2354 0.024320 0 
2355 0.008128 0 
2357 0.070437 0 
2358 0.061760 0 
2359 0.045463 0 
2360 0.044028 0 
2361 0.027608 0 
2362 0.011556 0 
2363 0.053801 0 
2365 0.021641 0 
2366 0.039654 0 
2367 0.039707 0 
2368 0.023098 0 
2370 0.042987 0 
2371 0.026762 0 
2372 0.039740 0 
2373 0.023310 0 
2375 0.026537 0 
2376 0.037693 0 
2377 0.021510 0 
2378 0.047746 0 
2379 0.031849 0 
2380 0.015733 0 
2382 0.023120 0 
2383 0.019916 0 
2384 0.017292 0 
2385 0.034632 0 
2386 0.070870 0 
2387 0.054674 0 
2388 0.038361 0 
2389 0.022122 0 
2390 0.051144 0 
2392 0.029648 0 
2393 0.104488 0 
2394 0.088279 0 
2395 0.071785 0 
2396 0.062152 0 
2397 0.046149 0 
2398 0.029985 0 
2399 0.014494 0 
2400 0.041993 0 
2401 0.025780 0 
2402 0.082033 0 
2403 0.066008 0 
2404 0.049782 0 
2405 0.078890 0 
2406 0.062672 0 
2407 0.044922 0 
2408 0.053529 0 
2409 0.037273 0 
2410 0.055365 0 
2411 0.039125 0 
2412 0.036057 0 
2413 0.019785 0 
2414 0.023619 0 
2415 0.030730 0 
2416 0.048785 0 
2417 0.032737 0 
2419 0.059678 0 
2420 0.043397 0 
2421 0.027146 0 
2422 0.039588 0 
2423 0.057214 0 
2424 0.040988 0 
2425 0.024465 0 
2426 0.045106 0 
2428 0.057158 0 
2429 0.040991 0 
2430 0.024848 0 
2431 0.034600 0 
2433 0.070388 0 
2435 0.064235 0 
2436 0.047922 0 
2437 0.044145 0 
2438 0.030185 0 
2441 0.038898 0 
2442 0.022688 0 
2443 0.026455 0 
2444 0.059316 0 
2445 0.043116 0 
2446 0.026891 0 
2447 0.043705 0 
2448 0.027492 0 
2449 0.035447 0 
2450 0.019598 0 
2451 0.026040 0 
2452 0.028836 0 
2454 0.018720 0 
2456 0.046010 0 
2457 0.029774 0 
2458 0.013414 0 
2459 0.048046 0 
2460 0.031876 0 
2461 0.065314 0 
2462 0.049265 0 
2464 0.041515 0 
2465 0.027079 0 
2466 0.011037 0 
2467 0.015829 0 
2468 0.051228 0 
2469 0.035253 0 
2470 0.019296 0 
2471 0.037741 0 
2472 0.021559 0 
2473 0.037560 0 
2474 0.038071 0 
2475 0.022074 0 
2476 0.032085 0 
2477 0.015710 0 
2478 0.041745 0 
2480 0.043322 0 
2481 0.075897 0 
2482 0.059693 0 
2483 0.043251 0 
2484 0.027437 0 
2485 0.011330 0 
2486 0.005736 0 
2487 0.027088 0 
2488 0.062404 0 
2489 0.058376 0 
2491 0.025975 0 
2493 0.010516 0 
2494 0.036404 0 
2495 0.020135 0 
2496 0.014919 0 
2497 0.043523 0 
2498 0.027226 0 
2499 0.033692 0 
2501 0.012626 0 
2502 0.041675 0 
2503 0.025455 0 
2504 0.016763 0 
2506 0.028986 0 
2508 0.013305 0 
2509 0.089264 0 
2510 0.073133 0 
2512 0.040691 0 
2513 0.054353 0 
2514 0.038230 0 
2516 0.041351 0 
2517 0.061587 0 
2518 0.045423 0 
2519 0.029212 0 
2520 0.092979 0 
2521 0.075767 0 
2522 0.060304 0 
2523 0.044063 0 
2524 0.075395 0 
2525 0.059188 0 
2526 0.043012 0 
2527 0.049018 0 
2528 0.032795 0 
2529 0.078012 0 
2530 0.061816 0 
2531 0.056417 0 
2532 0.043823 0 
2533 0.027479 0 
2535 0.046440 0 
2536 0.036912 0 
2537 0.021413 0 
2538 0.100082 0 
2539 0.083827 0 
2540 0.067520 0 
2541 0.095965 0 
2543 0.063633 0 
2544 0.046999 0 
2545 0.030833 0 
2546 0.113032 0 
2547 0.097074 0 
2548 0.080787 0 
2549 0.064387 0 
2550 0.048084 0 
2551 0.058891 0 
2552 0.042695 0 
2553 0.026591 0 
2554 0.017638 0 
2556 0.011615 0 
2557 0.074791 0 
2558 0.058164 0 
2559 0.042030 0 
2560 0.082747 0 
2561 0.066573 0 
2562 0.050346 0 
2564 0.052500 0 
2565 0.036230 0 
2566 0.038399 0 
2567 0.022031 0 
2569 0.015669 0 
2570 0.066121 0 
2571 0.049381 0 
2572 0.033816 0 
2574 0.015818 0 
2575 0.071531 0 
2576 0.055386 0 
2577 0.039242 0 
2578 0.052156 0 
2579 0.035937 0 
2581 0.081933 0 
2582 0.065676 0 
2583 0.049396 0 
2584 0.033165 0 
2585 0.087116 0 
2586 0.070853 0 
2587 0.082585 0 
2588 0.066446 0 
2589 0.050290 0 
2591 0.074914 0 
2592 0.058666 0 
2593 0.065911 0 
2594 0.049580 0 
2595 0.033499 0 
2596 0.063186 0 
2597 0.047174 0 
2598 0.133096 0 
2599 0.117027 0 
2600 0.100693 0 
2601 0.084304 0 
2602 0.068121 0 
2603 0.053549 0 
2604 0.038939 0 
2605 0.027808 0 
2606 0.010119 0 
2607 0.041517 0 
2608 0.025377 0 
2609 0.009154 0 
2610 0.040680 0 
2611 0.038138 0 
2612 0.021874 0 
2613 0.133816 0 
2614 0.117752 0 
2615 0.101533 0 
2616 0.085322 0 
2618 0.052855 0 
2619 0.036581 0 
2620 0.020412 0 
2621 0.082506 0 
2622 0.066229 0 
2623 0.050046 0 
2624 0.033940 0 
2625 0.098100 0 
2627 0.065571 0 
2628 0.049294 0 
2629 0.052735 0 
2630 0.036604 0 
2632 0.004365 0 
2634 0.020958 0 
2635 0.024931 0 
2636 0.094339 0 
2637 0.078599 0 
2640 0.070294 0 
2641 0.054092 0 
2642 0.037827 0 
2643 0.097480 0 
2644 0.081239 0 
2645 0.065058 0 
2646 0.145345 0 
2647 0.128965 0 
2648 0.112824 0 
2649 0.096625 0 
2650 0.080404 0 
2651 0.064289 0 
2653 0.143219 0 
2655 0.110735 0 
2656 0.094475 0 
2657 0.182646 0 
2658 0.166590 0 
2659 0.150572 0 
2660 0.134366 0 
2661 0.183687 0 
2663 0.151095 0 
2664 0.134797 0 
2665 0.118534 0 
2666 0.102082 0 
2667 0.085890 0 
2668 0.069672 0 
2669 0.053431 0 
2670 0.037296 0 
2671 0.021067 0 
2672 0.043207 0 
2673 0.027040 0 
2674 0.010795 0 
2675 0.038312 0 
2676 0.022111 0 
2677 0.016255 0 
2679 0.018522 0 
2680 0.124667 0 
2681 0.108572 0 
2682 0.092387 0 
2683 0.076236 0 
2684 0.059929 0 
2685 0.043944 0 
2686 0.027786 0 
2687 0.057765 0 
2688 0.041723 0 
2690 0.058172 0 
2692 0.025715 0 
2693 0.073302 0 
2694 0.057106 0 
2695 0.040987 0 
2696 0.024755 0 
2697 0.049621 0 
2698 0.033381 0 
2700 0.035616 0 
2701 0.019556 0 
2702 0.055031 0 
2703 0.038822 0 
2705 0.109614 0 
2707 0.077113 0 
2708 0.060847 0 
2709 0.044060 0 
2711 0.021888 0 
2712 0.061679 0 
2713 0.045365 0 
2715 0.026180 0 
2716 0.031232 0 
2717 0.035806 0 
2718 0.019552 0 
2719 0.017838 0 
2720 0.056750 0 
2721 0.040533 0 
2722 0.100983 0 
2723 0.084754 0 
2724 0.068500 0 
2725 0.066189 0 
2726 0.058961 0 
2727 0.047215 0 
2728 0.027044 0 
2729 0.049625 0 
2730 0.033362 0 
2731 0.030066 0 
2732 0.043121 0 
2734 0.047964 0 
2735 0.031714 0 
2736 0.027844 0 
2737 0.030140 0 
2738 0.023798 0 
2739 0.071752 0 
2740 0.055571 0 
2742 0.050575 0 
2743 0.034323 0 
2744 0.018226 0 
2745 0.020341 0 
2746 0.034015 0 
2747 0.057357 0 
2748 0.041124 0 
2749 0.024927 0 
2750 0.047065 0 
2751 0.030911 0 
2752 0.014546 0 
2753 0.018390 0 
2755 0.052373 0 
2756 0.036155 0 
2757 0.019903 0 
2758 0.075789 0 
2759 0.059636 0 
2760 0.043401 0 
2761 0.027143 0 
2763 0.084198 0 
2764 0.067001 0 
2765 0.075256 0 
2766 0.058979 0 
2768 0.026687 0 
2769 0.075408 0 
2770 0.059290 0 
2771 0.042991 0 
2773 0.121292 0 
2774 0.105036 0 
2775 0.088832 0 
2776 0.072601 0 
2777 0.056396 0 
2778 0.040208 0 
2780 0.022686 0 
2781 0.036160 0 
2782 0.018688 0 
2783 0.059215 0 
2784 0.075871 0 
2785 0.059683 0 
2786 0.043342 0 
2787 0.034728 0 
2788 0.018554 0 
2790 0.058883 0 
2791 0.042685 0 
2792 0.026467 0 
2793 0.071084 0 
2794 0.054992 0 
2795 0.038893 0 
2796 0.022695 0 
2797 0.083354 0 
2798 0.067120 0 
2799 0.088521 0 
2800 0.072115 0 
2801 0.056422 0 
2802 0.048187 0 
2803 0.031950 0 
2804 0.015635 0 
2805 0.049380 0 
2806 0.070858 0 
2807 0.054843 0 
2808 0.038637 0 
2809 0.022499 0 
2810 0.016945 0 
2811 0.083285 0 
2812 0.067079 0 
2813 0.050874 0 
2814 0.049055 0 
2815 0.032883 0 
2817 0.085565 0 
2818 0.069943 0 
2819 0.124504 0 
2820 0.108275 0 
2821 0.092039 0 
2822 0.075915 0 
2823 0.059722 0 
2824 0.043582 0 
2826 0.031130 0 
2827 0.014871 0 
2828 0.026475 0 
2829 0.010206 0 
2831 0.029658 0 
2833 0.093286 0 
2834 0.130208 0 
2835 0.145893 0 
2836 0.129616 0 
2839 0.080772 0 
2840 0.063997 0 
2841 0.047835 0 
2842 0.075086 0 
2843 0.058715 0 
2844 0.042649 0 
2845 0.026517 0 
2846 0.021800 0 
2847 0.036176 0 
2848 0.039680 0 
2849 0.039132 0 
2850 0.022961 0 
2852 0.073811 0 
2854 0.041380 0 
2855 0.078755 0 
2856 0.062572 0 
2857 0.046267 0 
2858 0.030048 0 
2859 0.019411 0 
2860 0.010652 0 
2862 0.055008 0 
2863 0.038751 0 
2864 0.022425 0 
2865 0.014332 0 
2866 0.067179 0 
2867 0.050919 0 
2868 0.034620 0 
2869 0.065793 0 
2870 0.049642 0 
2871 0.033527 0 
2872 0.041581 0 
2873 0.025289 0 
2874 0.033527 0 
2876 0.131207 0 
2878 0.119280 0 
2879 0.102902 0 
2880 0.118707 0 
2881 0.102519 0 
2882 0.086337 0 
2883 0.070169 0 
2884 0.054005 0 
2885 0.035186 0 
2886 0.046867 0 
2887 0.030775 0 
2889 0.019489 0 
2891 0.060508 0 
2892 0.044179 0 
2893 0.048654 0 
2894 0.032444 0 
2895 0.074809 0 
2896 0.058579 0 
2897 0.042260 0 
2899 0.203939 0 
2900 0.187852 0 
2901 0.171569 0 
2902 0.155335 0 
2904 0.122732 0 
2906 0.090209 0 
2907 0.109681 0 
2908 0.093587 0 
2910 0.071121 0 
2911 0.054958 0 
2912 0.038674 0 
2914 0.050630 0 
2915 0.034415 0 
2916 0.018305 0 
2917 0.029858 0 
2918 0.013688 0 
2919 0.072350 0 
2920 0.056091 0 
2921 0.039726 0 
2922 0.023714 0 
2923 0.053034 0 
2924 0.043492 0 
2925 0.056641 0 
2926 0.040400 0 
2927 0.077941 0 
2928 0.061679 0 
2929 0.055768 0 
2930 0.038725 0 
2931 0.023795 0 
2933 0.012439 0 
2934 0.027748 0 
2935 0.046373 0 
2936 0.030020 0 
2937 0.027497 0 
2938 0.043458 0 
2939 0.081648 0 
2941 0.049134 0 
2942 0.062561 0 
2943 0.046419 0 
2944 0.030160 0 
2945 0.014078 0 
2946 0.024498 0 
2947 0.050993 0 
2948 0.034628 0 
2949 0.038656 0 
2950 0.022519 0 
2951 0.053407 0 
2952 0.037200 0 
2954 0.012409 0 
2955 0.038015 0 
2956 0.067539 0 
2957 0.051242 0 
2958 0.035022 0 
2959 0.018785 0 
2960 0.045532 0 
2962 0.141340 0 
2963 0.125572 0 
2964 0.120081 0 
2965 0.128139 0 
2967 0.095381 0 
2968 0.079428 0 
2969 0.063212 0 
2970 0.062496 0 
2972 0.031792 0 
2973 0.048424 0 
2974 0.042605 0 
2975 0.026505 0 
2976 0.021186 0 
2977 0.060605 0 
2979 0.028070 0 
2980 0.027299 0 
2981 0.043730 0 
2982 0.027540 0 
2983 0.011105 0 
2984 0.020869 0 
2985 0.065731 0 
2986 0.049785 0 
2987 0.033565 0 
2989 0.064316 0 
2990 0.048110 0 
2991 0.107597 0 
2992 0.091380 0 
2993 0.075233 0 
2994 0.077361 0 
2995 0.061438 0 
2996 0.045032 0 
2997 0.076982 0 
2998 0.060853 0 
2999 0.044617 0 
3000 0.073617 0 
3001 0.057239 0 
3002 0.041273 0 
3003 0.040003 0 
3004 0.023831 0 
3005 0.044512 0 
3006 0.028332 0 
3007 0.055824 0 
3008 0.039629 0 
3009 0.023519 0 
3010 0.077706 0 
3011 0.061518 0 
3012 0.045260 0 
3013 0.086067 0 
3014 0.069668 0 
3016 0.043081 0 
3017 0.043973 0 
3018 0.027672 0 
3019 0.024870 0 
3020 0.032402 0 
3021 0.016216 0 
3022 0.071141 0 
3023 0.054948 0 
3025 0.029431 0 
3026 0.028740 0 
3027 0.012694 0 
3028 0.025353 0 
3030 0.059156 0 
3032 0.075943 0 
3033 0.070645 0 
3034 0.092299 0 
3035 0.076002 0 
3038 0.071645 0 
3039 0.055429 0 
3040 0.054772 0 
3041 0.038507 0 
3042 0.043134 0 
3043 0.027175 0 
3044 0.033291 0 
3045 0.017535 0 
3046 0.057266 0 
3047 0.041380 0 
3048 0.025455 0 
3049 0.024468 0 
3051 0.051233 0 
3053 0.107577 0 
3054 0.091374 0 
3055 0.075114 0 
3056 0.058873 0 
3057 0.042575 0 
3058 0.036746 0 
3059 0.020321 0 
3061 0.040364 0 
3062 0.068622 0 
3063 0.052180 0 
3064 0.035755 0 
3065 0.019666 0 
3066 0.119674 0 
3067 0.103463 0 
3068 0.087243 0 
3074 0.080705 0 
3075 0.064509 0 
3077 0.064467 0 
3078 0.091436 0 
3079 0.083815 0 
3080 0.067579 0 
3081 0.051270 0 
3082 0.051045 0 
3083 0.034818 0 
3084 0.052479 0 
3085 0.036263 0 
3086 0.020009 0 
3088 0.043767 0 
3090 0.111363 0 
3091 0.095097 0 
3092 0.078837 0 
3093 0.062674 0 
3094 0.046408 0 
3095 0.070486 0 
3096 0.053029 0 
3098 0.042361 0 
3099 0.025939 0 
3100 0.032574 0 
3101 0.025359 0 
3103 0.020312 0 
3105 0.052815 0 
3106 0.036569 0 
3107 0.020447 0 
3109 0.014392 0 
3110 0.051546 0 
3111 0.069482 0 
3113 0.037084 0 
3114 0.039605 0 
3115 0.023410 0 
3116 0.084820 0 
3117 0.068662 0 
3118 0.052426 0 
3119 0.035992 0 
3120 0.019397 0 
3121 0.063736 0 
3122 0.047624 0 
3123 0.031424 0 
3124 0.065385 0 
3125 0.049160 0 
3126 0.033035 0 
3127 0.081231 0 
3128 0.064979 0 
3129 0.048500 0 
3130 0.032262 0 
3132 0.044022 0 
3133 0.027802 0 
3134 0.011575 0 
3135 0.051763 0 
3136 0.035289 0 
3137 0.036126 0 
3138 0.019677 0 
3140 0.124925 0 
3141 0.108491 0 
3142 0.092043 0 
3143 0.075656 0 
3144 0.059193 0 
3145 0.091342 0 
3146 0.075099 0 
3147 0.058841 0 
3148 0.042710 0 
3149 0.026513 0 
3150 0.017456 0 
3151 0.038425 0 
3153 0.072183 0 
3154 0.086619 0 
3155 0.070361 0 
3156 0.158316 0 
3157 0.142098 0 
3158 0.125838 0 
3159 0.109541 0 
3161 0.077157 0 
3162 0.060734 0 
3163 0.082193 0 
3164 0.065557 0 
3166 0.062127 0 
3167 0.045899 0 
3168 0.029744 0 
3169 0.013434 0 
3171 0.067783 0 
3172 0.051481 0 
3173 0.035172 0 
3174 0.019041 0 
3175 0.048811 0 
3176 0.032400 0 
3178 0.054439 0 
3179 0.038204 0 
3180 0.075752 0 
3181 0.059286 0 
3182 0.043202 0 
3183 0.026986 0 
3184 0.010689 0 
3185 0.037080 0 
3186 0.020833 0 
3188 0.092750 0 
3189 0.105054 0 
3190 0.088599 0 
3191 0.072367 0 
3192 0.056093 0 
3193 0.039711 0 
3194 0.023452 0 
3195 0.006852 0 
3196 0.021144 0 
3197 0.044954 0 
3198 0.028894 0 
3199 0.027511 0 
3200 0.024373 0 
3201 0.025877 0 
3202 0.008866 0 
3203 0.098776 0 
3204 0.082526 0 
3205 0.066295 0 
3206 0.050145 0 
3207 0.033927 0 
3208 0.083632 0 
3209 0.067339 0 
3210 0.051208 0 
3211 0.034983 0 
3212 0.036650 0 
3213 0.028636 0 
3215 0.073915 0 
3216 0.087175 0 
3217 0.070937 0 
3218 0.054708 0 
3219 0.064589 0 
3220 0.048349 0 
3221 0.032177 0 
3222 0.050692 0 
3224 0.050282 0 
3225 0.034058 0 
3226 0.017902 0 
3227 0.018294 0 
3229 0.031726 0 
3231 0.081527 0 
3232 0.104772 0 
3233 0.098257 0 
3234 0.081880 0 
3237 0.071446 0 
3238 0.055317 0 
3239 0.044086 0 
3240 0.041039 0 
3241 0.024702 0 
3242 0.032355 0 
3243 0.040165 0 
3244 0.023719 0 
3245 0.101639 0 
3246 0.085460 0 
3247 0.069185 0 
3248 0.052963 0 
3250 0.025660 0 
3252 0.044306 0 
3253 0.035294 0 
3254 0.019112 0 
3255 0.032505 0 
3256 0.016488 0 
3257 0.027583 0 
3258 0.011377 0 
3260 0.025351 0 
3261 0.057903 0 
3262 0.043750 0 
3263 0.050858 0 
3264 0.034629 0 
3265 0.018553 0 
3266 0.050802 0 
3267 0.034603 0 
3268 0.018139 0 
3269 0.039693 0 
3270 0.023203 0 
3271 0.020969 0 
3272 0.039294 0 
3273 0.056983 0 
3274 0.063297 0 
3276 0.039100 0 
3277 0.069091 0 
3278 0.052764 0 
3279 0.036721 0 
3280 0.019802 0 
3281 0.043562 0 
3282 0.027437 0 
3283 0.036140 0 
3284 0.091538 0 
3285 0.075349 0 
3287 0.042902 0 
3289 0.010589 0 
3290 0.037497 0 
3291 0.021295 0 
3292 0.017193 0 
3293 0.045436 0 
3294 0.028391 0 
3295 0.138745 0 
3297 0.106349 0 
3298 0.178975 0 
3299 0.162776 0 
3300 0.146581 0 
3302 0.124167 0 
3304 0.133589 0 
3305 0.117388 0 
3306 0.101259 0 
3308 0.150304 0 
3309 0.134045 0 
3310 0.117788 0 
3312 0.085238 0 
3313 0.069018 0 
3314 0.052774 0 
3315 0.036333 0 
3316 0.045432 0 
3317 0.029387 0 
3318 0.013056 0 
3319 0.054434 0 
3320 0.038298 0 
3321 0.022033 0 
3322 0.033065 0 
3323 0.028605 0 
3324 0.012466 0 
3325 0.026172 0 
3326 0.055005 0 
3327 0.038705 0 
3328 0.064747 0 
3329 0.048521 0 
3331 0.016093 0 
3332 0.017258 0 
3333 0.111034 0 
3334 0.114335 0 
3335 0.098074 0 
3336 0.081913 0 
3337 0.081390 0 
3339 0.049145 0 
3340 0.033084 0 
3341 0.066276 0 
3342 0.049872 0 
3343 0.033668 0 
3344 0.017399 0 
3345 0.050863 0 
3346 0.153813 0 
3347 0.137624 0 
3348 0.121368 0 
3349 0.119357 0 
3350 0.103096 0 
3352 0.070689 0 
3353 0.110073 0 
3354 0.093414 0 
3355 0.077195 0 
3356 0.060926 0 
3357 0.044694 0 
3358 0.042453 0 
3360 0.041085 0 
3361 0.024842 0 
3362 0.054279 0 
3363 0.037959 0 
3365 0.079875 0 
3366 0.063791 0 
3367 0.047572 0 
3368 0.086482 0 
3370 0.053602 0 
3371 0.074253 0 
3372 0.058010 0 
3373 0.041822 0 
3374 0.025651 0 
3375 0.049386 0 
3377 0.016914 0 
3378 0.010227 0 
3379 0.045937 0 
3380 0.029881 0 
3381 0.027812 0 
3382 0.042926 0 
3383 0.026663 0 
3384 0.084650 0 
3385 0.068450 0 
3387 0.088173 0 
3388 0.071941 0 
3389 0.161418 0 
3390 0.145230 0 
3391 0.128980 0 
3392 0.130982 0 
3393 0.114340 0 
3394 0.098772 0 
3395 0.111321 0 
3396 0.095124 0 
3397 0.078367 0 
3398 0.063091 0 
3399 0.051375 0 
3400 0.034906 0 
3401 0.068501 0 
3402 0.052298 0 
3403 0.035965 0 
3404 0.057838 0 
3405 0.100911 0 
3406 0.084635 0 
3407 0.068937 0 
3408 0.052700 0 
3409 0.036426 0 
3410 0.020185 0 
3411 0.008941 0 
3412 0.047926 0 
3414 0.015457 0 
3415 0.063938 0 
3416 0.047962 0 
3417 0.031720 0 
3418 0.030633 0 
3419 0.079744 0 
3420 0.063642 0 
3421 0.047261 0 
3423 0.035962 0 
3424 0.019775 0 
3425 0.035445 0 
3426 0.019443 0 
3428 0.046702 0 
3430 0.034887 0 
3431 0.061877 0 
3432 0.140523 0 
3433 0.124202 0 
3436 0.075562 0 
3437 0.059433 0 
3438 0.043228 0 
3439 0.039335 0 
3440 0.023076 0 
3441 0.036351 0 
3442 0.020128 0 
3443 0.026855 0 
3444 0.075088 0 
3445 0.058896 0 
3446 0.042566 0 
3447 0.026223 0 
3449 0.039212 0 
3451 0.017390 0 
3452 0.046532 0 
3453 0.030509 0 
3454 0.014335 0 
3455 0.020563 0 
3456 0.033080 0 
3457 0.016935 0 
3459 0.073283 0 
3460 0.057034 0 
3461 0.041628 0 
3462 0.045465 0 
3463 0.029221 0 
3464 0.070546 0 
3465 0.054309 0 
3466 0.038008 0 
3467 0.021805 0 
3468 0.054697 0 
3469 0.038201 0 
3470 0.021940 0 
3471 0.071115 0 
3472 0.054874 0 
3473 0.038609 0 
3475 0.118545 0 
3476 0.101773 0 
3477 0.085470 0 
3478 0.069243 0 
3479 0.056102 0 
3480 0.085564 0 
3481 0.069341 0 
3482 0.053177 0 
3483 0.037016 0 
3484 0.033171 0 
3486 0.011865 0 
3488 0.057562 0 
3489 0.116915 0 
3490 0.100679 0 
3491 0.084464 0 
3492 0.068201 0 
3493 0.052024 0 
3494 0.048801 0 
3496 0.070796 0 
3497 0.054467 0 
3498 0.038318 0 
3499 0.028678 0 
3501 0.088996 0 
3503 0.056461 0 
3504 0.040254 0 
3505 0.077125 0 
3507 0.043046 0 
3508 0.069152 0 
3509 0.052628 0 
3511 0.056860 0 
3512 0.040634 0 
3513 0.024405 0 
3514 0.038711 0 
3515 0.098200 0 
3516 0.082665 0 
3517 0.066316 0 
3518 0.050121 0 
3519 0.033880 0 
3520 0.038457 0 
3521 0.022298 0 
3522 0.027498 0 
3523 0.059252 0 
3524 0.043062 0 
3525 0.046197 0 
3526 0.067351 0 
3527 0.051100 0 
3528 0.034738 0 
3530 0.061880 0 
3531 0.045721 0 
3532 0.029475 0 
3533 0.032841 0 
3534 0.016585 0 
3535 0.087625 0 
3536 0.071382 0 
3538 0.092809 0 
3539 0.076906 0 
3540 0.060735 0 
3541 0.044606 0 
3542 0.028128 0 
3543 0.037252 0 
3544 0.021193 0 
3545 0.042654 0 
3546 0.026560 0 
3547 0.080232 0 
3548 0.064203 0 
3549 0.048120 0 
3551 0.024373 0 
3552 0.064784 0 
3553 0.048553 0 
3554 0.109598 0 
3555 0.093418 0 
3556 0.077272 0 
3557 0.061191 0 
3559 0.054024 0 
3560 0.037502 0 
3561 0.141619 0 
3562 0.125281 0 
3564 0.092837 0 
3565 0.076675 0 
3566 0.060222 0 
3567 0.043623 0 
3569 0.028010 0 
3570 0.038980 0 
3571 0.022902 0 
3572 0.006688 0 
3573 0.115460 0 
3574 0.099189 0 
3576 0.066519 0 
3577 0.050306 0 
3578 0.048586 0 
3579 0.032255 0 
3580 0.015962 0 
3581 0.058679 0 
3582 0.042749 0 
3583 0.026648 0 
3584 0.032919 0 
3586 0.037601 0 
3587 0.021278 0 
3588 0.016832 0 
3589 0.034117 0 
3590 0.035163 0 
3591 0.037055 0 
3592 0.046882 0 
3593 0.030665 0 
3594 0.079983 0 
3595 0.063753 0 
3596 0.047525 0 
3597 0.031246 0 
3598 0.014410 0 
3599 0.036965 0 
3600 0.027013 0 
3601 0.010543 0 
3602 0.025510 0 
3603 0.118193 0 
3604 0.101994 0 
3605 0.085522 0 
3606 0.069493 0 
3607 0.059464 0 
3608 0.043022 0 
3609 0.026790 0 
3610 0.010546 0 
3611 0.056933 0 
3613 0.062061 0 
3614 0.045316 0 
3615 0.044369 0 
3616 0.028118 0 
3617 0.035003 0 
3618 0.018789 0 
3619 0.055180 0 
3620 0.038118 0 
3622 0.020809 0 
3623 0.094033 0 
3624 0.077908 0 
3625 0.061770 0 
3627 0.029552 0 
3629 0.067947 0 
3630 0.051339 0 
3631 0.148776 0 
3632 0.132361 0 
3635 0.083229 0 
3636 0.066869 0 
3637 0.064456 0 
3638 0.079424 0 
3639 0.063163 0 
3640 0.046928 0 
3641 0.030778 0 
3642 0.026330 0 
3643 0.009457 0 
3644 0.061221 0 
3645 0.044955 0 
3646 0.074704 0 
3648 0.042198 0 
3650 0.014317 0 
3651 0.023320 0 
3652 0.073104 0 
3653 0.056930 0 
3654 0.040712 0 
3655 0.081162 0 
3656 0.065146 0 
3658 0.045873 0 
3659 0.067221 0 
3660 0.050914 0 
3661 0.034742 0 
3662 0.018297 0 
3663 0.053320 0 
3664 0.037110 0 
3665 0.020896 0 
3666 0.032193 0 
3667 0.015666 0 
3668 0.035892 0 
3669 0.084669 0 
3670 0.068105 0 
3671 0.095999 0 
3672 0.079848 0 
3674 0.083202 0 
3675 0.066619 0 
3676 0.050268 0 
3677 0.052671 0 
3678 0.036752 0 
3679 0.020586 0 
3680 0.062016 0 
3681 0.045749 0 
3682 0.029508 0 
3683 0.013321 0 
3685 0.043133 0 
3687 0.010726 0 
3688 0.105094 0 
3689 0.088877 0 
3690 0.072639 0 
3691 0.056406 0 
3692 0.091182 0 
3693 0.074908 0 
3695 0.087600 0 
3696 0.071347 0 
3697 0.055103 0 
3698 0.038839 0 
3700 0.121490 0 
3702 0.089026 0 
3703 0.072778 0 
3704 0.056334 0 
3706 0.023938 0 
3707 0.056185 0 
3708 0.039847 0 
3710 0.011187 0 
3711 0.050602 0 
3712 0.034504 0 
3713 0.018260 0 
3714 0.062736 0 
3715 0.046510 0 
3716 0.027110 0 
3717 0.074708 0 
3718 0.083644 0 
3719 0.067664 0 
3720 0.051733 0 
3721 0.044673 0 
3722 0.043191 0 
3723 0.026565 0 
3724 0.010505 0 
3725 0.064706 0 
3726 0.048503 0 
3727 0.032365 0 
3729 0.055283 0 
3730 0.113858 0 
3731 0.097630 0 
3732 0.081484 0 
3733 0.105601 0 
3734 0.089153 0 
3735 0.116093 0 
3737 0.083549 0 
3738 0.067353 0 
3739 0.051186 0 
3740 0.034815 0 
3741 0.018761 0 
3742 0.037836 0 
3743 0.021714 0 
3744 0.048409 0 
3745 0.031807 0 
3746 0.015789 0 
3747 0.012738 0 
3748 0.034904 0 
3750 0.084505 0 
3751 0.123925 0 
3752 0.107725 0 
3753 0.091303 0 
3754 0.075174 0 
3755 0.058753 0 
3756 0.042842 0 
3758 0.066261 0 
3759 0.050189 0 
3760 0.033879 0 
3761 0.059308 0 
3763 0.061200 0 
3764 0.045015 0 
3765 0.028805 0 
3766 0.038226 0 
3768 0.021106 0 
3769 0.058839 0 
3770 0.042699 0 
3771 0.026500 0 
3772 0.166178 0 
3773 0.150031 0 
3775 0.117542 0 
3776 0.111982 0 
3777 0.095727 0 
3778 0.079567 0 
3779 0.063376 0 
3780 0.047240 0 
3781 0.030943 0 
3782 0.056530 0 
3783 0.040314 0 
3785 0.084394 0 
3786 0.068141 0 
3787 0.052010 0 
3788 0.035771 0 
3789 0.047317 0 
3790 0.030599 0 
3791 0.014793 0 
3792 0.047662 0 
3793 0.031488 0 
3794 0.033696 0 
3795 0.045407 0 
3796 0.029214 0 
3797 0.015694 0 
3798 0.042463 0 
3799 0.068885 0 
3800 0.052623 0 
3801 0.235242 0 
3802 0.219063 0 
3803 0.202774 0 
3804 0.186560 0 
3805 0.170267 0 
3806 0.154007 0 
3807 0.137589 0 
3808 0.121345 0 
3809 0.104960 0 
3810 0.088713 0 
3812 0.105272 0 
3813 0.088943 0 
3814 0.109855 0 
3815 0.093632 0 
3816 0.077466 0 
3817 0.061043 0 
3818 0.044898 0 
3819 0.107482 0 
3821 0.074871 0 
3822 0.058597 0 
3823 0.042417 0 
3824 0.026224 0 
3826 0.054527 0 
3828 0.052618 0 
3829 0.045378 0 
3830 0.041163 0 
3831 0.025027 0 
3834 0.053021 0 
3835 0.036847 0 
3836 0.025491 0 
3837 0.049263 0 
3838 0.033216 0 
3839 0.039123 0 
3840 0.022836 0 
3841 0.011382 0 
3842 0.034358 0 
3843 0.033591 0 
3844 0.039737 0 
3845 0.049109 0 
3847 0.073473 0 
3849 0.040962 0 
3850 0.024690 0 
3851 0.055061 0 
3852 0.038931 0 
3853 0.051078 0 
3854 0.036087 0 
3855 0.019646 0 
3857 0.023811 0 
3858 0.054005 0 
3859 0.037810 0 
3860 0.021562 0 
3861 0.049926 0 
3862 0.045340 0 
3863 0.060616 0 
3864 0.044435 0 
3865 0.047495 0 
3866 0.031829 0 
3867 0.028358 0 
3868 0.092169 0 
3869 0.075939 0 
3870 0.059705 0 
3871 0.139663 0 
3873 0.157585 0 
3874 0.171394 0 
3875 0.155082 0 
3876 0.138955 0 
3877 0.122715 0 
3878 0.106447 0 
3879 0.098497 0 
3880 0.082199 0 
3881 0.066021 0 
3882 0.049784 0 
3884 0.017285 0 
3886 0.078479 0 
3887 0.062285 0 
3888 0.046063 0 
3889 0.029875 0 
3890 0.106174 0 
3891 0.089863 0 
3892 0.073495 0 
3894 0.071656 0 
3895 0.055600 0 
3896 0.039368 0 
3897 0.023239 0 
3899 0.078434 0 
3901 0.065487 0 
3902 0.054508 0 
3903 0.068577 0 
3905 0.036809 0 
3906 0.035951 0 
3907 0.019683 0 
3909 0.034980 0 
3910 0.039717 0 
3911 0.023558 0 
3912 0.007357 0 
3913 0.021764 0 
3914 0.040930 0 
3915 0.036996 0 
3916 0.078696 0 
3917 0.062606 0 
3918 0.046471 0 
3919 0.030246 0 
3920 0.037040 0 
3921 0.064334 0 
3922 0.048084 0 
3923 0.048083 0 
3924 0.031835 0 
3925 0.078380 0 
3926 0.062122 0 
3928 0.076750 0 
3929 0.060496 0 
3930 0.044350 0 
3931 0.107983 0 
3932 0.091972 0 
3933 0.075850 0 
3934 0.059564 0 
3936 0.027049 0 
3937 0.066089 0 
3938 0.049876 0 
3939 0.081200 0 
3940 0.065055 0 
3941 0.048853 0 
3942 0.032508 0 
3943 0.016288 0 
3944 0.075264 0 
3945 0.059085 0 
3946 0.042331 0 
3947 0.051109 0 
3949 0.018757 0 
3950 0.088634 0 
3951 0.072356 0 
3952 0.056015 0 
3953 0.039787 0 
3954 0.023526 0 
3955 0.076644 0 
3957 0.044209 0 
3958 0.168226 0 
3959 0.151768 0 
3960 0.135499 0 
3962 0.103074 0 
3963 0.087031 0 
3964 0.070878 0 
3965 0.117203 0 
3967 0.084644 0 
3968 0.068325 0 
3969 0.067604 0 
3970 0.050865 0 
3971 0.034671 0 
3972 0.018198 0 
3974 0.043365 0 
3975 0.027180 0 
3976 0.045332 0 
3977 0.028960 0 
3978 0.071075 0 
3979 0.055132 0 
3980 0.038907 0 
3981 0.022753 0 
3982 0.027289 0 
3984 0.033784 0 
3985 0.043752 0 
3986 0.027812 0 
3987 0.056625 0 
3988 0.075118 0 
3989 0.058811 0 
3990 0.042589 0 
3991 0.134138 0 
3992 0.117937 0 
3993 0.101619 0 
3994 0.085432 0 
3995 0.069311 0 
3996 0.088222 0 
3997 0.071976 0 
3998 0.055738 0 
3999 0.039526 0 
4000 0.023196 0 
4001 0.041564 0 
4002 0.026917 0 
4003 0.027982 0 
4004 0.024473 0 
4005 0.037813 0 
4006 0.052946 0 
4007 0.036724 0 
4008 0.020422 0 
4009 0.070918 0 
4011 0.038289 0 
4012 0.033900 0 
4013 0.021701 0 
4014 0.078881 0 
4015 0.062653 0 
4016 0.046551 0 
4017 0.036842 0 
4018 0.020646 0 
4020 0.088125 0 
4021 0.071979 0 
4022 0.054829 0 
4023 0.038875 0 
4025 0.006571 0 
4027 0.034564 0 
4028 0.029152 0 
4029 0.099048 0 
4030 0.082837 0 
4033 0.067732 0 
4034 0.051489 0 
4035 0.035257 0 
4036 0.103822 0 
4037 0.087669 0 
4038 0.071472 0 
4039 0.055232 0 
4040 0.038887 0 
4041 0.069949 0 
4042 0.053772 0 
4043 0.037565 0 
4044 0.021246 0 
4046 0.030100 0 
4048 0.101905 0 
4049 0.085256 0 
4050 0.069037 0 
4051 0.052810 0 
4052 0.036510 0 
4053 0.083084 0 
4054 0.066888 0 
4056 0.036858 0 
4057 0.043825 0 
4058 0.051791 0 
4059 0.035752 0 
4060 0.131306 0 
4061 0.115169 0 
4062 0.098982 0 
4063 0.082822 0 
4064 0.066649 0 
4065 0.050377 0 
4066 0.038559 0 
4067 0.022359 0 
4068 0.006288 0 
4069 0.038770 0 
4070 0.022585 0 
4072 0.045840 0 
4073 0.093957 0 
4074 0.077702 0 
4075 0.061432 0 
4076 0.044942 0 
4077 0.028556 0 
4078 0.025635 0 
4079 0.022193 0 
4080 0.008767 0 
4081 0.019050 0 
4083 0.027282 0 
4085 0.040778 0 
4086 0.024628 0 
4087 0.015924 0 
4088 0.064199 0 
4089 0.047978 0 
4090 0.058018 0 
4091 0.041795 0 
4093 0.017835 0 
4094 0.087009 0 
4095 0.070705 0 
4096 0.054306 0 
4098 0.063105 0 
4100 0.030708 0 
4101 0.014543 0 
4102 0.102761 0 
4104 0.070105 0 
4105 0.151185 0 
4106 0.134735 0 
4108 0.102342 0 
4109 0.085978 0 
4110 0.069613 0 
4111 0.053649 0 
4112 0.037498 0 
4113 0.043729 0 
4114 0.031255 0 
4115 0.048466 0 
4116 0.044628 0 
4117 0.028522 0 
4118 0.012351 0 
4119 0.069390 0 
4120 0.053283 0 
4121 0.037061 0 
4122 0.020747 0 
4123 0.019848 0 
4124 0.056683 0 
4125 0.049819 0 
4127 0.080353 0 
4128 0.084052 0 
4129 0.068535 0 
4130 0.052227 0 
4131 0.084860 0 
4132 0.068909 0 
4133 0.065570 0 
4135 0.033412 0 
4136 0.017287 0 
4137 0.024168 0 
4138 0.024487 0 
4139 0.014256 0 
4140 0.107853 0 
4141 0.105866 0 
4142 0.089636 0 
4143 0.086452 0 
4144 0.070343 0 
4145 0.054137 0 
4146 0.049065 0 
4148 0.086257 0 
4149 0.069654 0 
4150 0.053338 0 
4151 0.053786 0 
4152 0.037519 0 
4153 0.042675 0 
4154 0.026464 0 
4156 0.019660 0 
4157 0.050479 0 
4158 0.034154 0 
4159 0.017856 0 
4161 0.013555 0 
4162 0.053382 0 
4163 0.037083 0 
4164 0.020938 0 
4166 0.040773 0 
4167 0.025560 0 
4168 0.054904 0 
4169 0.038696 0 
4170 0.022584 0 
4171 0.051597 0 
4173 0.090864 0 
4174 0.074669 0 
4175 0.058321 0 
4176 0.037587 0 
4177 0.021369 0 
4178 0.014866 0 
4179 0.049719 0 
4180 0.033579 0 
4181 0.066092 0 
4183 0.099393 0 
4184 0.091672 0 
4185 0.074594 0 
4186 0.058712 0 
4187 0.042473 0 
4188 0.026275 0 
4189 0.017613 0 
4190 0.043593 0 
4191 0.047558 0 
4192 0.030813 0 
4193 0.052068 0 
4194 0.118253 0 
4195 0.101762 0 
4196 0.085294 0 
4197 0.069021 0 
4198 0.052831 0 
4199 0.036332 0 
4200 0.068281 0 
4201 0.051849 0 
4202 0.035930 0 
4203 0.055097 0 
4204 0.039317 0 
4205 0.109438 0 
4206 0.093617 0 
4207 0.077183 0 
4208 0.061133 0 
4210 0.028565 0 
4211 0.064725 0 
4212 0.048515 0 
4213 0.032319 0 
4214 0.016097 0 
4215 0.071398 0 
4216 0.130465 0 
4217 0.114246 0 
4219 0.081735 0 
4220 0.065365 0 
4221 0.048527 0 
4222 0.032554 0 
4224 0.013867 0 
4226 0.011924 0 
4227 0.097206 0 
4228 0.080753 0 
4229 0.063459 0 
4232 0.023622 0 
4233 0.033651 0 
4234 0.100567 0 
4235 0.083595 0 
4236 0.067296 0 
4237 0.051097 0 
4238 0.034918 0 
4239 0.038627 0 
4240 0.022300 0 
4241 0.041699 0 
4242 0.025733 0 
4243 0.022860 0 
4245 0.031891 0 
4247 0.024046 0 
4248 0.087389 0 
4249 0.071201 0 
4250 0.055025 0 
4251 0.050126 0 
4252 0.033905 0 
4253 0.017792 0 
4255 0.088170 0 
4256 0.071972 0 
4257 0.057862 0 
4258 0.141701 0 
4259 0.125517 0 
4260 0.109253 0 
4261 0.093036 0 
4262 0.076856 0 
4263 0.060349 0 
4264 0.044163 0 
4265 0.081320 0 
4266 0.064849 0 
4267 0.048772 0 
4268 0.032530 0 
4269 0.075239 0 
4271 0.042701 0 
4272 0.068588 0 
4273 0.052356 0 
4274 0.036199 0 
4275 0.020067 0 
4276 0.007540 0 
4277 0.055237 0 
4278 0.039053 0 
4279 0.022829 0 
4280 0.038899 0 
4282 0.017818 0 
4284 0.017368 0 
4285 0.019413 0 
4286 0.020729 0 
4287 0.059051 0 
4288 0.042863 0 
4289 0.026577 0 
4290 0.014318 0 
4292 0.015352 0 
4293 0.019279 0 
4294 0.065623 0 
4295 0.049508 0 
4297 0.021829 0 
4299 0.047433 0 
4300 0.031642 0 
4301 0.079208 0 
4303 0.046690 0 
4304 0.085771 0 
4305 0.069602 0 
4307 0.094557 0 
4308 0.078564 0 
4309 0.062307 0 
4310 0.046052 0 
4311 0.029962 0 
4312 0.034905 0 
4313 0.018706 0 
4314 0.054742 0 
4315 0.038510 0 
4316 0.022263 0 
4317 0.017737 0 
4318 0.073663 0 
4319 0.057444 0 
4320 0.070529 0 
4321 0.054270 0 
4322 0.046323 0 
4323 0.029971 0 
4324 0.022644 0 
4326 0.059617 0 
4327 0.143645 0 
4328 0.127306 0 
4329 0.111170 0 
4330 0.094893 0 
4331 0.078606 0 
4332 0.062286 0 
4334 0.029933 0 
4335 0.013712 0 
4336 0.050054 0 
4337 0.033838 0 
4338 0.017661 0 
4339 0.045736 0 
4340 0.029542 0 
4341 0.061911 0 
4342 0.045619 0 
4343 0.029428 0 
4344 0.019920 0 
4345 0.063833 0 
4347 0.031499 0 
4348 0.015292 0 
4349 0.021977 0 
4350 0.031469 0 
4351 0.015285 0 
4352 0.042209 0 
4353 0.026750 0 
4355 0.063952 0 
4356 0.081713 0 
4357 0.065420 0 
4358 0.048854 0 
4360 0.016660 0 
4361 0.015225 0 
4362 0.027204 0 
4363 0.042984 0 
4365 0.141346 0 
4366 0.125161 0 
4367 0.108714 0 
4368 0.093013 0 
4369 0.076946 0 
4370 0.060985 0 
4372 0.028144 0 
4373 0.037839 0 
4374 0.021250 0 
4375 0.037843 0 
4376 0.021626 0 
4377 0.032505 0 
4378 0.016226 0 
4379 0.113259 0 
4380 0.151941 0 
4382 0.119555 0 
4383 0.153899 0 
4384 0.137625 0 
4385 0.121390 0 
4386 0.105158 0 
4387 0.088978 0 
4388 0.072684 0 
4389 0.056540 0 
4390 0.076636 0 
4391 0.060367 0 
4392 0.044235 0 
4393 0.038591 0 
4394 0.038182 0 
4395 0.021299 0 
4396 0.042147 0 
4397 0.038795 0 
4398 0.022498 0 
4399 0.048107 0 
4400 0.031912 0 
4401 0.035314 0 
4402 0.041889 0 
4403 0.025697 0 
4404 0.054379 0 
4405 0.038098 0 
4406 0.094730 0 
4407 0.077832 0 
4409 0.045295 0 
4410 0.028991 0 
4411 0.024670 0 
4412 0.026244 0 
4413 0.032535 0 
4414 0.016516 0 
4415 0.043400 0 
4416 0.027296 0 
4418 0.050984 0 
4419 0.034686 0 
4420 0.018707 0 
4421 0.056901 0 
4423 0.075739 0 
4425 0.057975 0 
4426 0.122640 0 
4427 0.129160 0 
4428 0.112815 0 
4431 0.164515 0 
4432 0.148283 0 
4433 0.131951 0 
4434 0.115680 0 
4435 0.099388 0 
4436 0.187196 0 
4439 0.182951 0 
4440 0.166737 0 
4441 0.245891 0 
4442 0.229455 0 
4444 0.196908 0 
4446 0.164327 0 
4447 0.148107 0 
4448 0.131880 0 
4449 0.142151 0 
4450 0.125993 0 
4451 0.109751 0 
4452 0.093576 0 
4454 0.061061 0 
4455 0.044863 0 
4456 0.028578 0 
4457 0.011825 0 
4458 0.026318 0 
4459 0.017523 0 
4460 0.096193 0 
4461 0.080082 0 
4462 0.063856 0 
4463 0.047547 0 
4464 0.031389 0 
4465 0.046232 0 
4466 0.048487 0 
4467 0.032415 0 
4468 0.100996 0 
4470 0.093863 0 
4471 0.149327 0 
4472 0.132887 0 
4473 0.116555 0 
4474 0.100383 0 
4475 0.083984 0 
4476 0.067189 0 
4477 0.050949 0 
4478 0.034806 0 
4479 0.053788 0 
4481 0.021282 0 
4483 0.047495 0 
4484 0.041848 0 
4485 0.025404 0 
4486 0.073802 0 
4487 0.139818 0 
4488 0.123352 0 
4489 0.162323 0 
4491 0.129693 0 
4492 0.113474 0 
4493 0.097299 0 
4494 0.081153 0 
4496 0.048578 0 
4498 0.087594 0 
4499 0.071383 0 
4500 0.055278 0 
4502 0.065672 0 
4503 0.049354 0 
4504 0.032930 0 
4506 0.046154 0 
4507 0.030054 0 
4508 0.037832 0 
4509 0.021605 0 
4510 0.107105 0 
4511 0.224289 0 
4512 0.208209 0 
4513 0.191939 0 
4514 0.175637 0 
4515 0.159405 0 
4516 0.143116 0 
4517 0.126788 0 
4518 0.112939 0 
4519 0.096838 0 
4520 0.080273 0 
4521 0.064000 0 
4522 0.047867 0 
4523 0.031593 0 
4525 0.066264 0 
4526 0.050087 0 
4527 0.033833 0 
4528 0.069285 0 
4529 0.052985 0 
4530 0.036646 0 
4531 0.024830 0 
4533 0.026232 0 
4534 0.027304 0 
4535 0.042636 0 
4536 0.042833 0 
4537 0.026536 0 
4538 0.068446 0 
4539 0.052185 0 
4540 0.068698 0 
4541 0.052493 0 
4542 0.035979 0 
4543 0.019805 0 
4544 0.039983 0 
4546 0.023249 0 
4547 0.033205 0 
4548 0.017018 0 
4549 0.048266 0 
4550 0.032059 0 
4551 0.015838 0 
4552 0.072829 0 
4554 0.040313 0 
4555 0.043490 0 
4556 0.078210 0 
4557 0.061940 0 
4559 0.029431 0 
4560 0.124724 0 
4561 0.108513 0 
4562 0.138889 0 
4564 0.106453 0 
4565 0.090104 0 
4566 0.073958 0 
4567 0.057716 0 
4568 0.041568 0 
4569 0.032653 0 
4571 0.007849 0 
4572 0.033217 0 
4573 0.078954 0 
4574 0.085203 0 
4575 0.068802 0 
4576 0.052485 0 
4577 0.036409 0 
4578 0.083942 0 
4579 0.063622 0 
4581 0.031333 0 
4582 0.049454 0 
4583 0.033255 0 
4584 0.017103 0 
4585 0.108378 0 
4586 0.092189 0 
4587 0.075956 0 
4588 0.059746 0 
4589 0.043431 0 
4590 0.026950 0 
4591 0.028213 0 
4592 0.011954 0 
4593 0.042795 0 
4594 0.026604 0 
4595 0.010379 0 
4596 0.020214 0 
4597 0.071492 0 
4598 0.055535 0 
4599 0.039354 0 
4600 0.023096 0 
4601 0.056732 0 
4602 0.040413 0 
4603 0.122153 0 
4604 0.105989 0 
4605 0.089625 0 
4606 0.073468 0 
4608 0.040784 0 
4609 0.065061 0 
4610 0.048843 0 
4611 0.032660 0 
4612 0.083362 0 
4613 0.092241 0 
4614 0.075625 0 
4615 0.059397 0 
4617 0.032526 0 
4618 0.016296 0 
4619 0.051577 0 
4620 0.035444 0 
4622 0.071867 0 
4624 0.086619 0 
4625 0.070221 0 
4626 0.103626 0 
4627 0.087659 0 
4630 0.038912 0 
4631 0.022686 0 
4632 0.096207 0 
4633 0.079976 0 
4634 0.063870 0 
4635 0.047653 0 
4636 0.047497 0 
4637 0.031374 0 
4638 0.015109 0 
4639 0.051175 0 
4640 0.034897 0 
4641 0.048977 0 
4643 0.016602 0 
4645 0.055746 0 
4646 0.058081 0 
4647 0.041848 0 
4648 0.025717 0 
4649 0.083275 0 
4650 0.067014 0 
4651 0.050588 0 
4653 0.040974 0 
4654 0.034131 0 
4655 0.017954 0 
4656 0.038731 0 
4657 0.022607 0 
4658 0.018569 0 
4659 0.081522 0 
4660 0.065326 0 
4661 0.104702 0 
4662 0.088471 0 
4663 0.071896 0 
4664 0.055631 0 
4665 0.039364 0 
4666 0.084424 0 
4667 0.068323 0 
4669 0.103865 0 
4670 0.148219 0 
4671 0.131960 0 
4672 0.114701 0 
4673 0.099457 0 
4674 0.083189 0 
4675 0.066845 0 
4676 0.050883 0 
4677 0.034560 0 
4678 0.028579 0 
4680 0.062984 0 
4682 0.030567 0 
4683 0.054448 0 
4684 0.038415 0 
4685 0.022132 0 
4686 0.013000 0 
4687 0.076039 0 
4688 0.059979 0 
4690 0.026933 0 
4691 0.072778 0 
4692 0.056581 0 
4693 0.040418 0 
4695 0.027813 0 
4697 0.016239 0 
4698 0.015368 0 
4699 0.054737 0 
4701 0.035590 0 
4702 0.027390 0 
4703 0.034548 0 
4705 0.099271 0 
4706 0.083087 0 
4707 0.066821 0 
4708 0.057193 0 
4709 0.040843 0 
4710 0.075799 0 
4711 0.059541 0 
4712 0.043350 0 
4713 0.067230 0 
4714 0.051020 0 
4715 0.034940 0 
4716 0.018483 0 
4717 0.064163 0 
4718 0.047968 0 
4719 0.031711 0 
4720 0.050423 0 
4721 0.124896 0 
4722 0.108673 0 
4724 0.074345 0 
4725 0.058336 0 
4726 0.042135 0 
4727 0.025763 0 
4728 0.066490 0 
4729 0.054910 0 
4730 0.083056 0 
4732 0.050631 0 
4733 0.034514 0 
4734 0.018241 0 
4735 0.093545 0 
4736 0.077221 0 
4737 0.121658 0 
4738 0.105419 0 
4739 0.089180 0 
4740 0.088868 0 
4741 0.072280 0 
4742 0.055341 0 
4743 0.039326 0 
4745 0.044325 0 
4746 0.028217 0 
4747 0.080723 0 
4748 0.064390 0 
4749 0.049571 0 
4750 0.033375 0 
4751 0.024355 0 
4753 0.062979 0 
4754 0.046713 0 
4755 0.030346 0 
4756 0.047605 0 
4758 0.049023 0 
4759 0.032854 0 
4760 0.023360 0 
4761 0.022592 0 
4763 0.116612 0 
4764 0.099999 0 
4765 0.083732 0 
4766 0.067306 0 
4767 0.051317 0 
4768 0.033823 0 
4770 0.092587 0 
4771 0.076121 0 
4772 0.059798 0 
4773 0.043683 0 
4774 0.027538 0 
4775 0.082377 0 
4776 0.066023 0 
4777 0.049930 0 
4778 0.073143 0 
4780 0.040713 0 
4781 0.095752 0 
4782 0.079645 0 
4783 0.063348 0 
4784 0.122020 0 
4785 0.105848 0 
4786 0.089618 0 
4787 0.073390 0 
4788 0.057115 0 
4789 0.040773 0 
4790 0.024577 0 
4791 0.087437 0 
4792 0.071238 0 
4793 0.054882 0 
4794 0.038667 0 
4795 0.022426 0 
4796 0.053595 0 
4797 0.037342 0 
4798 0.021175 0 
4799 0.046445 0 
4800 0.030276 0 
4801 0.014046 0 
4802 0.049986 0 
4803 0.033938 0 
4804 0.030568 0 
4805 0.028164 0 
4807 0.066682 0 
4808 0.127369 0 
4809 0.111071 0 
4810 0.116521 0 
4811 0.100257 0 
4812 0.084109 0 
4813 0.067207 0 
4814 0.051567 0 
4816 0.058231 0 
4817 0.047370 0 
4818 0.031256 0 
4819 0.015095 0 
4821 0.056738 0 
4823 0.116423 0 
4824 0.132159 0 
4825 0.135099 0 
4826 0.154407 0 
4829 0.105681 0 
4830 0.089322 0 
4831 0.073085 0 
4832 0.056817 0 
4833 0.040490 0 
4834 0.083060 0 
4835 0.142984 0 
4836 0.126605 0 
4837 0.148861 0 
4838 0.132760 0 
4839 0.116552 0 
4840 0.100254 0 
4842 0.067814 0 
4844 0.052353 0 
4845 0.094206 0 
4846 0.119874 0 
4847 0.103689 0 
4848 0.087553 0 
4849 0.071330 0 
4850 0.055123 0 
4852 0.036711 0 
4853 0.070161 0 
4854 0.053783 0 
4855 0.057458 0 
4856 0.041250 0 
4857 0.025158 0 
4858 0.060289 0 
4859 0.061080 0 
4860 0.044804 0 
4861 0.028523 0 
4862 0.019782 0 
4863 0.048912 0 
4864 0.032813 0 
4865 0.026172 0 
4866 0.031269 0 
4868 0.060261 0 
4869 0.043936 0 
4870 0.040548 0 
4871 0.026239 0 
4872 0.021920 0 
4873 0.109346 0 
4874 0.183618 0 
4875 0.167506 0 
4876 0.151307 0 
4877 0.142120 0 
4879 0.151962 0 
4881 0.118818 0 
4882 0.103116 0 
4883 0.086996 0 
4884 0.069637 0 
4885 0.053469 0 
4886 0.037203 0 
4887 0.020942 0 
4889 0.031392 0 
4890 0.015164 0 
4891 0.058112 0 
4892 0.041900 0 
4894 0.049727 0 
4896 0.017530 0 
4897 0.030320 0 
4898 0.013423 0 
4900 0.043882 0 
4901 0.027391 0 
4902 0.011173 0 
4904 0.044766 0 
4905 0.028526 0 
4906 0.031476 0 
4907 0.046544 0 
4908 0.070942 0 
4909 0.054642 0 
4910 0.037977 0 
4911 0.022209 0 
4912 0.044967 0 
4913 0.028844 0 
4914 0.030765 0 
4915 0.043907 0 
4916 0.027817 0 
4917 0.011586 0 
4918 0.063574 0 
4919 0.069143 0 
4920 0.052938 0 
4921 0.036909 0 
4923 0.043424 0 
4924 0.027323 0 
4925 0.100629 0 
4926 0.084407 0 
4927 0.068109 0 
4928 0.051472 0 
4929 0.035449 0 
4931 0.046551 0 
4932 0.030306 0 
4933 0.027770 0 
4934 0.033146 0 
4935 0.039607 0 
4936 0.023074 0 
4937 0.068287 0 
4938 0.052114 0 
4939 0.035802 0 
4940 0.064000 0 
4941 0.047587 0 
4942 0.045438 0 
4944 0.069864 0 
4945 0.053569 0 
4946 0.037127 0 
4947 0.020575 0 
4948 0.016540 0 
4949 0.054510 0 
4950 0.038080 0 
4952 0.026646 0 
4953 0.056378 0 
4954 0.068080 0 
4955 0.051783 0 
4957 0.019315 0 
4958 0.010793 0 
4959 0.032166 0 
4960 0.015932 0 
4962 0.008310 0 
4963 0.062653 0 
4964 0.046734 0 
4965 0.039320 0 
4966 0.023078 0 
4967 0.006971 0 
4969 0.047995 0 
4970 0.031709 0 
4971 0.015354 0 
4972 0.021939 0 
4973 0.050204 0 
4974 0.033989 0 
4975 0.084137 0 
4976 0.068480 0 
4977 0.052643 0 
4979 0.028752 0 
4980 0.039599 0 
4981 0.023339 0 
4982 0.039689 0 
4983 0.023477 0 
4984 0.015913 0 
4985 0.045047 0 
4986 0.028826 0 
4987 0.049380 0 
4988 0.033226 0 
4989 0.041682 0 
4990 0.067355 0 
4991 0.051123 0 
4992 0.108207 0 
4993 0.092701 0 
4994 0.076543 0 
4995 0.060324 0 
4996 0.044157 0 
4997 0.047039 0 
4998 0.031013 0 
4999 0.062568 0 
5000 0.046368 0 
5001 0.030244 0 
5002 0.036800 0 
5003 0.025439 0 
5004 0.009359 0 
5006 0.038989 0 
5007 0.040352 0 
5008 0.024108 0 
5009 0.011283 0 
5010 0.059210 0 
5011 0.043118 0 
5012 0.026677 0 
5013 0.023950 0 
5015 0.037925 0 
5016 0.022124 0 
5017 0.060979 0 
5018 0.044557 0 
5020 0.034348 0 
5022 0.033592 0 
5023 0.035633 0 
5024 0.058155 0 
5025 0.041733 0 
5028 0.016312 0 
5029 0.057272 0 
5030 0.061725 0 
5031 0.074558 0 
5032 0.058137 0 
5033 0.042025 0 
5034 0.025436 0 
5035 0.016713 0 
5036 0.043767 0 
5037 0.027556 0 
5038 0.011120 0 
5039 0.040584 0 
5041 0.018075 0 
5043 0.028445 0 
5044 0.061195 0 
5045 0.045000 0 
5046 0.028597 0 
5047 0.012545 0 
5048 0.019540 0 
5049 0.112469 0 
5051 0.080049 0 
5052 0.063544 0 
5053 0.047259 0 
5054 0.031097 0 
5055 0.043397 0 
5056 0.027182 0 
5057 0.051322 0 
5058 0.087834 0 
5059 0.071592 0 
5060 0.085593 0 
5061 0.069078 0 
5062 0.054160 0 
5064 0.167072 0 
5065 0.150455 0 
5067 0.118177 0 
5068 0.101775 0 
5069 0.085599 0 
5070 0.069330 0 
5071 0.052441 0 
5072 0.036130 0 
5073 0.019971 0 
5074 0.044048 0 
5075 0.027857 0 
5076 0.030084 0 
5078 0.055119 0 
5080 0.031136 0 
5081 0.020553 0 
5082 0.048163 0 
5083 0.032047 0 
5084 0.044812 0 
5085 0.028599 0 
5086 0.054336 0 
5088 0.062167 0 
5089 0.045799 0 
5090 0.029585 0 
5091 0.013419 0 
5093 0.027628 0 
5095 0.017897 0 
5096 0.076363 0 
5097 0.060268 0 
5099 0.114446 0 
5100 0.098397 0 
5101 0.082296 0 
5103 0.050129 0 
5104 0.033896 0 
5105 0.038661 0 
5106 0.089685 0 
5107 0.073431 0 
5108 0.057128 0 
5109 0.040881 0 
5110 0.088501 0 
5111 0.072308 0 
5112 0.085739 0 
5113 0.069577 0 
5114 0.053075 0 
5115 0.037063 0 
5116 0.042588 0 
5117 0.026380 0 
5118 0.099525 0 
5119 0.083446 0 
5120 0.066112 0 
5122 0.033817 0 
5123 0.121551 0 
5124 0.105374 0 
5125 0.089121 0 
5126 0.072826 0 
5127 0.084862 0 
5128 0.075589 0 
5130 0.043177 0 
5131 0.065588 0 
5132 0.049327 0 
5133 0.033083 0 
5134 0.011850 0 
5135 0.084385 0 
5136 0.068186 0 
5137 0.052181 0 
5138 0.035913 0 
5139 0.060693 0 
5140 0.044776 0 
5141 0.028572 0 
5143 0.055099 0 
5144 0.038838 0 
5145 0.061376 0 
5146 0.045080 0 
5147 0.028969 0 
5148 0.084624 0 
5149 0.068425 0 
5151 0.054242 0 
5152 0.037997 0 
5153 0.021700 0 
5154 0.046532 0 
5156 0.014163 0 
5157 0.011900 0 
5158 0.013211 0 
5159 0.039077 0 
5161 0.035151 0 
5162 0.077218 0 
5163 0.061049 0 
5164 0.044836 0 
5165 0.064391 0 
5166 0.047996 0 
5168 0.110187 0 
5169 0.093966 0 
5170 0.077664 0 
5171 0.061198 0 
5172 0.044967 0 
5173 0.028699 0 
5174 0.039289 0 
5175 0.037610 0 
5176 0.021190 0 
5178 0.026737 0 
5179 0.094411 0 
5180 0.078213 0 
5181 0.062074 0 
5182 0.045616 0 
5183 0.029454 0 
5184 0.038405 0 
5185 0.022234 0 
5186 0.026125 0 
5187 0.057566 0 
5188 0.041349 0 
5189 0.025168 0 
5190 0.012591 0 
5191 0.013273 0 
5192 0.022428 0 
5193 0.023740 0 
5194 0.022819 0 
5195 0.015208 0 
5196 0.008845 0 
5197 0.009085 0 
5198 0.018505 0 
5199 0.011092 0 
5200 0.008873 0 
5201 0.016175 0 
5202 0.017156 0 
5203 0.012917 0 
5205 0.023411 0 
5206 0.007261 0 
5207 0.011136 0 
5208 0.014526 0 
5209 0.021349 0 
5210 0.031010 0 
5211 0.096354 0 
5212 0.080107 0 
5214 0.047472 0 
5215 0.031182 0 
5216 0.016331 0 
5217 0.022712 0 
5219 0.065942 0 
5221 0.033231 0 
5222 0.026537 0 
5223 0.021775 0 
5224 0.020510 0 
5227 0.007947 0 
5228 0.007185 0 
5229 0.009281 0 
5230 0.029769 0 
5231 0.014172 0 
5232 0.011512 0 
5233 0.005666 0 
5234 0.008825 0 
5235 0.006315 0 
5236 0.008677 0 
5237 0.005775 0 
5238 0.005549 0 
5240 0.021645 0 
5242 0.013092 0 
5243 0.026924 0 
5244 0.066849 0 
5245 0.051133 0 
5246 0.034905 0 
5247 0.036782 0 
5248 0.028463 0 
5250 0.018111 0 
5251 0.029363 0 
5252 0.014386 0 
5253 0.010818 0 
5254 0.007868 0 
5255 0.007157 0 
5256 0.006636 0 
5257 0.007339 0 
5258 0.016707 0 
5259 0.009115 0 
5260 0.005986 0 
5261 0.009321 0 
5262 0.008060 0 
5263 0.011272 0 
5264 0.007789 0 
5266 0.011015 0 
5267 0.010026 0 
5268 0.010885 0 
5269 0.012602 0 
5270 0.005782 0 
5271 0.023353 0 
5272 0.027061 0 
5273 0.011058 0 
5274 0.041904 0 
5275 0.025909 0 
5277 0.026758 0 
5279 0.028711 0 
5280 0.025285 0 
5281 0.011054 0 
5282 0.035834 0 
5283 0.019558 0 
5284 0.007504 0 
5285 0.007886 0 
5287 0.009419 0 
5288 0.019709 0 
5289 0.009614 0 
5290 0.008870 0 
5292 0.016108 0 
5294 0.008875 0 
5295 0.005431 0 
5296 0.007264 0 
5298 0.007740 0 
5299 0.007285 0 
5300 0.004907 0 
5302 0.011032 0 
5303 0.015363 0 
5304 0.010394 0 
5305 0.014395 0 
5306 0.017459 0 
5307 0.046846 0 
5308 0.034208 0 
5309 0.064538 0 
5310 0.048300 0 
5311 0.032069 0 
5312 0.014053 0 
5313 0.117573 0 
5314 0.101426 0 
5315 0.085188 0 
5316 0.068990 0 
5317 0.052880 0 
5318 0.060710 0 
5319 0.044888 0 
5321 0.051791 0 
5322 0.035762 0 
5323 0.132360 0 
5324 0.116250 0 
5325 0.099943 0 
5326 0.197075 0 
5327 0.180922 0 
5329 0.153930 0 
5330 0.170594 0 
5331 0.154402 0 
5332 0.174818 0 
5333 0.158631 0 
5334 0.142385 0 
5335 0.126127 0 
5336 0.109706 0 
5337 0.093379 0 
5338 0.103760 0 
5339 0.087745 0 
5340 0.071533 0 
5342 0.093189 0 
5343 0.076928 0 
5344 0.060840 0 
5345 0.044562 0 
5346 0.028298 0 
5347 0.012155 0 
5348 0.044322 0 
5350 0.022074 0 
5351 0.043151 0 
5352 0.051526 0 
5353 0.035496 0 
5355 0.024567 0 
5356 0.033806 0 
5357 0.034066 0 
5358 0.057996 0 
5360 0.025530 0 
5361 0.051987 0 
5362 0.035627 0 
5363 0.019388 0 
5364 0.049394 0 
5365 0.032611 0 
5367 0.024714 0 
5368 0.008409 0 
5369 0.035314 0 
5370 0.019077 0 
5371 0.056721 0 
5372 0.040482 0 
5373 0.041975 0 
5374 0.025745 0 
5375 0.019653 0 
5377 0.058815 0 
5378 0.042526 0 
5379 0.026269 0 
5380 0.018652 0 
5381 0.090516 0 
5382 0.074282 0 
5383 0.058157 0 
5384 0.041861 0 
5385 0.062107 0 
5386 0.045755 0 
5387 0.027884 0 
5388 0.034714 0 
5389 0.084288 0 
5390 0.068052 0 
5391 0.051754 0 
5392 0.035557 0 
5393 0.026349 0 
5394 0.017690 0 
5395 0.045488 0 
5396 0.029231 0 
5397 0.013015 0 
5398 0.037899 0 
5399 0.022366 0 
5400 0.015231 0 
5401 0.042432 0 
5402 0.026222 0 
5404 0.025696 0 
5405 0.013568 0 
5406 0.049489 0 
5407 0.033256 0 
5408 0.027394 0 
5409 0.011173 0 
5410 0.065494 0 
5411 0.049500 0 
5413 0.021553 0 
5414 0.021227 0 
5415 0.049092 0 
5416 0.084092 0 
5418 0.051174 0 
5420 0.045276 0 
5421 0.048658 0 
5422 0.032967 0 
5423 0.068092 0 
5426 0.069029 0 
5427 0.053019 0 
5428 0.055111 0 
5429 0.136951 0 
5430 0.120605 0 
5431 0.104194 0 
5432 0.087953 0 
5433 0.071817 0 
5434 0.066278 0 
5435 0.050048 0 
5436 0.033779 0 
5437 0.017515 0 
5439 0.038605 0 
5441 0.025393 0 
5442 0.041448 0 
5443 0.042459 0 
5444 0.026234 0 
5445 0.009962 0 
5446 0.047737 0 
5447 0.031514 0 
5449 0.016236 0 
5450 0.072462 0 
5451 0.056176 0 
5452 0.039960 0 
5453 0.121358 0 
5454 0.105151 0 
5455 0.089043 0 
5456 0.072788 0 
5457 0.056617 0 
5458 0.040164 0 
5459 0.051205 0 
5460 0.035022 0 
5461 0.043220 0 
5462 0.026920 0 
5463 0.025206 0 
5465 0.074783 0 
5466 0.058509 0 
5467 0.054196 0 
5468 0.037963 0 
5469 0.021891 0 
5470 0.044125 0 
5471 0.027932 0 
5472 0.011732 0 
5473 0.040018 0 
5474 0.024449 0 
5476 0.027260 0 
5478 0.047089 0 
5479 0.030947 0 
5480 0.046860 0 
5481 0.030573 0 
5482 0.014287 0 
5483 0.007114 0 
5484 0.031896 0 
5486 0.048846 0 
5487 0.043509 0 
5488 0.078341 0 
5489 0.061992 0 
5491 0.028823 0 
5493 0.023854 0 
5494 0.051835 0 
5495 0.035609 0 
5497 0.030725 0 
5498 0.060791 0 
5499 0.044609 0 
5501 0.012090 0 
5502 0.012126 0 
5503 0.036363 0 
5504 0.020178 0 
5505 0.011669 0 
5506 0.059277 0 
5507 0.043006 0 
5508 0.026732 0 
5509 0.032610 0 
5510 0.016390 0 
5511 0.051163 0 
5512 0.060655 0 
5513 0.044404 0 
5514 0.028133 0 
5515 0.011842 0 
5516 0.033391 0 
5517 0.065478 0 
5518 0.049227 0 
5520 0.117371 0 
5521 0.101206 0 
5522 0.084947 0 
5523 0.068744 0 
5524 0.052560 0 
5525 0.036028 0 
5526 0.020103 0 
5528 0.072450 0 
5529 0.056278 0 
5530 0.040080 0 
5531 0.023823 0 
5532 0.022971 0 
5533 0.068730 0 
5534 0.052558 0 
5535 0.036312 0 
5536 0.031942 0 
5537 0.015759 0 
5538 0.062301 0 
5539 0.045791 0 
5541 0.020383 0 
5542 0.034947 0 
5543 0.018777 0 
5544 0.027329 0 
5545 0.011220 0 
5546 0.103327 0 
5547 0.087134 0 
5549 0.054743 0 
5550 0.038491 0 
5551 0.044814 0 
5552 0.077887 0 
5554 0.047364 0 
5555 0.029453 0 
5556 0.025806 0 
5557 0.092304 0 
5559 0.059871 0 
5560 0.043721 0 
5561 0.027573 0 
5562 0.066877 0 
5563 0.051579 0 
5564 0.035310 0 
5566 0.053087 0 
5567 0.036787 0 
5568 0.075271 0 
5569 0.066597 0 
5570 0.107895 0 
5571 0.091696 0 
5572 0.075400 0 
5573 0.058431 0 
5574 0.042767 0 
5576 0.010359 0 
5577 0.104343 0 
5578 0.094673 0 
5579 0.078361 0 
5580 0.086196 0 
5581 0.069440 0 
5582 0.053736 0 
5583 0.133863 0 
5584 0.117738 0 
5585 0.101520 0 
5586 0.085240 0 
5587 0.082071 0 
5588 0.065951 0 
5589 0.049779 0 
5590 0.033627 0 
5591 0.017449 0 
5592 0.076862 0 
5593 0.060325 0 
5594 0.044210 0 
5595 0.033314 0 
5596 0.017110 0 
5597 0.038474 0 
5598 0.052696 0 
5599 0.036595 0 
5600 0.111765 0 
5601 0.095593 0 
5603 0.063094 0 
5604 0.058792 0 
5605 0.047118 0 
5606 0.030333 0 
5607 0.073506 0 
5608 0.057337 0 
5609 0.041057 0 
5610 0.024765 0 
5612 0.069911 0 
5613 0.053386 0 
5614 0.037274 0 
5615 0.067151 0 
5617 0.034810 0 
5619 0.055253 0 
5620 0.077821 0 
5621 0.109837 0 
5622 0.093547 0 
5625 0.044788 0 
5626 0.061085 0 
5627 0.045013 0 
5628 0.073027 0 
5629 0.056829 0 
5630 0.040585 0 
5631 0.071483 0 
5632 0.054885 0 
5633 0.111788 0 
5634 0.092959 0 
5635 0.078214 0 
5636 0.062015 0 
5638 0.051784 0 
5640 0.057419 0 
5641 0.041374 0 
5642 0.024969 0 
5643 0.017370 0 
5644 0.050259 0 
5645 0.034063 0 
5646 0.017874 0 
5648 0.040755 0 
5649 0.024607 0 
5650 0.024161 0 
5651 0.018584 0 
5652 0.152039 0 
5653 0.143542 0 
5654 0.127300 0 
5655 0.155481 0 
5656 0.139301 0 
5657 0.122881 0 
5658 0.106573 0 
5659 0.119579 0 
5660 0.103371 0 
5661 0.087117 0 
5662 0.070843 0 
5664 0.037975 0 
5665 0.051168 0 
5666 0.035076 0 
5667 0.069855 0 
5668 0.053862 0 
5669 0.037801 0 
5670 0.021663 0 
5671 0.012053 0 
5672 0.041055 0 
5673 0.023016 0 
5675 0.024283 0 
5677 0.157875 0 
5678 0.141698 0 
5679 0.127301 0 
5680 0.111005 0 
5681 0.094651 0 
5682 0.078362 0 
5683 0.090082 0 
5685 0.057342 0 
5686 0.041031 0 
5687 0.043561 0 
5688 0.027345 0 
5690 0.088514 0 
5692 0.076560 0 
5693 0.060341 0 
5694 0.043977 0 
5696 0.047975 0 
5697 0.031826 0 
5698 0.041257 0 
5700 0.106143 0 
5701 0.090016 0 
5702 0.083183 0 
5703 0.069314 0 
5704 0.053153 0 
5705 0.081689 0 
5706 0.065455 0 
5707 0.103111 0 
5708 0.085736 0 
5709 0.069354 0 
5710 0.053115 0 
5711 0.036888 0 
5712 0.020660 0 
5713 0.014195 0 
5714 0.054271 0 
5715 0.038009 0 
5716 0.066329 0 
5717 0.049875 0 
5719 0.036602 0 
5720 0.083395 0 
5721 0.067587 0 
5722 0.051556 0 
5723 0.035275 0 
5724 0.019062 0 
5725 0.040065 0 
5727 0.079347 0 
5728 0.063117 0 
5729 0.046875 0 
5730 0.030627 0 
5731 0.067346 0 
5732 0.050988 0 
5733 0.034761 0 
5734 0.018461 0 
5735 0.038735 0 
5736 0.022477 0 
5737 0.064907 0 
5738 0.048718 0 
5740 0.039878 0 
5741 0.023713 0 
5742 0.063283 0 
5743 0.047025 0 
5744 0.030782 0 
5745 0.074216 0 
5746 0.058008 0 
5748 0.025604 0 
5749 0.037584 0 
5750 0.021309 0 
5751 0.080718 0 
5753 0.128985 0 
5754 0.112628 0 
5755 0.096251 0 
5756 0.080051 0 
5758 0.047379 0 
5759 0.031100 0 
5760 0.015316 0 
5761 0.063480 0 
5762 0.047155 0 
5763 0.036797 0 
5765 0.016320 0 
5766 0.034040 0 
5767 0.041109 0 
5768 0.042598 0 
5769 0.026291 0 
5770 0.047985 0 
5771 0.032537 0 
5772 0.063346 0 
5773 0.047080 0 
5775 0.040879 0 
5776 0.024683 0 
5777 0.027650 0 
5778 0.080137 0 
5779 0.063940 0 
5780 0.047798 0 
5781 0.057679 0 
5782 0.041233 0 
5783 0.024971 0 
5784 0.027936 0 
5785 0.127132 0 
5786 0.110904 0 
5787 0.094609 0 
5788 0.082830 0 
5789 0.066664 0 
5790 0.050442 0 
5791 0.083914 0 
5792 0.067466 0 
5793 0.051501 0 
5794 0.035196 0 
5795 0.032395 0 
5796 0.029337 0 
5797 0.013106 0 
5798 0.027719 0 
5799 0.011471 0 
5800 0.019898 0 
5802 0.040089 0 
5803 0.023523 0 
5804 0.060684 0 
5805 0.044445 0 
5806 0.037537 0 
5807 0.021355 0 
5808 0.037779 0 
5809 0.021535 0 
5811 0.037506 0 
5812 0.021297 0 
5813 0.088356 0 
5814 0.072248 0 
5816 0.039838 0 
5818 0.060682 0 
5819 0.044272 0 
5820 0.038898 0 
5821 0.022129 0 
5824 0.040023 0 
5825 0.023749 0 
5826 0.072535 0 
5827 0.119842 0 
5828 0.103543 0 
5829 0.086877 0 
5830 0.070627 0 
5831 0.054402 0 
5832 0.056065 0 
5833 0.039756 0 
5834 0.023565 0 
5835 0.027453 0 
5837 0.022486 0 
5839 0.047884 0 
5840 0.031708 0 
5841 0.022358 0 
5842 0.019811 0 
5843 0.037832 0 
5844 0.021656 0 
5845 0.037904 0 
5847 0.059247 0 
5848 0.042983 0 
5849 0.041073 0 
5850 0.024632 0 
5851 0.014624 0 
5852 0.035009 0 
5853 0.018829 0 
5854 0.006797 0 
5855 0.049232 0 
5856 0.032686 0 
5857 0.016217 0 
5858 0.027511 0 
5859 0.037134 0 
5860 0.078741 0 
5861 0.062551 0 
5863 0.085484 0 
5864 0.080423 0 
5865 0.064141 0 
5866 0.048043 0 
5867 0.107918 0 
5868 0.091664 0 
5869 0.075440 0 
5870 0.059205 0 
5871 0.042752 0 
5872 0.062770 0 
5874 0.076458 0 
5876 0.047839 0 
5877 0.066209 0 
5878 0.049986 0 
5879 0.033793 0 
5880 0.017528 0 
5881 0.072859 0 
5882 0.056640 0 
5884 0.024149 0 
5885 0.050018 0 
5886 0.033754 0 
5887 0.017666 0 
5889 0.037158 0 
5891 0.039840 0 
5892 0.023418 0 
5893 0.085807 0 
5895 0.053313 0 
5896 0.037074 0 
5897 0.033292 0 
5899 0.043770 0 
5900 0.027428 0 
5901 0.024523 0 
5902 0.052633 0 
5903 0.036404 0 
5904 0.035338 0 
5905 0.019061 0 
5906 0.026563 0 
5907 0.053497 0 
5908 0.037295 0 
5909 0.021140 0 
5910 0.031099 0 
5911 0.014903 0 
5912 0.043749 0 
5913 0.027290 0 
5914 0.103421 0 
5915 0.087354 0 
5916 0.081806 0 
5918 0.070234 0 
5919 0.053893 0 
5920 0.054773 0 
5921 0.038549 0 
5922 0.022262 0 
5923 0.034458 0 
5924 0.018250 0 
5926 0.022106 0 
5927 0.037759 0 
5928 0.034043 0 
5929 0.017823 0 
5930 0.064449 0 
5931 0.048172 0 
5932 0.088561 0 
5933 0.072493 0 
5934 0.056271 0 
5935 0.040131 0 
5936 0.048932 0 
5937 0.032733 0 
5939 0.026455 0 
5940 0.037749 0 
5941 0.021487 0 
5942 0.065153 0 
5943 0.049080 0 
5944 0.174141 0 
5945 0.157974 0 
5947 0.125540 0 
5948 0.109225 0 
5949 0.093014 0 
5950 0.076199 0 
5952 0.043686 0 
5953 0.027044 0 
5954 0.045071 0 
5955 0.072520 0 
5957 0.041331 0 
5958 0.083301 0 
5959 0.067054 0 
5960 0.050887 0 
5961 0.034703 0 
5962 0.018540 0 
5964 0.041215 0 
5965 0.025164 0 
5966 0.030563 0 
5967 0.014369 0 
5968 0.012681 0 
5969 0.024518 0 
5970 0.086685 0 
5971 0.070458 0 
5972 0.054127 0 
5974 0.030957 0 
5975 0.014723 0 
5976 0.044652 0 
5977 0.028444 0 
5978 0.076408 0 
5979 0.060179 0 
5980 0.043396 0 
5981 0.104232 0 
5982 0.087754 0 
5983 0.071460 0 
5984 0.055162 0 
5985 0.039123 0 
5986 0.021963 0 
5987 0.048918 0 
5988 0.032679 0 
5989 0.016424 0 
5990 0.040323 0 
5991 0.024163 0 
5992 0.054168 0 
5993 0.037982 0 
5994 0.041705 0 
5995 0.025461 0 
5996 0.028835 0 
5997 0.089440 0 
5998 0.093231 0 
5999 0.077262 0 
6001 0.044903 0 
6002 0.034870 0 
6003 0.018650 0 
6004 0.014830 0 
6005 0.027991 0 
6006 0.049751 0 
6007 0.033524 0 
6008 0.017311 0 
6010 0.050120 0 
6011 0.033580 0 
6012 0.114795 0 
6013 0.098731 0 
6015 0.066388 0 
6017 0.033647 0 
6018 0.057238 0 
6019 0.054044 0 
6020 0.052372 0 
6023 0.057009 0 
6024 0.073159 0 
6025 0.056933 0 
6026 0.074625 0 
6027 0.058360 0 
6028 0.042235 0 
6029 0.084117 0 
6030 0.067885 0 
6031 0.051759 0 
6032 0.120153 0 
6033 0.104046 0 
6034 0.087809 0 
6036 0.103632 0 
6038 0.109978 0 
6039 0.093720 0 
6040 0.077475 0 
6041 0.061195 0 
6042 0.044960 0 
6043 0.102866 0 
6044 0.086675 0 
6046 0.054211 0 
6047 0.037918 0 
6048 0.032722 0 
6049 0.015979 0 
6050 0.051087 0 
6051 0.034859 0 
6052 0.018628 0 
6053 0.057669 0 
6054 0.070004 0 
6055 0.053526 0 
6056 0.065661 0 
6057 0.049635 0 
6058 0.091353 0 
6059 0.075073 0 
6060 0.058855 0 
6062 0.034040 0 
6063 0.017619 0 
6064 0.049217 0 
6065 0.033239 0 
6066 0.040066 0 
6067 0.024080 0 
6068 0.076746 0 
6069 0.060783 0 
6070 0.044477 0 
6071 0.037069 0 
6073 0.062986 0 
6075 0.041292 0 
6076 0.025050 0 
6077 0.067701 0 
6078 0.051619 0 
6079 0.035459 0 
6080 0.019234 0 
6081 0.059199 0 
6083 0.026692 0 
6084 0.051172 0 
6085 0.034948 0 
6086 0.018689 0 
6088 0.045782 0 
6090 0.013007 0 
6091 0.046811 0 
6092 0.030528 0 
6094 0.105855 0 
6095 0.089543 0 
6096 0.080122 0 
6098 0.047625 0 
6099 0.078467 0 
6100 0.061679 0 
6101 0.045447 0 
6102 0.105222 0 
6103 0.088946 0 
6104 0.072686 0 
6105 0.056164 0 
6106 0.039800 0 
6107 0.064177 0 
6108 0.047985 0 
6109 0.031526 0 
6110 0.015343 0 
6111 0.063640 0 
6112 0.047276 0 
6113 0.071226 0 
6114 0.054995 0 
6115 0.041497 0 
6117 0.036073 0 
6118 0.061207 0 
6119 0.044806 0 
6120 0.123517 0 
6121 0.107289 0 
6122 0.091081 0 
6123 0.074826 0 
6125 0.042355 0 
6126 0.026074 0 
6127 0.019629 0 
6128 0.012751 0 
6129 0.031462 0 
6130 0.043770 0 
6131 0.027419 0 
6132 0.010718 0 
6133 0.053668 0 
6134 0.037409 0 
6135 0.021119 0 
6136 0.033467 0 
6138 0.055219 0 
6139 0.050648 0 
6140 0.034526 0 
6141 0.073156 0 
6142 0.056886 0 
6143 0.040723 0 
6144 0.024502 0 
6146 0.026853 0 
6147 0.010690 0 
6148 0.024707 0 
6149 0.046126 0 
6151 0.013728 0 
6152 0.042440 0 
6153 0.026193 0 
6154 0.023644 0 
6156 0.031909 0 
6157 0.028536 0 
6158 0.036468 0 
6159 0.058244 0 
6160 0.042118 0 
6161 0.025891 0 
6163 0.066360 0 
6164 0.050091 0 
6165 0.040537 0 
6166 0.024308 0 
6167 0.067039 0 
6168 0.051698 0 
6169 0.053400 0 
6170 0.037075 0 
6171 0.078814 0 
6173 0.081209 0 
6174 0.064961 0 
6175 0.048835 0 
6176 0.070276 0 
6177 0.054063 0 
6178 0.037774 0 
6179 0.021520 0 
6180 0.088226 0 
6181 0.072005 0 
6182 0.055783 0 
6183 0.039366 0 
6184 0.023213 0 
6185 0.087905 0 
6186 0.071700 0 
6187 0.055546 0 
6188 0.039419 0 
6189 0.093249 0 
6190 0.076989 0 
6191 0.060884 0 
6192 0.044707 0 
6193 0.028605 0 
6194 0.110651 0 
6195 0.094560 0 
6196 0.078297 0 
6197 0.062051 0 
6198 0.101583 0 
6200 0.069142 0 
6201 0.092746 0 
6202 0.076568 0 
6203 0.059668 0 
6204 0.092920 0 
6205 0.076730 0 
6206 0.060521 0 
6207 0.044306 0 
6209 0.099379 0 
6210 0.082807 0 
6211 0.066947 0 
6212 0.050434 0 
6214 0.044191 0 
6216 0.084898 0 
6217 0.068038 0 
6218 0.154471 0 
6219 0.138583 0 
6222 0.089868 0 
6223 0.073573 0 
6224 0.057417 0 
6225 0.041205 0 
6226 0.024878 0 
6227 0.049746 0 
6228 0.033537 0 
6229 0.023896 0 
6230 0.061939 0 
6231 0.045726 0 
6232 0.029501 0 
6233 0.066781 0 
6235 0.034307 0 
6237 0.070617 0 
6238 0.073643 0 
6239 0.057378 0 
6240 0.041003 0 
6241 0.025128 0 
6242 0.062343 0 
6243 0.046165 0 
6245 0.013756 0 
6246 0.018584 0 
6247 0.101173 0 
6248 0.084979 0 
6249 0.068729 0 
6250 0.052616 0 
6251 0.036384 0 
6252 0.020158 0 
6253 0.095769 0 
6254 0.079544 0 
6255 0.063176 0 
6256 0.057250 0 
6257 0.041058 0 
6258 0.030877 0 
6259 0.032890 0 
6261 0.042557 0 
6262 0.036620 0 
6263 0.030735 0 
6264 0.047276 0 
6265 0.031076 0 
6266 0.116048 0 
6267 0.099877 0 
6268 0.083674 0 
6269 0.067423 0 
6270 0.050998 0 
6272 0.018242 0 
6274 0.036369 0 
6275 0.020137 0 
6276 0.020638 0 
6277 0.038253 0 
6278 0.022032 0 
6279 0.036484 0 
6280 0.088306 0 
6282 0.055851 0 
6283 0.039618 0 
6284 0.023304 0 
6285 0.059620 0 
6287 0.026987 0 
6289 0.029463 0 
6290 0.013231 0 
6291 0.014557 0 
6293 0.038575 0 
6294 0.078291 0 
6295 0.062044 0 
6297 0.058182 0 
6298 0.042000 0 
6299 0.025882 0 
6300 0.026227 0 
6301 0.012434 0 
6302 0.036091 0 
6303 0.019789 0 
6304 0.085430 0 
6305 0.069207 0 
6306 0.052974 0 
6307 0.036771 0 
6308 0.020596 0 
6309 0.013133 0 
6310 0.066304 0 
6311 0.049951 0 
6312 0.033544 0 
6313 0.045758 0 
6314 0.049934 0 
6316 0.017474 0 
6317 0.016486 0 
6318 0.058658 0 
6319 0.042392 0 
6320 0.026166 0 
6321 0.065415 0 
6322 0.049276 0 
6324 0.057378 0 
6325 0.041153 0 
6326 0.025008 0 
6327 0.036228 0 
6328 0.020218 0 
6329 0.051213 0 
6330 0.034985 0 
6331 0.018777 0 
6332 0.042922 0 
6333 0.026614 0 
6334 0.025467 0 
6335 0.056346 0 
6337 0.023889 0 
6338 0.066510 0 
6339 0.050140 0 
6340 0.068436 0 
6341 0.052112 0 
6342 0.035952 0 
6343 0.054464 0 
6345 0.022038 0 
6346 0.014108 0 
6347 0.058366 0 
6348 0.042122 0 
6350 0.043384 0 
6351 0.100601 0 
6352 0.084341 0 
6353 0.068192 0 
6355 0.035839 0 
6356 0.019521 0 
6357 0.053629 0 
6358 0.073039 0 
6359 0.056762 0 
6360 0.040568 0 
6362 0.059528 0 
6363 0.048213 0 
6364 0.031968 0 
6365 0.048298 0 
6366 0.032102 0 
6367 0.015840 0 
6368 0.042756 0 
6369 0.043933 0 
6370 0.027845 0 
6372 0.049016 0 
6373 0.032923 0 
6374 0.016842 0 
6375 0.059862 0 
6376 0.043629 0 
6377 0.027433 0 
6378 0.011075 0 
6379 0.014434 0 
6380 0.052058 0 
6381 0.035832 0 
6382 0.019691 0 
6383 0.010892 0 
6384 0.009390 0 
6385 0.018987 0 
6386 0.022592 0 
6387 0.078923 0 
6388 0.130471 0 
6389 0.115127 0 
6390 0.098817 0 
6391 0.082653 0 
6392 0.066380 0 
6393 0.050232 0 
6394 0.034009 0 
6395 0.017890 0 
6396 0.019278 0 
6397 0.031030 0 
6399 0.052791 0 
6400 0.067883 0 
6401 0.051718 0 
6402 0.056495 0 
6403 0.040251 0 
6404 0.024030 0 
6405 0.017507 0 
6406 0.084382 0 
6408 0.051821 0 
6409 0.035661 0 
6410 0.123414 0 
6411 0.107318 0 
6413 0.074640 0 
6415 0.042142 0 
6416 0.039256 0 
6417 0.041965 0 
6418 0.045659 0 
6421 0.107230 0 
6422 0.090950 0 
6423 0.074742 0 
6424 0.107004 0 
6425 0.090639 0 
6426 0.074480 0 
6427 0.058252 0 
6428 0.115510 0 
6429 0.099311 0 
6430 0.083161 0 
6431 0.066926 0 
6432 0.050830 0 
6434 0.049759 0 
6436 0.081817 0 
6437 0.065480 0 
6438 0.049226 0 
6439 0.032402 0 
6440 0.023317 0 
6441 0.021934 0 
6442 0.047518 0 
6444 0.015122 0 
6445 0.022815 0 
6446 0.037562 0 
6447 0.065361 0 
6448 0.049364 0 
6449 0.092149 0 
6450 0.075937 0 
6451 0.059364 0 
6452 0.091268 0 
6453 0.075224 0 
6454 0.058923 0 
6455 0.042743 0 
6456 0.035600 0 
6457 0.019384 0 
6458 0.007526 0 
6460 0.060411 0 
6461 0.043760 0 
6462 0.048402 0 
6463 0.032161 0 
6464 0.022557 0 
6465 0.038294 0 
6466 0.022154 0 
6467 0.030736 0 
6468 0.022700 0 
6469 0.048881 0 
6471 0.078514 0 
6473 0.045961 0 
6474 0.029677 0 
6475 0.013433 0 
6476 0.065038 0 
6477 0.101369 0 
6478 0.133971 0 
6479 0.117754 0 
6481 0.085591 0 
6482 0.069320 0 
6483 0.053182 0 
6484 0.075390 0 
6486 0.042864 0 
6488 0.028493 0 
6489 0.012118 0 
6490 0.036679 0 
6492 0.084460 0 
6493 0.068207 0 
6494 0.051981 0 
6496 0.063254 0 
6497 0.047185 0 
6498 0.030759 0 
6499 0.014466 0 
6500 0.099124 0 
6501 0.083081 0 
6502 0.129282 0 
6503 0.133514 0 
6504 0.146336 0 
6505 0.130118 0 
6506 0.113880 0 
6507 0.097622 0 
6508 0.086444 0 
6509 0.069823 0 
6510 0.057146 0 
6511 0.094341 0 
6512 0.078321 0 
6513 0.061776 0 
6515 0.029132 0 
6516 0.021941 0 
6517 0.033875 0 
6518 0.046302 0 
6519 0.030069 0 
6520 0.086073 0 
6521 0.080527 0 
6523 0.048024 0 
6524 0.052600 0 
6525 0.036045 0 
6526 0.020259 0 
6527 0.014212 0 
6528 0.091609 0 
6529 0.075301 0 
6530 0.088831 0 
6531 0.073393 0 
6532 0.057170 0 
6533 0.040838 0 
6534 0.037208 0 
6536 0.059849 0 
6537 0.043563 0 
6538 0.027999 0 
6539 0.067744 0 
6540 0.051463 0 
6541 0.070350 0 
6542 0.053878 0 
6544 0.059768 0 
6545 0.043507 0 
6546 0.026891 0 
6547 0.067455 0 
6549 0.036203 0 
6550 0.019870 0 
6551 0.049515 0 
6552 0.085227 0 
6554 0.052969 0 
6555 0.036772 0 
6556 0.020615 0 
6557 0.044614 0 
6558 0.028302 0 
6559 0.023653 0 
6561 0.020609 0 
6562 0.042312 0 
6563 0.026012 0 
6564 0.037552 0 
6565 0.021217 0 
6566 0.034516 0 
6567 0.018217 0 
6568 0.084337 0 
6569 0.068182 0 
6571 0.035761 0 
6572 0.073096 0 
6573 0.056660 0 
6574 0.040232 0 
6575 0.023808 0 
6576 0.027574 0 
6577 0.039228 0 
6578 0.087048 0 
6579 0.070776 0 
6580 0.071157 0 
6581 0.054599 0 
6582 0.038593 0 
6583 0.022297 0 
6584 0.030907 0 
6585 0.039005 0 
6586 0.022888 0 
6587 0.030856 0 
6588 0.049200 0 
6589 0.033105 0 
6590 0.016877 0 
6591 0.033176 0 
6592 0.028884 0 
6593 0.012744 0 
6594 0.048394 0 
6595 0.032360 0 
6596 0.052066 0 
6598 0.035665 0 
6599 0.110274 0 
6600 0.094028 0 
6601 0.077763 0 
6602 0.061516 0 
6603 0.045363 0 
6604 0.101316 0 
6605 0.085065 0 
6607 0.085621 0 
6608 0.069384 0 
6609 0.053245 0 
6610 0.037030 0 
6612 0.121938 0 
6614 0.089710 0 
6615 0.073327 0 
6616 0.146899 0 
6617 0.130823 0 
6620 0.082054 0 
6621 0.065733 0 
6622 0.049521 0 
6623 0.063265 0 
6624 0.047003 0 
6625 0.030864 0 
6626 0.038230 0 
6627 0.069178 0 
6628 0.052947 0 
6629 0.073373 0 
6630 0.057368 0 
6631 0.041067 0 
6633 0.034574 0 
6635 0.070063 0 
6636 0.053879 0 
6637 0.037654 0 
6638 0.021389 0 
6639 0.067967 0 
6640 0.051807 0 
6641 0.035594 0 
6643 0.022583 0 
6644 0.090846 0 
6645 0.074602 0 
6646 0.082226 0 
6647 0.065995 0 
6648 0.049849 0 
6649 0.033620 0 
6650 0.017566 0 
6651 0.039716 0 
6652 0.035228 0 
6653 0.019033 0 
6654 0.063626 0 
6655 0.047537 0 
6656 0.031329 0 
6657 0.063310 0 
6659 0.062249 0 
6660 0.093806 0 
6661 0.077550 0 
6662 0.061325 0 
6663 0.045007 0 
6664 0.063518 0 
6665 0.047310 0 
6666 0.079092 0 
6667 0.062956 0 
6668 0.046485 0 
6670 0.042299 0 
6672 0.037338 0 
6673 0.054402 0 
6674 0.038175 0 
6675 0.046675 0 
6676 0.030469 0 
6677 0.031065 0 
6678 0.074906 0 
6680 0.054890 0 
6681 0.038078 0 
6682 0.022428 0 
6683 0.104466 0 
6685 0.085965 0 
6687 0.053580 0 
6688 0.037423 0 
6689 0.055465 0 
6691 0.022928 0 
6692 0.027658 0 
6693 0.038260 0 
6695 0.050956 0 
6696 0.034747 0 
6697 0.039901 0 
6698 0.023646 0 
6699 0.033743 0 
6700 0.021626 0 
6701 0.047842 0 
6702 0.031627 0 
6703 0.015345 0 
6704 0.058297 0 
6705 0.073412 0 
6706 0.057259 0 
6707 0.041120 0 
6708 0.041543 0 
6709 0.025406 0 
6710 0.070057 0 
6711 0.053715 0 
6712 0.037306 0 
6714 0.040614 0 
6715 0.024469 0 
6716 0.073865 0 
6717 0.057678 0 
6718 0.041435 0 
6719 0.025367 0 
6720 0.008694 0 
6722 0.060336 0 
6723 0.047630 0 
6724 0.031383 0 
6725 0.015089 0 
6726 0.064844 0 
6727 0.048580 0 
6728 0.032274 0 
6729 0.031450 0 
6730 0.015236 0 
6731 0.029894 0 
6732 0.085559 0 
6733 0.069331 0 
6735 0.036759 0 
6736 0.029890 0 
6737 0.025358 0 
6738 0.049839 0 
6739 0.033432 0 
6740 0.017053 0 
6741 0.036012 0 
6743 0.079676 0 
6744 0.092143 0 
6745 0.075881 0 
6746 0.059631 0 
6748 0.027307 0 
6749 0.029559 0 
6750 0.028694 0 
6751 0.037652 0 
6753 0.014668 0 
6754 0.090155 0 
6755 0.073977 0 
6756 0.057784 0 
6757 0.041617 0 
6758 0.025352 0 
6760 0.044564 0 
6761 0.055513 0 
6762 0.143466 0 
6763 0.127253 0 
6764 0.111004 0 
6765 0.094784 0 
6766 0.078591 0 
6767 0.062357 0 
6768 0.046052 0 
6770 0.020722 0 
6771 0.045775 0 
6772 0.047303 0 
6773 0.031200 0 
6774 0.140969 0 
6775 0.124842 0 
6776 0.108624 0 
6777 0.092389 0 
6778 0.076056 0 
6779 0.059787 0 
6780 0.043599 0 
6781 0.026958 0 
6782 0.041816 0 
6783 0.025659 0 
6784 0.080452 0 
6785 0.105905 0 
6786 0.089709 0 
6787 0.072883 0 
6788 0.056409 0 
6789 0.040130 0 
6790 0.023951 0 
6791 0.056176 0 
6792 0.071818 0 
6793 0.055568 0 
6794 0.039336 0 
6795 0.104620 0 
6797 0.072278 0 
6798 0.055952 0 
6799 0.039791 0 
6800 0.046690 0 
6801 0.030444 0 
6802 0.078973 0 
6803 0.061608 0 
6804 0.045511 0 
6806 0.027207 0 
6807 0.026163 0 
6808 0.030158 0 
6809 0.052631 0 
6811 0.052369 0 
6813 0.143632 0 
6814 0.126763 0 
6815 0.119474 0 
6816 0.103231 0 
6819 0.118806 0 
6820 0.102511 0 
6821 0.086011 0 
6822 0.069847 0 
6823 0.053509 0 
6824 0.037418 0 
6825 0.021183 0 
6826 0.023695 0 
6827 0.041075 0 
6828 0.024942 0 
6829 0.020203 0 
6830 0.013439 0 
6832 0.014817 0 
6834 0.027114 0 
6835 0.045322 0 
6836 0.029086 0 
6837 0.014458 0 
6838 0.056716 0 
6839 0.040610 0 
6840 0.024339 0 
6842 0.042803 0 
6843 0.043552 0 
6844 0.027307 0 
6845 0.039980 0 
6846 0.023669 0 
6847 0.097421 0 
6848 0.081429 0 
6849 0.065221 0 
6850 0.049130 0 
6851 0.070184 0 
6852 0.053557 0 
6853 0.037473 0 
6854 0.075945 0 
6855 0.059699 0 
6856 0.043569 0 
6858 0.058921 0 
6859 0.042530 0 
6860 0.026713 0 
6861 0.029458 0 
6862 0.030446 0 
6863 0.026183 0 
6864 0.009977 0 
6865 0.033328 0 
6866 0.017208 0 
6867 0.086236 0 
6869 0.053620 0 
6871 0.021153 0 
6872 0.020899 0 
6873 0.063432 0 
6874 0.047191 0 
6875 0.031024 0 
6876 0.014813 0 
6877 0.028406 0 
6879 0.019717 0 
6880 0.045533 0 
6881 0.029274 0 
6882 0.054098 0 
6884 0.021364 0 
6886 0.013434 0 
6887 0.027277 0 
6888 0.037633 0 
6890 0.031667 0 
6891 0.027008 0 
6892 0.026781 0 
6894 0.041387 0 
6895 0.113302 0 
6896 0.097085 0 
6897 0.080829 0 
6898 0.064628 0 
6899 0.048367 0 
6900 0.032172 0 
6901 0.030793 0 
6902 0.090726 0 
6903 0.074525 0 
6904 0.058316 0 
6905 0.048978 0 
6906 0.033791 0 
6907 0.018350 0 
6908 0.016966 0 
6909 0.050771 0 
6910 0.034602 0 
6911 0.018452 0 
6913 0.097488 0 
6914 0.081281 0 
6915 0.065057 0 
6916 0.048759 0 
6917 0.031762 0 
6918 0.015540 0 
6919 0.012238 0 
6921 0.029976 0 
6922 0.013682 0 
6923 0.107014 0 
6924 0.090766 0 
6925 0.074537 0 
6926 0.058260 0 
6927 0.042050 0 
6928 0.025781 0 
6929 0.048007 0 
6930 0.031774 0 
6931 0.015580 0 
6932 0.016296 0 
6934 0.051669 0 
6935 0.096564 0 
6936 0.080176 0 
6937 0.117661 0 
6938 0.101469 0 
6939 0.100967 0 
6940 0.084542 0 
6942 0.057610 0 
6943 0.041125 0 
6944 0.024707 0 
6945 0.042279 0 
6947 0.024493 0 
6948 0.156425 0 
6949 0.140159 0 
6950 0.123961 0 
6952 0.091539 0 
6953 0.075256 0 
6954 0.059136 0 
6955 0.047195 0 
6956 0.031054 0 
6957 0.014887 0 
6959 0.027553 0 
6960 0.027774 0 
6961 0.011394 0 
6962 0.071210 0 
6963 0.054816 0 
6964 0.038369 0 
6965 0.022375 0 
6966 0.032641 0 
6967 0.015699 0 
6969 0.051264 0 
6970 0.034203 0 
6971 0.030313 0 
6972 0.014050 0 
6973 0.024766 0 
6974 0.021303 0 
6975 0.030031 0 
6976 0.013854 0 
6977 0.100184 0 
6978 0.083382 0 
6979 0.067756 0 
6980 0.051644 0 
6981 0.096650 0 
6982 0.080393 0 
6983 0.063772 0 
6984 0.047397 0 
6985 0.054182 0 
6986 0.045334 0 
6987 0.047255 0 
6988 0.031063 0 
6989 0.035635 0 
6990 0.019390 0 
6991 0.093673 0 
6992 0.077481 0 
6993 0.061339 0 
6994 0.045129 0 
6996 0.012697 0 
6997 0.011911 0 
6998 0.029872 0 
6999 0.037484 0 
7000 0.021291 0 
7001 0.033263 0 
7002 0.067176 0 
7003 0.051047 0 
7005 0.045495 0 
7006 0.029283 0 
7007 0.016546 0 
7008 0.043884 0 
7010 0.080674 0 
7012 0.047977 0 
7013 0.031843 0 
7014 0.023696 0 
7015 0.046152 0 
7018 0.017470 0 
7019 0.012569 0 
7020 0.040709 0 
7021 0.064060 0 
7022 0.047622 0 
7023 0.031476 0 
7024 0.043938 0 
7025 0.041897 0 
7026 0.023024 0 
7027 0.031224 0 
7028 0.014916 0 
7029 0.042386 0 
7031 0.009856 0 
7033 0.024658 0 
7034 0.069287 0 
7035 0.053084 0 
7036 0.036970 0 
7037 0.073735 0 
7038 0.057447 0 
7039 0.041260 0 
7041 0.008770 0 
7042 0.101062 0 
7043 0.084872 0 
7044 0.068696 0 
7045 0.052352 0 
7046 0.036462 0 
7047 0.094947 0 
7048 0.078734 0 
7049 0.061263 0 
7050 0.045040 0 
7051 0.029105 0 
7052 0.017506 0 
7053 0.043269 0 
7054 0.027079 0 
7055 0.028056 0 
7057 0.017078 0 
7058 0.055463 0 
7059 0.039383 0 
7060 0.023153 0 
7061 0.047997 0 
7062 0.031635 0 
7063 0.015501 0 
7064 0.028959 0 
7065 0.024379 0 
7066 0.023662 0 
7068 0.028074 0 
7070 0.120516 0 
7071 0.104327 0 
7072 0.088110 0 
7073 0.071930 0 
7074 0.055474 0 
7075 0.039017 0 
7076 0.042595 0 
7078 0.057065 0 
7079 0.040836 0 
7080 0.024720 0 
7081 0.025267 0 
7083 0.069835 0 
7085 0.037169 0 
7086 0.021136 0 
7087 0.017652 0 
7089 0.050196 0 
7090 0.033891 0 
7091 0.028091 0 
7093 0.040891 0 
7094 0.048880 0 
7095 0.032733 0 
7096 0.047629 0 
7097 0.031191 0 
7098 0.031526 0 
7099 0.014880 0 
7100 0.094788 0 
7101 0.078562 0 
7102 0.062298 0 
7103 0.045502 0 
7104 0.029380 0 
7105 0.068506 0 
7106 0.052406 0 
7107 0.054212 0 
7108 0.042679 0 
7109 0.026487 0 
7110 0.019270 0 
7112 0.012914 0 
7113 0.069121 0 
7114 0.052903 0 
7115 0.064208 0 
7116 0.047971 0 
7117 0.031632 0 
7118 0.034728 0 
7120 0.064064 0 
7121 0.070861 0 
7122 0.054726 0 
7123 0.038462 0 
7124 0.039724 0 
7125 0.023434 0 
7126 0.007234 0 
7127 0.044930 0 
7128 0.032231 0 
7129 0.064064 0 
7130 0.047870 0 
7131 0.059120 0 
7133 0.074741 0 
7134 0.058490 0 
7135 0.042218 0 
7136 0.025906 0 
7137 0.009679 0 
7138 0.023782 0 
7139 0.015764 0 
7141 0.079369 0 
7142 0.063093 0 
7143 0.046776 0 
7144 0.058049 0 
7146 0.044665 0 
7147 0.028449 0 
7148 0.012288 0 
7149 0.022840 0 
7151 0.047049 0 
7152 0.030926 0 
7153 0.081475 0 
7154 0.065477 0 
7155 0.049064 0 
7156 0.033096 0 
7158 0.052776 0 
7159 0.091516 0 
7160 0.075239 0 
7161 0.058860 0 
7162 0.125578 0 
7163 0.116949 0 
7164 0.100706 0 
7165 0.084473 0 
7166 0.068105 0 
7168 0.043659 0 
7169 0.027160 0 
7170 0.010040 0 
7171 0.054375 0 
7172 0.038115 0 
7173 0.021968 0 
7174 0.035886 0 
7175 0.019686 0 
7176 0.019732 0 
7177 0.057631 0 
7178 0.041476 0 
7179 0.059730 0 
7180 0.043520 0 
7181 0.063942 0 
7182 0.047685 0 
7183 0.031344 0 
7184 0.072950 0 
7185 0.056785 0 
7186 0.040635 0 
7187 0.024267 0 
7188 0.067913 0 
7189 0.051552 0 
7190 0.035091 0 
7191 0.018908 0 
7192 0.016692 0 
7193 0.021002 0 
7195 0.083359 0 
7196 0.066149 0 
7197 0.050533 0 
7198 0.095103 0 
7199 0.078906 0 
7200 0.062786 0 
7201 0.046687 0 
7202 0.030586 0 
7204 0.090819 0 
7205 0.074583 0 
7206 0.117782 0 
7207 0.101592 0 
7209 0.068834 0 
7211 0.036524 0 
7212 0.032113 0 
7213 0.051992 0 
7214 0.080735 0 
7217 0.031758 0 
7218 0.055564 0 
7219 0.039336 0 
7220 0.091125 0 
7221 0.074874 0 
7222 0.058659 0 
7223 0.042519 0 
7224 0.093575 0 
7225 0.077166 0 
7226 0.061151 0 
7227 0.045009 0 
7228 0.028666 0 
7230 0.037268 0 
7232 0.012716 0 
7233 0.039759 0 
7234 0.043189 0 
7235 0.062337 0 
7236 0.046364 0 
7237 0.052276 0 
7238 0.036170 0 
7240 0.013221 0 
7241 0.117259 0 
7242 0.101055 0 
7243 0.084849 0 
7244 0.068604 0 
7245 0.065851 0 
7246 0.114979 0 
7247 0.098819 0 
7248 0.082587 0 
7249 0.066231 0 
7250 0.050107 0 
7251 0.107348 0 
7252 0.091184 0 
7253 0.074934 0 
7254 0.130886 0 
7256 0.103626 0 
7257 0.109761 0 
7258 0.093531 0 
7259 0.077369 0 
7260 0.061105 0 
7261 0.045001 0 
7262 0.028904 0 
7263 0.091439 0 
7264 0.075256 0 
7265 0.058379 0 
7267 0.055919 0 
7269 0.023801 0 
7271 0.009247 1 
7272 0.011345 1 
7273 0.010847 1 
7274 0.012539 1 
7270 0.083030 0 
7271 0.066793 0 
7272 0.050557 0 
7273 0.033695 0 
7274 0.042290 0 
7275 0.031260 0 
7277 0.014235 1 
7277 0.021960 0 
7278 0.017584 1 
7279 0.013461 1 
7278 0.038622 0 
7279 0.023155 0 
7280 0.017561 1 
7282 0.018023 1 
7280 0.061812 0 
7284 0.022344 1 
7285 0.015472 1 
7286 0.022013 1 
7282 0.119566 0 
7284 0.087128 0 
7285 0.070899 0 
7286 0.054726 0 
7288 0.030206 0 
7289 0.014117 0 
7288 0.033432 1 
7289 0.034081 1 
7290 0.017855 1 
7292 0.013883 1 
7293 0.033911 1 
7294 0.030456 0 
7294 0.051867 1 
7295 0.035668 1 
7296 0.019552 1 
7295 0.050174 0 
7296 0.033954 0 
7297 0.017763 0 
7298 0.046907 0 
7299 0.046633 0 
7300 0.030213 0 
7301 0.014143 0 
7297 0.113234 1 
7298 0.096976 1 
7299 0.080832 1 
7300 0.064400 1 
7301 0.048411 1 
7302 0.032314 1 
7303 0.016115 1 
7304 0.017901 1 
7305 0.027339 1 
7302 0.085090 0 
7303 0.068898 0 
7304 0.053001 0 
7305 0.036956 0 
7306 0.020655 0 
7306 0.041391 1 
7307 0.025100 1 
7308 0.022101 1 
7309 0.014224 1 
7309 0.032292 0 
7311 0.008632 1 
7311 0.057611 0 
7312 0.041367 0 
7313 0.025208 0 
7314 0.009064 0 
7315 0.022899 0 
7312 0.085720 1 
7313 0.069454 1 
7314 0.053298 1 
7315 0.037238 1 
7316 0.028579 1 
7317 0.012267 1 
7317 0.039446 0 
7319 0.039726 1 
7320 0.023453 1 
7321 0.012189 1 
7322 0.010283 1 
7323 0.012190 1 
7319 0.077681 0 
7320 0.061462 0 
7324 0.014570 1 
7321 0.085937 0 
7322 0.070127 0 
7323 0.053629 0 
7325 0.021653 0 
7326 0.012042 0 
7325 0.028620 1 
7326 0.013203 1 
7327 0.011334 1 
7328 0.006884 1 
7329 0.007840 1 
7330 0.010760 1 
7327 0.085353 0 
7328 0.069083 0 
7329 0.052743 0 
7330 0.036446 0 
7332 0.027119 1 
7333 0.018967 1 
7334 0.022458 1 
7335 0.016875 1 
7336 0.011005 1 
7337 0.026832 1 
7332 0.113807 0 
7333 0.097482 0 
7334 0.081331 0 
7335 0.064897 0 
7336 0.048386 0 
7338 0.023988 0 
7338 0.030997 1 
7340 0.015660 0 
7340 0.022635 1 
7341 0.021953 1 
7342 0.011121 1 
7342 0.034968 0 
7343 0.029492 1 
7343 0.068413 0 
7345 0.037710 0 
7345 0.044878 1 
7346 0.028630 1 
7347 0.012447 1 
7348 0.043139 1 
7350 0.025906 1 
7351 0.027870 1 
7348 0.080449 0 
7351 0.031517 0 
7352 0.029202 1 
7353 0.012954 1 
7354 0.014502 1 
7352 0.055764 0 
7353 0.039506 0 
7354 0.023278 0 
7355 0.013936 1 
7357 0.031906 1 
7358 0.028586 0 
7359 0.012115 0 
7358 0.045939 1 
7359 0.029452 1 
7360 0.021799 1 
7361 0.011667 1 
7362 0.025667 0 
7362 0.028801 1 
7363 0.022748 1 
7364 0.010984 1 
7365 0.010104 1 
7363 0.054553 0 
7364 0.060137 0 
7365 0.043894 0 
7367 0.016011 1 
7367 0.030833 0 
7368 0.014566 0 
7369 0.021393 1 
7369 0.034469 0 
7370 0.018232 0 
7371 0.015755 0 
7371 0.039766 1 
7372 0.023538 1 
7373 0.016038 1 
7374 0.006377 1 
7372 0.066905 0 
7373 0.050632 0 
7374 0.034418 0 
7375 0.018227 0 
7376 0.013170 1 
7376 0.021611 0 
7377 0.042289 1 
7378 0.026145 1 
7379 0.017519 1 
7380 0.013388 1 
7377 0.071594 0 
7378 0.055344 0 
7379 0.039040 0 
7381 0.030596 1 
7380 0.046960 0 
7382 0.029254 1 
7383 0.023948 1 
7384 0.010557 1 
7385 0.006481 1 
7381 0.084327 0 
7386 0.011328 1 
7387 0.005439 1 
7385 0.039398 0 
7386 0.023163 0 
7387 0.035871 0 
7388 0.032895 1 
7389 0.021293 1 
7390 0.014295 1 
7391 0.008900 1 
7389 0.048276 0 
7391 0.035874 0 
7392 0.031012 1 
7394 0.048234 1 
7395 0.031987 1 
7396 0.043759 1 
7397 0.027576 1 
7398 0.022907 1 
7399 0.013405 1 
7392 0.128516 0 
7394 0.096059 0 
7395 0.079848 0 
7397 0.047451 0 
7398 0.031221 0 
7400 0.011504 1 
7401 0.022372 1 
7403 0.018760 1 
7399 0.087726 0 
7400 0.071509 0 
7401 0.055343 0 
7403 0.022800 0 
7404 0.010812 1 
7404 0.024615 0 
7405 0.039301 0 
7406 0.023068 0 
7408 0.013292 1 
7410 0.023270 1 
7411 0.015308 1 
7412 0.015328 1 
7408 0.093466 0 
7410 0.061324 0 
7411 0.044831 0 
7412 0.039524 0 
7413 0.023606 0 
7413 0.029169 1 
7416 0.022726 1 
7417 0.023130 1 
7418 0.008818 1 
7417 0.025496 0 
7419 0.043102 1 
7420 0.026852 1 
7418 0.064886 0 
7419 0.048767 0 
7420 0.032250 0 
7421 0.019216 1 
7422 0.016636 1 
7423 0.013412 1 
7424 0.009397 1 
7425 0.023741 1 
7426 0.019840 1 
7427 0.029712 1 
7429 0.010483 1 
7422 0.128799 0 
7423 0.112566 0 
7424 0.096323 0 
7425 0.079685 0 
7426 0.063684 0 
7427 0.047509 0 
7431 0.011464 1 
7429 0.069025 0 
7431 0.036456 0 
7432 0.033458 0 
7433 0.017364 0 
7434 0.030375 0 
7435 0.014250 0 
7432 0.074844 1 
7433 0.058751 1 
7434 0.042523 1 
7435 0.026343 1 
7436 0.024668 1 
7436 0.031261 0 
7437 0.015508 1 
7437 0.031983 0 
7439 0.039695 1 
7440 0.023169 1 
7441 0.017938 1 
7440 0.035216 0 
7442 0.008619 1 
7443 0.018078 1 
7444 0.047895 1 
7445 0.031710 1 
7442 0.082671 0 
7443 0.066242 0 
7444 0.050106 0 
7445 0.033958 0 
7446 0.044652 1 
7447 0.028442 1 
7448 0.040996 1 
7446 0.091301 0 
7447 0.075089 0 
7449 0.042477 0 
7449 0.056583 1 
7450 0.040159 1 
7451 0.042872 1 
7452 0.046793 1 
7453 0.030597 1 
7450 0.090725 0 
7451 0.074499 0 
7455 0.018882 1 
7456 0.028213 0 
7457 0.012055 0 
7458 0.024944 0 
7456 0.081355 1 
7457 0.065284 1 
7458 0.049065 1 
7459 0.032868 1 
7460 0.036681 1 
7459 0.083618 0 
7460 0.067419 0 
7461 0.051121 0 
7462 0.034957 0 
7463 0.018741 0 
7461 0.057060 1 
7462 0.041248 1 
7463 0.035135 1 
7464 0.028013 0 
7464 0.041907 1 
7466 0.028566 0 
7466 0.029232 1 
7468 0.040006 0 
7469 0.056523 0 
7470 0.040301 0 
7471 0.024153 0 
7468 0.090454 1 
7469 0.096156 1 
7470 0.080047 1 
7471 0.063830 1 
7472 0.047684 1 
7473 0.049031 0 
7474 0.032808 0 
7473 0.062371 1 
7474 0.046144 1 
7476 0.014724 0 
7476 0.035244 1 
7477 0.028665 0 
7478 0.012527 0 
7477 0.040513 1 
7478 0.024373 1 
7479 0.013045 1 
7481 0.012155 1 
7479 0.048172 0 
7481 0.015730 0 
7483 0.017295 1 
7483 0.023732 0 
7484 0.014200 1 
7485 0.008831 1 
7487 0.011618 1 
7484 0.070153 0 
7485 0.053935 0 
7488 0.024770 1 
7487 0.057056 0 
7488 0.040778 0 
7489 0.034222 1 
7491 0.022430 1 
7489 0.062957 0 
7492 0.032646 1 
7493 0.023226 1 
7494 0.046302 1 
7495 0.030105 1 
7493 0.088863 0 
7496 0.047255 1 
7497 0.030887 1 
7498 0.025999 1 
7499 0.009688 1 
7496 0.090836 0 
7497 0.074550 0 
7498 0.058313 0 
7499 0.042061 0 
7500 0.026021 0 
7500 0.052644 1 
7501 0.036383 1 
7502 0.033937 1 
7503 0.017764 1 
7504 0.017368 1 
7505 0.015291 1 
7506 0.014267 1 
7504 0.051234 0 
7505 0.035074 0 
7507 0.041277 0 
7508 0.025057 0 
7507 0.051960 1 
7510 0.018919 0 
7508 0.061458 1 
7510 0.028992 1 
7511 0.021178 1 
7512 0.010136 1 
7512 0.035850 0 
7513 0.019742 0 
7513 0.042224 1 
7514 0.025976 1 
7514 0.033244 0 
7515 0.028167 1 
7516 0.016881 1 
7518 0.011742 1 
7519 0.033909 1 
7515 0.105782 0 
7516 0.089500 0 
7518 0.057249 0 
7519 0.041015 0 
7520 0.024857 0 
7520 0.031539 1 
7521 0.036940 1 
7522 0.020646 1 
7523 0.021885 1 
7524 0.020183 1 
7523 0.042112 0 
7524 0.025958 0 
7525 0.024359 0 
7525 0.033505 1 
7526 0.021226 0 
7526 0.034502 1 
7527 0.019253 1 
7528 0.016609 1 
7529 0.020663 1 
7531 0.044290 1 
7527 0.126989 0 
7528 0.111003 0 
7529 0.094547 0 
7531 0.062233 0 
7532 0.045798 0 
7533 0.029523 0 
7532 0.066684 1 
7533 0.050429 1 
7534 0.034208 1 
7535 0.025731 1 
7536 0.026659 1 
7537 0.035721 0 
7537 0.037429 1 
7539 0.023044 1 
7539 0.031083 0 
7540 0.014892 0 
7540 0.027438 1 
7541 0.022883 1 
7541 0.029727 0 
7542 0.013316 0 
7542 0.067546 1 
7544 0.035364 1 
7545 0.021962 1 
7544 0.043032 0 
7545 0.026851 0 
7546 0.010712 0 
7546 0.027173 1 
7547 0.026645 1 
7549 0.016461 1 
7550 0.029167 0 
7550 0.053294 1 
7551 0.042157 0 
7551 0.051592 1 
7552 0.034807 1 
7552 0.041126 0 
7553 0.024966 0 
7553 0.042829 1 
7554 0.026708 1 
7554 0.062107 0 
7556 0.029534 0 
7557 0.013235 0 
7556 0.040450 1 
7558 0.034364 0 
7559 0.047357 0 
7560 0.031156 0 
7561 0.054566 0 
7562 0.038282 0 
7563 0.022093 0 
7557 0.147521 1 
7558 0.131710 1 
7564 0.057415 0 
7566 0.024614 0 
7567 0.036216 0 
7568 0.019884 0 
7569 0.025478 0 
7570 0.009259 0 
7559 0.209029 1 
7560 0.192828 1 
7561 0.176663 1 
7562 0.160536 1 
7563 0.144341 1 
7571 0.034897 0 
7564 0.175243 1 
7566 0.142441 1 
7567 0.126512 1 
7568 0.110152 1 
7569 0.103580 1 
7570 0.096641 1 
7571 0.080458 1 
7572 0.064384 1 
7573 0.048269 1 
7574 0.031962 1 
7575 0.038133 1 
7572 0.090298 0 
7573 0.074046 0 
7574 0.057823 0 
7576 0.025389 0 
7577 0.044165 0 
7578 0.027935 0 
7579 0.023171 0 
7580 0.006960 0 
7576 0.170982 1 
7577 0.154782 1 
7581 0.099408 0 
7582 0.083294 0 
7583 0.066830 0 
7584 0.050539 0 
7585 0.034436 0 
7586 0.018240 0 
7587 0.046535 0 
7578 0.196720 1 
7588 0.036199 0 
7589 0.020010 0 
7579 0.226533 1 
7580 0.210326 1 
7581 0.194258 1 
7582 0.178123 1 
7583 0.178243 1 
7584 0.161882 1 
7585 0.145857 1 
7586 0.129657 1 
7587 0.113502 1 
7588 0.097347 1 
7589 0.081320 1 
7590 0.073000 0 
7591 0.056773 0 
7593 0.024288 0 
7594 0.030844 0 
7595 0.040284 0 
7596 0.024048 0 
7590 0.122866 1 
7591 0.106633 1 
7593 0.074399 1 
7594 0.058109 1 
7595 0.041893 1 
7597 0.018156 0 
7596 0.058423 1 
7597 0.053150 1 
7598 0.036295 1 
7599 0.020818 1 
7600 0.031380 1 
7598 0.077135 0 
7599 0.063073 0 
7600 0.047030 0 
7602 0.022728 1 
7602 0.022844 0 
7603 0.016213 1 
7604 0.022660 1 
7604 0.058697 0 
7605 0.042440 0 
7607 0.022257 0 
7607 0.054596 1 
7609 0.042214 1 
7610 0.035807 1 
7609 0.062358 0 
7610 0.045935 0 
7611 0.031619 1 
7612 0.026906 1 
7611 0.057406 0 
7612 0.041356 0 
7615 0.015189 0 
7616 0.014522 0 
7615 0.039989 1 
7616 0.023769 1 
7617 0.022876 0 
7618 0.051501 0 
7619 0.035116 0 
7617 0.090123 1 
7618 0.080964 1 
7619 0.064567 1 
7620 0.048375 1 
7621 0.032187 1 
7622 0.069478 1 
7623 0.053277 1 
7624 0.036945 1 
7625 0.020617 1 
7620 0.118401 0 
7621 0.102486 0 
7626 0.031410 0 
7626 0.047700 1 
7628 0.042021 1 
7630 0.032800 1 
7631 0.024937 1 
7632 0.024732 1 
7628 0.097210 0 
7630 0.073202 0 
7631 0.056975 0 
7632 0.040778 0 
7633 0.024229 0 
7634 0.010409 0 
7634 0.029027 1 
7635 0.012857 1 
7635 0.020992 0 
7636 0.017819 0 
7636 0.021310 1 
7638 0.009314 1 
7639 0.059444 1 
7640 0.043271 1 
7638 0.092136 0 
7641 0.043507 1 
7642 0.027335 1 
7643 0.011054 1 
7641 0.081663 0 
7642 0.065441 0 
7643 0.049234 0 
7644 0.032978 0 
7645 0.016812 0 
7644 0.040986 1 
7645 0.036891 1 
7646 0.020550 1 
7646 0.032000 0 
7647 0.015491 0 
7648 0.021560 0 
7647 0.037954 1 
7648 0.042922 1 
7649 0.026718 1 
7650 0.020823 1 
7651 0.025213 1 
7652 0.037136 1 
7649 0.116699 0 
7650 0.100455 0 
7651 0.084209 0 
7652 0.068073 0 
7654 0.053236 1 
7655 0.036797 1 
7654 0.067970 0 
7655 0.051528 0 
7656 0.040443 0 
7657 0.024200 0 
7658 0.008077 0 
7656 0.045934 1 
7657 0.048637 1 
7658 0.032526 1 
7659 0.023470 0 
7660 0.007245 0 
7659 0.042392 1 
7660 0.026170 1 
7661 0.013234 1 
7662 0.006882 1 
7663 0.028306 1 
7662 0.050373 0 
7665 0.026126 1 
7667 0.013924 1 
7668 0.022313 1 
7665 0.088433 0 
7667 0.056214 0 
7668 0.055588 0 
7669 0.039319 0 
7670 0.022964 0 
7669 0.045500 1 
7670 0.029072 1 
7671 0.024575 1 
7672 0.029975 1 
7673 0.025986 1 
7671 0.067277 0 
7675 0.045426 1 
7676 0.052617 1 
7677 0.036186 1 
7678 0.033890 1 
7675 0.095153 0 
7680 0.038096 1 
7678 0.096977 0 
7680 0.064342 0 
7682 0.031832 0 
7682 0.051814 1 
7683 0.035609 1 
7684 0.030879 1 
7683 0.064010 0 
7686 0.024310 1 
7687 0.015067 1 
7688 0.057703 1 
7690 0.025519 1 
7686 0.092497 0 
7687 0.076220 0 
7691 0.016894 0 
7691 0.032627 1 
7692 0.030060 0 
7692 0.032665 1 
7693 0.016258 1 
7693 0.050708 0 
7694 0.034565 0 
7695 0.018311 0 
7694 0.041453 1 
7695 0.035093 1 
7696 0.018849 1 
7697 0.055660 0 
7698 0.039311 0 
7699 0.023035 0 
7697 0.122596 1 
7700 0.081536 0 
7701 0.065298 0 
7702 0.048949 0 
7703 0.032881 0 
7698 0.117276 1 
7699 0.101013 1 
7700 0.084896 1 
7701 0.068646 1 
7702 0.052215 1 
7703 0.036557 1 
7704 0.020287 1 
7705 0.042758 1 
7706 0.026534 1 
7704 0.068854 0 
7706 0.036241 0 
7707 0.020070 0 
7707 0.036758 1 
7709 0.031515 1 
7710 0.015289 1 
7711 0.020423 1 
7712 0.017254 1 
7713 0.020636 1 
7710 0.070330 0 
7711 0.054137 0 
7712 0.033522 0 
7713 0.021745 0 
7714 0.034252 1 
7714 0.040740 0 
7715 0.024582 0 
7715 0.033541 1 
7717 0.012851 1 
7717 0.038263 0 
7718 0.024004 1 
7719 0.021457 1 
7718 0.054334 0 
7720 0.036172 0 
7721 0.019958 0 
7720 0.053620 1 
7722 0.022714 0 
7721 0.154153 1 
7723 0.125048 0 
7724 0.108526 0 
7722 0.142943 1 
7723 0.126697 1 
7724 0.110098 1 
7725 0.093935 1 
7726 0.092145 0 
7727 0.075896 0 
7728 0.059755 0 
7726 0.093051 1 
7727 0.076873 1 
7728 0.060724 1 
7730 0.086770 1 
7731 0.070519 1 
7732 0.054182 1 
7733 0.038106 1 
7734 0.042673 1 
7735 0.026475 1 
7736 0.016463 1 
7730 0.137769 0 
7731 0.121509 0 
7732 0.105163 0 
7733 0.089067 0 
7735 0.056581 0 
7738 0.019855 1 
7739 0.029711 1 
7740 0.059053 1 
7741 0.042739 1 
7743 0.017133 1 
7744 0.021969 1 
7738 0.127795 0 
7739 0.111541 0 
7741 0.079046 0 
7743 0.046623 0 
7744 0.030345 0 
7745 0.061390 0 
7746 0.045255 0 
7745 0.064012 1 
7746 0.047752 1 
7748 0.031162 0 
7748 0.035976 1 
7749 0.024866 0 
7749 0.035429 1 
7750 0.019288 1 
7751 0.064642 1 
7752 0.048704 1 
7753 0.032473 1 
7750 0.093307 0 
7755 0.028861 0 
7755 0.034325 1 
7756 0.017982 1 
7756 0.065694 0 
7757 0.049329 0 
7758 0.032868 0 
7759 0.016886 0 
7760 0.011832 0 
7758 0.051572 1 
7759 0.043799 1 
7760 0.039557 1 
7761 0.038730 1 
7762 0.022555 1 
7763 0.015838 1 
7761 0.082340 0 
7762 0.066314 0 
7765 0.017791 0 
7765 0.029386 1 
7766 0.022111 1 
7767 0.016115 1 
7766 0.048520 0 
7767 0.032275 0 
7768 0.019580 1 
7769 0.020385 1 
7768 0.058350 0 
7770 0.025918 0 
7771 0.045436 0 
7772 0.065418 0 
7773 0.048926 0 
7770 0.098787 1 
7771 0.082584 1 
7772 0.066282 1 
7773 0.049841 1 
7774 0.037523 1 
7775 0.021269 1 
7776 0.036342 1 
7777 0.043721 1 
7778 0.027503 1 
7779 0.017671 1 
7774 0.110133 0 
7775 0.093878 0 
7776 0.077604 0 
7777 0.061558 0 
7778 0.045389 0 
7779 0.029252 0 
7780 0.014978 1 
7781 0.021988 1 
7782 0.015618 1 
7780 0.061304 0 
7781 0.045046 0 
7782 0.028784 0 
7783 0.036627 1 
7784 0.020368 1 
7785 0.022192 1 
7784 0.042738 0 
7785 0.026363 0 
7786 0.024761 1 
7787 0.018299 1 
7786 0.036121 0 
7788 0.017105 1 
7789 0.020739 0 
7789 0.039791 1 
7790 0.023513 1 
7792 0.020673 1 
7793 0.037741 1 
7794 0.026248 0 
7795 0.024105 0 
7796 0.007877 0 
7797 0.011265 0 
7794 0.066952 1 
7795 0.050708 1 
7798 0.004213 0 
7796 0.038738 1 
7797 0.038767 1 
7799 0.015415 0 
7798 0.041862 1 
7801 0.009226 0 
7799 0.044658 1 
7802 0.011722 0 
7803 0.005222 0 
7804 0.009201 0 
7801 0.079642 1 
7802 0.063403 1 
7803 0.047276 1 
7806 0.020573 0 
7808 0.020211 0 
7809 0.008825 0 
7810 0.010561 0 
7811 0.018870 0 
7808 0.080356 1 
7809 0.064191 1 
7814 0.033012 0 
7815 0.016994 0 
7816 0.009487 0 
7810 0.115424 1 
7817 0.039407 0 
7818 0.023193 0 
7811 0.137622 1 
7814 0.089404 1 
7815 0.073371 1 
7816 0.057139 1 
7819 0.016469 0 
7820 0.014209 0 
7821 0.023807 0 
7822 0.007543 0 
7823 0.012895 0 
7817 0.126266 1 
7818 0.109901 1 
7819 0.093649 1 
7820 0.077526 1 
7824 0.018733 0 
7825 0.019714 0 
7821 0.094053 1 
7822 0.077789 1 
7823 0.061523 1 
7824 0.045309 1 
7825 0.029199 1 
7827 0.018298 0 
7827 0.039171 1 
7829 0.015443 1 
7829 0.038146 0 
7830 0.021934 0 
7830 0.030062 1 
7831 0.025462 1 
7832 0.010296 0 
7833 0.016864 0 
7832 0.041655 1 
7834 0.020763 0 
7835 0.015538 0 
7833 0.069570 1 
7834 0.053304 1 
7835 0.037170 1 
7837 0.016337 1 
7838 0.029072 0 
7839 0.012847 0 
7840 0.021261 0 
7841 0.014675 0 
7838 0.070270 1 
7842 0.017935 0 
7843 0.006215 0 
7839 0.092678 1 
7840 0.076435 1 
7841 0.060194 1 
7842 0.043979 1 
7843 0.027781 1 
7844 0.011568 0 
7844 0.024617 1 
7845 0.014355 0 
7846 0.009436 0 
7847 0.020420 0 
7848 0.013456 0 
7849 0.005960 0 
7845 0.084682 1 
7846 0.067925 1 
7850 0.013450 0 
7851 0.005334 0 
7853 0.028721 0 
7854 0.021603 0 
7855 0.015061 0 
7847 0.151387 1 
7848 0.135170 1 
7849 0.118779 1 
7850 0.102484 1 
7856 0.017130 0 
7857 0.012844 0 
7851 0.114897 1 
7853 0.082227 1 
7858 0.012582 0 
7859 0.015844 0 
7860 0.009453 0 
7861 0.009659 0 
7854 0.130620 1 
7855 0.115275 1 
7856 0.099155 1 
7857 0.082855 1 
7862 0.025253 0 
7864 0.012029 0 
7858 0.135319 1 
7859 0.119127 1 
7860 0.103358 1 
7861 0.087093 1 
7862 0.070879 1 
7866 0.015193 0 
7867 0.007721 0 
7864 0.060453 1 
7866 0.038909 1 
7867 0.022659 1 
7868 0.006660 0 
7869 0.021505 0 
7870 0.008435 0 
7868 0.086301 1 
7871 0.037345 0 
7872 0.021202 0 
7869 0.070338 1 
7870 0.054173 1 
7871 0.059034 1 
7872 0.043943 1 
7874 0.011482 0 
7874 0.019824 1 
7875 0.015687 1 
7876 0.007761 0 
7876 0.042756 1 
7877 0.027098 1 
7879 0.009242 0 
7879 0.034079 1 
7881 0.013839 0 
7881 0.026054 1 
7882 0.014085 0 
7882 0.023019 1 
7883 0.033703 0 
7885 0.005686 0 
7886 0.015162 0 
7887 0.013859 0 
7883 0.082561 1 
7885 0.073881 1 
7886 0.057637 1 
7887 0.041479 1 
7889 0.011264 0 
7890 0.019251 0 
7891 0.011980 0 
7889 0.049948 1 
7890 0.033721 1 
7892 0.023416 0 
7893 0.007185 0 
7891 0.071747 1 
7892 0.055463 1 
7893 0.039309 1 
7894 0.022988 1 
7895 0.011936 0 
7896 0.016263 0 
7895 0.049062 1 
7897 0.023969 0 
7898 0.007628 0 
7899 0.013106 0 
7896 0.075431 1 
7897 0.059146 1 
7898 0.042869 1 
7899 0.038028 1 
7900 0.022092 1 
7901 0.009968 0 
7901 0.019176 1 
7902 0.009490 0 
7903 0.013650 0 
7902 0.043258 1 
7903 0.027073 1 
7904 0.013250 0 
7905 0.010226 0 
7904 0.026693 1 
7906 0.014833 0 
7905 0.035098 1 
7906 0.032574 1 
7908 0.023823 0 
7909 0.007570 0 
7908 0.043798 1 
7910 0.019567 0 
7909 0.040833 1 
7911 0.018537 0 
7911 0.024131 1 
7912 0.008955 0 
7913 0.008816 0 
7912 0.027923 1 
7914 0.005350 0 
7913 0.053661 1 
7914 0.037524 1 
7916 0.023303 1 
7917 0.008636 0 
7918 0.012427 0 
7919 0.007417 0 
7920 0.013517 0 
7917 0.070680 1 
7918 0.054448 1 
7919 0.038582 1 
7921 0.012500 0 
7920 0.037248 1 
7921 0.048208 1 
7922 0.031789 1 
7923 0.015666 1 
7924 0.010035 0 
7925 0.027843 0 
7924 0.046906 1 
7925 0.031285 1 
7926 0.021476 1 
7926 0.028344 0 
7927 0.012120 0 
7927 0.045414 1 
7929 0.023902 0 
7930 0.019972 0 
7929 0.037833 1 
7931 0.013942 0 
7930 0.044792 1 
7932 0.028829 0 
7933 0.012585 0 
7931 0.059615 1 
7932 0.043471 1 
7934 0.029078 0 
7935 0.012912 0 
7933 0.055517 1 
7934 0.039149 1 
7935 0.040912 1 
7937 0.008543 0 
7937 0.029031 1 
7938 0.013228 0 
7938 0.028335 1 
7939 0.018558 0 
7939 0.034034 1 
7940 0.019691 0 
7940 0.036430 1 
7942 0.021493 1 
7943 0.018367 0 
7944 0.014273 0 
7944 0.024482 1 
7945 0.028722 0 
7945 0.045032 1 
7947 0.020770 0 
7948 0.006512 0 
7947 0.034711 1 
7948 0.018344 1 
7949 0.015817 0 
7949 0.021268 1 
7950 0.015885 0 
7950 0.020301 1 
7951 0.006061 0 
7951 0.024013 1 
7952 0.016032 0 
7954 0.011221 0 
7955 0.016982 0 
7952 0.084235 1 
7954 0.051564 1 
7955 0.035493 1 
7956 0.019245 0 
7956 0.026492 1 
7957 0.012879 0 
7957 0.019494 1 
7958 0.012966 0 
7959 0.013881 0 
7960 0.014936 0 
7961 0.012644 0 
7958 0.061730 1 
7959 0.045477 1 
7960 0.035052 1 
7962 0.018270 0 
7961 0.046237 1 
7962 0.029850 1 
7964 0.006233 0 
7965 0.028982 0 
7966 0.012698 0 
7964 0.056213 1 
7965 0.039952 1 
7966 0.023743 1 
7967 0.014765 0 
7967 0.022469 1 
7968 0.011621 1 
7969 0.012636 0 
7969 0.024104 1 
7970 0.016397 0 
7971 0.018386 0 
7970 0.039548 1 
7971 0.023248 1 
7972 0.018868 0 
7973 0.014248 0 
7972 0.040321 1 
7973 0.024108 1 
7974 0.008985 0 
7974 0.025882 1 
7975 0.011086 0 
7975 0.014397 1 
7976 0.006509 0 
7976 0.014380 1 
7977 0.013404 0 
7978 0.043495 0 
7979 0.027265 0 
7980 0.011773 0 
7977 0.073253 1 
7978 0.057017 1 
7979 0.040769 1 
7980 0.024543 1 
7981 0.008189 0 
7981 0.022960 1 
7982 0.007675 0 
7983 0.019170 0 
7984 0.008525 0 
7982 0.057646 1 
7985 0.011549 0 
7983 0.049910 1 
7984 0.033645 1 
7985 0.017488 1 
7986 0.015725 1 
7987 0.009388 0 
7988 0.012402 0 
7987 0.031574 1 
7988 0.023791 1 
7989 0.009619 0 
7989 0.013430 1 
7991 0.008769 0 
7992 0.006419 0 
7991 0.029854 1 
7992 0.022299 1 
7993 0.015667 0 
7994 0.021057 0 
7995 0.004867 0 
7993 0.044029 1 
7994 0.027806 1 
7996 0.013999 0 
7997 0.009908 0 
7995 0.057370 1 
7998 0.024622 0 
8000 0.012906 0 
7996 0.083207 1 
7997 0.066948 1 
8001 0.012322 0 
7998 0.072540 1 
8002 0.008428 0 
8000 0.046900 1 
8001 0.030656 1 
8003 0.003565 0 
8005 0.012278 0 
8005 0.012343 1 
8007 0.018270 1 
8008 0.010174 0 
8009 0.011497 0 
8010 0.021874 0 
8008 0.056388 1 
8009 0.043869 1 
8010 0.049661 1 
8013 0.016293 0 
8014 0.011274 0 
8015 0.009823 0 
8013 0.054925 1 
8014 0.057247 1 
8016 0.034577 0 
8017 0.018416 0 
8015 0.069236 1 
8016 0.052857 1 
8017 0.036753 1 
8018 0.021463 0 
8019 0.020183 0 
8019 0.024916 1 
8020 0.009896 0 
8021 0.008980 0 
8020 0.043996 1 
8022 0.022744 0 
8023 0.006635 0 
8024 0.007298 0 
8021 0.066248 1 
8022 0.050057 1 
8023 0.034004 1 
8024 0.029320 1 
8026 0.009150 0 
8026 0.040686 1 
8028 0.025503 0 
8028 0.028645 1 
8029 0.020692 0 
8030 0.006451 0 
8029 0.025819 1 
8030 0.020201 1 
8031 0.014714 1 
8031 0.019523 0 
8032 0.011122 0 
8032 0.012577 1 
8033 0.007086 0 
8034 0.010577 0 
8033 0.031595 1 
8034 0.044046 1 
8036 0.025377 0 
8037 0.009200 0 
8036 0.029554 1 
8037 0.026725 1 
8038 0.013392 0 
8038 0.021869 1 
8039 0.009211 1 
8040 0.006209 0 
8041 0.014328 0 
8042 0.013296 0 
8040 0.046460 1 
8041 0.030026 1 
8042 0.019088 1 
8043 0.009383 0 
8043 0.012227 1 
8044 0.006756 0 
8044 0.015399 1 
8045 0.007123 0 
8045 0.014509 1 
8046 0.015636 0 
8046 0.015847 1 
8047 0.024629 1 
8048 0.017656 0 
8049 0.014433 0 
8050 0.007401 0 
8048 0.067739 1 
8049 0.051457 1 
8050 0.035312 1 
8052 0.011469 0 
8052 0.027543 1 
8053 0.015605 0 
8053 0.027190 1 
8054 0.019327 0 
8055 0.012939 0 
8054 0.032245 1 
8055 0.024214 1 
8056 0.015235 1 
8056 0.017032 0 
8057 0.004377 0 
8057 0.012905 1 
8058 0.021460 0 
8059 0.009636 0 
8059 0.022062 1 
8060 0.007997 0 
8061 0.006400 0 
8060 0.044490 1 
8061 0.028259 1 
8063 0.013852 0 
8063 0.013917 1 
8065 0.005295 0 
8065 0.021131 1 
8066 0.009093 0 
8066 0.023540 1 
8067 0.011654 0 
8067 0.019806 1 
8068 0.008577 0 
8068 0.019001 1 
8069 0.012863 0 
8069 0.021302 1 
8070 0.010019 1 
8071 0.018830 0 
8071 0.031272 1 
8073 0.013450 0 
8074 0.015255 0 
8073 0.036401 1 
8074 0.020132 1 
8075 0.011016 0 
8076 0.015633 1 
8076 0.017942 0 
8078 0.013257 0 
8078 0.024011 1 
8080 0.013461 1 
8080 0.017577 0 
8081 0.009802 0 
8081 0.021264 1 
8082 0.010484 0 
8082 0.015124 1 
8084 0.008558 0 
8085 0.009990 0 
8086 0.011127 0 
8084 0.046688 1 
8085 0.038165 1 
8086 0.022926 1 
8088 0.012426 0 
8088 0.021854 1 
8089 0.008616 1 
8089 0.018418 0 
8090 0.022371 1 
8091 0.012141 0 
8091 0.015066 1 
8092 0.005638 0 
8093 0.011950 0 
8092 0.034144 1 
8093 0.020971 1 
8094 0.008210 0 
8094 0.019631 1 
8095 0.021840 0 
8095 0.022970 1 
8096 0.013423 0 
8097 0.010744 0 
8098 0.006754 0 
8096 0.043643 1 
8097 0.027394 1 
8098 0.023732 1 
8099 0.017207 1 
8099 0.019936 0 
8100 0.014491 0 
8101 0.005205 0 
8100 0.023297 1 
8101 0.009605 1 
8102 0.007726 0 
8102 0.009496 1 
8103 0.018674 0 
8104 0.006481 0 
8105 0.009087 0 
8103 0.053663 1 
8104 0.037414 1 
8105 0.033047 1 
8107 0.014925 1 
8108 0.013141 0 
8108 0.018051 1 
8109 0.012589 0 
8109 0.018465 1 
8110 0.007367 0 
8110 0.020130 1 
8111 0.012157 0 
8111 0.031362 1 
8112 0.015044 1 
8112 0.027825 0 
8113 0.011621 0 
8113 0.021687 1 
8115 0.025152 1 
8115 0.030825 0 
8116 0.014605 0 
8116 0.029278 1 
8117 0.013906 0 
8117 0.015009 1 
8118 0.024104 1 
8119 0.016968 0 
8119 0.026311 1 
8120 0.010076 1 
8121 0.022038 0 
8122 0.021273 0 
8122 0.029886 1 
8123 0.013642 1 
8123 0.025120 0 
8124 0.019807 0 
8125 0.007662 0 
8126 0.007285 0 
8124 0.049432 1 
8125 0.033206 1 
8126 0.030969 1 
8128 0.021971 0 
8128 0.044105 1 
8129 0.027721 1 
8130 0.019058 1 
8131 0.017227 1 
8129 0.049727 0 
8131 0.017537 0 
8132 0.012488 0 
8132 0.015129 1 
8133 0.013342 0 
8134 0.005981 0 
8133 0.040706 1 
8136 0.010291 0 
8134 0.046362 1 
8136 0.017022 1 
8137 0.008297 0 
8137 0.018041 1 
8138 0.013029 0 
8138 0.018043 1 
8139 0.007180 1 
8139 0.024662 0 
8141 0.016613 0 
8142 0.014707 0 
8141 0.035711 1 
8142 0.022182 1 
8143 0.009222 0 
8144 0.022566 0 
8143 0.040214 1 
8146 0.012670 0 
8146 0.038704 1 
8147 0.030877 0 
8148 0.014664 0 
8147 0.037334 1 
8149 0.011106 0 
8148 0.029548 1 
8149 0.013310 1 
8150 0.015328 0 
8151 0.009207 0 
8150 0.027082 1 
8151 0.030944 1 
8153 0.009831 0 
8154 0.010163 0 
8153 0.040361 1 
8154 0.024845 1 
8155 0.014035 0 
8156 0.019889 0 
8156 0.022286 1 
8157 0.026788 0 
8158 0.010551 0 
8157 0.027797 1 
8159 0.025908 0 
8160 0.015855 0 
8161 0.010699 0 
8158 0.059804 1 
8159 0.043583 1 
8160 0.027405 1 
8161 0.016653 1 
8163 0.016589 0 
8163 0.018272 1 
8164 0.007080 0 
8164 0.011095 1 
8165 0.017075 0 
8165 0.025633 1 
8166 0.011761 1 
8167 0.012460 1 
8167 0.014924 0 
8168 0.006344 0 
8168 0.008672 1 
8169 0.008387 0 
8169 0.021855 1 
8170 0.015073 1 
8171 0.028474 0 
8172 0.012138 0 
8171 0.029832 1 
8173 0.010392 0 
8174 0.012257 0 
8175 0.017048 0 
8176 0.005069 0 
8177 0.007294 0 
8178 0.016732 0 
8172 0.117047 1 
8173 0.100814 1 
8174 0.084513 1 
8179 0.021574 0 
8180 0.014218 0 
8181 0.013385 0 
8182 0.014659 0 
8183 0.012628 0 
8184 0.012042 0 
8175 0.173385 1 
8176 0.157129 1 
8177 0.140984 1 
8178 0.124300 1 
8179 0.108277 1 
8180 0.092107 1 
8181 0.075944 1 
8182 0.059688 1 
8183 0.043809 1 
8184 0.027576 1 
8185 0.014819 0 
8186 0.010585 0 
8185 0.036685 1 
8186 0.020490 1 
8187 0.008510 0 
8188 0.005780 0 
8187 0.022955 1 
8188 0.023087 1 
8190 0.013813 0 
8191 0.011106 0 
8190 0.034776 1 
8192 0.012099 0 
8191 0.037591 1 
8192 0.022763 1 
8193 0.016467 0 
8193 0.020822 1 
8194 0.008922 0 
8194 0.013937 1 
8195 0.019756 0 
8195 0.022926 1 
8196 0.006699 1 
8196 0.010181 0 
8197 0.017298 0 
8197 0.019512 1 
8199 0.019199 0 
8199 0.025059 1 
8200 0.017512 1 
8201 0.012529 0 
8202 0.009441 0 
8204 0.009692 0 
8206 0.016609 0 
8207 0.021024 0 
8208 0.020550 0 
8209 0.020306 0 
8212 0.008706 0 
8213 0.015295 0 
8214 0.045464 0 
8215 0.029202 0 
8216 0.013901 0 
8217 0.021820 0 
8218 0.005885 0 
8219 0.017357 0 
8220 0.012716 0 
8221 0.009207 0 
8222 0.016121 0 
8223 0.009141 0 
8225 0.008852 0 
8227 0.022635 0 
8228 0.006356 0 
8229 0.014002 0 
8230 0.010569 0 
8231 0.009710 0 
8232 0.005284 0 
8233 0.008144 0 
8235 0.016471 0 
8236 0.011528 0 
8237 0.012240 0 
8238 0.009319 0 
8239 0.011938 0 
8240 0.011264 0 
8241 0.014102 0 
8242 0.016959 0 
8243 0.016695 0 
8244 0.005193 0 
8245 0.015506 0 
8246 0.010857 0 
8247 0.018468 0 
8248 0.010646 0 
8249 0.022580 0 
8251 0.015360 0 
8252 0.006694 0 
8253 0.022247 0 
8254 0.016447 0 
8255 0.017839 0 
8256 0.006870 0 
8257 0.011109 0 
8258 0.009399 0 
8259 0.008835 0 
8260 0.011967 0 
8262 0.013479 0 
8264 0.010015 0 
8265 0.010250 0 
8266 0.016185 0 
8267 0.008904 0 
8268 0.011676 0 
8269 0.011877 0 
8270 0.010725 0 
8272 0.014503 0 
8273 0.012523 0 
8274 0.006495 0 
8275 0.005742 0 
8277 0.009265 0 
8279 0.012004 0 
8280 0.011839 0 
8281 0.014769 0 
8283 0.012485 0 
8284 0.010499 0 
8285 0.016532 0 
8287 0.016385 0 
8288 0.011372 0 
8289 0.011073 0 
8290 0.047833 0 
8291 0.032027 0 
8292 0.015809 0 
8293 0.021174 0 
8294 0.021320 0 
8295 0.012658 0 
8296 0.011707 0 
8297 0.032226 0 
8298 0.016182 0 
8299 0.016660 0 
8300 0.016269 0 
8301 0.019243 0 
8302 0.017544 0 
8303 0.028164 0 
8304 0.011756 0 
8306 0.016526 0 
8307 0.014259 0 
8308 0.004591 0 
8309 0.008604 0 
8310 0.011310 0 
8311 0.025527 0 
8312 0.009870 0 
8314 0.011908 0 
8315 0.023185 0 
8316 0.006932 0 
8317 0.013228 0 
8318 0.024920 0 
8319 0.008733 0 
8320 0.009636 0 
8321 0.012650 0 
8322 0.013183 0 
8323 0.012011 0 
8324 0.015797 0 
8325 0.022184 0 
8327 0.019249 0 
8328 0.021570 0 
8329 0.013957 0 
8330 0.013583 0 
8331 0.016094 0 
8332 0.007970 0 
8333 0.017923 0 
8335 0.026736 0 
8336 0.010541 0 
8337 0.015480 0 
8338 0.028477 0 
8340 0.010571 0 
8341 0.009095 0 
8342 0.020104 0 
8343 0.019541 0 
8345 0.009679 0 
8346 0.005589 0 
8347 0.007568 0 
8348 0.011367 0 
8349 0.008648 0 
8350 0.012074 0 
8352 0.008887 0 
8353 0.015343 0 
8354 0.015139 0 
8355 0.014515 0 
8356 0.006901 0 
8357 0.005990 0 
8358 0.015368 0 
8359 0.012539 0 
8360 0.008581 0 
8362 0.017144 0 
8363 0.013284 0 
8364 0.008021 0 
8365 0.007393 0 
8366 0.023894 0 
8367 0.007642 0 
8368 0.004625 0 
8369 0.008534 0 
8370 0.010804 0 
8371 0.011231 0 
8372 0.008512 0 
8373 0.010970 0 
8374 0.009103 0 
8375 0.009119 0 
8376 0.008760 0 
8377 0.008171 0 
8378 0.005271 0 
8379 0.013700 0 
8380 0.008990 0 
8381 0.009228 0 
8382 0.011029 0 
8383 0.013661 0 
8384 0.010278 0 
8385 0.015688 0 
8386 0.006914 0 
8387 0.008533 0 
8389 0.010478 0 
8390 0.019794 0 
8391 0.012604 0 
8392 0.012915 0 
8393 0.015236 0 
8394 0.006577 0 
8395 0.014676 0 
8396 0.007445 0 
8398 0.019791 0 
8399 0.018264 0 
8400 0.004283 0 
8401 0.011173 0 
8403 0.010987 0 
8405 0.009399 0 
8406 0.026700 0 
8407 0.016235 0 
8408 0.015781 0 
8411 0.009283 0 
8412 0.006903 0 
8413 0.047106 0 
8414 0.030765 0 
8415 0.014534 0 
8416 0.011650 0 
8417 0.024419 0 
8418 0.010962 0 
8419 0.006746 0 
8420 0.006395 0 
8421 0.007011 0 
8422 0.023228 0 
8424 0.012474 0 
8426 0.020319 0 
8427 0.012599 0 
8428 0.006632 0 
8429 0.013629 0 
8430 0.016533 0 
8431 0.013761 0 
8432 0.007226 0 
8434 0.012738 0 
8435 0.013820 0 
8436 0.011698 0 
8437 0.005802 0 
8438 0.011944 0 
8439 0.011769 0 
8440 0.009472 0 
8441 0.008644 0 
8442 0.008168 0 
8443 0.015542 0 
8444 0.012939 0 
8445 0.011887 0 
8446 0.011315 0 
8447 0.010594 0 
8448 0.009553 0 
8450 0.029005 0 
8451 0.012502 0 
8452 0.024879 0 
8453 0.022042 0 
8454 0.007100 0 
8455 0.014236 0 
8456 0.007632 0 
8457 0.006889 0 
8458 0.018273 0 
8459 0.006583 0 
8461 0.016812 0 
8463 0.013728 0 
8464 0.011344 0 
8465 0.011423 0 
8466 0.007341 0 
8467 0.010218 0 
8468 0.005501 0 
8469 0.009730 0 
8471 0.008940 0 
8472 0.010634 0 
8473 0.006251 0 
8474 0.007356 0 
8476 0.013463 0 
8478 0.017675 0 
8479 0.007607 0 
8480 0.008683 0 
8482 0.006958 0 
8483 0.017061 0 
8484 0.010866 0 
8486 0.007196 0 
8487 0.007483 0 
8488 0.020367 0 
8489 0.021910 0 
8490 0.005712 0 
8491 0.012189 0 
8492 0.018654 0 
8493 0.020226 0 
8494 0.003462 0 
8495 0.013314 0 
8496 0.019787 0 
8497 0.009095 0 
8498 0.016719 0 
8499 0.010154 0 
8500 0.016651 0 
8501 0.011751 0 
8502 0.004999 0 
8503 0.011030 0 
8505 0.012337 0 
8506 0.018483 0 
8507 0.008515 0 
8508 0.020744 0 
8509 0.007569 0 
8510 0.025424 0 
8511 0.009189 0 
8513 0.007842 0 
8514 0.010551 0 
8515 0.009575 0 
8516 0.021449 0 
8517 0.015882 0 
8518 0.016636 0 
8519 0.012303 0 
8520 0.010785 0 
8521 0.012942 0 
8522 0.019611 0 
8523 0.007604 0 
8524 0.007718 0 
8526 0.017808 0 
8527 0.010064 0 
8528 0.009541 0 
8529 0.006319 0 
8530 0.005053 0 
8531 0.005099 0 
8532 0.008593 0 
8534 0.005042 0 
8535 0.006576 0 
8536 0.014890 0 
8537 0.011228 0 
8539 0.007380 0 
8540 0.006607 0 
8541 0.004481 0 
8542 0.004812 0 
8544 0.006315 0 
8545 0.013768 0 
8546 0.015841 0 
8547 0.006199 0 
8548 0.008949 0 
8549 0.009465 0 
8551 0.009925 0 
8552 0.008403 0 
8553 0.009690 0 
8554 0.016805 0 
8555 0.007661 0 
8556 0.008874 0 
8557 0.018576 0 
8558 0.004523 0 
8559 0.010447 0 
8561 0.005186 0 
8562 0.013911 0 
8563 0.008664 0 
8564 0.019767 0 
8565 0.012724 0 
8566 0.010088 0 
8567 0.009696 0 
8568 0.013379 0 
8569 0.009199 0 
8570 0.013203 0 
8571 0.005587 0 
8572 0.011814 0 
8573 0.008757 0 
8574 0.015648 0 
8575 0.006171 0 
8576 0.011887 0 
8577 0.009564 0 
8578 0.012887 0 
8579 0.006623 0 
8580 0.014438 0 
8581 0.012079 0 
8582 0.012203 0 
8583 0.006067 0 
8584 0.009260 0 
8585 0.010730 0 
8586 0.010176 0 
8588 0.013499 0 
8589 0.013693 0 
8590 0.011119 0 
8591 0.008380 0 
8592 0.006801 0 
8593 0.009167 0 
8594 0.007147 0 
8595 0.009892 0 
8597 0.010516 0 
8598 0.018479 0 
8599 0.004376 0 
8600 0.005192 0 
8602 0.013223 0 
8604 0.012605 0 
8605 0.008836 0 
8606 0.021157 0 
8607 0.013944 0 
8610 0.009421 0 
8611 0.005999 0 
8612 0.047165 0 
8613 0.030752 0 
8614 0.014213 0 
8615 0.014312 0 
8616 0.012857 0 
8617 0.013000 0 
8618 0.018951 0 
8619 0.008186 0 
8620 0.006187 0 
8621 0.012565 0 
8623 0.010942 0 
8625 0.016452 0 
8626 0.011986 0 
8627 0.013892 0 
8628 0.011651 0 
8629 0.009516 0 
8630 0.008909 0 
8631 0.006331 0 
8633 0.009795 0 
8634 0.011866 0 
8635 0.004497 0 
8636 0.014804 0 
8637 0.009315 0 
8638 0.006377 0 
8639 0.006621 0 
8640 0.012545 0 
8641 0.007490 0 
8642 0.015349 0 
8643 0.008849 0 
8644 0.010676 0 
8645 0.005980 0 
8646 0.009879 0 
8647 0.004838 0 
8649 0.017069 0 
8650 0.010475 0 
8651 0.020153 0 
8652 0.012751 0 
8653 0.007101 0 
8654 0.022768 0 
8655 0.012759 0 
8656 0.013973 0 
8657 0.010060 0 
8658 0.009588 0 
8660 0.012782 0 
8662 0.012449 0 
8663 0.008404 0 
8664 0.013424 0 
8665 0.007469 0 
8666 0.010913 0 
8667 0.004293 0 
8668 0.008342 0 
8670 0.013555 0 
8671 0.004761 0 
8672 0.009537 0 
8673 0.005881 0 
8675 0.007162 0 
8677 0.011167 0 
8678 0.010674 0 
8679 0.008621 0 
8681 0.012023 0 
8682 0.009045 0 
8683 0.007490 0 
8685 0.010328 0 
8686 0.009523 0 
8687 0.004353 0 
8688 0.013943 0 
8689 0.010325 0 
8690 0.014737 0 
8691 0.005504 0 
8692 0.012697 0 
8693 0.010145 0 
8694 0.006201 0 
8695 0.010290 0 
8696 0.008950 0 
8697 0.007864 0 
8698 0.007915 0 
8699 0.008991 0 
8700 0.010652 0 
8701 0.006599 0 
8702 0.011535 0 
8704 0.014214 0 
8705 0.013312 0 
8706 0.008158 0 
8707 0.012634 0 
8708 0.016596 0 
8709 0.013634 0 
8710 0.012989 0 
8712 0.017803 0 
8713 0.006289 0 
8714 0.011951 0 
8715 0.017584 0 
8716 0.010477 0 
8717 0.008057 0 
8718 0.013381 0 
8719 0.007312 0 
8720 0.013484 0 
8721 0.008165 0 
8722 0.007977 0 
8723 0.006201 0 
8725 0.009786 0 
8726 0.009698 0 
8727 0.011174 0 
8728 0.010830 0 
8729 0.008932 0 
8730 0.007205 0 
8731 0.006435 0 
8733 0.010583 0 
8734 0.011672 0 
8735 0.012912 0 
8736 0.012970 0 
8738 0.010180 0 
8739 0.013198 0 
8740 0.006029 0 
8741 0.007154 0 
8743 0.009690 0 
8744 0.013443 0 
8745 0.005811 0 
8746 0.008121 0 
8747 0.006270 0 
8748 0.010830 0 
8750 0.037591 0 
8751 0.020910 0 
8752 0.021408 0 
8753 0.005314 0 
8754 0.020753 0 
8755 0.004726 0 
8756 0.018280 0 
8757 0.009432 0 
8758 0.014419 0 
8760 0.010076 0 
8761 0.011739 0 
8762 0.013125 0 
8763 0.007205 0 
8764 0.010999 0 
8765 0.009787 0 
8766 0.016352 0 
8767 0.011108 0 
8768 0.018981 0 
8769 0.010370 0 
8770 0.013234 0 
8771 0.011455 0 
8772 0.011965 0 
8773 0.010259 0 
8774 0.014661 0 
8775 0.010683 0 
8776 0.010387 0 
8777 0.008876 0 
8778 0.012103 0 
8779 0.012815 0 
8780 0.013641 0 
8781 0.007150 0 
8782 0.016226 0 
8783 0.006678 0 
8784 0.005846 0 
8785 0.010031 0 
8787 0.009380 0 
8788 0.009423 0 
8789 0.007484 0 
8790 0.007802 0 
8791 0.006782 0 
8792 0.005882 0 
8793 0.005580 0 
8794 0.008887 0 
8796 0.011266 0 
8797 0.007074 0 
8798 0.005074 0 
8799 0.003410 0 
8801 0.006720 0 
8803 0.012911 0 
8804 0.021689 0 
8805 0.013335 0 
8806 0.018036 0 
8809 0.007505 0 
8810 0.008888 0 
8811 0.056684 0 
8812 0.040417 0 
8813 0.024214 0 
8814 0.014038 0 
8815 0.008959 0 
8816 0.010707 0 
8817 0.005761 0 
8818 0.015053 0 
8819 0.008398 0 
8820 0.012585 0 
8822 0.010397 0 
8824 0.014724 0 
8825 0.006049 0 
8826 0.008423 0 
8827 0.006112 0 
8828 0.017442 0 
8829 0.014471 0 
8830 0.011775 0 
8832 0.010018 0 
8833 0.010625 0 
8834 0.006012 0 
8835 0.009705 0 
8836 0.005224 0 
8837 0.012708 0 
8838 0.007895 0 
8839 0.006855 0 
8840 0.011595 0 
8841 0.006697 0 
8842 0.010316 0 
8843 0.007292 0 
8844 0.010743 0 
8845 0.005149 0 
8846 0.009184 0 
8848 0.012534 0 
8849 0.025179 0 
8850 0.010533 0 
8851 0.015264 0 
8852 0.006296 0 
8853 0.016601 0 
8854 0.010959 0 
8855 0.026216 0 
8856 0.010034 0 
8857 0.017339 0 
8859 0.011985 0 
8861 0.010652 0 
8862 0.014027 0 
8863 0.004472 0 
8864 0.009529 0 
8865 0.005306 0 
8866 0.010322 0 
8867 0.021138 0 
8869 0.015703 0 
8870 0.009095 0 
8871 0.015669 0 
8872 0.006138 0 
8874 0.009550 0 
8876 0.019692 0 
8877 0.004631 0 
8878 0.012855 0 
8880 0.015422 0 
8881 0.016236 0 
8882 0.011526 0 
8884 0.010341 0 
8885 0.005275 0 
8886 0.010211 0 
8887 0.013139 0 
8888 0.020383 0 
8889 0.018686 0 
8890 0.012544 0 
8891 0.015676 0 
8892 0.007178 0 
8893 0.018890 0 
8894 0.020841 0 
8895 0.006915 0 
8896 0.014312 0 
8897 0.012295 0 
8898 0.036530 0 
8899 0.028735 0 
8900 0.019325 0 
8901 0.012037 0 
8903 0.008675 0 
8904 0.016636 0 
8905 0.006314 0 
8906 0.024158 0 
8907 0.007943 0 
8908 0.007602 0 
8909 0.013545 0 
8911 0.013825 0 
8912 0.027176 0 
8913 0.010972 0 
8914 0.019533 0 
8915 0.007720 0 
8916 0.014559 0 
8917 0.008381 0 
8918 0.005540 0 
8919 0.017163 0 
8920 0.006874 0 
8921 0.009938 0 
8922 0.006004 0 
8924 0.014599 0 
8925 0.059633 0 
8926 0.046134 0 
8927 0.036719 0 
8928 0.032134 0 
8929 0.015922 0 
8930 0.008366 0 
8932 0.033836 0 
8933 0.017622 0 
8934 0.008571 0 
8935 0.015926 0 
8937 0.009660 0 
8938 0.010585 0 
8939 0.011012 0 
8940 0.006577 0 
8942 0.027118 0 
8943 0.010378 0 
8944 0.010001 0 
8945 0.014377 0 
8946 0.009360 0 
8947 0.007385 0 
8949 0.009004 0 
8950 0.016543 0 
8951 0.009628 0 
8952 0.018041 0 
8953 0.005232 0 
8954 0.008471 0 
8955 0.023899 0 
8956 0.016217 0 
8957 0.009017 0 
8959 0.009912 0 
8960 0.009404 0 
8961 0.008698 0 
8962 0.014734 0 
8963 0.017939 0 
8964 0.012342 0 
8965 0.012681 0 
8966 0.008460 0 
8967 0.008075 0 
8968 0.023834 0 
8969 0.007616 0 
8970 0.007338 0 
8971 0.014511 0 
8972 0.010227 0 
8973 0.011115 0 
8974 0.029366 0 
8975 0.013109 0 
8976 0.009517 0 
8977 0.013402 0 
8978 0.008376 0 
8979 0.008475 0 
8980 0.036415 0 
8981 0.020191 0 
8982 0.008231 0 
8983 0.006789 0 
8984 0.010825 0 
8986 0.022161 0 
8987 0.013705 0 
8988 0.013841 0 
8989 0.015466 0 
8990 0.013263 0 
8991 0.011858 0 
8992 0.010622 0 
8993 0.020804 0 
8995 0.023451 0 
8996 0.010537 0 
8997 0.011104 0 
8998 0.007622 0 
9000 0.012529 0 
9002 0.016602 0 
9003 0.014636 0 
9004 0.027014 0 
9005 0.016831 0 
9008 0.019335 0 
9009 0.011600 0 
9010 0.048609 0 
9011 0.032315 0 
9012 0.016143 0 
9013 0.025829 0 
9014 0.013844 0 
9015 0.011823 0 
9016 0.024432 0 
9017 0.012882 0 
9018 0.015060 0 
9019 0.019684 0 
9021 0.012103 0 
9023 0.014539 0 
9024 0.012540 0 
9025 0.019675 0 
9026 0.017719 0 
9027 0.015513 0 
9028 0.007250 0 
9029 0.013271 0 
9031 0.016929 0 
9032 0.016076 0 
9033 0.012015 0 
9034 0.014343 0 
9035 0.008951 0 
9036 0.017494 0 
9037 0.016163 0 
9038 0.025243 0 
9039 0.011142 0 
9040 0.009521 0 
9041 0.008914 0 
9042 0.017878 0 
9043 0.012008 0 
9044 0.008363 0 
9045 0.010853 0 
9047 0.027151 0 
9048 0.011701 0 
9049 0.029505 0 
9050 0.017370 0 
9051 0.049062 0 
9052 0.032817 0 
9053 0.027018 0 
9054 0.010699 0 
9055 0.032897 0 
9056 0.016761 0 
9058 0.029824 0 
9060 0.008615 0 
9061 0.027008 0 
9062 0.012397 0 
9063 0.008283 0 
9064 0.014035 0 
9065 0.009227 0 
9066 0.019996 0 
9068 0.023905 0 
9069 0.018100 0 
9070 0.020285 0 
9071 0.009205 0 
9073 0.015951 0 
9075 0.015882 0 
9076 0.011528 0 
9077 0.010709 0 
9079 0.010824 0 
9080 0.028744 0 
9081 0.012504 0 
9083 0.018970 0 
9084 0.024906 0 
9085 0.011037 0 
9086 0.011370 0 
9087 0.014668 0 
9088 0.040760 0 
9089 0.024242 0 
9090 0.026301 0 
9091 0.035865 0 
9092 0.019669 0 
9093 0.013181 0 
9094 0.028539 0 
9095 0.012343 0 
9096 0.012082 0 
9097 0.015901 0 
9098 0.019017 0 
9099 0.020763 0 
9100 0.012158 0 
9102 0.010634 0 
9103 0.030162 0 
9104 0.013989 0 
9105 0.006634 0 
9106 0.018374 0 
9107 0.010046 0 
9108 0.011405 0 
9110 0.007460 0 
9111 0.019880 0 
9112 0.016923 0 
9113 0.014832 0 
9114 0.014262 0 
9115 0.012753 0 
9116 0.027451 0 
9117 0.011389 0 
9118 0.008696 0 
9119 0.029746 0 
9120 0.013398 0 
9121 0.005939 0 
9123 0.010360 0 
9124 0.029251 0 
9125 0.016926 0 
9126 0.023384 0 
9127 0.012290 0 
9128 0.020441 0 
9129 0.006494 0 
9131 0.014537 0 
9132 0.026381 0 
9133 0.021016 0 
9134 0.028255 0 
9136 0.037394 0 
9137 0.021159 0 
9138 0.013872 0 
9139 0.032160 0 
9141 0.041445 0 
9142 0.024995 0 
9143 0.008873 0 
9144 0.032164 0 
9145 0.015959 0 
9146 0.021558 0 
9148 0.027443 0 
9149 0.015250 0 
9150 0.019795 0 
9151 0.017813 0 
9152 0.008114 0 
9153 0.029132 0 
9154 0.016408 0 
9155 0.010114 0 
9156 0.016194 0 
9158 0.015235 0 
9159 0.012341 0 
9160 0.008413 0 
9161 0.019788 0 
9162 0.021715 0 
9163 0.011522 0 
9164 0.048064 0 
9165 0.031945 0 
9166 0.015653 0 
9167 0.014384 0 
9168 0.007338 0 
9169 0.023592 0 
9170 0.007406 0 
9171 0.009699 0 
9172 0.008507 0 
9173 0.009670 0 
9174 0.028226 0 
9175 0.044137 0 
9176 0.027966 0 
9177 0.021490 0 
9178 0.007825 0 
9179 0.026379 0 
9180 0.013741 0 
9181 0.025524 0 
9182 0.013897 0 
9183 0.015025 0 
9185 0.031692 0 
9186 0.015583 0 
9187 0.040828 0 
9188 0.074836 0 
9189 0.058723 0 
9190 0.041794 0 
9191 0.026008 0 
9192 0.033163 0 
9194 0.013230 0 
9195 0.025856 0 
9196 0.013043 0 
9197 0.005563 0 
9199 0.008836 0 
9201 0.016399 0 
9202 0.032237 0 
9203 0.026151 0 
9204 0.017195 0 
9207 0.009636 0 
9208 0.012685 0 
9209 0.046226 0 
9210 0.030140 0 
9211 0.018996 0 
9212 0.041878 0 
9213 0.054831 0 
9214 0.038589 0 
9215 0.022350 0 
9216 0.032691 0 
9217 0.017244 0 
9218 0.016521 0 
9220 0.063858 0 
9222 0.031419 0 
9223 0.015190 0 
9224 0.017527 0 
9225 0.032781 0 
9226 0.016570 0 
9227 0.025590 0 
9228 0.018050 0 
9230 0.024329 0 
9231 0.020941 0 
9232 0.042092 0 
9233 0.025273 0 
9234 0.050112 0 
9235 0.033900 0 
9236 0.017651 0 
9237 0.049922 0 
9238 0.033541 0 
9239 0.017236 0 
9240 0.013345 0 
9241 0.045818 0 
9242 0.029612 0 
9243 0.031152 0 
9244 0.068358 0 
9246 0.036336 0 
9247 0.048498 0 
9248 0.032709 0 
9249 0.023624 0 
9250 0.015032 0 
9251 0.030811 0 
9252 0.026963 0 
9253 0.010543 0 
9254 0.016982 0 
9255 0.085838 0 
9257 0.053350 0 
9259 0.020938 0 
9260 0.047563 0 
9261 0.031442 0 
9262 0.015234 0 
9263 0.037751 0 
9264 0.021457 0 
9265 0.018277 0 
9267 0.020270 0 
9268 0.017403 0 
9269 0.009161 0 
9270 0.015244 0 
9272 0.037298 0 
9274 0.006689 0 
9275 0.030088 0 
9276 0.015033 0 
9278 0.023324 0 
9279 0.012852 0 
9280 0.017889 0 
9282 0.025258 0 
9283 0.009036 0 
9284 0.037821 0 
9285 0.054664 0 
9286 0.038434 0 
9287 0.026715 0 
9288 0.010620 0 
9289 0.017215 0 
9287 0.054301 1 
9288 0.038172 1 
9290 0.014977 0 
9289 0.043601 1 
9291 0.021465 0 
9290 0.045383 1 
9291 0.035040 1 
9292 0.018831 1 
9292 0.031851 0 
9293 0.015611 0 
9294 0.026560 0 
9295 0.017599 0 
9293 0.050296 1 
9294 0.034196 1 
9296 0.046132 0 
9297 0.029783 0 
9298 0.013511 0 
9295 0.065052 1 
9296 0.048422 1 
9297 0.032121 1 
9298 0.015865 1 
9299 0.016142 0 
9299 0.042759 1 
9301 0.021137 0 
9301 0.026614 1 
9302 0.015235 0 
9302 0.025926 1 
9303 0.017347 1 
9304 0.007605 0 
9304 0.024492 1 
9305 0.012861 0 
9306 0.016553 0 
9307 0.011210 0 
9309 0.007270 0 
9306 0.060642 1 
9307 0.044206 1 
9309 0.027871 1 
9310 0.015775 1 
9310 0.018703 0 
9311 0.015599 1 
9312 0.019504 0 
9313 0.006051 0 
9314 0.013516 0 
9312 0.047165 1 
9313 0.031363 1 
9315 0.020902 0 
9314 0.046592 1 
9316 0.016326 1 
9317 0.017839 1 
9318 0.009203 1 
9318 0.022924 0 
9319 0.037964 0 
9320 0.021777 0 
9319 0.048878 1 
9320 0.032848 1 
9322 0.010585 1 
9323 0.018077 1 
9324 0.006927 1 
9322 0.048658 0 
9323 0.032492 0 
9324 0.022681 0 
9325 0.022544 0 
9326 0.010490 0 
9325 0.043148 1 
9326 0.027100 1 
9327 0.022391 0 
9327 0.025126 1 
9328 0.016174 1 
9328 0.032381 0 
9330 0.005780 1 
9330 0.031210 0 
9331 0.014925 0 
9331 0.039051 1 
9332 0.022642 1 
9333 0.019354 1 
9333 0.032635 0 
9335 0.017713 1 
9336 0.009145 1 
9336 0.017864 0 
9337 0.012996 1 
9337 0.020540 0 
9338 0.011594 0 
9338 0.035642 1 
9340 0.013273 0 
9340 0.019062 1 
9341 0.020463 1 
9342 0.016938 1 
9342 0.018671 0 
9343 0.008337 1 
9343 0.016386 0 
9344 0.026307 1 
9345 0.010154 1 
9344 0.060681 0 
9345 0.044605 0 
9347 0.012174 0 
9347 0.023786 1 
9348 0.013999 1 
9349 0.008023 1 
9350 0.032146 1 
9349 0.054954 0 
9351 0.022689 0 
9351 0.029094 1 
9352 0.024964 0 
9353 0.008712 0 
9353 0.019706 1 
9354 0.019965 0 
9354 0.028481 1 
9355 0.012399 1 
9355 0.022659 0 
9357 0.032536 0 
9357 0.034264 1 
9358 0.020113 1 
9358 0.032639 0 
9359 0.016449 0 
9359 0.024925 1 
9360 0.016889 1 
9360 0.022773 0 
9361 0.020020 1 
9361 0.032633 0 
9362 0.016996 0 
9363 0.010124 0 
9364 0.011619 0 
9365 0.029687 0 
9366 0.013456 0 
9367 0.028706 0 
9368 0.012894 0 
9369 0.011441 0 
9370 0.027591 0 
9371 0.011663 0 
9372 0.027888 0 
9373 0.024445 0 
9374 0.024551 0 
9375 0.015256 0 
9376 0.021649 0 
9377 0.014008 0 
9378 0.015699 0 
9379 0.022833 0 
9380 0.006734 0 
9381 0.018661 0 
9382 0.033370 0 
9384 0.028889 0 
9385 0.012543 0 
9386 0.010001 0 
9387 0.019312 0 
9388 0.007649 0 
9389 0.012520 0 
9390 0.010180 0 
9391 0.012166 0 
9393 0.020326 0 
9394 0.012927 0 
9395 0.022665 0 
9396 0.008230 0 
9398 0.023088 0 
9400 0.024022 0 
9401 0.021800 0 
9402 0.032418 0 
9403 0.061580 0 
9406 0.014312 0 
9407 0.017001 0 
9408 0.057171 0 
9409 0.040949 0 
9410 0.024617 0 
9411 0.020286 0 
9412 0.014465 0 
9413 0.044868 0 
9414 0.027905 0 
9415 0.023685 0 
9416 0.007468 0 
9417 0.021154 0 
9419 0.014861 0 
9421 0.014651 0 
9422 0.007903 0 
9423 0.021150 0 
9424 0.010576 0 
9425 0.021407 0 
9426 0.018960 0 
9427 0.011216 0 
9429 0.041164 0 
9430 0.043398 0 
9431 0.027325 0 
9432 0.011037 0 
9433 0.023182 0 
9434 0.006994 0 
9435 0.021435 0 
9436 0.011305 0 
9437 0.029999 0 
9438 0.013921 0 
9439 0.035063 0 
9440 0.018845 0 
9441 0.014576 0 
9442 0.008263 0 
9443 0.030780 0 
9445 0.011927 0 
9446 0.035345 0 
9447 0.019092 0 
9448 0.030682 0 
9449 0.026024 0 
9450 0.028768 0 
9451 0.012594 0 
9452 0.031245 0 
9453 0.015153 0 
9454 0.031297 0 
9456 0.016016 0 
9458 0.019602 0 
9459 0.011834 0 
9460 0.040362 0 
9461 0.024168 0 
9462 0.008070 0 
9463 0.009804 0 
9464 0.010457 0 
9466 0.019349 0 
9467 0.020417 0 
9468 0.006614 0 
9469 0.032909 0 
9471 0.017187 0 
9473 0.011975 0 
9474 0.010576 0 
9475 0.008510 0 
9477 0.012369 0 
9478 0.013065 0 
9479 0.036533 0 
9481 0.076554 0 
9482 0.060295 0 
9483 0.043999 0 
9484 0.029186 0 
9485 0.020998 0 
9486 0.016787 0 
9487 0.027159 0 
9488 0.016570 0 
9489 0.030932 0 
9490 0.016652 0 
9491 0.011443 0 
9492 0.011379 0 
9493 0.022886 0 
9494 0.013470 0 
9495 0.017459 0 
9496 0.023386 0 
9497 0.036515 0 
9498 0.020274 0 
9500 0.024895 0 
9501 0.008624 0 
9502 0.032055 0 
9503 0.015971 0 
9504 0.012065 0 
9505 0.010767 0 
9506 0.010538 0 
9508 0.009420 0 
9509 0.035738 0 
9510 0.019510 0 
9511 0.032036 0 
9512 0.015790 0 
9513 0.011922 0 
9514 0.011141 0 
9515 0.025752 0 
9516 0.009452 0 
9517 0.026093 0 
9518 0.018508 0 
9519 0.004353 0 
9521 0.013422 0 
9522 0.024966 0 
9523 0.013726 0 
9524 0.031599 0 
9525 0.017195 0 
9526 0.005652 0 
9527 0.033810 0 
9529 0.007140 0 
9530 0.009642 0 
9531 0.009149 0 
9532 0.018813 0 
9534 0.011250 0 
9535 0.018275 0 
9536 0.027285 0 
9537 0.010964 0 
9539 0.029330 0 
9540 0.023404 0 
9541 0.023497 0 
9542 0.007723 0 
9543 0.035766 0 
9544 0.019600 0 
9546 0.016084 0 
9547 0.021209 0 
9548 0.014004 0 
9549 0.006515 0 
9550 0.010560 0 
9551 0.020788 0 
9552 0.014355 0 
9553 0.040771 0 
9554 0.024549 0 
9556 0.008701 0 
9557 0.008713 0 
9558 0.011990 0 
9559 0.019700 0 
9560 0.007262 0 
9561 0.019160 0 
9562 0.025147 0 
9563 0.008946 0 
9564 0.009794 0 
9565 0.006552 0 
9566 0.013286 0 
9567 0.021648 0 
9568 0.005390 0 
9569 0.012484 0 
9570 0.024845 0 
9571 0.008549 0 
9572 0.028340 0 
9573 0.012098 0 
9574 0.014043 0 
9575 0.019426 0 
9576 0.010039 0 
9577 0.019868 0 
9578 0.007435 0 
9579 0.007749 0 
9580 0.012057 0 
9581 0.014091 0 
9583 0.025753 0 
9584 0.016449 0 
9585 0.009594 0 
9586 0.019185 0 
9587 0.017962 0 
9588 0.008113 0 
9589 0.013571 0 
9590 0.016233 0 
9592 0.017748 0 
9593 0.014935 0 
9594 0.006393 0 
9595 0.009285 0 
9597 0.011533 0 
9599 0.011044 0 
9600 0.029902 0 
9601 0.020474 0 
9602 0.026916 0 
9605 0.008196 0 
9606 0.007624 0 
9607 0.045713 0 
9608 0.029919 0 
9609 0.015258 0 
9610 0.027889 0 
9611 0.011709 0 
9612 0.009697 0 
9613 0.018021 0 
9614 0.006654 0 
9615 0.010150 0 
9616 0.007756 0 
9618 0.025100 0 
9620 0.010736 0 
9621 0.018221 0 
9622 0.013246 0 
9623 0.011038 0 
9624 0.009296 0 
9625 0.010171 0 
9626 0.012115 0 
9628 0.009249 0 
9629 0.021787 0 
9630 0.012475 0 
9631 0.007283 0 
9632 0.027943 0 
9633 0.021509 0 
9634 0.015306 0 
9635 0.012310 0 
9636 0.013668 0 
9637 0.014277 0 
9638 0.017098 0 
9639 0.012976 0 
9640 0.008624 0 
9641 0.009181 0 
9642 0.030819 0 
9644 0.016361 0 
9645 0.008640 0 
9646 0.015823 0 
9647 0.016626 0 
9648 0.007202 0 
9649 0.007407 0 
9650 0.023318 0 
9651 0.007078 0 
9652 0.021664 0 
9653 0.013263 0 
9655 0.012572 0 
9657 0.017392 0 
9658 0.012356 0 
9659 0.009006 0 
9660 0.017771 0 
9661 0.011600 0 
9662 0.010935 0 
9663 0.021200 0 
9665 0.017096 0 
9666 0.007517 0 
9667 0.013035 0 
9668 0.011201 0 
9670 0.016953 0 
9672 0.015213 0 
9673 0.016083 0 
9674 0.015240 0 
9676 0.013708 0 
9677 0.008634 0 
9678 0.014149 0 
9680 0.010951 0 
9681 0.008228 0 
9682 0.023093 0 
9683 0.015978 0 
9684 0.011095 0 
9685 0.013495 0 
9686 0.012781 0 
9687 0.010501 0 
9688 0.008190 0 
9689 0.011104 0 
9690 0.009305 0 
9691 0.011881 0 
9692 0.033190 0 
9693 0.016968 0 
9694 0.013883 0 
9695 0.036219 0 
9696 0.020007 0 
9697 0.008598 0 
9699 0.015471 0 
9700 0.011677 0 
9701 0.011052 0 
9702 0.017930 0 
9703 0.010132 0 
9704 0.010574 0 
9705 0.011782 0 
9707 0.018215 0 
9708 0.017696 0 
9709 0.013236 0 
9710 0.005883 0 
9711 0.012774 0 
9712 0.022263 0 
9713 0.004463 0 
9714 0.040022 0 
9715 0.023832 0 
9716 0.007680 0 
9717 0.011943 0 
9718 0.019327 0 
9720 0.009604 0 
9721 0.025140 0 
9722 0.015554 0 
9723 0.009276 0 
9724 0.011047 0 
9725 0.014954 0 
9726 0.006744 0 
9728 0.011547 0 
9729 0.010490 0 
9730 0.013729 0 
9731 0.014579 0 
9733 0.015727 0 
9734 0.011969 0 
9735 0.013683 0 
9736 0.011602 0 
9738 0.011922 0 
9739 0.008656 0 
9740 0.011873 0 
9741 0.016076 0 
9742 0.017556 0 
9743 0.019968 0 
9745 0.011660 0 
9746 0.010142 0 
9747 0.011193 0 
9748 0.023683 0 
9749 0.007451 0 
9750 0.019844 0 
9751 0.016458 0 
9752 0.014326 0 
9753 0.013449 0 
9755 0.010586 0 
9756 0.018231 0 
9757 0.009356 0 
9758 0.007847 0 
9759 0.017833 0 
9760 0.014273 0 
9761 0.017110 0 
9762 0.014962 0 
9763 0.024763 0 
9764 0.008506 0 
9765 0.015664 0 
9766 0.039097 0 
9767 0.022896 0 
9768 0.024180 0 
9769 0.012454 0 
9770 0.008595 0 
9771 0.013541 0 
9772 0.025382 0 
9773 0.007047 0 
9774 0.010139 0 
9775 0.013539 0 
9776 0.008723 0 
9777 0.024374 0 
9778 0.013792 0 
9779 0.008064 0 
9780 0.026164 0 
9782 0.013988 0 
9783 0.038637 0 
9784 0.022801 0 
9785 0.006552 0 
9786 0.018645 0 
9787 0.005322 0 
9788 0.008967 0 
9789 0.011881 0 
9791 0.017962 0 
9792 0.010639 0 
9793 0.015967 0 
9794 0.005639 0 
9796 0.013825 0 
9798 0.026711 0 
9799 0.027745 0 
9800 0.018903 0 
9801 0.026684 0 
9804 0.019285 0 
9805 0.020196 0 
9806 0.053422 0 
9807 0.037211 0 
9808 0.020938 0 
9809 0.033503 0 
9810 0.025997 0 
9811 0.021040 0 
9812 0.010781 0 
9813 0.010239 0 
9814 0.007668 0 
9815 0.009964 0 
9817 0.016600 0 
9819 0.030934 0 
9820 0.024577 0 
9821 0.008313 0 
9822 0.009862 0 
9823 0.019394 0 
9824 0.010029 0 
9825 0.006121 0 
9827 0.012605 0 
9828 0.013233 0 
9829 0.034389 0 
9830 0.020821 0 
9831 0.009004 0 
9832 0.011348 0 
9833 0.007649 0 
9834 0.012352 0 
9835 0.006907 0 
9836 0.010742 0 
9837 0.009833 0 
9838 0.007468 0 
9839 0.011258 0 
9840 0.012252 0 
9841 0.026496 0 
9843 0.019465 0 
9844 0.015107 0 
9845 0.016973 0 
9846 0.015872 0 
9847 0.017717 0 
9848 0.025671 0 
9849 0.009465 0 
9850 0.014182 0 
9851 0.026968 0 
9852 0.023553 0 
9854 0.010189 0 
9856 0.015171 0 
9857 0.005729 0 
9858 0.039487 0 
9859 0.023030 0 
9860 0.006564 0 
9861 0.035756 0 
9862 0.019548 0 
9864 0.008971 0 
9865 0.017365 0 
9866 0.009596 0 
9867 0.007142 0 
9869 0.026428 0 
9871 0.015423 0 
9872 0.018409 0 
9873 0.011915 0 
9875 0.009973 0 
9876 0.010288 0 
9877 0.008942 0 
9879 0.013631 0 
9880 0.011320 0 
9881 0.029621 0 
9882 0.013411 0 
9883 0.016518 0 
9884 0.016535 0 
9885 0.011883 0 
9886 0.008661 0 
9887 0.030188 0 
9888 0.013970 0 
9889 0.013299 0 
9890 0.007237 0 
9891 0.009120 0 
9892 0.007478 0 
9893 0.009383 0 
9894 0.024538 0 
9895 0.043371 0 
9896 0.027143 0 
9898 0.009728 0 
9899 0.007069 0 
9900 0.022150 0 
9901 0.012125 0 
9902 0.016384 0 
9903 0.019643 0 
9904 0.011109 0 
9906 0.033147 0 
9907 0.016685 0 
9908 0.006983 0 
9909 0.036766 0 
9910 0.020378 0 
9911 0.008420 0 
9912 0.020084 0 
9913 0.017784 0 
9914 0.006138 0 
9915 0.012741 0 
9916 0.013860 0 
9917 0.029455 0 
9919 0.017999 0 
9920 0.009604 0 
9921 0.031470 0 
9922 0.019684 0 
9923 0.007615 0 
9924 0.018201 0 
9925 0.008014 0 
9927 0.012625 0 
9928 0.020845 0 
9929 0.015899 0 
9930 0.030307 0 
9932 0.006628 0 
9933 0.015853 0 
9934 0.022712 0 
9935 0.006539 0 
9937 0.012390 0 
9938 0.036763 0 
9939 0.020643 0 
9940 0.020422 0 
9941 0.037711 0 
9942 0.021330 0 
9944 0.007904 0 
9945 0.026608 0 
9946 0.010291 0 
9947 0.009897 0 
9948 0.026431 0 
9949 0.010367 0 
9950 0.008445 0 
9951 0.020033 0 
9952 0.020033 0 
9954 0.028629 0 
9955 0.012056 0 
9956 0.006405 0 
9957 0.024764 0 
9958 0.020957 0 
9959 0.029309 0 
9960 0.013028 0 
9961 0.013143 0 
9962 0.010746 0 
9963 0.021626 0 
9964 0.013289 0 
9965 0.019124 0 
9966 0.024834 0 
9967 0.008548 0 
9968 0.024081 0 
9969 0.017343 0 
9970 0.012154 0 
9971 0.038517 0 
9972 0.022374 0 
9973 0.008300 0 
9974 0.024544 0 
9975 0.008139 0 
9976 0.003822 0 
9977 0.015010 0 
9978 0.010022 0 
9979 0.018650 0 
9981 0.012368 0 
9982 0.015116 0 
9983 0.025355 0 
9984 0.031306 0 
9985 0.017309 0 
9986 0.024475 0 
9987 0.007982 0 
9988 0.022789 0 
9990 0.019531 0 
9991 0.014057 0 
9992 0.008704 0 
9993 0.027767 0 
9995 0.008247 0 
9997 0.013703 0 
9998 0.014231 0 
9999 0.039570 0 
10000 0.023270 0 
10003 0.011253 0 
10004 0.029527 0 
10005 0.063187 0 
10006 0.046935 0 
10007 0.030615 0 
10008 0.021104 0 
10009 0.013204 0 
10010 0.029607 0 
10011 0.013473 0 
10012 0.011128 0 
10013 0.016624 0 
10014 0.016115 0 
10016 0.018779 0 
10018 0.027115 0 
10019 0.010863 0 
10020 0.009302 0 
10021 0.010788 0 
10022 0.033407 0 
10023 0.017218 0 
10024 0.017517 0 
10026 0.029408 0 
10027 0.025964 0 
10028 0.026312 0 
10029 0.010086 0 
10030 0.019346 0 
10031 0.020507 0 
10032 0.018211 0 
10033 0.016087 0 
10034 0.009721 0 
10035 0.014985 0 
10036 0.015380 0 
10037 0.031907 0 
10038 0.015649 0 
10039 0.013781 0 
10039 0.030308 1 
10040 0.014176 0 
10040 0.036114 1 
10042 0.018340 1 
10042 0.019883 0 
10043 0.019563 1 
10044 0.007843 1 
10043 0.050179 0 
10044 0.033991 0 
10045 0.017831 0 
10046 0.012346 0 
10045 0.047220 1 
10046 0.031186 1 
10047 0.019211 0 
10047 0.019273 1 
10048 0.007461 1 
10048 0.017962 0 
10049 0.009230 0 
10049 0.012649 1 
10050 0.019505 1 
10050 0.022417 0 
10051 0.023965 0 
10051 0.036648 1 
10053 0.022096 1 
10055 0.010823 1 
10055 0.018430 0 
10056 0.012165 1 
10056 0.015630 0 
10057 0.009359 0 
10058 0.014532 0 
10058 0.029613 1 
10059 0.013760 0 
10059 0.017972 1 
10060 0.012007 0 
10061 0.015250 0 
10060 0.047135 1 
10063 0.014684 0 
10063 0.025633 1 
10064 0.026890 1 
10064 0.040645 0 
10065 0.024249 0 
10065 0.028717 1 
10066 0.029651 0 
10068 0.014813 0 
10068 0.021802 1 
10070 0.022099 0 
10071 0.014289 0 
10070 0.032024 1 
10072 0.015338 0 
10071 0.034725 1 
10072 0.018510 1 
10074 0.006070 1 
10074 0.028684 0 
10075 0.012640 0 
10076 0.008384 0 
10078 0.013793 0 
10079 0.019493 1 
10080 0.013081 1 
10079 0.036879 0 
10081 0.010703 1 
10081 0.019912 0 
10082 0.023800 1 
10083 0.022256 0 
10084 0.009850 0 
10083 0.038113 1 
10084 0.021805 1 
10085 0.016923 0 
10086 0.013291 0 
10086 0.015738 1 
10087 0.005693 0 
10087 0.020962 1 
10088 0.011416 1 
10088 0.033255 0 
10089 0.016992 0 
10090 0.014847 0 
10089 0.034556 1 
10090 0.018060 1 
10091 0.016034 1 
10092 0.017350 0 
10093 0.012837 0 
10093 0.016340 1 
10094 0.015641 1 
10094 0.021004 0 
10095 0.025387 0 
10095 0.031519 1 
10097 0.023702 1 
10098 0.033208 1 
10099 0.016960 1 
10098 0.042159 0 
10099 0.025912 0 
10100 0.012309 1 
10100 0.020828 0 
10101 0.015188 1 
10102 0.027506 1 
10103 0.021521 1 
10101 0.066610 0 
10103 0.033876 0 
10105 0.021202 1 
10106 0.015007 1 
10107 0.017243 1 
10107 0.025560 0 
10108 0.014112 0 
10109 0.035860 1 
10109 0.043297 0 
10110 0.027047 0 
10111 0.010819 0 
10110 0.040463 1 
10111 0.024391 1 
10112 0.021028 1 
10113 0.008938 1 
10114 0.009930 0 
10114 0.026469 1 
10115 0.016300 0 
10115 0.035025 1 
10116 0.018939 1 
10116 0.029875 0 
10118 0.007787 1 
10119 0.016354 1 
10120 0.023530 0 
10121 0.007238 0 
10122 0.008502 0 
10120 0.064253 1 
10121 0.047883 1 
10122 0.031768 1 
10123 0.016006 1 
10124 0.007566 1 
10126 0.005977 1 
10126 0.020936 0 
10127 0.008620 0 
10128 0.009828 0 
10127 0.037394 1 
10128 0.021106 1 
10129 0.016594 1 
10131 0.008445 0 
10131 0.013018 1 
10132 0.005883 0 
10132 0.008144 1 
10133 0.036767 1 
10134 0.022601 0 
10134 0.026859 1 
10136 0.014887 1 
10137 0.010550 1 
10136 0.029333 0 
10137 0.013003 0 
10138 0.009629 0 
10139 0.010806 0 
10140 0.014941 0 
10139 0.032685 1 
10141 0.009439 0 
10140 0.043971 1 
10141 0.027839 1 
10143 0.015588 1 
10143 0.021729 0 
10144 0.014256 1 
10144 0.019557 0 
10145 0.014205 1 
10146 0.016627 0 
10147 0.013390 0 
10146 0.032404 1 
10147 0.024629 1 
10148 0.013605 0 
10148 0.014752 1 
10149 0.008877 1 
10149 0.021281 0 
10150 0.007314 0 
10150 0.016313 1 
10151 0.012784 0 
10153 0.007788 0 
10153 0.029223 1 
10154 0.015321 0 
10154 0.020854 1 
10155 0.010374 0 
10155 0.021881 1 
10156 0.013323 1 
10156 0.015295 0 
10157 0.008237 0 
10157 0.010026 1 
10158 0.016702 0 
10159 0.023170 0 
10160 0.006297 0 
10158 0.047269 1 
10159 0.030971 1 
10161 0.009377 0 
10160 0.034531 1 
10161 0.024584 1 
10162 0.021091 1 
10162 0.029086 0 
10163 0.012822 0 
10163 0.016349 1 
10164 0.012545 0 
10164 0.027683 1 
10165 0.020224 1 
10166 0.021369 1 
10167 0.009403 1 
10168 0.007717 1 
10168 0.015630 0 
10169 0.007379 1 
10169 0.020173 0 
10170 0.009797 0 
10170 0.012098 1 
10171 0.013027 0 
10171 0.027677 1 
10172 0.029222 0 
10173 0.013246 0 
10172 0.037818 1 
10173 0.021671 1 
10174 0.009867 0 
10175 0.013907 0 
10174 0.034394 1 
10176 0.006720 0 
10176 0.014180 1 
10177 0.007102 0 
10178 0.006793 0 
10177 0.034091 1 
10178 0.017798 1 
10180 0.012889 1 
10181 0.015104 0 
10181 0.016679 1 
10182 0.008196 1 
10183 0.006157 0 
10183 0.026597 1 
10184 0.019832 0 
10184 0.025508 1 
10185 0.012702 0 
10185 0.019156 1 
10186 0.009062 0 
10187 0.009717 0 
10189 0.018193 0 
10190 0.008147 0 
10191 0.009031 0 
10192 0.014088 0 
10194 0.015953 0 
10196 0.013430 0 
10197 0.015455 0 
10198 0.034081 0 
10199 0.017900 0 
10202 0.021776 0 
10203 0.009734 0 
10204 0.059954 0 
10205 0.043712 0 
10206 0.027359 0 
10207 0.025544 0 
10208 0.009268 0 
10209 0.013011 0 
10210 0.010767 0 
10211 0.010645 0 
10212 0.017302 0 
10213 0.033314 0 
10215 0.012328 0 
10217 0.019903 0 
10218 0.007088 0 
10219 0.017500 0 
10220 0.012761 0 
10221 0.009030 0 
10222 0.011292 0 
10223 0.008253 0 
10225 0.007699 0 
10226 0.010066 0 
10227 0.008679 0 
10228 0.022029 0 
10229 0.007777 0 
10230 0.006840 0 
10231 0.010176 0 
10232 0.016821 0 
10233 0.009251 0 
10234 0.020171 0 
10235 0.008731 0 
10236 0.008951 0 
10237 0.006249 0 
10238 0.013410 0 
10239 0.008098 0 
10241 0.019485 0 
10242 0.027633 0 
10243 0.014300 0 
10244 0.019281 0 
10245 0.007792 0 
10246 0.009782 0 
10247 0.005777 0 
10248 0.014444 0 
10249 0.014885 0 
10250 0.009741 0 
10252 0.030376 0 
10254 0.007307 0 
10255 0.010923 0 
10256 0.012139 0 
10257 0.012058 0 
10258 0.009129 0 
10259 0.028263 0 
10260 0.022121 0 
10262 0.014964 0 
10263 0.011624 0 
10264 0.033350 0 
10265 0.029660 0 
10267 0.010478 0 
10269 0.009152 0 
10270 0.014567 0 
10271 0.014180 0 
10273 0.007862 0 
10274 0.010515 0 
10275 0.006457 0 
10277 0.014896 0 
10278 0.008982 0 
10279 0.008732 0 
10280 0.007583 0 
10281 0.010662 0 
10282 0.008598 0 
10283 0.010514 0 
10284 0.008482 0 
10285 0.007807 0 
10286 0.007091 0 
10287 0.009881 0 
10288 0.012183 0 
10289 0.006590 0 
10290 0.008769 0 
10291 0.009876 0 
10292 0.021364 0 
10293 0.011398 0 
10294 0.009914 0 
10296 0.015546 0 
10297 0.010017 0 
10298 0.012996 0 
10299 0.012529 0 
10300 0.025436 0 
10301 0.009191 0 
10302 0.005996 0 
10304 0.021302 0 
10305 0.006717 0 
10306 0.007945 0 
10307 0.006315 0 
10308 0.009048 0 
10309 0.017428 0 
10310 0.009328 0 
10311 0.010130 0 
10312 0.014609 0 
10313 0.009139 0 
10314 0.008873 0 
10315 0.009785 0 
10317 0.015341 0 
10318 0.009785 0 
10319 0.009690 0 
10320 0.012019 0 
10321 0.008068 0 
10322 0.006714 0 
10323 0.005192 0 
10325 0.008016 0 
10326 0.007488 0 
10327 0.008091 0 
10328 0.017768 0 
10330 0.009750 0 
10331 0.007797 0 
10332 0.008895 0 
10333 0.007183 0 
10335 0.025222 0 
10336 0.009096 0 
10337 0.010289 0 
10338 0.007552 0 
10339 0.011326 0 
10340 0.019385 0 
10342 0.006613 0 
10343 0.007481 0 
10344 0.017759 0 
10345 0.014224 0 
10346 0.007635 0 
10347 0.006556 0 
10348 0.013527 0 
10349 0.006100 0 
10350 0.008574 0 
10352 0.024239 0 
10353 0.011353 0 
10354 0.017275 0 
10355 0.008468 0 
10356 0.012345 0 
10357 0.007332 0 
10358 0.005938 0 
10359 0.008728 0 
10360 0.016459 0 
10361 0.012185 0 
10362 0.007902 0 
10363 0.011938 0 
10364 0.009338 0 
10365 0.010552 0 
10366 0.007812 0 
10367 0.006141 0 
10368 0.015227 0 
10369 0.007896 0 
10370 0.006169 0 
10371 0.010746 0 
10372 0.017981 0 
10373 0.010208 0 
10374 0.005978 0 
10375 0.007440 0 
10376 0.017465 0 
10377 0.006656 0 
10379 0.019772 0 
10380 0.012337 0 
10381 0.008620 0 
10382 0.008105 0 
10383 0.006651 0 
10384 0.021174 0 
10385 0.013124 0 
10386 0.005734 0 
10388 0.015943 0 
10389 0.006691 0 
10390 0.004358 0 
10391 0.006237 0 
10393 0.007128 0 
10395 0.010397 0 
10396 0.012592 0 
10397 0.022993 0 
10398 0.015237 0 
10401 0.007479 0 
10402 0.011402 0 
10403 0.050923 0 
10404 0.035367 0 
10405 0.018802 0 
10406 0.012628 0 
10407 0.023184 0 
10408 0.012262 0 
10409 0.006299 0 
10410 0.007668 0 
10411 0.006714 0 
10412 0.021281 0 
10414 0.009471 0 
10416 0.008616 0 
10417 0.012444 0 
10418 0.008480 0 
10419 0.008590 0 
10420 0.008982 0 
10421 0.011070 0 
10422 0.008763 0 
10424 0.008043 0 
10425 0.008666 0 
10426 0.006775 0 
10427 0.008184 0 
10428 0.025872 0 
10429 0.009409 0 
10430 0.009683 0 
10431 0.008593 0 
10432 0.010259 0 
10433 0.008938 0 
10434 0.007245 0 
10435 0.010387 0 
10436 0.013367 0 
10437 0.011883 0 
10438 0.017615 0 
10440 0.012709 0 
10441 0.024306 0 
10442 0.023213 0 
10443 0.019888 0 
10444 0.007992 0 
10445 0.006031 0 
10446 0.008716 0 
10447 0.007817 0 
10448 0.007736 0 
10449 0.018661 0 
10451 0.030858 0 
10453 0.008323 0 
10454 0.010281 0 
10455 0.011321 0 
10456 0.009071 0 
10457 0.013640 0 
10458 0.011459 0 
10459 0.012186 0 
10461 0.013630 0 
10462 0.014332 0 
10463 0.033931 0 
10464 0.017501 0 
10466 0.011053 0 
10468 0.017520 0 
10469 0.011462 0 
10470 0.009085 0 
10472 0.018074 0 
10473 0.007027 0 
10474 0.010511 0 
10476 0.010292 0 
10477 0.008311 0 
10478 0.008013 0 
10479 0.011703 0 
10480 0.008019 0 
10481 0.010245 0 
10482 0.012206 0 
10483 0.006785 0 
10484 0.019284 0 
10485 0.008823 0 
10486 0.006295 0 
10487 0.010808 0 
10488 0.024435 0 
10489 0.008055 0 
10490 0.013272 0 
10491 0.017532 0 
10492 0.011566 0 
10493 0.013119 0 
10495 0.006193 0 
10496 0.011037 0 
10497 0.010079 0 
10498 0.008416 0 
10499 0.007246 0 
10500 0.007370 0 
10501 0.008719 0 
10503 0.007178 0 
10504 0.015491 0 
10505 0.027905 0 
10506 0.011721 0 
10507 0.012916 0 
10508 0.006028 0 
10509 0.011146 0 
10510 0.016134 0 
10511 0.009304 0 
10512 0.030925 0 
10513 0.014687 0 
10514 0.006917 0 
10516 0.008582 0 
10517 0.007334 0 
10518 0.025284 0 
10519 0.008983 0 
10520 0.010173 0 
10521 0.008693 0 
10522 0.008389 0 
10524 0.009509 0 
10525 0.010316 0 
10526 0.022157 0 
10527 0.015682 0 
10529 0.021553 0 
10530 0.005221 0 
10531 0.006971 0 
10532 0.009461 0 
10534 0.022176 0 
10535 0.011927 0 
10536 0.019097 0 
10537 0.044337 0 
10538 0.028049 0 
10539 0.011884 0 
10541 0.019379 0 
10542 0.008511 0 
10543 0.009317 0 
10544 0.030722 0 
10545 0.014532 0 
10546 0.007177 0 
10547 0.008806 0 
10548 0.021677 0 
10549 0.006729 0 
10551 0.013576 0 
10552 0.008200 0 
10553 0.008477 0 
10554 0.009064 0 
10555 0.021294 0 
10556 0.005032 0 
10557 0.006325 0 
10558 0.006876 0 
10559 0.037732 0 
10560 0.021546 0 
10561 0.005373 0 
10562 0.011290 0 
10563 0.011625 0 
10564 0.009040 0 
10565 0.013030 0 
10566 0.023346 0 
10567 0.009222 0 
10568 0.015370 0 
10569 0.023633 0 
10570 0.020812 0 
10571 0.008582 0 
10572 0.015271 0 
10573 0.020995 0 
10574 0.009578 0 
10575 0.014485 0 
10576 0.031790 0 
10578 0.008094 0 
10579 0.017256 0 
10580 0.037423 0 
10581 0.021289 0 
10582 0.008617 0 
10583 0.008662 0 
10584 0.015420 0 
10585 0.014634 0 
10587 0.027850 0 
10588 0.012878 0 
10589 0.006962 0 
10590 0.007501 0 
10592 0.007622 0 
10594 0.019254 0 
10595 0.015435 0 
10596 0.016823 0 
10597 0.044716 0 
10600 0.008922 0 
10601 0.019447 0 
10602 0.062845 0 
10603 0.046647 0 
10604 0.030490 0 
10605 0.019600 0 
10606 0.015108 0 
10607 0.028866 0 
10608 0.012629 0 
10609 0.016405 0 
10610 0.008808 0 
10611 0.012604 0 
10613 0.009265 0 
10615 0.010785 0 
10616 0.013607 0 
10617 0.020255 0 
10618 0.023601 0 
10619 0.005058 0 
10620 0.006927 0 
10621 0.013696 0 
10623 0.010553 0 
10624 0.032554 0 
10625 0.016198 0 
10626 0.053243 0 
10627 0.037070 0 
10628 0.020939 0 
10629 0.012224 0 
10630 0.007257 0 
10631 0.012103 0 
10632 0.013476 0 
10633 0.014305 0 
10634 0.021165 0 
10635 0.004711 0 
10636 0.010348 0 
10637 0.018275 0 
10639 0.025346 0 
10640 0.030814 0 
10641 0.014565 0 
10642 0.014887 0 
10643 0.012041 0 
10644 0.012233 0 
10645 0.011490 0 
10646 0.013261 0 
10647 0.010317 0 
10648 0.012253 0 
10650 0.027513 0 
10652 0.014958 0 
10653 0.016611 0 
10654 0.009455 0 
10655 0.006077 0 
10656 0.010330 0 
10657 0.012156 0 
10658 0.010515 0 
10660 0.013520 0 
10661 0.027416 0 
10662 0.011147 0 
10663 0.013852 0 
10665 0.042268 0 
10667 0.021745 0 
10668 0.017932 0 
10669 0.013059 0 
10671 0.053730 0 
10672 0.037491 0 
10673 0.021016 0 
10675 0.011940 0 
10676 0.022759 0 
10677 0.007762 0 
10678 0.017501 0 
10679 0.034706 0 
10680 0.017724 0 
10681 0.014971 0 
10682 0.013789 0 
10683 0.008817 0 
10684 0.016272 0 
10685 0.006845 0 
10686 0.015971 0 
10687 0.024940 0 
10688 0.019295 0 
10689 0.021990 0 
10690 0.013102 0 
10691 0.010240 0 
10692 0.021098 0 
10694 0.015125 0 
10695 0.020115 0 
10696 0.031375 0 
10697 0.021790 0 
10698 0.012949 0 
10699 0.031274 0 
10700 0.022172 0 
10702 0.029368 0 
10703 0.013202 0 
10704 0.042528 0 
10705 0.026343 0 
10706 0.010235 0 
10707 0.047052 0 
10708 0.030837 0 
10709 0.022691 0 
10710 0.019665 0 
10711 0.021084 0 
10712 0.016087 0 
10713 0.020130 0 
10715 0.020608 0 
10716 0.021307 0 
10717 0.019207 0 
10718 0.036289 0 
10719 0.020080 0 
10720 0.033946 0 
10721 0.017776 0 
10723 0.007987 0 
10724 0.023473 0 
10725 0.012402 0 
10726 0.022982 0 
10728 0.009820 0 
10729 0.021730 0 
10730 0.010532 0 
10731 0.022516 0 
10733 0.011830 0 
10734 0.018988 0 
10735 0.008307 0 
10736 0.014011 0 
10737 0.019362 0 
10738 0.020690 0 
10740 0.036922 0 
10741 0.020565 0 
10740 0.049685 1 
10741 0.033600 1 
10742 0.021914 1 
10743 0.010430 1 
10742 0.032798 0 
10744 0.019325 0 
10744 0.035146 1 
10745 0.018330 1 
10746 0.019960 0 
10747 0.029606 0 
10748 0.013536 0 
10746 0.054925 1 
10747 0.038726 1 
10748 0.027622 1 
10750 0.009419 0 
10750 0.030111 1 
10751 0.016722 0 
10752 0.005979 0 
10751 0.031904 1 
10753 0.014430 0 
10752 0.036192 1 
10754 0.031766 0 
10755 0.015585 0 
10753 0.053652 1 
10754 0.037439 1 
10755 0.021272 1 
10756 0.016559 0 
10756 0.020447 1 
10757 0.021318 0 
10757 0.033091 1 
10758 0.016847 1 
10759 0.013570 0 
10760 0.028395 0 
10761 0.012173 0 
10760 0.037080 1 
10762 0.014352 0 
10761 0.030688 1 
10762 0.019557 1 
10763 0.007521 0 
10763 0.016256 1 
10764 0.012611 1 
10765 0.016247 0 
10766 0.028516 0 
10767 0.023673 0 
10768 0.020488 0 
10769 0.008703 0 
10765 0.076086 1 
10766 0.059787 1 
10767 0.043595 1 
10768 0.048623 1 
10769 0.032348 1 
10770 0.020097 0 
10770 0.025816 1 
10771 0.012105 0 
10771 0.018641 1 
10772 0.008068 0 
10773 0.021413 0 
10772 0.042581 1 
10773 0.027710 1 
10774 0.012844 0 
10774 0.015389 1 
10775 0.011509 0 
10775 0.015014 1 
10777 0.010218 1 
10777 0.013905 0 
10778 0.016827 0 
10779 0.014059 0 
10780 0.011234 0 
10778 0.052692 1 
10779 0.036472 1 
10780 0.020239 1 
10781 0.011825 1 
10781 0.012882 0 
10782 0.012877 1 
10782 0.013800 0 
10783 0.012128 0 
10783 0.014052 1 
10784 0.012751 1 
10784 0.016037 0 
10786 0.016174 1 
10786 0.025018 0 
10787 0.008682 0 
10787 0.017346 1 
10788 0.011221 0 
10789 0.015627 0 
10791 0.013491 0 
10793 0.013412 0 
10793 0.020435 1 
10794 0.013161 0 
10794 0.014474 1 
10795 0.021627 0 
10795 0.023128 1 
10796 0.033419 0 
10796 0.042277 1 
10799 0.006307 0 
10799 0.017704 1 
10800 0.017055 1 
10801 0.008001 1 
10801 0.045305 0 
10802 0.021566 0 
10803 0.016416 0 
10804 0.014971 0 
10805 0.005589 0 
10802 0.057193 1 
10803 0.047743 1 
10804 0.032084 1 
10805 0.028560 1 
10806 0.021814 1 
10807 0.010137 0 
10808 0.010820 1 
10808 0.012938 0 
10809 0.014991 1 
10809 0.017992 0 
10810 0.007530 0 
10810 0.026795 1 
10812 0.008436 0 
10812 0.020339 1 
10814 0.013903 0 
10815 0.009030 0 
10816 0.010033 0 
10817 0.013247 0 
10818 0.007245 0 
10819 0.007344 0 
10820 0.011755 0 
10822 0.012845 0 
10823 0.027317 0 
10824 0.011066 0 
10825 0.018761 0 
10826 0.010839 0 
10827 0.008604 0 
10828 0.015523 0 
10829 0.009778 0 
10830 0.011822 0 
10831 0.016526 0 
10832 0.008292 0 
10833 0.008614 0 
10834 0.008288 0 
10835 0.016819 0 
10836 0.009926 0 
10838 0.019410 0 
10839 0.011760 0 
10840 0.018618 0 
10841 0.030468 0 
10842 0.014188 0 
10843 0.008387 0 
10844 0.006298 0 
10845 0.006553 0 
10846 0.010617 0 
10847 0.009072 0 
10849 0.034932 0 
10851 0.017038 0 
10852 0.029193 0 
10853 0.012864 0 
10854 0.006888 0 
10855 0.007399 0 
10856 0.013458 0 
10857 0.011184 0 
10859 0.009669 0 
10860 0.006306 0 
10861 0.010690 0 
10862 0.009056 0 
10864 0.010572 0 
10866 0.008355 0 
10867 0.014734 0 
10868 0.008369 0 
10870 0.013953 0 
10871 0.008357 0 
10872 0.006196 0 
10874 0.019490 0 
10875 0.010499 0 
10876 0.026521 0 
10877 0.010048 0 
10878 0.010478 0 
10879 0.017155 0 
10880 0.022455 0 
10881 0.018357 0 
10882 0.007432 0 
10883 0.006244 0 
10884 0.006270 0 
10885 0.024393 0 
10886 0.008207 0 
10887 0.010365 0 
10888 0.007062 0 
10889 0.011056 0 
10890 0.006986 0 
10891 0.014529 0 
10893 0.011601 0 
10894 0.007100 0 
10895 0.008902 0 
10896 0.011634 0 
10897 0.009622 0 
10898 0.012927 0 
10899 0.019947 0 
10901 0.008919 0 
10902 0.006860 0 
10903 0.010371 0 
10904 0.008344 0 
10905 0.016888 0 
10906 0.019863 0 
10907 0.006682 0 
10908 0.010655 0 
10909 0.013203 0 
10910 0.010718 0 
10911 0.017386 0 
10912 0.009936 0 
10914 0.015024 0 
10915 0.009439 0 
10916 0.011166 0 
10917 0.011596 0 
10918 0.016194 0 
10919 0.005245 0 
10920 0.028255 0 
10922 0.015912 0 
10923 0.013143 0 
10924 0.012503 0 
10925 0.016361 0 
10927 0.016722 0 
10928 0.009064 0 
10929 0.013340 0 
10930 0.022355 0 
10932 0.010596 0 
10933 0.008812 0 
10934 0.019295 0 
10935 0.009703 0 
10936 0.035679 0 
10937 0.029998 0 
10939 0.018318 0 
10940 0.009850 0 
10941 0.013659 0 
10942 0.011720 0 
10943 0.030324 0 
10944 0.014207 0 
10945 0.026082 0 
10946 0.009949 0 
10947 0.012108 0 
10949 0.011573 0 
10950 0.021144 0 
10951 0.030421 0 
10952 0.014090 0 
10953 0.006896 0 
10954 0.016752 0 
10955 0.022967 0 
10956 0.016653 0 
10957 0.013061 0 
10958 0.010126 0 
10959 0.011579 0 
10960 0.015418 0 
10961 0.022209 0 
10962 0.005988 0 
10963 0.031361 0 
10964 0.014904 0 
10965 0.014170 0 
10966 0.014049 0 
10967 0.008608 0 
10968 0.008002 0 
10969 0.012552 0 
10970 0.015938 0 
10971 0.007610 0 
10972 0.009962 0 
10973 0.006747 0 
10974 0.012497 0 
10976 0.008396 0 
10977 0.008845 0 
10978 0.006777 0 
10979 0.009106 0 
10980 0.016243 0 
10981 0.018263 0 
10982 0.014644 0 
10983 0.006546 0 
10985 0.013972 0 
10986 0.010672 0 
10987 0.014985 0 
10988 0.005162 0 
10990 0.014310 0 
10992 0.017424 0 
10993 0.020673 0 
10994 0.033784 0 
10995 0.017519 0 
10998 0.015867 0 
10999 0.011370 0 
11000 0.078532 0 
11001 0.062283 0 
11002 0.045940 0 
11003 0.029714 0 
11004 0.041420 0 
11005 0.025131 0 
11006 0.013234 0 
11007 0.010600 0 
11008 0.027778 0 
11009 0.016592 0 
11011 0.007880 0 
11013 0.006011 0 
