2024-09-02 17:47:37
../stream-replay/logs/rtt-6205@128.txt
2 0.162258 0 
4 0.129505 0 
5 0.120902 0 
6 0.104628 0 
7 0.096295 0 
8 0.092753 0 
9 0.076727 0 
10 0.060345 0 
11 0.060730 0 
12 0.052436 0 
13 0.035748 0 
14 0.029974 0 
15 0.013334 0 
16 0.039009 0 
17 0.022563 0 
18 0.028821 0 
19 0.035973 0 
20 0.019279 0 
21 0.025540 0 
22 0.024104 0 
23 0.023304 0 
24 0.022748 0 
25 0.009882 0 
26 0.011974 0 
27 0.009430 0 
28 0.009175 0 
29 0.027630 0 
31 0.036011 0 
32 0.022577 0 
33 0.009633 0 
34 0.011505 0 
35 0.028788 0 
36 0.028628 0 
37 0.021926 0 
38 0.019796 0 
40 0.021837 0 
41 0.030382 0 
42 0.014151 0 
43 0.022058 0 
45 0.014027 0 
47 0.018806 0 
48 0.019046 0 
49 0.042444 0 
50 0.025036 0 
53 0.017477 0 
54 0.011403 0 
55 0.043263 0 
56 0.026453 0 
57 0.022125 0 
58 0.037959 0 
59 0.020627 0 
60 0.036896 0 
61 0.021199 0 
62 0.019433 0 
63 0.020426 0 
64 0.013547 0 
66 0.012988 0 
68 0.018615 0 
69 0.017894 0 
70 0.017877 0 
71 0.015105 0 
72 0.023292 0 
73 0.011153 0 
74 0.056427 0 
76 0.038847 0 
77 0.022432 0 
78 0.014056 0 
79 0.020440 0 
80 0.039203 0 
81 0.022747 0 
82 0.016970 0 
83 0.048270 0 
84 0.031519 0 
85 0.027236 0 
86 0.041461 0 
87 0.023999 0 
88 0.053429 0 
89 0.036778 0 
90 0.050523 0 
92 0.096651 0 
93 0.079549 0 
94 0.062810 0 
95 0.045030 0 
96 0.039263 0 
97 0.030729 0 
98 0.029965 0 
99 0.021811 0 
100 0.055558 0 
101 0.038799 0 
103 0.021535 0 
105 0.043916 0 
106 0.027051 0 
107 0.035743 0 
108 0.019367 0 
109 0.039248 0 
110 0.022556 0 
111 0.046848 0 
113 0.036309 0 
114 0.019729 0 
115 0.024072 0 
116 0.050261 0 
118 0.041492 0 
120 0.042567 0 
121 0.026056 0 
122 0.026228 0 
124 0.035779 0 
125 0.046382 0 
126 0.058973 0 
128 0.043684 0 
129 0.034641 0 
130 0.016816 0 
131 0.055683 0 
132 0.039375 0 
133 0.038800 0 
134 0.021846 0 
135 0.050546 0 
136 0.034267 0 
137 0.048503 0 
138 0.031909 0 
139 0.022844 0 
140 0.057916 0 
141 0.041436 0 
142 0.043424 0 
143 0.036112 0 
144 0.019127 0 
145 0.028147 0 
147 0.037946 0 
148 0.021960 0 
149 0.010019 0 
150 0.024877 0 
151 0.030738 0 
152 0.014470 0 
153 0.037571 0 
155 0.021040 0 
156 0.041293 0 
157 0.025019 0 
158 0.014144 0 
159 0.025838 0 
160 0.055163 0 
161 0.038340 0 
162 0.031234 0 
163 0.014609 0 
164 0.022108 0 
165 0.033645 0 
166 0.017106 0 
168 0.049508 0 
169 0.053439 0 
170 0.037009 0 
171 0.037709 0 
172 0.031039 0 
173 0.014270 0 
174 0.027110 0 
176 0.027406 0 
177 0.038550 0 
178 0.040252 0 
179 0.064936 0 
181 0.056249 0 
182 0.039700 0 
183 0.022893 0 
184 0.033466 0 
186 0.040224 0 
187 0.023320 0 
188 0.053050 0 
189 0.039981 0 
190 0.047428 0 
191 0.038983 0 
193 0.058045 0 
194 0.041243 0 
195 0.033503 0 
196 0.016922 0 
197 0.060472 0 
198 0.044122 0 
199 0.035753 0 
200 0.022466 0 
201 0.044697 0 
203 0.033075 0 
204 0.027214 0 
205 0.032996 0 
206 0.080670 0 
207 0.063924 0 
208 0.047590 0 
209 0.042587 0 
210 0.044258 0 
211 0.027162 0 
212 0.039147 0 
213 0.022935 0 
214 0.036986 0 
215 0.027193 0 
216 0.033856 0 
217 0.017141 0 
218 0.030450 0 
219 0.039783 0 
220 0.035174 0 
221 0.018312 0 
222 0.025492 0 
223 0.023993 0 
224 0.027368 0 
225 0.017393 0 
226 0.047204 0 
227 0.030646 0 
228 0.023065 0 
230 0.020081 0 
231 0.029290 0 
232 0.020833 0 
233 0.020593 0 
234 0.055076 0 
235 0.038870 0 
236 0.035386 0 
237 0.018894 0 
239 0.035129 0 
240 0.045985 0 
241 0.029860 0 
242 0.013582 0 
244 0.023181 0 
246 0.034534 0 
247 0.045194 0 
248 0.027788 0 
249 0.033451 0 
252 0.138357 0 
253 0.145380 0 
254 0.127950 0 
255 0.112031 0 
256 0.095310 0 
257 0.078891 0 
258 0.062565 0 
259 0.046091 0 
260 0.029751 0 
261 0.049155 0 
262 0.032697 0 
263 0.015898 0 
265 0.083481 0 
267 0.050065 0 
268 0.033363 0 
269 0.016942 0 
270 0.020810 0 
271 0.024170 0 
272 0.016968 0 
273 0.031501 0 
275 0.052600 0 
276 0.035898 0 
277 0.026408 0 
278 0.030136 0 
279 0.013885 0 
280 0.031439 0 
281 0.015018 0 
282 0.016876 0 
283 0.013852 0 
284 0.058961 0 
285 0.042356 0 
286 0.032575 0 
287 0.015774 0 
288 0.033202 0 
289 0.053116 0 
291 0.050037 0 
292 0.041447 0 
293 0.036343 0 
294 0.020005 0 
295 0.034649 0 
296 0.018458 0 
297 0.018617 0 
298 0.013571 0 
299 0.024985 0 
300 0.022918 0 
302 0.037705 0 
304 0.029606 0 
305 0.041734 0 
306 0.059437 0 
307 0.042783 0 
308 0.029049 0 
309 0.046299 0 
310 0.029706 0 
312 0.036200 0 
313 0.019855 0 
314 0.045120 0 
315 0.028582 0 
317 0.018152 0 
319 0.041539 0 
320 0.031506 0 
321 0.013695 0 
323 0.023806 0 
324 0.032915 0 
325 0.015379 0 
327 0.018134 0 
328 0.019658 0 
329 0.030338 0 
330 0.044635 0 
331 0.038096 0 
332 0.020559 0 
333 0.015918 0 
334 0.037985 0 
335 0.021502 0 
336 0.027040 0 
337 0.010685 0 
338 0.015025 0 
339 0.050095 0 
340 0.033692 0 
341 0.017008 0 
342 0.024500 0 
343 0.027844 0 
344 0.015841 0 
346 0.015344 0 
347 0.011167 0 
348 0.028335 0 
349 0.011103 0 
350 0.018274 0 
351 0.062162 0 
352 0.045705 0 
354 0.017085 0 
355 0.027920 0 
356 0.021643 0 
357 0.052108 0 
358 0.034634 0 
359 0.035044 0 
360 0.017329 0 
361 0.035575 0 
362 0.028560 0 
363 0.071475 0 
364 0.054971 0 
365 0.037575 0 
367 0.042938 0 
368 0.026767 0 
369 0.040257 0 
370 0.041254 0 
371 0.024804 0 
372 0.039465 0 
373 0.037167 0 
375 0.016356 0 
376 0.027932 0 
377 0.018893 0 
378 0.051040 0 
380 0.018365 0 
381 0.023661 0 
382 0.031743 0 
383 0.015615 0 
385 0.046129 0 
386 0.061908 0 
387 0.045208 0 
388 0.043472 0 
389 0.026860 0 
390 0.068927 0 
392 0.035997 0 
393 0.038653 0 
394 0.021916 0 
395 0.037316 0 
396 0.022164 0 
397 0.020996 0 
398 0.020786 0 
399 0.041145 0 
400 0.024511 0 
402 0.074012 0 
403 0.057954 0 
404 0.050669 0 
405 0.034149 0 
406 0.056452 0 
407 0.040125 0 
408 0.044448 0 
409 0.044094 0 
410 0.031873 0 
411 0.019198 0 
412 0.044446 0 
413 0.056755 0 
414 0.049062 0 
415 0.032943 0 
416 0.023739 0 
417 0.024015 0 
418 0.051448 0 
419 0.034918 0 
420 0.026914 0 
421 0.065405 0 
422 0.047600 0 
423 0.030671 0 
424 0.029606 0 
425 0.045433 0 
426 0.029014 0 
427 0.020016 0 
429 0.032195 0 
430 0.032502 0 
431 0.016017 0 
432 0.044586 0 
433 0.027781 0 
434 0.032715 0 
435 0.029806 0 
436 0.043148 0 
438 0.042162 0 
439 0.025657 0 
440 0.053141 0 
441 0.037102 0 
443 0.039180 0 
445 0.058967 0 
446 0.057013 0 
447 0.088339 0 
448 0.071841 0 
451 0.049283 0 
452 0.065598 0 
453 0.049322 0 
454 0.057003 0 
455 0.040289 0 
456 0.032947 0 
457 0.027030 0 
458 0.062053 0 
459 0.045550 0 
460 0.053052 0 
461 0.036469 0 
462 0.036892 0 
464 0.036965 0 
466 0.031664 0 
467 0.031820 0 
468 0.023160 0 
469 0.035292 0 
470 0.018838 0 
471 0.039486 0 
472 0.030464 0 
474 0.030605 0 
475 0.030469 0 
476 0.046028 0 
477 0.088166 0 
478 0.071870 0 
479 0.055134 0 
480 0.038643 0 
481 0.031912 0 
482 0.025108 0 
483 0.031351 0 
484 0.023462 0 
485 0.038208 0 
486 0.021937 0 
487 0.081035 0 
488 0.064513 0 
490 0.057334 0 
491 0.065110 0 
492 0.048475 0 
493 0.031856 0 
494 0.023134 0 
495 0.016404 0 
496 0.029103 0 
497 0.045678 0 
498 0.029281 0 
499 0.026572 0 
501 0.063008 0 
503 0.031869 0 
504 0.014361 0 
505 0.013875 0 
506 0.043686 0 
507 0.027347 0 
508 0.025842 0 
509 0.040751 0 
511 0.091669 0 
512 0.076098 0 
513 0.059675 0 
514 0.052021 0 
516 0.049148 0 
518 0.058514 0 
519 0.049254 0 
520 0.032697 0 
522 0.017259 0 
523 0.079306 0 
524 0.062859 0 
526 0.029774 0 
527 0.022822 0 
528 0.017892 0 
529 0.043573 0 
530 0.036326 0 
531 0.031152 0 
532 0.023231 0 
533 0.017185 0 
534 0.026770 0 
535 0.034937 0 
536 0.018193 0 
537 0.057348 0 
538 0.040759 0 
539 0.024302 0 
540 0.032767 0 
541 0.025172 0 
542 0.024605 0 
543 0.014921 0 
545 0.049793 0 
546 0.052841 0 
547 0.036735 0 
548 0.019536 0 
549 0.028702 0 
550 0.041842 0 
551 0.049745 0 
553 0.049575 0 
554 0.032523 0 
555 0.015751 0 
556 0.021097 0 
557 0.036776 0 
558 0.032594 0 
559 0.019269 0 
560 0.041536 0 
561 0.025152 0 
562 0.031744 0 
563 0.035120 0 
564 0.026465 0 
566 0.027733 0 
567 0.026077 0 
568 0.047839 0 
569 0.031345 0 
570 0.015060 0 
571 0.043291 0 
572 0.026721 0 
574 0.027920 0 
575 0.021797 0 
576 0.017969 0 
577 0.014045 0 
579 0.031417 0 
580 0.014793 0 
581 0.020485 0 
582 0.011609 0 
584 0.018452 0 
585 0.046916 0 
586 0.030452 0 
587 0.026242 0 
588 0.020994 0 
589 0.022996 0 
591 0.046653 0 
592 0.051808 0 
593 0.035405 0 
594 0.018932 0 
595 0.024498 0 
596 0.024154 0 
597 0.021170 0 
598 0.053226 0 
599 0.036764 0 
601 0.047656 0 
602 0.031366 0 
603 0.032418 0 
604 0.016161 0 
605 0.016848 0 
606 0.021172 0 
607 0.039070 0 
608 0.034058 0 
609 0.024723 0 
610 0.014804 0 
611 0.023227 0 
612 0.033280 0 
613 0.016597 0 
614 0.017795 0 
615 0.036240 0 
616 0.019612 0 
617 0.019400 0 
618 0.028284 0 
619 0.028114 0 
620 0.045959 0 
621 0.068159 0 
622 0.051841 0 
623 0.035097 0 
624 0.036392 0 
625 0.019225 0 
626 0.046854 0 
628 0.047103 0 
629 0.030725 0 
630 0.021355 0 
631 0.026580 0 
632 0.063622 0 
633 0.047069 0 
634 0.030951 0 
635 0.019346 0 
637 0.020108 0 
638 0.012670 0 
639 0.015696 0 
640 0.024614 0 
642 0.022486 0 
644 0.040244 0 
645 0.043770 0 
646 0.034600 0 
647 0.027055 0 
650 0.035359 0 
651 0.018813 0 
652 0.030334 0 
653 0.045190 0 
654 0.028600 0 
655 0.042570 0 
656 0.027488 0 
657 0.027056 0 
658 0.055805 0 
659 0.039498 0 
660 0.047986 0 
661 0.031427 0 
663 0.037830 0 
665 0.059020 0 
666 0.042100 0 
667 0.033060 0 
668 0.031279 0 
669 0.022968 0 
670 0.048038 0 
671 0.031641 0 
673 0.055573 0 
674 0.038230 0 
675 0.036087 0 
676 0.019692 0 
677 0.018860 0 
678 0.020165 0 
679 0.052556 0 
680 0.035896 0 
681 0.018922 0 
682 0.021759 0 
683 0.018752 0 
684 0.026658 0 
685 0.035432 0 
686 0.018807 0 
687 0.016650 0 
689 0.097471 0 
690 0.080654 0 
691 0.064156 0 
692 0.047462 0 
693 0.047756 0 
694 0.031202 0 
695 0.045410 0 
696 0.028954 0 
697 0.031534 0 
698 0.074438 0 
700 0.041073 0 
702 0.029335 0 
703 0.054755 0 
704 0.038088 0 
705 0.021418 0 
706 0.035278 0 
707 0.018384 0 
708 0.022267 0 
710 0.022146 0 
711 0.056914 0 
712 0.048611 0 
713 0.049210 0 
715 0.032142 0 
717 0.060535 0 
718 0.043919 0 
719 0.027379 0 
721 0.040971 0 
722 0.024205 0 
723 0.054630 0 
725 0.022475 0 
726 0.054837 0 
727 0.038217 0 
728 0.037986 0 
729 0.043885 0 
730 0.039642 0 
731 0.022901 0 
732 0.026920 0 
733 0.026089 0 
734 0.024041 0 
735 0.024015 0 
736 0.027709 0 
737 0.056098 0 
738 0.039939 0 
739 0.023615 0 
740 0.015401 0 
741 0.038624 0 
742 0.022283 0 
744 0.051161 0 
745 0.034915 0 
746 0.058536 0 
747 0.042116 0 
748 0.025784 0 
749 0.040971 0 
750 0.024767 0 
752 0.027224 0 
753 0.058190 0 
754 0.042235 0 
755 0.025790 0 
756 0.059640 0 
757 0.043214 0 
758 0.036075 0 
759 0.018991 0 
760 0.028162 0 
761 0.026962 0 
762 0.044664 0 
763 0.049394 0 
765 0.051937 0 
766 0.044872 0 
767 0.028538 0 
768 0.053706 0 
769 0.037270 0 
770 0.100774 0 
771 0.084840 0 
773 0.050682 0 
774 0.072098 0 
775 0.073796 0 
776 0.057594 0 
778 0.034913 0 
779 0.018752 0 
780 0.046318 0 
781 0.115325 0 
783 0.081823 0 
784 0.090759 0 
785 0.074591 0 
786 0.058179 0 
787 0.066377 0 
788 0.049960 0 
790 0.016847 0 
791 0.030305 0 
792 0.027052 0 
793 0.010612 0 
794 0.042580 0 
795 0.026171 0 
796 0.040329 0 
797 0.024033 0 
798 0.025351 0 
800 0.016911 0 
801 0.056329 0 
802 0.039955 0 
803 0.053089 0 
804 0.035761 0 
805 0.019528 0 
806 0.026591 0 
807 0.032717 0 
808 0.016240 0 
809 0.021902 0 
810 0.019777 0 
811 0.037641 0 
812 0.020448 0 
813 0.050153 0 
814 0.033808 0 
815 0.021824 0 
816 0.032575 0 
817 0.021108 0 
818 0.107906 0 
819 0.091336 0 
820 0.074804 0 
821 0.058357 0 
822 0.042101 0 
823 0.042640 0 
824 0.026301 0 
825 0.038816 0 
827 0.021608 0 
828 0.039968 0 
829 0.039005 0 
830 0.022691 0 
831 0.030575 0 
832 0.014092 0 
833 0.026967 0 
834 0.063346 0 
836 0.069448 0 
837 0.053182 0 
838 0.037306 0 
839 0.026223 0 
841 0.023697 0 
843 0.040160 0 
844 0.055196 0 
845 0.092376 0 
846 0.075948 0 
849 0.038264 0 
850 0.021777 0 
851 0.044981 0 
852 0.057261 0 
853 0.041116 0 
854 0.025253 0 
855 0.018602 0 
856 0.024976 0 
857 0.045726 0 
858 0.029355 0 
859 0.020574 0 
860 0.034817 0 
862 0.033743 0 
864 0.042152 0 
865 0.025889 0 
866 0.052454 0 
867 0.036301 0 
868 0.019874 0 
869 0.021494 0 
870 0.020181 0 
872 0.033791 0 
873 0.025158 0 
874 0.023525 0 
875 0.028340 0 
876 0.042717 0 
877 0.045884 0 
878 0.069084 0 
879 0.052664 0 
880 0.035943 0 
881 0.035137 0 
882 0.026465 0 
883 0.025657 0 
884 0.022123 0 
885 0.038798 0 
886 0.022369 0 
888 0.049429 0 
889 0.055814 0 
890 0.039492 0 
891 0.070884 0 
892 0.054581 0 
893 0.037915 0 
894 0.021683 0 
895 0.032775 0 
896 0.016298 0 
897 0.024824 0 
899 0.056637 0 
901 0.023914 0 
902 0.063171 0 
903 0.046828 0 
904 0.038024 0 
905 0.084493 0 
906 0.067861 0 
907 0.051574 0 
909 0.027318 0 
910 0.030649 0 
911 0.051588 0 
912 0.035505 0 
914 0.048838 0 
916 0.023722 0 
917 0.040120 0 
918 0.023786 0 
920 0.049141 0 
921 0.032575 0 
922 0.027392 0 
924 0.032782 0 
925 0.032972 0 
926 0.048430 0 
927 0.033581 0 
928 0.017949 0 
929 0.044195 0 
930 0.028848 0 
931 0.028983 0 
932 0.025002 0 
933 0.023061 0 
934 0.041244 0 
935 0.048920 0 
936 0.032284 0 
937 0.016105 0 
938 0.023193 0 
939 0.027691 0 
940 0.018006 0 
941 0.016982 0 
943 0.047107 0 
944 0.031044 0 
945 0.027941 0 
946 0.037080 0 
947 0.020644 0 
948 0.044708 0 
949 0.028381 0 
951 0.016778 0 
952 0.017886 0 
953 0.043094 0 
954 0.026707 0 
955 0.023043 0 
956 0.026216 0 
957 0.063977 0 
958 0.062874 0 
959 0.046682 0 
960 0.030188 0 
961 0.040224 0 
962 0.023512 0 
964 0.040607 0 
965 0.024358 0 
966 0.024766 0 
967 0.067657 0 
968 0.051395 0 
969 0.035024 0 
970 0.021383 0 
972 0.018879 0 
973 0.016977 0 
974 0.047258 0 
975 0.035078 0 
977 0.016716 0 
978 0.017777 0 
979 0.025555 0 
980 0.021268 0 
982 0.033130 0 
983 0.030354 0 
984 0.014086 0 
985 0.019753 0 
986 0.033266 0 
987 0.024554 0 
989 0.019973 0 
990 0.028608 0 
991 0.015807 0 
992 0.037826 0 
993 0.031832 0 
994 0.037682 0 
995 0.021311 0 
996 0.052644 0 
997 0.036310 0 
999 0.040812 0 
1000 0.024323 0 
1001 0.039389 0 
1002 0.023142 0 
1003 0.051071 0 
1004 0.034666 0 
1005 0.024885 0 
1006 0.022779 0 
1007 0.022151 0 
1008 0.026311 0 
1009 0.051038 0 
1010 0.034581 0 
1011 0.018171 0 
1012 0.019657 0 
1013 0.034937 0 
1014 0.018682 0 
1015 0.019107 0 
1016 0.039851 0 
1017 0.023555 0 
1018 0.026505 0 
1019 0.035308 0 
1020 0.018885 0 
1021 0.014498 0 
1022 0.025217 0 
1023 0.034907 0 
1024 0.023400 0 
1026 0.026165 0 
1027 0.029442 0 
1028 0.012978 0 
1029 0.029712 0 
1030 0.019662 0 
1031 0.018011 0 
1032 0.039485 0 
1033 0.023027 0 
1035 0.035687 0 
1036 0.018983 0 
1037 0.012856 0 
1038 0.021523 0 
1040 0.026771 0 
1042 0.036968 0 
1043 0.037984 0 
1044 0.057484 0 
1045 0.041369 0 
1048 0.019708 0 
1049 0.032110 0 
1050 0.034940 0 
1051 0.037387 0 
1052 0.021041 0 
1053 0.032058 0 
1054 0.015697 0 
1055 0.034212 0 
1056 0.018063 0 
1057 0.027865 0 
1058 0.023748 0 
1059 0.029114 0 
1061 0.021492 0 
1063 0.032203 0 
1064 0.016885 0 
1065 0.021841 0 
1066 0.025077 0 
1067 0.029024 0 
1068 0.023387 0 
1069 0.020817 0 
1071 0.018405 0 
1072 0.030432 0 
1073 0.013998 0 
1074 0.050140 0 
1075 0.032112 0 
1076 0.030352 0 
1077 0.025326 0 
1078 0.029182 0 
1079 0.013452 0 
1080 0.036679 0 
1081 0.027917 0 
1082 0.023390 0 
1083 0.022904 0 
1084 0.010128 0 
1085 0.021050 0 
1087 0.035650 0 
1088 0.062119 0 
1089 0.078808 0 
1090 0.062672 0 
1091 0.046250 0 
1092 0.029837 0 
1093 0.035731 0 
1094 0.037630 0 
1095 0.021292 0 
1096 0.101217 0 
1098 0.068117 0 
1100 0.035313 0 
1101 0.038213 0 
1102 0.021868 0 
1103 0.033542 0 
1104 0.017071 0 
1105 0.024477 0 
1106 0.035768 0 
1108 0.031298 0 
1109 0.053327 0 
1110 0.050958 0 
1111 0.034678 0 
1113 0.034947 0 
1115 0.024643 0 
1116 0.031352 0 
1117 0.016194 0 
1119 0.035476 0 
1120 0.018935 0 
1121 0.023564 0 
1123 0.020646 0 
1124 0.035007 0 
1125 0.018587 0 
1126 0.019925 0 
1127 0.019074 0 
1128 0.034841 0 
1129 0.056675 0 
1130 0.040179 0 
1131 0.023640 0 
1132 0.032902 0 
1133 0.016019 0 
1134 0.069822 0 
1135 0.053331 0 
1136 0.037010 0 
1137 0.043355 0 
1138 0.043881 0 
1139 0.038950 0 
1140 0.022618 0 
1142 0.027570 0 
1143 0.016629 0 
1144 0.015087 0 
1145 0.038723 0 
1146 0.030600 0 
1147 0.014224 0 
1148 0.021556 0 
1150 0.025555 0 
1151 0.015198 0 
1152 0.026861 0 
1153 0.025644 0 
1154 0.015613 0 
1155 0.033040 0 
1156 0.016931 0 
1157 0.030030 0 
1158 0.024811 0 
1159 0.021655 0 
1160 0.028787 0 
1161 0.033710 0 
1163 0.035103 0 
1164 0.029673 0 
1165 0.013430 0 
1166 0.053385 0 
1167 0.036891 0 
1168 0.020307 0 
1169 0.034612 0 
1171 0.053275 0 
1172 0.036704 0 
1173 0.031146 0 
1174 0.036248 0 
1176 0.026033 0 
1177 0.101466 0 
1178 0.085163 0 
1179 0.068834 0 
1181 0.035414 0 
1182 0.039671 0 
1183 0.032181 0 
1184 0.014307 0 
1185 0.015335 0 
1186 0.022667 0 
1188 0.031213 0 
1189 0.050519 0 
1190 0.034186 0 
1191 0.034678 0 
1192 0.026503 0 
1193 0.033411 0 
1194 0.028708 0 
1195 0.033734 0 
1196 0.039180 0 
1198 0.027007 0 
1199 0.025318 0 
1200 0.057074 0 
1201 0.040529 0 
1202 0.038137 0 
1203 0.021592 0 
1204 0.021831 0 
1205 0.034132 0 
1206 0.051444 0 
1207 0.034882 0 
1208 0.025622 0 
1209 0.026681 0 
1210 0.033729 0 
1211 0.025877 0 
1212 0.022261 0 
1213 0.045636 0 
1214 0.028991 0 
1215 0.035448 0 
1216 0.049262 0 
1217 0.039101 0 
1218 0.022791 0 
1219 0.027499 0 
1220 0.039220 0 
1221 0.022595 0 
1222 0.021167 0 
1223 0.020326 0 
1225 0.023107 0 
1226 0.018871 0 
1227 0.030896 0 
1228 0.036779 0 
1229 0.020253 0 
1230 0.016002 0 
1231 0.016235 0 
1232 0.027602 0 
1234 0.054247 0 
1235 0.046322 0 
1236 0.030179 0 
1237 0.013881 0 
1239 0.012140 0 
1241 0.063323 0 
1242 0.046579 0 
1243 0.072278 0 
1244 0.055965 0 
1247 0.032243 0 
1248 0.015873 0 
1249 0.018128 0 
1250 0.054677 0 
1251 0.038167 0 
1252 0.021419 0 
1253 0.025115 0 
1254 0.015846 0 
1255 0.014240 0 
1256 0.045571 0 
1257 0.029345 0 
1258 0.028659 0 
1260 0.038218 0 
1262 0.033445 0 
1263 0.017365 0 
1264 0.059340 0 
1265 0.042881 0 
1266 0.070154 0 
1267 0.054521 0 
1268 0.038255 0 
1270 0.016499 0 
1271 0.032143 0 
1272 0.056652 0 
1273 0.040407 0 
1274 0.023582 0 
1275 0.029903 0 
1276 0.022094 0 
1277 0.020480 0 
1278 0.033873 0 
1279 0.028419 0 
1280 0.022570 0 
1281 0.011832 0 
1282 0.023404 0 
1283 0.030352 0 
1284 0.014887 0 
1286 0.037678 0 
1287 0.037066 0 
1288 0.029004 0 
1289 0.026117 0 
1290 0.025754 0 
1291 0.010902 0 
1292 0.013049 0 
1293 0.033198 0 
1294 0.017657 0 
1295 0.040237 0 
1297 0.040740 0 
1299 0.024635 0 
1300 0.070229 0 
1301 0.053852 0 
1302 0.037407 0 
1303 0.033913 0 
1304 0.040230 0 
1305 0.024309 0 
1307 0.041035 0 
1308 0.032183 0 
1309 0.018206 0 
1310 0.014984 0 
1312 0.037189 0 
1314 0.030321 0 
1315 0.049145 0 
1316 0.055775 0 
1318 0.044371 0 
1319 0.050348 0 
1320 0.034034 0 
1322 0.033897 0 
1323 0.017636 0 
1324 0.020620 0 
1325 0.023592 0 
1326 0.009874 0 
1327 0.035965 0 
1328 0.021830 0 
1329 0.013933 0 
1330 0.030829 0 
1331 0.034768 0 
1332 0.026982 0 
1333 0.016859 0 
1334 0.023820 0 
1335 0.024729 0 
1336 0.024378 0 
1337 0.033936 0 
1338 0.025124 0 
1339 0.022775 0 
1341 0.024803 0 
1342 0.030203 0 
1343 0.018993 0 
1344 0.026316 0 
1345 0.019857 0 
1346 0.028567 0 
1347 0.018997 0 
1349 0.022949 0 
1350 0.100819 0 
1351 0.084584 0 
1352 0.068515 0 
1353 0.052125 0 
1354 0.035681 0 
1355 0.019018 0 
1356 0.029304 0 
1357 0.019811 0 
1358 0.029098 0 
1359 0.034300 0 
1360 0.025789 0 
1362 0.021668 0 
1363 0.050014 0 
1364 0.033788 0 
1365 0.025069 0 
1366 0.024216 0 
1367 0.018265 0 
1368 0.038828 0 
1370 0.038728 0 
1371 0.023375 0 
1372 0.026765 0 
1373 0.053265 0 
1375 0.065696 0 
1376 0.049269 0 
1377 0.032785 0 
1378 0.076360 0 
1380 0.043533 0 
1381 0.068020 0 
1382 0.052209 0 
1383 0.035493 0 
1384 0.017816 0 
1385 0.019175 0 
1387 0.052150 0 
1388 0.062936 0 
1389 0.046081 0 
1390 0.029764 0 
1391 0.013534 0 
1392 0.019467 0 
1393 0.028171 0 
1394 0.027698 0 
1395 0.011625 0 
1397 0.030354 0 
1398 0.038848 0 
1399 0.022579 0 
1400 0.029565 0 
1401 0.035671 0 
1402 0.034510 0 
1403 0.018255 0 
1404 0.022691 0 
1405 0.016596 0 
1406 0.036623 0 
1407 0.020225 0 
1408 0.017899 0 
1409 0.024889 0 
1410 0.049405 0 
1411 0.032820 0 
1412 0.022624 0 
1413 0.032419 0 
1414 0.031956 0 
1415 0.029702 0 
1416 0.019495 0 
1417 0.038479 0 
1418 0.022573 0 
1419 0.043952 0 
1420 0.027415 0 
1421 0.049068 0 
1422 0.032551 0 
1424 0.030346 0 
1425 0.027721 0 
1426 0.046044 0 
1427 0.029644 0 
1428 0.023829 0 
1429 0.024374 0 
1430 0.055094 0 
1431 0.039105 0 
1433 0.030102 0 
1434 0.049361 0 
1435 0.033388 0 
1436 0.017023 0 
1438 0.011529 0 
1440 0.052505 0 
1441 0.062809 0 
1442 0.085124 0 
1443 0.068927 0 
1446 0.035254 0 
1447 0.018755 0 
1448 0.039210 0 
1449 0.038856 0 
1450 0.055273 0 
1451 0.038535 0 
1452 0.022818 0 
1453 0.015787 0 
1454 0.020534 0 
1455 0.034933 0 
1456 0.018806 0 
1457 0.026909 0 
1459 0.043073 0 
1461 0.039548 0 
1462 0.064717 0 
1463 0.048380 0 
1464 0.031958 0 
1465 0.048878 0 
1466 0.032393 0 
1467 0.039532 0 
1469 0.027319 0 
1470 0.027146 0 
1471 0.010576 0 
1472 0.017482 0 
1473 0.016899 0 
1474 0.027195 0 
1475 0.016052 0 
1476 0.035772 0 
1477 0.019675 0 
1478 0.036148 0 
1479 0.019463 0 
1480 0.043769 0 
1481 0.027600 0 
1482 0.029266 0 
1483 0.012799 0 
1485 0.069016 0 
1486 0.051818 0 
1487 0.054836 0 
1488 0.038736 0 
1489 0.036403 0 
1490 0.052338 0 
1491 0.035791 0 
1492 0.024402 0 
1493 0.028613 0 
1494 0.028304 0 
1496 0.028160 0 
1498 0.016374 0 
1499 0.026289 0 
1500 0.059791 0 
1501 0.043316 0 
1502 0.038362 0 
1503 0.028415 0 
1504 0.017750 0 
1506 0.052979 0 
1507 0.036863 0 
1508 0.020447 0 
1509 0.020624 0 
1511 0.028438 0 
1513 0.014591 0 
1514 0.037468 0 
1515 0.021319 0 
1517 0.032033 0 
1518 0.016050 0 
1519 0.042242 0 
1521 0.025254 0 
1522 0.021286 0 
1523 0.043433 0 
1524 0.034291 0 
1525 0.026026 0 
1526 0.049582 0 
1527 0.045161 0 
1528 0.028894 0 
1529 0.012388 0 
1530 0.015985 0 
1531 0.010517 0 
1532 0.029747 0 
1533 0.013332 0 
1534 0.021338 0 
1535 0.018584 0 
1536 0.038080 0 
1537 0.021786 0 
1538 0.045941 0 
1540 0.015945 0 
1541 0.019975 0 
1542 0.014364 0 
1543 0.034178 0 
1544 0.034426 0 
1545 0.028239 0 
1546 0.019302 0 
1548 0.038495 0 
1549 0.050736 0 
1550 0.034270 0 
1551 0.057343 0 
1552 0.041702 0 
1553 0.042196 0 
1554 0.025744 0 
1555 0.038634 0 
1556 0.058450 0 
1557 0.041042 0 
1558 0.025687 0 
1559 0.028046 0 
1561 0.035301 0 
1562 0.019210 0 
1563 0.012512 0 
1564 0.042593 0 
1565 0.026024 0 
1566 0.026297 0 
1567 0.025284 0 
1569 0.046120 0 
1570 0.029524 0 
1571 0.031945 0 
1572 0.032105 0 
1574 0.032648 0 
1575 0.032352 0 
1576 0.024009 0 
1577 0.013669 0 
1579 0.032943 0 
1580 0.047119 0 
1581 0.030534 0 
1582 0.032075 0 
1583 0.022636 0 
1584 0.014928 0 
1586 0.038469 0 
1587 0.030863 0 
1588 0.018301 0 
1589 0.026808 0 
1590 0.025629 0 
1591 0.107586 0 
1592 0.090968 0 
1593 0.074487 0 
1594 0.058198 0 
1596 0.040204 0 
1597 0.023689 0 
1598 0.016038 0 
1599 0.030571 0 
1600 0.029874 0 
1601 0.039670 0 
1602 0.023524 0 
1603 0.020057 0 
1604 0.044182 0 
1605 0.027821 0 
1606 0.029695 0 
1607 0.022812 0 
1608 0.039452 0 
1609 0.033503 0 
1610 0.016983 0 
1611 0.017927 0 
1612 0.020100 0 
1613 0.022386 0 
1614 0.029624 0 
1615 0.025341 0 
1616 0.015887 0 
1617 0.018465 0 
1618 0.046715 0 
1619 0.030348 0 
1620 0.021465 0 
1621 0.057473 0 
1623 0.024636 0 
1624 0.029978 0 
1625 0.021826 0 
1626 0.029267 0 
1627 0.029820 0 
1628 0.022834 0 
1629 0.051811 0 
1630 0.052512 0 
1632 0.050479 0 
1633 0.033818 0 
1634 0.017692 0 
1635 0.024188 0 
1637 0.044017 0 
1639 0.056762 0 
1640 0.073706 0 
1641 0.070024 0 
1642 0.054138 0 
1645 0.031497 0 
1646 0.046699 0 
1647 0.045536 0 
1648 0.044142 0 
1649 0.027798 0 
1650 0.034121 0 
1651 0.017570 0 
1652 0.050531 0 
1653 0.060345 0 
1654 0.044522 0 
1655 0.037108 0 
1656 0.020806 0 
1658 0.030653 0 
1660 0.028875 0 
1661 0.033053 0 
1662 0.046598 0 
1663 0.029544 0 
1664 0.029140 0 
1665 0.073613 0 
1666 0.057083 0 
1668 0.023997 0 
1669 0.048817 0 
1670 0.032530 0 
1671 0.016327 0 
1672 0.032076 0 
1673 0.015723 0 
1674 0.026849 0 
1675 0.027994 0 
1676 0.028768 0 
1677 0.028655 0 
1678 0.025523 0 
1679 0.017768 0 
1680 0.024798 0 
1681 0.036210 0 
1682 0.020177 0 
1684 0.038581 0 
1685 0.045679 0 
1686 0.046796 0 
1687 0.030163 0 
1688 0.029260 0 
1689 0.012846 0 
1690 0.019700 0 
1691 0.021750 0 
1692 0.013551 0 
1693 0.038003 0 
1695 0.036072 0 
1697 0.028143 0 
1698 0.020105 0 
1699 0.032436 0 
1700 0.033683 0 
1701 0.017374 0 
1702 0.044973 0 
1703 0.061742 0 
1705 0.028957 0 
1706 0.054735 0 
1707 0.038879 0 
1708 0.047911 0 
1710 0.041273 0 
1712 0.032012 0 
1713 0.041687 0 
1714 0.025304 0 
1716 0.023272 0 
1717 0.043165 0 
1718 0.027651 0 
1720 0.030374 0 
1721 0.036531 0 
1722 0.058187 0 
1723 0.042098 0 
1724 0.025499 0 
1725 0.048631 0 
1726 0.032459 0 
1727 0.034059 0 
1728 0.044142 0 
1729 0.027465 0 
1730 0.019116 0 
1731 0.026022 0 
1732 0.033470 0 
1733 0.044695 0 
1734 0.035882 0 
1735 0.038283 0 
1736 0.027423 0 
1737 0.010921 0 
1739 0.030032 0 
1740 0.059881 0 
1741 0.060125 0 
1742 0.066384 0 
1743 0.049860 0 
1744 0.045415 0 
1745 0.117082 0 
1747 0.084238 0 
1748 0.067735 0 
1749 0.051488 0 
1750 0.034998 0 
1751 0.041497 0 
1752 0.024707 0 
1753 0.028294 0 
1754 0.026998 0 
1755 0.059722 0 
1756 0.043398 0 
1757 0.051089 0 
1758 0.034711 0 
1760 0.027573 0 
1761 0.039660 0 
1762 0.030483 0 
1763 0.052232 0 
1764 0.036022 0 
1765 0.028528 0 
1766 0.029855 0 
1768 0.019838 0 
1769 0.071817 0 
1770 0.091571 0 
1771 0.083422 0 
1773 0.050501 0 
1774 0.060712 0 
1775 0.043416 0 
1776 0.027488 0 
1778 0.033964 0 
1779 0.048228 0 
1780 0.031943 0 
1781 0.026169 0 
1782 0.025318 0 
1783 0.020325 0 
1785 0.027395 0 
1786 0.072520 0 
1787 0.055929 0 
1788 0.060920 0 
1789 0.044252 0 
1790 0.028280 0 
1791 0.033974 0 
1792 0.040613 0 
1793 0.034817 0 
1795 0.017471 0 
1796 0.024965 0 
1797 0.037215 0 
1798 0.046019 0 
1799 0.037170 0 
1800 0.038520 0 
1801 0.022247 0 
1802 0.024053 0 
1803 0.022655 0 
1804 0.047135 0 
1805 0.030801 0 
1806 0.022267 0 
1807 0.042386 0 
1808 0.035281 0 
1809 0.019122 0 
1810 0.033038 0 
1811 0.024812 0 
1812 0.045794 0 
1813 0.038362 0 
1814 0.021871 0 
1815 0.038814 0 
1816 0.022226 0 
1817 0.032124 0 
1818 0.015713 0 
1819 0.016907 0 
1820 0.048268 0 
1822 0.036405 0 
1823 0.024749 0 
1824 0.037138 0 
1825 0.030150 0 
1826 0.014631 0 
1827 0.054314 0 
1828 0.038030 0 
1829 0.044974 0 
1831 0.036600 0 
1832 0.020027 0 
1833 0.042195 0 
1834 0.025803 0 
1836 0.011042 0 
1838 0.058770 0 
1839 0.042692 0 
1840 0.073524 0 
1841 0.093026 0 
1844 0.041614 0 
1845 0.025895 0 
1846 0.012065 0 
1847 0.057804 0 
1848 0.041411 0 
1849 0.025104 0 
1850 0.059320 0 
1851 0.042905 0 
1852 0.026595 0 
1853 0.017848 0 
1854 0.016485 0 
1855 0.032156 0 
1857 0.024165 0 
1859 0.035699 0 
1860 0.025005 0 
1861 0.021572 0 
1862 0.043391 0 
1863 0.027039 0 
1864 0.041214 0 
1865 0.025003 0 
1867 0.019289 0 
1868 0.059775 0 
1869 0.061926 0 
1870 0.045667 0 
1871 0.029468 0 
1872 0.032100 0 
1873 0.015743 0 
1874 0.022283 0 
1875 0.035972 0 
1876 0.027342 0 
1877 0.026827 0 
1878 0.026495 0 
1879 0.048169 0 
1880 0.032052 0 
1881 0.024781 0 
1883 0.048519 0 
1884 0.058838 0 
1885 0.042426 0 
1886 0.040775 0 
1887 0.024100 0 
1888 0.014791 0 
1889 0.027104 0 
1890 0.028888 0 
1891 0.035771 0 
1892 0.026068 0 
1894 0.040778 0 
1896 0.032593 0 
1897 0.027406 0 
1898 0.036759 0 
1899 0.020329 0 
1900 0.033387 0 
1901 0.064255 0 
1902 0.047851 0 
1904 0.034171 0 
1905 0.053540 0 
1906 0.069825 0 
1907 0.053466 0 
1909 0.109397 0 
1911 0.076783 0 
1912 0.060387 0 
1913 0.043942 0 
1915 0.038846 0 
1916 0.060752 0 
1917 0.044715 0 
1919 0.023323 0 
1920 0.030229 0 
1921 0.032276 0 
1922 0.025433 0 
1923 0.068229 0 
1924 0.051816 0 
1925 0.047174 0 
1926 0.030379 0 
1927 0.029723 0 
1928 0.021734 0 
1929 0.023082 0 
1930 0.041029 0 
1931 0.024563 0 
1932 0.025593 0 
1933 0.023192 0 
1934 0.054708 0 
1935 0.038956 0 
1936 0.030967 0 
1938 0.041777 0 
1939 0.025742 0 
1940 0.018451 0 
1941 0.043934 0 
1942 0.044800 0 
1943 0.045203 0 
1944 0.039297 0 
1946 0.040874 0 
1947 0.031172 0 
1948 0.023862 0 
1949 0.027195 0 
1950 0.023696 0 
1951 0.050389 0 
1952 0.034320 0 
1953 0.028846 0 
1954 0.042919 0 
1955 0.026523 0 
1956 0.034790 0 
1957 0.051096 0 
1959 0.044879 0 
1960 0.038589 0 
1961 0.022498 0 
1962 0.042305 0 
1963 0.026082 0 
1964 0.024557 0 
1965 0.023985 0 
1967 0.017014 0 
1968 0.024469 0 
1969 0.054465 0 
1970 0.038211 0 
1972 0.041667 0 
1973 0.024965 0 
1974 0.027723 0 
1975 0.038637 0 
1977 0.031798 0 
1978 0.028364 0 
1979 0.027590 0 
1980 0.020658 0 
1981 0.014856 0 
1982 0.051428 0 
1984 0.032718 0 
1985 0.028381 0 
1986 0.031002 0 
1987 0.015224 0 
1988 0.032908 0 
1989 0.026996 0 
1990 0.026720 0 
1991 0.026338 0 
1992 0.026915 0 
1994 0.056218 0 
1995 0.039938 0 
1996 0.023741 0 
1997 0.038599 0 
1998 0.022043 0 
1999 0.017614 0 
2000 0.018045 0 
2001 0.024309 0 
2002 0.022437 0 
2003 0.022430 0 
2004 0.056527 0 
2005 0.040083 0 
2006 0.023845 0 
2007 0.037069 0 
2008 0.021109 0 
2009 0.022006 0 
2010 0.032650 0 
2011 0.016284 0 
2012 0.034584 0 
2013 0.018212 0 
2014 0.027496 0 
2015 0.029137 0 
2016 0.019596 0 
2017 0.054420 0 
2018 0.037974 0 
2019 0.021631 0 
2021 0.015019 0 
2022 0.023777 0 
2023 0.028486 0 
2024 0.012131 0 
2025 0.084769 0 
2026 0.067818 0 
2027 0.095361 0 
2028 0.077665 0 
2030 0.055439 0 
2031 0.039453 0 
2032 0.023364 0 
2033 0.024107 0 
2035 0.091543 0 
2037 0.087927 0 
2038 0.130128 0 
2039 0.140380 0 
2040 0.123966 0 
2043 0.074379 0 
2044 0.057923 0 
2045 0.041423 0 
2046 0.039068 0 
2047 0.031581 0 
2048 0.033532 0 
2049 0.060336 0 
2050 0.043866 0 
2051 0.027664 0 
2052 0.018569 0 
2053 0.073920 0 
2054 0.056830 0 
2056 0.032308 0 
2058 0.029759 0 
2059 0.013432 0 
2060 0.014970 0 
2061 0.049352 0 
2062 0.033054 0 
2063 0.016623 0 
2064 0.038264 0 
2066 0.060896 0 
2067 0.044645 0 
2068 0.060389 0 
2069 0.043771 0 
2070 0.027643 0 
2071 0.059114 0 
2072 0.042626 0 
2073 0.032300 0 
2074 0.032349 0 
2075 0.041263 0 
2076 0.025793 0 
2077 0.017424 0 
2078 0.019373 0 
2079 0.025630 0 
2080 0.028661 0 
2082 0.097330 0 
2083 0.095870 0 
2084 0.079458 0 
2085 0.074339 0 
2086 0.057703 0 
2087 0.041124 0 
2088 0.024934 0 
2089 0.017158 0 
2090 0.020167 0 
2091 0.024242 0 
2093 0.038437 0 
2095 0.039345 0 
2096 0.023154 0 
2097 0.042641 0 
2098 0.036312 0 
2099 0.020000 0 
2100 0.041861 0 
2101 0.043184 0 
2103 0.060986 0 
2104 0.044581 0 
2105 0.052713 0 
2106 0.075692 0 
2108 0.043032 0 
2110 0.059292 0 
2111 0.042912 0 
2112 0.026440 0 
2114 0.033715 0 
2115 0.043227 0 
2116 0.026800 0 
2118 0.083791 0 
2119 0.067335 0 
2120 0.049539 0 
2121 0.070473 0 
2122 0.054723 0 
2123 0.056257 0 
2124 0.041828 0 
2125 0.030540 0 
2126 0.024698 0 
2127 0.056579 0 
2128 0.040515 0 
2129 0.026841 0 
2130 0.051732 0 
2131 0.035094 0 
2132 0.054247 0 
2133 0.090714 0 
2134 0.074075 0 
2135 0.058189 0 
2137 0.033194 0 
2138 0.016431 0 
2139 0.029580 0 
2140 0.030424 0 
2141 0.051278 0 
2142 0.035713 0 
2143 0.035939 0 
2145 0.021822 0 
2146 0.040746 0 
2147 0.032357 0 
2148 0.015816 0 
2149 0.030864 0 
2150 0.037612 0 
2151 0.020861 0 
2152 0.034687 0 
2153 0.018451 0 
2154 0.017887 0 
2155 0.061993 0 
2156 0.047019 0 
2158 0.037502 0 
2159 0.035970 0 
2160 0.019073 0 
2161 0.064182 0 
2162 0.047928 0 
2163 0.053684 0 
2164 0.037468 0 
2166 0.024639 0 
2167 0.028938 0 
2168 0.021407 0 
2169 0.027420 0 
2171 0.016637 0 
2172 0.017809 0 
2173 0.030501 0 
2174 0.014056 0 
2176 0.027854 0 
2177 0.056945 0 
2178 0.040472 0 
2179 0.024119 0 
2180 0.058694 0 
2181 0.042278 0 
2183 0.049372 0 
2184 0.032654 0 
2185 0.033805 0 
2186 0.093521 0 
2187 0.077374 0 
2188 0.060775 0 
2189 0.055860 0 
2190 0.039257 0 
2191 0.022646 0 
2193 0.026887 0 
2194 0.023311 0 
2195 0.020997 0 
2196 0.014174 0 
2197 0.034558 0 
2198 0.033333 0 
2199 0.041205 0 
2200 0.028741 0 
2201 0.019415 0 
2202 0.028584 0 
2203 0.081558 0 
2204 0.065359 0 
2205 0.048991 0 
2206 0.041789 0 
2207 0.049662 0 
2208 0.033162 0 
2209 0.032723 0 
2210 0.026348 0 
2211 0.018303 0 
2212 0.042793 0 
2213 0.036053 0 
2214 0.019784 0 
2215 0.034356 0 
2216 0.035653 0 
2217 0.018786 0 
2218 0.024200 0 
2220 0.022673 0 
2221 0.127348 0 
2222 0.109810 0 
2223 0.113358 0 
2224 0.096806 0 
2225 0.080297 0 
2226 0.087163 0 
2227 0.070868 0 
2229 0.064854 0 
2230 0.048637 0 
2231 0.032475 0 
2232 0.016329 0 
2234 0.034258 0 
2236 0.016743 0 
2237 0.054703 0 
2238 0.096691 0 
2239 0.080180 0 
2242 0.070004 0 
2243 0.053762 0 
2244 0.048041 0 
2245 0.040347 0 
2246 0.065758 0 
2247 0.056597 0 
2248 0.072060 0 
2249 0.055689 0 
2250 0.065454 0 
2251 0.049420 0 
2252 0.033268 0 
2253 0.043175 0 
2255 0.027322 0 
2257 0.054792 0 
2258 0.039022 0 
2259 0.022658 0 
2260 0.030729 0 
2261 0.030217 0 
2262 0.027531 0 
2263 0.013368 0 
2265 0.016728 0 
2266 0.021630 0 
2267 0.027848 0 
2268 0.024342 0 
2269 0.039009 0 
2270 0.022652 0 
2271 0.023946 0 
2272 0.015340 0 
2273 0.030412 0 
2274 0.039690 0 
2275 0.023427 0 
2276 0.037512 0 
2277 0.021063 0 
2278 0.013042 0 
2279 0.025461 0 
2281 0.092106 0 
2282 0.093501 0 
2283 0.093339 0 
2284 0.077392 0 
2285 0.061569 0 
2286 0.065387 0 
2287 0.049135 0 
2288 0.040158 0 
2289 0.023736 0 
2290 0.044638 0 
2292 0.029012 0 
2294 0.075597 0 
2295 0.059088 0 
2296 0.042483 0 
2297 0.025657 0 
2298 0.012902 0 
2299 0.018741 0 
2300 0.024226 0 
2302 0.064563 0 
2303 0.048099 0 
2304 0.085263 0 
2305 0.068477 0 
2307 0.062329 0 
2309 0.061965 0 
2310 0.045683 0 
2311 0.096409 0 
2313 0.063399 0 
2314 0.085518 0 
2315 0.069407 0 
2317 0.037726 0 
2318 0.037908 0 
2319 0.032834 0 
2320 0.048454 0 
2321 0.034624 0 
2322 0.018277 0 
2323 0.017245 0 
2324 0.024645 0 
2325 0.055259 0 
2326 0.038769 0 
2327 0.022338 0 
2328 0.030003 0 
2329 0.053399 0 
2330 0.037066 0 
2331 0.038557 0 
2332 0.021856 0 
2333 0.015176 0 
2334 0.027212 0 
2336 0.028108 0 
2337 0.034385 0 
2338 0.028113 0 
2339 0.030429 0 
2340 0.033526 0 
2341 0.024303 0 
2342 0.056298 0 
2344 0.023685 0 
2345 0.053537 0 
2346 0.037392 0 
2347 0.035989 0 
2348 0.027280 0 
2349 0.041890 0 
2350 0.025774 0 
2351 0.040043 0 
2352 0.023703 0 
2353 0.024290 0 
2354 0.036001 0 
2355 0.040138 0 
2357 0.049965 0 
2358 0.067256 0 
2359 0.050267 0 
2360 0.093316 0 
2361 0.077139 0 
2362 0.058992 0 
2363 0.060292 0 
2365 0.036983 0 
2366 0.020453 0 
2367 0.029910 0 
2368 0.028918 0 
2370 0.031662 0 
2371 0.015101 0 
2372 0.055973 0 
2373 0.039867 0 
2375 0.059427 0 
2376 0.075521 0 
2377 0.059283 0 
2378 0.042871 0 
2379 0.026421 0 
2380 0.017827 0 
2382 0.038013 0 
2383 0.021459 0 
2384 0.030018 0 
2385 0.033592 0 
2386 0.026640 0 
2387 0.021152 0 
2388 0.049523 0 
2389 0.032927 0 
2390 0.071106 0 
2392 0.054089 0 
2393 0.037902 0 
2394 0.064228 0 
2395 0.047585 0 
2396 0.030788 0 
2397 0.021285 0 
2398 0.046217 0 
2399 0.029516 0 
2400 0.038242 0 
2401 0.021554 0 
2402 0.041821 0 
2403 0.025500 0 
2404 0.044384 0 
2405 0.028237 0 
2406 0.049933 0 
2407 0.034830 0 
2408 0.026393 0 
2409 0.029002 0 
2410 0.030327 0 
2411 0.098117 0 
2412 0.082863 0 
2413 0.066504 0 
2414 0.067184 0 
2415 0.057715 0 
2416 0.041248 0 
2417 0.024294 0 
2419 0.041669 0 
2420 0.038309 0 
2421 0.020618 0 
2422 0.063993 0 
2423 0.047901 0 
2424 0.031391 0 
2425 0.065088 0 
2426 0.048922 0 
2428 0.037758 0 
2429 0.044143 0 
2430 0.028448 0 
2431 0.022515 0 
2433 0.030379 0 
2435 0.085645 0 
2436 0.091767 0 
2437 0.104050 0 
2438 0.120632 0 
2441 0.086778 0 
2442 0.072539 0 
2443 0.073139 0 
2444 0.056991 0 
2445 0.040651 0 
2446 0.039245 0 
2447 0.022890 0 
2448 0.050204 0 
2449 0.050603 0 
2450 0.034365 0 
2451 0.026186 0 
2452 0.017922 0 
2454 0.036473 0 
2456 0.047091 0 
2457 0.048003 0 
2458 0.031322 0 
2459 0.070694 0 
2460 0.054553 0 
2461 0.038355 0 
2462 0.022041 0 
2464 0.032839 0 
2465 0.035374 0 
2466 0.018991 0 
2467 0.018475 0 
2468 0.035310 0 
2469 0.036977 0 
2470 0.048850 0 
2471 0.032390 0 
2472 0.027629 0 
2473 0.037662 0 
2474 0.021724 0 
2475 0.031018 0 
2476 0.036407 0 
2477 0.041747 0 
2478 0.025314 0 
2480 0.094164 0 
2481 0.097803 0 
2482 0.081628 0 
2483 0.064949 0 
2484 0.048930 0 
2485 0.037968 0 
2486 0.027223 0 
2487 0.010957 0 
2488 0.019681 0 
2489 0.024327 0 
2491 0.079756 0 
2493 0.047037 0 
2494 0.030584 0 
2495 0.107054 0 
2496 0.090711 0 
2497 0.073557 0 
2498 0.057158 0 
2499 0.040614 0 
2501 0.039589 0 
2502 0.023782 0 
2503 0.014373 0 
2504 0.022674 0 
2506 0.087992 0 
2508 0.055338 0 
2509 0.038915 0 
2510 0.084167 0 
2512 0.051424 0 
2513 0.060362 0 
2514 0.042939 0 
2516 0.059305 0 
2517 0.042794 0 
2518 0.035733 0 
2519 0.019247 0 
2520 0.029009 0 
2521 0.034155 0 
2522 0.026992 0 
2523 0.022212 0 
2524 0.013280 0 
2525 0.015422 0 
2526 0.015514 0 
2527 0.025430 0 
2528 0.019300 0 
2529 0.020290 0 
2530 0.051719 0 
2531 0.035205 0 
2532 0.036931 0 
2533 0.047065 0 
2535 0.024202 0 
2536 0.022659 0 
2537 0.029387 0 
2538 0.035253 0 
2539 0.019053 0 
2540 0.032911 0 
2541 0.034963 0 
2543 0.044366 0 
2544 0.027720 0 
2545 0.032695 0 
2546 0.046493 0 
2547 0.030090 0 
2548 0.041103 0 
2549 0.032923 0 
2550 0.016478 0 
2551 0.037574 0 
2552 0.049573 0 
2553 0.032907 0 
2554 0.016131 0 
2556 0.029578 0 
2557 0.081945 0 
2558 0.065941 0 
2559 0.082413 0 
2560 0.066606 0 
2561 0.050484 0 
2562 0.034396 0 
2564 0.022250 0 
2565 0.067742 0 
2566 0.051294 0 
2567 0.052114 0 
2569 0.064440 0 
2570 0.050768 0 
2571 0.034679 0 
2572 0.018531 0 
2574 0.020169 0 
2575 0.036634 0 
2576 0.020343 0 
2577 0.013076 0 
2578 0.028120 0 
2579 0.023015 0 
2581 0.026806 0 
2582 0.039067 0 
2583 0.026469 0 
2584 0.032211 0 
2585 0.050334 0 
2586 0.033921 0 
2587 0.073174 0 
2588 0.075635 0 
2589 0.059407 0 
2591 0.054436 0 
2592 0.037887 0 
2593 0.037107 0 
2594 0.055312 0 
2595 0.040550 0 
2596 0.032894 0 
2597 0.107384 0 
2598 0.090719 0 
2599 0.077100 0 
2600 0.060424 0 
2601 0.044175 0 
2602 0.037879 0 
2603 0.021542 0 
2604 0.057848 0 
2605 0.041579 0 
2606 0.025344 0 
2607 0.059997 0 
2608 0.045718 0 
2609 0.039007 0 
2610 0.022623 0 
2611 0.032336 0 
2612 0.028981 0 
2613 0.012450 0 
2614 0.014653 0 
2615 0.043054 0 
2616 0.057358 0 
2618 0.031768 0 
2619 0.024317 0 
2620 0.017379 0 
2621 0.016232 0 
2622 0.023983 0 
2623 0.023200 0 
2624 0.019798 0 
2625 0.025073 0 
2627 0.044404 0 
2628 0.027593 0 
2629 0.011998 0 
2630 0.026561 0 
2632 0.016362 0 
2634 0.044161 0 
2635 0.045079 0 
2636 0.046868 0 
2637 0.040592 0 
2640 0.029893 0 
2641 0.020743 0 
2642 0.033945 0 
2643 0.046398 0 
2644 0.030291 0 
2645 0.041614 0 
2646 0.035021 0 
2647 0.026236 0 
2648 0.024897 0 
2649 0.034798 0 
2650 0.026141 0 
2651 0.019821 0 
2653 0.024378 0 
2655 0.049911 0 
2656 0.033665 0 
2657 0.028385 0 
2658 0.019214 0 
2659 0.021939 0 
2660 0.069457 0 
2661 0.053327 0 
2663 0.030703 0 
2664 0.050849 0 
2665 0.050401 0 
2666 0.034606 0 
2667 0.047050 0 
2668 0.030695 0 
2669 0.045633 0 
2670 0.029705 0 
2671 0.055198 0 
2672 0.039099 0 
2673 0.036401 0 
2674 0.058185 0 
2675 0.042059 0 
2676 0.025688 0 
2677 0.057240 0 
2679 0.059002 0 
2680 0.053684 0 
2681 0.055496 0 
2682 0.041414 0 
2683 0.024801 0 
2684 0.017208 0 
2685 0.034156 0 
2686 0.026569 0 
2687 0.017984 0 
2688 0.033679 0 
2690 0.043919 0 
2692 0.031338 0 
2693 0.014901 0 
2694 0.030683 0 
2695 0.024240 0 
2696 0.035238 0 
2697 0.037421 0 
2698 0.020189 0 
2700 0.052812 0 
2701 0.036348 0 
2702 0.021340 0 
2703 0.046816 0 
2705 0.052367 0 
2707 0.043269 0 
2708 0.026975 0 
2709 0.044547 0 
2711 0.045683 0 
2712 0.052776 0 
2713 0.036213 0 
2715 0.022069 0 
2716 0.021395 0 
2717 0.022575 0 
2718 0.039378 0 
2719 0.022986 0 
2720 0.044672 0 
2721 0.028293 0 
2722 0.039334 0 
2723 0.037546 0 
2724 0.032582 0 
2725 0.015727 0 
2726 0.024166 0 
2727 0.035930 0 
2728 0.019744 0 
2729 0.065737 0 
2730 0.050448 0 
2731 0.042893 0 
2732 0.026473 0 
2734 0.038329 0 
2735 0.037785 0 
2736 0.022556 0 
2737 0.081437 0 
2738 0.065074 0 
2739 0.048095 0 
2740 0.031704 0 
2742 0.025824 0 
2743 0.021643 0 
2744 0.041808 0 
2745 0.025457 0 
2746 0.032521 0 
2747 0.016116 0 
2748 0.022200 0 
2749 0.027864 0 
2750 0.038412 0 
2751 0.022019 0 
2752 0.022855 0 
2753 0.007647 0 
2755 0.015819 0 
2756 0.063555 0 
2757 0.063919 0 
2758 0.047186 0 
2759 0.038323 0 
2760 0.022024 0 
2761 0.014567 0 
2763 0.023740 0 
2764 0.032310 0 
2765 0.039049 0 
2766 0.022651 0 
2768 0.023871 0 
2769 0.055588 0 
2770 0.039098 0 
2771 0.022083 0 
2773 0.040093 0 
2774 0.049314 0 
2775 0.032946 0 
2776 0.025161 0 
2777 0.046283 0 
2778 0.029888 0 
2780 0.012430 0 
2781 0.016111 0 
2782 0.029443 0 
2783 0.046825 0 
2784 0.031380 0 
2785 0.064678 0 
2786 0.061670 0 
2787 0.045021 0 
2788 0.028784 0 
2790 0.026189 0 
2791 0.016923 0 
2792 0.021761 0 
2793 0.029721 0 
2794 0.074626 0 
2795 0.057448 0 
2796 0.042350 0 
2797 0.044888 0 
2798 0.028435 0 
2799 0.021746 0 
2800 0.018816 0 
2801 0.017911 0 
2802 0.022923 0 
2803 0.045362 0 
2804 0.029034 0 
2805 0.039653 0 
2806 0.023239 0 
2807 0.062416 0 
2808 0.046245 0 
2809 0.029508 0 
2810 0.057472 0 
2811 0.041027 0 
2812 0.032948 0 
2813 0.016426 0 
2814 0.027570 0 
2815 0.041931 0 
2817 0.055169 0 
2818 0.038428 0 
2819 0.054434 0 
2820 0.037901 0 
2821 0.021635 0 
2822 0.039352 0 
2823 0.054250 0 
2824 0.038065 0 
2826 0.051496 0 
2827 0.035191 0 
2828 0.019062 0 
2829 0.031831 0 
2831 0.039916 0 
2833 0.038392 0 
2834 0.081096 0 
2835 0.064522 0 
2836 0.086869 0 
2839 0.037460 0 
2840 0.036141 0 
2841 0.019556 0 
2842 0.063963 0 
2843 0.047652 0 
2844 0.031180 0 
2845 0.023300 0 
2846 0.017169 0 
2847 0.023696 0 
2848 0.029265 0 
2849 0.031231 0 
2850 0.029097 0 
2852 0.038550 0 
2854 0.072945 0 
2855 0.055251 0 
2856 0.068548 0 
2857 0.052213 0 
2858 0.035895 0 
2859 0.019856 0 
2860 0.048687 0 
2862 0.023297 0 
2863 0.017622 0 
2864 0.039353 0 
2865 0.023204 0 
2866 0.023586 0 
2867 0.015918 0 
2868 0.016356 0 
2869 0.024416 0 
2870 0.034301 0 
2871 0.017663 0 
2872 0.024378 0 
2873 0.042534 0 
2874 0.026151 0 
2875 0.025922 0 
2876 0.028839 0 
2878 0.029972 0 
2879 0.056584 0 
2880 0.040082 0 
2881 0.024057 0 
2882 0.014028 0 
2883 0.033314 0 
2884 0.016936 0 
2885 0.020663 0 
2886 0.051030 0 
2887 0.034485 0 
2889 0.056748 0 
2891 0.024019 0 
2892 0.039206 0 
2893 0.022771 0 
2894 0.068466 0 
2895 0.053174 0 
2896 0.068475 0 
2897 0.052295 0 
2899 0.089556 0 
2900 0.073012 0 
2901 0.056913 0 
2902 0.040466 0 
2904 0.051390 0 
2906 0.029376 0 
2907 0.041708 0 
2908 0.025609 0 
2910 0.039547 0 
2911 0.023194 0 
2912 0.027791 0 
2914 0.068758 0 
2915 0.052190 0 
2916 0.059194 0 
2917 0.042431 0 
2918 0.026416 0 
2919 0.033794 0 
2920 0.027642 0 
2921 0.019289 0 
2922 0.022282 0 
2923 0.048864 0 
2924 0.032269 0 
2925 0.029625 0 
2926 0.036514 0 
2927 0.033852 0 
2928 0.017682 0 
2929 0.039410 0 
2930 0.022958 0 
2931 0.028104 0 
2933 0.045502 0 
2934 0.028984 0 
2935 0.029466 0 
2936 0.029901 0 
2937 0.026570 0 
2938 0.044599 0 
2939 0.028091 0 
2941 0.025984 0 
2942 0.045387 0 
2943 0.028914 0 
2944 0.019891 0 
2945 0.048390 0 
2946 0.034816 0 
2947 0.042099 0 
2948 0.025897 0 
2949 0.083177 0 
2950 0.066953 0 
2951 0.050418 0 
2952 0.067363 0 
2954 0.058845 0 
2955 0.042579 0 
2956 0.026082 0 
2957 0.039954 0 
2958 0.023677 0 
2959 0.017417 0 
2960 0.013634 0 
2962 0.019776 0 
2963 0.033698 0 
2964 0.024222 0 
2965 0.025601 0 
2967 0.032896 0 
2968 0.065590 0 
2969 0.048784 0 
2970 0.032497 0 
2972 0.071859 0 
2973 0.055592 0 
2974 0.086011 0 
2975 0.069776 0 
2976 0.070225 0 
2977 0.053903 0 
2979 0.029086 0 
2980 0.037218 0 
2981 0.031662 0 
2982 0.015366 0 
2983 0.024603 0 
2984 0.064307 0 
2985 0.047775 0 
2986 0.039740 0 
2987 0.023529 0 
2989 0.044431 0 
2990 0.045462 0 
2991 0.031357 0 
2992 0.014937 0 
2993 0.036792 0 
2994 0.031145 0 
2995 0.022026 0 
2996 0.075336 0 
2997 0.058033 0 
2998 0.041649 0 
2999 0.026254 0 
3000 0.031559 0 
3001 0.032975 0 
3002 0.016020 0 
3003 0.034028 0 
3004 0.017606 0 
3005 0.016339 0 
3006 0.038807 0 
3007 0.027872 0 
3008 0.025800 0 
3009 0.017795 0 
3010 0.016541 0 
3011 0.015728 0 
3012 0.061223 0 
3013 0.045068 0 
3014 0.056573 0 
3016 0.039504 0 
3017 0.047637 0 
3018 0.031454 0 
3019 0.050894 0 
3020 0.034590 0 
3021 0.018368 0 
3022 0.028486 0 
3023 0.026963 0 
3025 0.082443 0 
3026 0.066197 0 
3027 0.049763 0 
3028 0.033574 0 
3030 0.050909 0 
3032 0.049086 0 
3033 0.091515 0 
3034 0.145765 0 
3035 0.129220 0 
3038 0.142895 0 
3039 0.127594 0 
3040 0.119820 0 
3041 0.103622 0 
3042 0.087328 0 
3043 0.078920 0 
3044 0.062303 0 
3045 0.061046 0 
3046 0.060210 0 
3047 0.043623 0 
3048 0.027281 0 
3049 0.034461 0 
3051 0.018202 0 
3053 0.053191 0 
3054 0.048351 0 
3055 0.032702 0 
3056 0.016436 0 
3057 0.029703 0 
3058 0.020958 0 
3059 0.033514 0 
3061 0.042110 0 
3062 0.035333 0 
3063 0.019019 0 
3064 0.024731 0 
3065 0.015711 0 
3066 0.016540 0 
3067 0.014413 0 
3068 0.031817 0 
3069 0.015363 0 
3070 0.032386 0 
3071 0.016102 0 
3072 0.022041 0 
3073 0.019974 0 
3074 0.041328 0 
3075 0.024887 0 
3077 0.090622 0 
3078 0.113196 0 
3079 0.097170 0 
3080 0.080797 0 
3081 0.094682 0 
3082 0.080975 0 
3083 0.064781 0 
3084 0.057161 0 
3085 0.088436 0 
3086 0.072304 0 
3088 0.085166 0 
3090 0.052441 0 
3091 0.036075 0 
3092 0.041045 0 
3093 0.033330 0 
3094 0.016849 0 
3095 0.090346 0 
3096 0.073421 0 
3098 0.040653 0 
3099 0.055757 0 
3100 0.039553 0 
3101 0.023071 0 
3103 0.026763 0 
3105 0.063923 0 
3106 0.047675 0 
3107 0.033991 0 
3109 0.099058 0 
3110 0.083055 0 
3111 0.066744 0 
3113 0.033960 0 
3114 0.033584 0 
3115 0.026842 0 
3116 0.041151 0 
3117 0.025080 0 
3118 0.024827 0 
3119 0.033054 0 
3120 0.025095 0 
3121 0.033076 0 
3122 0.016484 0 
3123 0.019671 0 
3124 0.041476 0 
3125 0.025282 0 
3126 0.031976 0 
3127 0.024273 0 
3128 0.016766 0 
3129 0.017602 0 
3130 0.018320 0 
3132 0.030564 0 
3133 0.038890 0 
3134 0.022643 0 
3135 0.022812 0 
3136 0.052409 0 
3137 0.035872 0 
3138 0.030793 0 
3140 0.035011 0 
3141 0.018630 0 
3142 0.032289 0 
3143 0.033475 0 
3144 0.036566 0 
3145 0.021048 0 
3146 0.012788 0 
3147 0.024731 0 
3148 0.031535 0 
3149 0.015351 0 
3150 0.035444 0 
3151 0.018985 0 
3153 0.046375 0 
3154 0.040762 0 
3155 0.024090 0 
3156 0.023957 0 
3157 0.052154 0 
3158 0.035827 0 
3159 0.041366 0 
3161 0.015884 0 
3162 0.060310 0 
3163 0.043724 0 
3164 0.050083 0 
3166 0.017554 0 
3167 0.032926 0 
3168 0.016474 0 
3169 0.045581 0 
3171 0.066039 0 
3172 0.066329 0 
3173 0.050090 0 
3174 0.042266 0 
3175 0.025271 0 
3176 0.036873 0 
3178 0.021071 0 
3179 0.039761 0 
3180 0.040832 0 
3181 0.024121 0 
3182 0.015744 0 
3183 0.024907 0 
3184 0.085436 0 
3185 0.069000 0 
3186 0.054757 0 
3188 0.078387 0 
3189 0.061977 0 
3190 0.045512 0 
3191 0.029202 0 
3192 0.020759 0 
3193 0.038397 0 
3194 0.021680 0 
3195 0.066512 0 
3196 0.050088 0 
3197 0.042181 0 
3198 0.042247 0 
3199 0.025431 0 
3200 0.028468 0 
3201 0.018081 0 
3202 0.032840 0 
3203 0.016469 0 
3204 0.035433 0 
3205 0.053585 0 
3206 0.037226 0 
3207 0.021421 0 
3208 0.020793 0 
3209 0.026322 0 
3210 0.052790 0 
3211 0.036301 0 
3212 0.062305 0 
3213 0.046156 0 
3215 0.027713 0 
3216 0.049978 0 
3217 0.033736 0 
3218 0.034322 0 
3219 0.018074 0 
3220 0.030315 0 
3221 0.022806 0 
3222 0.058008 0 
3224 0.065413 0 
3225 0.049101 0 
3226 0.030447 0 
3227 0.044100 0 
3229 0.060383 0 
3231 0.045266 0 
3232 0.051352 0 
3233 0.084520 0 
3234 0.068415 0 
3237 0.023405 0 
3238 0.051530 0 
3239 0.082431 0 
3240 0.065764 0 
3241 0.049333 0 
3242 0.031191 0 
3243 0.021752 0 
3244 0.020212 0 
3245 0.027586 0 
3246 0.042259 0 
3247 0.025909 0 
3248 0.016640 0 
3250 0.016349 0 
3252 0.046701 0 
3253 0.031306 0 
3254 0.058028 0 
3255 0.041648 0 
3256 0.070176 0 
3257 0.053945 0 
3258 0.037640 0 
3260 0.025695 0 
3261 0.043425 0 
3262 0.041257 0 
3263 0.024526 0 
3264 0.026470 0 
3265 0.064893 0 
3266 0.048368 0 
3267 0.032336 0 
3268 0.022476 0 
3269 0.017634 0 
3270 0.067176 0 
3271 0.062672 0 
3272 0.046685 0 
3273 0.029451 0 
3274 0.028291 0 
3276 0.066347 0 
3277 0.075755 0 
3278 0.059356 0 
3279 0.041370 0 
3280 0.040121 0 
3281 0.024023 0 
3282 0.020885 0 
3283 0.071588 0 
3284 0.055048 0 
3285 0.038667 0 
3287 0.041519 0 
3289 0.024730 0 
3290 0.062990 0 
3291 0.046771 0 
3292 0.030585 0 
3293 0.027193 0 
3294 0.083662 0 
3295 0.066963 0 
3297 0.084606 0 
3298 0.075400 0 
3299 0.059436 0 
3300 0.043365 0 
3302 0.039326 0 
3304 0.027393 0 
3305 0.034953 0 
3306 0.018697 0 
3308 0.059500 0 
3309 0.042991 0 
3310 0.054232 0 
3312 0.023155 0 
3313 0.037745 0 
3314 0.021671 0 
3315 0.024745 0 
3316 0.021237 0 
3317 0.026885 0 
3318 0.024672 0 
3319 0.047376 0 
3320 0.031098 0 
3321 0.066118 0 
3322 0.049528 0 
3323 0.043405 0 
3324 0.026949 0 
3325 0.021709 0 
3326 0.025810 0 
3327 0.045928 0 
3328 0.039333 0 
3329 0.022910 0 
3331 0.028444 0 
3332 0.011902 0 
3333 0.024304 0 
3334 0.062708 0 
3335 0.058423 0 
3336 0.042172 0 
3337 0.039409 0 
3339 0.033045 0 
3340 0.017209 0 
3341 0.023950 0 
3342 0.030639 0 
3343 0.030800 0 
3344 0.025871 0 
3345 0.033777 0 
3346 0.026598 0 
3347 0.081892 0 
3348 0.065412 0 
3349 0.048994 0 
3350 0.032570 0 
3352 0.024842 0 
3353 0.047306 0 
3354 0.030907 0 
3355 0.026502 0 
3356 0.087886 0 
3357 0.071769 0 
3358 0.064545 0 
3360 0.031680 0 
3361 0.040105 0 
3362 0.023905 0 
3363 0.021851 0 
3365 0.029041 0 
3366 0.036144 0 
3367 0.019726 0 
3368 0.065450 0 
3370 0.031031 0 
3371 0.031625 0 
3372 0.051003 0 
3373 0.061000 0 
3374 0.044240 0 
3375 0.027996 0 
3377 0.060589 0 
3378 0.043976 0 
3379 0.061018 0 
3380 0.044291 0 
3381 0.073540 0 
3382 0.057599 0 
3383 0.043527 0 
3384 0.034205 0 
3385 0.018738 0 
3387 0.033975 0 
3388 0.017391 0 
3389 0.030676 0 
3390 0.023094 0 
3391 0.031316 0 
3392 0.022656 0 
3393 0.029983 0 
3394 0.020577 0 
3395 0.024246 0 
3396 0.030781 0 
3397 0.021559 0 
3398 0.025695 0 
3399 0.009436 0 
3400 0.037718 0 
3401 0.021563 0 
3402 0.027967 0 
3403 0.082238 0 
3404 0.065811 0 
3405 0.058225 0 
3406 0.041659 0 
3407 0.037428 0 
3408 0.044934 0 
3409 0.028456 0 
3410 0.038449 0 
3411 0.021917 0 
3412 0.038041 0 
3414 0.032305 0 
3415 0.037567 0 
3416 0.021405 0 
3417 0.073383 0 
3418 0.056748 0 
3419 0.040250 0 
3420 0.062005 0 
3421 0.045482 0 
3423 0.041818 0 
3424 0.048210 0 
3425 0.032004 0 
3426 0.015639 0 
3428 0.019107 0 
3430 0.032675 0 
3431 0.067379 0 
3432 0.066581 0 
3433 0.063466 0 
3436 0.054702 0 
3437 0.054258 0 
3438 0.037736 0 
3439 0.054186 0 
3440 0.044435 0 
3441 0.034735 0 
3442 0.084684 0 
3443 0.068391 0 
3444 0.076503 0 
3445 0.060207 0 
3446 0.043524 0 
3447 0.026795 0 
3449 0.039190 0 
3451 0.056175 0 
3452 0.061609 0 
3453 0.045418 0 
3454 0.027958 0 
3455 0.046898 0 
3456 0.037855 0 
3457 0.028201 0 
3459 0.022202 0 
3460 0.066061 0 
3461 0.049601 0 
3462 0.033103 0 
3463 0.025532 0 
3464 0.026359 0 
3465 0.027634 0 
3466 0.019509 0 
3467 0.020198 0 
3468 0.024395 0 
3469 0.050153 0 
3470 0.033916 0 
3471 0.044812 0 
3472 0.028622 0 
3473 0.055444 0 
3475 0.029109 0 
3476 0.028462 0 
3477 0.017390 0 
3478 0.021263 0 
3479 0.025989 0 
3480 0.039451 0 
3481 0.023889 0 
3482 0.042821 0 
3483 0.025597 0 
3484 0.020730 0 
3486 0.032603 0 
3488 0.041139 0 
3489 0.038584 0 
3490 0.021843 0 
3491 0.021507 0 
3492 0.018784 0 
3493 0.050765 0 
3494 0.035585 0 
3496 0.031276 0 
3497 0.015249 0 
3498 0.011321 0 
3499 0.021515 0 
3501 0.034398 0 
3503 0.029721 0 
3504 0.034677 0 
3505 0.077541 0 
3507 0.044641 0 
3508 0.038198 0 
3509 0.029404 0 
3511 0.029262 0 
3512 0.051953 0 
3513 0.056902 0 
3514 0.047597 0 
3515 0.031840 0 
3516 0.072196 0 
3517 0.055720 0 
3518 0.039658 0 
3519 0.023222 0 
3520 0.031287 0 
3521 0.022562 0 
3522 0.022934 0 
3523 0.018874 0 
3524 0.047297 0 
3525 0.030771 0 
3526 0.030593 0 
3527 0.028600 0 
3528 0.012484 0 
3530 0.042837 0 
3531 0.026214 0 
3532 0.042341 0 
3533 0.025696 0 
3534 0.040938 0 
3535 0.052834 0 
3536 0.036598 0 
3538 0.041813 0 
3539 0.025553 0 
3540 0.043806 0 
3541 0.027275 0 
3542 0.024857 0 
3543 0.040799 0 
3544 0.024621 0 
3545 0.022740 0 
3546 0.021086 0 
3547 0.039845 0 
3548 0.037297 0 
3549 0.035287 0 
3551 0.042277 0 
3552 0.035794 0 
3553 0.026771 0 
3554 0.035293 0 
3555 0.028147 0 
3556 0.021854 0 
3557 0.040504 0 
3559 0.036703 0 
3560 0.028178 0 
3561 0.023936 0 
3562 0.032642 0 
3564 0.013160 0 
3565 0.048257 0 
3566 0.031724 0 
3567 0.050808 0 
3569 0.026453 0 
3570 0.036126 0 
3571 0.033664 0 
3572 0.045206 0 
3573 0.061710 0 
3574 0.045628 0 
3576 0.027269 0 
3577 0.021103 0 
3578 0.030520 0 
3579 0.033643 0 
3580 0.017151 0 
3581 0.034749 0 
3582 0.048634 0 
3583 0.038738 0 
3584 0.022132 0 
3586 0.043484 0 
3587 0.027123 0 
3588 0.057861 0 
3589 0.041779 0 
3590 0.025446 0 
3591 0.059152 0 
3592 0.042535 0 
3593 0.025918 0 
3594 0.037462 0 
3595 0.073360 0 
3596 0.057288 0 
3597 0.039439 0 
3598 0.023485 0 
3599 0.024999 0 
3600 0.008382 0 
3601 0.039179 0 
3602 0.022926 0 
3603 0.023703 0 
3604 0.022242 0 
3605 0.053072 0 
3606 0.036028 0 
3607 0.051138 0 
3608 0.034724 0 
3609 0.018564 0 
3610 0.097638 0 
3611 0.081144 0 
3613 0.048272 0 
3614 0.032070 0 
3615 0.020756 0 
3616 0.022378 0 
3617 0.038700 0 
3618 0.022428 0 
3619 0.015862 0 
3620 0.030183 0 
3622 0.089126 0 
3623 0.072732 0 
3624 0.056607 0 
3625 0.040180 0 
3627 0.021425 0 
3629 0.047498 0 
3630 0.034896 0 
3631 0.048514 0 
3632 0.032179 0 
3635 0.030927 0 
3636 0.014163 0 
3637 0.041903 0 
3638 0.042619 0 
3639 0.025405 0 
3640 0.031149 0 
3641 0.024260 0 
3642 0.042100 0 
3643 0.025696 0 
3644 0.034889 0 
3645 0.018495 0 
3646 0.044947 0 
3648 0.054328 0 
3650 0.037310 0 
3651 0.023575 0 
3652 0.015606 0 
3653 0.021315 0 
3654 0.034127 0 
3655 0.017929 0 
3656 0.017054 0 
3658 0.056537 0 
3659 0.064644 0 
3660 0.048385 0 
3661 0.031301 0 
3662 0.039326 0 
3663 0.034810 0 
3664 0.018804 0 
3665 0.024936 0 
3666 0.024660 0 
3667 0.029764 0 
3668 0.024173 0 
3669 0.062053 0 
3670 0.045612 0 
3671 0.029037 0 
3672 0.028249 0 
3674 0.043668 0 
3675 0.052430 0 
3676 0.034575 0 
3677 0.041316 0 
3678 0.024596 0 
3679 0.050758 0 
3680 0.034552 0 
3681 0.051674 0 
3682 0.035156 0 
3683 0.018303 0 
3685 0.034769 0 
3687 0.024469 0 
3688 0.014734 0 
3689 0.013547 0 
3690 0.061203 0 
3691 0.070119 0 
3692 0.053572 0 
3693 0.036796 0 
3695 0.092677 0 
3696 0.076202 0 
3697 0.059847 0 
3698 0.043520 0 
3700 0.044952 0 
3702 0.045034 0 
3703 0.028260 0 
3704 0.034911 0 
3706 0.025872 0 
3707 0.023185 0 
3708 0.062029 0 
3710 0.045574 0 
3711 0.029123 0 
3712 0.022135 0 
3713 0.037469 0 
3714 0.021271 0 
3715 0.087272 0 
3716 0.070990 0 
3717 0.086782 0 
3718 0.070451 0 
3719 0.089357 0 
3720 0.073090 0 
3721 0.056047 0 
3722 0.039627 0 
3723 0.039399 0 
3724 0.022861 0 
3725 0.027918 0 
3726 0.021801 0 
3727 0.044618 0 
3729 0.015642 0 
3730 0.014954 0 
3731 0.018029 0 
3732 0.022791 0 
3733 0.014563 0 
3734 0.019804 0 
3735 0.033510 0 
3737 0.029018 0 
3738 0.017205 0 
3739 0.024098 0 
3740 0.022712 0 
3741 0.014371 0 
3742 0.053829 0 
3743 0.046931 0 
3744 0.029745 0 
3745 0.012495 0 
3746 0.028654 0 
3747 0.028113 0 
3748 0.063499 0 
3750 0.037624 0 
3751 0.043648 0 
3752 0.027230 0 
3753 0.028327 0 
3754 0.026292 0 
3755 0.045436 0 
3756 0.029028 0 
3758 0.016140 0 
3759 0.038777 0 
3760 0.045698 0 
3761 0.047010 0 
3763 0.037774 0 
3764 0.021013 0 
3765 0.035406 0 
3766 0.019112 0 
3768 0.026142 0 
3769 0.032317 0 
3770 0.033391 0 
3771 0.017246 0 
3772 0.044853 0 
3773 0.039139 0 
3775 0.086343 0 
3776 0.070225 0 
3777 0.053752 0 
3778 0.037410 0 
3779 0.021044 0 
3780 0.071494 0 
3781 0.054969 0 
3782 0.054039 0 
3783 0.077052 0 
3785 0.044659 0 
3786 0.028162 0 
3787 0.043003 0 
3788 0.027127 0 
3789 0.018958 0 
3790 0.029093 0 
3791 0.043538 0 
3792 0.050134 0 
3793 0.033647 0 
3794 0.029000 0 
3795 0.012374 0 
3796 0.019602 0 
3797 0.028880 0 
3798 0.030447 0 
3799 0.014293 0 
3800 0.035732 0 
3801 0.026067 0 
3802 0.036868 0 
3803 0.036620 0 
3804 0.019985 0 
3805 0.045532 0 
3806 0.029099 0 
3807 0.014713 0 
3808 0.017592 0 
3809 0.055365 0 
3810 0.054830 0 
3812 0.077268 0 
3813 0.060673 0 
3814 0.050815 0 
3815 0.034617 0 
3816 0.018531 0 
3817 0.026487 0 
3818 0.017017 0 
3819 0.051485 0 
3821 0.083138 0 
3822 0.066612 0 
3823 0.050658 0 
3824 0.034445 0 
3826 0.032054 0 
3828 0.057540 0 
3829 0.065615 0 
3830 0.090950 0 
3831 0.093493 0 
3834 0.052665 0 
3835 0.036301 0 
3836 0.027066 0 
3837 0.044933 0 
3838 0.028132 0 
3839 0.039566 0 
3840 0.061845 0 
3841 0.045361 0 
3842 0.056502 0 
3843 0.039951 0 
3844 0.026473 0 
3845 0.018109 0 
3847 0.025529 0 
3849 0.038047 0 
3850 0.021724 0 
3851 0.038337 0 
3852 0.031843 0 
3853 0.015475 0 
3854 0.055490 0 
3855 0.039429 0 
3857 0.021244 0 
3858 0.056175 0 
3859 0.040041 0 
3860 0.039583 0 
3861 0.023439 0 
3862 0.024026 0 
3863 0.080703 0 
3864 0.064132 0 
3865 0.047743 0 
3866 0.063863 0 
3867 0.047471 0 
3868 0.031168 0 
3869 0.075415 0 
3870 0.058108 0 
3871 0.041802 0 
3873 0.074887 0 
3874 0.080902 0 
3875 0.064089 0 
3876 0.047900 0 
3877 0.038742 0 
3878 0.022021 0 
3879 0.025368 0 
3880 0.029210 0 
3881 0.037624 0 
3882 0.027712 0 
3884 0.044214 0 
3886 0.018807 0 
3887 0.030315 0 
3888 0.053291 0 
3889 0.036919 0 
3890 0.020372 0 
3891 0.037228 0 
3892 0.024910 0 
3894 0.069298 0 
3895 0.052906 0 
3896 0.036702 0 
3897 0.026182 0 
3899 0.038929 0 
3901 0.030568 0 
3902 0.023549 0 
3903 0.034919 0 
3905 0.034950 0 
3906 0.018464 0 
3907 0.028376 0 
3909 0.050025 0 
3910 0.033868 0 
3911 0.034750 0 
3912 0.046394 0 
3913 0.035866 0 
3914 0.020418 0 
3915 0.037828 0 
3916 0.021222 0 
3917 0.031694 0 
3918 0.025276 0 
3919 0.038784 0 
3920 0.055760 0 
3921 0.039480 0 
3922 0.028964 0 
3923 0.033970 0 
3924 0.017477 0 
3925 0.031968 0 
3926 0.044310 0 
3928 0.035417 0 
3929 0.038420 0 
3930 0.022417 0 
3931 0.013757 0 
3932 0.039663 0 
3933 0.037664 0 
3934 0.045225 0 
3936 0.020476 0 
3937 0.049736 0 
3938 0.033453 0 
3939 0.017164 0 
3940 0.021638 0 
3941 0.037161 0 
3942 0.020701 0 
3943 0.029197 0 
3944 0.033344 0 
3945 0.055776 0 
3946 0.039486 0 
3947 0.023135 0 
3949 0.022525 0 
3950 0.028819 0 
3951 0.029262 0 
3952 0.027154 0 
3953 0.026652 0 
3954 0.034284 0 
3955 0.017732 0 
3957 0.017963 0 
3958 0.026255 0 
3959 0.031883 0 
3960 0.026711 0 
3962 0.022790 0 
3963 0.015369 0 
3964 0.015854 0 
3965 0.054872 0 
3967 0.038069 0 
3968 0.042912 0 
3969 0.042267 0 
3970 0.025961 0 
3971 0.019060 0 
3972 0.013657 0 
3974 0.018681 0 
3975 0.044646 0 
3976 0.036535 0 
3977 0.020321 0 
3978 0.018089 0 
3979 0.011919 0 
3980 0.021993 0 
3981 0.019670 0 
3982 0.015408 0 
3984 0.033656 0 
3985 0.025573 0 
3986 0.018336 0 
3987 0.016476 0 
3988 0.018220 0 
3989 0.021015 0 
3990 0.013073 0 
3991 0.017758 0 
3992 0.015350 0 
3993 0.015437 0 
3994 0.024791 0 
3995 0.032257 0 
3996 0.036305 0 
3997 0.021028 0 
3998 0.019422 0 
3999 0.014045 0 
4000 0.024326 0 
4001 0.045993 0 
4002 0.029628 0 
4003 0.049490 0 
4004 0.040596 0 
4005 0.025906 0 
4006 0.025469 0 
4007 0.034858 0 
4008 0.018578 0 
4009 0.022125 0 
4011 0.033846 0 
4012 0.017577 0 
4013 0.040558 0 
4014 0.031935 0 
4015 0.015531 0 
4016 0.021677 0 
4017 0.026969 0 
4018 0.010850 0 
4020 0.025803 0 
4021 0.037188 0 
4022 0.020579 0 
4023 0.017264 0 
4025 0.056806 0 
4027 0.048235 0 
4028 0.062747 0 
4029 0.061036 0 
4030 0.073473 0 
4033 0.023571 0 
4034 0.030243 0 
4035 0.047768 0 
4036 0.051569 0 
4037 0.049087 0 
4038 0.032409 0 
4039 0.027015 0 
4040 0.061124 0 
4041 0.044625 0 
4042 0.028137 0 
4043 0.035050 0 
4044 0.024476 0 
4046 0.029477 0 
4048 0.031263 0 
4049 0.013386 0 
4050 0.012918 0 
4051 0.020477 0 
4052 0.023954 0 
4053 0.036572 0 
4054 0.020313 0 
4056 0.032907 0 
4057 0.069146 0 
4058 0.083780 0 
4059 0.067598 0 
4060 0.051152 0 
4061 0.034541 0 
4062 0.033796 0 
4063 0.024239 0 
4064 0.040722 0 
4065 0.024667 0 
4066 0.030266 0 
4067 0.023057 0 
4068 0.020551 0 
4069 0.042398 0 
4070 0.025765 0 
4072 0.030118 0 
4073 0.046967 0 
4074 0.049111 0 
4075 0.032940 0 
4076 0.063666 0 
4077 0.046968 0 
4078 0.050639 0 
4079 0.035175 0 
4080 0.029623 0 
4081 0.019446 0 
4083 0.049168 0 
4085 0.024938 0 
4086 0.030277 0 
4087 0.013624 0 
4088 0.011786 0 
4089 0.021197 0 
4090 0.028389 0 
4091 0.034659 0 
4093 0.025073 0 
4094 0.017831 0 
4095 0.022268 0 
4096 0.024590 0 
4098 0.038857 0 
4100 0.070376 0 
4101 0.053728 0 
4102 0.054693 0 
4104 0.084529 0 
4105 0.068012 0 
4106 0.102329 0 
4108 0.069600 0 
4109 0.053031 0 
4110 0.041165 0 
4111 0.036971 0 
4112 0.020445 0 
4113 0.024061 0 
4114 0.035150 0 
4115 0.019001 0 
4116 0.019211 0 
4117 0.018230 0 
4118 0.025454 0 
4119 0.039690 0 
4120 0.023234 0 
4121 0.027346 0 
4122 0.021100 0 
4123 0.033637 0 
4124 0.017196 0 
4125 0.036098 0 
4127 0.043351 0 
4128 0.027082 0 
4129 0.055357 0 
4130 0.038864 0 
4131 0.040122 0 
4132 0.023786 0 
4133 0.048319 0 
4135 0.035097 0 
4136 0.035410 0 
4137 0.026713 0 
4138 0.025892 0 
4139 0.054746 0 
4140 0.038329 0 
4141 0.021999 0 
4142 0.022589 0 
4143 0.046291 0 
4144 0.029942 0 
4145 0.023955 0 
4146 0.059103 0 
4148 0.025512 0 
4149 0.026195 0 
4150 0.059180 0 
4151 0.077155 0 
4152 0.060734 0 
4153 0.044178 0 
4154 0.026774 0 
4156 0.030646 0 
4157 0.029522 0 
4158 0.029153 0 
4159 0.061738 0 
4161 0.034808 0 
4162 0.018427 0 
4163 0.014700 0 
4164 0.018040 0 
4166 0.017148 0 
4167 0.042617 0 
4168 0.026321 0 
4169 0.018789 0 
4170 0.024138 0 
4171 0.013519 0 
4173 0.017744 0 
4174 0.022023 0 
4175 0.021716 0 
4176 0.087788 0 
4177 0.071368 0 
4178 0.054889 0 
4179 0.061052 0 
4180 0.044835 0 
4181 0.035626 0 
4183 0.030589 0 
4184 0.026353 0 
4185 0.021757 0 
4186 0.013694 0 
4187 0.038713 0 
4188 0.060823 0 
4189 0.044193 0 
4190 0.027670 0 
4191 0.030188 0 
4192 0.022368 0 
4193 0.027040 0 
4194 0.023343 0 
4195 0.026372 0 
4196 0.064601 0 
4197 0.048079 0 
4198 0.031845 0 
4199 0.054835 0 
4200 0.038476 0 
4201 0.044289 0 
4202 0.027922 0 
4203 0.094949 0 
4204 0.078572 0 
4205 0.062181 0 
4206 0.045591 0 
4207 0.029361 0 
4208 0.021425 0 
4210 0.017421 0 
4211 0.017062 0 
4212 0.022339 0 
4213 0.051395 0 
4214 0.034930 0 
4215 0.048647 0 
4216 0.031392 0 
4217 0.015555 0 
4219 0.035662 0 
4220 0.018074 0 
4221 0.017745 0 
4222 0.039283 0 
4224 0.016928 0 
4226 0.016011 0 
4227 0.041509 0 
4228 0.073347 0 
4229 0.057225 0 
4232 0.018348 0 
4233 0.019637 0 
4234 0.032419 0 
4235 0.030438 0 
4236 0.013442 0 
4237 0.011209 0 
4238 0.016698 0 
4239 0.019284 0 
4240 0.037820 0 
4241 0.021572 0 
4242 0.020460 0 
4243 0.021768 0 
4245 0.020665 0 
4247 0.014224 0 
4248 0.016235 0 
4249 0.042712 0 
4250 0.026139 0 
4251 0.054099 0 
4252 0.037612 0 
4253 0.022126 0 
4255 0.010481 0 
4256 0.037091 0 
4257 0.019648 0 
4258 0.028847 0 
4259 0.036127 0 
4260 0.019682 0 
4261 0.017511 0 
4262 0.040226 0 
4263 0.024091 0 
4264 0.020377 0 
4265 0.026219 0 
4266 0.031307 0 
4267 0.113529 0 
4268 0.096942 0 
4269 0.081656 0 
4271 0.048560 0 
4272 0.039354 0 
4273 0.023263 0 
4274 0.028149 0 
4275 0.011995 0 
4276 0.027546 0 
4277 0.035902 0 
4278 0.019352 0 
4279 0.017418 0 
4280 0.013678 0 
4282 0.024944 0 
4284 0.038249 0 
4285 0.023118 0 
4286 0.017528 0 
4287 0.028597 0 
4288 0.017845 0 
4289 0.029740 0 
4290 0.013114 0 
4292 0.016530 0 
4293 0.013896 0 
4294 0.009066 0 
4295 0.022135 0 
4297 0.013080 0 
4299 0.019430 0 
4300 0.018648 0 
4301 0.038466 0 
4303 0.024104 0 
4304 0.051832 0 
4305 0.035650 0 
4307 0.025519 0 
4308 0.013446 0 
4309 0.034648 0 
4310 0.018195 0 
4311 0.015878 0 
4312 0.034662 0 
4313 0.040089 0 
4314 0.034083 0 
4315 0.017321 0 
4316 0.024795 0 
4317 0.017712 0 
4318 0.023521 0 
4319 0.012750 0 
4320 0.019588 0 
4321 0.021306 0 
4322 0.062730 0 
4323 0.046499 0 
4324 0.034589 0 
4326 0.041527 0 
4327 0.041961 0 
4328 0.026452 0 
4329 0.017192 0 
4330 0.059494 0 
4331 0.042912 0 
4332 0.040833 0 
4334 0.034599 0 
4335 0.030751 0 
4336 0.022507 0 
4337 0.036157 0 
4338 0.019834 0 
4339 0.032604 0 
4340 0.034102 0 
4341 0.024494 0 
4342 0.040928 0 
4343 0.024444 0 
4344 0.021723 0 
4345 0.068103 0 
4347 0.039526 0 
4348 0.034614 0 
4349 0.025429 0 
4350 0.051948 0 
4351 0.044890 0 
4352 0.028750 0 
4353 0.065939 0 
4355 0.033098 0 
4356 0.024745 0 
4357 0.026034 0 
4358 0.019876 0 
4360 0.032273 0 
4361 0.045202 0 
4362 0.028966 0 
4363 0.039705 0 
4365 0.077910 0 
4366 0.074813 0 
4367 0.061794 0 
4368 0.045374 0 
4369 0.058574 0 
4370 0.044472 0 
4372 0.035839 0 
4373 0.026478 0 
4374 0.041420 0 
4375 0.046283 0 
4376 0.029947 0 
4377 0.013528 0 
4378 0.059085 0 
4379 0.042089 0 
4380 0.050949 0 
4382 0.055089 0 
4383 0.038683 0 
4384 0.032336 0 
4385 0.015920 0 
4386 0.023377 0 
4387 0.014723 0 
4388 0.036359 0 
4389 0.022656 0 
4390 0.034838 0 
4391 0.018447 0 
4392 0.020238 0 
4393 0.036134 0 
4394 0.019762 0 
4395 0.020341 0 
4396 0.038076 0 
4397 0.032009 0 
4398 0.033757 0 
4399 0.027622 0 
4400 0.049283 0 
4401 0.032216 0 
4402 0.023238 0 
4403 0.050817 0 
4404 0.046014 0 
4405 0.029617 0 
4406 0.047305 0 
4407 0.058793 0 
4409 0.045652 0 
4410 0.040645 0 
4411 0.040288 0 
4412 0.023204 0 
4413 0.013943 0 
4414 0.012042 0 
4415 0.021834 0 
4416 0.019492 0 
4418 0.043178 0 
4419 0.036576 0 
4420 0.020617 0 
4421 0.004827 0 
4423 0.010444 0 
4425 0.021969 0 
4426 0.088500 0 
4427 0.071991 0 
4428 0.055689 0 
4431 0.024206 0 
4432 0.025448 0 
4433 0.018948 0 
4434 0.059376 0 
4435 0.043337 0 
4436 0.026625 0 
4437 0.037722 0 
4438 0.021094 0 
4439 0.033775 0 
4440 0.035936 0 
4441 0.019404 0 
4442 0.026176 0 
4444 0.023327 0 
4446 0.028402 0 
4447 0.040905 0 
4448 0.027538 0 
4449 0.034223 0 
4450 0.029068 0 
4451 0.031853 0 
4452 0.036842 0 
4454 0.028337 0 
4455 0.019413 0 
4456 0.053138 0 
4457 0.036759 0 
4458 0.036384 0 
4459 0.020122 0 
4460 0.024791 0 
4461 0.027565 0 
4462 0.011261 0 
4463 0.033268 0 
4464 0.017095 0 
4465 0.039755 0 
4466 0.023417 0 
4467 0.035470 0 
4468 0.035329 0 
4470 0.021935 0 
4471 0.044666 0 
4472 0.028326 0 
4473 0.026663 0 
4474 0.018111 0 
4475 0.018316 0 
4476 0.024529 0 
4477 0.024407 0 
4478 0.018403 0 
4479 0.022069 0 
4481 0.043378 0 
4483 0.029590 0 
4484 0.016838 0 
4485 0.020462 0 
4486 0.023795 0 
4487 0.019639 0 
4488 0.028658 0 
4489 0.013679 0 
4491 0.023624 0 
4492 0.047524 0 
4493 0.030882 0 
4494 0.014637 0 
4496 0.030229 0 
4498 0.050488 0 
4499 0.034107 0 
4500 0.017909 0 
4502 0.066839 0 
4503 0.050719 0 
4504 0.034396 0 
4506 0.027394 0 
4507 0.038505 0 
4508 0.022348 0 
4509 0.015201 0 
4510 0.034543 0 
4511 0.026343 0 
4512 0.039387 0 
4513 0.022906 0 
4514 0.025581 0 
4515 0.034513 0 
4516 0.018387 0 
4517 0.018481 0 
4518 0.030074 0 
4519 0.021229 0 
4520 0.053082 0 
4521 0.036704 0 
4522 0.031523 0 
4523 0.037375 0 
4525 0.033384 0 
4526 0.017097 0 
4527 0.031825 0 
4528 0.022890 0 
4529 0.033995 0 
4530 0.043350 0 
4531 0.025797 0 
4533 0.027160 0 
4534 0.023304 0 
4535 0.025654 0 
4536 0.039904 0 
4537 0.023586 0 
4538 0.055669 0 
4539 0.039433 0 
4540 0.022966 0 
4541 0.014430 0 
4542 0.030520 0 
4543 0.032340 0 
4544 0.022870 0 
4546 0.026048 0 
4547 0.022309 0 
4548 0.025032 0 
4549 0.028919 0 
4550 0.037069 0 
4551 0.032312 0 
4552 0.038561 0 
4554 0.032286 0 
4555 0.022407 0 
4556 0.017610 0 
4557 0.017571 0 
4559 0.022586 0 
4560 0.029845 0 
4561 0.020181 0 
4562 0.017469 0 
4564 0.054860 0 
4565 0.037986 0 
4566 0.030058 0 
4567 0.012997 0 
4568 0.058413 0 
4569 0.042264 0 
4571 0.015432 0 
4572 0.041515 0 
4573 0.024862 0 
4574 0.020277 0 
4575 0.029417 0 
4576 0.013191 0 
4577 0.024516 0 
4578 0.051262 0 
4579 0.035129 0 
4581 0.027342 0 
4582 0.048702 0 
4583 0.032858 0 
4584 0.015825 0 
4585 0.033116 0 
4586 0.042247 0 
4587 0.025416 0 
4588 0.044522 0 
4589 0.028345 0 
4590 0.024082 0 
4591 0.020568 0 
4592 0.017086 0 
4593 0.031526 0 
4594 0.015131 0 
4595 0.022678 0 
4596 0.019793 0 
4597 0.043451 0 
4598 0.027166 0 
4599 0.045767 0 
4600 0.029509 0 
4601 0.029652 0 
4602 0.034223 0 
4603 0.017706 0 
4604 0.019899 0 
4605 0.012638 0 
4606 0.022452 0 
4608 0.033232 0 
4609 0.033216 0 
4610 0.016666 0 
4611 0.015630 0 
4612 0.060698 0 
4613 0.044283 0 
4614 0.045356 0 
4615 0.028798 0 
4617 0.044793 0 
4618 0.028138 0 
4619 0.012228 0 
4620 0.011802 0 
4622 0.017554 0 
4624 0.052387 0 
4625 0.044345 0 
4626 0.083628 0 
4627 0.067027 0 
4630 0.063345 0 
4631 0.046280 0 
4632 0.029712 0 
4633 0.031254 0 
4634 0.022374 0 
4635 0.027557 0 
4636 0.011821 0 
4637 0.044087 0 
4638 0.027548 0 
4639 0.035383 0 
4640 0.046312 0 
4641 0.066719 0 
4643 0.033980 0 
4645 0.046782 0 
4646 0.029682 0 
4647 0.040768 0 
4648 0.042317 0 
4649 0.025417 0 
4650 0.023961 0 
4651 0.022702 0 
4653 0.030172 0 
4654 0.087764 0 
4655 0.071392 0 
4656 0.055212 0 
4657 0.057768 0 
4658 0.041207 0 
4659 0.024739 0 
4660 0.031772 0 
4661 0.027340 0 
4662 0.054758 0 
4663 0.051345 0 
4664 0.035114 0 
4665 0.018398 0 
4666 0.036007 0 
4667 0.036336 0 
4669 0.078444 0 
4670 0.073442 0 
4671 0.066328 0 
4672 0.049184 0 
4673 0.032749 0 
4674 0.039136 0 
4675 0.041973 0 
4676 0.025789 0 
4677 0.019552 0 
4678 0.019206 0 
4680 0.041147 0 
4682 0.062731 0 
4683 0.046314 0 
4684 0.034150 0 
4685 0.017658 0 
4686 0.048015 0 
4687 0.031905 0 
4688 0.023304 0 
4690 0.021871 0 
4691 0.033761 0 
4692 0.017440 0 
4693 0.033020 0 
4695 0.054597 0 
4697 0.058209 0 
4698 0.041834 0 
4699 0.055916 0 
4701 0.030676 0 
4702 0.022118 0 
4703 0.046504 0 
4705 0.036545 0 
4706 0.019307 0 
4707 0.035053 0 
4708 0.106772 0 
4709 0.090463 0 
4710 0.073654 0 
4711 0.069842 0 
4712 0.054278 0 
4713 0.065678 0 
4714 0.049165 0 
4715 0.031944 0 
4716 0.035209 0 
4717 0.021407 0 
4718 0.029619 0 
4719 0.053563 0 
4720 0.045969 0 
4721 0.029291 0 
4722 0.036424 0 
4724 0.025060 0 
4725 0.014088 0 
4726 0.049627 0 
4727 0.031595 0 
4728 0.055916 0 
4729 0.039288 0 
4730 0.023016 0 
4732 0.042036 0 
4733 0.024870 0 
4734 0.047100 0 
4735 0.044249 0 
4736 0.028033 0 
4737 0.031567 0 
4738 0.037106 0 
4739 0.020848 0 
4740 0.060407 0 
4741 0.043726 0 
4742 0.027351 0 
4743 0.023301 0 
4745 0.033464 0 
4746 0.024829 0 
4747 0.068494 0 
4748 0.051975 0 
4749 0.036150 0 
4750 0.035750 0 
4751 0.035886 0 
4753 0.021146 0 
4754 0.044660 0 
4755 0.028115 0 
4756 0.029253 0 
4758 0.019395 0 
4759 0.024104 0 
4760 0.027134 0 
4761 0.042518 0 
4763 0.040903 0 
4764 0.044015 0 
4765 0.027783 0 
4766 0.037586 0 
4767 0.021274 0 
4768 0.012691 0 
4770 0.048410 0 
4771 0.032112 0 
4772 0.053571 0 
4773 0.046603 0 
4774 0.038047 0 
4775 0.021575 0 
4776 0.025667 0 
4777 0.030034 0 
4778 0.021716 0 
4780 0.036871 0 
4781 0.020436 0 
4782 0.024964 0 
4783 0.023061 0 
4784 0.021637 0 
4785 0.033717 0 
4786 0.055067 0 
4787 0.038811 0 
4788 0.022492 0 
4789 0.012634 0 
4790 0.022423 0 
4791 0.040455 0 
4792 0.024528 0 
4793 0.033248 0 
4794 0.016720 0 
4795 0.014281 0 
4796 0.021962 0 
4797 0.016280 0 
4798 0.026590 0 
4799 0.018106 0 
4800 0.042105 0 
4801 0.025728 0 
4802 0.018316 0 
4803 0.044996 0 
4804 0.028532 0 
4805 0.025677 0 
4807 0.036977 0 
4808 0.024387 0 
4809 0.056716 0 
4810 0.040206 0 
4811 0.024348 0 
4812 0.039808 0 
4813 0.023364 0 
4814 0.037541 0 
4816 0.046646 0 
4817 0.078668 0 
4818 0.062421 0 
4819 0.046242 0 
4821 0.013634 0 
4823 0.041404 0 
4824 0.046894 0 
4825 0.090220 0 
4826 0.073738 0 
4829 0.024419 0 
4830 0.036079 0 
4831 0.029605 0 
4832 0.060318 0 
4833 0.043966 0 
4834 0.026762 0 
4835 0.024125 0 
4836 0.020817 0 
4837 0.026846 0 
4838 0.027238 0 
4839 0.011122 0 
4840 0.034523 0 
4842 0.045964 0 
4844 0.035397 0 
4845 0.019050 0 
4846 0.050009 0 
4847 0.047435 0 
4848 0.031027 0 
4849 0.022362 0 
4850 0.017825 0 
4852 0.048776 0 
4853 0.032402 0 
4854 0.024334 0 
4855 0.014928 0 
4856 0.030238 0 
4857 0.025199 0 
4858 0.035407 0 
4859 0.033428 0 
4860 0.034455 0 
4861 0.018220 0 
4862 0.034220 0 
4863 0.017828 0 
4864 0.031095 0 
4865 0.015033 0 
4866 0.036541 0 
4868 0.083000 0 
4869 0.066141 0 
4870 0.049171 0 
4871 0.032467 0 
4872 0.030368 0 
4873 0.021702 0 
4874 0.013045 0 
4875 0.032461 0 
4876 0.019653 0 
4877 0.015259 0 
4879 0.020479 0 
4881 0.017496 0 
4882 0.030035 0 
4883 0.047768 0 
4884 0.032267 0 
4885 0.015729 0 
4886 0.023629 0 
4887 0.066180 0 
4889 0.033536 0 
4890 0.029040 0 
4891 0.027271 0 
4892 0.031053 0 
4894 0.019286 0 
4896 0.021663 0 
4897 0.052072 0 
4898 0.034767 0 
4900 0.017706 0 
4901 0.018325 0 
4902 0.031188 0 
4904 0.030053 0 
4905 0.020300 0 
4906 0.060822 0 
4907 0.043595 0 
4908 0.027260 0 
4909 0.018035 0 
4910 0.026950 0 
4911 0.065918 0 
4912 0.048245 0 
4913 0.031914 0 
4914 0.028714 0 
4915 0.052829 0 
4916 0.036401 0 
4917 0.031015 0 
4918 0.029801 0 
4919 0.024312 0 
4920 0.023547 0 
4921 0.033570 0 
4923 0.027029 0 
4924 0.020857 0 
4925 0.019797 0 
4926 0.021634 0 
4927 0.040707 0 
4928 0.024166 0 
4929 0.021352 0 
4931 0.024441 0 
4932 0.023198 0 
4933 0.009630 0 
4934 0.020151 0 
4935 0.016389 0 
4936 0.020915 0 
4937 0.021475 0 
4938 0.033428 0 
4939 0.017332 0 
4940 0.020453 0 
4941 0.018836 0 
4942 0.037166 0 
4944 0.013731 0 
4945 0.024196 0 
4946 0.016485 0 
4947 0.026484 0 
4948 0.033319 0 
4949 0.035765 0 
4950 0.055669 0 
4952 0.113953 0 
4953 0.135295 0 
4954 0.118472 0 
4955 0.102299 0 
4957 0.067798 0 
4958 0.051568 0 
4959 0.035375 0 
4960 0.019099 0 
4962 0.066000 0 
4963 0.049602 0 
4964 0.047626 0 
4965 0.031156 0 
4966 0.077226 0 
4967 0.061262 0 
4969 0.027696 0 
4970 0.027920 0 
4971 0.037055 0 
4972 0.021508 0 
4973 0.015305 0 
4974 0.025024 0 
4975 0.038802 0 
4976 0.031613 0 
4977 0.053317 0 
4979 0.035755 0 
4980 0.059847 0 
4981 0.043428 0 
4982 0.058276 0 
4983 0.041080 0 
4984 0.064412 0 
4985 0.048099 0 
4986 0.056321 0 
4987 0.039880 0 
4988 0.046599 0 
4989 0.030210 0 
4990 0.030274 0 
4991 0.037334 0 
4992 0.034168 0 
4993 0.017746 0 
4994 0.038132 0 
4995 0.046996 0 
4996 0.033621 0 
4997 0.026129 0 
4998 0.087890 0 
4999 0.071525 0 
5000 0.055059 0 
5001 0.056336 0 
5002 0.039770 0 
5003 0.023278 0 
5004 0.032659 0 
5006 0.032605 0 
5007 0.026266 0 
5008 0.020708 0 
5009 0.024135 0 
5010 0.016532 0 
5011 0.062821 0 
5012 0.046571 0 
5013 0.030499 0 
5015 0.104533 0 
5016 0.088060 0 
5017 0.071576 0 
5018 0.054438 0 
5020 0.022508 0 
5022 0.037674 0 
5023 0.033197 0 
5024 0.050122 0 
5025 0.033707 0 
5028 0.031738 0 
5029 0.015355 0 
5030 0.018292 0 
5031 0.058159 0 
5032 0.041018 0 
5033 0.044600 0 
5034 0.027668 0 
5035 0.019715 0 
5036 0.088594 0 
5037 0.071746 0 
5038 0.055369 0 
5039 0.049724 0 
5041 0.035867 0 
5043 0.021919 0 
5044 0.032586 0 
5045 0.030079 0 
5046 0.055288 0 
5047 0.038271 0 
5048 0.038365 0 
5049 0.021842 0 
5051 0.050832 0 
5052 0.034232 0 
5053 0.030261 0 
5054 0.030081 0 
5055 0.071966 0 
5056 0.055602 0 
5057 0.048291 0 
5058 0.032021 0 
5059 0.015386 0 
5060 0.066310 0 
5061 0.049866 0 
5062 0.033478 0 
5063 0.023574 0 
5064 0.041648 0 
5065 0.051975 0 
5067 0.036649 0 
5068 0.030903 0 
5069 0.066950 0 
5070 0.050697 0 
5071 0.033623 0 
5072 0.037832 0 
5073 0.021822 0 
5074 0.024649 0 
5075 0.026305 0 
5076 0.063611 0 
5078 0.083438 0 
5080 0.058337 0 
5081 0.042387 0 
5082 0.025985 0 
5083 0.030859 0 
5084 0.033778 0 
5085 0.042680 0 
5086 0.026399 0 
5088 0.061375 0 
5089 0.044992 0 
5090 0.036964 0 
5091 0.045125 0 
5093 0.046684 0 
5095 0.031647 0 
5096 0.035937 0 
5097 0.019408 0 
5099 0.038740 0 
5100 0.043645 0 
5101 0.027407 0 
5103 0.051911 0 
5104 0.035629 0 
5105 0.019177 0 
5106 0.033098 0 
5107 0.016554 0 
5108 0.025238 0 
5109 0.040080 0 
5110 0.026104 0 
5111 0.030581 0 
5112 0.022370 0 
5113 0.046244 0 
5114 0.036394 0 
5115 0.019848 0 
5116 0.025613 0 
5117 0.073248 0 
5118 0.056745 0 
5119 0.040173 0 
5120 0.024231 0 
5122 0.049634 0 
5123 0.033996 0 
5124 0.017340 0 
5125 0.023669 0 
5126 0.043655 0 
5127 0.027144 0 
5128 0.100000 0 
5130 0.066799 0 
5131 0.050331 0 
5132 0.034140 0 
5133 0.032156 0 
5134 0.030330 0 
5135 0.023274 0 
5136 0.051340 0 
5137 0.034926 0 
5138 0.018398 0 
5139 0.021351 0 
5140 0.021420 0 
5141 0.038982 0 
5143 0.016335 0 
5144 0.054403 0 
5145 0.039263 0 
5146 0.027296 0 
5147 0.013264 0 
5148 0.012332 0 
5149 0.015618 0 
5151 0.040777 0 
5152 0.024205 0 
5153 0.029948 0 
5154 0.046176 0 
5156 0.030173 0 
5157 0.024519 0 
5158 0.023100 0 
5159 0.036273 0 
5161 0.022189 0 
5162 0.051031 0 
5163 0.034682 0 
5164 0.029363 0 
5165 0.039635 0 
5166 0.022973 0 
5168 0.042220 0 
5169 0.025779 0 
5170 0.033967 0 
5171 0.034804 0 
5172 0.026589 0 
5173 0.019507 0 
5174 0.024894 0 
5175 0.052877 0 
5176 0.036626 0 
5178 0.013166 0 
5179 0.030706 0 
5180 0.014450 0 
5181 0.012995 0 
5182 0.015299 0 
5183 0.022469 0 
5184 0.049841 0 
5185 0.034459 0 
5186 0.028425 0 
5187 0.020919 0 
5188 0.061327 0 
5189 0.046530 0 
5190 0.030080 0 
5191 0.031518 0 
5192 0.015145 0 
5193 0.025695 0 
5194 0.035510 0 
5195 0.019885 0 
5196 0.026545 0 
5197 0.039914 0 
5198 0.033656 0 
5199 0.035054 0 
5200 0.018706 0 
5201 0.022590 0 
5202 0.023926 0 
5203 0.034807 0 
5205 0.053658 0 
5206 0.037302 0 
5207 0.031448 0 
5208 0.014278 0 
5209 0.019952 0 
5210 0.020057 0 
5211 0.041182 0 
5212 0.024827 0 
5214 0.019950 0 
5215 0.025286 0 
5216 0.027435 0 
5217 0.020324 0 
5219 0.032862 0 
5221 0.050465 0 
5222 0.076219 0 
5223 0.067929 0 
5224 0.068523 0 
5227 0.036452 0 
5228 0.019995 0 
5229 0.042177 0 
5230 0.033666 0 
5231 0.040427 0 
5232 0.025390 0 
5233 0.035257 0 
5234 0.018794 0 
5235 0.027216 0 
5236 0.047823 0 
5237 0.031890 0 
5238 0.015258 0 
5240 0.048639 0 
5242 0.036010 0 
5243 0.045761 0 
5244 0.037973 0 
5245 0.021488 0 
5246 0.040658 0 
5247 0.024444 0 
5248 0.050465 0 
5250 0.065139 0 
5251 0.048229 0 
5252 0.031824 0 
5253 0.039580 0 
5254 0.039140 0 
5255 0.022945 0 
5256 0.021925 0 
5257 0.022398 0 
5258 0.035444 0 
5259 0.027646 0 
5260 0.085341 0 
5261 0.068997 0 
5262 0.052651 0 
5263 0.036195 0 
5264 0.055871 0 
5266 0.056987 0 
5267 0.057764 0 
5268 0.065509 0 
5269 0.049242 0 
5270 0.033087 0 
5271 0.025265 0 
5272 0.017443 0 
5273 0.020660 0 
5274 0.080539 0 
5275 0.064254 0 
5277 0.031322 0 
5279 0.053449 0 
5280 0.034367 0 
5281 0.071292 0 
5282 0.055349 0 
5283 0.039016 0 
5284 0.048432 0 
5285 0.031801 0 
5287 0.035831 0 
5288 0.019564 0 
5289 0.014415 0 
5290 0.032581 0 
5292 0.017157 0 
5294 0.023035 0 
5295 0.032536 0 
5296 0.016276 0 
5298 0.028543 0 
5299 0.019628 0 
5300 0.026645 0 
5302 0.019394 0 
5303 0.068780 0 
5304 0.052451 0 
5305 0.035999 0 
5306 0.044296 0 
5307 0.034961 0 
5308 0.035156 0 
5309 0.019042 0 
5310 0.026778 0 
5311 0.039765 0 
5312 0.046534 0 
5313 0.030099 0 
5314 0.025627 0 
5315 0.014554 0 
5316 0.020534 0 
5317 0.028823 0 
5318 0.012463 0 
5319 0.011192 0 
5321 0.025665 0 
5322 0.014342 0 
5323 0.018389 0 
5324 0.022508 0 
5325 0.041919 0 
5326 0.025357 0 
5327 0.030827 0 
5329 0.017640 0 
5330 0.015378 0 
5331 0.021628 0 
5332 0.020013 0 
5333 0.034902 0 
5334 0.027405 0 
5335 0.025849 0 
5336 0.016345 0 
5337 0.021794 0 
5338 0.042474 0 
5339 0.026046 0 
5340 0.068471 0 
5342 0.074916 0 
5343 0.058591 0 
5344 0.040115 0 
5345 0.025747 0 
5346 0.040025 0 
5347 0.033256 0 
5348 0.027473 0 
5350 0.018276 0 
5351 0.036892 0 
5352 0.070509 0 
5353 0.098559 0 
5355 0.066043 0 
5356 0.049803 0 
5357 0.033394 0 
5358 0.074789 0 
5360 0.041276 0 
5361 0.077662 0 
5362 0.061545 0 
5363 0.045114 0 
5364 0.029052 0 
5362 0.077957 1 
5363 0.061394 1 
5364 0.045070 1 
5365 0.028629 1 
5367 0.016965 1 
5368 0.011446 1 
5369 0.006664 1 
5370 0.005546 1 
5367 0.054940 0 
5368 0.057605 0 
5369 0.041298 0 
5370 0.025193 0 
5371 0.012231 1 
5371 0.023097 0 
5372 0.006840 1 
5372 0.030288 0 
5373 0.023795 1 
5374 0.009887 1 
5375 0.008950 1 
5373 0.045254 0 
5374 0.029115 0 
5375 0.027885 0 
5377 0.013056 1 
5377 0.023554 0 
5378 0.010583 1 
5379 0.008569 1 
5378 0.043082 0 
5379 0.026829 0 
5380 0.016716 1 
5381 0.006515 1 
5380 0.028344 0 
5382 0.011067 1 
5383 0.015327 1 
5381 0.053331 0 
5384 0.010712 1 
5385 0.007977 1 
5386 0.008277 1 
5382 0.080302 0 
5383 0.063938 0 
5384 0.047294 0 
5387 0.008249 1 
5385 0.051759 0 
5386 0.035612 0 
5387 0.019338 0 
5388 0.009695 1 
5388 0.027743 0 
5389 0.019313 1 
5390 0.007521 1 
5389 0.030876 0 
5390 0.024219 0 
5391 0.008866 1 
5391 0.018890 0 
5392 0.012827 1 
5393 0.008171 1 
5394 0.006866 1 
5395 0.006996 1 
5396 0.008277 1 
5392 0.083667 0 
5393 0.067649 0 
5397 0.011487 1 
5394 0.068124 0 
5395 0.051795 0 
5396 0.035447 0 
5398 0.017615 1 
5399 0.005388 1 
5397 0.045135 0 
5400 0.008217 1 
5398 0.047057 0 
5399 0.030294 0 
5401 0.005770 1 
5400 0.041570 0 
5402 0.012029 1 
5401 0.048263 0 
5402 0.031941 0 
5404 0.021285 1 
5405 0.007554 1 
5406 0.007711 1 
5404 0.050933 0 
5405 0.034525 0 
5406 0.018239 0 
5407 0.009211 1 
5408 0.011337 1 
5409 0.011473 1 
5410 0.007526 1 
5411 0.008382 1 
5407 0.080684 0 
5408 0.063815 0 
5409 0.047965 0 
5413 0.008871 1 
5410 0.072120 0 
5411 0.056164 0 
5414 0.014359 1 
5413 0.043640 0 
5414 0.027679 0 
5415 0.011402 0 
5416 0.028661 0 
5418 0.011553 0 
5420 0.034160 1 
5421 0.017464 1 
5422 0.006868 1 
5421 0.034968 0 
5423 0.009760 1 
5422 0.042794 0 
5423 0.047039 0 
5426 0.016968 0 
5427 0.011364 1 
5427 0.022078 0 
5428 0.013277 1 
5428 0.036087 0 
5429 0.031221 1 
5430 0.014781 1 
5429 0.043864 0 
5430 0.027418 0 
5431 0.028476 0 
5431 0.039909 1 
5432 0.029055 1 
5433 0.017403 0 
5433 0.019423 1 
5434 0.007401 1 
5435 0.015750 1 
5436 0.005704 1 
5437 0.007011 1 
5434 0.056593 0 
5435 0.040381 0 
5436 0.039932 0 
5437 0.023458 0 
5439 0.011296 1 
5441 0.034427 1 
5442 0.021004 1 
5443 0.006026 1 
5444 0.009279 1 
5439 0.105321 0 
5441 0.082446 0 
5442 0.066107 0 
5443 0.049096 0 
5444 0.032701 0 
5445 0.016708 1 
5446 0.009036 1 
5445 0.033530 0 
5446 0.017178 0 
5447 0.007493 1 
5447 0.020285 0 
5449 0.009177 1 
5450 0.012038 1 
5449 0.030062 0 
5450 0.029075 0 
5451 0.017422 1 
5452 0.007317 1 
5451 0.036991 0 
5453 0.005915 1 
5452 0.044497 0 
5453 0.028303 0 
5454 0.013674 1 
5455 0.011402 1 
5454 0.036297 0 
5455 0.019042 0 
5456 0.010748 1 
5456 0.038296 0 
5457 0.021981 0 
5458 0.010280 1 
5459 0.006959 1 
5458 0.038759 0 
5459 0.022312 0 
5460 0.013725 1 
5461 0.016806 1 
5462 0.008056 1 
5463 0.008365 1 
5461 0.053248 0 
5462 0.036777 0 
5463 0.048821 0 
5465 0.016952 1 
5466 0.017628 1 
5467 0.015846 1 
5465 0.049225 0 
5468 0.007686 1 
5466 0.051623 0 
5469 0.008692 1 
5467 0.043566 0 
5468 0.026510 0 
5470 0.008224 1 
5469 0.025570 0 
5471 0.007555 1 
5470 0.033971 0 
5472 0.012627 1 
5473 0.006438 1 
5471 0.040198 0 
5472 0.035446 0 
5473 0.019158 0 
5474 0.006052 1 
5474 0.032260 0 
5476 0.010986 1 
5476 0.024524 0 
5478 0.008172 1 
5479 0.013696 1 
5480 0.008552 1 
5478 0.043291 0 
5479 0.035712 0 
5480 0.019239 0 
5481 0.008389 1 
5482 0.017949 1 
5481 0.041831 0 
5482 0.025633 0 
5483 0.010328 1 
5484 0.009092 1 
5486 0.011279 1 
5483 0.064162 0 
5484 0.047908 0 
5487 0.011437 1 
5486 0.035908 0 
5487 0.025404 0 
5488 0.013319 1 
5489 0.010166 1 
5488 0.037085 0 
5489 0.020790 0 
5491 0.013620 1 
5493 0.013955 1 
5494 0.007646 1 
5491 0.070327 0 
5493 0.037925 0 
5494 0.021694 0 
5495 0.013030 1 
5495 0.041462 0 
5497 0.021423 1 
5498 0.007418 1 
5499 0.008162 1 
5497 0.065636 0 
5498 0.049245 0 
5499 0.032935 0 
5501 0.011604 1 
5501 0.022217 0 
5502 0.014910 1 
5503 0.011660 1 
5502 0.035034 0 
5503 0.018655 0 
5504 0.008078 1 
5505 0.006915 1 
5504 0.030898 0 
5506 0.010779 1 
5505 0.048097 0 
5506 0.031635 0 
5507 0.015197 1 
5508 0.006095 1 
5507 0.034171 0 
5509 0.008758 1 
5508 0.030993 0 
5509 0.014642 0 
5510 0.007526 1 
5511 0.008150 1 
5510 0.027018 0 
5511 0.018327 0 
5512 0.009781 1 
5512 0.015234 0 
5513 0.014005 0 
5513 0.017072 1 
5514 0.014675 0 
5514 0.016064 1 
5515 0.019618 1 
5515 0.020873 0 
5516 0.010763 1 
5517 0.011521 1 
5516 0.035156 0 
5517 0.018601 0 
5518 0.010506 1 
5518 0.028828 0 
5520 0.016142 1 
5520 0.017836 0 
5521 0.005002 1 
5521 0.017903 0 
5522 0.011070 0 
5522 0.013839 1 
5523 0.010937 0 
5523 0.012856 1 
5524 0.008750 1 
5524 0.017909 0 
5525 0.016544 0 
5526 0.010650 1 
5526 0.017930 0 
5528 0.012331 0 
5528 0.013314 1 
5529 0.011921 1 
5529 0.016876 0 
5530 0.006410 1 
5530 0.011594 0 
5531 0.007650 1 
5531 0.009962 0 
5532 0.008764 0 
5533 0.010709 1 
5533 0.017756 0 
5534 0.027755 0 
5535 0.015479 0 
5536 0.014023 1 
5536 0.017933 0 
5537 0.021801 0 
5538 0.019631 0 
5538 0.032136 1 
5539 0.019020 1 
5539 0.031767 0 
5541 0.010578 1 
5542 0.010789 1 
5543 0.010623 1 
5541 0.043564 0 
5542 0.027213 0 
5543 0.020850 0 
5544 0.017913 1 
5544 0.024290 0 
5545 0.015214 1 
5546 0.008313 1 
5545 0.026799 0 
5546 0.023155 0 
5547 0.010818 1 
5547 0.015464 0 
5549 0.010233 0 
5550 0.020081 0 
5551 0.009127 1 
5551 0.022515 0 
5552 0.013950 1 
5552 0.020682 0 
5554 0.014759 0 
5555 0.022024 0 
5554 0.041687 1 
5555 0.025131 1 
5556 0.018540 0 
5556 0.024193 1 
5557 0.011681 1 
5557 0.015091 0 
5559 0.024043 0 
5559 0.024125 1 
5560 0.018390 1 
5560 0.021264 0 
5561 0.008491 1 
5561 0.015816 0 
5562 0.007679 1 
5562 0.015883 0 
5563 0.010583 1 
5563 0.013120 0 
5564 0.009275 1 
5564 0.019871 0 
5566 0.009516 1 
5567 0.009035 1 
5566 0.032036 0 
5567 0.027885 0 
5568 0.013463 1 
5568 0.017973 0 
5569 0.017368 1 
5569 0.030856 0 
5570 0.014545 0 
5572 0.011764 1 
5571 0.031461 0 
5573 0.009575 1 
5574 0.009619 1 
5572 0.046188 0 
5573 0.030445 0 
5574 0.019741 0 
5576 0.011936 1 
5576 0.014572 0 
5577 0.012799 0 
5577 0.021779 1 
5578 0.013191 1 
5578 0.016834 0 
5579 0.012299 1 
5580 0.013880 0 
5580 0.015840 1 
5581 0.021382 0 
5581 0.023901 1 
5582 0.007188 1 
5582 0.028247 0 
5583 0.016050 1 
5584 0.012499 1 
5583 0.030093 0 
5584 0.017000 0 
5585 0.018127 1 
5585 0.031520 0 
5586 0.015181 0 
5586 0.017622 1 
5587 0.018063 1 
5587 0.022438 0 
5588 0.011474 1 
5589 0.011455 1 
5590 0.012521 1 
5589 0.035640 0 
5590 0.019603 0 
5591 0.009295 1 
5592 0.008152 1 
5593 0.012015 1 
5594 0.014545 1 
5592 0.057087 0 
5593 0.040982 0 
5594 0.024501 0 
5595 0.012126 1 
5595 0.018480 0 
5596 0.008518 1 
5596 0.011626 0 
5597 0.008993 1 
5598 0.008765 1 
5597 0.025353 0 
5598 0.014656 0 
5599 0.009591 1 
5599 0.024637 0 
5600 0.015179 1 
5600 0.029861 0 
5601 0.013438 1 
5601 0.039938 0 
5603 0.011408 1 
5604 0.010747 1 
5603 0.032590 0 
5605 0.011619 1 
5604 0.028174 0 
5605 0.011825 0 
5606 0.010639 0 
5606 0.013180 1 
5607 0.008993 1 
5607 0.011266 0 
5608 0.009990 0 
5609 0.009613 0 
5609 0.013755 1 
5610 0.011587 0 
5610 0.013136 1 
5612 0.023213 0 
5612 0.027756 1 
5613 0.011841 1 
5614 0.005248 1 
5614 0.019475 0 
5615 0.010611 0 
5617 0.007121 1 
5619 0.015805 1 
5620 0.018482 1 
5619 0.040835 0 
5620 0.023934 0 
5621 0.024954 1 
5622 0.013021 1 
5621 0.032013 0 
5622 0.020076 0 
5625 0.014078 1 
5626 0.009952 1 
5626 0.026298 0 
5627 0.012833 0 
5627 0.021278 1 
5628 0.029100 1 
5629 0.014732 1 
5629 0.015623 0 
5630 0.010682 0 
5631 0.008474 0 
5630 0.038206 1 
5631 0.026101 1 
5632 0.023969 1 
5632 0.024834 0 
5633 0.008661 0 
5633 0.010308 1 
5634 0.010020 1 
5635 0.009172 1 
5635 0.014299 0 
5636 0.011276 1 
5636 0.026767 0 
5638 0.014216 1 
5638 0.032286 0 
5640 0.018306 1 
5640 0.028108 0 
5641 0.011513 1 
5642 0.014143 1 
5641 0.030772 0 
5642 0.014287 0 
5643 0.010493 0 
5644 0.011478 0 
5643 0.042862 1 
5645 0.013838 0 
5646 0.019064 0 
5644 0.054340 1 
5645 0.038046 1 
5646 0.026627 1 
5648 0.014495 0 
5649 0.018361 0 
5648 0.044582 1 
5649 0.029273 1 
5650 0.012792 1 
5650 0.016363 0 
5651 0.010076 1 
5651 0.028960 0 
5652 0.012648 0 
5652 0.016765 1 
5653 0.011504 1 
5653 0.018651 0 
5654 0.007890 1 
5654 0.010409 0 
5655 0.009193 1 
5656 0.010154 1 
5655 0.027651 0 
5657 0.011635 1 
5657 0.016201 0 
5658 0.019259 0 
5658 0.020430 1 
5659 0.014056 0 
5660 0.007598 1 
5660 0.020123 0 
5661 0.011583 1 
5662 0.012707 1 
5661 0.031713 0 
5664 0.026786 1 
5665 0.017020 1 
5664 0.033188 0 
5665 0.017676 0 
5666 0.010560 1 
5666 0.013626 0 
5667 0.009217 0 
5667 0.013841 1 
5668 0.013304 0 
5668 0.013394 1 
5669 0.010290 1 
5669 0.011362 0 
5670 0.009065 0 
5671 0.010318 0 
5672 0.007510 0 
5670 0.045247 1 
5671 0.031177 1 
5672 0.016928 1 
5673 0.011545 1 
5673 0.015234 0 
5675 0.014976 1 
5675 0.033908 0 
5677 0.014461 0 
5677 0.016799 1 
5678 0.010565 0 
5678 0.017048 1 
5679 0.012407 0 
5679 0.014694 1 
5680 0.006707 0 
5680 0.019942 1 
5681 0.008737 1 
5682 0.013397 1 
5682 0.017065 0 
5683 0.011445 0 
5683 0.016551 1 
5685 0.010880 0 
5685 0.012237 1 
5686 0.007484 1 
5686 0.012686 0 
5687 0.005859 0 
5687 0.010189 1 
5688 0.009761 1 
5690 0.010725 1 
5692 0.010295 1 
5692 0.011268 0 
5693 0.010789 1 
5693 0.018431 0 
5694 0.011663 1 
5694 0.015830 0 
5696 0.014415 0 
5696 0.020834 1 
5697 0.008984 0 
5697 0.010511 1 
5698 0.009446 1 
5700 0.016351 0 
5701 0.016131 0 
5701 0.021984 1 
5702 0.009985 1 
5702 0.012110 0 
5703 0.007617 0 
5703 0.011999 1 
5704 0.011615 1 
5705 0.018033 0 
5706 0.015661 0 
5705 0.032904 1 
5706 0.020840 1 
5707 0.009767 1 
5707 0.011868 0 
5708 0.011639 0 
5708 0.018648 1 
5709 0.012513 1 
5710 0.015260 1 
5710 0.019826 0 
5711 0.009594 0 
5711 0.020487 1 
5712 0.009712 1 
5713 0.013328 1 
5713 0.016768 0 
5714 0.010972 0 
5714 0.015900 1 
5715 0.014184 1 
5715 0.016811 0 
5716 0.018026 1 
5717 0.015415 1 
5717 0.033594 0 
5719 0.015826 1 
5720 0.011195 0 
5720 0.018358 1 
5721 0.007540 1 
5721 0.014572 0 
5722 0.009562 1 
5722 0.011856 0 
5723 0.015966 0 
5723 0.019724 1 
5724 0.014501 0 
5724 0.014584 1 
5725 0.008397 0 
5725 0.013561 1 
5727 0.010254 0 
5727 0.020744 1 
5728 0.013052 1 
5728 0.022840 0 
5729 0.011765 0 
5729 0.013212 1 
5730 0.010523 0 
5730 0.038776 1 
5731 0.024979 0 
5732 0.008557 0 
5733 0.007171 0 
5731 0.044745 1 
5732 0.028330 1 
5733 0.018383 1 
5734 0.009286 1 
5735 0.008902 1 
5734 0.030287 0 
5735 0.024523 0 
5736 0.008224 0 
5736 0.017273 1 
5737 0.010079 0 
5737 0.015579 1 
5738 0.011379 1 
5738 0.013998 0 
5740 0.014247 1 
5741 0.014596 1 
5741 0.017503 0 
5742 0.021077 1 
5742 0.021276 0 
5743 0.017654 1 
5743 0.024260 0 
5744 0.008176 0 
5744 0.013408 1 
5745 0.009977 0 
5745 0.015613 1 
5746 0.014094 1 
5748 0.010523 1 
5749 0.015671 0 
5749 0.020218 1 
5750 0.015641 1 
5750 0.024948 0 
5751 0.018660 1 
5751 0.021541 0 
5753 0.010003 1 
5753 0.023890 0 
5754 0.015443 0 
5755 0.012491 1 
5756 0.009761 1 
5756 0.013331 0 
5758 0.011409 0 
5758 0.017321 1 
5759 0.013155 1 
5760 0.007805 1 
5759 0.025970 0 
5760 0.009679 0 
5761 0.011610 0 
5762 0.006417 0 
5762 0.017355 1 
5763 0.010694 0 
5763 0.019271 1 
5765 0.013036 1 
5765 0.015376 0 
5766 0.022332 0 
5767 0.010771 0 
5766 0.033535 1 
5767 0.030608 1 
5768 0.014306 1 
5768 0.029104 0 
5769 0.023369 1 
5769 0.025212 0 
5770 0.010869 1 
5770 0.011472 0 
5771 0.023763 0 
5772 0.015502 1 
5772 0.022804 0 
5773 0.015408 0 
5773 0.024476 1 
5775 0.017088 1 
5775 0.026897 0 
5776 0.024687 1 
5777 0.015764 1 
5776 0.035273 0 
5778 0.010296 1 
5778 0.017282 0 
5779 0.013453 1 
5780 0.019044 1 
5779 0.037081 0 
5780 0.020933 0 
5781 0.013139 0 
5781 0.016876 1 
5782 0.009052 0 
5782 0.017901 1 
5783 0.021874 1 
5783 0.035506 0 
5784 0.018828 0 
5785 0.005899 0 
5785 0.019343 1 
5786 0.009018 0 
5786 0.011461 1 
5787 0.006796 0 
5787 0.014052 1 
5788 0.013373 0 
5788 0.017946 1 
5789 0.010651 0 
5789 0.013217 1 
5790 0.009753 1 
5790 0.013127 0 
5791 0.011961 1 
5791 0.020495 0 
5792 0.012344 1 
5793 0.011737 1 
5792 0.030687 0 
5793 0.014408 0 
5794 0.023587 0 
5795 0.007459 0 
5796 0.011519 0 
5797 0.008801 0 
5798 0.008350 0 
5794 0.073952 1 
5795 0.057927 1 
5796 0.041512 1 
5797 0.025478 1 
5798 0.017736 1 
5799 0.010574 0 
5799 0.014052 1 
5800 0.009015 1 
5800 0.012022 0 
5802 0.011935 1 
5802 0.025575 0 
5803 0.016095 1 
5803 0.022231 0 
5804 0.012910 0 
5804 0.022451 1 
5805 0.013556 1 
5806 0.011713 1 
5806 0.026236 0 
5807 0.013064 1 
5808 0.013125 1 
5808 0.018788 0 
5809 0.011629 1 
5809 0.027804 0 
5811 0.028878 1 
5812 0.015115 1 
5811 0.034815 0 
5812 0.018446 0 
5813 0.014284 1 
5813 0.045235 0 
5814 0.029186 0 
5816 0.007466 1 
5816 0.035713 0 
5818 0.015370 0 
5818 0.018909 1 
5819 0.020022 1 
5819 0.033551 0 
5820 0.023735 1 
5821 0.018947 1 
5820 0.054058 0 
5821 0.038402 0 
5824 0.012615 0 
5824 0.015780 1 
5825 0.014614 0 
5825 0.021432 1 
5826 0.015702 0 
5827 0.029577 0 
5826 0.049159 1 
5827 0.032576 1 
5828 0.025193 1 
5829 0.019799 1 
5829 0.028666 0 
5830 0.011414 0 
5830 0.015381 1 
5831 0.015550 0 
5832 0.020445 0 
5832 0.024115 1 
5833 0.028870 0 
5833 0.032599 1 
5834 0.015869 1 
5835 0.015030 0 
5835 0.018582 1 
5837 0.018135 0 
5837 0.057768 1 
5839 0.024883 0 
5840 0.008614 0 
5839 0.038804 1 
5840 0.022515 1 
5841 0.012879 0 
5842 0.009413 1 
5842 0.012943 0 
5843 0.012944 1 
5844 0.016300 1 
5845 0.011246 1 
5844 0.036586 0 
5845 0.020253 0 
5847 0.014762 0 
5848 0.013819 0 
5848 0.020480 1 
5849 0.010303 1 
5849 0.021071 0 
5850 0.017569 1 
5851 0.022911 1 
5850 0.040697 0 
5851 0.023048 0 
5852 0.010513 1 
5853 0.011858 1 
5853 0.021115 0 
5854 0.015020 1 
5854 0.019568 0 
5855 0.014318 1 
5855 0.023053 0 
5856 0.023823 1 
5857 0.009789 1 
5856 0.044015 0 
5857 0.027788 0 
5858 0.011535 0 
5859 0.010779 1 
5860 0.011024 0 
5860 0.013995 1 
5861 0.013217 1 
5863 0.017334 1 
5863 0.022346 0 
5864 0.013815 1 
5865 0.013358 1 
5864 0.036694 0 
5865 0.020484 0 
5866 0.016661 1 
5867 0.015224 1 
5868 0.011470 1 
5867 0.032035 0 
5869 0.009629 1 
5870 0.011596 1 
5869 0.038092 0 
5870 0.027356 0 
5871 0.011368 0 
5871 0.016840 1 
5872 0.021375 1 
5872 0.032254 0 
5874 0.019231 1 
5874 0.032380 0 
5876 0.009804 1 
5877 0.008931 1 
5878 0.008529 1 
5876 0.041675 0 
5877 0.025559 0 
5879 0.011596 1 
5879 0.017760 0 
5880 0.011317 1 
5881 0.012246 0 
5881 0.018126 1 
5882 0.006110 0 
5882 0.012697 1 
5884 0.016114 0 
5884 0.030469 1 
5885 0.014948 1 
5886 0.010924 1 
5887 0.017997 1 
5887 0.024929 0 
5889 0.025889 1 
5889 0.033360 0 
5891 0.008091 0 
5891 0.017323 1 
5892 0.013844 1 
5893 0.010386 0 
5893 0.019967 1 
5895 0.015056 1 
5896 0.011855 0 
5897 0.010629 0 
5896 0.028312 1 
5897 0.020742 1 
5899 0.011036 1 
5900 0.010202 1 
5901 0.012117 1 
5902 0.016011 0 
5902 0.016998 1 
5903 0.007942 0 
5903 0.021444 1 
5904 0.017348 1 
5905 0.011597 1 
5904 0.041337 0 
5905 0.025093 0 
5906 0.014343 1 
5907 0.007123 0 
5907 0.014766 1 
5908 0.007520 1 
5909 0.010556 1 
5909 0.013902 0 
5910 0.009465 0 
5910 0.018863 1 
5911 0.011426 1 
5912 0.016682 0 
5912 0.025205 1 
5913 0.013290 1 
5914 0.014046 1 
5915 0.011303 1 
5915 0.013896 0 
5916 0.010068 0 
5918 0.009706 0 
5919 0.012763 0 
5920 0.015830 0 
5921 0.009231 0 
5918 0.061064 1 
5919 0.044717 1 
5920 0.028206 1 
5921 0.013124 1 
5922 0.014034 1 
5922 0.020531 0 
5923 0.023932 1 
5924 0.013028 0 
5926 0.009058 1 
5926 0.016414 0 
5927 0.010892 0 
5927 0.011087 1 
5928 0.010057 0 
5928 0.017464 1 
5929 0.009050 0 
5929 0.012831 1 
5930 0.010737 1 
5931 0.011795 1 
5932 0.012167 0 
5932 0.012335 1 
5933 0.012685 0 
5934 0.015276 1 
5934 0.015497 0 
5935 0.008331 0 
5935 0.008550 1 
5936 0.008669 1 
5936 0.011807 0 
5937 0.008919 0 
5937 0.013752 1 
5939 0.012453 0 
5939 0.017249 1 
5940 0.013867 0 
5940 0.017270 1 
5941 0.012522 1 
5941 0.013182 0 
5942 0.008693 0 
5942 0.018290 1 
5943 0.012500 0 
5943 0.016282 1 
5944 0.014803 1 
5945 0.010477 1 
5945 0.012491 0 
5947 0.011211 0 
5947 0.012807 1 
5948 0.014910 0 
5948 0.016755 1 
5949 0.013219 0 
5949 0.021610 1 
5950 0.024454 0 
5950 0.025872 1 
5952 0.014282 1 
5952 0.022573 0 
5953 0.015160 0 
5953 0.015741 1 
5954 0.020473 0 
5954 0.038056 1 
5955 0.021783 1 
5955 0.032224 0 
5957 0.014241 0 
5957 0.017405 1 
5958 0.012537 0 
5958 0.034402 1 
5959 0.018056 1 
5959 0.020122 0 
5960 0.012044 0 
5960 0.025509 1 
5961 0.014313 1 
5962 0.009928 1 
5962 0.038556 0 
5964 0.026589 0 
5964 0.057472 1 
5965 0.041144 1 
5966 0.028373 1 
5967 0.014028 1 
5968 0.015435 1 
5969 0.015623 1 
5967 0.073849 0 
5970 0.042428 1 
5971 0.026241 1 
5968 0.081703 0 
5969 0.065255 0 
5970 0.048871 0 
5971 0.032632 0 
5972 0.016368 0 
5972 0.023334 1 
5974 0.008435 0 
5974 0.015977 1 
5975 0.011724 0 
5975 0.014527 1 
5976 0.015695 0 
5976 0.016807 1 
5977 0.012941 0 
5977 0.030153 1 
5978 0.015442 1 
5978 0.022039 0 
5979 0.013120 1 
5979 0.031314 0 
5980 0.015095 0 
5981 0.009185 0 
5981 0.009784 1 
5982 0.013326 1 
5982 0.021042 0 
5983 0.010271 1 
5983 0.017986 0 
5984 0.014113 1 
5984 0.015084 0 
5985 0.012648 1 
5985 0.024286 0 
5986 0.018821 1 
5987 0.011501 1 
5986 0.036554 0 
5988 0.010578 1 
5989 0.012555 1 
5987 0.048874 0 
5988 0.032127 0 
5990 0.017550 0 
5990 0.020135 1 
5991 0.014887 1 
5991 0.019806 0 
5992 0.010239 1 
5992 0.019112 0 
5993 0.011073 0 
5993 0.011864 1 
5994 0.013318 1 
5994 0.020147 0 
5995 0.014685 0 
5995 0.016162 1 
5996 0.020708 1 
5997 0.017132 1 
5998 0.014090 1 
5998 0.018438 0 
5999 0.013971 1 
5999 0.021354 0 
6001 0.019262 0 
6002 0.015414 0 
6002 0.025249 1 
6003 0.011927 0 
6003 0.014052 1 
6004 0.011378 1 
6004 0.013547 0 
6005 0.009401 0 
6005 0.017043 1 
6006 0.012126 1 
6006 0.018607 0 
6007 0.009065 1 
6008 0.010382 1 
6007 0.034998 0 
6008 0.037002 0 
6010 0.021256 1 
6011 0.020199 1 
6012 0.006389 1 
6011 0.026318 0 
6013 0.031222 0 
6015 0.013076 1 
6015 0.018641 0 
6017 0.020088 0 
6017 0.023792 1 
6018 0.025306 1 
6018 0.033924 0 
6019 0.027243 1 
6020 0.022880 1 
6020 0.024621 0 
6023 0.019842 0 
6023 0.023860 1 
6024 0.011424 1 
6025 0.011165 1 
6025 0.051486 0 
6026 0.035043 0 
6027 0.018587 0 
6026 0.037523 1 
6027 0.021213 1 
6028 0.015522 1 
6028 0.021032 0 
6029 0.008378 1 
6029 0.013777 0 
6030 0.017386 1 
6031 0.013548 1 
6032 0.012088 1 
6032 0.012152 0 
6033 0.012051 0 
6034 0.012698 0 
6034 0.012877 1 
6036 0.017436 1 
6038 0.013859 0 
6039 0.009370 0 
6038 0.034419 1 
6039 0.017921 1 
6040 0.012709 1 
6040 0.016546 0 
6041 0.012565 1 
6042 0.017338 1 
6041 0.035453 0 
6043 0.013530 0 
6043 0.014945 1 
6044 0.007778 1 
6044 0.008417 0 
6046 0.017672 1 
6047 0.016102 1 
6048 0.013006 0 
6048 0.016119 1 
6049 0.010415 1 
6050 0.011008 1 
6051 0.009312 1 
6050 0.028405 0 
6052 0.010952 0 
6052 0.026444 1 
6053 0.010209 0 
6053 0.013535 1 
6054 0.012302 0 
6054 0.021342 1 
6055 0.012048 0 
6055 0.014248 1 
6056 0.010044 1 
6056 0.027524 0 
6057 0.010765 0 
6057 0.015151 1 
6058 0.015782 0 
6058 0.016598 1 
6059 0.006002 0 
6059 0.014183 1 
6060 0.023388 0 
6060 0.023597 1 
6062 0.019176 0 
6063 0.014442 0 
6062 0.036509 1 
6063 0.030541 1 
6064 0.016873 0 
6064 0.019757 1 
6065 0.009511 1 
6065 0.014225 0 
6066 0.012963 1 
6066 0.026288 0 
6067 0.009759 0 
6067 0.011991 1 
6068 0.008807 0 
6068 0.014139 1 
6069 0.013095 0 
6070 0.009362 0 
6069 0.029279 1 
6070 0.024476 1 
6071 0.011567 1 
6073 0.011311 0 
6073 0.021838 1 
6075 0.010773 1 
6076 0.009771 1 
6076 0.022497 0 
6077 0.016741 0 
6078 0.006156 0 
6077 0.023046 1 
6078 0.010272 1 
6079 0.011617 0 
6079 0.016524 1 
6080 0.013863 0 
6080 0.014628 1 
6081 0.006707 0 
6081 0.012527 1 
6083 0.008458 0 
6083 0.015340 1 
6084 0.007756 0 
6084 0.012486 1 
6085 0.009452 1 
6086 0.010844 1 
6088 0.009465 0 
6088 0.032460 1 
6090 0.015007 0 
6090 0.027096 1 
6091 0.022133 1 
6092 0.012780 1 
6091 0.030548 0 
6094 0.010566 0 
6094 0.019467 1 
6095 0.021979 1 
6096 0.015002 0 
6096 0.016245 1 
6098 0.022041 1 
6099 0.009366 0 
6100 0.012857 0 
6099 0.040015 1 
6100 0.022573 1 
6101 0.011176 0 
6101 0.016600 1 
6102 0.011000 1 
6102 0.023449 0 
6103 0.012162 1 
6103 0.026762 0 
6104 0.016619 0 
6104 0.023842 1 
6105 0.012483 0 
6105 0.016153 1 
6106 0.009119 1 
6107 0.006746 0 
6107 0.008014 1 
6108 0.010946 1 
6108 0.025347 0 
6109 0.013480 1 
6110 0.009934 0 
6110 0.020581 1 
6111 0.008357 1 
6112 0.013440 1 
6111 0.042538 0 
6112 0.026149 0 
6113 0.012208 1 
6113 0.026842 0 
6114 0.010695 0 
6114 0.013539 1 
6115 0.013623 1 
6117 0.031829 1 
6118 0.021104 0 
6119 0.011346 1 
6119 0.018748 0 
6120 0.013684 1 
6120 0.028061 0 
6121 0.016246 0 
6121 0.016303 1 
6122 0.012501 0 
6122 0.022982 1 
6123 0.009870 1 
6123 0.019083 0 
6125 0.008207 0 
6125 0.012835 1 
6126 0.013463 0 
6126 0.021941 1 
6127 0.010006 0 
6127 0.019472 1 
6128 0.011550 0 
6128 0.023206 1 
6129 0.008871 0 
6129 0.011139 1 
6130 0.009390 0 
6130 0.016878 1 
6131 0.013913 1 
6131 0.027944 0 
6132 0.018816 0 
6132 0.021581 1 
6133 0.020063 0 
6134 0.010760 0 
6134 0.017484 1 
6135 0.008753 0 
6135 0.012880 1 
6136 0.009965 0 
6136 0.016307 1 
6138 0.012421 0 
6138 0.026031 1 
6139 0.020348 0 
6139 0.029394 1 
6140 0.013213 1 
6140 0.037020 0 
6141 0.020674 0 
6141 0.022297 1 
6142 0.019242 1 
6143 0.012005 1 
6143 0.018237 0 
6144 0.012594 1 
6144 0.018245 0 
6146 0.022665 1 
6147 0.022354 1 
6147 0.038140 0 
6148 0.026516 0 
6149 0.010276 0 
6148 0.031137 1 
6149 0.020819 1 
6151 0.005624 0 
6151 0.018188 1 
6152 0.015448 0 
6153 0.007520 0 
6152 0.036080 1 
6153 0.020225 1 
6154 0.008741 1 
6154 0.013391 0 
6156 0.007343 0 
6157 0.007627 0 
6156 0.027690 1 
6157 0.024631 1 
6158 0.013397 1 
6158 0.018386 0 
6159 0.007533 1 
6159 0.018691 0 
6160 0.012304 1 
6160 0.016105 0 
6161 0.007706 0 
6161 0.012776 1 
6163 0.014682 1 
6163 0.023266 0 
6164 0.012758 1 
6164 0.021463 0 
6165 0.014632 1 
6166 0.016224 1 
6166 0.018652 0 
6167 0.008600 0 
6167 0.009480 1 
6168 0.008657 1 
6168 0.018296 0 
6169 0.017051 1 
6170 0.011647 1 
6169 0.039129 0 
6171 0.011637 1 
6171 0.030278 0 
6173 0.010577 1 
6173 0.028338 0 
6174 0.011976 0 
6175 0.020825 0 
6176 0.011552 0 
6174 0.050790 1 
6177 0.021265 0 
6178 0.010663 0 
6175 0.081206 1 
6176 0.064455 1 
6179 0.014855 0 
6177 0.051663 1 
6178 0.035439 1 
6179 0.019797 1 
6180 0.013649 1 
6180 0.045036 0 
6181 0.028947 0 
6182 0.012655 0 
6182 0.018622 1 
6183 0.012755 1 
6183 0.019232 0 
6184 0.023507 1 
6184 0.023567 0 
6185 0.007022 0 
6185 0.027942 1 
6186 0.012233 1 
6186 0.016524 0 
6187 0.013447 1 
6188 0.009093 0 
6188 0.016712 1 
6189 0.011259 0 
6189 0.016642 1 
6190 0.013919 0 
6190 0.021652 1 
6191 0.012398 1 
6192 0.010546 1 
6193 0.012007 1 
6193 0.018225 0 
6194 0.020077 0 
6194 0.021293 1 
6195 0.008034 1 
6195 0.021728 0 
6196 0.006593 0 
6196 0.010201 1 
6197 0.015660 1 
6198 0.014196 1 
6198 0.020118 0 
6200 0.019670 0 
6200 0.023454 1 
6201 0.019319 1 
6201 0.026630 0 
6202 0.010676 0 
6202 0.012058 1 
6203 0.017605 1 
6204 0.014793 1 
6203 0.032367 0 
6204 0.025952 0 
6205 0.009352 0 
6205 0.014351 1 
6206 0.018227 0 
6207 0.009972 0 
6207 0.012386 1 
6209 0.032066 1 
6210 0.015828 1 
6211 0.004750 1 
6211 0.012781 0 
6212 0.011797 0 
6214 0.009371 1 
6214 0.015601 0 
6216 0.012552 0 
6216 0.023944 1 
6217 0.014043 0 
6217 0.034799 1 
6218 0.035335 1 
6219 0.021385 1 
6218 0.038165 0 
6222 0.011192 0 
6222 0.014910 1 
6223 0.014603 1 
6224 0.016922 1 
6225 0.033635 1 
6226 0.017806 1 
6227 0.011553 1 
6228 0.010880 1 
6229 0.015982 1 
6230 0.016956 1 
6229 0.038471 0 
6230 0.029899 0 
6231 0.013039 0 
6231 0.023368 1 
6232 0.009905 1 
6232 0.021492 0 
6233 0.012849 1 
6233 0.030974 0 
6235 0.020426 1 
6237 0.050098 0 
6238 0.033578 0 
6239 0.019110 0 
6237 0.067460 1 
6238 0.054211 1 
6239 0.037914 1 
6240 0.021745 1 
6241 0.008618 1 
6241 0.045426 0 
6242 0.029015 0 
6243 0.021520 0 
6243 0.034010 1 
6245 0.013309 0 
6245 0.014857 1 
6246 0.012386 0 
6246 0.024498 1 
6247 0.010603 1 
6247 0.012900 0 
6248 0.010073 0 
6248 0.014598 1 
6249 0.011188 0 
6249 0.024053 1 
6250 0.013935 0 
6251 0.014301 0 
6250 0.030668 1 
6251 0.038517 1 
6252 0.022709 0 
6252 0.026753 1 
6253 0.011780 1 
6254 0.014133 1 
6255 0.015185 1 
6253 0.049436 0 
6255 0.016478 0 
6256 0.018940 1 
6256 0.019009 0 
6257 0.013576 1 
6257 0.022217 0 
6258 0.009416 1 
6259 0.011737 1 
6258 0.031577 0 
6259 0.015089 0 
6261 0.041097 1 
6262 0.033737 1 
6263 0.017662 1 
6264 0.012227 1 
6261 0.067725 0 
6262 0.051074 0 
6263 0.034846 0 
6264 0.018437 0 
6265 0.012157 1 
6266 0.012912 1 
6265 0.032561 0 
6266 0.023807 0 
6267 0.013708 1 
6267 0.020999 0 
6268 0.019147 0 
6269 0.030372 0 
6270 0.013723 0 
6268 0.060065 1 
6269 0.043565 1 
6270 0.027788 1 
6272 0.036924 0 
6274 0.008500 0 
6274 0.028331 1 
6275 0.014287 0 
6276 0.009146 0 
6275 0.034635 1 
6276 0.019247 1 
6277 0.015671 0 
6277 0.023920 1 
6278 0.010429 0 
6278 0.015089 1 
6279 0.016630 1 
6279 0.021442 0 
6280 0.011378 0 
6280 0.019907 1 
6282 0.019459 1 
6283 0.014055 1 
6284 0.009708 1 
6282 0.051878 0 
6285 0.010632 1 
6287 0.024842 1 
6289 0.020568 0 
6289 0.024742 1 
6290 0.010429 0 
6290 0.010496 1 
6291 0.011086 1 
6291 0.018134 0 
6293 0.010441 0 
6293 0.028049 1 
6294 0.017497 1 
6295 0.011752 1 
6297 0.012929 1 
6298 0.003788 0 
6298 0.014848 1 
6299 0.011383 0 
6299 0.020098 1 
6300 0.012447 1 
6301 0.012792 1 
6300 0.032552 0 
6301 0.016804 0 
6302 0.004376 0 
6302 0.013305 1 
6303 0.015268 0 
6303 0.016788 1 
6304 0.014256 1 
6304 0.022246 0 
6305 0.015820 1 
6305 0.023872 0 
6306 0.007698 0 
6306 0.011815 1 
6307 0.006171 0 
6307 0.010834 1 
6308 0.015227 1 
6309 0.008640 1 
6310 0.009389 1 
6309 0.033597 0 
6311 0.009970 0 
6311 0.027362 1 
6312 0.022762 1 
6313 0.013192 1 
6314 0.014852 1 
6314 0.036572 0 
6316 0.022742 1 
6317 0.009753 1 
6318 0.014509 1 
6317 0.038052 0 
6319 0.013176 1 
6318 0.030866 0 
6319 0.015457 0 
6320 0.012286 0 
6320 0.026213 1 
6321 0.018535 1 
6322 0.012837 1 
6321 0.032405 0 
6322 0.036752 0 
6324 0.014995 0 
6324 0.021266 1 
6325 0.013075 1 
6325 0.025095 0 
6326 0.012903 1 
6327 0.008005 0 
6327 0.013294 1 
6328 0.012802 1 
6329 0.013270 0 
6329 0.021177 1 
6330 0.014199 0 
6330 0.025729 1 
6331 0.018315 1 
6332 0.011339 0 
6332 0.012458 1 
6333 0.010758 0 
6333 0.012795 1 
6334 0.013842 1 
6334 0.030808 0 
6335 0.014200 0 
6337 0.007396 0 
6337 0.018717 1 
6338 0.013344 1 
6338 0.019938 0 
6339 0.009922 0 
6339 0.012247 1 
6340 0.015887 0 
6340 0.019890 1 
6341 0.008545 1 
6342 0.009676 1 
6342 0.024493 0 
6343 0.008198 0 
6343 0.017218 1 
6345 0.009468 0 
6345 0.017664 1 
6346 0.017055 1 
6346 0.027700 0 
6347 0.011406 0 
6347 0.015635 1 
6348 0.005699 0 
6348 0.024350 1 
6350 0.014176 1 
6350 0.018464 0 
6351 0.010494 0 
6351 0.015111 1 
6352 0.010009 0 
6352 0.015922 1 
6353 0.014961 1 
6355 0.019555 0 
6356 0.014499 0 
6357 0.007273 0 
6355 0.047251 1 
6356 0.038959 1 
6357 0.022256 1 
6358 0.011041 1 
6359 0.011262 0 
6359 0.015495 1 
6360 0.021067 1 
6360 0.027142 0 
6362 0.026630 0 
6363 0.010341 0 
6362 0.030117 1 
6363 0.025884 1 
6364 0.017460 1 
6365 0.013501 1 
6365 0.024973 0 
6366 0.008792 0 
6366 0.014878 1 
6367 0.015414 1 
6367 0.018090 0 
6368 0.021239 1 
6369 0.009405 1 
6369 0.039200 0 
6370 0.030519 1 
6372 0.006906 0 
6373 0.017293 0 
6372 0.047458 1 
6373 0.034931 1 
6374 0.018564 1 
6375 0.015599 1 
6376 0.011692 0 
6376 0.012444 1 
6377 0.010788 1 
6378 0.010499 1 
6379 0.012646 1 
6378 0.037621 0 
6379 0.021304 0 
6380 0.016133 1 
6380 0.021081 0 
6381 0.012698 1 
6381 0.025454 0 
6382 0.016454 1 
6383 0.010175 1 
6384 0.012241 1 
6382 0.055621 0 
6383 0.038904 0 
6385 0.015729 1 
6384 0.035920 0 
6386 0.021445 1 
6387 0.008464 1 
6388 0.023779 1 
6389 0.013296 1 
6386 0.069956 0 
6387 0.053754 0 
6388 0.037429 0 
6390 0.014942 1 
6391 0.021760 1 
6392 0.015488 1 
6390 0.059376 0 
6391 0.042857 0 
6393 0.009737 0 
6393 0.009901 1 
6394 0.011126 1 
6395 0.005683 0 
6395 0.017462 1 
6396 0.006485 0 
6396 0.013716 1 
6397 0.009669 1 
6397 0.014129 0 
6399 0.009300 0 
6399 0.014992 1 
6400 0.011219 0 
6400 0.020549 1 
6401 0.015877 1 
6401 0.022279 0 
6402 0.009037 1 
6402 0.012916 0 
6403 0.011485 1 
6404 0.010151 1 
6405 0.014004 1 
6406 0.012952 0 
6406 0.014982 1 
6408 0.015625 0 
6408 0.016631 1 
6409 0.011908 1 
6409 0.026893 0 
6410 0.010926 0 
6410 0.013301 1 
6411 0.005637 0 
6413 0.009608 1 
6413 0.009693 0 
6415 0.017398 1 
6416 0.018929 0 
6416 0.035027 1 
6417 0.032490 1 
6418 0.016116 1 
6421 0.006792 0 
6421 0.017581 1 
6422 0.015270 0 
6423 0.014962 0 
6423 0.049564 1 
6424 0.035015 1 
6425 0.023091 1 
6426 0.014443 1 
6424 0.055237 0 
6425 0.038686 0 
6426 0.022069 0 
6427 0.005704 0 
6427 0.013650 1 
6428 0.010121 1 
6428 0.015233 0 
6429 0.007572 1 
6429 0.018120 0 
6430 0.010046 1 
6430 0.010407 0 
6431 0.010478 1 
6431 0.013495 0 
6432 0.004105 0 
6432 0.017176 1 
6434 0.013388 1 
6436 0.005773 0 
6437 0.014606 0 
6438 0.008425 0 
6436 0.062027 1 
6437 0.044962 1 
6438 0.035209 1 
6439 0.018993 1 
6440 0.008460 1 
6439 0.025322 0 
6441 0.013146 1 
6441 0.018003 0 
6442 0.030264 0 
6444 0.011427 0 
6442 0.061995 1 
6445 0.012874 0 
6444 0.034051 1 
6445 0.021443 1 
6446 0.013064 0 
6446 0.015060 1 
6447 0.013844 1 
6448 0.013504 1 
6449 0.015068 1 
6450 0.009503 1 
6450 0.020756 0 
6451 0.011491 1 
6451 0.016827 0 
6452 0.011692 1 
6452 0.011894 0 
6453 0.005934 0 
6453 0.013715 1 
6454 0.012028 0 
6455 0.004452 0 
6455 0.008569 1 
6456 0.008187 1 
6456 0.018413 0 
6457 0.016172 1 
6458 0.012769 1 
6458 0.021280 0 
6460 0.012213 0 
6461 0.006669 0 
6460 0.042949 1 
6461 0.034817 1 
6462 0.020658 1 
6463 0.014711 0 
6463 0.016553 1 
6464 0.019008 0 
6465 0.012742 0 
6464 0.029677 1 
6465 0.018205 1 
6466 0.007021 0 
6466 0.008017 1 
6467 0.014668 1 
6468 0.015787 1 
6468 0.019466 0 
6469 0.016141 1 
6469 0.029556 0 
6471 0.025030 1 
6473 0.015073 1 
6471 0.055418 0 
6473 0.022446 0 
6474 0.017360 1 
6475 0.012840 0 
6475 0.022505 1 
6476 0.012280 1 
6477 0.011424 0 
6477 0.014021 1 
6478 0.025262 0 
6479 0.008975 0 
6478 0.036014 1 
6479 0.021887 1 
6481 0.011517 0 
6481 0.026167 1 
6482 0.014614 1 
6483 0.010464 0 
6483 0.015843 1 
6484 0.015560 0 
6484 0.019357 1 
6486 0.020492 0 
6486 0.047304 1 
6488 0.018086 1 
6489 0.018321 0 
6489 0.024579 1 
6490 0.019383 1 
6490 0.027601 0 
6492 0.009043 0 
6492 0.026145 1 
6493 0.011326 0 
6493 0.017569 1 
6494 0.016118 0 
6494 0.019686 1 
6496 0.011700 1 
6496 0.017847 0 
6497 0.011408 1 
6497 0.011694 0 
6498 0.007473 0 
6498 0.015814 1 
6499 0.011997 1 
6500 0.012668 0 
6500 0.017147 1 
6501 0.010988 0 
6501 0.017462 1 
6502 0.014527 1 
6503 0.009560 0 
6503 0.012949 1 
6504 0.017173 1 
6505 0.013160 1 
6506 0.020334 1 
6505 0.040097 0 
6506 0.023786 0 
6507 0.010708 1 
6507 0.018596 0 
6508 0.011396 1 
6509 0.013880 1 
6508 0.033842 0 
6509 0.017658 0 
6510 0.018122 0 
6510 0.021750 1 
6511 0.018270 0 
6511 0.021986 1 
6512 0.013149 1 
6513 0.010747 1 
6513 0.023816 0 
6515 0.009921 0 
6515 0.021408 1 
6516 0.027200 1 
6517 0.014789 1 
6518 0.013972 1 
6517 0.035534 0 
6518 0.024821 0 
6519 0.008079 0 
6519 0.015787 1 
6520 0.016410 1 
6521 0.012093 1 
6521 0.040932 0 
6523 0.012101 1 
6524 0.010632 1 
6523 0.044719 0 
6524 0.028634 0 
6525 0.012394 0 
6525 0.017434 1 
6526 0.013096 1 
6527 0.010543 1 
6527 0.031182 0 
6528 0.021029 1 
6529 0.011246 1 
6530 0.010567 1 
6528 0.043303 0 
6529 0.035981 0 
6530 0.020175 0 
6531 0.014437 0 
6531 0.018988 1 
6532 0.011769 1 
6532 0.027756 0 
6533 0.011050 0 
6533 0.012348 1 
6534 0.010615 1 
6534 0.012619 0 
6536 0.014197 1 
6536 0.020040 0 
6537 0.003650 0 
6538 0.008782 0 
6537 0.025329 1 
6538 0.010664 1 
6539 0.013336 1 
6540 0.012033 1 
6541 0.032311 1 
6542 0.026473 1 
6540 0.080211 0 
6541 0.063733 0 
6542 0.047169 0 
6544 0.014317 0 
6544 0.017488 1 
6545 0.016499 1 
6546 0.014830 1 
6545 0.038455 0 
6546 0.021567 0 
6547 0.020651 1 
6549 0.013789 1 
6550 0.017465 1 
6551 0.010088 1 
6549 0.046204 0 
6550 0.029794 0 
6552 0.013281 1 
6552 0.013465 0 
6554 0.010671 0 
6554 0.019691 1 
6555 0.011880 0 
6555 0.017836 1 
6556 0.015083 0 
6556 0.018702 1 
6557 0.006835 0 
6557 0.013219 1 
6558 0.010125 1 
6558 0.017774 0 
6559 0.018966 1 
6561 0.010810 0 
6561 0.015165 1 
6562 0.021710 0 
6562 0.025188 1 
6563 0.014629 0 
6563 0.022152 1 
6564 0.011007 1 
6565 0.010700 0 
6565 0.013631 1 
6566 0.011869 0 
6566 0.015455 1 
6567 0.009407 0 
6567 0.013775 1 
6568 0.011854 0 
6568 0.027357 1 
6569 0.012362 0 
6569 0.021789 1 
6571 0.007013 0 
6572 0.011027 0 
6573 0.006059 0 
6571 0.054056 1 
6572 0.037628 1 
6573 0.021022 1 
6574 0.014976 0 
6574 0.021244 1 
6575 0.012245 1 
6576 0.008891 0 
6576 0.012010 1 
6577 0.006482 0 
6577 0.014306 1 
6578 0.021912 1 
6579 0.016169 1 
6578 0.037134 0 
6580 0.012641 0 
6580 0.013731 1 
6581 0.012839 1 
6582 0.022069 1 
6583 0.017953 1 
6581 0.051798 0 
6582 0.035587 0 
6583 0.018936 0 
6584 0.017756 1 
6584 0.022831 0 
6585 0.011463 1 
6585 0.014464 0 
6586 0.010973 1 
6586 0.015795 0 
6587 0.017144 0 
6587 0.024029 1 
6588 0.012732 0 
6588 0.014363 1 
6589 0.009375 1 
6589 0.020736 0 
6590 0.019892 0 
6590 0.031298 1 
6591 0.016216 1 
6592 0.014514 1 
6593 0.017989 1 
6591 0.056271 0 
6592 0.039815 0 
6594 0.012448 0 
6594 0.012518 1 
6595 0.009569 1 
6595 0.025137 0 
6596 0.012961 1 
6596 0.024061 0 
6598 0.013038 1 
6599 0.018909 0 
6599 0.025156 1 
6600 0.011564 1 
6601 0.008900 1 
6602 0.014477 1 
6603 0.022832 1 
6600 0.076842 0 
6601 0.060536 0 
6602 0.043915 0 
6604 0.012656 1 
6603 0.039272 0 
6604 0.022655 0 
6605 0.019908 0 
6605 0.021032 1 
6607 0.015180 0 
6607 0.026869 1 
6608 0.014634 1 
6608 0.024772 0 
6609 0.008634 0 
6609 0.013308 1 
6610 0.013640 0 
6612 0.010698 0 
6612 0.013627 1 
6614 0.012983 0 
6614 0.023746 1 
6615 0.028752 0 
6615 0.035751 1 
6616 0.019294 0 
6617 0.012061 0 
6616 0.029986 1 
6617 0.016875 1 
6620 0.020184 1 
6620 0.031947 0 
6621 0.015640 0 
6621 0.020685 1 
6622 0.013303 1 
6622 0.056193 0 
6623 0.039721 0 
6624 0.023478 0 
6623 0.041678 1 
6624 0.026697 1 
6625 0.015098 1 
6626 0.009962 1 
6625 0.029016 0 
6626 0.012353 0 
6627 0.012761 0 
6627 0.013984 1 
6628 0.014322 1 
6628 0.016459 0 
6629 0.013336 1 
6629 0.018975 0 
6630 0.014270 0 
6630 0.020363 1 
6631 0.006713 0 
6631 0.009988 1 
6633 0.011971 0 
6633 0.017669 1 
6635 0.023224 1 
6636 0.010144 1 
6636 0.017250 0 
6637 0.010023 1 
6638 0.009915 1 
6637 0.029451 0 
6639 0.012016 1 
6639 0.029822 0 
6640 0.012643 0 
6640 0.012901 1 
6641 0.010984 1 
6643 0.008956 0 
6643 0.016801 1 
6644 0.010091 0 
6644 0.016366 1 
6645 0.012292 1 
6645 0.015262 0 
6646 0.012000 0 
6646 0.014401 1 
6647 0.013698 1 
6648 0.008502 1 
6648 0.015546 0 
6649 0.017339 1 
6650 0.011003 1 
6649 0.029162 0 
6651 0.009026 1 
6652 0.010693 1 
6651 0.035662 0 
6652 0.024186 0 
6653 0.007761 0 
6653 0.014731 1 
6654 0.010717 1 
6654 0.018535 0 
6655 0.017480 0 
6655 0.017952 1 
6656 0.008537 1 
6656 0.017037 0 
6657 0.014390 1 
6659 0.027718 0 
6660 0.011262 0 
6659 0.034063 1 
6660 0.024114 1 
6661 0.020759 1 
6661 0.028887 0 
6662 0.012500 0 
6662 0.019195 1 
6663 0.011568 1 
6664 0.027625 1 
6665 0.017402 1 
6666 0.011770 1 
6667 0.014293 1 
6663 0.085563 0 
6664 0.069206 0 
6665 0.052670 0 
6666 0.035199 0 
6667 0.030835 0 
6668 0.014335 0 
6668 0.014680 1 
6670 0.011847 0 
6670 0.040727 1 
6672 0.007770 0 
6672 0.018746 1 
6673 0.015441 0 
6673 0.031155 1 
6674 0.016222 1 
6675 0.029543 1 
6676 0.020376 1 
6674 0.070166 0 
6675 0.054136 0 
6677 0.026486 1 
6678 0.016182 1 
6677 0.038815 0 
6680 0.021151 1 
6681 0.012838 1 
6680 0.030736 0 
6681 0.021479 0 
6682 0.010809 1 
6682 0.015768 0 
6683 0.018275 0 
6685 0.013387 0 
6685 0.033100 1 
6687 0.021698 1 
6688 0.012084 1 
6689 0.008188 1 
6688 0.042314 0 
6689 0.026173 0 
6691 0.016479 1 
6691 0.030961 0 
6692 0.014405 0 
6692 0.023635 1 
6693 0.009995 1 
6693 0.031248 0 
6695 0.012654 1 
6695 0.026702 0 
6696 0.016975 1 
6696 0.029762 0 
6697 0.017146 1 
6698 0.022360 1 
6699 0.010089 1 
6700 0.017661 1 
6701 0.017985 1 
6702 0.015598 1 
6703 0.015875 1 
6704 0.008972 1 
6705 0.015265 1 
6706 0.009269 1 
6707 0.014378 1 
6708 0.037495 1 
6709 0.030225 1 
6710 0.031964 1 
6711 0.017349 1 
6712 0.013673 1 
6714 0.028518 1 
6715 0.015457 1 
6716 0.010653 1 
6717 0.019244 1 
6718 0.020837 1 
6719 0.020247 1 
6720 0.011429 1 
6722 0.012111 1 
6723 0.016575 1 
6724 0.009293 1 
6725 0.010990 1 
6726 0.010721 1 
6727 0.029174 1 
6728 0.017037 1 
6729 0.024368 1 
6730 0.011389 1 
6731 0.011613 1 
6732 0.015335 1 
6733 0.019204 1 
6735 0.028018 1 
6736 0.018489 1 
6737 0.016261 1 
6738 0.022125 1 
6739 0.015473 1 
6740 0.022379 1 
6741 0.012031 1 
6743 0.016122 1 
6744 0.022326 1 
6745 0.018870 1 
6746 0.019678 1 
6748 0.019527 1 
6749 0.026912 1 
6750 0.018181 1 
6751 0.014814 1 
6753 0.016225 1 
6754 0.023363 1 
6755 0.009322 1 
6756 0.012573 1 
6757 0.011492 1 
6758 0.015491 1 
6760 0.036402 1 
6761 0.025248 1 
6762 0.024274 1 
6763 0.013464 1 
6764 0.018487 1 
6765 0.015914 1 
6766 0.030678 1 
6767 0.014366 1 
6768 0.016846 1 
6770 0.026058 1 
6771 0.017868 1 
6772 0.010267 1 
6773 0.015758 1 
6774 0.016041 1 
6775 0.011583 1 
6776 0.010005 1 
6777 0.014093 1 
6778 0.021271 1 
6779 0.022741 1 
6780 0.009001 1 
6781 0.012603 1 
6782 0.011449 1 
6783 0.016065 1 
6784 0.013639 1 
6785 0.022826 1 
6786 0.011620 1 
6787 0.011831 1 
6788 0.012128 1 
6789 0.016046 1 
6790 0.014176 1 
6791 0.022130 1 
6792 0.009416 1 
6793 0.011767 1 
6794 0.013605 1 
6795 0.017865 1 
6797 0.030484 1 
6798 0.016331 1 
6799 0.014160 1 
6800 0.011808 1 
6801 0.023107 1 
6802 0.015774 1 
6803 0.016336 1 
6804 0.014887 1 
6806 0.033482 1 
6807 0.028028 1 
6808 0.012177 1 
6809 0.007385 1 
6811 0.006575 1 
6813 0.051884 1 
6814 0.047127 1 
6815 0.036572 1 
6816 0.020954 1 
6819 0.030170 1 
6820 0.015516 1 
6821 0.046484 1 
6822 0.035757 1 
6823 0.024695 1 
6824 0.013857 1 
6825 0.011915 1 
6826 0.046044 1 
6827 0.029785 1 
6828 0.021686 1 
6829 0.012914 1 
6830 0.013176 1 
6832 0.027088 1 
6834 0.030707 1 
6835 0.015324 1 
6836 0.010971 1 
6837 0.016079 1 
6838 0.024183 1 
6839 0.019781 1 
6840 0.016442 1 
6842 0.019391 1 
6843 0.029082 1 
6844 0.026877 1 
6845 0.011553 1 
6846 0.014595 1 
6847 0.020966 1 
6848 0.011479 1 
6849 0.011243 1 
6850 0.011966 1 
6851 0.026773 1 
6852 0.013557 1 
6853 0.023118 1 
6854 0.011772 1 
6855 0.011832 1 
6856 0.019159 1 
6858 0.055180 1 
6859 0.045167 1 
6860 0.029239 1 
6861 0.016888 1 
6862 0.037770 1 
6863 0.035408 1 
6864 0.019846 1 
6865 0.014355 1 
6866 0.016538 1 
6867 0.018804 1 
6869 0.056469 1 
6871 0.035279 1 
6872 0.022601 1 
6873 0.027398 1 
6874 0.026211 1 
6875 0.020712 1 
6876 0.016325 1 
6877 0.021667 1 
6879 0.022465 1 
6880 0.016973 1 
6881 0.010709 1 
6882 0.012641 1 
6884 0.021889 1 
6886 0.018359 1 
6887 0.012625 1 
6888 0.017275 1 
6890 0.024273 1 
6891 0.012474 1 
6892 0.010414 1 
6894 0.019545 1 
6895 0.011436 1 
6896 0.012895 1 
6897 0.011650 1 
6898 0.015714 1 
6899 0.019538 1 
6900 0.029761 1 
6901 0.014460 1 
6902 0.016760 1 
6903 0.016205 1 
6904 0.013056 1 
6905 0.013734 1 
6906 0.010567 1 
6907 0.012654 1 
6908 0.010201 1 
6909 0.017607 1 
6910 0.013252 1 
6911 0.009631 1 
6913 0.023467 1 
6914 0.012641 1 
6915 0.024911 1 
6916 0.009947 1 
6917 0.024565 1 
6918 0.021270 1 
6919 0.014657 1 
6921 0.021087 1 
6922 0.010300 1 
6923 0.010517 1 
6924 0.013979 1 
6925 0.016520 1 
6926 0.015781 1 
6927 0.019883 1 
6928 0.011747 1 
6929 0.011458 1 
6930 0.013948 1 
6931 0.018624 1 
6932 0.017647 1 
6934 0.015736 1 
6935 0.019208 1 
6936 0.015862 1 
6937 0.023836 1 
6938 0.016787 1 
6939 0.010787 1 
6940 0.014405 1 
6942 0.013286 1 
6943 0.029708 1 
6944 0.022364 1 
6945 0.017790 1 
6947 0.009027 1 
6948 0.017695 1 
6949 0.012022 1 
6950 0.016104 1 
6952 0.027891 1 
6953 0.017852 1 
6954 0.012621 1 
6955 0.011769 1 
6956 0.015540 1 
6957 0.013797 1 
6959 0.014759 1 
6960 0.013991 1 
6961 0.017923 1 
6962 0.024374 1 
6963 0.042116 1 
6964 0.031394 1 
6965 0.017313 1 
6966 0.012493 1 
6967 0.011420 1 
6969 0.023904 1 
6970 0.024740 1 
6971 0.014311 1 
6972 0.017347 1 
6973 0.024681 1 
6974 0.017204 1 
6975 0.013009 1 
6976 0.012462 1 
6977 0.023563 1 
6978 0.016244 1 
6979 0.016178 1 
6980 0.019365 1 
6981 0.014435 1 
6982 0.014544 1 
6983 0.019837 1 
6984 0.012621 1 
6985 0.014321 1 
6986 0.012097 1 
6987 0.015613 1 
6988 0.013849 1 
6989 0.020476 1 
6990 0.012397 1 
6991 0.011662 1 
6992 0.012175 1 
6993 0.016578 1 
6994 0.011894 1 
6996 0.017343 1 
6997 0.016460 1 
6998 0.014738 1 
6999 0.024388 1 
7000 0.009069 1 
7001 0.009526 1 
7002 0.018123 1 
7003 0.009389 1 
7005 0.041893 1 
7006 0.027314 1 
7007 0.011393 1 
7008 0.016269 1 
7010 0.008322 1 
7012 0.068132 1 
7013 0.051853 1 
7014 0.041560 1 
7015 0.026091 1 
7018 0.019918 1 
7019 0.017896 1 
7020 0.047715 1 
7021 0.041267 1 
7022 0.031965 1 
7023 0.015671 1 
7024 0.017275 1 
7025 0.014468 1 
7026 0.018061 1 
7027 0.018300 1 
7028 0.017169 1 
7029 0.014699 1 
7031 0.020308 1 
7033 0.020502 1 
7034 0.015355 1 
7035 0.013156 1 
7036 0.025578 1 
7037 0.013855 1 
7038 0.011280 1 
7039 0.018720 1 
7041 0.062396 1 
7042 0.046150 1 
7043 0.032715 1 
7044 0.031728 1 
7045 0.019227 1 
7046 0.055522 1 
7047 0.058973 1 
7048 0.042282 1 
7049 0.025550 1 
7050 0.024929 1 
7051 0.023684 1 
7052 0.010746 1 
7053 0.016915 1 
7054 0.015953 1 
7055 0.018223 1 
7057 0.060836 1 
7058 0.049800 1 
7059 0.033638 1 
7060 0.027914 1 
7061 0.037448 1 
7062 0.021183 1 
7063 0.027088 1 
7064 0.014595 1 
7065 0.034659 1 
7066 0.018989 1 
7068 0.038976 1 
7070 0.015818 1 
7071 0.020733 1 
7072 0.045557 1 
7073 0.036868 1 
7074 0.024586 1 
7075 0.025212 1 
7076 0.024958 1 
7078 0.023255 1 
7079 0.011664 1 
7080 0.015318 1 
7081 0.015374 1 
7083 0.028123 1 
7085 0.023598 1 
7086 0.015568 1 
7087 0.014559 1 
7089 0.030814 1 
7090 0.016898 1 
7091 0.012579 1 
7093 0.017519 1 
7094 0.018371 1 
7095 0.013724 1 
7096 0.054328 1 
7097 0.037994 1 
7098 0.045210 1 
7099 0.028803 1 
7100 0.049656 1 
7101 0.038192 1 
7102 0.034104 1 
7103 0.017755 1 
7104 0.024576 1 
7105 0.019160 1 
7106 0.011783 1 
7107 0.019662 1 
7108 0.023138 1 
7109 0.066126 1 
7110 0.071207 1 
7112 0.043825 1 
7113 0.028701 1 
7114 0.014143 1 
7115 0.010427 1 
7116 0.018335 1 
7117 0.029696 1 
7118 0.044086 1 
7120 0.014562 1 
7121 0.013051 1 
7122 0.012410 1 
7123 0.025688 1 
7124 0.013737 1 
7125 0.012617 1 
7126 0.016807 1 
7127 0.013488 1 
7128 0.051956 1 
7129 0.035127 1 
7130 0.018922 1 
7131 0.015138 1 
7133 0.037025 1 
7129 0.106274 0 
7130 0.090180 0 
7131 0.073848 0 
7134 0.026736 0 
7134 0.027790 1 
7135 0.011412 1 
7135 0.013508 0 
7136 0.014333 1 
7136 0.024433 0 
7137 0.009605 1 
7137 0.022811 0 
7138 0.017652 1 
7139 0.009189 1 
7139 0.026823 0 
7141 0.009032 1 
7141 0.020009 0 
7142 0.010899 0 
7142 0.015070 1 
7143 0.014407 1 
7143 0.020646 0 
7144 0.012323 0 
7144 0.020417 1 
7146 0.010615 0 
7146 0.010700 1 
7147 0.012100 1 
7148 0.015280 1 
7149 0.013623 1 
7149 0.022025 0 
7151 0.008939 1 
7151 0.013253 0 
7152 0.014307 1 
7152 0.014392 0 
7153 0.013393 1 
7153 0.029932 0 
7154 0.013573 0 
7154 0.021616 1 
7155 0.015705 1 
7155 0.025422 0 
7156 0.011971 1 
7156 0.017450 0 
7158 0.015459 1 
7158 0.017945 0 
7159 0.010426 0 
7159 0.018932 1 
7160 0.014873 0 
7161 0.004817 0 
7160 0.023816 1 
7161 0.014817 1 
7162 0.009255 1 
7162 0.018023 0 
7163 0.013839 1 
7164 0.014499 1 
7165 0.010900 0 
7165 0.014366 1 
7166 0.015815 0 
7168 0.029906 0 
7169 0.013924 0 
7168 0.032341 1 
7169 0.018474 1 
7170 0.014779 0 
7171 0.007620 0 
7172 0.012049 0 
7171 0.037485 1 
7172 0.021018 1 
7173 0.017334 0 
7174 0.028919 0 
7175 0.012783 0 
7176 0.017148 0 
7173 0.067436 1 
7177 0.011234 0 
7174 0.060860 1 
7175 0.044556 1 
7178 0.008929 0 
7176 0.045160 1 
7177 0.028715 1 
7178 0.020439 1 
7179 0.015025 0 
7179 0.016630 1 
7180 0.009043 0 
7180 0.012300 1 
7181 0.010782 0 
7181 0.022991 1 
7182 0.012766 0 
7182 0.030456 1 
7183 0.013917 1 
7183 0.020658 0 
7184 0.006925 0 
7184 0.014515 1 
7185 0.021744 0 
7186 0.005214 0 
7185 0.044454 1 
7187 0.011805 0 
7186 0.037473 1 
7188 0.010479 0 
7187 0.040002 1 
7189 0.016448 0 
7188 0.035472 1 
7190 0.015571 0 
7191 0.009237 0 
7192 0.010922 0 
7193 0.021344 0 
7189 0.094976 1 
7190 0.078473 1 
7191 0.062199 1 
7192 0.047491 1 
7193 0.031235 1 
7195 0.016071 1 
7195 0.029427 0 
7196 0.013101 0 
7197 0.016089 0 
7196 0.048684 1 
7197 0.032449 1 
7198 0.024499 0 
7199 0.008256 0 
7198 0.024669 1 
7199 0.025908 1 
7200 0.015296 1 
7201 0.010120 1 
7201 0.016182 0 
7202 0.014974 1 
7204 0.009780 0 
7204 0.034703 1 
7205 0.025979 0 
7205 0.029415 1 
7206 0.014420 1 
7206 0.026830 0 
7207 0.010224 0 
7209 0.006841 1 
7209 0.012130 0 
7211 0.011653 0 
7211 0.036377 1 
7212 0.020982 0 
7212 0.026041 1 
7213 0.027863 1 
7214 0.012432 1 
7217 0.017230 1 
7217 0.022581 0 
7218 0.012407 0 
7218 0.026158 1 
7219 0.016231 0 
7219 0.048644 1 
7220 0.037559 0 
7221 0.021134 0 
7222 0.008313 0 
7220 0.044452 1 
7221 0.028095 1 
7222 0.018034 1 
7223 0.017298 1 
7223 0.025853 0 
7224 0.013737 0 
7225 0.008731 0 
7225 0.014867 1 
7226 0.013941 0 
7226 0.015457 1 
7227 0.008063 0 
7227 0.013435 1 
7228 0.016230 0 
7228 0.020106 1 
7230 0.016526 0 
7230 0.025265 1 
7232 0.018050 1 
7232 0.024817 0 
7233 0.008569 0 
7233 0.012336 1 
7234 0.006920 0 
7235 0.007168 0 
7234 0.029593 1 
7235 0.019411 1 
7236 0.009370 0 
7236 0.016972 1 
7237 0.011208 0 
7237 0.014095 1 
7238 0.011422 0 
7238 0.016613 1 
7240 0.009117 0 
7240 0.028745 1 
7241 0.014385 1 
7242 0.009698 1 
7243 0.019918 1 
7244 0.010348 1 
7241 0.076140 0 
7242 0.060361 0 
7243 0.043880 0 
7244 0.027237 0 
7245 0.010834 0 
7245 0.027262 1 
7246 0.011028 1 
7246 0.026586 0 
7247 0.011454 1 
7247 0.013786 0 
7248 0.010167 0 
7248 0.010299 1 
7249 0.013460 0 
7249 0.023849 1 
7250 0.018604 1 
7251 0.013062 1 
7250 0.032077 0 
7251 0.015421 0 
7252 0.010509 1 
7253 0.012926 0 
7253 0.020202 1 
7254 0.009053 0 
7254 0.013983 1 
7256 0.014124 0 
7257 0.019715 0 
7256 0.036663 1 
7257 0.024397 1 
7258 0.009975 0 
7258 0.011823 1 
7259 0.016337 1 
7259 0.019640 0 
7260 0.009989 0 
7260 0.013859 1 
7261 0.017481 1 
7261 0.023155 0 
7262 0.009828 1 
7263 0.013286 1 
7263 0.016613 0 
7264 0.013123 1 
7264 0.020717 0 
7265 0.012973 0 
7265 0.019997 1 
7267 0.025445 1 
7267 0.026781 0 
7269 0.006507 0 
7269 0.018891 1 
7270 0.015839 1 
7270 0.020904 0 
7271 0.010160 0 
7271 0.015826 1 
7272 0.005807 0 
7272 0.011367 1 
7273 0.012756 0 
7273 0.014014 1 
7274 0.006945 0 
7274 0.017648 1 
7275 0.011694 1 
7277 0.018226 0 
7277 0.020260 1 
7278 0.007057 0 
7278 0.013902 1 
7279 0.013882 1 
7279 0.015153 0 
7280 0.009772 0 
7280 0.020542 1 
7282 0.014227 0 
7282 0.024217 1 
7284 0.018898 1 
7284 0.028808 0 
7285 0.012426 0 
7285 0.012483 1 
7286 0.018747 1 
7286 0.020745 0 
7288 0.014230 0 
7288 0.017726 1 
7289 0.011246 0 
7289 0.013542 1 
7290 0.012379 1 
7290 0.021160 0 
7292 0.013340 1 
7293 0.011801 1 
7292 0.029795 0 
7294 0.011994 0 
7294 0.012070 1 
7295 0.014865 0 
7296 0.011358 0 
7295 0.030744 1 
7296 0.030801 1 
7297 0.017764 1 
7298 0.011840 1 
7299 0.011925 1 
7299 0.020997 0 
7300 0.010209 0 
7300 0.010249 1 
7301 0.007056 1 
7301 0.014428 0 
7302 0.008208 0 
7302 0.015449 1 
7303 0.013080 1 
7304 0.015408 1 
7303 0.032699 0 
7305 0.011793 0 
7305 0.014874 1 
7306 0.007250 0 
7306 0.018515 1 
7307 0.015248 1 
7307 0.020694 0 
7308 0.012532 0 
7308 0.012610 1 
7309 0.011315 1 
7311 0.010951 0 
7311 0.020421 1 
7312 0.014526 0 
7313 0.014203 0 
7314 0.007549 1 
7314 0.010697 0 
7315 0.011256 0 
7315 0.014468 1 
7316 0.007627 0 
7316 0.016689 1 
7317 0.019994 1 
7319 0.008651 0 
7319 0.012743 1 
7320 0.011131 0 
7320 0.016115 1 
7321 0.014212 0 
7321 0.020677 1 
7322 0.012407 0 
7323 0.009716 0 
7324 0.009237 0 
7322 0.046834 1 
7323 0.030705 1 
7325 0.008599 0 
7324 0.034631 1 
7325 0.025871 1 
7326 0.015587 1 
7327 0.011628 1 
7327 0.017469 0 
7328 0.012874 1 
7328 0.016158 0 
7329 0.011486 0 
7330 0.011799 1 
7330 0.022995 0 
7332 0.020646 0 
7333 0.014482 0 
7332 0.038192 1 
7334 0.008490 0 
7333 0.031668 1 
7334 0.016287 1 
7335 0.007922 0 
7335 0.016235 1 
7336 0.013716 1 
7336 0.023242 0 
7337 0.010862 0 
7337 0.012517 1 
7338 0.011512 0 
7338 0.013655 1 
7340 0.008166 0 
7340 0.010838 1 
7341 0.017283 0 
7341 0.027686 1 
7342 0.018960 1 
7342 0.022369 0 
7343 0.015098 1 
7343 0.028104 0 
7345 0.010529 1 
7346 0.008893 0 
7346 0.016007 1 
7347 0.011247 0 
7347 0.017939 1 
7348 0.008904 0 
7348 0.017285 1 
7350 0.014281 1 
7351 0.015766 1 
7351 0.018546 0 
7352 0.013718 0 
7352 0.015822 1 
7353 0.012480 1 
7353 0.020075 0 
7354 0.010174 0 
7354 0.018230 1 
7355 0.010180 1 
7355 0.024327 0 
7357 0.015336 1 
7357 0.017138 0 
7358 0.016191 0 
7359 0.025595 0 
7359 0.032747 1 
7360 0.016646 1 
7360 0.023797 0 
7361 0.010418 1 
7362 0.010405 1 
7363 0.013703 1 
7362 0.032734 0 
7364 0.019053 0 
7364 0.031106 1 
7365 0.018123 1 
7365 0.035392 0 
7367 0.011629 1 
7367 0.024323 0 
7368 0.007920 0 
7368 0.010405 1 
7369 0.011415 1 
7369 0.023570 0 
7370 0.015143 1 
7370 0.016934 0 
7371 0.008799 1 
7371 0.018546 0 
7372 0.010502 1 
7373 0.015234 1 
7373 0.024859 0 
7374 0.032252 0 
7375 0.025365 0 
7376 0.008163 0 
7374 0.048619 1 
7375 0.032144 1 
7376 0.027047 1 
7377 0.012299 1 
7377 0.019567 0 
7378 0.007502 1 
7378 0.020207 0 
7379 0.016643 1 
7380 0.009009 1 
7381 0.007900 1 
7379 0.046681 0 
7380 0.034184 0 
7381 0.017805 0 
7382 0.007763 1 
7382 0.009188 0 
7383 0.016817 1 
7384 0.009196 1 
7384 0.025977 0 
7385 0.014752 1 
7385 0.017378 0 
7386 0.008713 1 
7387 0.011203 1 
7386 0.035983 0 
7387 0.019648 0 
7388 0.010664 1 
7389 0.013057 1 
7388 0.034091 0 
7389 0.017571 0 
7390 0.012017 1 
7390 0.015276 0 
7391 0.021290 1 
7391 0.023320 0 
7392 0.008638 1 
7392 0.016228 0 
7394 0.011587 1 
7394 0.014019 0 
7395 0.011093 0 
7395 0.017585 1 
7396 0.011600 1 
7396 0.021187 0 
7397 0.015077 0 
7397 0.016089 1 
7398 0.009135 1 
7398 0.026565 0 
7399 0.027036 1 
7400 0.013397 1 
7399 0.046348 0 
7400 0.029973 0 
7401 0.013610 0 
7401 0.019078 1 
7403 0.026520 0 
7403 0.030589 1 
7404 0.013987 1 
7404 0.025315 0 
7405 0.009220 0 
7406 0.013322 0 
7408 0.007883 0 
7408 0.012316 1 
7410 0.023400 1 
7410 0.029495 0 
7411 0.019979 0 
7412 0.017880 0 
7413 0.012522 0 
7411 0.058375 1 
7412 0.045623 1 
7413 0.029686 1 
7416 0.011280 0 
7416 0.023664 1 
7417 0.019105 1 
7418 0.012884 1 
7418 0.051625 0 
7419 0.035281 0 
7420 0.018794 0 
7419 0.041459 1 
7421 0.010879 0 
7420 0.029184 1 
7421 0.012876 1 
7422 0.019291 1 
7422 0.022621 0 
7423 0.013341 0 
7424 0.014535 0 
7423 0.031084 1 
7424 0.024047 1 
7425 0.012915 1 
7426 0.015780 1 
7425 0.038329 0 
7426 0.022131 0 
7427 0.020913 1 
7429 0.025397 0 
7431 0.020979 1 
7432 0.011073 0 
7432 0.019283 1 
7433 0.014289 1 
7433 0.025247 0 
7434 0.008469 0 
7434 0.026180 1 
7435 0.012768 1 
7436 0.011129 0 
7436 0.013998 1 
7437 0.006113 0 
7437 0.015871 1 
7439 0.008292 0 
7439 0.017503 1 
7440 0.013164 0 
7440 0.015106 1 
7441 0.008762 0 
7441 0.014503 1 
7442 0.013470 0 
7442 0.015911 1 
7443 0.011159 0 
7444 0.016311 0 
7445 0.008643 0 
7445 0.013976 1 
7446 0.009548 1 
7446 0.016253 0 
7447 0.008868 0 
7447 0.018395 1 
7448 0.017861 1 
7449 0.009837 0 
7449 0.017858 1 
7450 0.011446 1 
7450 0.017448 0 
7451 0.012702 0 
7451 0.018563 1 
7452 0.010512 0 
7452 0.018100 1 
7453 0.008242 0 
7453 0.018295 1 
7455 0.015489 0 
7456 0.013371 0 
7455 0.040581 1 
7456 0.037872 1 
7457 0.021558 1 
7458 0.020647 1 
7458 0.025771 0 
7459 0.012720 0 
7459 0.015225 1 
7460 0.006455 0 
7460 0.008516 1 
7461 0.010846 1 
7461 0.012659 0 
7462 0.013849 1 
7463 0.012906 0 
7463 0.019026 1 
7464 0.010624 0 
7464 0.013648 1 
7466 0.019830 1 
7466 0.031757 0 
7468 0.019537 1 
7468 0.020954 0 
7469 0.015059 0 
7470 0.008384 0 
7469 0.027354 1 
7470 0.011099 1 
7471 0.014308 1 
7471 0.014373 0 
7472 0.010394 0 
7472 0.015271 1 
7473 0.009724 0 
7474 0.017762 0 
7473 0.034530 1 
7474 0.022613 1 
7476 0.008983 0 
7476 0.025121 1 
7477 0.021889 0 
7478 0.010268 0 
7477 0.029897 1 
7478 0.019174 1 
7479 0.009287 0 
7479 0.012605 1 
7481 0.017784 0 
7481 0.031663 1 
7483 0.035907 1 
7483 0.037893 0 
7484 0.021252 0 
7484 0.025229 1 
7485 0.011743 1 
7487 0.012213 0 
7488 0.007515 0 
7487 0.050934 1 
7489 0.019519 0 
7488 0.052159 1 
7489 0.035858 1 
7491 0.010391 1 
7491 0.017729 0 
7492 0.010664 1 
7493 0.012872 1 
7493 0.021542 0 
7494 0.023466 1 
7495 0.012419 1 
7494 0.034289 0 
7495 0.017717 0 
7496 0.009170 0 
7496 0.018046 1 
7497 0.014732 1 
7498 0.008442 0 
7498 0.012150 1 
7499 0.010900 1 
7499 0.016475 0 
7500 0.007100 0 
7500 0.023034 1 
7501 0.013855 0 
7502 0.006303 0 
7502 0.014057 1 
7503 0.014111 0 
7503 0.016388 1 
7504 0.008641 0 
7504 0.016503 1 
7505 0.011952 0 
7505 0.013465 1 
7506 0.016147 1 
7506 0.016239 0 
7507 0.010567 1 
7508 0.010825 1 
7507 0.030030 0 
7508 0.031657 0 
7510 0.014734 0 
7511 0.011288 0 
7510 0.038491 1 
7511 0.022221 1 
7512 0.009719 0 
7512 0.033067 1 
7513 0.022340 1 
7514 0.015556 1 
7513 0.034421 0 
7514 0.017987 0 
7515 0.015609 0 
7515 0.024588 1 
7516 0.011055 1 
7516 0.021178 0 
7518 0.010633 0 
7519 0.012469 1 
7520 0.012051 1 
7519 0.029371 0 
7520 0.021795 0 
7521 0.015230 0 
7522 0.008688 1 
7522 0.020081 0 
7523 0.013527 1 
7523 0.020584 0 
7524 0.009959 0 
7524 0.013678 1 
7525 0.010218 0 
7525 0.017037 1 
7526 0.014746 1 
7526 0.023071 0 
7527 0.012124 1 
7528 0.008928 1 
7529 0.011769 1 
7527 0.065112 0 
7528 0.048674 0 
7529 0.036629 0 
7531 0.025250 1 
7532 0.017169 1 
7531 0.038787 0 
7533 0.013022 1 
7532 0.041784 0 
7533 0.025207 0 
7534 0.017087 0 
7534 0.018582 1 
7535 0.009729 1 
7535 0.019331 0 
7536 0.017027 0 
7537 0.013887 0 
7539 0.010686 1 
7539 0.023328 0 
7540 0.021010 1 
7541 0.011538 1 
7541 0.017996 0 
7542 0.009236 0 
7542 0.023147 1 
7544 0.036053 0 
7545 0.026370 0 
7546 0.009924 0 
7545 0.041092 1 
7546 0.032360 1 
7547 0.019029 1 
7547 0.022766 0 
7549 0.013589 0 
7549 0.031839 1 
7550 0.022237 0 
7550 0.037105 1 
7551 0.022908 0 
7552 0.006672 0 
7551 0.033160 1 
7552 0.016866 1 
7553 0.011454 1 
7553 0.011518 0 
7554 0.015056 0 
7554 0.021027 1 
7556 0.022142 0 
7556 0.025954 1 
7557 0.024221 1 
7557 0.035985 0 
7558 0.019547 0 
7558 0.020628 1 
7559 0.007431 0 
7559 0.017970 1 
7560 0.015625 1 
7561 0.020662 0 
7562 0.019017 0 
7562 0.031734 1 
7563 0.019217 1 
7563 0.038623 0 
7564 0.021999 0 
7564 0.028870 1 
7566 0.026215 0 
7567 0.012101 0 
7566 0.032656 1 
7567 0.016135 1 
7568 0.024721 1 
7569 0.011947 1 
7569 0.021409 0 
7570 0.008953 1 
7571 0.014357 1 
7572 0.011847 1 
7572 0.016189 0 
7573 0.019454 1 
7573 0.023703 0 
7574 0.017741 1 
7575 0.012221 1 
7576 0.011596 1 
7575 0.049478 0 
7576 0.032912 0 
7577 0.018517 1 
7578 0.008735 1 
7577 0.025700 0 
7578 0.024837 0 
7579 0.021768 0 
7579 0.034754 1 
7580 0.018294 1 
7580 0.021428 0 
7581 0.014016 1 
7582 0.014210 1 
7581 0.039929 0 
7582 0.035432 0 
7583 0.019419 0 
7583 0.020103 1 
7584 0.010878 1 
7585 0.011426 1 
7584 0.029834 0 
7586 0.010679 1 
7585 0.029545 0 
7586 0.013211 0 
7587 0.010970 0 
7587 0.017478 1 
7588 0.013254 1 
7588 0.023028 0 
7589 0.019497 1 
7590 0.010145 1 
7589 0.031891 0 
7590 0.026440 0 
7591 0.013916 1 
7591 0.019577 0 
7593 0.017995 1 
7593 0.026080 0 
7594 0.018108 1 
7595 0.010978 1 
7595 0.015778 0 
7596 0.013481 0 
7596 0.015809 1 
7597 0.011033 0 
7597 0.014642 1 
7598 0.014775 0 
7598 0.017528 1 
7599 0.009445 0 
7599 0.015556 1 
7600 0.008695 1 
7600 0.019489 0 
7602 0.015220 0 
7602 0.023294 1 
7603 0.008509 0 
7603 0.010101 1 
7604 0.006120 1 
7604 0.009324 0 
7605 0.008210 0 
7607 0.005259 0 
7607 0.008820 1 
7609 0.012176 0 
7609 0.023554 1 
7610 0.015152 0 
7610 0.021173 1 
7611 0.020763 1 
7612 0.015465 1 
7611 0.033400 0 
7615 0.012411 1 
7615 0.021296 0 
7616 0.009657 1 
7616 0.012657 0 
7617 0.016844 0 
7617 0.043067 1 
7618 0.030187 1 
7619 0.013959 1 
7618 0.046750 0 
7619 0.030557 0 
7620 0.014401 0 
7621 0.007410 1 
7621 0.011485 0 
7622 0.008891 1 
7622 0.011704 0 
7623 0.009003 0 
7623 0.011645 1 
7624 0.005468 0 
7624 0.014756 1 
7625 0.010818 1 
7625 0.017431 0 
7626 0.007321 0 
7626 0.010656 1 
7628 0.007312 0 
7628 0.020149 1 
7630 0.009457 0 
7630 0.022473 1 
7631 0.011688 0 
7631 0.014429 1 
7632 0.015141 1 
7632 0.021708 0 
7633 0.012010 1 
7634 0.009393 1 
7633 0.035696 0 
7634 0.018955 0 
7635 0.013315 1 
7636 0.010815 0 
7636 0.015292 1 
7638 0.013855 0 
7638 0.014937 1 
7639 0.025307 0 
7639 0.025393 1 
7640 0.010074 1 
7640 0.012955 0 
7641 0.017853 0 
7641 0.022688 1 
7642 0.015697 0 
7643 0.028191 0 
7644 0.016008 0 
7645 0.026184 0 
7646 0.009935 0 
7643 0.059759 1 
7644 0.043428 1 
7645 0.027608 1 
7646 0.014876 1 
7647 0.011593 1 
7648 0.007762 1 
7647 0.029535 0 
7649 0.015229 1 
7648 0.039590 0 
7650 0.011513 1 
7651 0.006144 0 
7651 0.010291 1 
7652 0.025067 1 
7654 0.020025 0 
7655 0.032906 0 
7656 0.025872 0 
7654 0.064879 1 
7655 0.052038 1 
7656 0.042304 1 
7657 0.026024 1 
7658 0.013062 1 
7659 0.013060 1 
7660 0.011321 1 
7657 0.062650 0 
7658 0.046418 0 
7659 0.030006 0 
7660 0.020037 0 
7661 0.021580 1 
7662 0.009139 1 
7661 0.035267 0 
7663 0.012744 1 
7662 0.031830 0 
7663 0.015462 0 
7665 0.021256 1 
7667 0.015234 0 
7667 0.016761 1 
7668 0.009134 1 
7668 0.024693 0 
7669 0.008308 0 
7669 0.013924 1 
7670 0.013819 1 
7671 0.018728 1 
7672 0.011756 1 
7673 0.016719 1 
7670 0.070010 0 
7671 0.053347 0 
7672 0.045944 0 
7673 0.030723 0 
7675 0.016686 1 
7676 0.018252 1 
7675 0.038572 0 
7676 0.022358 0 
7677 0.012801 1 
7677 0.026948 0 
7678 0.010800 1 
7678 0.018610 0 
7680 0.020329 0 
7680 0.021020 1 
7682 0.023259 1 
7683 0.008306 1 
7682 0.033329 0 
7683 0.016921 0 
7684 0.011296 1 
7684 0.036031 0 
7686 0.019608 1 
7687 0.016632 1 
7687 0.030594 0 
7688 0.013938 0 
7688 0.018982 1 
7690 0.014530 1 
7690 0.017537 0 
7691 0.007818 0 
7691 0.014351 1 
7692 0.013729 0 
7692 0.018033 1 
7693 0.008480 0 
7693 0.012297 1 
7694 0.023037 1 
7695 0.013093 0 
7695 0.015170 1 
7696 0.017528 1 
7697 0.013492 1 
7696 0.033463 0 
7697 0.036818 0 
7698 0.020596 0 
7698 0.031495 1 
7699 0.014931 1 
7700 0.012638 1 
7699 0.038884 0 
7700 0.022406 0 
7701 0.010540 0 
7701 0.014834 1 
7702 0.015037 0 
7702 0.015624 1 
7703 0.014711 1 
7703 0.027813 0 
7704 0.011401 0 
7704 0.017113 1 
7705 0.015730 1 
7706 0.015589 1 
7706 0.018868 0 
7707 0.014431 0 
7707 0.017634 1 
7709 0.019066 0 
7709 0.024324 1 
7710 0.011614 1 
7710 0.024444 0 
7711 0.013755 1 
7712 0.012997 1 
7711 0.038280 0 
7712 0.031056 0 
7713 0.014542 0 
7713 0.020747 1 
7714 0.015295 1 
7715 0.009728 1 
7714 0.031147 0 
7715 0.014673 0 
7717 0.007166 0 
7717 0.015815 1 
7718 0.013494 0 
7718 0.015784 1 
7719 0.017088 0 
7719 0.018326 1 
7720 0.014059 1 
7720 0.024141 0 
7721 0.010185 1 
7722 0.013617 1 
7721 0.034605 0 
7722 0.023720 0 
7723 0.015936 0 
7723 0.016106 1 
7724 0.005313 0 
7724 0.013846 1 
7725 0.011978 1 
7726 0.010257 1 
7727 0.016310 1 
7725 0.056862 0 
7726 0.040575 0 
7727 0.024334 0 
7728 0.013358 1 
7730 0.019742 0 
7730 0.022817 1 
7731 0.011481 0 
7731 0.028463 1 
7732 0.017988 1 
7733 0.009187 0 
7733 0.023731 1 
7734 0.014031 0 
7734 0.014101 1 
7735 0.023744 0 
7736 0.007068 0 
7736 0.023244 1 
7738 0.014865 1 
7738 0.021018 0 
7739 0.020064 1 
7740 0.020396 0 
7740 0.025627 1 
7741 0.024915 1 
7741 0.038056 0 
7743 0.005508 0 
7743 0.017298 1 
7744 0.019123 0 
7744 0.019208 1 
7745 0.013349 0 
7746 0.012399 0 
7746 0.013175 1 
7748 0.012282 0 
7749 0.011323 0 
7748 0.034980 1 
7749 0.033779 1 
7750 0.025293 0 
7750 0.026336 1 
7751 0.022205 0 
7752 0.012631 1 
7752 0.027249 0 
7753 0.008634 0 
7753 0.014166 1 
7755 0.014723 0 
7756 0.017288 0 
7755 0.049338 1 
7757 0.018259 0 
7758 0.004736 0 
7756 0.042172 1 
7757 0.025798 1 
7758 0.014795 1 
7759 0.010323 0 
7759 0.015482 1 
7760 0.005173 0 
7761 0.022271 0 
7760 0.043141 1 
7762 0.013054 0 
7761 0.037780 1 
7762 0.021744 1 
7763 0.012727 1 
7765 0.014794 0 
7765 0.016172 1 
7766 0.006855 0 
7766 0.019058 1 
7767 0.013168 1 
7767 0.016618 0 
7768 0.008411 1 
7769 0.013031 1 
7768 0.040695 0 
7770 0.014062 0 
7771 0.015505 0 
7771 0.019727 1 
7772 0.013323 0 
7772 0.025887 1 
7773 0.016092 0 
7773 0.017339 1 
7774 0.010589 1 
7774 0.017124 0 
7775 0.008199 0 
7775 0.017591 1 
7776 0.008808 0 
7776 0.011800 1 
7777 0.004657 0 
7777 0.011043 1 
7778 0.014251 0 
7778 0.018187 1 
7779 0.010033 0 
7779 0.016747 1 
7780 0.010367 0 
7780 0.012834 1 
7781 0.010089 0 
7782 0.008376 0 
7781 0.024994 1 
7782 0.015236 1 
7783 0.014182 0 
7783 0.028734 1 
7784 0.012532 1 
7784 0.021652 0 
7785 0.012939 1 
7785 0.013012 0 
7786 0.013302 0 
7786 0.016562 1 
7787 0.010141 0 
7787 0.019206 1 
7788 0.010162 1 
7789 0.012857 1 
7789 0.014597 0 
7790 0.011834 1 
7790 0.015894 0 
7792 0.017466 0 
7792 0.022671 1 
7793 0.025157 0 
7794 0.013923 0 
7795 0.011187 0 
7794 0.029591 1 
7795 0.015900 1 
7796 0.012878 1 
7796 0.021058 0 
7797 0.015685 0 
7797 0.019132 1 
7798 0.011787 0 
7798 0.013711 1 
7799 0.009727 1 
7799 0.014041 0 
7801 0.029515 1 
7801 0.030760 0 
7802 0.014114 0 
7802 0.016396 1 
7803 0.007768 1 
7803 0.017325 0 
7804 0.011415 0 
7806 0.012581 0 
7806 0.012659 1 
7808 0.021366 1 
7809 0.017941 0 
7809 0.026938 1 
7810 0.018339 0 
7810 0.034328 1 
7811 0.017630 1 
7811 0.026077 0 
7814 0.018841 0 
7814 0.025471 1 
7815 0.011828 1 
7816 0.010594 0 
7816 0.050502 1 
7817 0.040069 0 
7818 0.027974 1 
7819 0.012411 1 
7820 0.009686 1 
7818 0.044739 0 
7819 0.028400 0 
7821 0.014466 0 
7822 0.013618 0 
7821 0.031368 1 
7823 0.022143 0 
7823 0.023841 1 
7824 0.026793 0 
7824 0.026851 1 
7825 0.011037 1 
7825 0.015387 0 
7827 0.012882 0 
7827 0.017340 1 
7829 0.017025 0 
7830 0.012912 0 
7829 0.033334 1 
7830 0.023646 1 
7831 0.010593 1 
7831 0.013089 0 
7832 0.015733 1 
7833 0.013791 1 
7834 0.020761 1 
7835 0.012215 0 
7837 0.009135 0 
7837 0.014062 1 
7838 0.017400 1 
7839 0.011162 1 
7838 0.032299 0 
7839 0.015529 0 
7840 0.012563 0 
7840 0.017405 1 
7841 0.007746 0 
7841 0.019245 1 
7842 0.008629 1 
7843 0.012240 0 
7843 0.015986 1 
7844 0.013011 1 
7845 0.012464 0 
7845 0.014702 1 
7846 0.027638 1 
7847 0.013794 1 
7846 0.033679 0 
7848 0.009851 1 
7848 0.030504 0 
7849 0.020785 0 
7849 0.024589 1 
7850 0.013491 1 
7850 0.020628 0 
7851 0.012928 1 
7851 0.025816 0 
7853 0.021331 0 
7853 0.025799 1 
7854 0.024268 1 
7854 0.031044 0 
7855 0.014630 0 
7855 0.019200 1 
7856 0.017533 1 
7856 0.026202 0 
7857 0.010350 1 
7857 0.012934 0 
7858 0.014305 1 
7858 0.016836 0 
7859 0.015744 0 
7859 0.015854 1 
7860 0.013881 1 
7861 0.009147 1 
7860 0.030201 0 
7862 0.009492 1 
7862 0.015564 0 
7864 0.016375 1 
7864 0.019870 0 
7866 0.014843 1 
7867 0.008067 1 
7868 0.014579 1 
7869 0.010942 1 
7867 0.047988 0 
7868 0.031567 0 
7869 0.015341 0 
7870 0.007686 1 
7870 0.025300 0 
7871 0.023661 0 
7872 0.010895 1 
7872 0.029628 0 
7874 0.016157 0 
7875 0.010406 0 
7874 0.027748 1 
7875 0.012924 1 
7876 0.010927 1 
7876 0.016164 0 
7877 0.008080 1 
7877 0.013617 0 
7879 0.013446 0 
7879 0.021565 1 
7881 0.013567 1 
7882 0.010366 1 
7883 0.012188 0 
7883 0.031562 1 
7885 0.010814 1 
7886 0.019698 1 
7886 0.024383 0 
7887 0.010644 1 
7887 0.025810 0 
7889 0.010231 0 
7889 0.014873 1 
7890 0.010771 0 
7890 0.016451 1 
7891 0.013166 1 
7891 0.017538 0 
7892 0.023005 0 
7892 0.025887 1 
7893 0.009625 0 
7893 0.014533 1 
7894 0.018023 0 
7894 0.025660 1 
7895 0.009030 0 
7895 0.017764 1 
7896 0.020059 0 
7897 0.006949 0 
7896 0.025725 1 
7897 0.010592 1 
7898 0.013151 1 
7899 0.008368 0 
7899 0.015213 1 
7900 0.010906 1 
7901 0.010338 0 
7901 0.014617 1 
7902 0.010165 0 
7902 0.010380 1 
7903 0.018205 1 
7903 0.032159 0 
7904 0.016680 1 
7905 0.022275 1 
7906 0.008545 1 
7904 0.061203 0 
7905 0.045028 0 
7906 0.028845 0 
7908 0.011942 0 
7908 0.020784 1 
7909 0.011836 1 
7909 0.024366 0 
7910 0.008160 0 
7910 0.018302 1 
7911 0.024050 0 
7911 0.024885 1 
7912 0.010900 1 
7912 0.020686 0 
7913 0.011787 1 
7914 0.013126 1 
7913 0.038060 0 
7914 0.021646 0 
7916 0.013240 0 
7917 0.008169 0 
7916 0.040257 1 
7917 0.023920 1 
7918 0.010776 1 
7918 0.022647 0 
7919 0.012157 1 
7919 0.017793 0 
7920 0.014365 1 
7921 0.013850 0 
7921 0.030304 1 
7922 0.013845 1 
7922 0.022568 0 
7923 0.006201 0 
7923 0.010786 1 
7924 0.013376 0 
7924 0.016175 1 
7925 0.012109 1 
7926 0.018042 1 
7925 0.039024 0 
7926 0.022689 0 
7927 0.005925 1 
7927 0.008081 0 
7929 0.016725 0 
7929 0.018233 1 
7930 0.014890 0 
7930 0.031204 1 
7931 0.016595 0 
7931 0.028268 1 
7932 0.014804 0 
7932 0.017337 1 
7933 0.016072 0 
7933 0.026542 1 
7934 0.013439 1 
7935 0.023708 1 
7934 0.040308 0 
7937 0.014941 1 
7937 0.025624 0 
7938 0.017298 1 
7938 0.023440 0 
7939 0.028717 0 
7939 0.033988 1 
7940 0.023673 1 
7940 0.033404 0 
7942 0.014148 0 
7942 0.025572 1 
7943 0.010087 1 
7943 0.024875 0 
7944 0.009820 1 
7945 0.010355 1 
7944 0.028155 0 
7945 0.029140 0 
7947 0.017908 1 
7948 0.023215 0 
7948 0.023299 1 
7949 0.013958 1 
7950 0.010154 1 
7950 0.018045 0 
7951 0.028244 0 
7952 0.011745 0 
7952 0.019182 1 
7954 0.012458 0 
7954 0.030341 1 
7955 0.015293 1 
7955 0.024265 0 
7956 0.015406 0 
7956 0.018193 1 
7957 0.013629 1 
7957 0.027332 0 
7958 0.011327 0 
7958 0.022842 1 
7959 0.011708 0 
7959 0.018644 1 
7960 0.015955 0 
7961 0.005860 0 
7960 0.030953 1 
7961 0.016840 1 
7962 0.007900 1 
7962 0.014051 0 
7964 0.012108 0 
7964 0.034306 1 
7965 0.022073 1 
7965 0.028296 0 
7966 0.011861 0 
7966 0.029899 1 
7967 0.017694 1 
7967 0.022859 0 
7968 0.011398 1 
7968 0.012509 0 
7969 0.015370 1 
7969 0.021739 0 
7970 0.015224 0 
7971 0.009567 0 
7972 0.010163 0 
7971 0.048024 1 
7972 0.031052 1 
7973 0.014553 0 
7973 0.020102 1 
7974 0.010685 1 
7975 0.012794 1 
7976 0.013846 1 
7974 0.048715 0 
7975 0.032314 0 
7977 0.014586 1 
7977 0.022156 0 
7978 0.016548 0 
7979 0.022912 1 
7980 0.018011 1 
7980 0.022773 0 
7981 0.006358 0 
7981 0.011420 1 
7982 0.009749 0 
7982 0.010021 1 
7983 0.018499 1 
7984 0.022749 1 
7983 0.050057 0 
7984 0.033923 0 
7985 0.017437 0 
7986 0.011117 1 
7987 0.014459 1 
7987 0.024266 0 
7988 0.029392 1 
7988 0.034731 0 
7989 0.025823 1 
7991 0.018035 0 
7991 0.019593 1 
7992 0.013901 0 
7992 0.015282 1 
7993 0.010416 0 
7993 0.017870 1 
7994 0.011459 1 
7994 0.022692 0 
7995 0.022815 0 
7995 0.022891 1 
7996 0.012026 1 
7996 0.023822 0 
7997 0.009358 1 
7997 0.025760 0 
7998 0.009232 0 
7998 0.020718 1 
8000 0.020582 0 
8000 0.042756 1 
8001 0.027498 1 
8002 0.013017 1 
8003 0.007117 0 
8005 0.007306 1 
8005 0.014825 0 
8007 0.022413 0 
8008 0.022825 0 
8007 0.047803 1 
8008 0.031356 1 
8009 0.026085 0 
8010 0.009760 0 
8009 0.035151 1 
8010 0.022595 1 
8013 0.016275 0 
8013 0.018778 1 
8014 0.005527 0 
8015 0.032312 0 
8014 0.069335 1 
8016 0.057590 0 
8017 0.041013 0 
8018 0.024655 0 
8019 0.042843 0 
8020 0.026708 0 
8015 0.119896 1 
8016 0.103416 1 
8017 0.086946 1 
8018 0.070712 1 
8019 0.054661 1 
8020 0.038350 1 
8021 0.022134 1 
8022 0.031275 0 
8022 0.036652 1 
8023 0.020493 1 
8023 0.027299 0 
8024 0.010744 0 
8024 0.014722 1 
8026 0.010195 0 
8026 0.024184 1 
8028 0.021017 0 
8028 0.028546 1 
8029 0.016587 1 
8029 0.020514 0 
8030 0.020513 1 
8031 0.014619 1 
8031 0.025373 0 
8032 0.009087 1 
8032 0.023437 0 
8033 0.012492 1 
8033 0.015908 0 
8034 0.012682 1 
8036 0.028597 1 
8037 0.017847 1 
8036 0.037536 0 
8037 0.021210 0 
8038 0.009959 0 
8038 0.011713 1 
8039 0.011498 0 
8039 0.016772 1 
8040 0.008806 0 
8040 0.015671 1 
8041 0.019814 1 
8042 0.007441 0 
8042 0.011275 1 
8043 0.011781 1 
8044 0.007928 0 
8044 0.011858 1 
8045 0.008841 0 
8045 0.017223 1 
8046 0.009117 0 
8046 0.026469 1 
8047 0.014460 0 
8047 0.018728 1 
8048 0.010262 0 
8048 0.012275 1 
8049 0.016374 1 
8049 0.017296 0 
8050 0.009396 0 
8050 0.013376 1 
8052 0.024736 0 
8052 0.034101 1 
8053 0.020294 0 
8053 0.027108 1 
8054 0.010738 0 
8054 0.014139 1 
8055 0.010315 0 
8055 0.013350 1 
8056 0.012883 0 
8056 0.016804 1 
8057 0.018650 0 
8057 0.020364 1 
8058 0.017450 0 
8059 0.010391 1 
8060 0.008204 0 
8060 0.015269 1 
8061 0.017037 1 
8061 0.024001 0 
8063 0.009069 0 
8063 0.028925 1 
8065 0.006458 0 
8065 0.029005 1 
8066 0.016334 1 
8066 0.019802 0 
8067 0.006083 0 
8067 0.010611 1 
8068 0.015194 1 
8069 0.006713 0 
8069 0.010887 1 
8070 0.020487 0 
8070 0.024238 1 
8071 0.008227 0 
8071 0.013488 1 
8073 0.013877 0 
8074 0.012607 1 
8075 0.010045 1 
8075 0.012593 0 
8076 0.009778 0 
8076 0.018035 1 
8078 0.012383 0 
8080 0.011490 0 
8081 0.018428 0 
8082 0.007090 0 
8078 0.102729 1 
8080 0.073556 1 
8081 0.057111 1 
8082 0.040776 1 
8084 0.010442 0 
8085 0.006954 0 
8084 0.036607 1 
8085 0.020853 1 
8086 0.018142 1 
8086 0.018173 0 
8088 0.010942 0 
8088 0.012980 1 
8089 0.006171 0 
8089 0.008682 1 
8090 0.008292 1 
8090 0.012704 0 
8091 0.011226 0 
8091 0.013820 1 
8092 0.009596 1 
8092 0.017449 0 
8093 0.008552 1 
8093 0.011924 0 
8094 0.011544 1 
8094 0.022734 0 
8095 0.013660 1 
8095 0.020242 0 
8096 0.008061 0 
8096 0.008096 1 
8097 0.012769 1 
8097 0.014978 0 
8098 0.005926 0 
8098 0.006598 1 
8099 0.010104 1 
8100 0.009823 1 
8101 0.014073 0 
8101 0.015490 1 
8102 0.007530 0 
8102 0.015516 1 
8103 0.008425 0 
8103 0.018816 1 
8104 0.008151 0 
8104 0.009504 1 
8105 0.010037 0 
8107 0.007785 0 
8108 0.025758 0 
8109 0.011328 0 
8105 0.090452 1 
8107 0.056725 1 
8110 0.011699 0 
8108 0.048635 1 
8109 0.031657 1 
8110 0.015559 1 
8111 0.013758 0 
8111 0.013979 1 
8112 0.013616 1 
8112 0.028940 0 
8113 0.012523 0 
8113 0.020287 1 
8115 0.012629 1 
8115 0.014748 0 
8116 0.011917 0 
8116 0.016088 1 
8117 0.013027 0 
8117 0.014889 1 
8118 0.007582 1 
8118 0.010446 0 
8119 0.018084 1 
8120 0.009392 0 
8120 0.021544 1 
8121 0.009179 1 
8122 0.016836 1 
8122 0.017144 0 
8123 0.005348 0 
8123 0.015498 1 
8124 0.008422 1 
8124 0.014767 0 
8125 0.021497 0 
8126 0.017707 0 
8126 0.043440 1 
8128 0.019053 0 
8129 0.013007 0 
8128 0.035096 1 
8129 0.034154 1 
8130 0.020457 0 
8130 0.030601 1 
8131 0.016049 0 
8132 0.006013 0 
8131 0.031444 1 
8132 0.027164 1 
8133 0.014127 0 
8133 0.033500 1 
8134 0.017212 0 
8134 0.020106 1 
8136 0.006791 0 
8136 0.012239 1 
8137 0.015001 0 
8137 0.015050 1 
8138 0.007278 0 
8139 0.012085 0 
8138 0.030643 1 
8139 0.022381 1 
8141 0.012688 0 
8141 0.012742 1 
8142 0.012847 0 
8142 0.012928 1 
8143 0.017903 0 
8144 0.017617 0 
8146 0.016013 0 
8143 0.076968 1 
8144 0.060640 1 
8147 0.018469 0 
8146 0.047128 1 
8148 0.017741 1 
8149 0.007079 0 
8150 0.019053 0 
8149 0.039564 1 
8151 0.009760 0 
8150 0.028044 1 
8151 0.016111 1 
8153 0.009069 0 
8153 0.015036 1 
8154 0.012405 1 
8154 0.020190 0 
8155 0.014201 0 
8155 0.018767 1 
8156 0.008648 1 
8156 0.011760 0 
8157 0.008759 0 
8157 0.011860 1 
8158 0.007326 0 
8158 0.009115 1 
8159 0.018746 1 
8160 0.009030 1 
8159 0.028519 0 
8160 0.012253 0 
8161 0.008345 1 
8161 0.019279 0 
8163 0.018147 1 
8164 0.015049 1 
8165 0.018830 1 
8165 0.019214 0 
8166 0.009590 1 
8166 0.017121 0 
8167 0.010895 1 
8167 0.024952 0 
8168 0.008819 1 
8168 0.013269 0 
8169 0.015138 1 
8169 0.018426 0 
8170 0.005797 0 
8170 0.019245 1 
8171 0.010065 1 
8171 0.014561 0 
8172 0.007149 0 
8172 0.011813 1 
8173 0.015872 1 
8174 0.014420 1 
8174 0.025099 0 
8175 0.008759 0 
8175 0.018163 1 
8176 0.010719 0 
8177 0.009955 0 
8177 0.011984 1 
8178 0.014248 1 
8178 0.016086 0 
8179 0.015313 1 
8179 0.022755 0 
8180 0.015845 0 
8180 0.016040 1 
8181 0.016044 0 
8181 0.024327 1 
8182 0.019807 0 
8182 0.021619 1 
8183 0.009156 1 
8183 0.015635 0 
8184 0.013520 1 
8184 0.024136 0 
8185 0.014199 1 
8186 0.009093 1 
8186 0.013492 0 
8187 0.007702 0 
8187 0.026040 1 
8188 0.013783 1 
8188 0.020168 0 
8190 0.019198 1 
8191 0.009547 1 
8191 0.009604 0 
8192 0.011897 1 
8192 0.015656 0 
8193 0.009455 0 
8193 0.010871 1 
8194 0.011667 0 
8194 0.016119 1 
8195 0.010571 0 
8195 0.014416 1 
8196 0.007514 0 
8196 0.014056 1 
8197 0.008924 1 
8197 0.013310 0 
8199 0.021952 0 
8199 0.031149 1 
8200 0.019885 1 
8201 0.011111 0 
8202 0.030672 0 
8204 0.006942 1 
8204 0.030471 0 
8206 0.017111 0 
8206 0.021391 1 
8207 0.020979 1 
8208 0.022162 1 
8209 0.009869 1 
8207 0.075164 0 
8208 0.058664 0 
8209 0.041676 0 
8212 0.016963 0 
8212 0.019579 1 
8213 0.014595 0 
8213 0.016511 1 
8214 0.030412 0 
8214 0.050687 1 
8215 0.037160 1 
8216 0.021128 1 
8217 0.017332 1 
8218 0.007940 1 
8217 0.034009 0 
8218 0.017787 0 
8219 0.012391 0 
8219 0.012619 1 
8220 0.010379 1 
8221 0.014809 1 
8222 0.008834 1 
8220 0.053086 0 
8221 0.036942 0 
8222 0.020715 0 
8223 0.007437 1 
8223 0.012542 0 
8225 0.015123 0 
8225 0.025151 1 
8227 0.019454 0 
8227 0.019561 1 
8228 0.008013 1 
8228 0.019491 0 
8229 0.007406 1 
8230 0.011345 1 
8229 0.031042 0 
8230 0.014482 0 
8231 0.016423 0 
8232 0.012752 1 
8233 0.019494 1 
8232 0.037092 0 
8233 0.030559 0 
8235 0.019785 1 
8235 0.042564 0 
8236 0.025183 0 
8237 0.014912 0 
8237 0.021278 1 
8238 0.022073 1 
8239 0.010725 1 
8239 0.021157 0 
8240 0.011613 1 
8241 0.011749 1 
8240 0.028229 0 
8242 0.014281 1 
8243 0.008605 1 
8242 0.028974 0 
8244 0.011638 1 
8245 0.007934 1 
8243 0.054110 0 
8246 0.017925 1 
8247 0.008438 1 
8244 0.071008 0 
8245 0.054535 0 
8246 0.038277 0 
8247 0.020930 0 
8248 0.049130 0 
8249 0.032758 0 
8248 0.066454 1 
8249 0.050076 1 
8251 0.031433 0 
8252 0.014721 0 
8252 0.023894 1 
8253 0.016544 1 
8254 0.008739 1 
8254 0.020475 0 
8255 0.009870 1 
8255 0.025237 0 
8256 0.054084 1 
8257 0.052943 1 
8258 0.035769 1 
8259 0.020232 1 
8256 0.091424 0 
8257 0.075282 0 
8258 0.058176 0 
8259 0.042798 0 
8260 0.024522 0 
8260 0.037441 1 
8262 0.027797 1 
8262 0.033771 0 
8264 0.014152 0 
8264 0.026124 1 
8265 0.028807 1 
8266 0.025079 1 
8267 0.015161 1 
8268 0.013438 1 
8266 0.057799 0 
8267 0.041504 0 
8268 0.025529 0 
8269 0.026415 0 
8270 0.010767 0 
8272 0.016029 1 
8273 0.013396 1 
8273 0.029491 0 
8274 0.013128 0 
8274 0.013378 1 
8275 0.032358 0 
8277 0.021123 1 
8277 0.056833 0 
8279 0.024153 0 
8280 0.015902 0 
8280 0.017962 1 
8281 0.018437 0 
8281 0.018537 1 
8283 0.013303 1 
8284 0.014082 1 
8285 0.017418 1 
8284 0.057731 0 
8285 0.041445 0 
8287 0.019539 1 
8288 0.012876 1 
8287 0.031592 0 
8289 0.014198 1 
8290 0.018233 1 
8291 0.013602 1 
8290 0.039652 0 
8292 0.022740 1 
8293 0.020897 1 
8294 0.010889 1 
8291 0.079681 0 
8292 0.063228 0 
8293 0.046834 0 
8294 0.030658 0 
8295 0.015550 1 
8295 0.022856 0 
8296 0.012016 1 
8296 0.030809 0 
8297 0.014323 0 
8297 0.016934 1 
8298 0.019495 1 
8298 0.034096 0 
8299 0.017300 0 
8300 0.011251 1 
8300 0.018319 0 
8301 0.017953 1 
8302 0.015444 1 
8301 0.033407 0 
8303 0.009633 1 
8303 0.017887 0 
8304 0.008603 1 
8304 0.008716 0 
8306 0.011545 0 
8306 0.021338 1 
8307 0.012238 0 
8307 0.014830 1 
8308 0.009621 1 
8308 0.013085 0 
8309 0.008471 1 
8309 0.024287 0 
8310 0.011094 1 
8311 0.012124 0 
8312 0.011424 0 
8311 0.029135 1 
8314 0.016026 0 
8315 0.007806 0 
8312 0.068666 1 
8314 0.036096 1 
8316 0.012777 0 
8315 0.030971 1 
8316 0.014737 1 
8317 0.018612 1 
8318 0.020056 1 
8318 0.021499 0 
8319 0.007889 0 
8319 0.023162 1 
8320 0.015076 0 
8320 0.020161 1 
8321 0.009969 0 
8321 0.016119 1 
8322 0.012686 1 
8322 0.023356 0 
8323 0.015349 1 
8323 0.015424 0 
8324 0.010554 1 
8324 0.018830 0 
8325 0.015164 1 
8325 0.021992 0 
8327 0.011387 0 
8327 0.019445 1 
8328 0.014338 1 
8329 0.008674 1 
8329 0.013128 0 
8330 0.015610 0 
8330 0.022861 1 
8331 0.011583 0 
8331 0.033326 1 
8332 0.017049 0 
8332 0.019306 1 
8333 0.013451 0 
8333 0.019147 1 
8335 0.011120 0 
8335 0.023053 1 
8336 0.016091 1 
8337 0.015036 1 
8337 0.023029 0 
8338 0.018510 1 
8338 0.023307 0 
8340 0.012799 0 
8340 0.015850 1 
8341 0.007375 0 
8342 0.006076 0 
8342 0.016735 1 
8343 0.011981 1 
8343 0.012063 0 
8345 0.011908 1 
8345 0.021187 0 
8346 0.013998 1 
8347 0.009851 1 
8346 0.027465 0 
8347 0.019612 0 
8348 0.012793 1 
8349 0.007444 1 
8349 0.021134 0 
8350 0.010438 1 
8350 0.013057 0 
8352 0.014213 1 
8352 0.027493 0 
8353 0.013638 1 
8353 0.025483 0 
8354 0.024352 1 
8355 0.015625 1 
8356 0.006806 1 
8354 0.047980 0 
8355 0.030291 0 
8356 0.014259 0 
8357 0.014284 1 
8357 0.017853 0 
8358 0.014564 0 
8358 0.014648 1 
8359 0.008345 1 
8359 0.017806 0 
8360 0.014489 0 
8362 0.018959 0 
8363 0.022427 1 
8363 0.034721 0 
8364 0.018133 1 
8364 0.052161 0 
8365 0.036481 0 
8366 0.018967 0 
8366 0.023775 1 
8367 0.012450 1 
8368 0.009972 1 
8367 0.043500 0 
8368 0.028243 0 
8369 0.010933 0 
8369 0.012785 1 
8370 0.012419 0 
8370 0.019709 1 
8371 0.016346 0 
8371 0.018780 1 
8372 0.016629 0 
8373 0.011304 0 
8373 0.014759 1 
8374 0.014069 1 
8375 0.016179 1 
8375 0.016345 0 
8376 0.008745 0 
8376 0.012288 1 
8377 0.010822 0 
8377 0.011676 1 
8378 0.015765 1 
8379 0.013928 1 
8379 0.015736 0 
8380 0.014724 1 
8381 0.018532 1 
8382 0.011641 1 
8381 0.028556 0 
8383 0.023260 1 
8382 0.040040 0 
8384 0.022296 0 
8384 0.028719 1 
8385 0.014225 0 
8385 0.017615 1 
8386 0.015457 1 
8386 0.022206 0 
8387 0.010639 1 
8387 0.020896 0 
8389 0.015800 1 
8390 0.017100 1 
8389 0.040490 0 
8391 0.024998 1 
8391 0.025056 0 
8392 0.010096 1 
8392 0.023214 0 
8393 0.013173 1 
8394 0.013710 1 
8395 0.014820 1 
8395 0.016793 0 
8396 0.013952 0 
8398 0.012089 0 
8398 0.028225 1 
8399 0.013094 1 
8399 0.025786 0 
8400 0.009625 0 
8400 0.012733 1 
8401 0.013313 0 
8403 0.008591 1 
8403 0.011730 0 
8405 0.012452 0 
8405 0.019474 1 
8406 0.023926 1 
8407 0.023399 0 
8407 0.024422 1 
8408 0.016627 0 
8411 0.010491 0 
8411 0.015466 1 
8412 0.015281 0 
8412 0.020147 1 
8413 0.011339 1 
8413 0.047011 0 
8414 0.030797 0 
8415 0.014614 0 
8414 0.031900 1 
8415 0.026460 1 
8416 0.015848 1 
8416 0.024803 0 
8417 0.012996 1 
8417 0.032250 0 
8418 0.022878 1 
8419 0.012326 1 
8418 0.030538 0 
8419 0.027381 0 
8420 0.011081 1 
8421 0.013483 1 
8420 0.031581 0 
8422 0.009444 0 
8422 0.025897 1 
8424 0.025399 1 
8424 0.028721 0 
8426 0.018055 1 
8426 0.021899 0 
8427 0.012599 1 
8427 0.015213 0 
8428 0.025964 1 
8429 0.011730 1 
8428 0.033350 0 
8429 0.016974 0 
8430 0.011302 0 
8430 0.017223 1 
8431 0.010696 0 
8431 0.017705 1 
8432 0.016744 1 
8432 0.026807 0 
8434 0.030143 1 
8435 0.015105 1 
8434 0.032979 0 
8436 0.013734 1 
8436 0.021911 0 
8437 0.017991 1 
8438 0.016488 0 
8438 0.017330 1 
8439 0.021577 1 
8439 0.027952 0 
8440 0.012998 1 
8440 0.024471 0 
8441 0.007917 0 
8441 0.015071 1 
8442 0.013957 1 
8442 0.020999 0 
8443 0.008424 0 
8443 0.021518 1 
8444 0.017551 0 
8444 0.025600 1 
8445 0.014813 1 
8445 0.018598 0 
8446 0.022887 0 
8447 0.006655 0 
8448 0.008204 0 
8450 0.023950 0 
8451 0.007307 0 
8447 0.082542 1 
8452 0.013559 0 
8453 0.012311 0 
8454 0.014834 0 
8448 0.120630 1 
8450 0.087738 1 
8451 0.071099 1 
8452 0.054816 1 
8455 0.011042 0 
8456 0.016928 0 
8453 0.066871 1 
8454 0.069873 1 
8455 0.053670 1 
8456 0.037294 1 
8457 0.025085 0 
8458 0.021188 0 
8459 0.009729 0 
8457 0.052243 1 
8458 0.043356 1 
8459 0.035724 1 
8461 0.009962 0 
8461 0.033031 1 
8463 0.006082 0 
8463 0.017538 1 
8464 0.014609 0 
8464 0.017199 1 
8465 0.016519 0 
8465 0.018430 1 
8466 0.012937 1 
8467 0.019204 1 
8468 0.020242 0 
8468 0.020297 1 
8469 0.008862 0 
8469 0.015985 1 
8471 0.008408 0 
8472 0.010427 0 
8471 0.030569 1 
8473 0.013401 0 
8472 0.032319 1 
8473 0.024750 1 
8474 0.010531 0 
8474 0.020124 1 
8476 0.014652 0 
8476 0.023690 1 
8478 0.015224 0 
8478 0.031092 1 
8479 0.015807 1 
8480 0.009844 0 
8480 0.019956 1 
8482 0.010268 0 
8482 0.018217 1 
8483 0.007748 0 
8483 0.015623 1 
8484 0.020873 1 
8486 0.012208 1 
8486 0.020255 0 
8487 0.005903 0 
8487 0.013721 1 
8488 0.013783 1 
8489 0.010585 1 
8488 0.035964 0 
8489 0.017955 0 
8490 0.012846 1 
8490 0.021839 0 
8491 0.008680 0 
8491 0.019915 1 
8492 0.013731 1 
8492 0.015692 0 
8493 0.011006 0 
8493 0.016109 1 
8494 0.012179 0 
8494 0.018693 1 
8495 0.005728 0 
8495 0.020662 1 
8496 0.007901 0 
8496 0.018229 1 
8497 0.008749 0 
8497 0.021225 1 
8498 0.012307 0 
8498 0.016478 1 
8499 0.013834 0 
8499 0.015506 1 
8500 0.012177 0 
8501 0.010992 0 
8500 0.032997 1 
8501 0.018162 1 
8502 0.012428 1 
8502 0.016864 0 
8503 0.007449 0 
8503 0.011494 1 
8505 0.009137 0 
8505 0.019305 1 
8506 0.019326 0 
8507 0.010821 1 
8508 0.011493 1 
8509 0.009743 0 
8509 0.015789 1 
8510 0.016531 1 
8511 0.012559 1 
8513 0.011234 1 
8514 0.004228 0 
8514 0.009472 1 
8515 0.009212 0 
8515 0.010226 1 
8516 0.007360 0 
8516 0.014185 1 
8517 0.017048 1 
8517 0.019938 0 
8518 0.009578 0 
8518 0.012023 1 
8519 0.012041 1 
8519 0.016479 0 
8520 0.009673 0 
8520 0.012252 1 
8521 0.014503 1 
8522 0.009214 1 
8521 0.031511 0 
8522 0.015389 0 
8523 0.010698 0 
8523 0.014091 1 
8524 0.013769 1 
8526 0.015099 0 
8526 0.017447 1 
8527 0.006578 0 
8527 0.021989 1 
8528 0.011645 1 
8528 0.017674 0 
8529 0.010574 1 
8529 0.018002 0 
8530 0.016118 1 
8530 0.026428 0 
8531 0.009878 0 
8531 0.011962 1 
8532 0.014464 1 
8532 0.016589 0 
8534 0.009986 0 
8534 0.013093 1 
8535 0.026175 0 
8536 0.009739 0 
8536 0.017105 1 
8537 0.006882 0 
8537 0.015392 1 
8539 0.010240 0 
8540 0.017515 1 
8540 0.028386 0 
8541 0.011717 0 
8541 0.017046 1 
8542 0.017638 1 
8542 0.017820 0 
8544 0.014562 1 
8544 0.041642 0 
8545 0.026366 0 
8545 0.027059 1 
8546 0.015478 0 
8547 0.011005 1 
8548 0.008929 0 
8548 0.023714 1 
8549 0.010736 1 
8549 0.018431 0 
8551 0.012891 0 
8551 0.013652 1 
8552 0.007390 0 
8552 0.018874 1 
8553 0.018124 1 
8553 0.021321 0 
8554 0.012808 1 
8555 0.013453 1 
8556 0.006202 0 
8556 0.012735 1 
8557 0.017738 1 
8558 0.006019 0 
8558 0.017189 1 
8559 0.010441 1 
8561 0.017672 1 
8562 0.011606 0 
8562 0.012408 1 
8563 0.009363 1 
8563 0.025787 0 
8564 0.017121 0 
8565 0.009454 0 
8565 0.013589 1 
8566 0.012949 1 
8566 0.015858 0 
8567 0.009484 0 
8567 0.013725 1 
8568 0.013411 0 
8568 0.022508 1 
8569 0.013384 1 
8570 0.009211 1 
8570 0.015834 0 
8571 0.012454 0 
8571 0.015271 1 
8572 0.013364 1 
8573 0.017496 1 
8574 0.011773 1 
8573 0.034405 0 
8574 0.018258 0 
8575 0.011047 1 
8576 0.013751 1 
8575 0.049325 0 
8577 0.016095 0 
8577 0.020033 1 
8578 0.012973 1 
8579 0.020881 1 
8580 0.011344 1 
8578 0.047412 0 
8580 0.019266 0 
8581 0.010176 1 
8581 0.028524 0 
8582 0.012095 0 
8582 0.012224 1 
8583 0.022089 1 
8584 0.010320 0 
8584 0.013934 1 
8585 0.010002 1 
8585 0.023571 0 
8586 0.010903 1 
8586 0.023122 0 
8588 0.014936 1 
8588 0.022434 0 
8589 0.022254 0 
8590 0.011142 1 
8590 0.017451 0 
8591 0.008695 1 
8591 0.031363 0 
8592 0.017588 1 
8592 0.022353 0 
8593 0.012872 1 
8593 0.019153 0 
8594 0.008754 1 
8594 0.026737 0 
8595 0.016886 0 
8597 0.021208 1 
8598 0.013863 1 
8599 0.005775 1 
8597 0.068046 0 
8598 0.051827 0 
8599 0.035568 0 
8600 0.019335 0 
8602 0.013347 1 
8602 0.014178 0 
8604 0.037000 1 
8605 0.023360 0 
8605 0.027998 1 
8606 0.019328 0 
8606 0.023107 1 
8607 0.015213 1 
8607 0.026217 0 
8610 0.014428 0 
8611 0.010280 0 
8611 0.011725 1 
8612 0.012806 1 
8612 0.042676 0 
8613 0.035312 0 
8614 0.018856 0 
8613 0.037675 1 
8614 0.021246 1 
8615 0.013506 1 
8616 0.011984 1 
8615 0.029831 0 
8616 0.015119 0 
8617 0.010334 0 
8617 0.014213 1 
8618 0.013987 1 
8618 0.019559 0 
8619 0.010160 0 
8619 0.013772 1 
8620 0.014168 0 
8620 0.020719 1 
8621 0.010653 1 
8621 0.021324 0 
8623 0.008340 0 
8623 0.017702 1 
8625 0.013720 0 
8625 0.015216 1 
8626 0.010663 1 
8626 0.012714 0 
8627 0.014079 1 
8628 0.011168 1 
8628 0.016566 0 
8629 0.016737 0 
8629 0.017496 1 
8630 0.015274 1 
8630 0.018933 0 
8631 0.019348 1 
8631 0.023918 0 
8633 0.013253 0 
8633 0.017930 1 
8634 0.017386 0 
8634 0.032616 1 
8635 0.019071 1 
8636 0.011841 1 
8637 0.009063 1 
8636 0.037430 0 
8637 0.021220 0 
8638 0.004847 0 
8638 0.011997 1 
8639 0.012570 0 
8639 0.016012 1 
8640 0.015323 1 
8641 0.019941 0 
8642 0.014680 1 
8643 0.013601 1 
8644 0.012528 1 
8643 0.030432 0 
8645 0.014688 0 
8645 0.021296 1 
8646 0.019880 1 
8647 0.019173 1 
8649 0.012676 0 
8650 0.013648 0 
8649 0.039445 1 
8651 0.008047 0 
8650 0.033574 1 
8651 0.023136 1 
8652 0.018487 1 
8653 0.017509 1 
8652 0.037473 0 
8653 0.021107 0 
8654 0.025674 1 
8655 0.012951 1 
8654 0.033460 0 
8655 0.016921 0 
8656 0.011178 0 
8656 0.025321 1 
8657 0.011686 0 
8657 0.012743 1 
8658 0.024813 1 
8660 0.022467 1 
8662 0.016457 0 
8662 0.028992 1 
8663 0.017097 1 
8663 0.027153 0 
8664 0.009908 0 
8664 0.015042 1 
8665 0.015886 1 
8666 0.012859 0 
8666 0.023646 1 
8667 0.017487 1 
8667 0.022254 0 
8668 0.021217 0 
8668 0.023777 1 
8670 0.010242 0 
8671 0.010242 0 
8670 0.029570 1 
8671 0.019170 1 
8672 0.018583 0 
8672 0.020870 1 
8673 0.026413 1 
8673 0.033741 0 
8675 0.015798 0 
8675 0.021675 1 
8677 0.010550 0 
8677 0.023942 1 
8678 0.010738 0 
8678 0.012537 1 
8679 0.011965 1 
8679 0.025460 0 
8681 0.017761 1 
8682 0.011384 0 
8682 0.024059 1 
8683 0.019262 1 
8683 0.023252 0 
8685 0.015032 0 
8685 0.017719 1 
8686 0.013004 1 
8686 0.019762 0 
8687 0.007425 0 
8687 0.016606 1 
8688 0.007914 0 
8688 0.012045 1 
8689 0.012836 1 
8690 0.012735 1 
8690 0.020253 0 
8691 0.014232 0 
8691 0.018760 1 
8692 0.012383 0 
8692 0.012792 1 
8693 0.010649 1 
8693 0.014361 0 
8694 0.010455 1 
8695 0.011976 0 
8695 0.016073 1 
8696 0.007186 0 
8696 0.015814 1 
8697 0.006704 0 
8697 0.018374 1 
8698 0.012552 0 
8699 0.017565 1 
8700 0.011962 0 
8700 0.014412 1 
8701 0.011268 0 
8701 0.013192 1 
8702 0.014497 0 
8702 0.014659 1 
8704 0.013065 0 
8704 0.019314 1 
8705 0.011561 0 
8705 0.011620 1 
8706 0.009954 0 
8706 0.011518 1 
8707 0.015256 0 
8707 0.017421 1 
8708 0.017846 1 
8709 0.019123 0 
8709 0.025573 1 
8710 0.012289 1 
8710 0.017057 0 
8712 0.014140 1 
8713 0.013355 1 
8712 0.029737 0 
8713 0.013461 0 
8714 0.017213 0 
8715 0.014517 0 
8716 0.015882 0 
8715 0.045945 1 
8717 0.019897 0 
8718 0.010865 0 
8716 0.053097 1 
8717 0.036568 1 
8718 0.022187 1 
8719 0.016446 0 
8720 0.016541 0 
8721 0.018580 0 
8720 0.035331 1 
8722 0.018818 0 
8722 0.028466 1 
8723 0.017381 1 
8725 0.014950 0 
8725 0.021402 1 
8726 0.009156 0 
8726 0.024599 1 
8727 0.012581 1 
8727 0.022429 0 
8728 0.020084 1 
8728 0.023633 0 
8729 0.010529 1 
8729 0.020458 0 
8730 0.012217 1 
8731 0.009275 1 
8731 0.016906 0 
8733 0.012570 1 
8733 0.028241 0 
8734 0.019070 0 
8734 0.023889 1 
8735 0.008554 0 
8735 0.013952 1 
8736 0.011375 0 
8736 0.011447 1 
8738 0.013637 0 
8738 0.019082 1 
8739 0.012900 0 
8739 0.016472 1 
8740 0.016285 1 
8741 0.011167 1 
8740 0.028875 0 
8743 0.014478 0 
8743 0.019032 1 
8744 0.010181 0 
8744 0.019249 1 
8745 0.009629 1 
8745 0.020264 0 
8746 0.012077 1 
8746 0.025946 0 
8747 0.013902 1 
8747 0.017298 0 
8748 0.013827 0 
8748 0.014057 1 
8750 0.009980 0 
8751 0.007128 0 
8750 0.026238 1 
8751 0.018025 1 
8752 0.009477 0 
8752 0.016407 1 
8753 0.010957 0 
8753 0.015074 1 
8754 0.014792 1 
8755 0.009452 1 
8754 0.036331 0 
8755 0.028335 0 
8756 0.011926 0 
8756 0.026178 1 
8757 0.013327 1 
8758 0.010678 1 
8757 0.040192 0 
8760 0.014411 0 
8760 0.015089 1 
8761 0.008903 1 
8761 0.018878 0 
8762 0.011883 1 
8763 0.020496 1 
8764 0.014827 1 
8765 0.023071 1 
8762 0.073578 0 
8763 0.057176 0 
8764 0.040834 0 
8766 0.007548 0 
8766 0.009404 1 
8767 0.008993 1 
8767 0.019870 0 
8768 0.013652 1 
8769 0.013917 0 
8770 0.017814 0 
8769 0.040142 1 
8770 0.026964 1 
8771 0.010527 1 
8772 0.010501 1 
8773 0.011579 1 
8772 0.038454 0 
8773 0.022028 0 
8774 0.014029 1 
8774 0.016245 0 
8775 0.009642 0 
8775 0.019049 1 
8776 0.012556 0 
8776 0.017339 1 
8777 0.008677 1 
8777 0.015479 0 
8778 0.014595 1 
8779 0.014341 1 
8780 0.017475 1 
8779 0.042915 0 
8781 0.018976 0 
8782 0.016563 0 
8782 0.031572 1 
8783 0.026663 1 
8784 0.026988 0 
8785 0.010354 0 
8785 0.015759 1 
8787 0.010779 0 
8787 0.026355 1 
8788 0.015974 0 
8789 0.006439 0 
8788 0.026777 1 
8790 0.007603 0 
8789 0.030207 1 
8790 0.017987 1 
8791 0.005887 0 
8791 0.014840 1 
8792 0.012047 1 
8792 0.016069 0 
8793 0.012053 1 
8794 0.023112 1 
8794 0.023173 0 
8796 0.010746 0 
8797 0.011722 0 
8798 0.010620 0 
8796 0.043982 1 
8797 0.027321 1 
8798 0.011063 1 
8799 0.009906 0 
8801 0.011694 1 
8801 0.018542 0 
8803 0.018431 0 
8803 0.030365 1 
8804 0.027818 0 
8805 0.010954 0 
8804 0.040499 1 
8806 0.019163 0 
8805 0.035482 1 
8806 0.019256 1 
8809 0.012591 0 
8809 0.017720 1 
8810 0.012526 0 
8810 0.016864 1 
8811 0.005688 0 
8811 0.017378 1 
8812 0.033916 0 
8813 0.017421 0 
8812 0.036329 1 
8813 0.025099 1 
8814 0.012408 1 
8815 0.011856 1 
8814 0.031764 0 
8816 0.017184 1 
8817 0.011838 1 
8817 0.018635 0 
8818 0.012144 0 
8819 0.005010 0 
8819 0.010706 1 
8820 0.008567 1 
8820 0.019540 0 
8822 0.013840 0 
8822 0.014559 1 
8824 0.012407 0 
8824 0.018931 1 
8825 0.008482 0 
8825 0.016549 1 
8826 0.010465 1 
8827 0.015733 1 
8827 0.021237 0 
8828 0.007622 1 
8828 0.013375 0 
8829 0.008313 1 
8830 0.007922 0 
8830 0.015220 1 
8832 0.014559 1 
8833 0.011224 0 
8833 0.022233 1 
8834 0.009725 1 
8834 0.011614 0 
8835 0.013023 1 
8835 0.014578 0 
8836 0.007686 0 
8836 0.010654 1 
8837 0.007870 0 
8837 0.018157 1 
8838 0.013053 1 
8838 0.023208 0 
8839 0.006774 0 
8839 0.010521 1 
8840 0.012547 1 
8841 0.007241 0 
8841 0.016311 1 
8842 0.012850 1 
8842 0.016135 0 
8843 0.007128 0 
8843 0.020718 1 
8844 0.013970 0 
8844 0.019919 1 
8845 0.010626 0 
8845 0.014087 1 
8846 0.015002 1 
8848 0.023268 0 
8849 0.010762 0 
8848 0.033593 1 
8849 0.038788 1 
8850 0.027046 0 
8851 0.009773 0 
8850 0.030613 1 
8851 0.041755 1 
8852 0.026265 1 
8852 0.032640 0 
8853 0.016389 0 
8854 0.010029 0 
8855 0.007734 0 
8856 0.010981 0 
8854 0.045802 1 
8855 0.043629 1 
8856 0.027032 1 
8857 0.017384 0 
8857 0.017601 1 
8859 0.015914 0 
8859 0.018331 1 
8861 0.011861 0 
8862 0.015137 0 
8863 0.017146 0 
8861 0.055177 1 
8862 0.038837 1 
8863 0.041202 1 
8864 0.024672 1 
8865 0.011862 1 
8864 0.038159 0 
8865 0.020799 0 
8866 0.013260 1 
8867 0.011353 1 
8867 0.013875 0 
8869 0.010181 0 
8869 0.018217 1 
8870 0.015191 0 
8870 0.021715 1 
8871 0.010208 1 
8872 0.012347 1 
8871 0.029218 0 
8874 0.022530 0 
8874 0.025511 1 
8876 0.016908 0 
8877 0.028958 0 
8878 0.013393 0 
8876 0.048119 1 
8877 0.031875 1 
8878 0.033938 1 
8880 0.023675 0 
8881 0.022497 0 
8882 0.010236 0 
8881 0.033120 1 
8882 0.022867 1 
8884 0.010403 0 
8884 0.014268 1 
8885 0.015682 1 
8885 0.016347 0 
8886 0.010488 0 
8886 0.017082 1 
8887 0.014079 1 
8887 0.022856 0 
8888 0.012474 1 
8888 0.020327 0 
8889 0.018977 0 
8889 0.022624 1 
8890 0.014207 1 
8891 0.008422 1 
8892 0.011364 1 
8890 0.049427 0 
8891 0.033192 0 
8893 0.010548 0 
8893 0.013720 1 
8894 0.011105 1 
8895 0.014503 0 
8896 0.006810 0 
8896 0.009246 1 
8897 0.014817 0 
8897 0.014911 1 
8898 0.015531 1 
8899 0.015129 0 
8899 0.017197 1 
8900 0.007027 0 
8900 0.014328 1 
8901 0.011884 1 
8903 0.012768 0 
8903 0.015562 1 
8904 0.014449 1 
8904 0.016863 0 
8905 0.011694 0 
8905 0.031384 1 
8906 0.015861 0 
8906 0.019508 1 
8907 0.017982 0 
8907 0.032050 1 
8908 0.021050 1 
8909 0.021237 1 
8911 0.013836 1 
8912 0.011310 1 
8909 0.066318 0 
8911 0.032950 0 
8912 0.017513 0 
8913 0.013329 1 
8913 0.025667 0 
8914 0.009966 0 
8914 0.014785 1 
8915 0.010635 1 
8915 0.019574 0 
8916 0.021713 0 
8916 0.021911 1 
8917 0.012485 1 
8917 0.025432 0 
8918 0.013981 1 
8919 0.007862 1 
8919 0.031057 0 
8920 0.020081 1 
8921 0.012582 1 
8921 0.022942 0 
8922 0.009631 1 
8922 0.024918 0 
8924 0.015913 1 
8925 0.016743 1 
8925 0.021991 0 
8926 0.016245 1 
8927 0.016360 1 
8926 0.039233 0 
8928 0.012653 1 
8929 0.009673 1 
8930 0.014933 0 
8930 0.015010 1 
8932 0.010980 1 
8932 0.017716 0 
8933 0.019689 1 
8933 0.025887 0 
8934 0.012336 1 
8934 0.025602 0 
8935 0.009343 0 
8935 0.013280 1 
8937 0.013767 0 
8937 0.017670 1 
8938 0.017326 1 
8938 0.018195 0 
8939 0.012069 1 
8940 0.011146 1 
8942 0.027215 1 
8943 0.018158 0 
8943 0.023138 1 
8944 0.009575 1 
8944 0.021244 0 
8945 0.013076 1 
8946 0.008409 0 
8946 0.017126 1 
8947 0.012630 1 
8949 0.013795 0 
8949 0.017915 1 
8950 0.010237 1 
8950 0.015639 0 
8951 0.022729 1 
8952 0.011441 1 
8953 0.010969 1 
8952 0.027596 0 
8953 0.024117 0 
8954 0.009584 1 
8954 0.017811 0 
8955 0.021122 1 
8955 0.027354 0 
8956 0.010696 0 
8956 0.010735 1 
8957 0.014805 0 
8957 0.017280 1 
8959 0.014545 1 
8960 0.011545 1 
8960 0.023381 0 
8961 0.018707 1 
8961 0.028594 0 
8962 0.011636 0 
8962 0.013670 1 
8963 0.018962 1 
8964 0.008177 1 
8965 0.012393 1 
8964 0.033244 0 
8965 0.016600 0 
8966 0.012328 1 
8966 0.022128 0 
8967 0.013113 0 
8967 0.016124 1 
8968 0.013054 1 
8969 0.016163 1 
8970 0.014002 1 
8969 0.033171 0 
8970 0.016424 0 
8971 0.005768 0 
8971 0.010186 1 
8972 0.008960 0 
8972 0.012013 1 
8973 0.008970 0 
8973 0.024731 1 
8974 0.015115 0 
8975 0.009977 0 
8975 0.024014 1 
8976 0.014529 1 
8977 0.008840 0 
8977 0.014342 1 
8978 0.013624 0 
8978 0.044363 1 
8979 0.031402 0 
8980 0.015003 0 
8979 0.037429 1 
8980 0.021031 1 
8981 0.009071 1 
8981 0.032034 0 
8982 0.016063 1 
8982 0.022329 0 
8983 0.011503 0 
8983 0.015963 1 
8984 0.010581 1 
8984 0.013706 0 
8986 0.010880 0 
8987 0.014003 0 
8986 0.038060 1 
8988 0.022043 0 
8987 0.066273 1 
8988 0.051627 1 
8989 0.035543 1 
8990 0.019027 1 
8990 0.023777 0 
8991 0.010911 1 
8991 0.018045 0 
8992 0.014708 0 
8992 0.016380 1 
8993 0.011643 0 
8993 0.016431 1 
8995 0.012699 0 
8995 0.031080 1 
8996 0.025004 0 
8997 0.008602 0 
8996 0.038588 1 
8997 0.022280 1 
8998 0.014065 0 
9000 0.010708 0 
9000 0.023769 1 
9002 0.016229 0 
9003 0.019438 0 
9004 0.020504 0 
9002 0.069453 1 
9003 0.053114 1 
9004 0.038635 1 
9005 0.024366 1 
9005 0.027187 0 
9008 0.014400 0 
9008 0.016342 1 
9009 0.012113 0 
9009 0.012952 1 
9010 0.012881 0 
9010 0.018675 1 
9011 0.029688 0 
9012 0.013081 0 
9011 0.044929 1 
9012 0.028327 1 
9013 0.013314 1 
9014 0.014883 1 
9013 0.049867 0 
9015 0.017236 1 
9014 0.035002 0 
9016 0.026341 1 
9017 0.010864 1 
9016 0.028924 0 
9018 0.010530 0 
9019 0.009109 0 
9018 0.025791 1 
9019 0.015843 1 
9021 0.011113 0 
9021 0.018621 1 
9023 0.015401 0 
9023 0.023825 1 
9024 0.010552 1 
9024 0.024850 0 
9025 0.013825 0 
9025 0.016688 1 
9026 0.013839 1 
9027 0.010396 1 
9028 0.011844 1 
9027 0.034254 0 
9028 0.017806 0 
9029 0.010916 0 
9029 0.015302 1 
9031 0.007485 0 
9031 0.026834 1 
9032 0.014831 0 
9032 0.016796 1 
9033 0.011867 1 
9033 0.025782 0 
9034 0.009501 0 
9034 0.010810 1 
9035 0.008859 0 
9035 0.014684 1 
9036 0.013777 1 
9036 0.021844 0 
9037 0.013171 1 
9037 0.019360 0 
9038 0.012887 1 
9039 0.012597 1 
9040 0.013021 1 
9041 0.011828 0 
9041 0.016479 1 
9042 0.014370 1 
9043 0.009860 1 
9042 0.035325 0 
9044 0.011610 1 
9043 0.032349 0 
9044 0.026120 0 
9045 0.012175 1 
9045 0.023218 0 
9047 0.019858 0 
9047 0.042790 1 
9048 0.028696 0 
9049 0.012999 0 
9048 0.039581 1 
9049 0.028354 1 
9050 0.014061 1 
9050 0.020147 0 
9051 0.019681 0 
9052 0.014963 0 
9051 0.035942 1 
9053 0.012375 0 
9054 0.006368 0 
9052 0.064789 1 
9053 0.048369 1 
9054 0.034294 1 
9055 0.021760 0 
9056 0.014615 1 
