2024-09-02 20:35:45
../stream-replay/logs/rtt-6207@128.txt
1 0.075293 0 
2 0.103245 0 
4 0.103838 0 
5 0.100335 0 
6 0.100235 0 
7 0.083816 0 
8 0.115498 0 
9 0.099173 0 
10 0.082724 0 
11 0.066994 0 
12 0.050597 0 
13 0.034218 0 
14 0.024853 0 
15 0.008299 0 
16 0.095093 0 
17 0.078921 0 
18 0.062598 0 
19 0.087421 0 
20 0.071114 0 
21 0.054803 0 
22 0.047367 0 
23 0.031267 0 
24 0.015027 0 
25 0.054745 0 
26 0.048678 0 
27 0.032631 0 
28 0.016325 0 
29 0.044774 0 
31 0.012557 0 
32 0.024091 0 
33 0.018198 0 
34 0.109735 0 
35 0.093608 0 
36 0.077205 0 
37 0.075995 0 
38 0.059846 0 
40 0.032377 0 
41 0.043739 0 
42 0.027699 0 
43 0.011684 0 
45 0.047020 0 
47 0.016046 0 
48 0.103932 0 
49 0.229770 0 
50 0.213446 0 
53 0.164766 0 
54 0.148439 0 
55 0.147737 0 
56 0.131304 0 
57 0.114693 0 
58 0.098444 0 
59 0.100430 0 
60 0.084372 0 
61 0.068210 0 
62 0.102659 0 
63 0.086133 0 
64 0.078496 0 
66 0.046165 0 
68 0.067676 0 
69 0.051616 0 
70 0.108562 0 
71 0.091743 0 
72 0.075684 0 
76 0.048072 0 
77 0.074684 0 
78 0.084969 0 
79 0.068361 0 
80 0.145877 0 
81 0.129803 0 
82 0.114006 0 
83 0.097647 0 
84 0.094544 0 
85 0.078389 0 
86 0.092151 0 
87 0.075600 0 
88 0.059103 0 
89 0.042824 0 
90 0.026259 0 
92 0.111507 0 
93 0.185561 0 
94 0.169186 0 
95 0.152731 0 
96 0.190287 0 
97 0.174094 0 
98 0.169251 0 
99 0.153231 0 
100 0.136815 0 
101 0.167830 0 
103 0.160802 0 
105 0.147393 0 
106 0.130859 0 
107 0.114913 0 
108 0.098557 0 
109 0.082444 0 
110 0.078575 0 
111 0.063546 0 
113 0.085975 0 
114 0.069530 0 
115 0.053347 0 
116 0.107019 0 
118 0.074507 0 
120 0.057261 0 
121 0.041059 0 
122 0.024702 0 
124 0.024698 0 
125 0.037311 0 
126 0.020958 0 
128 0.041566 0 
130 0.128977 0 
131 0.112860 0 
132 0.096602 0 
133 0.121298 0 
134 0.104845 0 
135 0.096970 0 
136 0.249941 0 
137 0.233861 0 
138 0.264469 0 
139 0.248518 0 
140 0.232422 0 
141 0.216099 0 
142 0.229400 0 
143 0.212975 0 
144 0.216556 0 
145 0.200735 0 
147 0.174271 0 
148 0.158059 0 
149 0.141660 0 
150 0.134254 0 
151 0.117260 0 
152 0.120653 0 
153 0.104246 0 
155 0.071283 0 
156 0.147903 0 
157 0.131732 0 
158 0.115275 0 
159 0.143270 0 
160 0.126908 0 
161 0.110605 0 
162 0.108142 0 
163 0.091670 0 
164 0.075452 0 
165 0.229390 0 
166 0.213632 0 
168 0.180688 0 
169 0.183400 0 
170 0.167951 0 
171 0.201284 0 
172 0.184720 0 
173 0.220711 0 
177 0.210721 0 
178 0.194115 0 
179 0.177649 0 
181 0.250653 0 
182 0.234163 0 
183 0.218291 0 
184 0.214918 0 
186 0.215973 0 
187 0.224455 0 
188 0.208709 0 
189 0.191825 0 
190 0.312231 0 
191 0.295756 0 
193 0.262614 0 
194 0.246021 0 
195 0.303855 0 
196 0.287522 0 
197 0.271010 0 
198 0.254265 0 
199 0.237137 0 
200 0.221338 0 
201 0.208611 0 
203 0.183370 0 
204 0.250083 0 
205 0.233702 0 
206 0.219235 0 
207 0.272025 0 
208 0.255092 0 
209 0.238867 0 
210 0.222622 0 
211 0.277875 0 
212 0.261559 0 
213 0.300101 0 
214 0.285739 0 
215 0.270906 0 
216 0.255408 0 
217 0.256397 0 
218 0.238715 0 
219 0.221678 0 
220 0.205444 0 
221 0.211051 0 
222 0.194726 0 
223 0.177781 0 
224 0.184566 0 
225 0.167865 0 
226 0.151281 0 
227 0.134745 0 
228 0.157873 0 
230 0.152983 0 
231 0.201398 0 
232 0.184842 0 
233 0.174981 0 
234 0.158620 0 
235 0.142114 0 
236 0.125883 0 
237 0.204332 0 
239 0.190801 0 
240 0.174646 0 
241 0.158177 0 
242 0.142013 0 
244 0.108646 0 
246 0.075447 0 
247 0.083206 0 
248 0.160608 0 
249 0.145174 0 
252 0.093446 0 
253 0.084193 0 
254 0.067883 0 
255 0.079701 0 
256 0.063575 0 
257 0.047285 0 
258 0.069638 0 
259 0.053869 0 
260 0.050581 0 
261 0.038122 0 
262 0.021820 0 
263 0.034346 0 
265 0.042372 0 
267 0.106838 0 
268 0.090692 0 
269 0.074763 0 
270 0.058439 0 
271 0.042222 0 
272 0.049405 0 
273 0.033300 0 
275 0.080664 0 
276 0.154695 0 
277 0.138127 0 
278 0.121094 0 
279 0.147417 0 
280 0.130781 0 
281 0.114333 0 
282 0.097924 0 
283 0.153051 0 
284 0.136651 0 
285 0.119518 0 
286 0.113860 0 
287 0.097446 0 
288 0.080780 0 
289 0.067308 0 
291 0.084665 0 
292 0.070908 0 
293 0.054161 0 
294 0.063154 0 
295 0.070645 0 
296 0.054613 0 
297 0.037453 0 
298 0.051244 0 
299 0.039478 0 
300 0.023992 0 
302 0.032438 0 
304 0.022768 0 
305 0.013376 0 
306 0.023005 0 
307 0.014634 0 
308 0.041114 0 
309 0.024650 0 
310 0.024350 0 
312 0.062128 0 
313 0.044751 0 
314 0.133979 0 
315 0.149975 0 
317 0.201516 0 
319 0.172258 0 
320 0.155759 0 
321 0.139435 0 
323 0.107317 0 
324 0.091756 0 
325 0.075182 0 
327 0.050392 0 
328 0.034097 0 
329 0.017391 0 
330 0.052946 0 
331 0.048560 0 
332 0.076009 0 
333 0.058783 0 
334 0.095977 0 
335 0.078571 0 
336 0.062011 0 
337 0.045589 0 
338 0.039964 0 
339 0.023628 0 
340 0.074384 0 
341 0.057234 0 
342 0.147847 0 
343 0.131763 0 
344 0.151593 0 
346 0.142037 0 
347 0.125654 0 
348 0.198755 0 
349 0.182329 0 
350 0.192017 0 
351 0.175682 0 
352 0.254168 0 
354 0.221474 0 
355 0.205237 0 
356 0.188633 0 
357 0.172419 0 
358 0.156008 0 
359 0.200481 0 
360 0.186857 0 
361 0.185803 0 
362 0.169255 0 
363 0.227014 0 
364 0.211547 0 
365 0.192027 0 
367 0.159340 0 
368 0.166313 0 
369 0.148901 0 
370 0.152401 0 
371 0.136387 0 
372 0.145574 0 
373 0.128158 0 
375 0.103479 0 
376 0.137873 0 
377 0.121030 0 
378 0.150220 0 
380 0.114319 0 
381 0.097684 0 
382 0.084159 0 
383 0.125071 0 
385 0.092598 0 
386 0.096853 0 
387 0.079679 0 
388 0.063966 0 
389 0.124477 0 
390 0.107118 0 
392 0.074506 0 
393 0.097630 0 
394 0.113634 0 
395 0.097508 0 
396 0.080988 0 
397 0.064240 0 
398 0.153553 0 
399 0.137932 0 
400 0.120094 0 
402 0.145373 0 
403 0.128997 0 
404 0.112037 0 
405 0.148437 0 
406 0.132899 0 
407 0.136431 0 
408 0.120645 0 
409 0.104389 0 
410 0.088064 0 
411 0.100635 0 
412 0.084426 0 
413 0.067691 0 
414 0.050597 0 
415 0.035309 0 
416 0.018200 0 
417 0.076032 0 
418 0.059405 0 
419 0.076280 0 
420 0.103621 0 
421 0.083953 0 
422 0.069063 0 
423 0.052537 0 
424 0.036236 0 
425 0.019651 0 
426 0.232812 0 
427 0.216814 0 
429 0.194177 0 
430 0.228756 0 
431 0.211063 0 
432 0.212562 0 
433 0.196661 0 
434 0.183570 0 
435 0.266881 0 
436 0.250599 0 
438 0.217068 0 
439 0.201353 0 
440 0.184697 0 
441 0.168899 0 
443 0.135368 0 
445 0.119528 0 
446 0.120388 0 
447 0.109809 0 
448 0.094338 0 
451 0.077366 0 
452 0.060269 0 
453 0.043508 0 
454 0.092098 0 
455 0.076063 0 
456 0.059429 0 
457 0.046489 0 
458 0.031015 0 
459 0.031897 0 
460 0.036367 0 
461 0.020200 0 
462 0.026090 0 
464 0.069503 0 
466 0.092012 0 
467 0.074790 0 
468 0.086554 0 
469 0.077868 0 
470 0.061052 0 
471 0.043796 0 
472 0.029421 0 
474 0.048763 0 
475 0.076449 0 
476 0.059910 0 
477 0.043639 0 
478 0.086600 0 
479 0.069665 0 
480 0.052767 0 
481 0.191056 0 
482 0.174233 0 
483 0.157541 0 
484 0.142192 0 
485 0.134796 0 
486 0.120163 0 
487 0.103762 0 
488 0.106190 0 
490 0.126243 0 
491 0.109815 0 
492 0.121408 0 
493 0.104513 0 
494 0.087806 0 
495 0.108635 0 
496 0.092233 0 
497 0.086708 0 
498 0.070506 0 
499 0.220746 0 
501 0.191737 0 
503 0.217980 0 
504 0.201892 0 
505 0.184029 0 
506 0.184717 0 
507 0.179918 0 
508 0.177895 0 
509 0.161913 0 
511 0.188648 0 
512 0.172032 0 
513 0.193027 0 
514 0.174896 0 
516 0.162843 0 
518 0.129057 0 
519 0.220399 0 
520 0.203322 0 
522 0.204645 0 
523 0.188281 0 
524 0.171899 0 
526 0.138772 0 
527 0.122695 0 
528 0.106052 0 
529 0.089541 0 
530 0.073136 0 
531 0.166033 0 
532 0.149554 0 
533 0.146580 0 
534 0.129924 0 
535 0.113370 0 
536 0.137054 0 
537 0.120287 0 
538 0.103796 0 
539 0.087733 0 
540 0.083627 0 
541 0.075295 0 
542 0.106515 0 
543 0.129704 0 
545 0.096103 0 
546 0.080580 0 
547 0.069206 0 
548 0.053123 0 
549 0.036912 0 
550 0.049918 0 
551 0.044811 0 
553 0.122742 0 
554 0.108546 0 
555 0.092122 0 
556 0.078517 0 
557 0.098309 0 
558 0.081784 0 
559 0.080529 0 
560 0.069347 0 
561 0.053210 0 
562 0.075067 0 
563 0.058497 0 
564 0.042122 0 
566 0.037625 0 
567 0.046305 0 
568 0.030095 0 
569 0.038041 0 
570 0.020263 0 
571 0.023399 0 
572 0.053423 0 
574 0.029903 0 
575 0.025179 0 
576 0.057803 0 
577 0.135426 0 
579 0.100902 0 
580 0.084746 0 
581 0.067897 0 
582 0.051511 0 
584 0.018237 0 
585 0.026671 0 
586 0.026742 0 
587 0.063893 0 
588 0.046728 0 
589 0.030462 0 
591 0.029240 0 
592 0.045845 0 
593 0.082654 0 
594 0.066520 0 
595 0.072371 0 
596 0.055286 0 
597 0.056334 0 
598 0.043023 0 
599 0.034179 0 
601 0.054424 0 
602 0.038096 0 
603 0.061805 0 
604 0.044915 0 
605 0.028913 0 
606 0.030477 0 
607 0.014263 0 
608 0.113207 0 
609 0.096604 0 
610 0.131058 0 
611 0.114634 0 
612 0.097902 0 
613 0.092072 0 
614 0.076189 0 
615 0.059296 0 
616 0.042569 0 
617 0.025417 0 
618 0.009068 0 
619 0.024747 0 
620 0.008215 0 
621 0.047956 0 
622 0.031660 0 
623 0.038372 0 
624 0.022271 0 
625 0.065413 0 
626 0.048630 0 
628 0.049360 0 
629 0.112165 0 
630 0.095406 0 
631 0.079250 0 
632 0.087117 0 
633 0.068978 0 
634 0.050989 0 
635 0.034835 0 
637 0.138180 0 
638 0.121502 0 
639 0.105877 0 
640 0.089046 0 
642 0.057568 0 
644 0.025582 0 
645 0.038832 0 
646 0.086483 0 
647 0.070101 0 
650 0.048666 0 
651 0.032551 0 
652 0.040744 0 
653 0.055407 0 
654 0.038908 0 
655 0.056520 0 
656 0.039740 0 
657 0.023470 0 
658 0.076171 0 
659 0.059655 0 
660 0.043511 0 
661 0.040609 0 
663 0.082863 0 
665 0.089933 0 
666 0.073106 0 
667 0.092004 0 
668 0.075127 0 
669 0.058449 0 
670 0.041723 0 
671 0.083821 0 
673 0.047929 0 
674 0.085199 0 
675 0.069227 0 
676 0.062626 0 
677 0.046187 0 
678 0.029336 0 
679 0.033676 0 
680 0.018381 0 
681 0.058139 0 
682 0.041906 0 
683 0.055515 0 
684 0.038971 0 
685 0.144741 0 
686 0.128095 0 
687 0.111996 0 
689 0.188489 0 
690 0.171886 0 
691 0.160951 0 
692 0.146019 0 
693 0.205585 0 
694 0.189144 0 
695 0.173029 0 
696 0.156478 0 
697 0.140480 0 
698 0.195349 0 
700 0.163752 0 
702 0.130581 0 
703 0.131186 0 
704 0.114563 0 
705 0.097964 0 
706 0.081462 0 
711 0.207375 0 
712 0.248174 0 
713 0.231689 0 
715 0.283134 0 
717 0.250740 0 
718 0.345355 0 
719 0.328889 0 
721 0.326566 0 
722 0.310652 0 
723 0.418688 0 
725 0.385965 0 
726 0.369648 0 
727 0.401937 0 
728 0.385656 0 
729 0.369208 0 
730 0.410838 0 
731 0.394524 0 
732 0.398754 0 
733 0.394523 0 
734 0.378226 0 
735 0.361693 0 
736 0.345350 0 
737 0.328514 0 
738 0.314250 0 
739 0.301882 0 
740 0.286367 0 
741 0.290144 0 
742 0.273745 0 
744 0.290038 0 
745 0.272765 0 
746 0.289796 0 
747 0.273261 0 
748 0.269819 0 
749 0.253645 0 
750 0.334065 0 
752 0.301473 0 
753 0.287257 0 
754 0.271132 0 
755 0.346063 0 
756 0.330133 0 
757 0.313583 0 
758 0.296740 0 
759 0.280175 0 
760 0.263917 0 
761 0.247520 0 
762 0.231312 0 
763 0.214669 0 
765 0.208547 0 
766 0.189320 0 
767 0.190594 0 
768 0.174121 0 
769 0.158496 0 
770 0.141801 0 
771 0.125549 0 
773 0.141547 0 
774 0.124271 0 
775 0.152162 0 
776 0.135774 0 
778 0.103467 0 
779 0.087270 0 
780 0.097773 0 
781 0.081347 0 
783 0.057803 0 
784 0.040752 0 
785 0.070486 0 
786 0.053638 0 
787 0.037271 0 
788 0.106542 0 
790 0.074000 0 
791 0.057502 0 
792 0.116316 0 
793 0.100159 0 
794 0.084099 0 
795 0.067852 0 
796 0.051373 0 
797 0.039964 0 
798 0.023488 0 
800 0.047977 0 
801 0.031793 0 
802 0.129917 0 
803 0.125494 0 
804 0.108920 0 
805 0.094457 0 
806 0.077821 0 
807 0.061320 0 
808 0.088665 0 
809 0.072564 0 
810 0.056160 0 
811 0.039610 0 
812 0.087311 0 
813 0.070664 0 
814 0.054564 0 
815 0.059561 0 
816 0.043467 0 
817 0.070629 0 
818 0.103075 0 
819 0.085551 0 
820 0.069066 0 
821 0.075492 0 
822 0.059165 0 
823 0.042680 0 
824 0.064464 0 
825 0.048037 0 
827 0.102629 0 
828 0.152432 0 
829 0.136445 0 
830 0.120475 0 
831 0.176924 0 
832 0.271281 0 
833 0.255607 0 
834 0.239446 0 
836 0.206372 0 
837 0.190021 0 
838 0.173289 0 
839 0.157108 0 
841 0.127374 0 
843 0.184400 0 
844 0.167711 0 
845 0.225718 0 
849 0.306135 0 
850 0.308742 0 
851 0.291586 0 
852 0.280728 0 
853 0.264379 0 
854 0.246900 0 
855 0.231091 0 
856 0.241146 0 
857 0.224911 0 
858 0.208573 0 
859 0.192028 0 
860 0.175302 0 
862 0.158607 0 
864 0.125977 0 
865 0.142365 0 
866 0.125965 0 
867 0.109804 0 
868 0.129090 0 
869 0.113122 0 
870 0.096909 0 
872 0.158349 0 
873 0.141549 0 
874 0.142954 0 
875 0.126660 0 
876 0.110667 0 
877 0.119360 0 
878 0.102905 0 
879 0.086281 0 
880 0.069755 0 
881 0.069711 0 
882 0.056176 0 
883 0.040012 0 
884 0.031046 0 
885 0.025555 0 
886 0.021518 0 
888 0.167523 0 
889 0.151107 0 
890 0.141428 0 
891 0.125136 0 
892 0.110723 0 
893 0.094407 0 
894 0.078205 0 
895 0.124769 0 
896 0.108592 0 
897 0.119111 0 
899 0.107373 0 
901 0.075066 0 
902 0.074908 0 
903 0.058490 0 
904 0.081702 0 
905 0.065056 0 
906 0.060295 0 
907 0.044320 0 
909 0.081995 0 
910 0.065872 0 
911 0.049336 0 
912 0.034026 0 
914 0.128535 0 
916 0.104182 0 
917 0.088460 0 
918 0.081882 0 
920 0.049187 0 
921 0.069832 0 
922 0.053650 0 
924 0.047199 0 
925 0.031178 0 
926 0.066364 0 
927 0.049680 0 
928 0.067781 0 
929 0.051392 0 
930 0.062305 0 
931 0.046494 0 
932 0.030514 0 
933 0.052321 0 
934 0.036185 0 
935 0.094957 0 
936 0.078352 0 
937 0.062423 0 
938 0.143731 0 
939 0.127545 0 
940 0.167026 0 
941 0.150484 0 
943 0.211145 0 
944 0.195137 0 
945 0.178765 0 
946 0.182688 0 
947 0.166443 0 
951 0.228421 0 
953 0.197309 0 
954 0.196891 0 
955 0.180489 0 
956 0.193182 0 
957 0.175869 0 
958 0.185405 0 
959 0.183820 0 
960 0.167887 0 
961 0.151710 0 
962 0.145583 0 
964 0.123506 0 
965 0.134157 0 
966 0.117542 0 
967 0.118583 0 
968 0.102229 0 
969 0.086070 0 
970 0.080776 0 
972 0.048230 0 
973 0.085252 0 
974 0.068422 0 
975 0.061371 0 
977 0.029702 0 
978 0.020570 0 
979 0.100314 0 
980 0.083544 0 
982 0.067972 0 
983 0.097187 0 
984 0.081129 0 
985 0.064880 0 
986 0.048753 0 
987 0.098306 0 
989 0.065814 0 
990 0.118365 0 
991 0.102150 0 
992 0.085706 0 
993 0.087214 0 
994 0.071220 0 
995 0.054877 0 
996 0.109828 0 
997 0.093404 0 
999 0.200932 0 
1000 0.184695 0 
1001 0.167916 0 
1002 0.152318 0 
1003 0.136220 0 
1004 0.166520 0 
1005 0.150280 0 
1006 0.133731 0 
1007 0.170262 0 
1008 0.161109 0 
1009 0.175509 0 
1010 0.167706 0 
1011 0.150904 0 
1012 0.135114 0 
1013 0.180431 0 
1014 0.164306 0 
1015 0.148118 0 
1016 0.131594 0 
1017 0.115192 0 
1018 0.098618 0 
1019 0.082367 0 
1020 0.066077 0 
1021 0.049486 0 
1022 0.054722 0 
1023 0.038161 0 
1024 0.048974 0 
1026 0.017070 0 
1027 0.092834 0 
1028 0.076530 0 
1029 0.060081 0 
1030 0.044030 0 
1031 0.039549 0 
1032 0.023578 0 
1033 0.016316 0 
1035 0.101095 0 
1036 0.084747 0 
1037 0.068273 0 
1038 0.050978 0 
1040 0.113736 0 
1042 0.118026 0 
1043 0.116400 0 
1044 0.187997 0 
1045 0.171222 0 
1048 0.151778 0 
1049 0.135514 0 
1050 0.133279 0 
1051 0.225692 0 
1052 0.261457 0 
1053 0.245704 0 
1054 0.229446 0 
1055 0.290834 0 
1056 0.274915 0 
1057 0.274541 0 
1058 0.280782 0 
1059 0.267252 0 
1061 0.278447 0 
1063 0.248864 0 
1064 0.260128 0 
1065 0.244143 0 
1066 0.228033 0 
1067 0.211870 0 
1068 0.195386 0 
1069 0.179053 0 
1071 0.149123 0 
1072 0.133849 0 
1073 0.152050 0 
1074 0.137254 0 
1075 0.121233 0 
1076 0.104808 0 
1077 0.088708 0 
1078 0.071942 0 
1079 0.055760 0 
1080 0.039587 0 
1081 0.022603 0 
1082 0.123223 0 
1083 0.107263 0 
1084 0.102176 0 
1085 0.086041 0 
1087 0.102672 0 
1088 0.101364 0 
1089 0.120850 0 
1090 0.104404 0 
1091 0.087988 0 
1092 0.072115 0 
1093 0.055645 0 
1094 0.039351 0 
1095 0.089262 0 
1096 0.073146 0 
1098 0.040992 0 
1100 0.008254 0 
1101 0.063048 0 
1102 0.046794 0 
1103 0.039814 0 
1104 0.023280 0 
1105 0.009347 0 
1106 0.047139 0 
1108 0.081120 0 
1109 0.065219 0 
1110 0.081235 0 
1111 0.065171 0 
1113 0.114504 0 
1115 0.098565 0 
1116 0.082229 0 
1117 0.150914 0 
1119 0.139498 0 
1120 0.124032 0 
1121 0.108080 0 
1123 0.096055 0 
1124 0.079982 0 
1125 0.063610 0 
1126 0.082631 0 
1127 0.088482 0 
1129 0.099720 0 
1130 0.082942 0 
1131 0.079001 0 
1132 0.063067 0 
1133 0.082610 0 
1134 0.066798 0 
1135 0.050511 0 
1136 0.033894 0 
1137 0.017678 0 
1138 0.026155 0 
1139 0.066850 0 
1140 0.376172 0 
1142 0.342036 0 
1143 0.376016 0 
1144 0.359797 0 
1145 0.343994 0 
1146 0.327812 0 
1147 0.311561 0 
1148 0.318871 0 
1150 0.285425 0 
1151 0.301009 0 
1152 0.284886 0 
1153 0.268479 0 
1154 0.252480 0 
1155 0.236220 0 
1156 0.227162 0 
1157 0.270681 0 
1158 0.254069 0 
1159 0.238086 0 
1160 0.233658 0 
1161 0.293062 0 
1163 0.260221 0 
1164 0.308517 0 
1165 0.292235 0 
1166 0.311188 0 
1167 0.289665 0 
1168 0.273192 0 
1169 0.265167 0 
1171 0.232618 0 
1172 0.221859 0 
1173 0.279626 0 
1174 0.263458 0 
1176 0.230826 0 
1177 0.214622 0 
1178 0.198356 0 
1179 0.182324 0 
1181 0.162672 0 
1182 0.247330 0 
1183 0.231210 0 
1184 0.227836 0 
1185 0.212129 0 
1186 0.197743 0 
1188 0.192611 0 
1189 0.176319 0 
1190 0.187042 0 
1191 0.170369 0 
1192 0.177426 0 
1193 0.164943 0 
1194 0.155916 0 
1195 0.152372 0 
1196 0.135903 0 
1198 0.102245 0 
1199 0.134518 0 
1200 0.118681 0 
1201 0.102174 0 
1202 0.104774 0 
1203 0.088606 0 
1204 0.072029 0 
1205 0.066324 0 
1206 0.050227 0 
1207 0.033669 0 
1208 0.084050 0 
1209 0.067904 0 
1210 0.051715 0 
1211 0.099563 0 
1212 0.082856 0 
1213 0.066773 0 
1214 0.147339 0 
1215 0.130943 0 
1216 0.114672 0 
1217 0.102173 0 
1218 0.089720 0 
1219 0.073223 0 
1220 0.093223 0 
1221 0.076971 0 
1222 0.060750 0 
1223 0.044516 0 
1225 0.022513 0 
1226 0.039974 0 
1227 0.030832 0 
1228 0.035079 0 
1229 0.058408 0 
1230 0.074728 0 
1231 0.058752 0 
1232 0.042925 0 
1234 0.041438 0 
1235 0.043370 0 
1236 0.026984 0 
1237 0.052782 0 
1239 0.019961 0 
1241 0.046926 0 
1242 0.064157 0 
1243 0.123798 0 
1244 0.107261 0 
1247 0.112462 0 
1248 0.096418 0 
1249 0.079928 0 
1250 0.089643 0 
1251 0.102277 0 
1252 0.085942 0 
1253 0.100884 0 
1254 0.119680 0 
1255 0.103588 0 
1256 0.087333 0 
1257 0.071414 0 
1258 0.054876 0 
1260 0.041636 0 
1262 0.026798 0 
1263 0.043484 0 
1264 0.027447 0 
1265 0.014244 0 
1266 0.038398 0 
1267 0.085781 0 
1268 0.069463 0 
1270 0.081757 0 
1271 0.065821 0 
1272 0.155945 0 
1273 0.139267 0 
1274 0.122621 0 
1275 0.106138 0 
1276 0.090009 0 
1277 0.073918 0 
1278 0.057444 0 
1279 0.121967 0 
1280 0.105546 0 
1281 0.112471 0 
1282 0.096322 0 
1283 0.080233 0 
1284 0.064197 0 
1286 0.060883 0 
1287 0.063948 0 
1288 0.047805 0 
1289 0.031560 0 
1290 0.015224 0 
1291 0.029791 0 
1292 0.013679 0 
1293 0.079225 0 
1294 0.062979 0 
1295 0.046878 0 
1297 0.044747 0 
1299 0.021925 0 
1300 0.039683 0 
1301 0.023464 0 
1302 0.088206 0 
1303 0.074874 0 
1304 0.143372 0 
1305 0.127174 0 
1307 0.121601 0 
1308 0.104788 0 
1309 0.088852 0 
1310 0.082094 0 
1312 0.048751 0 
1314 0.028938 0 
1315 0.022639 0 
1316 0.065317 0 
1318 0.034208 0 
1319 0.066875 0 
1320 0.050101 0 
1322 0.072114 0 
1323 0.055896 0 
1324 0.085621 0 
1325 0.069365 0 
1326 0.053541 0 
1327 0.053381 0 
1328 0.099765 0 
1329 0.083815 0 
1330 0.067980 0 
1331 0.146819 0 
1332 0.129722 0 
1333 0.113621 0 
1334 0.097822 0 
1335 0.081112 0 
1336 0.082381 0 
1337 0.066286 0 
1338 0.120507 0 
1339 0.103976 0 
1341 0.116193 0 
1342 0.100204 0 
1343 0.083623 0 
1344 0.067184 0 
1345 0.068372 0 
1346 0.062365 0 
1347 0.144728 0 
1349 0.112199 0 
1350 0.104852 0 
1351 0.092507 0 
1352 0.076425 0 
1353 0.059983 0 
1354 0.052804 0 
1355 0.036593 0 
1356 0.106781 0 
1357 0.094528 0 
1358 0.078083 0 
1359 0.078610 0 
1360 0.062222 0 
1362 0.172997 0 
1363 0.156447 0 
1364 0.140706 0 
1365 0.146342 0 
1366 0.130031 0 
1367 0.131113 0 
1368 0.124372 0 
1370 0.090808 0 
1371 0.130016 0 
1372 0.130089 0 
1373 0.114351 0 
1375 0.080978 0 
1376 0.087483 0 
1377 0.077459 0 
1378 0.061193 0 
1380 0.028566 0 
1381 0.021112 0 
1382 0.054763 0 
1383 0.055808 0 
1384 0.039875 0 
1385 0.046489 0 
1387 0.034210 0 
1388 0.045145 0 
1389 0.095841 0 
1390 0.078942 0 
1391 0.063143 0 
1392 0.046955 0 
1393 0.030761 0 
1394 0.046352 0 
1395 0.030137 0 
1397 0.068645 0 
1398 0.052324 0 
1399 0.036162 0 
1400 0.015330 0 
1401 0.105942 0 
1402 0.089546 0 
1403 0.087171 0 
1404 0.081703 0 
1405 0.065509 0 
1406 0.112060 0 
1407 0.095515 0 
1408 0.078908 0 
1409 0.085559 0 
1410 0.069442 0 
1411 0.053362 0 
1412 0.042189 0 
1413 0.083873 0 
1414 0.067914 0 
1415 0.051381 0 
1416 0.089350 0 
1417 0.073318 0 
1418 0.054653 0 
1419 0.038458 0 
1420 0.086223 0 
1421 0.069934 0 
1422 0.053830 0 
1424 0.081385 0 
1425 0.065042 0 
1426 0.076958 0 
1427 0.060669 0 
1428 0.044141 0 
1429 0.072444 0 
1430 0.056282 0 
1431 0.040015 0 
1433 0.066907 0 
1434 0.134548 0 
1435 0.118597 0 
1436 0.102808 0 
1438 0.070393 0 
1440 0.062120 0 
1441 0.056956 0 
1442 0.053099 0 
1443 0.067864 0 
1446 0.018770 0 
1447 0.058467 0 
1448 0.047901 0 
1449 0.036401 0 
1450 0.019926 0 
1451 0.031111 0 
1452 0.014951 0 
1453 0.055113 0 
1454 0.060290 0 
1455 0.159172 0 
1456 0.153661 0 
1457 0.137397 0 
1459 0.105501 0 
1461 0.086846 0 
1462 0.070288 0 
1463 0.054126 0 
1464 0.058773 0 
1465 0.042821 0 
1466 0.026698 0 
1467 0.062306 0 
1469 0.036088 0 
1470 0.096231 0 
1471 0.079920 0 
1472 0.089523 0 
1473 0.075753 0 
1474 0.059736 0 
1475 0.043478 0 
1476 0.060144 0 
1477 0.043647 0 
1478 0.075621 0 
1479 0.061006 0 
1480 0.048219 0 
1481 0.038650 0 
1482 0.022310 0 
1483 0.023378 0 
1485 0.064320 0 
1486 0.048255 0 
1487 0.032026 0 
1488 0.029427 0 
1489 0.031885 0 
1490 0.015454 0 
1491 0.074191 0 
1492 0.058134 0 
1493 0.042143 0 
1494 0.026306 0 
1496 0.033092 0 
1498 0.048318 0 
1499 0.032290 0 
1500 0.039454 0 
1501 0.023042 0 
1502 0.043641 0 
1503 0.027456 0 
1504 0.050773 0 
1506 0.040623 0 
1507 0.024352 0 
1508 0.072011 0 
1509 0.055547 0 
1511 0.053374 0 
1513 0.092397 0 
1514 0.076292 0 
1515 0.060309 0 
1517 0.027514 0 
1518 0.089874 0 
1519 0.073503 0 
1521 0.043008 0 
1522 0.026803 0 
1523 0.010722 0 
1524 0.041172 0 
1525 0.024725 0 
1526 0.063317 0 
1527 0.047323 0 
1528 0.119941 0 
1529 0.103230 0 
1530 0.086854 0 
1531 0.090240 0 
1532 0.074170 0 
1533 0.057584 0 
1534 0.041203 0 
1535 0.052188 0 
1536 0.036077 0 
1537 0.068090 0 
1538 0.103008 0 
1540 0.070437 0 
1541 0.054558 0 
1542 0.052174 0 
1543 0.063085 0 
1544 0.046287 0 
1545 0.059117 0 
1546 0.042717 0 
1548 0.021672 0 
1549 0.057763 0 
1550 0.041592 0 
1551 0.025103 0 
1552 0.058299 0 
1553 0.042246 0 
1554 0.026095 0 
1555 0.022130 0 
1556 0.014548 0 
1557 0.013265 0 
1558 0.077933 0 
1559 0.061255 0 
1561 0.093149 0 
1562 0.077146 0 
1563 0.090515 0 
1564 0.087724 0 
1565 0.071478 0 
1566 0.054497 0 
1567 0.063565 0 
1569 0.030925 0 
1570 0.031625 0 
1571 0.024312 0 
1572 0.082642 0 
1574 0.049639 0 
1575 0.033283 0 
1576 0.016878 0 
1577 0.069612 0 
1579 0.036762 0 
1580 0.060325 0 
1581 0.041534 0 
1582 0.084354 0 
1583 0.068586 0 
1584 0.055661 0 
1586 0.022705 0 
1587 0.015882 0 
1588 0.110266 0 
1589 0.094700 0 
1590 0.078334 0 
1591 0.061536 0 
1592 0.069841 0 
1593 0.053601 0 
1594 0.037328 0 
1596 0.064271 0 
1597 0.047911 0 
1598 0.101687 0 
1599 0.099507 0 
1600 0.083296 0 
1601 0.067091 0 
1602 0.051016 0 
1603 0.034922 0 
1604 0.053818 0 
1605 0.036851 0 
1606 0.086447 0 
1607 0.070232 0 
1608 0.054498 0 
1609 0.086117 0 
1610 0.070035 0 
1611 0.053987 0 
1612 0.053622 0 
1613 0.037397 0 
1614 0.026044 0 
1615 0.009369 0 
1616 0.069004 0 
1617 0.052448 0 
1618 0.036194 0 
1619 0.019345 0 
1620 0.128599 0 
1621 0.112027 0 
1623 0.114337 0 
1624 0.130257 0 
1625 0.114323 0 
1626 0.097937 0 
1627 0.106177 0 
1628 0.110832 0 
1629 0.094906 0 
1630 0.077944 0 
1632 0.049785 0 
1633 0.032942 0 
1634 0.016927 0 
1635 0.019740 0 
1637 0.058749 0 
1639 0.038382 0 
1640 0.037239 0 
1641 0.051074 0 
1642 0.033929 0 
1645 0.017160 0 
1646 0.043594 0 
1647 0.032260 0 
1648 0.046190 0 
1649 0.029958 0 
1650 0.100218 0 
1651 0.084499 0 
1652 0.076519 0 
1653 0.092559 0 
1654 0.076269 0 
1655 0.060136 0 
1656 0.058107 0 
1658 0.026710 0 
1660 0.082165 0 
1661 0.112270 0 
1662 0.096062 0 
1663 0.079714 0 
1664 0.099156 0 
1665 0.082488 0 
1666 0.066197 0 
1668 0.033645 0 
1669 0.042437 0 
1670 0.049888 0 
1671 0.033805 0 
1672 0.017317 0 
1673 0.166702 0 
1674 0.150858 0 
1675 0.135015 0 
1676 0.118754 0 
1677 0.102495 0 
1678 0.151428 0 
1679 0.146301 0 
1680 0.130133 0 
1681 0.113968 0 
1682 0.097708 0 
1684 0.092294 0 
1685 0.100288 0 
1686 0.083680 0 
1687 0.077287 0 
1688 0.060377 0 
1689 0.055148 0 
1690 0.038648 0 
1691 0.072724 0 
1692 0.058463 0 
1693 0.042213 0 
1695 0.045275 0 
1697 0.068872 0 
1698 0.052786 0 
1699 0.036320 0 
1700 0.026845 0 
1701 0.165391 0 
1702 0.160542 0 
1703 0.195437 0 
1705 0.163208 0 
1706 0.146809 0 
1707 0.159633 0 
1708 0.141915 0 
1713 0.283251 0 
1714 0.267114 0 
1716 0.234247 0 
1717 0.218057 0 
1718 0.201877 0 
1720 0.169016 0 
1721 0.202248 0 
1722 0.185296 0 
1723 0.272739 0 
1724 0.256757 0 
1725 0.241460 0 
1726 0.282839 0 
1727 0.266743 0 
1728 0.257032 0 
1729 0.343943 0 
1730 0.327656 0 
1731 0.311290 0 
1732 0.295112 0 
1733 0.278313 0 
1734 0.279221 0 
1735 0.269602 0 
1736 0.253052 0 
1737 0.236767 0 
1740 0.324925 0 
1741 0.309009 0 
1742 0.311053 0 
1743 0.294923 0 
1744 0.310069 0 
1745 0.297245 0 
1747 0.284749 0 
1748 0.349170 0 
1749 0.332687 0 
1750 0.316702 0 
1751 0.324477 0 
1752 0.307801 0 
1753 0.310934 0 
1754 0.295596 0 
1755 0.279137 0 
1756 0.270058 0 
1757 0.253907 0 
1758 0.308667 0 
1760 0.275486 0 
1761 0.348578 0 
1762 0.333050 0 
1763 0.453107 0 
1764 0.436710 0 
1765 0.420680 0 
1766 0.404099 0 
1768 0.371242 0 
1769 0.355337 0 
1770 0.445491 0 
1771 0.461710 0 
1773 0.436330 0 
1774 0.420326 0 
1775 0.436139 0 
1776 0.418440 0 
1778 0.385206 0 
1779 0.402610 0 
1780 0.501050 0 
1781 0.495786 0 
1782 0.480029 0 
1783 0.536239 0 
1785 0.503738 0 
1786 0.487377 0 
1787 0.471238 0 
1788 0.496906 0 
1789 0.480774 0 
1790 0.464272 0 
1791 0.456962 0 
1792 0.441663 0 
1793 0.424899 0 
1795 0.501440 0 
1796 0.485233 0 
1797 0.484455 0 
1798 0.468729 0 
1799 0.454422 0 
1800 0.481680 0 
1801 0.464901 0 
1802 0.448744 0 
1803 0.431628 0 
1804 0.415468 0 
1805 0.399383 0 
1806 0.457824 0 
1807 0.441627 0 
1808 0.426185 0 
1809 0.416725 0 
1810 0.400917 0 
1811 0.384489 0 
1812 0.396552 0 
1813 0.379926 0 
1814 0.363668 0 
1815 0.363686 0 
1816 0.347450 0 
1817 0.331195 0 
1818 0.344563 0 
1819 0.326704 0 
1820 0.310873 0 
1822 0.278134 0 
1823 0.272701 0 
1824 0.258811 0 
1825 0.252548 0 
1826 0.236445 0 
1827 0.220163 0 
1828 0.203694 0 
1829 0.187211 0 
1831 0.188353 0 
1832 0.172246 0 
1833 0.154702 0 
1834 0.138074 0 
1836 0.105371 0 
1838 0.072963 0 
1839 0.072899 0 
1840 0.085394 0 
1841 0.102473 0 
1844 0.053230 0 
1845 0.070633 0 
1846 0.054444 0 
1847 0.038632 0 
1848 0.022309 0 
1849 0.014007 0 
1850 0.114795 0 
1851 0.099067 0 
1852 0.082659 0 
1853 0.066949 0 
1854 0.050700 0 
1855 0.078740 0 
1857 0.077883 0 
1859 0.045290 0 
1860 0.028682 0 
1861 0.058734 0 
1862 0.088820 0 
1863 0.072252 0 
1864 0.056201 0 
1865 0.098410 0 
1867 0.065691 0 
1868 0.086990 0 
1869 0.071123 0 
1870 0.066269 0 
1871 0.169662 0 
1872 0.153867 0 
1873 0.137646 0 
1874 0.169229 0 
1875 0.153497 0 
1876 0.137298 0 
1877 0.171831 0 
1878 0.155515 0 
1879 0.138816 0 
1880 0.213990 0 
1881 0.197854 0 
1883 0.193338 0 
1884 0.202200 0 
1885 0.185875 0 
1886 0.169705 0 
1887 0.153089 0 
1888 0.167245 0 
1889 0.151139 0 
1890 0.135017 0 
1891 0.118313 0 
1892 0.213277 0 
1894 0.180350 0 
1896 0.148189 0 
1897 0.132150 0 
1898 0.122518 0 
1899 0.106012 0 
1900 0.083298 0 
1901 0.070761 0 
1902 0.054534 0 
1904 0.114757 0 
1905 0.130642 0 
1906 0.196184 0 
1907 0.180464 0 
1909 0.220062 0 
1911 0.187764 0 
1912 0.171569 0 
1913 0.155237 0 
1915 0.123576 0 
1916 0.109465 0 
1917 0.093362 0 
1919 0.126270 0 
1920 0.124032 0 
1921 0.107876 0 
1922 0.091739 0 
1923 0.072330 0 
1924 0.056740 0 
1925 0.040017 0 
1926 0.023711 0 
1927 0.029857 0 
1928 0.015834 0 
1929 0.075265 0 
1930 0.059741 0 
1931 0.043468 0 
1932 0.027350 0 
1933 0.136390 0 
1934 0.139191 0 
1935 0.126636 0 
1936 0.118312 0 
1938 0.086057 0 
1939 0.087289 0 
1940 0.071541 0 
1941 0.054514 0 
1942 0.038555 0 
1943 0.038248 0 
1944 0.039071 0 
1946 0.111917 0 
1947 0.095365 0 
1948 0.078688 0 
1949 0.077038 0 
1950 0.061431 0 
1951 0.165202 0 
1952 0.149021 0 
1953 0.132727 0 
1954 0.117071 0 
1955 0.158910 0 
1956 0.142617 0 
1957 0.126615 0 
1959 0.140739 0 
1960 0.123936 0 
1961 0.133189 0 
1962 0.117069 0 
1963 0.111860 0 
1964 0.095665 0 
1965 0.079401 0 
1967 0.046706 0 
1968 0.038244 0 
1969 0.062276 0 
1970 0.053955 0 
1972 0.082057 0 
1973 0.065756 0 
1974 0.049688 0 
1975 0.033492 0 
1977 0.042969 0 
1978 0.032827 0 
1979 0.016561 0 
1980 0.102941 0 
1981 0.086891 0 
1982 0.070352 0 
1984 0.057889 0 
1985 0.207013 0 
1986 0.197251 0 
1987 0.181730 0 
1988 0.193681 0 
1989 0.177483 0 
1990 0.236714 0 
1991 0.220009 0 
1992 0.203682 0 
1994 0.171230 0 
1995 0.154858 0 
1996 0.164658 0 
1997 0.172661 0 
1998 0.156606 0 
1999 0.140702 0 
2000 0.177404 0 
2001 0.161124 0 
2002 0.145439 0 
2003 0.134689 0 
2004 0.121005 0 
2005 0.104400 0 
2006 0.139045 0 
2007 0.122922 0 
2008 0.106310 0 
2009 0.094091 0 
2010 0.083994 0 
2011 0.067982 0 
2012 0.056273 0 
2013 0.039934 0 
2014 0.023476 0 
2015 0.014422 0 
2016 0.025445 0 
2017 0.049006 0 
2018 0.032655 0 
2019 0.016710 0 
2021 0.047498 0 
2022 0.116486 0 
2023 0.099989 0 
2024 0.083989 0 
2025 0.107855 0 
2026 0.132301 0 
2027 0.116134 0 
2028 0.099849 0 
2030 0.066884 0 
2031 0.097073 0 
2032 0.081612 0 
2033 0.065160 0 
2035 0.031680 0 
2037 0.152620 0 
2038 0.144314 0 
2039 0.250181 0 
2040 0.235773 0 
2043 0.224279 0 
2044 0.278885 0 
2045 0.262575 0 
2046 0.246328 0 
2047 0.230221 0 
2048 0.214202 0 
2049 0.210313 0 
2050 0.194010 0 
2051 0.187200 0 
2052 0.183347 0 
2053 0.166999 0 
2054 0.187061 0 
2056 0.154757 0 
2058 0.154367 0 
2059 0.137401 0 
2060 0.131760 0 
2061 0.115628 0 
2062 0.099493 0 
2063 0.083208 0 
2064 0.067446 0 
2066 0.034773 0 
2067 0.071998 0 
2068 0.055258 0 
2069 0.039159 0 
2070 0.023238 0 
2071 0.085835 0 
2072 0.069845 0 
2073 0.053591 0 
2074 0.037385 0 
2075 0.045076 0 
2076 0.028633 0 
2077 0.079107 0 
2078 0.062290 0 
2079 0.054039 0 
2080 0.117153 0 
2082 0.095733 0 
2083 0.085537 0 
2084 0.068784 0 
2085 0.077893 0 
2086 0.061521 0 
2087 0.045268 0 
2088 0.028723 0 
2089 0.045129 0 
2090 0.028829 0 
2091 0.012622 0 
2093 0.054124 0 
2095 0.042879 0 
2096 0.028438 0 
2097 0.012233 0 
2098 0.106703 0 
2099 0.090519 0 
2100 0.108886 0 
2101 0.092489 0 
2103 0.059981 0 
2104 0.089134 0 
2105 0.072878 0 
2106 0.056361 0 
2108 0.091978 0 
2110 0.059309 0 
2111 0.043499 0 
2112 0.026294 0 
2114 0.055171 0 
2115 0.065653 0 
2116 0.049444 0 
2118 0.060616 0 
2119 0.044595 0 
2120 0.037375 0 
2121 0.021426 0 
2122 0.075715 0 
2123 0.059540 0 
2124 0.068277 0 
2125 0.052100 0 
2126 0.035738 0 
2127 0.057437 0 
2128 0.039571 0 
2129 0.025617 0 
2130 0.105415 0 
2131 0.089318 0 
2132 0.109836 0 
2133 0.093488 0 
2134 0.088487 0 
2135 0.071618 0 
2137 0.062850 0 
2138 0.116741 0 
2139 0.100468 0 
2140 0.084227 0 
2141 0.068440 0 
2142 0.051723 0 
2143 0.035443 0 
2145 0.102602 0 
2146 0.085831 0 
2147 0.069940 0 
2148 0.053654 0 
2149 0.036950 0 
2150 0.021363 0 
2151 0.020540 0 
2152 0.077423 0 
2153 0.061277 0 
2154 0.044911 0 
2155 0.071515 0 
2156 0.078323 0 
2158 0.046015 0 
2159 0.029693 0 
2160 0.068460 0 
2161 0.052395 0 
2162 0.097383 0 
2163 0.080937 0 
2164 0.064339 0 
2166 0.050249 0 
2167 0.034225 0 
2168 0.033041 0 
2169 0.162585 0 
2171 0.157913 0 
2172 0.150835 0 
2173 0.135345 0 
2174 0.118970 0 
2176 0.100124 0 
2177 0.114581 0 
2178 0.148480 0 
2179 0.132568 0 
2180 0.116271 0 
2181 0.149602 0 
2183 0.117389 0 
2184 0.115798 0 
2185 0.136680 0 
2186 0.120741 0 
2187 0.104679 0 
2188 0.105356 0 
2189 0.088838 0 
2190 0.079498 0 
2191 0.063372 0 
2193 0.030700 0 
2194 0.036438 0 
2195 0.020253 0 
2196 0.089485 0 
2197 0.073588 0 
2198 0.056846 0 
2199 0.092211 0 
2200 0.075742 0 
2201 0.060122 0 
2202 0.044008 0 
2203 0.027259 0 
2204 0.036052 0 
2205 0.083538 0 
2206 0.067283 0 
2207 0.051020 0 
2208 0.042416 0 
2209 0.025816 0 
2210 0.009556 0 
2211 0.086455 0 
2212 0.070249 0 
2213 0.058887 0 
2214 0.050293 0 
2215 0.033921 0 
2216 0.017080 0 
2217 0.068953 0 
2218 0.078240 0 
2220 0.045211 0 
2221 0.027555 0 
2222 0.055967 0 
2223 0.039710 0 
2224 0.058503 0 
2225 0.042377 0 
2226 0.052279 0 
2227 0.054970 0 
2229 0.111701 0 
2230 0.103697 0 
2231 0.087487 0 
2232 0.071038 0 
2234 0.037905 0 
2236 0.066770 0 
2237 0.204710 0 
2238 0.188294 0 
2239 0.227593 0 
2242 0.179055 0 
2243 0.266818 0 
2244 0.250653 0 
2245 0.234579 0 
2246 0.218564 0 
2247 0.202952 0 
2248 0.186549 0 
2249 0.184235 0 
2250 0.167454 0 
2251 0.159677 0 
2252 0.191192 0 
2253 0.175198 0 
2255 0.142435 0 
2257 0.205296 0 
2258 0.189774 0 
2259 0.173241 0 
2260 0.156389 0 
2261 0.203519 0 
2262 0.186621 0 
2263 0.170949 0 
2265 0.155391 0 
2266 0.139031 0 
2267 0.168207 0 
2268 0.152187 0 
2269 0.136715 0 
2270 0.134791 0 
2271 0.118317 0 
2272 0.163834 0 
2273 0.147623 0 
2274 0.131651 0 
2275 0.115775 0 
2276 0.099521 0 
2277 0.082490 0 
2278 0.071944 0 
2279 0.055651 0 
2281 0.059117 0 
2282 0.193569 0 
2283 0.176847 0 
2284 0.159565 0 
2285 0.142269 0 
2286 0.126017 0 
2287 0.109354 0 
2288 0.103494 0 
2289 0.087758 0 
2290 0.071968 0 
2292 0.068955 0 
2294 0.036295 0 
2295 0.116118 0 
2296 0.099855 0 
2297 0.083795 0 
2298 0.082815 0 
2299 0.066535 0 
2300 0.049735 0 
2302 0.050758 0 
2303 0.033465 0 
2304 0.017267 0 
2305 0.049075 0 
2307 0.027493 0 
2309 0.036526 0 
2310 0.020018 0 
2311 0.115319 0 
2313 0.081695 0 
2314 0.120652 0 
2315 0.104630 0 
2317 0.084015 0 
2318 0.067866 0 
2319 0.051740 0 
2320 0.055892 0 
2321 0.075118 0 
2322 0.059020 0 
2323 0.085943 0 
2324 0.069279 0 
2325 0.052752 0 
2326 0.085794 0 
2327 0.069757 0 
2328 0.053700 0 
2329 0.053146 0 
2330 0.037042 0 
2331 0.045893 0 
2332 0.029092 0 
2333 0.074104 0 
2334 0.119464 0 
2336 0.087471 0 
2337 0.071153 0 
2338 0.063872 0 
2339 0.047661 0 
2340 0.115373 0 
2341 0.099390 0 
2342 0.083117 0 
2344 0.080189 0 
2345 0.063851 0 
2346 0.047475 0 
2347 0.249155 0 
2348 0.232452 0 
2349 0.233009 0 
2350 0.248588 0 
2351 0.232551 0 
2352 0.216265 0 
2353 0.199784 0 
2354 0.183619 0 
2355 0.167567 0 
2357 0.235054 0 
2358 0.271868 0 
2359 0.254071 0 
2360 0.240482 0 
2361 0.223414 0 
2362 0.208075 0 
2363 0.191619 0 
2365 0.191190 0 
2366 0.175020 0 
2367 0.170400 0 
2368 0.169302 0 
2370 0.136648 0 
2371 0.190471 0 
2372 0.174388 0 
2373 0.158245 0 
2375 0.125357 0 
2376 0.163746 0 
2377 0.147262 0 
2378 0.140230 0 
2379 0.123775 0 
2380 0.107348 0 
2382 0.153101 0 
2383 0.136624 0 
2384 0.162576 0 
2385 0.146395 0 
2386 0.130183 0 
2387 0.128711 0 
2388 0.112916 0 
2389 0.096666 0 
2390 0.130985 0 
2392 0.097419 0 
2393 0.088676 0 
2394 0.131926 0 
2395 0.115578 0 
2396 0.099333 0 
2397 0.120142 0 
2398 0.103858 0 
2399 0.087530 0 
2400 0.096521 0 
2401 0.079946 0 
2402 0.063329 0 
2403 0.095168 0 
2404 0.078899 0 
2405 0.062696 0 
2406 0.134057 0 
2407 0.118028 0 
2408 0.174813 0 
2409 0.231867 0 
2410 0.215569 0 
2411 0.198854 0 
2412 0.193901 0 
2413 0.177552 0 
2414 0.161391 0 
2415 0.145161 0 
2416 0.128480 0 
2417 0.112020 0 
2419 0.113133 0 
2420 0.126906 0 
2421 0.110542 0 
2422 0.094088 0 
2423 0.077645 0 
2424 0.061700 0 
2425 0.118042 0 
2426 0.101341 0 
2428 0.080202 0 
2429 0.063942 0 
2430 0.047805 0 
2431 0.031305 0 
2433 0.062047 0 
2435 0.082624 0 
2436 0.171736 0 
2437 0.237905 0 
2438 0.233006 0 
2441 0.181455 0 
2442 0.187760 0 
2443 0.171464 0 
2444 0.155155 0 
2445 0.146217 0 
2446 0.130313 0 
2447 0.114114 0 
2448 0.151548 0 
2449 0.135158 0 
2450 0.118856 0 
2451 0.156411 0 
2452 0.140970 0 
2454 0.116009 0 
2456 0.100244 0 
2457 0.084108 0 
2458 0.079905 0 
2459 0.063587 0 
2460 0.047470 0 
2461 0.071218 0 
2462 0.052571 0 
2464 0.036695 0 
2465 0.231618 0 
2466 0.231010 0 
2467 0.215102 0 
2468 0.198655 0 
2469 0.182130 0 
2470 0.251300 0 
2471 0.235230 0 
2472 0.218967 0 
2473 0.211795 0 
2474 0.215785 0 
2475 0.198895 0 
2476 0.232336 0 
2477 0.216173 0 
2478 0.200571 0 
2480 0.251383 0 
2481 0.234573 0 
2482 0.299407 0 
2483 0.283237 0 
2484 0.359045 0 
2485 0.343030 0 
2486 0.326818 0 
2487 0.310628 0 
2488 0.297393 0 
2489 0.281614 0 
2491 0.262559 0 
2493 0.230239 0 
2494 0.322886 0 
2495 0.306368 0 
2496 0.290120 0 
2497 0.273985 0 
2498 0.263979 0 
2499 0.284078 0 
2501 0.254361 0 
2502 0.272774 0 
2503 0.256790 0 
2504 0.240390 0 
2506 0.319769 0 
2508 0.302676 0 
2509 0.283827 0 
2510 0.267462 0 
2512 0.274227 0 
2513 0.257832 0 
2514 0.296140 0 
2516 0.263834 0 
2517 0.247238 0 
2518 0.239012 0 
2519 0.223304 0 
2520 0.206948 0 
2521 0.315796 0 
2522 0.299596 0 
2523 0.309523 0 
2524 0.292686 0 
2525 0.276732 0 
2526 0.307486 0 
2527 0.290157 0 
2528 0.274305 0 
2529 0.276111 0 
2530 0.259944 0 
2531 0.367849 0 
2532 0.351584 0 
2533 0.413432 0 
2535 0.380833 0 
2536 0.364584 0 
2537 0.373065 0 
2538 0.356750 0 
2539 0.340645 0 
2540 0.349812 0 
2541 0.333377 0 
2543 0.347910 0 
2544 0.331706 0 
2545 0.315268 0 
2546 0.335984 0 
2547 0.319390 0 
2548 0.303150 0 
2549 0.286922 0 
2550 0.354267 0 
2551 0.338426 0 
2552 0.322281 0 
2553 0.337586 0 
2554 0.321539 0 
2556 0.298351 0 
2557 0.282118 0 
2558 0.265804 0 
2559 0.294950 0 
2560 0.278669 0 
2561 0.262774 0 
2562 0.246713 0 
2564 0.214195 0 
2565 0.250692 0 
2566 0.233812 0 
2567 0.296832 0 
2569 0.264296 0 
2570 0.248109 0 
2571 0.231378 0 
2572 0.218196 0 
2574 0.234815 0 
2575 0.218447 0 
2576 0.233835 0 
2577 0.217475 0 
2578 0.200501 0 
2579 0.191228 0 
2581 0.173222 0 
2582 0.257118 0 
2583 0.240563 0 
2584 0.282775 0 
2585 0.265141 0 
2586 0.248771 0 
2587 0.234617 0 
2588 0.218760 0 
2589 0.264749 0 
2591 0.232704 0 
2592 0.251213 0 
2593 0.284166 0 
2594 0.267492 0 
2595 0.251753 0 
2596 0.244080 0 
2597 0.240442 0 
2598 0.224263 0 
2599 0.219101 0 
2600 0.202888 0 
2601 0.186359 0 
2602 0.211369 0 
2603 0.194440 0 
2604 0.183052 0 
2605 0.244703 0 
2606 0.227610 0 
2607 0.211481 0 
2608 0.243767 0 
2609 0.227732 0 
2610 0.211578 0 
2611 0.215309 0 
2612 0.199186 0 
2613 0.182737 0 
2614 0.269672 0 
2615 0.253053 0 
2616 0.238632 0 
2618 0.328712 0 
2619 0.313088 0 
2620 0.305909 0 
2621 0.289435 0 
2622 0.272713 0 
2623 0.300887 0 
2624 0.284995 0 
2625 0.268612 0 
2627 0.264817 0 
2628 0.248849 0 
2629 0.242207 0 
2630 0.225853 0 
2632 0.193485 0 
2634 0.206429 0 
2635 0.231142 0 
2636 0.292541 0 
2637 0.276283 0 
2640 0.230199 0 
2641 0.244152 0 
2642 0.227922 0 
2643 0.275114 0 
2644 0.258881 0 
2645 0.268264 0 
2646 0.252398 0 
2647 0.241523 0 
2648 0.225551 0 
2649 0.209300 0 
2650 0.192637 0 
2651 0.176516 0 
2653 0.159545 0 
2655 0.192579 0 
2656 0.176087 0 
2657 0.159684 0 
2658 0.180081 0 
2659 0.163824 0 
2660 0.147849 0 
2661 0.148590 0 
2663 0.113826 0 
2664 0.197834 0 
2665 0.182934 0 
2666 0.166590 0 
2667 0.154723 0 
2668 0.138416 0 
2669 0.122025 0 
2670 0.169022 0 
2671 0.153139 0 
2672 0.136979 0 
2673 0.183175 0 
2674 0.166928 0 
2675 0.150604 0 
2676 0.152766 0 
2677 0.136224 0 
2679 0.143421 0 
2680 0.126850 0 
2681 0.110713 0 
2682 0.094491 0 
2683 0.086736 0 
2684 0.114659 0 
2685 0.098105 0 
2686 0.107966 0 
2687 0.091635 0 
2688 0.142696 0 
2690 0.129040 0 
2692 0.096835 0 
2693 0.080432 0 
2694 0.090182 0 
2695 0.074080 0 
2696 0.057822 0 
2697 0.124169 0 
2698 0.108109 0 
2700 0.127169 0 
2701 0.110999 0 
2702 0.094946 0 
2703 0.092692 0 
2705 0.060439 0 
2707 0.043210 0 
2708 0.026991 0 
2709 0.055253 0 
2711 0.141241 0 
2712 0.124875 0 
2713 0.107962 0 
2715 0.075534 0 
2716 0.081199 0 
2717 0.065323 0 
2718 0.048933 0 
2719 0.081731 0 
2720 0.065366 0 
2721 0.086238 0 
2722 0.068851 0 
2723 0.052679 0 
2724 0.055502 0 
2725 0.039111 0 
2726 0.022678 0 
2727 0.092522 0 
2728 0.076846 0 
2729 0.141916 0 
2730 0.133164 0 
2731 0.117277 0 
2732 0.100294 0 
2734 0.086596 0 
2735 0.079317 0 
2736 0.064846 0 
2737 0.059229 0 
2738 0.051538 0 
2739 0.074282 0 
2740 0.076813 0 
2742 0.133406 0 
2743 0.159725 0 
2744 0.143463 0 
2745 0.127258 0 
2746 0.111029 0 
2747 0.116760 0 
2748 0.101159 0 
2749 0.096075 0 
2750 0.092284 0 
2751 0.076311 0 
2752 0.060205 0 
2753 0.085938 0 
2755 0.053905 0 
2759 0.276368 0 
2760 0.260102 0 
2761 0.270450 0 
2763 0.272796 0 
2764 0.256214 0 
2765 0.239174 0 
2766 0.222866 0 
2768 0.190176 0 
2769 0.220714 0 
2770 0.231838 0 
2771 0.230238 0 
2773 0.199390 0 
2774 0.217976 0 
2775 0.201670 0 
2776 0.185220 0 
2777 0.168656 0 
2778 0.162979 0 
2780 0.129912 0 
2781 0.138070 0 
2782 0.137767 0 
2783 0.138856 0 
2784 0.121226 0 
2785 0.104172 0 
2786 0.088514 0 
2787 0.071539 0 
2788 0.065549 0 
2790 0.070787 0 
2791 0.054786 0 
2792 0.072290 0 
2793 0.056244 0 
2794 0.039648 0 
2795 0.055187 0 
2796 0.039127 0 
2797 0.022929 0 
2798 0.050030 0 
2799 0.033690 0 
2800 0.060741 0 
2801 0.044534 0 
2802 0.028266 0 
2803 0.055280 0 
2804 0.038596 0 
2805 0.075833 0 
2806 0.059226 0 
2807 0.042974 0 
2808 0.040882 0 
2809 0.024788 0 
2810 0.033847 0 
2811 0.017736 0 
2812 0.041058 0 
2813 0.025030 0 
2814 0.080474 0 
2815 0.064719 0 
2817 0.039362 0 
2818 0.096851 0 
2819 0.103114 0 
2820 0.087428 0 
2821 0.071049 0 
2822 0.054844 0 
2823 0.076661 0 
2824 0.060400 0 
2826 0.071050 0 
2827 0.054357 0 
2828 0.040309 0 
2829 0.024047 0 
2831 0.037589 0 
2833 0.043027 0 
2834 0.114635 0 
2835 0.117488 0 
2836 0.100914 0 
2839 0.146520 0 
2840 0.130776 0 
2841 0.283673 0 
2842 0.267598 0 
2843 0.261133 0 
2844 0.244598 0 
2845 0.250509 0 
2846 0.234372 0 
2847 0.273822 0 
2848 0.257446 0 
2849 0.241135 0 
2850 0.225116 0 
2852 0.235299 0 
2854 0.218247 0 
2855 0.201488 0 
2856 0.226997 0 
2857 0.210777 0 
2858 0.194541 0 
2859 0.188451 0 
2860 0.183534 0 
2862 0.150878 0 
2863 0.229783 0 
2864 0.212949 0 
2865 0.220997 0 
2866 0.204830 0 
2867 0.188558 0 
2868 0.224246 0 
2869 0.207817 0 
2870 0.191559 0 
2871 0.201464 0 
2872 0.185308 0 
2873 0.191013 0 
2874 0.181143 0 
2875 0.164988 0 
2876 0.148811 0 
2878 0.156189 0 
2879 0.178212 0 
2880 0.161776 0 
2881 0.145630 0 
2882 0.169728 0 
2883 0.153142 0 
2884 0.136898 0 
2885 0.120692 0 
2886 0.115515 0 
2887 0.099000 0 
2889 0.075883 0 
2891 0.043566 0 
2892 0.064477 0 
2893 0.048550 0 
2894 0.032080 0 
2895 0.073472 0 
2896 0.057041 0 
2897 0.052059 0 
2899 0.040808 0 
2900 0.024381 0 
2901 0.098583 0 
2902 0.082555 0 
2904 0.086165 0 
2906 0.053927 0 
2907 0.113809 0 
2908 0.097956 0 
2910 0.065425 0 
2911 0.096931 0 
2912 0.079505 0 
2914 0.046836 0 
2915 0.067736 0 
2916 0.060677 0 
2917 0.043808 0 
2918 0.039638 0 
2919 0.023081 0 
2920 0.098729 0 
2921 0.082387 0 
2922 0.066677 0 
2923 0.050132 0 
2924 0.121437 0 
2925 0.104943 0 
2926 0.088983 0 
2927 0.115495 0 
2928 0.099206 0 
2929 0.109426 0 
2930 0.093161 0 
2931 0.076961 0 
2933 0.061428 0 
2934 0.044600 0 
2935 0.028624 0 
2936 0.075312 0 
2937 0.059214 0 
2938 0.084307 0 
2939 0.068852 0 
2941 0.042539 0 
2942 0.026388 0 
2943 0.009979 0 
2944 0.092565 0 
2945 0.075974 0 
2946 0.059337 0 
2947 0.043155 0 
2948 0.026261 0 
2949 0.069346 0 
2950 0.053073 0 
2951 0.036521 0 
2952 0.079925 0 
2954 0.046583 0 
2955 0.137801 0 
2956 0.121189 0 
2957 0.178102 0 
2958 0.161845 0 
2959 0.157905 0 
2960 0.141044 0 
2962 0.109060 0 
2963 0.116651 0 
2964 0.100564 0 
2965 0.226496 0 
2967 0.193672 0 
2968 0.177402 0 
2969 0.160945 0 
2970 0.144376 0 
2972 0.111999 0 
2973 0.095296 0 
2974 0.100277 0 
2975 0.136884 0 
2976 0.120171 0 
2977 0.103691 0 
2979 0.103131 0 
2980 0.087205 0 
2981 0.098567 0 
2982 0.082170 0 
2983 0.099659 0 
2984 0.083551 0 
2985 0.179922 0 
2986 0.163707 0 
2987 0.154768 0 
2989 0.122129 0 
2990 0.106050 0 
2991 0.089888 0 
2992 0.073563 0 
2993 0.100427 0 
2994 0.083910 0 
2995 0.066854 0 
2996 0.050392 0 
2997 0.058128 0 
2998 0.047058 0 
2999 0.039336 0 
3000 0.023266 0 
3001 0.099615 0 
3002 0.078318 0 
3003 0.061511 0 
3004 0.094065 0 
3005 0.078246 0 
3006 0.062284 0 
3007 0.046278 0 
3008 0.030168 0 
3009 0.041875 0 
3010 0.025078 0 
3011 0.040347 0 
3012 0.024176 0 
3013 0.007965 0 
3014 0.036289 0 
3016 0.066931 0 
3017 0.128716 0 
3018 0.112612 0 
3019 0.096079 0 
3020 0.090734 0 
3021 0.073945 0 
3022 0.057051 0 
3023 0.071774 0 
3025 0.038491 0 
3026 0.021882 0 
3027 0.029484 0 
3028 0.013031 0 
3030 0.057255 0 
3032 0.023934 0 
3033 0.111778 0 
3034 0.119198 0 
3035 0.102790 0 
3038 0.052933 0 
3039 0.036649 0 
3040 0.079422 0 
3041 0.063311 0 
3042 0.047113 0 
3043 0.036175 0 
3044 0.020835 0 
3045 0.074869 0 
3046 0.059216 0 
3047 0.055798 0 
3048 0.039396 0 
3049 0.038130 0 
3051 0.053718 0 
3053 0.072557 0 
3054 0.056645 0 
3055 0.040521 0 
3056 0.030150 0 
3057 0.014503 0 
3058 0.022154 0 
3059 0.019310 0 
3061 0.042394 0 
3062 0.025933 0 
3063 0.009535 0 
3064 0.018210 0 
3065 0.094809 0 
3066 0.100791 0 
3067 0.082468 0 
3068 0.066292 0 
3069 0.050118 0 
3070 0.063999 0 
3071 0.047948 0 
3072 0.031866 0 
3073 0.052796 0 
3074 0.036821 0 
3075 0.020860 0 
3077 0.097539 0 
3078 0.113762 0 
3079 0.097379 0 
3080 0.080895 0 
3081 0.064775 0 
3082 0.061695 0 
3083 0.045635 0 
3084 0.027267 0 
3085 0.023395 0 
3086 0.018017 0 
3094 0.088488 0 
3095 0.075033 0 
3096 0.066591 0 
3098 0.035255 0 
3099 0.021293 0 
3100 0.035194 0 
3101 0.019467 0 
3103 0.051787 0 
3105 0.082526 0 
3106 0.066604 0 
3107 0.050303 0 
3109 0.076339 0 
3110 0.059941 0 
3111 0.042851 0 
3113 0.040835 0 
3114 0.024625 0 
3115 0.015089 0 
3116 0.024775 0 
3117 0.053195 0 
3118 0.037280 0 
3119 0.020962 0 
3120 0.110322 0 
3121 0.094233 0 
3122 0.089528 0 
3123 0.073614 0 
3124 0.057131 0 
3125 0.040485 0 
3126 0.050747 0 
3127 0.045433 0 
3128 0.067486 0 
3129 0.055557 0 
3130 0.047672 0 
3132 0.049589 0 
3133 0.050461 0 
3134 0.044290 0 
3135 0.027455 0 
3136 0.071975 0 
3137 0.062758 0 
3138 0.046420 0 
3140 0.014176 0 
3141 0.151069 0 
3142 0.141052 0 
3143 0.128405 0 
3144 0.114394 0 
3145 0.118009 0 
3146 0.098272 0 
3147 0.081640 0 
3148 0.065447 0 
3149 0.069844 0 
3150 0.053489 0 
3151 0.037195 0 
3153 0.086715 0 
3154 0.114424 0 
3155 0.098326 0 
3156 0.081922 0 
3157 0.171685 0 
3158 0.155463 0 
3159 0.139194 0 
3161 0.105899 0 
3162 0.117103 0 
3163 0.100959 0 
3164 0.150593 0 
3166 0.118072 0 
3167 0.101898 0 
3168 0.107585 0 
3169 0.091217 0 
3171 0.065884 0 
3172 0.049926 0 
3173 0.048917 0 
3174 0.032677 0 
3175 0.016670 0 
3176 0.078228 0 
3178 0.046759 0 
3179 0.084954 0 
3180 0.068447 0 
3181 0.068786 0 
3182 0.052721 0 
3183 0.036330 0 
3184 0.074670 0 
3185 0.058137 0 
3186 0.120207 0 
3188 0.087725 0 
3189 0.071188 0 
3190 0.055128 0 
3191 0.038766 0 
3192 0.022384 0 
3193 0.066069 0 
3194 0.053466 0 
3195 0.053081 0 
3196 0.032400 0 
3197 0.039607 0 
3198 0.023023 0 
3199 0.074940 0 
3200 0.101382 0 
3201 0.084613 0 
3202 0.069404 0 
3203 0.053040 0 
3204 0.051904 0 
3205 0.035903 0 
3206 0.058558 0 
3207 0.042030 0 
3208 0.026035 0 
3209 0.040107 0 
3210 0.024055 0 
3211 0.022972 0 
3212 0.128201 0 
3213 0.112461 0 
3215 0.081097 0 
3216 0.065268 0 
3217 0.072700 0 
3218 0.056625 0 
3219 0.039933 0 
3220 0.070764 0 
3221 0.054602 0 
3222 0.038535 0 
3224 0.148214 0 
3225 0.131961 0 
3226 0.115935 0 
3227 0.099486 0 
3229 0.066858 0 
3231 0.078994 0 
3232 0.062085 0 
3233 0.088784 0 
3234 0.078058 0 
3237 0.032547 0 
3238 0.031420 0 
3239 0.064268 0 
3240 0.149589 0 
3241 0.133364 0 
3242 0.117215 0 
3243 0.128615 0 
3244 0.112645 0 
3245 0.172925 0 
3246 0.156754 0 
3247 0.140819 0 
3248 0.124608 0 
3250 0.092233 0 
3252 0.067598 0 
3253 0.050861 0 
3254 0.095385 0 
3255 0.078458 0 
3256 0.061901 0 
3257 0.046059 0 
3258 0.028902 0 
3260 0.022187 0 
3261 0.021026 0 
3262 0.051795 0 
3263 0.035082 0 
3264 0.019966 0 
3265 0.129723 0 
3266 0.129842 0 
3267 0.114538 0 
3268 0.131100 0 
3269 0.114564 0 
3270 0.098012 0 
3271 0.091776 0 
3272 0.075211 0 
3273 0.058825 0 
3274 0.102031 0 
3276 0.146771 0 
3277 0.221131 0 
3278 0.204475 0 
3279 0.221469 0 
3280 0.205089 0 
3281 0.188701 0 
3282 0.296952 0 
3283 0.280807 0 
3284 0.264441 0 
3285 0.247859 0 
3287 0.214970 0 
3289 0.181966 0 
3290 0.165602 0 
3291 0.149302 0 
3292 0.132838 0 
3293 0.116781 0 
3294 0.100273 0 
3295 0.136277 0 
3297 0.103748 0 
3298 0.087338 0 
3299 0.071080 0 
3300 0.163413 0 
3302 0.130921 0 
3304 0.102326 0 
3305 0.095630 0 
3306 0.079260 0 
3308 0.063992 0 
3309 0.047676 0 
3310 0.070302 0 
3312 0.038112 0 
3313 0.033072 0 
3314 0.015985 0 
3315 0.123480 0 
3316 0.107916 0 
3317 0.110400 0 
3318 0.097305 0 
3319 0.162874 0 
3320 0.146394 0 
3321 0.234413 0 
3322 0.218405 0 
3323 0.202875 0 
3324 0.186326 0 
3325 0.170514 0 
3326 0.154848 0 
3327 0.138358 0 
3328 0.122875 0 
3329 0.115000 0 
3331 0.088698 0 
3332 0.072494 0 
3333 0.097918 0 
3334 0.081684 0 
3335 0.065490 0 
3336 0.113605 0 
3337 0.097164 0 
3339 0.064551 0 
3340 0.146622 0 
3341 0.133225 0 
3342 0.116958 0 
3343 0.100713 0 
3344 0.084315 0 
3345 0.067984 0 
3346 0.105229 0 
3347 0.088549 0 
3348 0.072324 0 
3349 0.097658 0 
3350 0.081221 0 
3352 0.049116 0 
3353 0.074205 0 
3354 0.058118 0 
3355 0.040168 0 
3356 0.024323 0 
3357 0.171419 0 
3358 0.154920 0 
3360 0.135388 0 
3361 0.156044 0 
3362 0.139317 0 
3363 0.159182 0 
3365 0.126328 0 
3366 0.132807 0 
3367 0.116892 0 
3368 0.100451 0 
3370 0.108694 0 
3371 0.092369 0 
3372 0.085897 0 
3373 0.069952 0 
3374 0.052839 0 
3375 0.071894 0 
3377 0.039255 0 
3378 0.059053 0 
3379 0.116113 0 
3380 0.140092 0 
3381 0.123847 0 
3382 0.107724 0 
3383 0.091474 0 
3384 0.075110 0 
3385 0.129743 0 
3387 0.096461 0 
3388 0.080544 0 
3389 0.085221 0 
3390 0.069452 0 
3391 0.065008 0 
3392 0.075457 0 
3393 0.059045 0 
3394 0.039819 0 
3395 0.043712 0 
3396 0.027909 0 
3397 0.064327 0 
3398 0.048194 0 
3399 0.075878 0 
3400 0.076713 0 
3401 0.140214 0 
3402 0.122130 0 
3403 0.105666 0 
3404 0.089710 0 
3405 0.112123 0 
3406 0.097838 0 
3407 0.095460 0 
3408 0.079003 0 
3409 0.082010 0 
3410 0.065454 0 
3411 0.070443 0 
3412 0.053918 0 
3414 0.021552 0 
3415 0.011286 0 
3416 0.027492 0 
3417 0.082318 0 
3418 0.065955 0 
3419 0.049435 0 
3420 0.070396 0 
3421 0.054069 0 
3423 0.074142 0 
3424 0.058240 0 
3425 0.041967 0 
3426 0.025831 0 
3428 0.012786 0 
3430 0.069034 0 
3431 0.136813 0 
3432 0.148451 0 
3433 0.132032 0 
3436 0.086877 0 
3437 0.070402 0 
3438 0.054556 0 
3439 0.151048 0 
3440 0.134576 0 
3441 0.118109 0 
3442 0.206371 0 
3443 0.196943 0 
3444 0.180851 0 
3445 0.270337 0 
3446 0.254345 0 
3447 0.238000 0 
3449 0.206659 0 
3451 0.174276 0 
3452 0.179769 0 
3453 0.163782 0 
3454 0.147355 0 
3455 0.131200 0 
3456 0.200519 0 
3457 0.183814 0 
3459 0.151680 0 
3460 0.135254 0 
3461 0.118970 0 
3462 0.102356 0 
3463 0.086451 0 
3464 0.070164 0 
3465 0.060354 0 
3466 0.055222 0 
3467 0.039065 0 
3468 0.061406 0 
3469 0.045370 0 
3470 0.028667 0 
3471 0.038524 0 
3472 0.022502 0 
3473 0.032549 0 
3475 0.177220 0 
3476 0.169908 0 
3477 0.152887 0 
3478 0.153174 0 
3479 0.136986 0 
3480 0.120531 0 
3481 0.104410 0 
3482 0.122786 0 
3483 0.106761 0 
3484 0.113596 0 
3486 0.114258 0 
3488 0.101937 0 
3489 0.085678 0 
3490 0.072661 0 
3491 0.056504 0 
3492 0.040456 0 
3493 0.129652 0 
3494 0.113134 0 
3496 0.080565 0 
3497 0.064561 0 
3498 0.048355 0 
3499 0.038169 0 
3501 0.052865 0 
3503 0.105536 0 
3504 0.088952 0 
3505 0.072274 0 
3507 0.048971 0 
3508 0.037681 0 
3509 0.021356 0 
3511 0.042775 0 
3512 0.065447 0 
3513 0.049471 0 
3514 0.091797 0 
3515 0.112328 0 
3516 0.096352 0 
3517 0.090497 0 
3518 0.074658 0 
3519 0.063260 0 
3520 0.084968 0 
3521 0.068640 0 
3522 0.052377 0 
3523 0.045145 0 
3524 0.028843 0 
3525 0.028931 0 
3526 0.082700 0 
3527 0.100877 0 
3528 0.084927 0 
3530 0.052457 0 
3531 0.030686 0 
3532 0.034096 0 
3533 0.030398 0 
3534 0.014481 0 
3535 0.128426 0 
3536 0.112501 0 
3538 0.179682 0 
3539 0.164026 0 
3540 0.143644 0 
3541 0.126843 0 
3542 0.110466 0 
3543 0.111973 0 
3544 0.110329 0 
3545 0.111104 0 
3546 0.094850 0 
3547 0.078338 0 
3548 0.143886 0 
3549 0.127696 0 
3551 0.095327 0 
3552 0.084956 0 
3553 0.069009 0 
3554 0.072066 0 
3555 0.055581 0 
3556 0.106447 0 
3557 0.090242 0 
3559 0.057850 0 
3560 0.149664 0 
3561 0.184355 0 
3562 0.175428 0 
3564 0.195997 0 
3565 0.179963 0 
3566 0.163564 0 
3567 0.147712 0 
3569 0.153099 0 
3570 0.171391 0 
3571 0.155156 0 
3572 0.138104 0 
3573 0.121560 0 
3574 0.192954 0 
3576 0.160348 0 
3577 0.240491 0 
3578 0.222828 0 
3579 0.213342 0 
3580 0.197456 0 
3581 0.181138 0 
3582 0.173565 0 
3583 0.157399 0 
3584 0.141100 0 
3586 0.182092 0 
3587 0.165703 0 
3588 0.206571 0 
3589 0.190500 0 
3590 0.173288 0 
3591 0.157413 0 
3592 0.165734 0 
3593 0.149255 0 
3594 0.318760 0 
3595 0.302693 0 
3596 0.285985 0 
3597 0.322370 0 
3598 0.306666 0 
3599 0.290411 0 
3600 0.335637 0 
3601 0.319489 0 
3602 0.303270 0 
3603 0.302052 0 
3604 0.285798 0 
3605 0.269732 0 
3606 0.253600 0 
3607 0.261162 0 
3608 0.244626 0 
3609 0.228385 0 
3610 0.212022 0 
3611 0.224001 0 
3613 0.191403 0 
3614 0.219970 0 
3615 0.203784 0 
3616 0.187579 0 
3617 0.171232 0 
3618 0.154561 0 
3619 0.243161 0 
3620 0.226703 0 
3622 0.271224 0 
3623 0.254906 0 
3624 0.238182 0 
3625 0.221538 0 
3627 0.189281 0 
3629 0.205626 0 
3630 0.246084 0 
3631 0.267030 0 
3632 0.290635 0 
3635 0.241636 0 
3636 0.225225 0 
3637 0.209458 0 
3638 0.192653 0 
3639 0.176123 0 
3640 0.208134 0 
3641 0.191705 0 
3642 0.175406 0 
3643 0.181675 0 
3644 0.166050 0 
3645 0.149778 0 
3646 0.133566 0 
3648 0.118572 0 
3650 0.100219 0 
3651 0.083892 0 
3652 0.068011 0 
3653 0.051660 0 
3654 0.035055 0 
3655 0.066507 0 
3656 0.096426 0 
3658 0.063994 0 
3659 0.047866 0 
3660 0.072741 0 
3661 0.056451 0 
3662 0.040156 0 
3663 0.053290 0 
3664 0.037391 0 
3665 0.044362 0 
3666 0.028001 0 
3667 0.050236 0 
3668 0.034220 0 
3669 0.018205 0 
3670 0.167449 0 
3671 0.150490 0 
3672 0.134039 0 
3674 0.164902 0 
3675 0.204325 0 
3676 0.188033 0 
3677 0.171344 0 
3678 0.191217 0 
3679 0.174603 0 
3680 0.158864 0 
3681 0.150661 0 
3682 0.133989 0 
3683 0.117703 0 
3685 0.093943 0 
3687 0.144756 0 
3688 0.129120 0 
3689 0.112736 0 
3690 0.122259 0 
3691 0.106129 0 
3692 0.089559 0 
3693 0.128545 0 
3695 0.095293 0 
3696 0.079250 0 
3697 0.084718 0 
3698 0.120282 0 
3700 0.087786 0 
3702 0.055050 0 
3703 0.089333 0 
3704 0.072019 0 
3706 0.055918 0 
3707 0.034706 0 
3708 0.018710 0 
3710 0.114250 0 
3711 0.097851 0 
3712 0.081436 0 
3713 0.073201 0 
3714 0.057461 0 
3715 0.067401 0 
3716 0.051364 0 
3717 0.035248 0 
3718 0.145824 0 
3719 0.130165 0 
3720 0.113973 0 
3722 0.189358 0 
3723 0.171981 0 
3724 0.164228 0 
3725 0.148485 0 
3726 0.131326 0 
3727 0.114800 0 
3729 0.099316 0 
3730 0.083005 0 
3731 0.066480 0 
3732 0.049393 0 
3733 0.033921 0 
3734 0.019234 0 
3735 0.031609 0 
3737 0.054245 0 
3738 0.038327 0 
3739 0.022200 0 
3740 0.043731 0 
3741 0.027017 0 
3742 0.119239 0 
3743 0.103182 0 
3744 0.087049 0 
3745 0.070886 0 
3746 0.054161 0 
3747 0.037167 0 
3748 0.045623 0 
3750 0.079863 0 
3751 0.083142 0 
3752 0.066983 0 
3753 0.081716 0 
3754 0.064957 0 
3755 0.048181 0 
3756 0.031524 0 
3758 0.027462 0 
3759 0.031698 0 
3760 0.027012 0 
3761 0.033739 0 
3763 0.057429 0 
3764 0.041343 0 
3765 0.024965 0 
3766 0.077278 0 
3768 0.044875 0 
3769 0.050893 0 
3770 0.034754 0 
3771 0.105579 0 
3772 0.089352 0 
3773 0.072777 0 
3775 0.056063 0 
3776 0.039894 0 
3777 0.036238 0 
3778 0.035529 0 
3779 0.021036 0 
3780 0.018799 0 
3781 0.052968 0 
3782 0.036809 0 
3783 0.108910 0 
3785 0.076097 0 
3786 0.069224 0 
3787 0.052843 0 
3788 0.036312 0 
3789 0.020279 0 
3790 0.049582 0 
3791 0.033283 0 
3792 0.017272 0 
3793 0.048347 0 
3794 0.031967 0 
3795 0.024705 0 
3796 0.022690 0 
3797 0.041589 0 
3798 0.025463 0 
3799 0.038969 0 
3800 0.022757 0 
3801 0.057886 0 
3802 0.041907 0 
3803 0.046661 0 
3804 0.030120 0 
3805 0.021535 0 
3806 0.061645 0 
3807 0.045903 0 
3808 0.029069 0 
3809 0.021866 0 
3810 0.046972 0 
3812 0.014910 0 
3813 0.110755 0 
3814 0.111463 0 
3815 0.096946 0 
3816 0.080744 0 
3817 0.139947 0 
3818 0.123493 0 
3819 0.107301 0 
3821 0.095126 0 
3822 0.124463 0 
3823 0.108220 0 
3824 0.092003 0 
3826 0.058618 0 
3828 0.079316 0 
3829 0.096758 0 
3830 0.080059 0 
3831 0.064059 0 
3834 0.014537 0 
3835 0.052567 0 
3836 0.043931 0 
3837 0.043388 0 
3838 0.040141 0 
3839 0.024274 0 
3840 0.043061 0 
3841 0.027525 0 
3842 0.028165 0 
3843 0.036778 0 
3844 0.020757 0 
3845 0.066092 0 
3847 0.042426 0 
3850 0.120229 0 
3851 0.102733 0 
3852 0.086431 0 
3853 0.070490 0 
3854 0.054627 0 
3855 0.105726 0 
3857 0.072815 0 
3858 0.085373 0 
3859 0.069208 0 
3860 0.053140 0 
3861 0.140217 0 
3862 0.123729 0 
3863 0.107388 0 
3864 0.110911 0 
3865 0.095272 0 
3866 0.094646 0 
3867 0.078079 0 
3868 0.061518 0 
3869 0.084508 0 
3870 0.068274 0 
3871 0.051906 0 
3873 0.119256 0 
3874 0.159822 0 
3875 0.143521 0 
3876 0.127207 0 
3877 0.115441 0 
3878 0.109946 0 
3879 0.094044 0 
3880 0.095560 0 
3881 0.078998 0 
3882 0.062669 0 
3884 0.073246 0 
3886 0.040815 0 
3887 0.033119 0 
3888 0.016531 0 
3889 0.023442 0 
3890 0.030126 0 
3891 0.084053 0 
3892 0.067411 0 
3894 0.079701 0 
3895 0.063173 0 
3896 0.046927 0 
3897 0.122293 0 
3899 0.089814 0 
3901 0.057292 0 
3902 0.049759 0 
3903 0.033597 0 
3905 0.022995 0 
3906 0.111561 0 
3907 0.095324 0 
3909 0.075574 0 
3910 0.058885 0 
3911 0.043228 0 
3912 0.026646 0 
3913 0.009670 0 
3914 0.071256 0 
3915 0.054957 0 
3916 0.052963 0 
3917 0.036607 0 
3918 0.055502 0 
3919 0.048946 0 
3920 0.032645 0 
3921 0.015558 0 
3922 0.020663 0 
3923 0.076873 0 
3924 0.060636 0 
3925 0.044178 0 
3926 0.027117 0 
3928 0.022812 0 
3929 0.096307 0 
3930 0.079639 0 
3931 0.064128 0 
3932 0.096440 0 
3933 0.080986 0 
3934 0.078005 0 
3936 0.045513 0 
3937 0.028710 0 
3938 0.012314 0 
3939 0.030848 0 
3940 0.014701 0 
3941 0.116412 0 
3942 0.099743 0 
3943 0.084031 0 
3944 0.067755 0 
3945 0.048652 0 
3946 0.061170 0 
3947 0.044400 0 
3949 0.074591 0 
3950 0.079989 0 
3951 0.063833 0 
3952 0.095863 0 
3953 0.079737 0 
3954 0.061934 0 
3955 0.047823 0 
3957 0.023560 0 
3958 0.131224 0 
3959 0.124752 0 
3960 0.108285 0 
3962 0.103285 0 
3963 0.088089 0 
3964 0.071721 0 
3965 0.055566 0 
3967 0.035933 0 
3968 0.108919 0 
3969 0.092696 0 
3970 0.076151 0 
3971 0.059714 0 
3972 0.054739 0 
3974 0.022186 0 
3975 0.032496 0 
3976 0.040058 0 
3977 0.089236 0 
3978 0.072947 0 
3979 0.056854 0 
3980 0.069347 0 
3981 0.053309 0 
3982 0.036349 0 
3984 0.067091 0 
3985 0.050283 0 
3986 0.051804 0 
3987 0.035164 0 
3988 0.018036 0 
3989 0.060650 0 
3990 0.044112 0 
3991 0.027702 0 
3992 0.055858 0 
3993 0.039351 0 
3994 0.022907 0 
3995 0.038295 0 
3996 0.021559 0 
3997 0.027421 0 
3998 0.047339 0 
3999 0.030584 0 
4000 0.044050 0 
4002 0.138297 0 
4003 0.121700 0 
4004 0.105375 0 
4005 0.089174 0 
4006 0.072289 0 
4007 0.063142 0 
4008 0.052728 0 
4009 0.036593 0 
4011 0.033701 0 
4012 0.040800 0 
4013 0.023904 0 
4014 0.134607 0 
4015 0.118100 0 
4016 0.102038 0 
4017 0.131553 0 
4018 0.115338 0 
4020 0.091375 0 
4021 0.075654 0 
4022 0.086188 0 
4023 0.070048 0 
4025 0.037365 0 
4027 0.087562 0 
4028 0.112673 0 
4029 0.179182 0 
4030 0.212485 0 
4033 0.163105 0 
4034 0.178313 0 
4035 0.162232 0 
4036 0.146288 0 
4037 0.170305 0 
4038 0.153819 0 
4039 0.180287 0 
4040 0.163527 0 
4041 0.147358 0 
4042 0.139766 0 
4043 0.121062 0 
4044 0.104668 0 
4046 0.137114 0 
4048 0.121557 0 
4049 0.105304 0 
4050 0.089245 0 
4051 0.073220 0 
4052 0.056895 0 
4053 0.040630 0 
4054 0.059235 0 
4056 0.040742 0 
4057 0.036307 0 
4058 0.020032 0 
4059 0.103720 0 
4060 0.087370 0 
4061 0.070635 0 
4062 0.054695 0 
4063 0.038575 0 
4064 0.096731 0 
4065 0.080827 0 
4066 0.063718 0 
4067 0.066421 0 
4068 0.053813 0 
4069 0.037191 0 
4070 0.079185 0 
4072 0.118530 0 
4073 0.100979 0 
4074 0.084776 0 
4075 0.069631 0 
4076 0.064562 0 
4077 0.047504 0 
4078 0.030662 0 
4079 0.014687 0 
4080 0.027738 0 
4081 0.118789 0 
4083 0.085594 0 
4085 0.052138 0 
4086 0.036123 0 
4087 0.034335 0 
4088 0.033420 0 
4089 0.017545 0 
4090 0.106185 0 
4091 0.089942 0 
4093 0.057679 0 
4094 0.041630 0 
4095 0.025196 0 
4096 0.116342 0 
4098 0.080177 0 
4100 0.049011 0 
4101 0.032942 0 
4102 0.016749 0 
4104 0.024844 0 
4105 0.038081 0 
4106 0.021914 0 
4108 0.022330 0 
4109 0.076032 0 
4110 0.060304 0 
4111 0.043995 0 
4112 0.027072 0 
4113 0.053818 0 
4114 0.044686 0 
4115 0.055868 0 
4116 0.038779 0 
4117 0.022288 0 
4118 0.062101 0 
4119 0.045834 0 
4120 0.029789 0 
4121 0.035101 0 
4122 0.131647 0 
4123 0.115249 0 
4124 0.136029 0 
4125 0.119305 0 
4127 0.157150 0 
4128 0.141045 0 
4129 0.124745 0 
4130 0.107521 0 
4131 0.090924 0 
4132 0.099077 0 
4133 0.082422 0 
4135 0.098500 0 
4136 0.082693 0 
4137 0.066485 0 
4138 0.050058 0 
4139 0.042055 0 
4140 0.025456 0 
4141 0.019482 0 
4142 0.061875 0 
4143 0.045801 0 
4144 0.028862 0 
4145 0.034382 0 
4146 0.018202 0 
4148 0.016759 0 
4149 0.196187 0 
4150 0.179844 0 
4151 0.163342 0 
4152 0.189008 0 
4153 0.172396 0 
4154 0.155778 0 
4156 0.123385 0 
4157 0.106464 0 
4158 0.145010 0 
4159 0.128374 0 
4161 0.114201 0 
4162 0.095953 0 
4163 0.079405 0 
4164 0.062800 0 
4166 0.038364 0 
4167 0.088313 0 
4168 0.072167 0 
4169 0.055900 0 
4170 0.213708 0 
4171 0.197445 0 
4173 0.165346 0 
4174 0.149196 0 
4175 0.132874 0 
4176 0.167016 0 
4177 0.149909 0 
4178 0.133539 0 
4179 0.129808 0 
4180 0.113462 0 
4181 0.096256 0 
4183 0.062812 0 
4184 0.057166 0 
4185 0.045352 0 
4186 0.028342 0 
4187 0.071347 0 
4188 0.055815 0 
4189 0.059056 0 
4190 0.042795 0 
4191 0.026613 0 
4192 0.071611 0 
4193 0.053346 0 
4194 0.037677 0 
4195 0.056502 0 
4196 0.040164 0 
4197 0.023202 0 
4198 0.076855 0 
4199 0.060522 0 
4200 0.052087 0 
4201 0.033900 0 
4202 0.019258 0 
4203 0.035688 0 
4204 0.018849 0 
4205 0.043843 0 
4206 0.026950 0 
4207 0.046297 0 
4208 0.028945 0 
4210 0.110691 0 
4211 0.093425 0 
4212 0.077840 0 
4213 0.061737 0 
4214 0.081701 0 
4215 0.076473 0 
4216 0.059988 0 
4217 0.043818 0 
4219 0.029135 0 
4220 0.094913 0 
4221 0.078876 0 
4222 0.062501 0 
4224 0.030099 0 
4226 0.025245 0 
4227 0.055989 0 
4228 0.349775 0 
4229 0.332313 0 
4232 0.318502 0 
4233 0.302080 0 
4234 0.285766 0 
4235 0.270235 0 
4236 0.323657 0 
4237 0.307696 0 
4238 0.291258 0 
4239 0.386421 0 
4240 0.369236 0 
4241 0.352812 0 
4242 0.382307 0 
4243 0.365980 0 
4245 0.351737 0 
4247 0.322178 0 
4248 0.304426 0 
4249 0.317231 0 
4250 0.300740 0 
4251 0.284275 0 
4252 0.298995 0 
4253 0.282353 0 
4255 0.248735 0 
4256 0.232678 0 
4257 0.316207 0 
4258 0.299449 0 
4259 0.282869 0 
4260 0.266147 0 
4261 0.308538 0 
4262 0.291371 0 
4263 0.274675 0 
4264 0.380934 0 
4265 0.364908 0 
4266 0.348117 0 
4267 0.345317 0 
4268 0.329465 0 
4269 0.312752 0 
4271 0.321092 0 
4272 0.374937 0 
4273 0.358402 0 
4274 0.342096 0 
4275 0.336377 0 
4276 0.318988 0 
4277 0.302713 0 
4278 0.288113 0 
4279 0.277831 0 
4280 0.261569 0 
4282 0.281574 0 
4284 0.248852 0 
4285 0.301330 0 
4286 0.285045 0 
4287 0.268247 0 
4288 0.251789 0 
4289 0.298964 0 
4290 0.282661 0 
4292 0.280151 0 
4293 0.263742 0 
4294 0.247269 0 
4295 0.273305 0 
4297 0.251019 0 
4299 0.218545 0 
4300 0.202001 0 
4301 0.204365 0 
4303 0.171526 0 
4304 0.220441 0 
4305 0.204909 0 
4307 0.314654 0 
4308 0.298345 0 
4309 0.282185 0 
4310 0.265741 0 
4311 0.258492 0 
4312 0.241786 0 
4313 0.233260 0 
4314 0.275063 0 
4315 0.258516 0 
4316 0.249348 0 
4317 0.232641 0 
4318 0.284492 0 
4319 0.268005 0 
4320 0.250549 0 
4321 0.240004 0 
4322 0.223434 0 
4323 0.217199 0 
4324 0.202767 0 
4326 0.170648 0 
4327 0.154240 0 
4328 0.144560 0 
4329 0.128193 0 
4330 0.154947 0 
4331 0.138423 0 
4332 0.212999 0 
4334 0.179829 0 
4335 0.162667 0 
4336 0.146038 0 
4337 0.129422 0 
4338 0.113204 0 
4339 0.095941 0 
4340 0.087769 0 
4341 0.071576 0 
4342 0.056639 0 
4343 0.040044 0 
4344 0.117454 0 
4345 0.101259 0 
4347 0.083490 0 
4348 0.067102 0 
4349 0.051072 0 
4350 0.084269 0 
4351 0.068429 0 
4352 0.067463 0 
4353 0.054100 0 
4355 0.020905 0 
4356 0.047260 0 
4357 0.030864 0 
4358 0.018565 0 
4360 0.081172 0 
4361 0.064895 0 
4362 0.048493 0 
4363 0.032010 0 
4365 0.021070 0 
4366 0.035846 0 
4367 0.019961 0 
4368 0.033665 0 
4369 0.065715 0 
4370 0.044738 0 
4372 0.048964 0 
4373 0.077370 0 
4374 0.061469 0 
4375 0.068305 0 
4376 0.049604 0 
4377 0.033700 0 
4378 0.053139 0 
4379 0.036794 0 
4380 0.025496 0 
4382 0.020668 0 
4383 0.056731 0 
4384 0.039772 0 
4385 0.023446 0 
4386 0.008322 0 
4387 0.010379 0 
4388 0.069998 0 
4389 0.053278 0 
4390 0.063933 0 
4392 0.130781 0 
4396 0.069085 0 
4397 0.054028 0 
4398 0.053485 0 
4399 0.037230 0 
4400 0.021152 0 
4401 0.075687 0 
4402 0.059263 0 
4403 0.040282 0 
4404 0.034802 0 
4405 0.046777 0 
4406 0.030689 0 
4407 0.065235 0 
4409 0.036310 0 
4410 0.057034 0 
4411 0.040497 0 
4412 0.023548 0 
4413 0.048289 0 
4414 0.072162 0 
4415 0.055509 0 
4416 0.040435 0 
4418 0.091696 0 
4419 0.074805 0 
4420 0.058400 0 
4421 0.041550 0 
4423 0.010904 0 
4425 0.201829 0 
4426 0.268346 0 
4427 0.343205 0 
4428 0.326860 0 
4431 0.334823 0 
4432 0.318461 0 
4433 0.302493 0 
4434 0.338037 0 
4435 0.321334 0 
4436 0.305082 0 
4437 0.316093 0 
4438 0.299895 0 
4439 0.283671 0 
4440 0.300506 0 
4441 0.283022 0 
4442 0.266895 0 
4444 0.241989 0 
4446 0.216590 0 
4447 0.200419 0 
4448 0.183922 0 
4449 0.192664 0 
4450 0.172156 0 
4451 0.155844 0 
4452 0.162245 0 
4454 0.156347 0 
4455 0.139942 0 
4456 0.123089 0 
4457 0.106886 0 
4458 0.184035 0 
4459 0.167284 0 
4460 0.150991 0 
4461 0.160061 0 
4462 0.177216 0 
4463 0.160835 0 
4464 0.195158 0 
4465 0.179111 0 
4466 0.161001 0 
4467 0.166618 0 
4468 0.150476 0 
4470 0.146970 0 
4471 0.145107 0 
4472 0.128493 0 
4473 0.146059 0 
4474 0.129898 0 
4475 0.113080 0 
4476 0.101754 0 
4477 0.094945 0 
4478 0.078640 0 
4479 0.107618 0 
4481 0.102148 0 
4483 0.076279 0 
4484 0.059983 0 
4485 0.043285 0 
4486 0.100145 0 
4487 0.083606 0 
4488 0.214059 0 
4489 0.199469 0 
4491 0.165079 0 
4492 0.148844 0 
4493 0.132513 0 
4494 0.114716 0 
4496 0.134794 0 
4498 0.125197 0 
4499 0.108915 0 
4500 0.092839 0 
4502 0.098812 0 
4503 0.123264 0 
4504 0.107191 0 
4506 0.105415 0 
4507 0.088665 0 
4508 0.076017 0 
4509 0.062072 0 
4510 0.049452 0 
4511 0.069553 0 
4512 0.052675 0 
4513 0.191476 0 
4514 0.174940 0 
4515 0.158180 0 
4516 0.228203 0 
4517 0.211803 0 
4518 0.196812 0 
4519 0.179885 0 
4520 0.193847 0 
4521 0.177227 0 
4522 0.192118 0 
4523 0.176037 0 
4525 0.142659 0 
4526 0.126167 0 
4527 0.109399 0 
4528 0.143165 0 
4529 0.126734 0 
4530 0.229029 0 
4531 0.212206 0 
4533 0.179447 0 
4534 0.167281 0 
4535 0.153224 0 
4536 0.136485 0 
4537 0.228005 0 
4538 0.211653 0 
4539 0.195637 0 
4540 0.217653 0 
4541 0.201346 0 
4542 0.184508 0 
4543 0.184581 0 
4544 0.168218 0 
4546 0.135196 0 
4547 0.173621 0 
4548 0.157066 0 
4549 0.175207 0 
4550 0.159275 0 
4551 0.142998 0 
4552 0.126855 0 
4554 0.094158 0 
4555 0.082331 0 
4556 0.065506 0 
4557 0.071718 0 
4559 0.059507 0 
4560 0.074842 0 
4561 0.059432 0 
4562 0.042698 0 
4564 0.054733 0 
4565 0.054989 0 
4566 0.038070 0 
4567 0.022539 0 
4568 0.019621 0 
4569 0.046150 0 
4571 0.015361 0 
4572 0.039859 0 
4573 0.052328 0 
4574 0.036063 0 
4575 0.019662 0 
4576 0.043261 0 
4577 0.026850 0 
4578 0.035711 0 
4579 0.018377 0 
4581 0.081230 0 
4582 0.066371 0 
4583 0.099146 0 
4584 0.082571 0 
4585 0.066172 0 
4586 0.059729 0 
4587 0.043069 0 
4588 0.025702 0 
4589 0.023714 0 
4590 0.051405 0 
4591 0.034981 0 
4592 0.018572 0 
4593 0.095004 0 
4594 0.078602 0 
4595 0.061951 0 
4596 0.069631 0 
4597 0.052848 0 
4598 0.041568 0 
4599 0.024237 0 
4600 0.007722 0 
4601 0.079900 0 
4602 0.063526 0 
4603 0.047415 0 
4604 0.084432 0 
4605 0.067832 0 
4606 0.051872 0 
4608 0.027056 0 
4609 0.151359 0 
4610 0.134848 0 
4611 0.203940 0 
4612 0.187529 0 
4613 0.171092 0 
4614 0.204959 0 
4615 0.188564 0 
4617 0.175270 0 
4618 0.163128 0 
4619 0.147057 0 
4620 0.130951 0 
4622 0.098145 0 
4624 0.114286 0 
4625 0.113542 0 
4626 0.227937 0 
4627 0.211611 0 
4630 0.161956 0 
4631 0.211539 0 
4632 0.195161 0 
4633 0.179044 0 
4634 0.186187 0 
4635 0.170197 0 
4636 0.153614 0 
4637 0.153598 0 
4638 0.137448 0 
4639 0.121162 0 
4640 0.206972 0 
4641 0.190982 0 
4643 0.188428 0 
4645 0.229301 0 
4646 0.213156 0 
4647 0.209190 0 
4648 0.193357 0 
4649 0.176988 0 
4650 0.160856 0 
4651 0.144738 0 
4653 0.112353 0 
4654 0.096136 0 
4655 0.097955 0 
4656 0.081716 0 
4657 0.111602 0 
4658 0.095270 0 
4659 0.078755 0 
4660 0.062926 0 
4661 0.148510 0 
4662 0.136305 0 
4663 0.120213 0 
4664 0.133713 0 
4665 0.117508 0 
4666 0.101535 0 
4667 0.085243 0 
4669 0.127735 0 
4670 0.133991 0 
4671 0.117641 0 
4672 0.142486 0 
4673 0.126362 0 
4674 0.110207 0 
4675 0.105113 0 
4676 0.088899 0 
4677 0.072932 0 
4678 0.091646 0 
4680 0.095769 0 
4682 0.063167 0 
4683 0.046884 0 
4684 0.030158 0 
4685 0.039270 0 
4686 0.023025 0 
4687 0.060236 0 
4688 0.043786 0 
4690 0.041647 0 
4691 0.025468 0 
4692 0.033424 0 
4693 0.067881 0 
4695 0.051702 0 
4697 0.087200 0 
4698 0.070469 0 
4699 0.054081 0 
4701 0.128537 0 
4702 0.130594 0 
4703 0.120766 0 
4705 0.088188 0 
4706 0.093148 0 
4707 0.076706 0 
4708 0.060633 0 
4709 0.044044 0 
4710 0.059240 0 
4711 0.042455 0 
4712 0.154776 0 
4713 0.138613 0 
4714 0.123072 0 
4715 0.106529 0 
4716 0.094549 0 
4717 0.077907 0 
4718 0.061717 0 
4719 0.071331 0 
4720 0.055058 0 
4721 0.050719 0 
4722 0.034573 0 
4724 0.094376 0 
4725 0.078204 0 
4726 0.072693 0 
4727 0.056355 0 
4728 0.082675 0 
4729 0.066141 0 
4730 0.049875 0 
4732 0.140983 0 
4733 0.130526 0 
4734 0.114417 0 
4735 0.146437 0 
4736 0.129915 0 
4737 0.188713 0 
4738 0.170540 0 
4739 0.154712 0 
4740 0.181911 0 
4741 0.165584 0 
4742 0.151249 0 
4743 0.135035 0 
4745 0.140861 0 
4746 0.124577 0 
4747 0.128439 0 
4748 0.216428 0 
4749 0.200742 0 
4750 0.180661 0 
4751 0.164175 0 
4753 0.166126 0 
4754 0.160622 0 
4755 0.151932 0 
4756 0.135915 0 
4758 0.110209 0 
4759 0.093701 0 
4760 0.076529 0 
4761 0.060863 0 
4763 0.035440 0 
4764 0.209228 0 
4765 0.192665 0 
4766 0.176020 0 
4767 0.159781 0 
4768 0.149124 0 
4770 0.116467 0 
4771 0.183977 0 
4772 0.170435 0 
4773 0.170122 0 
4774 0.154024 0 
4775 0.137117 0 
4776 0.141774 0 
4777 0.125690 0 
4778 0.112609 0 
4780 0.104192 0 
4781 0.088414 0 
4782 0.072329 0 
4783 0.055620 0 
4784 0.039056 0 
4785 0.049534 0 
4786 0.032908 0 
4787 0.019375 0 
4788 0.040949 0 
4789 0.025285 0 
4790 0.090480 0 
4791 0.074187 0 
4792 0.057778 0 
4793 0.132101 0 
4794 0.115789 0 
4795 0.099639 0 
4796 0.093865 0 
4797 0.077841 0 
4798 0.070920 0 
4799 0.053723 0 
4800 0.038766 0 
4801 0.022575 0 
4802 0.067657 0 
4803 0.051280 0 
4804 0.031476 0 
4805 0.028254 0 
4807 0.051654 0 
4808 0.054912 0 
4809 0.038771 0 
4810 0.022772 0 
4811 0.035801 0 
4812 0.019801 0 
4813 0.096253 0 
4814 0.080335 0 
4816 0.073063 0 
4817 0.056572 0 
4818 0.039942 0 
4819 0.023814 0 
4821 0.035719 0 
4823 0.072252 0 
4824 0.136021 0 
4825 0.190595 0 
4826 0.174485 0 
4829 0.226285 0 
4830 0.209827 0 
4831 0.193594 0 
4832 0.245382 0 
4833 0.229286 0 
4834 0.213377 0 
4835 0.361078 0 
4836 0.344983 0 
4837 0.352334 0 
4838 0.335817 0 
4839 0.331192 0 
4840 0.367937 0 
4842 0.357354 0 
4844 0.380281 0 
4845 0.363804 0 
4846 0.347301 0 
4847 0.330809 0 
4848 0.316477 0 
4849 0.299906 0 
4850 0.283592 0 
4852 0.308691 0 
4853 0.373834 0 
4854 0.370448 0 
4855 0.372106 0 
4856 0.423519 0 
4857 0.407246 0 
4858 0.390424 0 
4859 0.372957 0 
4860 0.373490 0 
4861 0.357092 0 
4862 0.358499 0 
4863 0.341864 0 
4864 0.324767 0 
4865 0.319559 0 
4866 0.303423 0 
4868 0.289122 0 
4869 0.315428 0 
4870 0.298612 0 
4871 0.301160 0 
4872 0.284976 0 
4873 0.268705 0 
4874 0.252280 0 
4875 0.235847 0 
4876 0.247504 0 
4877 0.248634 0 
4879 0.245708 0 
4881 0.210331 0 
4882 0.193855 0 
4884 0.257241 0 
4885 0.276633 0 
4886 0.376127 0 
4887 0.359872 0 
4889 0.341403 0 
4890 0.325095 0 
4891 0.332114 0 
4892 0.315929 0 
4894 0.288269 0 
4896 0.332837 0 
4897 0.316360 0 
4898 0.424661 0 
4900 0.391217 0 
4901 0.419160 0 
4902 0.402793 0 
4904 0.370570 0 
4905 0.375298 0 
4906 0.359151 0 
4907 0.342858 0 
4908 0.344448 0 
4909 0.328008 0 
4910 0.344656 0 
4911 0.328151 0 
4912 0.312150 0 
4913 0.344308 0 
4914 0.328110 0 
4915 0.311855 0 
4916 0.438761 0 
4917 0.425116 0 
4918 0.408669 0 
4919 0.392069 0 
4920 0.375810 0 
4921 0.359455 0 
4923 0.401659 0 
4924 0.385524 0 
4925 0.369228 0 
4926 0.352953 0 
4927 0.336797 0 
4928 0.375134 0 
4929 0.359300 0 
4931 0.326290 0 
4932 0.368429 0 
4933 0.352217 0 
4934 0.335519 0 
4935 0.377279 0 
4936 0.361263 0 
4937 0.344855 0 
4938 0.405543 0 
4939 0.389194 0 
4940 0.372591 0 
4942 0.427754 0 
4944 0.395181 0 
4945 0.410061 0 
4946 0.417440 0 
4947 0.454905 0 
4948 0.469072 0 
4949 0.452680 0 
4950 0.436382 0 
4952 0.404235 0 
4953 0.433986 0 
4954 0.418360 0 
4955 0.408843 0 
4957 0.377211 0 
4958 0.360904 0 
4959 0.348974 0 
4960 0.331668 0 
4962 0.356298 0 
4963 0.431404 0 
4964 0.415316 0 
4965 0.399199 0 
4966 0.382458 0 
4967 0.366123 0 
4969 0.345791 0 
4970 0.329386 0 
4971 0.314724 0 
4972 0.298195 0 
4973 0.336881 0 
4974 0.320389 0 
4975 0.308651 0 
4976 0.293002 0 
4977 0.276512 0 
4979 0.305589 0 
4980 0.289318 0 
4981 0.273106 0 
4982 0.279761 0 
4983 0.263621 0 
4984 0.247353 0 
4985 0.240041 0 
4986 0.223598 0 
4987 0.207262 0 
4988 0.237732 0 
4989 0.221667 0 
4990 0.205375 0 
4991 0.192901 0 
4992 0.185475 0 
4993 0.169218 0 
4994 0.153172 0 
4995 0.165512 0 
4996 0.149403 0 
4997 0.165233 0 
4998 0.149545 0 
4999 0.133242 0 
5000 0.165698 0 
5001 0.149069 0 
5002 0.132321 0 
5003 0.115975 0 
5004 0.120067 0 
5006 0.087492 0 
5007 0.106363 0 
5008 0.090111 0 
5009 0.074058 0 
5010 0.058132 0 
5011 0.041448 0 
5012 0.061293 0 
5013 0.045119 0 
5015 0.080247 0 
5016 0.140883 0 
5017 0.124477 0 
5018 0.107829 0 
5020 0.075496 0 
5022 0.046272 0 
5023 0.108619 0 
5024 0.172954 0 
5025 0.156376 0 
5028 0.120372 0 
5029 0.104146 0 
5030 0.113714 0 
5031 0.097226 0 
5032 0.080759 0 
5033 0.087366 0 
5034 0.071027 0 
5035 0.150731 0 
5036 0.134558 0 
5037 0.118611 0 
5038 0.176499 0 
5039 0.160872 0 
5041 0.128761 0 
5043 0.183789 0 
5044 0.239852 0 
5045 0.223888 0 
5046 0.207466 0 
5047 0.191386 0 
5048 0.221174 0 
5049 0.204819 0 
5051 0.172616 0 
5052 0.222162 0 
5053 0.205369 0 
5054 0.241541 0 
5055 0.225164 0 
5056 0.208965 0 
5057 0.192278 0 
5058 0.177146 0 
5059 0.160659 0 
5060 0.155787 0 
5061 0.138290 0 
5062 0.121151 0 
5063 0.117731 0 
5064 0.101609 0 
5065 0.085221 0 
5067 0.053273 0 
5068 0.128479 0 
5069 0.238329 0 
5070 0.222455 0 
5071 0.208772 0 
5072 0.198937 0 
5073 0.182655 0 
5074 0.193938 0 
5075 0.177717 0 
5076 0.161491 0 
5078 0.163964 0 
5080 0.131189 0 
5081 0.122166 0 
5082 0.105677 0 
5083 0.089172 0 
5084 0.092625 0 
5085 0.076425 0 
5086 0.060036 0 
5088 0.089106 0 
5089 0.073193 0 
5090 0.107274 0 
5091 0.090967 0 
5093 0.080108 0 
5095 0.062240 0 
5096 0.156873 0 
5097 0.140819 0 
5099 0.131521 0 
5100 0.115021 0 
5101 0.098688 0 
5103 0.082943 0 
5104 0.066700 0 
5105 0.050182 0 
5106 0.033616 0 
5107 0.017210 0 
5108 0.055943 0 
5109 0.057164 0 
5110 0.040929 0 
5111 0.032571 0 
5112 0.016439 0 
5113 0.073269 0 
5114 0.057003 0 
5115 0.040186 0 
5116 0.055866 0 
5117 0.039420 0 
5118 0.046782 0 
5119 0.030621 0 
5120 0.022190 0 
5122 0.028200 0 
5123 0.025301 0 
5124 0.051753 0 
5125 0.035430 0 
5126 0.066042 0 
5127 0.049014 0 
5128 0.061983 0 
5130 0.029530 0 
5131 0.022607 0 
5132 0.071363 0 
5133 0.054783 0 
5134 0.038740 0 
5135 0.092349 0 
5136 0.075884 0 
5137 0.087642 0 
5138 0.071942 0 
5139 0.055875 0 
5140 0.048215 0 
5141 0.037354 0 
5143 0.042458 0 
5144 0.112429 0 
5145 0.096449 0 
5146 0.080373 0 
5147 0.117236 0 
5148 0.100751 0 
5149 0.085117 0 
5151 0.051735 0 
5152 0.036235 0 
5153 0.056769 0 
5154 0.040503 0 
5156 0.028349 0 
5157 0.052051 0 
5158 0.036314 0 
5159 0.020188 0 
5161 0.013998 0 
5162 0.055924 0 
5163 0.039592 0 
5164 0.044652 0 
5165 0.028662 0 
5166 0.057255 0 
5168 0.024086 0 
5169 0.106856 0 
5170 0.112201 0 
5171 0.106269 0 
5172 0.102138 0 
5173 0.086053 0 
5174 0.069108 0 
5175 0.075720 0 
5176 0.059767 0 
5178 0.027105 0 
5179 0.016803 0 
5180 0.058486 0 
5181 0.078032 0 
5182 0.061539 0 
5183 0.045322 0 
5184 0.033385 0 
5185 0.017014 0 
5186 0.069498 0 
5187 0.051394 0 
5188 0.098503 0 
5189 0.082842 0 
5190 0.087311 0 
5191 0.070471 0 
5192 0.054157 0 
5193 0.065545 0 
5194 0.048942 0 
5195 0.033010 0 
5196 0.043417 0 
5197 0.026966 0 
5198 0.031087 0 
5199 0.014965 0 
5200 0.107030 0 
5201 0.090476 0 
5202 0.074543 0 
5203 0.133420 0 
5205 0.115387 0 
5206 0.114219 0 
5207 0.163673 0 
5208 0.147651 0 
5209 0.199898 0 
5210 0.183579 0 
5211 0.167606 0 
5212 0.151555 0 
5214 0.158700 0 
5215 0.174209 0 
5216 0.158196 0 
5217 0.142017 0 
5219 0.109784 0 
5221 0.082235 0 
5222 0.112843 0 
5223 0.265796 0 
5224 0.249728 0 
5227 0.201161 0 
5228 0.203492 0 
5229 0.189535 0 
5230 0.173650 0 
5231 0.183115 0 
5232 0.166828 0 
5233 0.150532 0 
5234 0.134281 0 
5235 0.117713 0 
5236 0.101475 0 
5237 0.170327 0 
5238 0.154455 0 
5240 0.164179 0 
5242 0.131896 0 
5243 0.115630 0 
5244 0.098607 0 
5245 0.082451 0 
5246 0.091436 0 
5247 0.075107 0 
5248 0.058761 0 
5250 0.072028 0 
5251 0.055733 0 
5252 0.118480 0 
5253 0.102249 0 
5254 0.086021 0 
5255 0.081105 0 
5256 0.064526 0 
5257 0.048488 0 
5258 0.032111 0 
5259 0.092447 0 
5260 0.097392 0 
5261 0.081151 0 
5262 0.065526 0 
5263 0.048793 0 
5264 0.032592 0 
5266 0.100321 0 
5267 0.098521 0 
5268 0.082335 0 
5269 0.103290 0 
5270 0.087208 0 
5271 0.071176 0 
5272 0.058348 0 
5273 0.056148 0 
5274 0.039979 0 
5275 0.023313 0 
5277 0.036418 0 
5279 0.053258 0 
5280 0.086642 0 
5281 0.070240 0 
5282 0.054585 0 
5283 0.091890 0 
5284 0.075270 0 
5285 0.081149 0 
5287 0.048920 0 
5288 0.097527 0 
5289 0.081285 0 
5290 0.071325 0 
5292 0.086401 0 
5294 0.053598 0 
5295 0.037311 0 
5296 0.020988 0 
5298 0.087767 0 
5299 0.071563 0 
5300 0.080668 0 
5302 0.048394 0 
5303 0.046058 0 
5304 0.029976 0 
5305 0.013294 0 
5306 0.045077 0 
5307 0.036421 0 
5308 0.056510 0 
5309 0.040207 0 
5310 0.061507 0 
5311 0.045416 0 
5313 0.114145 0 
5314 0.098067 0 
5315 0.109231 0 
5316 0.093129 0 
5317 0.108857 0 
5318 0.092259 0 
5319 0.075908 0 
5321 0.067690 0 
5322 0.050868 0 
5323 0.110436 0 
5324 0.094479 0 
5325 0.078105 0 
5326 0.057110 0 
5327 0.088185 0 
5329 0.055949 0 
5330 0.039442 0 
5331 0.043563 0 
5332 0.027154 0 
5333 0.010404 0 
5334 0.051330 0 
5335 0.087912 0 
5336 0.071534 0 
5337 0.053721 0 
5338 0.040855 0 
5339 0.099550 0 
5340 0.082898 0 
5342 0.159876 0 
5343 0.157010 0 
5344 0.158593 0 
5345 0.142216 0 
5346 0.150265 0 
5347 0.228789 0 
5348 0.211651 0 
5350 0.205956 0 
5351 0.200317 0 
5352 0.274060 0 
5353 0.257250 0 
5355 0.239359 0 
5356 0.222914 0 
5357 0.206539 0 
5358 0.215193 0 
5360 0.182285 0 
5361 0.261506 0 
5362 0.245003 0 
5363 0.228678 0 
5364 0.237408 0 
5365 0.221042 0 
5367 0.186030 0 
5368 0.199149 0 
5369 0.189873 0 
5370 0.172858 0 
5371 0.157770 0 
5372 0.149818 0 
5373 0.176112 0 
5374 0.159954 0 
5375 0.143808 0 
5377 0.155787 0 
5378 0.139605 0 
5379 0.123357 0 
5380 0.132372 0 
5381 0.115989 0 
5382 0.099339 0 
5383 0.083034 0 
5384 0.066891 0 
5385 0.130746 0 
5386 0.167855 0 
5387 0.151726 0 
5388 0.135428 0 
5389 0.119337 0 
5390 0.103187 0 
5391 0.119009 0 
5392 0.102988 0 
5393 0.172938 0 
5394 0.156539 0 
5395 0.140224 0 
5396 0.156613 0 
5397 0.171820 0 
5398 0.162393 0 
5399 0.147043 0 
5400 0.193775 0 
5401 0.177377 0 
5402 0.161457 0 
5404 0.128579 0 
5405 0.162248 0 
5406 0.146069 0 
5407 0.129124 0 
5408 0.147749 0 
5409 0.131467 0 
5410 0.115186 0 
5411 0.098925 0 
5413 0.088507 0 
5414 0.072113 0 
5415 0.055785 0 
5416 0.039402 0 
5418 0.023000 0 
5420 0.079186 0 
5421 0.152337 0 
5422 0.152424 0 
5423 0.146986 0 
5426 0.098064 0 
5427 0.078262 0 
5428 0.063281 0 
5429 0.054275 0 
5430 0.066931 0 
5431 0.050833 0 
5432 0.035277 0 
5433 0.095632 0 
5434 0.079706 0 
5435 0.063497 0 
5436 0.074506 0 
5437 0.057988 0 
5439 0.055507 0 
5441 0.022832 0 
5442 0.015723 0 
5443 0.058169 0 
5444 0.042140 0 
5445 0.025653 0 
5446 0.028032 0 
5447 0.024874 0 
5449 0.031624 0 
5450 0.099535 0 
5451 0.080125 0 
5452 0.063946 0 
5453 0.047374 0 
5454 0.031131 0 
5455 0.032205 0 
5456 0.156596 0 
5457 0.140508 0 
5458 0.123837 0 
5459 0.117185 0 
5460 0.098812 0 
5461 0.112660 0 
5462 0.107589 0 
5463 0.113863 0 
5465 0.081429 0 
5466 0.386433 0 
5467 0.380396 0 
5468 0.363848 0 
5469 0.402411 0 
5470 0.425067 0 
5471 0.409144 0 
5472 0.392514 0 
5473 0.376701 0 
5474 0.392181 0 
5476 0.359311 0 
5478 0.326152 0 
5479 0.309836 0 
5480 0.326531 0 
5481 0.310358 0 
5482 0.294023 0 
5483 0.358349 0 
5484 0.342062 0 
5486 0.351083 0 
5487 0.334373 0 
5488 0.318121 0 
5489 0.301998 0 
5491 0.283616 0 
5493 0.315971 0 
5494 0.299800 0 
5495 0.333490 0 
5497 0.301189 0 
5498 0.340462 0 
5499 0.342175 0 
5501 0.315967 0 
5502 0.315403 0 
5503 0.303395 0 
5504 0.287205 0 
5505 0.302629 0 
5506 0.286003 0 
5507 0.299664 0 
5508 0.283329 0 
5509 0.266878 0 
5510 0.257688 0 
5511 0.241291 0 
5512 0.224882 0 
5513 0.249284 0 
5514 0.233083 0 
5515 0.216219 0 
5516 0.221351 0 
5517 0.204987 0 
5518 0.189258 0 
5520 0.156659 0 
5521 0.159721 0 
5522 0.143648 0 
5523 0.127458 0 
5524 0.173871 0 
5525 0.187486 0 
5526 0.217499 0 
5528 0.184566 0 
5529 0.190577 0 
5530 0.201685 0 
5531 0.184944 0 
5532 0.168937 0 
5533 0.161934 0 
5534 0.144999 0 
5535 0.179739 0 
5536 0.163543 0 
5537 0.147388 0 
5538 0.131096 0 
5539 0.114851 0 
5541 0.082207 0 
5542 0.093983 0 
5543 0.077826 0 
5544 0.085062 0 
5545 0.069393 0 
5546 0.052961 0 
5547 0.122107 0 
5549 0.089712 0 
5550 0.073434 0 
5551 0.067474 0 
5552 0.142044 0 
5554 0.109110 0 
5555 0.093029 0 
5556 0.102778 0 
5557 0.086852 0 
5559 0.054373 0 
5560 0.096604 0 
5561 0.080524 0 
5562 0.083191 0 
5563 0.075156 0 
5564 0.059015 0 
5566 0.104717 0 
5567 0.086927 0 
5568 0.074205 0 
5569 0.058246 0 
5570 0.045473 0 
5571 0.029145 0 
5572 0.019352 0 
5573 0.017656 0 
5574 0.015767 0 
5576 0.080039 0 
5577 0.064131 0 
5578 0.048226 0 
5579 0.104838 0 
5580 0.087478 0 
5581 0.070914 0 
5582 0.078635 0 
5583 0.062353 0 
5584 0.046317 0 
5585 0.029920 0 
5586 0.138291 0 
5587 0.121765 0 
5588 0.105856 0 
5589 0.089546 0 
5590 0.073016 0 
5591 0.056761 0 
5592 0.040205 0 
5593 0.033448 0 
5594 0.017043 0 
5595 0.082142 0 
5596 0.166666 0 
5597 0.150896 0 
5598 0.131495 0 
5599 0.132394 0 
5600 0.116079 0 
5601 0.097378 0 
5603 0.141409 0 
5604 0.125125 0 
5605 0.108282 0 
5606 0.091889 0 
5607 0.075627 0 
5608 0.059360 0 
5609 0.055026 0 
5610 0.038882 0 
5612 0.047284 0 
5613 0.045079 0 
5614 0.027546 0 
5615 0.011966 0 
5617 0.035176 0 
5619 0.048434 0 
5620 0.194072 0 
5621 0.256621 0 
5622 0.247878 0 
5625 0.199289 0 
5626 0.182959 0 
5627 0.166585 0 
5628 0.192726 0 
5629 0.175073 0 
5630 0.162092 0 
5631 0.145872 0 
5632 0.130042 0 
5633 0.113343 0 
5634 0.130971 0 
5635 0.114848 0 
5636 0.142429 0 
5638 0.109730 0 
5640 0.102055 0 
5641 0.086592 0 
5642 0.082443 0 
5643 0.065700 0 
5644 0.048953 0 
5645 0.064165 0 
5646 0.047574 0 
5648 0.015401 0 
5649 0.108548 0 
5650 0.097530 0 
5651 0.120583 0 
5652 0.103726 0 
5653 0.112765 0 
5654 0.117221 0 
5655 0.099498 0 
5656 0.083682 0 
5657 0.084280 0 
5658 0.067449 0 
5659 0.051144 0 
5660 0.035575 0 
5661 0.023426 0 
5662 0.039925 0 
5664 0.144420 0 
5665 0.128367 0 
5666 0.112662 0 
5667 0.096483 0 
5668 0.080029 0 
5669 0.063657 0 
5670 0.103945 0 
5671 0.087857 0 
5672 0.071422 0 
5673 0.095937 0 
5675 0.119790 0 
5677 0.087128 0 
5678 0.070406 0 
5679 0.146965 0 
5680 0.130764 0 
5681 0.114325 0 
5682 0.134584 0 
5683 0.129523 0 
5685 0.119011 0 
5686 0.102522 0 
5687 0.086079 0 
5688 0.069570 0 
5690 0.060831 0 
5692 0.114544 0 
5693 0.098336 0 
5694 0.082372 0 
5696 0.049743 0 
5697 0.033665 0 
5698 0.016803 0 
5700 0.145398 0 
5701 0.129426 0 
5702 0.113115 0 
5703 0.096789 0 
5704 0.080033 0 
5705 0.091804 0 
5706 0.096066 0 
5707 0.082222 0 
5708 0.066254 0 
5709 0.126211 0 
5710 0.115089 0 
5711 0.098375 0 
5712 0.082088 0 
5713 0.066253 0 
5714 0.049492 0 
5715 0.045234 0 
5716 0.029126 0 
5717 0.020013 0 
5719 0.047482 0 
5720 0.031151 0 
5721 0.051957 0 
5722 0.036057 0 
5723 0.062429 0 
5724 0.046136 0 
5725 0.030041 0 
5727 0.063791 0 
5728 0.047269 0 
5729 0.031014 0 
5730 0.014706 0 
5731 0.066650 0 
5732 0.050657 0 
5733 0.083576 0 
5734 0.067554 0 
5735 0.051221 0 
5736 0.068665 0 
5737 0.052801 0 
5738 0.036530 0 
5740 0.038845 0 
5741 0.036404 0 
5742 0.139443 0 
5743 0.123374 0 
5744 0.107724 0 
5745 0.098177 0 
5746 0.134935 0 
5748 0.101973 0 
5749 0.085801 0 
5750 0.068978 0 
5751 0.090064 0 
5753 0.057441 0 
5754 0.041380 0 
5755 0.086216 0 
5756 0.069902 0 
5758 0.058527 0 
5759 0.041601 0 
5760 0.061836 0 
5761 0.045594 0 
5762 0.029339 0 
5763 0.013052 0 
5765 0.098908 0 
5766 0.094000 0 
5767 0.077666 0 
5768 0.061236 0 
5769 0.045040 0 
5770 0.029022 0 
5771 0.064560 0 
5772 0.048503 0 
5773 0.032040 0 
5775 0.036545 0 
5776 0.029075 0 
5777 0.048461 0 
5778 0.032245 0 
5779 0.045622 0 
5780 0.030565 0 
5781 0.014277 0 
5782 0.092853 0 
5783 0.076394 0 
5784 0.063223 0 
5785 0.071715 0 
5786 0.055748 0 
5787 0.134175 0 
5788 0.161203 0 
5789 0.145111 0 
5790 0.128993 0 
5791 0.113295 0 
5792 0.097140 0 
5793 0.080826 0 
5794 0.070219 0 
5795 0.054231 0 
5796 0.051885 0 
5797 0.035590 0 
5798 0.019466 0 
5799 0.080394 0 
5800 0.063991 0 
5802 0.048197 0 
5803 0.071556 0 
5804 0.055225 0 
5805 0.039145 0 
5806 0.022619 0 
5807 0.031863 0 
5808 0.099450 0 
5809 0.086599 0 
5811 0.070590 0 
5812 0.074085 0 
5813 0.057444 0 
5814 0.040829 0 
5816 0.106514 0 
5818 0.074215 0 
5819 0.083609 0 
5820 0.252396 0 
5821 0.311568 0 
5824 0.262770 0 
5825 0.246745 0 
5826 0.246381 0 
5827 0.230109 0 
5828 0.213789 0 
5829 0.214878 0 
5830 0.198756 0 
5831 0.182526 0 
5832 0.193799 0 
5833 0.177771 0 
5834 0.161383 0 
5835 0.162154 0 
5837 0.129741 0 
5839 0.117019 0 
5840 0.100603 0 
5841 0.106610 0 
5842 0.090174 0 
5843 0.073954 0 
5844 0.151098 0 
5845 0.134821 0 
5847 0.102082 0 
5848 0.104027 0 
5849 0.086418 0 
5850 0.069405 0 
5851 0.119055 0 
5852 0.103076 0 
5853 0.087127 0 
5854 0.071209 0 
5855 0.054558 0 
5856 0.132435 0 
5857 0.116120 0 
5858 0.143327 0 
5859 0.127020 0 
5860 0.134475 0 
5861 0.118248 0 
5863 0.090827 0 
5864 0.195646 0 
5865 0.179090 0 
5866 0.163194 0 
5867 0.147147 0 
5868 0.131016 0 
5869 0.218013 0 
5870 0.201663 0 
5871 0.185496 0 
5872 0.204351 0 
5874 0.170711 0 
5876 0.138066 0 
5877 0.121808 0 
5878 0.104097 0 
5879 0.087576 0 
5880 0.071097 0 
5881 0.062929 0 
5882 0.085000 0 
5884 0.052300 0 
5885 0.073393 0 
5886 0.062872 0 
5887 0.046586 0 
5889 0.050147 0 
5891 0.034118 0 
5892 0.064739 0 
5893 0.048574 0 
5895 0.023879 0 
5896 0.067981 0 
5897 0.051712 0 
5899 0.019842 0 
5900 0.044156 0 
5901 0.027841 0 
5902 0.145820 0 
5903 0.129462 0 
5904 0.135191 0 
5905 0.118624 0 
5906 0.102662 0 
5907 0.111737 0 
5908 0.095605 0 
5909 0.081676 0 
5910 0.065803 0 
5911 0.051348 0 
5912 0.034013 0 
5913 0.037800 0 
5914 0.021306 0 
5915 0.093992 0 
5916 0.078063 0 
5918 0.054386 0 
5919 0.038177 0 
5920 0.021497 0 
5921 0.064252 0 
5922 0.048407 0 
5923 0.059306 0 
5924 0.042325 0 
5926 0.057137 0 
5927 0.040755 0 
5928 0.075670 0 
5929 0.059597 0 
5930 0.043169 0 
5931 0.057991 0 
5932 0.041550 0 
5933 0.063131 0 
5934 0.047020 0 
5935 0.030508 0 
5936 0.056953 0 
5937 0.040691 0 
5939 0.050356 0 
5940 0.045052 0 
5941 0.028897 0 
5942 0.043545 0 
5943 0.109291 0 
5944 0.095541 0 
5945 0.079153 0 
5947 0.046546 0 
5948 0.062828 0 
5949 0.046832 0 
5950 0.039350 0 
5952 0.105939 0 
5953 0.089707 0 
5954 0.073353 0 
5955 0.119555 0 
5957 0.087278 0 
5958 0.144687 0 
5959 0.128947 0 
5960 0.152986 0 
5961 0.137162 0 
5962 0.119888 0 
5964 0.204942 0 
5965 0.189081 0 
5966 0.263815 0 
5967 0.246839 0 
5968 0.230395 0 
5969 0.214303 0 
5970 0.230690 0 
5971 0.214694 0 
5972 0.198153 0 
5974 0.164250 0 
5975 0.210481 0 
5976 0.194271 0 
5977 0.179353 0 
5978 0.162824 0 
5979 0.167670 0 
5980 0.151408 0 
5981 0.135096 0 
5982 0.148716 0 
5983 0.132619 0 
5984 0.175984 0 
5985 0.159588 0 
5986 0.143148 0 
5987 0.136024 0 
5988 0.119966 0 
5989 0.109196 0 
5990 0.099330 0 
5991 0.082653 0 
5992 0.112593 0 
5993 0.096274 0 
5994 0.079906 0 
5995 0.096212 0 
5996 0.079659 0 
5997 0.061927 0 
5998 0.065548 0 
5999 0.049235 0 
6001 0.017717 0 
6002 0.027385 0 
6003 0.041131 0 
6004 0.024613 0 
6005 0.097785 0 
6006 0.081301 0 
6007 0.064924 0 
6008 0.104750 0 
6010 0.104628 0 
6011 0.087972 0 
6012 0.072139 0 
6013 0.056020 0 
6015 0.023267 0 
6017 0.017469 0 
6018 0.099921 0 
6019 0.089183 0 
6020 0.072236 0 
6023 0.073634 0 
6024 0.057382 0 
6025 0.041149 0 
6026 0.063176 0 
6027 0.047184 0 
6028 0.031057 0 
6029 0.053448 0 
6030 0.078302 0 
6031 0.078497 0 
6032 0.062379 0 
6033 0.046001 0 
6034 0.047529 0 
6036 0.034107 0 
6038 0.053386 0 
6039 0.073435 0 
6040 0.057158 0 
6041 0.148757 0 
6042 0.132426 0 
6043 0.115742 0 
6044 0.119585 0 
6046 0.087283 0 
6047 0.130237 0 
6048 0.113507 0 
6049 0.175770 0 
6050 0.159533 0 
6051 0.163447 0 
6052 0.147454 0 
6053 0.131143 0 
6054 0.121033 0 
6055 0.170391 0 
6056 0.154439 0 
6057 0.137954 0 
6058 0.122002 0 
6059 0.105642 0 
6060 0.136449 0 
6062 0.133366 0 
6063 0.161892 0 
6064 0.145657 0 
6065 0.150577 0 
6066 0.132825 0 
6067 0.116731 0 
6068 0.153326 0 
6069 0.136233 0 
6070 0.119732 0 
6071 0.123922 0 
6073 0.116440 0 
6075 0.081626 0 
6076 0.086308 0 
6077 0.070093 0 
6078 0.115624 0 
6079 0.099346 0 
6080 0.083175 0 
6081 0.116530 0 
6083 0.084137 0 
6084 0.127268 0 
6085 0.111373 0 
6086 0.095283 0 
6088 0.114403 0 
6090 0.106427 0 
6091 0.090104 0 
6092 0.073142 0 
6094 0.040046 0 
6095 0.035093 0 
6096 0.018799 0 
6098 0.022285 0 
6099 0.020481 0 
6100 0.026332 0 
6101 0.015190 0 
6102 0.069399 0 
6103 0.051410 0 
6104 0.028774 0 
6105 0.093240 0 
6106 0.076703 0 
6107 0.104293 0 
6108 0.087831 0 
6109 0.071076 0 
6110 0.052518 0 
6111 0.034895 0 
6112 0.018951 0 
6113 0.124404 0 
6114 0.108167 0 
6115 0.091652 0 
6117 0.078202 0 
6118 0.110935 0 
6119 0.094848 0 
6120 0.077799 0 
6121 0.101733 0 
6122 0.085570 0 
6123 0.080957 0 
6125 0.048782 0 
6126 0.032488 0 
6127 0.041453 0 
6128 0.023070 0 
6129 0.079906 0 
6130 0.074361 0 
6131 0.065014 0 
6132 0.048055 0 
6133 0.032064 0 
6134 0.018958 0 
6135 0.031871 0 
6136 0.015885 0 
6138 0.094724 0 
6139 0.084943 0 
6140 0.071223 0 
6141 0.145579 0 
6142 0.129347 0 
6143 0.112464 0 
6144 0.112178 0 
6146 0.079332 0 
6147 0.063465 0 
6148 0.081844 0 
6149 0.139144 0 
6151 0.115411 0 
6152 0.099129 0 
6153 0.082792 0 
6154 0.066518 0 
6156 0.083828 0 
6157 0.067338 0 
6158 0.089153 0 
6159 0.072977 0 
6160 0.056818 0 
6161 0.040505 0 
6163 0.023250 0 
6164 0.058268 0 
6165 0.094843 0 
6166 0.078289 0 
6167 0.062127 0 
6168 0.046247 0 
6169 0.063978 0 
6170 0.047801 0 
6171 0.031555 0 
6173 0.063764 0 
6174 0.047301 0 
6175 0.101009 0 
6176 0.084999 0 
6177 0.068783 0 
6178 0.078490 0 
6179 0.062212 0 
6180 0.045806 0 
6181 0.041749 0 
6182 0.045472 0 
6183 0.027584 0 
6184 0.048438 0 
6185 0.032671 0 
6186 0.016371 0 
6187 0.046464 0 
6188 0.030211 0 
6189 0.061698 0 
6190 0.073089 0 
6191 0.056937 0 
6192 0.040745 0 
6193 0.024086 0 
6194 0.007714 0 
6195 0.026753 0 
6196 0.010734 0 
6197 0.064601 0 
6198 0.048264 0 
6200 0.115762 0 
6201 0.098583 0 
6202 0.082085 0 
6203 0.064870 0 
6204 0.083961 0 
6205 0.067929 0 
6206 0.051893 0 
6207 0.061613 0 
6209 0.038517 0 
6210 0.022129 0 
6211 0.051064 0 
6212 0.034952 0 
6214 0.058430 0 
6216 0.091789 0 
6217 0.075179 0 
6218 0.193746 0 
6219 0.176954 0 
6222 0.127463 0 
6223 0.111247 0 
6224 0.094599 0 
6225 0.078215 0 
6226 0.062191 0 
6227 0.062482 0 
6228 0.046150 0 
6229 0.029801 0 
6230 0.057682 0 
6231 0.050713 0 
6232 0.034656 0 
6233 0.018578 0 
6235 0.038135 0 
6237 0.015343 0 
6238 0.050511 0 
6239 0.034075 0 
6240 0.059701 0 
6241 0.043529 0 
6242 0.028038 0 
6243 0.016804 0 
6245 0.097809 0 
6246 0.086693 0 
6247 0.080647 0 
6248 0.064291 0 
6249 0.068056 0 
6250 0.051836 0 
6251 0.035295 0 
6252 0.049181 0 
6253 0.032541 0 
6254 0.184721 0 
6255 0.191447 0 
6256 0.175644 0 
6257 0.159513 0 
6258 0.143265 0 
6259 0.127100 0 
6261 0.120113 0 
6262 0.127557 0 
6263 0.118414 0 
6264 0.127563 0 
6265 0.111171 0 
6266 0.094731 0 
6267 0.091251 0 
6268 0.074990 0 
6269 0.058681 0 
6270 0.079302 0 
6272 0.047405 0 
6274 0.018800 0 
6275 0.013105 0 
6276 0.100381 0 
6277 0.084245 0 
6278 0.068228 0 
6279 0.172095 0 
6280 0.155737 0 
6282 0.123529 0 
6283 0.114097 0 
6284 0.097968 0 
6285 0.081764 0 
6287 0.095084 0 
6289 0.086473 0 
6290 0.070228 0 
6291 0.052532 0 
6293 0.046416 0 
6294 0.031002 0 
6295 0.036903 0 
6297 0.036772 0 
6298 0.020046 0 
6299 0.147036 0 
6300 0.130684 0 
6301 0.114396 0 
6302 0.139136 0 
6303 0.123200 0 
6304 0.145794 0 
6305 0.129633 0 
6306 0.113343 0 
6307 0.142655 0 
6308 0.125872 0 
6309 0.109562 0 
6310 0.193111 0 
6311 0.177122 0 
6312 0.185808 0 
6313 0.169754 0 
6314 0.153299 0 
6316 0.142347 0 
6317 0.126033 0 
6318 0.126014 0 
6319 0.109551 0 
6320 0.093280 0 
6321 0.077378 0 
6322 0.071192 0 
6324 0.038223 0 
6325 0.021410 0 
6326 0.018281 0 
6327 0.018708 0 
6328 0.029210 0 
6329 0.029046 0 
6330 0.012425 0 
6331 0.015037 0 
6332 0.043978 0 
6333 0.027679 0 
6334 0.096028 0 
6335 0.078737 0 
6337 0.058306 0 
6338 0.056860 0 
6339 0.108825 0 
6340 0.092586 0 
6341 0.089723 0 
6342 0.073516 0 
6343 0.057200 0 
6345 0.024506 0 
6346 0.063526 0 
6347 0.062621 0 
6348 0.104289 0 
6350 0.070626 0 
6351 0.056958 0 
6352 0.048985 0 
6353 0.032519 0 
6355 0.024369 0 
6356 0.065986 0 
6357 0.049584 0 
6358 0.086506 0 
6359 0.070302 0 
6360 0.053933 0 
6362 0.036934 0 
6363 0.072117 0 
6364 0.055853 0 
6365 0.096555 0 
6366 0.080143 0 
6367 0.063969 0 
6368 0.078269 0 
6369 0.061649 0 
6370 0.045080 0 
6372 0.040144 0 
6373 0.049289 0 
6374 0.032664 0 
6375 0.015988 0 
6376 0.128523 0 
6377 0.112594 0 
6378 0.096162 0 
6379 0.079887 0 
6380 0.085910 0 
6381 0.067810 0 
6382 0.051577 0 
6383 0.077153 0 
6384 0.061100 0 
6385 0.044758 0 
6386 0.035976 0 
6387 0.044677 0 
6388 0.027797 0 
6389 0.061798 0 
6390 0.045816 0 
6391 0.074446 0 
6392 0.057996 0 
6393 0.097937 0 
6394 0.082081 0 
6395 0.065759 0 
6396 0.082276 0 
6397 0.066044 0 
6399 0.032928 0 
6400 0.042649 0 
6401 0.026619 0 
6402 0.016841 0 
6403 0.134691 0 
6404 0.125669 0 
6405 0.110208 0 
6406 0.109248 0 
6408 0.133794 0 
6409 0.117601 0 
6410 0.095637 0 
6411 0.079492 0 
6413 0.047207 0 
6415 0.045754 0 
6416 0.072206 0 
6417 0.094277 0 
6418 0.084090 0 
6421 0.086549 0 
6422 0.070287 0 
6423 0.053506 0 
6424 0.053363 0 
6425 0.037126 0 
6426 0.020578 0 
6427 0.040537 0 
6428 0.024383 0 
6429 0.167441 0 
6430 0.151341 0 
6431 0.135199 0 
6432 0.118783 0 
6434 0.154795 0 
6436 0.138815 0 
6437 0.122839 0 
6438 0.106518 0 
6439 0.098026 0 
6440 0.104117 0 
6441 0.098122 0 
6442 0.082047 0 
6444 0.049226 0 
6445 0.037017 0 
6446 0.020885 0 
6447 0.017648 0 
6448 0.062749 0 
6449 0.046535 0 
6450 0.047519 0 
6451 0.061290 0 
6452 0.044672 0 
6453 0.053212 0 
6454 0.036982 0 
6455 0.020331 0 
6456 0.050085 0 
6457 0.033690 0 
6458 0.020345 0 
6460 0.123529 0 
6461 0.150266 0 
6462 0.148974 0 
6463 0.132826 0 
6464 0.116373 0 
6465 0.136401 0 
6466 0.120299 0 
6467 0.205378 0 
6468 0.188932 0 
6469 0.173029 0 
6471 0.140172 0 
6473 0.161911 0 
6474 0.144381 0 
6475 0.124604 0 
6476 0.108333 0 
6477 0.112940 0 
6478 0.096683 0 
6479 0.080663 0 
6481 0.059793 0 
6482 0.043461 0 
6483 0.040632 0 
6484 0.024109 0 
6486 0.069517 0 
6488 0.103621 0 
6489 0.118085 0 
6493 0.222098 0 
6494 0.206124 0 
6496 0.173380 0 
6497 0.172736 0 
6498 0.156296 0 
6499 0.139884 0 
6500 0.145438 0 
6501 0.128642 0 
6502 0.112388 0 
6503 0.130140 0 
6504 0.113754 0 
6505 0.100500 0 
6506 0.084235 0 
6507 0.067843 0 
6508 0.048810 0 
6509 0.032720 0 
6510 0.069846 0 
6511 0.060352 0 
6512 0.043882 0 
6513 0.121572 0 
6515 0.088073 0 
6516 0.072086 0 
6517 0.055853 0 
6518 0.039594 0 
6519 0.034265 0 
6520 0.043538 0 
6521 0.026345 0 
6523 0.022264 0 
6524 0.069503 0 
6525 0.053904 0 
6526 0.037475 0 
6527 0.075994 0 
6528 0.060059 0 
6529 0.056632 0 
6530 0.039284 0 
6531 0.022997 0 
6532 0.055116 0 
6533 0.038981 0 
6534 0.076766 0 
6536 0.090836 0 
6537 0.251225 0 
6538 0.235052 0 
6539 0.251513 0 
6540 0.235455 0 
6541 0.219425 0 
6542 0.203125 0 
6544 0.191168 0 
6545 0.170397 0 
6546 0.158661 0 
6547 0.157289 0 
6549 0.124849 0 
6550 0.108307 0 
6551 0.091729 0 
6552 0.137123 0 
6554 0.104619 0 
6555 0.113469 0 
6556 0.094052 0 
6557 0.076957 0 
6558 0.060988 0 
6559 0.044366 0 
6561 0.038733 0 
6562 0.022943 0 
6563 0.044287 0 
6564 0.094462 0 
6565 0.078126 0 
6566 0.061769 0 
6567 0.084577 0 
6568 0.068428 0 
6569 0.052182 0 
6571 0.047391 0 
6572 0.062296 0 
6573 0.049103 0 
6574 0.040156 0 
6575 0.030584 0 
6576 0.039191 0 
6577 0.022886 0 
6578 0.007219 0 
6579 0.039125 0 
6580 0.023119 0 
6581 0.014732 0 
6582 0.073744 0 
6583 0.057396 0 
6584 0.040751 0 
6585 0.067122 0 
6586 0.051474 0 
6587 0.068574 0 
6588 0.052304 0 
6589 0.035776 0 
6590 0.019725 0 
6591 0.063234 0 
6592 0.115682 0 
6593 0.099144 0 
6594 0.082137 0 
6595 0.065810 0 
6596 0.049522 0 
6598 0.125170 0 
6599 0.126800 0 
6600 0.110662 0 
6601 0.093597 0 
6602 0.099027 0 
6603 0.096325 0 
6604 0.082907 0 
6605 0.066438 0 
6607 0.080848 0 
6608 0.065121 0 
6609 0.048765 0 
6610 0.032444 0 
6612 0.126835 0 
6614 0.094445 0 
6615 0.077689 0 
6616 0.085727 0 
6617 0.211124 0 
6620 0.162235 0 
6621 0.146175 0 
6622 0.129654 0 
6623 0.113181 0 
6624 0.155234 0 
6625 0.139285 0 
6626 0.122770 0 
6627 0.166689 0 
6628 0.150664 0 
6629 0.134654 0 
6630 0.118258 0 
6631 0.102151 0 
6633 0.103718 0 
6635 0.071540 0 
6636 0.055450 0 
6637 0.058984 0 
6638 0.042986 0 
6639 0.088853 0 
6640 0.141978 0 
6641 0.126190 0 
6643 0.093480 0 
6644 0.077241 0 
6645 0.060595 0 
6646 0.044134 0 
6647 0.027875 0 
6648 0.035353 0 
6649 0.018983 0 
6650 0.040031 0 
6651 0.029356 0 
6652 0.012984 0 
6653 0.043373 0 
6654 0.026923 0 
6655 0.109980 0 
6656 0.093804 0 
6657 0.077425 0 
6659 0.200467 0 
6660 0.228994 0 
6661 0.254866 0 
6662 0.238925 0 
6663 0.222565 0 
6664 0.225909 0 
6665 0.209715 0 
6666 0.193818 0 
6667 0.178395 0 
6668 0.194421 0 
6670 0.189254 0 
6672 0.157827 0 
6673 0.148895 0 
6674 0.164999 0 
6675 0.148478 0 
6676 0.132215 0 
6677 0.187074 0 
6678 0.171252 0 
6680 0.191288 0 
6681 0.180975 0 
6682 0.178625 0 
6683 0.162254 0 
6685 0.146740 0 
6687 0.184604 0 
6688 0.183191 0 
6689 0.165817 0 
6691 0.133393 0 
6692 0.182083 0 
6693 0.164588 0 
6695 0.127412 0 
6696 0.161757 0 
6697 0.150969 0 
6698 0.134818 0 
6699 0.118465 0 
6700 0.102345 0 
6701 0.086323 0 
6702 0.070012 0 
6703 0.053607 0 
6704 0.054565 0 
6705 0.057424 0 
6706 0.041375 0 
6707 0.025225 0 
6708 0.094792 0 
6709 0.078656 0 
6710 0.061830 0 
6711 0.045457 0 
6712 0.123856 0 
6714 0.105448 0 
6715 0.089316 0 
6716 0.073138 0 
6717 0.105420 0 
6718 0.088958 0 
6719 0.096415 0 
6720 0.079953 0 
6722 0.047040 0 
6723 0.064268 0 
6724 0.047741 0 
6725 0.034068 0 
6726 0.043541 0 
6727 0.026752 0 
6728 0.023932 0 
6729 0.007469 0 
6730 0.045732 0 
6731 0.029357 0 
6732 0.040330 0 
6733 0.024160 0 
6735 0.048459 0 
6736 0.051183 0 
6737 0.035197 0 
6738 0.049201 0 
6739 0.032795 0 
6740 0.076551 0 
6741 0.059809 0 
6743 0.067549 0 
6744 0.101280 0 
6745 0.085479 0 
6746 0.069056 0 
6748 0.036591 0 
6749 0.020509 0 
6750 0.091702 0 
6751 0.075661 0 
6753 0.054070 0 
6754 0.055313 0 
6755 0.039292 0 
6756 0.044975 0 
6757 0.029089 0 
6758 0.036446 0 
6760 0.043157 0 
6761 0.026641 0 
6762 0.036811 0 
6763 0.020251 0 
6764 0.019573 0 
6765 0.054065 0 
6766 0.037408 0 
6767 0.077111 0 
6768 0.060147 0 
6770 0.074912 0 
6771 0.058752 0 
6772 0.058603 0 
6773 0.041925 0 
6774 0.025521 0 
6775 0.108670 0 
6776 0.091979 0 
6777 0.075828 0 
6778 0.076069 0 
6779 0.059739 0 
6780 0.043225 0 
6781 0.040619 0 
6782 0.024591 0 
6783 0.009533 0 
6784 0.013466 0 
6785 0.072947 0 
6786 0.056593 0 
6787 0.065675 0 
6788 0.049170 0 
6789 0.032885 0 
6790 0.032376 0 
6791 0.084375 0 
6792 0.068429 0 
6793 0.051970 0 
6794 0.037818 0 
6795 0.021837 0 
6797 0.037682 0 
6798 0.037629 0 
6799 0.020921 0 
6800 0.061075 0 
6801 0.044822 0 
6802 0.028421 0 
6803 0.049287 0 
6804 0.033240 0 
6806 0.094390 0 
6807 0.078737 0 
6808 0.062752 0 
6809 0.046446 0 
6811 0.013940 0 
6813 0.061861 0 
6814 0.102974 0 
6815 0.086341 0 
6816 0.070336 0 
6819 0.032936 0 
6820 0.016718 0 
6821 0.075168 0 
6822 0.067754 0 
6823 0.052307 0 
6824 0.047396 0 
6825 0.031120 0 
6826 0.066528 0 
6827 0.050332 0 
6828 0.034126 0 
6829 0.023137 0 
6830 0.008552 0 
6832 0.076851 0 
6834 0.108148 0 
6835 0.091398 0 
6836 0.082098 0 
6837 0.065607 0 
6838 0.049259 0 
6839 0.033076 0 
6840 0.057421 0 
6842 0.024510 0 
6843 0.086999 0 
6844 0.070960 0 
6845 0.056307 0 
6846 0.043346 0 
6847 0.027215 0 
6848 0.028131 0 
6849 0.055538 0 
6850 0.039476 0 
6851 0.038928 0 
6852 0.022555 0 
6853 0.050400 0 
6854 0.034079 0 
6855 0.025009 0 
6856 0.081641 0 
6858 0.106651 0 
6859 0.186108 0 
6860 0.169768 0 
6861 0.153405 0 
6862 0.137486 0 
6863 0.121403 0 
6864 0.105271 0 
6865 0.088856 0 
6866 0.072519 0 
6867 0.106982 0 
6869 0.104106 0 
6871 0.137556 0 
6872 0.121331 0 
6873 0.105215 0 
6874 0.097526 0 
6875 0.101397 0 
6876 0.084970 0 
6877 0.189797 0 
6879 0.157085 0 
6880 0.159625 0 
6881 0.143447 0 
6882 0.127116 0 
6884 0.121265 0 
6886 0.089296 0 
6887 0.074178 0 
6888 0.057821 0 
6890 0.100177 0 
6891 0.091059 0 
6892 0.087086 0 
6894 0.054178 0 
6895 0.037884 0 
6896 0.039290 0 
6897 0.023034 0 
6898 0.089443 0 
6899 0.073320 0 
6900 0.090049 0 
6901 0.075452 0 
6902 0.071094 0 
6903 0.054797 0 
6904 0.046639 0 
6905 0.030499 0 
6906 0.053349 0 
6907 0.037539 0 
6908 0.020987 0 
6909 0.018522 0 
6910 0.024508 0 
6911 0.008071 0 
6913 0.026299 0 
6914 0.039054 0 
6915 0.022889 0 
6916 0.006549 0 
6917 0.067111 0 
6918 0.141876 0 
6919 0.125896 0 
6921 0.093143 0 
6922 0.092818 0 
6923 0.078292 0 
6924 0.094251 0 
6925 0.077725 0 
6926 0.061138 0 
6927 0.044763 0 
6928 0.033615 0 
6929 0.018157 0 
6930 0.031716 0 
6931 0.015185 0 
6932 0.034316 0 
6934 0.082035 0 
6935 0.076324 0 
6936 0.059739 0 
6937 0.077463 0 
6938 0.061214 0 
6939 0.044723 0 
6940 0.056731 0 
6942 0.023913 0 
6943 0.185508 0 
6945 0.279059 0 
6947 0.246220 0 
6952 0.200414 0 
6953 0.206740 0 
6954 0.191026 0 
6955 0.188490 0 
6956 0.172230 0 
6957 0.180811 0 
6959 0.147779 0 
6960 0.147827 0 
6961 0.145139 0 
6962 0.128827 0 
6963 0.123980 0 
6964 0.107869 0 
6965 0.103564 0 
6966 0.087761 0 
6967 0.108792 0 
6969 0.076369 0 
6970 0.060295 0 
6971 0.105349 0 
6972 0.088604 0 
6973 0.072275 0 
6974 0.063914 0 
6975 0.047661 0 
6976 0.033623 0 
6977 0.064794 0 
6978 0.058923 0 
6979 0.041854 0 
6980 0.034377 0 
6981 0.017726 0 
6982 0.080206 0 
6983 0.063724 0 
6984 0.047690 0 
6985 0.104668 0 
6986 0.088642 0 
6987 0.131712 0 
6988 0.115176 0 
6989 0.127473 0 
6990 0.109877 0 
6991 0.093534 0 
6992 0.075959 0 
6993 0.060024 0 
6994 0.043286 0 
6996 0.129718 0 
6997 0.113527 0 
6998 0.097195 0 
6999 0.151732 0 
7000 0.135740 0 
7001 0.119710 0 
7002 0.103504 0 
7003 0.087620 0 
7005 0.152050 0 
7006 0.154678 0 
7007 0.138261 0 
7008 0.122119 0 
7010 0.089415 0 
7012 0.056424 0 
7013 0.087911 0 
7014 0.231722 0 
7015 0.215404 0 
7018 0.211386 0 
7019 0.195114 0 
7020 0.231433 0 
7021 0.215371 0 
7022 0.199065 0 
7023 0.272093 0 
7024 0.255651 0 
7025 0.250399 0 
7026 0.234281 0 
7027 0.218117 0 
7028 0.201891 0 
7029 0.185168 0 
7031 0.194093 0 
7033 0.214616 0 
7034 0.200868 0 
7035 0.194010 0 
7036 0.177502 0 
7037 0.161004 0 
7038 0.257258 0 
7039 0.240923 0 
7041 0.209644 0 
7042 0.197933 0 
7043 0.182012 0 
7044 0.165324 0 
7045 0.149037 0 
7046 0.157742 0 
7047 0.141811 0 
7048 0.125691 0 
7049 0.109679 0 
7050 0.296885 0 
7065 0.065681 1 
7066 0.049411 1 
7068 0.017034 1 
7051 0.310364 0 
7052 0.293545 0 
7053 0.278244 0 
7054 0.261791 0 
7055 0.245796 0 
7070 0.019127 1 
7071 0.055286 1 
7072 0.075210 1 
7073 0.058657 1 
7074 0.042407 1 
7057 0.360884 0 
7075 0.071859 1 
7076 0.055312 1 
7078 0.043851 1 
7079 0.027691 1 
7080 0.011294 1 
7081 0.005299 1 
7083 0.007200 1 
7058 0.430010 0 
7059 0.414702 0 
7060 0.431345 0 
7061 0.415123 0 
7062 0.397434 0 
7085 0.024238 1 
7086 0.019725 1 
7087 0.020603 1 
7063 0.456240 0 
7089 0.033838 1 
7090 0.017933 1 
7064 0.469790 0 
7065 0.453594 0 
7066 0.437541 0 
7068 0.405101 0 
7091 0.029231 1 
7093 0.019786 1 
7094 0.011138 1 
7070 0.412024 0 
7071 0.395933 0 
7095 0.010158 1 
7072 0.415992 0 
7073 0.399433 0 
7074 0.383283 0 
7075 0.366966 0 
7096 0.045323 1 
7097 0.028778 1 
7076 0.381154 0 
7098 0.026203 1 
7099 0.023496 1 
7100 0.020051 1 
7101 0.010182 1 
7078 0.404333 0 
7079 0.388320 0 
7080 0.371959 0 
7081 0.355534 0 
7083 0.323103 0 
7085 0.296821 0 
7086 0.280499 0 
7087 0.263999 0 
7102 0.024709 1 
7103 0.008398 1 
7104 0.014926 1 
7089 0.264608 0 
7090 0.248101 0 
7091 0.241322 0 
7093 0.208905 0 
7094 0.192254 0 
7105 0.013117 1 
7106 0.008262 1 
7107 0.009369 1 
7095 0.216887 0 
7096 0.200265 0 
7097 0.183412 0 
7108 0.007044 1 
7109 0.016616 1 
7110 0.019259 1 
7112 0.012480 1 
7113 0.006151 1 
7098 0.269221 0 
7099 0.253540 0 
7100 0.237290 0 
7114 0.006802 1 
7115 0.015769 1 
7101 0.258656 0 
7102 0.242481 0 
7103 0.225881 0 
7116 0.027459 1 
7117 0.017110 1 
7118 0.009536 1 
7120 0.005606 1 
7121 0.022989 1 
7122 0.006761 1 
7104 0.314707 0 
7105 0.298503 0 
7106 0.282238 0 
7123 0.010872 1 
7107 0.278398 0 
7124 0.004455 1 
7125 0.016869 1 
7108 0.304095 0 
7109 0.287847 0 
7110 0.271223 0 
7112 0.238024 0 
7113 0.224563 0 
7114 0.207661 0 
7126 0.011045 1 
7115 0.191607 0 
7116 0.175460 0 
7127 0.014415 1 
7117 0.189534 0 
7128 0.030451 1 
7129 0.014402 1 
7118 0.197987 0 
7120 0.165288 0 
7121 0.148900 0 
7122 0.132689 0 
7123 0.116360 0 
7124 0.099995 0 
7130 0.015391 1 
7125 0.116915 0 
7126 0.099991 0 
7127 0.083603 0 
7128 0.067131 0 
7131 0.020123 1 
7129 0.075339 0 
7130 0.059241 0 
7131 0.042905 0 
7133 0.023392 1 
7133 0.046556 0 
7134 0.030168 0 
7134 0.038430 1 
7135 0.030208 0 
7135 0.035250 1 
7136 0.018785 1 
7137 0.019030 1 
7138 0.009930 1 
7139 0.010193 1 
7136 0.079912 0 
7137 0.063142 0 
7138 0.046595 0 
7141 0.013205 1 
7142 0.023354 1 
7143 0.013418 1 
7144 0.015710 1 
7139 0.105414 0 
7141 0.072401 0 
7142 0.056569 0 
7143 0.058324 0 
7144 0.041763 0 
7146 0.073411 1 
7147 0.057460 1 
7148 0.041036 1 
7149 0.022226 1 
7146 0.075849 0 
7147 0.059992 0 
7148 0.043702 0 
7149 0.025052 0 
7151 0.012616 1 
7151 0.042995 0 
7152 0.026793 0 
7153 0.048099 1 
7154 0.031552 1 
7155 0.014544 1 
7156 0.012975 1 
7153 0.080230 0 
7154 0.063947 0 
7155 0.060045 0 
7156 0.043442 0 
7158 0.029264 1 
7159 0.040613 1 
7160 0.020119 1 
7161 0.015649 1 
7158 0.083511 0 
7159 0.066838 0 
7162 0.014556 1 
7163 0.008937 1 
7160 0.084991 0 
7161 0.068997 0 
7164 0.024686 1 
7165 0.008764 1 
7162 0.072840 0 
7163 0.056962 0 
7164 0.041432 0 
7166 0.030000 1 
7165 0.055759 0 
7168 0.014220 0 
7168 0.014255 1 
7169 0.006296 1 
7170 0.020760 1 
7171 0.021460 1 
7172 0.021047 1 
7173 0.036857 1 
7174 0.020020 1 
7175 0.012171 1 
7169 0.143056 0 
7170 0.126874 0 
7171 0.110522 0 
7172 0.093536 0 
7173 0.080369 0 
7174 0.063767 0 
7175 0.047552 0 
7176 0.031566 0 
7177 0.014774 0 
7176 0.035053 1 
7177 0.018265 1 
7178 0.018020 1 
7179 0.010757 1 
7178 0.035080 0 
7179 0.018924 0 
7180 0.018140 1 
7181 0.006836 1 
7180 0.044046 0 
7182 0.029620 1 
7183 0.013454 1 
7181 0.062864 0 
7182 0.046278 0 
7183 0.030201 0 
7184 0.015055 1 
7185 0.013549 1 
7186 0.014294 1 
7187 0.011999 1 
7184 0.070658 0 
7185 0.053510 0 
7186 0.037521 0 
7188 0.009927 1 
7187 0.031328 0 
7188 0.015103 0 
7189 0.017706 1 
7190 0.040288 1 
7191 0.024158 1 
7192 0.007834 1 
7193 0.015390 1 
7189 0.081768 0 
7190 0.065830 0 
7191 0.049561 0 
7192 0.033235 0 
7195 0.015149 1 
7196 0.031315 1 
7197 0.015070 1 
7193 0.087724 0 
7195 0.053321 0 
7196 0.035743 0 
7198 0.007334 1 
7197 0.032972 0 
7199 0.013021 1 
7200 0.037778 1 
7201 0.021917 1 
7202 0.038792 1 
7204 0.013274 1 
7205 0.019534 1 
7200 0.152325 0 
7201 0.136275 0 
7202 0.120070 0 
7209 0.020178 1 
7204 0.115046 0 
7205 0.098268 0 
7206 0.082445 0 
7207 0.066110 0 
7209 0.032700 0 
7211 0.023667 1 
7211 0.030030 0 
7212 0.034276 1 
7212 0.045595 0 
7213 0.056133 0 
7214 0.039026 0 
7213 0.069865 1 
7214 0.052935 1 
7217 0.023302 1 
7218 0.027345 1 
7217 0.068871 0 
7218 0.053201 0 
7219 0.064931 1 
7220 0.048267 1 
7222 0.034927 1 
7223 0.030113 1 
7224 0.015562 1 
7225 0.008283 1 
7226 0.029724 1 
7219 0.154255 0 
7220 0.145085 0 
7221 0.128947 0 
7222 0.112775 0 
7223 0.096619 0 
7227 0.039078 1 
7228 0.025398 1 
7224 0.094073 0 
7225 0.077379 0 
7226 0.061104 0 
7227 0.047746 0 
7228 0.043235 0 
7230 0.012110 1 
7232 0.025277 1 
7233 0.016486 1 
7234 0.033609 1 
7235 0.021827 1 
7236 0.009800 1 
7237 0.012032 1 
7230 0.139488 0 
7232 0.107539 0 
7238 0.019544 1 
7233 0.133091 0 
7234 0.116400 0 
7235 0.099996 0 
7236 0.083925 0 
7237 0.067548 0 
7240 0.023002 1 
7241 0.013265 1 
7242 0.018886 1 
7243 0.010738 1 
7238 0.097487 0 
7240 0.084203 0 
7241 0.067405 0 
7242 0.051099 0 
7244 0.026890 1 
7245 0.018917 1 
7246 0.027112 1 
7247 0.020216 1 
7243 0.089773 0 
7244 0.073464 0 
7245 0.057239 0 
7246 0.041167 0 
7248 0.029745 1 
7249 0.020980 1 
7250 0.031771 1 
7251 0.015692 1 
7247 0.105932 0 
7248 0.089667 0 
7249 0.073107 0 
7250 0.056266 0 
7251 0.041471 0 
7252 0.024638 0 
7253 0.008283 0 
7252 0.029185 1 
7253 0.012751 1 
7254 0.007562 1 
7254 0.040393 0 
7256 0.032596 1 
7257 0.040885 1 
7256 0.060488 0 
7257 0.044350 0 
7258 0.027892 0 
7259 0.011787 0 
7258 0.039372 1 
7259 0.023274 1 
7260 0.012249 1 
7261 0.011766 1 
7262 0.008359 1 
7260 0.056220 0 
7261 0.040194 0 
7262 0.024249 0 
7263 0.026392 1 
7264 0.010537 1 
7265 0.017864 1 
7267 0.021673 1 
7264 0.107344 0 
7269 0.042459 1 
7270 0.048641 1 
7271 0.032434 1 
7272 0.020071 1 
7265 0.136568 0 
7267 0.103874 0 
7273 0.027645 1 
7274 0.020424 1 
7271 0.071528 0 
7272 0.055044 0 
7275 0.026514 1 
7277 0.038323 1 
7278 0.021384 1 
7279 0.035821 1 
7280 0.019780 1 
7282 0.023377 1 
7274 0.159246 0 
7275 0.142716 0 
7277 0.109677 0 
7278 0.092710 0 
7279 0.075926 0 
7280 0.059818 0 
7284 0.015880 0 
7284 0.029845 1 
7285 0.016237 0 
7286 0.020992 1 
7286 0.029216 0 
7288 0.035866 1 
7288 0.041311 0 
7289 0.025015 0 
7290 0.036967 0 
7289 0.060501 1 
7290 0.051502 1 
7292 0.018333 1 
7293 0.013968 1 
7292 0.111976 0 
7293 0.095845 0 
7294 0.083264 0 
7295 0.067137 0 
7296 0.050891 0 
7297 0.054924 0 
7298 0.038446 0 
7299 0.022176 0 
7297 0.085997 1 
7298 0.098063 1 
7299 0.081775 1 
7300 0.065839 1 
7301 0.049723 1 
7302 0.067587 1 
7303 0.051127 1 
7304 0.034386 1 
7305 0.026688 1 
7301 0.097987 0 
7302 0.081777 0 
7303 0.065593 0 
7304 0.059215 0 
7305 0.042206 0 
7306 0.025286 0 
7307 0.022004 0 
7308 0.025201 0 
7306 0.072437 1 
7307 0.056173 1 
7308 0.039271 1 
7309 0.022778 1 
7309 0.024022 0 
7311 0.017713 1 
7312 0.037302 1 
7311 0.058012 0 
7312 0.041615 0 
7313 0.025373 0 
7314 0.009186 0 
7315 0.024425 0 
7313 0.057868 1 
7314 0.041575 1 
7315 0.045340 1 
7316 0.029402 1 
7316 0.044960 0 
7317 0.028656 0 
7317 0.085895 1 
7319 0.082763 1 
7320 0.069560 1 
7321 0.053043 1 
7322 0.036799 1 
7323 0.020320 1 
7324 0.040933 1 
7319 0.163766 0 
7320 0.148467 0 
7321 0.131939 0 
7322 0.115683 0 
7323 0.099192 0 
7324 0.082593 0 
7325 0.066116 0 
7326 0.049633 0 
7327 0.033457 0 
7328 0.016818 0 
7326 0.067251 1 
7327 0.051142 1 
7328 0.034562 1 
7329 0.017957 1 
7330 0.016443 1 
7329 0.055950 0 
7330 0.057075 0 
7332 0.024893 0 
7332 0.068304 1 
7333 0.052129 1 
7334 0.037962 1 
7335 0.021617 1 
7336 0.013962 1 
7337 0.045347 1 
7338 0.028868 1 
7340 0.034122 1 
7341 0.033950 1 
7342 0.017537 1 
7333 0.179759 0 
7334 0.163816 0 
7335 0.147752 0 
7336 0.128922 0 
7343 0.013590 1 
7337 0.115849 0 
7338 0.099359 0 
7340 0.109400 0 
7341 0.093138 0 
7342 0.076853 0 
7343 0.059343 0 
7345 0.030979 1 
7346 0.021449 1 
7347 0.029476 1 
7348 0.013187 1 
7345 0.069117 0 
7346 0.053431 0 
7347 0.037184 0 
7348 0.021051 0 
7350 0.057509 0 
7351 0.037566 0 
7352 0.049018 0 
7353 0.032614 0 
7354 0.016184 0 
7350 0.096230 1 
7351 0.076010 1 
7352 0.062483 1 
7353 0.046077 1 
7354 0.029662 1 
7355 0.033473 0 
7357 0.022961 0 
7358 0.057059 0 
7359 0.047275 0 
7360 0.031142 0 
7361 0.014430 0 
7355 0.140642 1 
7357 0.107337 1 
7358 0.090996 1 
7359 0.074686 1 
7360 0.058449 1 
7361 0.041731 1 
7362 0.025908 1 
7362 0.055778 0 
7363 0.039310 0 
7364 0.022203 0 
7365 0.013707 0 
7363 0.062248 1 
7364 0.045387 1 
7365 0.034807 1 
7367 0.019300 1 
7367 0.037250 0 
7368 0.045575 1 
7369 0.025190 1 
7370 0.022563 1 
7371 0.012847 1 
7372 0.027029 1 
7373 0.025832 1 
7370 0.083783 0 
7371 0.067694 0 
7372 0.051190 0 
7373 0.034895 0 
7374 0.026927 1 
7375 0.010081 1 
7376 0.025020 1 
7377 0.021398 1 
7378 0.023463 1 
7379 0.008871 1 
7374 0.097314 0 
7375 0.080468 0 
7376 0.071199 0 
7377 0.055107 0 
7378 0.037919 0 
7379 0.021288 0 
7380 0.031859 0 
7380 0.061597 1 
7381 0.045820 1 
7382 0.032666 0 
7382 0.042164 1 
7383 0.025691 1 
7384 0.018574 1 
7385 0.014028 1 
7386 0.028544 1 
7387 0.020508 1 
7383 0.097312 0 
7384 0.081190 0 
7385 0.064330 0 
7387 0.031778 0 
7388 0.015611 0 
7388 0.024923 1 
7389 0.021266 1 
7390 0.039098 1 
7391 0.023105 1 
7392 0.039640 1 
7389 0.099319 0 
7390 0.084247 0 
7391 0.068233 0 
7394 0.051133 1 
7395 0.034954 1 
7396 0.025271 1 
7397 0.019117 1 
7394 0.080691 0 
7398 0.023889 1 
7399 0.033187 1 
7400 0.044149 1 
7401 0.028145 1 
7395 0.145772 0 
7396 0.129065 0 
7397 0.112893 0 
7398 0.096046 0 
7399 0.079834 0 
7400 0.063689 0 
7401 0.047672 0 
7403 0.037505 1 
7404 0.043522 1 
7405 0.027277 1 
7408 0.018300 1 
7410 0.010770 1 
7411 0.019171 1 
7404 0.143054 0 
7405 0.126755 0 
7406 0.110090 0 
7408 0.077180 0 
7410 0.045109 0 
7412 0.023031 1 
7412 0.034487 0 
7413 0.017877 0 
7413 0.038825 1 
7416 0.029431 1 
7416 0.037210 0 
7417 0.042013 1 
7418 0.025994 1 
7419 0.046813 1 
7420 0.030536 1 
7421 0.020937 1 
7422 0.017645 1 
7423 0.011292 1 
7421 0.064657 0 
7422 0.048247 0 
7423 0.032132 0 
7424 0.015760 0 
7424 0.031844 1 
7425 0.015535 1 
7426 0.027886 1 
7427 0.020663 1 
7429 0.012236 1 
7427 0.066036 0 
7429 0.033427 0 
7431 0.039950 1 
7432 0.033167 1 
7433 0.016447 1 
7434 0.013842 1 
7435 0.012965 1 
7431 0.085068 0 
7432 0.068915 0 
7433 0.052149 0 
7434 0.036049 0 
7436 0.012162 1 
7437 0.021388 1 
7435 0.070565 0 
7436 0.055102 0 
7437 0.039029 0 
7439 0.006685 0 
7439 0.051838 1 
7440 0.035435 1 
7441 0.018759 1 
7442 0.030491 1 
7443 0.030373 1 
7444 0.014206 1 
7440 0.092805 0 
7441 0.076131 0 
7442 0.059982 0 
7445 0.030861 1 
7443 0.069918 0 
7444 0.053841 0 
7446 0.026029 1 
7447 0.021214 1 
7448 0.012867 1 
7445 0.072539 0 
7446 0.056987 0 
7447 0.040920 0 
7448 0.024554 0 
7449 0.047327 0 
7449 0.048627 1 
7450 0.032217 1 
7451 0.034379 1 
7452 0.019324 1 
7453 0.013414 1 
7450 0.070448 0 
7451 0.054076 0 
7452 0.055114 0 
7453 0.038650 0 
7455 0.042585 1 
7456 0.025896 1 
7457 0.028301 1 
7458 0.011874 1 
7455 0.084652 0 
7456 0.067999 0 
7457 0.052030 0 
7458 0.036398 0 
7459 0.028849 1 
7459 0.049168 0 
7460 0.031678 0 
7461 0.015583 0 
7460 0.042816 1 
7461 0.045605 1 
7462 0.028983 1 
7462 0.044967 0 
7463 0.028649 0 
7464 0.012289 0 
7463 0.047072 1 
7464 0.030614 1 
7466 0.023209 1 
7468 0.018691 0 
7468 0.025740 1 
7469 0.009502 1 
7470 0.027351 1 
7471 0.019192 1 
7469 0.059232 0 
7470 0.042677 0 
7471 0.027155 0 
7472 0.010719 0 
7473 0.017553 1 
7473 0.062021 0 
7474 0.045917 0 
7474 0.046411 1 
7476 0.027694 0 
7476 0.039551 1 
7477 0.023414 1 
7478 0.032190 1 
7479 0.015319 1 
7477 0.073344 0 
7478 0.062924 0 
7479 0.046050 0 
7481 0.036086 1 
7483 0.028696 1 
7484 0.012627 1 
7481 0.085431 0 
7485 0.022893 1 
7483 0.064650 0 
7484 0.048574 0 
7487 0.029501 1 
7488 0.048756 1 
7489 0.032427 1 
7487 0.075920 0 
7491 0.013858 1 
7491 0.021260 0 
7492 0.052820 0 
7493 0.036185 0 
7494 0.023959 0 
7492 0.079847 1 
7493 0.063164 1 
7494 0.079003 1 
7495 0.062340 1 
7496 0.044172 1 
7497 0.045443 1 
7498 0.039531 1 
7495 0.095674 0 
7496 0.077507 0 
7497 0.061896 0 
7499 0.029408 0 
7499 0.062356 1 
7500 0.045645 1 
7501 0.029001 1 
7502 0.019833 1 
7502 0.020622 0 
7503 0.019810 1 
7504 0.015441 1 
7505 0.045904 1 
7506 0.048964 1 
7507 0.032211 1 
7508 0.015836 1 
7504 0.089602 0 
7505 0.102403 0 
7506 0.085631 0 
7507 0.068844 0 
7508 0.052530 0 
7510 0.020293 0 
7510 0.039626 1 
7511 0.067634 0 
7512 0.052369 0 
7513 0.035947 0 
7514 0.019807 0 
7515 0.052405 0 
7516 0.035910 0 
7511 0.142587 1 
7512 0.127292 1 
7513 0.110497 1 
7514 0.094213 1 
7515 0.077829 1 
7518 0.049280 0 
7516 0.088346 1 
7519 0.039351 1 
7519 0.051353 0 
7520 0.035217 0 
7520 0.038053 1 
7521 0.025850 0 
7522 0.009175 0 
7521 0.061878 1 
7522 0.045069 1 
7523 0.029579 1 
7524 0.028183 1 
7525 0.032740 1 
7526 0.016497 1 
7527 0.021134 1 
7528 0.020087 1 
7529 0.015074 1 
7523 0.120677 0 
7524 0.104370 0 
7525 0.088345 0 
7526 0.072092 0 
7527 0.055877 0 
7531 0.036769 1 
7532 0.024494 1 
7528 0.095828 0 
7529 0.079436 0 
7533 0.016670 1 
7534 0.018069 1 
7533 0.043727 0 
7534 0.027520 0 
7535 0.013516 1 
7536 0.054580 1 
7537 0.046917 1 
7535 0.081909 0 
7536 0.065799 0 
7537 0.049158 0 
7539 0.016434 0 
7539 0.017339 1 
7540 0.017353 1 
7541 0.015506 1 
7540 0.052568 0 
7541 0.036177 0 
7542 0.055171 1 
7542 0.066194 0 
7544 0.033528 0 
7545 0.016820 0 
7544 0.038980 1 
7545 0.028379 1 
7546 0.023758 0 
7546 0.040435 1 
7547 0.024607 1 
7549 0.021436 1 
7550 0.031200 1 
7551 0.015002 1 
7550 0.034895 0 
7551 0.018691 0 
7552 0.016320 0 
7552 0.043530 1 
7553 0.021637 1 
7553 0.045689 0 
7554 0.028609 0 
7556 0.006463 0 
7554 0.053201 1 
7556 0.019867 1 
7557 0.030275 0 
7558 0.014165 0 
7557 0.039152 1 
7558 0.022906 1 
7559 0.013753 0 
7560 0.012711 0 
7560 0.015789 1 
7561 0.015882 0 
7562 0.024068 0 
7563 0.007667 0 
7561 0.052946 1 
7562 0.036574 1 
7563 0.025191 1 
7564 0.017012 0 
7564 0.030717 1 
7566 0.018407 0 
7567 0.014054 0 
7566 0.032635 1 
7568 0.020318 0 
7569 0.028853 0 
7570 0.012294 0 
7567 0.069494 1 
7568 0.053158 1 
7569 0.036831 1 
7571 0.006112 0 
7570 0.033000 1 
7571 0.017964 1 
7572 0.020339 1 
7572 0.025251 0 
7573 0.008927 0 
7574 0.013957 0 
7575 0.012694 0 
7573 0.047864 1 
7574 0.031667 1 
7576 0.011193 0 
7575 0.032635 1 
7576 0.016552 1 
7577 0.018416 1 
7577 0.020649 0 
7578 0.007443 1 
7578 0.013590 0 
7579 0.006399 0 
7579 0.008696 1 
7580 0.030779 0 
7581 0.014350 0 
7582 0.008440 0 
7581 0.037944 1 
7582 0.021406 1 
7583 0.017721 1 
7583 0.027979 0 
7584 0.011521 0 
7585 0.004475 0 
7586 0.032345 0 
7587 0.016104 0 
7588 0.021488 0 
7584 0.097281 1 
7585 0.080844 1 
7586 0.064633 1 
7587 0.057719 1 
7588 0.041176 1 
7589 0.034805 0 
7590 0.018189 0 
7589 0.046013 1 
7591 0.030147 0 
7590 0.079544 1 
7591 0.063415 1 
7593 0.033234 0 
7594 0.017036 0 
7593 0.036883 1 
7594 0.020519 1 
7595 0.016056 0 
7595 0.020513 1 
7596 0.008309 0 
7597 0.026684 0 
7598 0.010789 0 
7596 0.054057 1 
7598 0.021511 1 
7599 0.006015 0 
7600 0.021827 0 
7599 0.046417 1 
7600 0.029964 1 
7602 0.023863 1 
7603 0.017756 1 
7602 0.037258 0 
7603 0.021326 0 
7604 0.021503 0 
7605 0.014406 0 
7607 0.008545 0 
7607 0.020645 1 
7609 0.017231 1 
7609 0.021997 0 
7610 0.018921 0 
7611 0.018464 0 
7612 0.024706 0 
7610 0.093480 1 
7615 0.017622 0 
7616 0.026304 0 
7611 0.119687 1 
7612 0.102996 1 
7617 0.028775 0 
7615 0.088060 1 
7616 0.072604 1 
7617 0.056356 1 
7618 0.041479 0 
7619 0.025391 0 
7620 0.024731 0 
7621 0.008465 0 
7618 0.077453 1 
7619 0.061263 1 
7622 0.029032 0 
7623 0.012838 0 
7620 0.078909 1 
7624 0.013700 0 
7625 0.006003 0 
7621 0.080209 1 
7622 0.063999 1 
7626 0.015838 0 
7628 0.037102 0 
7623 0.123792 1 
7624 0.108063 1 
7625 0.091917 1 
7626 0.075600 1 
7630 0.032121 0 
7631 0.017913 0 
7628 0.074327 1 
7630 0.047861 1 
7631 0.031288 1 
7632 0.017928 0 
7632 0.026020 1 
7633 0.018211 0 
7634 0.018756 0 
7635 0.017832 0 
7633 0.072428 1 
7636 0.039342 0 
7638 0.009858 0 
7639 0.013987 0 
7640 0.019278 0 
7641 0.013338 0 
7634 0.149978 1 
7635 0.133577 1 
7636 0.117314 1 
7638 0.083696 1 
7639 0.067479 1 
7640 0.050488 1 
7641 0.034521 1 
7642 0.032417 0 
7643 0.016131 0 
7642 0.041173 1 
7643 0.025007 1 
7644 0.011164 0 
7645 0.016127 0 
7644 0.035920 1 
7646 0.021146 0 
7647 0.026016 0 
7648 0.014294 0 
7647 0.038888 1 
7648 0.029950 1 
7649 0.014193 1 
7649 0.017466 0 
7650 0.008099 0 
7651 0.026680 0 
7652 0.010444 0 
7650 0.045184 1 
7651 0.026859 1 
7652 0.031158 1 
7654 0.017221 0 
7655 0.027948 0 
7656 0.028135 0 
7657 0.019341 0 
7654 0.085109 1 
7655 0.068871 1 
7656 0.052344 1 
7657 0.036200 1 
7658 0.026099 0 
7659 0.009780 0 
7660 0.007952 0 
7658 0.046804 1 
7661 0.007053 0 
7662 0.027329 0 
7663 0.014779 0 
7659 0.112677 1 
7660 0.096262 1 
7661 0.080507 1 
7662 0.064304 1 
7663 0.048173 1 
7665 0.020598 0 
7667 0.010335 0 
7665 0.050267 1 
7668 0.012782 0 
7669 0.005399 0 
7670 0.005423 0 
7667 0.061081 1 
7668 0.044802 1 
7669 0.040341 1 
7670 0.023662 1 
7671 0.018129 1 
7671 0.027160 0 
7672 0.013800 1 
7672 0.021380 0 
7673 0.014341 0 
7675 0.007583 0 
7673 0.056926 1 
7676 0.010191 0 
7677 0.017448 0 
7678 0.007824 0 
7675 0.062898 1 
7676 0.046940 1 
7678 0.031249 1 
7680 0.019822 0 
7682 0.029930 0 
7683 0.013465 0 
7680 0.062931 1 
7682 0.030456 1 
7683 0.013812 1 
7684 0.006715 0 
7684 0.015337 1 
7686 0.028195 1 
7686 0.028222 0 
7687 0.011607 0 
7687 0.026825 1 
7688 0.013577 0 
7688 0.014635 1 
7690 0.021233 1 
7690 0.030732 0 
7691 0.014360 0 
7692 0.008781 0 
7692 0.027323 1 
7693 0.014231 0 
7694 0.014197 0 
7693 0.050506 1 
7694 0.034169 1 
7695 0.017791 1 
7696 0.021029 1 
7696 0.026183 0 
7697 0.038483 0 
7698 0.022185 0 
7699 0.006009 0 
7699 0.028295 1 
7700 0.011854 1 
7701 0.021062 1 
7700 0.043490 0 
7701 0.034323 0 
7702 0.017640 0 
7703 0.020204 0 
7704 0.005770 0 
7705 0.009653 0 
7703 0.051459 1 
7704 0.035348 1 
7705 0.028517 1 
7706 0.018312 1 
7707 0.027192 0 
7709 0.029572 0 
7710 0.013360 0 
7711 0.013593 0 
7709 0.054327 1 
7710 0.038196 1 
7712 0.013010 0 
7713 0.009629 0 
7711 0.048910 1 
7712 0.032413 1 
7713 0.030288 1 
7714 0.016602 0 
7714 0.046871 1 
7715 0.030363 1 
7715 0.033527 0 
7717 0.011019 0 
7717 0.041723 1 
7718 0.025829 0 
7718 0.027160 1 
7719 0.017576 0 
7719 0.028571 1 
7720 0.012682 1 
7720 0.026865 0 
7721 0.031288 0 
7722 0.021693 0 
7721 0.049643 1 
7722 0.033736 1 
7723 0.017405 1 
7724 0.029128 1 
7723 0.050159 0 
7725 0.022341 0 
7726 0.006003 0 
7725 0.027136 1 
7726 0.032331 1 
7727 0.017794 1 
7728 0.034025 1 
7727 0.050492 0 
7728 0.052979 0 
7730 0.020617 0 
7731 0.014262 0 
7730 0.067236 1 
7732 0.047977 0 
7733 0.031736 0 
7734 0.022744 0 
7735 0.040429 0 
7736 0.028255 0 
7731 0.130852 1 
7732 0.114306 1 
7733 0.117555 1 
7734 0.101375 1 
7738 0.062753 0 
7739 0.046293 0 
7740 0.030058 0 
7741 0.019540 0 
7735 0.139144 1 
7736 0.122210 1 
7743 0.010190 0 
7739 0.096422 1 
7744 0.014973 0 
7740 0.091281 1 
7741 0.075129 1 
7743 0.042350 1 
7744 0.025968 1 
7745 0.014148 1 
7745 0.016746 0 
7746 0.018224 1 
7746 0.024831 0 
7748 0.014027 0 
7749 0.005321 0 
7748 0.037856 1 
7749 0.024673 1 
7750 0.021200 0 
7751 0.015417 0 
7752 0.022885 0 
7753 0.006772 0 
7750 0.066727 1 
7751 0.050677 1 
7753 0.033129 1 
7755 0.019220 0 
7755 0.027375 1 
7756 0.023726 1 
7756 0.036892 0 
7757 0.023839 1 
7758 0.017562 1 
7757 0.075228 0 
7758 0.058805 0 
7759 0.042613 0 
7760 0.026098 0 
7759 0.057375 1 
7761 0.027484 0 
7762 0.015124 0 
7763 0.006325 0 
7760 0.069474 1 
7761 0.055358 1 
7762 0.039083 1 
7763 0.026853 1 
7765 0.013583 0 
7766 0.012320 0 
7765 0.037372 1 
7766 0.020689 1 
7767 0.020137 1 
7768 0.013780 1 
7767 0.033046 0 
7768 0.016349 0 
7769 0.014997 1 
7770 0.009992 1 
7769 0.032975 0 
7770 0.016712 0 
7771 0.014669 0 
7771 0.031914 1 
7772 0.028491 0 
7773 0.010158 0 
7774 0.005000 0 
7773 0.038100 1 
7774 0.021790 1 
7775 0.009710 0 
7776 0.007701 0 
7775 0.031982 1 
7776 0.015323 1 
7777 0.028538 0 
7778 0.012589 0 
7777 0.044987 1 
7778 0.028816 1 
7779 0.014435 0 
7779 0.032703 1 
7780 0.023964 1 
7780 0.030710 0 
7781 0.014023 0 
7781 0.017786 1 
7782 0.009926 0 
7782 0.015576 1 
7783 0.032022 1 
7783 0.039731 0 
7784 0.023532 0 
7784 0.028563 1 
7785 0.012132 1 
7785 0.030089 0 
7786 0.013948 0 
7786 0.025515 1 
7787 0.011619 1 
7787 0.022537 0 
7788 0.006341 0 
7788 0.013585 1 
7789 0.023899 0 
7790 0.007720 0 
7792 0.005957 0 
7790 0.056254 1 
7792 0.041741 1 
7793 0.027626 0 
7793 0.028301 1 
7794 0.019735 1 
7795 0.020494 1 
7794 0.059152 0 
7795 0.042733 0 
7796 0.027140 0 
7797 0.010866 0 
7796 0.029532 1 
7797 0.027157 1 
7798 0.015898 0 
7799 0.011199 0 
7798 0.029162 1 
7799 0.019283 1 
7801 0.015088 1 
7802 0.013222 1 
7801 0.043806 0 
7802 0.028002 0 
7803 0.010785 0 
7804 0.006835 0 
7803 0.042923 1 
7806 0.008673 0 
7806 0.016847 1 
7808 0.015894 1 
7808 0.031073 0 
7809 0.014839 0 
7809 0.029124 1 
7810 0.019791 0 
7811 0.009341 0 
7810 0.034271 1 
7811 0.021776 1 
7814 0.027465 0 
7815 0.015715 0 
7814 0.038719 1 
7816 0.013586 0 
7815 0.042194 1 
7816 0.026268 1 
7817 0.040523 1 
7818 0.024126 1 
7819 0.014694 1 
7817 0.052651 0 
7818 0.036242 0 
7820 0.006508 1 
7820 0.010557 0 
7821 0.010590 0 
7822 0.009899 0 
7821 0.030197 1 
7822 0.018258 1 
7823 0.017465 0 
7824 0.009349 0 
7823 0.033581 1 
7824 0.017154 1 
7825 0.010039 1 
7825 0.011015 0 
7827 0.013150 1 
7827 0.015484 0 
7829 0.018798 0 
7830 0.016916 1 
7831 0.016400 1 
7832 0.011503 1 
7831 0.028489 0 
7832 0.031494 0 
7833 0.027839 0 
7834 0.015340 1 
7834 0.024048 0 
7835 0.017486 1 
7835 0.031268 0 
7837 0.010382 1 
7837 0.012931 0 
7838 0.008290 1 
7838 0.012724 0 
7839 0.008826 1 
7839 0.010261 0 
7840 0.011720 0 
7840 0.020139 1 
7841 0.019904 1 
7841 0.022748 0 
7842 0.006710 0 
7842 0.020772 1 
7843 0.018901 1 
7843 0.022072 0 
7844 0.013210 0 
7845 0.006166 0 
7845 0.044029 1 
7846 0.035384 0 
7847 0.019077 0 
7846 0.037095 1 
7847 0.023649 1 
7848 0.017254 0 
7848 0.029053 1 
7849 0.012117 1 
7850 0.008922 1 
7849 0.029868 0 
7850 0.013316 0 
7851 0.009244 1 
7851 0.033355 0 
7853 0.013333 0 
7853 0.019078 1 
7854 0.011480 0 
7855 0.020252 0 
7854 0.036547 1 
7855 0.020298 1 
7856 0.011829 0 
7856 0.013083 1 
7857 0.008328 1 
7858 0.013495 0 
7858 0.032120 1 
7859 0.031251 1 
7859 0.039462 0 
7860 0.023208 0 
7860 0.025169 1 
7861 0.012320 0 
7862 0.012699 1 
7862 0.033205 0 
7864 0.035076 1 
7866 0.029806 1 
7864 0.067761 0 
7866 0.034737 0 
7867 0.018919 0 
7867 0.023728 1 
7868 0.009518 1 
7869 0.015120 1 
7870 0.007091 1 
7868 0.042034 0 
7869 0.025610 0 
7870 0.034671 0 
7871 0.018340 0 
7871 0.029078 1 
7872 0.021067 1 
7872 0.022646 0 
7874 0.012110 0 
7874 0.027986 1 
7875 0.043311 1 
7876 0.026981 1 
7875 0.050016 0 
7876 0.033587 0 
7877 0.017440 0 
7877 0.025847 1 
7879 0.027359 1 
7879 0.035010 0 
7881 0.016035 0 
7882 0.008541 0 
7881 0.027415 1 
7882 0.018680 1 
7883 0.007155 1 
7883 0.026523 0 
7885 0.008363 0 
7885 0.022981 1 
7886 0.011056 0 
7886 0.013486 1 
7887 0.011934 1 
7887 0.015966 0 
7889 0.011858 1 
7889 0.038460 0 
7890 0.021901 0 
7891 0.009372 0 
7890 0.034809 1 
7891 0.018323 1 
7892 0.019671 0 
7893 0.009505 0 
7893 0.026063 1 
7894 0.015983 1 
7895 0.015011 1 
7894 0.034711 0 
7895 0.029543 0 
7896 0.013309 0 
7896 0.020295 1 
7897 0.008250 1 
7897 0.018362 0 
7898 0.015547 1 
7898 0.016563 0 
7899 0.014165 1 
7899 0.014196 0 
7900 0.017119 1 
7901 0.006501 1 
7901 0.021897 0 
7902 0.021575 0 
7903 0.024040 0 
7904 0.007613 0 
7904 0.023787 1 
7905 0.016965 1 
7905 0.018686 0 
7906 0.011280 1 
7906 0.022961 0 
7908 0.010795 1 
7908 0.023224 0 
7909 0.025892 1 
7910 0.032586 1 
7911 0.016792 1 
7912 0.010689 1 
7909 0.067678 0 
7910 0.050809 0 
7911 0.034899 0 
7913 0.019657 1 
7914 0.017681 1 
7916 0.026277 1 
7917 0.020130 1 
7913 0.089872 0 
7914 0.073237 0 
7916 0.040455 0 
7917 0.024309 0 
7918 0.010993 1 
7918 0.019165 0 
7919 0.010154 1 
7919 0.011837 0 
7920 0.008928 1 
7920 0.033112 0 
7921 0.016663 0 
7921 0.023404 1 
7922 0.012076 0 
7922 0.024975 1 
7923 0.019127 1 
7923 0.025424 0 
7924 0.013552 1 
7925 0.010939 1 
7924 0.033653 0 
7925 0.017427 0 
7926 0.008941 1 
7926 0.023798 0 
7927 0.011714 0 
7927 0.024168 1 
7929 0.010656 0 
7929 0.024265 1 
7930 0.011847 1 
7930 0.024446 0 
7931 0.017115 1 
7931 0.034123 0 
7932 0.017807 0 
7932 0.034190 1 
7933 0.025609 0 
7934 0.028644 0 
7933 0.046328 1 
7934 0.050992 1 
7935 0.034827 1 
7935 0.039448 0 
7937 0.016763 0 
7937 0.021992 1 
7938 0.012124 1 
7938 0.015242 0 
7939 0.009058 0 
7940 0.017378 0 
7939 0.035692 1 
7940 0.019524 1 
7942 0.024523 1 
7942 0.029220 0 
7943 0.012749 0 
7944 0.006248 0 
7944 0.021708 1 
7945 0.024324 0 
7947 0.015060 0 
7947 0.025387 1 
7948 0.017388 0 
7949 0.014008 0 
7948 0.032576 1 
7949 0.016319 1 
7950 0.014747 1 
7951 0.010248 1 
7950 0.049844 0 
7951 0.033913 0 
7952 0.017008 0 
7952 0.035163 1 
7954 0.025084 1 
7955 0.015001 1 
7955 0.018990 0 
7956 0.009811 0 
7956 0.020238 1 
7957 0.019474 0 
7958 0.014793 0 
7957 0.038453 1 
7959 0.011387 0 
7960 0.044575 0 
7961 0.028438 0 
7958 0.087595 1 
7959 0.071126 1 
7962 0.023239 0 
7964 0.012568 0 
7960 0.093085 1 
7961 0.076912 1 
7962 0.060705 1 
7965 0.033815 0 
7964 0.056074 1 
7965 0.039531 1 
7966 0.023288 1 
7967 0.013440 1 
7968 0.015143 1 
7966 0.064324 0 
7967 0.043079 0 
7968 0.026426 0 
7969 0.010410 0 
7969 0.012320 1 
7970 0.017299 0 
7970 0.027807 1 
7971 0.011363 1 
7971 0.021208 0 
7972 0.019366 0 
7972 0.029276 1 
7973 0.013098 1 
7973 0.019781 0 
7974 0.011383 0 
7974 0.016788 1 
7975 0.009474 0 
7975 0.016404 1 
7976 0.035951 0 
7977 0.019961 0 
7976 0.036746 1 
7977 0.020523 1 
7978 0.020451 0 
7979 0.014237 1 
7979 0.020411 0 
7980 0.016604 1 
7980 0.020194 0 
7981 0.016153 1 
7981 0.023723 0 
7982 0.007778 0 
7982 0.010033 1 
7983 0.017032 1 
7984 0.014165 0 
7984 0.034750 1 
7985 0.017598 1 
7985 0.018293 0 
7986 0.020357 1 
7987 0.014898 1 
7986 0.036470 0 
7988 0.019959 0 
7989 0.018495 0 
7989 0.035543 1 
7991 0.017603 1 
7991 0.018765 0 
7992 0.023881 1 
7993 0.010989 1 
7992 0.027756 0 
7994 0.015504 1 
7993 0.035175 0 
7994 0.021687 0 
7995 0.005525 0 
7995 0.027006 1 
7996 0.010883 1 
7996 0.013033 0 
7997 0.018780 0 
7997 0.032726 1 
7998 0.016213 1 
8000 0.013176 1 
8001 0.009341 1 
8001 0.019347 0 
8002 0.011070 1 
8003 0.023276 0 
8005 0.010237 1 
8005 0.022887 0 
8007 0.009028 1 
8007 0.019342 0 
8008 0.026523 0 
8009 0.021564 0 
8009 0.026516 1 
8010 0.021851 1 
8010 0.035962 0 
8013 0.012166 0 
8014 0.019974 0 
8014 0.033913 1 
8015 0.014877 1 
8015 0.021328 0 
8016 0.027390 1 
8017 0.011313 1 
8016 0.038548 0 
8017 0.022424 0 
8018 0.020379 1 
8019 0.014454 1 
8018 0.031342 0 
8020 0.012970 0 
8020 0.031137 1 
8021 0.016605 0 
8021 0.027852 1 
8022 0.021222 1 
8023 0.008632 1 
8022 0.024855 0 
8023 0.008807 0 
8024 0.007562 1 
8024 0.018322 0 
8026 0.021659 1 
8026 0.029060 0 
8028 0.015811 1 
8028 0.027761 0 
8029 0.010628 0 
8029 0.013669 1 
8030 0.043880 1 
8031 0.027427 1 
8032 0.023499 1 
8033 0.014134 1 
8030 0.067290 0 
8031 0.050851 0 
8032 0.034099 0 
8033 0.017794 0 
8034 0.016497 0 
8036 0.049549 1 
8036 0.086397 0 
8037 0.070439 0 
8038 0.053982 0 
8039 0.037336 0 
8040 0.020411 0 
8037 0.079628 1 
8038 0.063361 1 
8039 0.046722 1 
8040 0.046929 1 
8041 0.030437 1 
8042 0.028567 1 
8041 0.051142 0 
8043 0.021950 0 
8044 0.011534 1 
8044 0.020285 0 
8045 0.014578 1 
8045 0.017308 0 
8046 0.005997 0 
8046 0.034437 1 
8047 0.022580 0 
8048 0.016021 0 
8047 0.032885 1 
8049 0.014310 0 
8050 0.012337 1 
8050 0.030654 0 
8052 0.016010 1 
8052 0.021609 0 
8053 0.021703 1 
8053 0.027025 0 
8054 0.017272 1 
8054 0.022455 0 
8055 0.013834 1 
8055 0.025309 0 
8056 0.027146 0 
8056 0.031465 1 
8057 0.032730 0 
8058 0.016304 0 
8057 0.038142 1 
8059 0.031108 0 
8060 0.014969 0 
8058 0.048658 1 
8060 0.019359 1 
8061 0.014534 1 
8061 0.036834 0 
8063 0.019068 1 
8063 0.025773 0 
8065 0.014528 1 
8065 0.025980 0 
8066 0.011465 0 
8067 0.009931 1 
8067 0.022377 0 
8068 0.009915 1 
8069 0.008428 1 
8068 0.025369 0 
8069 0.009244 0 
8070 0.020129 1 
8070 0.028228 0 
8071 0.011493 0 
8071 0.033348 1 
8073 0.015500 1 
8073 0.027678 0 
8074 0.011417 0 
8075 0.014742 1 
8075 0.025982 0 
8076 0.043306 0 
8078 0.013904 0 
8080 0.010756 0 
8076 0.076947 1 
8078 0.043914 1 
8081 0.013799 0 
8080 0.029953 1 
8081 0.014032 1 
8082 0.018747 0 
8082 0.036996 1 
8084 0.010210 0 
8085 0.014416 0 
8084 0.044411 1 
8085 0.028020 1 
8086 0.014449 0 
8086 0.022063 1 
8088 0.019723 1 
8089 0.024854 1 
8088 0.050137 0 
8089 0.033789 0 
8090 0.017627 0 
8090 0.023060 1 
8091 0.013887 1 
8091 0.027763 0 
8092 0.012750 1 
8092 0.016173 0 
8093 0.021268 1 
8093 0.028573 0 
8094 0.012168 1 
8094 0.016688 0 
8095 0.011921 1 
8095 0.015709 0 
8096 0.024149 1 
8097 0.013688 1 
8096 0.038846 0 
8097 0.022882 0 
8098 0.013337 0 
8099 0.010865 1 
8100 0.009643 1 
8099 0.041077 0 
8100 0.033882 0 
8101 0.016711 0 
8101 0.019577 1 
8102 0.017162 0 
8102 0.024214 1 
8103 0.012370 0 
8103 0.021915 1 
8104 0.010311 1 
8105 0.008448 1 
8104 0.042729 0 
8105 0.026562 0 
8107 0.017840 1 
8108 0.013802 1 
8108 0.023079 0 
8109 0.011458 0 
8109 0.017518 1 
8110 0.007327 1 
8110 0.016172 0 
8111 0.021035 0 
8111 0.024069 1 
8112 0.014366 0 
8113 0.029148 1 
8113 0.033217 0 
8115 0.019752 0 
8115 0.019773 1 
8116 0.021465 0 
8117 0.005997 0 
8117 0.012835 1 
8118 0.006214 1 
8118 0.033420 0 
8119 0.017346 0 
8119 0.024488 1 
8120 0.030501 1 
8121 0.030129 1 
8122 0.013893 1 
8120 0.059979 0 
8123 0.020514 1 
8124 0.015580 1 
8125 0.008900 1 
8121 0.076010 0 
8122 0.059787 0 
8123 0.043073 0 
8124 0.026993 0 
8126 0.018873 1 
8126 0.043051 0 
8128 0.025633 0 
8128 0.033678 1 
8129 0.032227 1 
8130 0.015792 1 
8129 0.037187 0 
8130 0.037251 0 
8131 0.020768 0 
8131 0.048873 1 
8132 0.039687 0 
8133 0.023478 0 
8134 0.021781 0 
8134 0.027725 1 
8136 0.014106 1 
8137 0.012005 1 
8136 0.041339 0 
8137 0.024924 0 
8138 0.024339 0 
8138 0.042658 1 
8139 0.025838 1 
8139 0.028711 0 
8141 0.012127 1 
8141 0.031737 0 
8142 0.015632 0 
8143 0.015594 1 
8143 0.019863 0 
8144 0.021955 1 
8144 0.027484 0 
8146 0.012403 0 
8146 0.033068 1 
8147 0.016430 1 
8147 0.029195 0 
8148 0.016586 1 
8148 0.027224 0 
8149 0.011218 0 
8150 0.010216 1 
8150 0.047872 0 
8151 0.030770 0 
8151 0.039702 1 
8153 0.012828 0 
8153 0.017984 1 
8154 0.012218 0 
8154 0.022944 1 
8155 0.017133 1 
8155 0.022708 0 
8156 0.007370 0 
8156 0.021809 1 
8157 0.017501 1 
8158 0.012668 0 
8158 0.021724 1 
8159 0.030730 1 
8160 0.014423 1 
8159 0.034269 0 
8160 0.018157 0 
8161 0.010584 1 
8161 0.023918 0 
8163 0.039937 0 
8164 0.023720 0 
8163 0.041109 1 
8164 0.024874 1 
8165 0.026300 1 
8166 0.010176 1 
8165 0.045867 0 
8166 0.029856 0 
8167 0.018933 0 
8168 0.030981 0 
8169 0.014204 0 
8168 0.038441 1 
8169 0.025105 1 
8170 0.017026 1 
8170 0.025528 0 
8171 0.009391 0 
8171 0.020068 1 
8172 0.011294 1 
8173 0.012777 1 
8174 0.008325 1 
8173 0.053271 0 
8174 0.036161 0 
8175 0.020519 0 
8176 0.030096 0 
8177 0.013785 0 
8175 0.068078 1 
8176 0.051732 1 
8177 0.035410 1 
8178 0.018921 1 
8178 0.031553 0 
8179 0.017579 0 
8179 0.035511 1 
8180 0.040178 1 
8180 0.043522 0 
8181 0.027127 0 
8182 0.014388 0 
8183 0.011955 0 
8181 0.051463 1 
8184 0.015740 0 
8182 0.053258 1 
8183 0.037294 1 
8184 0.020504 1 
8185 0.019663 0 
8186 0.011282 0 
8186 0.021176 1 
8187 0.009343 0 
8188 0.007131 0 
8187 0.036615 1 
8188 0.059695 1 
8190 0.028554 0 
8191 0.012185 0 
8190 0.049121 1 
8191 0.032768 1 
8192 0.025138 0 
8193 0.019445 0 
8194 0.012995 0 
8192 0.049029 1 
8195 0.031322 0 
8196 0.014652 0 
8194 0.052472 1 
8197 0.009164 0 
8196 0.042723 1 
8197 0.029529 1 
8199 0.026253 0 
8200 0.010771 0 
8199 0.042322 1 
8200 0.031214 1 
8201 0.015082 0 
8201 0.036990 1 
8202 0.021820 0 
8204 0.010402 1 
8204 0.013706 0 
8206 0.015661 0 
8207 0.042215 0 
8208 0.025354 0 
8207 0.048273 1 
8209 0.028459 0 
8208 0.057291 1 
8209 0.040137 1 
8212 0.029913 0 
8213 0.013136 0 
8213 0.026346 1 
8214 0.013689 0 
8214 0.022830 1 
8215 0.030896 0 
8216 0.014023 0 
8215 0.032713 1 
8216 0.015815 1 
8217 0.010986 0 
8217 0.019734 1 
8218 0.009378 0 
8218 0.029362 1 
8219 0.015987 0 
8220 0.007842 0 
8219 0.028673 1 
8220 0.030267 1 
8221 0.023317 1 
8221 0.024391 0 
8222 0.008049 0 
8222 0.024310 1 
8223 0.010421 0 
8223 0.012477 1 
8225 0.019000 0 
8225 0.031018 1 
8227 0.029170 1 
8228 0.015668 1 
8229 0.010463 1 
8227 0.048002 0 
8228 0.031946 0 
8230 0.009772 1 
8230 0.018831 0 
8231 0.027925 1 
8232 0.020060 1 
8231 0.055351 0 
8232 0.038556 0 
8233 0.022321 0 
8233 0.034243 1 
8235 0.008988 0 
8235 0.017446 1 
8236 0.007845 1 
8236 0.028936 0 
8237 0.012855 0 
8238 0.014816 0 
8238 0.024584 1 
8239 0.029478 0 
8240 0.013469 0 
8240 0.020198 1 
8241 0.017506 1 
8242 0.017771 1 
8243 0.013808 1 
8241 0.060838 0 
8242 0.044493 0 
8243 0.028119 0 
8244 0.027392 1 
8244 0.041655 0 
8245 0.025006 0 
8246 0.008525 0 
8245 0.034619 1 
8246 0.018149 1 
8247 0.014588 0 
8248 0.015100 1 
8249 0.016895 1 
8248 0.044748 0 
8249 0.028386 0 
8251 0.019495 0 
8252 0.017221 1 
8253 0.009202 1 
8254 0.016607 1 
8252 0.052967 0 
8253 0.036640 0 
8254 0.020486 0 
8255 0.017920 1 
8255 0.044773 0 
8256 0.028217 0 
8257 0.011996 0 
8256 0.036584 1 
8257 0.020415 1 
8258 0.026221 1 
8258 0.027911 0 
8259 0.011094 0 
8259 0.013113 1 
8260 0.005177 0 
8260 0.010790 1 
8262 0.023402 0 
8262 0.034308 1 
8264 0.020644 1 
8264 0.030988 0 
8265 0.014856 0 
8266 0.014722 1 
8267 0.012175 1 
8268 0.013519 1 
8266 0.053544 0 
8267 0.037631 0 
8268 0.032246 0 
8269 0.017339 1 
8269 0.021831 0 
8270 0.014139 0 
8272 0.013466 1 
8273 0.011880 1 
8274 0.037812 1 
8275 0.021528 1 
8277 0.013585 1 
8272 0.119108 0 
8273 0.102916 0 
8274 0.086794 0 
8275 0.070606 0 
8279 0.015979 1 
8280 0.012234 1 
8279 0.034585 0 
8280 0.018314 0 
8281 0.010432 0 
8281 0.024596 1 
8283 0.021875 0 
8283 0.028772 1 
8284 0.018920 1 
8285 0.015929 1 
8287 0.010870 1 
8285 0.057689 0 
8287 0.025316 0 
8288 0.021409 1 
8289 0.014909 0 
8289 0.021917 1 
8290 0.009177 1 
8290 0.024213 0 
8291 0.013117 1 
8291 0.026012 0 
8292 0.009563 0 
8292 0.010007 1 
8293 0.018587 0 
8294 0.021665 0 
8295 0.018811 0 
8296 0.012344 0 
8293 0.062244 1 
8294 0.045501 1 
8295 0.029005 1 
8296 0.041406 1 
8297 0.025232 1 
8297 0.027010 0 
8298 0.010688 0 
8298 0.014633 1 
8299 0.011306 0 
8300 0.009371 0 
8299 0.028607 1 
8300 0.020024 1 
8301 0.019556 0 
8302 0.027002 0 
8303 0.010865 0 
8304 0.017272 0 
8302 0.051779 1 
8303 0.035736 1 
8304 0.019550 1 
8306 0.025837 0 
8307 0.009229 0 
8308 0.009783 0 
8306 0.054029 1 
8307 0.037460 1 
8308 0.020573 1 
8309 0.013006 0 
8309 0.023901 1 
8310 0.016192 1 
8311 0.020669 0 
8312 0.021501 0 
8312 0.044672 1 
8314 0.031428 1 
8315 0.015359 1 
8314 0.045292 0 
8315 0.029222 0 
8316 0.020241 1 
8317 0.006770 1 
8316 0.029377 0 
8317 0.012912 0 
8318 0.020422 0 
8319 0.021494 0 
8320 0.005590 0 
8318 0.043049 1 
8320 0.024924 1 
8321 0.020976 1 
8322 0.016375 1 
8323 0.011911 1 
8321 0.046683 0 
8322 0.030460 0 
8323 0.039426 0 
8324 0.023280 0 
8325 0.017391 0 
8325 0.055296 1 
8327 0.020226 1 
8327 0.020239 0 
8328 0.010577 1 
8329 0.010491 1 
8328 0.048610 0 
8329 0.031644 0 
8330 0.015298 0 
8330 0.020652 1 
8331 0.029238 1 
8331 0.030330 0 
8332 0.014177 0 
8332 0.028991 1 
8333 0.017293 0 
8333 0.024733 1 
8335 0.007017 0 
8335 0.009833 1 
8336 0.023160 0 
8337 0.016831 0 
8336 0.033593 1 
8338 0.013439 0 
8338 0.023714 1 
8340 0.017802 1 
8340 0.021313 0 
8341 0.011819 0 
8341 0.014862 1 
8342 0.033005 1 
8342 0.040577 0 
8343 0.024277 0 
8343 0.035144 1 
8345 0.011988 0 
8345 0.025947 1 
8346 0.016974 1 
8346 0.023406 0 
8347 0.007365 0 
8347 0.009607 1 
8348 0.009567 1 
8348 0.010695 0 
8349 0.004633 0 
8349 0.012453 1 
8350 0.031675 1 
8352 0.021865 1 
8350 0.060570 0 
8352 0.028317 0 
8353 0.016744 0 
8354 0.029160 1 
8355 0.016924 1 
8354 0.037377 0 
8355 0.021166 0 
8356 0.018143 0 
8357 0.013245 0 
8357 0.017010 1 
8358 0.008050 0 
8358 0.012645 1 
8359 0.009778 1 
8359 0.023567 0 
8360 0.007440 0 
8360 0.011194 1 
8362 0.012319 0 
8362 0.031121 1 
8363 0.015075 0 
8363 0.026038 1 
8364 0.015763 0 
8365 0.017977 1 
8366 0.012465 1 
8366 0.021146 0 
8367 0.012710 0 
8368 0.019481 1 
8368 0.023265 0 
8369 0.014284 0 
8370 0.010890 0 
8369 0.039862 1 
8370 0.022982 1 
8371 0.021442 1 
8372 0.013148 1 
8371 0.033965 0 
8372 0.018056 0 
8373 0.012792 0 
8373 0.019352 1 
8374 0.018326 0 
8375 0.014921 0 
8375 0.029863 1 
8376 0.021762 1 
8376 0.027385 0 
8377 0.011390 0 
8377 0.017677 1 
8378 0.012342 1 
8378 0.019435 0 
8379 0.031053 1 
8380 0.030227 1 
8379 0.059169 0 
8380 0.043159 0 
8381 0.026805 0 
8382 0.010677 0 
8381 0.032347 1 
8382 0.016228 1 
8383 0.020883 1 
8384 0.020154 1 
8383 0.046543 0 
8384 0.028532 0 
8385 0.013705 0 
8386 0.014097 0 
8387 0.011380 0 
8386 0.056169 1 
8387 0.047856 1 
8389 0.028887 0 
8390 0.012777 0 
8389 0.031934 1 
8390 0.015779 1 
8391 0.016112 1 
8391 0.037546 0 
8392 0.021348 0 
8393 0.005414 0 
8392 0.035791 1 
8394 0.016944 0 
8393 0.049927 1 
8395 0.020538 0 
8394 0.048802 1 
8395 0.032806 1 
8396 0.016524 1 
8396 0.022763 0 
8398 0.012046 0 
8398 0.022790 1 
8399 0.026442 1 
8399 0.036778 0 
8400 0.020734 0 
8401 0.017105 0 
8403 0.006737 1 
8403 0.018679 0 
8405 0.015832 0 
8405 0.023367 1 
8406 0.014325 0 
8406 0.029889 1 
8407 0.030807 0 
8407 0.038463 1 
8408 0.022100 1 
8408 0.058221 0 
8411 0.036778 0 
8412 0.020716 0 
8413 0.025229 1 
8413 0.031614 0 
8414 0.037978 0 
8415 0.021413 0 
8416 0.005109 0 
8417 0.016066 0 
8414 0.074907 1 
8415 0.058669 1 
8418 0.024649 0 
8419 0.008166 0 
8416 0.075665 1 
8417 0.059631 1 
8418 0.050251 1 
8419 0.033713 1 
8420 0.019058 0 
8420 0.026638 1 
8421 0.021827 1 
8422 0.009484 1 
8421 0.044333 0 
8422 0.028013 0 
8424 0.017873 1 
8424 0.031804 0 
8426 0.011724 0 
8426 0.015152 1 
8427 0.006618 1 
8427 0.021551 0 
8428 0.005526 0 
8428 0.016862 1 
8429 0.011579 1 
8429 0.033114 0 
8430 0.016612 0 
8430 0.019757 1 
8431 0.008892 0 
8431 0.031373 1 
8432 0.015184 1 
8434 0.009455 1 
8435 0.009429 1 
8436 0.048440 1 
8437 0.030988 1 
8435 0.075867 0 
8436 0.059842 0 
8437 0.042415 0 
8438 0.026433 0 
8438 0.038212 1 
8439 0.022412 1 
8440 0.033291 1 
8441 0.017395 1 
8439 0.056084 0 
8440 0.039584 0 
8441 0.022703 0 
8442 0.019660 1 
8442 0.023827 0 
8443 0.007779 0 
8444 0.011201 0 
8443 0.034844 1 
8444 0.025395 1 
8445 0.019760 1 
8446 0.013202 1 
8447 0.012509 1 
8445 0.091309 0 
8446 0.074701 0 
8447 0.058635 0 
8448 0.041862 0 
8450 0.015663 0 
8448 0.060028 1 
8450 0.031113 1 
8451 0.028540 0 
8452 0.017277 0 
8451 0.033556 1 
8453 0.008498 1 
8453 0.011997 0 
8454 0.011409 1 
8454 0.028719 0 
8455 0.040203 0 
8456 0.023724 0 
8455 0.045736 1 
8457 0.020258 0 
8456 0.045426 1 
8457 0.028761 1 
8458 0.018236 1 
8458 0.019523 0 
8459 0.017804 1 
8459 0.030191 0 
8461 0.014108 0 
8461 0.038559 1 
8463 0.016239 0 
8464 0.018333 1 
8465 0.012225 1 
8464 0.042031 0 
8465 0.025607 0 
8466 0.010269 1 
8466 0.024880 0 
8467 0.015026 1 
8468 0.028557 1 
8469 0.017237 1 
8467 0.058750 0 
8468 0.043001 0 
8469 0.026757 0 
8471 0.016368 1 
8471 0.023209 0 
8472 0.006575 0 
8472 0.025438 1 
8473 0.015191 0 
8473 0.029140 1 
8474 0.019186 0 
8474 0.029928 1 
8476 0.020085 1 
8476 0.027275 0 
8478 0.008692 0 
8479 0.019564 0 
8479 0.020374 1 
8480 0.023021 0 
8482 0.016341 1 
8483 0.020419 1 
8484 0.012165 1 
8482 0.044708 0 
8483 0.028352 0 
8484 0.043867 0 
8486 0.010105 0 
8486 0.018265 1 
8487 0.008082 0 
8487 0.018973 1 
8488 0.019877 0 
8488 0.027257 1 
8489 0.010999 1 
8490 0.008252 1 
8490 0.011261 0 
8491 0.026033 1 
8491 0.028507 0 
8492 0.012147 0 
8492 0.022170 1 
8493 0.008935 0 
8493 0.031566 1 
8494 0.015189 1 
8494 0.019426 0 
8495 0.007978 1 
8495 0.027455 0 
8496 0.011576 1 
8496 0.024641 0 
8497 0.008414 0 
8497 0.010890 1 
8498 0.007412 0 
8498 0.024882 1 
8499 0.021201 1 
8499 0.033198 0 
8500 0.016850 0 
8501 0.014523 0 
8501 0.029137 1 
8502 0.012502 1 
8503 0.008275 1 
8502 0.032361 0 
8505 0.013417 1 
8505 0.018246 0 
8506 0.021918 1 
8507 0.011669 0 
8507 0.013045 1 
8508 0.007134 1 
8508 0.029659 0 
8509 0.013393 0 
8509 0.019526 1 
8510 0.018508 1 
8511 0.024069 0 
8511 0.044328 1 
8513 0.029466 1 
8514 0.020336 1 
8513 0.041218 0 
8515 0.033007 1 
8516 0.026947 1 
8517 0.038525 1 
8516 0.056470 0 
8517 0.040102 0 
8518 0.023983 0 
8518 0.032580 1 
8519 0.016533 1 
8520 0.010968 1 
8519 0.035336 0 
8520 0.020184 0 
8521 0.015656 1 
8522 0.008558 1 
8521 0.043405 0 
8523 0.018391 1 
8524 0.019669 1 
8526 0.009497 1 
8527 0.010797 1 
8522 0.099932 0 
8528 0.009559 1 
8523 0.092344 0 
8524 0.076105 0 
8526 0.042783 0 
8527 0.025797 0 
8529 0.015663 1 
8528 0.039136 0 
8529 0.022889 0 
8530 0.023853 1 
8530 0.033566 0 
8531 0.024175 1 
8532 0.012249 1 
8534 0.009510 1 
8531 0.060707 0 
8532 0.058121 0 
8534 0.025552 0 
8535 0.009265 0 
8535 0.026985 1 
8536 0.010972 0 
8537 0.014245 0 
8537 0.024604 1 
8539 0.015353 1 
8539 0.017019 0 
8540 0.014937 1 
8540 0.019207 0 
8541 0.018290 1 
8541 0.026400 0 
8542 0.019279 1 
8544 0.015043 1 
8542 0.052646 0 
8545 0.017006 1 
8544 0.037276 0 
8545 0.020995 0 
8546 0.006643 1 
8547 0.012021 1 
8548 0.009954 1 
8547 0.034926 0 
8548 0.018426 0 
8549 0.020760 0 
8549 0.029131 1 
8551 0.014588 1 
8551 0.017118 0 
8552 0.013866 1 
8553 0.008660 1 
8552 0.031348 0 
8553 0.033736 0 
8554 0.018754 1 
8554 0.023026 0 
8555 0.006620 0 
8555 0.010750 1 
8556 0.016069 0 
8556 0.016433 1 
8557 0.014816 0 
8558 0.022104 1 
8558 0.025139 0 
8559 0.016518 1 
8559 0.030932 0 
8561 0.026078 0 
8562 0.015250 0 
8563 0.014363 0 
8562 0.043675 1 
8564 0.017506 0 
8563 0.039460 1 
8565 0.017923 0 
8566 0.025098 0 
8564 0.062265 1 
8565 0.045958 1 
8566 0.029893 1 
8567 0.034833 0 
8568 0.018759 0 
8569 0.015072 0 
8567 0.051096 1 
8568 0.034748 1 
8569 0.018353 1 
8570 0.024257 0 
8571 0.007741 0 
8572 0.024233 0 
8570 0.074622 1 
8571 0.058030 1 
8572 0.041803 1 
8573 0.024995 1 
8574 0.025809 1 
8573 0.047855 0 
8574 0.031892 0 
8575 0.015325 0 
8575 0.020200 1 
8576 0.020455 1 
8577 0.018326 1 
8576 0.034782 0 
8577 0.018634 0 
8578 0.017132 1 
8578 0.032614 0 
8579 0.024482 1 
8579 0.032738 0 
8580 0.015914 0 
8580 0.029071 1 
8581 0.019235 1 
8582 0.009123 1 
8581 0.043876 0 
8582 0.027577 0 
8583 0.011923 1 
8584 0.009105 1 
8583 0.030054 0 
8584 0.013823 0 
8585 0.018586 1 
8586 0.017987 1 
8585 0.039557 0 
8586 0.023387 0 
8588 0.022741 0 
8588 0.030628 1 
8589 0.014352 1 
8590 0.008930 1 
8591 0.019452 1 
8589 0.055991 0 
8590 0.039822 0 
8591 0.023534 0 
8592 0.011353 1 
8593 0.015177 0 
8594 0.010305 0 
8594 0.013508 1 
8595 0.015254 1 
8595 0.025032 0 
8597 0.020704 0 
8598 0.027284 0 
8599 0.010864 0 
8597 0.054381 1 
8599 0.026064 1 
8600 0.013576 0 
8602 0.030470 0 
8602 0.075736 1 
8604 0.043106 1 
8604 0.047482 0 
8605 0.030842 0 
8606 0.022611 0 
8605 0.047970 1 
8606 0.042510 1 
8607 0.026359 1 
8610 0.031794 0 
8611 0.015725 0 
8610 0.047173 1 
8611 0.034924 1 
8612 0.025351 1 
8613 0.033828 1 
8614 0.019890 1 
8612 0.061336 0 
8613 0.044997 0 
8614 0.032158 0 
8615 0.016114 0 
8615 0.016137 1 
8616 0.016212 0 
8616 0.027515 1 
8617 0.027613 0 
8618 0.011354 0 
8619 0.011862 0 
8617 0.056884 1 
8618 0.040622 1 
8619 0.024489 1 
8620 0.017881 1 
8620 0.025331 0 
8621 0.014403 0 
8623 0.013651 1 
8623 0.037362 0 
8625 0.023340 1 
8625 0.030384 0 
8626 0.014338 0 
8627 0.008999 1 
8628 0.007454 1 
8627 0.024992 0 
8629 0.018344 1 
8630 0.013349 1 
8629 0.041451 0 
8630 0.025227 0 
8631 0.008949 0 
8631 0.020267 1 
8633 0.012248 1 
8634 0.013386 1 
8633 0.030523 0 
8635 0.020977 1 
8636 0.033103 1 
8635 0.059458 0 
8636 0.043173 0 
8637 0.026995 0 
8638 0.014083 1 
8639 0.015010 1 
8640 0.014471 1 
8639 0.031472 0 
8641 0.031775 1 
8641 0.041317 0 
8642 0.024894 0 
8643 0.012150 0 
8643 0.035852 1 
8644 0.019783 1 
8645 0.018029 1 
8644 0.037153 0 
8646 0.012190 1 
8646 0.013053 0 
8647 0.017134 0 
8647 0.023359 1 
8649 0.010132 0 
8649 0.034743 1 
8650 0.029256 1 
8651 0.034178 1 
8652 0.045604 1 
8653 0.029350 1 
8650 0.091530 0 
8651 0.075310 0 
8652 0.058972 0 
8653 0.042909 0 
8654 0.026696 0 
8655 0.032055 1 
8656 0.015542 1 
8655 0.042063 0 
8656 0.025542 0 
8657 0.009613 0 
8657 0.018966 1 
8658 0.009604 1 
8658 0.046248 0 
8660 0.029147 1 
8662 0.008342 0 
8662 0.022703 1 
8663 0.011321 1 
8664 0.010107 1 
8663 0.043932 0 
8664 0.028125 0 
8665 0.011693 0 
8665 0.016002 1 
8666 0.009648 0 
8666 0.035662 1 
8667 0.019234 1 
8667 0.021905 0 
8668 0.005405 0 
8668 0.020960 1 
8670 0.017501 1 
8671 0.016208 1 
8670 0.036168 0 
8671 0.029831 0 
8672 0.036456 0 
8673 0.020550 0 
8673 0.034952 1 
8675 0.018809 0 
8675 0.029423 1 
8677 0.019456 1 
8677 0.019593 0 
8678 0.008777 0 
8679 0.013544 0 
8678 0.032400 1 
8679 0.016817 1 
8681 0.006995 0 
8681 0.014957 1 
8682 0.004316 0 
8682 0.018795 1 
8683 0.010167 1 
8683 0.021378 0 
8685 0.013547 1 
8685 0.016305 0 
8686 0.034211 1 
8686 0.034972 0 
8687 0.022518 0 
8688 0.006113 0 
8688 0.011754 1 
8689 0.023542 0 
8689 0.030534 1 
8690 0.013739 1 
8690 0.022052 0 
8691 0.005443 0 
8692 0.009725 0 
8691 0.032768 1 
8693 0.021697 0 
8692 0.041814 1 
8694 0.013924 0 
8693 0.038062 1 
8695 0.026691 0 
8696 0.010251 0 
8694 0.045422 1 
8695 0.028146 1 
8696 0.021119 1 
8697 0.007912 0 
8697 0.029665 1 
8698 0.013964 1 
8698 0.022012 0 
8699 0.027784 1 
8700 0.011237 1 
8699 0.028582 0 
8700 0.012026 0 
8701 0.014963 0 
8701 0.018443 1 
8702 0.011297 0 
8704 0.032345 1 
8704 0.038415 0 
8705 0.022472 0 
8706 0.005896 0 
8705 0.037686 1 
8706 0.031945 1 
8707 0.021219 1 
8708 0.011128 1 
8708 0.021981 0 
8709 0.005622 0 
8709 0.027812 1 
8710 0.039653 1 
8710 0.045034 0 
8712 0.012140 0 
8712 0.024337 1 
8713 0.014104 0 
8713 0.014929 1 
8714 0.013908 1 
8714 0.017467 0 
8715 0.011622 1 
8716 0.022097 1 
8717 0.012634 1 
8715 0.057794 0 
8716 0.041504 0 
8717 0.025230 0 
8718 0.008823 0 
8718 0.020253 1 
8719 0.010980 1 
8719 0.014736 0 
8720 0.016233 0 
8720 0.018970 1 
8721 0.024754 1 
8721 0.038873 0 
8722 0.022720 0 
8723 0.006433 0 
8722 0.046228 1 
8723 0.029981 1 
8725 0.015340 0 
8725 0.015361 1 
8726 0.010126 0 
8726 0.012542 1 
8727 0.007389 1 
8727 0.028530 0 
8728 0.029791 1 
8728 0.054535 0 
8729 0.038141 0 
8730 0.022417 0 
8729 0.048676 1 
8730 0.032686 1 
8731 0.016214 1 
8731 0.022446 0 
8733 0.027439 1 
8733 0.029114 0 
8734 0.023199 0 
8735 0.045328 1 
8736 0.043482 0 
8738 0.011110 0 
8736 0.052128 1 
8738 0.019835 1 
8739 0.010458 1 
8740 0.008419 1 
8739 0.039692 0 
8740 0.022692 0 
8741 0.006366 0 
8741 0.028990 1 
8743 0.022889 0 
8744 0.006659 0 
8744 0.021681 1 
8745 0.008526 0 
8746 0.006644 0 
8746 0.027479 1 
8747 0.013063 0 
8747 0.022735 1 
8748 0.014727 0 
8750 0.013779 0 
8751 0.012068 1 
8752 0.010096 1 
8751 0.027575 0 
8752 0.017833 0 
8753 0.022246 0 
8754 0.006235 0 
8753 0.033828 1 
8754 0.017767 1 
8755 0.018540 0 
8756 0.020648 0 
8757 0.010500 0 
8756 0.037509 1 
8757 0.021406 1 
8758 0.013952 1 
8758 0.014540 0 
8760 0.010024 0 
8760 0.022460 1 
8761 0.011364 0 
8761 0.029746 1 
8762 0.019806 0 
8763 0.004508 0 
8763 0.032413 1 
8764 0.016174 1 
8764 0.026608 0 
8765 0.032805 1 
8766 0.016410 1 
8765 0.038795 0 
8766 0.022769 0 
8767 0.006547 0 
8767 0.022123 1 
8768 0.006830 0 
8768 0.017043 1 
8769 0.010702 1 
8769 0.012627 0 
8770 0.015737 1 
8770 0.029880 0 
8771 0.013338 0 
8771 0.046728 1 
8772 0.030872 1 
8772 0.033894 0 
8773 0.013509 0 
8774 0.025263 1 
8775 0.016123 1 
8774 0.033259 0 
8776 0.012717 1 
8776 0.018342 0 
8777 0.011591 1 
8777 0.019774 0 
8778 0.007431 0 
8778 0.015691 1 
8779 0.016287 1 
8779 0.023478 0 
8780 0.007126 0 
8780 0.020062 1 
8781 0.009325 1 
8781 0.020188 0 
8782 0.014016 1 
8782 0.021801 0 
8783 0.006517 1 
8783 0.013072 0 
8784 0.041319 0 
8785 0.025249 0 
8787 0.022920 0 
8788 0.017140 1 
8789 0.009593 1 
8788 0.029260 0 
8789 0.011567 0 
8790 0.017341 0 
8790 0.028976 1 
8791 0.017898 1 
8791 0.031322 0 
8792 0.015321 0 
8793 0.014163 1 
8793 0.015162 0 
8794 0.018840 1 
8794 0.036922 0 
8796 0.017476 0 
8796 0.026984 1 
8797 0.013206 1 
8797 0.029340 0 
8798 0.013193 0 
8799 0.008589 0 
8801 0.005156 1 
8801 0.019170 0 
8803 0.020715 1 
8803 0.031567 0 
8804 0.015145 0 
8805 0.011008 0 
8804 0.030731 1 
8805 0.023018 1 
8806 0.021181 1 
8806 0.039694 0 
8809 0.024069 0 
8810 0.008033 0 
8811 0.013020 0 
8810 0.058556 1 
8811 0.053503 1 
8812 0.039423 0 
8813 0.023338 0 
8812 0.042143 1 
8813 0.026006 1 
8814 0.038594 1 
8815 0.022162 1 
8814 0.041233 0 
8815 0.024783 0 
8816 0.008605 0 
8816 0.037211 1 
8817 0.022218 1 
8817 0.032475 0 
8818 0.016438 0 
8819 0.021956 1 
8820 0.011512 1 
8819 0.033132 0 
8820 0.032002 0 
8822 0.011734 0 
8822 0.034655 1 
8824 0.019675 1 
8824 0.023080 0 
8825 0.007050 0 
8825 0.023404 1 
8826 0.017938 1 
8827 0.008421 1 
8826 0.059314 0 
8827 0.042875 0 
8828 0.026362 0 
8828 0.042547 1 
8829 0.028088 1 
8829 0.035140 0 
8830 0.018872 0 
8830 0.024442 1 
8832 0.009071 1 
8832 0.027872 0 
8833 0.011492 0 
8833 0.027240 1 
8834 0.010904 0 
8834 0.026664 1 
8835 0.013594 1 
8836 0.013303 1 
8837 0.005898 1 
8835 0.046419 0 
8836 0.030155 0 
8837 0.020375 0 
8838 0.008661 1 
8838 0.019279 0 
8839 0.006717 1 
8839 0.018112 0 
8840 0.023318 1 
8841 0.015483 1 
8840 0.041029 0 
8841 0.024791 0 
8842 0.008511 0 
8842 0.019671 1 
8843 0.007699 1 
8843 0.025155 0 
8844 0.010515 0 
8844 0.018163 1 
8845 0.010902 1 
8846 0.016390 1 
8845 0.040232 0 
8846 0.024113 0 
8848 0.016903 0 
8848 0.030687 1 
8849 0.016594 1 
8849 0.021292 0 
8850 0.014619 0 
8851 0.038215 0 
8852 0.022009 0 
8853 0.005803 0 
8854 0.022547 0 
8850 0.088710 1 
8851 0.072585 1 
8852 0.056198 1 
8853 0.039978 1 
8855 0.019799 0 
8856 0.017599 0 
8854 0.063403 1 
8857 0.015666 1 
8857 0.036791 0 
8859 0.012714 0 
8859 0.023977 1 
8861 0.015063 1 
8862 0.009209 1 
8861 0.033098 0 
8863 0.009016 1 
8863 0.027829 0 
8864 0.010899 1 
8864 0.017247 0 
8865 0.014158 0 
8865 0.018591 1 
8866 0.025105 0 
8867 0.008845 0 
8866 0.034065 1 
8867 0.017794 1 
8869 0.010211 1 
8870 0.008232 1 
8869 0.030257 0 
8870 0.014257 0 
8871 0.031613 1 
8871 0.032367 0 
8872 0.016258 0 
8872 0.018305 1 
8874 0.008622 1 
8874 0.020597 0 
8876 0.009926 1 
8876 0.014157 0 
8877 0.017421 0 
8877 0.033142 1 
8878 0.016932 1 
8878 0.017118 0 
8880 0.010544 1 
8880 0.020886 0 
8881 0.013157 0 
8882 0.007468 1 
8884 0.013180 1 
8882 0.046942 0 
8884 0.014252 0 
8885 0.009504 1 
8886 0.014099 1 
8885 0.035437 0 
8887 0.010572 1 
8887 0.017484 0 
8888 0.013180 1 
8889 0.007967 1 
8889 0.016092 0 
8890 0.016179 0 
8890 0.020849 1 
8891 0.012701 0 
8891 0.014355 1 
8892 0.011233 1 
8892 0.015159 0 
8893 0.017970 1 
8893 0.024423 0 
8894 0.010367 1 
8894 0.041301 0 
8895 0.025181 0 
8896 0.008492 0 
8897 0.020820 0 
8898 0.017014 0 
8896 0.051833 1 
8897 0.035683 1 
8898 0.027305 1 
8899 0.013847 0 
8899 0.029499 1 
8900 0.013835 1 
8900 0.019645 0 
8901 0.015797 0 
8901 0.016945 1 
8903 0.014280 1 
8903 0.024005 0 
8904 0.018106 0 
8904 0.023620 1 
8905 0.007932 1 
8906 0.009106 1 
8905 0.031291 0 
8906 0.014968 0 
8907 0.016580 1 
8908 0.037355 0 
8909 0.021095 0 
8908 0.046999 1 
8909 0.034867 1 
8911 0.015864 0 
8912 0.010181 1 
8912 0.021039 0 
8913 0.012606 1 
8913 0.021443 0 
8914 0.022988 1 
8914 0.026783 0 
8915 0.010616 0 
8916 0.010364 0 
8917 0.010483 0 
8915 0.043070 1 
8916 0.026917 1 
8917 0.015718 1 
8918 0.010271 1 
8918 0.020013 0 
8919 0.008320 1 
8920 0.008596 1 
8919 0.034229 0 
8921 0.028072 1 
8922 0.011286 0 
8922 0.033300 1 
8924 0.010085 0 
8924 0.021534 1 
8925 0.013981 1 
8925 0.015667 0 
8926 0.017282 1 
8926 0.031413 0 
8927 0.014703 0 
8928 0.012279 0 
8927 0.043049 1 
8928 0.026804 1 
8929 0.017000 0 
8929 0.018684 1 
8930 0.020020 0 
8932 0.013383 1 
8933 0.012291 0 
8934 0.018937 0 
8933 0.044605 1 
8935 0.013918 0 
8934 0.042557 1 
8935 0.026283 1 
8937 0.011353 1 
8938 0.015286 1 
8937 0.042241 0 
8938 0.025550 0 
8939 0.024203 0 
8940 0.018418 0 
8939 0.055649 1 
8940 0.039296 1 
8942 0.025928 0 
8942 0.034132 1 
8943 0.018121 1 
8944 0.022892 0 
8945 0.022323 0 
8946 0.006348 0 
8947 0.024373 0 
8944 0.089374 1 
8945 0.072561 1 
8946 0.056411 1 
8947 0.040307 1 
8949 0.008448 0 
8949 0.039109 1 
8950 0.023785 0 
8951 0.006372 0 
8952 0.008329 0 
8953 0.013095 0 
8950 0.071049 1 
8951 0.053686 1 
8952 0.037898 1 
8954 0.014392 0 
8953 0.030614 1 
8955 0.010273 0 
8955 0.041174 1 
8956 0.024757 1 
8956 0.034494 0 
8957 0.017842 0 
8959 0.017346 0 
8960 0.025007 0 
8960 0.039927 1 
8961 0.023689 1 
8962 0.012499 1 
8963 0.008550 1 
8961 0.047682 0 
8962 0.031416 0 
8963 0.015065 0 
8964 0.014757 0 
8964 0.023320 1 
8965 0.023077 0 
8966 0.006576 0 
8966 0.017027 1 
8967 0.013536 0 
8968 0.013701 1 
8968 0.029325 0 
8969 0.012925 0 
8970 0.008213 0 
8971 0.013085 0 
8972 0.010184 0 
8970 0.053982 1 
8971 0.037882 1 
8972 0.032867 1 
8973 0.016380 1 
8974 0.010368 1 
8974 0.017474 0 
8975 0.013896 1 
8975 0.019431 0 
8976 0.005878 1 
8976 0.029604 0 
8977 0.013351 0 
8978 0.024554 1 
8979 0.017792 1 
8980 0.007372 1 
8978 0.044917 0 
8979 0.028724 0 
8981 0.016836 1 
8980 0.038288 0 
8981 0.021797 0 
8982 0.005625 0 
8982 0.008026 1 
8983 0.013894 0 
8983 0.022722 1 
8984 0.010051 1 
8984 0.023348 0 
8986 0.006705 1 
8986 0.009557 0 
8987 0.015775 1 
8987 0.016353 0 
8988 0.011216 1 
8989 0.008597 0 
8989 0.026506 1 
8990 0.016217 1 
8990 0.018306 0 
8991 0.015359 0 
8991 0.016431 1 
8992 0.005332 0 
8992 0.010824 1 
8993 0.006531 0 
8993 0.019981 1 
8995 0.033657 0 
8996 0.017557 0 
8997 0.012881 0 
8995 0.060367 1 
8996 0.044448 1 
8997 0.028166 1 
8998 0.015428 0 
9000 0.006469 1 
9000 0.043899 0 
9002 0.010663 0 
9002 0.015299 1 
9003 0.034569 1 
9004 0.018261 1 
9003 0.040131 0 
9005 0.018580 1 
9004 0.041506 0 
9005 0.043255 0 
9008 0.017295 0 
9009 0.023454 0 
9010 0.017792 0 
9008 0.076085 1 
9009 0.060018 1 
9010 0.051731 1 
9011 0.036716 0 
9012 0.026686 0 
9013 0.009565 0 
9014 0.010468 0 
9011 0.068187 1 
9012 0.051680 1 
9015 0.020841 0 
9016 0.015205 0 
9013 0.075464 1 
9014 0.059431 1 
9015 0.043015 1 
9017 0.010530 0 
9016 0.039377 1 
9017 0.024078 1 
9018 0.011528 1 
9019 0.009130 1 
9018 0.032287 0 
9021 0.017556 0 
9023 0.012378 1 
9024 0.011948 1 
9023 0.031299 0 
9024 0.014944 0 
9025 0.027096 0 
9026 0.011029 0 
9025 0.037257 1 
9027 0.018971 0 
9028 0.014685 0 
9029 0.008398 0 
9026 0.078609 1 
9027 0.059181 1 
9028 0.065236 1 
9029 0.048597 1 
9032 0.051398 1 
9033 0.035670 1 
9031 0.087375 0 
9032 0.071080 0 
9033 0.055176 0 
9034 0.039221 0 
9035 0.025850 1 
9036 0.016979 1 
9035 0.034531 0 
9036 0.022611 0 
9037 0.008583 1 
9037 0.011162 0 
9038 0.020462 0 
9039 0.017257 1 
9040 0.019371 1 
9040 0.019411 0 
9041 0.013282 0 
9041 0.024110 1 
9042 0.015706 1 
9042 0.023026 0 
9043 0.006920 0 
9043 0.024632 1 
9044 0.012004 0 
9044 0.020424 1 
9045 0.020377 1 
9047 0.022534 0 
9047 0.050367 1 
9048 0.033506 1 
9049 0.025293 1 
9049 0.043021 0 
9050 0.026854 0 
9051 0.010717 0 
9051 0.026706 1 
9052 0.010307 1 
9052 0.014992 0 
9053 0.017393 0 
9053 0.028424 1 
9054 0.018831 0 
9054 0.024837 1 
9055 0.008733 1 
9055 0.016765 0 
9056 0.010283 1 
9056 0.018310 0 
9058 0.010578 0 
9058 0.032340 1 
9060 0.014961 1 
9060 0.023456 0 
9061 0.006825 0 
9062 0.008885 1 
9063 0.027354 0 
9064 0.011126 0 
9065 0.007476 0 
9066 0.008953 1 
9066 0.012619 0 
9068 0.013447 0 
9069 0.019166 0 
9070 0.018720 0 
9071 0.021903 0 
9071 0.025987 1 
9073 0.009731 1 
9073 0.017301 0 
9075 0.009043 1 
9075 0.017152 0 
9076 0.021580 1 
9077 0.006052 1 
9076 0.027327 0 
9077 0.010901 0 
9079 0.006616 1 
9079 0.027846 0 
9080 0.011445 0 
9080 0.012765 1 
9081 0.008507 0 
9081 0.023803 1 
9083 0.011949 1 
9083 0.020380 0 
9084 0.016002 1 
9084 0.025312 0 
9085 0.016985 1 
9085 0.022640 0 
9086 0.014230 1 
9086 0.020759 0 
9087 0.006511 1 
9087 0.021102 0 
9088 0.025674 1 
9089 0.010396 1 
9088 0.037519 0 
9089 0.021224 0 
9090 0.016120 1 
9090 0.018275 0 
9091 0.006882 1 
9091 0.020723 0 
9092 0.019183 1 
9093 0.007544 1 
9092 0.027847 0 
9093 0.010633 0 
9094 0.015649 0 
9095 0.013750 0 
9096 0.017667 0 
9095 0.035213 1 
9096 0.024031 1 
9097 0.012998 1 
9098 0.011642 1 
9099 0.008160 1 
9097 0.044136 0 
9098 0.028122 0 
9099 0.011858 0 
9100 0.007817 1 
9100 0.018818 0 
9102 0.021753 1 
9103 0.015234 1 
9102 0.034579 0 
9104 0.010161 1 
9103 0.032466 0 
9105 0.007401 1 
9105 0.071076 0 
9106 0.053768 0 
9106 0.060703 1 
9107 0.052760 1 
9108 0.036276 1 
9107 0.066991 0 
9108 0.050501 0 
9110 0.019153 1 
9111 0.010818 1 
9110 0.029748 0 
9111 0.013879 0 
9112 0.009592 1 
9113 0.021455 1 
9114 0.011105 1 
9112 0.067608 0 
9113 0.051447 0 
9114 0.034864 0 
9115 0.018575 0 
9115 0.022391 1 
9116 0.011207 1 
9116 0.015156 0 
9117 0.009277 1 
9117 0.020241 0 
9118 0.011321 1 
9118 0.029742 0 
9119 0.013478 0 
9120 0.011896 1 
9120 0.015862 0 
9121 0.024935 0 
9121 0.043709 1 
9123 0.023198 1 
9123 0.033274 0 
9124 0.023060 1 
9124 0.035570 0 
9125 0.019093 0 
9126 0.014473 0 
9125 0.031202 1 
9127 0.010087 0 
9126 0.037209 1 
9127 0.029353 1 
9128 0.019150 1 
9129 0.007523 1 
9129 0.019436 0 
9131 0.009685 1 
9131 0.020081 0 
9132 0.019303 0 
9133 0.017007 0 
9134 0.017067 1 
9134 0.023044 0 
9136 0.010942 0 
9136 0.011131 1 
9137 0.013326 1 
9137 0.026181 0 
9138 0.010731 0 
9138 0.028107 1 
9139 0.027689 1 
9141 0.010119 1 
9139 0.044322 0 
9142 0.023684 1 
9143 0.014984 1 
9143 0.018361 0 
9144 0.017129 0 
9144 0.030171 1 
9145 0.015036 1 
9146 0.014420 1 
9146 0.031495 0 
9148 0.033963 0 
9149 0.017914 0 
9150 0.019367 0 
9149 0.047730 1 
9150 0.031039 1 
9151 0.017708 1 
9151 0.021859 0 
9152 0.005775 0 
9152 0.025322 1 
9153 0.009590 0 
9153 0.012915 1 
9154 0.010821 1 
9154 0.022400 0 
9155 0.007714 1 
9155 0.032537 0 
9156 0.016443 0 
9158 0.026072 0 
9159 0.009497 0 
9159 0.016407 1 
9160 0.006308 1 
9160 0.018027 0 
9161 0.016505 1 
9161 0.020343 0 
9162 0.008064 1 
9162 0.018829 0 
9163 0.026353 1 
9164 0.010307 1 
9163 0.028258 0 
9165 0.014676 1 
9166 0.010359 1 
9167 0.008694 1 
9164 0.060036 0 
9165 0.044076 0 
9166 0.027852 0 
9168 0.009444 1 
9168 0.023905 0 
9169 0.025573 0 
9170 0.008835 0 
9171 0.007637 0 
9169 0.052088 1 
9172 0.010270 0 
9170 0.053065 1 
9171 0.036682 1 
9173 0.009733 0 
9172 0.049211 1 
9173 0.032550 1 
9174 0.017831 1 
9175 0.031037 1 
9175 0.031823 0 
9176 0.015387 0 
9176 0.037818 1 
9177 0.026778 0 
9178 0.010499 0 
9179 0.008855 0 
9177 0.046373 1 
9178 0.030009 1 
9179 0.033331 1 
9180 0.016612 1 
9180 0.046087 0 
9181 0.029898 0 
9182 0.013754 0 
9183 0.020131 0 
9183 0.026626 1 
9185 0.021145 1 
9186 0.010977 1 
9185 0.032593 0 
9186 0.019634 0 
9187 0.009601 1 
9187 0.010855 0 
9188 0.022263 1 
9189 0.013618 1 
9188 0.043219 0 
9189 0.026831 0 
9190 0.010888 0 
9190 0.015732 1 
9191 0.009690 1 
9192 0.012015 1 
9191 0.035377 0 
9192 0.018585 0 
9194 0.012754 0 
9195 0.021268 0 
9196 0.013872 0 
9194 0.052671 1 
9195 0.036333 1 
9196 0.020157 1 
9197 0.029082 0 
9199 0.012822 1 
9199 0.023978 0 
9201 0.018852 1 
9202 0.024456 1 
9203 0.011932 1 
9204 0.010230 1 
9201 0.069564 0 
9202 0.053399 0 
9203 0.038267 0 
9204 0.021948 0 
9207 0.012489 0 
9208 0.012424 0 
9208 0.023182 1 
9209 0.019029 0 
9210 0.030080 1 
9211 0.013760 1 
9210 0.042274 0 
9211 0.025880 0 
9212 0.025781 0 
9213 0.010092 0 
9212 0.030054 1 
9213 0.013970 1 
9214 0.026988 1 
9215 0.012616 1 
9214 0.030407 0 
9216 0.011377 1 
9216 0.020402 0 
9217 0.007350 1 
9217 0.011593 0 
9218 0.016961 0 
9220 0.013840 1 
9220 0.026169 0 
9222 0.012553 1 
9222 0.020553 0 
9223 0.011660 1 
9224 0.008447 1 
9223 0.027216 0 
9224 0.010976 0 
9225 0.036632 0 
9226 0.020309 0 
9226 0.033330 1 
9227 0.030061 0 
9228 0.013810 0 
9227 0.042507 1 
9228 0.026250 1 
9230 0.011759 0 
9231 0.024681 1 
9232 0.010503 1 
9231 0.031042 0 
9232 0.030967 0 
9233 0.014889 0 
9233 0.023335 1 
9234 0.010275 1 
9234 0.016203 0 
9235 0.013774 1 
9235 0.018264 0 
9236 0.008412 1 
9236 0.021581 0 
9237 0.008307 1 
9237 0.032019 0 
9238 0.015642 0 
9239 0.021494 0 
9239 0.027683 1 
9240 0.021419 1 
9241 0.009209 1 
9241 0.021435 0 
9242 0.005661 0 
9242 0.015261 1 
9243 0.011004 1 
9243 0.024296 0 
9244 0.007998 0 
9244 0.021841 1 
9246 0.019087 0 
9247 0.019414 0 
9246 0.043947 1 
9247 0.028021 1 
9248 0.018323 1 
9249 0.012633 1 
9250 0.025679 1 
9251 0.015426 1 
9248 0.072900 0 
9249 0.056728 0 
9252 0.016941 0 
9253 0.011673 0 
9254 0.006442 0 
9252 0.042255 1 
9253 0.025778 1 
9254 0.013562 1 
9255 0.010406 1 
9255 0.041598 0 
9257 0.012281 1 
9257 0.031014 0 
9259 0.010279 1 
9259 0.016616 0 
9260 0.009891 0 
9260 0.015161 1 
9261 0.005854 1 
9261 0.010583 0 
9262 0.007420 1 
9262 0.021575 0 
9263 0.016229 1 
9263 0.024673 0 
9264 0.008414 0 
9265 0.010100 1 
9265 0.021928 0 
9267 0.008895 1 
9267 0.024019 0 
9268 0.009013 1 
9269 0.015920 1 
9268 0.035578 0 
9269 0.019011 0 
9270 0.012442 0 
9272 0.013968 0 
9272 0.037090 1 
9274 0.034549 1 
9274 0.036870 0 
9275 0.020305 0 
9275 0.023782 1 
9276 0.017905 1 
9278 0.007143 1 
9276 0.044987 0 
9279 0.012424 1 
9278 0.039081 0 
9280 0.012552 1 
9279 0.041126 0 
9280 0.024885 0 
9282 0.018330 0 
9283 0.014540 1 
9284 0.014371 1 
9285 0.016828 1 
9286 0.013803 1 
9284 0.052138 0 
9285 0.035976 0 
9286 0.019645 0 
9287 0.008832 0 
9288 0.013890 0 
9289 0.013779 0 
9290 0.017729 1 
9291 0.012281 1 
9292 0.012558 1 
9293 0.006735 1 
9294 0.022347 1 
9290 0.093004 0 
9291 0.077005 0 
9292 0.061021 0 
9293 0.044819 0 
9294 0.028688 0 
9295 0.012104 0 
9296 0.007735 0 
9295 0.033806 1 
9297 0.010683 0 
9296 0.043477 1 
9297 0.031059 1 
9298 0.018079 1 
9299 0.014757 1 
9298 0.033351 0 
9301 0.009895 1 
9299 0.046921 0 
9301 0.014281 0 
9302 0.006229 0 
9302 0.017672 1 
9303 0.013153 1 
9303 0.014766 0 
9304 0.016295 0 
9305 0.017703 1 
9305 0.024924 0 
9306 0.033874 1 
9307 0.017538 1 
9306 0.049885 0 
9307 0.033591 0 
9309 0.009783 0 
9309 0.011680 1 
9310 0.014646 1 
9311 0.018065 1 
9310 0.038848 0 
9311 0.022774 0 
9312 0.006495 0 
9312 0.024102 1 
9313 0.019803 1 
9313 0.029872 0 
9314 0.013480 0 
9314 0.026788 1 
9315 0.012141 0 
9315 0.013328 1 
9316 0.018040 1 
9317 0.009037 1 
9316 0.033050 0 
9317 0.015940 0 
9318 0.012692 1 
9318 0.016710 0 
9319 0.027320 0 
9320 0.010398 0 
9319 0.044000 1 
9320 0.027077 1 
9322 0.008542 1 
9322 0.015085 0 
9323 0.008241 1 
9324 0.008491 1 
9323 0.035862 0 
9325 0.024252 1 
9326 0.015759 1 
9324 0.051345 0 
9326 0.019097 0 
9327 0.009843 0 
9327 0.026421 1 
9328 0.011565 1 
9328 0.068013 0 
9330 0.035291 0 
9331 0.025248 0 
9332 0.022229 0 
9330 0.065958 1 
9333 0.025029 0 
9332 0.044969 1 
9333 0.031010 1 
9335 0.015525 1 
9336 0.007007 1 
9335 0.053342 0 
9336 0.036883 0 
9337 0.020805 0 
9338 0.008118 0 
9338 0.013433 1 
9340 0.010236 0 
9340 0.014776 1 
9341 0.016692 0 
9341 0.018099 1 
9342 0.015794 1 
9343 0.010879 1 
9342 0.036690 0 
9343 0.020120 0 
9344 0.015825 0 
9344 0.015913 1 
9345 0.010602 1 
9345 0.021317 0 
9347 0.030594 0 
9347 0.039233 1 
9348 0.030900 0 
9349 0.025073 0 
9350 0.008604 0 
9351 0.009592 0 
9350 0.041001 1 
9352 0.011103 0 
9351 0.032668 1 
9352 0.021626 1 
9353 0.014611 0 
9353 0.018996 1 
9354 0.013283 1 
9355 0.011218 1 
9354 0.032230 0 
9355 0.016299 0 
9357 0.006669 0 
9358 0.008365 0 
9359 0.016099 0 
9357 0.054921 1 
9358 0.038950 1 
9360 0.007993 0 
9359 0.029967 1 
9360 0.016801 1 
9361 0.005307 0 
9361 0.024117 1 
9362 0.012846 0 
9362 0.024025 1 
9363 0.031237 1 
9363 0.031343 0 
9364 0.015053 0 
9364 0.025572 1 
9365 0.016941 0 
9365 0.031907 1 
9366 0.025602 1 
9367 0.043886 1 
9366 0.060519 0 
9367 0.044595 0 
9368 0.028789 0 
9369 0.012104 0 
9368 0.062929 1 
9369 0.046524 1 
9370 0.030430 1 
9370 0.040537 0 
9371 0.024199 0 
9372 0.010328 0 
9371 0.040950 1 
9372 0.024930 1 
9373 0.018389 1 
9374 0.019916 0 
9375 0.010518 0 
9376 0.019538 0 
9375 0.060713 1 
9377 0.040808 0 
9378 0.024838 0 
9379 0.008914 0 
9380 0.038779 0 
9381 0.022489 0 
9376 0.105997 1 
9377 0.089716 1 
9378 0.073406 1 
9379 0.057476 1 
9382 0.017869 0 
9380 0.064260 1 
9381 0.047960 1 
9382 0.049284 1 
9384 0.016276 1 
9385 0.016104 1 
9384 0.035610 0 
9385 0.019334 0 
9386 0.014660 0 
9387 0.028858 1 
9388 0.016959 0 
9389 0.009810 0 
9388 0.032254 1 
9390 0.005965 0 
9389 0.028929 1 
9390 0.012517 1 
9391 0.013513 1 
9391 0.015251 0 
9393 0.030525 0 
9394 0.013745 0 
9395 0.013273 0 
9393 0.052772 1 
9394 0.035990 1 
9396 0.011065 0 
9395 0.032884 1 
9398 0.007187 1 
9398 0.025346 0 
9400 0.017371 0 
9401 0.009624 0 
9402 0.007677 0 
9400 0.048338 1 
9403 0.026582 0 
9401 0.069013 1 
9402 0.052261 1 
9403 0.043900 1 
9406 0.011464 0 
9407 0.022368 0 
9406 0.053288 1 
9408 0.023774 0 
9407 0.045505 1 
9409 0.046185 1 
9410 0.029848 1 
9411 0.027843 0 
9412 0.011655 0 
9412 0.027613 1 
9413 0.011350 1 
9414 0.031873 1 
9413 0.050789 0 
9415 0.030231 1 
9416 0.020693 1 
9417 0.019902 1 
9414 0.072409 0 
9415 0.061825 0 
9416 0.045776 0 
9417 0.029516 0 
9419 0.036981 1 
9421 0.023509 1 
9422 0.025267 1 
9423 0.010324 1 
9419 0.087229 0 
9421 0.054755 0 
9422 0.038100 0 
9423 0.021814 0 
9424 0.011874 1 
9425 0.020205 1 
9424 0.052616 0 
9425 0.036564 0 
9426 0.019916 0 
9427 0.027708 0 
9426 0.044055 1 
9427 0.034194 1 
9429 0.010672 0 
9429 0.014649 1 
9430 0.026200 1 
9430 0.029755 0 
9431 0.023528 0 
9432 0.007151 0 
9433 0.011923 0 
9432 0.036666 1 
9434 0.015909 0 
9433 0.045430 1 
9435 0.012977 0 
9435 0.014265 1 
9436 0.019469 1 
9436 0.023074 0 
9437 0.017157 1 
9437 0.042781 0 
9438 0.027324 0 
9439 0.022608 0 
9438 0.039987 1 
9440 0.017321 1 
9441 0.007366 1 
9440 0.038237 0 
9441 0.021819 0 
9442 0.023310 0 
9442 0.030029 1 
9443 0.018879 0 
9445 0.028220 1 
9445 0.033666 0 
9446 0.029258 0 
9446 0.033108 1 
9447 0.017527 1 
9447 0.039789 0 
9448 0.023445 0 
9449 0.019228 1 
9450 0.007497 1 
9449 0.044214 0 
9450 0.028002 0 
9451 0.011360 0 
9451 0.028138 1 
9452 0.012130 1 
9452 0.033887 0 
9453 0.017608 0 
9453 0.022180 1 
9454 0.007619 1 
9454 0.034201 0 
9456 0.033256 0 
9458 0.012833 1 
9459 0.013333 1 
9458 0.037074 0 
9459 0.020576 0 
9460 0.014710 1 
9461 0.019951 0 
9462 0.010501 1 
9462 0.034740 0 
9463 0.018907 0 
9463 0.028006 1 
9464 0.026307 0 
9464 0.039296 1 
9466 0.014086 1 
9466 0.021650 0 
9467 0.010823 1 
9467 0.022011 0 
9468 0.019314 1 
9468 0.023575 0 
9469 0.007371 0 
9469 0.023245 1 
9471 0.014333 1 
9471 0.016221 0 
9473 0.012022 1 
9473 0.030452 0 
9474 0.013914 0 
9474 0.021116 1 
9475 0.013013 1 
9475 0.039122 0 
9477 0.013463 0 
9478 0.008785 1 
9478 0.025748 0 
9479 0.010073 0 
9479 0.010241 1 
9481 0.008362 1 
9481 0.020242 0 
9482 0.014421 1 
9483 0.006726 1 
9482 0.024616 0 
9484 0.015429 1 
9483 0.036563 0 
9485 0.013929 1 
9486 0.025563 1 
9485 0.046004 0 
9486 0.029368 0 
9487 0.012997 0 
9488 0.017718 1 
9489 0.012987 1 
9489 0.022213 0 
9490 0.014404 1 
9490 0.019736 0 
9491 0.010612 0 
9492 0.021975 0 
9492 0.026870 1 
9493 0.027124 0 
9494 0.010837 0 
9495 0.018295 0 
9494 0.037146 1 
9496 0.022670 0 
9496 0.022999 1 
9497 0.022877 1 
9497 0.036435 0 
9498 0.020368 0 
9498 0.030736 1 
9500 0.021148 0 
9500 0.028806 1 
9501 0.012704 1 
9502 0.007934 1 
9501 0.030966 0 
9503 0.012467 1 
9504 0.025180 1 
9503 0.053330 0 
9504 0.037306 0 
9505 0.020792 0 
9505 0.021500 1 
9506 0.009898 0 
9508 0.014627 0 
9509 0.008174 1 
9509 0.074886 0 
9510 0.058926 0 
9511 0.042500 0 
9512 0.026047 0 
9510 0.068135 1 
9513 0.026185 0 
9514 0.009900 0 
9511 0.093724 1 
9512 0.077200 1 
9513 0.060532 1 
9514 0.044234 1 
9515 0.030723 1 
9516 0.017431 1 
9515 0.035246 0 
9517 0.017500 0 
9517 0.028003 1 
9518 0.011437 1 
9518 0.020911 0 
9519 0.014038 0 
9519 0.031479 1 
9521 0.020682 1 
9521 0.022794 0 
9522 0.006084 0 
9522 0.018471 1 
9523 0.019959 1 
9523 0.036365 0 
9524 0.019996 0 
9525 0.011964 0 
9525 0.023701 1 
9526 0.011511 1 
9526 0.026186 0 
9527 0.009623 0 
9527 0.019619 1 
9529 0.019835 0 
9530 0.014622 0 
9530 0.017241 1 
9531 0.032761 0 
9531 0.045954 1 
9532 0.030143 1 
9532 0.033164 0 
9534 0.011242 1 
9535 0.009632 1 
9534 0.033776 0 
9535 0.017671 0 
9536 0.023247 1 
9536 0.025434 0 
9537 0.008341 0 
9537 0.023724 1 
9539 0.012439 0 
9539 0.020779 1 
9540 0.007941 0 
9540 0.013091 1 
9541 0.011003 1 
9541 0.016715 0 
9542 0.020971 0 
9543 0.004711 0 
9542 0.022668 1 
9543 0.019820 1 
9544 0.017092 0 
9544 0.022271 1 
9546 0.006930 0 
9546 0.015885 1 
9547 0.014063 0 
9547 0.018149 1 
9548 0.026927 1 
9549 0.021056 1 
9548 0.046574 0 
9549 0.030534 0 
9550 0.024884 1 
9551 0.013350 1 
9552 0.012936 1 
9553 0.009963 1 
9550 0.059770 0 
9551 0.043756 0 
9552 0.034484 0 
9553 0.017864 0 
9554 0.013340 0 
9554 0.014353 1 
9556 0.025889 1 
9557 0.013956 1 
9558 0.013649 1 
9556 0.055243 0 
9557 0.039679 0 
9558 0.023436 0 
9559 0.012739 1 
9559 0.044677 0 
9560 0.028470 0 
9561 0.011765 0 
9561 0.020052 1 
9562 0.012055 1 
9562 0.034881 0 
9563 0.018188 0 
9563 0.023601 1 
9564 0.024391 1 
9565 0.018700 1 
9564 0.039887 0 
9565 0.023513 0 
9566 0.011161 0 
9566 0.013699 1 
9567 0.006026 0 
9567 0.026068 1 
9568 0.024584 0 
9569 0.026743 0 
9570 0.010483 0 
9568 0.054182 1 
9570 0.032922 1 
9571 0.015985 1 
9572 0.023497 0 
9573 0.006814 0 
9574 0.008349 0 
9573 0.028207 1 
9574 0.032207 1 
9575 0.015744 1 
9575 0.022532 0 
9576 0.006320 0 
9576 0.012055 1 
9577 0.021252 1 
9578 0.011628 1 
9577 0.030680 0 
9578 0.036068 0 
9579 0.019849 0 
9579 0.029904 1 
9580 0.013189 1 
9580 0.031018 0 
9581 0.015317 0 
9581 0.033000 1 
9583 0.015512 1 
9583 0.035030 0 
9584 0.018285 0 
9584 0.019870 1 
9585 0.012022 1 
9586 0.013263 1 
9585 0.036261 0 
9586 0.019985 0 
9587 0.016859 0 
9588 0.020737 1 
9588 0.025439 0 
9589 0.008714 0 
9589 0.009168 1 
9590 0.008264 1 
9592 0.040593 1 
9593 0.030752 1 
9594 0.014634 1 
9590 0.083367 0 
9592 0.050231 0 
9594 0.033363 0 
9595 0.016983 0 
9597 0.006591 1 
9597 0.028255 0 
9599 0.035764 1 
9599 0.037504 0 
9600 0.021487 0 
9601 0.012027 0 
9600 0.037525 1 
9601 0.035963 1 
9602 0.028234 1 
9602 0.031310 0 
9605 0.012742 1 
9606 0.016562 0 
9606 0.046071 1 
9607 0.030015 1 
9608 0.032972 1 
9609 0.016631 1 
9607 0.068202 0 
9608 0.051909 0 
9609 0.035544 0 
9610 0.022965 1 
9611 0.009973 1 
9610 0.035386 0 
9611 0.019355 0 
9612 0.012096 0 
9613 0.006443 0 
9612 0.029680 1 
9613 0.014192 1 
9614 0.009784 1 
9615 0.011556 1 
9616 0.023613 1 
9614 0.070140 0 
9615 0.054215 0 
9616 0.038055 0 
9618 0.006676 0 
9618 0.023473 1 
9620 0.020636 1 
9621 0.022667 0 
9622 0.005171 0 
9621 0.024132 1 
9623 0.016208 0 
9623 0.042227 1 
9624 0.026393 1 
9624 0.035151 0 
9625 0.018861 0 
9625 0.019957 1 
9626 0.009176 1 
9626 0.030405 0 
9628 0.012153 1 
9629 0.020504 0 
9629 0.022812 1 
9630 0.013643 0 
9631 0.017445 1 
9632 0.011044 1 
9631 0.028269 0 
9632 0.012089 0 
9633 0.014499 1 
9634 0.019269 1 
9633 0.039770 0 
9634 0.023547 0 
9635 0.007745 0 
9636 0.033706 0 
9637 0.017569 0 
9638 0.008294 0 
9635 0.058203 1 
9636 0.044889 1 
9637 0.037457 1 
9639 0.011741 0 
9638 0.029014 1 
9639 0.017978 1 
9640 0.019471 1 
9640 0.022224 0 
9641 0.023507 1 
9641 0.024382 0 
9642 0.007905 0 
9642 0.027222 1 
9644 0.023482 0 
9645 0.007039 0 
9644 0.057459 1 
9646 0.034127 0 
9647 0.018093 0 
9645 0.060574 1 
9646 0.044472 1 
9648 0.017893 1 
9648 0.028076 0 
9649 0.011881 0 
9649 0.013525 1 
9650 0.014187 0 
9650 0.014995 1 
9651 0.023199 1 
9651 0.030270 0 
9652 0.013930 0 
9652 0.026956 1 
9653 0.018550 1 
9653 0.043277 0 
9655 0.010021 0 
9655 0.034735 1 
9657 0.009862 1 
9657 0.019434 0 
9658 0.013830 1 
9658 0.018796 0 
9659 0.014007 0 
9659 0.019627 1 
9660 0.023299 1 
9661 0.011742 1 
9662 0.024595 1 
9663 0.014739 1 
9661 0.051976 0 
9662 0.035950 0 
9663 0.020053 0 
9665 0.014758 1 
9666 0.010838 0 
9666 0.026803 1 
9667 0.014642 0 
9667 0.018877 1 
9668 0.023809 1 
9668 0.026051 0 
9670 0.009697 0 
9670 0.025384 1 
9672 0.014526 1 
9673 0.020535 0 
9673 0.021648 1 
9674 0.019578 0 
9674 0.023107 1 
9676 0.009783 0 
9676 0.017901 1 
9677 0.011935 1 
9678 0.011538 1 
9677 0.033952 0 
9678 0.017848 0 
9680 0.035998 1 
9680 0.037202 0 
9681 0.020608 0 
9681 0.025830 1 
9682 0.011601 1 
9682 0.022698 0 
9683 0.012332 1 
9684 0.015754 1 
9683 0.035440 0 
9684 0.019425 0 
9685 0.009908 0 
9686 0.010127 0 
9685 0.051143 1 
9686 0.034750 1 
9687 0.023426 1 
9688 0.010590 1 
9687 0.037963 0 
9688 0.021080 0 
9689 0.005126 0 
9689 0.009862 1 
9690 0.008664 1 
9691 0.008863 1 
9690 0.055353 0 
9691 0.039320 0 
9692 0.023078 0 
9693 0.006516 0 
9693 0.018213 1 
9694 0.011268 1 
9694 0.014524 0 
9695 0.018896 1 
9696 0.010374 1 
9695 0.033358 0 
9696 0.016949 0 
9697 0.007201 1 
9697 0.012324 0 
9699 0.014909 0 
9699 0.034119 1 
9700 0.018013 1 
9701 0.019928 1 
9700 0.041224 0 
9701 0.025006 0 
9702 0.010641 1 
9703 0.027320 0 
9704 0.023542 1 
9704 0.043762 0 
9705 0.026889 0 
9707 0.008674 1 
9707 0.011271 0 
9708 0.010830 1 
9709 0.015038 1 
9709 0.021219 0 
9710 0.026730 1 
9710 0.041563 0 
9711 0.025290 0 
9712 0.008811 0 
9712 0.027983 1 
9713 0.012530 1 
9713 0.023578 0 
9714 0.020080 1 
9714 0.029369 0 
9715 0.013364 0 
9715 0.014213 1 
9716 0.025151 0 
9717 0.009104 0 
9716 0.046921 1 
9717 0.030791 1 
9718 0.018252 0 
9718 0.030105 1 
9720 0.015719 0 
9720 0.026860 1 
9721 0.019429 1 
9721 0.040342 0 
9722 0.037398 0 
9723 0.020989 0 
9724 0.012091 0 
9723 0.044253 1 
9724 0.028340 1 
9725 0.014652 1 
9725 0.032539 0 
9726 0.016772 1 
9728 0.028696 1 
9729 0.012717 1 
9730 0.049541 1 
9731 0.033050 1 
9733 0.011477 1 
9734 0.008947 1 
9735 0.019011 1 
9736 0.025708 1 
9738 0.018509 1 
9739 0.011531 1 
9740 0.031175 1 
9741 0.019608 1 
9742 0.006780 1 
9743 0.014916 1 
9745 0.014841 1 
9746 0.035160 1 
9748 0.032647 1 
9749 0.018670 1 
9750 0.011291 1 
9751 0.014944 1 
9752 0.007473 1 
9753 0.037833 1 
9755 0.028203 1 
9756 0.015717 1 
9757 0.018416 1 
9758 0.017593 1 
9759 0.015010 1 
9760 0.012922 1 
9761 0.024475 1 
9762 0.015914 1 
9763 0.020182 1 
9764 0.011815 1 
9765 0.009973 1 
9766 0.019222 1 
9767 0.027118 1 
9768 0.011565 1 
9769 0.008980 1 
9770 0.011087 1 
9771 0.011358 1 
9772 0.026281 1 
9773 0.016932 1 
9774 0.029448 1 
9775 0.035975 1 
9776 0.061792 1 
9777 0.045824 1 
9778 0.029619 1 
9779 0.023324 1 
9780 0.061394 1 
9782 0.028738 1 
9783 0.053900 1 
9784 0.070152 1 
9785 0.053990 1 
9786 0.037872 1 
9787 0.038889 1 
9788 0.036841 1 
9789 0.020126 1 
9791 0.072015 1 
9792 0.055604 1 
9793 0.039172 1 
9794 0.022683 1 
9796 0.035170 1 
9798 0.055920 1 
9799 0.039925 1 
9800 0.035249 1 
9801 0.030019 1 
9804 0.029295 1 
9805 0.024606 1 
9806 0.111106 1 
9807 0.125423 1 
9808 0.108821 1 
9809 0.092539 1 
9810 0.091679 1 
9811 0.072825 1 
9812 0.136776 1 
9813 0.120625 1 
9814 0.103983 1 
9815 0.103669 1 
9817 0.096377 1 
9819 0.064093 1 
9820 0.047861 1 
9821 0.037959 1 
9822 0.030110 1 
9823 0.027473 1 
9824 0.018706 1 
9825 0.019422 1 
9827 0.033938 1 
9828 0.061373 1 
9829 0.045522 1 
9830 0.061797 1 
9831 0.045179 1 
9832 0.043628 1 
9833 0.027246 1 
9834 0.039654 1 
9835 0.023416 1 
9836 0.035920 1 
9837 0.019707 1 
9838 0.025193 1 
9839 0.016981 1 
9840 0.029679 1 
9841 0.036364 1 
9843 0.043111 1 
9844 0.030238 1 
9845 0.072728 1 
9846 0.065313 1 
9847 0.049191 1 
9848 0.030099 1 
9849 0.033778 1 
9850 0.022372 1 
9851 0.031871 1 
9852 0.031491 1 
9854 0.043501 1 
9856 0.016426 1 
9857 0.020185 1 
9858 0.030897 1 
9859 0.032999 1 
9860 0.016710 1 
9861 0.015792 1 
9862 0.014329 1 
9864 0.020810 1 
9865 0.029212 1 
9866 0.012757 1 
9867 0.025092 1 
9869 0.027778 1 
9871 0.052294 1 
9872 0.035733 1 
9873 0.033617 1 
9875 0.031282 1 
9876 0.018854 1 
9877 0.029759 1 
9879 0.028959 1 
9880 0.017781 1 
9881 0.009935 1 
9882 0.006857 1 
9883 0.017593 1 
9884 0.043107 1 
9885 0.035573 1 
9886 0.019325 1 
9887 0.015175 1 
9888 0.010322 1 
9889 0.014431 1 
9890 0.022733 1 
9891 0.019322 1 
9892 0.022487 1 
9893 0.010311 1 
9894 0.017309 1 
9895 0.011160 1 
9896 0.025349 1 
9898 0.046555 1 
9899 0.030421 1 
9900 0.021078 1 
9901 0.011040 1 
9902 0.024168 1 
9903 0.016627 1 
9904 0.022202 1 
9906 0.009074 1 
9907 0.011006 1 
9908 0.011065 1 
9909 0.027381 1 
9910 0.025737 1 
9911 0.018403 1 
9912 0.011175 1 
9913 0.008195 1 
9914 0.011414 1 
9915 0.018089 1 
9916 0.015408 1 
9917 0.016129 1 
9919 0.015075 1 
9920 0.035139 1 
9921 0.019624 1 
9922 0.018667 1 
9923 0.018322 1 
9924 0.011921 1 
9925 0.013325 1 
9927 0.036233 1 
9928 0.045923 1 
9929 0.029990 1 
9930 0.042084 1 
9932 0.021733 1 
9933 0.015150 1 
9934 0.017735 1 
9935 0.025925 1 
9937 0.017194 1 
9938 0.018610 1 
9939 0.017105 1 
9940 0.030182 1 
9941 0.030262 1 
9942 0.020607 1 
9944 0.016568 1 
9945 0.012998 1 
9946 0.093260 1 
9947 0.077337 1 
9948 0.060707 1 
9949 0.058126 1 
9950 0.092511 1 
9951 0.076301 1 
9952 0.065533 1 
9954 0.054128 1 
9955 0.043311 1 
9956 0.027201 1 
9957 0.026068 1 
9958 0.028854 1 
9959 0.026744 1 
9960 0.020401 1 
9961 0.018009 1 
9962 0.016790 1 
9963 0.017503 1 
9964 0.035701 1 
9965 0.019666 1 
9966 0.022928 1 
9967 0.013234 1 
9968 0.014862 1 
9969 0.011912 1 
9970 0.045902 1 
9971 0.029525 1 
9972 0.034650 1 
9973 0.024674 1 
9974 0.017141 1 
9975 0.012620 1 
9976 0.011295 1 
9977 0.021938 1 
9978 0.024497 1 
9979 0.015230 1 
9981 0.016745 1 
9982 0.014294 1 
9983 0.024946 1 
9984 0.032590 1 
9985 0.016056 1 
9986 0.011885 1 
9987 0.013465 1 
9990 0.042594 1 
9991 0.026186 1 
9992 0.011222 1 
9993 0.006022 1 
9995 0.006583 1 
9997 0.027413 1 
9998 0.042324 1 
9999 0.048028 1 
10000 0.043548 1 
10003 0.023820 1 
10004 0.020910 1 
10005 0.032199 1 
10006 0.039915 1 
10007 0.040398 1 
10008 0.024219 1 
10009 0.010907 1 
10010 0.019882 1 
10011 0.017298 1 
10012 0.014230 1 
10013 0.006624 1 
10014 0.027173 1 
10016 0.027723 1 
10018 0.057162 1 
10019 0.040733 1 
10020 0.042570 1 
10021 0.047044 1 
10022 0.030708 1 
10023 0.015108 1 
10024 0.015179 1 
10026 0.026954 1 
10027 0.024749 1 
10028 0.028593 1 
10029 0.019826 1 
10030 0.010108 1 
10031 0.017400 1 
10032 0.009463 1 
10033 0.033094 1 
10034 0.016989 1 
10035 0.021996 1 
10036 0.014735 1 
10037 0.013957 1 
10038 0.012846 1 
10039 0.037314 1 
10040 0.020771 1 
10042 0.015383 1 
10043 0.024197 1 
10044 0.021460 1 
10045 0.028861 1 
10046 0.016998 1 
10047 0.042771 1 
10048 0.050363 1 
10049 0.033979 1 
10050 0.017156 1 
10053 0.063546 1 
10055 0.030910 1 
10056 0.014518 1 
10057 0.011013 1 
10058 0.017609 1 
10059 0.013331 1 
10060 0.025295 1 
10061 0.011036 1 
10063 0.016026 1 
10064 0.028781 1 
10065 0.016527 1 
10066 0.017967 1 
10068 0.023115 1 
10070 0.055821 1 
10071 0.039526 1 
10072 0.031166 1 
10074 0.016528 1 
10075 0.025805 1 
10076 0.029741 1 
10078 0.029845 1 
10079 0.018486 1 
10080 0.027197 1 
10081 0.012784 1 
10082 0.010566 1 
10083 0.028208 1 
10084 0.031683 1 
10085 0.023587 1 
10086 0.011839 1 
10087 0.009481 1 
10088 0.013479 1 
10089 0.018474 1 
10090 0.030113 1 
10091 0.024032 1 
10092 0.009296 1 
10093 0.025644 1 
10094 0.014197 1 
10095 0.031881 1 
10097 0.016325 1 
10098 0.019746 1 
10099 0.014566 1 
10100 0.010054 1 
10101 0.052452 1 
10102 0.034206 1 
10105 0.019279 1 
10106 0.017202 1 
10107 0.019406 1 
10108 0.017145 1 
10109 0.029432 1 
10110 0.017247 1 
10111 0.023321 1 
10112 0.024787 1 
10113 0.027757 1 
10114 0.015996 1 
10115 0.028805 1 
10116 0.015011 1 
10118 0.013047 1 
10119 0.047219 1 
10120 0.030538 1 
10121 0.031894 1 
10122 0.034455 1 
10123 0.017879 1 
10124 0.011346 1 
10126 0.032574 1 
10127 0.067028 1 
10128 0.050309 1 
10129 0.036587 1 
10131 0.021399 1 
10132 0.017790 1 
10133 0.018853 1 
10134 0.020256 1 
10136 0.020526 1 
10137 0.013469 1 
10138 0.020274 1 
10139 0.031157 1 
10140 0.027760 1 
10141 0.050945 1 
10143 0.027488 1 
10144 0.034543 1 
10145 0.018225 1 
10146 0.018199 1 
10147 0.010615 1 
10148 0.017055 1 
10149 0.010023 1 
10150 0.010976 1 
10151 0.030524 1 
10153 0.017874 1 
10154 0.007441 1 
10155 0.009405 1 
10156 0.015112 1 
10157 0.019698 1 
10158 0.027295 1 
10159 0.016273 1 
10160 0.009797 1 
10161 0.017863 1 
10162 0.012474 1 
10163 0.022134 1 
10164 0.014024 1 
10165 0.011393 1 
10166 0.012714 1 
10167 0.022021 1 
10168 0.009606 1 
10169 0.026569 1 
10170 0.017895 1 
10171 0.024102 1 
10172 0.022891 1 
10173 0.016244 1 
10174 0.008883 1 
10175 0.024774 1 
10176 0.019607 1 
10177 0.030274 1 
10178 0.013692 1 
10180 0.012757 1 
10181 0.058802 1 
10182 0.042505 1 
10183 0.064631 1 
10184 0.046613 1 
10185 0.029831 1 
10186 0.050859 1 
10187 0.067694 1 
10189 0.043638 1 
10190 0.027353 1 
10191 0.015488 1 
10192 0.022184 1 
10194 0.018622 1 
10196 0.028516 1 
10197 0.023815 1 
10198 0.024679 1 
10199 0.015504 1 
10202 0.019153 1 
10203 0.018758 1 
10204 0.026239 1 
10205 0.056124 1 
10206 0.039994 1 
10207 0.023245 1 
10208 0.029904 1 
10209 0.013774 1 
10210 0.010894 1 
10211 0.014777 1 
10212 0.008041 1 
10213 0.024618 1 
10215 0.022790 1 
10217 0.018478 1 
10218 0.015616 1 
10219 0.016032 1 
10220 0.017167 1 
10221 0.018988 1 
10222 0.012581 1 
10223 0.011429 1 
10225 0.021468 1 
10226 0.034935 1 
10227 0.022266 1 
10228 0.014211 1 
10229 0.012640 1 
10230 0.015086 1 
10231 0.005604 1 
10232 0.018198 1 
10233 0.024667 1 
10234 0.011976 1 
10235 0.017461 1 
10236 0.011361 1 
10237 0.007986 1 
10238 0.023256 1 
10239 0.014606 1 
10241 0.028736 1 
10242 0.016469 1 
10243 0.032250 1 
10244 0.016212 1 
10245 0.035893 1 
10246 0.019463 1 
10247 0.010729 1 
10248 0.019543 1 
10249 0.012625 1 
10250 0.033885 1 
10252 0.029242 1 
10254 0.019903 1 
10255 0.010887 1 
10256 0.028066 1 
10257 0.034454 1 
10258 0.037313 1 
10259 0.036450 1 
10260 0.029212 1 
10262 0.031459 1 
10263 0.024616 1 
10264 0.037126 1 
10265 0.029284 1 
10267 0.027485 1 
10269 0.020333 1 
10270 0.043296 1 
10271 0.061664 1 
10273 0.047157 1 
10274 0.049168 1 
10275 0.050206 1 
10277 0.024462 1 
10278 0.026892 1 
10279 0.017311 1 
10280 0.012458 1 
10281 0.030603 1 
10282 0.045687 1 
10283 0.055880 1 
10284 0.039585 1 
10285 0.088241 1 
10286 0.145820 1 
10287 0.129941 1 
10288 0.113441 1 
10289 0.097198 1 
10290 0.081620 1 
10291 0.064733 1 
10292 0.048930 1 
10293 0.061123 1 
10294 0.045013 1 
10296 0.044707 1 
10297 0.028465 1 
10298 0.015560 1 
10299 0.018485 1 
10300 0.064555 1 
10301 0.048161 1 
10302 0.032101 1 
10304 0.020470 1 
10305 0.033522 1 
10306 0.036095 1 
10307 0.043494 1 
10308 0.055695 1 
10309 0.038766 1 
10310 0.031801 1 
10311 0.016230 1 
10312 0.032551 1 
10313 0.037120 1 
10314 0.016965 1 
10315 0.015326 1 
10317 0.016865 1 
10318 0.032722 1 
10319 0.032264 1 
10320 0.037810 1 
10321 0.021480 1 
10322 0.016963 1 
10323 0.009128 1 
10325 0.044080 1 
10328 0.019722 0 
10327 0.053030 1 
10328 0.036356 1 
10330 0.013909 0 
10330 0.028326 1 
10331 0.014127 1 
10331 0.016186 0 
10332 0.011288 0 
10333 0.008001 0 
10333 0.015197 1 
10335 0.012159 1 
10335 0.018658 0 
10336 0.014505 1 
10336 0.026074 0 
10337 0.019861 1 
10338 0.014751 1 
10337 0.031504 0 
10338 0.015178 0 
10339 0.021799 0 
10339 0.023402 1 
10340 0.010358 1 
10340 0.019277 0 
10342 0.012516 1 
10342 0.040199 0 
10343 0.023426 0 
10343 0.023450 1 
10344 0.018394 1 
10345 0.016946 1 
10344 0.041628 0 
10345 0.025227 0 
10346 0.011644 1 
10346 0.012819 0 
10347 0.011351 1 
10347 0.027062 0 
10348 0.012837 1 
10348 0.037089 0 
10349 0.020739 0 
10350 0.016525 0 
10350 0.022436 1 
10352 0.017692 1 
10352 0.020655 0 
10353 0.010545 0 
10353 0.023813 1 
10354 0.009697 1 
10354 0.013443 0 
10355 0.011286 1 
10356 0.017884 1 
10355 0.055960 0 
10356 0.039952 0 
10357 0.023910 0 
10358 0.013609 1 
10359 0.007998 1 
10359 0.023324 0 
10360 0.016088 1 
10361 0.009790 1 
10360 0.028429 0 
10361 0.012513 0 
10362 0.027073 1 
10362 0.027571 0 
10363 0.011379 0 
10363 0.029174 1 
10364 0.012877 0 
10364 0.023354 1 
10365 0.007700 1 
10366 0.012094 1 
10365 0.039621 0 
10366 0.023506 0 
10367 0.019209 1 
10368 0.021387 1 
10367 0.040414 0 
10368 0.023997 0 
10369 0.023256 0 
10370 0.023185 0 
10371 0.007105 0 
10370 0.025499 1 
10371 0.009183 1 
10372 0.013537 1 
10373 0.016665 1 
10372 0.034764 0 
10374 0.037471 1 
10375 0.021416 1 
10376 0.014857 1 
10373 0.070263 0 
10374 0.054354 0 
10375 0.038312 0 
10376 0.022587 0 
10377 0.006407 0 
10377 0.016221 1 
10379 0.006876 0 
10379 0.010263 1 
10380 0.022612 0 
10381 0.012600 0 
10380 0.035551 1 
10381 0.018908 1 
10382 0.011224 1 
10382 0.037433 0 
10383 0.021354 0 
10384 0.014931 0 
10383 0.036409 1 
10385 0.009996 0 
10384 0.040192 1 
10385 0.023794 1 
10386 0.020578 0 
10388 0.040571 0 
10389 0.061705 0 
10390 0.045795 0 
10391 0.029393 0 
10386 0.115284 1 
10388 0.081367 1 
10389 0.082879 1 
10390 0.066930 1 
10393 0.025319 1 
10393 0.038525 0 
10395 0.014997 0 
10395 0.018880 1 
10396 0.022576 0 
10397 0.019915 0 
10397 0.025039 1 
10398 0.017095 0 
10398 0.026587 1 
10401 0.017810 1 
10401 0.024219 0 
10402 0.008446 0 
10402 0.011294 1 
10403 0.018014 0 
10403 0.027354 1 
10404 0.042802 0 
10405 0.026134 0 
10405 0.030572 1 
10406 0.022492 1 
10406 0.032949 0 
10407 0.016067 0 
10408 0.013117 0 
10408 0.016582 1 
10409 0.009936 0 
10409 0.016277 1 
10410 0.007232 1 
10410 0.018626 0 
10411 0.014668 0 
10411 0.014696 1 
10412 0.014253 1 
10412 0.042549 0 
10414 0.010025 0 
10414 0.015210 1 
10416 0.013663 0 
10417 0.016469 0 
10417 0.041085 1 
10418 0.033319 1 
10419 0.017097 1 
10418 0.037653 0 
10420 0.016830 0 
10421 0.017203 0 
10420 0.042053 1 
10421 0.025309 1 
10422 0.012610 1 
10422 0.020933 0 
10424 0.030442 1 
10424 0.032214 0 
10425 0.015706 0 
10425 0.019883 1 
10426 0.021649 1 
10427 0.014142 1 
10427 0.020958 0 
10428 0.009258 0 
10428 0.016533 1 
10429 0.007826 1 
10429 0.011062 0 
10430 0.020192 1 
10430 0.022895 0 
10431 0.006771 0 
10431 0.015920 1 
10432 0.010868 0 
10432 0.023232 1 
10433 0.021156 1 
10433 0.028965 0 
10434 0.012548 0 
10435 0.017060 0 
10434 0.035394 1 
10435 0.025634 1 
10436 0.012955 0 
10436 0.032624 1 
10437 0.016295 1 
10438 0.021147 1 
10437 0.045369 0 
10438 0.028912 0 
10440 0.018146 1 
10440 0.031196 0 
10441 0.019660 1 
10442 0.012544 1 
10441 0.034927 0 
10442 0.018423 0 
10443 0.014405 1 
10444 0.006859 1 
10443 0.036204 0 
10444 0.020463 0 
10445 0.004383 0 
10445 0.018156 1 
10446 0.008825 1 
10447 0.019114 1 
10446 0.038675 0 
10447 0.023030 0 
10448 0.031317 1 
10448 0.031349 0 
10449 0.014844 0 
10449 0.027645 1 
10451 0.026200 1 
10451 0.037043 0 
10453 0.012356 1 
10454 0.014830 1 
10453 0.032723 0 
10455 0.019145 1 
10455 0.020556 0 
10456 0.017008 1 
10456 0.018083 0 
10457 0.018744 1 
10457 0.025251 0 
10458 0.009361 0 
10458 0.016740 1 
10459 0.010021 0 
10459 0.018758 1 
10461 0.021860 0 
10462 0.006680 0 
10461 0.031489 1 
10462 0.024139 1 
10463 0.021211 0 
10464 0.010620 1 
10466 0.013088 1 
10464 0.052577 0 
10466 0.019990 0 
10468 0.007275 0 
10468 0.020311 1 
10469 0.011407 0 
10469 0.014740 1 
10470 0.013420 0 
10470 0.013453 1 
10472 0.015183 1 
10472 0.025175 0 
10473 0.009122 0 
10473 0.035803 1 
10474 0.028019 1 
10474 0.055130 0 
10476 0.022560 0 
10477 0.008182 1 
10478 0.016153 1 
10477 0.037312 0 
10478 0.021082 0 
10479 0.004970 0 
10479 0.009481 1 
10480 0.018766 1 
10480 0.032709 0 
10481 0.016332 0 
10481 0.024174 1 
10482 0.015753 0 
10482 0.019519 1 
10483 0.011860 1 
10483 0.020155 0 
10484 0.013250 1 
10484 0.017499 0 
10485 0.027709 1 
10486 0.033110 1 
10487 0.016860 1 
10485 0.055022 0 
10486 0.038684 0 
10487 0.022594 0 
10488 0.005877 0 
10488 0.018496 1 
10489 0.009794 1 
10490 0.017990 1 
10489 0.037564 0 
10490 0.037342 0 
10491 0.020920 0 
10492 0.023377 0 
10492 0.024866 1 
10493 0.017068 1 
10493 0.026956 0 
10495 0.007766 0 
10495 0.012873 1 
10496 0.009323 1 
10497 0.013411 1 
10497 0.024817 0 
10498 0.008814 0 
10498 0.018416 1 
10499 0.019861 1 
10500 0.015932 1 
10499 0.032871 0 
10500 0.016813 0 
10501 0.019903 1 
10501 0.046637 0 
10503 0.014456 1 
10504 0.009394 1 
10503 0.038952 0 
10504 0.022766 0 
10505 0.006211 0 
10505 0.023894 1 
10506 0.017182 0 
10507 0.030041 0 
10508 0.038485 0 
10509 0.022274 0 
10510 0.007919 0 
10511 0.021798 0 
10512 0.005714 0 
10513 0.017818 0 
10514 0.016324 0 
10506 0.182661 1 
10507 0.165834 1 
10508 0.149179 1 
10509 0.132945 1 
10510 0.116851 1 
10511 0.100475 1 
10512 0.084355 1 
10513 0.067944 1 
10516 0.019982 0 
10514 0.056838 1 
10516 0.024930 1 
10517 0.017985 0 
10518 0.018655 0 
10519 0.002803 0 
10517 0.060277 1 
10518 0.044147 1 
10520 0.015345 0 
10519 0.039135 1 
10520 0.025424 1 
10521 0.011240 1 
10521 0.017708 0 
10522 0.008527 1 
10522 0.011704 0 
10524 0.040587 0 
10525 0.023852 0 
10524 0.041726 1 
10526 0.012648 0 
10527 0.011491 0 
10525 0.048781 1 
10526 0.040233 1 
10527 0.027027 1 
10529 0.008012 1 
10529 0.030282 0 
10530 0.013775 0 
10530 0.023784 1 
10531 0.010069 1 
10532 0.021271 0 
10532 0.022718 1 
10534 0.018061 1 
10534 0.018974 0 
10535 0.010037 1 
10536 0.018068 1 
10535 0.038046 0 
10536 0.022032 0 
10537 0.018951 1 
10537 0.027420 0 
10538 0.010585 0 
10538 0.017645 1 
10539 0.009349 0 
10541 0.009381 1 
10541 0.026874 0 
10542 0.009566 0 
10542 0.031572 1 
10543 0.018629 0 
10543 0.033422 1 
10544 0.027287 0 
10545 0.010878 0 
10546 0.007086 0 
10545 0.037813 1 
10546 0.021447 1 
10547 0.016845 1 
10547 0.016970 0 
10548 0.010437 1 
10548 0.029283 0 
10549 0.013029 0 
10549 0.023736 1 
10551 0.016012 1 
10552 0.017253 1 
10553 0.009865 1 
10551 0.045887 0 
10552 0.029653 0 
10554 0.011929 1 
10554 0.011967 0 
10555 0.017029 0 
10556 0.025172 0 
10557 0.012316 0 
10555 0.046620 1 
10557 0.019544 1 
10558 0.008264 1 
10558 0.015252 0 
10559 0.012164 1 
10560 0.010859 1 
10560 0.028005 0 
10561 0.010774 0 
10562 0.004205 0 
10561 0.024449 1 
10562 0.008846 1 
10563 0.013032 0 
10563 0.017926 1 
10564 0.008065 1 
10564 0.008340 0 
10565 0.017869 0 
10566 0.016767 1 
10566 0.028167 0 
10567 0.011320 0 
10567 0.035878 1 
10568 0.019536 1 
10568 0.031853 0 
10569 0.015943 0 
10569 0.016455 1 
10570 0.009617 1 
10570 0.014662 0 
10571 0.009506 0 
10571 0.013421 1 
10572 0.012433 1 
10572 0.028241 0 
10573 0.012364 0 
10573 0.022460 1 
10574 0.025178 1 
10574 0.026101 0 
10575 0.010102 0 
10576 0.004185 0 
10575 0.027721 1 
10576 0.021996 1 
10578 0.010565 1 
10578 0.031792 0 
10579 0.015696 0 
10580 0.023430 0 
10581 0.006728 0 
10579 0.047347 1 
10581 0.029378 1 
10582 0.018455 1 
10583 0.008648 1 
10584 0.009211 1 
10583 0.032382 0 
10584 0.015582 0 
10585 0.032897 1 
10585 0.034510 0 
10587 0.023505 1 
10587 0.032721 0 
10588 0.016392 0 
10588 0.016835 1 
10589 0.005964 1 
10589 0.030291 0 
10590 0.013638 0 
10592 0.015892 0 
10592 0.034739 1 
10594 0.006982 0 
10594 0.020900 1 
10595 0.013608 0 
10595 0.034809 1 
10596 0.038417 0 
10597 0.023704 0 
10596 0.064092 1 
10597 0.047799 1 
10600 0.016882 0 
10600 0.023329 1 
10601 0.008174 1 
10601 0.020263 0 
10602 0.024145 1 
10602 0.029137 0 
10603 0.039585 0 
10604 0.023211 0 
10605 0.030644 0 
10606 0.015055 0 
10607 0.004522 0 
10603 0.070044 1 
10604 0.053685 1 
10605 0.036811 1 
10606 0.027113 1 
10607 0.010876 1 
10608 0.016932 1 
10609 0.011323 1 
10608 0.032888 0 
10609 0.016640 0 
10610 0.012348 1 
10611 0.017953 1 
10610 0.044321 0 
10611 0.028178 0 
10613 0.018511 1 
10613 0.033166 0 
10615 0.025089 1 
10616 0.017605 0 
10616 0.030753 1 
10617 0.017829 0 
10618 0.014992 0 
10619 0.023976 0 
10617 0.059973 1 
10618 0.043912 1 
10619 0.027808 1 
10620 0.017752 1 
10620 0.023979 0 
10621 0.007567 0 
10621 0.012750 1 
10623 0.011731 0 
10624 0.009873 0 
10623 0.027446 1 
10624 0.018904 1 
10625 0.011820 1 
10625 0.023756 0 
10626 0.017737 0 
10626 0.028930 1 
10627 0.012906 1 
10627 0.023658 0 
10628 0.012207 0 
10629 0.016891 1 
10629 0.021881 0 
10630 0.021162 1 
10631 0.014840 1 
10630 0.035774 0 
10631 0.020673 0 
10632 0.004319 0 
10632 0.012534 1 
10633 0.022573 1 
10634 0.010644 1 
10635 0.009562 1 
10633 0.047697 0 
10634 0.031575 0 
10636 0.011440 1 
10635 0.032430 0 
10636 0.015979 0 
10637 0.009498 0 
10637 0.029005 1 
10639 0.020699 0 
10640 0.016856 0 
10641 0.018850 0 
10639 0.058861 1 
10640 0.057633 1 
10641 0.040790 1 
10642 0.024676 1 
10642 0.028466 0 
10643 0.012216 0 
10643 0.025880 1 
10644 0.012146 0 
10644 0.015403 1 
10645 0.006658 1 
10645 0.017615 0 
10646 0.013294 1 
10646 0.016292 0 
10647 0.013486 0 
10648 0.023855 1 
10648 0.027942 0 
10650 0.021142 1 
10650 0.030409 0 
10652 0.007236 0 
10652 0.016980 1 
10653 0.014900 1 
10654 0.014466 1 
10653 0.034276 0 
10655 0.016902 1 
10654 0.042341 0 
10655 0.026300 0 
10656 0.008100 0 
10656 0.011568 1 
10657 0.016051 0 
10657 0.031144 1 
10658 0.016434 1 
10658 0.019420 0 
10660 0.023052 0 
10660 0.028368 1 
10661 0.012844 1 
10661 0.018103 0 
10662 0.017163 1 
10662 0.022271 0 
10663 0.027622 1 
10663 0.029910 0 
10665 0.027367 0 
10667 0.011997 0 
10668 0.017039 0 
10667 0.039044 1 
10668 0.025066 1 
10669 0.016461 1 
10669 0.022662 0 
10671 0.019809 0 
10671 0.046407 1 
10672 0.044711 1 
10673 0.028707 1 
10672 0.045915 0 
10673 0.030056 0 
10675 0.016651 0 
10675 0.025265 1 
10676 0.017539 1 
10677 0.009201 1 
10676 0.025464 0 
10677 0.024684 0 
10678 0.008157 0 
10678 0.017367 1 
10679 0.016009 1 
10680 0.009031 0 
10680 0.037339 1 
10681 0.026121 1 
10681 0.028657 0 
10682 0.012138 0 
10682 0.019404 1 
10683 0.006370 0 
10683 0.013076 1 
10684 0.007005 0 
10684 0.012371 1 
10685 0.013843 0 
10685 0.020392 1 
10686 0.016924 1 
10687 0.015391 1 
10686 0.034136 0 
10687 0.017986 0 
10688 0.014672 1 
10688 0.017704 0 
10689 0.013827 1 
10689 0.043404 0 
10690 0.027333 0 
10690 0.034224 1 
10691 0.017973 1 
10692 0.013328 1 
10691 0.040892 0 
10692 0.024466 0 
10694 0.008651 1 
10694 0.011474 0 
10695 0.010325 1 
10695 0.022547 0 
10696 0.012960 1 
10696 0.019005 0 
10697 0.028078 1 
10698 0.012982 1 
10697 0.035209 0 
10699 0.024585 1 
10700 0.016491 1 
10699 0.065673 0 
10700 0.049147 0 
10702 0.016689 0 
10703 0.004477 0 
10703 0.008503 1 
10704 0.011665 0 
10704 0.017628 1 
10705 0.024193 0 
10706 0.007950 0 
10706 0.017510 1 
10707 0.011208 0 
10707 0.019603 1 
10708 0.012417 1 
10708 0.035081 0 
10709 0.018826 0 
10709 0.018918 1 
10710 0.023488 1 
10710 0.026697 0 
10711 0.010358 0 
10711 0.013136 1 
10712 0.010775 0 
10712 0.017852 1 
10713 0.014973 0 
10713 0.024912 1 
10715 0.004273 0 
10715 0.017251 1 
10716 0.044615 1 
10717 0.028522 1 
10718 0.023825 1 
10716 0.058969 0 
10717 0.042856 0 
10719 0.009568 0 
10719 0.014296 1 
10720 0.008068 0 
10720 0.022228 1 
10721 0.011202 1 
10721 0.013402 0 
10723 0.011409 0 
10723 0.021721 1 
10724 0.014278 0 
10725 0.014723 0 
10725 0.017546 1 
10726 0.009420 0 
10726 0.025334 1 
10728 0.012342 1 
10729 0.009890 0 
10729 0.016984 1 
10730 0.018522 1 
10730 0.023757 0 
10731 0.010500 1 
10731 0.019746 0 
10733 0.018558 1 
10733 0.023387 0 
10734 0.007424 0 
10735 0.020109 0 
10734 0.047920 1 
10736 0.016156 0 
10737 0.013310 0 
10736 0.038744 1 
10737 0.025411 1 
10738 0.014179 1 
10738 0.036721 0 
10740 0.013704 1 
10740 0.031589 0 
10741 0.015283 0 
10741 0.025464 1 
10742 0.015539 0 
10743 0.025338 0 
10742 0.066977 1 
10743 0.052139 1 
10744 0.035910 1 
10745 0.019371 1 
10746 0.013691 1 
10744 0.046904 0 
10746 0.020078 0 
10747 0.024501 0 
10748 0.008000 0 
10748 0.048450 1 
10750 0.031666 1 
10750 0.037263 0 
10751 0.018667 0 
10751 0.032717 1 
10752 0.030499 0 
10753 0.014379 0 
10752 0.036561 1 
10754 0.014169 1 
10754 0.019828 0 
10755 0.019660 1 
10755 0.023220 0 
10756 0.010276 1 
10756 0.015369 0 
10757 0.004029 0 
10757 0.018584 1 
10758 0.012518 0 
10759 0.015970 1 
10759 0.041977 0 
10760 0.025570 0 
10761 0.009278 0 
10762 0.018136 0 
10761 0.036352 1 
10762 0.020282 1 
10763 0.009034 0 
10763 0.024880 1 
10764 0.013032 1 
10765 0.009387 0 
10765 0.036418 1 
10766 0.023026 0 
10767 0.023091 0 
10768 0.012031 0 
10766 0.052020 1 
10767 0.035705 1 
10768 0.018563 1 
10769 0.016983 0 
10769 0.033650 1 
10770 0.021796 0 
10770 0.021956 1 
10771 0.012493 0 
10771 0.041818 1 
10772 0.025231 1 
10772 0.031551 0 
10773 0.015606 0 
10774 0.008528 0 
10773 0.028766 1 
10774 0.021540 1 
10775 0.016999 1 
10775 0.020829 0 
10777 0.010445 0 
10777 0.019023 1 
10778 0.033691 1 
10778 0.037142 0 
10779 0.021003 0 
10779 0.032945 1 
10780 0.016313 1 
10780 0.033352 0 
10781 0.017320 0 
10781 0.032565 1 
10782 0.023783 0 
10783 0.007387 0 
10784 0.027288 0 
10782 0.079301 1 
10783 0.062925 1 
10786 0.021344 0 
10784 0.056708 1 
10786 0.040533 1 
10787 0.027344 0 
10788 0.011394 0 
10787 0.034437 1 
10788 0.018334 1 
10789 0.013393 0 
10791 0.013923 0 
10791 0.017061 1 
10793 0.016312 0 
10793 0.016340 1 
10794 0.014666 1 
10795 0.029578 1 
10794 0.052522 0 
10796 0.019039 0 
10796 0.026836 1 
10799 0.014948 0 
10799 0.014968 1 
10800 0.006408 1 
10800 0.009864 0 
10801 0.021153 1 
10801 0.032654 0 
10802 0.047277 1 
10803 0.030642 1 
10804 0.018908 1 
10802 0.053138 0 
10803 0.036604 0 
10804 0.020682 0 
10805 0.019149 1 
10806 0.008529 1 
10805 0.029034 0 
10806 0.023555 0 
10807 0.015357 1 
10807 0.021494 0 
10808 0.011781 1 
10808 0.013251 0 
10809 0.006753 1 
10809 0.017464 0 
10810 0.018085 1 
10810 0.021018 0 
10812 0.016551 1 
10812 0.024165 0 
10814 0.011570 1 
10815 0.023942 1 
10816 0.018866 1 
10814 0.054134 0 
10815 0.038047 0 
10816 0.021730 0 
10817 0.009704 0 
10818 0.008698 1 
10818 0.018803 0 
10819 0.007617 1 
10819 0.012523 0 
10820 0.013130 1 
10820 0.015505 0 
10822 0.013378 0 
10823 0.007247 0 
10822 0.049516 1 
10823 0.032691 1 
10824 0.030906 1 
10824 0.036083 0 
10825 0.019569 0 
10825 0.020905 1 
10826 0.009712 1 
10826 0.024238 0 
10827 0.014541 1 
10828 0.018755 1 
10827 0.036392 0 
10829 0.007645 1 
10828 0.038575 0 
10829 0.022391 0 
10830 0.025182 1 
10831 0.010772 1 
10832 0.014928 1 
10833 0.009202 1 
10832 0.030038 0 
10833 0.013771 0 
10834 0.004499 0 
10834 0.006997 1 
10835 0.008712 0 
10835 0.014571 1 
10836 0.013658 0 
10838 0.022817 0 
10838 0.024032 1 
10839 0.019347 1 
10841 0.023757 1 
10839 0.058736 0 
10840 0.042424 0 
10842 0.009947 0 
10843 0.004087 0 
10842 0.023818 1 
10843 0.016411 1 
10844 0.006587 1 
10844 0.019798 0 
10845 0.008674 1 
10846 0.016573 1 
10845 0.039896 0 
10847 0.016340 0 
10847 0.030097 1 
10849 0.018329 1 
10849 0.033191 0 
10851 0.008759 1 
10852 0.007841 1 
10851 0.047404 0 
10852 0.030936 0 
10853 0.015559 0 
10853 0.024673 1 
10854 0.013698 1 
10854 0.019112 0 
10855 0.015914 1 
10855 0.018086 0 
10856 0.006038 0 
10856 0.022298 1 
10857 0.008664 0 
10857 0.009590 1 
10859 0.015119 0 
10859 0.035261 1 
10860 0.019399 1 
10861 0.016609 1 
10860 0.041906 0 
10861 0.025694 0 
10862 0.011768 0 
10862 0.013907 1 
10864 0.010327 0 
10864 0.035772 1 
10866 0.012667 0 
10866 0.015966 1 
10867 0.018624 0 
10868 0.012888 1 
10868 0.017733 0 
10870 0.005471 0 
10870 0.008618 1 
10871 0.006900 0 
10871 0.010483 1 
10872 0.009914 0 
10872 0.025617 1 
10874 0.025033 0 
10874 0.029376 1 
10875 0.014417 0 
10875 0.021669 1 
10876 0.009548 1 
10876 0.014733 0 
10877 0.005030 0 
10877 0.014027 1 
10878 0.026665 0 
10879 0.010009 0 
10880 0.025648 0 
10881 0.022266 0 
10878 0.084982 1 
10879 0.068341 1 
10882 0.028401 0 
10880 0.062756 1 
10881 0.046256 1 
10882 0.030000 1 
10883 0.019129 1 
10883 0.035553 0 
10884 0.019200 0 
10884 0.052315 1 
10885 0.035926 1 
10886 0.023225 1 
10885 0.044519 0 
10886 0.027676 0 
10887 0.011383 0 
10887 0.012637 1 
10888 0.015179 1 
10888 0.022399 0 
10889 0.024582 0 
10890 0.008321 0 
10890 0.026459 1 
10891 0.012391 1 
10891 0.012739 0 
10893 0.011783 1 
10893 0.019740 0 
10894 0.006970 0 
10895 0.016075 1 
10896 0.016706 0 
10896 0.031062 1 
10897 0.016130 0 
10898 0.021050 1 
10899 0.014156 1 
10898 0.035229 0 
10899 0.018918 0 
10901 0.009879 1 
10901 0.020822 0 
10902 0.013610 0 
10902 0.024617 1 
10903 0.014618 1 
10903 0.025315 0 
10904 0.017691 0 
10904 0.019839 1 
10905 0.012935 1 
10906 0.021016 1 
10906 0.023372 0 
10907 0.008124 0 
10907 0.008149 1 
10908 0.005239 0 
10908 0.007399 1 
10909 0.017621 1 
10909 0.024374 0 
10910 0.008247 0 
10910 0.018552 1 
10911 0.004299 0 
10911 0.009644 1 
10912 0.014861 1 
10912 0.045404 0 
10914 0.036007 0 
10915 0.019533 0 
10916 0.008616 0 
10914 0.060542 1 
10915 0.044321 1 
10917 0.023716 0 
10916 0.044177 1 
10917 0.027780 1 
10918 0.011725 0 
10918 0.028749 1 
10919 0.011629 1 
10919 0.019466 0 
10920 0.008742 1 
10920 0.010704 0 
10922 0.015475 0 
10923 0.017041 0 
10924 0.007982 0 
10922 0.057642 1 
10923 0.041044 1 
10924 0.024695 1 
10925 0.019762 1 
10925 0.029721 0 
10927 0.009121 0 
10928 0.007255 0 
10927 0.025479 1 
10928 0.016313 1 
10929 0.015723 1 
10929 0.021754 0 
10930 0.005549 0 
10930 0.013530 1 
10932 0.019115 1 
10933 0.007360 0 
10933 0.022648 1 
10934 0.017382 1 
10934 0.021223 0 
10935 0.019918 0 
10936 0.010791 1 
10936 0.015739 0 
10937 0.011331 1 
10937 0.017309 0 
10939 0.024293 1 
10939 0.048276 0 
10940 0.031911 0 
10941 0.015538 0 
10941 0.026958 1 
10942 0.014014 1 
10943 0.013505 1 
10943 0.016758 0 
10944 0.013680 1 
10944 0.017465 0 
10945 0.021097 0 
10946 0.004659 0 
10946 0.012736 1 
10947 0.019211 1 
10947 0.026649 0 
10949 0.013833 0 
10950 0.012943 0 
10951 0.015155 0 
10952 0.025398 0 
10953 0.019591 0 
10954 0.018666 0 
10951 0.078167 1 
10952 0.062016 1 
10953 0.045433 1 
10954 0.029096 1 
10955 0.021816 1 
10956 0.007605 1 
10955 0.039763 0 
10956 0.023215 0 
10957 0.027076 0 
10958 0.013320 1 
10958 0.019351 0 
10959 0.010535 1 
10959 0.034978 0 
10960 0.018671 0 
10961 0.010659 1 
10961 0.013905 0 
10962 0.006768 0 
10962 0.009153 1 
10963 0.009858 1 
10964 0.048965 1 
10965 0.033477 1 
10963 0.073987 0 
10964 0.056145 0 
10965 0.040644 0 
10966 0.024367 0 
10967 0.007705 0 
10967 0.016284 1 
10968 0.006465 0 
10969 0.009994 1 
10969 0.016950 0 
10970 0.008557 1 
10970 0.019568 0 
10971 0.018860 1 
10972 0.019149 1 
10973 0.014016 1 
10971 0.054168 0 
10972 0.037859 0 
10973 0.021634 0 
10974 0.009339 1 
10974 0.028663 0 
10976 0.038900 0 
10977 0.023184 0 
10978 0.006685 0 
10976 0.043914 1 
10979 0.014894 0 
10977 0.047834 1 
10978 0.031438 1 
10979 0.015931 1 
10980 0.007902 1 
10981 0.011050 1 
10980 0.033322 0 
10981 0.017183 0 
10982 0.011404 1 
10983 0.020104 1 
10982 0.038661 0 
10983 0.022677 0 
10985 0.019523 0 
10986 0.009601 1 
10987 0.007986 1 
10986 0.032030 0 
10987 0.015833 0 
10988 0.019674 0 
10990 0.007842 0 
10992 0.015548 0 
10993 0.027042 0 
10994 0.032218 0 
10995 0.015954 0 
10998 0.014775 0 
10999 0.005572 0 
10990 0.175317 1 
11000 0.024342 0 
10992 0.183476 1 
10993 0.167171 1 
11001 0.058410 0 
11002 0.042070 0 
11003 0.025194 0 
11004 0.008200 0 
10994 0.184363 1 
10995 0.168093 1 
10998 0.118752 1 
10999 0.102384 1 
11000 0.085950 1 
11001 0.069943 1 
11002 0.053514 1 
11003 0.036563 1 
11004 0.022317 1 
11005 0.025132 0 
11006 0.008948 0 
11005 0.027731 1 
11006 0.014900 1 
11007 0.007912 0 
11007 0.011091 1 
11008 0.024242 1 
11008 0.029081 0 
11009 0.012842 0 
11011 0.023464 1 
11011 0.024602 0 
11013 0.015364 0 
11013 0.037053 1 
11014 0.025851 0 
11015 0.013189 0 
11015 0.037189 1 
11016 0.021243 1 
11017 0.015820 1 
11018 0.010103 1 
11016 0.045360 0 
11017 0.029015 0 
11018 0.012585 0 
11019 0.015142 1 
11019 0.020856 0 
11021 0.011257 0 
11022 0.019141 0 
11021 0.040313 1 
11022 0.028239 1 
11023 0.012156 1 
11023 0.019168 0 
11024 0.008345 0 
11024 0.013640 1 
11025 0.007430 1 
11026 0.017697 0 
11027 0.013517 1 
11028 0.010127 1 
11027 0.027840 0 
11028 0.026716 0 
11029 0.007288 1 
11029 0.017049 0 
11030 0.021217 1 
11031 0.008015 1 
11031 0.021327 0 
11032 0.008671 1 
11033 0.011310 1 
11032 0.050989 0 
11034 0.017948 1 
11033 0.037677 0 
11035 0.012850 1 
11035 0.039723 0 
11037 0.018840 1 
11038 0.026694 1 
11037 0.057397 0 
11038 0.041410 0 
11039 0.025244 0 
11040 0.023290 0 
11041 0.006665 0 
11041 0.014377 1 
11042 0.009504 1 
11043 0.010243 1 
11044 0.014899 1 
11042 0.059556 0 
11043 0.065151 0 
11044 0.049213 0 
11045 0.032797 0 
11046 0.016053 0 
11046 0.029320 1 
11048 0.031965 0 
11050 0.017434 1 
11050 0.034199 0 
11051 0.016964 0 
11051 0.021647 1 
11052 0.010829 1 
11052 0.016290 0 
11053 0.011025 0 
11053 0.026967 1 
11054 0.013133 1 
11054 0.016121 0 
11055 0.008641 1 
11055 0.012842 0 
11056 0.011780 0 
11056 0.014736 1 
11058 0.018710 1 
11058 0.022686 0 
11059 0.014410 1 
11059 0.022355 0 
11060 0.009614 1 
11061 0.012643 1 
11060 0.029010 0 
11061 0.032005 0 
11063 0.023415 1 
11063 0.037225 0 
11065 0.019692 0 
11066 0.015180 1 
11067 0.006264 1 
11067 0.023011 0 
11069 0.006666 0 
11069 0.019072 1 
11070 0.012046 1 
11070 0.032380 0 
11071 0.016277 0 
11071 0.022615 1 
11073 0.008117 1 
11073 0.013628 0 
11074 0.011900 1 
11074 0.018056 0 
11075 0.012794 1 
11075 0.018017 0 
11076 0.018923 0 
11077 0.022772 0 
11078 0.009912 0 
11078 0.024440 1 
11079 0.014895 0 
11080 0.008547 1 
11080 0.013275 0 
11081 0.013398 0 
11081 0.015279 1 
11082 0.021976 1 
11082 0.026532 0 
11083 0.017713 0 
11084 0.014009 0 
11085 0.013963 1 
11086 0.005357 0 
11086 0.018844 1 
11087 0.019839 1 
11087 0.036053 0 
11088 0.019661 0 
11089 0.009793 0 
11088 0.027769 1 
11089 0.012942 1 
11090 0.019734 1 
11090 0.030946 0 
11092 0.025594 1 
11093 0.013625 1 
11092 0.030319 0 
11093 0.014255 0 
11094 0.019765 0 
11095 0.015708 1 
11095 0.032650 0 
11096 0.016396 0 
11097 0.011621 0 
11097 0.018026 1 
11098 0.007958 0 
11098 0.018496 1 
11100 0.007091 0 
11100 0.012232 1 
11101 0.014616 0 
11101 0.020216 1 
11102 0.014156 1 
11102 0.026607 0 
11103 0.010533 0 
11103 0.013847 1 
11104 0.008943 1 
11105 0.015238 1 
11104 0.036788 0 
11105 0.019809 0 
11106 0.016706 1 
11107 0.019983 1 
11106 0.040287 0 
11107 0.024228 0 
11108 0.009889 1 
11109 0.009459 0 
11109 0.020844 1 
11110 0.011322 1 
11111 0.015386 1 
11111 0.018993 0 
11113 0.026422 0 
11114 0.009978 0 
11114 0.031936 1 
11115 0.023318 0 
11115 0.034489 1 
11116 0.029435 1 
11117 0.013299 1 
11116 0.030740 0 
11117 0.014832 0 
11118 0.015553 1 
11118 0.022836 0 
11119 0.022261 1 
11119 0.030919 0 
11121 0.012752 0 
11122 0.011289 0 
11123 0.013470 0 
11123 0.020356 1 
11124 0.014127 1 
11124 0.031756 0 
11126 0.016325 1 
11127 0.011720 0 
11127 0.012988 1 
11128 0.012001 0 
11129 0.019468 1 
11129 0.021454 0 
11131 0.026183 0 
11131 0.046066 1 
11132 0.029670 1 
11132 0.039566 0 
11133 0.024748 0 
11134 0.009031 0 
11134 0.021505 1 
11135 0.011010 1 
11135 0.035486 0 
11136 0.019291 0 
11136 0.030714 1 
11138 0.031983 1 
11139 0.019695 1 
11138 0.040859 0 
11139 0.024890 0 
11140 0.009102 0 
11141 0.009367 0 
11140 0.040647 1 
11141 0.029445 1 
11142 0.018389 1 
11143 0.008793 1 
11144 0.025845 1 
11145 0.009398 1 
11142 0.062533 0 
11143 0.046354 0 
11144 0.030217 0 
11145 0.013765 0 
11146 0.025669 1 
11148 0.011670 0 
11149 0.004168 0 
11148 0.035098 1 
11149 0.018537 1 
11150 0.009867 1 
11150 0.014805 0 
11151 0.019979 1 
11152 0.007595 0 
11152 0.026525 1 
11153 0.012924 1 
11153 0.024425 0 
11154 0.019435 1 
11155 0.008813 1 
11154 0.030862 0 
11155 0.016885 0 
11156 0.021693 0 
11157 0.005284 0 
11157 0.022796 1 
11158 0.014163 1 
11158 0.024448 0 
11159 0.008415 0 
11159 0.014470 1 
11160 0.006393 0 
11160 0.009138 1 
11161 0.011082 0 
11162 0.031333 1 
11162 0.033714 0 
11163 0.017107 0 
11163 0.030326 1 
11164 0.028115 0 
11165 0.011616 0 
11165 0.022694 1 
11166 0.012898 1 
11166 0.024706 0 
11167 0.008007 0 
11167 0.014526 1 
11168 0.014220 0 
11169 0.014827 0 
11170 0.015418 0 
11171 0.008175 0 
11169 0.048624 1 
11172 0.006775 0 
11170 0.048566 1 
11171 0.032160 1 
11172 0.015361 1 
11173 0.017727 1 
11173 0.021958 0 
11175 0.009525 0 
11175 0.025069 1 
11176 0.011836 0 
11176 0.022047 1 
11177 0.023208 1 
11178 0.015438 1 
11177 0.038994 0 
11179 0.018263 0 
11180 0.016649 1 
11180 0.041399 0 
11181 0.024732 0 
11182 0.009049 0 
11182 0.015119 1 
11184 0.012974 0 
11185 0.017282 0 
11184 0.035145 1 
11186 0.007648 1 
11186 0.031751 0 
11187 0.014682 0 
11189 0.007496 1 
11189 0.029495 0 
11191 0.010221 1 
11191 0.010468 0 
11192 0.017863 0 
11193 0.045660 0 
11194 0.029309 0 
11193 0.067181 1 
11194 0.050721 1 
11197 0.016085 1 
11197 0.017228 0 
11198 0.011159 0 
11198 0.012784 1 
11199 0.013959 1 
11199 0.049131 0 
11200 0.032961 0 
11201 0.016562 0 
11202 0.018770 0 
11203 0.008003 0 
11200 0.065084 1 
11201 0.048682 1 
11202 0.033025 1 
11204 0.010736 0 
11203 0.030671 1 
11204 0.024535 1 
11205 0.017020 1 
11205 0.020065 0 
11206 0.008821 0 
11206 0.023793 1 
11207 0.016901 0 
11208 0.007864 0 
11208 0.009989 1 
11210 0.019473 1 
11210 0.023606 0 
11212 0.012594 1 
11212 0.019002 0 
11213 0.017379 0 
11214 0.015346 0 
11213 0.046856 1 
11214 0.029591 1 
11215 0.017577 1 
11215 0.020792 0 
11216 0.009416 1 
11216 0.017558 0 
11217 0.015595 1 
11217 0.022581 0 
11218 0.013705 1 
11218 0.028272 0 
11220 0.007339 0 
11220 0.018761 1 
11221 0.026584 0 
11222 0.010500 0 
11221 0.031854 1 
11222 0.017167 1 
11223 0.018065 0 
11224 0.014669 1 
11224 0.044346 0 
11225 0.027951 0 
11226 0.011736 0 
11226 0.021391 1 
11227 0.010782 1 
11227 0.014427 0 
11228 0.016232 1 
11229 0.020770 1 
11230 0.021998 1 
11230 0.032435 0 
11231 0.016546 0 
11232 0.018500 0 
11232 0.026794 1 
11233 0.023511 1 
11234 0.017515 1 
11233 0.038586 0 
11236 0.023040 0 
11237 0.016822 0 
11238 0.035183 0 
11239 0.019111 0 
11237 0.065987 1 
11240 0.022153 0 
11238 0.057152 1 
11239 0.041101 1 
11240 0.024796 1 
11241 0.017462 1 
11241 0.022331 0 
11242 0.012425 1 
11242 0.016378 0 
11243 0.012884 1 
11243 0.023788 0 
11244 0.024949 0 
11244 0.026802 1 
11245 0.015724 0 
11245 0.015754 1 
11247 0.033467 1 
11249 0.014451 1 
11250 0.024046 1 
11247 0.076313 0 
11249 0.042787 0 
11250 0.026551 0 
11251 0.020697 1 
11251 0.032433 0 
11252 0.015897 0 
11252 0.023506 1 
11253 0.010923 1 
11253 0.012346 0 
11254 0.012851 0 
11255 0.039661 0 
11254 0.059307 1 
11255 0.042702 1 
11257 0.034662 1 
11257 0.034950 0 
11258 0.018948 0 
11258 0.029890 1 
11259 0.013715 1 
11259 0.018940 0 
11260 0.008883 0 
11260 0.016551 1 
11262 0.013225 1 
11264 0.010422 1 
11265 0.017693 1 
11262 0.068810 0 
11264 0.036342 0 
11266 0.010969 1 
11266 0.032369 0 
11268 0.014917 1 
11269 0.020267 0 
11269 0.031596 1 
11270 0.017132 0 
11270 0.032104 1 
11272 0.010076 1 
11273 0.008658 1 
11272 0.038961 0 
11273 0.022127 0 
11274 0.013989 1 
11274 0.022322 0 
11275 0.020802 0 
11275 0.024874 1 
11276 0.016317 0 
11277 0.008876 0 
11276 0.081169 1 
11277 0.064812 1 
11278 0.048360 1 
11279 0.032423 1 
11280 0.015259 1 
11281 0.023898 1 
11282 0.011511 1 
11280 0.048292 0 
11281 0.031956 0 
11283 0.012156 0 
11283 0.025518 1 
11284 0.012762 1 
11284 0.024771 0 
11285 0.008622 0 
11285 0.014446 1 
11286 0.010642 1 
11287 0.012091 1 
11286 0.064681 0 
11287 0.048559 0 
11288 0.032345 0 
11289 0.015886 0 
11289 0.024597 1 
11291 0.015955 1 
11291 0.017295 0 
11292 0.011714 1 
11292 0.027508 0 
11293 0.014729 1 
11293 0.021479 0 
11294 0.015547 1 
11294 0.029529 0 
11295 0.013299 0 
11296 0.012031 0 
11296 0.027479 1 
11297 0.016980 0 
11297 0.019967 1 
11299 0.017781 1 
11299 0.022197 0 
11300 0.021859 0 
11300 0.031952 1 
11301 0.026908 0 
11302 0.022128 1 
11303 0.013383 1 
11302 0.037841 0 
11304 0.015419 1 
11303 0.043983 0 
11304 0.027566 0 
11305 0.010826 0 
11305 0.022836 1 
11306 0.013127 0 
11306 0.016726 1 
11307 0.010895 1 
11307 0.019362 0 
11308 0.011712 0 
11308 0.015846 1 
11309 0.008515 1 
11310 0.013339 1 
11310 0.016558 0 
11312 0.008610 1 
11312 0.011404 0 
11313 0.011209 0 
11313 0.026588 1 
11314 0.013307 0 
11314 0.029385 1 
11315 0.020763 0 
11315 0.022748 1 
11316 0.013231 1 
11316 0.027728 0 
11317 0.011460 0 
11317 0.019563 1 
11318 0.010816 1 
11318 0.022288 0 
11320 0.009250 0 
11321 0.009158 0 
11321 0.021386 1 
11322 0.019735 1 
11322 0.024320 0 
11323 0.008339 0 
11323 0.016464 1 
11325 0.028706 0 
11325 0.028877 1 
11326 0.024119 1 
11326 0.028460 0 
11327 0.012339 0 
11327 0.012457 1 
11328 0.010548 1 
11328 0.014683 0 
11330 0.009761 1 
11330 0.011864 0 
11331 0.037377 0 
11332 0.021164 0 
11333 0.014298 0 
11333 0.025606 1 
11334 0.009433 1 
11334 0.012255 0 
11335 0.008848 1 
11335 0.027739 0 
11337 0.018256 0 
11337 0.022510 1 
11338 0.009817 1 
11338 0.022663 0 
11339 0.017997 0 
11340 0.018151 1 
11340 0.021192 0 
11341 0.013467 1 
11341 0.021577 0 
11342 0.014267 1 
11342 0.021249 0 
11343 0.011825 1 
11343 0.019384 0 
11344 0.016755 0 
11344 0.023463 1 
11345 0.011077 1 
11345 0.015769 0 
11347 0.012388 0 
11348 0.011136 1 
11348 0.027976 0 
11349 0.011944 0 
11349 0.011968 1 
11350 0.022855 1 
11351 0.012619 1 
11352 0.015145 1 
11350 0.056757 0 
11351 0.040672 0 
11353 0.029897 1 
11354 0.013728 1 
11352 0.051581 0 
11353 0.035085 0 
11354 0.019125 0 
11355 0.010617 1 
11355 0.023677 0 
11356 0.020202 0 
11356 0.033252 1 
11357 0.031661 0 
11358 0.015045 0 
11358 0.022221 1 
11359 0.012995 1 
11359 0.019921 0 
11360 0.015413 1 
11360 0.049061 0 
11361 0.032365 0 
11362 0.016076 0 
11362 0.020408 1 
11363 0.027449 0 
11364 0.011313 0 
11364 0.021328 1 
11365 0.025239 1 
11366 0.015272 1 
11365 0.032434 0 
11367 0.013077 1 
11366 0.031587 0 
11367 0.015420 0 
11368 0.022586 1 
11368 0.038980 0 
11369 0.023661 0 
11370 0.007487 0 
11371 0.011342 0 
11370 0.037360 1 
11371 0.030957 1 
11372 0.028919 0 
11372 0.061363 1 
11374 0.038556 0 
11374 0.071776 1 
11375 0.060913 0 
11376 0.044675 0 
11377 0.028028 0 
11378 0.011815 0 
11375 0.070484 1 
11376 0.087025 1 
11377 0.070389 1 
11379 0.038199 0 
11380 0.022105 0 
11381 0.008785 0 
11378 0.069307 1 
11379 0.052854 1 
11380 0.036621 1 
11381 0.019918 1 
11383 0.023170 0 
11384 0.006880 0 
11383 0.033482 1 
11384 0.025714 1 
11385 0.009527 1 
11386 0.009128 0 
11388 0.007072 1 
11388 0.012244 0 
11390 0.019753 0 
11390 0.025494 1 
11391 0.010299 0 
11391 0.014660 1 
11392 0.013319 0 
11392 0.040282 1 
11393 0.033220 0 
11396 0.008604 1 
11396 0.015160 0 
11397 0.020338 1 
11398 0.012614 1 
11397 0.031279 0 
11398 0.054892 0 
11399 0.038470 0 
11400 0.022272 0 
11399 0.071842 1 
11400 0.055655 1 
11401 0.039525 1 
11401 0.041833 0 
11402 0.035697 1 
11403 0.019708 1 
11404 0.017774 1 
11404 0.020015 0 
11405 0.011951 1 
11405 0.020769 0 
11406 0.011830 1 
11407 0.017815 1 
11407 0.021840 0 
11409 0.009023 1 
11409 0.018101 0 
11411 0.015206 1 
11411 0.038114 0 
11412 0.022958 0 
11412 0.032233 1 
11413 0.015872 1 
11413 0.022503 0 
11414 0.006005 0 
11415 0.015927 0 
11414 0.053271 1 
11415 0.035899 1 
11416 0.031817 1 
11417 0.015424 1 
11416 0.043485 0 
11417 0.027339 0 
11419 0.013572 1 
11420 0.022032 1 
11419 0.039619 0 
11420 0.023223 0 
11421 0.015956 1 
11422 0.013155 1 
11423 0.008487 1 
11421 0.041043 0 
11422 0.025238 0 
11423 0.025476 0 
11424 0.019495 0 
11424 0.027117 1 
11425 0.012300 0 
11425 0.029397 1 
11426 0.019328 0 
11427 0.026373 0 
11427 0.031175 1 
11428 0.031762 0 
11429 0.016123 1 
11429 0.031330 0 
11430 0.018752 0 
11431 0.012286 1 
11431 0.030833 0 
11432 0.014426 0 
11432 0.027926 1 
11433 0.012742 1 
11433 0.015075 0 
11435 0.018032 1 
11435 0.028040 0 
11436 0.011749 0 
11437 0.014611 0 
11436 0.044070 1 
11437 0.024732 1 
11438 0.021583 1 
11438 0.024800 0 
11439 0.014455 1 
11440 0.014339 1 
11441 0.010581 1 
11439 0.047370 0 
11440 0.030928 0 
11441 0.014739 0 
11442 0.007670 1 
11442 0.025765 0 
11443 0.016001 0 
11444 0.011678 0 
11443 0.034506 1 
11444 0.036266 1 
11446 0.009495 0 
11446 0.018857 1 
11448 0.011544 1 
11449 0.012835 0 
11449 0.018424 1 
11450 0.027850 0 
11450 0.031791 1 
11451 0.016492 0 
11452 0.012329 0 
11452 0.020562 1 
11453 0.010961 0 
11453 0.013675 1 
11454 0.010838 1 
11454 0.020726 0 
11456 0.010509 0 
11456 0.013742 1 
11457 0.012787 0 
11457 0.022680 1 
11458 0.009388 0 
11459 0.006574 0 
11458 0.032084 1 
11459 0.015164 1 
11461 0.049120 0 
11463 0.016877 0 
11463 0.029224 1 
11464 0.034650 1 
11465 0.018476 1 
11465 0.026285 0 
11467 0.009936 0 
11468 0.005455 0 
11467 0.029588 1 
11468 0.036477 1 
11469 0.020896 1 
11469 0.041587 0 
11471 0.008973 0 
11471 0.019997 1 
11472 0.012629 1 
11472 0.035743 0 
11473 0.033865 1 
11474 0.017648 1 
11473 0.036646 0 
11474 0.020524 0 
11475 0.007452 0 
11475 0.010251 1 
11476 0.009952 1 
11476 0.031377 0 
11477 0.015360 0 
11477 0.028568 1 
11478 0.021918 1 
11479 0.021205 1 
11478 0.041256 0 
11479 0.025096 0 
11480 0.008779 0 
11480 0.018717 1 
11481 0.012230 0 
11482 0.013101 0 
11483 0.007582 0 
11482 0.029710 1 
11483 0.021456 1 
11484 0.013060 1 
11485 0.013501 1 
11484 0.035539 0 
11485 0.019127 0 
11486 0.030506 0 
11487 0.014387 0 
11486 0.036991 1 
11487 0.020535 1 
11488 0.018894 0 
11488 0.021416 1 
11490 0.011368 0 
11490 0.015452 1 
11491 0.015686 1 
11492 0.021996 1 
11491 0.038494 0 
11492 0.022053 0 
11493 0.005893 0 
11493 0.011032 1 
11494 0.026459 1 
11495 0.014266 1 
11494 0.032765 0 
11495 0.024491 0 
11496 0.008683 0 
11496 0.022396 1 
11498 0.012691 0 
11499 0.020205 0 
11498 0.038146 1 
11499 0.021336 1 
11500 0.018338 1 
11500 0.020598 0 
11501 0.014816 1 
11501 0.022909 0 
11502 0.007907 1 
11503 0.009122 1 
11502 0.043628 0 
11503 0.027316 0 
11504 0.011088 0 
11505 0.020351 0 
11506 0.013687 0 
11504 0.058383 1 
11506 0.032783 1 
11507 0.016906 1 
11508 0.008651 1 
11507 0.035131 0 
11508 0.018785 0 
11509 0.011535 0 
11509 0.016674 1 
11511 0.017201 0 
11512 0.011541 0 
11511 0.031388 1 
11513 0.016232 1 
11513 0.028200 0 
11514 0.011797 0 
11514 0.014322 1 
11515 0.011441 1 
11516 0.014519 1 
11516 0.031990 0 
11517 0.015731 0 
11517 0.022428 1 
11519 0.004015 0 
11519 0.019377 1 
11520 0.009995 1 
11520 0.011617 0 
11521 0.031348 1 
11521 0.033530 0 
11522 0.018883 1 
11522 0.024998 0 
11524 0.018819 0 
11524 0.024535 1 
11525 0.016798 0 
11525 0.022359 1 
11526 0.008263 1 
11526 0.021518 0 
11527 0.007289 1 
11527 0.017036 0 
11529 0.011611 0 
11530 0.037068 0 
11531 0.020607 0 
11532 0.019616 0 
11531 0.037840 1 
11533 0.010653 1 
11533 0.023088 0 
11534 0.020778 1 
11534 0.039228 0 
11536 0.007078 0 
11536 0.014127 1 
11537 0.014027 1 
11537 0.018469 0 
11538 0.014739 0 
11538 0.020888 1 
11539 0.009523 1 
11539 0.012962 0 
11540 0.018841 0 
11540 0.027827 1 
11541 0.017545 0 
11542 0.035151 1 
11543 0.018840 1 
11544 0.023201 1 
11542 0.057166 0 
11543 0.040844 0 
11546 0.005333 0 
11546 0.019439 1 
11547 0.014554 1 
11547 0.018794 0 
11548 0.027660 1 
11549 0.014871 1 
11548 0.032310 0 
11550 0.012623 0 
11551 0.010682 0 
11550 0.040138 1 
11551 0.024215 1 
11552 0.016376 1 
11552 0.019849 0 
11553 0.025010 1 
11554 0.019488 0 
11555 0.010539 0 
11554 0.031827 1 
11555 0.015639 1 
11556 0.014067 0 
11556 0.024048 1 
11557 0.009519 0 
11557 0.015721 1 
11558 0.015322 0 
11559 0.009212 1 
11560 0.015717 1 
11559 0.041280 0 
11561 0.019512 1 
11560 0.055068 0 
11561 0.040846 0 
11562 0.024432 0 
11563 0.008136 0 
11562 0.030929 1 
11564 0.011716 0 
11563 0.033130 1 
11564 0.029460 1 
11565 0.013292 1 
11565 0.029168 0 
11566 0.011958 1 
11566 0.028199 0 
11567 0.015797 1 
11567 0.018187 0 
11568 0.019946 1 
11568 0.022191 0 
11569 0.012976 0 
11569 0.013008 1 
11570 0.007047 1 
11570 0.015086 0 
11571 0.011139 0 
11571 0.044993 1 
11573 0.016385 0 
11573 0.019728 1 
11574 0.016317 0 
11574 0.029290 1 
11575 0.013033 1 
11576 0.018141 1 
11576 0.019711 0 
11577 0.015858 1 
11577 0.041068 0 
11578 0.023777 0 
11579 0.007846 0 
11579 0.024100 1 
11580 0.014474 0 
11580 0.022430 1 
11582 0.008459 0 
11582 0.013711 1 
11583 0.010564 1 
11584 0.009827 1 
11583 0.030712 0 
11584 0.014510 0 
11585 0.011984 0 
11587 0.017442 0 
11587 0.023362 1 
11589 0.008703 0 
11589 0.023803 1 
11590 0.027885 1 
11591 0.047783 0 
11592 0.031771 0 
11591 0.055317 1 
11592 0.039167 1 
11595 0.012586 0 
11596 0.014769 0 
11595 0.034016 1 
11597 0.030177 1 
11597 0.055026 0 
11598 0.054490 0 
11599 0.038396 0 
11600 0.021803 0 
11601 0.015920 0 
11602 0.031584 0 
11603 0.015229 0 
11604 0.036736 0 
11605 0.020550 0 
11606 0.018963 0 
11608 0.025949 0 
11600 0.163797 1 
11601 0.147889 1 
11602 0.131641 1 
11603 0.115157 1 
11604 0.098697 1 
11605 0.082450 1 
11606 0.065931 1 
11608 0.034596 1 
11610 0.030483 0 
11611 0.014190 0 
11612 0.008644 0 
11613 0.010928 0 
11613 0.022290 1 
11614 0.023077 1 
11614 0.023111 0 
11615 0.006661 0 
11615 0.012491 1 
11616 0.010887 1 
11618 0.017680 1 
11618 0.019938 0 
11619 0.010211 0 
11620 0.018261 0 
11619 0.039315 1 
11620 0.026016 1 
11621 0.012828 1 
11621 0.017311 0 
11622 0.021273 0 
11623 0.012857 0 
11622 0.032351 1 
11623 0.015335 1 
11624 0.011400 1 
11624 0.021759 0 
11625 0.009594 0 
11625 0.013670 1 
11626 0.006633 1 
11626 0.009274 0 
11627 0.010063 1 
11627 0.033074 0 
11628 0.017408 0 
11629 0.013600 0 
11630 0.014977 0 
11628 0.067624 1 
11629 0.047170 1 
11630 0.031049 1 
11631 0.014337 1 
11631 0.034930 0 
11632 0.018693 0 
11634 0.038576 1 
11635 0.031075 1 
11634 0.057757 0 
11635 0.041537 0 
11636 0.025203 0 
11636 0.033261 1 
11637 0.016895 1 
11638 0.026219 1 
11639 0.012609 1 
11637 0.047204 0 
11638 0.030951 0 
11639 0.015160 0 
11640 0.012703 1 
11640 0.020639 0 
11641 0.030871 0 
11642 0.019694 0 
11642 0.033257 1 
11643 0.037495 1 
11645 0.018936 1 
11645 0.054500 0 
11647 0.021002 0 
11647 0.023563 1 
11648 0.008283 1 
11648 0.012417 0 
11649 0.014795 1 
11650 0.008784 1 
11649 0.038902 0 
11651 0.013186 1 
11650 0.040001 0 
11651 0.023788 0 
11652 0.007160 0 
11653 0.018593 1 
11653 0.028310 0 
11655 0.016616 1 
11655 0.020267 0 
11656 0.013796 1 
11656 0.021924 0 
11657 0.004361 0 
11657 0.014401 1 
11658 0.015950 1 
11658 0.037694 0 
11660 0.014745 1 
11660 0.038280 0 
11662 0.009435 1 
11663 0.005417 1 
11664 0.010828 1 
11666 0.022179 1 
11667 0.014489 1 
11662 0.096417 0 
11663 0.080565 0 
11664 0.064220 0 
11666 0.032010 0 
11667 0.015626 0 
11668 0.014022 1 
11668 0.031856 0 
11670 0.013086 1 
11670 0.019975 0 
11671 0.011906 1 
11671 0.021327 0 
11672 0.005657 0 
11672 0.019876 1 
11673 0.011288 1 
11673 0.018237 0 
11674 0.017590 1 
11675 0.009498 1 
11674 0.036602 0 
11675 0.020314 0 
11676 0.055675 0 
11677 0.041107 0 
11678 0.024923 0 
11676 0.072838 1 
11677 0.056895 1 
11678 0.040788 1 
11679 0.024316 1 
11679 0.047161 0 
11680 0.030760 0 
11681 0.014439 0 
11680 0.032470 1 
11681 0.016163 1 
11682 0.016994 1 
11682 0.026324 0 
11683 0.010273 0 
11683 0.014855 1 
11684 0.016312 1 
11684 0.018745 0 
11685 0.024719 1 
11685 0.032953 0 
11686 0.016329 0 
11687 0.012597 0 
11687 0.037825 1 
11689 0.014177 0 
11689 0.024084 1 
11690 0.031849 1 
11691 0.015067 1 
11692 0.018824 0 
11692 0.025026 1 
11693 0.015210 0 
11693 0.017355 1 
11694 0.012001 1 
11695 0.007868 1 
11695 0.036323 0 
11697 0.017740 1 
11698 0.013690 1 
11697 0.036820 0 
11699 0.018023 1 
11700 0.016040 1 
11699 0.032370 0 
11701 0.013396 1 
11700 0.039236 0 
11702 0.015654 1 
11702 0.019184 0 
11703 0.022154 1 
11703 0.025774 0 
11704 0.009488 0 
11704 0.013675 1 
11705 0.016810 1 
11706 0.007021 1 
11707 0.014980 1 
11708 0.007687 1 
11705 0.069869 0 
11706 0.053671 0 
11707 0.037312 0 
11708 0.020598 0 
11710 0.008305 0 
11711 0.017313 0 
11710 0.035453 1 
11711 0.029264 1 
11712 0.024095 1 
11713 0.017338 1 
11714 0.011184 1 
11712 0.046990 0 
11713 0.030210 0 
11714 0.013123 0 
11715 0.021880 0 
11716 0.018283 1 
11716 0.043220 0 
11718 0.010570 0 
11719 0.017702 1 
11719 0.020195 0 
11720 0.022977 1 
11720 0.024455 0 
11721 0.007986 0 
11721 0.031084 1 
11723 0.012842 0 
11724 0.012123 1 
11724 0.020191 0 
11725 0.006715 1 
11725 0.017502 0 
11726 0.010754 1 
11726 0.018489 0 
11728 0.051281 1 
11729 0.039695 1 
11730 0.023427 1 
11728 0.077195 0 
11729 0.060947 0 
11730 0.044744 0 
11731 0.028635 0 
11732 0.014588 1 
11732 0.022215 0 
11733 0.008505 1 
11735 0.013382 1 
11733 0.046525 0 
11735 0.030208 0 
11736 0.013772 0 
11737 0.008694 0 
11737 0.018179 1 
11738 0.016244 1 
11738 0.033568 0 
11739 0.017462 1 
11740 0.022224 1 
11741 0.023480 1 
11739 0.068934 0 
11742 0.020517 1 
11740 0.053929 0 
11741 0.037710 0 
11742 0.021609 0 
11743 0.009781 1 
11743 0.032682 0 
11745 0.015580 1 
11745 0.038498 0 
11746 0.026470 1 
11746 0.032808 0 
11747 0.016676 0 
11747 0.021108 1 
11748 0.032233 1 
11749 0.015923 1 
11750 0.029481 1 
11751 0.013501 1 
11748 0.063418 0 
11749 0.047151 0 
11750 0.030389 0 
11751 0.014413 0 
11752 0.009413 1 
11752 0.022258 0 
11753 0.017708 1 
11753 0.022924 0 
11754 0.013113 0 
11754 0.025903 1 
11755 0.013356 1 
11756 0.006568 1 
11757 0.009169 1 
11755 0.056018 0 
11756 0.039713 0 
11757 0.023418 0 
11758 0.010328 1 
11758 0.018354 0 
11759 0.020816 0 
11759 0.022685 1 
11760 0.009192 1 
11760 0.034539 0 
11761 0.024722 1 
11762 0.011584 1 
11761 0.033415 0 
11762 0.016384 0 
11763 0.013875 1 
11764 0.013991 1 
11763 0.058742 0 
11764 0.042544 0 
11765 0.039382 0 
11766 0.022340 0 
11767 0.005731 0 
11765 0.046263 1 
11766 0.029243 1 
11768 0.019328 0 
11767 0.049531 1 
11769 0.038176 0 
11770 0.021228 0 
11768 0.056573 1 
11769 0.040184 1 
11770 0.023197 1 
11772 0.020496 1 
11772 0.026377 0 
11773 0.026977 0 
11773 0.033464 1 
11774 0.017476 1 
11775 0.016760 1 
11774 0.042156 0 
11775 0.026057 0 
11776 0.010174 1 
11776 0.023424 0 
11777 0.007574 1 
11777 0.020290 0 
11778 0.013278 1 
11778 0.030959 0 
11779 0.014909 0 
11779 0.022925 1 
11781 0.018607 1 
11781 0.026817 0 
11782 0.010847 0 
11782 0.013663 1 
11783 0.009628 1 
11783 0.021096 0 
11784 0.024637 0 
11786 0.011441 0 
11786 0.013730 1 
11788 0.018014 1 
11788 0.046836 0 
11789 0.030382 0 
11790 0.014350 0 
11791 0.017719 0 
11790 0.043075 1 
11791 0.036521 1 
11794 0.014341 1 
11794 0.020177 0 
11795 0.009417 1 
11795 0.023302 0 
11796 0.020857 1 
11797 0.058939 1 
11798 0.042059 1 
11799 0.031538 1 
11796 0.080242 0 
11797 0.064231 0 
11798 0.050211 0 
11799 0.034829 0 
11800 0.018514 0 
11800 0.022919 1 
11801 0.017594 0 
11801 0.027143 1 
11802 0.023091 0 
11803 0.015712 1 
11804 0.008666 1 
11803 0.037357 0 
11804 0.021169 0 
11805 0.010293 0 
11805 0.014962 1 
11807 0.013780 1 
11807 0.019480 0 
11809 0.028343 0 
11810 0.011822 0 
11811 0.009964 0 
11812 0.016418 0 
11813 0.047639 0 
11814 0.031318 0 
11815 0.015378 0 
11817 0.034284 0 
11818 0.018364 0 
11809 0.171263 1 
11810 0.154721 1 
11811 0.138464 1 
11812 0.122200 1 
11813 0.105871 1 
11814 0.089520 1 
11815 0.073142 1 
11818 0.032500 1 
11819 0.018512 1 
11820 0.010011 1 
11821 0.021590 1 
11822 0.011114 1 
11819 0.062267 0 
11820 0.046302 0 
11821 0.030337 0 
11822 0.014170 0 
11823 0.007877 1 
11823 0.022319 0 
11824 0.010044 1 
11824 0.028308 0 
11825 0.029315 1 
11826 0.018420 1 
11827 0.010669 1 
11828 0.038468 1 
11829 0.022088 1 
11830 0.009452 1 
11825 0.103667 0 
11826 0.087297 0 
11827 0.070650 0 
11828 0.054458 0 
11829 0.037881 0 
11830 0.021008 0 
11831 0.009387 1 
11831 0.017410 0 
11833 0.011189 0 
11833 0.038228 1 
11834 0.027610 1 
11834 0.042369 0 
11835 0.025578 0 
11835 0.034168 1 
11836 0.017682 1 
11837 0.011484 1 
11837 0.027748 0 
11838 0.014558 0 
11838 0.014583 1 
11839 0.010138 1 
11839 0.014028 0 
11840 0.011751 0 
11841 0.013131 0 
11840 0.032601 1 
11841 0.016228 1 
11842 0.016726 0 
11842 0.022048 1 
11844 0.031040 1 
11844 0.033904 0 
11846 0.026066 1 
11847 0.011568 1 
11846 0.031332 0 
11848 0.025235 1 
11847 0.043884 0 
11848 0.027479 0 
11849 0.011267 0 
11849 0.017000 1 
11850 0.011863 1 
11850 0.021704 0 
11851 0.016564 1 
11851 0.039012 0 
11852 0.022638 0 
11852 0.039007 1 
11854 0.022709 1 
11855 0.009109 1 
11855 0.020753 0 
11856 0.022427 1 
11857 0.010378 1 
11856 0.039856 0 
11857 0.023240 0 
11859 0.019900 1 
11859 0.039137 0 
11861 0.023669 1 
11862 0.008944 1 
11863 0.007841 1 
11862 0.064301 0 
11863 0.047954 0 
11865 0.014771 0 
11865 0.015726 1 
11866 0.013486 0 
11866 0.028231 1 
11867 0.014498 1 
11867 0.018165 0 
11869 0.010200 1 
11870 0.010798 1 
11869 0.035720 0 
11871 0.019607 0 
11871 0.024930 1 
11872 0.011075 1 
11872 0.014742 0 
11873 0.022901 1 
11874 0.009803 1 
11873 0.036360 0 
11875 0.025533 1 
11875 0.028200 0 
11876 0.012180 0 
11876 0.023216 1 
11877 0.024971 0 
11878 0.007173 0 
11878 0.012917 1 
11879 0.024749 1 
11879 0.030881 0 
11880 0.014658 0 
11880 0.018624 1 
11881 0.018079 1 
11882 0.013527 1 
11881 0.034061 0 
11883 0.023252 0 
11884 0.012461 0 
11884 0.021199 1 
11885 0.007530 0 
11885 0.026135 1 
11886 0.015308 1 
11886 0.044058 0 
11888 0.011406 0 
11888 0.028343 1 
11889 0.016351 0 
11890 0.024491 0 
11891 0.031830 1 
11891 0.035020 0 
11892 0.019616 0 
11892 0.026151 1 
11893 0.015543 0 
11893 0.017848 1 
11894 0.012453 1 
11894 0.029709 0 
11896 0.007931 0 
11897 0.008136 0 
11896 0.030062 1 
11897 0.025319 1 
11898 0.014923 1 
11898 0.014956 0 
11899 0.010226 1 
11899 0.019349 0 
11900 0.011943 1 
11900 0.021060 0 
11901 0.011130 1 
11901 0.014217 0 
11902 0.012284 0 
11902 0.023759 1 
11903 0.011025 1 
11903 0.025989 0 
11904 0.018184 0 
11904 0.020410 1 
11905 0.011561 1 
11905 0.024594 0 
11906 0.008356 0 
11906 0.011630 1 
11907 0.009165 0 
11907 0.020656 1 
11909 0.013515 0 
11910 0.024481 0 
11909 0.061603 1 
11910 0.055263 1 
11911 0.038996 1 
11911 0.039929 0 
11912 0.024298 0 
11913 0.022519 0 
11914 0.006393 0 
11913 0.028994 1 
11914 0.031076 1 
11915 0.024791 1 
11915 0.028203 0 
11917 0.007401 0 
11917 0.012701 1 
11918 0.010137 1 
11918 0.025116 0 
11919 0.011388 1 
11919 0.016306 0 
11920 0.010938 1 
11920 0.036574 0 
11922 0.016206 1 
11922 0.027718 0 
11923 0.015940 1 
11923 0.025206 0 
11924 0.009088 0 
11924 0.010432 1 
11925 0.012051 1 
11925 0.026855 0 
11927 0.018668 0 
11928 0.011194 0 
11927 0.047010 1 
11928 0.030318 1 
11929 0.017988 1 
11929 0.018442 0 
11930 0.012262 0 
11931 0.012721 1 
11932 0.006974 1 
11931 0.037627 0 
11932 0.021363 0 
11934 0.010997 1 
11934 0.061857 0 
11935 0.045802 0 
11936 0.029620 0 
11937 0.013305 1 
11937 0.023484 0 
11938 0.022402 1 
11938 0.039801 0 
11939 0.023251 0 
11940 0.033305 0 
11941 0.016999 0 
11939 0.055420 1 
11941 0.023614 1 
11942 0.017211 1 
11944 0.012910 1 
11944 0.019830 0 
11945 0.009426 1 
11945 0.033525 0 
11946 0.017160 0 
11946 0.028604 1 
11947 0.011445 1 
11947 0.035414 0 
11948 0.019078 0 
11949 0.030513 0 
11950 0.014017 0 
11951 0.023525 0 
11952 0.035925 0 
11953 0.019698 0 
11948 0.109102 1 
11954 0.015740 0 
11955 0.021505 0 
11949 0.124638 1 
11950 0.108187 1 
11951 0.092100 1 
11952 0.075227 1 
11953 0.058996 1 
11954 0.042907 1 
11956 0.016682 0 
11955 0.048517 1 
11956 0.031908 1 
11957 0.017684 1 
11957 0.023633 0 
11958 0.027564 0 
11959 0.011191 0 
11959 0.021566 1 
11960 0.019760 1 
11960 0.025233 0 
11961 0.008610 0 
11961 0.014586 1 
11962 0.015963 1 
11962 0.030478 0 
11963 0.014341 0 
11963 0.019096 1 
11964 0.015361 0 
11964 0.022937 1 
11965 0.022526 0 
11965 0.033483 1 
11966 0.017570 1 
11966 0.024173 0 
11967 0.008050 1 
11968 0.006863 1 
11967 0.025988 0 
11968 0.018015 0 
11969 0.011968 1 
11971 0.014448 1 
11972 0.022341 1 
11971 0.039258 0 
11972 0.024084 0 
11973 0.018630 1 
11973 0.034307 0 
11974 0.017762 0 
11974 0.029048 1 
11975 0.026116 1 
11975 0.028778 0 
11976 0.012486 0 
11977 0.012875 0 
11976 0.031530 1 
11977 0.015108 1 
11978 0.010157 1 
11978 0.020088 0 
11980 0.008309 0 
11980 0.016265 1 
11981 0.016434 1 
11981 0.020487 0 
11982 0.017761 0 
11982 0.036221 1 
11983 0.029780 0 
11985 0.015617 0 
11987 0.018005 1 
11988 0.014527 1 
11987 0.053113 0 
11988 0.036478 0 
11989 0.039906 0 
11990 0.023618 0 
11993 0.015765 1 
11993 0.029731 0 
11994 0.019763 1 
11995 0.008350 1 
11994 0.052848 0 
11995 0.037132 0 
11996 0.038184 0 
11997 0.021889 0 
11998 0.025807 0 
11999 0.027192 0 
12000 0.019455 1 
12001 0.014943 1 
12000 0.038295 0 
12002 0.017693 0 
12002 0.023062 1 
12003 0.015387 1 
12003 0.017837 0 
12004 0.018159 0 
12004 0.020301 1 
12006 0.012758 1 
12006 0.019367 0 
12008 0.021202 0 
12008 0.028310 1 
12009 0.015402 0 
12010 0.013223 0 
12009 0.034948 1 
12010 0.028407 1 
12011 0.011490 1 
12011 0.025214 0 
12012 0.008936 0 
12012 0.023906 1 
12013 0.011062 1 
12013 0.040046 0 
12014 0.036152 1 
12014 0.044276 0 
12016 0.023153 0 
12017 0.006846 0 
12016 0.034525 1 
12017 0.018108 1 
12018 0.012787 1 
12019 0.010332 1 
12018 0.029095 0 
12019 0.012547 0 
12020 0.034079 1 
12021 0.017768 1 
12020 0.051342 0 
12021 0.035052 0 
12022 0.018566 0 
12023 0.021265 1 
12024 0.007402 1 
12025 0.007751 1 
12026 0.012534 1 
12023 0.072815 0 
12024 0.056695 0 
12025 0.040062 0 
12026 0.023828 0 
12027 0.022064 1 
12027 0.023788 0 
12028 0.016089 1 
12029 0.020488 1 
12030 0.007906 1 
12030 0.029454 0 
12032 0.016780 1 
12032 0.038072 0 
12033 0.035026 1 
12034 0.019243 0 
12034 0.029547 1 
12035 0.016053 1 
12036 0.013405 1 
12037 0.009819 1 
12035 0.053699 0 
12036 0.037305 0 
12038 0.009621 1 
12037 0.026446 0 
12038 0.010062 0 
12039 0.007713 0 
12039 0.022091 1 
12040 0.010602 1 
12040 0.020960 0 
12041 0.011992 0 
12043 0.017562 1 
12043 0.026866 0 
12045 0.009763 1 
12046 0.021185 1 
12047 0.018521 1 
12048 0.010969 1 
12045 0.071380 0 
12046 0.054540 0 
12047 0.038475 0 
12048 0.022168 0 
12049 0.028996 0 
12050 0.012638 0 
12049 0.034308 1 
12050 0.017779 1 
12051 0.007547 1 
12051 0.022481 0 
12053 0.013930 1 
12054 0.017247 1 
12053 0.041548 0 
12054 0.025399 0 
12055 0.009305 0 
12055 0.010550 1 
12056 0.049263 0 
12058 0.019892 0 
12060 0.026338 0 
12061 0.010388 0 
12062 0.008744 0 
12056 0.129824 1 
12058 0.104439 1 
12060 0.071236 1 
12061 0.055288 1 
12062 0.039321 1 
12064 0.023976 1 
12065 0.021478 1 
12064 0.042389 0 
12065 0.026201 0 
12066 0.020904 1 
12066 0.025278 0 
12068 0.007955 1 
12069 0.007269 1 
12070 0.006828 1 
12069 0.035044 0 
12070 0.018661 0 
12071 0.022277 1 
12071 0.033505 0 
12072 0.017327 0 
12072 0.020745 1 
12073 0.016485 1 
12073 0.019832 0 
12074 0.019207 1 
12075 0.011482 1 
12076 0.031000 1 
12074 0.063575 0 
12075 0.047268 0 
12076 0.031072 0 
12077 0.014342 0 
12077 0.019630 1 
12078 0.012815 0 
12079 0.022511 0 
12080 0.011231 0 
12078 0.070807 1 
12079 0.054664 1 
12081 0.040559 0 
12082 0.024060 0 
12083 0.007994 0 
12084 0.009405 0 
12080 0.078625 1 
12082 0.045593 1 
12083 0.029421 1 
12084 0.032014 1 
12085 0.015837 1 
12085 0.034590 0 
12087 0.012187 1 
12088 0.012290 1 
12089 0.019822 1 
12087 0.054089 0 
12088 0.037886 0 
12090 0.013841 0 
12090 0.017306 1 
12091 0.015710 0 
12091 0.018599 1 
12092 0.010724 0 
12092 0.012604 1 
12093 0.005468 0 
12093 0.010231 1 
12095 0.017581 1 
12095 0.020920 0 
12096 0.021987 1 
12096 0.031414 0 
12097 0.015061 0 
12098 0.009094 0 
12098 0.015638 1 
12099 0.006710 0 
12099 0.015318 1 
12100 0.014678 1 
12101 0.008010 1 
12100 0.025990 0 
12101 0.013835 0 
12102 0.020791 0 
12103 0.027340 0 
12104 0.010644 0 
12104 0.022607 1 
12105 0.017028 0 
12105 0.017929 1 
12106 0.010457 1 
12106 0.012843 0 
12108 0.014481 0 
12108 0.033136 1 
12109 0.017291 1 
12109 0.022265 0 
12110 0.021263 0 
12111 0.005360 0 
12110 0.029062 1 
12111 0.013367 1 
12112 0.011719 1 
12113 0.011997 1 
12113 0.018019 0 
12114 0.014094 1 
12114 0.020478 0 
12116 0.005716 0 
12116 0.025167 1 
12117 0.009283 1 
12117 0.012271 0 
12118 0.022085 1 
12118 0.027818 0 
12119 0.011624 0 
12119 0.018592 1 
12121 0.012760 1 
12121 0.021922 0 
12122 0.032288 0 
12123 0.016104 0 
12124 0.004443 0 
12122 0.052521 1 
12123 0.036030 1 
