warning: file `/root/mulNICtl/solver/src/lib.rs` found to be present in multiple build targets:
  * `lib` target `solver`
  * `bin` target `solver`
   Compiling libc v0.2.155
   Compiling proc-macro2 v1.0.86
   Compiling unicode-ident v1.0.12
   Compiling pkg-config v0.3.30
   Compiling vcpkg v0.2.15
   Compiling cc v1.1.6
   Compiling autocfg v1.3.0
   Compiling cfg-if v1.0.0
   Compiling thiserror v1.0.63
   Compiling bitflags v2.6.0
   Compiling tinyvec_macros v0.1.1
   Compiling tinyvec v1.8.0
   Compiling quote v1.0.36
   Compiling openssl-sys v0.9.103
   Compiling syn v2.0.72
   Compiling num-traits v0.2.19
   Compiling foreign-types-shared v0.1.1
   Compiling openssl v0.10.66
   Compiling rustix v0.38.34
   Compiling getrandom v0.2.15
   Compiling unicode-normalization v0.1.23
   Compiling foreign-types v0.3.2
   Compiling linux-raw-sys v0.4.14
   Compiling percent-encoding v2.3.1
   Compiling base64 v0.22.1
   Compiling openssl-probe v0.1.5
   Compiling native-tls v0.2.12
   Compiling adler v1.0.2
   Compiling once_cell v1.19.0
   Compiling rustls-pki-types v1.7.0
   Compiling serde v1.0.204
   Compiling unicode-bidi v0.3.15
   Compiling rustls-pemfile v2.1.2
   Compiling miniz_oxide v0.7.4
   Compiling form_urlencoded v1.2.1
   Compiling idna v0.5.0
   Compiling rand_core v0.6.4
   Compiling crc32fast v1.4.2
   Compiling ppv-lite86 v0.2.17
   Compiling log v0.4.22
   Compiling anyhow v1.0.86
   Compiling flate2 v1.0.30
   Compiling rand_chacha v0.3.1
   Compiling xattr v1.3.1
   Compiling url v2.5.2
   Compiling rustls-native-certs v0.7.1
   Compiling filetime v0.2.23
   Compiling thiserror-impl v1.0.63
   Compiling openssl-macros v0.1.1
   Compiling serde_derive v1.0.204
   Compiling same-file v1.0.6
   Compiling walkdir v2.5.0
   Compiling tar v0.4.41
   Compiling rand v0.8.5
   Compiling dirs-sys v0.3.7
   Compiling syn v1.0.109
   Compiling dirs v3.0.2
   Compiling matrixmultiply v0.3.8
   Compiling utf8parse v0.2.2
   Compiling anstyle-parse v0.2.4
   Compiling colorchoice v1.0.1
   Compiling anstyle-query v1.1.0
   Compiling anstyle v1.0.7
   Compiling is_terminal_polyfill v1.70.0
   Compiling rawpointer v0.2.1
   Compiling anstream v0.6.14
   Compiling num-integer v0.1.46
   Compiling approx v0.4.0
   Compiling lapack-sys v0.14.0
   Compiling cblas-sys v0.1.4
   Compiling serde_json v1.0.120
   Compiling clap_lex v0.7.1
   Compiling heck v0.5.0
   Compiling strsim v0.11.1
   Compiling itoa v1.0.11
   Compiling clap_derive v4.5.8
   Compiling clap_builder v4.5.10
   Compiling ryu v1.0.18
   Compiling num-complex v0.4.6
   Compiling katexit v0.1.4
   Compiling cauchy v0.4.0
   Compiling ureq v2.10.0
   Compiling lax v0.16.0
   Compiling ndarray v0.15.6
error[E0308]: mismatched types
     --> /root/.cargo/registry/src/index.crates.io-6f17d22bba15001f/lax-0.16.0/src/cholesky.rs:30:26
      |
30    |                     $trf(uplo.as_ptr(), &n, AsPtr::as_mut_ptr(a), &n, &mut info);
      |                     ---- ^^^^^^^^^^^^^ expected `*const u8`, found `*const i8`
      |                     |
      |                     arguments to this function are incorrect
...
41    | impl_cholesky_!(c64, lapack_sys::zpotrf_);
      | ----------------------------------------- in this macro invocation
      |
      = note: expected raw pointer `*const u8`
                 found raw pointer `*const i8`
note: function defined here
     --> /root/.cargo/registry/src/index.crates.io-6f17d22bba15001f/lapack-sys-0.14.0/src/lapack.rs:12832:12
      |
12832 |     pub fn zpotrf_(
      |            ^^^^^^^
      = note: this error originates in the macro `impl_cholesky_` (in Nightly builds, run with -Z macro-backtrace for more info)

error[E0308]: mismatched types
     --> /root/.cargo/registry/src/index.crates.io-6f17d22bba15001f/lax-0.16.0/src/cholesky.rs:30:26
      |
30    |                     $trf(uplo.as_ptr(), &n, AsPtr::as_mut_ptr(a), &n, &mut info);
      |                     ---- ^^^^^^^^^^^^^ expected `*const u8`, found `*const i8`
      |                     |
      |                     arguments to this function are incorrect
...
42    | impl_cholesky_!(c32, lapack_sys::cpotrf_);
      | ----------------------------------------- in this macro invocation
      |
      = note: expected raw pointer `*const u8`
                 found raw pointer `*const i8`
note: function defined here
     --> /root/.cargo/registry/src/index.crates.io-6f17d22bba15001f/lapack-sys-0.14.0/src/lapack.rs:12805:12
      |
12805 |     pub fn cpotrf_(
      |            ^^^^^^^
      = note: this error originates in the macro `impl_cholesky_` (in Nightly builds, run with -Z macro-backtrace for more info)

error[E0308]: mismatched types
     --> /root/.cargo/registry/src/index.crates.io-6f17d22bba15001f/lax-0.16.0/src/cholesky.rs:30:26
      |
30    |                     $trf(uplo.as_ptr(), &n, AsPtr::as_mut_ptr(a), &n, &mut info);
      |                     ---- ^^^^^^^^^^^^^ expected `*const u8`, found `*const i8`
      |                     |
      |                     arguments to this function are incorrect
...
43    | impl_cholesky_!(f64, lapack_sys::dpotrf_);
      | ----------------------------------------- in this macro invocation
      |
      = note: expected raw pointer `*const u8`
                 found raw pointer `*const i8`
note: function defined here
     --> /root/.cargo/registry/src/index.crates.io-6f17d22bba15001f/lapack-sys-0.14.0/src/lapack.rs:12814:12
      |
12814 |     pub fn dpotrf_(
      |            ^^^^^^^
      = note: this error originates in the macro `impl_cholesky_` (in Nightly builds, run with -Z macro-backtrace for more info)

error[E0308]: mismatched types
     --> /root/.cargo/registry/src/index.crates.io-6f17d22bba15001f/lax-0.16.0/src/cholesky.rs:30:26
      |
30    |                     $trf(uplo.as_ptr(), &n, AsPtr::as_mut_ptr(a), &n, &mut info);
      |                     ---- ^^^^^^^^^^^^^ expected `*const u8`, found `*const i8`
      |                     |
      |                     arguments to this function are incorrect
...
44    | impl_cholesky_!(f32, lapack_sys::spotrf_);
      | ----------------------------------------- in this macro invocation
      |
      = note: expected raw pointer `*const u8`
                 found raw pointer `*const i8`
note: function defined here
     --> /root/.cargo/registry/src/index.crates.io-6f17d22bba15001f/lapack-sys-0.14.0/src/lapack.rs:12823:12
      |
12823 |     pub fn spotrf_(
      |            ^^^^^^^
      = note: this error originates in the macro `impl_cholesky_` (in Nightly builds, run with -Z macro-backtrace for more info)

error[E0308]: mismatched types
     --> /root/.cargo/registry/src/index.crates.io-6f17d22bba15001f/lax-0.16.0/src/cholesky.rs:69:26
      |
69    |                     $tri(uplo.as_ptr(), &n, AsPtr::as_mut_ptr(a), &l.lda(), &mut info);
      |                     ---- ^^^^^^^^^^^^^ expected `*const u8`, found `*const i8`
      |                     |
      |                     arguments to this function are incorrect
...
80    | impl_inv_cholesky!(c64, lapack_sys::zpotri_);
      | -------------------------------------------- in this macro invocation
      |
      = note: expected raw pointer `*const u8`
                 found raw pointer `*const i8`
note: function defined here
     --> /root/.cargo/registry/src/index.crates.io-6f17d22bba15001f/lapack-sys-0.14.0/src/lapack.rs:12904:12
      |
12904 |     pub fn zpotri_(
      |            ^^^^^^^
      = note: this error originates in the macro `impl_inv_cholesky` (in Nightly builds, run with -Z macro-backtrace for more info)

error[E0308]: mismatched types
     --> /root/.cargo/registry/src/index.crates.io-6f17d22bba15001f/lax-0.16.0/src/cholesky.rs:69:26
      |
69    |                     $tri(uplo.as_ptr(), &n, AsPtr::as_mut_ptr(a), &l.lda(), &mut info);
      |                     ---- ^^^^^^^^^^^^^ expected `*const u8`, found `*const i8`
      |                     |
      |                     arguments to this function are incorrect
...
81    | impl_inv_cholesky!(c32, lapack_sys::cpotri_);
      | -------------------------------------------- in this macro invocation
      |
      = note: expected raw pointer `*const u8`
                 found raw pointer `*const i8`
note: function defined here
     --> /root/.cargo/registry/src/index.crates.io-6f17d22bba15001f/lapack-sys-0.14.0/src/lapack.rs:12877:12
      |
12877 |     pub fn cpotri_(
      |            ^^^^^^^
      = note: this error originates in the macro `impl_inv_cholesky` (in Nightly builds, run with -Z macro-backtrace for more info)

error[E0308]: mismatched types
     --> /root/.cargo/registry/src/index.crates.io-6f17d22bba15001f/lax-0.16.0/src/cholesky.rs:69:26
      |
69    |                     $tri(uplo.as_ptr(), &n, AsPtr::as_mut_ptr(a), &l.lda(), &mut info);
      |                     ---- ^^^^^^^^^^^^^ expected `*const u8`, found `*const i8`
      |                     |
      |                     arguments to this function are incorrect
...
82    | impl_inv_cholesky!(f64, lapack_sys::dpotri_);
      | -------------------------------------------- in this macro invocation
      |
      = note: expected raw pointer `*const u8`
                 found raw pointer `*const i8`
note: function defined here
     --> /root/.cargo/registry/src/index.crates.io-6f17d22bba15001f/lapack-sys-0.14.0/src/lapack.rs:12886:12
      |
12886 |     pub fn dpotri_(
      |            ^^^^^^^
      = note: this error originates in the macro `impl_inv_cholesky` (in Nightly builds, run with -Z macro-backtrace for more info)

error[E0308]: mismatched types
     --> /root/.cargo/registry/src/index.crates.io-6f17d22bba15001f/lax-0.16.0/src/cholesky.rs:69:26
      |
69    |                     $tri(uplo.as_ptr(), &n, AsPtr::as_mut_ptr(a), &l.lda(), &mut info);
      |                     ---- ^^^^^^^^^^^^^ expected `*const u8`, found `*const i8`
      |                     |
      |                     arguments to this function are incorrect
...
83    | impl_inv_cholesky!(f32, lapack_sys::spotri_);
      | -------------------------------------------- in this macro invocation
      |
      = note: expected raw pointer `*const u8`
                 found raw pointer `*const i8`
note: function defined here
     --> /root/.cargo/registry/src/index.crates.io-6f17d22bba15001f/lapack-sys-0.14.0/src/lapack.rs:12895:12
      |
12895 |     pub fn spotri_(
      |            ^^^^^^^
      = note: this error originates in the macro `impl_inv_cholesky` (in Nightly builds, run with -Z macro-backtrace for more info)

error[E0308]: mismatched types
     --> /root/.cargo/registry/src/index.crates.io-6f17d22bba15001f/lax-0.16.0/src/cholesky.rs:118:25
      |
117   |                     $trs(
      |                     ---- arguments to this function are incorrect
118   |                         uplo.as_ptr(),
      |                         ^^^^^^^^^^^^^ expected `*const u8`, found `*const i8`
...
139   | impl_solve_cholesky!(c64, lapack_sys::zpotrs_);
      | ---------------------------------------------- in this macro invocation
      |
      = note: expected raw pointer `*const u8`
                 found raw pointer `*const i8`
note: function defined here
     --> /root/.cargo/registry/src/index.crates.io-6f17d22bba15001f/lapack-sys-0.14.0/src/lapack.rs:12949:12
      |
12949 |     pub fn zpotrs_(
      |            ^^^^^^^
      = note: this error originates in the macro `impl_solve_cholesky` (in Nightly builds, run with -Z macro-backtrace for more info)

error[E0308]: mismatched types
     --> /root/.cargo/registry/src/index.crates.io-6f17d22bba15001f/lax-0.16.0/src/cholesky.rs:118:25
      |
117   |                     $trs(
      |                     ---- arguments to this function are incorrect
118   |                         uplo.as_ptr(),
      |                         ^^^^^^^^^^^^^ expected `*const u8`, found `*const i8`
...
140   | impl_solve_cholesky!(c32, lapack_sys::cpotrs_);
      | ---------------------------------------------- in this macro invocation
      |
      = note: expected raw pointer `*const u8`
                 found raw pointer `*const i8`
note: function defined here
     --> /root/.cargo/registry/src/index.crates.io-6f17d22bba15001f/lapack-sys-0.14.0/src/lapack.rs:12913:12
      |
12913 |     pub fn cpotrs_(
      |            ^^^^^^^
      = note: this error originates in the macro `impl_solve_cholesky` (in Nightly builds, run with -Z macro-backtrace for more info)

error[E0308]: mismatched types
     --> /root/.cargo/registry/src/index.crates.io-6f17d22bba15001f/lax-0.16.0/src/cholesky.rs:118:25
      |
117   |                     $trs(
      |                     ---- arguments to this function are incorrect
118   |                         uplo.as_ptr(),
      |                         ^^^^^^^^^^^^^ expected `*const u8`, found `*const i8`
...
141   | impl_solve_cholesky!(f64, lapack_sys::dpotrs_);
      | ---------------------------------------------- in this macro invocation
      |
      = note: expected raw pointer `*const u8`
                 found raw pointer `*const i8`
note: function defined here
     --> /root/.cargo/registry/src/index.crates.io-6f17d22bba15001f/lapack-sys-0.14.0/src/lapack.rs:12925:12
      |
12925 |     pub fn dpotrs_(
      |            ^^^^^^^
      = note: this error originates in the macro `impl_solve_cholesky` (in Nightly builds, run with -Z macro-backtrace for more info)

error[E0308]: mismatched types
     --> /root/.cargo/registry/src/index.crates.io-6f17d22bba15001f/lax-0.16.0/src/cholesky.rs:118:25
      |
117   |                     $trs(
      |                     ---- arguments to this function are incorrect
118   |                         uplo.as_ptr(),
      |                         ^^^^^^^^^^^^^ expected `*const u8`, found `*const i8`
...
142   | impl_solve_cholesky!(f32, lapack_sys::spotrs_);
      | ---------------------------------------------- in this macro invocation
      |
      = note: expected raw pointer `*const u8`
                 found raw pointer `*const i8`
note: function defined here
     --> /root/.cargo/registry/src/index.crates.io-6f17d22bba15001f/lapack-sys-0.14.0/src/lapack.rs:12937:12
      |
12937 |     pub fn spotrs_(
      |            ^^^^^^^
      = note: this error originates in the macro `impl_solve_cholesky` (in Nightly builds, run with -Z macro-backtrace for more info)

error[E0308]: arguments to this function are incorrect
    --> /root/.cargo/registry/src/index.crates.io-6f17d22bba15001f/lax-0.16.0/src/eig.rs:158:21
     |
158  |                     $ev(
     |                     ^^^
...
252  | impl_eig_work_c!(c32, lapack_sys::cgeev_);
     | ----------------------------------------- in this macro invocation
     |
note: expected `*const u8`, found `*const i8`
    --> /root/.cargo/registry/src/index.crates.io-6f17d22bba15001f/lax-0.16.0/src/eig.rs:159:25
     |
159  |                         jobvl.as_ptr(),
     |                         ^^^^^^^^^^^^^^
...
252  | impl_eig_work_c!(c32, lapack_sys::cgeev_);
     | ----------------------------------------- in this macro invocation
     = note: expected raw pointer `*const u8`
                found raw pointer `*const i8`
note: expected `*const u8`, found `*const i8`
    --> /root/.cargo/registry/src/index.crates.io-6f17d22bba15001f/lax-0.16.0/src/eig.rs:160:25
     |
160  |                         jobvr.as_ptr(),
     |                         ^^^^^^^^^^^^^^
...
252  | impl_eig_work_c!(c32, lapack_sys::cgeev_);
     | ----------------------------------------- in this macro invocation
     = note: expected raw pointer `*const u8`
                found raw pointer `*const i8`
note: function defined here
    --> /root/.cargo/registry/src/index.crates.io-6f17d22bba15001f/lapack-sys-0.14.0/src/lapack.rs:1748:12
     |
1748 |     pub fn cgeev_(
     |            ^^^^^^
     = note: this error originates in the macro `impl_eig_work_c` (in Nightly builds, run with -Z macro-backtrace for more info)

error[E0308]: arguments to this function are incorrect
    --> /root/.cargo/registry/src/index.crates.io-6f17d22bba15001f/lax-0.16.0/src/eig.rs:202:21
     |
202  |                     $ev(
     |                     ^^^
...
252  | impl_eig_work_c!(c32, lapack_sys::cgeev_);
     | ----------------------------------------- in this macro invocation
     |
note: expected `*const u8`, found `*const i8`
    --> /root/.cargo/registry/src/index.crates.io-6f17d22bba15001f/lax-0.16.0/src/eig.rs:203:25
     |
203  |                         self.jobvl.as_ptr(),
     |                         ^^^^^^^^^^^^^^^^^^^
...
252  | impl_eig_work_c!(c32, lapack_sys::cgeev_);
     | ----------------------------------------- in this macro invocation
     = note: expected raw pointer `*const u8`
                found raw pointer `*const i8`
note: expected `*const u8`, found `*const i8`
    --> /root/.cargo/registry/src/index.crates.io-6f17d22bba15001f/lax-0.16.0/src/eig.rs:204:25
     |
204  |                         self.jobvr.as_ptr(),
     |                         ^^^^^^^^^^^^^^^^^^^
...
252  | impl_eig_work_c!(c32, lapack_sys::cgeev_);
     | ----------------------------------------- in this macro invocation
     = note: expected raw pointer `*const u8`
                found raw pointer `*const i8`
note: function defined here
    --> /root/.cargo/registry/src/index.crates.io-6f17d22bba15001f/lapack-sys-0.14.0/src/lapack.rs:1748:12
     |
1748 |     pub fn cgeev_(
     |            ^^^^^^
     = note: this error originates in the macro `impl_eig_work_c` (in Nightly builds, run with -Z macro-backtrace for more info)

error[E0308]: arguments to this function are incorrect
    --> /root/.cargo/registry/src/index.crates.io-6f17d22bba15001f/lax-0.16.0/src/eig.rs:158:21
     |
158  |                     $ev(
     |                     ^^^
...
253  | impl_eig_work_c!(c64, lapack_sys::zgeev_);
     | ----------------------------------------- in this macro invocation
     |
note: expected `*const u8`, found `*const i8`
    --> /root/.cargo/registry/src/index.crates.io-6f17d22bba15001f/lax-0.16.0/src/eig.rs:159:25
     |
159  |                         jobvl.as_ptr(),
     |                         ^^^^^^^^^^^^^^
...
253  | impl_eig_work_c!(c64, lapack_sys::zgeev_);
     | ----------------------------------------- in this macro invocation
     = note: expected raw pointer `*const u8`
                found raw pointer `*const i8`
note: expected `*const u8`, found `*const i8`
    --> /root/.cargo/registry/src/index.crates.io-6f17d22bba15001f/lax-0.16.0/src/eig.rs:160:25
     |
160  |                         jobvr.as_ptr(),
     |                         ^^^^^^^^^^^^^^
...
253  | impl_eig_work_c!(c64, lapack_sys::zgeev_);
     | ----------------------------------------- in this macro invocation
     = note: expected raw pointer `*const u8`
                found raw pointer `*const i8`
note: function defined here
    --> /root/.cargo/registry/src/index.crates.io-6f17d22bba15001f/lapack-sys-0.14.0/src/lapack.rs:1802:12
     |
1802 |     pub fn zgeev_(
     |            ^^^^^^
     = note: this error originates in the macro `impl_eig_work_c` (in Nightly builds, run with -Z macro-backtrace for more info)

error[E0308]: arguments to this function are incorrect
    --> /root/.cargo/registry/src/index.crates.io-6f17d22bba15001f/lax-0.16.0/src/eig.rs:202:21
     |
202  |                     $ev(
     |                     ^^^
...
253  | impl_eig_work_c!(c64, lapack_sys::zgeev_);
     | ----------------------------------------- in this macro invocation
     |
note: expected `*const u8`, found `*const i8`
    --> /root/.cargo/registry/src/index.crates.io-6f17d22bba15001f/lax-0.16.0/src/eig.rs:203:25
     |
203  |                         self.jobvl.as_ptr(),
     |                         ^^^^^^^^^^^^^^^^^^^
...
253  | impl_eig_work_c!(c64, lapack_sys::zgeev_);
     | ----------------------------------------- in this macro invocation
     = note: expected raw pointer `*const u8`
                found raw pointer `*const i8`
note: expected `*const u8`, found `*const i8`
    --> /root/.cargo/registry/src/index.crates.io-6f17d22bba15001f/lax-0.16.0/src/eig.rs:204:25
     |
204  |                         self.jobvr.as_ptr(),
     |                         ^^^^^^^^^^^^^^^^^^^
...
253  | impl_eig_work_c!(c64, lapack_sys::zgeev_);
     | ----------------------------------------- in this macro invocation
     = note: expected raw pointer `*const u8`
                found raw pointer `*const i8`
note: function defined here
    --> /root/.cargo/registry/src/index.crates.io-6f17d22bba15001f/lapack-sys-0.14.0/src/lapack.rs:1802:12
     |
1802 |     pub fn zgeev_(
     |            ^^^^^^
     = note: this error originates in the macro `impl_eig_work_c` (in Nightly builds, run with -Z macro-backtrace for more info)

error[E0308]: arguments to this function are incorrect
    --> /root/.cargo/registry/src/index.crates.io-6f17d22bba15001f/lax-0.16.0/src/eig.rs:281:21
     |
281  |                     $ev(
     |                     ^^^
...
391  | impl_eig_work_r!(f32, lapack_sys::sgeev_);
     | ----------------------------------------- in this macro invocation
     |
note: expected `*const u8`, found `*const i8`
    --> /root/.cargo/registry/src/index.crates.io-6f17d22bba15001f/lax-0.16.0/src/eig.rs:282:25
     |
282  |                         jobvl.as_ptr(),
     |                         ^^^^^^^^^^^^^^
...
391  | impl_eig_work_r!(f32, lapack_sys::sgeev_);
     | ----------------------------------------- in this macro invocation
     = note: expected raw pointer `*const u8`
                found raw pointer `*const i8`
note: expected `*const u8`, found `*const i8`
    --> /root/.cargo/registry/src/index.crates.io-6f17d22bba15001f/lax-0.16.0/src/eig.rs:283:25
     |
283  |                         jobvr.as_ptr(),
     |                         ^^^^^^^^^^^^^^
...
391  | impl_eig_work_r!(f32, lapack_sys::sgeev_);
     | ----------------------------------------- in this macro invocation
     = note: expected raw pointer `*const u8`
                found raw pointer `*const i8`
note: function defined here
    --> /root/.cargo/registry/src/index.crates.io-6f17d22bba15001f/lapack-sys-0.14.0/src/lapack.rs:1784:12
     |
1784 |     pub fn sgeev_(
     |            ^^^^^^
     = note: this error originates in the macro `impl_eig_work_r` (in Nightly builds, run with -Z macro-backtrace for more info)

error[E0308]: arguments to this function are incorrect
    --> /root/.cargo/registry/src/index.crates.io-6f17d22bba15001f/lax-0.16.0/src/eig.rs:327:21
     |
327  |                     $ev(
     |                     ^^^
...
391  | impl_eig_work_r!(f32, lapack_sys::sgeev_);
     | ----------------------------------------- in this macro invocation
     |
note: expected `*const u8`, found `*const i8`
    --> /root/.cargo/registry/src/index.crates.io-6f17d22bba15001f/lax-0.16.0/src/eig.rs:328:25
     |
328  |                         self.jobvl.as_ptr(),
     |                         ^^^^^^^^^^^^^^^^^^^
...
391  | impl_eig_work_r!(f32, lapack_sys::sgeev_);
     | ----------------------------------------- in this macro invocation
     = note: expected raw pointer `*const u8`
                found raw pointer `*const i8`
note: expected `*const u8`, found `*const i8`
    --> /root/.cargo/registry/src/index.crates.io-6f17d22bba15001f/lax-0.16.0/src/eig.rs:329:25
     |
329  |                         self.jobvr.as_ptr(),
     |                         ^^^^^^^^^^^^^^^^^^^
...
391  | impl_eig_work_r!(f32, lapack_sys::sgeev_);
     | ----------------------------------------- in this macro invocation
     = note: expected raw pointer `*const u8`
                found raw pointer `*const i8`
note: function defined here
    --> /root/.cargo/registry/src/index.crates.io-6f17d22bba15001f/lapack-sys-0.14.0/src/lapack.rs:1784:12
     |
1784 |     pub fn sgeev_(
     |            ^^^^^^
     = note: this error originates in the macro `impl_eig_work_r` (in Nightly builds, run with -Z macro-backtrace for more info)

error[E0308]: arguments to this function are incorrect
    --> /root/.cargo/registry/src/index.crates.io-6f17d22bba15001f/lax-0.16.0/src/eig.rs:281:21
     |
281  |                     $ev(
     |                     ^^^
...
392  | impl_eig_work_r!(f64, lapack_sys::dgeev_);
     | ----------------------------------------- in this macro invocation
     |
note: expected `*const u8`, found `*const i8`
    --> /root/.cargo/registry/src/index.crates.io-6f17d22bba15001f/lax-0.16.0/src/eig.rs:282:25
     |
282  |                         jobvl.as_ptr(),
     |                         ^^^^^^^^^^^^^^
...
392  | impl_eig_work_r!(f64, lapack_sys::dgeev_);
     | ----------------------------------------- in this macro invocation
     = note: expected raw pointer `*const u8`
                found raw pointer `*const i8`
note: expected `*const u8`, found `*const i8`
    --> /root/.cargo/registry/src/index.crates.io-6f17d22bba15001f/lax-0.16.0/src/eig.rs:283:25
     |
283  |                         jobvr.as_ptr(),
     |                         ^^^^^^^^^^^^^^
...
392  | impl_eig_work_r!(f64, lapack_sys::dgeev_);
     | ----------------------------------------- in this macro invocation
     = note: expected raw pointer `*const u8`
                found raw pointer `*const i8`
note: function defined here
    --> /root/.cargo/registry/src/index.crates.io-6f17d22bba15001f/lapack-sys-0.14.0/src/lapack.rs:1766:12
     |
1766 |     pub fn dgeev_(
     |            ^^^^^^
     = note: this error originates in the macro `impl_eig_work_r` (in Nightly builds, run with -Z macro-backtrace for more info)

error[E0308]: arguments to this function are incorrect
    --> /root/.cargo/registry/src/index.crates.io-6f17d22bba15001f/lax-0.16.0/src/eig.rs:327:21
     |
327  |                     $ev(
     |                     ^^^
...
392  | impl_eig_work_r!(f64, lapack_sys::dgeev_);
     | ----------------------------------------- in this macro invocation
     |
note: expected `*const u8`, found `*const i8`
    --> /root/.cargo/registry/src/index.crates.io-6f17d22bba15001f/lax-0.16.0/src/eig.rs:328:25
     |
328  |                         self.jobvl.as_ptr(),
     |                         ^^^^^^^^^^^^^^^^^^^
...
392  | impl_eig_work_r!(f64, lapack_sys::dgeev_);
     | ----------------------------------------- in this macro invocation
     = note: expected raw pointer `*const u8`
                found raw pointer `*const i8`
note: expected `*const u8`, found `*const i8`
    --> /root/.cargo/registry/src/index.crates.io-6f17d22bba15001f/lax-0.16.0/src/eig.rs:329:25
     |
329  |                         self.jobvr.as_ptr(),
     |                         ^^^^^^^^^^^^^^^^^^^
...
392  | impl_eig_work_r!(f64, lapack_sys::dgeev_);
     | ----------------------------------------- in this macro invocation
     = note: expected raw pointer `*const u8`
                found raw pointer `*const i8`
note: function defined here
    --> /root/.cargo/registry/src/index.crates.io-6f17d22bba15001f/lapack-sys-0.14.0/src/lapack.rs:1766:12
     |
1766 |     pub fn dgeev_(
     |            ^^^^^^
     = note: this error originates in the macro `impl_eig_work_r` (in Nightly builds, run with -Z macro-backtrace for more info)

error[E0308]: arguments to this function are incorrect
    --> /root/.cargo/registry/src/index.crates.io-6f17d22bba15001f/lax-0.16.0/src/eigh.rs:49:21
     |
49   |                     $ev(
     |                     ^^^
...
110  | impl_eigh_work_c!(c64, lapack_sys::zheev_);
     | ------------------------------------------ in this macro invocation
     |
note: expected `*const u8`, found `*const i8`
    --> /root/.cargo/registry/src/index.crates.io-6f17d22bba15001f/lax-0.16.0/src/eigh.rs:50:25
     |
50   |                         jobz.as_ptr(),
     |                         ^^^^^^^^^^^^^
...
110  | impl_eigh_work_c!(c64, lapack_sys::zheev_);
     | ------------------------------------------ in this macro invocation
     = note: expected raw pointer `*const u8`
                found raw pointer `*const i8`
note: expected `*const u8`, found `*const i8`
    --> /root/.cargo/registry/src/index.crates.io-6f17d22bba15001f/lax-0.16.0/src/eigh.rs:51:25
     |
51   |                         UPLO::Upper.as_ptr(), // dummy, working memory is not affected by UPLO
     |                         ^^^^^^^^^^^^^^^^^^^^
...
110  | impl_eigh_work_c!(c64, lapack_sys::zheev_);
     | ------------------------------------------ in this macro invocation
     = note: expected raw pointer `*const u8`
                found raw pointer `*const i8`
note: function defined here
    --> /root/.cargo/registry/src/index.crates.io-6f17d22bba15001f/lapack-sys-0.14.0/src/lapack.rs:7202:12
     |
7202 |     pub fn zheev_(
     |            ^^^^^^
     = note: this error originates in the macro `impl_eigh_work_c` (in Nightly builds, run with -Z macro-backtrace for more info)

error[E0308]: arguments to this function are incorrect
    --> /root/.cargo/registry/src/index.crates.io-6f17d22bba15001f/lax-0.16.0/src/eigh.rs:82:21
     |
82   |                     $ev(
     |                     ^^^
...
110  | impl_eigh_work_c!(c64, lapack_sys::zheev_);
     | ------------------------------------------ in this macro invocation
     |
note: expected `*const u8`, found `*const i8`
    --> /root/.cargo/registry/src/index.crates.io-6f17d22bba15001f/lax-0.16.0/src/eigh.rs:83:25
     |
83   |                         self.jobz.as_ptr(),
     |                         ^^^^^^^^^^^^^^^^^^
...
110  | impl_eigh_work_c!(c64, lapack_sys::zheev_);
     | ------------------------------------------ in this macro invocation
     = note: expected raw pointer `*const u8`
                found raw pointer `*const i8`
note: expected `*const u8`, found `*const i8`
    --> /root/.cargo/registry/src/index.crates.io-6f17d22bba15001f/lax-0.16.0/src/eigh.rs:84:25
     |
84   |                         uplo.as_ptr(),
     |                         ^^^^^^^^^^^^^
...
110  | impl_eigh_work_c!(c64, lapack_sys::zheev_);
     | ------------------------------------------ in this macro invocation
     = note: expected raw pointer `*const u8`
                found raw pointer `*const i8`
note: function defined here
    --> /root/.cargo/registry/src/index.crates.io-6f17d22bba15001f/lapack-sys-0.14.0/src/lapack.rs:7202:12
     |
7202 |     pub fn zheev_(
     |            ^^^^^^
     = note: this error originates in the macro `impl_eigh_work_c` (in Nightly builds, run with -Z macro-backtrace for more info)

error[E0308]: arguments to this function are incorrect
    --> /root/.cargo/registry/src/index.crates.io-6f17d22bba15001f/lax-0.16.0/src/eigh.rs:49:21
     |
49   |                     $ev(
     |                     ^^^
...
111  | impl_eigh_work_c!(c32, lapack_sys::cheev_);
     | ------------------------------------------ in this macro invocation
     |
note: expected `*const u8`, found `*const i8`
    --> /root/.cargo/registry/src/index.crates.io-6f17d22bba15001f/lax-0.16.0/src/eigh.rs:50:25
     |
50   |                         jobz.as_ptr(),
     |                         ^^^^^^^^^^^^^
...
111  | impl_eigh_work_c!(c32, lapack_sys::cheev_);
     | ------------------------------------------ in this macro invocation
     = note: expected raw pointer `*const u8`
                found raw pointer `*const i8`
note: expected `*const u8`, found `*const i8`
    --> /root/.cargo/registry/src/index.crates.io-6f17d22bba15001f/lax-0.16.0/src/eigh.rs:51:25
     |
51   |                         UPLO::Upper.as_ptr(), // dummy, working memory is not affected by UPLO
     |                         ^^^^^^^^^^^^^^^^^^^^
...
111  | impl_eigh_work_c!(c32, lapack_sys::cheev_);
     | ------------------------------------------ in this macro invocation
     = note: expected raw pointer `*const u8`
                found raw pointer `*const i8`
note: function defined here
    --> /root/.cargo/registry/src/index.crates.io-6f17d22bba15001f/lapack-sys-0.14.0/src/lapack.rs:7188:12
     |
7188 |     pub fn cheev_(
     |            ^^^^^^
     = note: this error originates in the macro `impl_eigh_work_c` (in Nightly builds, run with -Z macro-backtrace for more info)

error[E0308]: arguments to this function are incorrect
    --> /root/.cargo/registry/src/index.crates.io-6f17d22bba15001f/lax-0.16.0/src/eigh.rs:82:21
     |
82   |                     $ev(
     |                     ^^^
...
111  | impl_eigh_work_c!(c32, lapack_sys::cheev_);
     | ------------------------------------------ in this macro invocation
     |
note: expected `*const u8`, found `*const i8`
    --> /root/.cargo/registry/src/index.crates.io-6f17d22bba15001f/lax-0.16.0/src/eigh.rs:83:25
     |
83   |                         self.jobz.as_ptr(),
     |                         ^^^^^^^^^^^^^^^^^^
...
111  | impl_eigh_work_c!(c32, lapack_sys::cheev_);
     | ------------------------------------------ in this macro invocation
     = note: expected raw pointer `*const u8`
                found raw pointer `*const i8`
note: expected `*const u8`, found `*const i8`
    --> /root/.cargo/registry/src/index.crates.io-6f17d22bba15001f/lax-0.16.0/src/eigh.rs:84:25
     |
84   |                         uplo.as_ptr(),
     |                         ^^^^^^^^^^^^^
...
111  | impl_eigh_work_c!(c32, lapack_sys::cheev_);
     | ------------------------------------------ in this macro invocation
     = note: expected raw pointer `*const u8`
                found raw pointer `*const i8`
note: function defined here
    --> /root/.cargo/registry/src/index.crates.io-6f17d22bba15001f/lapack-sys-0.14.0/src/lapack.rs:7188:12
     |
7188 |     pub fn cheev_(
     |            ^^^^^^
     = note: this error originates in the macro `impl_eigh_work_c` (in Nightly builds, run with -Z macro-backtrace for more info)

error[E0308]: arguments to this function are incorrect
     --> /root/.cargo/registry/src/index.crates.io-6f17d22bba15001f/lax-0.16.0/src/eigh.rs:130:21
      |
130   |                     $ev(
      |                     ^^^
...
189   | impl_eigh_work_r!(f64, lapack_sys::dsyev_);
      | ------------------------------------------ in this macro invocation
      |
note: expected `*const u8`, found `*const i8`
     --> /root/.cargo/registry/src/index.crates.io-6f17d22bba15001f/lax-0.16.0/src/eigh.rs:131:25
      |
131   |                         jobz.as_ptr(),
      |                         ^^^^^^^^^^^^^
...
189   | impl_eigh_work_r!(f64, lapack_sys::dsyev_);
      | ------------------------------------------ in this macro invocation
      = note: expected raw pointer `*const u8`
                 found raw pointer `*const i8`
note: expected `*const u8`, found `*const i8`
     --> /root/.cargo/registry/src/index.crates.io-6f17d22bba15001f/lax-0.16.0/src/eigh.rs:132:25
      |
132   |                         UPLO::Upper.as_ptr(), // dummy, working memory is not affected by UPLO
      |                         ^^^^^^^^^^^^^^^^^^^^
...
189   | impl_eigh_work_r!(f64, lapack_sys::dsyev_);
      | ------------------------------------------ in this macro invocation
      = note: expected raw pointer `*const u8`
                 found raw pointer `*const i8`
note: function defined here
     --> /root/.cargo/registry/src/index.crates.io-6f17d22bba15001f/lapack-sys-0.14.0/src/lapack.rs:15643:12
      |
15643 |     pub fn dsyev_(
      |            ^^^^^^
      = note: this error originates in the macro `impl_eigh_work_r` (in Nightly builds, run with -Z macro-backtrace for more info)

error[E0308]: arguments to this function are incorrect
     --> /root/.cargo/registry/src/index.crates.io-6f17d22bba15001f/lax-0.16.0/src/eigh.rs:162:21
      |
162   |                     $ev(
      |                     ^^^
...
189   | impl_eigh_work_r!(f64, lapack_sys::dsyev_);
      | ------------------------------------------ in this macro invocation
      |
note: expected `*const u8`, found `*const i8`
     --> /root/.cargo/registry/src/index.crates.io-6f17d22bba15001f/lax-0.16.0/src/eigh.rs:163:25
      |
163   |                         self.jobz.as_ptr(),
      |                         ^^^^^^^^^^^^^^^^^^
...
189   | impl_eigh_work_r!(f64, lapack_sys::dsyev_);
      | ------------------------------------------ in this macro invocation
      = note: expected raw pointer `*const u8`
                 found raw pointer `*const i8`
note: expected `*const u8`, found `*const i8`
     --> /root/.cargo/registry/src/index.crates.io-6f17d22bba15001f/lax-0.16.0/src/eigh.rs:164:25
      |
164   |                         uplo.as_ptr(),
      |                         ^^^^^^^^^^^^^
...
189   | impl_eigh_work_r!(f64, lapack_sys::dsyev_);
      | ------------------------------------------ in this macro invocation
      = note: expected raw pointer `*const u8`
                 found raw pointer `*const i8`
note: function defined here
     --> /root/.cargo/registry/src/index.crates.io-6f17d22bba15001f/lapack-sys-0.14.0/src/lapack.rs:15643:12
      |
15643 |     pub fn dsyev_(
      |            ^^^^^^
      = note: this error originates in the macro `impl_eigh_work_r` (in Nightly builds, run with -Z macro-backtrace for more info)

error[E0308]: arguments to this function are incorrect
     --> /root/.cargo/registry/src/index.crates.io-6f17d22bba15001f/lax-0.16.0/src/eigh.rs:130:21
      |
130   |                     $ev(
      |                     ^^^
...
190   | impl_eigh_work_r!(f32, lapack_sys::ssyev_);
      | ------------------------------------------ in this macro invocation
      |
note: expected `*const u8`, found `*const i8`
     --> /root/.cargo/registry/src/index.crates.io-6f17d22bba15001f/lax-0.16.0/src/eigh.rs:131:25
      |
131   |                         jobz.as_ptr(),
      |                         ^^^^^^^^^^^^^
...
190   | impl_eigh_work_r!(f32, lapack_sys::ssyev_);
      | ------------------------------------------ in this macro invocation
      = note: expected raw pointer `*const u8`
                 found raw pointer `*const i8`
note: expected `*const u8`, found `*const i8`
     --> /root/.cargo/registry/src/index.crates.io-6f17d22bba15001f/lax-0.16.0/src/eigh.rs:132:25
      |
132   |                         UPLO::Upper.as_ptr(), // dummy, working memory is not affected by UPLO
      |                         ^^^^^^^^^^^^^^^^^^^^
...
190   | impl_eigh_work_r!(f32, lapack_sys::ssyev_);
      | ------------------------------------------ in this macro invocation
      = note: expected raw pointer `*const u8`
                 found raw pointer `*const i8`
note: function defined here
     --> /root/.cargo/registry/src/index.crates.io-6f17d22bba15001f/lapack-sys-0.14.0/src/lapack.rs:15656:12
      |
15656 |     pub fn ssyev_(
      |            ^^^^^^
      = note: this error originates in the macro `impl_eigh_work_r` (in Nightly builds, run with -Z macro-backtrace for more info)

error[E0308]: arguments to this function are incorrect
     --> /root/.cargo/registry/src/index.crates.io-6f17d22bba15001f/lax-0.16.0/src/eigh.rs:162:21
      |
162   |                     $ev(
      |                     ^^^
...
190   | impl_eigh_work_r!(f32, lapack_sys::ssyev_);
      | ------------------------------------------ in this macro invocation
      |
note: expected `*const u8`, found `*const i8`
     --> /root/.cargo/registry/src/index.crates.io-6f17d22bba15001f/lax-0.16.0/src/eigh.rs:163:25
      |
163   |                         self.jobz.as_ptr(),
      |                         ^^^^^^^^^^^^^^^^^^
...
190   | impl_eigh_work_r!(f32, lapack_sys::ssyev_);
      | ------------------------------------------ in this macro invocation
      = note: expected raw pointer `*const u8`
                 found raw pointer `*const i8`
note: expected `*const u8`, found `*const i8`
     --> /root/.cargo/registry/src/index.crates.io-6f17d22bba15001f/lax-0.16.0/src/eigh.rs:164:25
      |
164   |                         uplo.as_ptr(),
      |                         ^^^^^^^^^^^^^
...
190   | impl_eigh_work_r!(f32, lapack_sys::ssyev_);
      | ------------------------------------------ in this macro invocation
      = note: expected raw pointer `*const u8`
                 found raw pointer `*const i8`
note: function defined here
     --> /root/.cargo/registry/src/index.crates.io-6f17d22bba15001f/lapack-sys-0.14.0/src/lapack.rs:15656:12
      |
15656 |     pub fn ssyev_(
      |            ^^^^^^
      = note: this error originates in the macro `impl_eigh_work_r` (in Nightly builds, run with -Z macro-backtrace for more info)

error[E0308]: arguments to this function are incorrect
    --> /root/.cargo/registry/src/index.crates.io-6f17d22bba15001f/lax-0.16.0/src/eigh_generalized.rs:59:21
     |
59   |                     $gv(
     |                     ^^^
...
128  | impl_eigh_generalized_work_c!(c64, lapack_sys::zhegv_);
     | ------------------------------------------------------ in this macro invocation
     |
note: expected `*const u8`, found `*const i8`
    --> /root/.cargo/registry/src/index.crates.io-6f17d22bba15001f/lax-0.16.0/src/eigh_generalized.rs:61:25
     |
61   |                         jobz.as_ptr(),
     |                         ^^^^^^^^^^^^^
...
128  | impl_eigh_generalized_work_c!(c64, lapack_sys::zhegv_);
     | ------------------------------------------------------ in this macro invocation
     = note: expected raw pointer `*const u8`
                found raw pointer `*const i8`
note: expected `*const u8`, found `*const i8`
    --> /root/.cargo/registry/src/index.crates.io-6f17d22bba15001f/lax-0.16.0/src/eigh_generalized.rs:62:25
     |
62   |                         UPLO::Upper.as_ptr(), // dummy, working memory is not affected by UPLO
     |                         ^^^^^^^^^^^^^^^^^^^^
...
128  | impl_eigh_generalized_work_c!(c64, lapack_sys::zhegv_);
     | ------------------------------------------------------ in this macro invocation
     = note: expected raw pointer `*const u8`
                found raw pointer `*const i8`
note: function defined here
    --> /root/.cargo/registry/src/index.crates.io-6f17d22bba15001f/lapack-sys-0.14.0/src/lapack.rs:7561:12
     |
7561 |     pub fn zhegv_(
     |            ^^^^^^
     = note: this error originates in the macro `impl_eigh_generalized_work_c` (in Nightly builds, run with -Z macro-backtrace for more info)

error[E0308]: arguments to this function are incorrect
    --> /root/.cargo/registry/src/index.crates.io-6f17d22bba15001f/lax-0.16.0/src/eigh_generalized.rs:96:21
     |
96   |                     $gv(
     |                     ^^^
...
128  | impl_eigh_generalized_work_c!(c64, lapack_sys::zhegv_);
     | ------------------------------------------------------ in this macro invocation
     |
note: expected `*const u8`, found `*const i8`
    --> /root/.cargo/registry/src/index.crates.io-6f17d22bba15001f/lax-0.16.0/src/eigh_generalized.rs:98:25
     |
98   |                         self.jobz.as_ptr(),
     |                         ^^^^^^^^^^^^^^^^^^
...
128  | impl_eigh_generalized_work_c!(c64, lapack_sys::zhegv_);
     | ------------------------------------------------------ in this macro invocation
     = note: expected raw pointer `*const u8`
                found raw pointer `*const i8`
note: expected `*const u8`, found `*const i8`
    --> /root/.cargo/registry/src/index.crates.io-6f17d22bba15001f/lax-0.16.0/src/eigh_generalized.rs:99:25
     |
99   |                         uplo.as_ptr(),
     |                         ^^^^^^^^^^^^^
...
128  | impl_eigh_generalized_work_c!(c64, lapack_sys::zhegv_);
     | ------------------------------------------------------ in this macro invocation
     = note: expected raw pointer `*const u8`
                found raw pointer `*const i8`
note: function defined here
    --> /root/.cargo/registry/src/index.crates.io-6f17d22bba15001f/lapack-sys-0.14.0/src/lapack.rs:7561:12
     |
7561 |     pub fn zhegv_(
     |            ^^^^^^
     = note: this error originates in the macro `impl_eigh_generalized_work_c` (in Nightly builds, run with -Z macro-backtrace for more info)

error[E0308]: arguments to this function are incorrect
    --> /root/.cargo/registry/src/index.crates.io-6f17d22bba15001f/lax-0.16.0/src/eigh_generalized.rs:59:21
     |
59   |                     $gv(
     |                     ^^^
...
129  | impl_eigh_generalized_work_c!(c32, lapack_sys::chegv_);
     | ------------------------------------------------------ in this macro invocation
     |
note: expected `*const u8`, found `*const i8`
    --> /root/.cargo/registry/src/index.crates.io-6f17d22bba15001f/lax-0.16.0/src/eigh_generalized.rs:61:25
     |
61   |                         jobz.as_ptr(),
     |                         ^^^^^^^^^^^^^
...
129  | impl_eigh_generalized_work_c!(c32, lapack_sys::chegv_);
     | ------------------------------------------------------ in this macro invocation
     = note: expected raw pointer `*const u8`
                found raw pointer `*const i8`
note: expected `*const u8`, found `*const i8`
    --> /root/.cargo/registry/src/index.crates.io-6f17d22bba15001f/lax-0.16.0/src/eigh_generalized.rs:62:25
     |
62   |                         UPLO::Upper.as_ptr(), // dummy, working memory is not affected by UPLO
     |                         ^^^^^^^^^^^^^^^^^^^^
...
129  | impl_eigh_generalized_work_c!(c32, lapack_sys::chegv_);
     | ------------------------------------------------------ in this macro invocation
     = note: expected raw pointer `*const u8`
                found raw pointer `*const i8`
note: function defined here
    --> /root/.cargo/registry/src/index.crates.io-6f17d22bba15001f/lapack-sys-0.14.0/src/lapack.rs:7544:12
     |
7544 |     pub fn chegv_(
     |            ^^^^^^
     = note: this error originates in the macro `impl_eigh_generalized_work_c` (in Nightly builds, run with -Z macro-backtrace for more info)

error[E0308]: arguments to this function are incorrect
    --> /root/.cargo/registry/src/index.crates.io-6f17d22bba15001f/lax-0.16.0/src/eigh_generalized.rs:96:21
     |
96   |                     $gv(
     |                     ^^^
...
129  | impl_eigh_generalized_work_c!(c32, lapack_sys::chegv_);
     | ------------------------------------------------------ in this macro invocation
     |
note: expected `*const u8`, found `*const i8`
    --> /root/.cargo/registry/src/index.crates.io-6f17d22bba15001f/lax-0.16.0/src/eigh_generalized.rs:98:25
     |
98   |                         self.jobz.as_ptr(),
     |                         ^^^^^^^^^^^^^^^^^^
...
129  | impl_eigh_generalized_work_c!(c32, lapack_sys::chegv_);
     | ------------------------------------------------------ in this macro invocation
     = note: expected raw pointer `*const u8`
                found raw pointer `*const i8`
note: expected `*const u8`, found `*const i8`
    --> /root/.cargo/registry/src/index.crates.io-6f17d22bba15001f/lax-0.16.0/src/eigh_generalized.rs:99:25
     |
99   |                         uplo.as_ptr(),
     |                         ^^^^^^^^^^^^^
...
129  | impl_eigh_generalized_work_c!(c32, lapack_sys::chegv_);
     | ------------------------------------------------------ in this macro invocation
     = note: expected raw pointer `*const u8`
                found raw pointer `*const i8`
note: function defined here
    --> /root/.cargo/registry/src/index.crates.io-6f17d22bba15001f/lapack-sys-0.14.0/src/lapack.rs:7544:12
     |
7544 |     pub fn chegv_(
     |            ^^^^^^
     = note: this error originates in the macro `impl_eigh_generalized_work_c` (in Nightly builds, run with -Z macro-backtrace for more info)

error[E0308]: arguments to this function are incorrect
     --> /root/.cargo/registry/src/index.crates.io-6f17d22bba15001f/lax-0.16.0/src/eigh_generalized.rs:148:21
      |
148   |                     $gv(
      |                     ^^^
...
215   | impl_eigh_generalized_work_r!(f64, lapack_sys::dsygv_);
      | ------------------------------------------------------ in this macro invocation
      |
note: expected `*const u8`, found `*const i8`
     --> /root/.cargo/registry/src/index.crates.io-6f17d22bba15001f/lax-0.16.0/src/eigh_generalized.rs:150:25
      |
150   |                         jobz.as_ptr(),
      |                         ^^^^^^^^^^^^^
...
215   | impl_eigh_generalized_work_r!(f64, lapack_sys::dsygv_);
      | ------------------------------------------------------ in this macro invocation
      = note: expected raw pointer `*const u8`
                 found raw pointer `*const i8`
note: expected `*const u8`, found `*const i8`
     --> /root/.cargo/registry/src/index.crates.io-6f17d22bba15001f/lax-0.16.0/src/eigh_generalized.rs:151:25
      |
151   |                         UPLO::Upper.as_ptr(), // dummy, working memory is not affected by UPLO
      |                         ^^^^^^^^^^^^^^^^^^^^
...
215   | impl_eigh_generalized_work_r!(f64, lapack_sys::dsygv_);
      | ------------------------------------------------------ in this macro invocation
      = note: expected raw pointer `*const u8`
                 found raw pointer `*const i8`
note: function defined here
     --> /root/.cargo/registry/src/index.crates.io-6f17d22bba15001f/lapack-sys-0.14.0/src/lapack.rs:15975:12
      |
15975 |     pub fn dsygv_(
      |            ^^^^^^
      = note: this error originates in the macro `impl_eigh_generalized_work_r` (in Nightly builds, run with -Z macro-backtrace for more info)

error[E0308]: arguments to this function are incorrect
     --> /root/.cargo/registry/src/index.crates.io-6f17d22bba15001f/lax-0.16.0/src/eigh_generalized.rs:184:21
      |
184   |                     $gv(
      |                     ^^^
...
215   | impl_eigh_generalized_work_r!(f64, lapack_sys::dsygv_);
      | ------------------------------------------------------ in this macro invocation
      |
note: expected `*const u8`, found `*const i8`
     --> /root/.cargo/registry/src/index.crates.io-6f17d22bba15001f/lax-0.16.0/src/eigh_generalized.rs:186:25
      |
186   |                         self.jobz.as_ptr(),
      |                         ^^^^^^^^^^^^^^^^^^
...
215   | impl_eigh_generalized_work_r!(f64, lapack_sys::dsygv_);
      | ------------------------------------------------------ in this macro invocation
      = note: expected raw pointer `*const u8`
                 found raw pointer `*const i8`
note: expected `*const u8`, found `*const i8`
     --> /root/.cargo/registry/src/index.crates.io-6f17d22bba15001f/lax-0.16.0/src/eigh_generalized.rs:187:25
      |
187   |                         uplo.as_ptr(),
      |                         ^^^^^^^^^^^^^
...
215   | impl_eigh_generalized_work_r!(f64, lapack_sys::dsygv_);
      | ------------------------------------------------------ in this macro invocation
      = note: expected raw pointer `*const u8`
                 found raw pointer `*const i8`
note: function defined here
     --> /root/.cargo/registry/src/index.crates.io-6f17d22bba15001f/lapack-sys-0.14.0/src/lapack.rs:15975:12
      |
15975 |     pub fn dsygv_(
      |            ^^^^^^
      = note: this error originates in the macro `impl_eigh_generalized_work_r` (in Nightly builds, run with -Z macro-backtrace for more info)

error[E0308]: arguments to this function are incorrect
     --> /root/.cargo/registry/src/index.crates.io-6f17d22bba15001f/lax-0.16.0/src/eigh_generalized.rs:148:21
      |
148   |                     $gv(
      |                     ^^^
...
216   | impl_eigh_generalized_work_r!(f32, lapack_sys::ssygv_);
      | ------------------------------------------------------ in this macro invocation
      |
note: expected `*const u8`, found `*const i8`
     --> /root/.cargo/registry/src/index.crates.io-6f17d22bba15001f/lax-0.16.0/src/eigh_generalized.rs:150:25
      |
150   |                         jobz.as_ptr(),
      |                         ^^^^^^^^^^^^^
...
216   | impl_eigh_generalized_work_r!(f32, lapack_sys::ssygv_);
      | ------------------------------------------------------ in this macro invocation
      = note: expected raw pointer `*const u8`
                 found raw pointer `*const i8`
note: expected `*const u8`, found `*const i8`
     --> /root/.cargo/registry/src/index.crates.io-6f17d22bba15001f/lax-0.16.0/src/eigh_generalized.rs:151:25
      |
151   |                         UPLO::Upper.as_ptr(), // dummy, working memory is not affected by UPLO
      |                         ^^^^^^^^^^^^^^^^^^^^
...
216   | impl_eigh_generalized_work_r!(f32, lapack_sys::ssygv_);
      | ------------------------------------------------------ in this macro invocation
      = note: expected raw pointer `*const u8`
                 found raw pointer `*const i8`
note: function defined here
     --> /root/.cargo/registry/src/index.crates.io-6f17d22bba15001f/lapack-sys-0.14.0/src/lapack.rs:15991:12
      |
15991 |     pub fn ssygv_(
      |            ^^^^^^
      = note: this error originates in the macro `impl_eigh_generalized_work_r` (in Nightly builds, run with -Z macro-backtrace for more info)

error[E0308]: arguments to this function are incorrect
     --> /root/.cargo/registry/src/index.crates.io-6f17d22bba15001f/lax-0.16.0/src/eigh_generalized.rs:184:21
      |
184   |                     $gv(
      |                     ^^^
...
216   | impl_eigh_generalized_work_r!(f32, lapack_sys::ssygv_);
      | ------------------------------------------------------ in this macro invocation
      |
note: expected `*const u8`, found `*const i8`
     --> /root/.cargo/registry/src/index.crates.io-6f17d22bba15001f/lax-0.16.0/src/eigh_generalized.rs:186:25
      |
186   |                         self.jobz.as_ptr(),
      |                         ^^^^^^^^^^^^^^^^^^
...
216   | impl_eigh_generalized_work_r!(f32, lapack_sys::ssygv_);
      | ------------------------------------------------------ in this macro invocation
      = note: expected raw pointer `*const u8`
                 found raw pointer `*const i8`
note: expected `*const u8`, found `*const i8`
     --> /root/.cargo/registry/src/index.crates.io-6f17d22bba15001f/lax-0.16.0/src/eigh_generalized.rs:187:25
      |
187   |                         uplo.as_ptr(),
      |                         ^^^^^^^^^^^^^
...
216   | impl_eigh_generalized_work_r!(f32, lapack_sys::ssygv_);
      | ------------------------------------------------------ in this macro invocation
      = note: expected raw pointer `*const u8`
                 found raw pointer `*const i8`
note: function defined here
     --> /root/.cargo/registry/src/index.crates.io-6f17d22bba15001f/lapack-sys-0.14.0/src/lapack.rs:15991:12
      |
15991 |     pub fn ssygv_(
      |            ^^^^^^
      = note: this error originates in the macro `impl_eigh_generalized_work_r` (in Nightly builds, run with -Z macro-backtrace for more info)

error[E0308]: mismatched types
    --> /root/.cargo/registry/src/index.crates.io-6f17d22bba15001f/lax-0.16.0/src/opnorm.rs:43:25
     |
42   |                     $lange(
     |                     ------ arguments to this function are incorrect
43   |                         t.as_ptr(),
     |                         ^^^^^^^^^^ expected `*const u8`, found `*const i8`
...
55   | impl_operator_norm!(c64, lapack_sys::zlange_);
     | --------------------------------------------- in this macro invocation
     |
     = note: expected raw pointer `*const u8`
                found raw pointer `*const i8`
note: function defined here
    --> /root/.cargo/registry/src/index.crates.io-6f17d22bba15001f/lapack-sys-0.14.0/src/lapack.rs:9690:12
     |
9690 |     pub fn zlange_(
     |            ^^^^^^^
     = note: this error originates in the macro `impl_operator_norm` (in Nightly builds, run with -Z macro-backtrace for more info)

error[E0308]: mismatched types
    --> /root/.cargo/registry/src/index.crates.io-6f17d22bba15001f/lax-0.16.0/src/opnorm.rs:43:25
     |
42   |                     $lange(
     |                     ------ arguments to this function are incorrect
43   |                         t.as_ptr(),
     |                         ^^^^^^^^^^ expected `*const u8`, found `*const i8`
...
56   | impl_operator_norm!(c32, lapack_sys::clange_);
     | --------------------------------------------- in this macro invocation
     |
     = note: expected raw pointer `*const u8`
                found raw pointer `*const i8`
note: function defined here
    --> /root/.cargo/registry/src/index.crates.io-6f17d22bba15001f/lapack-sys-0.14.0/src/lapack.rs:9660:12
     |
9660 |     pub fn clange_(
     |            ^^^^^^^
     = note: this error originates in the macro `impl_operator_norm` (in Nightly builds, run with -Z macro-backtrace for more info)

error[E0308]: mismatched types
    --> /root/.cargo/registry/src/index.crates.io-6f17d22bba15001f/lax-0.16.0/src/opnorm.rs:43:25
     |
42   |                     $lange(
     |                     ------ arguments to this function are incorrect
43   |                         t.as_ptr(),
     |                         ^^^^^^^^^^ expected `*const u8`, found `*const i8`
...
57   | impl_operator_norm!(f64, lapack_sys::dlange_);
     | --------------------------------------------- in this macro invocation
     |
     = note: expected raw pointer `*const u8`
                found raw pointer `*const i8`
note: function defined here
    --> /root/.cargo/registry/src/index.crates.io-6f17d22bba15001f/lapack-sys-0.14.0/src/lapack.rs:9670:12
     |
9670 |     pub fn dlange_(
     |            ^^^^^^^
     = note: this error originates in the macro `impl_operator_norm` (in Nightly builds, run with -Z macro-backtrace for more info)

error[E0308]: mismatched types
    --> /root/.cargo/registry/src/index.crates.io-6f17d22bba15001f/lax-0.16.0/src/opnorm.rs:43:25
     |
42   |                     $lange(
     |                     ------ arguments to this function are incorrect
43   |                         t.as_ptr(),
     |                         ^^^^^^^^^^ expected `*const u8`, found `*const i8`
...
58   | impl_operator_norm!(f32, lapack_sys::slange_);
     | --------------------------------------------- in this macro invocation
     |
     = note: expected raw pointer `*const u8`
                found raw pointer `*const i8`
note: function defined here
    --> /root/.cargo/registry/src/index.crates.io-6f17d22bba15001f/lapack-sys-0.14.0/src/lapack.rs:9680:12
     |
9680 |     pub fn slange_(
     |            ^^^^^^^
     = note: this error originates in the macro `impl_operator_norm` (in Nightly builds, run with -Z macro-backtrace for more info)

error[E0308]: mismatched types
    --> /root/.cargo/registry/src/index.crates.io-6f17d22bba15001f/lax-0.16.0/src/rcond.rs:55:25
     |
54   |                     $con(
     |                     ---- arguments to this function are incorrect
55   |                         norm_type.as_ptr(),
     |                         ^^^^^^^^^^^^^^^^^^ expected `*const u8`, found `*const i8`
...
72   | impl_rcond_work_c!(c64, lapack_sys::zgecon_);
     | -------------------------------------------- in this macro invocation
     |
     = note: expected raw pointer `*const u8`
                found raw pointer `*const i8`
note: function defined here
    --> /root/.cargo/registry/src/index.crates.io-6f17d22bba15001f/lapack-sys-0.14.0/src/lapack.rs:1455:12
     |
1455 |     pub fn zgecon_(
     |            ^^^^^^^
     = note: this error originates in the macro `impl_rcond_work_c` (in Nightly builds, run with -Z macro-backtrace for more info)

error[E0308]: mismatched types
    --> /root/.cargo/registry/src/index.crates.io-6f17d22bba15001f/lax-0.16.0/src/rcond.rs:55:25
     |
54   |                     $con(
     |                     ---- arguments to this function are incorrect
55   |                         norm_type.as_ptr(),
     |                         ^^^^^^^^^^^^^^^^^^ expected `*const u8`, found `*const i8`
...
73   | impl_rcond_work_c!(c32, lapack_sys::cgecon_);
     | -------------------------------------------- in this macro invocation
     |
     = note: expected raw pointer `*const u8`
                found raw pointer `*const i8`
note: function defined here
    --> /root/.cargo/registry/src/index.crates.io-6f17d22bba15001f/lapack-sys-0.14.0/src/lapack.rs:1416:12
     |
1416 |     pub fn cgecon_(
     |            ^^^^^^^
     = note: this error originates in the macro `impl_rcond_work_c` (in Nightly builds, run with -Z macro-backtrace for more info)

error[E0308]: mismatched types
    --> /root/.cargo/registry/src/index.crates.io-6f17d22bba15001f/lax-0.16.0/src/rcond.rs:106:25
     |
105  |                     $con(
     |                     ---- arguments to this function are incorrect
106  |                         norm_type.as_ptr(),
     |                         ^^^^^^^^^^^^^^^^^^ expected `*const u8`, found `*const i8`
...
123  | impl_rcond_work_r!(f64, lapack_sys::dgecon_);
     | -------------------------------------------- in this macro invocation
     |
     = note: expected raw pointer `*const u8`
                found raw pointer `*const i8`
note: function defined here
    --> /root/.cargo/registry/src/index.crates.io-6f17d22bba15001f/lapack-sys-0.14.0/src/lapack.rs:1429:12
     |
1429 |     pub fn dgecon_(
     |            ^^^^^^^
     = note: this error originates in the macro `impl_rcond_work_r` (in Nightly builds, run with -Z macro-backtrace for more info)

error[E0308]: mismatched types
    --> /root/.cargo/registry/src/index.crates.io-6f17d22bba15001f/lax-0.16.0/src/rcond.rs:106:25
     |
105  |                     $con(
     |                     ---- arguments to this function are incorrect
106  |                         norm_type.as_ptr(),
     |                         ^^^^^^^^^^^^^^^^^^ expected `*const u8`, found `*const i8`
...
124  | impl_rcond_work_r!(f32, lapack_sys::sgecon_);
     | -------------------------------------------- in this macro invocation
     |
     = note: expected raw pointer `*const u8`
                found raw pointer `*const i8`
note: function defined here
    --> /root/.cargo/registry/src/index.crates.io-6f17d22bba15001f/lapack-sys-0.14.0/src/lapack.rs:1442:12
     |
1442 |     pub fn sgecon_(
     |            ^^^^^^^
     = note: this error originates in the macro `impl_rcond_work_r` (in Nightly builds, run with -Z macro-backtrace for more info)

error[E0308]: mismatched types
    --> /root/.cargo/registry/src/index.crates.io-6f17d22bba15001f/lax-0.16.0/src/solve.rs:122:25
     |
121  |                     $getrs(
     |                     ------ arguments to this function are incorrect
122  |                         t.as_ptr(),
     |                         ^^^^^^^^^^ expected `*const u8`, found `*const i8`
...
145  | impl_solve!(f64, lapack_sys::dgetrs_);
     | ------------------------------------- in this macro invocation
     |
     = note: expected raw pointer `*const u8`
                found raw pointer `*const i8`
note: function defined here
    --> /root/.cargo/registry/src/index.crates.io-6f17d22bba15001f/lapack-sys-0.14.0/src/lapack.rs:4447:12
     |
4447 |     pub fn dgetrs_(
     |            ^^^^^^^
     = note: this error originates in the macro `impl_solve` (in Nightly builds, run with -Z macro-backtrace for more info)

error[E0308]: mismatched types
    --> /root/.cargo/registry/src/index.crates.io-6f17d22bba15001f/lax-0.16.0/src/solve.rs:122:25
     |
121  |                     $getrs(
     |                     ------ arguments to this function are incorrect
122  |                         t.as_ptr(),
     |                         ^^^^^^^^^^ expected `*const u8`, found `*const i8`
...
146  | impl_solve!(f32, lapack_sys::sgetrs_);
     | ------------------------------------- in this macro invocation
     |
     = note: expected raw pointer `*const u8`
                found raw pointer `*const i8`
note: function defined here
    --> /root/.cargo/registry/src/index.crates.io-6f17d22bba15001f/lapack-sys-0.14.0/src/lapack.rs:4460:12
     |
4460 |     pub fn sgetrs_(
     |            ^^^^^^^
     = note: this error originates in the macro `impl_solve` (in Nightly builds, run with -Z macro-backtrace for more info)

error[E0308]: mismatched types
    --> /root/.cargo/registry/src/index.crates.io-6f17d22bba15001f/lax-0.16.0/src/solve.rs:122:25
     |
121  |                     $getrs(
     |                     ------ arguments to this function are incorrect
122  |                         t.as_ptr(),
     |                         ^^^^^^^^^^ expected `*const u8`, found `*const i8`
...
147  | impl_solve!(c64, lapack_sys::zgetrs_);
     | ------------------------------------- in this macro invocation
     |
     = note: expected raw pointer `*const u8`
                found raw pointer `*const i8`
note: function defined here
    --> /root/.cargo/registry/src/index.crates.io-6f17d22bba15001f/lapack-sys-0.14.0/src/lapack.rs:4473:12
     |
4473 |     pub fn zgetrs_(
     |            ^^^^^^^
     = note: this error originates in the macro `impl_solve` (in Nightly builds, run with -Z macro-backtrace for more info)

error[E0308]: mismatched types
    --> /root/.cargo/registry/src/index.crates.io-6f17d22bba15001f/lax-0.16.0/src/solve.rs:122:25
     |
121  |                     $getrs(
     |                     ------ arguments to this function are incorrect
122  |                         t.as_ptr(),
     |                         ^^^^^^^^^^ expected `*const u8`, found `*const i8`
...
148  | impl_solve!(c32, lapack_sys::cgetrs_);
     | ------------------------------------- in this macro invocation
     |
     = note: expected raw pointer `*const u8`
                found raw pointer `*const i8`
note: function defined here
    --> /root/.cargo/registry/src/index.crates.io-6f17d22bba15001f/lapack-sys-0.14.0/src/lapack.rs:4434:12
     |
4434 |     pub fn cgetrs_(
     |            ^^^^^^^
     = note: this error originates in the macro `impl_solve` (in Nightly builds, run with -Z macro-backtrace for more info)

   Compiling openblas-build v0.10.9
error[E0308]: mismatched types
    --> /root/.cargo/registry/src/index.crates.io-6f17d22bba15001f/lax-0.16.0/src/solveh.rs:44:25
     |
43   |                     $trf(
     |                     ---- arguments to this function are incorrect
44   |                         UPLO::Upper.as_ptr(),
     |                         ^^^^^^^^^^^^^^^^^^^^ expected `*const u8`, found `*const i8`
...
90   | impl_bk_work!(c64, lapack_sys::zhetrf_);
     | --------------------------------------- in this macro invocation
     |
     = note: expected raw pointer `*const u8`
                found raw pointer `*const i8`
note: function defined here
    --> /root/.cargo/registry/src/index.crates.io-6f17d22bba15001f/lapack-sys-0.14.0/src/lapack.rs:8166:12
     |
8166 |     pub fn zhetrf_(
     |            ^^^^^^^
     = note: this error originates in the macro `impl_bk_work` (in Nightly builds, run with -Z macro-backtrace for more info)

error[E0308]: mismatched types
    --> /root/.cargo/registry/src/index.crates.io-6f17d22bba15001f/lax-0.16.0/src/solveh.rs:69:25
     |
68   |                     $trf(
     |                     ---- arguments to this function are incorrect
69   |                         uplo.as_ptr(),
     |                         ^^^^^^^^^^^^^ expected `*const u8`, found `*const i8`
...
90   | impl_bk_work!(c64, lapack_sys::zhetrf_);
     | --------------------------------------- in this macro invocation
     |
     = note: expected raw pointer `*const u8`
                found raw pointer `*const i8`
note: function defined here
    --> /root/.cargo/registry/src/index.crates.io-6f17d22bba15001f/lapack-sys-0.14.0/src/lapack.rs:8166:12
     |
8166 |     pub fn zhetrf_(
     |            ^^^^^^^
     = note: this error originates in the macro `impl_bk_work` (in Nightly builds, run with -Z macro-backtrace for more info)

error[E0308]: mismatched types
    --> /root/.cargo/registry/src/index.crates.io-6f17d22bba15001f/lax-0.16.0/src/solveh.rs:44:25
     |
43   |                     $trf(
     |                     ---- arguments to this function are incorrect
44   |                         UPLO::Upper.as_ptr(),
     |                         ^^^^^^^^^^^^^^^^^^^^ expected `*const u8`, found `*const i8`
...
91   | impl_bk_work!(c32, lapack_sys::chetrf_);
     | --------------------------------------- in this macro invocation
     |
     = note: expected raw pointer `*const u8`
                found raw pointer `*const i8`
note: function defined here
    --> /root/.cargo/registry/src/index.crates.io-6f17d22bba15001f/lapack-sys-0.14.0/src/lapack.rs:8154:12
     |
8154 |     pub fn chetrf_(
     |            ^^^^^^^
     = note: this error originates in the macro `impl_bk_work` (in Nightly builds, run with -Z macro-backtrace for more info)

error[E0308]: mismatched types
    --> /root/.cargo/registry/src/index.crates.io-6f17d22bba15001f/lax-0.16.0/src/solveh.rs:69:25
     |
68   |                     $trf(
     |                     ---- arguments to this function are incorrect
69   |                         uplo.as_ptr(),
     |                         ^^^^^^^^^^^^^ expected `*const u8`, found `*const i8`
...
91   | impl_bk_work!(c32, lapack_sys::chetrf_);
     | --------------------------------------- in this macro invocation
     |
     = note: expected raw pointer `*const u8`
                found raw pointer `*const i8`
note: function defined here
    --> /root/.cargo/registry/src/index.crates.io-6f17d22bba15001f/lapack-sys-0.14.0/src/lapack.rs:8154:12
     |
8154 |     pub fn chetrf_(
     |            ^^^^^^^
     = note: this error originates in the macro `impl_bk_work` (in Nightly builds, run with -Z macro-backtrace for more info)

error[E0308]: mismatched types
     --> /root/.cargo/registry/src/index.crates.io-6f17d22bba15001f/lax-0.16.0/src/solveh.rs:44:25
      |
43    |                     $trf(
      |                     ---- arguments to this function are incorrect
44    |                         UPLO::Upper.as_ptr(),
      |                         ^^^^^^^^^^^^^^^^^^^^ expected `*const u8`, found `*const i8`
...
92    | impl_bk_work!(f64, lapack_sys::dsytrf_);
      | --------------------------------------- in this macro invocation
      |
      = note: expected raw pointer `*const u8`
                 found raw pointer `*const i8`
note: function defined here
     --> /root/.cargo/registry/src/index.crates.io-6f17d22bba15001f/lapack-sys-0.14.0/src/lapack.rs:16993:12
      |
16993 |     pub fn dsytrf_(
      |            ^^^^^^^
      = note: this error originates in the macro `impl_bk_work` (in Nightly builds, run with -Z macro-backtrace for more info)

error[E0308]: mismatched types
     --> /root/.cargo/registry/src/index.crates.io-6f17d22bba15001f/lax-0.16.0/src/solveh.rs:69:25
      |
68    |                     $trf(
      |                     ---- arguments to this function are incorrect
69    |                         uplo.as_ptr(),
      |                         ^^^^^^^^^^^^^ expected `*const u8`, found `*const i8`
...
92    | impl_bk_work!(f64, lapack_sys::dsytrf_);
      | --------------------------------------- in this macro invocation
      |
      = note: expected raw pointer `*const u8`
                 found raw pointer `*const i8`
note: function defined here
     --> /root/.cargo/registry/src/index.crates.io-6f17d22bba15001f/lapack-sys-0.14.0/src/lapack.rs:16993:12
      |
16993 |     pub fn dsytrf_(
      |            ^^^^^^^
      = note: this error originates in the macro `impl_bk_work` (in Nightly builds, run with -Z macro-backtrace for more info)

error[E0308]: mismatched types
     --> /root/.cargo/registry/src/index.crates.io-6f17d22bba15001f/lax-0.16.0/src/solveh.rs:44:25
      |
43    |                     $trf(
      |                     ---- arguments to this function are incorrect
44    |                         UPLO::Upper.as_ptr(),
      |                         ^^^^^^^^^^^^^^^^^^^^ expected `*const u8`, found `*const i8`
...
93    | impl_bk_work!(f32, lapack_sys::ssytrf_);
      | --------------------------------------- in this macro invocation
      |
      = note: expected raw pointer `*const u8`
                 found raw pointer `*const i8`
note: function defined here
     --> /root/.cargo/registry/src/index.crates.io-6f17d22bba15001f/lapack-sys-0.14.0/src/lapack.rs:17005:12
      |
17005 |     pub fn ssytrf_(
      |            ^^^^^^^
      = note: this error originates in the macro `impl_bk_work` (in Nightly builds, run with -Z macro-backtrace for more info)

error[E0308]: mismatched types
     --> /root/.cargo/registry/src/index.crates.io-6f17d22bba15001f/lax-0.16.0/src/solveh.rs:69:25
      |
68    |                     $trf(
      |                     ---- arguments to this function are incorrect
69    |                         uplo.as_ptr(),
      |                         ^^^^^^^^^^^^^ expected `*const u8`, found `*const i8`
...
93    | impl_bk_work!(f32, lapack_sys::ssytrf_);
      | --------------------------------------- in this macro invocation
      |
      = note: expected raw pointer `*const u8`
                 found raw pointer `*const i8`
note: function defined here
     --> /root/.cargo/registry/src/index.crates.io-6f17d22bba15001f/lapack-sys-0.14.0/src/lapack.rs:17005:12
      |
17005 |     pub fn ssytrf_(
      |            ^^^^^^^
      = note: this error originates in the macro `impl_bk_work` (in Nightly builds, run with -Z macro-backtrace for more info)

error[E0308]: mismatched types
    --> /root/.cargo/registry/src/index.crates.io-6f17d22bba15001f/lax-0.16.0/src/solveh.rs:131:25
     |
130  |                     $tri(
     |                     ---- arguments to this function are incorrect
131  |                         uplo.as_ptr(),
     |                         ^^^^^^^^^^^^^ expected `*const u8`, found `*const i8`
...
146  | impl_invh_work!(c64, lapack_sys::zhetri_);
     | ----------------------------------------- in this macro invocation
     |
     = note: expected raw pointer `*const u8`
                found raw pointer `*const i8`
note: function defined here
    --> /root/.cargo/registry/src/index.crates.io-6f17d22bba15001f/lapack-sys-0.14.0/src/lapack.rs:8293:12
     |
8293 |     pub fn zhetri_(
     |            ^^^^^^^
     = note: this error originates in the macro `impl_invh_work` (in Nightly builds, run with -Z macro-backtrace for more info)

error[E0308]: mismatched types
    --> /root/.cargo/registry/src/index.crates.io-6f17d22bba15001f/lax-0.16.0/src/solveh.rs:131:25
     |
130  |                     $tri(
     |                     ---- arguments to this function are incorrect
131  |                         uplo.as_ptr(),
     |                         ^^^^^^^^^^^^^ expected `*const u8`, found `*const i8`
...
147  | impl_invh_work!(c32, lapack_sys::chetri_);
     | ----------------------------------------- in this macro invocation
     |
     = note: expected raw pointer `*const u8`
                found raw pointer `*const i8`
note: function defined here
    --> /root/.cargo/registry/src/index.crates.io-6f17d22bba15001f/lapack-sys-0.14.0/src/lapack.rs:8282:12
     |
8282 |     pub fn chetri_(
     |            ^^^^^^^
     = note: this error originates in the macro `impl_invh_work` (in Nightly builds, run with -Z macro-backtrace for more info)

error[E0308]: mismatched types
     --> /root/.cargo/registry/src/index.crates.io-6f17d22bba15001f/lax-0.16.0/src/solveh.rs:131:25
      |
130   |                     $tri(
      |                     ---- arguments to this function are incorrect
131   |                         uplo.as_ptr(),
      |                         ^^^^^^^^^^^^^ expected `*const u8`, found `*const i8`
...
148   | impl_invh_work!(f64, lapack_sys::dsytri_);
      | ----------------------------------------- in this macro invocation
      |
      = note: expected raw pointer `*const u8`
                 found raw pointer `*const i8`
note: function defined here
     --> /root/.cargo/registry/src/index.crates.io-6f17d22bba15001f/lapack-sys-0.14.0/src/lapack.rs:17248:12
      |
17248 |     pub fn dsytri_(
      |            ^^^^^^^
      = note: this error originates in the macro `impl_invh_work` (in Nightly builds, run with -Z macro-backtrace for more info)

error[E0308]: mismatched types
     --> /root/.cargo/registry/src/index.crates.io-6f17d22bba15001f/lax-0.16.0/src/solveh.rs:131:25
      |
130   |                     $tri(
      |                     ---- arguments to this function are incorrect
131   |                         uplo.as_ptr(),
      |                         ^^^^^^^^^^^^^ expected `*const u8`, found `*const i8`
...
149   | impl_invh_work!(f32, lapack_sys::ssytri_);
      | ----------------------------------------- in this macro invocation
      |
      = note: expected raw pointer `*const u8`
                 found raw pointer `*const i8`
note: function defined here
     --> /root/.cargo/registry/src/index.crates.io-6f17d22bba15001f/lapack-sys-0.14.0/src/lapack.rs:17259:12
      |
17259 |     pub fn ssytri_(
      |            ^^^^^^^
      = note: this error originates in the macro `impl_invh_work` (in Nightly builds, run with -Z macro-backtrace for more info)

error[E0308]: mismatched types
    --> /root/.cargo/registry/src/index.crates.io-6f17d22bba15001f/lax-0.16.0/src/solveh.rs:178:25
     |
177  |                     $trs(
     |                     ---- arguments to this function are incorrect
178  |                         uplo.as_ptr(),
     |                         ^^^^^^^^^^^^^ expected `*const u8`, found `*const i8`
...
196  | impl_solveh_!(c64, lapack_sys::zhetrs_);
     | --------------------------------------- in this macro invocation
     |
     = note: expected raw pointer `*const u8`
                found raw pointer `*const i8`
note: function defined here
    --> /root/.cargo/registry/src/index.crates.io-6f17d22bba15001f/lapack-sys-0.14.0/src/lapack.rs:8391:12
     |
8391 |     pub fn zhetrs_(
     |            ^^^^^^^
     = note: this error originates in the macro `impl_solveh_` (in Nightly builds, run with -Z macro-backtrace for more info)

error[E0308]: mismatched types
    --> /root/.cargo/registry/src/index.crates.io-6f17d22bba15001f/lax-0.16.0/src/solveh.rs:178:25
     |
177  |                     $trs(
     |                     ---- arguments to this function are incorrect
178  |                         uplo.as_ptr(),
     |                         ^^^^^^^^^^^^^ expected `*const u8`, found `*const i8`
...
197  | impl_solveh_!(c32, lapack_sys::chetrs_);
     | --------------------------------------- in this macro invocation
     |
     = note: expected raw pointer `*const u8`
                found raw pointer `*const i8`
note: function defined here
    --> /root/.cargo/registry/src/index.crates.io-6f17d22bba15001f/lapack-sys-0.14.0/src/lapack.rs:8378:12
     |
8378 |     pub fn chetrs_(
     |            ^^^^^^^
     = note: this error originates in the macro `impl_solveh_` (in Nightly builds, run with -Z macro-backtrace for more info)

error[E0308]: mismatched types
     --> /root/.cargo/registry/src/index.crates.io-6f17d22bba15001f/lax-0.16.0/src/solveh.rs:178:25
      |
177   |                     $trs(
      |                     ---- arguments to this function are incorrect
178   |                         uplo.as_ptr(),
      |                         ^^^^^^^^^^^^^ expected `*const u8`, found `*const i8`
...
198   | impl_solveh_!(f64, lapack_sys::dsytrs_);
      | --------------------------------------- in this macro invocation
      |
      = note: expected raw pointer `*const u8`
                 found raw pointer `*const i8`
note: function defined here
     --> /root/.cargo/registry/src/index.crates.io-6f17d22bba15001f/lapack-sys-0.14.0/src/lapack.rs:17442:12
      |
17442 |     pub fn dsytrs_(
      |            ^^^^^^^
      = note: this error originates in the macro `impl_solveh_` (in Nightly builds, run with -Z macro-backtrace for more info)

error[E0308]: mismatched types
     --> /root/.cargo/registry/src/index.crates.io-6f17d22bba15001f/lax-0.16.0/src/solveh.rs:178:25
      |
177   |                     $trs(
      |                     ---- arguments to this function are incorrect
178   |                         uplo.as_ptr(),
      |                         ^^^^^^^^^^^^^ expected `*const u8`, found `*const i8`
...
199   | impl_solveh_!(f32, lapack_sys::ssytrs_);
      | --------------------------------------- in this macro invocation
      |
      = note: expected raw pointer `*const u8`
                 found raw pointer `*const i8`
note: function defined here
     --> /root/.cargo/registry/src/index.crates.io-6f17d22bba15001f/lapack-sys-0.14.0/src/lapack.rs:17455:12
      |
17455 |     pub fn ssytrs_(
      |            ^^^^^^^
      = note: this error originates in the macro `impl_solveh_` (in Nightly builds, run with -Z macro-backtrace for more info)

error[E0308]: arguments to this function are incorrect
    --> /root/.cargo/registry/src/index.crates.io-6f17d22bba15001f/lax-0.16.0/src/svd.rs:84:21
     |
84   |                     $svd(
     |                     ^^^^
...
180  | impl_svd_work_c!(c64, lapack_sys::zgesvd_);
     | ------------------------------------------ in this macro invocation
     |
note: expected `*const u8`, found `*const i8`
    --> /root/.cargo/registry/src/index.crates.io-6f17d22bba15001f/lax-0.16.0/src/svd.rs:85:25
     |
85   |                         ju.as_ptr(),
     |                         ^^^^^^^^^^^
...
180  | impl_svd_work_c!(c64, lapack_sys::zgesvd_);
     | ------------------------------------------ in this macro invocation
     = note: expected raw pointer `*const u8`
                found raw pointer `*const i8`
note: expected `*const u8`, found `*const i8`
    --> /root/.cargo/registry/src/index.crates.io-6f17d22bba15001f/lax-0.16.0/src/svd.rs:86:25
     |
86   |                         jvt.as_ptr(),
     |                         ^^^^^^^^^^^^
...
180  | impl_svd_work_c!(c64, lapack_sys::zgesvd_);
     | ------------------------------------------ in this macro invocation
     = note: expected raw pointer `*const u8`
                found raw pointer `*const i8`
note: function defined here
    --> /root/.cargo/registry/src/index.crates.io-6f17d22bba15001f/lapack-sys-0.14.0/src/lapack.rs:3741:12
     |
3741 |     pub fn zgesvd_(
     |            ^^^^^^^
     = note: this error originates in the macro `impl_svd_work_c` (in Nightly builds, run with -Z macro-backtrace for more info)

error[E0308]: arguments to this function are incorrect
    --> /root/.cargo/registry/src/index.crates.io-6f17d22bba15001f/lax-0.16.0/src/svd.rs:124:21
     |
124  |                     $svd(
     |                     ^^^^
...
180  | impl_svd_work_c!(c64, lapack_sys::zgesvd_);
     | ------------------------------------------ in this macro invocation
     |
note: expected `*const u8`, found `*const i8`
    --> /root/.cargo/registry/src/index.crates.io-6f17d22bba15001f/lax-0.16.0/src/svd.rs:125:25
     |
125  |                         self.ju.as_ptr(),
     |                         ^^^^^^^^^^^^^^^^
...
180  | impl_svd_work_c!(c64, lapack_sys::zgesvd_);
     | ------------------------------------------ in this macro invocation
     = note: expected raw pointer `*const u8`
                found raw pointer `*const i8`
note: expected `*const u8`, found `*const i8`
    --> /root/.cargo/registry/src/index.crates.io-6f17d22bba15001f/lax-0.16.0/src/svd.rs:126:25
     |
126  |                         self.jvt.as_ptr(),
     |                         ^^^^^^^^^^^^^^^^^
...
180  | impl_svd_work_c!(c64, lapack_sys::zgesvd_);
     | ------------------------------------------ in this macro invocation
     = note: expected raw pointer `*const u8`
                found raw pointer `*const i8`
note: function defined here
    --> /root/.cargo/registry/src/index.crates.io-6f17d22bba15001f/lapack-sys-0.14.0/src/lapack.rs:3741:12
     |
3741 |     pub fn zgesvd_(
     |            ^^^^^^^
     = note: this error originates in the macro `impl_svd_work_c` (in Nightly builds, run with -Z macro-backtrace for more info)

error[E0308]: arguments to this function are incorrect
    --> /root/.cargo/registry/src/index.crates.io-6f17d22bba15001f/lax-0.16.0/src/svd.rs:84:21
     |
84   |                     $svd(
     |                     ^^^^
...
181  | impl_svd_work_c!(c32, lapack_sys::cgesvd_);
     | ------------------------------------------ in this macro invocation
     |
note: expected `*const u8`, found `*const i8`
    --> /root/.cargo/registry/src/index.crates.io-6f17d22bba15001f/lax-0.16.0/src/svd.rs:85:25
     |
85   |                         ju.as_ptr(),
     |                         ^^^^^^^^^^^
...
181  | impl_svd_work_c!(c32, lapack_sys::cgesvd_);
     | ------------------------------------------ in this macro invocation
     = note: expected raw pointer `*const u8`
                found raw pointer `*const i8`
note: expected `*const u8`, found `*const i8`
    --> /root/.cargo/registry/src/index.crates.io-6f17d22bba15001f/lax-0.16.0/src/svd.rs:86:25
     |
86   |                         jvt.as_ptr(),
     |                         ^^^^^^^^^^^^
...
181  | impl_svd_work_c!(c32, lapack_sys::cgesvd_);
     | ------------------------------------------ in this macro invocation
     = note: expected raw pointer `*const u8`
                found raw pointer `*const i8`
note: function defined here
    --> /root/.cargo/registry/src/index.crates.io-6f17d22bba15001f/lapack-sys-0.14.0/src/lapack.rs:3686:12
     |
3686 |     pub fn cgesvd_(
     |            ^^^^^^^
     = note: this error originates in the macro `impl_svd_work_c` (in Nightly builds, run with -Z macro-backtrace for more info)

error[E0308]: arguments to this function are incorrect
    --> /root/.cargo/registry/src/index.crates.io-6f17d22bba15001f/lax-0.16.0/src/svd.rs:124:21
     |
124  |                     $svd(
     |                     ^^^^
...
181  | impl_svd_work_c!(c32, lapack_sys::cgesvd_);
     | ------------------------------------------ in this macro invocation
     |
note: expected `*const u8`, found `*const i8`
    --> /root/.cargo/registry/src/index.crates.io-6f17d22bba15001f/lax-0.16.0/src/svd.rs:125:25
     |
125  |                         self.ju.as_ptr(),
     |                         ^^^^^^^^^^^^^^^^
...
181  | impl_svd_work_c!(c32, lapack_sys::cgesvd_);
     | ------------------------------------------ in this macro invocation
     = note: expected raw pointer `*const u8`
                found raw pointer `*const i8`
note: expected `*const u8`, found `*const i8`
    --> /root/.cargo/registry/src/index.crates.io-6f17d22bba15001f/lax-0.16.0/src/svd.rs:126:25
     |
126  |                         self.jvt.as_ptr(),
     |                         ^^^^^^^^^^^^^^^^^
...
181  | impl_svd_work_c!(c32, lapack_sys::cgesvd_);
     | ------------------------------------------ in this macro invocation
     = note: expected raw pointer `*const u8`
                found raw pointer `*const i8`
note: function defined here
    --> /root/.cargo/registry/src/index.crates.io-6f17d22bba15001f/lapack-sys-0.14.0/src/lapack.rs:3686:12
     |
3686 |     pub fn cgesvd_(
     |            ^^^^^^^
     = note: this error originates in the macro `impl_svd_work_c` (in Nightly builds, run with -Z macro-backtrace for more info)

error[E0308]: arguments to this function are incorrect
    --> /root/.cargo/registry/src/index.crates.io-6f17d22bba15001f/lax-0.16.0/src/svd.rs:219:21
     |
219  |                     $svd(
     |                     ^^^^
...
313  | impl_svd_work_r!(f64, lapack_sys::dgesvd_);
     | ------------------------------------------ in this macro invocation
     |
note: expected `*const u8`, found `*const i8`
    --> /root/.cargo/registry/src/index.crates.io-6f17d22bba15001f/lax-0.16.0/src/svd.rs:220:25
     |
220  |                         ju.as_ptr(),
     |                         ^^^^^^^^^^^
...
313  | impl_svd_work_r!(f64, lapack_sys::dgesvd_);
     | ------------------------------------------ in this macro invocation
     = note: expected raw pointer `*const u8`
                found raw pointer `*const i8`
note: expected `*const u8`, found `*const i8`
    --> /root/.cargo/registry/src/index.crates.io-6f17d22bba15001f/lax-0.16.0/src/svd.rs:221:25
     |
221  |                         jvt.as_ptr(),
     |                         ^^^^^^^^^^^^
...
313  | impl_svd_work_r!(f64, lapack_sys::dgesvd_);
     | ------------------------------------------ in this macro invocation
     = note: expected raw pointer `*const u8`
                found raw pointer `*const i8`
note: function defined here
    --> /root/.cargo/registry/src/index.crates.io-6f17d22bba15001f/lapack-sys-0.14.0/src/lapack.rs:3705:12
     |
3705 |     pub fn dgesvd_(
     |            ^^^^^^^
     = note: this error originates in the macro `impl_svd_work_r` (in Nightly builds, run with -Z macro-backtrace for more info)

error[E0308]: arguments to this function are incorrect
    --> /root/.cargo/registry/src/index.crates.io-6f17d22bba15001f/lax-0.16.0/src/svd.rs:258:21
     |
258  |                     $svd(
     |                     ^^^^
...
313  | impl_svd_work_r!(f64, lapack_sys::dgesvd_);
     | ------------------------------------------ in this macro invocation
     |
note: expected `*const u8`, found `*const i8`
    --> /root/.cargo/registry/src/index.crates.io-6f17d22bba15001f/lax-0.16.0/src/svd.rs:259:25
     |
259  |                         self.ju.as_ptr(),
     |                         ^^^^^^^^^^^^^^^^
...
313  | impl_svd_work_r!(f64, lapack_sys::dgesvd_);
     | ------------------------------------------ in this macro invocation
     = note: expected raw pointer `*const u8`
                found raw pointer `*const i8`
note: expected `*const u8`, found `*const i8`
    --> /root/.cargo/registry/src/index.crates.io-6f17d22bba15001f/lax-0.16.0/src/svd.rs:260:25
     |
260  |                         self.jvt.as_ptr(),
     |                         ^^^^^^^^^^^^^^^^^
...
313  | impl_svd_work_r!(f64, lapack_sys::dgesvd_);
     | ------------------------------------------ in this macro invocation
     = note: expected raw pointer `*const u8`
                found raw pointer `*const i8`
note: function defined here
    --> /root/.cargo/registry/src/index.crates.io-6f17d22bba15001f/lapack-sys-0.14.0/src/lapack.rs:3705:12
     |
3705 |     pub fn dgesvd_(
     |            ^^^^^^^
     = note: this error originates in the macro `impl_svd_work_r` (in Nightly builds, run with -Z macro-backtrace for more info)

error[E0308]: arguments to this function are incorrect
    --> /root/.cargo/registry/src/index.crates.io-6f17d22bba15001f/lax-0.16.0/src/svd.rs:219:21
     |
219  |                     $svd(
     |                     ^^^^
...
314  | impl_svd_work_r!(f32, lapack_sys::sgesvd_);
     | ------------------------------------------ in this macro invocation
     |
note: expected `*const u8`, found `*const i8`
    --> /root/.cargo/registry/src/index.crates.io-6f17d22bba15001f/lax-0.16.0/src/svd.rs:220:25
     |
220  |                         ju.as_ptr(),
     |                         ^^^^^^^^^^^
...
314  | impl_svd_work_r!(f32, lapack_sys::sgesvd_);
     | ------------------------------------------ in this macro invocation
     = note: expected raw pointer `*const u8`
                found raw pointer `*const i8`
note: expected `*const u8`, found `*const i8`
    --> /root/.cargo/registry/src/index.crates.io-6f17d22bba15001f/lax-0.16.0/src/svd.rs:221:25
     |
221  |                         jvt.as_ptr(),
     |                         ^^^^^^^^^^^^
...
314  | impl_svd_work_r!(f32, lapack_sys::sgesvd_);
     | ------------------------------------------ in this macro invocation
     = note: expected raw pointer `*const u8`
                found raw pointer `*const i8`
note: function defined here
    --> /root/.cargo/registry/src/index.crates.io-6f17d22bba15001f/lapack-sys-0.14.0/src/lapack.rs:3723:12
     |
3723 |     pub fn sgesvd_(
     |            ^^^^^^^
     = note: this error originates in the macro `impl_svd_work_r` (in Nightly builds, run with -Z macro-backtrace for more info)

error[E0308]: arguments to this function are incorrect
    --> /root/.cargo/registry/src/index.crates.io-6f17d22bba15001f/lax-0.16.0/src/svd.rs:258:21
     |
258  |                     $svd(
     |                     ^^^^
...
314  | impl_svd_work_r!(f32, lapack_sys::sgesvd_);
     | ------------------------------------------ in this macro invocation
     |
note: expected `*const u8`, found `*const i8`
    --> /root/.cargo/registry/src/index.crates.io-6f17d22bba15001f/lax-0.16.0/src/svd.rs:259:25
     |
259  |                         self.ju.as_ptr(),
     |                         ^^^^^^^^^^^^^^^^
...
314  | impl_svd_work_r!(f32, lapack_sys::sgesvd_);
     | ------------------------------------------ in this macro invocation
     = note: expected raw pointer `*const u8`
                found raw pointer `*const i8`
note: expected `*const u8`, found `*const i8`
    --> /root/.cargo/registry/src/index.crates.io-6f17d22bba15001f/lax-0.16.0/src/svd.rs:260:25
     |
260  |                         self.jvt.as_ptr(),
     |                         ^^^^^^^^^^^^^^^^^
...
314  | impl_svd_work_r!(f32, lapack_sys::sgesvd_);
     | ------------------------------------------ in this macro invocation
     = note: expected raw pointer `*const u8`
                found raw pointer `*const i8`
note: function defined here
    --> /root/.cargo/registry/src/index.crates.io-6f17d22bba15001f/lapack-sys-0.14.0/src/lapack.rs:3723:12
     |
3723 |     pub fn sgesvd_(
     |            ^^^^^^^
     = note: this error originates in the macro `impl_svd_work_r` (in Nightly builds, run with -Z macro-backtrace for more info)

error[E0308]: mismatched types
    --> /root/.cargo/registry/src/index.crates.io-6f17d22bba15001f/lax-0.16.0/src/svddc.rs:73:25
     |
72   |                     $sdd(
     |                     ---- arguments to this function are incorrect
73   |                         jobz.as_ptr(),
     |                         ^^^^^^^^^^^^^ expected `*const u8`, found `*const i8`
...
173  | impl_svd_dc_work_c!(c64, lapack_sys::zgesdd_);
     | --------------------------------------------- in this macro invocation
     |
     = note: expected raw pointer `*const u8`
                found raw pointer `*const i8`
note: function defined here
    --> /root/.cargo/registry/src/index.crates.io-6f17d22bba15001f/lapack-sys-0.14.0/src/lapack.rs:3584:12
     |
3584 |     pub fn zgesdd_(
     |            ^^^^^^^
     = note: this error originates in the macro `impl_svd_dc_work_c` (in Nightly builds, run with -Z macro-backtrace for more info)

error[E0308]: mismatched types
    --> /root/.cargo/registry/src/index.crates.io-6f17d22bba15001f/lax-0.16.0/src/svddc.rs:118:25
     |
117  |                     $sdd(
     |                     ---- arguments to this function are incorrect
118  |                         self.jobz.as_ptr(),
     |                         ^^^^^^^^^^^^^^^^^^ expected `*const u8`, found `*const i8`
...
173  | impl_svd_dc_work_c!(c64, lapack_sys::zgesdd_);
     | --------------------------------------------- in this macro invocation
     |
     = note: expected raw pointer `*const u8`
                found raw pointer `*const i8`
note: function defined here
    --> /root/.cargo/registry/src/index.crates.io-6f17d22bba15001f/lapack-sys-0.14.0/src/lapack.rs:3584:12
     |
3584 |     pub fn zgesdd_(
     |            ^^^^^^^
     = note: this error originates in the macro `impl_svd_dc_work_c` (in Nightly builds, run with -Z macro-backtrace for more info)

error[E0308]: mismatched types
    --> /root/.cargo/registry/src/index.crates.io-6f17d22bba15001f/lax-0.16.0/src/svddc.rs:73:25
     |
72   |                     $sdd(
     |                     ---- arguments to this function are incorrect
73   |                         jobz.as_ptr(),
     |                         ^^^^^^^^^^^^^ expected `*const u8`, found `*const i8`
...
174  | impl_svd_dc_work_c!(c32, lapack_sys::cgesdd_);
     | --------------------------------------------- in this macro invocation
     |
     = note: expected raw pointer `*const u8`
                found raw pointer `*const i8`
note: function defined here
    --> /root/.cargo/registry/src/index.crates.io-6f17d22bba15001f/lapack-sys-0.14.0/src/lapack.rs:3529:12
     |
3529 |     pub fn cgesdd_(
     |            ^^^^^^^
     = note: this error originates in the macro `impl_svd_dc_work_c` (in Nightly builds, run with -Z macro-backtrace for more info)

error[E0308]: mismatched types
    --> /root/.cargo/registry/src/index.crates.io-6f17d22bba15001f/lax-0.16.0/src/svddc.rs:118:25
     |
117  |                     $sdd(
     |                     ---- arguments to this function are incorrect
118  |                         self.jobz.as_ptr(),
     |                         ^^^^^^^^^^^^^^^^^^ expected `*const u8`, found `*const i8`
...
174  | impl_svd_dc_work_c!(c32, lapack_sys::cgesdd_);
     | --------------------------------------------- in this macro invocation
     |
     = note: expected raw pointer `*const u8`
                found raw pointer `*const i8`
note: function defined here
    --> /root/.cargo/registry/src/index.crates.io-6f17d22bba15001f/lapack-sys-0.14.0/src/lapack.rs:3529:12
     |
3529 |     pub fn cgesdd_(
     |            ^^^^^^^
     = note: this error originates in the macro `impl_svd_dc_work_c` (in Nightly builds, run with -Z macro-backtrace for more info)

error[E0308]: mismatched types
    --> /root/.cargo/registry/src/index.crates.io-6f17d22bba15001f/lax-0.16.0/src/svddc.rs:208:25
     |
207  |                     $sdd(
     |                     ---- arguments to this function are incorrect
208  |                         jobz.as_ptr(),
     |                         ^^^^^^^^^^^^^ expected `*const u8`, found `*const i8`
...
306  | impl_svd_dc_work_r!(f64, lapack_sys::dgesdd_);
     | --------------------------------------------- in this macro invocation
     |
     = note: expected raw pointer `*const u8`
                found raw pointer `*const i8`
note: function defined here
    --> /root/.cargo/registry/src/index.crates.io-6f17d22bba15001f/lapack-sys-0.14.0/src/lapack.rs:3548:12
     |
3548 |     pub fn dgesdd_(
     |            ^^^^^^^
     = note: this error originates in the macro `impl_svd_dc_work_r` (in Nightly builds, run with -Z macro-backtrace for more info)

error[E0308]: mismatched types
    --> /root/.cargo/registry/src/index.crates.io-6f17d22bba15001f/lax-0.16.0/src/svddc.rs:252:25
     |
251  |                     $sdd(
     |                     ---- arguments to this function are incorrect
252  |                         self.jobz.as_ptr(),
     |                         ^^^^^^^^^^^^^^^^^^ expected `*const u8`, found `*const i8`
...
306  | impl_svd_dc_work_r!(f64, lapack_sys::dgesdd_);
     | --------------------------------------------- in this macro invocation
     |
     = note: expected raw pointer `*const u8`
                found raw pointer `*const i8`
note: function defined here
    --> /root/.cargo/registry/src/index.crates.io-6f17d22bba15001f/lapack-sys-0.14.0/src/lapack.rs:3548:12
     |
3548 |     pub fn dgesdd_(
     |            ^^^^^^^
     = note: this error originates in the macro `impl_svd_dc_work_r` (in Nightly builds, run with -Z macro-backtrace for more info)

error[E0308]: mismatched types
    --> /root/.cargo/registry/src/index.crates.io-6f17d22bba15001f/lax-0.16.0/src/svddc.rs:208:25
     |
207  |                     $sdd(
     |                     ---- arguments to this function are incorrect
208  |                         jobz.as_ptr(),
     |                         ^^^^^^^^^^^^^ expected `*const u8`, found `*const i8`
...
307  | impl_svd_dc_work_r!(f32, lapack_sys::sgesdd_);
     | --------------------------------------------- in this macro invocation
     |
     = note: expected raw pointer `*const u8`
                found raw pointer `*const i8`
note: function defined here
    --> /root/.cargo/registry/src/index.crates.io-6f17d22bba15001f/lapack-sys-0.14.0/src/lapack.rs:3566:12
     |
3566 |     pub fn sgesdd_(
     |            ^^^^^^^
     = note: this error originates in the macro `impl_svd_dc_work_r` (in Nightly builds, run with -Z macro-backtrace for more info)

error[E0308]: mismatched types
    --> /root/.cargo/registry/src/index.crates.io-6f17d22bba15001f/lax-0.16.0/src/svddc.rs:252:25
     |
251  |                     $sdd(
     |                     ---- arguments to this function are incorrect
252  |                         self.jobz.as_ptr(),
     |                         ^^^^^^^^^^^^^^^^^^ expected `*const u8`, found `*const i8`
...
307  | impl_svd_dc_work_r!(f32, lapack_sys::sgesdd_);
     | --------------------------------------------- in this macro invocation
     |
     = note: expected raw pointer `*const u8`
                found raw pointer `*const i8`
note: function defined here
    --> /root/.cargo/registry/src/index.crates.io-6f17d22bba15001f/lapack-sys-0.14.0/src/lapack.rs:3566:12
     |
3566 |     pub fn sgesdd_(
     |            ^^^^^^^
     = note: this error originates in the macro `impl_svd_dc_work_r` (in Nightly builds, run with -Z macro-backtrace for more info)

error[E0308]: arguments to this function are incorrect
     --> /root/.cargo/registry/src/index.crates.io-6f17d22bba15001f/lax-0.16.0/src/triangular.rs:65:21
      |
65    |                     $trtrs(
      |                     ^^^^^^
...
90    | impl_triangular!(f64, lapack_sys::dtrtrs_);
      | ------------------------------------------ in this macro invocation
      |
note: expected `*const u8`, found `*const i8`
     --> /root/.cargo/registry/src/index.crates.io-6f17d22bba15001f/lax-0.16.0/src/triangular.rs:66:25
      |
66    |                         uplo.as_ptr(),
      |                         ^^^^^^^^^^^^^
...
90    | impl_triangular!(f64, lapack_sys::dtrtrs_);
      | ------------------------------------------ in this macro invocation
      = note: expected raw pointer `*const u8`
                 found raw pointer `*const i8`
note: expected `*const u8`, found `*const i8`
     --> /root/.cargo/registry/src/index.crates.io-6f17d22bba15001f/lax-0.16.0/src/triangular.rs:67:25
      |
67    |                         Transpose::No.as_ptr(),
      |                         ^^^^^^^^^^^^^^^^^^^^^^
...
90    | impl_triangular!(f64, lapack_sys::dtrtrs_);
      | ------------------------------------------ in this macro invocation
      = note: expected raw pointer `*const u8`
                 found raw pointer `*const i8`
note: expected `*const u8`, found `*const i8`
     --> /root/.cargo/registry/src/index.crates.io-6f17d22bba15001f/lax-0.16.0/src/triangular.rs:68:25
      |
68    |                         diag.as_ptr(),
      |                         ^^^^^^^^^^^^^
...
90    | impl_triangular!(f64, lapack_sys::dtrtrs_);
      | ------------------------------------------ in this macro invocation
      = note: expected raw pointer `*const u8`
                 found raw pointer `*const i8`
note: function defined here
     --> /root/.cargo/registry/src/index.crates.io-6f17d22bba15001f/lapack-sys-0.14.0/src/lapack.rs:20173:12
      |
20173 |     pub fn dtrtrs_(
      |            ^^^^^^^
      = note: this error originates in the macro `impl_triangular` (in Nightly builds, run with -Z macro-backtrace for more info)

error[E0308]: arguments to this function are incorrect
     --> /root/.cargo/registry/src/index.crates.io-6f17d22bba15001f/lax-0.16.0/src/triangular.rs:65:21
      |
65    |                     $trtrs(
      |                     ^^^^^^
...
91    | impl_triangular!(f32, lapack_sys::strtrs_);
      | ------------------------------------------ in this macro invocation
      |
note: expected `*const u8`, found `*const i8`
     --> /root/.cargo/registry/src/index.crates.io-6f17d22bba15001f/lax-0.16.0/src/triangular.rs:66:25
      |
66    |                         uplo.as_ptr(),
      |                         ^^^^^^^^^^^^^
...
91    | impl_triangular!(f32, lapack_sys::strtrs_);
      | ------------------------------------------ in this macro invocation
      = note: expected raw pointer `*const u8`
                 found raw pointer `*const i8`
note: expected `*const u8`, found `*const i8`
     --> /root/.cargo/registry/src/index.crates.io-6f17d22bba15001f/lax-0.16.0/src/triangular.rs:67:25
      |
67    |                         Transpose::No.as_ptr(),
      |                         ^^^^^^^^^^^^^^^^^^^^^^
...
91    | impl_triangular!(f32, lapack_sys::strtrs_);
      | ------------------------------------------ in this macro invocation
      = note: expected raw pointer `*const u8`
                 found raw pointer `*const i8`
note: expected `*const u8`, found `*const i8`
     --> /root/.cargo/registry/src/index.crates.io-6f17d22bba15001f/lax-0.16.0/src/triangular.rs:68:25
      |
68    |                         diag.as_ptr(),
      |                         ^^^^^^^^^^^^^
...
91    | impl_triangular!(f32, lapack_sys::strtrs_);
      | ------------------------------------------ in this macro invocation
      = note: expected raw pointer `*const u8`
                 found raw pointer `*const i8`
note: function defined here
     --> /root/.cargo/registry/src/index.crates.io-6f17d22bba15001f/lapack-sys-0.14.0/src/lapack.rs:20187:12
      |
20187 |     pub fn strtrs_(
      |            ^^^^^^^
      = note: this error originates in the macro `impl_triangular` (in Nightly builds, run with -Z macro-backtrace for more info)

error[E0308]: arguments to this function are incorrect
     --> /root/.cargo/registry/src/index.crates.io-6f17d22bba15001f/lax-0.16.0/src/triangular.rs:65:21
      |
65    |                     $trtrs(
      |                     ^^^^^^
...
92    | impl_triangular!(c64, lapack_sys::ztrtrs_);
      | ------------------------------------------ in this macro invocation
      |
note: expected `*const u8`, found `*const i8`
     --> /root/.cargo/registry/src/index.crates.io-6f17d22bba15001f/lax-0.16.0/src/triangular.rs:66:25
      |
66    |                         uplo.as_ptr(),
      |                         ^^^^^^^^^^^^^
...
92    | impl_triangular!(c64, lapack_sys::ztrtrs_);
      | ------------------------------------------ in this macro invocation
      = note: expected raw pointer `*const u8`
                 found raw pointer `*const i8`
note: expected `*const u8`, found `*const i8`
     --> /root/.cargo/registry/src/index.crates.io-6f17d22bba15001f/lax-0.16.0/src/triangular.rs:67:25
      |
67    |                         Transpose::No.as_ptr(),
      |                         ^^^^^^^^^^^^^^^^^^^^^^
...
92    | impl_triangular!(c64, lapack_sys::ztrtrs_);
      | ------------------------------------------ in this macro invocation
      = note: expected raw pointer `*const u8`
                 found raw pointer `*const i8`
note: expected `*const u8`, found `*const i8`
     --> /root/.cargo/registry/src/index.crates.io-6f17d22bba15001f/lax-0.16.0/src/triangular.rs:68:25
      |
68    |                         diag.as_ptr(),
      |                         ^^^^^^^^^^^^^
...
92    | impl_triangular!(c64, lapack_sys::ztrtrs_);
      | ------------------------------------------ in this macro invocation
      = note: expected raw pointer `*const u8`
                 found raw pointer `*const i8`
note: function defined here
     --> /root/.cargo/registry/src/index.crates.io-6f17d22bba15001f/lapack-sys-0.14.0/src/lapack.rs:20201:12
      |
20201 |     pub fn ztrtrs_(
      |            ^^^^^^^
      = note: this error originates in the macro `impl_triangular` (in Nightly builds, run with -Z macro-backtrace for more info)

error[E0308]: arguments to this function are incorrect
     --> /root/.cargo/registry/src/index.crates.io-6f17d22bba15001f/lax-0.16.0/src/triangular.rs:65:21
      |
65    |                     $trtrs(
      |                     ^^^^^^
...
93    | impl_triangular!(c32, lapack_sys::ctrtrs_);
      | ------------------------------------------ in this macro invocation
      |
note: expected `*const u8`, found `*const i8`
     --> /root/.cargo/registry/src/index.crates.io-6f17d22bba15001f/lax-0.16.0/src/triangular.rs:66:25
      |
66    |                         uplo.as_ptr(),
      |                         ^^^^^^^^^^^^^
...
93    | impl_triangular!(c32, lapack_sys::ctrtrs_);
      | ------------------------------------------ in this macro invocation
      = note: expected raw pointer `*const u8`
                 found raw pointer `*const i8`
note: expected `*const u8`, found `*const i8`
     --> /root/.cargo/registry/src/index.crates.io-6f17d22bba15001f/lax-0.16.0/src/triangular.rs:67:25
      |
67    |                         Transpose::No.as_ptr(),
      |                         ^^^^^^^^^^^^^^^^^^^^^^
...
93    | impl_triangular!(c32, lapack_sys::ctrtrs_);
      | ------------------------------------------ in this macro invocation
      = note: expected raw pointer `*const u8`
                 found raw pointer `*const i8`
note: expected `*const u8`, found `*const i8`
     --> /root/.cargo/registry/src/index.crates.io-6f17d22bba15001f/lax-0.16.0/src/triangular.rs:68:25
      |
68    |                         diag.as_ptr(),
      |                         ^^^^^^^^^^^^^
...
93    | impl_triangular!(c32, lapack_sys::ctrtrs_);
      | ------------------------------------------ in this macro invocation
      = note: expected raw pointer `*const u8`
                 found raw pointer `*const i8`
note: function defined here
     --> /root/.cargo/registry/src/index.crates.io-6f17d22bba15001f/lapack-sys-0.14.0/src/lapack.rs:20159:12
      |
20159 |     pub fn ctrtrs_(
      |            ^^^^^^^
      = note: this error originates in the macro `impl_triangular` (in Nightly builds, run with -Z macro-backtrace for more info)

error[E0308]: mismatched types
    --> /root/.cargo/registry/src/index.crates.io-6f17d22bba15001f/lax-0.16.0/src/tridiagonal/rcond.rs:40:25
     |
39   |                     $gtcon(
     |                     ------ arguments to this function are incorrect
40   |                         NormType::One.as_ptr(),
     |                         ^^^^^^^^^^^^^^^^^^^^^^ expected `*const u8`, found `*const i8`
...
60   | impl_rcond_tridiagonal_work_c!(c64, lapack_sys::zgtcon_);
     | -------------------------------------------------------- in this macro invocation
     |
     = note: expected raw pointer `*const u8`
                found raw pointer `*const i8`
note: function defined here
    --> /root/.cargo/registry/src/index.crates.io-6f17d22bba15001f/lapack-sys-0.14.0/src/lapack.rs:6273:12
     |
6273 |     pub fn zgtcon_(
     |            ^^^^^^^
     = note: this error originates in the macro `impl_rcond_tridiagonal_work_c` (in Nightly builds, run with -Z macro-backtrace for more info)

error[E0308]: mismatched types
    --> /root/.cargo/registry/src/index.crates.io-6f17d22bba15001f/lax-0.16.0/src/tridiagonal/rcond.rs:40:25
     |
39   |                     $gtcon(
     |                     ------ arguments to this function are incorrect
40   |                         NormType::One.as_ptr(),
     |                         ^^^^^^^^^^^^^^^^^^^^^^ expected `*const u8`, found `*const i8`
...
61   | impl_rcond_tridiagonal_work_c!(c32, lapack_sys::cgtcon_);
     | -------------------------------------------------------- in this macro invocation
     |
     = note: expected raw pointer `*const u8`
                found raw pointer `*const i8`
note: function defined here
    --> /root/.cargo/registry/src/index.crates.io-6f17d22bba15001f/lapack-sys-0.14.0/src/lapack.rs:6226:12
     |
6226 |     pub fn cgtcon_(
     |            ^^^^^^^
     = note: this error originates in the macro `impl_rcond_tridiagonal_work_c` (in Nightly builds, run with -Z macro-backtrace for more info)

error[E0308]: mismatched types
    --> /root/.cargo/registry/src/index.crates.io-6f17d22bba15001f/lax-0.16.0/src/tridiagonal/rcond.rs:87:25
     |
86   |                     $gtcon(
     |                     ------ arguments to this function are incorrect
87   |                         NormType::One.as_ptr(),
     |                         ^^^^^^^^^^^^^^^^^^^^^^ expected `*const u8`, found `*const i8`
...
108  | impl_rcond_tridiagonal_work_r!(f64, lapack_sys::dgtcon_);
     | -------------------------------------------------------- in this macro invocation
     |
     = note: expected raw pointer `*const u8`
                found raw pointer `*const i8`
note: function defined here
    --> /root/.cargo/registry/src/index.crates.io-6f17d22bba15001f/lapack-sys-0.14.0/src/lapack.rs:6241:12
     |
6241 |     pub fn dgtcon_(
     |            ^^^^^^^
     = note: this error originates in the macro `impl_rcond_tridiagonal_work_r` (in Nightly builds, run with -Z macro-backtrace for more info)

error[E0308]: mismatched types
    --> /root/.cargo/registry/src/index.crates.io-6f17d22bba15001f/lax-0.16.0/src/tridiagonal/rcond.rs:87:25
     |
86   |                     $gtcon(
     |                     ------ arguments to this function are incorrect
87   |                         NormType::One.as_ptr(),
     |                         ^^^^^^^^^^^^^^^^^^^^^^ expected `*const u8`, found `*const i8`
...
109  | impl_rcond_tridiagonal_work_r!(f32, lapack_sys::sgtcon_);
     | -------------------------------------------------------- in this macro invocation
     |
     = note: expected raw pointer `*const u8`
                found raw pointer `*const i8`
note: function defined here
    --> /root/.cargo/registry/src/index.crates.io-6f17d22bba15001f/lapack-sys-0.14.0/src/lapack.rs:6257:12
     |
6257 |     pub fn sgtcon_(
     |            ^^^^^^^
     = note: this error originates in the macro `impl_rcond_tridiagonal_work_r` (in Nightly builds, run with -Z macro-backtrace for more info)

error[E0308]: mismatched types
    --> /root/.cargo/registry/src/index.crates.io-6f17d22bba15001f/lax-0.16.0/src/tridiagonal/solve.rs:38:25
     |
37   |                     $trs(
     |                     ---- arguments to this function are incorrect
38   |                         t.as_ptr(),
     |                         ^^^^^^^^^^ expected `*const u8`, found `*const i8`
...
61   | impl_solve_tridiagonal!(c64, lapack_sys::zgttrs_);
     | ------------------------------------------------- in this macro invocation
     |
     = note: expected raw pointer `*const u8`
                found raw pointer `*const i8`
note: function defined here
    --> /root/.cargo/registry/src/index.crates.io-6f17d22bba15001f/lapack-sys-0.14.0/src/lapack.rs:6625:12
     |
6625 |     pub fn zgttrs_(
     |            ^^^^^^^
     = note: this error originates in the macro `impl_solve_tridiagonal` (in Nightly builds, run with -Z macro-backtrace for more info)

error[E0308]: mismatched types
    --> /root/.cargo/registry/src/index.crates.io-6f17d22bba15001f/lax-0.16.0/src/tridiagonal/solve.rs:38:25
     |
37   |                     $trs(
     |                     ---- arguments to this function are incorrect
38   |                         t.as_ptr(),
     |                         ^^^^^^^^^^ expected `*const u8`, found `*const i8`
...
62   | impl_solve_tridiagonal!(c32, lapack_sys::cgttrs_);
     | ------------------------------------------------- in this macro invocation
     |
     = note: expected raw pointer `*const u8`
                found raw pointer `*const i8`
note: function defined here
    --> /root/.cargo/registry/src/index.crates.io-6f17d22bba15001f/lapack-sys-0.14.0/src/lapack.rs:6580:12
     |
6580 |     pub fn cgttrs_(
     |            ^^^^^^^
     = note: this error originates in the macro `impl_solve_tridiagonal` (in Nightly builds, run with -Z macro-backtrace for more info)

error[E0308]: mismatched types
    --> /root/.cargo/registry/src/index.crates.io-6f17d22bba15001f/lax-0.16.0/src/tridiagonal/solve.rs:38:25
     |
37   |                     $trs(
     |                     ---- arguments to this function are incorrect
38   |                         t.as_ptr(),
     |                         ^^^^^^^^^^ expected `*const u8`, found `*const i8`
...
63   | impl_solve_tridiagonal!(f64, lapack_sys::dgttrs_);
     | ------------------------------------------------- in this macro invocation
     |
     = note: expected raw pointer `*const u8`
                found raw pointer `*const i8`
note: function defined here
    --> /root/.cargo/registry/src/index.crates.io-6f17d22bba15001f/lapack-sys-0.14.0/src/lapack.rs:6595:12
     |
6595 |     pub fn dgttrs_(
     |            ^^^^^^^
     = note: this error originates in the macro `impl_solve_tridiagonal` (in Nightly builds, run with -Z macro-backtrace for more info)

error[E0308]: mismatched types
    --> /root/.cargo/registry/src/index.crates.io-6f17d22bba15001f/lax-0.16.0/src/tridiagonal/solve.rs:38:25
     |
37   |                     $trs(
     |                     ---- arguments to this function are incorrect
38   |                         t.as_ptr(),
     |                         ^^^^^^^^^^ expected `*const u8`, found `*const i8`
...
64   | impl_solve_tridiagonal!(f32, lapack_sys::sgttrs_);
     | ------------------------------------------------- in this macro invocation
     |
     = note: expected raw pointer `*const u8`
                found raw pointer `*const i8`
note: function defined here
    --> /root/.cargo/registry/src/index.crates.io-6f17d22bba15001f/lapack-sys-0.14.0/src/lapack.rs:6610:12
     |
6610 |     pub fn sgttrs_(
     |            ^^^^^^^
     = note: this error originates in the macro `impl_solve_tridiagonal` (in Nightly builds, run with -Z macro-backtrace for more info)

For more information about this error, try `rustc --explain E0308`.
   Compiling clap v4.5.10
error: could not compile `lax` (lib) due to 92 previous errors
warning: build failed, waiting for other jobs to finish...
