2024-09-02 20:45:47
../stream-replay/logs/stuttering-6206.txt
1725280923.9128668
1725280923.9220634
1725280923.96236
1725280923.9871838
1725280923.987881
1725280924.0503554
1725280924.0508387
1725280924.0513163
1725280924.0609815
1725280924.0848205
1725280924.1191359
1725280924.1198123
1725280924.1204474
1725280924.1476102
1725280924.159775
1725280924.191489
1725280924.1919975
1725280924.259141
1725280924.2602146
1725280924.2706814
1725280924.271228
1725280924.2720213
1725280924.2984016
1725280924.299048
1725280924.3296816
1725280924.3301523
1725280924.3896346
1725280924.3897457
1725280924.4732041
1725280924.4743955
1725280924.493821
1725280924.4944024
1725280924.4948869
1725280924.4985828
1725280924.5496676
1725280924.5503616
1725280924.6011343
1725280924.6018083
1725280924.601837
1725280924.6018589
1725280924.620061
1725280924.661191
1725280924.694855
1725280924.700861
1725280924.7438781
1725280924.7667425
1725280924.7757323
1725280924.8344874
1725280924.835345
1725280924.836062
1725280924.8895512
1725280924.8900752
1725280924.8927748
1725280924.913254
1725280924.9137561
1725280924.9356074
1725280924.9588354
1725280924.9909687
1725280925.0109525
1725280925.027535
1725280925.0800798
1725280925.0807397
1725280925.081264
1725280925.1546333
1725280925.1552155
1725280925.1571162
1725280925.1657903
1725280925.1774435
1725280925.1913218
1725280925.2139342
1725280925.2227843
1725280925.2351105
1725280925.2879887
1725280925.2880814
1725280925.290943
1725280925.3824408
1725280925.3829198
1725280925.3837829
1725280925.3980515
1725280925.3981361
1725280925.4153624
1725280925.4617066
1725280925.4624078
1725280925.4629235
1725280925.5204802
1725280925.5210457
1725280925.521556
1725280925.5220187
1725280925.5342958
1725280925.5487213
1725280925.5903516
1725280925.6256142
1725280925.6260834
1725280925.6500008
1725280925.675475
1725280925.6760144
1725280925.744422
1725280925.7445333
1725280925.7538683
1725280925.7643394
1725280925.7998877
1725280925.80038
1725280925.8347871
1725280925.868491
1725280925.8726726
1725280925.8946457
1725280925.9316242
1725280925.9476926
1725280925.9741175
1725280925.9956903
1725280926.000977
1725280926.0250535
1725280926.0447912
1725280926.0636823
1725280926.0837142
1725280926.108269
1725280926.1089466
1725280926.116016
1725280926.1343043
1725280926.1611223
1725280926.185415
1725280926.1855035
1725280926.2092047
1725280926.2176344
1725280926.2433844
1725280926.262245
1725280926.2916071
1725280926.32362
1725280926.3242164
1725280926.347594
1725280926.3480415
1725280926.3613472
1725280926.4011405
1725280926.401744
1725280926.4498441
1725280926.4503214
1725280926.480666
1725280926.4808166
1725280926.4966626
1725280926.5336008
1725280926.534188
1725280926.5630589
1725280926.5636263
1725280926.6725547
1725280926.6731546
1725280926.6736965
1725280926.6915183
1725280926.6925864
1725280926.7117946
1725280926.7133958
1725280926.8083112
1725280926.8090515
1725280926.8097253
1725280926.8189719
1725280926.8210592
1725280926.8318157
1725280926.8332956
1725280926.8786259
1725280926.8792856
1725280926.8974333
1725280926.9265008
1725280926.9503968
1725280926.9560773
1725280926.9830394
1725280927.006177
1725280927.0066822
1725280927.1061664
1725280927.1070058
1725280927.115265
1725280927.149156
1725280927.1496713
1725280927.1501763
1725280927.1506999
1725280927.1596813
1725280927.182271
1725280927.1828651
1725280927.220066
1725280927.2445133
1725280927.2464175
1725280927.2636886
1725280927.30882
1725280927.30891
1725280927.3090036
1725280927.3356588
1725280927.3704016
1725280927.370989
1725280927.4205914
1725280927.4211228
1725280927.4216545
1725280927.448047
1725280927.449803
1725280927.4832916
1725280927.4857223
1725280927.4934864
1725280927.5153456
1725280927.5505612
1725280927.55066
1725280927.5726953
1725280927.594684
1725280927.5951557
1725280927.6312873
1725280927.6318026
1725280927.7325416
1725280927.739139
1725280927.7421958
1725280927.7557576
1725280927.7562475
1725280927.7568674
1725280927.7796535
1725280927.7801564
1725280927.8472276
1725280927.8800898
1725280927.8801193
1725280927.8801405
1725280927.9032538
1725280927.9409652
1725280927.953543
1725280927.969274
1725280927.9889467
1725280928.0491233
1725280928.0497303
1725280928.0631132
1725280928.0984297
1725280928.0985289
1725280928.1212573
1725280928.121712
1725280928.1470156
1725280928.1475732
1725280928.1674237
1725280928.1804388
1725280928.2059546
1725280928.2723927
1725280928.2740824
1725280928.2839
1725280928.3060024
1725280928.3540914
1725280928.354667
1725280928.3551884
1725280928.3613632
1725280928.4022026
1725280928.4126525
1725280928.4404974
1725280928.44137
1725280928.4539483
1725280928.4699798
1725280928.4910717
1725280928.5171812
1725280928.5286546
1725280928.6129313
1725280928.6135387
1725280928.6140924
1725280928.6209278
1725280928.6264772
1725280928.6269305
1725280928.7166295
1725280928.7757182
1725280928.7765462
1725280928.7772186
1725280928.7930894
1725280928.794097
1725280928.7942233
1725280928.7943313
1725280928.8086176
1725280928.8091052
1725280928.8354135
1725280928.8755403
1725280928.8789504
1725280928.95736
1725280928.9578454
1725280928.958322
1725280928.9601636
1725280928.974503
1725280929.0439792
1725280929.0444767
1725280929.0449302
1725280929.0486655
1725280929.104176
1725280929.1272755
1725280929.1305058
1725280929.188543
1725280929.2078242
1725280929.2087991
1725280929.2095878
1725280929.2442093
1725280929.267045
1725280929.2987282
1725280929.2992213
1725280929.3221226
1725280929.3229873
1725280929.3475666
1725280929.403044
1725280929.403609
1725280929.4042032
1725280929.406274
1725280929.4559019
1725280929.4564416
1725280929.4569397
1725280929.4920242
1725280929.517481
1725280929.5181503
1725280929.518702
1725280929.5661278
1725280929.5666568
1725280929.6113904
1725280929.6145031
1725280929.6735654
1725280929.6939034
1725280929.6945841
1725280929.6951547
1725280929.7713127
1725280929.7718568
1725280929.7723675
1725280929.7744517
1725280929.786662
1725280929.7872012
1725280929.8554988
1725280929.8555906
1725280929.856916
1725280929.865192
1725280929.8656816
1725280929.8978364
1725280929.9128222
1725280929.9517486
1725280929.9535432
1725280929.956436
1725280929.978254
1725280930.0100777
1725280930.0777192
1725280930.0786357
1725280930.1197493
1725280930.1500578
1725280930.150589
1725280930.1511776
1725280930.1516988
1725280930.2118728
1725280930.220576
1725280930.2208033
1725280930.2209058
1725280930.2644813
1725280930.2651012
1725280930.275239
1725280930.3044438
1725280930.3438668
1725280930.3539536
1725280930.354486
1725280930.366975
1725280930.3880763
1725280930.428215
1725280930.4290025
1725280930.429512
1725280930.4893723
1725280930.490427
1725280930.497407
1725280930.519976
1725280930.532192
1725280930.562636
1725280930.5639336
1725280930.6228673
1725280930.6239643
1725280930.6265981
1725280930.7015975
1725280930.7021034
1725280930.7026691
1725280930.7079082
1725280930.708546
1725280930.7183158
1725280930.7333477
1725280930.7714794
1725280930.7720108
1725280930.7956111
1725280930.7961366
1725280930.8156035
1725280930.8263555
1725280930.8633373
1725280930.8638432
1725280930.883349
1725280930.9807823
1725280931.018183
1725280931.0183718
1725280931.0184977
1725280931.0208197
1725280931.0306194
1725280931.0311203
1725280931.0316288
1725280931.1094453
1725280931.1101053
1725280931.1101394
1725280931.1101573
1725280931.1341228
1725280931.2105682
1725280931.2161517
1725280931.236416
1725280931.2717433
1725280931.2730405
1725280931.2828615
1725280931.3271608
1725280931.3663032
1725280931.4082398
1725280931.408779
1725280931.4093614
1725280931.4103239
1725280931.4359455
1725280931.436466
1725280931.4369438
1725280931.4408915
1725280931.4803133
1725280931.5156894
1725280931.5379627
1725280931.5380695
1725280931.5665116
1725280931.5732472
1725280931.6629288
1725280931.6634226
1725280931.675019
1725280931.6759937
1725280931.680669
1725280931.7117093
1725280931.712406
1725280931.7350774
1725280931.7355816
1725280931.8143716
1725280931.8151236
1725280931.8263216
1725280931.8269432
1725280931.827502
1725280931.835913
1725280931.8505983
1725280931.8664296
1725280931.9134386
1725280931.9326887
1725280931.9537747
1725280931.953931
1725280931.9770908
1725280931.9984844
1725280931.998672
1725280932.0157266
1725280932.0308354
1725280932.0734236
1725280932.0829358
1725280932.1101246
1725280932.1318178
1725280932.2383437
1725280932.2388847
1725280932.2393377
1725280932.2816055
1725280932.2824037
1725280932.2896466
1725280932.311376
1725280932.3118513
1725280932.3126712
1725280932.33655
1725280932.3614619
1725280932.3808239
1725280932.3969278
1725280932.4330072
1725280932.5287006
1725280932.5293896
1725280932.5392451
1725280932.539971
1725280932.5551693
1725280932.5552719
1725280932.556151
1725280932.589595
1725280932.5905588
1725280932.6016319
1725280932.6494327
1725280932.6499503
1725280932.65047
1725280932.6695087
1725280932.6837206
1725280932.7349665
1725280932.7354388
1725280932.7862647
1725280932.7869108
1725280932.7924383
1725280932.8239741
1725280932.824772
1725280932.8341594
1725280932.8846102
1725280932.88592
1725280932.904917
1725280932.905532
1725280932.9260936
1725280932.9628084
1725280932.9633484
1725280933.0037901
1725280933.0044763
1725280933.0515614
1725280933.0526483
1725280933.061103
1725280933.0616264
1725280933.0803995
1725280933.126012
1725280933.1270778
1725280933.166982
1725280933.1951497
1725280933.1964517
1725280933.2848563
1725280933.28534
1725280933.2858667
1725280933.286387
1725280933.2931871
1725280933.294126
1725280933.347703
1725280933.3583446
1725280933.3589005
1725280933.3730817
1725280933.3886776
1725280933.4072003
1725280933.4388843
1725280933.4556432
1725280933.4650455
1725280933.487997
1725280933.5044029
1725280933.5352068
1725280933.6069639
1725280933.6080832
1725280933.6196716
1725280933.620196
1725280933.629095
1725280933.6333492
1725280933.6658285
1725280933.666333
1725280933.7052057
1725280933.735714
1725280933.7365177
1725280933.7881444
1725280933.7891605
1725280933.7897007
1725280933.7957172
1725280933.8170898
1725280933.847986
1725280933.8506577
1725280933.8640146
1725280933.8965673
1725280933.8971198
1725280933.910079
1725280933.9967809
1725280933.9981537
1725280933.998815
1725280934.0134819
1725280934.014305
1725280934.0402071
1725280934.0436175
1725280934.044113
1725280934.076862
1725280934.0773566
1725280934.1016853
1725280934.1196089
1725280934.1460261
1725280934.1692913
1725280934.2065647
1725280934.2071912
1725280934.2178783
1725280934.2280035
1725280934.2802136
1725280934.2807
1725280934.2811513
1725280934.3207333
1725280934.359388
1725280934.3594096
1725280934.3594267
1725280934.3920982
1725280934.4535234
1725280934.4904191
1725280934.5203247
1725280934.5210557
1725280934.5904133
1725280934.5917873
1725280934.592424
1725280934.594318
1725280934.6401155
1725280934.6409466
1725280934.641572
1725280934.6487315
1725280934.6493213
1725280934.706465
1725280934.7066479
1725280934.7067726
1725280934.7290542
1725280934.8032856
1725280934.805402
1725280934.8292804
1725280934.829745
1725280934.8508809
1725280934.8513637
1725280934.8756044
1725280934.921851
1725280934.9307323
1725280934.9313233
1725280935.0144815
1725280935.0150013
1725280935.015551
1725280935.0546463
1725280935.0551023
1725280935.0564122
1725280935.0600393
1725280935.0621665
1725280935.074335
1725280935.1729815
1725280935.1734636
1725280935.1739762
1725280935.2299986
1725280935.2334206
1725280935.2349982
1725280935.2356248
1725280935.2582006
1725280935.2588224
1725280935.2593007
1725280935.2709973
1725280935.308586
1725280935.309094
1725280935.3717294
1725280935.3904097
1725280935.391387
1725280935.4414496
1725280935.4419606
1725280935.442416
1725280935.4469924
1725280935.467822
1725280935.4960546
1725280935.5086823
1725280935.5361063
1725280935.5704994
1725280935.5857458
1725280935.6109197
1725280935.6258175
1725280935.6463273
1725280935.6869178
1725280935.6964872
1725280935.7249086
1725280935.743278
1725280935.7938979
1725280935.7947
1725280935.794808
1725280935.8094497
1725280935.8609717
1725280935.8710642
1725280935.8711843
1725280935.872323
1725280935.886383
1725280935.9035742
1725280935.9682221
1725280935.9707098
1725280935.9713311
1725280935.976402
1725280936.0100381
1725280936.0116386
1725280936.0526447
1725280936.0537245
1725280936.0683396
1725280936.1213593
1725280936.1218023
1725280936.1769857
1725280936.1771681
1725280936.1831949
1725280936.1917927
1725280936.2136855
1725280936.2141945
1725280936.2468827
1725280936.247417
1725280936.2867544
1725280936.2874503
1725280936.3972228
1725280936.3973112
1725280936.39874
1725280936.4034355
1725280936.4038942
1725280936.4247193
1725280936.425762
1725280936.4456766
1725280936.4470303
1725280936.4986365
1725280936.4993074
1725280936.4997191
1725280936.5288286
1725280936.5387442
1725280936.5626783
1725280936.6386943
1725280936.639202
1725280936.6451008
1725280936.6542537
1725280936.655019
1725280936.6945143
1725280936.7187436
1725280936.7192855
1725280936.7530591
1725280936.7531497
1725280936.794611
1725280936.8223913
1725280936.8482711
1725280936.8495972
1725280936.8505104
1725280936.8616583
1725280936.882868
1725280936.9035387
1725280936.9366794
1725280936.9371693
1725280936.9721334
1725280936.9841628
1725280937.0056906
1725280937.019997
1725280937.0593188
1725280937.0598695
1725280937.0605266
1725280937.097724
1725280937.0985544
1725280937.1147382
1725280937.1566153
1725280937.1571336
1725280937.1576614
1725280937.1855056
1725280937.2102737
1725280937.211389
1725280937.2298553
1725280937.273774
1725280937.274752
1725280937.2753854
1725280937.29556
1725280937.32826
1725280937.3288748
1725280937.395371
1725280937.395903
1725280937.396456
1725280937.4094124
1725280937.484136
1725280937.4853764
1725280937.4876242
1725280937.4881582
1725280937.4887161
1725280937.5042918
1725280937.5175614
1725280937.6589239
1725280937.6595635
1725280937.6595879
1725280937.659604
1725280937.6596913
1725280937.663948
1725280937.7377813
1725280937.7757049
1725280937.7767994
1725280937.7910972
1725280937.7917573
1725280937.8221643
1725280937.8672311
1725280937.8677692
1725280937.8687046
1725280937.876707
1725280937.878019
1725280937.8949564
1725280937.9323163
1725280937.933132
1725280938.045341
1725280938.0463707
1725280938.068521
1725280938.0889585
1725280938.089493
1725280938.090023
1725280938.090507
1725280938.099656
1725280938.1002545
1725280938.1602378
1725280938.16302
1725280938.1819177
1725280938.1820223
1725280938.2151015
1725280938.2151933
1725280938.2338765
1725280938.249916
1725280938.294774
1725280938.2957678
1725280938.2976336
1725280938.3353124
1725280938.3358393
1725280938.3499122
1725280938.3751726
1725280938.4170105
1725280938.426129
1725280938.4357157
1725280938.4735053
1725280938.4740493
1725280938.4883811
1725280938.5409503
1725280938.5410433
1725280938.5419278
1725280938.5515854
1725280938.5869703
1725280938.6248243
1725280938.6384737
1725280938.6690447
1725280938.6695182
1725280938.6824763
1725280938.700792
1725280938.7126226
1725280938.7708712
1725280938.7713735
1725280938.8162808
1725280938.8171725
1725280938.8516526
1725280938.8622246
1725280938.8757958
1725280938.8880682
1725280938.9272635
1725280938.9664109
1725280938.9672096
1725280938.9864373
1725280939.017276
1725280939.0174217
1725280939.0367
1725280939.0735703
1725280939.0745614
1725280939.0949433
1725280939.1172278
1725280939.117771
1725280939.161287
1725280939.1618059
1725280939.192754
1725280939.1933932
1725280939.2030032
1725280939.2145717
1725280939.2705424
1725280939.2706847
1725280939.2708433
1725280939.2978108
1725280939.3678627
1725280939.3683803
1725280939.3689494
1725280939.3854835
1725280939.386473
1725280939.3940103
1725280939.4390166
1725280939.4779408
1725280939.5234938
1725280939.5248513
1725280939.526335
1725280939.575378
1725280939.5754972
1725280939.5802395
1725280939.5811174
1725280939.5816586
1725280939.613053
1725280939.6135752
1725280939.639331
1725280939.6536486
1725280939.6798055
1725280939.69013
1725280939.7021
1725280939.7210872
1725280939.7558327
1725280939.8107817
1725280939.8233416
1725280939.824523
1725280939.8257973
1725280939.8572605
1725280939.871659
1725280939.8843126
1725280939.9035451
1725280939.9555838
1725280939.9573934
1725280939.9734485
1725280940.0175722
1725280940.0180922
1725280940.018606
1725280940.0486696
1725280940.0676706
1725280940.1184227
1725280940.1526759
1725280940.1532087
1725280940.1537273
1725280940.1955657
1725280940.196021
1725280940.1966147
1725280940.207321
1725280940.2541435
1725280940.2547097
1725280940.2740703
1725280940.2746027
1725280940.3071373
1725280940.3072257
1725280940.3300588
1725280940.3656085
1725280940.377749
1725280940.3783636
1725280940.4307015
1725280940.430801
1725280940.4309525
1725280940.4428558
1725280940.4953475
1725280940.4962533
1725280940.5211277
1725280940.5216384
1725280940.5221674
1725280940.541804
1725280940.575115
1725280940.5756478
1725280940.6259055
1725280940.6264107
1725280940.6269288
1725280940.6565928
1725280940.6772087
1725280940.7386298
1725280940.7391534
1725280940.7406294
1725280940.7599628
1725280940.7605987
1725280940.7872443
1725280940.812459
1725280940.829138
1725280940.8291676
1725280940.8465536
1725280940.8796186
1725280940.9541357
1725280941.0047133
1725280941.0304697
1725280941.0317743
1725280941.0517364
1725280941.0524786
1725280941.062991
1725280941.085915
1725280941.0864172
1725280941.1318283
1725280941.1326044
1725280941.1357517
1725280941.175054
1725280941.1757722
1725280941.176751
1725280941.1911554
1725280941.2298508
1725280941.2582986
1725280941.278487
1725280941.305902
1725280941.3059924
1725280941.3486278
1725280941.3490355
1725280941.358311
1725280941.393891
1725280941.4060562
1725280941.4340622
1725280941.4469814
1725280941.5050828
1725280941.5055568
1725280941.5065312
1725280941.5095508
1725280941.525966
1725280941.544302
1725280941.5692883
1725280941.5699372
1725280941.6085913
1725280941.609017
1725280941.6580482
1725280941.7008214
1725280941.7177644
1725280941.718387
1725280941.7229922
1725280941.7502992
1725280941.7516336
1725280941.7523575
1725280941.8377836
1725280941.8382463
1725280941.8387587
1725280941.8701553
1725280941.8789926
1725280941.8791046
1725280941.9007597
1725280941.912505
1725280941.9574313
1725280941.9582276
1725280941.9900067
1725280942.0256746
1725280942.026182
1725280942.0266895
1725280942.0472434
1725280942.1578453
1725280942.1764498
1725280942.1769328
1725280942.1774974
1725280942.1822484
1725280942.1968923
1725280942.2350028
1725280942.2367847
1725280942.2702339
1725280942.271528
1725280942.2981226
1725280942.3175938
1725280942.317743
1725280942.3475924
1725280942.3482072
1725280942.3665187
1725280942.3946419
1725280942.4194026
1725280942.4199162
1725280942.4328315
1725280942.4809268
1725280942.4817834
1725280942.5079195
1725280942.5095248
1725280942.5623486
1725280942.5636044
1725280942.5641327
1725280942.5980635
1725280942.5985646
1725280942.6302266
1725280942.6374712
1725280942.649862
1725280942.675966
1725280942.7399552
1725280942.7405167
1725280942.7410796
1725280942.7694464
1725280942.770311
1725280942.7885733
1725280942.805717
1725280942.8065248
1725280942.8550596
1725280942.8555617
1725280942.897493
1725280942.8984756
1725280942.9390752
1725280942.9396956
1725280942.955899
1725280942.9797912
1725280942.9803858
1725280943.0008385
1725280943.0206456
1725280943.096757
1725280943.151016
1725280943.1521165
1725280943.1607563
1725280943.1612604
1725280943.161781
1725280943.1776104
1725280943.2436647
1725280943.2699559
1725280943.270515
1725280943.2710602
1725280943.2785747
1725280943.2875736
1725280943.3293376
1725280943.3346555
1725280943.3508928
1725280943.3514447
1725280943.3722868
1725280943.4033475
1725280943.4044607
1725280943.4351444
1725280943.4356682
1725280943.4810283
1725280943.4961562
1725280943.5061944
1725280943.5528684
1725280943.5534804
1725280943.5540566
1725280943.5665486
1725280943.5891905
1725280943.6253753
1725280943.6271195
1725280943.6391873
1725280943.669253
1725280943.6702306
1725280943.7194502
1725280943.7199678
1725280943.7206173
1725280943.7727137
1725280943.7728186
1725280943.7729065
1725280943.780489
1725280943.840901
1725280943.841387
1725280943.8418965
1725280943.8767784
1725280943.8772523
1725280943.8882551
1725280943.9188929
1725280943.9421468
1725280943.9427862
1725280943.95816
1725280943.978209
1725280944.0509424
1725280944.0514224
1725280944.0519593
1725280944.0673442
1725280944.0787327
1725280944.0886106
1725280944.1121135
1725280944.1583228
1725280944.2212567
1725280944.2333443
1725280944.2554243
1725280944.2561007
1725280944.2722495
1725280944.3063517
1725280944.3069434
1725280944.3748386
1725280944.3750806
1725280944.3756018
1725280944.3817923
1725280944.3826659
1725280944.4054074
1725280944.4118018
1725280944.4800498
1725280944.480606
1725280944.4894269
1725280944.5153084
1725280944.5407274
1725280944.5411937
1725280944.5623572
1725280944.637632
1725280944.6381543
1725280944.638662
1725280944.6516685
1725280944.6820734
1725280944.682767
1725280944.709008
1725280944.709546
1725280944.721416
1725280944.7570403
1725280944.757532
1725280944.771988
1725280944.8007607
1725280944.8017807
1725280944.819117
1725280944.8616467
1725280944.8621614
1725280944.8975148
1725280944.9220562
1725280944.9481506
1725280944.9488268
1725280944.9700449
1725280944.9705546
1725280944.9816377
1725280945.0181305
1725280945.0186865
1725280945.0572147
1725280945.057722
1725280945.110831
1725280945.1499188
1725280945.1504445
1725280945.150956
1725280945.16567
1725280945.2221224
1725280945.2223742
1725280945.230659
1725280945.2530801
1725280945.302807
1725280945.3032837
1725280945.3038023
1725280945.376653
1725280945.3820493
1725280945.390241
1725280945.3915062
1725280945.4402454
1725280945.450916
1725280945.4901648
1725280945.4907107
1725280945.5127537
1725280945.5497446
1725280945.5502045
1725280945.5748785
1725280945.5760436
1725280945.6788096
1725280945.6794696
1725280945.7020185
1725280945.702557
1725280945.703858
1725280945.7237632
1725280945.7242777
1725280945.7247918
1725280945.7652445
1725280945.7654448
1725280945.8213117
1725280945.8217378
1725280945.8306904
1725280945.8312087
1725280945.8316936
1725280945.8739283
1725280945.8748553
1725280945.9340177
1725280945.9346583
1725280945.938939
1725280945.9571466
1725280945.973034
1725280946.010924
1725280946.0114076
1725280946.0260274
1725280946.0398386
1725280946.040635
1725280946.0732388
1725280946.1253314
1725280946.1257703
1725280946.1259391
1725280946.150408
1725280946.1565716
1725280946.2689362
1725280946.2709115
1725280946.2838807
1725280946.284883
1725280946.285388
1725280946.3155124
1725280946.3165383
1725280946.3990514
1725280946.4004266
1725280946.4351335
1725280946.4356678
1725280946.4370303
1725280946.4861789
1725280946.4871047
1725280946.5081327
1725280946.5082285
1725280946.5083365
1725280946.553166
1725280946.553341
1725280946.5594857
1725280946.6016085
1725280946.6384192
1725280946.6389046
1725280946.6394262
1725280946.7633166
1725280946.7645845
1725280946.765237
1725280946.7670457
1725280946.7766626
1725280946.7772303
1725280946.777752
1725280946.790948
1725280946.7914572
1725280946.8015451
1725280946.8531737
1725280946.8537464
1725280946.8825777
1725280946.8831317
1725280946.883729
1725280946.9099946
1725280946.9101167
1725280946.9465308
1725280946.9470625
1725280947.060878
1725280947.0620265
1725280947.068657
1725280947.0691898
1725280947.088092
1725280947.089025
1725280947.089466
1725280947.0921495
1725280947.092264
1725280947.123496
1725280947.123589
1725280947.1633875
1725280947.2007992
1725280947.2010355
1725280947.2843804
1725280947.2850523
1725280947.2857606
1725280947.3044565
1725280947.3049593
1725280947.3090365
1725280947.34101
1725280947.3410306
1725280947.3578227
1725280947.385729
1725280947.4179764
1725280947.4673789
1725280947.614688
1725280947.615348
1725280947.6212008
1725280947.6242983
1725280947.6268702
1725280947.6519244
1725280947.6529565
1725280947.653513
1725280947.689606
1725280947.6906824
1725280947.691342
1725280947.69886
1725280947.6989663
1725280947.7022417
1725280947.7266421
1725280947.7640493
1725280947.7980878
1725280947.7987614
1725280947.830211
1725280947.8307188
1725280947.8948584
1725280947.895371
1725280947.8986142
1725280947.9399607
1725280947.9407408
1725280947.9656231
1725280947.965754
1725280947.9936209
1725280947.993747
1725280948.0069783
1725280948.0189319
1725280948.0525944
1725280948.0531762
1725280948.0937314
1725280948.0942101
1725280948.1400883
1725280948.1408179
1725280948.2840955
1725280948.2879744
1725280948.2961094
1725280948.2971723
1725280948.2976499
1725280948.3008857
1725280948.3352418
1725280948.3356984
1725280948.3361504
1725280948.3391306
1725280948.3514354
1725280948.3656907
1725280948.4015968
1725280948.4021785
1725280948.4070537
1725280948.453051
1725280948.4539185
1725280948.483753
1725280948.5303614
1725280948.5307832
1725280948.5584402
1725280948.5592957
1725280948.5904326
1725280948.6442044
1725280948.6448734
1725280948.6618826
1725280948.6946156
1725280948.7150486
1725280948.7157009
1725280948.7533536
1725280948.7544808
1725280948.7731183
1725280948.8290346
1725280948.8303304
1725280948.8312387
1725280948.8733494
1725280948.8740387
1725280948.885018
1725280948.8863602
1725280948.9672232
1725280948.9677339
1725280948.9682457
1725280948.968822
1725280948.9828398
1725280949.005507
1725280949.0060878
1725280949.0149662
1725280949.0530086
1725280949.0739298
1725280949.0788598
1725280949.1178157
1725280949.118595
1725280949.146802
1725280949.1474855
1725280949.186857
1725280949.193812
1725280949.2339334
1725280949.2340636
1725280949.2531152
1725280949.2557368
1725280949.304111
1725280949.3117075
1725280949.3122447
1725280949.3336296
1725280949.3380322
1725280949.3561099
1725280949.3902378
1725280949.4267201
1725280949.4277158
1725280949.4777434
1725280949.478257
1725280949.4861124
1725280949.4866567
1725280949.5393198
1725280949.5401478
1725280949.5614412
1725280949.569171
1725280949.6721578
1725280949.6729934
1725280949.674038
1725280949.7033584
1725280949.7042716
1725280949.7168462
1725280949.717363
1725280949.7256415
1725280949.7593381
1725280949.7685254
1725280949.8309271
1725280949.878081
1725280949.9249837
1725280949.9257252
1725280949.926261
1725280949.9267485
1725280949.9277139
1725280949.9414792
1725280949.9421566
1725280949.9652257
1725280949.992759
1725280949.9933248
1725280950.0288854
1725280950.0293775
1725280950.0475044
1725280950.078975
1725280950.0795128
1725280950.0977976
1725280950.1175349
1725280950.11809
1725280950.1428483
1725280950.1590114
1725280950.2073145
1725280950.207815
1725280950.2083225
1725280950.2248755
1725280950.2353728
1725280950.265879
1725280950.2663891
1725280950.3006525
1725280950.3011518
1725280950.3224552
1725280950.3572218
1725280950.3577375
1725280950.3732073
1725280950.41417
1725280950.4152868
1725280950.456335
1725280950.4780526
1725280950.4785643
1725280950.5056
1725280950.5060637
1725280950.525215
1725280950.589084
1725280950.6064515
1725280950.6064837
1725280950.606511
1725280950.658845
1725280950.6785264
1725280950.7297213
1725280950.756663
1725280950.758658
1725280950.7753148
1725280950.8639948
1725280950.8646708
1725280950.9238305
1725280950.9243312
1725280950.9248621
1725280950.9257002
1725280950.9271617
1725280950.9281096
1725280951.0232382
1725280951.0238833
1725280951.0244324
1725280951.0301292
1725280951.0527852
1725280951.053292
1725280951.0537865
1725280951.079051
1725280951.0795765
1725280951.101161
1725280951.1368566
1725280951.1376958
1725280951.1946664
1725280951.195347
1725280951.2259214
1725280951.226431
1725280951.226951
1725280951.262743
1725280951.2633882
1725280951.3669984
1725280951.3684292
1725280951.4007342
1725280951.4012675
1725280951.4019067
1725280951.404307
1725280951.424136
1725280951.4886706
1725280951.493458
1725280951.5178785
1725280951.518482
1725280951.5189867
1725280951.5261803
1725280951.5266545
1725280951.527174
1725280951.5298448
1725280951.5548851
1725280951.5963523
1725280951.6568694
1725280951.6573699
1725280951.6578753
1725280951.68123
1725280951.6818101
1725280951.6971576
1725280951.718813
1725280951.7528808
1725280951.7862241
1725280951.786888
1725280951.804958
1725280951.8322043
1725280951.857197
1725280951.8815641
1725280951.9035635
1725280951.9566975
1725280951.9574401
1725280952.0049567
1725280952.0055225
1725280952.006601
1725280952.0216088
1725280952.0971394
1725280952.0976758
1725280952.1488273
1725280952.1504002
1725280952.1535661
1725280952.1583474
1725280952.1588728
1725280952.1816118
1725280952.182086
1725280952.1944306
1725280952.2535555
1725280952.254351
1725280952.2626984
1725280952.3230283
1725280952.323232
1725280952.3234878
1725280952.3244512
1725280952.337463
1725280952.3521485
1725280952.3660963
1725280952.4189467
1725280952.4195883
1725280952.4291224
1725280952.4712093
1725280952.4717093
1725280952.5056276
1725280952.506115
1725280952.5182972
1725280952.524925
1725280952.5419695
1725280952.571425
1725280952.5905046
1725280952.5910287
1725280952.6477077
1725280952.649493
1725280952.6641626
1725280952.6847026
1725280952.7083385
1725280952.7088633
1725280952.7240002
1725280952.7640674
1725280952.7976396
1725280952.7985675
1725280952.8074393
1725280952.8601847
1725280952.8819427
1725280952.8823962
1725280952.9085207
1725280952.9091654
1725280952.9451692
1725280952.9518926
1725280952.9842997
1725280952.9856148
1725280953.0366893
1725280953.037169
1725280953.062304
1725280953.0633268
1725280953.1305258
1725280953.1310465
1725280953.13162
1725280953.1321647
1725280953.1458466
1725280953.1627429
1725280953.190409
1725280953.2201512
1725280953.241954
1725280953.2426543
1725280953.2988021
1725280953.2993193
1725280953.2999263
1725280953.303824
1725280953.3213775
1725280953.3429034
1725280953.3566444
1725280953.3994546
1725280953.3999894
1725280953.439963
1725280953.4405167
1725280953.464612
1725280953.464702
1725280953.4894724
1725280953.4900749
1725280953.509391
1725280953.5444272
1725280953.544532
1725280953.6008024
1725280953.601482
1725280953.602468
1725280953.6037328
1725280953.6323059
1725280953.6701453
1725280953.7158067
1725280953.7165177
1725280953.7744055
1725280953.77451
1725280953.7751074
1725280953.7950432
1725280953.795404
1725280953.8872182
1725280953.8878598
1725280953.8878846
1725280953.887907
1725280953.8879757
1725280953.945176
1725280953.9638703
1725280953.9924178
1725280954.0710227
1725280954.0719612
1725280954.0833592
1725280954.0845358
1725280954.116168
1725280954.1168973
1725280954.1181521
1725280954.1272902
1725280954.1798472
1725280954.1806202
1725280954.3029597
1725280954.303496
1725280954.3052092
1725280954.3260837
1725280954.3265939
1725280954.3271167
1725280954.32766
1725280954.4183793
1725280954.4188285
1725280954.4192839
1725280954.4358637
1725280954.4377842
1725280954.4418473
1725280954.4679675
1725280954.4685445
1725280954.47757
1725280954.499059
1725280954.5250037
1725280954.5338235
1725280954.6100101
1725280954.6107578
1725280954.631197
1725280954.631719
1725280954.632232
1725280954.651063
1725280954.71935
1725280954.7438145
1725280954.7441952
1725280954.7455325
1725280954.746187
1725280954.760858
1725280954.7614343
1725280954.7794375
1725280954.8256779
1725280954.8261673
1725280954.8521624
1725280954.8811488
1725280954.9207091
1725280954.9217532
1725280954.958993
1725280954.9594147
1725280954.960272
1725280954.980677
1725280955.0214868
1725280955.0222232
1725280955.0374165
1725280955.0570645
1725280955.1181304
1725280955.1261737
1725280955.1678867
1725280955.1687942
1725280955.252043
1725280955.304333
1725280955.3052266
1725280955.3099127
1725280955.3336034
1725280955.333924
1725280955.3344336
1725280955.334988
1725280955.348425
1725280955.3495314
1725280955.36488
1725280955.383508
1725280955.407537
1725280955.4330077
1725280955.4337044
1725280955.5160615
1725280955.51658
1725280955.5177708
1725280955.5308175
1725280955.5316103
1725280955.5669243
1725280955.5680406
1725280955.5957477
1725280955.5962274
1725280955.6142957
1725280955.6462169
1725280955.6492856
1725280955.701412
1725280955.7019267
1725280955.7089677
1725280955.7332664
1725280955.74724
1725280955.8110502
1725280955.8121834
1725280955.8128972
1725280955.8217397
1725280955.822606
1725280955.8512678
1725280955.8652043
1725280955.9885893
1725280955.9895735
1725280956.0214975
1725280956.022221
1725280956.0555573
1725280956.0561123
1725280956.0569837
1725280956.060125
1725280956.0610769
1725280956.1349115
1725280956.1352754
1725280956.139333
1725280956.139763
1725280956.1413019
1725280956.1694934
1725280956.1703782
1725280956.2151818
1725280956.2186265
1725280956.2398007
1725280956.260126
1725280956.2607298
1725280956.2835095
1725280956.3374224
1725280956.3383849
1725280956.3646977
1725280956.367806
1725280956.376624
1725280956.39972
1725280956.4559383
1725280956.45642
1725280956.4617302
1725280956.505853
1725280956.506403
1725280956.5196695
1725280956.528218
1725280956.5384834
1725280956.566945
1725280956.579933
1725280956.6225057
1725280956.6234875
1725280956.6264055
1725280956.6543138
1725280956.6544535
1725280956.7119253
1725280956.7120752
1725280956.71274
1725280956.7169478
1725280956.7426667
1725280956.8137956
1725280956.8146958
1725280956.815183
1725280956.8397124
1725280956.8403192
1725280956.8404734
1725280956.864986
1725280956.865535
1725280956.8895636
1725280956.9281478
1725280956.93905
1725280956.9747903
1725280956.9753764
1725280956.983564
1725280957.009769
1725280957.0525732
1725280957.0536754
1725280957.1120985
1725280957.1130116
1725280957.113035
1725280957.1131477
1725280957.1512344
1725280957.1850083
1725280957.2380562
1725280957.28237
1725280957.283002
1725280957.2839305
1725280957.2944975
1725280957.34861
1725280957.3491943
1725280957.349684
1725280957.3840148
1725280957.3861525
1725280957.3909144
1725280957.4236412
1725280957.4244392
1725280957.4369283
1725280957.4853113
1725280957.4864829
1725280957.578624
1725280957.5878305
1725280957.5886226
1725280957.5892503
1725280957.5915835
1725280957.6029932
1725280957.6276093
1725280957.656298
1725280957.6765997
1725280957.7646775
1725280957.7648857
1725280957.7654696
1725280957.7695787
1725280957.7940285
1725280957.7945259
1725280957.7950022
1725280957.7964287
1725280957.8253946
1725280957.8443086
1725280957.8474314
1725280957.8739495
1725280957.9302294
1725280957.9426486
1725280957.9682603
1725280957.9691784
1725280957.9810157
1725280957.9818106
1725280958.0004902
1725280958.01118
1725280958.0696568
1725280958.0700493
1725280958.0705144
1725280958.103828
1725280958.1268966
1725280958.154122
1725280958.1558614
1725280958.1876774
1725280958.1877859
1725280958.3135705
1725280958.314225
1725280958.3272588
1725280958.3315463
1725280958.3320107
1725280958.3331194
1725280958.3514411
1725280958.3733401
1725280958.389138
1725280958.421787
1725280958.490644
1725280958.4994485
1725280958.5001335
1725280958.500585
1725280958.525857
1725280958.5397885
1725280958.5571828
1725280958.5693758
1725280958.6137683
1725280958.6187065
1725280958.6723902
1725280958.6732392
1725280958.7032268
1725280958.7037313
1725280958.704201
1725280958.704794
1725280958.7076397
1725280958.7275095
1725280958.7585425
1725280958.7594314
1725280958.784251
1725280958.884327
1725280958.885341
1725280958.9111269
1725280958.911635
1725280958.9124713
1725280958.9465177
1725280958.9472938
1725280958.9873593
1725280958.9879093
1725280958.9884503
1725280958.9998186
1725280959.0186276
1725280959.0540285
1725280959.0541456
1725280959.1121771
1725280959.1128578
1725280959.1133146
1725280959.1167798
1725280959.1311934
1725280959.1895988
1725280959.1910508
1725280959.2580085
1725280959.2592888
1725280959.2666063
1725280959.2667236
1725280959.2668452
1725280959.2893558
1725280959.3165448
1725280959.3473399
1725280959.3650599
1725280959.3849778
1725280959.3857245
1725280959.43807
1725280959.4386077
1725280959.4714277
1725280959.5078287
1725280959.5085094
1725280959.5188491
1725280959.5193322
1725280959.5515857
1725280959.571932
1725280959.6306314
1725280959.63209
1725280959.6491144
1725280959.6496432
1725280959.6501694
1725280959.7353067
1725280959.7354388
1725280959.7610168
1725280959.7627425
1725280959.763475
1725280959.7643847
1725280959.791739
1725280959.7922904
1725280959.8346896
1725280959.8347757
1725280959.8564823
1725280959.9813883
1725280959.9823227
1725280960.021863
1725280960.022368
1725280960.0228915
1725280960.0236583
1725280960.0263004
1725280960.035473
1725280960.0365999
1725280960.0713055
1725280960.0723622
1725280960.072989
1725280960.0735037
1725280960.132359
1725280960.1331005
1725280960.1335092
1725280960.1375773
1725280960.1381118
1725280960.2019854
1725280960.213589
1725280960.2142336
1725280960.2337546
1725280960.2344508
1725280960.250222
1725280960.3107448
1725280960.3114388
1725280960.3347661
1725280960.358984
1725280960.359016
1725280960.368736
1725280960.4256067
1725280960.4525383
1725280960.4716287
1725280960.4917839
1725280960.4920278
1725280960.5416157
1725280960.5799472
1725280960.5804982
1725280960.6088145
1725280960.6094675
1725280960.6478407
1725280960.6487763
1725280960.669705
1725280960.670569
1725280960.7180603
1725280960.7187304
1725280960.7215023
1725280960.8075933
1725280960.8470216
1725280960.847507
1725280960.8479917
1725280960.8603985
1725280960.8615878
1725280960.8625205
1725280960.8842654
1725280960.9137287
1725280960.9311204
1725280960.9417508
1725280960.9637272
1725280960.977379
1725280961.0321274
1725280961.0331402
1725280961.033862
1725280961.0507371
1725280961.08059
1725280961.0822213
1725280961.098357
1725280961.151092
1725280961.15161
1725280961.1522994
1725280961.201288
1725280961.2759094
1725280961.2769248
1725280961.2812455
1725280961.281779
1725280961.282313
1725280961.2976522
1725280961.3084328
1725280961.3090029
1725280961.321561
1725280961.3581963
1725280961.4027839
1725280961.402956
1725280961.4185648
1725280961.4396558
1725280961.4574943
1725280961.4842596
1725280961.4866831
1725280961.5164583
1725280961.5500264
1725280961.5502367
1725280961.5651278
1725280961.662774
1725280961.663866
1725280961.664428
1725280961.6658251
1725280961.7326252
1725280961.7382393
1725280961.7693024
1725280961.7698696
1725280961.7856615
1725280961.8210201
1725280961.8215325
1725280961.82205
1725280961.8434713
1725280961.8767629
1725280961.8773901
1725280961.9170177
1725280961.917452
1725280961.9222536
1725280961.9474905
1725280961.9834764
1725280961.983969
1725280961.9945705
1725280962.046124
1725280962.046761
1725280962.047336
1725280962.0864043
1725280962.0869544
1725280962.109221
1725280962.175263
1725280962.176806
1725280962.1875656
1725280962.188222
1725280962.210871
1725280962.2284381
1725280962.254595
1725280962.2597744
1725280962.282949
1725280962.283722
1725280962.3226242
1725280962.3227355
1725280962.3317118
1725280962.372264
1725280962.3728027
1725280962.3922071
1725280962.4492557
1725280962.4514818
1725280962.461785
1725280962.490889
1725280962.4914331
1725280962.522491
1725280962.52338
1725280962.613614
1725280962.6143882
1725280962.6257482
1725280962.638429
1725280962.6389184
1725280962.6537843
1725280962.6609244
1725280962.6844099
1725280962.722072
1725280962.7306767
1725280962.7409542
1725280962.7820737
1725280962.7826188
1725280962.8101475
1725280962.8430705
1725280962.8935704
1725280962.8960087
1725280962.9011202
1725280962.9022782
1725280963.0174134
1725280963.0189545
1725280963.0194664
1725280963.0370426
1725280963.0379965
1725280963.0384786
1725280963.0391438
1725280963.0403144
1725280963.0631607
1725280963.120551
1725280963.1211483
1725280963.1216474
1725280963.1291203
1725280963.1714213
1725280963.1719894
1725280963.1725733
1725280963.2024064
1725280963.2029727
1725280963.2225733
1725280963.2332454
1725280963.2730763
1725280963.273727
1725280963.2956982
1725280963.2962625
1725280963.3731024
1725280963.3737001
1725280963.374059
1725280963.3860023
1725280963.3865442
1725280963.4424465
1725280963.4433105
1725280963.4459674
1725280963.4610827
1725280963.4814892
1725280963.5544596
1725280963.5552504
1725280963.5557442
1725280963.5575492
1725280963.6040676
1725280963.6048484
1725280963.6048758
1725280963.6334977
1725280963.6552117
1725280963.7818754
1725280963.8033266
1725280963.837166
1725280963.8377984
1725280963.8491006
1725280963.8497486
1725280963.8503203
1725280963.8539004
1725280963.8669353
1725280963.8845026
1725280963.8845925
1725280963.9066665
1725280963.971368
1725280963.9719412
1725280963.9724557
1725280963.9840274
1725280964.0084255
1725280964.0330079
1725280964.0542893
1725280964.0704074
1725280964.0872102
1725280964.1018178
1725280964.139504
1725280964.1401966
1725280964.1661801
1725280964.203721
1725280964.2046695
1725280964.282944
1725280964.2835262
1725280964.2840219
1725280964.3105273
1725280964.3114898
1725280964.3119123
1725280964.3747213
1725280964.377222
1725280964.3783722
1725280964.3798542
1725280964.4356809
1725280964.4361959
1725280964.4465606
1725280964.4567661
1725280964.4741266
1725280964.5118587
1725280964.5124269
1725280964.5130837
1725280964.5259323
1725280964.5777786
1725280964.5783393
1725280964.5792034
1725280964.6228204
1725280964.6680055
1725280964.6685665
1725280964.7021792
1725280964.7024097
1725280964.702479
1725280964.7457688
1725280964.7459297
1725280964.7745914
1725280964.7804909
1725280964.801518
1725280964.8621058
1725280964.8782554
1725280964.9137578
1725280964.9144742
1725280964.9156866
1725280964.9788084
1725280964.979691
1725280964.9823778
1725280965.0113387
1725280965.030649
1725280965.1044414
1725280965.1049078
1725280965.1053967
1725280965.1062355
1725280965.109122
1725280965.142473
1725280965.1430333
1725280965.1539128
1725280965.184202
1725280965.1873286
1725280965.2396154
1725280965.2400959
1725280965.261749
1725280965.2637587
1725280965.2834525
1725280965.2840207
1725280965.3349357
1725280965.3353934
1725280965.3617187
1725280965.376195
1725280965.4320357
1725280965.4587607
1725280965.459405
1725280965.4600961
1725280965.4618597
1725280965.4922664
1725280965.5246246
1725280965.5251424
1725280965.5389073
1725280965.5502474
1725280965.5694582
1725280965.6309764
1725280965.6310732
1725280965.6321826
1725280965.6521323
1725280965.6835113
1725280965.6847517
1725280965.7161381
1725280965.7171881
1725280965.759332
1725280965.7598605
1725280965.8456876
1725280965.8462367
1725280965.881163
1725280965.88137
1725280965.9057212
1725280965.9062173
1725280965.9078813
1725280965.9447513
1725280965.9452941
1725280965.9619625
1725280966.0068772
1725280966.0074174
1725280966.0441074
1725280966.044665
1725280966.0455601
1725280966.1029778
1725280966.1039572
1725280966.131359
1725280966.1318781
1725280966.149444
1725280966.1783178
1725280966.1794598
1725280966.1946385
1725280966.2155702
1725280966.2389987
1725280966.2506924
1725280966.274946
1725280966.2891326
1725280966.3249576
1725280966.3254454
1725280966.3649538
1725280966.3655605
1725280966.3669467
1725280966.3912294
1725280966.441084
1725280966.4415197
1725280966.4420316
1725280966.4532604
1725280966.4658144
1725280966.4804914
1725280966.5280068
1725280966.528811
1725280966.5384548
1725280966.550773
1725280966.5589523
1725280966.5902126
1725280966.5907183
1725280966.6611378
1725280966.661625
1725280966.6621716
1725280966.6830215
1725280966.7200763
1725280966.7208745
1725280966.7475
1725280966.748286
1725280966.7709432
1725280966.7986703
1725280966.7991517
1725280966.8358133
1725280966.8517873
1725280966.8616195
1725280966.904818
1725280966.9051888
1725280966.965025
1725280967.0116973
1725280967.0757303
1725280967.114967
1725280967.1159093
1725280967.1243749
1725280967.1251078
1725280967.1256678
1725280967.1262608
1725280967.135021
1725280967.1354866
1725280967.1648142
1725280967.1766138
1725280967.216049
1725280967.2164214
1725280967.2178476
1725280967.2779498
1725280967.286674
1725280967.322756
1725280967.3233511
1725280967.3410378
1725280967.4007857
1725280967.4013255
1725280967.4017951
1725280967.4261553
1725280967.4492178
1725280967.4500055
1725280967.463146
1725280967.4908595
1725280967.5814047
1725280967.5818374
1725280967.582346
1725280967.605828
1725280967.606646
1725280967.6072407
1725280967.6300828
1725280967.6306067
1725280967.6311734
1725280967.651746
1725280967.7256985
1725280967.8008375
1725280967.801302
1725280967.8375347
1725280967.8380618
1725280967.8385897
1725280967.9271207
1725280967.930103
1725280967.930592
1725280967.931107
1725280967.9434247
1725280967.958417
1725280967.9586127
1725280967.9586964
1725280967.9644182
1725280967.964869
1725280967.9858289
1725280968.0030859
1725280968.0223427
1725280968.0377657
1725280968.0943747
1725280968.094835
1725280968.130817
1725280968.1595614
1725280968.1600206
1725280968.1684875
1725280968.2251348
1725280968.2259915
1725280968.244193
1725280968.2782905
1725280968.333611
1725280968.3341196
1725280968.3345885
1725280968.3350492
1725280968.4709098
1725280968.5028665
1725280968.5035956
1725280968.5040615
1725280968.5111604
1725280968.5116384
1725280968.51216
1725280968.5134656
1725280968.5597315
1725280968.5608814
1725280968.5646179
1725280968.6105032
1725280968.6110628
1725280968.612912
1725280968.6645586
1725280968.6653135
1725280968.6657877
1725280968.6742983
1725280968.6749423
1725280968.6776657
1725280968.7663522
1725280968.7669792
1725280968.7674375
1725280968.7924008
1725280968.794492
1725280968.8064983
1725280968.8071136
1725280968.8314023
1725280968.848598
1725280968.9024234
1725280968.9041216
1725280968.904243
1725280968.9272642
1725280968.9487135
1725280968.9878504
1725280968.996582
1725280968.9970417
1725280969.0107937
1725280969.0239298
1725280969.0585794
1725280969.072273
1725280969.0879858
1725280969.122039
1725280969.1505928
1725280969.1510386
1725280969.1880887
1725280969.1887293
1725280969.2224982
1725280969.249495
1725280969.2499988
1725280969.269777
1725280969.3051267
1725280969.3059225
1725280969.3412595
1725280969.3640733
1725280969.3866858
1725280969.387186
1725280969.4050531
1725280969.455509
1725280969.4564853
1725280969.477536
1725280969.4780521
1725280969.5097325
1725280969.5104253
1725280969.5254502
1725280969.5614836
1725280969.562003
1725280969.5928557
1725280969.5933785
1725280969.6147866
1725280969.635023
1725280969.641128
1725280969.6606834
1725280969.6859064
1725280969.7162097
1725280969.7168787
1725280969.7510133
1725280969.7515166
1725280969.776654
1725280969.7772713
1725280969.8330548
1725280969.8343666
1725280969.8351526
1725280969.8400033
1725280969.8565917
1725280969.8787544
1725280969.915037
1725280969.915512
1725280969.9422014
1725280969.9590752
1725280970.0028198
1725280970.003303
1725280970.0049665
1725280970.027076
1725280970.0630274
1725280970.063622
1725280970.111664
1725280970.112558
1725280970.1125858
1725280970.1300113
1725280970.170414
1725280970.2085996
1725280970.2285905
1725280970.2805886
1725280970.2814076
1725280970.3107204
1725280970.3195844
1725280970.3371086
1725280970.4046948
1725280970.4051833
1725280970.405671
1725280970.4082222
1725280970.4537106
1725280970.4545705
1725280970.4585626
1725280970.4824579
1725280970.4830258
1725280970.513813
1725280970.5752773
1725280970.576034
1725280970.5763803
1725280970.605956
1725280970.6065938
1725280970.6462393
1725280970.6463594
1725280970.6941085
1725280970.6953433
1725280970.7429104
1725280970.743481
1725280970.7611027
1725280970.7682552
1725280970.7688818
1725280970.7901921
1725280970.8114066
1725280970.8666518
1725280970.8672218
1725280970.9045835
1725280970.905193
1725280970.9057071
1725280970.9210367
1725280971.0185492
1725280971.025042
1725280971.0268161
1725280971.0317574
1725280971.0325396
1725280971.033098
1725280971.0425618
1725280971.0522633
1725280971.0921829
1725280971.0930831
1725280971.130629
1725280971.1854947
1725280971.185968
1725280971.1864343
1725280971.2176416
1725280971.2412126
1725280971.2420807
1725280971.2533262
1725280971.2998524
1725280971.300886
1725280971.3259604
1725280971.352479
1725280971.3778186
1725280971.4114988
1725280971.4193444
1725280971.457992
1725280971.483744
1725280971.4983373
1725280971.4993083
1725280971.5512881
1725280971.5514665
1725280971.5603342
1725280971.5827775
1725280971.5992746
1725280971.6325417
1725280971.641107
1725280971.6416883
1725280971.6691277
1725280971.7073643
1725280971.7079062
1725280971.7084827
1725280971.7550628
1725280971.755962
1725280971.7693977
1725280971.7948692
1725280971.7956226
1725280971.853739
1725280971.8547375
1725280971.861855
1725280971.8757718
1725280971.889672
1725280971.9076211
1725280971.9393244
1725280971.9504976
1725280972.0111763
1725280972.0118148
1725280972.012441
1725280972.0465944
1725280972.047364
1725280972.0561583
1725280972.1082988
1725280972.1090555
1725280972.1094718
1725280972.1389232
1725280972.139385
1725280972.173781
1725280972.2033381
1725280972.3291056
1725280972.331904
1725280972.3520741
1725280972.353544
1725280972.35406
1725280972.3616726
1725280972.3621829
1725280972.3885825
1725280972.3907888
1725280972.4255924
1725280972.4261196
1725280972.4294837
1725280972.4503865
1725280972.4993262
1725280972.5015926
1725280972.5167222
1725280972.539186
1725280972.5567558
1725280972.5600848
1725280972.6361704
1725280972.6795015
1725280972.680763
1725280972.6845987
1725280972.6930575
1725280972.6935282
1725280972.7113183
1725280972.7123914
1725280972.729362
1725280972.7801814
1725280972.7803302
1725280972.7945333
1725280972.8090985
1725280972.8243382
1725280972.8721697
1725280972.8727856
1725280972.873312
1725280972.890989
1725280972.919284
1725280972.963591
1725280972.9642222
1725280972.9650059
1725280972.9900026
1725280973.004041
1725280973.0636015
1725280973.0646858
1725280973.0653045
1725280973.0796063
1725280973.0801096
1725280973.1001806
1725280973.1471183
1725280973.147797
1725280973.1486845
1725280973.2263937
1725280973.2269237
1725280973.2882063
1725280973.2899473
1725280973.290823
1725280973.3319087
1725280973.3326774
1725280973.3332539
1725280973.3339086
1725280973.3427255
1725280973.3852777
1725280973.3859682
1725280973.386005
1725280973.4026597
1725280973.434233
1725280973.471887
1725280973.5046396
1725280973.5680962
1725280973.5692377
1725280973.5838656
1725280973.608289
1725280973.6088734
1725280973.6543381
1725280973.6546576
1725280973.6551664
1725280973.6623523
1725280973.7131202
1725280973.7137249
1725280973.7142854
1725280973.7445457
1725280973.7450566
1725280973.7790637
1725280973.815074
1725280973.8778758
1725280973.877997
1725280973.8788908
1725280973.8981714
1725280973.8986728
1725280973.9167213
1725280973.9527977
1725280973.9719865
1725280974.0101144
1725280974.0106416
1725280974.0318837
1725280974.0319772
1725280974.0547588
1725280974.0661967
1725280974.0747526
1725280974.108054
1725280974.1089606
1725280974.1426916
1725280974.1427948
1725280974.2037642
1725280974.204187
1725280974.2121768
1725280974.2300298
1725280974.271063
1725280974.271646
1725280974.274174
1725280974.3060226
1725280974.3068342
1725280974.3188655
1725280974.33599
1725280974.3927896
1725280974.3945105
1725280974.4387703
1725280974.4392228
1725280974.4607453
1725280974.491535
1725280974.4919932
1725280974.5032053
1725280974.5406046
1725280974.567277
1725280974.5676947
1725280974.6115904
1725280974.6121466
1725280974.6398115
1725280974.6674597
1725280974.706553
1725280974.7073083
1725280974.743964
1725280974.751618
1725280974.77705
1725280974.8134305
1725280974.8144212
1725280974.826318
1725280974.907728
1725280974.9082859
1725280974.9163492
1725280974.9176178
1725280974.9201136
1725280974.9343355
1725280974.9515014
1725280974.9548755
1725280974.975544
1725280975.02512
1725280975.0258958
1725280975.0877094
1725280975.0888436
1725280975.100945
1725280975.1024804
1725280975.1169012
1725280975.1192925
1725280975.154499
1725280975.1549366
1725280975.181218
1725280975.189581
1725280975.252671
1725280975.2533495
1725280975.2726388
1725280975.2733567
1725280975.3198192
1725280975.320711
1725280975.3224616
1725280975.336627
1725280975.3677287
1725280975.368366
1725280975.379643
1725280975.3971047
1725280975.417233
1725280975.461961
1725280975.4899414
1725280975.4906673
1725280975.5322268
1725280975.5330975
1725280975.5549908
1725280975.5555801
1725280975.603492
1725280975.6043305
1725280975.640317
1725280975.6719189
1725280975.6728477
1725280975.695859
1725280975.6959715
1725280975.718729
1725280975.7715914
1725280975.8049428
1725280975.805486
1725280975.8062747
1725280975.831047
1725280975.8316095
1725280975.8668237
1725280975.9292288
1725280975.942573
1725280975.9443147
1725280975.944913
1725280975.9511743
1725280975.9924057
1725280975.9932067
1725280975.9937572
1725280976.0288656
1725280976.0771341
1725280976.077871
1725280976.0784957
1725280976.094574
1725280976.141193
1725280976.1412811
1725280976.1413836
1725280976.1657524
1725280976.1666503
1725280976.1835895
1725280976.206772
1725280976.2279172
1725280976.2287278
1725280976.272147
1725280976.2727263
1725280976.298739
1725280976.2992828
1725280976.3163855
1725280976.3302507
1725280976.3456385
1725280976.3709075
1725280976.3956015
1725280976.39642
1725280976.414846
1725280976.430484
1725280976.5189297
1725280976.5660093
1725280976.5670261
1725280976.5675905
1725280976.5771666
1725280976.577647
1725280976.5935438
1725280976.5940435
1725280976.625033
1725280976.6256843
1725280976.6654775
1725280976.665511
1725280976.7077317
1725280976.739947
1725280976.753939
1725280976.8016632
1725280976.8033302
1725280976.8260078
1725280976.8819926
1725280976.882576
1725280976.8896835
1725280976.8902364
1725280976.908822
1725280976.9259436
1725280976.9395764
1725280976.9620345
1725280976.9861894
1725280976.986982
1725280977.006209
1725280977.044881
1725280977.1648571
1725280977.2020414
1725280977.2030437
1725280977.2035944
1725280977.204267
1725280977.235323
1725280977.2357335
1725280977.2362068
1725280977.2878635
1725280977.2887013
1725280977.3248296
1725280977.3253555
1725280977.3259006
1725280977.33443
1725280977.3349385
1725280977.335452
1725280977.3592703
1725280977.417168
1725280977.4176972
1725280977.4184518
1725280977.4325552
1725280977.4333444
1725280977.4886625
1725280977.5218143
1725280977.5446966
1725280977.5447922
1725280977.54486
1725280977.5574977
1725280977.5700378
1725280977.6073523
1725280977.6078632
1725280977.626203
1725280977.6480787
1725280977.6778562
1725280977.7067904
1725280977.7419407
1725280977.7420268
1725280977.80422
1725280977.8052003
1725280977.8058634
1725280977.818538
1725280977.837506
1725280977.8489268
1725280977.8870544
1725280977.9167569
1725280977.9287698
1725280977.9398282
1725280977.9648952
1725280977.9926476
1725280978.0325649
1725280978.0332549
1725280978.1026273
1725280978.1034567
1725280978.1042283
1725280978.1065023
1725280978.1224067
1725280978.1446698
1725280978.1825194
1725280978.1832824
1725280978.2080998
1725280978.2087164
1725280978.2258997
1725280978.268913
1725280978.2694008
1725280978.299762
1725280978.3007238
1725280978.3181322
1725280978.3570604
1725280978.3571644
1725280978.374857
1725280978.4349625
1725280978.4355397
1725280978.4361289
1725280978.504604
1725280978.50489
1725280978.5050602
1725280978.5052228
1725280978.5366137
1725280978.5371068
1725280978.5641189
1725280978.5841486
1725280978.585318
1725280978.6048627
1725280978.6261263
1725280978.6428761
1725280978.6709776
1725280978.6718097
1725280978.7049334
1725280978.7260501
1725280978.7458184
1725280978.7778752
1725280978.779232
1725280978.7921216
1725280978.8402095
1725280978.8408914
1725280978.8923664
1725280978.9134977
1725280978.9215205
1725280978.9231896
1725280978.9543214
1725280978.954799
1725280978.9620664
1725280978.9989088
1725280979.0119977
1725280979.03882
1725280979.0537753
1725280979.0542426
1725280979.099371
1725280979.0997443
1725280979.1228158
1725280979.1447375
1725280979.1782832
1725280979.17884
1725280979.2098842
1725280979.2104
1725280979.236145
1725280979.2375062
1725280979.2700262
1725280979.358441
1725280979.3591473
1725280979.3754077
1725280979.3760676
1725280979.3766587
1725280979.377889
1725280979.4320717
1725280979.4327586
1725280979.4358575
1725280979.4418712
1725280979.4904842
1725280979.4909909
1725280979.4931989
1725280979.572493
1725280979.5733287
1725280979.573854
1725280979.5746698
1725280979.5772848
1725280979.6019094
1725280979.6021986
1725280979.6240046
1725280979.6507218
1725280979.651043
1725280979.6793158
1725280979.6800342
1725280979.720585
1725280979.7907336
1725280979.8007586
1725280979.8015094
1725280979.8025477
1725280979.8036783
1725280979.8168867
1725280979.835861
1725280979.8753822
1725280979.9180536
1725280979.918992
1725280979.919027
1725280979.9280133
1725280979.9529402
1725280980.0206316
1725280980.0392287
1725280980.0610006
1725280980.0616121
1725280980.0902936
1725280980.1039495
1725280980.1407166
1725280980.175951
1725280980.1764908
1725280980.1770906
1725280980.1909897
1725280980.231223
1725280980.2313445
1725280980.286258
1725280980.2863772
1725280980.286983
1725280980.3006356
1725280980.360669
1725280980.361692
1725280980.3755171
1725280980.436596
1725280980.4371197
1725280980.4379332
1725280980.4493313
1725280980.4744356
1725280980.552143
1725280980.5532463
1725280980.5573463
1725280980.5710857
1725280980.571623
1725280980.572151
1725280980.5778446
1725280980.5941777
1725280980.6174033
1725280980.6464841
1725280980.6470017
1725280980.6659985
1725280980.719807
1725280980.7205312
1725280980.742888
1725280980.7644925
1725280980.791498
1725280980.7929456
1725280980.7934766
1725280980.8170571
1725280980.900616
1725280980.9011607
1725280980.9017026
1725280980.910003
1725280980.914501
1725280980.9614282
1725280980.962424
1725280980.9738708
1725280981.020088
1725280981.0201821
1725280981.0769544
1725280981.0779788
1725280981.102398
1725280981.1028755
1725280981.10358
1725280981.121173
1725280981.1919122
1725280981.192846
1725280981.2022545
1725280981.2447484
1725280981.2503111
1725280981.301575
1725280981.3024402
1725280981.3301797
1725280981.3340814
1725280981.3578122
1725280981.402863
1725280981.4033396
1725280981.4067807
1725280981.425006
1725280981.4357505
1725280981.4986365
1725280981.4991343
1725280981.499641
1725280981.5069258
1725280981.5239158
1725280981.605478
1725280981.606104
1725280981.615177
1725280981.615311
1725280981.6191561
1725280981.6353114
1725280981.6848958
1725280981.6856008
1725280981.6861348
1725280981.709447
1725280981.720218
1725280981.732641
1725280981.7701204
1725280981.7898808
1725280981.7936943
1725280981.8078253
1725280981.835067
1725280981.8868432
1725280981.8876793
1725280981.963105
1725280981.9636319
1725280981.9641964
1725280981.9647748
1725280981.9668753
1725280981.9899728
1725280982.0001369
1725280982.0124686
1725280982.030387
1725280982.131219
1725280982.131725
1725280982.1322536
1725280982.1417174
1725280982.1870973
1725280982.2539334
1725280982.2554638
1725280982.2954202
1725280982.2958977
1725280982.2965906
1725280982.297117
1725280982.3136382
1725280982.3321998
1725280982.3326802
1725280982.3332329
1725280982.3374684
1725280982.3738022
1725280982.3938227
1725280982.436779
1725280982.445187
1725280982.4457247
1725280982.4462507
1725280982.461457
1725280982.5144901
1725280982.515027
1725280982.5426
1725280982.545754
1725280982.6583323
1725280982.658845
1725280982.6593366
1725280982.735668
1725280982.7361085
1725280982.7366636
1725280982.7499957
1725280982.7509778
1725280982.756189
1725280982.756358
1725280982.7609446
1725280982.7614322
1725280982.7619715
1725280982.7827833
1725280982.8091373
1725280982.8099654
1725280982.8344085
1725280982.860286
1725280982.860866
1725280982.8870523
1725280982.8876853
1725280982.9257445
1725280982.926174
1725280982.9308765
1725280982.9477408
1725280983.0257232
1725280983.026667
1725280983.0381303
1725280983.0386248
1725280983.0574863
1725280983.0771759
1725280983.0777192
1725280983.1015847
1725280983.141411
1725280983.1425066
1725280983.187096
1725280983.187132
1725280983.2374487
1725280983.2551913
1725280983.283255
1725280983.2936378
1725280983.3210487
1725280983.3598611
1725280983.3609865
1725280983.40359
1725280983.4217386
1725280983.4221704
1725280983.4322016
1725280983.4430707
1725280983.4828844
1725280983.4834135
1725280983.5033567
1725280983.5318782
1725280983.5325384
1725280983.5599196
1725280983.6046317
1725280983.61343
1725280983.6233327
1725280983.6475341
1725280983.6631432
1725280983.6789877
1725280983.7068202
1725280983.7201755
1725280983.7548246
1725280983.7556694
1725280983.770877
1725280983.8474112
1725280983.8479
1725280983.8492107
1725280983.8681557
1725280983.8686593
1725280983.8916192
1725280983.8922071
1725280983.9098084
1725280983.9459877
1725280983.9473598
1725280983.948033
1725280984.0103443
1725280984.0142732
1725280984.029785
1725280984.0386171
1725280984.1147254
1725280984.1152513
1725280984.1166365
1725280984.139792
1725280984.1402366
1725280984.1408339
1725280984.1855612
1725280984.2209668
1725280984.2214377
1725280984.302296
1725280984.3027563
1725280984.3032372
1725280984.3083959
1725280984.309301
1725280984.3338735
1725280984.33496
1725280984.3681643
1725280984.3812993
1725280984.4077084
1725280984.433444
1725280984.4552126
1725280984.4704595
1725280984.500817
1725280984.5341315
1725280984.5356057
1725280984.6026917
1725280984.602787
1725280984.6028862
1725280984.6308312
1725280984.6313086
1725280984.6601644
1725280984.6836407
1725280984.684266
1725280984.702068
1725280984.7119682
1725280984.735871
1725280984.7808704
1725280984.781119
1725280984.7813034
1725280984.79718
1725280984.8287928
1725280984.829757
1725280984.845172
1725280984.909213
1725280984.9105089
1725280984.9342756
1725280984.934872
1725280984.961983
1725280984.9650435
1725280984.9982288
1725280985.0144804
1725280985.054651
1725280985.0547519
1725280985.055491
1725280985.0889719
1725280985.098759
1725280985.110398
1725280985.1892602
1725280985.1897047
1725280985.1901815
1725280985.1906369
1725280985.1988382
1725280985.220969
1725280985.2966578
1725280985.2970695
1725280985.3036335
1725280985.3125482
1725280985.3136601
1725280985.354267
1725280985.354766
1725280985.3783612
1725280985.3897135
1725280985.403963
1725280985.457627
1725280985.4581196
1725280985.4671872
1725280985.488411
1725280985.5394404
1725280985.5416243
1725280985.5663671
1725280985.5750332
1725280985.5918956
1725280985.607555
1725280985.6546466
1725280985.6576889
1725280985.6857486
1725280985.6863182
1725280985.7250977
1725280985.7257323
1725280985.7430096
1725280985.7887142
1725280985.7889469
1725280985.8196664
1725280985.82014
1725280985.860079
1725280985.8602064
1725280985.8668492
1725280985.886043
1725280985.8962278
1725280985.9392812
1725280985.9402933
1725280985.9644566
1725280985.9730701
1725280986.0050166
1725280986.0051146
1725280986.020803
1725280986.0380201
1725280986.0979896
1725280986.0988338
1725280986.1007528
1725280986.1013052
1725280986.1436222
1725280986.1441383
1725280986.1827385
1725280986.1832242
1725280986.1837227
1725280986.1964195
1725280986.2139773
1725280986.2715082
1725280986.3162186
1725280986.316921
1725280986.3268013
1725280986.3273234
1725280986.3472023
1725280986.3505492
1725280986.3920143
1725280986.4630263
1725280986.4631562
1725280986.4631848
1725280986.4632087
1725280986.4903982
1725280986.5771213
1725280986.5820518
1725280986.6467261
1725280986.6590855
1725280986.660149
1725280986.6924286
1725280986.693071
1725280986.6936839
1725280986.7025456
1725280986.7027483
1725280986.7378683
1725280986.738521
1725280986.7547777
1725280986.7912364
1725280986.7918127
1725280986.81017
1725280986.8482795
1725280986.8924434
1725280986.9173162
1725280986.91743
1725280986.9175513
1725280986.9338722
1725280986.9515278
1725280986.9727354
1725280986.992708
1725280987.0389616
1725280987.0396051
1725280987.0401514
1725280987.0822752
1725280987.08279
1725280987.1224196
1725280987.1230102
1725280987.123616
1725280987.1610172
1725280987.1617181
1725280987.1813657
1725280987.2432842
1725280987.24375
1725280987.2442138
1725280987.308464
1725280987.3191473
1725280987.319784
1725280987.3214145
1725280987.3358393
1725280987.3364782
1725280987.355819
1725280987.368055
1725280987.3846009
1725280987.4033232
1725280987.4501479
1725280987.4732242
1725280987.485938
1725280987.5372965
1725280987.5378816
1725280987.5383463
1725280987.562867
1725280987.6795475
1725280987.6806538
1725280987.6878705
1725280987.68877
1725280987.6889093
1725280987.6995256
1725280987.7496262
1725280987.7506726
1725280987.7596405
1725280987.805836
1725280987.806817
1725280987.8336687
1725280987.8615959
1725280987.8682177
1725280987.9015887
1725280987.9021149
1725280987.9734943
1725280987.9743571
1725280987.9981656
1725280987.9990084
1725280988.0082736
1725280988.0089011
1725280988.0498135
1725280988.0503168
1725280988.0508301
1725280988.081354
1725280988.0822215
1725280988.1260877
1725280988.1267412
1725280988.1303482
1725280988.1793563
1725280988.179874
1725280988.24116
1725280988.2416995
1725280988.2425892
1725280988.250396
1725280988.2927785
1725280988.2935402
1725280988.3188915
1725280988.3443997
1725280988.3445172
1725280988.378632
1725280988.379565
1725280988.3985882
1725280988.4171395
1725280988.4275885
1725280988.4642715
1725280988.4648526
1725280988.4691834
1725280988.577237
1725280988.5786293
1725280988.5787296
1725280988.5932882
1725280988.5933895
1725280988.5941875
1725280988.6120594
1725280988.6402044
1725280988.654686
1725280988.6824043
1725280988.7559984
1725280988.7565894
1725280988.7661219
1725280988.7666738
1725280988.767175
1725280988.8209755
1725280988.8394537
1725280988.8401208
1725280988.852339
1725280988.890301
1725280988.8910744
1725280988.9223228
1725280988.9436648
1725280988.9705148
1725280988.971077
1725280988.9814594
1725280989.0019941
1725280989.0212805
1725280989.0375674
1725280989.0421753
1725280989.0887568
1725280989.1004567
1725280989.1274552
1725280989.12794
1725280989.143795
1725280989.1597092
1725280989.1783843
1725280989.2192452
1725280989.2722034
1725280989.2728443
1725280989.2729464
1725280989.2732763
1725280989.3199022
1725280989.320475
1725280989.3211107
1725280989.3261673
1725280989.353801
1725280989.3542213
1725280989.3776195
1725280989.3906472
1725280989.402049
1725280989.4166603
1725280989.4419034
1725280989.4664893
1725280989.466953
1725280989.485675
1725280989.5228293
1725280989.547361
1725280989.548014
1725280989.5620527
1725280989.5941858
1725280989.6015153
1725280989.6371212
1725280989.6376212
1725280989.666643
1725280989.6935158
1725280989.698293
1725280989.747143
1725280989.7473097
1725280989.787741
1725280989.8266318
1725280989.8374465
1725280989.837555
1725280989.8954973
1725280989.9293585
1725280989.929889
1725280989.9749172
1725280989.9757056
1725280989.975969
1725280989.9851403
1725280989.9986105
1725280990.061642
1725280990.0617387
1725280990.0631065
1725280990.0772932
1725280990.1151674
1725280990.1419644
1725280990.1577847
1725280990.1582446
1725280990.2199585
1725280990.2204988
1725280990.2210207
1725280990.258556
1725280990.2594776
1725280990.3043592
1725280990.3058455
1725280990.319032
1725280990.3372302
1725280990.3421469
1725280990.3587062
1725280990.374132
1725280990.4012964
1725280990.4243193
1725280990.42585
1725280990.4531448
1725280990.4568217
1725280990.4780042
1725280990.5269794
1725280990.554161
1725280990.5725303
1725280990.5726752
1725280990.6114755
1725280990.6124585
1725280990.613087
1725280990.651085
1725280990.6519272
1725280990.652396
1725280990.6926632
1725280990.71391
1725280990.7398775
1725280990.7555523
1725280990.7658348
1725280990.80425
1725280990.8047884
1725280990.833256
1725280990.835357
1725280990.8937836
1725280990.894326
1725280990.9040346
1725280990.9576945
1725280990.9621146
1725280990.986344
1725280991.0076444
1725280991.0192347
1725280991.0542738
1725280991.0758731
1725280991.0883243
1725280991.168963
1725280991.170092
1725280991.1707206
1725280991.1993816
1725280991.1999142
1725280991.2008452
1725280991.2237713
1725280991.2342088
1725280991.2841995
1725280991.284975
1725280991.321282
1725280991.3218584
1725280991.3222663
1725280991.3459847
1725280991.346848
1725280991.4334557
1725280991.4335744
1725280991.4347734
1725280991.4377394
1725280991.438435
1725280991.4648638
1725280991.4814303
1725280991.5782316
1725280991.586379
1725280991.5870078
1725280991.5875719
1725280991.5899568
1725280991.6099155
1725280991.6104822
1725280991.6256943
1725280991.6532454
1725280991.6541765
1725280991.667715
1725280991.693739
1725280991.750218
1725280991.7507188
1725280991.7512777
1725280991.7724771
1725280991.7865937
1725280991.8317165
1725280991.8667228
1725280991.8673036
1725280991.8710399
1725280991.871182
1725280991.8950808
1725280991.913854
1725280991.9424055
1725280991.962298
1725280991.993233
1725280991.993765
1725280992.0220358
1725280992.0620942
1725280992.0631714
1725280992.1651676
1725280992.166244
1725280992.1862476
1725280992.1867557
1725280992.187258
1725280992.1953223
1725280992.1963255
1725280992.2096293
1725280992.2317214
1725280992.2794538
1725280992.279573
1725280992.2824097
1725280992.3133092
1725280992.313779
1725280992.3376684
1725280992.3667946
1725280992.3784823
1725280992.386576
1725280992.4099116
1725280992.4337578
1725280992.434211
1725280992.468921
1725280992.5001585
1725280992.5008087
1725280992.5499277
1725280992.5505502
1725280992.5510821
1725280992.5809348
1725280992.581441
1725280992.6009328
1725280992.6269028
1725280992.627909
1725280992.6467617
1725280992.672944
1725280992.6734838
1725280992.764195
1725280992.7652519
1725280992.7661726
1725280992.7785459
1725280992.779046
1725280992.8062806
1725280992.817274
1725280992.8175082
1725280992.858439
1725280992.859036
1725280992.8700554
1725280992.894053
1725280992.9215605
1725280992.984005
1725280993.0269747
1725280993.0270092
1725280993.0270326
1725280993.0270848
1725280993.0546753
1725280993.0888684
1725280993.1246355
1725280993.1427658
1725280993.1524494
1725280993.1733463
1725280993.2195492
1725280993.2522268
1725280993.2528338
1725280993.2533088
1725280993.2719393
1725280993.2726543
1725280993.2928143
1725280993.3022068
1725280993.3195224
1725280993.3564477
1725280993.3704255
1725280993.4007728
1725280993.4161377
1725280993.4552798
1725280993.4557145
1725280993.4841492
1725280993.484734
1725280993.519225
1725280993.5527406
1725280993.5744176
1725280993.5750718
1725280993.579562
1725280993.6202555
1725280993.620849
1725280993.6402352
1725280993.678313
1725280993.6787689
1725280993.6953888
1725280993.696016
1725280993.7583704
1725280993.7588468
1725280993.7594047
1725280993.7777746
1725280993.8146708
1725280993.8194108
1725280993.859449
1725280993.8596091
1725280993.8607383
1725280993.873036
1725280993.9057238
1725280993.9058244
1725280993.9288347
1725280993.9437733
1725280993.999045
1725280994.0076506
1725280994.0262482
1725280994.0801632
1725280994.0806856
1725280994.0811791
1725280994.08971
1725280994.110692
1725280994.1340039
1725280994.1519752
1725280994.1704001
1725280994.1886303
1725280994.251138
1725280994.287832
1725280994.2892418
1725280994.2929926
1725280994.3153477
1725280994.335886
1725280994.3544626
1725280994.41049
1725280994.4109573
1725280994.433721
1725280994.4545326
1725280994.455129
1725280994.492876
1725280994.493942
1725280994.5102022
1725280994.5350962
1725280994.5356452
1725280994.6144614
1725280994.6150508
1725280994.615531
1725280994.6197774
1725280994.6508083
1725280994.6516998
1725280994.653159
1725280994.6968853
1725280994.7214499
1725280994.721941
1725280994.7496889
1725280994.7500718
1725280994.7728763
1725280994.7857313
1725280994.8505769
1725280994.8511388
1725280994.8516784
1725280994.9238636
1725280994.9245381
1725280994.9250758
1725280994.9731753
1725280994.9746459
1725280994.976021
1725280994.98281
1725280995.0270452
1725280995.0272334
1725280995.0285678
1725280995.0732965
1725280995.0742831
1725280995.09993
1725280995.1147122
1725280995.156546
1725280995.1566556
1725280995.1567738
1725280995.185897
1725280995.2179325
1725280995.220818
1725280995.2505107
1725280995.2768576
1725280995.322292
1725280995.322617
1725280995.3232307
1725280995.3489096
1725280995.3723783
1725280995.3949168
1725280995.4087117
1725280995.4176774
1725280995.4442577
1725280995.4656878
1725280995.4888015
1725280995.5660663
1725280995.582255
1725280995.582901
1725280995.5840588
1725280995.5856872
1725280995.6067097
1725280995.6219664
1725280995.6644123
1725280995.665212
1725280995.7007356
1725280995.7099264
1725280995.7100358
1725280995.7107797
1725280995.7333982
1725280995.755745
1725280995.7640407
1725280995.7742388
1725280995.7903419
1725280995.8097482
1725280995.8259423
1725280995.850807
1725280995.908454
1725280995.908971
1725280995.91163
1725280995.929232
1725280995.929828
1725280995.9633546
1725280995.9638464
1725280995.9812121
1725280995.9897916
1725280996.017564
1725280996.0611377
1725280996.0618906
1725280996.0807683
1725280996.0939968
1725280996.1090717
1725280996.145901
1725280996.1464257
1725280996.2052133
1725280996.205795
1725280996.2062597
1725280996.2347944
1725280996.239106
1725280996.3156934
1725280996.3161168
1725280996.3161795
1725280996.3414528
1725280996.3562195
1725280996.3842845
1725280996.4016583
1725280996.4817047
1725280996.4823623
1725280996.5125284
1725280996.5130908
1725280996.5136342
1725280996.5626554
1725280996.5631764
1725280996.5727055
1725280996.5732656
1725280996.591017
1725280996.5915663
1725280996.612289
1725280996.6571126
1725280996.6813269
1725280996.7272632
1725280996.7280133
1725280996.7287395
1725280996.8092864
1725280996.8100383
1725280996.8105505
1725280996.8137867
1725280996.8270094
1725280996.860389
1725280996.8611233
1725280996.884749
1725280996.9142325
1725280996.9147027
1725280996.9261014
1725280996.9411592
1725280996.971002
1725280996.9716103
1725280996.9933226
1725280997.0235069
1725280997.0240028
1725280997.0378232
1725280997.095106
1725280997.114766
1725280997.11551
1725280997.1654034
1725280997.1659398
1725280997.1664798
1725280997.2174647
1725280997.2175598
1725280997.2187276
1725280997.226373
1725280997.2584438
1725280997.289819
1725280997.3191016
1725280997.3196049
1725280997.3497136
1725280997.3773856
1725280997.378254
1725280997.3953674
1725280997.4413478
1725280997.442855
1725280997.4662766
1725280997.4671206
1725280997.512072
1725280997.5467057
1725280997.5478995
1725280997.584769
1725280997.634805
1725280997.636634
1725280997.6372883
1725280997.6665938
1725280997.6887972
1725280997.708781
1725280997.7557676
1725280997.756242
1725280997.7717028
1725280997.7938666
1725280997.7945027
1725280997.8181326
1725280997.8186667
1725280997.8373759
1725280997.8535948
1725280997.8802776
1725280997.880785
1725280997.962217
1725280997.9641097
1725280998.0101166
1725280998.0109193
1725280998.0272408
1725280998.027729
1725280998.0287201
1725280998.0292833
1725280998.0523336
1725280998.103895
1725280998.104594
1725280998.1541889
1725280998.1551075
1725280998.1766734
1725280998.177312
1725280998.195809
1725280998.2287462
1725280998.229383
1725280998.2595448
1725280998.2609851
1725280998.2654932
1725280998.2874134
1725280998.3082073
1725280998.36682
1725280998.4220939
1725280998.422736
1725280998.4321904
1725280998.4330351
1725280998.4336843
1725280998.4491532
1725280998.4628868
1725280998.4852347
1725280998.5089164
1725280998.5209355
1725280998.566822
1725280998.5669608
1725280998.5953863
1725280998.59549
1725280998.6472702
1725280998.658093
1725280998.658629
1725280998.7006643
1725280998.7011733
1725280998.7320836
1725280998.77064
1725280998.8015575
1725280998.8031194
1725280998.8053162
1725280998.853408
1725280998.8538692
1725280998.85793
1725280998.8580198
1725280998.8906927
1725280998.9302564
1725280998.9308991
1725280998.9359462
1725280998.9746485
1725280998.9754047
1725280998.9867814
1725280999.0049908
1725280999.0247376
1725280999.0779753
1725280999.078447
1725280999.08601
1725280999.0936368
1725280999.1221306
1725280999.1225612
1725280999.1387005
1725280999.1572042
1725280999.174473
1725280999.2155976
1725280999.2161195
1725280999.2515202
1725280999.252019
1725280999.256761
1725280999.3007038
1725280999.301265
1725280999.305012
1725280999.3184774
1725280999.364387
1725280999.3956785
1725280999.3966715
1725280999.4043646
1725280999.4467902
1725280999.447308
1725280999.4681034
1725280999.4686549
1725280999.5179825
1725280999.5191107
1725280999.5454662
1725280999.5580304
1725280999.5866416
1725280999.6392317
1725280999.6577811
1725280999.6718752
1725280999.675174
1725280999.7288778
1725280999.7474303
1725280999.8011532
1725280999.8016737
1725280999.802702
1725280999.8148637
1725280999.842537
1725280999.8434856
1725280999.8735545
1725280999.8741264
1725280999.894104
1725280999.95981
1725280999.9609547
1725280999.9906595
1725280999.9924617
1725281000.0037725
1725281000.0188234
1725281000.048886
1725281000.0782833
1725281000.0783827
1725281000.1092446
1725281000.127546
1725281000.1548722
1725281000.1680348
1725281000.1688182
1725281000.1874216
1725281000.2029226
1725281000.2147484
1725281000.2674522
1725281000.2683043
1725281000.2706616
1725281000.3369327
1725281000.3372774
1725281000.3379536
1725281000.338425
1725281000.4022171
1725281000.4303854
1725281000.4314773
1725281000.431977
1725281000.433139
1725281000.4451656
1725281000.4587002
1725281000.4790893
1725281000.4921253
1725281000.5533137
1725281000.568092
1725281000.5841186
1725281000.5954156
1725281000.6141684
1725281000.7281451
1725281000.7286978
1725281000.7370467
1725281000.737671
1725281000.7390225
1725281000.7554295
1725281000.756317
1725281000.7568934
1725281000.8087845
1725281000.8225458
1725281000.834785
1725281000.8638227
1725281000.9150848
1725281000.9207582
1725281000.922871
1725281000.9584124
1725281000.9730854
1725281001.0127976
1725281001.013247
1725281001.0518982
1725281001.052822
1725281001.0571475
1725281001.087328
1725281001.0879865
1725281001.2221265
1725281001.2222013
1725281001.2227912
1725281001.2301676
1725281001.2302668
1725281001.2353191
1725281001.253952
1725281001.2606642
1725281001.2607317
1725281001.2906775
1725281001.2912254
1725281001.33167
1725281001.3321564
1725281001.3390927
1725281001.356118
1725281001.3646014
1725281001.403907
1725281001.4128973
1725281001.4542248
1725281001.4547164
1725281001.5360584
1725281001.536968
1725281001.5510895
1725281001.5516212
1725281001.5521708
1725281001.5550425
1725281001.5593812
1725281001.5758145
1725281001.6064749
1725281001.6270673
1725281001.6414132
1725281001.6671336
1725281001.6991603
1725281001.6992514
1725281001.7149737
1725281001.7527492
1725281001.7536178
1725281001.7741678
1725281001.7902522
1725281001.8359337
1725281001.8364358
1725281001.911548
1725281001.9121203
1725281001.91467
1725281001.931206
1725281001.9453819
1725281001.983171
1725281001.9836771
1725281002.0185761
1725281002.0380516
1725281002.0424833
1725281002.097921
1725281002.112447
1725281002.113188
1725281002.11371
1725281002.1421008
1725281002.1428137
1725281002.1723588
1725281002.1929467
1725281002.2041857
1725281002.228535
1725281002.2386928
1725281002.2706072
1725281002.2713447
1725281002.3062987
1725281002.306848
1725281002.3259966
1725281002.352902
1725281002.3608186
1725281002.4261014
1725281002.426615
1725281002.4271364
1725281002.434708
1725281002.4511414
1725281002.467377
1725281002.4858847
1725281002.5203714
1725281002.5213346
1725281002.5311396
1725281002.5424218
1725281002.5591114
1725281002.577665
1725281002.623754
1725281002.625023
1725281002.6479297
1725281002.7113492
1725281002.7115133
1725281002.7121756
1725281002.7184296
1725281002.7421265
1725281002.7426105
1725281002.7776744
1725281002.8059506
1725281002.8137856
1725281002.8290691
1725281002.842621
1725281002.883453
1725281002.9256115
1725281002.95606
1725281002.9712503
1725281003.0091355
1725281003.0100107
1725281003.048655
1725281003.0492542
1725281003.0828443
1725281003.0833554
1725281003.1218765
1725281003.1223564
1725281003.1255915
1725281003.1804419
1725281003.1810024
1725281003.1815407
1725281003.2232592
1725281003.2243326
1725281003.2693403
1725281003.2876706
1725281003.2881877
1725281003.316655
1725281003.338516
1725281003.3390346
1725281003.355781
1725281003.3842802
1725281003.4443612
1725281003.4451087
1725281003.4849808
1725281003.4860222
1725281003.4867907
1725281003.493285
1725281003.5007033
1725281003.515168
1725281003.541271
1725281003.5522902
1725281003.5728693
1725281003.5874534
1725281003.6205373
1725281003.6210067
1725281003.6818964
1725281003.691865
1725281003.6939862
1725281003.7065563
1725281003.7319887
1725281003.7321205
1725281003.7507463
1725281003.7727199
1725281003.793587
1725281003.825849
1725281003.8640983
1725281003.8729477
1725281003.9160845
1725281003.9166381
1725281003.91719
1725281003.9553556
1725281003.9563987
1725281004.0020053
1725281004.0104685
1725281004.0169616
1725281004.0382717
1725281004.0467703
1725281004.0972166
1725281004.143976
1725281004.144729
1725281004.1513069
1725281004.1905026
1725281004.200821
1725281004.2237387
1725281004.2456176
1725281004.292614
1725281004.2931156
1725281004.3209226
1725281004.3218985
1725281004.3526964
1725281004.3546078
1725281004.3669136
1725281004.4231217
1725281004.4236374
1725281004.4241772
1725281004.443207
1725281004.453027
1725281004.5299666
1725281004.5554085
1725281004.5565183
1725281004.5574028
1725281004.56286
1725281004.567096
1725281004.6181977
1725281004.6202018
1725281004.620848
1725281004.675801
1725281004.6808388
1725281004.6819122
1725281004.7197182
1725281004.7202406
1725281004.7382398
1725281004.8039443
1725281004.8044665
1725281004.8257945
1725281004.8263147
1725281004.826794
1725281004.8516066
1725281004.8521197
1725281004.9142933
1725281004.9157617
1725281004.9167707
1725281004.9557438
1725281004.95649
1725281005.017123
1725281005.0176253
1725281005.030775
1725281005.031279
1725281005.0433671
1725281005.068505
1725281005.0897298
1725281005.1017196
1725281005.140184
1725281005.140995
1725281005.1529224
1725281005.1689289
1725281005.2053444
1725281005.2314568
1725281005.2496412
1725281005.25022
1725281005.2739084
1725281005.2839088
1725281005.35862
1725281005.3603163
1725281005.378047
1725281005.3785584
1725281005.4032686
1725281005.403369
1725281005.4141164
1725281005.4308503
1725281005.4693573
1725281005.4827507
1725281005.526586
1725281005.5271704
1725281005.527661
1725281005.5462222
1725281005.5621722
1725281005.5849755
1725281005.604605
1725281005.6199095
1725281005.64321
1725281005.6434686
1725281005.6812701
1725281005.6817613
1725281005.6956124
1725281005.7326732
1725281005.7333746
1725281005.7847083
1725281005.785324
1725281005.7874646
1725281005.8153408
1725281005.8158076
1725281005.8435779
1725281005.8441124
1725281005.8667321
1725281005.8866677
1725281005.8999085
1725281005.9438956
1725281005.9449246
1725281005.9641943
1725281005.9962294
1725281005.9972918
1725281006.0093284
1725281006.0341997
1725281006.0374036
1725281006.075847
1725281006.083763
1725281006.1046057
1725281006.1324131
1725281006.1795719
1725281006.1901646
1725281006.2497048
1725281006.2647874
1725281006.2654717
1725281006.2929015
1725281006.3361073
1725281006.3371675
1725281006.3552346
1725281006.3717566
1725281006.3741128
1725281006.3875022
1725281006.4088104
1725281006.4752736
1725281006.4760225
1725281006.476672
1725281006.4866033
1725281006.4946725
1725281006.537285
1725281006.5453963
1725281006.561647
1725281006.58853
1725281006.5932908
1725281006.6091805
1725281006.631057
1725281006.6610887
1725281006.6820817
1725281006.7125504
1725281006.7131
1725281006.7247396
1725281006.7801743
1725281006.7810452
1725281006.7815764
1725281006.801327
1725281006.8285987
1725281006.8296928
1725281006.83692
1725281006.905839
1725281006.9060535
1725281006.9064555
1725281006.9545014
1725281006.982361
1725281006.982504
1725281006.9832592
1725281007.006069
1725281007.0065353
1725281007.02074
1725281007.048128
1725281007.0491822
1725281007.0657387
1725281007.1046264
1725281007.1923378
1725281007.193384
1725281007.1950655
1725281007.2016146
1725281007.201704
1725281007.2353127
1725281007.2363307
1725281007.2663097
1725281007.281897
1725281007.312193
1725281007.3127158
1725281007.3866878
1725281007.4147668
1725281007.4155135
1725281007.4248414
1725281007.4871438
1725281007.4952025
1725281007.495371
1725281007.5138562
1725281007.5370677
1725281007.5755014
1725281007.5760381
1725281007.576652
1725281007.6228406
1725281007.646633
1725281007.6474845
1725281007.6480043
1725281007.6604228
1725281007.7305274
1725281007.7306213
1725281007.7316623
1725281007.7343576
1725281007.7577178
1725281007.8027294
1725281007.8041725
1725281007.8195348
1725281007.8285334
1725281007.8550081
1725281007.875166
1725281007.8757482
1725281007.9061882
1725281007.9195757
1725281007.9305894
1725281008.018009
1725281008.0185971
1725281008.0196018
1725281008.0502682
1725281008.0517204
1725281008.0530005
1725281008.065455
1725281008.1332526
1725281008.1333592
1725281008.1334558
1725281008.133563
1725281008.1655288
1725281008.1837633
1725281008.2001364
1725281008.2106802
1725281008.2620554
1725281008.2629805
1725281008.3124154
1725281008.3132932
1725281008.3138423
1725281008.3366659
1725281008.3375895
1725281008.3515592
1725281008.3856633
1725281008.4545248
1725281008.4552493
1725281008.455668
1725281008.4647787
1725281008.5125873
1725281008.513194
1725281008.5176692
1725281008.5462444
1725281008.5466945
1725281008.5814261
1725281008.6231892
1725281008.695087
1725281008.6955452
1725281008.6960778
1725281008.7007217
1725281008.7058916
1725281008.7064137
1725281008.7104187
1725281008.7920573
1725281008.7927792
1725281008.7988892
1725281008.7992961
1725281008.8114984
1725281008.8455055
1725281008.8461945
1725281008.9101803
1725281008.9114492
1725281008.9147463
1725281008.9516952
1725281008.9523814
1725281008.9528706
1725281009.0179722
1725281009.0184584
1725281009.0189624
1725281009.0236547
1725281009.0463145
1725281009.0469542
1725281009.060466
1725281009.0863802
1725281009.0872033
1725281009.1262407
1725281009.1267152
1725281009.1694326
1725281009.1698081
1725281009.1983082
1725281009.2404075
1725281009.2412815
1725281009.2418058
1725281009.2603395
1725281009.2990446
1725281009.299451
1725281009.2998357
1725281009.353961
1725281009.3540893
1725281009.3570929
1725281009.381108
1725281009.4377916
1725281009.4851644
1725281009.5216377
1725281009.539371
1725281009.5400236
1725281009.5457904
1725281009.5585802
1725281009.5908475
1725281009.6661992
1725281009.6673691
1725281009.667883
1725281009.6944537
1725281009.6960945
1725281009.6968431
1725281009.7146168
1725281009.7151723
1725281009.7252061
1725281009.7849636
1725281009.8166444
1725281009.8585546
1725281009.8592503
1725281009.8598177
1725281009.862687
1725281009.8664842
1725281009.9365594
1725281009.9373124
1725281010.0136583
1725281010.0145466
1725281010.0310547
1725281010.031827
1725281010.0319247
1725281010.0327652
1725281010.0646386
1725281010.065174
1725281010.0959265
1725281010.097054
1725281010.1540654
1725281010.1543844
1725281010.155037
1725281010.2230036
1725281010.2437525
1725281010.2558675
1725281010.256545
1725281010.2611995
1725281010.2618375
1725281010.2727005
1725281010.2866223
1725281010.3015563
1725281010.3231668
1725281010.33974
1725281010.3715165
1725281010.3974159
1725281010.4196913
1725281010.4345264
1725281010.4534988
1725281010.506006
1725281010.506966
1725281010.5107434
1725281010.5931644
1725281010.5936806
1725281010.5942001
1725281010.5986
1725281010.6198678
1725281010.653401
1725281010.6616807
1725281010.685442
1725281010.7641797
1725281010.7662456
1725281010.7668915
1725281010.8173788
1725281010.8179972
1725281010.8185093
1725281010.853441
1725281010.8539796
1725281010.9008782
1725281010.9043984
1725281010.9282928
1725281010.9290817
1725281010.929596
1725281010.949415
1725281011.010005
1725281011.0105376
1725281011.0112073
1725281011.019581
1725281011.0225625
1725281011.07325
1725281011.07384
1725281011.0908031
1725281011.1477678
1725281011.148298
1725281011.149286
1725281011.1641674
1725281011.2654176
1725281011.2660422
1725281011.2744935
1725281011.2750347
1725281011.2758548
1725281011.284264
1725281011.2852097
1725281011.3091414
1725281011.3303595
1725281011.3311932
1725281011.3546097
1725281011.3646631
1725281011.3967597
1725281011.39723
1725281011.4384959
1725281011.4746847
1725281011.4751148
1725281011.4891174
1725281011.5325272
1725281011.5332894
1725281011.5702152
1725281011.5707467
1725281011.5921829
1725281011.6042566
1725281011.6843655
1725281011.690317
1725281011.6908693
1725281011.6946006
1725281011.710633
1725281011.74255
1725281011.7758727
1725281011.776564
1725281011.7902057
1725281011.8172605
1725281011.817725
1725281011.863228
1725281011.867378
1725281011.878167
1725281011.955375
1725281011.955867
1725281011.9620805
1725281011.963324
1725281012.0079186
1725281012.008015
1725281012.0082154
1725281012.0373878
1725281012.0380976
1725281012.0546124
1725281012.1136508
1725281012.1143584
1725281012.114937
1725281012.124777
1725281012.1526875
1725281012.1533024
1725281012.1776664
1725281012.2152061
1725281012.2158442
1725281012.2165577
1725281012.2417853
1725281012.248471
1725281012.3446271
1725281012.3458147
1725281012.348327
1725281012.3572736
1725281012.3578691
1725281012.3592882
1725281012.3990738
1725281012.399258
1725281012.3993948
1725281012.410525
1725281012.5133772
1725281012.5145512
1725281012.5650675
1725281012.5656717
1725281012.5661929
1725281012.5931046
1725281012.5936089
1725281012.5941198
1725281012.6084366
1725281012.6253166
1725281012.6254754
1725281012.6394162
1725281012.7209027
1725281012.7225225
1725281012.7553651
1725281012.8493407
1725281012.8500257
1725281012.8707917
1725281012.871424
1725281012.8719265
1725281012.9232295
1725281012.924067
1725281012.92499
1725281012.9326677
1725281012.9338834
1725281012.9584475
1725281012.994835
1725281012.9954607
1725281013.0828195
1725281013.0838158
1725281013.129772
1725281013.1376362
1725281013.1381347
1725281013.138682
1725281013.139218
1725281013.1655176
1725281013.1659713
1725281013.2055526
1725281013.2205398
1725281013.2526355
1725281013.253184
1725281013.2731736
1725281013.303318
1725281013.303803
1725281013.3267524
1725281013.3826773
1725281013.3833523
1725281013.4020925
1725281013.4027646
1725281013.4033859
1725281013.4383023
1725281013.4388113
1725281013.4940364
1725281013.5047002
1725281013.5238926
1725281013.524875
1725281013.5700607
1725281013.570662
1725281013.5739484
1725281013.5874588
1725281013.64627
1725281013.6463678
1725281013.6633515
1725281013.6975384
1725281013.7422385
1725281013.7427278
1725281013.7618608
1725281013.7623248
1725281013.784233
1725281013.8083265
1725281013.8527877
1725281013.8532963
1725281013.8740475
1725281013.9226444
1725281013.9415622
1725281013.989861
1725281013.9904637
1725281013.990738
1725281014.03352
1725281014.0930355
1725281014.0931747
1725281014.093261
1725281014.1121764
1725281014.157573
1725281014.1582227
1725281014.1588852
1725281014.1706314
1725281014.2061443
1725281014.207583
1725281014.2454193
1725281014.2460136
1725281014.2755253
1725281014.3140702
1725281014.314582
1725281014.4064162
1725281014.4072635
1725281014.4225595
1725281014.4231284
1725281014.4283266
1725281014.4297717
1725281014.451041
1725281014.4848654
1725281014.485297
1725281014.498409
1725281014.5440068
1725281014.544682
1725281014.5627692
1725281014.5867758
1725281014.5875895
1725281014.6395664
1725281014.6400778
1725281014.653616
1725281014.6537604
1725281014.6779406
1725281014.6852992
1725281014.718416
1725281014.7189455
1725281014.7337146
1725281014.770281
1725281014.8087938
1725281014.8093605
1725281014.814448
1725281014.8351908
1725281014.8776124
1725281014.8781483
1725281014.9051912
1725281014.917275
1725281014.9329739
1725281014.957106
1725281015.0444121
1725281015.0450718
1725281015.04553
1725281015.0470173
1725281015.1222234
1725281015.1388552
1725281015.1391456
1725281015.1397412
1725281015.142661
1725281015.1458824
1725281015.1788843
1725281015.2238069
1725281015.2251415
1725281015.2276852
1725281015.2605298
1725281015.260681
1725281015.2999382
1725281015.3006325
1725281015.3092782
1725281015.3688195
1725281015.3696883
1725281015.372081
1725281015.3899238
1725281015.406947
1725281015.4291046
1725281015.4438362
1725281015.4773493
1725281015.4782586
1725281015.4887314
1725281015.593544
1725281015.5942562
1725281015.5946577
1725281015.5998306
1725281015.6008554
1725281015.6516888
1725281015.6530805
1725281015.6537056
1725281015.6957664
1725281015.6958644
1725281015.6970482
1725281015.6977358
1725281015.7000904
1725281015.7495627
1725281015.7500668
1725281015.750599
1725281015.8085082
1725281015.811352
1725281015.8208504
1725281015.8620484
1725281015.8628452
1725281015.8634033
1725281015.876573
1725281015.9094698
1725281015.9564853
1725281015.9572258
1725281015.9792755
1725281015.9792948
1725281016.031584
1725281016.0542946
1725281016.0939133
1725281016.1178007
1725281016.143398
1725281016.1444166
1725281016.1569247
1725281016.1899867
1725281016.229783
1725281016.2303326
1725281016.2337778
1725281016.242629
1725281016.260375
1725281016.2915463
1725281016.2924173
1725281016.3122764
1725281016.3248756
1725281016.3546658
1725281016.4034853
1725281016.404004
1725281016.4284992
1725281016.4610386
1725281016.461509
1725281016.5032632
1725281016.5037062
1725281016.5470364
1725281016.5867527
1725281016.587713
1725281016.5887442
1725281016.5927165
1725281016.6115127
1725281016.6120596
1725281016.627854
1725281016.6506813
1725281016.7026408
1725281016.7032592
1725281016.7061293
1725281016.7312276
1725281016.7317505
1725281016.7484918
1725281016.7953637
1725281016.8135266
1725281016.8355532
1725281016.836855
1725281016.850268
1725281016.8846555
1725281016.8852038
1725281016.9335725
1725281016.9336967
1725281016.9338396
1725281016.967194
1725281016.996339
1725281017.1348832
1725281017.135451
1725281017.135973
1725281017.1365037
1725281017.1679494
1725281017.168681
1725281017.2027972
1725281017.203957
1725281017.221931
1725281017.2224195
1725281017.293792
1725281017.295136
1725281017.3113208
1725281017.3117838
1725281017.313072
1725281017.3287344
1725281017.368049
1725281017.3687387
1725281017.3857763
1725281017.3993807
1725281017.4120824
1725281017.4533696
1725281017.454183
1725281017.4730072
1725281017.4798965
1725281017.5832183
1725281017.583975
1725281017.5844104
1725281017.6000323
1725281017.6005845
1725281017.6012754
1725281017.6497998
1725281017.6507907
1725281017.661858
1725281017.662447
1725281017.704263
1725281017.7048342
1725281017.7145634
1725281017.7687094
1725281017.7696211
1725281017.8116233
1725281017.8122942
1725281017.820238
1725281017.821018
1725281017.8773367
1725281017.877852
1725281017.8783875
1725281017.8903043
1725281017.919658
1725281017.9202044
1725281017.9340723
1725281017.9487047
1725281018.0126822
1725281018.0138981
1725281018.0729814
1725281018.0850356
1725281018.0856318
1725281018.1895442
1725281018.1900442
1725281018.1905403
1725281018.1911304
1725281018.2535264
1725281018.254557
1725281018.2621777
1725281018.2669206
1725281018.2890263
1725281018.289472
1725281018.2899804
1725281018.2905025
1725281018.3189495
1725281018.3365989
1725281018.3727698
1725281018.3737354
1725281018.4138908
1725281018.4143808
1725281018.4271338
1725281018.4643853
1725281018.4856977
1725281018.4862704
1725281018.5091817
1725281018.5101936
1725281018.5329998
1725281018.5479884
1725281018.5953383
1725281018.5961523
1725281018.6418636
1725281018.6428149
1725281018.6434026
1725281018.6732824
1725281018.6738293
1725281018.710859
1725281018.711037
1725281018.7663274
1725281018.766946
1725281018.790179
1725281018.7907977
1725281018.7914
1725281018.8014448
1725281018.822596
1725281018.8667886
1725281018.86774
1725281018.9164472
1725281018.9169936
1725281018.917601
1725281018.9226205
1725281018.9634914
1725281018.9639668
1725281018.9645777
1725281018.9840782
1725281019.0201302
1725281019.060691
1725281019.070043
1725281019.0704587
1725281019.0816681
1725281019.097515
1725281019.1430259
1725281019.1435947
1725281019.1635468
1725281019.2167015
1725281019.2306094
1725281019.2306435
1725281019.2306926
1725281019.261908
1725281019.3196218
1725281019.330697
1725281019.4415941
1725281019.4421902
1725281019.4619045
1725281019.4624746
1725281019.462979
1725281019.466663
1725281019.4667594
1725281019.4896634
1725281019.4902627
1725281019.5088096
1725281019.5643115
1725281019.5653255
1725281019.566081
1725281019.5916393
1725281019.629181
1725281019.6496103
1725281019.6783588
1725281019.6789033
1725281019.718472
1725281019.7190251
1725281019.7439442
1725281019.7445374
1725281019.7852492
1725281019.8338795
1725281019.834498
1725281019.8395963
1725281019.839724
1725281019.8577054
1725281019.89534
1725281019.8958232
1725281019.9360323
1725281019.9372165
1725281019.9403808
1725281019.9739096
1725281019.9743123
1725281020.0283089
1725281020.0287871
1725281020.108305
1725281020.1088326
1725281020.109633
1725281020.1194713
1725281020.119575
1725281020.121288
1725281020.1335819
1725281020.157335
1725281020.1789453
1725281020.1797175
1725281020.2204044
1725281020.2566733
1725281020.2945807
1725281020.2951946
1725281020.295877
1725281020.3815832
1725281020.3827608
1725281020.3846972
1725281020.4350986
1725281020.4355917
1725281020.4379354
1725281020.4916956
1725281020.4933686
1725281020.5047145
1725281020.505222
1725281020.5840938
1725281020.58538
1725281020.5983818
1725281020.598691
1725281020.61663
1725281020.6439433
1725281020.6637151
1725281020.7042558
1725281020.7049928
1725281020.7083347
1725281020.7845964
1725281020.7853134
1725281020.8069696
1725281020.807398
1725281020.8108504
1725281020.8112762
1725281020.8120446
1725281020.8331852
1725281020.8793383
1725281020.8810015
1725281020.8880765
1725281020.9415038
1725281020.9500234
1725281020.9504998
1725281020.966669
1725281021.0252738
1725281021.0260658
1725281021.0274625
1725281021.0279827
1725281021.0637057
1725281021.1684608
1725281021.1687942
1725281021.1693296
1725281021.2212758
1725281021.223714
1725281021.2252126
1725281021.2659955
1725281021.2661223
1725281021.267346
1725281021.2886689
1725281021.2893991
1725281021.2905636
1725281021.3064978
1725281021.322199
1725281021.3969474
1725281021.3976035
1725281021.4357715
1725281021.436265
1725281021.4371793
1725281021.4388647
1725281021.4416378
1725281021.4634933
1725281021.493666
1725281021.5065928
1725281021.5438604
1725281021.5444758
1725281021.5760694
1725281021.5981748
1725281021.6117976
1725281021.6427298
1725281021.6433835
1725281021.672879
1725281021.6920884
1725281021.725968
1725281021.7446153
1725281021.7452645
1725281021.7722142
1725281021.7729533
1725281021.793935
1725281021.809924
1725281021.853394
1725281021.8542428
1725281021.9260843
1725281021.933752
1725281021.9577882
1725281021.9583058
1725281021.9586358
1725281021.959059
1725281021.9890215
1725281021.989914
1725281022.0296764
1725281022.0302763
1725281022.0478582
1725281022.0490916
1725281022.1021597
1725281022.102713
1725281022.1032526
1725281022.1589398
1725281022.159551
1725281022.1666846
1725281022.167284
1725281022.1865318
1725281022.2227256
1725281022.2232206
1725281022.2271192
1725281022.2442176
1725281022.2873306
1725281022.3567228
1725281022.3778377
1725281022.3789043
1725281022.3790402
1725281022.3886955
1725281022.3894334
1725281022.4114604
1725281022.4225378
1725281022.466021
1725281022.4664013
1725281022.4732814
1725281022.4922936
1725281022.536899
1725281022.5917487
1725281022.6222684
1725281022.6287637
1725281022.6299384
1725281022.6711667
1725281022.6816585
1725281022.7111688
1725281022.7357926
1725281022.736286
1725281022.7588942
1725281022.7594922
1725281022.7777774
1725281022.8024147
1725281022.8109403
1725281022.8984308
1725281022.8984997
1725281022.901146
1725281022.917558
1725281022.929737
1725281022.942339
1725281022.957491
1725281022.9769723
1725281023.0035617
1725281023.0040524
1725281023.0928319
1725281023.093889
1725281023.0958066
1725281023.0963817
1725281023.0984564
1725281023.206708
1725281023.2086806
1725281023.2095737
1725281023.217124
1725281023.2186751
1725281023.2192144
1725281023.2204862
1725281023.2409155
1725281023.2564216
1725281023.2970715
1725281023.3165736
1725281023.4263096
1725281023.427387
1725281023.427968
1725281023.4581125
1725281023.4585943
1725281023.4590483
1725281023.4620278
1725281023.462479
1725281023.4856062
1725281023.4881256
1725281023.512099
1725281023.534209
1725281023.5444534
1725281023.5750203
1725281023.5768082
1725281023.5959709
1725281023.6593225
1725281023.6608303
1725281023.6614401
1725281023.7135308
1725281023.7173076
1725281023.7284214
1725281023.7544825
1725281023.8292181
1725281023.829477
1725281023.830989
1725281023.8935149
1725281023.8947
1725281023.895082
1725281023.9309602
1725281023.9316242
1725281023.947038
1725281023.9661078
1725281023.98447
1725281023.9990294
1725281024.0011559
1725281024.0183842
1725281024.0502968
1725281024.0522954
1725281024.0879965
1725281024.0892894
1725281024.1116729
1725281024.180132
1725281024.181973
1725281024.205212
1725281024.2052984
1725281024.2061718
1725281024.2169278
1725281024.2396188
1725281024.2722623
1725281024.2739604
1725281024.3144836
1725281024.315038
1725281024.335866
1725281024.3556938
1725281024.3896804
1725281024.39155
1725281024.4217758
1725281024.4227834
1725281024.4377239
1725281024.4436054
1725281024.4779136
1725281024.478572
1725281024.4990842
1725281024.5281577
1725281024.5612602
1725281024.5624158
1725281024.6027496
1725281024.604232
1725281024.6440258
1725281024.644765
1725281024.6451893
1725281024.7434008
1725281024.7441728
1725281024.7464442
1725281024.754896
1725281024.767683
1725281024.7780132
1725281024.788707
1725281024.8125186
1725281024.8416345
1725281024.8553414
1725281024.8723288
1725281024.907715
1725281024.9081113
1725281024.921359
1725281024.976643
1725281024.9830678
1725281025.0038862
1725281025.005999
1725281025.0362148
1725281025.039204
1725281025.06884
1725281025.0714767
1725281025.130836
1725281025.1378167
1725281025.1381512
1725281025.1582963
1725281025.1805031
1725281025.1822803
1725281025.2246406
1725281025.2250907
1725281025.232688
1725281025.2812397
1725281025.282324
1725281025.2921026
1725281025.3043344
1725281025.319232
1725281025.3415782
1725281025.361496
1725281025.3619933
1725281025.3893855
1725281025.419295
1725281025.420734
1725281025.4383483
1725281025.4710765
1725281025.47114
1725281025.4876213
1725281025.524731
1725281025.5250578
1725281025.5253847
1725281025.590685
1725281025.591634
1725281025.592035
1725281025.62877
1725281025.6288676
1725281025.7146094
1725281025.7149432
1725281025.7154343
1725281025.7262776
1725281025.726766
1725281025.753659
1725281025.7536867
1725281025.7900276
1725281025.8256001
1725281025.8751612
1725281025.9033926
1725281025.9039009
1725281025.9388387
1725281025.9390774
1725281025.9966908
1725281025.9970932
1725281025.9974916
1725281026.008917
1725281026.0353858
1725281026.035953
1725281026.0635986
1725281026.1108925
1725281026.1113236
1725281026.1119704
1725281026.148955
1725281026.1878257
1725281026.2143393
1725281026.2148223
1725281026.2150967
1725281026.236594
1725281026.2816534
1725281026.2820466
1725281026.304965
1725281026.3207505
1725281026.3245015
1725281026.348578
1725281026.36968
1725281026.400339
1725281026.405563
1725281026.433262
1725281026.4335313
1725281026.4774966
1725281026.4778068
1725281026.4780786
1725281026.493561
1725281026.520244
1725281026.54075
1725281026.563573
1725281026.6088336
1725281026.6089218
1725281026.6148088
1725281026.644623
1725281026.6457334
1725281026.6624463
1725281026.7531474
1725281026.7534509
1725281026.753525
1725281026.7543123
1725281026.7751296
1725281026.7880783
1725281026.8154893
1725281026.81602
1725281026.8492625
1725281026.8537989
1725281026.8765619
1725281026.9343476
1725281026.934967
1725281026.9560325
1725281026.9570847
1725281026.9934692
1725281027.0167603
1725281027.0410166
1725281027.0480855
1725281027.10181
1725281027.102263
1725281027.115818
1725281027.1586487
1725281027.1770096
1725281027.1812315
1725281027.209964
1725281027.2245736
1725281027.2391539
1725281027.2834163
1725281027.2836397
1725281027.2838597
1725281027.3106508
1725281027.3258002
1725281027.3627713
1725281027.364518
1725281027.3908272
1725281027.3911533
1725281027.407464
1725281027.4436514
1725281027.4441166
1725281027.4698305
1725281027.491116
1725281027.4943461
1725281027.5194268
1725281027.5479012
1725281027.5864358
1725281027.5934372
1725281027.6131234
1725281027.6395447
1725281027.6408968
1725281027.642115
1725281027.6615574
1725281027.6801116
1725281027.6962438
1725281027.7099335
1725281027.7339368
1725281027.7417235
1725281027.7677636
1725281027.782285
1725281027.8142486
1725281027.8387673
1725281027.8665779
1725281027.8775244
1725281027.8777037
1725281027.895399
1725281027.9402938
1725281027.9403653
1725281027.9566884
1725281027.9832306
1725281027.997173
1725281028.0682275
1725281028.0682948
1725281028.0683742
1725281028.08379
1725281028.10581
1725281028.167214
1725281028.167442
1725281028.167634
1725281028.185353
1725281028.204174
1725281028.2326336
1725281028.2800612
1725281028.283044
1725281028.3367798
1725281028.337251
1725281028.337505
1725281028.3377478
1725281028.337858
1725281028.3548603
1725281028.3931568
1725281028.421304
1725281028.4556
1725281028.4557822
1725281028.4559758
1725281028.4680254
1725281028.474136
1725281028.5002759
1725281028.5456383
1725281028.5457914
1725281028.5640986
1725281028.5677352
1725281028.6005096
1725281028.6014242
1725281028.6372988
1725281028.6374147
1725281028.6543543
1725281028.6897452
1725281028.6904614
1725281028.7057426
1725281028.71945
1725281028.7754927
1725281028.7756462
1725281028.775787
1725281028.806653
1725281028.8101847
1725281028.8260138
1725281028.8652723
1725281028.8747644
1725281028.8769093
1725281028.9199502
1725281028.9281087
1725281028.9285023
1725281028.9594526
1725281028.9720728
1725281028.9991286
1725281029.0004313
1725281029.0190547
1725281029.0547576
1725281029.138771
1725281029.1406717
1725281029.153205
1725281029.1857126
1725281029.2050607
1725281029.2063367
1725281029.274398
1725281029.2745342
1725281029.2746558
1725281029.2747848
1725281029.293095
1725281029.3120122
1725281029.3256657
1725281029.334416
1725281029.3586857
1725281029.3736813
1725281029.4103827
1725281029.4446883
1725281029.4724107
1725281029.5191061
1725281029.5192792
1725281029.519324
1725281029.5193639
1725281029.5419505
1725281029.5824962
1725281029.590118
1725281029.6207428
1725281029.621279
1725281029.6461723
1725281029.6465948
1725281029.6921713
1725281029.6930015
1725281029.6943412
1725281029.736063
1725281029.7386615
1725281029.8150518
1725281029.815795
1725281029.8164082
1725281029.8171864
1725281029.896738
1725281029.8994267
1725281029.9012988
1725281029.920128
1725281029.9217923
1725281029.9250433
1725281029.9735467
1725281029.9741452
1725281029.9768918
1725281029.977282
1725281030.0359
1725281030.0366597
1725281030.0668385
1725281030.1021192
1725281030.1032155
1725281030.1447744
1725281030.1481853
1725281030.1494923
1725281030.1723874
1725281030.2311413
1725281030.231975
1725281030.280767
1725281030.2829554
1725281030.3202708
1725281030.3209112
1725281030.3475113
1725281030.3490102
1725281030.3756719
1725281030.3997066
1725281030.4417675
1725281030.4511209
1725281030.4518998
1725281030.4634469
1725281030.4750557
1725281030.5072477
1725281030.5203102
1725281030.545742
1725281030.547182
1725281030.5673459
1725281030.5979898
1725281030.6346045
1725281030.6362283
1725281030.6390326
1725281030.6837308
1725281030.685198
1725281030.6857684
1725281030.7066722
1725281030.7753239
1725281030.7765505
1725281030.8061705
1725281030.8069127
1725281030.8078418
1725281030.8429744
1725281030.8798363
1725281030.8805637
1725281030.8866017
1725281030.9076679
1725281030.917022
1725281030.9234145
1725281030.9502661
1725281030.9517546
1725281030.9825113
1725281030.9930131
1725281031.0267718
1725281031.0275428
1725281031.0411904
1725281031.0832613
1725281031.1173487
1725281031.1183975
1725281031.1194694
1725281031.1487076
1725281031.1871357
1725281031.1875904
1725281031.2086642
1725281031.232933
1725281031.2348208
1725281031.293558
1725281031.2940655
1725281031.302154
1725281031.3496408
1725281031.350166
1725281031.3874907
1725281031.390901
1725281031.4242575
1725281031.4255755
1725281031.4370313
1725281031.4593644
1725281031.520319
1725281031.521478
1725281031.556157
1725281031.556937
1725281031.5790577
1725281031.579585
1725281031.603083
1725281031.6045535
1725281031.6278465
1725281031.6493578
1725281031.677243
1725281031.681481
1725281031.698263
1725281031.7117953
1725281031.7322044
1725281031.7333899
1725281031.7678914
1725281031.7699256
1725281031.7925763
1725281031.8011115
1725281031.8420963
1725281031.8434465
1725281031.8894172
1725281031.889816
1725281031.8905838
1725281031.9020476
1725281031.9172645
1725281031.939846
1725281031.953789
1725281031.968706
1725281031.9803262
1725281031.9942954
1725281032.013823
1725281032.038246
1725281032.0603194
1725281032.0883768
1725281032.1052902
1725281032.1435032
1725281032.1452637
1725281032.1459162
1725281032.1783602
1725281032.1787143
1725281032.204807
1725281032.24228
1725281032.2427897
1725281032.2602699
1725281032.268954
1725281032.3077495
1725281032.343231
1725281032.4020767
1725281032.404375
1725281032.4136531
1725281032.4657173
1725281032.4662812
1725281032.485609
1725281032.5134077
1725281032.5140765
1725281032.5299594
1725281032.5642316
1725281032.5666246
1725281032.5847435
1725281032.5855772
1725281032.605827
1725281032.620406
1725281032.6867921
1725281032.6996315
1725281032.703315
1725281032.716022
1725281032.7346537
1725281032.7678041
1725281032.7804027
1725281032.789388
1725281032.8187978
1725281032.8488023
1725281032.897499
1725281032.8975952
1725281032.8989305
1725281032.9225063
1725281032.9235804
1725281032.939453
1725281032.9634526
1725281032.9749274
1725281032.99821
1725281033.0630827
1725281033.0635576
1725281033.063984
1725281033.064438
1725281033.1034591
1725281033.1159556
1725281033.1302977
1725281033.139677
1725281033.1760366
1725281033.1763284
1725281033.2109442
1725281033.2123034
1725281033.2282016
1725281033.2489967
1725281033.285713
1725281033.3328927
1725281033.3338468
1725281033.3417263
1725281033.3709896
1725281033.3720422
1725281033.3900807
1725281033.409708
1725281033.4369652
1725281033.4548354
1725281033.4862487
1725281033.4921784
1725281033.529234
1725281033.5496864
1725281033.5780253
1725281033.5872433
1725281033.6154006
1725281033.6416187
1725281033.6480107
1725281033.6808405
1725281033.707525
1725281033.724502
1725281033.7412221
1725281033.7609208
1725281033.770106
1725281033.818036
1725281033.8187194
1725281033.8434806
1725281033.8438075
1725281033.8539147
1725281033.8767278
1725281033.886254
1725281033.9020445
1725281033.9187264
1725281033.9360225
1725281033.9511893
1725281033.963876
1725281033.9973822
1725281034.024824
1725281034.0302608
1725281034.0474753
1725281034.0705013
1725281034.0927656
1725281034.1001978
1725281034.131942
1725281034.14953
1725281034.1612067
1725281034.1973338
1725281034.197695
1725281034.221787
1725281034.2313132
1725281034.2467728
1725281034.2656026
1725281034.289257
1725281034.298657
1725281034.321481
1725281034.3413026
1725281034.364987
1725281034.3988116
1725281034.3996325
1725281034.4073079
1725281034.4298627
1725281034.455789
1725281034.4776068
1725281034.5061293
1725281034.5283234
1725281034.5290763
1725281034.5606527
1725281034.5799525
1725281034.604017
1725281034.6051428
1725281034.6483788
1725281034.6684291
1725281034.6757596
1725281034.6854796
1725281034.7139251
1725281034.7203908
1725281034.759758
1725281034.7708921
1725281034.7913554
1725281034.8136373
1725281034.836147
1725281034.8424528
1725281034.8633533
1725281034.8985484
1725281034.91346
1725281034.9139724
1725281034.9429643
1725281034.9678004
1725281034.967859
1725281034.9821384
1725281035.0106559
1725281035.014913
1725281035.04708
1725281035.0510993
1725281035.0710008
1725281035.0787816
1725281035.111985
1725281035.1207988
1725281035.1390166
1725281035.1618288
1725281035.1618915
1725281035.1889923
1725281035.1931322
1725281035.2084284
1725281035.225692
1725281035.249253
1725281035.2560258
1725281035.276426
1725281035.295919
1725281035.315311
1725281035.3270268
1725281035.3542922
1725281035.37417
1725281035.3939981
1725281035.4047778
1725281035.4193492
1725281035.4382002
1725281035.4719338
1725281035.4780052
1725281035.5027647
1725281035.521114
1725281035.5345047
1725281035.545629
1725281035.5837126
1725281035.6237235
1725281035.6456404
1725281035.6600213
1725281035.6870973
1725281035.7264354
1725281035.7290998
1725281035.784278
1725281035.7854283
1725281035.7858012
1725281035.8012416
1725281035.8140666
1725281035.8338547
1725281035.847818
1725281035.8609953
1725281035.8897955
1725281035.8950527
1725281035.9295197
1725281035.9639606
1725281035.979836
1725281036.0103488
1725281036.0110097
1725281036.040239
1725281036.0737503
1725281036.0740733
1725281036.0943038
1725281036.1407967
1725281036.1409411
1725281036.1893513
1725281036.1895344
1725281036.191878
1725281036.2074695
1725281036.2230432
1725281036.234942
1725281036.2449577
1725281036.2650342
1725281036.2824929
1725281036.304411
1725281036.3133447
1725281036.334573
1725281036.3722856
1725281036.3919733
1725281036.4007344
1725281036.4230697
1725281036.4263592
1725281036.4472587
1725281036.460498
1725281036.4731266
1725281036.4918244
1725281036.5094252
1725281036.544258
1725281036.579301
1725281036.5899155
1725281036.6068687
1725281036.6228871
1725281036.6531603
1725281036.661758
1725281036.6881752
1725281036.7059026
1725281036.7182202
1725281036.7449589
1725281036.7528036
1725281036.7932162
1725281036.8202932
1725281036.8501441
1725281036.8682895
1725281036.895756
1725281036.9083369
1725281036.9206088
1725281036.9557278
1725281036.9629214
1725281037.009125
1725281037.009223
1725281037.0143747
1725281037.0297885
1725281037.047697
1725281037.0629897
1725281037.088659
1725281037.0976036
1725281037.112859
1725281037.1272657
1725281037.1624515
1725281037.1626482
1725281037.1946409
1725281037.197082
1725281037.212584
1725281037.2289524
1725281037.265851
1725281037.2830102
1725281037.2973046
1725281037.3350196
1725281037.3355072
1725281037.3506348
1725281037.405749
1725281037.4109967
1725281037.429934
1725281037.4377537
1725281037.448445
1725281037.4768445
1725281037.478332
1725281037.503589
1725281037.5145302
1725281037.5285175
1725281037.5479367
1725281037.5642226
1725281037.5754874
1725281037.6144454
1725281037.62956
1725281037.6454782
1725281037.6647666
1725281037.6757603
1725281037.708397
1725281037.7159088
1725281037.7448518
1725281037.7747123
1725281037.7783792
1725281037.8072853
1725281037.826057
1725281037.8550022
1725281037.8792152
1725281037.881821
1725281037.9140713
1725281037.9288864
1725281037.9447768
1725281037.9652963
1725281037.9911213
1725281037.996722
1725281038.0369537
1725281038.0521421
1725281038.063244
1725281038.0790963
1725281038.0916774
1725281038.1112282
1725281038.1387167
1725281038.1460419
1725281038.1575503
1725281038.2120373
1725281038.2122464
1725281038.2232194
1725281038.2368429
1725281038.2508914
1725281038.279531
1725281038.2925057
1725281038.3208413
1725281038.3301978
1725281038.3594577
1725281038.3599374
1725281038.3938203
1725281038.4214942
1725281038.4445148
1725281038.4454203
1725281038.4457
1725281038.4587128
1725281038.4685166
1725281038.526284
1725281038.5264564
1725281038.5273836
1725281038.5409653
1725281038.562571
1725281038.574663
1725281038.5906467
1725281038.6037073
1725281038.6442757
1725281038.6664357
1725281038.6750448
1725281038.693205
1725281038.7095864
1725281038.730567
1725281038.739407
1725281038.7571719
1725281038.7953968
1725281038.802959
1725281038.8192937
1725281038.833314
1725281038.8668537
1725281038.9089818
1725281038.9393744
1725281038.958367
1725281038.958826
1725281039.0013654
1725281039.0199847
1725281039.0737736
1725281039.07415
1725281039.076498
1725281039.0844517
1725281039.1008441
1725281039.115696
1725281039.135266
1725281039.1448853
1725281039.1613972
1725281039.1771438
1725281039.2123258
1725281039.2497158
1725281039.2639277
1725281039.2752476
1725281039.306015
1725281039.3205295
1725281039.328644
1725281039.3488638
1725281039.3814082
1725281039.4102707
1725281039.4119143
1725281039.4583979
1725281039.4586003
1725281039.4626238
1725281039.4771645
1725281039.5015714
1725281039.5108786
1725281039.5287776
1725281039.5512557
1725281039.5722632
1725281039.5835085
1725281039.5941074
1725281039.6134806
1725281039.6478457
1725281039.6775246
1725281039.680678
1725281039.7160447
1725281039.7161217
1725281039.7349327
1725281039.7514713
1725281039.7590978
1725281039.7717373
1725281039.7897453
1725281039.844073
1725281039.8657894
1725281039.8779154
1725281039.892915
1725281039.9085128
1725281039.9212582
1725281039.9489703
1725281039.955717
1725281039.9899323
1725281040.011458
1725281040.020437
1725281040.0515685
1725281040.0750234
1725281040.0997226
1725281040.1202986
1725281040.144204
1725281040.1630118
1725281040.1916437
1725281040.233091
1725281040.2492366
1725281040.2604434
1725281040.2782526
1725281040.2931716
1725281040.3011038
1725281040.3160572
1725281040.339846
1725281040.3667436
1725281040.3751364
1725281040.3908222
1725281040.3983197
1725281040.417595
1725281040.4322853
1725281040.4642327
1725281040.4751446
1725281040.4928098
1725281040.5082903
1725281040.5184402
1725281040.5608718
1725281040.5800145
1725281040.5919156
1725281040.6075723
1725281040.619232
1725281040.6429036
1725281040.6569595
1725281040.6826036
1725281040.7080295
1725281040.7185729
1725281040.7458215
1725281040.7514338
1725281040.7739964
1725281040.7912886
1725281040.8007092
1725281040.8135028
1725281040.8640685
1725281040.878328
1725281040.898432
1725281040.9182181
1725281040.9404182
1725281040.9569387
1725281040.9771771
1725281040.977368
1725281040.9986813
1725281041.026179
1725281041.057836
1725281041.0622435
1725281041.0799599
1725281041.109492
1725281041.1306422
1725281041.149092
1725281041.163522
1725281041.1914937
1725281041.2103105
1725281041.224857
1725281041.2486823
1725281041.253706
1725281041.274741
1725281041.3140464
1725281041.3201265
1725281041.3416033
1725281041.3710847
1725281041.3711553
1725281041.3935606
1725281041.4208424
1725281041.4210782
1725281041.445184
1725281041.4744275
1725281041.511596
1725281041.5119963
1725281041.5254242
1725281041.5338361
1725281041.5564196
1725281041.5650434
1725281041.591868
1725281041.5957184
1725281041.6124117
1725281041.6351724
1725281041.6446185
1725281041.6636658
1725281041.6821003
1725281041.7072573
1725281041.7151082
1725281041.7272587
1725281041.7495499
1725281041.7626894
1725281041.7872496
1725281041.8030648
1725281041.8120892
1725281041.8393555
1725281041.8490486
1725281041.8787465
1725281041.882267
1725281041.9240243
1725281041.9425747
1725281041.943055
1725281041.9811924
1725281041.9814136
1725281042.0118923
1725281042.0182927
1725281042.0256994
1725281042.0629487
1725281042.0773344
1725281042.0887196
1725281042.1031542
1725281042.1411483
1725281042.1757019
1725281042.210501
1725281042.2120512
1725281042.2295988
1725281042.281688
1725281042.287089
1725281042.3416274
1725281042.3417852
1725281042.3427966
1725281042.356432
1725281042.3836367
1725281042.393405
1725281042.4190428
1725281042.4191287
1725281042.4376469
1725281042.445261
1725281042.494474
1725281042.5256944
1725281042.532886
1725281042.5479152
1725281042.5660436
1725281042.581174
1725281042.5937889
1725281042.620248
1725281042.6727037
1725281042.673603
1725281042.6790545
1725281042.6929424
1725281042.7177713
1725281042.7270248
1725281042.7662408
1725281042.7726836
1725281042.7930455
1725281042.7937198
1725281042.822435
1725281042.8246672
1725281042.8446329
1725281042.8547597
1725281042.8693972
1725281042.9359229
1725281042.9371564
1725281042.9429877
1725281042.9637659
1725281042.9674308
1725281042.9948275
1725281043.0098763
1725281043.026503
1725281043.0391734
1725281043.0563073
1725281043.0911515
1725281043.1291885
1725281043.1491816
1725281043.1511707
1725281043.1797652
1725281043.1900125
1725281043.2057197
1725281043.2499626
1725281043.2564816
1725281043.281414
1725281043.2828155
1725281043.3027697
1725281043.3394613
1725281043.3670943
1725281043.4031088
1725281043.4086764
1725281043.4403353
1725281043.4511435
1725281043.4741824
1725281043.50497
1725281043.5278811
1725281043.543094
1725281043.5505714
1725281043.5692372
1725281043.5940554
1725281043.6114566
1725281043.6468074
1725281043.6469502
1725281043.6556954
1725281043.679146
1725281043.691126
1725281043.7084153
1725281043.7170877
1725281043.7406392
1725281043.7621803
1725281043.773024
1725281043.7925558
1725281043.8201299
1725281043.83312
1725281043.8527052
1725281043.8741498
1725281043.8848133
1725281043.9012532
1725281043.9228196
1725281043.9800658
1725281043.9803417
1725281043.9942646
1725281043.9992034
1725281044.022217
1725281044.042589
1725281044.057736
1725281044.0691674
1725281044.0834594
1725281044.1211102
1725281044.1263742
1725281044.132554
1725281044.1678584
1725281044.1834788
1725281044.2012758
1725281044.2306564
1725281044.2308125
1725281044.2577693
1725281044.2655354
1725281044.2966537
1725281044.3359804
1725281044.3419485
1725281044.3688495
1725281044.384402
1725281044.3992817
1725281044.4085126
1725281044.4414213
1725281044.461242
1725281044.4810972
1725281044.489976
1725281044.5186195
1725281044.5298123
1725281044.5644426
1725281044.572721
1725281044.597455
1725281044.6249058
1725281044.626968
1725281044.6478758
1725281044.6618237
1725281044.6727707
1725281044.6986222
1725281044.713948
1725281044.7396047
1725281044.765973
1725281044.7694738
1725281044.7893052
1725281044.80679
1725281044.81718
1725281044.8330088
1725281044.8567257
1725281044.8705153
1725281044.8854878
1725281044.8995223
1725281044.9179606
1725281044.938972
1725281044.9483616
1725281044.9796379
1725281044.9797919
1725281044.9983015
1725281045.0214448
1725281045.0365682
1725281045.0542524
1725281045.067002
1725281045.085395
1725281045.1057973
1725281045.112943
1725281045.1369278
1725281045.1853304
1725281045.185848
1725281045.2266152
1725281045.2266932
1725281045.2334974
1725281045.2523913
1725281045.260971
1725281045.2805068
1725281045.290364
1725281045.3256645
1725281045.3515975
1725281045.3648753
1725281045.3676412
1725281045.4048922
1725281045.459766
1725281045.4670165
1725281045.4920287
1725281045.49864
1725281045.5358133
1725281045.5594954
1725281045.6047506
1725281045.6119676
1725281045.6125317
1725281045.6432054
1725281045.6436102
1725281045.6579506
1725281045.666751
1725281045.7031276
1725281045.706365
1725281045.7165537
1725281045.757003
1725281045.7933388
1725281045.7974904
1725281045.829889
1725281045.837871
1725281045.8599634
1725281045.8788462
1725281045.8789234
1725281045.9141808
1725281045.9288394
1725281045.9643984
1725281045.9665933
1725281045.9770253
1725281045.996743
1725281046.0366347
1725281046.0367956
1725281046.0839493
1725281046.0852349
1725281046.0854337
1725281046.10189
1725281046.1192276
1725281046.123181
1725281046.169206
1725281046.2235045
1725281046.224488
1725281046.224681
1725281046.2310572
1725281046.253818
1725281046.2548172
1725281046.2762632
1725281046.2921994
1725281046.311057
1725281046.3242564
1725281046.3640819
1725281046.4194338
1725281046.4198945
1725281046.4270043
1725281046.4426186
1725281046.4675252
1725281046.4842567
1725281046.4885137
1725281046.5290334
1725281046.5417237
1725281046.5741367
1725281046.5831883
1725281046.616992
1725281046.641275
1725281046.6868124
1725281046.6868918
1725281046.7219667
1725281046.7223024
1725281046.7534716
1725281046.7653592
1725281046.7904618
1725281046.804769
1725281046.817445
1725281046.8472695
1725281046.8519316
1725281046.8674
1725281046.8867233
1725281046.9145381
1725281046.9194055
1725281046.930708
1725281046.9482892
1725281046.9685683
1725281046.994971
1725281046.9950948
1725281047.02274
1725281047.0372741
1725281047.0437224
1725281047.0737512
1725281047.0929623
1725281047.1138833
1725281047.1366978
1725281047.1390493
1725281047.1583214
1725281047.173085
1725281047.2069793
1725281047.2275226
1725281047.236999
1725281047.259627
1725281047.274291
1725281047.2903883
1725281047.3166256
1725281047.3251214
1725281047.3364189
1725281047.3553817
1725281047.373098
1725281047.3964698
1725281047.4236434
1725281047.4396975
1725281047.4649038
1725281047.4747865
1725281047.4942808
1725281047.5113788
1725281047.534528
1725281047.5562658
1725281047.5678504
1725281047.5809011
1725281047.616042
1725281047.6358511
1725281047.6658015
1725281047.6690497
1725281047.6808445
1725281047.7265418
1725281047.744703
1725281047.7700324
1725281047.784948
1725281047.7890422
1725281047.8270185
1725281047.8481195
1725281047.8541439
1725281047.8699846
1725281047.8825917
1725281047.9076898
1725281047.941151
1725281047.9422095
1725281047.9584625
1725281047.9697816
1725281047.9976609
1725281048.0185857
1725281048.0444827
1725281048.0567944
1725281048.0898938
1725281048.0957143
1725281048.0960917
1725281048.1258485
1725281048.1265628
1725281048.152518
1725281048.1624343
1725281048.174202
1725281048.2068763
1725281048.2167664
1725281048.2303593
1725281048.2652676
1725281048.2654798
1725281048.281641
1725281048.301003
1725281048.3208442
1725281048.3384624
1725281048.3512185
1725281048.3639653
1725281048.3745534
1725281048.3962326
1725281048.4211814
1725281048.4417148
1725281048.4689658
1725281048.479408
1725281048.4897532
1725281048.520704
1725281048.5286894
1725281048.5442483
1725281048.5649114
1725281048.5936818
1725281048.610471
1725281048.6376648
1725281048.6386304
1725281048.6719546
1725281048.7220562
1725281048.7595317
1725281048.7611125
1725281048.7612875
1725281048.8189132
1725281048.8196232
1725281048.876648
1725281048.8767977
1725281048.876949
1725281048.8865328
1725281048.914555
1725281048.9463458
1725281048.9464169
1725281048.954493
1725281048.9681158
1725281048.988796
1725281049.0187702
1725281049.0608404
1725281049.067064
1725281049.1063411
1725281049.1075141
1725281049.1219275
1725281049.1341467
1725281049.1532013
1725281049.1893716
1725281049.2215748
1725281049.2413726
1725281049.2486773
1725281049.2536657
1725281049.2705011
1725281049.2866259
1725281049.3112757
1725281049.3235495
1725281049.3522995
1725281049.3569148
1725281049.3831263
1725281049.389216
1725281049.4059486
1725281049.4197376
1725281049.4705586
1725281049.4719422
1725281049.4852695
1725281049.5041957
1725281049.5197644
1725281049.53293
1725281049.5544376
1725281049.5662389
1725281049.585695
1725281049.5983708
1725281049.6428318
1725281049.6627598
1725281049.6938155
1725281049.6972911
1725281049.7163615
1725281049.7324672
1725281049.7518284
1725281049.7597334
1725281049.805569
1725281049.8195896
1725281049.8304338
1725281049.854484
1725281049.8854315
1725281049.9234948
1725281049.9244573
1725281049.9405937
1725281049.97713
1725281049.9948208
1725281050.0074568
1725281050.0397785
1725281050.0788946
1725281050.0950923
1725281050.1097271
1725281050.1103153
1725281050.1178732
1725281050.140092
1725281050.1659484
1725281050.1735256
1725281050.1944299
1725281050.2001336
1725281050.2153053
1725281050.2378194
1725281050.247813
1725281050.2760136
1725281050.2944598
1725281050.3074498
1725281050.3148086
1725281050.345532
1725281050.3720627
1725281050.3782446
1725281050.3979259
1725281050.4127972
1725281050.437203
1725281050.4486086
1725281050.4814825
1725281050.5115578
1725281050.5178244
1725281050.5499911
1725281050.5501323
1725281050.5674424
1725281050.5799024
1725281050.6199572
1725281050.6200306
1725281050.6271093
1725281050.652042
1725281050.6817238
1725281050.7170777
1725281050.726936
1725281050.7308168
1725281050.7785015
1725281050.7968884
1725281050.8074234
1725281050.807484
1725281050.830825
1725281050.855038
1725281050.860943
1725281050.883281
1725281050.9293137
1725281050.9297254
1725281050.943662
1725281050.959755
1725281050.9957483
1725281051.0103745
1725281051.0297437
1725281051.040977
1725281051.079321
1725281051.0917726
1725281051.126559
1725281051.1277912
1725281051.1481304
1725281051.1653166
1725281051.1899683
1725281051.209943
1725281051.2329102
1725281051.2330136
1725281051.258997
1725281051.290541
1725281051.2993855
1725281051.317744
1725281051.3397486
1725281051.3634145
1725281051.3715422
1725281051.3888924
1725281051.3985355
1725281051.4383543
1725281051.4436526
1725281051.4476464
1725281051.4776897
1725281051.4782858
1725281051.5003402
1725281051.522118
1725281051.522475
1725281051.5398996
1725281051.5589721
1725281051.572629
1725281051.6138344
1725281051.6143727
1725281051.6385417
1725281051.6579804
1725281051.6580794
1725281051.676396
1725281051.7013123
1725281051.7440443
1725281051.7441556
1725281051.7589772
1725281051.7744987
1725281051.784384
1725281051.8086193
1725281051.8341079
1725281051.8372164
1725281051.88306
1725281051.885945
1725281051.8974817
1725281051.9121292
1725281051.9505816
1725281051.9914975
1725281052.006711
1725281052.0383906
1725281052.0390384
1725281052.0856326
1725281052.106124
1725281052.1502044
1725281052.154865
1725281052.1553175
1725281052.1691344
1725281052.1850867
1725281052.2002568
1725281052.2142859
1725281052.2277496
1725281052.2460022
1725281052.2591484
1725281052.3057506
1725281052.370145
1725281052.3702152
1725281052.3799574
1725281052.3921962
1725281052.392335
1725281052.4229198
1725281052.4230573
1725281052.4709568
1725281052.4734845
1725281052.4916058
1725281052.527781
1725281052.5278404
1725281052.5382328
1725281052.5524764
1725281052.568093
1725281052.5866284
1725281052.6033044
1725281052.6472316
1725281052.6477277
1725281052.665012
1725281052.670176
1725281052.6968048
1725281052.7312233
1725281052.7375507
1725281052.7573574
1725281052.7718794
1725281052.8147166
1725281052.8151598
1725281052.8261464
1725281052.8317957
1725281052.8532577
1725281052.8656685
1725281052.9089918
1725281052.9369974
1725281052.9601526
1725281052.9659765
1725281052.985344
1725281052.9950585
1725281053.0126832
1725281053.0296865
1725281053.0665336
1725281053.082717
1725281053.0956874
1725281053.109591
1725281053.1454241
1725281053.1789296
1725281053.1917489
1725281053.2089815
1725281053.2413187
1725281053.2663164
1725281053.276141
1725281053.3045428
1725281053.3411627
1725281053.345488
1725281053.3721597
1725281053.3798373
1725281053.3995557
1725281053.407859
1725281053.425154
1725281053.44364
1725281053.453048
1725281053.4928794
1725281053.493018
1725281053.5158336
1725281053.5209348
1725281053.5424585
1725281053.5650482
1725281053.5932045
1725281053.5932887
1725281053.6172414
1725281053.6426394
1725281053.651079
1725281053.6709487
1725281053.694634
1725281053.6989508
1725281053.7199876
1725281053.78287
1725281053.7829201
1725281053.7906919
1725281053.8134313
1725281053.817744
1725281053.8480682
1725281053.8990908
1725281053.899146
1725281053.899212
1725281053.9275556
1725281053.927601
1725281053.964499
1725281053.996654
1725281053.9967892
1725281054.0141392
1725281054.0241442
1725281054.0428343
1725281054.0601428
1725281054.08396
1725281054.102068
1725281054.1159766
1725281054.1407712
1725281054.1521482
1725281054.193704
1725281054.1989965
1725281054.2253346
1725281054.2478318
1725281054.2721093
1725281054.3052936
1725281054.3084207
1725281054.3192744
1725281054.3363225
1725281054.3575864
1725281054.4218373
1725281054.4261155
1725281054.436374
1725281054.437103
1725281054.4617388
1725281054.4622002
1725281054.4826171
1725281054.5134065
1725281054.513468
1725281054.5443275
1725281054.5655398
1725281054.5749285
1725281054.6065814
1725281054.6127024
1725281054.6320887
1725281054.6438084
1725281054.6685543
1725281054.6772945
1725281054.7014976
1725281054.7125518
1725281054.724384
1725281054.7518306
1725281054.7582119
1725281054.7770061
1725281054.7895935
1725281054.8071678
1725281054.8247585
1725281054.836987
1725281054.853477
1725281054.8709936
1725281054.8864315
1725281054.9054995
1725281054.9177463
1725281054.9387007
1725281054.9556415
1725281054.9821854
1725281055.007257
1725281055.0220912
1725281055.0322607
1725281055.0756598
1725281055.0782695
1725281055.0906196
1725281055.1088989
1725281055.1392365
1725281055.1535716
1725281055.1590674
1725281055.1768684
1725281055.2365978
1725281055.269166
1725281055.2808998
1725281055.2978706
1725281055.3028693
1725281055.344183
1725281055.3627927
1725281055.3910923
1725281055.416187
1725281055.4284086
1725281055.4287653
1725281055.4383183
1725281055.4592822
1725281055.4790123
1725281055.4980156
1725281055.5068414
1725281055.522545
1725281055.5620167
1725281055.594442
1725281055.6090171
1725281055.6223712
1725281055.6435745
1725281055.6580775
1725281055.6827796
1725281055.6877553
1725281055.7247827
1725281055.732523
1725281055.748635
1725281055.768736
1725281055.8130589
1725281055.8131146
1725281055.8265214
1725281055.8336465
1725281055.8445885
1725281055.8839972
1725281055.8893974
1725281055.8975692
1725281055.9427629
1725281055.9427938
1725281055.9532475
1725281055.9867723
1725281056.0019374
1725281056.0467584
1725281056.046828
1725281056.046878
1725281056.0973842
1725281056.097506
1725281056.097661
1725281056.1314445
1725281056.1316004
1725281056.1810508
1725281056.2006445
1725281056.2174015
1725281056.2235742
1725281056.2400231
1725281056.264001
1725281056.2763212
1725281056.3037121
1725281056.3340182
1725281056.3469663
1725281056.3584387
1725281056.3841484
1725281056.4056678
1725281056.4428275
1725281056.451118
1725281056.4754739
1725281056.519062
1725281056.5567079
1725281056.5575361
1725281056.5761952
1725281056.5860503
1725281056.6323028
1725281056.63238
1725281056.6324272
1725281056.6618311
1725281056.6707804
1725281056.6812832
1725281056.7192514
1725281056.7193694
1725281056.7290637
1725281056.7615438
1725281056.7782369
1725281056.7854233
1725281056.7958164
1725281056.8183987
1725281056.8369985
1725281056.8410742
1725281056.8767471
1725281056.8890135
1725281056.9168031
1725281056.9326854
1725281056.9546843
1725281056.961274
1725281056.9800105
1725281057.0081673
1725281057.042518
1725281057.0662796
1725281057.0665834
1725281057.0738852
1725281057.0920541
1725281057.1163332
1725281057.121233
1725281057.1395133
1725281057.1561484
1725281057.1833127
1725281057.1837945
1725281057.2367928
1725281057.24251
1725281057.2518177
1725281057.2971404
1725281057.297778
1725281057.2990084
1725281057.3347247
1725281057.3686612
1725281057.3773525
1725281057.387808
1725281057.4352682
1725281057.4765944
1725281057.47664
1725281057.4767237
1725281057.4957247
1725281057.5264533
1725281057.5323608
1725281057.5584602
1725281057.574642
1725281057.5915766
1725281057.6076412
1725281057.6408157
1725281057.679009
1725281057.680434
1725281057.6893756
1725281057.7035449
1725281057.7208204
1725281057.74296
1725281057.763562
1725281057.7820902
1725281057.8114083
1725281057.819862
1725281057.854481
1725281057.8545303
1725281057.871101
1725281057.8928924
1725281057.8979912
1725281057.9205825
1725281057.9401178
1725281057.9491515
1725281057.9662762
1725281057.9873133
1725281058.0030327
1725281058.0356011
1725281058.036094
1725281058.059593
1725281058.0609837
1725281058.081544
1725281058.1009119
1725281058.113019
1725281058.1453078
1725281058.1486847
1725281058.1607573
1725281058.2048328
1725281058.2294366
1725281058.2294858
1725281058.2508202
1725281058.2823374
1725281058.283109
1725281058.2914886
1725281058.3062198
1725281058.3346071
1725281058.3573937
1725281058.358779
1725281058.4102082
1725281058.4102478
1725281058.4157226
1725281058.4323556
1725281058.466196
1725281058.5104983
1725281058.5269687
1725281058.5620897
1725281058.562178
1725281058.6021767
1725281058.622958
1725281058.685052
1725281058.6858125
1725281058.686297
1725281058.6931205
1725281058.7015913
1725281058.7229693
1725281058.7426438
1725281058.7434964
1725281058.7888422
1725281058.7889402
1725281058.820659
1725281058.8476837
1725281058.8669589
1725281058.8799808
1725281058.8895736
1725281058.9128761
1725281058.9439044
1725281058.9490182
1725281058.981947
1725281058.98791
1725281059.011999
1725281059.0332406
1725281059.0405183
1725281059.0856538
1725281059.1042376
1725281059.1056314
1725281059.1060777
1725281059.1194
1725281059.141512
1725281059.1728394
1725281059.1786077
1725281059.219148
1725281059.219731
1725281059.2628229
1725281059.2645772
1725281059.2752755
1725281059.306768
1725281059.3068635
1725281059.3177676
1725281059.3308723
1725281059.349169
1725281059.3836758
1725281059.3841145
1725281059.419171
1725281059.4442158
1725281059.4610488
1725281059.4798334
1725281059.4913654
1725281059.5257373
1725281059.5258756
1725281059.551503
1725281059.5841234
1725281059.5921822
1725281059.6084325
1725281059.6275249
1725281059.6725523
1725281059.6911373
1725281059.7182548
1725281059.7317946
1725281059.7609115
1725281059.7765212
1725281059.7973778
1725281059.8508222
1725281059.8521514
1725281059.8593354
1725281059.8746889
1725281059.8848789
1725281059.9322503
1725281059.932886
1725281059.945073
1725281059.9543324
1725281059.9691422
1725281059.9982867
1725281060.0102308
1725281060.0230517
1725281060.039454
1725281060.0489547
1725281060.0682642
1725281060.091614
1725281060.101243
1725281060.1408427
1725281060.1524105
1725281060.1815407
1725281060.1819446
1725281060.197152
1725281060.2192955
1725281060.2468238
1725281060.282225
1725281060.283304
1725281060.3043036
1725281060.3134751
1725281060.3373878
1725281060.358073
1725281060.368076
1725281060.3820639
1725281060.404279
1725281060.4143977
1725281060.4329624
1725281060.4512653
1725281060.4874752
1725281060.5094771
1725281060.5355763
1725281060.5472004
1725281060.5496428
1725281060.5703683
1725281060.6094823
1725281060.6393332
1725281060.639637
1725281060.6584868
1725281060.6730793
1725281060.7011182
1725281060.7209685
1725281060.7560446
1725281060.7568321
1725281060.7971356
1725281060.8088658
1725281060.8129544
1725281060.843921
1725281060.8557372
1725281060.8605204
1725281060.8972287
1725281060.928793
1725281060.9292903
1725281060.9699507
1725281060.970084
1725281060.9757266
1725281060.9980297
1725281061.019548
1725281061.0677903
1725281061.068741
1725281061.0914946
1725281061.0937726
1725281061.1151552
1725281061.132078
1725281061.1521633
1725281061.1696975
1725281061.1866217
1725281061.2217128
1725281061.2310297
1725281061.2396023
1725281061.2578552
1725281061.2660391
1725281061.2838573
1725281061.3040318
1725281061.3205073
1725281061.3639576
1725281061.3641276
1725281061.3732784
1725281061.3905554
1725281061.412691
1725281061.4215152
1725281061.4388494
1725281061.4660697
1725281061.473979
1725281061.4971426
1725281061.5292442
1725281061.5356686
1725281061.5520198
1725281061.5705535
1725281061.5809615
1725281061.6027575
1725281061.6125307
1725281061.6401281
1725281061.6948082
1725281061.7016184
1725281061.7016585
1725281061.7087307
1725281061.7516098
1725281061.7786036
1725281061.8047464
1725281061.824578
1725281061.8360724
1725281061.879524
1725281061.8909419
1725281061.94827
1725281061.9485042
1725281061.9551458
1725281061.9758174
1725281061.9759972
1725281061.9983904
1725281062.0199435
1725281062.0200305
1725281062.0488899
1725281062.0582075
1725281062.0944085
1725281062.1378493
1725281062.146342
1725281062.1520514
1725281062.1728463
1725281062.187587
1725281062.2082512
1725281062.2258978
1725281062.2546198
1725281062.2687428
1725281062.283973
1725281062.3009236
1725281062.314747
1725281062.3611245
1725281062.3612916
1725281062.3643363
1725281062.4068093
1725281062.4100473
1725281062.4126575
1725281062.4456995
1725281062.4892704
1725281062.489404
1725281062.5065558
1725281062.5248897
1725281062.5325384
1725281062.5529242
1725281062.5715847
1725281062.5910263
1725281062.5932968
1725281062.614354
1725281062.624997
1725281062.6549475
1725281062.6646178
1725281062.6979728
1725281062.7297795
1725281062.7637928
1725281062.7689922
1725281062.81117
1725281062.8113258
1725281062.8137786
1725281062.85684
1725281062.861555
1725281062.8910975
1725281062.8975894
1725281062.909382
1725281062.9449956
1725281062.976143
1725281062.9988863
1725281063.0041401
1725281063.0416996
1725281063.080501
1725281063.080727
1725281063.1126177
1725281063.127174
1725281063.14007
1725281063.16153
1725281063.178936
1725281063.22072
1725281063.2210808
1725281063.2252817
1725281063.2407038
1725281063.272101
1725281063.2727065
1725281063.2912505
1725281063.302658
1725281063.3186166
1725281063.3367386
1725281063.371316
1725281063.3715308
1725281063.4032862
1725281063.421774
1725281063.431839
1725281063.451873
1725281063.485157
1725281063.5017204
1725281063.5182517
1725281063.5272408
1725281063.551323
1725281063.5772314
1725281063.582893
1725281063.6218395
1725281063.6223927
1725281063.6314166
1725281063.6521409
1725281063.676321
1725281063.7056386
1725281063.705996
1725281063.7288558
1725281063.7293518
1725281063.7723844
1725281063.7943256
1725281063.7945144
1725281063.8295276
1725281063.8298383
1725281063.8445287
1725281063.8579454
1725281063.9043984
1725281063.9143994
1725281063.9290204
1725281063.9404528
1725281063.9664278
1725281063.9983878
1725281064.008066
1725281064.0282457
1725281064.0519223
1725281064.0737321
1725281064.0822055
1725281064.1103292
1725281064.127369
1725281064.1562474
1725281064.1732764
1725281064.1853309
1725281064.2014973
1725281064.221903
1725281064.2344756
1725281064.2515945
1725281064.2726023
1725281064.2901597
1725281064.3036103
1725281064.3291337
1725281064.3531282
1725281064.3660307
1725281064.3796415
1725281064.3962288
1725281064.4100091
1725281064.432017
1725281064.4605424
1725281064.4651034
1725281064.5003889
1725281064.502483
1725281064.5182788
1725281064.5527701
1725281064.5529487
1725281064.5742457
1725281064.5775125
1725281064.6407454
1725281064.64085
1725281064.640988
1725281064.6412714
1725281064.6583018
1725281064.6748526
1725281064.692498
1725281064.7060251
1725281064.7258658
1725281064.7584386
1725281064.771339
1725281064.8014152
1725281064.810079
1725281064.8440175
1725281064.844227
1725281064.8605213
1725281064.8743439
1725281064.8990011
1725281064.9219818
1725281064.946698
1725281064.9525323
1725281064.9690692
1725281065.0012405
1725281065.049072
1725281065.0658362
1725281065.1107392
1725281065.120951
1725281065.1389868
1725281065.165587
1725281065.2219205
1725281065.2220154
1725281065.222187
1725281065.2324667
1725281065.2511394
1725281065.2544212
1725281065.2768602
1725281065.2769651
1725281065.2961178
1725281065.318168
1725281065.354257
1725281065.381776
1725281065.415321
1725281065.4233763
1725281065.437888
1725281065.448621
1725281065.4565272
1725281065.4764597
1725281065.5088048
1725281065.5302262
1725281065.5469303
1725281065.5705462
1725281065.571267
1725281065.61718
1725281065.6314495
1725281065.6315043
1725281065.6377022
1725281065.6566434
1725281065.6686037
1725281065.6904025
1725281065.7125275
1725281065.7257807
1725281065.745254
1725281065.7775755
1725281065.8092072
1725281065.8097763
1725281065.8255181
1725281065.8486056
1725281065.8593278
1725281065.8704708
1725281065.902952
1725281065.9034238
1725281065.9111588
1725281065.9627497
1725281065.9826074
1725281065.9990847
1725281066.015739
1725281066.0288415
1725281066.0503519
1725281066.0732298
1725281066.1099217
1725281066.12649
1725281066.1816092
1725281066.1816664
1725281066.18172
1725281066.2449722
1725281066.245134
1725281066.2502923
1725281066.2801418
1725281066.2926464
1725281066.3110883
1725281066.3244655
1725281066.3859458
1725281066.386053
1725281066.3975012
1725281066.4179828
1725281066.4288678
1725281066.4448647
1725281066.4827042
1725281066.484893
1725281066.50485
1725281066.5142272
1725281066.5289366
1725281066.561034
1725281066.5611782
1725281066.5806212
1725281066.6046977
1725281066.6469917
1725281066.6473124
1725281066.6478875
1725281066.695411
1725281066.6954603
1725281066.7174394
1725281066.7226963
1725281066.7530754
1725281066.7705934
1725281066.774831
1725281066.810994
1725281066.8230298
1725281066.8381002
1725281066.8607228
1725281066.8758132
1725281066.8890276
1725281066.9090812
1725281066.9297192
1725281066.9339159
1725281066.9561644
1725281066.9702325
1725281066.9941883
1725281067.024531
1725281067.0553584
1725281067.0553975
1725281067.068239
1725281067.1083126
1725281067.1088257
1725281067.1145663
1725281067.1560493
1725281067.1672685
1725281067.1981363
1725281067.200826
1725281067.2276006
1725281067.244087
1725281067.262359
1725281067.2748487
1725281067.3142102
1725281067.3524854
1725281067.3525808
1725281067.3649213
1725281067.3999512
1725281067.401456
1725281067.4388573
1725281067.4396453
1725281067.4682617
1725281067.4740589
1725281067.490262
1725281067.5129886
1725281067.5293512
1725281067.5427253
1725281067.5547578
1725281067.6043398
1725281067.6242251
1725281067.6254811
1725281067.6445181
1725281067.6730847
1725281067.6779478
1725281067.6911209
1725281067.7166555
1725281067.727829
1725281067.7628732
1725281067.7933762
1725281067.79373
1725281067.7937856
1725281067.8276885
1725281067.827743
1725281067.8487961
1725281067.8595946
1725281067.8824673
1725281067.9208944
1725281067.9209907
1725281067.9312847
1725281067.9559238
1725281067.959058
1725281067.9783826
1725281068.0064032
1725281068.0143228
1725281068.0459886
1725281068.057384
1725281068.0887234
1725281068.0889733
1725281068.114012
1725281068.1247935
1725281068.1377048
1725281068.1765063
1725281068.220252
1725281068.2204337
1725281068.2314675
1725281068.2431703
1725281068.281706
1725281068.31738
1725281068.3308604
1725281068.3619168
1725281068.3624241
1725281068.4228868
1725281068.4234295
1725281068.4903462
1725281068.4907775
1725281068.491204
1725281068.4920535
1725281068.5070748
1725281068.525912
1725281068.5413208
1725281068.5540261
1725281068.5685377
1725281068.5953846
1725281068.6279185
1725281068.660677
1725281068.6694193
1725281068.6955817
1725281068.7065601
1725281068.7264879
1725281068.743404
1725281068.7535555
1725281068.7850304
1725281068.8051531
1725281068.8108265
1725281068.8379402
1725281068.845364
1725281068.86672
1725281068.8941655
1725281068.9002833
1725281068.9402611
1725281068.940801
1725281068.9534714
1725281068.9636793
1725281069.022985
1725281069.0230582
1725281069.075344
1725281069.081861
1725281069.0823703
1725281069.0827553
1725281069.1118379
1725281069.1158223
1725281069.1403556
1725281069.15009
1725281069.1646204
1725281069.1893735
1725281069.1909423
1725281069.26012
1725281069.2812183
1725281069.2813516
1725281069.298481
1725281069.349669
1725281069.349789
1725281069.349979
1725281069.3610632
1725281069.3938358
1725281069.41035
1725281069.4464447
1725281069.450526
1725281069.4919603
1725281069.518036
1725281069.5245728
1725281069.5547934
1725281069.5958655
1725281069.5965047
1725281069.6285186
1725281069.6655612
1725281069.665666
1725281069.685942
1725281069.6916847
1725281069.7194304
1725281069.7304845
1725281069.7573452
1725281069.7772887
1725281069.77854
1725281069.7901444
1725281069.8286765
1725281069.8312426
1725281069.849267
1725281069.8564296
1725281069.8771653
1725281069.8892608
1725281069.9065173
1725281069.9275038
1725281069.959755
1725281069.973187
1725281069.9859316
1725281070.0068207
1725281070.025482
1725281070.0491915
1725281070.0669925
1725281070.0884674
1725281070.1006625
1725281070.123504
1725281070.1380599
1725281070.1541874
1725281070.1635752
1725281070.1863508
1725281070.2079253
1725281070.214785
1725281070.2428865
1725281070.2464268
1725281070.2681272
1725281070.3010418
1725281070.315963
1725281070.3379545
1725281070.3421881
1725281070.3654015
1725281070.3842428
1725281070.3957505
1725281070.435698
1725281070.4491482
1725281070.4765687
1725281070.4807565
1725281070.5210197
1725281070.5301127
1725281070.5532842
1725281070.5598404
1725281070.6115215
1725281070.6117759
1725281070.6280515
1725281070.6451468
1725281070.6621933
1725281070.6773582
1725281070.7160375
1725281070.7213354
1725281070.7589731
1725281070.7590117
1725281070.7806406
1725281070.788466
1725281070.806015
1725281070.819618
1725281070.8398669
1725281070.8852403
1725281070.9221003
1725281070.9226077
1725281070.923205
1725281070.9422526
1725281070.9865634
1725281070.986677
1725281070.990488
1725281071.0206132
1725281071.0239203
1725281071.0484166
1725281071.0642226
1725281071.064966
1725281071.089079
1725281071.1141987
1725281071.1143372
1725281071.1345189
1725281071.1649632
1725281071.1740363
1725281071.2017188
1725281071.201753
1725281071.2105048
1725281071.2307281
1725281071.270811
1725281071.2780252
1725281071.3339303
1725281071.3397856
1725281071.3655374
1725281071.3703723
1725281071.3790696
1725281071.3958583
1725281071.406686
1725281071.436353
1725281071.464913
1725281071.4865403
1725281071.4865856
1725281071.5044057
1725281071.5589123
1725281071.5822122
1725281071.6080832
1725281071.6267183
1725281071.6304586
1725281071.6808264
1725281071.693404
1725281071.7861936
1725281071.7863617
1725281071.786535
1725281071.8204267
1725281071.8205132
1725281071.8207562
1725281071.8209422
1725281071.8383298
1725281071.8383799
1725281071.872278
1725281071.892004
1725281071.925102
1725281071.9586754
1725281071.9591115
1725281071.9772437
1725281071.9918563
1725281072.0056112
1725281072.0382726
1725281072.0511346
1725281072.09918
1725281072.099276
1725281072.1197517
1725281072.1202176
1725281072.150625
1725281072.1616547
1725281072.179368
1725281072.1986976
1725281072.2147686
1725281072.2150297
1725281072.241383
1725281072.2822638
1725281072.2827487
1725281072.2833076
1725281072.3326387
1725281072.3373587
1725281072.3721206
1725281072.3733213
1725281072.3983724
1725281072.3988352
1725281072.4175985
1725281072.428266
1725281072.4467325
1725281072.4609046
1725281072.5012527
1725281072.539266
1725281072.5460536
1725281072.5620058
1725281072.583572
1725281072.6006718
1725281072.609836
1725281072.634496
1725281072.6610749
1725281072.6742425
1725281072.6954634
1725281072.705922
1725281072.7469058
1725281072.789279
1725281072.8033106
1725281072.8154657
1725281072.8457694
1725281072.8682806
1725281072.8713026
1725281072.9132712
1725281072.9335418
1725281072.9467509
1725281072.9631808
1725281072.9758863
1725281072.9984922
1725281073.00612
1725281073.034288
1725281073.037432
1725281073.0574682
1725281073.0736954
1725281073.082814
1725281073.1044674
1725281073.119697
1725281073.1355526
1725281073.1510503
1725281073.1632745
1725281073.1798084
1725281073.2152004
1725281073.2343276
1725281073.2573524
1725281073.2594275
1725281073.2793837
1725281073.298496
1725281073.3112028
1725281073.356676
1725281073.3587139
1725281073.3814046
1725281073.3931375
1725281073.4096372
1725281073.4291668
1725281073.4467788
1725281073.457092
1725281073.4738028
1725281073.4937587
1725281073.5133948
1725281073.5230503
1725281073.569532
1725281073.5747
1725281073.6075718
1725281073.6122522
1725281073.6343896
1725281073.6452982
1725281073.6661315
1725281073.6882305
1725281073.7334082
1725281073.7336957
1725281073.7505167
1725281073.7719014
1725281073.7841594
1725281073.8016155
1725281073.818271
1725281073.8528917
1725281073.8704038
1725281073.909201
1725281073.9100544
1725281073.924279
1725281073.9346533
1725281073.964991
1725281073.9951043
1725281074.0033677
1725281074.0265987
1725281074.0535693
1725281074.0600688
1725281074.0852516
1725281074.0952106
1725281074.1130342
1725281074.135828
1725281074.1626787
1725281074.178013
1725281074.201695
1725281074.2089524
1725281074.2217934
1725281074.2403164
1725281074.2619061
1725281074.2889657
1725281074.2933762
1725281074.3092678
1725281074.33826
1725281074.3444226
1725281074.367328
1725281074.3696399
1725281074.3903964
1725281074.4001694
1725281074.415262
1725281074.4449086
1725281074.4698493
1725281074.4832535
1725281074.5010996
1725281074.5092807
1725281074.5341916
1725281074.545335
1725281074.5654242
1725281074.5977166
1725281074.6190503
1725281074.6396887
1725281074.657215
1725281074.669016
1725281074.673084
1725281074.6961942
1725281074.7281334
1725281074.761411
1725281074.76774
1725281074.77498
1725281074.7874596
1725281074.827513
1725281074.8577824
1725281074.8823507
1725281074.894384
1725281074.9098787
1725281074.9615917
1725281074.9814758
1725281075.020789
1725281075.022987
1725281075.0321658
1725281075.0496404
1725281075.060579
1725281075.0798478
1725281075.0917373
1725281075.1114388
1725281075.129594
1725281075.1548061
1725281075.1863306
1725281075.200899
1725281075.2256482
1725281075.259229
1725281075.2593772
1725281075.2747068
1725281075.2899482
1725281075.2971244
1725281075.3301291
1725281075.3654356
1725281075.371249
1725281075.3859797
1725281075.3995829
1725281075.4250467
1725281075.43325
1725281075.46251
1725281075.466988
1725281075.5000489
1725281075.500225
1725281075.5133412
1725281075.5387838
1725281075.5469942
1725281075.561344
1725281075.6063673
1725281075.6271772
1725281075.6647027
1725281075.66483
1725281075.6649532
1725281075.6846507
1725281075.6956666
1725281075.7217658
1725281075.7403948
1725281075.7439423
1725281075.783595
1725281075.8179512
1725281075.8409889
1725281075.8414047
1725281075.8691745
1725281075.8752565
1725281075.8992295
1725281075.911859
1725281075.9464648
1725281075.9738362
1725281075.9772167
1725281076.001857
1725281076.0755184
1725281076.075818
1725281076.083845
1725281076.1141896
1725281076.1374002
1725281076.2127664
1725281076.2129552
1725281076.2131248
1725281076.213237
1725281076.2347474
1725281076.2949455
1725281076.2950633
1725281076.2953465
1725281076.295657
1725281076.3083303
1725281076.324284
1725281076.3430583
1725281076.35025
1725281076.3751054
1725281076.3878412
1725281076.4158251
1725281076.42233
1725281076.437344
1725281076.4492633
1725281076.4630735
1725281076.5178158
1725281076.517922
1725281076.5365534
1725281076.5785706
1725281076.5787432
1725281076.5810218
1725281076.6053405
1725281076.6316752
1725281076.6520138
1725281076.6770048
1725281076.6772635
1725281076.7030663
1725281076.718055
1725281076.729293
1725281076.761839
1725281076.762147
1725281076.7853553
1725281076.7998524
1725281076.8193738
1725281076.8455436
1725281076.8642874
1725281076.8867168
1725281076.9012797
1725281076.912789
1725281076.9268005
1725281076.9419508
1725281076.9852805
1725281077.0020816
1725281077.009086
1725281077.0296137
1725281077.058291
1725281077.0753584
1725281077.0928762
1725281077.1283758
1725281077.1451993
1725281077.1714184
1725281077.1790822
1725281077.2002895
1725281077.2074475
1725281077.233311
1725281077.2592156
1725281077.2725236
1725281077.2920074
1725281077.3132112
1725281077.325589
1725281077.3343139
1725281077.3516061
1725281077.3768485
1725281077.3972948
1725281077.4208333
1725281077.4385312
1725281077.455745
1725281077.4662118
1725281077.5039203
1725281077.503951
1725281077.5215158
1725281077.5370781
1725281077.5536764
1725281077.5718355
1725281077.5858958
1725281077.609654
1725281077.6195424
1725281077.6434684
1725281077.654161
1725281077.667512
1725281077.6825063
1725281077.7153194
1725281077.7212157
1725281077.7593615
1725281077.7595432
1725281077.7791724
1725281077.7795725
1725281077.8023477
1725281077.8306844
1725281077.8318677
1725281077.8691368
1725281077.881022
1725281077.8921597
1725281077.911095
1725281077.923409
1725281077.9445624
1725281077.9569614
1725281077.9731064
1725281078.01359
1725281078.0341744
1725281078.036578
1725281078.0788236
1725281078.0830941
1725281078.1251125
1725281078.1366658
1725281078.17364
1725281078.1779988
1725281078.219809
1725281078.2353048
1725281078.2653184
1725281078.291297
1725281078.2913852
1725281078.3118372
1725281078.3270254
1725281078.3382964
1725281078.3574662
1725281078.363179
1725281078.3811004
1725281078.3978786
1725281078.4298139
1725281078.4701865
1725281078.477565
1725281078.4956667
1725281078.50765
1725281078.5313187
1725281078.549753
1725281078.5691361
1725281078.5985658
1725281078.6150548
1725281078.6339352
1725281078.6503282
1725281078.6683028
1725281078.6770558
1725281078.6914957
1725281078.7058966
1725281078.7353508
1725281078.750439
1725281078.7713323
1725281078.7751417
1725281078.7914453
1725281078.826004
1725281078.8302948
1725281078.8698297
1725281078.8847356
1725281078.904602
1725281078.9133534
1725281078.9410741
1725281078.9541268
1725281078.9707673
1725281078.9775143
1725281078.9992354
1725281079.0229452
1725281079.049218
1725281079.0860538
1725281079.1006913
1725281079.1210923
1725281079.1398642
1725281079.150039
1725281079.1667285
1725281079.1770089
1725281079.2186558
1725281079.2339976
1725281079.2464855
1725281079.2636847
1725281079.2966304
1725281079.326892
1725281079.3449187
1725281079.3818305
1725281079.3881018
1725281079.4045978
1725281079.4198475
1725281079.4629095
1725281079.4922755
1725281079.492363
1725281079.5095477
1725281079.5331037
1725281079.5636132
1725281079.5638635
1725281079.572076
1725281079.593984
1725281079.604475
1725281079.6184647
1725281079.6500022
1725281079.6509278
1725281079.6670384
1725281079.6867666
1725281079.6985033
1725281079.719315
1725281079.7361476
1725281079.7686357
1725281079.7875671
1725281079.7990072
1725281079.8155046
1725281079.830637
1725281079.8500228
1725281079.8678885
1725281079.9009671
1725281079.9227557
1725281079.930088
1725281079.9473236
1725281079.969573
1725281079.9817555
1725281079.9944494
1725281080.009938
1725281080.0279815
1725281080.045876
1725281080.064746
1725281080.0811625
1725281080.1143763
1725281080.1303773
1725281080.146992
1725281080.190563
1725281080.1910765
1725281080.2013078
1725281080.2076166
1725281080.2421923
1725281080.2654872
1725281080.2792902
1725281080.3087032
1725281080.3305647
1725281080.34493
1725281080.3752298
1725281080.3752778
1725281080.4130652
1725281080.42266
1725281080.443481
1725281080.4741874
1725281080.4742625
1725281080.4935954
1725281080.52512
1725281080.5455952
1725281080.5571325
1725281080.583413
1725281080.5868921
1725281080.6061602
1725281080.6298244
1725281080.6376708
1725281080.6554623
1725281080.6961012
1725281080.716183
1725281080.722784
1725281080.735998
1725281080.7516882
1725281080.7824402
1725281080.796736
1725281080.8026488
1725281080.824261
1725281080.833109
1725281080.851601
1725281080.8666399
1725281080.892587
1725281080.8998728
1725281080.9195487
1725281080.942556
1725281080.9547205
1725281080.974931
1725281080.9945176
1725281080.9955668
1725281081.0222661
1725281081.0475607
1725281081.0874581
1725281081.0880134
1725281081.0880892
1725281081.0961916
1725281081.135031
1725281081.1515334
1725281081.1625311
1725281081.2034233
1725281081.2035873
1725281081.228136
1725281081.2282832
1725281081.2419817
1725281081.2764282
1725281081.303943
1725281081.3192692
1725281081.3527515
1725281081.364231
1725281081.441437
1725281081.4417484
1725281081.4461846
1725281081.4510813
1725281081.505151
1725281081.5052395
1725281081.556072
1725281081.556983
1725281081.5570822
1725281081.5751636
1725281081.584801
1725281081.600836
1725281081.6272187
1725281081.6379566
1725281081.6502645
1725281081.665631
1725281081.7038739
1725281081.736166
1725281081.7676954
1725281081.7692857
1725281081.781252
1725281081.7981713
1725281081.8157616
1725281081.834465
1725281081.8597763
1725281081.8806782
1725281081.9166555
1725281081.924449
1725281081.937573
1725281081.950185
1725281081.9599001
1725281081.9764674
1725281082.0413525
1725281082.0415678
1725281082.0416338
1725281082.061668
1725281082.0695796
1725281082.0848255
1725281082.0972664
1725281082.1336877
1725281082.14568
1725281082.1718082
1725281082.2104933
1725281082.210558
1725281082.2217898
1725281082.2222927
1725281082.2490377
1725281082.2579746
1725281082.2777212
1725281082.301586
1725281082.3383484
1725281082.3660464
1725281082.3690937
1725281082.3841908
1725281082.3992398
1725281082.4146976
1725281082.433798
1725281082.4691443
1725281082.487723
1725281082.5045123
1725281082.5255392
1725281082.5620525
1725281082.6013174
1725281082.6014454
1725281082.615416
1725281082.64632
1725281082.6716137
1725281082.6908813
1725281082.7127557
1725281082.7275963
1725281082.7463424
1725281082.7589002
1725281082.7866738
1725281082.802453
1725281082.8146873
1725281082.8330286
1725281082.8464885
1725281082.8617136
1725281082.8897855
1725281082.8946922
1725281082.934494
1725281082.9352362
1725281082.949498
1725281082.9638128
1725281082.9840527
1725281082.9929607
1725281083.0360615
1725281083.048827
1725281083.0570514
1725281083.0808115
1725281083.0964546
1725281083.1193473
1725281083.1414762
1725281083.1587045
1725281083.173817
1725281083.1951985
1725281083.208081
1725281083.230037
1725281083.2517722
1725281083.2735448
1725281083.2830336
1725281083.2996364
1725281083.3147
1725281083.3223174
1725281083.355719
1725281083.3792195
1725281083.392214
1725281083.4055724
1725281083.4417057
1725281083.4421983
1725281083.452588
1725281083.4724898
1725281083.4988956
1725281083.5194314
1725281083.535653
1725281083.564194
1725281083.5912385
1725281083.6090128
1725281083.616925
1725281083.6329527
1725281083.6657038
1725281083.6839046
1725281083.6933794
1725281083.7126691
1725281083.7313821
1725281083.747212
1725281083.7761488
1725281083.7947018
1725281083.8215244
1725281083.8250341
1725281083.8436983
1725281083.8571854
1725281083.878345
1725281083.8926048
1725281083.9151108
1725281083.9467022
1725281083.956974
1725281083.9719434
1725281083.9915004
1725281084.0080147
1725281084.0252392
1725281084.0423713
1725281084.0594082
1725281084.0793717
1725281084.0891485
1725281084.1058893
1725281084.123732
1725281084.1416612
1725281084.161815
1725281084.175162
1725281084.1877356
1725281084.2066302
1725281084.2186778
1725281084.236791
1725281084.2557957
1725281084.2658513
1725281084.2865467
1725281084.3038414
1725281084.3205607
1725281084.3336446
1725281084.3486214
1725281084.3867424
1725281084.404854
1725281084.4270482
1725281084.4340453
1725281084.4549923
1725281084.4686267
1725281084.4825652
1725281084.4977524
1725281084.5460362
1725281084.5522196
1725281084.5618877
1725281084.5981915
1725281084.6149378
1725281084.6598423
1725281084.6735501
1725281084.696467
1725281084.710858
1725281084.753733
1725281084.764932
1725281084.820671
1725281084.8214407
1725281084.822618
1725281084.8358486
1725281084.8505187
1725281084.8604941
1725281084.8820431
1725281084.8958104
1725281084.9131968
1725281084.9286268
1725281084.9667845
1725281085.0298226
1725281085.034607
1725281085.0380218
1725281085.0533805
1725281085.0705225
1725281085.0802252
1725281085.0930467
1725281085.1353092
1725281085.1530788
1725281085.16939
1725281085.1808302
1725281085.1938477
1725281085.2135906
1725281085.223426
1725281085.2398238
1725281085.25776
1725281085.2788017
1725281085.2901568
1725281085.3056464
1725281085.3258953
1725281085.347346
1725281085.361287
1725281085.4030724
1725281085.412631
1725281085.4266365
1725281085.4454181
1725281085.477196
1725281085.4777188
1725281085.4845808
1725281085.50278
1725281085.5177562
1725281085.5407372
1725281085.5738432
1725281085.6015725
1725281085.6145859
1725281085.6408427
1725281085.6519308
1725281085.6724339
1725281085.6920967
1725281085.6977208
1725281085.7376568
1725281085.7456837
1725281085.7616966
1725281085.784727
1725281085.8257692
1725281085.8473039
1725281085.8674934
1725281085.8793416
1725281085.912325
1725281085.9309726
1725281085.9490464
1725281085.971807
1725281085.9904008
1725281086.0076954
1725281086.026996
1725281086.0421627
1725281086.0628035
1725281086.0736058
1725281086.0915072
1725281086.105839
1725281086.1243994
1725281086.1366837
1725281086.15358
1725281086.1685998
1725281086.2003303
1725281086.2066045
1725281086.2291417
1725281086.2437975
1725281086.2546048
1725281086.2996721
1725281086.300409
1725281086.317783
1725281086.3340583
1725281086.3545094
1725281086.3783364
1725281086.3919077
1725281086.4161866
1725281086.4305665
1725281086.4474494
1725281086.4822648
1725281086.4827487
1725281086.5071678
1725281086.5145118
1725281086.5319197
1725281086.5616584
1725281086.5794663
1725281086.5796225
1725281086.5938926
1725281086.6328843
1725281086.6518643
1725281086.6687012
1725281086.6809237
1725281086.692276
1725281086.710233
1725281086.7272203
1725281086.7610283
1725281086.7717502
1725281086.804487
1725281086.8127503
1725281086.8420856
1725281086.8556976
1725281086.8801467
1725281086.8918831
1725281086.9300487
1725281086.9463463
1725281086.955335
1725281086.9691188
1725281086.9850764
1725281087.0072548
1725281087.0478156
1725281087.0536041
1725281087.0785487
1725281087.0906107
1725281087.1229556
1725281087.1235704
1725281087.1373196
1725281087.1698349
1725281087.1704502
1725281087.2091367
1725281087.2241662
1725281087.234944
1725281087.2529428
1725281087.2735143
1725281087.2859359
1725281087.298955
1725281087.3156621
1725281087.3348362
1725281087.3459644
1725281087.362372
1725281087.380909
1725281087.4012775
1725281087.4159784
1725281087.4349225
1725281087.4581192
1725281087.4682608
1725281087.4829037
1725281087.5098414
1725281087.5144446
1725281087.5321696
1725281087.5426402
1725281087.5623817
1725281087.5878477
1725281087.5956624
1725281087.6113238
1725281087.6504505
1725281087.6610334
1725281087.685913
1725281087.6924033
1725281087.7098982
1725281087.7359474
1725281087.7505052
1725281087.7560682
1725281087.79702
1725281087.8019643
1725281087.8266566
1725281087.8321683
1725281087.8657143
1725281087.9022
1725281087.9365976
1725281087.9498556
1725281087.9732418
1725281088.001975
1725281088.0149708
1725281088.090836
1725281088.094989
1725281088.0950158
1725281088.0950387
1725281088.0959466
1725281088.1293187
1725281088.1337733
1725281088.1559842
1725281088.168508
1725281088.1902587
1725281088.221682
1725281088.2518277
1725281088.266532
1725281088.2969077
1725281088.2972517
1725281088.3180413
1725281088.3428705
1725281088.3650007
1725281088.4012856
1725281088.4020991
1725281088.407587
1725281088.424904
1725281088.4594939
1725281088.4674203
1725281088.4719546
1725281088.500237
1725281088.5060046
1725281088.5239065
1725281088.5389853
1725281088.5691795
1725281088.594778
1725281088.5963342
1725281088.6163254
1725281088.6551821
1725281088.6618502
1725281088.6802714
1725281088.6968355
1725281088.7122698
1725281088.7205162
1725281088.7478075
1725281088.7555146
1725281088.7875423
1725281088.8058746
1725281088.822807
1725281088.8474863
1725281088.873643
1725281088.8816016
1725281088.9100707
1725281088.920681
1725281088.9399397
1725281088.953261
1725281088.992953
1725281088.9981182
1725281089.0357504
1725281089.035779
1725281089.087018
1725281089.113092
1725281089.1147099
1725281089.1357179
1725281089.168918
1725281089.2115016
1725281089.2115583
1725281089.2286112
1725281089.241507
1725281089.2565346
1725281089.2783198
1725281089.2881622
1725281089.3154628
1725281089.3256712
1725281089.3398802
1725281089.4009426
1725281089.4010634
1725281089.4193592
1725281089.419488
1725281089.4305933
1725281089.450422
1725281089.4556303
1725281089.496649
1725281089.4968605
1725281089.5167122
1725281089.5315623
1725281089.5554109
1725281089.5646966
1725281089.5860946
1725281089.604407
1725281089.6200223
1725281089.6435232
1725281089.6690528
1725281089.6838996
1725281089.6991222
1725281089.7334528
1725281089.745317
1725281089.7700725
1725281089.7701542
1725281089.7888665
1725281089.800667
1725281089.8303049
1725281089.8493874
1725281089.8494618
1725281089.901537
1725281089.9017634
1725281089.9248595
1725281089.9350045
1725281089.9465368
1725281089.9658566
1725281089.979777
1725281090.0175319
1725281090.0382264
1725281090.0450172
1725281090.0756183
1725281090.0964048
1725281090.1342928
1725281090.1448362
1725281090.1694617
1725281090.1817617
1725281090.204311
1725281090.2139616
1725281090.238276
1725281090.2452772
1725281090.2629118
1725281090.312956
1725281090.3130915
1725281090.3425322
1725281090.3500597
1725281090.3655236
1725281090.3908756
1725281090.4412043
1725281090.4412358
1725281090.4412997
1725281090.468931
1725281090.4784877
1725281090.5302026
1725281090.5302672
1725281090.5303416
1725281090.5415885
1725281090.5637784
1725281090.59084
1725281090.5910714
1725281090.6132314
1725281090.6405623
1725281090.652031
1725281090.6521003
1725281090.670334
1725281090.6873505
1725281090.7266045
1725281090.7267613
1725281090.7520578
1725281090.7629955
1725281090.789288
1725281090.7895784
1725281090.810501
1725281090.8176668
1725281090.8473008
1725281090.8536649
1725281090.881459
1725281090.9048908
1725281090.9270658
1725281090.9373562
1725281090.954268
1725281090.9687154
1725281090.9871862
1725281091.0063453
1725281091.0233254
1725281091.0570462
1725281091.0740902
1725281091.0862436
1725281091.0957143
1725281091.128892
1725281091.1777477
1725281091.200534
1725281091.2120883
1725281091.230123
1725281091.2741284
1725281091.296227
1725281091.3076978
1725281091.3472464
1725281091.35228
1725281091.362519
1725281091.3750908
1725281091.3977172
1725281091.4103224
1725281091.4284925
1725281091.439813
1725281091.4669256
1725281091.4861255
1725281091.5237443
1725281091.5322638
1725281091.5522516
1725281091.5705578
1725281091.5846088
1725281091.600901
1725281091.6290505
1725281091.6493568
1725281091.6709063
1725281091.6807556
1725281091.7041874
1725281091.71157
1725281091.7426553
1725281091.758809
1725281091.7661428
1725281091.7856503
1725281091.800765
1725281091.8144708
1725281091.8429592
1725281091.848928
1725281091.9021435
1725281091.902199
1725281091.9181106
1725281091.934905
1725281091.9630375
1725281091.9635568
1725281091.9762285
1725281091.996506
1725281092.0260131
1725281092.073841
1725281092.0738974
1725281092.0740564
1725281092.103799
1725281092.1243546
1725281092.143926
1725281092.1582408
1725281092.1800964
1725281092.1913886
1725281092.2273102
1725281092.231862
1725281092.2699406
1725281092.28085
1725281092.2965117
1725281092.3091865
1725281092.3996751
1725281092.4060044
1725281092.4060493
1725281092.4160218
1725281092.4510689
1725281092.455305
1725281092.4870365
1725281092.5055115
1725281092.5226843
1725281092.5432856
1725281092.5513296
1725281092.5718749
1725281092.5904992
1725281092.607368
1725281092.6351275
1725281092.6434445
1725281092.6627955
1725281092.6892638
1725281092.701284
1725281092.708929
1725281092.7259865
1725281092.7414246
1725281092.7578995
1725281092.7697837
1725281092.7947288
1725281092.823299
1725281092.8390741
1725281092.8490713
1725281092.8690944
1725281092.8815129
1725281092.8993673
1725281092.9221742
1725281092.9456685
1725281092.971524
1725281092.9778244
1725281092.997334
1725281093.013217
1725281093.0314484
1725281093.051488
1725281093.063789
1725281093.075253
1725281093.0935314
1725281093.1069136
1725281093.1272566
1725281093.1705525
1725281093.1750445
1725281093.192896
1725281093.2173362
1725281093.224711
1725281093.237436
1725281093.2521641
1725281093.2936049
1725281093.317389
1725281093.321981
1725281093.341178
1725281093.370602
1725281093.3862274
1725281093.431504
1725281093.4317343
1725281093.4650667
1725281093.4804907
1725281093.482822
1725281093.521365
1725281093.5275867
1725281093.5420837
1725281093.5776386
1725281093.5846462
1725281093.6196995
1725281093.6344519
1725281093.6347053
1725281093.6517646
1725281093.6836803
1725281093.68374
1725281093.697368
1725281093.7524827
1725281093.7527192
1725281093.7613251
1725281093.7854538
1725281093.794318
1725281093.820049
1725281093.8291705
1725281093.8509665
1725281093.8600986
1725281093.884493
1725281093.9094362
1725281093.9095829
1725281093.9243145
1725281093.967562
1725281093.9679592
1725281093.9776292
1725281093.9894288
1725281094.021492
1725281094.0294094
1725281094.05914
1725281094.0922458
1725281094.0928602
1725281094.0963833
1725281094.1053052
1725281094.1279504
1725281094.1525257
1725281094.174923
1725281094.198972
1725281094.218899
1725281094.234482
1725281094.239277
1725281094.2691348
1725281094.2755864
1725281094.30895
1725281094.3291872
1725281094.3412945
1725281094.3486137
1725281094.3671494
1725281094.406351
1725281094.437131
1725281094.4616702
1725281094.497042
1725281094.4976978
1725281094.548431
1725281094.5485294
1725281094.6032085
1725281094.6090934
1725281094.609218
1725281094.6252515
1725281094.6379316
1725281094.6460464
1725281094.6747596
1725281094.68978
1725281094.7214792
1725281094.7216318
1725281094.766647
1725281094.7963276
1725281094.8161576
1725281094.8254795
1725281094.8381293
1725281094.8586795
1725281094.889142
1725281094.921313
1725281094.926093
1725281094.9509
1725281094.9576058
1725281094.973206
1725281094.9912882
1725281095.0112247
1725281095.0315235
1725281095.0335696
1725281095.051354
1725281095.074203
1725281095.0834818
1725281095.1112485
1725281095.1171076
1725281095.135925
1725281095.1579597
1725281095.2040796
1725281095.212502
1725281095.226422
1725281095.2389593
1725281095.2562017
1725281095.271572
1725281095.285098
1725281095.2992632
1725281095.329904
1725281095.3601885
1725281095.3664825
1725281095.431393
1725281095.4338093
1725281095.4338539
1725281095.4454145
1725281095.4613779
1725281095.481892
1725281095.5095296
1725281095.533016
1725281095.54598
1725281095.5565696
1725281095.58093
1725281095.6225934
1725281095.642542
1725281095.6640778
1725281095.6759944
1725281095.7147605
1725281095.7428222
1725281095.7429068
1725281095.7753482
1725281095.7915292
1725281095.8175168
1725281095.8424425
1725281095.8424926
1725281095.870763
1725281095.8730063
1725281095.8954217
1725281095.9050806
1725281095.9342434
1725281095.9497404
1725281095.9721117
1725281095.977199
1725281095.981143
1725281096.0014338
1725281096.0226583
1725281096.03741
1725281096.0759275
1725281096.1072593
1725281096.1072881
1725281096.1386979
1725281096.1534739
1725281096.153697
1725281096.2114632
1725281096.211612
1725281096.2229116
1725281096.2529314
1725281096.254743
1725281096.2818804
1725281096.2889168
1725281096.3051524
1725281096.3492339
1725281096.3530986
1725281096.3676598
1725281096.385999
1725281096.4013743
1725281096.4479742
1725281096.4611604
1725281096.4828525
1725281096.4829865
1725281096.5007894
1725281096.523406
1725281096.5302124
1725281096.57792
1725281096.591745
1725281096.611888
1725281096.6293578
1725281096.658455
1725281096.6720593
1725281096.695473
1725281096.709494
1725281096.7353172
1725281096.7569182
1725281096.765313
1725281096.7868
1725281096.799649
1725281096.8144655
1725281096.8554773
1725281096.870627
1725281096.8877177
1725281096.898784
1725281096.9324622
1725281096.93292
1725281096.9473155
1725281096.9600513
1725281096.9858496
1725281097.0133746
1725281097.0618212
1725281097.0620825
1725281097.067027
1725281097.0821362
1725281097.0971336
1725281097.113648
1725281097.1311507
1725281097.1576953
1725281097.165658
1725281097.1839426
1725281097.2041924
1725281097.2297168
1725281097.2333255
1725281097.2500598
1725281097.2718434
1725281097.2989395
1725281097.3000746
1725281097.3166318
1725281097.3317692
1725281097.346834
1725281097.3750126
1725281097.4671068
1725281097.4671786
1725281097.467245
1725281097.467328
1725281097.4674542
1725281097.4922628
1725281097.5230775
1725281097.5231395
1725281097.5302136
1725281097.549209
1725281097.578536
1725281097.615949
1725281097.643141
1725281097.6442282
1725281097.644289
1725281097.6578116
1725281097.6893427
1725281097.7391295
1725281097.7515914
1725281097.7720668
1725281097.7878177
1725281097.8265421
1725281097.852929
1725281097.8637471
1725281097.8964982
1725281097.9292831
1725281097.9294522
1725281097.9297583
1725281097.9470723
1725281097.9710631
1725281097.981215
1725281097.995701
1725281098.017056
1725281098.045228
1725281098.0848165
1725281098.0935683
1725281098.1106105
1725281098.121467
1725281098.1425948
1725281098.1570222
1725281098.177354
1725281098.207953
1725281098.2204657
1725281098.2375848
1725281098.2506282
1725281098.2711375
1725281098.3001058
1725281098.3021386
1725281098.3195288
1725281098.3341904
1725281098.3496187
1725281098.3686743
1725281098.3962264
1725281098.4090326
1725281098.422736
1725281098.4333732
1725281098.486367
1725281098.4959745
1725281098.5159993
1725281098.5237207
1725281098.5366733
1725281098.5489802
1725281098.5809078
1725281098.5813632
1725281098.6070194
1725281098.638813
1725281098.6820965
1725281098.6825871
1725281098.70306
1725281098.7189684
1725281098.7354968
1725281098.746738
1725281098.765211
1725281098.7829719
1725281098.821837
1725281098.842464
1725281098.8478944
1725281098.867976
1725281098.9063003
1725281098.9450138
1725281098.95128
1725281098.9723234
1725281099.007801
1725281099.0153036
1725281099.0350845
1725281099.065213
1725281099.0792322
1725281099.10496
1725281099.1185098
1725281099.141834
1725281099.154413
1725281099.170144
1725281099.1891851
1725281099.206628
1725281099.2275825
1725281099.2514057
1725281099.2515705
1725281099.2662675
1725281099.2789712
1725281099.2981994
1725281099.3125486
1725281099.3560393
1725281099.3565931
1725281099.3852646
1725281099.4139647
1725281099.4139948
1725281099.4255798
1725281099.4590309
1725281099.4592118
1725281099.4818351
1725281099.5250154
1725281099.5251026
1725281099.54873
1725281099.5618734
1725281099.580959
1725281099.5941057
1725281099.6199446
1725281099.6215696
1725281099.6593497
1725281099.659667
1725281099.67816
1725281099.699242
1725281099.736755
1725281099.7441893
1725281099.7678347
1725281099.7774057
1725281099.8002944
1725281099.82157
1725281099.8224018
1725281099.8675046
1725281099.8842685
1725281099.8888774
1725281099.9022439
1725281099.938028
1725281099.9629302
1725281099.9671059
1725281099.9918118
1725281100.0157804
1725281100.088018
1725281100.0880766
1725281100.088136
1725281100.0882404
1725281100.1073785
1725281100.1445882
1725281100.1825273
1725281100.1827884
1725281100.1874735
1725281100.2084348
1725281100.2185314
1725281100.2393246
1725281100.251007
1725281100.2671802
1725281100.3001256
1725281100.3144016
1725281100.3395576
1725281100.3550327
1725281100.3644698
1725281100.3849823
1725281100.4046931
1725281100.413082
1725281100.4400668
1725281100.4514306
1725281100.479312
1725281100.479389
1725281100.4991603
1725281100.5187821
1725281100.5352445
1725281100.5440567
1725281100.562277
1725281100.5810783
1725281100.6001084
1725281100.6162925
1725281100.6411364
1725281100.659627
1725281100.6673822
1725281100.684281
1725281100.7008994
1725281100.711649
1725281100.7582445
1725281100.791169
1725281100.7916608
1725281100.8009079
1725281100.823028
1725281100.8499951
1725281100.8507183
1725281100.8756413
1725281100.921298
1725281100.923107
1725281100.9322157
1725281100.947801
1725281100.9749432
1725281101.0144043
1725281101.0468495
1725281101.0775688
1725281101.0916412
1725281101.1095564
1725281101.138933
1725281101.1873143
1725281101.1873815
1725281101.1874504
1725281101.2139764
1725281101.2140393
1725281101.2414548
1725281101.241544
1725281101.2702878
1725281101.2757788
1725281101.2973685
1725281101.3237598
1725281101.3641067
1725281101.3784573
1725281101.3910453
1725281101.4099548
1725281101.4185755
1725281101.4411962
1725281101.4644222
1725281101.5026813
1725281101.5144389
1725281101.5239987
1725281101.5437655
1725281101.5787761
1725281101.5792522
1725281101.5970752
1725281101.6091537
1725281101.6215925
1725281101.637584
1725281101.6689124
1725281101.6694279
1725281101.693793
1725281101.7091756
1725281101.7199426
1725281101.7618496
1725281101.7875025
1725281101.8027475
1725281101.8069785
1725281101.8247874
1725281101.844572
1725281101.8538089
1725281101.888846
1725281101.8899558
1725281101.9206471
1725281101.9338195
1725281101.9679797
1725281101.983494
1725281102.015853
1725281102.019476
1725281102.0397234
1725281102.0544522
1725281102.0599225
1725281102.253329
1725281102.2537532
1725281102.2538788
1725281102.2540464
1725281102.2548542
1725281102.255239
1725281102.2554693
1725281102.318966
1725281102.319086
1725281102.319204
1725281102.3192835
1725281102.3505375
1725281102.350693
1725281102.3820593
1725281102.3821166
1725281102.417442
1725281102.420162
1725281102.445506
1725281102.468446
1725281102.4844906
1725281102.486556
1725281102.5122375
1725281102.5188093
1725281102.5356357
1725281102.5604432
1725281102.5644236
1725281102.5842583
1725281102.6128047
1725281102.6331458
1725281102.6698287
1725281102.669892
1725281102.7024267
1725281102.702489
1725281102.7194827
1725281102.732085
1725281102.7462833
1725281102.802083
1725281102.80214
1725281102.8072524
1725281102.8321729
1725281102.84303
1725281102.8726635
1725281102.8741152
1725281102.8958557
1725281102.9092786
1725281102.9311771
1725281102.944506
1725281102.963381
1725281102.9898286
1725281103.0136578
1725281103.0438504
1725281103.04458
1725281103.0604966
1725281103.0748084
1725281103.1000202
1725281103.118686
1725281103.1521401
1725281103.1624534
1725281103.172328
1725281103.2054453
1725281103.2430584
1725281103.2434742
1725281103.2533045
1725281103.288241
1725281103.3090274
1725281103.3149927
1725281103.3296723
1725281103.3490255
1725281103.3642817
1725281103.3996902
1725281103.4209023
1725281103.453264
1725281103.4533467
1725281103.4735212
1725281103.4778433
1725281103.5085552
1725281103.5124867
1725281103.5339916
1725281103.5868964
1725281103.5879626
1725281103.5973682
1725281103.6281197
1725281103.6437552
1725281103.6545737
1725281103.6663816
1725281103.6752279
1725281103.6974616
1725281103.7202835
1725281103.7305083
1725281103.7502391
1725281103.7676637
1725281103.7818215
1725281103.8169212
1725281103.8172505
1725281103.8272967
1725281103.8450115
1725281103.8606794
1725281103.876367
1725281103.89115
1725281103.9114192
1725281103.9264228
1725281103.9595385
1725281103.969454
1725281103.9747317
1725281104.0099378
1725281104.0386872
1725281104.0519724
1725281104.061246
1725281104.087599
1725281104.0973282
1725281104.1141884
1725281104.139517
1725281104.1662607
1725281104.173238
1725281104.1809773
1725281104.200807
1725281104.2329412
1725281104.2738757
1725281104.291494
1725281104.311795
1725281104.3302882
1725281104.379712
1725281104.3968031
1725281104.4315903
1725281104.4347928
1725281104.4351335
1725281104.4552436
1725281104.4817538
1725281104.4976382
1725281104.5023773
1725281104.5193636
1725281104.5329726
1725281104.5462675
1725281104.5821319
1725281104.6738372
1725281104.6739628
1725281104.675573
1725281104.6942532
1725281104.694327
1725281104.7071593
1725281104.713377
1725281104.748734
1725281104.7623985
1725281104.7823875
1725281104.7956994
1725281104.8124774
1725281104.8405805
1725281104.8445365
1725281104.861304
1725281104.8746116
1725281104.8968027
1725281104.9098208
1725281104.9310942
1725281104.9490702
1725281104.9773138
1725281104.9872262
1725281105.0170085
1725281105.031052
1725281105.0683227
1725281105.0688553
1725281105.0801125
1725281105.105995
1725281105.1065218
1725281105.120839
1725281105.158295
1725281105.163591
1725281105.201296
1725281105.2198067
1725281105.2338321
1725281105.2531245
1725281105.2815387
1725281105.2868538
1725281105.310971
1725281105.327227
1725281105.3581295
1725281105.3670163
1725281105.3901837
1725281105.400044
1725281105.4339745
1725281105.4693766
1725281105.4985359
1725281105.5070167
1725281105.5415292
1725281105.5596507
1725281105.5755231
1725281105.6038525
1725281105.6231086
1725281105.638178
1725281105.6608057
1725281105.6670954
1725281105.696154
1725281105.7110007
1725281105.7168777
1725281105.7295651
1725281105.76568
1725281105.7657766
1725281105.7879853
1725281105.808057
1725281105.8301363
1725281105.8302624
1725281105.8516998
1725281105.8681843
1725281105.8812644
1725281105.91923
1725281105.9310243
1725281105.9510868
1725281105.9678705
1725281106.0059614
1725281106.050797
1725281106.050876
1725281106.0509434
1725281106.0705585
1725281106.116104
1725281106.1228454
1725281106.122909
1725281106.1449826
1725281106.165495
1725281106.2253828
1725281106.2254362
1725281106.2257397
1725281106.2335877
1725281106.2384896
1725281106.271873
1725281106.2911084
1725281106.2968996
1725281106.3222494
1725281106.330963
1725281106.3432736
1725281106.3619702
1725281106.3929071
1725281106.413894
1725281106.432097
1725281106.449529
1725281106.4815707
1725281106.4937007
1725281106.5178614
1725281106.5451236
1725281106.5661867
1725281106.5949783
1725281106.6023731
1725281106.6171732
1725281106.6327167
1725281106.6652308
1725281106.6888573
1725281106.6989818
1725281106.7294757
1725281106.7295275
1725281106.7493787
1725281106.7662892
1725281106.7818236
1725281106.7926726
1725281106.810418
1725281106.8433988
1725281106.864023
1725281106.8768837
1725281106.8914108
1725281106.9044082
1725281106.924209
1725281106.937905
1725281106.952547
1725281106.9716966
1725281107.0007515
1725281107.0180469
1725281107.0432546
1725281107.0433252
1725281107.080604
1725281107.0846035
1725281107.091188
1725281107.127725
1725281107.129039
1725281107.1366453
1725281107.1528656
1725281107.1721697
1725281107.1816356
1725281107.2021124
1725281107.2221644
1725281107.2382734
1725281107.2611446
1725281107.287071
1725281107.3091552
1725281107.3183458
1725281107.3414347
1725281107.3461568
1725281107.369725
1725281107.3820996
1725281107.4191802
1725281107.4351568
1725281107.4517465
1725281107.4698124
1725281107.4885192
1725281107.5154638
1725281107.5560722
1725281107.5922797
1725281107.6179376
1725281107.6179984
1725281107.658932
1725281107.6696763
1725281107.7177196
1725281107.7202377
1725281107.721174
1725281107.7495334
1725281107.7558005
1725281107.7715433
1725281107.7872322
1725281107.8208349
1725281107.824411
1725281107.842588
1725281107.874169
1725281107.9165764
1725281107.9292016
1725281107.9566126
1725281107.9566748
1725281107.9693244
1725281107.9800189
1725281108.000969
1725281108.0420778
1725281108.0535195
1725281108.0718286
1725281108.0802696
1725281108.0995953
1725281108.1189036
1725281108.147395
1725281108.1498678
1725281108.162593
1725281108.1837635
1725281108.192928
1725281108.2181928
1725281108.2308238
1725281108.248107
1725281108.2594361
1725281108.305077
1725281108.315347
1725281108.3395002
1725281108.3454902
1725281108.3661723
1725281108.3726761
1725281108.390956
1725281108.4040868
1725281108.426959
1725281108.4433897
1725281108.4800224
1725281108.5075533
1725281108.529322
1725281108.539162
1725281108.5573738
1725281108.575838
1725281108.5922227
1725281108.6426833
1725281108.6427393
1725281108.666031
1725281108.6695354
1725281108.6877134
1725281108.7185788
1725281108.7534409
1725281108.7697046
1725281108.7925599
1725281108.823218
1725281108.8379827
1725281108.850663
1725281108.8814223
1725281108.8973854
1725281108.9237196
1725281108.9497151
1725281108.953435
1725281108.973153
1725281108.9869566
1725281109.0364046
1725281109.037246
1725281109.0416942
1725281109.0424259
1725281109.0744758
1725281109.0802248
1725281109.1040263
1725281109.1134644
1725281109.1340098
1725281109.1441092
1725281109.1621728
1725281109.199137
1725281109.2112865
1725281109.242104
1725281109.2536905
1725281109.2676861
1725281109.286314
1725281109.295575
1725281109.3323169
1725281109.3809934
1725281109.3810494
1725281109.3898616
1725281109.4046845
1725281109.4121552
1725281109.4269083
1725281109.4505572
1725281109.4618137
1725281109.4736483
1725281109.4896553
1725281109.5044684
1725281109.5456655
1725281109.570074
1725281109.5707443
1725281109.592171
1725281109.6056247
1725281109.6251366
1725281109.6368678
1725281109.6752598
1725281109.6903477
1725281109.703411
1725281109.7230306
1725281109.756143
1725281109.7679305
1725281109.7962277
1725281109.7984087
1725281109.8400307
1725281109.8558085
1725281109.873818
1725281109.9022608
1725281109.9023256
1725281109.9176073
1725281109.9598727
1725281109.9688194
1725281109.985937
1725281110.002983
1725281110.0132134
1725281110.0307283
1725281110.045964
1725281110.0746524
1725281110.0904562
1725281110.12167
1725281110.136781
1725281110.1507103
1725281110.1733136
1725281110.1807272
1725281110.2174878
1725281110.2175968
1725281110.2379332
1725281110.2651074
1725281110.2779565
1725281110.2795165
1725281110.307469
1725281110.3188267
1725281110.3359346
1725281110.356279
1725281110.3736036
1725281110.3871899
1725281110.404173
1725281110.4131436
1725281110.4346485
1725281110.4486156
1725281110.4806774
1725281110.480709
1725281110.502175
1725281110.5156906
1725281110.528014
1725281110.5830433
1725281110.5831246
1725281110.5969775
1725281110.6105597
1725281110.642701
1725281110.6432166
1725281110.6809216
1725281110.6810706
1725281110.7115436
1725281110.7264004
1725281110.73613
1725281110.7529035
1725281110.7970436
1725281110.8310702
1725281110.8774738
1725281110.9047022
1725281110.9273367
1725281110.937597
1725281110.9896147
1725281111.0094895
1725281111.0096006
1725281111.0141768
1725281111.030429
1725281111.0463893
1725281111.052605
1725281111.07166
1725281111.0942578
1725281111.1115093
1725281111.1382413
1725281111.1711502
1725281111.1895838
1725281111.2032006
1725281111.2148633
1725281111.234507
1725281111.2494738
1725281111.268122
1725281111.3025734
1725281111.3318703
1725281111.3326063
1725281111.3576384
1725281111.372322
1725281111.380355
1725281111.3992913
1725281111.417199
1725281111.431968
1725281111.4444978
1725281111.4653885
1725281111.4766738
1725281111.5070662
1725281111.511694
1725281111.5287483
1725281111.5695615
1725281111.5847924
1725281111.6004105
1725281111.620003
1725281111.6392179
1725281111.652836
1725281111.672697
1725281111.6805625
1725281111.6903462
1725281111.7137873
1725281111.8008654
1725281111.8009336
1725281111.8010132
1725281111.815563
1725281111.829528
1725281111.8485444
1725281111.8590732
1725281111.8679848
1725281111.90387
1725281111.9160848
1725281111.9512308
1725281111.952587
1725281111.9919724
1725281112.0192518
1725281112.0471134
1725281112.0517018
1725281112.0908685
1725281112.1135197
1725281112.1474388
1725281112.157571
1725281112.1733613
1725281112.2003107
1725281112.2202466
1725281112.2339497
1725281112.2543755
1725281112.2599752
1725281112.2740335
1725281112.3219266
1725281112.3219867
1725281112.3220582
1725281112.33413
1725281112.3532138
1725281112.36877
1725281112.3899317
1725281112.4013333
1725281112.416705
1725281112.4320962
1725281112.4756308
1725281112.4832778
1725281112.5013437
1725281112.5217526
1725281112.536087
1725281112.5502172
1725281112.5613232
1725281112.6014762
1725281112.609522
1725281112.6309736
1725281112.6471524
1725281112.67572
1725281112.6765704
1725281112.6971395
1725281112.7283092
1725281112.7284718
1725281112.7495842
1725281112.7639117
1725281112.7842252
1725281112.820128
1725281112.8387523
1725281112.8527968
1725281112.8624146
1725281112.882041
1725281112.892814
1725281112.9129593
1725281112.942986
1725281112.9704833
1725281112.9800797
1725281112.9990635
1725281113.0341802
1725281113.04328
1725281113.0698857
1725281113.0784888
1725281113.1147275
1725281113.1344407
1725281113.1508224
1725281113.169332
1725281113.174599
1725281113.1926043
1725281113.225646
1725281113.2480779
1725281113.2588122
1725281113.2845519
1725281113.2888749
1725281113.3108556
1725281113.3336275
1725281113.3488288
1725281113.3576984
1725281113.387056
1725281113.4054992
1725281113.4230595
1725281113.4475155
1725281113.4646912
1725281113.4835432
1725281113.4919317
1725281113.5136979
1725281113.516989
1725281113.5543978
1725281113.5544546
1725281113.5691385
1725281113.5810406
1725281113.6024005
1725281113.6177807
1725281113.629628
1725281113.6498334
1725281113.6693878
1725281113.6852462
1725281113.7045617
1725281113.714807
1725281113.735169
1725281113.7712805
1725281113.7713304
1725281113.7893908
1725281113.7961223
1725281113.8338172
1725281113.8616812
1725281113.8907464
1725281113.89105
1725281113.8928041
1725281113.9077725
1725281113.9221303
1725281113.9392354
1725281113.981894
1725281113.9975662
1725281114.0053148
1725281114.023216
1725281114.0537777
1725281114.0913742
1725281114.1427288
1725281114.15091
1725281114.1514943
1725281114.1930716
1725281114.2039256
1725281114.269147
1725281114.2692952
1725281114.2694604
1725281114.284331
1725281114.2943485
1725281114.300154
1725281114.3161197
1725281114.3330507
1725281114.3658378
1725281114.3802495
1725281114.4116552
1725281114.440975
1725281114.4783492
1725281114.4786541
1725281114.478923
1725281114.5117168
1725281114.5181885
1725281114.5394742
1725281114.5779972
1725281114.5796988
1725281114.5946238
1725281114.614946
1725281114.6328561
1725281114.660811
1725281114.6609154
1725281114.682675
1725281114.6917577
1725281114.7151988
1725281114.7305202
1725281114.7486932
1725281114.7845898
1725281114.784652
1725281114.7946608
1725281114.836763
1725281114.8506863
1725281114.8725328
1725281114.8839145
1725281114.8999205
1725281114.9099956
1725281114.9329631
1725281114.9392188
1725281114.95698
1725281114.9765325
1725281115.0164616
1725281115.0450978
1725281115.088535
1725281115.088589
1725281115.0980573
1725281115.1136239
1725281115.1262536
1725281115.138569
1725281115.187215
1725281115.2147918
1725281115.2194383
1725281115.226618
1725281115.2684484
1725281115.2996488
1725281115.3225718
1725281115.3313985
1725281115.3634293
1725281115.3704014
1725281115.3923268
1725281115.424257
1725281115.43632
1725281115.4555345
1725281115.467331
1725281115.510688
1725281115.5736215
1725281115.5738647
1725281115.5739021
1725281115.5739338
1725281115.5739684
1725281115.6320572
1725281115.632118
1725281115.6321807
1725281115.6322443
1725281115.6530635
1725281115.6727638
1725281115.6904166
1725281115.6983197
1725281115.7404687
1725281115.7546244
1725281115.7585783
1725281115.776697
1725281115.8017623
1725281115.8158565
1725281115.8333106
1725281115.861435
1725281115.872463
1725281115.904015
1725281115.9145603
1725281115.931294
1725281115.9474154
1725281115.9565895
1725281115.975328
1725281115.989255
1725281116.017328
1725281116.0562992
1725281116.056518
1725281116.0750353
1725281116.1234963
1725281116.123543
1725281116.1321988
1725281116.1487458
1725281116.191011
1725281116.1910653
1725281116.215081
1725281116.2287922
1725281116.2480361
1725281116.2611651
1725281116.2854943
1725281116.3123236
1725281116.3185282
1725281116.3455112
1725281116.370567
1725281116.3911912
1725281116.3991373
1725281116.425903
1725281116.439672
1725281116.448572
1725281116.4817095
1725281116.548516
1725281116.5486019
1725281116.5490925
1725281116.5569856
1725281116.571742
1725281116.5931416
1725281116.5999663
1725281116.6151347
1725281116.6630204
1725281116.6630628
1725281116.682844
1725281116.6991186
1725281116.7194178
1725281116.730329
1725281116.7562757
1725281116.76225
1725281116.780987
1725281116.7921736
1725281116.8127232
1725281116.8239458
1725281116.841613
1725281116.8634455
1725281116.874276
1725281116.892792
1725281116.9103165
1725281116.9338028
1725281116.9379485
1725281116.962666
1725281116.9752007
1725281116.991286
1725281117.0056856
1725281117.0248523
1725281117.0429149
1725281117.058274
1725281117.0983157
1725281117.1089616
1725281117.1409347
1725281117.1435704
1725281117.1778479
1725281117.18849
1725281117.1885657
1725281117.1993132
1725281117.2469091
1725281117.2650955
1725281117.2651849
1725281117.2784894
1725281117.3124292
1725281117.3538296
1725281117.3780258
1725281117.3959622
1725281117.4057207
1725281117.4478002
1725281117.472967
1725281117.5183015
1725281117.5183542
1725281117.5211456
1725281117.5433943
1725281117.5469875
1725281117.5619845
1725281117.5827146
1725281117.6028314
1725281117.613052
1725281117.6269276
1725281117.6586807
1725281117.6962402
1725281117.7102492
1725281117.7246482
1725281117.7509615
1725281117.7608495
1725281117.78345
1725281117.786721
1725281117.8235211
1725281117.8487
1725281117.8556266
1725281117.8910952
1725281117.891801
1725281117.9120612
1725281117.9400277
1725281117.9404998
1725281117.9700236
1725281117.9847648
1725281117.98785
1725281117.9996533
1725281118.0173798
1725281118.0351393
1725281118.0541434
1725281118.0950155
1725281118.1059458
1725281118.129841
1725281118.1345048
1725281118.1619816
1725281118.1726086
1725281118.1908185
1725281118.197805
1725281118.213875
1725281118.2308068
1725281118.2696433
1725281118.3057966
1725281118.320483
1725281118.3557637
1725281118.3596573
1725281118.3666916
1725281118.3831215
1725281118.4006538
1725281118.432851
1725281118.452567
1725281118.4734964
1725281118.509277
1725281118.5158415
1725281118.549189
1725281118.5608027
1725281118.5937884
1725281118.6091228
1725281118.626464
1725281118.6517868
1725281118.6812737
1725281118.697686
1725281118.7072265
1725281118.7256956
1725281118.7339647
1725281118.7607868
1725281118.7827995
1725281118.786625
1725281118.8172626
1725281118.8205419
1725281118.8484159
1725281118.852882
1725281118.8796341
1725281118.8935835
1725281118.907196
1725281118.9373226
1725281118.9374719
1725281118.9494557
1725281118.9919415
1725281119.0103264
1725281119.0148246
1725281119.0301404
1725281119.0506468
1725281119.0854108
1725281119.0955334
1725281119.1183317
1725281119.1431012
1725281119.153235
1725281119.1627903
1725281119.182824
1725281119.1989648
1725281119.214734
1725281119.2308822
1725281119.2465951
1725281119.2631285
1725281119.2936046
1725281119.2969477
1725281119.3418245
1725281119.3543556
1725281119.359643
1725281119.3873901
1725281119.4030716
1725281119.4118557
1725281119.4567611
1725281119.4572215
1725281119.470218
1725281119.498835
1725281119.5200977
1725281119.5473788
1725281119.5830996
1725281119.5902143
1725281119.5910635
1725281119.626383
1725281119.6460385
1725281119.6606266
1725281119.6838198
1725281119.69522
1725281119.7115855
1725281119.7461288
1725281119.7612674
1725281119.7761292
1725281119.7934864
1725281119.8070014
1725281119.826362
1725281119.839705
1725281119.8584645
1725281119.8728664
1725281119.9239671
1725281119.9239972
1725281119.9443204
1725281119.972556
1725281119.9726415
1725281120.0033324
1725281120.0034738
1725281120.0328453
1725281120.041248
1725281120.0602665
1725281120.0705738
1725281120.082688
1725281120.1034424
1725281120.1157677
1725281120.1451008
1725281120.1515145
1725281120.1728997
1725281120.1979632
1725281120.1981466
1725281120.224655
1725281120.2301464
1725281120.247005
1725281120.2610857
1725281120.275999
1725281120.301966
1725281120.3115642
1725281120.3508208
1725281120.3645709
1725281120.37857
1725281120.3909776
1725281120.4108052
1725281120.4444165
1725281120.444586
1725281120.4657366
1725281120.499431
1725281120.514851
1725281120.5279505
1725281120.5366123
1725281120.5694046
1725281120.6105793
1725281120.622858
1725281120.6566732
1725281120.6600664
1725281120.7079103
1725281120.7223516
1725281120.7712762
1725281120.7781506
1725281120.7782621
1725281120.7950835
1725281120.7956653
1725281120.8356094
1725281120.8362415
1725281120.8560402
1725281120.8640666
1725281120.8820105
1725281120.9239876
1725281120.965683
1725281120.9663062
1725281120.9968846
1725281120.9976263
1725281121.019454
1725281121.034142
1725281121.050677
1725281121.0758529
1725281121.0959587
1725281121.1250868
1725281121.131803
1725281121.1678033
1725281121.1697118
1725281121.1781428
1725281121.1913521
1725281121.2153597
1725281121.2337635
1725281121.237436
1725281121.2716913
1725281121.280235
1725281121.3020916
1725281121.3027413
1725281121.3553395
1725281121.3656816
1725281121.3793972
1725281121.405926
1725281121.413063
1725281121.4292066
1725281121.4399343
1725281121.458108
1725281121.4707384
1725281121.4867024
1725281121.521899
1725281121.5487208
1725281121.5770247
1725281121.614
1725281121.6144035
1725281121.6438441
1725281121.6733613
1725281121.7208927
1725281121.720922
1725281121.7210572
1725281121.7400353
1725281121.7688
1725281121.7984726
1725281121.817785
1725281121.8436527
1725281121.8608725
1725281121.882687
1725281121.8957493
1725281121.9354918
1725281121.9529545
1725281121.95894
1725281121.9755826
1725281121.9999738
1725281122.012276
1725281122.0279062
1725281122.0510404
1725281122.0604064
1725281122.091106
1725281122.0974226
1725281122.1025941
1725281122.1290197
1725281122.1524022
1725281122.1673582
1725281122.1806984
1725281122.189664
1725281122.206847
1725281122.2480683
1725281122.2633436
1725281122.2790494
1725281122.2919662
1725281122.3053868
1725281122.317194
1725281122.3452792
1725281122.3686016
1725281122.3973572
1725281122.3980427
1725281122.426398
1725281122.431093
1725281122.4625812
1725281122.4708161
1725281122.4925354
1725281122.497599
1725281122.51131
1725281122.5373435
1725281122.5444496
1725281122.581065
1725281122.5957289
1725281122.6094513
1725281122.6346333
1725281122.6417532
1725281122.6635828
1725281122.6818
1725281122.7055428
1725281122.723978
1725281122.745967
1725281122.764445
1725281122.793501
1725281122.804411
1725281122.823361
1725281122.8382483
1725281122.8760705
1725281122.886989
1725281122.9052644
1725281122.9196599
1725281122.947417
1725281122.9622252
1725281122.9845285
1725281123.0031452
1725281123.0181105
1725281123.0532725
1725281123.0560474
1725281123.069401
1725281123.0787008
1725281123.1115804
1725281123.1170142
1725281123.1517403
1725281123.1699104
1725281123.1821449
1725281123.2061148
1725281123.219656
1725281123.2281723
1725281123.2732744
1725281123.2736511
1725281123.2809274
1725281123.297265
1725281123.313956
1725281123.3282886
1725281123.339092
1725281123.3526874
1725281123.3781633
1725281123.3904214
1725281123.414435
1725281123.4353864
1725281123.4488802
1725281123.4577627
1725281123.4810143
1725281123.4938817
1725281123.5260181
1725281123.541775
1725281123.5440762
1725281123.5591292
1725281123.5974357
1725281123.6193085
1725281123.626163
1725281123.6472104
1725281123.658628
1725281123.673023
1725281123.688966
1725281123.71506
1725281123.7406461
1725281123.7583354
1725281123.771991
1725281123.7843332
1725281123.8179874
1725281123.8565173
1725281123.873306
